candidate_id,role,label,type,rows
C0001,A_fit,0,normal,5486
C0001,A_fit,1,backdoor,0
C0001,A_fit,1,ddos,0
C0001,A_fit,1,dos,0
C0001,A_fit,1,injection,0
C0001,A_fit,1,mitm,0
C0001,A_fit,1,password,0
C0001,A_fit,1,ransomware,0
C0001,A_fit,1,scanning,0
C0001,A_fit,1,xss,0
C0001,A_cal,0,normal,16628
C0001,A_cal,1,backdoor,0
C0001,A_cal,1,ddos,0
C0001,A_cal,1,dos,0
C0001,A_cal,1,injection,0
C0001,A_cal,1,mitm,0
C0001,A_cal,1,password,0
C0001,A_cal,1,ransomware,0
C0001,A_cal,1,scanning,0
C0001,A_cal,1,xss,0
C0001,B_fit_added,0,normal,21231
C0001,B_fit_added,1,backdoor,0
C0001,B_fit_added,1,ddos,0
C0001,B_fit_added,1,dos,0
C0001,B_fit_added,1,injection,0
C0001,B_fit_added,1,mitm,0
C0001,B_fit_added,1,password,0
C0001,B_fit_added,1,ransomware,0
C0001,B_fit_added,1,scanning,0
C0001,B_fit_added,1,xss,0
C0001,B_fit,0,normal,26717
C0001,B_fit,1,backdoor,0
C0001,B_fit,1,ddos,0
C0001,B_fit,1,dos,0
C0001,B_fit,1,injection,0
C0001,B_fit,1,mitm,0
C0001,B_fit,1,password,0
C0001,B_fit,1,ransomware,0
C0001,B_fit,1,scanning,0
C0001,B_fit,1,xss,0
C0001,B_cal,0,normal,32112
C0001,B_cal,1,backdoor,0
C0001,B_cal,1,ddos,0
C0001,B_cal,1,dos,0
C0001,B_cal,1,injection,0
C0001,B_cal,1,mitm,0
C0001,B_cal,1,password,0
C0001,B_cal,1,ransomware,0
C0001,B_cal,1,scanning,0
C0001,B_cal,1,xss,0
C0001,common_test,0,normal,720054
C0001,common_test,1,backdoor,508116
C0001,common_test,1,ddos,6165008
C0001,common_test,1,dos,3375328
C0001,common_test,1,injection,452659
C0001,common_test,1,mitm,1052
C0001,common_test,1,password,1718568
C0001,common_test,1,ransomware,72805
C0001,common_test,1,scanning,7140161
C0001,common_test,1,xss,2108944
C0002,A_fit,0,normal,22114
C0002,A_fit,1,backdoor,0
C0002,A_fit,1,ddos,0
C0002,A_fit,1,dos,0
C0002,A_fit,1,injection,0
C0002,A_fit,1,mitm,0
C0002,A_fit,1,password,0
C0002,A_fit,1,ransomware,0
C0002,A_fit,1,scanning,0
C0002,A_fit,1,xss,0
C0002,A_cal,0,normal,21231
C0002,A_cal,1,backdoor,0
C0002,A_cal,1,ddos,0
C0002,A_cal,1,dos,0
C0002,A_cal,1,injection,0
C0002,A_cal,1,mitm,0
C0002,A_cal,1,password,0
C0002,A_cal,1,ransomware,0
C0002,A_cal,1,scanning,0
C0002,A_cal,1,xss,0
C0002,B_fit_added,0,normal,32112
C0002,B_fit_added,1,backdoor,0
C0002,B_fit_added,1,ddos,0
C0002,B_fit_added,1,dos,0
C0002,B_fit_added,1,injection,0
C0002,B_fit_added,1,mitm,0
C0002,B_fit_added,1,password,0
C0002,B_fit_added,1,ransomware,0
C0002,B_fit_added,1,scanning,0
C0002,B_fit_added,1,xss,0
C0002,B_fit,0,normal,54226
C0002,B_fit,1,backdoor,0
C0002,B_fit,1,ddos,0
C0002,B_fit,1,dos,0
C0002,B_fit,1,injection,0
C0002,B_fit,1,mitm,0
C0002,B_fit,1,password,0
C0002,B_fit,1,ransomware,0
C0002,B_fit,1,scanning,0
C0002,B_fit,1,xss,0
C0002,B_cal,0,normal,37355
C0002,B_cal,1,backdoor,0
C0002,B_cal,1,ddos,0
C0002,B_cal,1,dos,0
C0002,B_cal,1,injection,0
C0002,B_cal,1,mitm,0
C0002,B_cal,1,password,0
C0002,B_cal,1,ransomware,0
C0002,B_cal,1,scanning,0
C0002,B_cal,1,xss,0
C0002,common_test,0,normal,682699
C0002,common_test,1,backdoor,508116
C0002,common_test,1,ddos,6165008
C0002,common_test,1,dos,3375328
C0002,common_test,1,injection,452659
C0002,common_test,1,mitm,1052
C0002,common_test,1,password,1718568
C0002,common_test,1,ransomware,72805
C0002,common_test,1,scanning,7140161
C0002,common_test,1,xss,2108944
C0003,A_fit,0,normal,43345
C0003,A_fit,1,backdoor,0
C0003,A_fit,1,ddos,0
C0003,A_fit,1,dos,0
C0003,A_fit,1,injection,0
C0003,A_fit,1,mitm,0
C0003,A_fit,1,password,0
C0003,A_fit,1,ransomware,0
C0003,A_fit,1,scanning,0
C0003,A_fit,1,xss,0
C0003,A_cal,0,normal,32112
C0003,A_cal,1,backdoor,0
C0003,A_cal,1,ddos,0
C0003,A_cal,1,dos,0
C0003,A_cal,1,injection,0
C0003,A_cal,1,mitm,0
C0003,A_cal,1,password,0
C0003,A_cal,1,ransomware,0
C0003,A_cal,1,scanning,0
C0003,A_cal,1,xss,0
C0003,B_fit_added,0,normal,37355
C0003,B_fit_added,1,backdoor,0
C0003,B_fit_added,1,ddos,0
C0003,B_fit_added,1,dos,0
C0003,B_fit_added,1,injection,0
C0003,B_fit_added,1,mitm,0
C0003,B_fit_added,1,password,0
C0003,B_fit_added,1,ransomware,0
C0003,B_fit_added,1,scanning,0
C0003,B_fit_added,1,xss,0
C0003,B_fit,0,normal,80700
C0003,B_fit,1,backdoor,0
C0003,B_fit,1,ddos,0
C0003,B_fit,1,dos,0
C0003,B_fit,1,injection,0
C0003,B_fit,1,mitm,0
C0003,B_fit,1,password,0
C0003,B_fit,1,ransomware,0
C0003,B_fit,1,scanning,0
C0003,B_fit,1,xss,0
C0003,B_cal,0,normal,27338
C0003,B_cal,1,backdoor,0
C0003,B_cal,1,ddos,0
C0003,B_cal,1,dos,0
C0003,B_cal,1,injection,0
C0003,B_cal,1,mitm,0
C0003,B_cal,1,password,0
C0003,B_cal,1,ransomware,0
C0003,B_cal,1,scanning,0
C0003,B_cal,1,xss,0
C0003,common_test,0,normal,655361
C0003,common_test,1,backdoor,508116
C0003,common_test,1,ddos,6165008
C0003,common_test,1,dos,3375328
C0003,common_test,1,injection,452659
C0003,common_test,1,mitm,1052
C0003,common_test,1,password,1718568
C0003,common_test,1,ransomware,72805
C0003,common_test,1,scanning,7140161
C0003,common_test,1,xss,2108944
C0004,A_fit,0,normal,75457
C0004,A_fit,1,backdoor,0
C0004,A_fit,1,ddos,0
C0004,A_fit,1,dos,0
C0004,A_fit,1,injection,0
C0004,A_fit,1,mitm,0
C0004,A_fit,1,password,0
C0004,A_fit,1,ransomware,0
C0004,A_fit,1,scanning,0
C0004,A_fit,1,xss,0
C0004,A_cal,0,normal,37355
C0004,A_cal,1,backdoor,0
C0004,A_cal,1,ddos,0
C0004,A_cal,1,dos,0
C0004,A_cal,1,injection,0
C0004,A_cal,1,mitm,0
C0004,A_cal,1,password,0
C0004,A_cal,1,ransomware,0
C0004,A_cal,1,scanning,0
C0004,A_cal,1,xss,0
C0004,B_fit_added,0,normal,27338
C0004,B_fit_added,1,backdoor,0
C0004,B_fit_added,1,ddos,0
C0004,B_fit_added,1,dos,0
C0004,B_fit_added,1,injection,0
C0004,B_fit_added,1,mitm,0
C0004,B_fit_added,1,password,0
C0004,B_fit_added,1,ransomware,0
C0004,B_fit_added,1,scanning,0
C0004,B_fit_added,1,xss,0
C0004,B_fit,0,normal,102795
C0004,B_fit,1,backdoor,0
C0004,B_fit,1,ddos,0
C0004,B_fit,1,dos,0
C0004,B_fit,1,injection,0
C0004,B_fit,1,mitm,0
C0004,B_fit,1,password,0
C0004,B_fit,1,ransomware,0
C0004,B_fit,1,scanning,0
C0004,B_fit,1,xss,0
C0004,B_cal,0,normal,25050
C0004,B_cal,1,backdoor,0
C0004,B_cal,1,ddos,0
C0004,B_cal,1,dos,0
C0004,B_cal,1,injection,0
C0004,B_cal,1,mitm,0
C0004,B_cal,1,password,0
C0004,B_cal,1,ransomware,0
C0004,B_cal,1,scanning,0
C0004,B_cal,1,xss,0
C0004,common_test,0,normal,630311
C0004,common_test,1,backdoor,508116
C0004,common_test,1,ddos,6165008
C0004,common_test,1,dos,3375328
C0004,common_test,1,injection,452659
C0004,common_test,1,mitm,1052
C0004,common_test,1,password,1718568
C0004,common_test,1,ransomware,72805
C0004,common_test,1,scanning,7140161
C0004,common_test,1,xss,2108944
C0005,A_fit,0,normal,112812
C0005,A_fit,1,backdoor,0
C0005,A_fit,1,ddos,0
C0005,A_fit,1,dos,0
C0005,A_fit,1,injection,0
C0005,A_fit,1,mitm,0
C0005,A_fit,1,password,0
C0005,A_fit,1,ransomware,0
C0005,A_fit,1,scanning,0
C0005,A_fit,1,xss,0
C0005,A_cal,0,normal,27338
C0005,A_cal,1,backdoor,0
C0005,A_cal,1,ddos,0
C0005,A_cal,1,dos,0
C0005,A_cal,1,injection,0
C0005,A_cal,1,mitm,0
C0005,A_cal,1,password,0
C0005,A_cal,1,ransomware,0
C0005,A_cal,1,scanning,0
C0005,A_cal,1,xss,0
C0005,B_fit_added,0,normal,25050
C0005,B_fit_added,1,backdoor,0
C0005,B_fit_added,1,ddos,0
C0005,B_fit_added,1,dos,0
C0005,B_fit_added,1,injection,0
C0005,B_fit_added,1,mitm,0
C0005,B_fit_added,1,password,0
C0005,B_fit_added,1,ransomware,0
C0005,B_fit_added,1,scanning,0
C0005,B_fit_added,1,xss,0
C0005,B_fit,0,normal,137862
C0005,B_fit,1,backdoor,0
C0005,B_fit,1,ddos,0
C0005,B_fit,1,dos,0
C0005,B_fit,1,injection,0
C0005,B_fit,1,mitm,0
C0005,B_fit,1,password,0
C0005,B_fit,1,ransomware,0
C0005,B_fit,1,scanning,0
C0005,B_fit,1,xss,0
C0005,B_cal,0,normal,25587
C0005,B_cal,1,backdoor,0
C0005,B_cal,1,ddos,0
C0005,B_cal,1,dos,0
C0005,B_cal,1,injection,0
C0005,B_cal,1,mitm,0
C0005,B_cal,1,password,0
C0005,B_cal,1,ransomware,0
C0005,B_cal,1,scanning,0
C0005,B_cal,1,xss,0
C0005,common_test,0,normal,604724
C0005,common_test,1,backdoor,508116
C0005,common_test,1,ddos,6165008
C0005,common_test,1,dos,3375328
C0005,common_test,1,injection,452659
C0005,common_test,1,mitm,1052
C0005,common_test,1,password,1718568
C0005,common_test,1,ransomware,72805
C0005,common_test,1,scanning,7140161
C0005,common_test,1,xss,2108944
C0006,A_fit,0,normal,140150
C0006,A_fit,1,backdoor,0
C0006,A_fit,1,ddos,0
C0006,A_fit,1,dos,0
C0006,A_fit,1,injection,0
C0006,A_fit,1,mitm,0
C0006,A_fit,1,password,0
C0006,A_fit,1,ransomware,0
C0006,A_fit,1,scanning,0
C0006,A_fit,1,xss,0
C0006,A_cal,0,normal,25050
C0006,A_cal,1,backdoor,0
C0006,A_cal,1,ddos,0
C0006,A_cal,1,dos,0
C0006,A_cal,1,injection,0
C0006,A_cal,1,mitm,0
C0006,A_cal,1,password,0
C0006,A_cal,1,ransomware,0
C0006,A_cal,1,scanning,0
C0006,A_cal,1,xss,0
C0006,B_fit_added,0,normal,25587
C0006,B_fit_added,1,backdoor,0
C0006,B_fit_added,1,ddos,0
C0006,B_fit_added,1,dos,0
C0006,B_fit_added,1,injection,0
C0006,B_fit_added,1,mitm,0
C0006,B_fit_added,1,password,0
C0006,B_fit_added,1,ransomware,0
C0006,B_fit_added,1,scanning,0
C0006,B_fit_added,1,xss,0
C0006,B_fit,0,normal,165737
C0006,B_fit,1,backdoor,0
C0006,B_fit,1,ddos,0
C0006,B_fit,1,dos,0
C0006,B_fit,1,injection,0
C0006,B_fit,1,mitm,0
C0006,B_fit,1,password,0
C0006,B_fit,1,ransomware,0
C0006,B_fit,1,scanning,0
C0006,B_fit,1,xss,0
C0006,B_cal,0,normal,9936
C0006,B_cal,1,backdoor,0
C0006,B_cal,1,ddos,0
C0006,B_cal,1,dos,0
C0006,B_cal,1,injection,0
C0006,B_cal,1,mitm,0
C0006,B_cal,1,password,0
C0006,B_cal,1,ransomware,0
C0006,B_cal,1,scanning,0
C0006,B_cal,1,xss,0
C0006,common_test,0,normal,594788
C0006,common_test,1,backdoor,508116
C0006,common_test,1,ddos,6165008
C0006,common_test,1,dos,3375328
C0006,common_test,1,injection,452659
C0006,common_test,1,mitm,1052
C0006,common_test,1,password,1718568
C0006,common_test,1,ransomware,72805
C0006,common_test,1,scanning,7140161
C0006,common_test,1,xss,2108944
C0007,A_fit,0,normal,165200
C0007,A_fit,1,backdoor,0
C0007,A_fit,1,ddos,0
C0007,A_fit,1,dos,0
C0007,A_fit,1,injection,0
C0007,A_fit,1,mitm,0
C0007,A_fit,1,password,0
C0007,A_fit,1,ransomware,0
C0007,A_fit,1,scanning,0
C0007,A_fit,1,xss,0
C0007,A_cal,0,normal,25587
C0007,A_cal,1,backdoor,0
C0007,A_cal,1,ddos,0
C0007,A_cal,1,dos,0
C0007,A_cal,1,injection,0
C0007,A_cal,1,mitm,0
C0007,A_cal,1,password,0
C0007,A_cal,1,ransomware,0
C0007,A_cal,1,scanning,0
C0007,A_cal,1,xss,0
C0007,B_fit_added,0,normal,9936
C0007,B_fit_added,1,backdoor,0
C0007,B_fit_added,1,ddos,0
C0007,B_fit_added,1,dos,0
C0007,B_fit_added,1,injection,0
C0007,B_fit_added,1,mitm,0
C0007,B_fit_added,1,password,0
C0007,B_fit_added,1,ransomware,0
C0007,B_fit_added,1,scanning,0
C0007,B_fit_added,1,xss,0
C0007,B_fit,0,normal,175136
C0007,B_fit,1,backdoor,0
C0007,B_fit,1,ddos,0
C0007,B_fit,1,dos,0
C0007,B_fit,1,injection,0
C0007,B_fit,1,mitm,0
C0007,B_fit,1,password,0
C0007,B_fit,1,ransomware,0
C0007,B_fit,1,scanning,0
C0007,B_fit,1,xss,0
C0007,B_cal,0,normal,0
C0007,B_cal,1,backdoor,0
C0007,B_cal,1,ddos,0
C0007,B_cal,1,dos,0
C0007,B_cal,1,injection,0
C0007,B_cal,1,mitm,0
C0007,B_cal,1,password,0
C0007,B_cal,1,ransomware,0
C0007,B_cal,1,scanning,0
C0007,B_cal,1,xss,0
C0007,common_test,0,normal,594788
C0007,common_test,1,backdoor,508116
C0007,common_test,1,ddos,6165008
C0007,common_test,1,dos,3375328
C0007,common_test,1,injection,452659
C0007,common_test,1,mitm,1052
C0007,common_test,1,password,1718568
C0007,common_test,1,ransomware,72805
C0007,common_test,1,scanning,7140161
C0007,common_test,1,xss,2108944
C0008,A_fit,0,normal,190787
C0008,A_fit,1,backdoor,0
C0008,A_fit,1,ddos,0
C0008,A_fit,1,dos,0
C0008,A_fit,1,injection,0
C0008,A_fit,1,mitm,0
C0008,A_fit,1,password,0
C0008,A_fit,1,ransomware,0
C0008,A_fit,1,scanning,0
C0008,A_fit,1,xss,0
C0008,A_cal,0,normal,9936
C0008,A_cal,1,backdoor,0
C0008,A_cal,1,ddos,0
C0008,A_cal,1,dos,0
C0008,A_cal,1,injection,0
C0008,A_cal,1,mitm,0
C0008,A_cal,1,password,0
C0008,A_cal,1,ransomware,0
C0008,A_cal,1,scanning,0
C0008,A_cal,1,xss,0
C0008,B_fit_added,0,normal,0
C0008,B_fit_added,1,backdoor,0
C0008,B_fit_added,1,ddos,0
C0008,B_fit_added,1,dos,0
C0008,B_fit_added,1,injection,0
C0008,B_fit_added,1,mitm,0
C0008,B_fit_added,1,password,0
C0008,B_fit_added,1,ransomware,0
C0008,B_fit_added,1,scanning,0
C0008,B_fit_added,1,xss,0
C0008,B_fit,0,normal,190787
C0008,B_fit,1,backdoor,0
C0008,B_fit,1,ddos,0
C0008,B_fit,1,dos,0
C0008,B_fit,1,injection,0
C0008,B_fit,1,mitm,0
C0008,B_fit,1,password,0
C0008,B_fit,1,ransomware,0
C0008,B_fit,1,scanning,0
C0008,B_fit,1,xss,0
C0008,B_cal,0,normal,0
C0008,B_cal,1,backdoor,0
C0008,B_cal,1,ddos,0
C0008,B_cal,1,dos,0
C0008,B_cal,1,injection,0
C0008,B_cal,1,mitm,0
C0008,B_cal,1,password,0
C0008,B_cal,1,ransomware,0
C0008,B_cal,1,scanning,0
C0008,B_cal,1,xss,0
C0008,common_test,0,normal,594788
C0008,common_test,1,backdoor,508116
C0008,common_test,1,ddos,6165008
C0008,common_test,1,dos,3375328
C0008,common_test,1,injection,452659
C0008,common_test,1,mitm,1052
C0008,common_test,1,password,1718568
C0008,common_test,1,ransomware,72805
C0008,common_test,1,scanning,7140161
C0008,common_test,1,xss,2108944
C0009,A_fit,0,normal,200723
C0009,A_fit,1,backdoor,0
C0009,A_fit,1,ddos,0
C0009,A_fit,1,dos,0
C0009,A_fit,1,injection,0
C0009,A_fit,1,mitm,0
C0009,A_fit,1,password,0
C0009,A_fit,1,ransomware,0
C0009,A_fit,1,scanning,0
C0009,A_fit,1,xss,0
C0009,A_cal,0,normal,0
C0009,A_cal,1,backdoor,0
C0009,A_cal,1,ddos,0
C0009,A_cal,1,dos,0
C0009,A_cal,1,injection,0
C0009,A_cal,1,mitm,0
C0009,A_cal,1,password,0
C0009,A_cal,1,ransomware,0
C0009,A_cal,1,scanning,0
C0009,A_cal,1,xss,0
C0009,B_fit_added,0,normal,0
C0009,B_fit_added,1,backdoor,0
C0009,B_fit_added,1,ddos,0
C0009,B_fit_added,1,dos,0
C0009,B_fit_added,1,injection,0
C0009,B_fit_added,1,mitm,0
C0009,B_fit_added,1,password,0
C0009,B_fit_added,1,ransomware,0
C0009,B_fit_added,1,scanning,0
C0009,B_fit_added,1,xss,0
C0009,B_fit,0,normal,200723
C0009,B_fit,1,backdoor,0
C0009,B_fit,1,ddos,0
C0009,B_fit,1,dos,0
C0009,B_fit,1,injection,0
C0009,B_fit,1,mitm,0
C0009,B_fit,1,password,0
C0009,B_fit,1,ransomware,0
C0009,B_fit,1,scanning,0
C0009,B_fit,1,xss,0
C0009,B_cal,0,normal,0
C0009,B_cal,1,backdoor,0
C0009,B_cal,1,ddos,0
C0009,B_cal,1,dos,0
C0009,B_cal,1,injection,0
C0009,B_cal,1,mitm,0
C0009,B_cal,1,password,0
C0009,B_cal,1,ransomware,0
C0009,B_cal,1,scanning,0
C0009,B_cal,1,xss,0
C0009,common_test,0,normal,594788
C0009,common_test,1,backdoor,508116
C0009,common_test,1,ddos,6165008
C0009,common_test,1,dos,3375328
C0009,common_test,1,injection,452659
C0009,common_test,1,mitm,1052
C0009,common_test,1,password,1718568
C0009,common_test,1,ransomware,72805
C0009,common_test,1,scanning,7140161
C0009,common_test,1,xss,2108944
C0010,A_fit,0,normal,223199
C0010,A_fit,1,backdoor,0
C0010,A_fit,1,ddos,0
C0010,A_fit,1,dos,0
C0010,A_fit,1,injection,0
C0010,A_fit,1,mitm,0
C0010,A_fit,1,password,0
C0010,A_fit,1,ransomware,0
C0010,A_fit,1,scanning,3733109
C0010,A_fit,1,xss,0
C0010,A_cal,0,normal,0
C0010,A_cal,1,backdoor,0
C0010,A_cal,1,ddos,0
C0010,A_cal,1,dos,0
C0010,A_cal,1,injection,0
C0010,A_cal,1,mitm,0
C0010,A_cal,1,password,0
C0010,A_cal,1,ransomware,0
C0010,A_cal,1,scanning,0
C0010,A_cal,1,xss,0
C0010,B_fit_added,0,normal,20906
C0010,B_fit_added,1,backdoor,0
C0010,B_fit_added,1,ddos,0
C0010,B_fit_added,1,dos,0
C0010,B_fit_added,1,injection,0
C0010,B_fit_added,1,mitm,0
C0010,B_fit_added,1,password,0
C0010,B_fit_added,1,ransomware,0
C0010,B_fit_added,1,scanning,2184647
C0010,B_fit_added,1,xss,0
C0010,B_fit,0,normal,244105
C0010,B_fit,1,backdoor,0
C0010,B_fit,1,ddos,0
C0010,B_fit,1,dos,0
C0010,B_fit,1,injection,0
C0010,B_fit,1,mitm,0
C0010,B_fit,1,password,0
C0010,B_fit,1,ransomware,0
C0010,B_fit,1,scanning,5917756
C0010,B_fit,1,xss,0
C0010,B_cal,0,normal,4990
C0010,B_cal,1,backdoor,0
C0010,B_cal,1,ddos,0
C0010,B_cal,1,dos,0
C0010,B_cal,1,injection,0
C0010,B_cal,1,mitm,0
C0010,B_cal,1,password,0
C0010,B_cal,1,ransomware,0
C0010,B_cal,1,scanning,1222405
C0010,B_cal,1,xss,0
C0010,common_test,0,normal,546416
C0010,common_test,1,backdoor,508116
C0010,common_test,1,ddos,6165008
C0010,common_test,1,dos,3375328
C0010,common_test,1,injection,452659
C0010,common_test,1,mitm,1052
C0010,common_test,1,password,1718568
C0010,common_test,1,ransomware,72805
C0010,common_test,1,scanning,0
C0010,common_test,1,xss,2108944
C0011,A_fit,0,normal,244105
C0011,A_fit,1,backdoor,0
C0011,A_fit,1,ddos,0
C0011,A_fit,1,dos,0
C0011,A_fit,1,injection,0
C0011,A_fit,1,mitm,0
C0011,A_fit,1,password,0
C0011,A_fit,1,ransomware,0
C0011,A_fit,1,scanning,5917756
C0011,A_fit,1,xss,0
C0011,A_cal,0,normal,4990
C0011,A_cal,1,backdoor,0
C0011,A_cal,1,ddos,0
C0011,A_cal,1,dos,0
C0011,A_cal,1,injection,0
C0011,A_cal,1,mitm,0
C0011,A_cal,1,password,0
C0011,A_cal,1,ransomware,0
C0011,A_cal,1,scanning,1222405
C0011,A_cal,1,xss,0
C0011,B_fit_added,0,normal,0
C0011,B_fit_added,1,backdoor,0
C0011,B_fit_added,1,ddos,0
C0011,B_fit_added,1,dos,0
C0011,B_fit_added,1,injection,0
C0011,B_fit_added,1,mitm,0
C0011,B_fit_added,1,password,0
C0011,B_fit_added,1,ransomware,0
C0011,B_fit_added,1,scanning,0
C0011,B_fit_added,1,xss,0
C0011,B_fit,0,normal,244105
C0011,B_fit,1,backdoor,0
C0011,B_fit,1,ddos,0
C0011,B_fit,1,dos,0
C0011,B_fit,1,injection,0
C0011,B_fit,1,mitm,0
C0011,B_fit,1,password,0
C0011,B_fit,1,ransomware,0
C0011,B_fit,1,scanning,5917756
C0011,B_fit,1,xss,0
C0011,B_cal,0,normal,63427
C0011,B_cal,1,backdoor,0
C0011,B_cal,1,ddos,0
C0011,B_cal,1,dos,2184823
C0011,B_cal,1,injection,0
C0011,B_cal,1,mitm,0
C0011,B_cal,1,password,0
C0011,B_cal,1,ransomware,0
C0011,B_cal,1,scanning,0
C0011,B_cal,1,xss,0
C0011,common_test,0,normal,482989
C0011,common_test,1,backdoor,508116
C0011,common_test,1,ddos,6165008
C0011,common_test,1,dos,1190505
C0011,common_test,1,injection,452659
C0011,common_test,1,mitm,1052
C0011,common_test,1,password,1718568
C0011,common_test,1,ransomware,72805
C0011,common_test,1,scanning,0
C0011,common_test,1,xss,2108944
C0012,A_fit,0,normal,249095
C0012,A_fit,1,backdoor,0
C0012,A_fit,1,ddos,0
C0012,A_fit,1,dos,0
C0012,A_fit,1,injection,0
C0012,A_fit,1,mitm,0
C0012,A_fit,1,password,0
C0012,A_fit,1,ransomware,0
C0012,A_fit,1,scanning,7140161
C0012,A_fit,1,xss,0
C0012,A_cal,0,normal,0
C0012,A_cal,1,backdoor,0
C0012,A_cal,1,ddos,0
C0012,A_cal,1,dos,0
C0012,A_cal,1,injection,0
C0012,A_cal,1,mitm,0
C0012,A_cal,1,password,0
C0012,A_cal,1,ransomware,0
C0012,A_cal,1,scanning,0
C0012,A_cal,1,xss,0
C0012,B_fit_added,0,normal,63427
C0012,B_fit_added,1,backdoor,0
C0012,B_fit_added,1,ddos,0
C0012,B_fit_added,1,dos,2184823
C0012,B_fit_added,1,injection,0
C0012,B_fit_added,1,mitm,0
C0012,B_fit_added,1,password,0
C0012,B_fit_added,1,ransomware,0
C0012,B_fit_added,1,scanning,0
C0012,B_fit_added,1,xss,0
C0012,B_fit,0,normal,312522
C0012,B_fit,1,backdoor,0
C0012,B_fit,1,ddos,0
C0012,B_fit,1,dos,2184823
C0012,B_fit,1,injection,0
C0012,B_fit,1,mitm,0
C0012,B_fit,1,password,0
C0012,B_fit,1,ransomware,0
C0012,B_fit,1,scanning,7140161
C0012,B_fit,1,xss,0
C0012,B_cal,0,normal,40097
C0012,B_cal,1,backdoor,0
C0012,B_cal,1,ddos,0
C0012,B_cal,1,dos,1190505
C0012,B_cal,1,injection,1375
C0012,B_cal,1,mitm,0
C0012,B_cal,1,password,0
C0012,B_cal,1,ransomware,0
C0012,B_cal,1,scanning,0
C0012,B_cal,1,xss,0
C0012,common_test,0,normal,442892
C0012,common_test,1,backdoor,508116
C0012,common_test,1,ddos,6165008
C0012,common_test,1,dos,0
C0012,common_test,1,injection,451284
C0012,common_test,1,mitm,1052
C0012,common_test,1,password,1718568
C0012,common_test,1,ransomware,72805
C0012,common_test,1,scanning,0
C0012,common_test,1,xss,2108944
C0013,A_fit,0,normal,312522
C0013,A_fit,1,backdoor,0
C0013,A_fit,1,ddos,0
C0013,A_fit,1,dos,2184823
C0013,A_fit,1,injection,0
C0013,A_fit,1,mitm,0
C0013,A_fit,1,password,0
C0013,A_fit,1,ransomware,0
C0013,A_fit,1,scanning,7140161
C0013,A_fit,1,xss,0
C0013,A_cal,0,normal,40097
C0013,A_cal,1,backdoor,0
C0013,A_cal,1,ddos,0
C0013,A_cal,1,dos,1190505
C0013,A_cal,1,injection,1375
C0013,A_cal,1,mitm,0
C0013,A_cal,1,password,0
C0013,A_cal,1,ransomware,0
C0013,A_cal,1,scanning,0
C0013,A_cal,1,xss,0
C0013,B_fit_added,0,normal,22899
C0013,B_fit_added,1,backdoor,0
C0013,B_fit_added,1,ddos,0
C0013,B_fit_added,1,dos,0
C0013,B_fit_added,1,injection,451284
C0013,B_fit_added,1,mitm,0
C0013,B_fit_added,1,password,0
C0013,B_fit_added,1,ransomware,0
C0013,B_fit_added,1,scanning,0
C0013,B_fit_added,1,xss,0
C0013,B_fit,0,normal,335421
C0013,B_fit,1,backdoor,0
C0013,B_fit,1,ddos,0
C0013,B_fit,1,dos,2184823
C0013,B_fit,1,injection,451284
C0013,B_fit,1,mitm,0
C0013,B_fit,1,password,0
C0013,B_fit,1,ransomware,0
C0013,B_fit,1,scanning,7140161
C0013,B_fit,1,xss,0
C0013,B_cal,0,normal,16642
C0013,B_cal,1,backdoor,0
C0013,B_cal,1,ddos,914522
C0013,B_cal,1,dos,0
C0013,B_cal,1,injection,0
C0013,B_cal,1,mitm,0
C0013,B_cal,1,password,0
C0013,B_cal,1,ransomware,0
C0013,B_cal,1,scanning,0
C0013,B_cal,1,xss,0
C0013,common_test,0,normal,403351
C0013,common_test,1,backdoor,508116
C0013,common_test,1,ddos,5250486
C0013,common_test,1,dos,0
C0013,common_test,1,injection,0
C0013,common_test,1,mitm,1052
C0013,common_test,1,password,1718568
C0013,common_test,1,ransomware,72805
C0013,common_test,1,scanning,0
C0013,common_test,1,xss,2108944
C0014,A_fit,0,normal,352619
C0014,A_fit,1,backdoor,0
C0014,A_fit,1,ddos,0
C0014,A_fit,1,dos,3375328
C0014,A_fit,1,injection,1375
C0014,A_fit,1,mitm,0
C0014,A_fit,1,password,0
C0014,A_fit,1,ransomware,0
C0014,A_fit,1,scanning,7140161
C0014,A_fit,1,xss,0
C0014,A_cal,0,normal,22899
C0014,A_cal,1,backdoor,0
C0014,A_cal,1,ddos,0
C0014,A_cal,1,dos,0
C0014,A_cal,1,injection,451284
C0014,A_cal,1,mitm,0
C0014,A_cal,1,password,0
C0014,A_cal,1,ransomware,0
C0014,A_cal,1,scanning,0
C0014,A_cal,1,xss,0
C0014,B_fit_added,0,normal,16642
C0014,B_fit_added,1,backdoor,0
C0014,B_fit_added,1,ddos,914522
C0014,B_fit_added,1,dos,0
C0014,B_fit_added,1,injection,0
C0014,B_fit_added,1,mitm,0
C0014,B_fit_added,1,password,0
C0014,B_fit_added,1,ransomware,0
C0014,B_fit_added,1,scanning,0
C0014,B_fit_added,1,xss,0
C0014,B_fit,0,normal,369261
C0014,B_fit,1,backdoor,0
C0014,B_fit,1,ddos,914522
C0014,B_fit,1,dos,3375328
C0014,B_fit,1,injection,1375
C0014,B_fit,1,mitm,0
C0014,B_fit,1,password,0
C0014,B_fit,1,ransomware,0
C0014,B_fit,1,scanning,7140161
C0014,B_fit,1,xss,0
C0014,B_cal,0,normal,2102
C0014,B_cal,1,backdoor,0
C0014,B_cal,1,ddos,2586944
C0014,B_cal,1,dos,0
C0014,B_cal,1,injection,0
C0014,B_cal,1,mitm,0
C0014,B_cal,1,password,0
C0014,B_cal,1,ransomware,0
C0014,B_cal,1,scanning,0
C0014,B_cal,1,xss,0
C0014,common_test,0,normal,401249
C0014,common_test,1,backdoor,508116
C0014,common_test,1,ddos,2663542
C0014,common_test,1,dos,0
C0014,common_test,1,injection,0
C0014,common_test,1,mitm,1052
C0014,common_test,1,password,1718568
C0014,common_test,1,ransomware,72805
C0014,common_test,1,scanning,0
C0014,common_test,1,xss,2108944
C0015,A_fit,0,normal,375518
C0015,A_fit,1,backdoor,0
C0015,A_fit,1,ddos,0
C0015,A_fit,1,dos,3375328
C0015,A_fit,1,injection,452659
C0015,A_fit,1,mitm,0
C0015,A_fit,1,password,0
C0015,A_fit,1,ransomware,0
C0015,A_fit,1,scanning,7140161
C0015,A_fit,1,xss,0
C0015,A_cal,0,normal,16642
C0015,A_cal,1,backdoor,0
C0015,A_cal,1,ddos,914522
C0015,A_cal,1,dos,0
C0015,A_cal,1,injection,0
C0015,A_cal,1,mitm,0
C0015,A_cal,1,password,0
C0015,A_cal,1,ransomware,0
C0015,A_cal,1,scanning,0
C0015,A_cal,1,xss,0
C0015,B_fit_added,0,normal,2102
C0015,B_fit_added,1,backdoor,0
C0015,B_fit_added,1,ddos,2586944
C0015,B_fit_added,1,dos,0
C0015,B_fit_added,1,injection,0
C0015,B_fit_added,1,mitm,0
C0015,B_fit_added,1,password,0
C0015,B_fit_added,1,ransomware,0
C0015,B_fit_added,1,scanning,0
C0015,B_fit_added,1,xss,0
C0015,B_fit,0,normal,377620
C0015,B_fit,1,backdoor,0
C0015,B_fit,1,ddos,2586944
C0015,B_fit,1,dos,3375328
C0015,B_fit,1,injection,452659
C0015,B_fit,1,mitm,0
C0015,B_fit,1,password,0
C0015,B_fit,1,ransomware,0
C0015,B_fit,1,scanning,7140161
C0015,B_fit,1,xss,0
C0015,B_cal,0,normal,36433
C0015,B_cal,1,backdoor,0
C0015,B_cal,1,ddos,2250397
C0015,B_cal,1,dos,0
C0015,B_cal,1,injection,0
C0015,B_cal,1,mitm,0
C0015,B_cal,1,password,0
C0015,B_cal,1,ransomware,0
C0015,B_cal,1,scanning,0
C0015,B_cal,1,xss,0
C0015,common_test,0,normal,364816
C0015,common_test,1,backdoor,508116
C0015,common_test,1,ddos,413145
C0015,common_test,1,dos,0
C0015,common_test,1,injection,0
C0015,common_test,1,mitm,1052
C0015,common_test,1,password,1718568
C0015,common_test,1,ransomware,72805
C0015,common_test,1,scanning,0
C0015,common_test,1,xss,2108944
C0016,A_fit,0,normal,392160
C0016,A_fit,1,backdoor,0
C0016,A_fit,1,ddos,914522
C0016,A_fit,1,dos,3375328
C0016,A_fit,1,injection,452659
C0016,A_fit,1,mitm,0
C0016,A_fit,1,password,0
C0016,A_fit,1,ransomware,0
C0016,A_fit,1,scanning,7140161
C0016,A_fit,1,xss,0
C0016,A_cal,0,normal,2102
C0016,A_cal,1,backdoor,0
C0016,A_cal,1,ddos,2586944
C0016,A_cal,1,dos,0
C0016,A_cal,1,injection,0
C0016,A_cal,1,mitm,0
C0016,A_cal,1,password,0
C0016,A_cal,1,ransomware,0
C0016,A_cal,1,scanning,0
C0016,A_cal,1,xss,0
C0016,B_fit_added,0,normal,36433
C0016,B_fit_added,1,backdoor,0
C0016,B_fit_added,1,ddos,2250397
C0016,B_fit_added,1,dos,0
C0016,B_fit_added,1,injection,0
C0016,B_fit_added,1,mitm,0
C0016,B_fit_added,1,password,0
C0016,B_fit_added,1,ransomware,0
C0016,B_fit_added,1,scanning,0
C0016,B_fit_added,1,xss,0
C0016,B_fit,0,normal,428593
C0016,B_fit,1,backdoor,0
C0016,B_fit,1,ddos,3164919
C0016,B_fit,1,dos,3375328
C0016,B_fit,1,injection,452659
C0016,B_fit,1,mitm,0
C0016,B_fit,1,password,0
C0016,B_fit,1,ransomware,0
C0016,B_fit,1,scanning,7140161
C0016,B_fit,1,xss,0
C0016,B_cal,0,normal,35188
C0016,B_cal,1,backdoor,0
C0016,B_cal,1,ddos,413145
C0016,B_cal,1,dos,0
C0016,B_cal,1,injection,0
C0016,B_cal,1,mitm,0
C0016,B_cal,1,password,0
C0016,B_cal,1,ransomware,0
C0016,B_cal,1,scanning,0
C0016,B_cal,1,xss,0
C0016,common_test,0,normal,329628
C0016,common_test,1,backdoor,508116
C0016,common_test,1,ddos,0
C0016,common_test,1,dos,0
C0016,common_test,1,injection,0
C0016,common_test,1,mitm,1052
C0016,common_test,1,password,1718568
C0016,common_test,1,ransomware,72805
C0016,common_test,1,scanning,0
C0016,common_test,1,xss,2108944
C0017,A_fit,0,normal,394262
C0017,A_fit,1,backdoor,0
C0017,A_fit,1,ddos,3501466
C0017,A_fit,1,dos,3375328
C0017,A_fit,1,injection,452659
C0017,A_fit,1,mitm,0
C0017,A_fit,1,password,0
C0017,A_fit,1,ransomware,0
C0017,A_fit,1,scanning,7140161
C0017,A_fit,1,xss,0
C0017,A_cal,0,normal,36433
C0017,A_cal,1,backdoor,0
C0017,A_cal,1,ddos,2250397
C0017,A_cal,1,dos,0
C0017,A_cal,1,injection,0
C0017,A_cal,1,mitm,0
C0017,A_cal,1,password,0
C0017,A_cal,1,ransomware,0
C0017,A_cal,1,scanning,0
C0017,A_cal,1,xss,0
C0017,B_fit_added,0,normal,35188
C0017,B_fit_added,1,backdoor,0
C0017,B_fit_added,1,ddos,413145
C0017,B_fit_added,1,dos,0
C0017,B_fit_added,1,injection,0
C0017,B_fit_added,1,mitm,0
C0017,B_fit_added,1,password,0
C0017,B_fit_added,1,ransomware,0
C0017,B_fit_added,1,scanning,0
C0017,B_fit_added,1,xss,0
C0017,B_fit,0,normal,429450
C0017,B_fit,1,backdoor,0
C0017,B_fit,1,ddos,3914611
C0017,B_fit,1,dos,3375328
C0017,B_fit,1,injection,452659
C0017,B_fit,1,mitm,0
C0017,B_fit,1,password,0
C0017,B_fit,1,ransomware,0
C0017,B_fit,1,scanning,7140161
C0017,B_fit,1,xss,0
C0017,B_cal,0,normal,13740
C0017,B_cal,1,backdoor,0
C0017,B_cal,1,ddos,0
C0017,B_cal,1,dos,0
C0017,B_cal,1,injection,0
C0017,B_cal,1,mitm,0
C0017,B_cal,1,password,399452
C0017,B_cal,1,ransomware,0
C0017,B_cal,1,scanning,0
C0017,B_cal,1,xss,0
C0017,common_test,0,normal,315888
C0017,common_test,1,backdoor,508116
C0017,common_test,1,ddos,0
C0017,common_test,1,dos,0
C0017,common_test,1,injection,0
C0017,common_test,1,mitm,1052
C0017,common_test,1,password,1319116
C0017,common_test,1,ransomware,72805
C0017,common_test,1,scanning,0
C0017,common_test,1,xss,2108944
C0018,A_fit,0,normal,430695
C0018,A_fit,1,backdoor,0
C0018,A_fit,1,ddos,5751863
C0018,A_fit,1,dos,3375328
C0018,A_fit,1,injection,452659
C0018,A_fit,1,mitm,0
C0018,A_fit,1,password,0
C0018,A_fit,1,ransomware,0
C0018,A_fit,1,scanning,7140161
C0018,A_fit,1,xss,0
C0018,A_cal,0,normal,35188
C0018,A_cal,1,backdoor,0
C0018,A_cal,1,ddos,413145
C0018,A_cal,1,dos,0
C0018,A_cal,1,injection,0
C0018,A_cal,1,mitm,0
C0018,A_cal,1,password,0
C0018,A_cal,1,ransomware,0
C0018,A_cal,1,scanning,0
C0018,A_cal,1,xss,0
C0018,B_fit_added,0,normal,13740
C0018,B_fit_added,1,backdoor,0
C0018,B_fit_added,1,ddos,0
C0018,B_fit_added,1,dos,0
C0018,B_fit_added,1,injection,0
C0018,B_fit_added,1,mitm,0
C0018,B_fit_added,1,password,399452
C0018,B_fit_added,1,ransomware,0
C0018,B_fit_added,1,scanning,0
C0018,B_fit_added,1,xss,0
C0018,B_fit,0,normal,444435
C0018,B_fit,1,backdoor,0
C0018,B_fit,1,ddos,5751863
C0018,B_fit,1,dos,3375328
C0018,B_fit,1,injection,452659
C0018,B_fit,1,mitm,0
C0018,B_fit,1,password,399452
C0018,B_fit,1,ransomware,0
C0018,B_fit,1,scanning,7140161
C0018,B_fit,1,xss,0
C0018,B_cal,0,normal,6215
C0018,B_cal,1,backdoor,0
C0018,B_cal,1,ddos,0
C0018,B_cal,1,dos,0
C0018,B_cal,1,injection,0
C0018,B_cal,1,mitm,0
C0018,B_cal,1,password,769733
C0018,B_cal,1,ransomware,0
C0018,B_cal,1,scanning,0
C0018,B_cal,1,xss,0
C0018,common_test,0,normal,309673
C0018,common_test,1,backdoor,508116
C0018,common_test,1,ddos,0
C0018,common_test,1,dos,0
C0018,common_test,1,injection,0
C0018,common_test,1,mitm,1052
C0018,common_test,1,password,549383
C0018,common_test,1,ransomware,72805
C0018,common_test,1,scanning,0
C0018,common_test,1,xss,2108944
C0019,A_fit,0,normal,465883
C0019,A_fit,1,backdoor,0
C0019,A_fit,1,ddos,6165008
C0019,A_fit,1,dos,3375328
C0019,A_fit,1,injection,452659
C0019,A_fit,1,mitm,0
C0019,A_fit,1,password,0
C0019,A_fit,1,ransomware,0
C0019,A_fit,1,scanning,7140161
C0019,A_fit,1,xss,0
C0019,A_cal,0,normal,13740
C0019,A_cal,1,backdoor,0
C0019,A_cal,1,ddos,0
C0019,A_cal,1,dos,0
C0019,A_cal,1,injection,0
C0019,A_cal,1,mitm,0
C0019,A_cal,1,password,399452
C0019,A_cal,1,ransomware,0
C0019,A_cal,1,scanning,0
C0019,A_cal,1,xss,0
C0019,B_fit_added,0,normal,6215
C0019,B_fit_added,1,backdoor,0
C0019,B_fit_added,1,ddos,0
C0019,B_fit_added,1,dos,0
C0019,B_fit_added,1,injection,0
C0019,B_fit_added,1,mitm,0
C0019,B_fit_added,1,password,769733
C0019,B_fit_added,1,ransomware,0
C0019,B_fit_added,1,scanning,0
C0019,B_fit_added,1,xss,0
C0019,B_fit,0,normal,472098
C0019,B_fit,1,backdoor,0
C0019,B_fit,1,ddos,6165008
C0019,B_fit,1,dos,3375328
C0019,B_fit,1,injection,452659
C0019,B_fit,1,mitm,0
C0019,B_fit,1,password,769733
C0019,B_fit,1,ransomware,0
C0019,B_fit,1,scanning,7140161
C0019,B_fit,1,xss,0
C0019,B_cal,0,normal,22563
C0019,B_cal,1,backdoor,0
C0019,B_cal,1,ddos,0
C0019,B_cal,1,dos,0
C0019,B_cal,1,injection,0
C0019,B_cal,1,mitm,0
C0019,B_cal,1,password,549383
C0019,B_cal,1,ransomware,0
C0019,B_cal,1,scanning,0
C0019,B_cal,1,xss,284800
C0019,common_test,0,normal,287110
C0019,common_test,1,backdoor,508116
C0019,common_test,1,ddos,0
C0019,common_test,1,dos,0
C0019,common_test,1,injection,0
C0019,common_test,1,mitm,1052
C0019,common_test,1,password,0
C0019,common_test,1,ransomware,72805
C0019,common_test,1,scanning,0
C0019,common_test,1,xss,1824144
C0020,A_fit,0,normal,479623
C0020,A_fit,1,backdoor,0
C0020,A_fit,1,ddos,6165008
C0020,A_fit,1,dos,3375328
C0020,A_fit,1,injection,452659
C0020,A_fit,1,mitm,0
C0020,A_fit,1,password,399452
C0020,A_fit,1,ransomware,0
C0020,A_fit,1,scanning,7140161
C0020,A_fit,1,xss,0
C0020,A_cal,0,normal,6215
C0020,A_cal,1,backdoor,0
C0020,A_cal,1,ddos,0
C0020,A_cal,1,dos,0
C0020,A_cal,1,injection,0
C0020,A_cal,1,mitm,0
C0020,A_cal,1,password,769733
C0020,A_cal,1,ransomware,0
C0020,A_cal,1,scanning,0
C0020,A_cal,1,xss,0
C0020,B_fit_added,0,normal,22563
C0020,B_fit_added,1,backdoor,0
C0020,B_fit_added,1,ddos,0
C0020,B_fit_added,1,dos,0
C0020,B_fit_added,1,injection,0
C0020,B_fit_added,1,mitm,0
C0020,B_fit_added,1,password,549383
C0020,B_fit_added,1,ransomware,0
C0020,B_fit_added,1,scanning,0
C0020,B_fit_added,1,xss,284800
C0020,B_fit,0,normal,502186
C0020,B_fit,1,backdoor,0
C0020,B_fit,1,ddos,6165008
C0020,B_fit,1,dos,3375328
C0020,B_fit,1,injection,452659
C0020,B_fit,1,mitm,0
C0020,B_fit,1,password,948835
C0020,B_fit,1,ransomware,0
C0020,B_fit,1,scanning,7140161
C0020,B_fit,1,xss,284800
C0020,B_cal,0,normal,23095
C0020,B_cal,1,backdoor,0
C0020,B_cal,1,ddos,0
C0020,B_cal,1,dos,0
C0020,B_cal,1,injection,0
C0020,B_cal,1,mitm,0
C0020,B_cal,1,password,0
C0020,B_cal,1,ransomware,0
C0020,B_cal,1,scanning,0
C0020,B_cal,1,xss,1614784
C0020,common_test,0,normal,264015
C0020,common_test,1,backdoor,508116
C0020,common_test,1,ddos,0
C0020,common_test,1,dos,0
C0020,common_test,1,injection,0
C0020,common_test,1,mitm,1052
C0020,common_test,1,password,0
C0020,common_test,1,ransomware,72805
C0020,common_test,1,scanning,0
C0020,common_test,1,xss,209360
C0021,A_fit,0,normal,485838
C0021,A_fit,1,backdoor,0
C0021,A_fit,1,ddos,6165008
C0021,A_fit,1,dos,3375328
C0021,A_fit,1,injection,452659
C0021,A_fit,1,mitm,0
C0021,A_fit,1,password,1169185
C0021,A_fit,1,ransomware,0
C0021,A_fit,1,scanning,7140161
C0021,A_fit,1,xss,0
C0021,A_cal,0,normal,22563
C0021,A_cal,1,backdoor,0
C0021,A_cal,1,ddos,0
C0021,A_cal,1,dos,0
C0021,A_cal,1,injection,0
C0021,A_cal,1,mitm,0
C0021,A_cal,1,password,549383
C0021,A_cal,1,ransomware,0
C0021,A_cal,1,scanning,0
C0021,A_cal,1,xss,284800
C0021,B_fit_added,0,normal,23095
C0021,B_fit_added,1,backdoor,0
C0021,B_fit_added,1,ddos,0
C0021,B_fit_added,1,dos,0
C0021,B_fit_added,1,injection,0
C0021,B_fit_added,1,mitm,0
C0021,B_fit_added,1,password,0
C0021,B_fit_added,1,ransomware,0
C0021,B_fit_added,1,scanning,0
C0021,B_fit_added,1,xss,1614784
C0021,B_fit,0,normal,508933
C0021,B_fit,1,backdoor,0
C0021,B_fit,1,ddos,6165008
C0021,B_fit,1,dos,3375328
C0021,B_fit,1,injection,452659
C0021,B_fit,1,mitm,0
C0021,B_fit,1,password,1169185
C0021,B_fit,1,ransomware,0
C0021,B_fit,1,scanning,7140161
C0021,B_fit,1,xss,1614784
C0021,B_cal,0,normal,2923
C0021,B_cal,1,backdoor,0
C0021,B_cal,1,ddos,0
C0021,B_cal,1,dos,0
C0021,B_cal,1,injection,0
C0021,B_cal,1,mitm,0
C0021,B_cal,1,password,0
C0021,B_cal,1,ransomware,0
C0021,B_cal,1,scanning,0
C0021,B_cal,1,xss,209360
C0021,common_test,0,normal,261092
C0021,common_test,1,backdoor,508116
C0021,common_test,1,ddos,0
C0021,common_test,1,dos,0
C0021,common_test,1,injection,0
C0021,common_test,1,mitm,1052
C0021,common_test,1,password,0
C0021,common_test,1,ransomware,72805
C0021,common_test,1,scanning,0
C0021,common_test,1,xss,0
C0022,A_fit,0,normal,508401
C0022,A_fit,1,backdoor,0
C0022,A_fit,1,ddos,6165008
C0022,A_fit,1,dos,3375328
C0022,A_fit,1,injection,452659
C0022,A_fit,1,mitm,0
C0022,A_fit,1,password,1718568
C0022,A_fit,1,ransomware,0
C0022,A_fit,1,scanning,7140161
C0022,A_fit,1,xss,284800
C0022,A_cal,0,normal,23095
C0022,A_cal,1,backdoor,0
C0022,A_cal,1,ddos,0
C0022,A_cal,1,dos,0
C0022,A_cal,1,injection,0
C0022,A_cal,1,mitm,0
C0022,A_cal,1,password,0
C0022,A_cal,1,ransomware,0
C0022,A_cal,1,scanning,0
C0022,A_cal,1,xss,1614784
C0022,B_fit_added,0,normal,2923
C0022,B_fit_added,1,backdoor,0
C0022,B_fit_added,1,ddos,0
C0022,B_fit_added,1,dos,0
C0022,B_fit_added,1,injection,0
C0022,B_fit_added,1,mitm,0
C0022,B_fit_added,1,password,0
C0022,B_fit_added,1,ransomware,0
C0022,B_fit_added,1,scanning,0
C0022,B_fit_added,1,xss,209360
C0022,B_fit,0,normal,511324
C0022,B_fit,1,backdoor,0
C0022,B_fit,1,ddos,6165008
C0022,B_fit,1,dos,3375328
C0022,B_fit,1,injection,452659
C0022,B_fit,1,mitm,0
C0022,B_fit,1,password,1718568
C0022,B_fit,1,ransomware,0
C0022,B_fit,1,scanning,7140161
C0022,B_fit,1,xss,494160
C0022,B_cal,0,normal,0
C0022,B_cal,1,backdoor,0
C0022,B_cal,1,ddos,0
C0022,B_cal,1,dos,0
C0022,B_cal,1,injection,0
C0022,B_cal,1,mitm,0
C0022,B_cal,1,password,0
C0022,B_cal,1,ransomware,0
C0022,B_cal,1,scanning,0
C0022,B_cal,1,xss,0
C0022,common_test,0,normal,261092
C0022,common_test,1,backdoor,508116
C0022,common_test,1,ddos,0
C0022,common_test,1,dos,0
C0022,common_test,1,injection,0
C0022,common_test,1,mitm,1052
C0022,common_test,1,password,0
C0022,common_test,1,ransomware,72805
C0022,common_test,1,scanning,0
C0022,common_test,1,xss,0
C0023,A_fit,0,normal,531496
C0023,A_fit,1,backdoor,0
C0023,A_fit,1,ddos,6165008
C0023,A_fit,1,dos,3375328
C0023,A_fit,1,injection,452659
C0023,A_fit,1,mitm,0
C0023,A_fit,1,password,1718568
C0023,A_fit,1,ransomware,0
C0023,A_fit,1,scanning,7140161
C0023,A_fit,1,xss,1899584
C0023,A_cal,0,normal,2923
C0023,A_cal,1,backdoor,0
C0023,A_cal,1,ddos,0
C0023,A_cal,1,dos,0
C0023,A_cal,1,injection,0
C0023,A_cal,1,mitm,0
C0023,A_cal,1,password,0
C0023,A_cal,1,ransomware,0
C0023,A_cal,1,scanning,0
C0023,A_cal,1,xss,209360
C0023,B_fit_added,0,normal,0
C0023,B_fit_added,1,backdoor,0
C0023,B_fit_added,1,ddos,0
C0023,B_fit_added,1,dos,0
C0023,B_fit_added,1,injection,0
C0023,B_fit_added,1,mitm,0
C0023,B_fit_added,1,password,0
C0023,B_fit_added,1,ransomware,0
C0023,B_fit_added,1,scanning,0
C0023,B_fit_added,1,xss,0
C0023,B_fit,0,normal,531496
C0023,B_fit,1,backdoor,0
C0023,B_fit,1,ddos,6165008
C0023,B_fit,1,dos,3375328
C0023,B_fit,1,injection,452659
C0023,B_fit,1,mitm,0
C0023,B_fit,1,password,1718568
C0023,B_fit,1,ransomware,0
C0023,B_fit,1,scanning,7140161
C0023,B_fit,1,xss,1899584
C0023,B_cal,0,normal,197879
C0023,B_cal,1,backdoor,0
C0023,B_cal,1,ddos,0
C0023,B_cal,1,dos,0
C0023,B_cal,1,injection,0
C0023,B_cal,1,mitm,0
C0023,B_cal,1,password,0
C0023,B_cal,1,ransomware,72803
C0023,B_cal,1,scanning,0
C0023,B_cal,1,xss,0
C0023,common_test,0,normal,63213
C0023,common_test,1,backdoor,508116
C0023,common_test,1,ddos,0
C0023,common_test,1,dos,0
C0023,common_test,1,injection,0
C0023,common_test,1,mitm,1052
C0023,common_test,1,password,0
C0023,common_test,1,ransomware,2
C0023,common_test,1,scanning,0
C0023,common_test,1,xss,0
C0024,A_fit,0,normal,534419
C0024,A_fit,1,backdoor,0
C0024,A_fit,1,ddos,6165008
C0024,A_fit,1,dos,3375328
C0024,A_fit,1,injection,452659
C0024,A_fit,1,mitm,0
C0024,A_fit,1,password,1718568
C0024,A_fit,1,ransomware,0
C0024,A_fit,1,scanning,7140161
C0024,A_fit,1,xss,2108944
C0024,A_cal,0,normal,0
C0024,A_cal,1,backdoor,0
C0024,A_cal,1,ddos,0
C0024,A_cal,1,dos,0
C0024,A_cal,1,injection,0
C0024,A_cal,1,mitm,0
C0024,A_cal,1,password,0
C0024,A_cal,1,ransomware,0
C0024,A_cal,1,scanning,0
C0024,A_cal,1,xss,0
C0024,B_fit_added,0,normal,197879
C0024,B_fit_added,1,backdoor,0
C0024,B_fit_added,1,ddos,0
C0024,B_fit_added,1,dos,0
C0024,B_fit_added,1,injection,0
C0024,B_fit_added,1,mitm,0
C0024,B_fit_added,1,password,0
C0024,B_fit_added,1,ransomware,72803
C0024,B_fit_added,1,scanning,0
C0024,B_fit_added,1,xss,0
C0024,B_fit,0,normal,732298
C0024,B_fit,1,backdoor,0
C0024,B_fit,1,ddos,6165008
C0024,B_fit,1,dos,3375328
C0024,B_fit,1,injection,452659
C0024,B_fit,1,mitm,0
C0024,B_fit,1,password,1718568
C0024,B_fit,1,ransomware,72803
C0024,B_fit,1,scanning,7140161
C0024,B_fit,1,xss,2108944
C0024,B_cal,0,normal,17542
C0024,B_cal,1,backdoor,63039
C0024,B_cal,1,ddos,0
C0024,B_cal,1,dos,0
C0024,B_cal,1,injection,0
C0024,B_cal,1,mitm,0
C0024,B_cal,1,password,0
C0024,B_cal,1,ransomware,2
C0024,B_cal,1,scanning,0
C0024,B_cal,1,xss,0
C0024,common_test,0,normal,45671
C0024,common_test,1,backdoor,445077
C0024,common_test,1,ddos,0
C0024,common_test,1,dos,0
C0024,common_test,1,injection,0
C0024,common_test,1,mitm,1052
C0024,common_test,1,password,0
C0024,common_test,1,ransomware,0
C0024,common_test,1,scanning,0
C0024,common_test,1,xss,0
C0025,A_fit,0,normal,732298
C0025,A_fit,1,backdoor,0
C0025,A_fit,1,ddos,6165008
C0025,A_fit,1,dos,3375328
C0025,A_fit,1,injection,452659
C0025,A_fit,1,mitm,0
C0025,A_fit,1,password,1718568
C0025,A_fit,1,ransomware,72803
C0025,A_fit,1,scanning,7140161
C0025,A_fit,1,xss,2108944
C0025,A_cal,0,normal,17542
C0025,A_cal,1,backdoor,63039
C0025,A_cal,1,ddos,0
C0025,A_cal,1,dos,0
C0025,A_cal,1,injection,0
C0025,A_cal,1,mitm,0
C0025,A_cal,1,password,0
C0025,A_cal,1,ransomware,2
C0025,A_cal,1,scanning,0
C0025,A_cal,1,xss,0
C0025,B_fit_added,0,normal,7781
C0025,B_fit_added,1,backdoor,90757
C0025,B_fit_added,1,ddos,0
C0025,B_fit_added,1,dos,0
C0025,B_fit_added,1,injection,0
C0025,B_fit_added,1,mitm,0
C0025,B_fit_added,1,password,0
C0025,B_fit_added,1,ransomware,0
C0025,B_fit_added,1,scanning,0
C0025,B_fit_added,1,xss,0
C0025,B_fit,0,normal,740079
C0025,B_fit,1,backdoor,90757
C0025,B_fit,1,ddos,6165008
C0025,B_fit,1,dos,3375328
C0025,B_fit,1,injection,452659
C0025,B_fit,1,mitm,0
C0025,B_fit,1,password,1718568
C0025,B_fit,1,ransomware,72803
C0025,B_fit,1,scanning,7140161
C0025,B_fit,1,xss,2108944
C0025,B_cal,0,normal,7666
C0025,B_cal,1,backdoor,119733
C0025,B_cal,1,ddos,0
C0025,B_cal,1,dos,0
C0025,B_cal,1,injection,0
C0025,B_cal,1,mitm,0
C0025,B_cal,1,password,0
C0025,B_cal,1,ransomware,0
C0025,B_cal,1,scanning,0
C0025,B_cal,1,xss,0
C0025,common_test,0,normal,30224
C0025,common_test,1,backdoor,234587
C0025,common_test,1,ddos,0
C0025,common_test,1,dos,0
C0025,common_test,1,injection,0
C0025,common_test,1,mitm,1052
C0025,common_test,1,password,0
C0025,common_test,1,ransomware,0
C0025,common_test,1,scanning,0
C0025,common_test,1,xss,0
C0026,A_fit,0,normal,749840
C0026,A_fit,1,backdoor,63039
C0026,A_fit,1,ddos,6165008
C0026,A_fit,1,dos,3375328
C0026,A_fit,1,injection,452659
C0026,A_fit,1,mitm,0
C0026,A_fit,1,password,1718568
C0026,A_fit,1,ransomware,72805
C0026,A_fit,1,scanning,7140161
C0026,A_fit,1,xss,2108944
C0026,A_cal,0,normal,7781
C0026,A_cal,1,backdoor,90757
C0026,A_cal,1,ddos,0
C0026,A_cal,1,dos,0
C0026,A_cal,1,injection,0
C0026,A_cal,1,mitm,0
C0026,A_cal,1,password,0
C0026,A_cal,1,ransomware,0
C0026,A_cal,1,scanning,0
C0026,A_cal,1,xss,0
C0026,B_fit_added,0,normal,7666
C0026,B_fit_added,1,backdoor,119733
C0026,B_fit_added,1,ddos,0
C0026,B_fit_added,1,dos,0
C0026,B_fit_added,1,injection,0
C0026,B_fit_added,1,mitm,0
C0026,B_fit_added,1,password,0
C0026,B_fit_added,1,ransomware,0
C0026,B_fit_added,1,scanning,0
C0026,B_fit_added,1,xss,0
C0026,B_fit,0,normal,757506
C0026,B_fit,1,backdoor,182772
C0026,B_fit,1,ddos,6165008
C0026,B_fit,1,dos,3375328
C0026,B_fit,1,injection,452659
C0026,B_fit,1,mitm,0
C0026,B_fit,1,password,1718568
C0026,B_fit,1,ransomware,72805
C0026,B_fit,1,scanning,7140161
C0026,B_fit,1,xss,2108944
C0026,B_cal,0,normal,6553
C0026,B_cal,1,backdoor,144142
C0026,B_cal,1,ddos,0
C0026,B_cal,1,dos,0
C0026,B_cal,1,injection,0
C0026,B_cal,1,mitm,0
C0026,B_cal,1,password,0
C0026,B_cal,1,ransomware,0
C0026,B_cal,1,scanning,0
C0026,B_cal,1,xss,0
C0026,common_test,0,normal,23671
C0026,common_test,1,backdoor,90445
C0026,common_test,1,ddos,0
C0026,common_test,1,dos,0
C0026,common_test,1,injection,0
C0026,common_test,1,mitm,1052
C0026,common_test,1,password,0
C0026,common_test,1,ransomware,0
C0026,common_test,1,scanning,0
C0026,common_test,1,xss,0
C0027,A_fit,0,normal,757621
C0027,A_fit,1,backdoor,153796
C0027,A_fit,1,ddos,6165008
C0027,A_fit,1,dos,3375328
C0027,A_fit,1,injection,452659
C0027,A_fit,1,mitm,0
C0027,A_fit,1,password,1718568
C0027,A_fit,1,ransomware,72805
C0027,A_fit,1,scanning,7140161
C0027,A_fit,1,xss,2108944
C0027,A_cal,0,normal,7666
C0027,A_cal,1,backdoor,119733
C0027,A_cal,1,ddos,0
C0027,A_cal,1,dos,0
C0027,A_cal,1,injection,0
C0027,A_cal,1,mitm,0
C0027,A_cal,1,password,0
C0027,A_cal,1,ransomware,0
C0027,A_cal,1,scanning,0
C0027,A_cal,1,xss,0
C0027,B_fit_added,0,normal,6553
C0027,B_fit_added,1,backdoor,144142
C0027,B_fit_added,1,ddos,0
C0027,B_fit_added,1,dos,0
C0027,B_fit_added,1,injection,0
C0027,B_fit_added,1,mitm,0
C0027,B_fit_added,1,password,0
C0027,B_fit_added,1,ransomware,0
C0027,B_fit_added,1,scanning,0
C0027,B_fit_added,1,xss,0
C0027,B_fit,0,normal,764174
C0027,B_fit,1,backdoor,297938
C0027,B_fit,1,ddos,6165008
C0027,B_fit,1,dos,3375328
C0027,B_fit,1,injection,452659
C0027,B_fit,1,mitm,0
C0027,B_fit,1,password,1718568
C0027,B_fit,1,ransomware,72805
C0027,B_fit,1,scanning,7140161
C0027,B_fit,1,xss,2108944
C0027,B_cal,0,normal,4743
C0027,B_cal,1,backdoor,90445
C0027,B_cal,1,ddos,0
C0027,B_cal,1,dos,0
C0027,B_cal,1,injection,0
C0027,B_cal,1,mitm,0
C0027,B_cal,1,password,0
C0027,B_cal,1,ransomware,0
C0027,B_cal,1,scanning,0
C0027,B_cal,1,xss,0
C0027,common_test,0,normal,18928
C0027,common_test,1,backdoor,0
C0027,common_test,1,ddos,0
C0027,common_test,1,dos,0
C0027,common_test,1,injection,0
C0027,common_test,1,mitm,1052
C0027,common_test,1,password,0
C0027,common_test,1,ransomware,0
C0027,common_test,1,scanning,0
C0027,common_test,1,xss,0
C0028,A_fit,0,normal,5486
C0028,A_fit,1,backdoor,0
C0028,A_fit,1,ddos,0
C0028,A_fit,1,dos,0
C0028,A_fit,1,injection,0
C0028,A_fit,1,mitm,0
C0028,A_fit,1,password,0
C0028,A_fit,1,ransomware,0
C0028,A_fit,1,scanning,0
C0028,A_fit,1,xss,0
C0028,A_cal,0,normal,16628
C0028,A_cal,1,backdoor,0
C0028,A_cal,1,ddos,0
C0028,A_cal,1,dos,0
C0028,A_cal,1,injection,0
C0028,A_cal,1,mitm,0
C0028,A_cal,1,password,0
C0028,A_cal,1,ransomware,0
C0028,A_cal,1,scanning,0
C0028,A_cal,1,xss,0
C0028,B_fit_added,0,normal,53343
C0028,B_fit_added,1,backdoor,0
C0028,B_fit_added,1,ddos,0
C0028,B_fit_added,1,dos,0
C0028,B_fit_added,1,injection,0
C0028,B_fit_added,1,mitm,0
C0028,B_fit_added,1,password,0
C0028,B_fit_added,1,ransomware,0
C0028,B_fit_added,1,scanning,0
C0028,B_fit_added,1,xss,0
C0028,B_fit,0,normal,58829
C0028,B_fit,1,backdoor,0
C0028,B_fit,1,ddos,0
C0028,B_fit,1,dos,0
C0028,B_fit,1,injection,0
C0028,B_fit,1,mitm,0
C0028,B_fit,1,password,0
C0028,B_fit,1,ransomware,0
C0028,B_fit,1,scanning,0
C0028,B_fit,1,xss,0
C0028,B_cal,0,normal,37355
C0028,B_cal,1,backdoor,0
C0028,B_cal,1,ddos,0
C0028,B_cal,1,dos,0
C0028,B_cal,1,injection,0
C0028,B_cal,1,mitm,0
C0028,B_cal,1,password,0
C0028,B_cal,1,ransomware,0
C0028,B_cal,1,scanning,0
C0028,B_cal,1,xss,0
C0028,common_test,0,normal,682699
C0028,common_test,1,backdoor,508116
C0028,common_test,1,ddos,6165008
C0028,common_test,1,dos,3375328
C0028,common_test,1,injection,452659
C0028,common_test,1,mitm,1052
C0028,common_test,1,password,1718568
C0028,common_test,1,ransomware,72805
C0028,common_test,1,scanning,7140161
C0028,common_test,1,xss,2108944
C0029,A_fit,0,normal,22114
C0029,A_fit,1,backdoor,0
C0029,A_fit,1,ddos,0
C0029,A_fit,1,dos,0
C0029,A_fit,1,injection,0
C0029,A_fit,1,mitm,0
C0029,A_fit,1,password,0
C0029,A_fit,1,ransomware,0
C0029,A_fit,1,scanning,0
C0029,A_fit,1,xss,0
C0029,A_cal,0,normal,21231
C0029,A_cal,1,backdoor,0
C0029,A_cal,1,ddos,0
C0029,A_cal,1,dos,0
C0029,A_cal,1,injection,0
C0029,A_cal,1,mitm,0
C0029,A_cal,1,password,0
C0029,A_cal,1,ransomware,0
C0029,A_cal,1,scanning,0
C0029,A_cal,1,xss,0
C0029,B_fit_added,0,normal,69467
C0029,B_fit_added,1,backdoor,0
C0029,B_fit_added,1,ddos,0
C0029,B_fit_added,1,dos,0
C0029,B_fit_added,1,injection,0
C0029,B_fit_added,1,mitm,0
C0029,B_fit_added,1,password,0
C0029,B_fit_added,1,ransomware,0
C0029,B_fit_added,1,scanning,0
C0029,B_fit_added,1,xss,0
C0029,B_fit,0,normal,91581
C0029,B_fit,1,backdoor,0
C0029,B_fit,1,ddos,0
C0029,B_fit,1,dos,0
C0029,B_fit,1,injection,0
C0029,B_fit,1,mitm,0
C0029,B_fit,1,password,0
C0029,B_fit,1,ransomware,0
C0029,B_fit,1,scanning,0
C0029,B_fit,1,xss,0
C0029,B_cal,0,normal,27338
C0029,B_cal,1,backdoor,0
C0029,B_cal,1,ddos,0
C0029,B_cal,1,dos,0
C0029,B_cal,1,injection,0
C0029,B_cal,1,mitm,0
C0029,B_cal,1,password,0
C0029,B_cal,1,ransomware,0
C0029,B_cal,1,scanning,0
C0029,B_cal,1,xss,0
C0029,common_test,0,normal,655361
C0029,common_test,1,backdoor,508116
C0029,common_test,1,ddos,6165008
C0029,common_test,1,dos,3375328
C0029,common_test,1,injection,452659
C0029,common_test,1,mitm,1052
C0029,common_test,1,password,1718568
C0029,common_test,1,ransomware,72805
C0029,common_test,1,scanning,7140161
C0029,common_test,1,xss,2108944
C0030,A_fit,0,normal,43345
C0030,A_fit,1,backdoor,0
C0030,A_fit,1,ddos,0
C0030,A_fit,1,dos,0
C0030,A_fit,1,injection,0
C0030,A_fit,1,mitm,0
C0030,A_fit,1,password,0
C0030,A_fit,1,ransomware,0
C0030,A_fit,1,scanning,0
C0030,A_fit,1,xss,0
C0030,A_cal,0,normal,32112
C0030,A_cal,1,backdoor,0
C0030,A_cal,1,ddos,0
C0030,A_cal,1,dos,0
C0030,A_cal,1,injection,0
C0030,A_cal,1,mitm,0
C0030,A_cal,1,password,0
C0030,A_cal,1,ransomware,0
C0030,A_cal,1,scanning,0
C0030,A_cal,1,xss,0
C0030,B_fit_added,0,normal,64693
C0030,B_fit_added,1,backdoor,0
C0030,B_fit_added,1,ddos,0
C0030,B_fit_added,1,dos,0
C0030,B_fit_added,1,injection,0
C0030,B_fit_added,1,mitm,0
C0030,B_fit_added,1,password,0
C0030,B_fit_added,1,ransomware,0
C0030,B_fit_added,1,scanning,0
C0030,B_fit_added,1,xss,0
C0030,B_fit,0,normal,108038
C0030,B_fit,1,backdoor,0
C0030,B_fit,1,ddos,0
C0030,B_fit,1,dos,0
C0030,B_fit,1,injection,0
C0030,B_fit,1,mitm,0
C0030,B_fit,1,password,0
C0030,B_fit,1,ransomware,0
C0030,B_fit,1,scanning,0
C0030,B_fit,1,xss,0
C0030,B_cal,0,normal,25050
C0030,B_cal,1,backdoor,0
C0030,B_cal,1,ddos,0
C0030,B_cal,1,dos,0
C0030,B_cal,1,injection,0
C0030,B_cal,1,mitm,0
C0030,B_cal,1,password,0
C0030,B_cal,1,ransomware,0
C0030,B_cal,1,scanning,0
C0030,B_cal,1,xss,0
C0030,common_test,0,normal,630311
C0030,common_test,1,backdoor,508116
C0030,common_test,1,ddos,6165008
C0030,common_test,1,dos,3375328
C0030,common_test,1,injection,452659
C0030,common_test,1,mitm,1052
C0030,common_test,1,password,1718568
C0030,common_test,1,ransomware,72805
C0030,common_test,1,scanning,7140161
C0030,common_test,1,xss,2108944
C0031,A_fit,0,normal,75457
C0031,A_fit,1,backdoor,0
C0031,A_fit,1,ddos,0
C0031,A_fit,1,dos,0
C0031,A_fit,1,injection,0
C0031,A_fit,1,mitm,0
C0031,A_fit,1,password,0
C0031,A_fit,1,ransomware,0
C0031,A_fit,1,scanning,0
C0031,A_fit,1,xss,0
C0031,A_cal,0,normal,37355
C0031,A_cal,1,backdoor,0
C0031,A_cal,1,ddos,0
C0031,A_cal,1,dos,0
C0031,A_cal,1,injection,0
C0031,A_cal,1,mitm,0
C0031,A_cal,1,password,0
C0031,A_cal,1,ransomware,0
C0031,A_cal,1,scanning,0
C0031,A_cal,1,xss,0
C0031,B_fit_added,0,normal,52388
C0031,B_fit_added,1,backdoor,0
C0031,B_fit_added,1,ddos,0
C0031,B_fit_added,1,dos,0
C0031,B_fit_added,1,injection,0
C0031,B_fit_added,1,mitm,0
C0031,B_fit_added,1,password,0
C0031,B_fit_added,1,ransomware,0
C0031,B_fit_added,1,scanning,0
C0031,B_fit_added,1,xss,0
C0031,B_fit,0,normal,127845
C0031,B_fit,1,backdoor,0
C0031,B_fit,1,ddos,0
C0031,B_fit,1,dos,0
C0031,B_fit,1,injection,0
C0031,B_fit,1,mitm,0
C0031,B_fit,1,password,0
C0031,B_fit,1,ransomware,0
C0031,B_fit,1,scanning,0
C0031,B_fit,1,xss,0
C0031,B_cal,0,normal,25587
C0031,B_cal,1,backdoor,0
C0031,B_cal,1,ddos,0
C0031,B_cal,1,dos,0
C0031,B_cal,1,injection,0
C0031,B_cal,1,mitm,0
C0031,B_cal,1,password,0
C0031,B_cal,1,ransomware,0
C0031,B_cal,1,scanning,0
C0031,B_cal,1,xss,0
C0031,common_test,0,normal,604724
C0031,common_test,1,backdoor,508116
C0031,common_test,1,ddos,6165008
C0031,common_test,1,dos,3375328
C0031,common_test,1,injection,452659
C0031,common_test,1,mitm,1052
C0031,common_test,1,password,1718568
C0031,common_test,1,ransomware,72805
C0031,common_test,1,scanning,7140161
C0031,common_test,1,xss,2108944
C0032,A_fit,0,normal,112812
C0032,A_fit,1,backdoor,0
C0032,A_fit,1,ddos,0
C0032,A_fit,1,dos,0
C0032,A_fit,1,injection,0
C0032,A_fit,1,mitm,0
C0032,A_fit,1,password,0
C0032,A_fit,1,ransomware,0
C0032,A_fit,1,scanning,0
C0032,A_fit,1,xss,0
C0032,A_cal,0,normal,27338
C0032,A_cal,1,backdoor,0
C0032,A_cal,1,ddos,0
C0032,A_cal,1,dos,0
C0032,A_cal,1,injection,0
C0032,A_cal,1,mitm,0
C0032,A_cal,1,password,0
C0032,A_cal,1,ransomware,0
C0032,A_cal,1,scanning,0
C0032,A_cal,1,xss,0
C0032,B_fit_added,0,normal,50637
C0032,B_fit_added,1,backdoor,0
C0032,B_fit_added,1,ddos,0
C0032,B_fit_added,1,dos,0
C0032,B_fit_added,1,injection,0
C0032,B_fit_added,1,mitm,0
C0032,B_fit_added,1,password,0
C0032,B_fit_added,1,ransomware,0
C0032,B_fit_added,1,scanning,0
C0032,B_fit_added,1,xss,0
C0032,B_fit,0,normal,163449
C0032,B_fit,1,backdoor,0
C0032,B_fit,1,ddos,0
C0032,B_fit,1,dos,0
C0032,B_fit,1,injection,0
C0032,B_fit,1,mitm,0
C0032,B_fit,1,password,0
C0032,B_fit,1,ransomware,0
C0032,B_fit,1,scanning,0
C0032,B_fit,1,xss,0
C0032,B_cal,0,normal,9936
C0032,B_cal,1,backdoor,0
C0032,B_cal,1,ddos,0
C0032,B_cal,1,dos,0
C0032,B_cal,1,injection,0
C0032,B_cal,1,mitm,0
C0032,B_cal,1,password,0
C0032,B_cal,1,ransomware,0
C0032,B_cal,1,scanning,0
C0032,B_cal,1,xss,0
C0032,common_test,0,normal,594788
C0032,common_test,1,backdoor,508116
C0032,common_test,1,ddos,6165008
C0032,common_test,1,dos,3375328
C0032,common_test,1,injection,452659
C0032,common_test,1,mitm,1052
C0032,common_test,1,password,1718568
C0032,common_test,1,ransomware,72805
C0032,common_test,1,scanning,7140161
C0032,common_test,1,xss,2108944
C0033,A_fit,0,normal,140150
C0033,A_fit,1,backdoor,0
C0033,A_fit,1,ddos,0
C0033,A_fit,1,dos,0
C0033,A_fit,1,injection,0
C0033,A_fit,1,mitm,0
C0033,A_fit,1,password,0
C0033,A_fit,1,ransomware,0
C0033,A_fit,1,scanning,0
C0033,A_fit,1,xss,0
C0033,A_cal,0,normal,25050
C0033,A_cal,1,backdoor,0
C0033,A_cal,1,ddos,0
C0033,A_cal,1,dos,0
C0033,A_cal,1,injection,0
C0033,A_cal,1,mitm,0
C0033,A_cal,1,password,0
C0033,A_cal,1,ransomware,0
C0033,A_cal,1,scanning,0
C0033,A_cal,1,xss,0
C0033,B_fit_added,0,normal,35523
C0033,B_fit_added,1,backdoor,0
C0033,B_fit_added,1,ddos,0
C0033,B_fit_added,1,dos,0
C0033,B_fit_added,1,injection,0
C0033,B_fit_added,1,mitm,0
C0033,B_fit_added,1,password,0
C0033,B_fit_added,1,ransomware,0
C0033,B_fit_added,1,scanning,0
C0033,B_fit_added,1,xss,0
C0033,B_fit,0,normal,175673
C0033,B_fit,1,backdoor,0
C0033,B_fit,1,ddos,0
C0033,B_fit,1,dos,0
C0033,B_fit,1,injection,0
C0033,B_fit,1,mitm,0
C0033,B_fit,1,password,0
C0033,B_fit,1,ransomware,0
C0033,B_fit,1,scanning,0
C0033,B_fit,1,xss,0
C0033,B_cal,0,normal,0
C0033,B_cal,1,backdoor,0
C0033,B_cal,1,ddos,0
C0033,B_cal,1,dos,0
C0033,B_cal,1,injection,0
C0033,B_cal,1,mitm,0
C0033,B_cal,1,password,0
C0033,B_cal,1,ransomware,0
C0033,B_cal,1,scanning,0
C0033,B_cal,1,xss,0
C0033,common_test,0,normal,594788
C0033,common_test,1,backdoor,508116
C0033,common_test,1,ddos,6165008
C0033,common_test,1,dos,3375328
C0033,common_test,1,injection,452659
C0033,common_test,1,mitm,1052
C0033,common_test,1,password,1718568
C0033,common_test,1,ransomware,72805
C0033,common_test,1,scanning,7140161
C0033,common_test,1,xss,2108944
C0034,A_fit,0,normal,165200
C0034,A_fit,1,backdoor,0
C0034,A_fit,1,ddos,0
C0034,A_fit,1,dos,0
C0034,A_fit,1,injection,0
C0034,A_fit,1,mitm,0
C0034,A_fit,1,password,0
C0034,A_fit,1,ransomware,0
C0034,A_fit,1,scanning,0
C0034,A_fit,1,xss,0
C0034,A_cal,0,normal,25587
C0034,A_cal,1,backdoor,0
C0034,A_cal,1,ddos,0
C0034,A_cal,1,dos,0
C0034,A_cal,1,injection,0
C0034,A_cal,1,mitm,0
C0034,A_cal,1,password,0
C0034,A_cal,1,ransomware,0
C0034,A_cal,1,scanning,0
C0034,A_cal,1,xss,0
C0034,B_fit_added,0,normal,9936
C0034,B_fit_added,1,backdoor,0
C0034,B_fit_added,1,ddos,0
C0034,B_fit_added,1,dos,0
C0034,B_fit_added,1,injection,0
C0034,B_fit_added,1,mitm,0
C0034,B_fit_added,1,password,0
C0034,B_fit_added,1,ransomware,0
C0034,B_fit_added,1,scanning,0
C0034,B_fit_added,1,xss,0
C0034,B_fit,0,normal,175136
C0034,B_fit,1,backdoor,0
C0034,B_fit,1,ddos,0
C0034,B_fit,1,dos,0
C0034,B_fit,1,injection,0
C0034,B_fit,1,mitm,0
C0034,B_fit,1,password,0
C0034,B_fit,1,ransomware,0
C0034,B_fit,1,scanning,0
C0034,B_fit,1,xss,0
C0034,B_cal,0,normal,0
C0034,B_cal,1,backdoor,0
C0034,B_cal,1,ddos,0
C0034,B_cal,1,dos,0
C0034,B_cal,1,injection,0
C0034,B_cal,1,mitm,0
C0034,B_cal,1,password,0
C0034,B_cal,1,ransomware,0
C0034,B_cal,1,scanning,0
C0034,B_cal,1,xss,0
C0034,common_test,0,normal,594788
C0034,common_test,1,backdoor,508116
C0034,common_test,1,ddos,6165008
C0034,common_test,1,dos,3375328
C0034,common_test,1,injection,452659
C0034,common_test,1,mitm,1052
C0034,common_test,1,password,1718568
C0034,common_test,1,ransomware,72805
C0034,common_test,1,scanning,7140161
C0034,common_test,1,xss,2108944
C0035,A_fit,0,normal,190787
C0035,A_fit,1,backdoor,0
C0035,A_fit,1,ddos,0
C0035,A_fit,1,dos,0
C0035,A_fit,1,injection,0
C0035,A_fit,1,mitm,0
C0035,A_fit,1,password,0
C0035,A_fit,1,ransomware,0
C0035,A_fit,1,scanning,0
C0035,A_fit,1,xss,0
C0035,A_cal,0,normal,9936
C0035,A_cal,1,backdoor,0
C0035,A_cal,1,ddos,0
C0035,A_cal,1,dos,0
C0035,A_cal,1,injection,0
C0035,A_cal,1,mitm,0
C0035,A_cal,1,password,0
C0035,A_cal,1,ransomware,0
C0035,A_cal,1,scanning,0
C0035,A_cal,1,xss,0
C0035,B_fit_added,0,normal,0
C0035,B_fit_added,1,backdoor,0
C0035,B_fit_added,1,ddos,0
C0035,B_fit_added,1,dos,0
C0035,B_fit_added,1,injection,0
C0035,B_fit_added,1,mitm,0
C0035,B_fit_added,1,password,0
C0035,B_fit_added,1,ransomware,0
C0035,B_fit_added,1,scanning,0
C0035,B_fit_added,1,xss,0
C0035,B_fit,0,normal,190787
C0035,B_fit,1,backdoor,0
C0035,B_fit,1,ddos,0
C0035,B_fit,1,dos,0
C0035,B_fit,1,injection,0
C0035,B_fit,1,mitm,0
C0035,B_fit,1,password,0
C0035,B_fit,1,ransomware,0
C0035,B_fit,1,scanning,0
C0035,B_fit,1,xss,0
C0035,B_cal,0,normal,0
C0035,B_cal,1,backdoor,0
C0035,B_cal,1,ddos,0
C0035,B_cal,1,dos,0
C0035,B_cal,1,injection,0
C0035,B_cal,1,mitm,0
C0035,B_cal,1,password,0
C0035,B_cal,1,ransomware,0
C0035,B_cal,1,scanning,0
C0035,B_cal,1,xss,0
C0035,common_test,0,normal,594788
C0035,common_test,1,backdoor,508116
C0035,common_test,1,ddos,6165008
C0035,common_test,1,dos,3375328
C0035,common_test,1,injection,452659
C0035,common_test,1,mitm,1052
C0035,common_test,1,password,1718568
C0035,common_test,1,ransomware,72805
C0035,common_test,1,scanning,7140161
C0035,common_test,1,xss,2108944
C0036,A_fit,0,normal,200723
C0036,A_fit,1,backdoor,0
C0036,A_fit,1,ddos,0
C0036,A_fit,1,dos,0
C0036,A_fit,1,injection,0
C0036,A_fit,1,mitm,0
C0036,A_fit,1,password,0
C0036,A_fit,1,ransomware,0
C0036,A_fit,1,scanning,0
C0036,A_fit,1,xss,0
C0036,A_cal,0,normal,0
C0036,A_cal,1,backdoor,0
C0036,A_cal,1,ddos,0
C0036,A_cal,1,dos,0
C0036,A_cal,1,injection,0
C0036,A_cal,1,mitm,0
C0036,A_cal,1,password,0
C0036,A_cal,1,ransomware,0
C0036,A_cal,1,scanning,0
C0036,A_cal,1,xss,0
C0036,B_fit_added,0,normal,0
C0036,B_fit_added,1,backdoor,0
C0036,B_fit_added,1,ddos,0
C0036,B_fit_added,1,dos,0
C0036,B_fit_added,1,injection,0
C0036,B_fit_added,1,mitm,0
C0036,B_fit_added,1,password,0
C0036,B_fit_added,1,ransomware,0
C0036,B_fit_added,1,scanning,0
C0036,B_fit_added,1,xss,0
C0036,B_fit,0,normal,200723
C0036,B_fit,1,backdoor,0
C0036,B_fit,1,ddos,0
C0036,B_fit,1,dos,0
C0036,B_fit,1,injection,0
C0036,B_fit,1,mitm,0
C0036,B_fit,1,password,0
C0036,B_fit,1,ransomware,0
C0036,B_fit,1,scanning,0
C0036,B_fit,1,xss,0
C0036,B_cal,0,normal,0
C0036,B_cal,1,backdoor,0
C0036,B_cal,1,ddos,0
C0036,B_cal,1,dos,0
C0036,B_cal,1,injection,0
C0036,B_cal,1,mitm,0
C0036,B_cal,1,password,0
C0036,B_cal,1,ransomware,0
C0036,B_cal,1,scanning,0
C0036,B_cal,1,xss,0
C0036,common_test,0,normal,594788
C0036,common_test,1,backdoor,508116
C0036,common_test,1,ddos,6165008
C0036,common_test,1,dos,3375328
C0036,common_test,1,injection,452659
C0036,common_test,1,mitm,1052
C0036,common_test,1,password,1718568
C0036,common_test,1,ransomware,72805
C0036,common_test,1,scanning,7140161
C0036,common_test,1,xss,2108944
C0037,A_fit,0,normal,223199
C0037,A_fit,1,backdoor,0
C0037,A_fit,1,ddos,0
C0037,A_fit,1,dos,0
C0037,A_fit,1,injection,0
C0037,A_fit,1,mitm,0
C0037,A_fit,1,password,0
C0037,A_fit,1,ransomware,0
C0037,A_fit,1,scanning,3733109
C0037,A_fit,1,xss,0
C0037,A_cal,0,normal,0
C0037,A_cal,1,backdoor,0
C0037,A_cal,1,ddos,0
C0037,A_cal,1,dos,0
C0037,A_cal,1,injection,0
C0037,A_cal,1,mitm,0
C0037,A_cal,1,password,0
C0037,A_cal,1,ransomware,0
C0037,A_cal,1,scanning,0
C0037,A_cal,1,xss,0
C0037,B_fit_added,0,normal,25896
C0037,B_fit_added,1,backdoor,0
C0037,B_fit_added,1,ddos,0
C0037,B_fit_added,1,dos,0
C0037,B_fit_added,1,injection,0
C0037,B_fit_added,1,mitm,0
C0037,B_fit_added,1,password,0
C0037,B_fit_added,1,ransomware,0
C0037,B_fit_added,1,scanning,3407052
C0037,B_fit_added,1,xss,0
C0037,B_fit,0,normal,249095
C0037,B_fit,1,backdoor,0
C0037,B_fit,1,ddos,0
C0037,B_fit,1,dos,0
C0037,B_fit,1,injection,0
C0037,B_fit,1,mitm,0
C0037,B_fit,1,password,0
C0037,B_fit,1,ransomware,0
C0037,B_fit,1,scanning,7140161
C0037,B_fit,1,xss,0
C0037,B_cal,0,normal,0
C0037,B_cal,1,backdoor,0
C0037,B_cal,1,ddos,0
C0037,B_cal,1,dos,0
C0037,B_cal,1,injection,0
C0037,B_cal,1,mitm,0
C0037,B_cal,1,password,0
C0037,B_cal,1,ransomware,0
C0037,B_cal,1,scanning,0
C0037,B_cal,1,xss,0
C0037,common_test,0,normal,546416
C0037,common_test,1,backdoor,508116
C0037,common_test,1,ddos,6165008
C0037,common_test,1,dos,3375328
C0037,common_test,1,injection,452659
C0037,common_test,1,mitm,1052
C0037,common_test,1,password,1718568
C0037,common_test,1,ransomware,72805
C0037,common_test,1,scanning,0
C0037,common_test,1,xss,2108944
C0038,A_fit,0,normal,244105
C0038,A_fit,1,backdoor,0
C0038,A_fit,1,ddos,0
C0038,A_fit,1,dos,0
C0038,A_fit,1,injection,0
C0038,A_fit,1,mitm,0
C0038,A_fit,1,password,0
C0038,A_fit,1,ransomware,0
C0038,A_fit,1,scanning,5917756
C0038,A_fit,1,xss,0
C0038,A_cal,0,normal,4990
C0038,A_cal,1,backdoor,0
C0038,A_cal,1,ddos,0
C0038,A_cal,1,dos,0
C0038,A_cal,1,injection,0
C0038,A_cal,1,mitm,0
C0038,A_cal,1,password,0
C0038,A_cal,1,ransomware,0
C0038,A_cal,1,scanning,1222405
C0038,A_cal,1,xss,0
C0038,B_fit_added,0,normal,63427
C0038,B_fit_added,1,backdoor,0
C0038,B_fit_added,1,ddos,0
C0038,B_fit_added,1,dos,2184823
C0038,B_fit_added,1,injection,0
C0038,B_fit_added,1,mitm,0
C0038,B_fit_added,1,password,0
C0038,B_fit_added,1,ransomware,0
C0038,B_fit_added,1,scanning,0
C0038,B_fit_added,1,xss,0
C0038,B_fit,0,normal,307532
C0038,B_fit,1,backdoor,0
C0038,B_fit,1,ddos,0
C0038,B_fit,1,dos,2184823
C0038,B_fit,1,injection,0
C0038,B_fit,1,mitm,0
C0038,B_fit,1,password,0
C0038,B_fit,1,ransomware,0
C0038,B_fit,1,scanning,5917756
C0038,B_fit,1,xss,0
C0038,B_cal,0,normal,40097
C0038,B_cal,1,backdoor,0
C0038,B_cal,1,ddos,0
C0038,B_cal,1,dos,1190505
C0038,B_cal,1,injection,1375
C0038,B_cal,1,mitm,0
C0038,B_cal,1,password,0
C0038,B_cal,1,ransomware,0
C0038,B_cal,1,scanning,0
C0038,B_cal,1,xss,0
C0038,common_test,0,normal,442892
C0038,common_test,1,backdoor,508116
C0038,common_test,1,ddos,6165008
C0038,common_test,1,dos,0
C0038,common_test,1,injection,451284
C0038,common_test,1,mitm,1052
C0038,common_test,1,password,1718568
C0038,common_test,1,ransomware,72805
C0038,common_test,1,scanning,0
C0038,common_test,1,xss,2108944
C0039,A_fit,0,normal,249095
C0039,A_fit,1,backdoor,0
C0039,A_fit,1,ddos,0
C0039,A_fit,1,dos,0
C0039,A_fit,1,injection,0
C0039,A_fit,1,mitm,0
C0039,A_fit,1,password,0
C0039,A_fit,1,ransomware,0
C0039,A_fit,1,scanning,7140161
C0039,A_fit,1,xss,0
C0039,A_cal,0,normal,0
C0039,A_cal,1,backdoor,0
C0039,A_cal,1,ddos,0
C0039,A_cal,1,dos,0
C0039,A_cal,1,injection,0
C0039,A_cal,1,mitm,0
C0039,A_cal,1,password,0
C0039,A_cal,1,ransomware,0
C0039,A_cal,1,scanning,0
C0039,A_cal,1,xss,0
C0039,B_fit_added,0,normal,103524
C0039,B_fit_added,1,backdoor,0
C0039,B_fit_added,1,ddos,0
C0039,B_fit_added,1,dos,3375328
C0039,B_fit_added,1,injection,1375
C0039,B_fit_added,1,mitm,0
C0039,B_fit_added,1,password,0
C0039,B_fit_added,1,ransomware,0
C0039,B_fit_added,1,scanning,0
C0039,B_fit_added,1,xss,0
C0039,B_fit,0,normal,352619
C0039,B_fit,1,backdoor,0
C0039,B_fit,1,ddos,0
C0039,B_fit,1,dos,3375328
C0039,B_fit,1,injection,1375
C0039,B_fit,1,mitm,0
C0039,B_fit,1,password,0
C0039,B_fit,1,ransomware,0
C0039,B_fit,1,scanning,7140161
C0039,B_fit,1,xss,0
C0039,B_cal,0,normal,22899
C0039,B_cal,1,backdoor,0
C0039,B_cal,1,ddos,0
C0039,B_cal,1,dos,0
C0039,B_cal,1,injection,451284
C0039,B_cal,1,mitm,0
C0039,B_cal,1,password,0
C0039,B_cal,1,ransomware,0
C0039,B_cal,1,scanning,0
C0039,B_cal,1,xss,0
C0039,common_test,0,normal,419993
C0039,common_test,1,backdoor,508116
C0039,common_test,1,ddos,6165008
C0039,common_test,1,dos,0
C0039,common_test,1,injection,0
C0039,common_test,1,mitm,1052
C0039,common_test,1,password,1718568
C0039,common_test,1,ransomware,72805
C0039,common_test,1,scanning,0
C0039,common_test,1,xss,2108944
C0040,A_fit,0,normal,312522
C0040,A_fit,1,backdoor,0
C0040,A_fit,1,ddos,0
C0040,A_fit,1,dos,2184823
C0040,A_fit,1,injection,0
C0040,A_fit,1,mitm,0
C0040,A_fit,1,password,0
C0040,A_fit,1,ransomware,0
C0040,A_fit,1,scanning,7140161
C0040,A_fit,1,xss,0
C0040,A_cal,0,normal,40097
C0040,A_cal,1,backdoor,0
C0040,A_cal,1,ddos,0
C0040,A_cal,1,dos,1190505
C0040,A_cal,1,injection,1375
C0040,A_cal,1,mitm,0
C0040,A_cal,1,password,0
C0040,A_cal,1,ransomware,0
C0040,A_cal,1,scanning,0
C0040,A_cal,1,xss,0
C0040,B_fit_added,0,normal,39541
C0040,B_fit_added,1,backdoor,0
C0040,B_fit_added,1,ddos,914522
C0040,B_fit_added,1,dos,0
C0040,B_fit_added,1,injection,451284
C0040,B_fit_added,1,mitm,0
C0040,B_fit_added,1,password,0
C0040,B_fit_added,1,ransomware,0
C0040,B_fit_added,1,scanning,0
C0040,B_fit_added,1,xss,0
C0040,B_fit,0,normal,352063
C0040,B_fit,1,backdoor,0
C0040,B_fit,1,ddos,914522
C0040,B_fit,1,dos,2184823
C0040,B_fit,1,injection,451284
C0040,B_fit,1,mitm,0
C0040,B_fit,1,password,0
C0040,B_fit,1,ransomware,0
C0040,B_fit,1,scanning,7140161
C0040,B_fit,1,xss,0
C0040,B_cal,0,normal,2102
C0040,B_cal,1,backdoor,0
C0040,B_cal,1,ddos,2586944
C0040,B_cal,1,dos,0
C0040,B_cal,1,injection,0
C0040,B_cal,1,mitm,0
C0040,B_cal,1,password,0
C0040,B_cal,1,ransomware,0
C0040,B_cal,1,scanning,0
C0040,B_cal,1,xss,0
C0040,common_test,0,normal,401249
C0040,common_test,1,backdoor,508116
C0040,common_test,1,ddos,2663542
C0040,common_test,1,dos,0
C0040,common_test,1,injection,0
C0040,common_test,1,mitm,1052
C0040,common_test,1,password,1718568
C0040,common_test,1,ransomware,72805
C0040,common_test,1,scanning,0
C0040,common_test,1,xss,2108944
C0041,A_fit,0,normal,352619
C0041,A_fit,1,backdoor,0
C0041,A_fit,1,ddos,0
C0041,A_fit,1,dos,3375328
C0041,A_fit,1,injection,1375
C0041,A_fit,1,mitm,0
C0041,A_fit,1,password,0
C0041,A_fit,1,ransomware,0
C0041,A_fit,1,scanning,7140161
C0041,A_fit,1,xss,0
C0041,A_cal,0,normal,22899
C0041,A_cal,1,backdoor,0
C0041,A_cal,1,ddos,0
C0041,A_cal,1,dos,0
C0041,A_cal,1,injection,451284
C0041,A_cal,1,mitm,0
C0041,A_cal,1,password,0
C0041,A_cal,1,ransomware,0
C0041,A_cal,1,scanning,0
C0041,A_cal,1,xss,0
C0041,B_fit_added,0,normal,18744
C0041,B_fit_added,1,backdoor,0
C0041,B_fit_added,1,ddos,3501466
C0041,B_fit_added,1,dos,0
C0041,B_fit_added,1,injection,0
C0041,B_fit_added,1,mitm,0
C0041,B_fit_added,1,password,0
C0041,B_fit_added,1,ransomware,0
C0041,B_fit_added,1,scanning,0
C0041,B_fit_added,1,xss,0
C0041,B_fit,0,normal,371363
C0041,B_fit,1,backdoor,0
C0041,B_fit,1,ddos,3501466
C0041,B_fit,1,dos,3375328
C0041,B_fit,1,injection,1375
C0041,B_fit,1,mitm,0
C0041,B_fit,1,password,0
C0041,B_fit,1,ransomware,0
C0041,B_fit,1,scanning,7140161
C0041,B_fit,1,xss,0
C0041,B_cal,0,normal,36433
C0041,B_cal,1,backdoor,0
C0041,B_cal,1,ddos,2250397
C0041,B_cal,1,dos,0
C0041,B_cal,1,injection,0
C0041,B_cal,1,mitm,0
C0041,B_cal,1,password,0
C0041,B_cal,1,ransomware,0
C0041,B_cal,1,scanning,0
C0041,B_cal,1,xss,0
C0041,common_test,0,normal,364816
C0041,common_test,1,backdoor,508116
C0041,common_test,1,ddos,413145
C0041,common_test,1,dos,0
C0041,common_test,1,injection,0
C0041,common_test,1,mitm,1052
C0041,common_test,1,password,1718568
C0041,common_test,1,ransomware,72805
C0041,common_test,1,scanning,0
C0041,common_test,1,xss,2108944
C0042,A_fit,0,normal,375518
C0042,A_fit,1,backdoor,0
C0042,A_fit,1,ddos,0
C0042,A_fit,1,dos,3375328
C0042,A_fit,1,injection,452659
C0042,A_fit,1,mitm,0
C0042,A_fit,1,password,0
C0042,A_fit,1,ransomware,0
C0042,A_fit,1,scanning,7140161
C0042,A_fit,1,xss,0
C0042,A_cal,0,normal,16642
C0042,A_cal,1,backdoor,0
C0042,A_cal,1,ddos,914522
C0042,A_cal,1,dos,0
C0042,A_cal,1,injection,0
C0042,A_cal,1,mitm,0
C0042,A_cal,1,password,0
C0042,A_cal,1,ransomware,0
C0042,A_cal,1,scanning,0
C0042,A_cal,1,xss,0
C0042,B_fit_added,0,normal,38535
C0042,B_fit_added,1,backdoor,0
C0042,B_fit_added,1,ddos,4837341
C0042,B_fit_added,1,dos,0
C0042,B_fit_added,1,injection,0
C0042,B_fit_added,1,mitm,0
C0042,B_fit_added,1,password,0
C0042,B_fit_added,1,ransomware,0
C0042,B_fit_added,1,scanning,0
C0042,B_fit_added,1,xss,0
C0042,B_fit,0,normal,414053
C0042,B_fit,1,backdoor,0
C0042,B_fit,1,ddos,4837341
C0042,B_fit,1,dos,3375328
C0042,B_fit,1,injection,452659
C0042,B_fit,1,mitm,0
C0042,B_fit,1,password,0
C0042,B_fit,1,ransomware,0
C0042,B_fit,1,scanning,7140161
C0042,B_fit,1,xss,0
C0042,B_cal,0,normal,35188
C0042,B_cal,1,backdoor,0
C0042,B_cal,1,ddos,413145
C0042,B_cal,1,dos,0
C0042,B_cal,1,injection,0
C0042,B_cal,1,mitm,0
C0042,B_cal,1,password,0
C0042,B_cal,1,ransomware,0
C0042,B_cal,1,scanning,0
C0042,B_cal,1,xss,0
C0042,common_test,0,normal,329628
C0042,common_test,1,backdoor,508116
C0042,common_test,1,ddos,0
C0042,common_test,1,dos,0
C0042,common_test,1,injection,0
C0042,common_test,1,mitm,1052
C0042,common_test,1,password,1718568
C0042,common_test,1,ransomware,72805
C0042,common_test,1,scanning,0
C0042,common_test,1,xss,2108944
C0043,A_fit,0,normal,392160
C0043,A_fit,1,backdoor,0
C0043,A_fit,1,ddos,914522
C0043,A_fit,1,dos,3375328
C0043,A_fit,1,injection,452659
C0043,A_fit,1,mitm,0
C0043,A_fit,1,password,0
C0043,A_fit,1,ransomware,0
C0043,A_fit,1,scanning,7140161
C0043,A_fit,1,xss,0
C0043,A_cal,0,normal,2102
C0043,A_cal,1,backdoor,0
C0043,A_cal,1,ddos,2586944
C0043,A_cal,1,dos,0
C0043,A_cal,1,injection,0
C0043,A_cal,1,mitm,0
C0043,A_cal,1,password,0
C0043,A_cal,1,ransomware,0
C0043,A_cal,1,scanning,0
C0043,A_cal,1,xss,0
C0043,B_fit_added,0,normal,71621
C0043,B_fit_added,1,backdoor,0
C0043,B_fit_added,1,ddos,2663542
C0043,B_fit_added,1,dos,0
C0043,B_fit_added,1,injection,0
C0043,B_fit_added,1,mitm,0
C0043,B_fit_added,1,password,0
C0043,B_fit_added,1,ransomware,0
C0043,B_fit_added,1,scanning,0
C0043,B_fit_added,1,xss,0
C0043,B_fit,0,normal,463781
C0043,B_fit,1,backdoor,0
C0043,B_fit,1,ddos,3578064
C0043,B_fit,1,dos,3375328
C0043,B_fit,1,injection,452659
C0043,B_fit,1,mitm,0
C0043,B_fit,1,password,0
C0043,B_fit,1,ransomware,0
C0043,B_fit,1,scanning,7140161
C0043,B_fit,1,xss,0
C0043,B_cal,0,normal,13740
C0043,B_cal,1,backdoor,0
C0043,B_cal,1,ddos,0
C0043,B_cal,1,dos,0
C0043,B_cal,1,injection,0
C0043,B_cal,1,mitm,0
C0043,B_cal,1,password,399452
C0043,B_cal,1,ransomware,0
C0043,B_cal,1,scanning,0
C0043,B_cal,1,xss,0
C0043,common_test,0,normal,315888
C0043,common_test,1,backdoor,508116
C0043,common_test,1,ddos,0
C0043,common_test,1,dos,0
C0043,common_test,1,injection,0
C0043,common_test,1,mitm,1052
C0043,common_test,1,password,1319116
C0043,common_test,1,ransomware,72805
C0043,common_test,1,scanning,0
C0043,common_test,1,xss,2108944
C0044,A_fit,0,normal,394262
C0044,A_fit,1,backdoor,0
C0044,A_fit,1,ddos,3501466
C0044,A_fit,1,dos,3375328
C0044,A_fit,1,injection,452659
C0044,A_fit,1,mitm,0
C0044,A_fit,1,password,0
C0044,A_fit,1,ransomware,0
C0044,A_fit,1,scanning,7140161
C0044,A_fit,1,xss,0
C0044,A_cal,0,normal,36433
C0044,A_cal,1,backdoor,0
C0044,A_cal,1,ddos,2250397
C0044,A_cal,1,dos,0
C0044,A_cal,1,injection,0
C0044,A_cal,1,mitm,0
C0044,A_cal,1,password,0
C0044,A_cal,1,ransomware,0
C0044,A_cal,1,scanning,0
C0044,A_cal,1,xss,0
C0044,B_fit_added,0,normal,48928
C0044,B_fit_added,1,backdoor,0
C0044,B_fit_added,1,ddos,413145
C0044,B_fit_added,1,dos,0
C0044,B_fit_added,1,injection,0
C0044,B_fit_added,1,mitm,0
C0044,B_fit_added,1,password,399452
C0044,B_fit_added,1,ransomware,0
C0044,B_fit_added,1,scanning,0
C0044,B_fit_added,1,xss,0
C0044,B_fit,0,normal,443190
C0044,B_fit,1,backdoor,0
C0044,B_fit,1,ddos,3914611
C0044,B_fit,1,dos,3375328
C0044,B_fit,1,injection,452659
C0044,B_fit,1,mitm,0
C0044,B_fit,1,password,399452
C0044,B_fit,1,ransomware,0
C0044,B_fit,1,scanning,7140161
C0044,B_fit,1,xss,0
C0044,B_cal,0,normal,6215
C0044,B_cal,1,backdoor,0
C0044,B_cal,1,ddos,0
C0044,B_cal,1,dos,0
C0044,B_cal,1,injection,0
C0044,B_cal,1,mitm,0
C0044,B_cal,1,password,769733
C0044,B_cal,1,ransomware,0
C0044,B_cal,1,scanning,0
C0044,B_cal,1,xss,0
C0044,common_test,0,normal,309673
C0044,common_test,1,backdoor,508116
C0044,common_test,1,ddos,0
C0044,common_test,1,dos,0
C0044,common_test,1,injection,0
C0044,common_test,1,mitm,1052
C0044,common_test,1,password,549383
C0044,common_test,1,ransomware,72805
C0044,common_test,1,scanning,0
C0044,common_test,1,xss,2108944
C0045,A_fit,0,normal,430695
C0045,A_fit,1,backdoor,0
C0045,A_fit,1,ddos,5751863
C0045,A_fit,1,dos,3375328
C0045,A_fit,1,injection,452659
C0045,A_fit,1,mitm,0
C0045,A_fit,1,password,0
C0045,A_fit,1,ransomware,0
C0045,A_fit,1,scanning,7140161
C0045,A_fit,1,xss,0
C0045,A_cal,0,normal,35188
C0045,A_cal,1,backdoor,0
C0045,A_cal,1,ddos,413145
C0045,A_cal,1,dos,0
C0045,A_cal,1,injection,0
C0045,A_cal,1,mitm,0
C0045,A_cal,1,password,0
C0045,A_cal,1,ransomware,0
C0045,A_cal,1,scanning,0
C0045,A_cal,1,xss,0
C0045,B_fit_added,0,normal,19955
C0045,B_fit_added,1,backdoor,0
C0045,B_fit_added,1,ddos,0
C0045,B_fit_added,1,dos,0
C0045,B_fit_added,1,injection,0
C0045,B_fit_added,1,mitm,0
C0045,B_fit_added,1,password,1169185
C0045,B_fit_added,1,ransomware,0
C0045,B_fit_added,1,scanning,0
C0045,B_fit_added,1,xss,0
C0045,B_fit,0,normal,450650
C0045,B_fit,1,backdoor,0
C0045,B_fit,1,ddos,5751863
C0045,B_fit,1,dos,3375328
C0045,B_fit,1,injection,452659
C0045,B_fit,1,mitm,0
C0045,B_fit,1,password,1169185
C0045,B_fit,1,ransomware,0
C0045,B_fit,1,scanning,7140161
C0045,B_fit,1,xss,0
C0045,B_cal,0,normal,22563
C0045,B_cal,1,backdoor,0
C0045,B_cal,1,ddos,0
C0045,B_cal,1,dos,0
C0045,B_cal,1,injection,0
C0045,B_cal,1,mitm,0
C0045,B_cal,1,password,549383
C0045,B_cal,1,ransomware,0
C0045,B_cal,1,scanning,0
C0045,B_cal,1,xss,284800
C0045,common_test,0,normal,287110
C0045,common_test,1,backdoor,508116
C0045,common_test,1,ddos,0
C0045,common_test,1,dos,0
C0045,common_test,1,injection,0
C0045,common_test,1,mitm,1052
C0045,common_test,1,password,0
C0045,common_test,1,ransomware,72805
C0045,common_test,1,scanning,0
C0045,common_test,1,xss,1824144
C0046,A_fit,0,normal,465883
C0046,A_fit,1,backdoor,0
C0046,A_fit,1,ddos,6165008
C0046,A_fit,1,dos,3375328
C0046,A_fit,1,injection,452659
C0046,A_fit,1,mitm,0
C0046,A_fit,1,password,0
C0046,A_fit,1,ransomware,0
C0046,A_fit,1,scanning,7140161
C0046,A_fit,1,xss,0
C0046,A_cal,0,normal,13740
C0046,A_cal,1,backdoor,0
C0046,A_cal,1,ddos,0
C0046,A_cal,1,dos,0
C0046,A_cal,1,injection,0
C0046,A_cal,1,mitm,0
C0046,A_cal,1,password,399452
C0046,A_cal,1,ransomware,0
C0046,A_cal,1,scanning,0
C0046,A_cal,1,xss,0
C0046,B_fit_added,0,normal,28778
C0046,B_fit_added,1,backdoor,0
C0046,B_fit_added,1,ddos,0
C0046,B_fit_added,1,dos,0
C0046,B_fit_added,1,injection,0
C0046,B_fit_added,1,mitm,0
C0046,B_fit_added,1,password,1319116
C0046,B_fit_added,1,ransomware,0
C0046,B_fit_added,1,scanning,0
C0046,B_fit_added,1,xss,284800
C0046,B_fit,0,normal,494661
C0046,B_fit,1,backdoor,0
C0046,B_fit,1,ddos,6165008
C0046,B_fit,1,dos,3375328
C0046,B_fit,1,injection,452659
C0046,B_fit,1,mitm,0
C0046,B_fit,1,password,1319116
C0046,B_fit,1,ransomware,0
C0046,B_fit,1,scanning,7140161
C0046,B_fit,1,xss,284800
C0046,B_cal,0,normal,23095
C0046,B_cal,1,backdoor,0
C0046,B_cal,1,ddos,0
C0046,B_cal,1,dos,0
C0046,B_cal,1,injection,0
C0046,B_cal,1,mitm,0
C0046,B_cal,1,password,0
C0046,B_cal,1,ransomware,0
C0046,B_cal,1,scanning,0
C0046,B_cal,1,xss,1614784
C0046,common_test,0,normal,264015
C0046,common_test,1,backdoor,508116
C0046,common_test,1,ddos,0
C0046,common_test,1,dos,0
C0046,common_test,1,injection,0
C0046,common_test,1,mitm,1052
C0046,common_test,1,password,0
C0046,common_test,1,ransomware,72805
C0046,common_test,1,scanning,0
C0046,common_test,1,xss,209360
C0047,A_fit,0,normal,479623
C0047,A_fit,1,backdoor,0
C0047,A_fit,1,ddos,6165008
C0047,A_fit,1,dos,3375328
C0047,A_fit,1,injection,452659
C0047,A_fit,1,mitm,0
C0047,A_fit,1,password,399452
C0047,A_fit,1,ransomware,0
C0047,A_fit,1,scanning,7140161
C0047,A_fit,1,xss,0
C0047,A_cal,0,normal,6215
C0047,A_cal,1,backdoor,0
C0047,A_cal,1,ddos,0
C0047,A_cal,1,dos,0
C0047,A_cal,1,injection,0
C0047,A_cal,1,mitm,0
C0047,A_cal,1,password,769733
C0047,A_cal,1,ransomware,0
C0047,A_cal,1,scanning,0
C0047,A_cal,1,xss,0
C0047,B_fit_added,0,normal,45658
C0047,B_fit_added,1,backdoor,0
C0047,B_fit_added,1,ddos,0
C0047,B_fit_added,1,dos,0
C0047,B_fit_added,1,injection,0
C0047,B_fit_added,1,mitm,0
C0047,B_fit_added,1,password,549383
C0047,B_fit_added,1,ransomware,0
C0047,B_fit_added,1,scanning,0
C0047,B_fit_added,1,xss,1899584
C0047,B_fit,0,normal,525281
C0047,B_fit,1,backdoor,0
C0047,B_fit,1,ddos,6165008
C0047,B_fit,1,dos,3375328
C0047,B_fit,1,injection,452659
C0047,B_fit,1,mitm,0
C0047,B_fit,1,password,948835
C0047,B_fit,1,ransomware,0
C0047,B_fit,1,scanning,7140161
C0047,B_fit,1,xss,1899584
C0047,B_cal,0,normal,2923
C0047,B_cal,1,backdoor,0
C0047,B_cal,1,ddos,0
C0047,B_cal,1,dos,0
C0047,B_cal,1,injection,0
C0047,B_cal,1,mitm,0
C0047,B_cal,1,password,0
C0047,B_cal,1,ransomware,0
C0047,B_cal,1,scanning,0
C0047,B_cal,1,xss,209360
C0047,common_test,0,normal,261092
C0047,common_test,1,backdoor,508116
C0047,common_test,1,ddos,0
C0047,common_test,1,dos,0
C0047,common_test,1,injection,0
C0047,common_test,1,mitm,1052
C0047,common_test,1,password,0
C0047,common_test,1,ransomware,72805
C0047,common_test,1,scanning,0
C0047,common_test,1,xss,0
C0048,A_fit,0,normal,485838
C0048,A_fit,1,backdoor,0
C0048,A_fit,1,ddos,6165008
C0048,A_fit,1,dos,3375328
C0048,A_fit,1,injection,452659
C0048,A_fit,1,mitm,0
C0048,A_fit,1,password,1169185
C0048,A_fit,1,ransomware,0
C0048,A_fit,1,scanning,7140161
C0048,A_fit,1,xss,0
C0048,A_cal,0,normal,22563
C0048,A_cal,1,backdoor,0
C0048,A_cal,1,ddos,0
C0048,A_cal,1,dos,0
C0048,A_cal,1,injection,0
C0048,A_cal,1,mitm,0
C0048,A_cal,1,password,549383
C0048,A_cal,1,ransomware,0
C0048,A_cal,1,scanning,0
C0048,A_cal,1,xss,284800
C0048,B_fit_added,0,normal,26018
C0048,B_fit_added,1,backdoor,0
C0048,B_fit_added,1,ddos,0
C0048,B_fit_added,1,dos,0
C0048,B_fit_added,1,injection,0
C0048,B_fit_added,1,mitm,0
C0048,B_fit_added,1,password,0
C0048,B_fit_added,1,ransomware,0
C0048,B_fit_added,1,scanning,0
C0048,B_fit_added,1,xss,1824144
C0048,B_fit,0,normal,511856
C0048,B_fit,1,backdoor,0
C0048,B_fit,1,ddos,6165008
C0048,B_fit,1,dos,3375328
C0048,B_fit,1,injection,452659
C0048,B_fit,1,mitm,0
C0048,B_fit,1,password,1169185
C0048,B_fit,1,ransomware,0
C0048,B_fit,1,scanning,7140161
C0048,B_fit,1,xss,1824144
C0048,B_cal,0,normal,0
C0048,B_cal,1,backdoor,0
C0048,B_cal,1,ddos,0
C0048,B_cal,1,dos,0
C0048,B_cal,1,injection,0
C0048,B_cal,1,mitm,0
C0048,B_cal,1,password,0
C0048,B_cal,1,ransomware,0
C0048,B_cal,1,scanning,0
C0048,B_cal,1,xss,0
C0048,common_test,0,normal,261092
C0048,common_test,1,backdoor,508116
C0048,common_test,1,ddos,0
C0048,common_test,1,dos,0
C0048,common_test,1,injection,0
C0048,common_test,1,mitm,1052
C0048,common_test,1,password,0
C0048,common_test,1,ransomware,72805
C0048,common_test,1,scanning,0
C0048,common_test,1,xss,0
C0049,A_fit,0,normal,508401
C0049,A_fit,1,backdoor,0
C0049,A_fit,1,ddos,6165008
C0049,A_fit,1,dos,3375328
C0049,A_fit,1,injection,452659
C0049,A_fit,1,mitm,0
C0049,A_fit,1,password,1718568
C0049,A_fit,1,ransomware,0
C0049,A_fit,1,scanning,7140161
C0049,A_fit,1,xss,284800
C0049,A_cal,0,normal,23095
C0049,A_cal,1,backdoor,0
C0049,A_cal,1,ddos,0
C0049,A_cal,1,dos,0
C0049,A_cal,1,injection,0
C0049,A_cal,1,mitm,0
C0049,A_cal,1,password,0
C0049,A_cal,1,ransomware,0
C0049,A_cal,1,scanning,0
C0049,A_cal,1,xss,1614784
C0049,B_fit_added,0,normal,2923
C0049,B_fit_added,1,backdoor,0
C0049,B_fit_added,1,ddos,0
C0049,B_fit_added,1,dos,0
C0049,B_fit_added,1,injection,0
C0049,B_fit_added,1,mitm,0
C0049,B_fit_added,1,password,0
C0049,B_fit_added,1,ransomware,0
C0049,B_fit_added,1,scanning,0
C0049,B_fit_added,1,xss,209360
C0049,B_fit,0,normal,511324
C0049,B_fit,1,backdoor,0
C0049,B_fit,1,ddos,6165008
C0049,B_fit,1,dos,3375328
C0049,B_fit,1,injection,452659
C0049,B_fit,1,mitm,0
C0049,B_fit,1,password,1718568
C0049,B_fit,1,ransomware,0
C0049,B_fit,1,scanning,7140161
C0049,B_fit,1,xss,494160
C0049,B_cal,0,normal,197879
C0049,B_cal,1,backdoor,0
C0049,B_cal,1,ddos,0
C0049,B_cal,1,dos,0
C0049,B_cal,1,injection,0
C0049,B_cal,1,mitm,0
C0049,B_cal,1,password,0
C0049,B_cal,1,ransomware,72803
C0049,B_cal,1,scanning,0
C0049,B_cal,1,xss,0
C0049,common_test,0,normal,63213
C0049,common_test,1,backdoor,508116
C0049,common_test,1,ddos,0
C0049,common_test,1,dos,0
C0049,common_test,1,injection,0
C0049,common_test,1,mitm,1052
C0049,common_test,1,password,0
C0049,common_test,1,ransomware,2
C0049,common_test,1,scanning,0
C0049,common_test,1,xss,0
C0050,A_fit,0,normal,531496
C0050,A_fit,1,backdoor,0
C0050,A_fit,1,ddos,6165008
C0050,A_fit,1,dos,3375328
C0050,A_fit,1,injection,452659
C0050,A_fit,1,mitm,0
C0050,A_fit,1,password,1718568
C0050,A_fit,1,ransomware,0
C0050,A_fit,1,scanning,7140161
C0050,A_fit,1,xss,1899584
C0050,A_cal,0,normal,2923
C0050,A_cal,1,backdoor,0
C0050,A_cal,1,ddos,0
C0050,A_cal,1,dos,0
C0050,A_cal,1,injection,0
C0050,A_cal,1,mitm,0
C0050,A_cal,1,password,0
C0050,A_cal,1,ransomware,0
C0050,A_cal,1,scanning,0
C0050,A_cal,1,xss,209360
C0050,B_fit_added,0,normal,197879
C0050,B_fit_added,1,backdoor,0
C0050,B_fit_added,1,ddos,0
C0050,B_fit_added,1,dos,0
C0050,B_fit_added,1,injection,0
C0050,B_fit_added,1,mitm,0
C0050,B_fit_added,1,password,0
C0050,B_fit_added,1,ransomware,72803
C0050,B_fit_added,1,scanning,0
C0050,B_fit_added,1,xss,0
C0050,B_fit,0,normal,729375
C0050,B_fit,1,backdoor,0
C0050,B_fit,1,ddos,6165008
C0050,B_fit,1,dos,3375328
C0050,B_fit,1,injection,452659
C0050,B_fit,1,mitm,0
C0050,B_fit,1,password,1718568
C0050,B_fit,1,ransomware,72803
C0050,B_fit,1,scanning,7140161
C0050,B_fit,1,xss,1899584
C0050,B_cal,0,normal,17542
C0050,B_cal,1,backdoor,63039
C0050,B_cal,1,ddos,0
C0050,B_cal,1,dos,0
C0050,B_cal,1,injection,0
C0050,B_cal,1,mitm,0
C0050,B_cal,1,password,0
C0050,B_cal,1,ransomware,2
C0050,B_cal,1,scanning,0
C0050,B_cal,1,xss,0
C0050,common_test,0,normal,45671
C0050,common_test,1,backdoor,445077
C0050,common_test,1,ddos,0
C0050,common_test,1,dos,0
C0050,common_test,1,injection,0
C0050,common_test,1,mitm,1052
C0050,common_test,1,password,0
C0050,common_test,1,ransomware,0
C0050,common_test,1,scanning,0
C0050,common_test,1,xss,0
C0051,A_fit,0,normal,534419
C0051,A_fit,1,backdoor,0
C0051,A_fit,1,ddos,6165008
C0051,A_fit,1,dos,3375328
C0051,A_fit,1,injection,452659
C0051,A_fit,1,mitm,0
C0051,A_fit,1,password,1718568
C0051,A_fit,1,ransomware,0
C0051,A_fit,1,scanning,7140161
C0051,A_fit,1,xss,2108944
C0051,A_cal,0,normal,0
C0051,A_cal,1,backdoor,0
C0051,A_cal,1,ddos,0
C0051,A_cal,1,dos,0
C0051,A_cal,1,injection,0
C0051,A_cal,1,mitm,0
C0051,A_cal,1,password,0
C0051,A_cal,1,ransomware,0
C0051,A_cal,1,scanning,0
C0051,A_cal,1,xss,0
C0051,B_fit_added,0,normal,215421
C0051,B_fit_added,1,backdoor,63039
C0051,B_fit_added,1,ddos,0
C0051,B_fit_added,1,dos,0
C0051,B_fit_added,1,injection,0
C0051,B_fit_added,1,mitm,0
C0051,B_fit_added,1,password,0
C0051,B_fit_added,1,ransomware,72805
C0051,B_fit_added,1,scanning,0
C0051,B_fit_added,1,xss,0
C0051,B_fit,0,normal,749840
C0051,B_fit,1,backdoor,63039
C0051,B_fit,1,ddos,6165008
C0051,B_fit,1,dos,3375328
C0051,B_fit,1,injection,452659
C0051,B_fit,1,mitm,0
C0051,B_fit,1,password,1718568
C0051,B_fit,1,ransomware,72805
C0051,B_fit,1,scanning,7140161
C0051,B_fit,1,xss,2108944
C0051,B_cal,0,normal,7781
C0051,B_cal,1,backdoor,90757
C0051,B_cal,1,ddos,0
C0051,B_cal,1,dos,0
C0051,B_cal,1,injection,0
C0051,B_cal,1,mitm,0
C0051,B_cal,1,password,0
C0051,B_cal,1,ransomware,0
C0051,B_cal,1,scanning,0
C0051,B_cal,1,xss,0
C0051,common_test,0,normal,37890
C0051,common_test,1,backdoor,354320
C0051,common_test,1,ddos,0
C0051,common_test,1,dos,0
C0051,common_test,1,injection,0
C0051,common_test,1,mitm,1052
C0051,common_test,1,password,0
C0051,common_test,1,ransomware,0
C0051,common_test,1,scanning,0
C0051,common_test,1,xss,0
C0052,A_fit,0,normal,732298
C0052,A_fit,1,backdoor,0
C0052,A_fit,1,ddos,6165008
C0052,A_fit,1,dos,3375328
C0052,A_fit,1,injection,452659
C0052,A_fit,1,mitm,0
C0052,A_fit,1,password,1718568
C0052,A_fit,1,ransomware,72803
C0052,A_fit,1,scanning,7140161
C0052,A_fit,1,xss,2108944
C0052,A_cal,0,normal,17542
C0052,A_cal,1,backdoor,63039
C0052,A_cal,1,ddos,0
C0052,A_cal,1,dos,0
C0052,A_cal,1,injection,0
C0052,A_cal,1,mitm,0
C0052,A_cal,1,password,0
C0052,A_cal,1,ransomware,2
C0052,A_cal,1,scanning,0
C0052,A_cal,1,xss,0
C0052,B_fit_added,0,normal,15447
C0052,B_fit_added,1,backdoor,210490
C0052,B_fit_added,1,ddos,0
C0052,B_fit_added,1,dos,0
C0052,B_fit_added,1,injection,0
C0052,B_fit_added,1,mitm,0
C0052,B_fit_added,1,password,0
C0052,B_fit_added,1,ransomware,0
C0052,B_fit_added,1,scanning,0
C0052,B_fit_added,1,xss,0
C0052,B_fit,0,normal,747745
C0052,B_fit,1,backdoor,210490
C0052,B_fit,1,ddos,6165008
C0052,B_fit,1,dos,3375328
C0052,B_fit,1,injection,452659
C0052,B_fit,1,mitm,0
C0052,B_fit,1,password,1718568
C0052,B_fit,1,ransomware,72803
C0052,B_fit,1,scanning,7140161
C0052,B_fit,1,xss,2108944
C0052,B_cal,0,normal,6553
C0052,B_cal,1,backdoor,144142
C0052,B_cal,1,ddos,0
C0052,B_cal,1,dos,0
C0052,B_cal,1,injection,0
C0052,B_cal,1,mitm,0
C0052,B_cal,1,password,0
C0052,B_cal,1,ransomware,0
C0052,B_cal,1,scanning,0
C0052,B_cal,1,xss,0
C0052,common_test,0,normal,23671
C0052,common_test,1,backdoor,90445
C0052,common_test,1,ddos,0
C0052,common_test,1,dos,0
C0052,common_test,1,injection,0
C0052,common_test,1,mitm,1052
C0052,common_test,1,password,0
C0052,common_test,1,ransomware,0
C0052,common_test,1,scanning,0
C0052,common_test,1,xss,0
C0053,A_fit,0,normal,749840
C0053,A_fit,1,backdoor,63039
C0053,A_fit,1,ddos,6165008
C0053,A_fit,1,dos,3375328
C0053,A_fit,1,injection,452659
C0053,A_fit,1,mitm,0
C0053,A_fit,1,password,1718568
C0053,A_fit,1,ransomware,72805
C0053,A_fit,1,scanning,7140161
C0053,A_fit,1,xss,2108944
C0053,A_cal,0,normal,7781
C0053,A_cal,1,backdoor,90757
C0053,A_cal,1,ddos,0
C0053,A_cal,1,dos,0
C0053,A_cal,1,injection,0
C0053,A_cal,1,mitm,0
C0053,A_cal,1,password,0
C0053,A_cal,1,ransomware,0
C0053,A_cal,1,scanning,0
C0053,A_cal,1,xss,0
C0053,B_fit_added,0,normal,14219
C0053,B_fit_added,1,backdoor,263875
C0053,B_fit_added,1,ddos,0
C0053,B_fit_added,1,dos,0
C0053,B_fit_added,1,injection,0
C0053,B_fit_added,1,mitm,0
C0053,B_fit_added,1,password,0
C0053,B_fit_added,1,ransomware,0
C0053,B_fit_added,1,scanning,0
C0053,B_fit_added,1,xss,0
C0053,B_fit,0,normal,764059
C0053,B_fit,1,backdoor,326914
C0053,B_fit,1,ddos,6165008
C0053,B_fit,1,dos,3375328
C0053,B_fit,1,injection,452659
C0053,B_fit,1,mitm,0
C0053,B_fit,1,password,1718568
C0053,B_fit,1,ransomware,72805
C0053,B_fit,1,scanning,7140161
C0053,B_fit,1,xss,2108944
C0053,B_cal,0,normal,4743
C0053,B_cal,1,backdoor,90445
C0053,B_cal,1,ddos,0
C0053,B_cal,1,dos,0
C0053,B_cal,1,injection,0
C0053,B_cal,1,mitm,0
C0053,B_cal,1,password,0
C0053,B_cal,1,ransomware,0
C0053,B_cal,1,scanning,0
C0053,B_cal,1,xss,0
C0053,common_test,0,normal,18928
C0053,common_test,1,backdoor,0
C0053,common_test,1,ddos,0
C0053,common_test,1,dos,0
C0053,common_test,1,injection,0
C0053,common_test,1,mitm,1052
C0053,common_test,1,password,0
C0053,common_test,1,ransomware,0
C0053,common_test,1,scanning,0
C0053,common_test,1,xss,0
C0054,A_fit,0,normal,5486
C0054,A_fit,1,backdoor,0
C0054,A_fit,1,ddos,0
C0054,A_fit,1,dos,0
C0054,A_fit,1,injection,0
C0054,A_fit,1,mitm,0
C0054,A_fit,1,password,0
C0054,A_fit,1,ransomware,0
C0054,A_fit,1,scanning,0
C0054,A_fit,1,xss,0
C0054,A_cal,0,normal,16628
C0054,A_cal,1,backdoor,0
C0054,A_cal,1,ddos,0
C0054,A_cal,1,dos,0
C0054,A_cal,1,injection,0
C0054,A_cal,1,mitm,0
C0054,A_cal,1,password,0
C0054,A_cal,1,ransomware,0
C0054,A_cal,1,scanning,0
C0054,A_cal,1,xss,0
C0054,B_fit_added,0,normal,118036
C0054,B_fit_added,1,backdoor,0
C0054,B_fit_added,1,ddos,0
C0054,B_fit_added,1,dos,0
C0054,B_fit_added,1,injection,0
C0054,B_fit_added,1,mitm,0
C0054,B_fit_added,1,password,0
C0054,B_fit_added,1,ransomware,0
C0054,B_fit_added,1,scanning,0
C0054,B_fit_added,1,xss,0
C0054,B_fit,0,normal,123522
C0054,B_fit,1,backdoor,0
C0054,B_fit,1,ddos,0
C0054,B_fit,1,dos,0
C0054,B_fit,1,injection,0
C0054,B_fit,1,mitm,0
C0054,B_fit,1,password,0
C0054,B_fit,1,ransomware,0
C0054,B_fit,1,scanning,0
C0054,B_fit,1,xss,0
C0054,B_cal,0,normal,25050
C0054,B_cal,1,backdoor,0
C0054,B_cal,1,ddos,0
C0054,B_cal,1,dos,0
C0054,B_cal,1,injection,0
C0054,B_cal,1,mitm,0
C0054,B_cal,1,password,0
C0054,B_cal,1,ransomware,0
C0054,B_cal,1,scanning,0
C0054,B_cal,1,xss,0
C0054,common_test,0,normal,630311
C0054,common_test,1,backdoor,508116
C0054,common_test,1,ddos,6165008
C0054,common_test,1,dos,3375328
C0054,common_test,1,injection,452659
C0054,common_test,1,mitm,1052
C0054,common_test,1,password,1718568
C0054,common_test,1,ransomware,72805
C0054,common_test,1,scanning,7140161
C0054,common_test,1,xss,2108944
C0055,A_fit,0,normal,22114
C0055,A_fit,1,backdoor,0
C0055,A_fit,1,ddos,0
C0055,A_fit,1,dos,0
C0055,A_fit,1,injection,0
C0055,A_fit,1,mitm,0
C0055,A_fit,1,password,0
C0055,A_fit,1,ransomware,0
C0055,A_fit,1,scanning,0
C0055,A_fit,1,xss,0
C0055,A_cal,0,normal,21231
C0055,A_cal,1,backdoor,0
C0055,A_cal,1,ddos,0
C0055,A_cal,1,dos,0
C0055,A_cal,1,injection,0
C0055,A_cal,1,mitm,0
C0055,A_cal,1,password,0
C0055,A_cal,1,ransomware,0
C0055,A_cal,1,scanning,0
C0055,A_cal,1,xss,0
C0055,B_fit_added,0,normal,121855
C0055,B_fit_added,1,backdoor,0
C0055,B_fit_added,1,ddos,0
C0055,B_fit_added,1,dos,0
C0055,B_fit_added,1,injection,0
C0055,B_fit_added,1,mitm,0
C0055,B_fit_added,1,password,0
C0055,B_fit_added,1,ransomware,0
C0055,B_fit_added,1,scanning,0
C0055,B_fit_added,1,xss,0
C0055,B_fit,0,normal,143969
C0055,B_fit,1,backdoor,0
C0055,B_fit,1,ddos,0
C0055,B_fit,1,dos,0
C0055,B_fit,1,injection,0
C0055,B_fit,1,mitm,0
C0055,B_fit,1,password,0
C0055,B_fit,1,ransomware,0
C0055,B_fit,1,scanning,0
C0055,B_fit,1,xss,0
C0055,B_cal,0,normal,25587
C0055,B_cal,1,backdoor,0
C0055,B_cal,1,ddos,0
C0055,B_cal,1,dos,0
C0055,B_cal,1,injection,0
C0055,B_cal,1,mitm,0
C0055,B_cal,1,password,0
C0055,B_cal,1,ransomware,0
C0055,B_cal,1,scanning,0
C0055,B_cal,1,xss,0
C0055,common_test,0,normal,604724
C0055,common_test,1,backdoor,508116
C0055,common_test,1,ddos,6165008
C0055,common_test,1,dos,3375328
C0055,common_test,1,injection,452659
C0055,common_test,1,mitm,1052
C0055,common_test,1,password,1718568
C0055,common_test,1,ransomware,72805
C0055,common_test,1,scanning,7140161
C0055,common_test,1,xss,2108944
C0056,A_fit,0,normal,43345
C0056,A_fit,1,backdoor,0
C0056,A_fit,1,ddos,0
C0056,A_fit,1,dos,0
C0056,A_fit,1,injection,0
C0056,A_fit,1,mitm,0
C0056,A_fit,1,password,0
C0056,A_fit,1,ransomware,0
C0056,A_fit,1,scanning,0
C0056,A_fit,1,xss,0
C0056,A_cal,0,normal,32112
C0056,A_cal,1,backdoor,0
C0056,A_cal,1,ddos,0
C0056,A_cal,1,dos,0
C0056,A_cal,1,injection,0
C0056,A_cal,1,mitm,0
C0056,A_cal,1,password,0
C0056,A_cal,1,ransomware,0
C0056,A_cal,1,scanning,0
C0056,A_cal,1,xss,0
C0056,B_fit_added,0,normal,115330
C0056,B_fit_added,1,backdoor,0
C0056,B_fit_added,1,ddos,0
C0056,B_fit_added,1,dos,0
C0056,B_fit_added,1,injection,0
C0056,B_fit_added,1,mitm,0
C0056,B_fit_added,1,password,0
C0056,B_fit_added,1,ransomware,0
C0056,B_fit_added,1,scanning,0
C0056,B_fit_added,1,xss,0
C0056,B_fit,0,normal,158675
C0056,B_fit,1,backdoor,0
C0056,B_fit,1,ddos,0
C0056,B_fit,1,dos,0
C0056,B_fit,1,injection,0
C0056,B_fit,1,mitm,0
C0056,B_fit,1,password,0
C0056,B_fit,1,ransomware,0
C0056,B_fit,1,scanning,0
C0056,B_fit,1,xss,0
C0056,B_cal,0,normal,9936
C0056,B_cal,1,backdoor,0
C0056,B_cal,1,ddos,0
C0056,B_cal,1,dos,0
C0056,B_cal,1,injection,0
C0056,B_cal,1,mitm,0
C0056,B_cal,1,password,0
C0056,B_cal,1,ransomware,0
C0056,B_cal,1,scanning,0
C0056,B_cal,1,xss,0
C0056,common_test,0,normal,594788
C0056,common_test,1,backdoor,508116
C0056,common_test,1,ddos,6165008
C0056,common_test,1,dos,3375328
C0056,common_test,1,injection,452659
C0056,common_test,1,mitm,1052
C0056,common_test,1,password,1718568
C0056,common_test,1,ransomware,72805
C0056,common_test,1,scanning,7140161
C0056,common_test,1,xss,2108944
C0057,A_fit,0,normal,75457
C0057,A_fit,1,backdoor,0
C0057,A_fit,1,ddos,0
C0057,A_fit,1,dos,0
C0057,A_fit,1,injection,0
C0057,A_fit,1,mitm,0
C0057,A_fit,1,password,0
C0057,A_fit,1,ransomware,0
C0057,A_fit,1,scanning,0
C0057,A_fit,1,xss,0
C0057,A_cal,0,normal,37355
C0057,A_cal,1,backdoor,0
C0057,A_cal,1,ddos,0
C0057,A_cal,1,dos,0
C0057,A_cal,1,injection,0
C0057,A_cal,1,mitm,0
C0057,A_cal,1,password,0
C0057,A_cal,1,ransomware,0
C0057,A_cal,1,scanning,0
C0057,A_cal,1,xss,0
C0057,B_fit_added,0,normal,87911
C0057,B_fit_added,1,backdoor,0
C0057,B_fit_added,1,ddos,0
C0057,B_fit_added,1,dos,0
C0057,B_fit_added,1,injection,0
C0057,B_fit_added,1,mitm,0
C0057,B_fit_added,1,password,0
C0057,B_fit_added,1,ransomware,0
C0057,B_fit_added,1,scanning,0
C0057,B_fit_added,1,xss,0
C0057,B_fit,0,normal,163368
C0057,B_fit,1,backdoor,0
C0057,B_fit,1,ddos,0
C0057,B_fit,1,dos,0
C0057,B_fit,1,injection,0
C0057,B_fit,1,mitm,0
C0057,B_fit,1,password,0
C0057,B_fit,1,ransomware,0
C0057,B_fit,1,scanning,0
C0057,B_fit,1,xss,0
C0057,B_cal,0,normal,0
C0057,B_cal,1,backdoor,0
C0057,B_cal,1,ddos,0
C0057,B_cal,1,dos,0
C0057,B_cal,1,injection,0
C0057,B_cal,1,mitm,0
C0057,B_cal,1,password,0
C0057,B_cal,1,ransomware,0
C0057,B_cal,1,scanning,0
C0057,B_cal,1,xss,0
C0057,common_test,0,normal,594788
C0057,common_test,1,backdoor,508116
C0057,common_test,1,ddos,6165008
C0057,common_test,1,dos,3375328
C0057,common_test,1,injection,452659
C0057,common_test,1,mitm,1052
C0057,common_test,1,password,1718568
C0057,common_test,1,ransomware,72805
C0057,common_test,1,scanning,7140161
C0057,common_test,1,xss,2108944
C0058,A_fit,0,normal,112812
C0058,A_fit,1,backdoor,0
C0058,A_fit,1,ddos,0
C0058,A_fit,1,dos,0
C0058,A_fit,1,injection,0
C0058,A_fit,1,mitm,0
C0058,A_fit,1,password,0
C0058,A_fit,1,ransomware,0
C0058,A_fit,1,scanning,0
C0058,A_fit,1,xss,0
C0058,A_cal,0,normal,27338
C0058,A_cal,1,backdoor,0
C0058,A_cal,1,ddos,0
C0058,A_cal,1,dos,0
C0058,A_cal,1,injection,0
C0058,A_cal,1,mitm,0
C0058,A_cal,1,password,0
C0058,A_cal,1,ransomware,0
C0058,A_cal,1,scanning,0
C0058,A_cal,1,xss,0
C0058,B_fit_added,0,normal,60573
C0058,B_fit_added,1,backdoor,0
C0058,B_fit_added,1,ddos,0
C0058,B_fit_added,1,dos,0
C0058,B_fit_added,1,injection,0
C0058,B_fit_added,1,mitm,0
C0058,B_fit_added,1,password,0
C0058,B_fit_added,1,ransomware,0
C0058,B_fit_added,1,scanning,0
C0058,B_fit_added,1,xss,0
C0058,B_fit,0,normal,173385
C0058,B_fit,1,backdoor,0
C0058,B_fit,1,ddos,0
C0058,B_fit,1,dos,0
C0058,B_fit,1,injection,0
C0058,B_fit,1,mitm,0
C0058,B_fit,1,password,0
C0058,B_fit,1,ransomware,0
C0058,B_fit,1,scanning,0
C0058,B_fit,1,xss,0
C0058,B_cal,0,normal,0
C0058,B_cal,1,backdoor,0
C0058,B_cal,1,ddos,0
C0058,B_cal,1,dos,0
C0058,B_cal,1,injection,0
C0058,B_cal,1,mitm,0
C0058,B_cal,1,password,0
C0058,B_cal,1,ransomware,0
C0058,B_cal,1,scanning,0
C0058,B_cal,1,xss,0
C0058,common_test,0,normal,594788
C0058,common_test,1,backdoor,508116
C0058,common_test,1,ddos,6165008
C0058,common_test,1,dos,3375328
C0058,common_test,1,injection,452659
C0058,common_test,1,mitm,1052
C0058,common_test,1,password,1718568
C0058,common_test,1,ransomware,72805
C0058,common_test,1,scanning,7140161
C0058,common_test,1,xss,2108944
C0059,A_fit,0,normal,140150
C0059,A_fit,1,backdoor,0
C0059,A_fit,1,ddos,0
C0059,A_fit,1,dos,0
C0059,A_fit,1,injection,0
C0059,A_fit,1,mitm,0
C0059,A_fit,1,password,0
C0059,A_fit,1,ransomware,0
C0059,A_fit,1,scanning,0
C0059,A_fit,1,xss,0
C0059,A_cal,0,normal,25050
C0059,A_cal,1,backdoor,0
C0059,A_cal,1,ddos,0
C0059,A_cal,1,dos,0
C0059,A_cal,1,injection,0
C0059,A_cal,1,mitm,0
C0059,A_cal,1,password,0
C0059,A_cal,1,ransomware,0
C0059,A_cal,1,scanning,0
C0059,A_cal,1,xss,0
C0059,B_fit_added,0,normal,35523
C0059,B_fit_added,1,backdoor,0
C0059,B_fit_added,1,ddos,0
C0059,B_fit_added,1,dos,0
C0059,B_fit_added,1,injection,0
C0059,B_fit_added,1,mitm,0
C0059,B_fit_added,1,password,0
C0059,B_fit_added,1,ransomware,0
C0059,B_fit_added,1,scanning,0
C0059,B_fit_added,1,xss,0
C0059,B_fit,0,normal,175673
C0059,B_fit,1,backdoor,0
C0059,B_fit,1,ddos,0
C0059,B_fit,1,dos,0
C0059,B_fit,1,injection,0
C0059,B_fit,1,mitm,0
C0059,B_fit,1,password,0
C0059,B_fit,1,ransomware,0
C0059,B_fit,1,scanning,0
C0059,B_fit,1,xss,0
C0059,B_cal,0,normal,0
C0059,B_cal,1,backdoor,0
C0059,B_cal,1,ddos,0
C0059,B_cal,1,dos,0
C0059,B_cal,1,injection,0
C0059,B_cal,1,mitm,0
C0059,B_cal,1,password,0
C0059,B_cal,1,ransomware,0
C0059,B_cal,1,scanning,0
C0059,B_cal,1,xss,0
C0059,common_test,0,normal,594788
C0059,common_test,1,backdoor,508116
C0059,common_test,1,ddos,6165008
C0059,common_test,1,dos,3375328
C0059,common_test,1,injection,452659
C0059,common_test,1,mitm,1052
C0059,common_test,1,password,1718568
C0059,common_test,1,ransomware,72805
C0059,common_test,1,scanning,7140161
C0059,common_test,1,xss,2108944
C0060,A_fit,0,normal,165200
C0060,A_fit,1,backdoor,0
C0060,A_fit,1,ddos,0
C0060,A_fit,1,dos,0
C0060,A_fit,1,injection,0
C0060,A_fit,1,mitm,0
C0060,A_fit,1,password,0
C0060,A_fit,1,ransomware,0
C0060,A_fit,1,scanning,0
C0060,A_fit,1,xss,0
C0060,A_cal,0,normal,25587
C0060,A_cal,1,backdoor,0
C0060,A_cal,1,ddos,0
C0060,A_cal,1,dos,0
C0060,A_cal,1,injection,0
C0060,A_cal,1,mitm,0
C0060,A_cal,1,password,0
C0060,A_cal,1,ransomware,0
C0060,A_cal,1,scanning,0
C0060,A_cal,1,xss,0
C0060,B_fit_added,0,normal,9936
C0060,B_fit_added,1,backdoor,0
C0060,B_fit_added,1,ddos,0
C0060,B_fit_added,1,dos,0
C0060,B_fit_added,1,injection,0
C0060,B_fit_added,1,mitm,0
C0060,B_fit_added,1,password,0
C0060,B_fit_added,1,ransomware,0
C0060,B_fit_added,1,scanning,0
C0060,B_fit_added,1,xss,0
C0060,B_fit,0,normal,175136
C0060,B_fit,1,backdoor,0
C0060,B_fit,1,ddos,0
C0060,B_fit,1,dos,0
C0060,B_fit,1,injection,0
C0060,B_fit,1,mitm,0
C0060,B_fit,1,password,0
C0060,B_fit,1,ransomware,0
C0060,B_fit,1,scanning,0
C0060,B_fit,1,xss,0
C0060,B_cal,0,normal,0
C0060,B_cal,1,backdoor,0
C0060,B_cal,1,ddos,0
C0060,B_cal,1,dos,0
C0060,B_cal,1,injection,0
C0060,B_cal,1,mitm,0
C0060,B_cal,1,password,0
C0060,B_cal,1,ransomware,0
C0060,B_cal,1,scanning,0
C0060,B_cal,1,xss,0
C0060,common_test,0,normal,594788
C0060,common_test,1,backdoor,508116
C0060,common_test,1,ddos,6165008
C0060,common_test,1,dos,3375328
C0060,common_test,1,injection,452659
C0060,common_test,1,mitm,1052
C0060,common_test,1,password,1718568
C0060,common_test,1,ransomware,72805
C0060,common_test,1,scanning,7140161
C0060,common_test,1,xss,2108944
C0061,A_fit,0,normal,190787
C0061,A_fit,1,backdoor,0
C0061,A_fit,1,ddos,0
C0061,A_fit,1,dos,0
C0061,A_fit,1,injection,0
C0061,A_fit,1,mitm,0
C0061,A_fit,1,password,0
C0061,A_fit,1,ransomware,0
C0061,A_fit,1,scanning,0
C0061,A_fit,1,xss,0
C0061,A_cal,0,normal,9936
C0061,A_cal,1,backdoor,0
C0061,A_cal,1,ddos,0
C0061,A_cal,1,dos,0
C0061,A_cal,1,injection,0
C0061,A_cal,1,mitm,0
C0061,A_cal,1,password,0
C0061,A_cal,1,ransomware,0
C0061,A_cal,1,scanning,0
C0061,A_cal,1,xss,0
C0061,B_fit_added,0,normal,0
C0061,B_fit_added,1,backdoor,0
C0061,B_fit_added,1,ddos,0
C0061,B_fit_added,1,dos,0
C0061,B_fit_added,1,injection,0
C0061,B_fit_added,1,mitm,0
C0061,B_fit_added,1,password,0
C0061,B_fit_added,1,ransomware,0
C0061,B_fit_added,1,scanning,0
C0061,B_fit_added,1,xss,0
C0061,B_fit,0,normal,190787
C0061,B_fit,1,backdoor,0
C0061,B_fit,1,ddos,0
C0061,B_fit,1,dos,0
C0061,B_fit,1,injection,0
C0061,B_fit,1,mitm,0
C0061,B_fit,1,password,0
C0061,B_fit,1,ransomware,0
C0061,B_fit,1,scanning,0
C0061,B_fit,1,xss,0
C0061,B_cal,0,normal,0
C0061,B_cal,1,backdoor,0
C0061,B_cal,1,ddos,0
C0061,B_cal,1,dos,0
C0061,B_cal,1,injection,0
C0061,B_cal,1,mitm,0
C0061,B_cal,1,password,0
C0061,B_cal,1,ransomware,0
C0061,B_cal,1,scanning,0
C0061,B_cal,1,xss,0
C0061,common_test,0,normal,594788
C0061,common_test,1,backdoor,508116
C0061,common_test,1,ddos,6165008
C0061,common_test,1,dos,3375328
C0061,common_test,1,injection,452659
C0061,common_test,1,mitm,1052
C0061,common_test,1,password,1718568
C0061,common_test,1,ransomware,72805
C0061,common_test,1,scanning,7140161
C0061,common_test,1,xss,2108944
C0062,A_fit,0,normal,200723
C0062,A_fit,1,backdoor,0
C0062,A_fit,1,ddos,0
C0062,A_fit,1,dos,0
C0062,A_fit,1,injection,0
C0062,A_fit,1,mitm,0
C0062,A_fit,1,password,0
C0062,A_fit,1,ransomware,0
C0062,A_fit,1,scanning,0
C0062,A_fit,1,xss,0
C0062,A_cal,0,normal,0
C0062,A_cal,1,backdoor,0
C0062,A_cal,1,ddos,0
C0062,A_cal,1,dos,0
C0062,A_cal,1,injection,0
C0062,A_cal,1,mitm,0
C0062,A_cal,1,password,0
C0062,A_cal,1,ransomware,0
C0062,A_cal,1,scanning,0
C0062,A_cal,1,xss,0
C0062,B_fit_added,0,normal,0
C0062,B_fit_added,1,backdoor,0
C0062,B_fit_added,1,ddos,0
C0062,B_fit_added,1,dos,0
C0062,B_fit_added,1,injection,0
C0062,B_fit_added,1,mitm,0
C0062,B_fit_added,1,password,0
C0062,B_fit_added,1,ransomware,0
C0062,B_fit_added,1,scanning,0
C0062,B_fit_added,1,xss,0
C0062,B_fit,0,normal,200723
C0062,B_fit,1,backdoor,0
C0062,B_fit,1,ddos,0
C0062,B_fit,1,dos,0
C0062,B_fit,1,injection,0
C0062,B_fit,1,mitm,0
C0062,B_fit,1,password,0
C0062,B_fit,1,ransomware,0
C0062,B_fit,1,scanning,0
C0062,B_fit,1,xss,0
C0062,B_cal,0,normal,0
C0062,B_cal,1,backdoor,0
C0062,B_cal,1,ddos,0
C0062,B_cal,1,dos,0
C0062,B_cal,1,injection,0
C0062,B_cal,1,mitm,0
C0062,B_cal,1,password,0
C0062,B_cal,1,ransomware,0
C0062,B_cal,1,scanning,0
C0062,B_cal,1,xss,0
C0062,common_test,0,normal,594788
C0062,common_test,1,backdoor,508116
C0062,common_test,1,ddos,6165008
C0062,common_test,1,dos,3375328
C0062,common_test,1,injection,452659
C0062,common_test,1,mitm,1052
C0062,common_test,1,password,1718568
C0062,common_test,1,ransomware,72805
C0062,common_test,1,scanning,7140161
C0062,common_test,1,xss,2108944
C0063,A_fit,0,normal,223199
C0063,A_fit,1,backdoor,0
C0063,A_fit,1,ddos,0
C0063,A_fit,1,dos,0
C0063,A_fit,1,injection,0
C0063,A_fit,1,mitm,0
C0063,A_fit,1,password,0
C0063,A_fit,1,ransomware,0
C0063,A_fit,1,scanning,3733109
C0063,A_fit,1,xss,0
C0063,A_cal,0,normal,0
C0063,A_cal,1,backdoor,0
C0063,A_cal,1,ddos,0
C0063,A_cal,1,dos,0
C0063,A_cal,1,injection,0
C0063,A_cal,1,mitm,0
C0063,A_cal,1,password,0
C0063,A_cal,1,ransomware,0
C0063,A_cal,1,scanning,0
C0063,A_cal,1,xss,0
C0063,B_fit_added,0,normal,89323
C0063,B_fit_added,1,backdoor,0
C0063,B_fit_added,1,ddos,0
C0063,B_fit_added,1,dos,2184823
C0063,B_fit_added,1,injection,0
C0063,B_fit_added,1,mitm,0
C0063,B_fit_added,1,password,0
C0063,B_fit_added,1,ransomware,0
C0063,B_fit_added,1,scanning,3407052
C0063,B_fit_added,1,xss,0
C0063,B_fit,0,normal,312522
C0063,B_fit,1,backdoor,0
C0063,B_fit,1,ddos,0
C0063,B_fit,1,dos,2184823
C0063,B_fit,1,injection,0
C0063,B_fit,1,mitm,0
C0063,B_fit,1,password,0
C0063,B_fit,1,ransomware,0
C0063,B_fit,1,scanning,7140161
C0063,B_fit,1,xss,0
C0063,B_cal,0,normal,40097
C0063,B_cal,1,backdoor,0
C0063,B_cal,1,ddos,0
C0063,B_cal,1,dos,1190505
C0063,B_cal,1,injection,1375
C0063,B_cal,1,mitm,0
C0063,B_cal,1,password,0
C0063,B_cal,1,ransomware,0
C0063,B_cal,1,scanning,0
C0063,B_cal,1,xss,0
C0063,common_test,0,normal,442892
C0063,common_test,1,backdoor,508116
C0063,common_test,1,ddos,6165008
C0063,common_test,1,dos,0
C0063,common_test,1,injection,451284
C0063,common_test,1,mitm,1052
C0063,common_test,1,password,1718568
C0063,common_test,1,ransomware,72805
C0063,common_test,1,scanning,0
C0063,common_test,1,xss,2108944
C0064,A_fit,0,normal,244105
C0064,A_fit,1,backdoor,0
C0064,A_fit,1,ddos,0
C0064,A_fit,1,dos,0
C0064,A_fit,1,injection,0
C0064,A_fit,1,mitm,0
C0064,A_fit,1,password,0
C0064,A_fit,1,ransomware,0
C0064,A_fit,1,scanning,5917756
C0064,A_fit,1,xss,0
C0064,A_cal,0,normal,4990
C0064,A_cal,1,backdoor,0
C0064,A_cal,1,ddos,0
C0064,A_cal,1,dos,0
C0064,A_cal,1,injection,0
C0064,A_cal,1,mitm,0
C0064,A_cal,1,password,0
C0064,A_cal,1,ransomware,0
C0064,A_cal,1,scanning,1222405
C0064,A_cal,1,xss,0
C0064,B_fit_added,0,normal,126423
C0064,B_fit_added,1,backdoor,0
C0064,B_fit_added,1,ddos,0
C0064,B_fit_added,1,dos,3375328
C0064,B_fit_added,1,injection,452659
C0064,B_fit_added,1,mitm,0
C0064,B_fit_added,1,password,0
C0064,B_fit_added,1,ransomware,0
C0064,B_fit_added,1,scanning,0
C0064,B_fit_added,1,xss,0
C0064,B_fit,0,normal,370528
C0064,B_fit,1,backdoor,0
C0064,B_fit,1,ddos,0
C0064,B_fit,1,dos,3375328
C0064,B_fit,1,injection,452659
C0064,B_fit,1,mitm,0
C0064,B_fit,1,password,0
C0064,B_fit,1,ransomware,0
C0064,B_fit,1,scanning,5917756
C0064,B_fit,1,xss,0
C0064,B_cal,0,normal,16642
C0064,B_cal,1,backdoor,0
C0064,B_cal,1,ddos,914522
C0064,B_cal,1,dos,0
C0064,B_cal,1,injection,0
C0064,B_cal,1,mitm,0
C0064,B_cal,1,password,0
C0064,B_cal,1,ransomware,0
C0064,B_cal,1,scanning,0
C0064,B_cal,1,xss,0
C0064,common_test,0,normal,403351
C0064,common_test,1,backdoor,508116
C0064,common_test,1,ddos,5250486
C0064,common_test,1,dos,0
C0064,common_test,1,injection,0
C0064,common_test,1,mitm,1052
C0064,common_test,1,password,1718568
C0064,common_test,1,ransomware,72805
C0064,common_test,1,scanning,0
C0064,common_test,1,xss,2108944
C0065,A_fit,0,normal,249095
C0065,A_fit,1,backdoor,0
C0065,A_fit,1,ddos,0
C0065,A_fit,1,dos,0
C0065,A_fit,1,injection,0
C0065,A_fit,1,mitm,0
C0065,A_fit,1,password,0
C0065,A_fit,1,ransomware,0
C0065,A_fit,1,scanning,7140161
C0065,A_fit,1,xss,0
C0065,A_cal,0,normal,0
C0065,A_cal,1,backdoor,0
C0065,A_cal,1,ddos,0
C0065,A_cal,1,dos,0
C0065,A_cal,1,injection,0
C0065,A_cal,1,mitm,0
C0065,A_cal,1,password,0
C0065,A_cal,1,ransomware,0
C0065,A_cal,1,scanning,0
C0065,A_cal,1,xss,0
C0065,B_fit_added,0,normal,143065
C0065,B_fit_added,1,backdoor,0
C0065,B_fit_added,1,ddos,914522
C0065,B_fit_added,1,dos,3375328
C0065,B_fit_added,1,injection,452659
C0065,B_fit_added,1,mitm,0
C0065,B_fit_added,1,password,0
C0065,B_fit_added,1,ransomware,0
C0065,B_fit_added,1,scanning,0
C0065,B_fit_added,1,xss,0
C0065,B_fit,0,normal,392160
C0065,B_fit,1,backdoor,0
C0065,B_fit,1,ddos,914522
C0065,B_fit,1,dos,3375328
C0065,B_fit,1,injection,452659
C0065,B_fit,1,mitm,0
C0065,B_fit,1,password,0
C0065,B_fit,1,ransomware,0
C0065,B_fit,1,scanning,7140161
C0065,B_fit,1,xss,0
C0065,B_cal,0,normal,2102
C0065,B_cal,1,backdoor,0
C0065,B_cal,1,ddos,2586944
C0065,B_cal,1,dos,0
C0065,B_cal,1,injection,0
C0065,B_cal,1,mitm,0
C0065,B_cal,1,password,0
C0065,B_cal,1,ransomware,0
C0065,B_cal,1,scanning,0
C0065,B_cal,1,xss,0
C0065,common_test,0,normal,401249
C0065,common_test,1,backdoor,508116
C0065,common_test,1,ddos,2663542
C0065,common_test,1,dos,0
C0065,common_test,1,injection,0
C0065,common_test,1,mitm,1052
C0065,common_test,1,password,1718568
C0065,common_test,1,ransomware,72805
C0065,common_test,1,scanning,0
C0065,common_test,1,xss,2108944
C0066,A_fit,0,normal,312522
C0066,A_fit,1,backdoor,0
C0066,A_fit,1,ddos,0
C0066,A_fit,1,dos,2184823
C0066,A_fit,1,injection,0
C0066,A_fit,1,mitm,0
C0066,A_fit,1,password,0
C0066,A_fit,1,ransomware,0
C0066,A_fit,1,scanning,7140161
C0066,A_fit,1,xss,0
C0066,A_cal,0,normal,40097
C0066,A_cal,1,backdoor,0
C0066,A_cal,1,ddos,0
C0066,A_cal,1,dos,1190505
C0066,A_cal,1,injection,1375
C0066,A_cal,1,mitm,0
C0066,A_cal,1,password,0
C0066,A_cal,1,ransomware,0
C0066,A_cal,1,scanning,0
C0066,A_cal,1,xss,0
C0066,B_fit_added,0,normal,78076
C0066,B_fit_added,1,backdoor,0
C0066,B_fit_added,1,ddos,5751863
C0066,B_fit_added,1,dos,0
C0066,B_fit_added,1,injection,451284
C0066,B_fit_added,1,mitm,0
C0066,B_fit_added,1,password,0
C0066,B_fit_added,1,ransomware,0
C0066,B_fit_added,1,scanning,0
C0066,B_fit_added,1,xss,0
C0066,B_fit,0,normal,390598
C0066,B_fit,1,backdoor,0
C0066,B_fit,1,ddos,5751863
C0066,B_fit,1,dos,2184823
C0066,B_fit,1,injection,451284
C0066,B_fit,1,mitm,0
C0066,B_fit,1,password,0
C0066,B_fit,1,ransomware,0
C0066,B_fit,1,scanning,7140161
C0066,B_fit,1,xss,0
C0066,B_cal,0,normal,35188
C0066,B_cal,1,backdoor,0
C0066,B_cal,1,ddos,413145
C0066,B_cal,1,dos,0
C0066,B_cal,1,injection,0
C0066,B_cal,1,mitm,0
C0066,B_cal,1,password,0
C0066,B_cal,1,ransomware,0
C0066,B_cal,1,scanning,0
C0066,B_cal,1,xss,0
C0066,common_test,0,normal,329628
C0066,common_test,1,backdoor,508116
C0066,common_test,1,ddos,0
C0066,common_test,1,dos,0
C0066,common_test,1,injection,0
C0066,common_test,1,mitm,1052
C0066,common_test,1,password,1718568
C0066,common_test,1,ransomware,72805
C0066,common_test,1,scanning,0
C0066,common_test,1,xss,2108944
C0067,A_fit,0,normal,352619
C0067,A_fit,1,backdoor,0
C0067,A_fit,1,ddos,0
C0067,A_fit,1,dos,3375328
C0067,A_fit,1,injection,1375
C0067,A_fit,1,mitm,0
C0067,A_fit,1,password,0
C0067,A_fit,1,ransomware,0
C0067,A_fit,1,scanning,7140161
C0067,A_fit,1,xss,0
C0067,A_cal,0,normal,22899
C0067,A_cal,1,backdoor,0
C0067,A_cal,1,ddos,0
C0067,A_cal,1,dos,0
C0067,A_cal,1,injection,451284
C0067,A_cal,1,mitm,0
C0067,A_cal,1,password,0
C0067,A_cal,1,ransomware,0
C0067,A_cal,1,scanning,0
C0067,A_cal,1,xss,0
C0067,B_fit_added,0,normal,90365
C0067,B_fit_added,1,backdoor,0
C0067,B_fit_added,1,ddos,6165008
C0067,B_fit_added,1,dos,0
C0067,B_fit_added,1,injection,0
C0067,B_fit_added,1,mitm,0
C0067,B_fit_added,1,password,0
C0067,B_fit_added,1,ransomware,0
C0067,B_fit_added,1,scanning,0
C0067,B_fit_added,1,xss,0
C0067,B_fit,0,normal,442984
C0067,B_fit,1,backdoor,0
C0067,B_fit,1,ddos,6165008
C0067,B_fit,1,dos,3375328
C0067,B_fit,1,injection,1375
C0067,B_fit,1,mitm,0
C0067,B_fit,1,password,0
C0067,B_fit,1,ransomware,0
C0067,B_fit,1,scanning,7140161
C0067,B_fit,1,xss,0
C0067,B_cal,0,normal,13740
C0067,B_cal,1,backdoor,0
C0067,B_cal,1,ddos,0
C0067,B_cal,1,dos,0
C0067,B_cal,1,injection,0
C0067,B_cal,1,mitm,0
C0067,B_cal,1,password,399452
C0067,B_cal,1,ransomware,0
C0067,B_cal,1,scanning,0
C0067,B_cal,1,xss,0
C0067,common_test,0,normal,315888
C0067,common_test,1,backdoor,508116
C0067,common_test,1,ddos,0
C0067,common_test,1,dos,0
C0067,common_test,1,injection,0
C0067,common_test,1,mitm,1052
C0067,common_test,1,password,1319116
C0067,common_test,1,ransomware,72805
C0067,common_test,1,scanning,0
C0067,common_test,1,xss,2108944
C0068,A_fit,0,normal,375518
C0068,A_fit,1,backdoor,0
C0068,A_fit,1,ddos,0
C0068,A_fit,1,dos,3375328
C0068,A_fit,1,injection,452659
C0068,A_fit,1,mitm,0
C0068,A_fit,1,password,0
C0068,A_fit,1,ransomware,0
C0068,A_fit,1,scanning,7140161
C0068,A_fit,1,xss,0
C0068,A_cal,0,normal,16642
C0068,A_cal,1,backdoor,0
C0068,A_cal,1,ddos,914522
C0068,A_cal,1,dos,0
C0068,A_cal,1,injection,0
C0068,A_cal,1,mitm,0
C0068,A_cal,1,password,0
C0068,A_cal,1,ransomware,0
C0068,A_cal,1,scanning,0
C0068,A_cal,1,xss,0
C0068,B_fit_added,0,normal,87463
C0068,B_fit_added,1,backdoor,0
C0068,B_fit_added,1,ddos,5250486
C0068,B_fit_added,1,dos,0
C0068,B_fit_added,1,injection,0
C0068,B_fit_added,1,mitm,0
C0068,B_fit_added,1,password,399452
C0068,B_fit_added,1,ransomware,0
C0068,B_fit_added,1,scanning,0
C0068,B_fit_added,1,xss,0
C0068,B_fit,0,normal,462981
C0068,B_fit,1,backdoor,0
C0068,B_fit,1,ddos,5250486
C0068,B_fit,1,dos,3375328
C0068,B_fit,1,injection,452659
C0068,B_fit,1,mitm,0
C0068,B_fit,1,password,399452
C0068,B_fit,1,ransomware,0
C0068,B_fit,1,scanning,7140161
C0068,B_fit,1,xss,0
C0068,B_cal,0,normal,6215
C0068,B_cal,1,backdoor,0
C0068,B_cal,1,ddos,0
C0068,B_cal,1,dos,0
C0068,B_cal,1,injection,0
C0068,B_cal,1,mitm,0
C0068,B_cal,1,password,769733
C0068,B_cal,1,ransomware,0
C0068,B_cal,1,scanning,0
C0068,B_cal,1,xss,0
C0068,common_test,0,normal,309673
C0068,common_test,1,backdoor,508116
C0068,common_test,1,ddos,0
C0068,common_test,1,dos,0
C0068,common_test,1,injection,0
C0068,common_test,1,mitm,1052
C0068,common_test,1,password,549383
C0068,common_test,1,ransomware,72805
C0068,common_test,1,scanning,0
C0068,common_test,1,xss,2108944
C0069,A_fit,0,normal,392160
C0069,A_fit,1,backdoor,0
C0069,A_fit,1,ddos,914522
C0069,A_fit,1,dos,3375328
C0069,A_fit,1,injection,452659
C0069,A_fit,1,mitm,0
C0069,A_fit,1,password,0
C0069,A_fit,1,ransomware,0
C0069,A_fit,1,scanning,7140161
C0069,A_fit,1,xss,0
C0069,A_cal,0,normal,2102
C0069,A_cal,1,backdoor,0
C0069,A_cal,1,ddos,2586944
C0069,A_cal,1,dos,0
C0069,A_cal,1,injection,0
C0069,A_cal,1,mitm,0
C0069,A_cal,1,password,0
C0069,A_cal,1,ransomware,0
C0069,A_cal,1,scanning,0
C0069,A_cal,1,xss,0
C0069,B_fit_added,0,normal,91576
C0069,B_fit_added,1,backdoor,0
C0069,B_fit_added,1,ddos,2663542
C0069,B_fit_added,1,dos,0
C0069,B_fit_added,1,injection,0
C0069,B_fit_added,1,mitm,0
C0069,B_fit_added,1,password,1169185
C0069,B_fit_added,1,ransomware,0
C0069,B_fit_added,1,scanning,0
C0069,B_fit_added,1,xss,0
C0069,B_fit,0,normal,483736
C0069,B_fit,1,backdoor,0
C0069,B_fit,1,ddos,3578064
C0069,B_fit,1,dos,3375328
C0069,B_fit,1,injection,452659
C0069,B_fit,1,mitm,0
C0069,B_fit,1,password,1169185
C0069,B_fit,1,ransomware,0
C0069,B_fit,1,scanning,7140161
C0069,B_fit,1,xss,0
C0069,B_cal,0,normal,22563
C0069,B_cal,1,backdoor,0
C0069,B_cal,1,ddos,0
C0069,B_cal,1,dos,0
C0069,B_cal,1,injection,0
C0069,B_cal,1,mitm,0
C0069,B_cal,1,password,549383
C0069,B_cal,1,ransomware,0
C0069,B_cal,1,scanning,0
C0069,B_cal,1,xss,284800
C0069,common_test,0,normal,287110
C0069,common_test,1,backdoor,508116
C0069,common_test,1,ddos,0
C0069,common_test,1,dos,0
C0069,common_test,1,injection,0
C0069,common_test,1,mitm,1052
C0069,common_test,1,password,0
C0069,common_test,1,ransomware,72805
C0069,common_test,1,scanning,0
C0069,common_test,1,xss,1824144
C0070,A_fit,0,normal,394262
C0070,A_fit,1,backdoor,0
C0070,A_fit,1,ddos,3501466
C0070,A_fit,1,dos,3375328
C0070,A_fit,1,injection,452659
C0070,A_fit,1,mitm,0
C0070,A_fit,1,password,0
C0070,A_fit,1,ransomware,0
C0070,A_fit,1,scanning,7140161
C0070,A_fit,1,xss,0
C0070,A_cal,0,normal,36433
C0070,A_cal,1,backdoor,0
C0070,A_cal,1,ddos,2250397
C0070,A_cal,1,dos,0
C0070,A_cal,1,injection,0
C0070,A_cal,1,mitm,0
C0070,A_cal,1,password,0
C0070,A_cal,1,ransomware,0
C0070,A_cal,1,scanning,0
C0070,A_cal,1,xss,0
C0070,B_fit_added,0,normal,77706
C0070,B_fit_added,1,backdoor,0
C0070,B_fit_added,1,ddos,413145
C0070,B_fit_added,1,dos,0
C0070,B_fit_added,1,injection,0
C0070,B_fit_added,1,mitm,0
C0070,B_fit_added,1,password,1718568
C0070,B_fit_added,1,ransomware,0
C0070,B_fit_added,1,scanning,0
C0070,B_fit_added,1,xss,284800
C0070,B_fit,0,normal,471968
C0070,B_fit,1,backdoor,0
C0070,B_fit,1,ddos,3914611
C0070,B_fit,1,dos,3375328
C0070,B_fit,1,injection,452659
C0070,B_fit,1,mitm,0
C0070,B_fit,1,password,1718568
C0070,B_fit,1,ransomware,0
C0070,B_fit,1,scanning,7140161
C0070,B_fit,1,xss,284800
C0070,B_cal,0,normal,23095
C0070,B_cal,1,backdoor,0
C0070,B_cal,1,ddos,0
C0070,B_cal,1,dos,0
C0070,B_cal,1,injection,0
C0070,B_cal,1,mitm,0
C0070,B_cal,1,password,0
C0070,B_cal,1,ransomware,0
C0070,B_cal,1,scanning,0
C0070,B_cal,1,xss,1614784
C0070,common_test,0,normal,264015
C0070,common_test,1,backdoor,508116
C0070,common_test,1,ddos,0
C0070,common_test,1,dos,0
C0070,common_test,1,injection,0
C0070,common_test,1,mitm,1052
C0070,common_test,1,password,0
C0070,common_test,1,ransomware,72805
C0070,common_test,1,scanning,0
C0070,common_test,1,xss,209360
C0071,A_fit,0,normal,430695
C0071,A_fit,1,backdoor,0
C0071,A_fit,1,ddos,5751863
C0071,A_fit,1,dos,3375328
C0071,A_fit,1,injection,452659
C0071,A_fit,1,mitm,0
C0071,A_fit,1,password,0
C0071,A_fit,1,ransomware,0
C0071,A_fit,1,scanning,7140161
C0071,A_fit,1,xss,0
C0071,A_cal,0,normal,35188
C0071,A_cal,1,backdoor,0
C0071,A_cal,1,ddos,413145
C0071,A_cal,1,dos,0
C0071,A_cal,1,injection,0
C0071,A_cal,1,mitm,0
C0071,A_cal,1,password,0
C0071,A_cal,1,ransomware,0
C0071,A_cal,1,scanning,0
C0071,A_cal,1,xss,0
C0071,B_fit_added,0,normal,65613
C0071,B_fit_added,1,backdoor,0
C0071,B_fit_added,1,ddos,0
C0071,B_fit_added,1,dos,0
C0071,B_fit_added,1,injection,0
C0071,B_fit_added,1,mitm,0
C0071,B_fit_added,1,password,1718568
C0071,B_fit_added,1,ransomware,0
C0071,B_fit_added,1,scanning,0
C0071,B_fit_added,1,xss,1899584
C0071,B_fit,0,normal,496308
C0071,B_fit,1,backdoor,0
C0071,B_fit,1,ddos,5751863
C0071,B_fit,1,dos,3375328
C0071,B_fit,1,injection,452659
C0071,B_fit,1,mitm,0
C0071,B_fit,1,password,1718568
C0071,B_fit,1,ransomware,0
C0071,B_fit,1,scanning,7140161
C0071,B_fit,1,xss,1899584
C0071,B_cal,0,normal,2923
C0071,B_cal,1,backdoor,0
C0071,B_cal,1,ddos,0
C0071,B_cal,1,dos,0
C0071,B_cal,1,injection,0
C0071,B_cal,1,mitm,0
C0071,B_cal,1,password,0
C0071,B_cal,1,ransomware,0
C0071,B_cal,1,scanning,0
C0071,B_cal,1,xss,209360
C0071,common_test,0,normal,261092
C0071,common_test,1,backdoor,508116
C0071,common_test,1,ddos,0
C0071,common_test,1,dos,0
C0071,common_test,1,injection,0
C0071,common_test,1,mitm,1052
C0071,common_test,1,password,0
C0071,common_test,1,ransomware,72805
C0071,common_test,1,scanning,0
C0071,common_test,1,xss,0
C0072,A_fit,0,normal,465883
C0072,A_fit,1,backdoor,0
C0072,A_fit,1,ddos,6165008
C0072,A_fit,1,dos,3375328
C0072,A_fit,1,injection,452659
C0072,A_fit,1,mitm,0
C0072,A_fit,1,password,0
C0072,A_fit,1,ransomware,0
C0072,A_fit,1,scanning,7140161
C0072,A_fit,1,xss,0
C0072,A_cal,0,normal,13740
C0072,A_cal,1,backdoor,0
C0072,A_cal,1,ddos,0
C0072,A_cal,1,dos,0
C0072,A_cal,1,injection,0
C0072,A_cal,1,mitm,0
C0072,A_cal,1,password,399452
C0072,A_cal,1,ransomware,0
C0072,A_cal,1,scanning,0
C0072,A_cal,1,xss,0
C0072,B_fit_added,0,normal,54796
C0072,B_fit_added,1,backdoor,0
C0072,B_fit_added,1,ddos,0
C0072,B_fit_added,1,dos,0
C0072,B_fit_added,1,injection,0
C0072,B_fit_added,1,mitm,0
C0072,B_fit_added,1,password,1319116
C0072,B_fit_added,1,ransomware,0
C0072,B_fit_added,1,scanning,0
C0072,B_fit_added,1,xss,2108944
C0072,B_fit,0,normal,520679
C0072,B_fit,1,backdoor,0
C0072,B_fit,1,ddos,6165008
C0072,B_fit,1,dos,3375328
C0072,B_fit,1,injection,452659
C0072,B_fit,1,mitm,0
C0072,B_fit,1,password,1319116
C0072,B_fit,1,ransomware,0
C0072,B_fit,1,scanning,7140161
C0072,B_fit,1,xss,2108944
C0072,B_cal,0,normal,0
C0072,B_cal,1,backdoor,0
C0072,B_cal,1,ddos,0
C0072,B_cal,1,dos,0
C0072,B_cal,1,injection,0
C0072,B_cal,1,mitm,0
C0072,B_cal,1,password,0
C0072,B_cal,1,ransomware,0
C0072,B_cal,1,scanning,0
C0072,B_cal,1,xss,0
C0072,common_test,0,normal,261092
C0072,common_test,1,backdoor,508116
C0072,common_test,1,ddos,0
C0072,common_test,1,dos,0
C0072,common_test,1,injection,0
C0072,common_test,1,mitm,1052
C0072,common_test,1,password,0
C0072,common_test,1,ransomware,72805
C0072,common_test,1,scanning,0
C0072,common_test,1,xss,0
C0073,A_fit,0,normal,479623
C0073,A_fit,1,backdoor,0
C0073,A_fit,1,ddos,6165008
C0073,A_fit,1,dos,3375328
C0073,A_fit,1,injection,452659
C0073,A_fit,1,mitm,0
C0073,A_fit,1,password,399452
C0073,A_fit,1,ransomware,0
C0073,A_fit,1,scanning,7140161
C0073,A_fit,1,xss,0
C0073,A_cal,0,normal,6215
C0073,A_cal,1,backdoor,0
C0073,A_cal,1,ddos,0
C0073,A_cal,1,dos,0
C0073,A_cal,1,injection,0
C0073,A_cal,1,mitm,0
C0073,A_cal,1,password,769733
C0073,A_cal,1,ransomware,0
C0073,A_cal,1,scanning,0
C0073,A_cal,1,xss,0
C0073,B_fit_added,0,normal,48581
C0073,B_fit_added,1,backdoor,0
C0073,B_fit_added,1,ddos,0
C0073,B_fit_added,1,dos,0
C0073,B_fit_added,1,injection,0
C0073,B_fit_added,1,mitm,0
C0073,B_fit_added,1,password,549383
C0073,B_fit_added,1,ransomware,0
C0073,B_fit_added,1,scanning,0
C0073,B_fit_added,1,xss,2108944
C0073,B_fit,0,normal,528204
C0073,B_fit,1,backdoor,0
C0073,B_fit,1,ddos,6165008
C0073,B_fit,1,dos,3375328
C0073,B_fit,1,injection,452659
C0073,B_fit,1,mitm,0
C0073,B_fit,1,password,948835
C0073,B_fit,1,ransomware,0
C0073,B_fit,1,scanning,7140161
C0073,B_fit,1,xss,2108944
C0073,B_cal,0,normal,197879
C0073,B_cal,1,backdoor,0
C0073,B_cal,1,ddos,0
C0073,B_cal,1,dos,0
C0073,B_cal,1,injection,0
C0073,B_cal,1,mitm,0
C0073,B_cal,1,password,0
C0073,B_cal,1,ransomware,72803
C0073,B_cal,1,scanning,0
C0073,B_cal,1,xss,0
C0073,common_test,0,normal,63213
C0073,common_test,1,backdoor,508116
C0073,common_test,1,ddos,0
C0073,common_test,1,dos,0
C0073,common_test,1,injection,0
C0073,common_test,1,mitm,1052
C0073,common_test,1,password,0
C0073,common_test,1,ransomware,2
C0073,common_test,1,scanning,0
C0073,common_test,1,xss,0
C0074,A_fit,0,normal,485838
C0074,A_fit,1,backdoor,0
C0074,A_fit,1,ddos,6165008
C0074,A_fit,1,dos,3375328
C0074,A_fit,1,injection,452659
C0074,A_fit,1,mitm,0
C0074,A_fit,1,password,1169185
C0074,A_fit,1,ransomware,0
C0074,A_fit,1,scanning,7140161
C0074,A_fit,1,xss,0
C0074,A_cal,0,normal,22563
C0074,A_cal,1,backdoor,0
C0074,A_cal,1,ddos,0
C0074,A_cal,1,dos,0
C0074,A_cal,1,injection,0
C0074,A_cal,1,mitm,0
C0074,A_cal,1,password,549383
C0074,A_cal,1,ransomware,0
C0074,A_cal,1,scanning,0
C0074,A_cal,1,xss,284800
C0074,B_fit_added,0,normal,223897
C0074,B_fit_added,1,backdoor,0
C0074,B_fit_added,1,ddos,0
C0074,B_fit_added,1,dos,0
C0074,B_fit_added,1,injection,0
C0074,B_fit_added,1,mitm,0
C0074,B_fit_added,1,password,0
C0074,B_fit_added,1,ransomware,72803
C0074,B_fit_added,1,scanning,0
C0074,B_fit_added,1,xss,1824144
C0074,B_fit,0,normal,709735
C0074,B_fit,1,backdoor,0
C0074,B_fit,1,ddos,6165008
C0074,B_fit,1,dos,3375328
C0074,B_fit,1,injection,452659
C0074,B_fit,1,mitm,0
C0074,B_fit,1,password,1169185
C0074,B_fit,1,ransomware,72803
C0074,B_fit,1,scanning,7140161
C0074,B_fit,1,xss,1824144
C0074,B_cal,0,normal,17542
C0074,B_cal,1,backdoor,63039
C0074,B_cal,1,ddos,0
C0074,B_cal,1,dos,0
C0074,B_cal,1,injection,0
C0074,B_cal,1,mitm,0
C0074,B_cal,1,password,0
C0074,B_cal,1,ransomware,2
C0074,B_cal,1,scanning,0
C0074,B_cal,1,xss,0
C0074,common_test,0,normal,45671
C0074,common_test,1,backdoor,445077
C0074,common_test,1,ddos,0
C0074,common_test,1,dos,0
C0074,common_test,1,injection,0
C0074,common_test,1,mitm,1052
C0074,common_test,1,password,0
C0074,common_test,1,ransomware,0
C0074,common_test,1,scanning,0
C0074,common_test,1,xss,0
C0075,A_fit,0,normal,508401
C0075,A_fit,1,backdoor,0
C0075,A_fit,1,ddos,6165008
C0075,A_fit,1,dos,3375328
C0075,A_fit,1,injection,452659
C0075,A_fit,1,mitm,0
C0075,A_fit,1,password,1718568
C0075,A_fit,1,ransomware,0
C0075,A_fit,1,scanning,7140161
C0075,A_fit,1,xss,284800
C0075,A_cal,0,normal,23095
C0075,A_cal,1,backdoor,0
C0075,A_cal,1,ddos,0
C0075,A_cal,1,dos,0
C0075,A_cal,1,injection,0
C0075,A_cal,1,mitm,0
C0075,A_cal,1,password,0
C0075,A_cal,1,ransomware,0
C0075,A_cal,1,scanning,0
C0075,A_cal,1,xss,1614784
C0075,B_fit_added,0,normal,218344
C0075,B_fit_added,1,backdoor,63039
C0075,B_fit_added,1,ddos,0
C0075,B_fit_added,1,dos,0
C0075,B_fit_added,1,injection,0
C0075,B_fit_added,1,mitm,0
C0075,B_fit_added,1,password,0
C0075,B_fit_added,1,ransomware,72805
C0075,B_fit_added,1,scanning,0
C0075,B_fit_added,1,xss,209360
C0075,B_fit,0,normal,726745
C0075,B_fit,1,backdoor,63039
C0075,B_fit,1,ddos,6165008
C0075,B_fit,1,dos,3375328
C0075,B_fit,1,injection,452659
C0075,B_fit,1,mitm,0
C0075,B_fit,1,password,1718568
C0075,B_fit,1,ransomware,72805
C0075,B_fit,1,scanning,7140161
C0075,B_fit,1,xss,494160
C0075,B_cal,0,normal,7781
C0075,B_cal,1,backdoor,90757
C0075,B_cal,1,ddos,0
C0075,B_cal,1,dos,0
C0075,B_cal,1,injection,0
C0075,B_cal,1,mitm,0
C0075,B_cal,1,password,0
C0075,B_cal,1,ransomware,0
C0075,B_cal,1,scanning,0
C0075,B_cal,1,xss,0
C0075,common_test,0,normal,37890
C0075,common_test,1,backdoor,354320
C0075,common_test,1,ddos,0
C0075,common_test,1,dos,0
C0075,common_test,1,injection,0
C0075,common_test,1,mitm,1052
C0075,common_test,1,password,0
C0075,common_test,1,ransomware,0
C0075,common_test,1,scanning,0
C0075,common_test,1,xss,0
C0076,A_fit,0,normal,531496
C0076,A_fit,1,backdoor,0
C0076,A_fit,1,ddos,6165008
C0076,A_fit,1,dos,3375328
C0076,A_fit,1,injection,452659
C0076,A_fit,1,mitm,0
C0076,A_fit,1,password,1718568
C0076,A_fit,1,ransomware,0
C0076,A_fit,1,scanning,7140161
C0076,A_fit,1,xss,1899584
C0076,A_cal,0,normal,2923
C0076,A_cal,1,backdoor,0
C0076,A_cal,1,ddos,0
C0076,A_cal,1,dos,0
C0076,A_cal,1,injection,0
C0076,A_cal,1,mitm,0
C0076,A_cal,1,password,0
C0076,A_cal,1,ransomware,0
C0076,A_cal,1,scanning,0
C0076,A_cal,1,xss,209360
C0076,B_fit_added,0,normal,223202
C0076,B_fit_added,1,backdoor,153796
C0076,B_fit_added,1,ddos,0
C0076,B_fit_added,1,dos,0
C0076,B_fit_added,1,injection,0
C0076,B_fit_added,1,mitm,0
C0076,B_fit_added,1,password,0
C0076,B_fit_added,1,ransomware,72805
C0076,B_fit_added,1,scanning,0
C0076,B_fit_added,1,xss,0
C0076,B_fit,0,normal,754698
C0076,B_fit,1,backdoor,153796
C0076,B_fit,1,ddos,6165008
C0076,B_fit,1,dos,3375328
C0076,B_fit,1,injection,452659
C0076,B_fit,1,mitm,0
C0076,B_fit,1,password,1718568
C0076,B_fit,1,ransomware,72805
C0076,B_fit,1,scanning,7140161
C0076,B_fit,1,xss,1899584
C0076,B_cal,0,normal,7666
C0076,B_cal,1,backdoor,119733
C0076,B_cal,1,ddos,0
C0076,B_cal,1,dos,0
C0076,B_cal,1,injection,0
C0076,B_cal,1,mitm,0
C0076,B_cal,1,password,0
C0076,B_cal,1,ransomware,0
C0076,B_cal,1,scanning,0
C0076,B_cal,1,xss,0
C0076,common_test,0,normal,30224
C0076,common_test,1,backdoor,234587
C0076,common_test,1,ddos,0
C0076,common_test,1,dos,0
C0076,common_test,1,injection,0
C0076,common_test,1,mitm,1052
C0076,common_test,1,password,0
C0076,common_test,1,ransomware,0
C0076,common_test,1,scanning,0
C0076,common_test,1,xss,0
C0077,A_fit,0,normal,534419
C0077,A_fit,1,backdoor,0
C0077,A_fit,1,ddos,6165008
C0077,A_fit,1,dos,3375328
C0077,A_fit,1,injection,452659
C0077,A_fit,1,mitm,0
C0077,A_fit,1,password,1718568
C0077,A_fit,1,ransomware,0
C0077,A_fit,1,scanning,7140161
C0077,A_fit,1,xss,2108944
C0077,A_cal,0,normal,0
C0077,A_cal,1,backdoor,0
C0077,A_cal,1,ddos,0
C0077,A_cal,1,dos,0
C0077,A_cal,1,injection,0
C0077,A_cal,1,mitm,0
C0077,A_cal,1,password,0
C0077,A_cal,1,ransomware,0
C0077,A_cal,1,scanning,0
C0077,A_cal,1,xss,0
C0077,B_fit_added,0,normal,230868
C0077,B_fit_added,1,backdoor,273529
C0077,B_fit_added,1,ddos,0
C0077,B_fit_added,1,dos,0
C0077,B_fit_added,1,injection,0
C0077,B_fit_added,1,mitm,0
C0077,B_fit_added,1,password,0
C0077,B_fit_added,1,ransomware,72805
C0077,B_fit_added,1,scanning,0
C0077,B_fit_added,1,xss,0
C0077,B_fit,0,normal,765287
C0077,B_fit,1,backdoor,273529
C0077,B_fit,1,ddos,6165008
C0077,B_fit,1,dos,3375328
C0077,B_fit,1,injection,452659
C0077,B_fit,1,mitm,0
C0077,B_fit,1,password,1718568
C0077,B_fit,1,ransomware,72805
C0077,B_fit,1,scanning,7140161
C0077,B_fit,1,xss,2108944
C0077,B_cal,0,normal,6553
C0077,B_cal,1,backdoor,144142
C0077,B_cal,1,ddos,0
C0077,B_cal,1,dos,0
C0077,B_cal,1,injection,0
C0077,B_cal,1,mitm,0
C0077,B_cal,1,password,0
C0077,B_cal,1,ransomware,0
C0077,B_cal,1,scanning,0
C0077,B_cal,1,xss,0
C0077,common_test,0,normal,23671
C0077,common_test,1,backdoor,90445
C0077,common_test,1,ddos,0
C0077,common_test,1,dos,0
C0077,common_test,1,injection,0
C0077,common_test,1,mitm,1052
C0077,common_test,1,password,0
C0077,common_test,1,ransomware,0
C0077,common_test,1,scanning,0
C0077,common_test,1,xss,0
C0078,A_fit,0,normal,5486
C0078,A_fit,1,backdoor,0
C0078,A_fit,1,ddos,0
C0078,A_fit,1,dos,0
C0078,A_fit,1,injection,0
C0078,A_fit,1,mitm,0
C0078,A_fit,1,password,0
C0078,A_fit,1,ransomware,0
C0078,A_fit,1,scanning,0
C0078,A_fit,1,xss,0
C0078,A_cal,0,normal,37859
C0078,A_cal,1,backdoor,0
C0078,A_cal,1,ddos,0
C0078,A_cal,1,dos,0
C0078,A_cal,1,injection,0
C0078,A_cal,1,mitm,0
C0078,A_cal,1,password,0
C0078,A_cal,1,ransomware,0
C0078,A_cal,1,scanning,0
C0078,A_cal,1,xss,0
C0078,B_fit_added,0,normal,69467
C0078,B_fit_added,1,backdoor,0
C0078,B_fit_added,1,ddos,0
C0078,B_fit_added,1,dos,0
C0078,B_fit_added,1,injection,0
C0078,B_fit_added,1,mitm,0
C0078,B_fit_added,1,password,0
C0078,B_fit_added,1,ransomware,0
C0078,B_fit_added,1,scanning,0
C0078,B_fit_added,1,xss,0
C0078,B_fit,0,normal,74953
C0078,B_fit,1,backdoor,0
C0078,B_fit,1,ddos,0
C0078,B_fit,1,dos,0
C0078,B_fit,1,injection,0
C0078,B_fit,1,mitm,0
C0078,B_fit,1,password,0
C0078,B_fit,1,ransomware,0
C0078,B_fit,1,scanning,0
C0078,B_fit,1,xss,0
C0078,B_cal,0,normal,52388
C0078,B_cal,1,backdoor,0
C0078,B_cal,1,ddos,0
C0078,B_cal,1,dos,0
C0078,B_cal,1,injection,0
C0078,B_cal,1,mitm,0
C0078,B_cal,1,password,0
C0078,B_cal,1,ransomware,0
C0078,B_cal,1,scanning,0
C0078,B_cal,1,xss,0
C0078,common_test,0,normal,630311
C0078,common_test,1,backdoor,508116
C0078,common_test,1,ddos,6165008
C0078,common_test,1,dos,3375328
C0078,common_test,1,injection,452659
C0078,common_test,1,mitm,1052
C0078,common_test,1,password,1718568
C0078,common_test,1,ransomware,72805
C0078,common_test,1,scanning,7140161
C0078,common_test,1,xss,2108944
C0079,A_fit,0,normal,43345
C0079,A_fit,1,backdoor,0
C0079,A_fit,1,ddos,0
C0079,A_fit,1,dos,0
C0079,A_fit,1,injection,0
C0079,A_fit,1,mitm,0
C0079,A_fit,1,password,0
C0079,A_fit,1,ransomware,0
C0079,A_fit,1,scanning,0
C0079,A_fit,1,xss,0
C0079,A_cal,0,normal,69467
C0079,A_cal,1,backdoor,0
C0079,A_cal,1,ddos,0
C0079,A_cal,1,dos,0
C0079,A_cal,1,injection,0
C0079,A_cal,1,mitm,0
C0079,A_cal,1,password,0
C0079,A_cal,1,ransomware,0
C0079,A_cal,1,scanning,0
C0079,A_cal,1,xss,0
C0079,B_fit_added,0,normal,52388
C0079,B_fit_added,1,backdoor,0
C0079,B_fit_added,1,ddos,0
C0079,B_fit_added,1,dos,0
C0079,B_fit_added,1,injection,0
C0079,B_fit_added,1,mitm,0
C0079,B_fit_added,1,password,0
C0079,B_fit_added,1,ransomware,0
C0079,B_fit_added,1,scanning,0
C0079,B_fit_added,1,xss,0
C0079,B_fit,0,normal,95733
C0079,B_fit,1,backdoor,0
C0079,B_fit,1,ddos,0
C0079,B_fit,1,dos,0
C0079,B_fit,1,injection,0
C0079,B_fit,1,mitm,0
C0079,B_fit,1,password,0
C0079,B_fit,1,ransomware,0
C0079,B_fit,1,scanning,0
C0079,B_fit,1,xss,0
C0079,B_cal,0,normal,35523
C0079,B_cal,1,backdoor,0
C0079,B_cal,1,ddos,0
C0079,B_cal,1,dos,0
C0079,B_cal,1,injection,0
C0079,B_cal,1,mitm,0
C0079,B_cal,1,password,0
C0079,B_cal,1,ransomware,0
C0079,B_cal,1,scanning,0
C0079,B_cal,1,xss,0
C0079,common_test,0,normal,594788
C0079,common_test,1,backdoor,508116
C0079,common_test,1,ddos,6165008
C0079,common_test,1,dos,3375328
C0079,common_test,1,injection,452659
C0079,common_test,1,mitm,1052
C0079,common_test,1,password,1718568
C0079,common_test,1,ransomware,72805
C0079,common_test,1,scanning,7140161
C0079,common_test,1,xss,2108944
C0080,A_fit,0,normal,112812
C0080,A_fit,1,backdoor,0
C0080,A_fit,1,ddos,0
C0080,A_fit,1,dos,0
C0080,A_fit,1,injection,0
C0080,A_fit,1,mitm,0
C0080,A_fit,1,password,0
C0080,A_fit,1,ransomware,0
C0080,A_fit,1,scanning,0
C0080,A_fit,1,xss,0
C0080,A_cal,0,normal,52388
C0080,A_cal,1,backdoor,0
C0080,A_cal,1,ddos,0
C0080,A_cal,1,dos,0
C0080,A_cal,1,injection,0
C0080,A_cal,1,mitm,0
C0080,A_cal,1,password,0
C0080,A_cal,1,ransomware,0
C0080,A_cal,1,scanning,0
C0080,A_cal,1,xss,0
C0080,B_fit_added,0,normal,35523
C0080,B_fit_added,1,backdoor,0
C0080,B_fit_added,1,ddos,0
C0080,B_fit_added,1,dos,0
C0080,B_fit_added,1,injection,0
C0080,B_fit_added,1,mitm,0
C0080,B_fit_added,1,password,0
C0080,B_fit_added,1,ransomware,0
C0080,B_fit_added,1,scanning,0
C0080,B_fit_added,1,xss,0
C0080,B_fit,0,normal,148335
C0080,B_fit,1,backdoor,0
C0080,B_fit,1,ddos,0
C0080,B_fit,1,dos,0
C0080,B_fit,1,injection,0
C0080,B_fit,1,mitm,0
C0080,B_fit,1,password,0
C0080,B_fit,1,ransomware,0
C0080,B_fit,1,scanning,0
C0080,B_fit,1,xss,0
C0080,B_cal,0,normal,0
C0080,B_cal,1,backdoor,0
C0080,B_cal,1,ddos,0
C0080,B_cal,1,dos,0
C0080,B_cal,1,injection,0
C0080,B_cal,1,mitm,0
C0080,B_cal,1,password,0
C0080,B_cal,1,ransomware,0
C0080,B_cal,1,scanning,0
C0080,B_cal,1,xss,0
C0080,common_test,0,normal,594788
C0080,common_test,1,backdoor,508116
C0080,common_test,1,ddos,6165008
C0080,common_test,1,dos,3375328
C0080,common_test,1,injection,452659
C0080,common_test,1,mitm,1052
C0080,common_test,1,password,1718568
C0080,common_test,1,ransomware,72805
C0080,common_test,1,scanning,7140161
C0080,common_test,1,xss,2108944
C0081,A_fit,0,normal,165200
C0081,A_fit,1,backdoor,0
C0081,A_fit,1,ddos,0
C0081,A_fit,1,dos,0
C0081,A_fit,1,injection,0
C0081,A_fit,1,mitm,0
C0081,A_fit,1,password,0
C0081,A_fit,1,ransomware,0
C0081,A_fit,1,scanning,0
C0081,A_fit,1,xss,0
C0081,A_cal,0,normal,35523
C0081,A_cal,1,backdoor,0
C0081,A_cal,1,ddos,0
C0081,A_cal,1,dos,0
C0081,A_cal,1,injection,0
C0081,A_cal,1,mitm,0
C0081,A_cal,1,password,0
C0081,A_cal,1,ransomware,0
C0081,A_cal,1,scanning,0
C0081,A_cal,1,xss,0
C0081,B_fit_added,0,normal,0
C0081,B_fit_added,1,backdoor,0
C0081,B_fit_added,1,ddos,0
C0081,B_fit_added,1,dos,0
C0081,B_fit_added,1,injection,0
C0081,B_fit_added,1,mitm,0
C0081,B_fit_added,1,password,0
C0081,B_fit_added,1,ransomware,0
C0081,B_fit_added,1,scanning,0
C0081,B_fit_added,1,xss,0
C0081,B_fit,0,normal,165200
C0081,B_fit,1,backdoor,0
C0081,B_fit,1,ddos,0
C0081,B_fit,1,dos,0
C0081,B_fit,1,injection,0
C0081,B_fit,1,mitm,0
C0081,B_fit,1,password,0
C0081,B_fit,1,ransomware,0
C0081,B_fit,1,scanning,0
C0081,B_fit,1,xss,0
C0081,B_cal,0,normal,0
C0081,B_cal,1,backdoor,0
C0081,B_cal,1,ddos,0
C0081,B_cal,1,dos,0
C0081,B_cal,1,injection,0
C0081,B_cal,1,mitm,0
C0081,B_cal,1,password,0
C0081,B_cal,1,ransomware,0
C0081,B_cal,1,scanning,0
C0081,B_cal,1,xss,0
C0081,common_test,0,normal,594788
C0081,common_test,1,backdoor,508116
C0081,common_test,1,ddos,6165008
C0081,common_test,1,dos,3375328
C0081,common_test,1,injection,452659
C0081,common_test,1,mitm,1052
C0081,common_test,1,password,1718568
C0081,common_test,1,ransomware,72805
C0081,common_test,1,scanning,7140161
C0081,common_test,1,xss,2108944
C0082,A_fit,0,normal,200723
C0082,A_fit,1,backdoor,0
C0082,A_fit,1,ddos,0
C0082,A_fit,1,dos,0
C0082,A_fit,1,injection,0
C0082,A_fit,1,mitm,0
C0082,A_fit,1,password,0
C0082,A_fit,1,ransomware,0
C0082,A_fit,1,scanning,0
C0082,A_fit,1,xss,0
C0082,A_cal,0,normal,0
C0082,A_cal,1,backdoor,0
C0082,A_cal,1,ddos,0
C0082,A_cal,1,dos,0
C0082,A_cal,1,injection,0
C0082,A_cal,1,mitm,0
C0082,A_cal,1,password,0
C0082,A_cal,1,ransomware,0
C0082,A_cal,1,scanning,0
C0082,A_cal,1,xss,0
C0082,B_fit_added,0,normal,0
C0082,B_fit_added,1,backdoor,0
C0082,B_fit_added,1,ddos,0
C0082,B_fit_added,1,dos,0
C0082,B_fit_added,1,injection,0
C0082,B_fit_added,1,mitm,0
C0082,B_fit_added,1,password,0
C0082,B_fit_added,1,ransomware,0
C0082,B_fit_added,1,scanning,0
C0082,B_fit_added,1,xss,0
C0082,B_fit,0,normal,200723
C0082,B_fit,1,backdoor,0
C0082,B_fit,1,ddos,0
C0082,B_fit,1,dos,0
C0082,B_fit,1,injection,0
C0082,B_fit,1,mitm,0
C0082,B_fit,1,password,0
C0082,B_fit,1,ransomware,0
C0082,B_fit,1,scanning,0
C0082,B_fit,1,xss,0
C0082,B_cal,0,normal,0
C0082,B_cal,1,backdoor,0
C0082,B_cal,1,ddos,0
C0082,B_cal,1,dos,0
C0082,B_cal,1,injection,0
C0082,B_cal,1,mitm,0
C0082,B_cal,1,password,0
C0082,B_cal,1,ransomware,0
C0082,B_cal,1,scanning,0
C0082,B_cal,1,xss,0
C0082,common_test,0,normal,594788
C0082,common_test,1,backdoor,508116
C0082,common_test,1,ddos,6165008
C0082,common_test,1,dos,3375328
C0082,common_test,1,injection,452659
C0082,common_test,1,mitm,1052
C0082,common_test,1,password,1718568
C0082,common_test,1,ransomware,72805
C0082,common_test,1,scanning,7140161
C0082,common_test,1,xss,2108944
C0083,A_fit,0,normal,223199
C0083,A_fit,1,backdoor,0
C0083,A_fit,1,ddos,0
C0083,A_fit,1,dos,0
C0083,A_fit,1,injection,0
C0083,A_fit,1,mitm,0
C0083,A_fit,1,password,0
C0083,A_fit,1,ransomware,0
C0083,A_fit,1,scanning,3733109
C0083,A_fit,1,xss,0
C0083,A_cal,0,normal,25896
C0083,A_cal,1,backdoor,0
C0083,A_cal,1,ddos,0
C0083,A_cal,1,dos,0
C0083,A_cal,1,injection,0
C0083,A_cal,1,mitm,0
C0083,A_cal,1,password,0
C0083,A_cal,1,ransomware,0
C0083,A_cal,1,scanning,3407052
C0083,A_cal,1,xss,0
C0083,B_fit_added,0,normal,63427
C0083,B_fit_added,1,backdoor,0
C0083,B_fit_added,1,ddos,0
C0083,B_fit_added,1,dos,2184823
C0083,B_fit_added,1,injection,0
C0083,B_fit_added,1,mitm,0
C0083,B_fit_added,1,password,0
C0083,B_fit_added,1,ransomware,0
C0083,B_fit_added,1,scanning,0
C0083,B_fit_added,1,xss,0
C0083,B_fit,0,normal,286626
C0083,B_fit,1,backdoor,0
C0083,B_fit,1,ddos,0
C0083,B_fit,1,dos,2184823
C0083,B_fit,1,injection,0
C0083,B_fit,1,mitm,0
C0083,B_fit,1,password,0
C0083,B_fit,1,ransomware,0
C0083,B_fit,1,scanning,3733109
C0083,B_fit,1,xss,0
C0083,B_cal,0,normal,62996
C0083,B_cal,1,backdoor,0
C0083,B_cal,1,ddos,0
C0083,B_cal,1,dos,1190505
C0083,B_cal,1,injection,452659
C0083,B_cal,1,mitm,0
C0083,B_cal,1,password,0
C0083,B_cal,1,ransomware,0
C0083,B_cal,1,scanning,0
C0083,B_cal,1,xss,0
C0083,common_test,0,normal,419993
C0083,common_test,1,backdoor,508116
C0083,common_test,1,ddos,6165008
C0083,common_test,1,dos,0
C0083,common_test,1,injection,0
C0083,common_test,1,mitm,1052
C0083,common_test,1,password,1718568
C0083,common_test,1,ransomware,72805
C0083,common_test,1,scanning,0
C0083,common_test,1,xss,2108944
C0084,A_fit,0,normal,249095
C0084,A_fit,1,backdoor,0
C0084,A_fit,1,ddos,0
C0084,A_fit,1,dos,0
C0084,A_fit,1,injection,0
C0084,A_fit,1,mitm,0
C0084,A_fit,1,password,0
C0084,A_fit,1,ransomware,0
C0084,A_fit,1,scanning,7140161
C0084,A_fit,1,xss,0
C0084,A_cal,0,normal,63427
C0084,A_cal,1,backdoor,0
C0084,A_cal,1,ddos,0
C0084,A_cal,1,dos,2184823
C0084,A_cal,1,injection,0
C0084,A_cal,1,mitm,0
C0084,A_cal,1,password,0
C0084,A_cal,1,ransomware,0
C0084,A_cal,1,scanning,0
C0084,A_cal,1,xss,0
C0084,B_fit_added,0,normal,62996
C0084,B_fit_added,1,backdoor,0
C0084,B_fit_added,1,ddos,0
C0084,B_fit_added,1,dos,1190505
C0084,B_fit_added,1,injection,452659
C0084,B_fit_added,1,mitm,0
C0084,B_fit_added,1,password,0
C0084,B_fit_added,1,ransomware,0
C0084,B_fit_added,1,scanning,0
C0084,B_fit_added,1,xss,0
C0084,B_fit,0,normal,312091
C0084,B_fit,1,backdoor,0
C0084,B_fit,1,ddos,0
C0084,B_fit,1,dos,1190505
C0084,B_fit,1,injection,452659
C0084,B_fit,1,mitm,0
C0084,B_fit,1,password,0
C0084,B_fit,1,ransomware,0
C0084,B_fit,1,scanning,7140161
C0084,B_fit,1,xss,0
C0084,B_cal,0,normal,18744
C0084,B_cal,1,backdoor,0
C0084,B_cal,1,ddos,3501466
C0084,B_cal,1,dos,0
C0084,B_cal,1,injection,0
C0084,B_cal,1,mitm,0
C0084,B_cal,1,password,0
C0084,B_cal,1,ransomware,0
C0084,B_cal,1,scanning,0
C0084,B_cal,1,xss,0
C0084,common_test,0,normal,401249
C0084,common_test,1,backdoor,508116
C0084,common_test,1,ddos,2663542
C0084,common_test,1,dos,0
C0084,common_test,1,injection,0
C0084,common_test,1,mitm,1052
C0084,common_test,1,password,1718568
C0084,common_test,1,ransomware,72805
C0084,common_test,1,scanning,0
C0084,common_test,1,xss,2108944
C0085,A_fit,0,normal,312522
C0085,A_fit,1,backdoor,0
C0085,A_fit,1,ddos,0
C0085,A_fit,1,dos,2184823
C0085,A_fit,1,injection,0
C0085,A_fit,1,mitm,0
C0085,A_fit,1,password,0
C0085,A_fit,1,ransomware,0
C0085,A_fit,1,scanning,7140161
C0085,A_fit,1,xss,0
C0085,A_cal,0,normal,62996
C0085,A_cal,1,backdoor,0
C0085,A_cal,1,ddos,0
C0085,A_cal,1,dos,1190505
C0085,A_cal,1,injection,452659
C0085,A_cal,1,mitm,0
C0085,A_cal,1,password,0
C0085,A_cal,1,ransomware,0
C0085,A_cal,1,scanning,0
C0085,A_cal,1,xss,0
C0085,B_fit_added,0,normal,18744
C0085,B_fit_added,1,backdoor,0
C0085,B_fit_added,1,ddos,3501466
C0085,B_fit_added,1,dos,0
C0085,B_fit_added,1,injection,0
C0085,B_fit_added,1,mitm,0
C0085,B_fit_added,1,password,0
C0085,B_fit_added,1,ransomware,0
C0085,B_fit_added,1,scanning,0
C0085,B_fit_added,1,xss,0
C0085,B_fit,0,normal,331266
C0085,B_fit,1,backdoor,0
C0085,B_fit,1,ddos,3501466
C0085,B_fit,1,dos,2184823
C0085,B_fit,1,injection,0
C0085,B_fit,1,mitm,0
C0085,B_fit,1,password,0
C0085,B_fit,1,ransomware,0
C0085,B_fit,1,scanning,7140161
C0085,B_fit,1,xss,0
C0085,B_cal,0,normal,71621
C0085,B_cal,1,backdoor,0
C0085,B_cal,1,ddos,2663542
C0085,B_cal,1,dos,0
C0085,B_cal,1,injection,0
C0085,B_cal,1,mitm,0
C0085,B_cal,1,password,0
C0085,B_cal,1,ransomware,0
C0085,B_cal,1,scanning,0
C0085,B_cal,1,xss,0
C0085,common_test,0,normal,329628
C0085,common_test,1,backdoor,508116
C0085,common_test,1,ddos,0
C0085,common_test,1,dos,0
C0085,common_test,1,injection,0
C0085,common_test,1,mitm,1052
C0085,common_test,1,password,1718568
C0085,common_test,1,ransomware,72805
C0085,common_test,1,scanning,0
C0085,common_test,1,xss,2108944
C0086,A_fit,0,normal,375518
C0086,A_fit,1,backdoor,0
C0086,A_fit,1,ddos,0
C0086,A_fit,1,dos,3375328
C0086,A_fit,1,injection,452659
C0086,A_fit,1,mitm,0
C0086,A_fit,1,password,0
C0086,A_fit,1,ransomware,0
C0086,A_fit,1,scanning,7140161
C0086,A_fit,1,xss,0
C0086,A_cal,0,normal,18744
C0086,A_cal,1,backdoor,0
C0086,A_cal,1,ddos,3501466
C0086,A_cal,1,dos,0
C0086,A_cal,1,injection,0
C0086,A_cal,1,mitm,0
C0086,A_cal,1,password,0
C0086,A_cal,1,ransomware,0
C0086,A_cal,1,scanning,0
C0086,A_cal,1,xss,0
C0086,B_fit_added,0,normal,71621
C0086,B_fit_added,1,backdoor,0
C0086,B_fit_added,1,ddos,2663542
C0086,B_fit_added,1,dos,0
C0086,B_fit_added,1,injection,0
C0086,B_fit_added,1,mitm,0
C0086,B_fit_added,1,password,0
C0086,B_fit_added,1,ransomware,0
C0086,B_fit_added,1,scanning,0
C0086,B_fit_added,1,xss,0
C0086,B_fit,0,normal,447139
C0086,B_fit,1,backdoor,0
C0086,B_fit,1,ddos,2663542
C0086,B_fit,1,dos,3375328
C0086,B_fit,1,injection,452659
C0086,B_fit,1,mitm,0
C0086,B_fit,1,password,0
C0086,B_fit,1,ransomware,0
C0086,B_fit,1,scanning,7140161
C0086,B_fit,1,xss,0
C0086,B_cal,0,normal,19955
C0086,B_cal,1,backdoor,0
C0086,B_cal,1,ddos,0
C0086,B_cal,1,dos,0
C0086,B_cal,1,injection,0
C0086,B_cal,1,mitm,0
C0086,B_cal,1,password,1169185
C0086,B_cal,1,ransomware,0
C0086,B_cal,1,scanning,0
C0086,B_cal,1,xss,0
C0086,common_test,0,normal,309673
C0086,common_test,1,backdoor,508116
C0086,common_test,1,ddos,0
C0086,common_test,1,dos,0
C0086,common_test,1,injection,0
C0086,common_test,1,mitm,1052
C0086,common_test,1,password,549383
C0086,common_test,1,ransomware,72805
C0086,common_test,1,scanning,0
C0086,common_test,1,xss,2108944
C0087,A_fit,0,normal,394262
C0087,A_fit,1,backdoor,0
C0087,A_fit,1,ddos,3501466
C0087,A_fit,1,dos,3375328
C0087,A_fit,1,injection,452659
C0087,A_fit,1,mitm,0
C0087,A_fit,1,password,0
C0087,A_fit,1,ransomware,0
C0087,A_fit,1,scanning,7140161
C0087,A_fit,1,xss,0
C0087,A_cal,0,normal,71621
C0087,A_cal,1,backdoor,0
C0087,A_cal,1,ddos,2663542
C0087,A_cal,1,dos,0
C0087,A_cal,1,injection,0
C0087,A_cal,1,mitm,0
C0087,A_cal,1,password,0
C0087,A_cal,1,ransomware,0
C0087,A_cal,1,scanning,0
C0087,A_cal,1,xss,0
C0087,B_fit_added,0,normal,19955
C0087,B_fit_added,1,backdoor,0
C0087,B_fit_added,1,ddos,0
C0087,B_fit_added,1,dos,0
C0087,B_fit_added,1,injection,0
C0087,B_fit_added,1,mitm,0
C0087,B_fit_added,1,password,1169185
C0087,B_fit_added,1,ransomware,0
C0087,B_fit_added,1,scanning,0
C0087,B_fit_added,1,xss,0
C0087,B_fit,0,normal,414217
C0087,B_fit,1,backdoor,0
C0087,B_fit,1,ddos,3501466
C0087,B_fit,1,dos,3375328
C0087,B_fit,1,injection,452659
C0087,B_fit,1,mitm,0
C0087,B_fit,1,password,1169185
C0087,B_fit,1,ransomware,0
C0087,B_fit,1,scanning,7140161
C0087,B_fit,1,xss,0
C0087,B_cal,0,normal,45658
C0087,B_cal,1,backdoor,0
C0087,B_cal,1,ddos,0
C0087,B_cal,1,dos,0
C0087,B_cal,1,injection,0
C0087,B_cal,1,mitm,0
C0087,B_cal,1,password,549383
C0087,B_cal,1,ransomware,0
C0087,B_cal,1,scanning,0
C0087,B_cal,1,xss,1899584
C0087,common_test,0,normal,264015
C0087,common_test,1,backdoor,508116
C0087,common_test,1,ddos,0
C0087,common_test,1,dos,0
C0087,common_test,1,injection,0
C0087,common_test,1,mitm,1052
C0087,common_test,1,password,0
C0087,common_test,1,ransomware,72805
C0087,common_test,1,scanning,0
C0087,common_test,1,xss,209360
C0088,A_fit,0,normal,465883
C0088,A_fit,1,backdoor,0
C0088,A_fit,1,ddos,6165008
C0088,A_fit,1,dos,3375328
C0088,A_fit,1,injection,452659
C0088,A_fit,1,mitm,0
C0088,A_fit,1,password,0
C0088,A_fit,1,ransomware,0
C0088,A_fit,1,scanning,7140161
C0088,A_fit,1,xss,0
C0088,A_cal,0,normal,19955
C0088,A_cal,1,backdoor,0
C0088,A_cal,1,ddos,0
C0088,A_cal,1,dos,0
C0088,A_cal,1,injection,0
C0088,A_cal,1,mitm,0
C0088,A_cal,1,password,1169185
C0088,A_cal,1,ransomware,0
C0088,A_cal,1,scanning,0
C0088,A_cal,1,xss,0
C0088,B_fit_added,0,normal,45658
C0088,B_fit_added,1,backdoor,0
C0088,B_fit_added,1,ddos,0
C0088,B_fit_added,1,dos,0
C0088,B_fit_added,1,injection,0
C0088,B_fit_added,1,mitm,0
C0088,B_fit_added,1,password,549383
C0088,B_fit_added,1,ransomware,0
C0088,B_fit_added,1,scanning,0
C0088,B_fit_added,1,xss,1899584
C0088,B_fit,0,normal,511541
C0088,B_fit,1,backdoor,0
C0088,B_fit,1,ddos,6165008
C0088,B_fit,1,dos,3375328
C0088,B_fit,1,injection,452659
C0088,B_fit,1,mitm,0
C0088,B_fit,1,password,549383
C0088,B_fit,1,ransomware,0
C0088,B_fit,1,scanning,7140161
C0088,B_fit,1,xss,1899584
C0088,B_cal,0,normal,2923
C0088,B_cal,1,backdoor,0
C0088,B_cal,1,ddos,0
C0088,B_cal,1,dos,0
C0088,B_cal,1,injection,0
C0088,B_cal,1,mitm,0
C0088,B_cal,1,password,0
C0088,B_cal,1,ransomware,0
C0088,B_cal,1,scanning,0
C0088,B_cal,1,xss,209360
C0088,common_test,0,normal,261092
C0088,common_test,1,backdoor,508116
C0088,common_test,1,ddos,0
C0088,common_test,1,dos,0
C0088,common_test,1,injection,0
C0088,common_test,1,mitm,1052
C0088,common_test,1,password,0
C0088,common_test,1,ransomware,72805
C0088,common_test,1,scanning,0
C0088,common_test,1,xss,0
C0089,A_fit,0,normal,485838
C0089,A_fit,1,backdoor,0
C0089,A_fit,1,ddos,6165008
C0089,A_fit,1,dos,3375328
C0089,A_fit,1,injection,452659
C0089,A_fit,1,mitm,0
C0089,A_fit,1,password,1169185
C0089,A_fit,1,ransomware,0
C0089,A_fit,1,scanning,7140161
C0089,A_fit,1,xss,0
C0089,A_cal,0,normal,45658
C0089,A_cal,1,backdoor,0
C0089,A_cal,1,ddos,0
C0089,A_cal,1,dos,0
C0089,A_cal,1,injection,0
C0089,A_cal,1,mitm,0
C0089,A_cal,1,password,549383
C0089,A_cal,1,ransomware,0
C0089,A_cal,1,scanning,0
C0089,A_cal,1,xss,1899584
C0089,B_fit_added,0,normal,2923
C0089,B_fit_added,1,backdoor,0
C0089,B_fit_added,1,ddos,0
C0089,B_fit_added,1,dos,0
C0089,B_fit_added,1,injection,0
C0089,B_fit_added,1,mitm,0
C0089,B_fit_added,1,password,0
C0089,B_fit_added,1,ransomware,0
C0089,B_fit_added,1,scanning,0
C0089,B_fit_added,1,xss,209360
C0089,B_fit,0,normal,488761
C0089,B_fit,1,backdoor,0
C0089,B_fit,1,ddos,6165008
C0089,B_fit,1,dos,3375328
C0089,B_fit,1,injection,452659
C0089,B_fit,1,mitm,0
C0089,B_fit,1,password,1169185
C0089,B_fit,1,ransomware,0
C0089,B_fit,1,scanning,7140161
C0089,B_fit,1,xss,209360
C0089,B_cal,0,normal,215421
C0089,B_cal,1,backdoor,63039
C0089,B_cal,1,ddos,0
C0089,B_cal,1,dos,0
C0089,B_cal,1,injection,0
C0089,B_cal,1,mitm,0
C0089,B_cal,1,password,0
C0089,B_cal,1,ransomware,72805
C0089,B_cal,1,scanning,0
C0089,B_cal,1,xss,0
C0089,common_test,0,normal,45671
C0089,common_test,1,backdoor,445077
C0089,common_test,1,ddos,0
C0089,common_test,1,dos,0
C0089,common_test,1,injection,0
C0089,common_test,1,mitm,1052
C0089,common_test,1,password,0
C0089,common_test,1,ransomware,0
C0089,common_test,1,scanning,0
C0089,common_test,1,xss,0
C0090,A_fit,0,normal,531496
C0090,A_fit,1,backdoor,0
C0090,A_fit,1,ddos,6165008
C0090,A_fit,1,dos,3375328
C0090,A_fit,1,injection,452659
C0090,A_fit,1,mitm,0
C0090,A_fit,1,password,1718568
C0090,A_fit,1,ransomware,0
C0090,A_fit,1,scanning,7140161
C0090,A_fit,1,xss,1899584
C0090,A_cal,0,normal,2923
C0090,A_cal,1,backdoor,0
C0090,A_cal,1,ddos,0
C0090,A_cal,1,dos,0
C0090,A_cal,1,injection,0
C0090,A_cal,1,mitm,0
C0090,A_cal,1,password,0
C0090,A_cal,1,ransomware,0
C0090,A_cal,1,scanning,0
C0090,A_cal,1,xss,209360
C0090,B_fit_added,0,normal,215421
C0090,B_fit_added,1,backdoor,63039
C0090,B_fit_added,1,ddos,0
C0090,B_fit_added,1,dos,0
C0090,B_fit_added,1,injection,0
C0090,B_fit_added,1,mitm,0
C0090,B_fit_added,1,password,0
C0090,B_fit_added,1,ransomware,72805
C0090,B_fit_added,1,scanning,0
C0090,B_fit_added,1,xss,0
C0090,B_fit,0,normal,746917
C0090,B_fit,1,backdoor,63039
C0090,B_fit,1,ddos,6165008
C0090,B_fit,1,dos,3375328
C0090,B_fit,1,injection,452659
C0090,B_fit,1,mitm,0
C0090,B_fit,1,password,1718568
C0090,B_fit,1,ransomware,72805
C0090,B_fit,1,scanning,7140161
C0090,B_fit,1,xss,1899584
C0090,B_cal,0,normal,15447
C0090,B_cal,1,backdoor,210490
C0090,B_cal,1,ddos,0
C0090,B_cal,1,dos,0
C0090,B_cal,1,injection,0
C0090,B_cal,1,mitm,0
C0090,B_cal,1,password,0
C0090,B_cal,1,ransomware,0
C0090,B_cal,1,scanning,0
C0090,B_cal,1,xss,0
C0090,common_test,0,normal,30224
C0090,common_test,1,backdoor,234587
C0090,common_test,1,ddos,0
C0090,common_test,1,dos,0
C0090,common_test,1,injection,0
C0090,common_test,1,mitm,1052
C0090,common_test,1,password,0
C0090,common_test,1,ransomware,0
C0090,common_test,1,scanning,0
C0090,common_test,1,xss,0
C0091,A_fit,0,normal,534419
C0091,A_fit,1,backdoor,0
C0091,A_fit,1,ddos,6165008
C0091,A_fit,1,dos,3375328
C0091,A_fit,1,injection,452659
C0091,A_fit,1,mitm,0
C0091,A_fit,1,password,1718568
C0091,A_fit,1,ransomware,0
C0091,A_fit,1,scanning,7140161
C0091,A_fit,1,xss,2108944
C0091,A_cal,0,normal,215421
C0091,A_cal,1,backdoor,63039
C0091,A_cal,1,ddos,0
C0091,A_cal,1,dos,0
C0091,A_cal,1,injection,0
C0091,A_cal,1,mitm,0
C0091,A_cal,1,password,0
C0091,A_cal,1,ransomware,72805
C0091,A_cal,1,scanning,0
C0091,A_cal,1,xss,0
C0091,B_fit_added,0,normal,15447
C0091,B_fit_added,1,backdoor,210490
C0091,B_fit_added,1,ddos,0
C0091,B_fit_added,1,dos,0
C0091,B_fit_added,1,injection,0
C0091,B_fit_added,1,mitm,0
C0091,B_fit_added,1,password,0
C0091,B_fit_added,1,ransomware,0
C0091,B_fit_added,1,scanning,0
C0091,B_fit_added,1,xss,0
C0091,B_fit,0,normal,549866
C0091,B_fit,1,backdoor,210490
C0091,B_fit,1,ddos,6165008
C0091,B_fit,1,dos,3375328
C0091,B_fit,1,injection,452659
C0091,B_fit,1,mitm,0
C0091,B_fit,1,password,1718568
C0091,B_fit,1,ransomware,0
C0091,B_fit,1,scanning,7140161
C0091,B_fit,1,xss,2108944
C0091,B_cal,0,normal,11296
C0091,B_cal,1,backdoor,234587
C0091,B_cal,1,ddos,0
C0091,B_cal,1,dos,0
C0091,B_cal,1,injection,0
C0091,B_cal,1,mitm,0
C0091,B_cal,1,password,0
C0091,B_cal,1,ransomware,0
C0091,B_cal,1,scanning,0
C0091,B_cal,1,xss,0
C0091,common_test,0,normal,18928
C0091,common_test,1,backdoor,0
C0091,common_test,1,ddos,0
C0091,common_test,1,dos,0
C0091,common_test,1,injection,0
C0091,common_test,1,mitm,1052
C0091,common_test,1,password,0
C0091,common_test,1,ransomware,0
C0091,common_test,1,scanning,0
C0091,common_test,1,xss,0
C0092,A_fit,0,normal,5486
C0092,A_fit,1,backdoor,0
C0092,A_fit,1,ddos,0
C0092,A_fit,1,dos,0
C0092,A_fit,1,injection,0
C0092,A_fit,1,mitm,0
C0092,A_fit,1,password,0
C0092,A_fit,1,ransomware,0
C0092,A_fit,1,scanning,0
C0092,A_fit,1,xss,0
C0092,A_cal,0,normal,37859
C0092,A_cal,1,backdoor,0
C0092,A_cal,1,ddos,0
C0092,A_cal,1,dos,0
C0092,A_cal,1,injection,0
C0092,A_cal,1,mitm,0
C0092,A_cal,1,password,0
C0092,A_cal,1,ransomware,0
C0092,A_cal,1,scanning,0
C0092,A_cal,1,xss,0
C0092,B_fit_added,0,normal,121855
C0092,B_fit_added,1,backdoor,0
C0092,B_fit_added,1,ddos,0
C0092,B_fit_added,1,dos,0
C0092,B_fit_added,1,injection,0
C0092,B_fit_added,1,mitm,0
C0092,B_fit_added,1,password,0
C0092,B_fit_added,1,ransomware,0
C0092,B_fit_added,1,scanning,0
C0092,B_fit_added,1,xss,0
C0092,B_fit,0,normal,127341
C0092,B_fit,1,backdoor,0
C0092,B_fit,1,ddos,0
C0092,B_fit,1,dos,0
C0092,B_fit,1,injection,0
C0092,B_fit,1,mitm,0
C0092,B_fit,1,password,0
C0092,B_fit,1,ransomware,0
C0092,B_fit,1,scanning,0
C0092,B_fit,1,xss,0
C0092,B_cal,0,normal,35523
C0092,B_cal,1,backdoor,0
C0092,B_cal,1,ddos,0
C0092,B_cal,1,dos,0
C0092,B_cal,1,injection,0
C0092,B_cal,1,mitm,0
C0092,B_cal,1,password,0
C0092,B_cal,1,ransomware,0
C0092,B_cal,1,scanning,0
C0092,B_cal,1,xss,0
C0092,common_test,0,normal,594788
C0092,common_test,1,backdoor,508116
C0092,common_test,1,ddos,6165008
C0092,common_test,1,dos,3375328
C0092,common_test,1,injection,452659
C0092,common_test,1,mitm,1052
C0092,common_test,1,password,1718568
C0092,common_test,1,ransomware,72805
C0092,common_test,1,scanning,7140161
C0092,common_test,1,xss,2108944
C0093,A_fit,0,normal,43345
C0093,A_fit,1,backdoor,0
C0093,A_fit,1,ddos,0
C0093,A_fit,1,dos,0
C0093,A_fit,1,injection,0
C0093,A_fit,1,mitm,0
C0093,A_fit,1,password,0
C0093,A_fit,1,ransomware,0
C0093,A_fit,1,scanning,0
C0093,A_fit,1,xss,0
C0093,A_cal,0,normal,69467
C0093,A_cal,1,backdoor,0
C0093,A_cal,1,ddos,0
C0093,A_cal,1,dos,0
C0093,A_cal,1,injection,0
C0093,A_cal,1,mitm,0
C0093,A_cal,1,password,0
C0093,A_cal,1,ransomware,0
C0093,A_cal,1,scanning,0
C0093,A_cal,1,xss,0
C0093,B_fit_added,0,normal,87911
C0093,B_fit_added,1,backdoor,0
C0093,B_fit_added,1,ddos,0
C0093,B_fit_added,1,dos,0
C0093,B_fit_added,1,injection,0
C0093,B_fit_added,1,mitm,0
C0093,B_fit_added,1,password,0
C0093,B_fit_added,1,ransomware,0
C0093,B_fit_added,1,scanning,0
C0093,B_fit_added,1,xss,0
C0093,B_fit,0,normal,131256
C0093,B_fit,1,backdoor,0
C0093,B_fit,1,ddos,0
C0093,B_fit,1,dos,0
C0093,B_fit,1,injection,0
C0093,B_fit,1,mitm,0
C0093,B_fit,1,password,0
C0093,B_fit,1,ransomware,0
C0093,B_fit,1,scanning,0
C0093,B_fit,1,xss,0
C0093,B_cal,0,normal,0
C0093,B_cal,1,backdoor,0
C0093,B_cal,1,ddos,0
C0093,B_cal,1,dos,0
C0093,B_cal,1,injection,0
C0093,B_cal,1,mitm,0
C0093,B_cal,1,password,0
C0093,B_cal,1,ransomware,0
C0093,B_cal,1,scanning,0
C0093,B_cal,1,xss,0
C0093,common_test,0,normal,594788
C0093,common_test,1,backdoor,508116
C0093,common_test,1,ddos,6165008
C0093,common_test,1,dos,3375328
C0093,common_test,1,injection,452659
C0093,common_test,1,mitm,1052
C0093,common_test,1,password,1718568
C0093,common_test,1,ransomware,72805
C0093,common_test,1,scanning,7140161
C0093,common_test,1,xss,2108944
C0094,A_fit,0,normal,112812
C0094,A_fit,1,backdoor,0
C0094,A_fit,1,ddos,0
C0094,A_fit,1,dos,0
C0094,A_fit,1,injection,0
C0094,A_fit,1,mitm,0
C0094,A_fit,1,password,0
C0094,A_fit,1,ransomware,0
C0094,A_fit,1,scanning,0
C0094,A_fit,1,xss,0
C0094,A_cal,0,normal,52388
C0094,A_cal,1,backdoor,0
C0094,A_cal,1,ddos,0
C0094,A_cal,1,dos,0
C0094,A_cal,1,injection,0
C0094,A_cal,1,mitm,0
C0094,A_cal,1,password,0
C0094,A_cal,1,ransomware,0
C0094,A_cal,1,scanning,0
C0094,A_cal,1,xss,0
C0094,B_fit_added,0,normal,35523
C0094,B_fit_added,1,backdoor,0
C0094,B_fit_added,1,ddos,0
C0094,B_fit_added,1,dos,0
C0094,B_fit_added,1,injection,0
C0094,B_fit_added,1,mitm,0
C0094,B_fit_added,1,password,0
C0094,B_fit_added,1,ransomware,0
C0094,B_fit_added,1,scanning,0
C0094,B_fit_added,1,xss,0
C0094,B_fit,0,normal,148335
C0094,B_fit,1,backdoor,0
C0094,B_fit,1,ddos,0
C0094,B_fit,1,dos,0
C0094,B_fit,1,injection,0
C0094,B_fit,1,mitm,0
C0094,B_fit,1,password,0
C0094,B_fit,1,ransomware,0
C0094,B_fit,1,scanning,0
C0094,B_fit,1,xss,0
C0094,B_cal,0,normal,0
C0094,B_cal,1,backdoor,0
C0094,B_cal,1,ddos,0
C0094,B_cal,1,dos,0
C0094,B_cal,1,injection,0
C0094,B_cal,1,mitm,0
C0094,B_cal,1,password,0
C0094,B_cal,1,ransomware,0
C0094,B_cal,1,scanning,0
C0094,B_cal,1,xss,0
C0094,common_test,0,normal,594788
C0094,common_test,1,backdoor,508116
C0094,common_test,1,ddos,6165008
C0094,common_test,1,dos,3375328
C0094,common_test,1,injection,452659
C0094,common_test,1,mitm,1052
C0094,common_test,1,password,1718568
C0094,common_test,1,ransomware,72805
C0094,common_test,1,scanning,7140161
C0094,common_test,1,xss,2108944
C0095,A_fit,0,normal,165200
C0095,A_fit,1,backdoor,0
C0095,A_fit,1,ddos,0
C0095,A_fit,1,dos,0
C0095,A_fit,1,injection,0
C0095,A_fit,1,mitm,0
C0095,A_fit,1,password,0
C0095,A_fit,1,ransomware,0
C0095,A_fit,1,scanning,0
C0095,A_fit,1,xss,0
C0095,A_cal,0,normal,35523
C0095,A_cal,1,backdoor,0
C0095,A_cal,1,ddos,0
C0095,A_cal,1,dos,0
C0095,A_cal,1,injection,0
C0095,A_cal,1,mitm,0
C0095,A_cal,1,password,0
C0095,A_cal,1,ransomware,0
C0095,A_cal,1,scanning,0
C0095,A_cal,1,xss,0
C0095,B_fit_added,0,normal,0
C0095,B_fit_added,1,backdoor,0
C0095,B_fit_added,1,ddos,0
C0095,B_fit_added,1,dos,0
C0095,B_fit_added,1,injection,0
C0095,B_fit_added,1,mitm,0
C0095,B_fit_added,1,password,0
C0095,B_fit_added,1,ransomware,0
C0095,B_fit_added,1,scanning,0
C0095,B_fit_added,1,xss,0
C0095,B_fit,0,normal,165200
C0095,B_fit,1,backdoor,0
C0095,B_fit,1,ddos,0
C0095,B_fit,1,dos,0
C0095,B_fit,1,injection,0
C0095,B_fit,1,mitm,0
C0095,B_fit,1,password,0
C0095,B_fit,1,ransomware,0
C0095,B_fit,1,scanning,0
C0095,B_fit,1,xss,0
C0095,B_cal,0,normal,0
C0095,B_cal,1,backdoor,0
C0095,B_cal,1,ddos,0
C0095,B_cal,1,dos,0
C0095,B_cal,1,injection,0
C0095,B_cal,1,mitm,0
C0095,B_cal,1,password,0
C0095,B_cal,1,ransomware,0
C0095,B_cal,1,scanning,0
C0095,B_cal,1,xss,0
C0095,common_test,0,normal,594788
C0095,common_test,1,backdoor,508116
C0095,common_test,1,ddos,6165008
C0095,common_test,1,dos,3375328
C0095,common_test,1,injection,452659
C0095,common_test,1,mitm,1052
C0095,common_test,1,password,1718568
C0095,common_test,1,ransomware,72805
C0095,common_test,1,scanning,7140161
C0095,common_test,1,xss,2108944
C0096,A_fit,0,normal,200723
C0096,A_fit,1,backdoor,0
C0096,A_fit,1,ddos,0
C0096,A_fit,1,dos,0
C0096,A_fit,1,injection,0
C0096,A_fit,1,mitm,0
C0096,A_fit,1,password,0
C0096,A_fit,1,ransomware,0
C0096,A_fit,1,scanning,0
C0096,A_fit,1,xss,0
C0096,A_cal,0,normal,0
C0096,A_cal,1,backdoor,0
C0096,A_cal,1,ddos,0
C0096,A_cal,1,dos,0
C0096,A_cal,1,injection,0
C0096,A_cal,1,mitm,0
C0096,A_cal,1,password,0
C0096,A_cal,1,ransomware,0
C0096,A_cal,1,scanning,0
C0096,A_cal,1,xss,0
C0096,B_fit_added,0,normal,0
C0096,B_fit_added,1,backdoor,0
C0096,B_fit_added,1,ddos,0
C0096,B_fit_added,1,dos,0
C0096,B_fit_added,1,injection,0
C0096,B_fit_added,1,mitm,0
C0096,B_fit_added,1,password,0
C0096,B_fit_added,1,ransomware,0
C0096,B_fit_added,1,scanning,0
C0096,B_fit_added,1,xss,0
C0096,B_fit,0,normal,200723
C0096,B_fit,1,backdoor,0
C0096,B_fit,1,ddos,0
C0096,B_fit,1,dos,0
C0096,B_fit,1,injection,0
C0096,B_fit,1,mitm,0
C0096,B_fit,1,password,0
C0096,B_fit,1,ransomware,0
C0096,B_fit,1,scanning,0
C0096,B_fit,1,xss,0
C0096,B_cal,0,normal,0
C0096,B_cal,1,backdoor,0
C0096,B_cal,1,ddos,0
C0096,B_cal,1,dos,0
C0096,B_cal,1,injection,0
C0096,B_cal,1,mitm,0
C0096,B_cal,1,password,0
C0096,B_cal,1,ransomware,0
C0096,B_cal,1,scanning,0
C0096,B_cal,1,xss,0
C0096,common_test,0,normal,594788
C0096,common_test,1,backdoor,508116
C0096,common_test,1,ddos,6165008
C0096,common_test,1,dos,3375328
C0096,common_test,1,injection,452659
C0096,common_test,1,mitm,1052
C0096,common_test,1,password,1718568
C0096,common_test,1,ransomware,72805
C0096,common_test,1,scanning,7140161
C0096,common_test,1,xss,2108944
C0097,A_fit,0,normal,223199
C0097,A_fit,1,backdoor,0
C0097,A_fit,1,ddos,0
C0097,A_fit,1,dos,0
C0097,A_fit,1,injection,0
C0097,A_fit,1,mitm,0
C0097,A_fit,1,password,0
C0097,A_fit,1,ransomware,0
C0097,A_fit,1,scanning,3733109
C0097,A_fit,1,xss,0
C0097,A_cal,0,normal,25896
C0097,A_cal,1,backdoor,0
C0097,A_cal,1,ddos,0
C0097,A_cal,1,dos,0
C0097,A_cal,1,injection,0
C0097,A_cal,1,mitm,0
C0097,A_cal,1,password,0
C0097,A_cal,1,ransomware,0
C0097,A_cal,1,scanning,3407052
C0097,A_cal,1,xss,0
C0097,B_fit_added,0,normal,126423
C0097,B_fit_added,1,backdoor,0
C0097,B_fit_added,1,ddos,0
C0097,B_fit_added,1,dos,3375328
C0097,B_fit_added,1,injection,452659
C0097,B_fit_added,1,mitm,0
C0097,B_fit_added,1,password,0
C0097,B_fit_added,1,ransomware,0
C0097,B_fit_added,1,scanning,0
C0097,B_fit_added,1,xss,0
C0097,B_fit,0,normal,349622
C0097,B_fit,1,backdoor,0
C0097,B_fit,1,ddos,0
C0097,B_fit,1,dos,3375328
C0097,B_fit,1,injection,452659
C0097,B_fit,1,mitm,0
C0097,B_fit,1,password,0
C0097,B_fit,1,ransomware,0
C0097,B_fit,1,scanning,3733109
C0097,B_fit,1,xss,0
C0097,B_cal,0,normal,18744
C0097,B_cal,1,backdoor,0
C0097,B_cal,1,ddos,3501466
C0097,B_cal,1,dos,0
C0097,B_cal,1,injection,0
C0097,B_cal,1,mitm,0
C0097,B_cal,1,password,0
C0097,B_cal,1,ransomware,0
C0097,B_cal,1,scanning,0
C0097,B_cal,1,xss,0
C0097,common_test,0,normal,401249
C0097,common_test,1,backdoor,508116
C0097,common_test,1,ddos,2663542
C0097,common_test,1,dos,0
C0097,common_test,1,injection,0
C0097,common_test,1,mitm,1052
C0097,common_test,1,password,1718568
C0097,common_test,1,ransomware,72805
C0097,common_test,1,scanning,0
C0097,common_test,1,xss,2108944
C0098,A_fit,0,normal,249095
C0098,A_fit,1,backdoor,0
C0098,A_fit,1,ddos,0
C0098,A_fit,1,dos,0
C0098,A_fit,1,injection,0
C0098,A_fit,1,mitm,0
C0098,A_fit,1,password,0
C0098,A_fit,1,ransomware,0
C0098,A_fit,1,scanning,7140161
C0098,A_fit,1,xss,0
C0098,A_cal,0,normal,63427
C0098,A_cal,1,backdoor,0
C0098,A_cal,1,ddos,0
C0098,A_cal,1,dos,2184823
C0098,A_cal,1,injection,0
C0098,A_cal,1,mitm,0
C0098,A_cal,1,password,0
C0098,A_cal,1,ransomware,0
C0098,A_cal,1,scanning,0
C0098,A_cal,1,xss,0
C0098,B_fit_added,0,normal,81740
C0098,B_fit_added,1,backdoor,0
C0098,B_fit_added,1,ddos,3501466
C0098,B_fit_added,1,dos,1190505
C0098,B_fit_added,1,injection,452659
C0098,B_fit_added,1,mitm,0
C0098,B_fit_added,1,password,0
C0098,B_fit_added,1,ransomware,0
C0098,B_fit_added,1,scanning,0
C0098,B_fit_added,1,xss,0
C0098,B_fit,0,normal,330835
C0098,B_fit,1,backdoor,0
C0098,B_fit,1,ddos,3501466
C0098,B_fit,1,dos,1190505
C0098,B_fit,1,injection,452659
C0098,B_fit,1,mitm,0
C0098,B_fit,1,password,0
C0098,B_fit,1,ransomware,0
C0098,B_fit,1,scanning,7140161
C0098,B_fit,1,xss,0
C0098,B_cal,0,normal,71621
C0098,B_cal,1,backdoor,0
C0098,B_cal,1,ddos,2663542
C0098,B_cal,1,dos,0
C0098,B_cal,1,injection,0
C0098,B_cal,1,mitm,0
C0098,B_cal,1,password,0
C0098,B_cal,1,ransomware,0
C0098,B_cal,1,scanning,0
C0098,B_cal,1,xss,0
C0098,common_test,0,normal,329628
C0098,common_test,1,backdoor,508116
C0098,common_test,1,ddos,0
C0098,common_test,1,dos,0
C0098,common_test,1,injection,0
C0098,common_test,1,mitm,1052
C0098,common_test,1,password,1718568
C0098,common_test,1,ransomware,72805
C0098,common_test,1,scanning,0
C0098,common_test,1,xss,2108944
C0099,A_fit,0,normal,312522
C0099,A_fit,1,backdoor,0
C0099,A_fit,1,ddos,0
C0099,A_fit,1,dos,2184823
C0099,A_fit,1,injection,0
C0099,A_fit,1,mitm,0
C0099,A_fit,1,password,0
C0099,A_fit,1,ransomware,0
C0099,A_fit,1,scanning,7140161
C0099,A_fit,1,xss,0
C0099,A_cal,0,normal,62996
C0099,A_cal,1,backdoor,0
C0099,A_cal,1,ddos,0
C0099,A_cal,1,dos,1190505
C0099,A_cal,1,injection,452659
C0099,A_cal,1,mitm,0
C0099,A_cal,1,password,0
C0099,A_cal,1,ransomware,0
C0099,A_cal,1,scanning,0
C0099,A_cal,1,xss,0
C0099,B_fit_added,0,normal,90365
C0099,B_fit_added,1,backdoor,0
C0099,B_fit_added,1,ddos,6165008
C0099,B_fit_added,1,dos,0
C0099,B_fit_added,1,injection,0
C0099,B_fit_added,1,mitm,0
C0099,B_fit_added,1,password,0
C0099,B_fit_added,1,ransomware,0
C0099,B_fit_added,1,scanning,0
C0099,B_fit_added,1,xss,0
C0099,B_fit,0,normal,402887
C0099,B_fit,1,backdoor,0
C0099,B_fit,1,ddos,6165008
C0099,B_fit,1,dos,2184823
C0099,B_fit,1,injection,0
C0099,B_fit,1,mitm,0
C0099,B_fit,1,password,0
C0099,B_fit,1,ransomware,0
C0099,B_fit,1,scanning,7140161
C0099,B_fit,1,xss,0
C0099,B_cal,0,normal,19955
C0099,B_cal,1,backdoor,0
C0099,B_cal,1,ddos,0
C0099,B_cal,1,dos,0
C0099,B_cal,1,injection,0
C0099,B_cal,1,mitm,0
C0099,B_cal,1,password,1169185
C0099,B_cal,1,ransomware,0
C0099,B_cal,1,scanning,0
C0099,B_cal,1,xss,0
C0099,common_test,0,normal,309673
C0099,common_test,1,backdoor,508116
C0099,common_test,1,ddos,0
C0099,common_test,1,dos,0
C0099,common_test,1,injection,0
C0099,common_test,1,mitm,1052
C0099,common_test,1,password,549383
C0099,common_test,1,ransomware,72805
C0099,common_test,1,scanning,0
C0099,common_test,1,xss,2108944
C0100,A_fit,0,normal,375518
C0100,A_fit,1,backdoor,0
C0100,A_fit,1,ddos,0
C0100,A_fit,1,dos,3375328
C0100,A_fit,1,injection,452659
C0100,A_fit,1,mitm,0
C0100,A_fit,1,password,0
C0100,A_fit,1,ransomware,0
C0100,A_fit,1,scanning,7140161
C0100,A_fit,1,xss,0
C0100,A_cal,0,normal,18744
C0100,A_cal,1,backdoor,0
C0100,A_cal,1,ddos,3501466
C0100,A_cal,1,dos,0
C0100,A_cal,1,injection,0
C0100,A_cal,1,mitm,0
C0100,A_cal,1,password,0
C0100,A_cal,1,ransomware,0
C0100,A_cal,1,scanning,0
C0100,A_cal,1,xss,0
C0100,B_fit_added,0,normal,91576
C0100,B_fit_added,1,backdoor,0
C0100,B_fit_added,1,ddos,2663542
C0100,B_fit_added,1,dos,0
C0100,B_fit_added,1,injection,0
C0100,B_fit_added,1,mitm,0
C0100,B_fit_added,1,password,1169185
C0100,B_fit_added,1,ransomware,0
C0100,B_fit_added,1,scanning,0
C0100,B_fit_added,1,xss,0
C0100,B_fit,0,normal,467094
C0100,B_fit,1,backdoor,0
C0100,B_fit,1,ddos,2663542
C0100,B_fit,1,dos,3375328
C0100,B_fit,1,injection,452659
C0100,B_fit,1,mitm,0
C0100,B_fit,1,password,1169185
C0100,B_fit,1,ransomware,0
C0100,B_fit,1,scanning,7140161
C0100,B_fit,1,xss,0
C0100,B_cal,0,normal,45658
C0100,B_cal,1,backdoor,0
C0100,B_cal,1,ddos,0
C0100,B_cal,1,dos,0
C0100,B_cal,1,injection,0
C0100,B_cal,1,mitm,0
C0100,B_cal,1,password,549383
C0100,B_cal,1,ransomware,0
C0100,B_cal,1,scanning,0
C0100,B_cal,1,xss,1899584
C0100,common_test,0,normal,264015
C0100,common_test,1,backdoor,508116
C0100,common_test,1,ddos,0
C0100,common_test,1,dos,0
C0100,common_test,1,injection,0
C0100,common_test,1,mitm,1052
C0100,common_test,1,password,0
C0100,common_test,1,ransomware,72805
C0100,common_test,1,scanning,0
C0100,common_test,1,xss,209360
C0101,A_fit,0,normal,394262
C0101,A_fit,1,backdoor,0
C0101,A_fit,1,ddos,3501466
C0101,A_fit,1,dos,3375328
C0101,A_fit,1,injection,452659
C0101,A_fit,1,mitm,0
C0101,A_fit,1,password,0
C0101,A_fit,1,ransomware,0
C0101,A_fit,1,scanning,7140161
C0101,A_fit,1,xss,0
C0101,A_cal,0,normal,71621
C0101,A_cal,1,backdoor,0
C0101,A_cal,1,ddos,2663542
C0101,A_cal,1,dos,0
C0101,A_cal,1,injection,0
C0101,A_cal,1,mitm,0
C0101,A_cal,1,password,0
C0101,A_cal,1,ransomware,0
C0101,A_cal,1,scanning,0
C0101,A_cal,1,xss,0
C0101,B_fit_added,0,normal,65613
C0101,B_fit_added,1,backdoor,0
C0101,B_fit_added,1,ddos,0
C0101,B_fit_added,1,dos,0
C0101,B_fit_added,1,injection,0
C0101,B_fit_added,1,mitm,0
C0101,B_fit_added,1,password,1718568
C0101,B_fit_added,1,ransomware,0
C0101,B_fit_added,1,scanning,0
C0101,B_fit_added,1,xss,1899584
C0101,B_fit,0,normal,459875
C0101,B_fit,1,backdoor,0
C0101,B_fit,1,ddos,3501466
C0101,B_fit,1,dos,3375328
C0101,B_fit,1,injection,452659
C0101,B_fit,1,mitm,0
C0101,B_fit,1,password,1718568
C0101,B_fit,1,ransomware,0
C0101,B_fit,1,scanning,7140161
C0101,B_fit,1,xss,1899584
C0101,B_cal,0,normal,2923
C0101,B_cal,1,backdoor,0
C0101,B_cal,1,ddos,0
C0101,B_cal,1,dos,0
C0101,B_cal,1,injection,0
C0101,B_cal,1,mitm,0
C0101,B_cal,1,password,0
C0101,B_cal,1,ransomware,0
C0101,B_cal,1,scanning,0
C0101,B_cal,1,xss,209360
C0101,common_test,0,normal,261092
C0101,common_test,1,backdoor,508116
C0101,common_test,1,ddos,0
C0101,common_test,1,dos,0
C0101,common_test,1,injection,0
C0101,common_test,1,mitm,1052
C0101,common_test,1,password,0
C0101,common_test,1,ransomware,72805
C0101,common_test,1,scanning,0
C0101,common_test,1,xss,0
C0102,A_fit,0,normal,465883
C0102,A_fit,1,backdoor,0
C0102,A_fit,1,ddos,6165008
C0102,A_fit,1,dos,3375328
C0102,A_fit,1,injection,452659
C0102,A_fit,1,mitm,0
C0102,A_fit,1,password,0
C0102,A_fit,1,ransomware,0
C0102,A_fit,1,scanning,7140161
C0102,A_fit,1,xss,0
C0102,A_cal,0,normal,19955
C0102,A_cal,1,backdoor,0
C0102,A_cal,1,ddos,0
C0102,A_cal,1,dos,0
C0102,A_cal,1,injection,0
C0102,A_cal,1,mitm,0
C0102,A_cal,1,password,1169185
C0102,A_cal,1,ransomware,0
C0102,A_cal,1,scanning,0
C0102,A_cal,1,xss,0
C0102,B_fit_added,0,normal,48581
C0102,B_fit_added,1,backdoor,0
C0102,B_fit_added,1,ddos,0
C0102,B_fit_added,1,dos,0
C0102,B_fit_added,1,injection,0
C0102,B_fit_added,1,mitm,0
C0102,B_fit_added,1,password,549383
C0102,B_fit_added,1,ransomware,0
C0102,B_fit_added,1,scanning,0
C0102,B_fit_added,1,xss,2108944
C0102,B_fit,0,normal,514464
C0102,B_fit,1,backdoor,0
C0102,B_fit,1,ddos,6165008
C0102,B_fit,1,dos,3375328
C0102,B_fit,1,injection,452659
C0102,B_fit,1,mitm,0
C0102,B_fit,1,password,549383
C0102,B_fit,1,ransomware,0
C0102,B_fit,1,scanning,7140161
C0102,B_fit,1,xss,2108944
C0102,B_cal,0,normal,215421
C0102,B_cal,1,backdoor,63039
C0102,B_cal,1,ddos,0
C0102,B_cal,1,dos,0
C0102,B_cal,1,injection,0
C0102,B_cal,1,mitm,0
C0102,B_cal,1,password,0
C0102,B_cal,1,ransomware,72805
C0102,B_cal,1,scanning,0
C0102,B_cal,1,xss,0
C0102,common_test,0,normal,45671
C0102,common_test,1,backdoor,445077
C0102,common_test,1,ddos,0
C0102,common_test,1,dos,0
C0102,common_test,1,injection,0
C0102,common_test,1,mitm,1052
C0102,common_test,1,password,0
C0102,common_test,1,ransomware,0
C0102,common_test,1,scanning,0
C0102,common_test,1,xss,0
C0103,A_fit,0,normal,485838
C0103,A_fit,1,backdoor,0
C0103,A_fit,1,ddos,6165008
C0103,A_fit,1,dos,3375328
C0103,A_fit,1,injection,452659
C0103,A_fit,1,mitm,0
C0103,A_fit,1,password,1169185
C0103,A_fit,1,ransomware,0
C0103,A_fit,1,scanning,7140161
C0103,A_fit,1,xss,0
C0103,A_cal,0,normal,45658
C0103,A_cal,1,backdoor,0
C0103,A_cal,1,ddos,0
C0103,A_cal,1,dos,0
C0103,A_cal,1,injection,0
C0103,A_cal,1,mitm,0
C0103,A_cal,1,password,549383
C0103,A_cal,1,ransomware,0
C0103,A_cal,1,scanning,0
C0103,A_cal,1,xss,1899584
C0103,B_fit_added,0,normal,218344
C0103,B_fit_added,1,backdoor,63039
C0103,B_fit_added,1,ddos,0
C0103,B_fit_added,1,dos,0
C0103,B_fit_added,1,injection,0
C0103,B_fit_added,1,mitm,0
C0103,B_fit_added,1,password,0
C0103,B_fit_added,1,ransomware,72805
C0103,B_fit_added,1,scanning,0
C0103,B_fit_added,1,xss,209360
C0103,B_fit,0,normal,704182
C0103,B_fit,1,backdoor,63039
C0103,B_fit,1,ddos,6165008
C0103,B_fit,1,dos,3375328
C0103,B_fit,1,injection,452659
C0103,B_fit,1,mitm,0
C0103,B_fit,1,password,1169185
C0103,B_fit,1,ransomware,72805
C0103,B_fit,1,scanning,7140161
C0103,B_fit,1,xss,209360
C0103,B_cal,0,normal,15447
C0103,B_cal,1,backdoor,210490
C0103,B_cal,1,ddos,0
C0103,B_cal,1,dos,0
C0103,B_cal,1,injection,0
C0103,B_cal,1,mitm,0
C0103,B_cal,1,password,0
C0103,B_cal,1,ransomware,0
C0103,B_cal,1,scanning,0
C0103,B_cal,1,xss,0
C0103,common_test,0,normal,30224
C0103,common_test,1,backdoor,234587
C0103,common_test,1,ddos,0
C0103,common_test,1,dos,0
C0103,common_test,1,injection,0
C0103,common_test,1,mitm,1052
C0103,common_test,1,password,0
C0103,common_test,1,ransomware,0
C0103,common_test,1,scanning,0
C0103,common_test,1,xss,0
C0104,A_fit,0,normal,531496
C0104,A_fit,1,backdoor,0
C0104,A_fit,1,ddos,6165008
C0104,A_fit,1,dos,3375328
C0104,A_fit,1,injection,452659
C0104,A_fit,1,mitm,0
C0104,A_fit,1,password,1718568
C0104,A_fit,1,ransomware,0
C0104,A_fit,1,scanning,7140161
C0104,A_fit,1,xss,1899584
C0104,A_cal,0,normal,2923
C0104,A_cal,1,backdoor,0
C0104,A_cal,1,ddos,0
C0104,A_cal,1,dos,0
C0104,A_cal,1,injection,0
C0104,A_cal,1,mitm,0
C0104,A_cal,1,password,0
C0104,A_cal,1,ransomware,0
C0104,A_cal,1,scanning,0
C0104,A_cal,1,xss,209360
C0104,B_fit_added,0,normal,230868
C0104,B_fit_added,1,backdoor,273529
C0104,B_fit_added,1,ddos,0
C0104,B_fit_added,1,dos,0
C0104,B_fit_added,1,injection,0
C0104,B_fit_added,1,mitm,0
C0104,B_fit_added,1,password,0
C0104,B_fit_added,1,ransomware,72805
C0104,B_fit_added,1,scanning,0
C0104,B_fit_added,1,xss,0
C0104,B_fit,0,normal,762364
C0104,B_fit,1,backdoor,273529
C0104,B_fit,1,ddos,6165008
C0104,B_fit,1,dos,3375328
C0104,B_fit,1,injection,452659
C0104,B_fit,1,mitm,0
C0104,B_fit,1,password,1718568
C0104,B_fit,1,ransomware,72805
C0104,B_fit,1,scanning,7140161
C0104,B_fit,1,xss,1899584
C0104,B_cal,0,normal,11296
C0104,B_cal,1,backdoor,234587
C0104,B_cal,1,ddos,0
C0104,B_cal,1,dos,0
C0104,B_cal,1,injection,0
C0104,B_cal,1,mitm,0
C0104,B_cal,1,password,0
C0104,B_cal,1,ransomware,0
C0104,B_cal,1,scanning,0
C0104,B_cal,1,xss,0
C0104,common_test,0,normal,18928
C0104,common_test,1,backdoor,0
C0104,common_test,1,ddos,0
C0104,common_test,1,dos,0
C0104,common_test,1,injection,0
C0104,common_test,1,mitm,1052
C0104,common_test,1,password,0
C0104,common_test,1,ransomware,0
C0104,common_test,1,scanning,0
C0104,common_test,1,xss,0
C0105,A_fit,0,normal,5486
C0105,A_fit,1,backdoor,0
C0105,A_fit,1,ddos,0
C0105,A_fit,1,dos,0
C0105,A_fit,1,injection,0
C0105,A_fit,1,mitm,0
C0105,A_fit,1,password,0
C0105,A_fit,1,ransomware,0
C0105,A_fit,1,scanning,0
C0105,A_fit,1,xss,0
C0105,A_cal,0,normal,37859
C0105,A_cal,1,backdoor,0
C0105,A_cal,1,ddos,0
C0105,A_cal,1,dos,0
C0105,A_cal,1,injection,0
C0105,A_cal,1,mitm,0
C0105,A_cal,1,password,0
C0105,A_cal,1,ransomware,0
C0105,A_cal,1,scanning,0
C0105,A_cal,1,xss,0
C0105,B_fit_added,0,normal,157378
C0105,B_fit_added,1,backdoor,0
C0105,B_fit_added,1,ddos,0
C0105,B_fit_added,1,dos,0
C0105,B_fit_added,1,injection,0
C0105,B_fit_added,1,mitm,0
C0105,B_fit_added,1,password,0
C0105,B_fit_added,1,ransomware,0
C0105,B_fit_added,1,scanning,0
C0105,B_fit_added,1,xss,0
C0105,B_fit,0,normal,162864
C0105,B_fit,1,backdoor,0
C0105,B_fit,1,ddos,0
C0105,B_fit,1,dos,0
C0105,B_fit,1,injection,0
C0105,B_fit,1,mitm,0
C0105,B_fit,1,password,0
C0105,B_fit,1,ransomware,0
C0105,B_fit,1,scanning,0
C0105,B_fit,1,xss,0
C0105,B_cal,0,normal,0
C0105,B_cal,1,backdoor,0
C0105,B_cal,1,ddos,0
C0105,B_cal,1,dos,0
C0105,B_cal,1,injection,0
C0105,B_cal,1,mitm,0
C0105,B_cal,1,password,0
C0105,B_cal,1,ransomware,0
C0105,B_cal,1,scanning,0
C0105,B_cal,1,xss,0
C0105,common_test,0,normal,594788
C0105,common_test,1,backdoor,508116
C0105,common_test,1,ddos,6165008
C0105,common_test,1,dos,3375328
C0105,common_test,1,injection,452659
C0105,common_test,1,mitm,1052
C0105,common_test,1,password,1718568
C0105,common_test,1,ransomware,72805
C0105,common_test,1,scanning,7140161
C0105,common_test,1,xss,2108944
C0106,A_fit,0,normal,43345
C0106,A_fit,1,backdoor,0
C0106,A_fit,1,ddos,0
C0106,A_fit,1,dos,0
C0106,A_fit,1,injection,0
C0106,A_fit,1,mitm,0
C0106,A_fit,1,password,0
C0106,A_fit,1,ransomware,0
C0106,A_fit,1,scanning,0
C0106,A_fit,1,xss,0
C0106,A_cal,0,normal,69467
C0106,A_cal,1,backdoor,0
C0106,A_cal,1,ddos,0
C0106,A_cal,1,dos,0
C0106,A_cal,1,injection,0
C0106,A_cal,1,mitm,0
C0106,A_cal,1,password,0
C0106,A_cal,1,ransomware,0
C0106,A_cal,1,scanning,0
C0106,A_cal,1,xss,0
C0106,B_fit_added,0,normal,87911
C0106,B_fit_added,1,backdoor,0
C0106,B_fit_added,1,ddos,0
C0106,B_fit_added,1,dos,0
C0106,B_fit_added,1,injection,0
C0106,B_fit_added,1,mitm,0
C0106,B_fit_added,1,password,0
C0106,B_fit_added,1,ransomware,0
C0106,B_fit_added,1,scanning,0
C0106,B_fit_added,1,xss,0
C0106,B_fit,0,normal,131256
C0106,B_fit,1,backdoor,0
C0106,B_fit,1,ddos,0
C0106,B_fit,1,dos,0
C0106,B_fit,1,injection,0
C0106,B_fit,1,mitm,0
C0106,B_fit,1,password,0
C0106,B_fit,1,ransomware,0
C0106,B_fit,1,scanning,0
C0106,B_fit,1,xss,0
C0106,B_cal,0,normal,0
C0106,B_cal,1,backdoor,0
C0106,B_cal,1,ddos,0
C0106,B_cal,1,dos,0
C0106,B_cal,1,injection,0
C0106,B_cal,1,mitm,0
C0106,B_cal,1,password,0
C0106,B_cal,1,ransomware,0
C0106,B_cal,1,scanning,0
C0106,B_cal,1,xss,0
C0106,common_test,0,normal,594788
C0106,common_test,1,backdoor,508116
C0106,common_test,1,ddos,6165008
C0106,common_test,1,dos,3375328
C0106,common_test,1,injection,452659
C0106,common_test,1,mitm,1052
C0106,common_test,1,password,1718568
C0106,common_test,1,ransomware,72805
C0106,common_test,1,scanning,7140161
C0106,common_test,1,xss,2108944
C0107,A_fit,0,normal,112812
C0107,A_fit,1,backdoor,0
C0107,A_fit,1,ddos,0
C0107,A_fit,1,dos,0
C0107,A_fit,1,injection,0
C0107,A_fit,1,mitm,0
C0107,A_fit,1,password,0
C0107,A_fit,1,ransomware,0
C0107,A_fit,1,scanning,0
C0107,A_fit,1,xss,0
C0107,A_cal,0,normal,52388
C0107,A_cal,1,backdoor,0
C0107,A_cal,1,ddos,0
C0107,A_cal,1,dos,0
C0107,A_cal,1,injection,0
C0107,A_cal,1,mitm,0
C0107,A_cal,1,password,0
C0107,A_cal,1,ransomware,0
C0107,A_cal,1,scanning,0
C0107,A_cal,1,xss,0
C0107,B_fit_added,0,normal,35523
C0107,B_fit_added,1,backdoor,0
C0107,B_fit_added,1,ddos,0
C0107,B_fit_added,1,dos,0
C0107,B_fit_added,1,injection,0
C0107,B_fit_added,1,mitm,0
C0107,B_fit_added,1,password,0
C0107,B_fit_added,1,ransomware,0
C0107,B_fit_added,1,scanning,0
C0107,B_fit_added,1,xss,0
C0107,B_fit,0,normal,148335
C0107,B_fit,1,backdoor,0
C0107,B_fit,1,ddos,0
C0107,B_fit,1,dos,0
C0107,B_fit,1,injection,0
C0107,B_fit,1,mitm,0
C0107,B_fit,1,password,0
C0107,B_fit,1,ransomware,0
C0107,B_fit,1,scanning,0
C0107,B_fit,1,xss,0
C0107,B_cal,0,normal,0
C0107,B_cal,1,backdoor,0
C0107,B_cal,1,ddos,0
C0107,B_cal,1,dos,0
C0107,B_cal,1,injection,0
C0107,B_cal,1,mitm,0
C0107,B_cal,1,password,0
C0107,B_cal,1,ransomware,0
C0107,B_cal,1,scanning,0
C0107,B_cal,1,xss,0
C0107,common_test,0,normal,594788
C0107,common_test,1,backdoor,508116
C0107,common_test,1,ddos,6165008
C0107,common_test,1,dos,3375328
C0107,common_test,1,injection,452659
C0107,common_test,1,mitm,1052
C0107,common_test,1,password,1718568
C0107,common_test,1,ransomware,72805
C0107,common_test,1,scanning,7140161
C0107,common_test,1,xss,2108944
C0108,A_fit,0,normal,165200
C0108,A_fit,1,backdoor,0
C0108,A_fit,1,ddos,0
C0108,A_fit,1,dos,0
C0108,A_fit,1,injection,0
C0108,A_fit,1,mitm,0
C0108,A_fit,1,password,0
C0108,A_fit,1,ransomware,0
C0108,A_fit,1,scanning,0
C0108,A_fit,1,xss,0
C0108,A_cal,0,normal,35523
C0108,A_cal,1,backdoor,0
C0108,A_cal,1,ddos,0
C0108,A_cal,1,dos,0
C0108,A_cal,1,injection,0
C0108,A_cal,1,mitm,0
C0108,A_cal,1,password,0
C0108,A_cal,1,ransomware,0
C0108,A_cal,1,scanning,0
C0108,A_cal,1,xss,0
C0108,B_fit_added,0,normal,0
C0108,B_fit_added,1,backdoor,0
C0108,B_fit_added,1,ddos,0
C0108,B_fit_added,1,dos,0
C0108,B_fit_added,1,injection,0
C0108,B_fit_added,1,mitm,0
C0108,B_fit_added,1,password,0
C0108,B_fit_added,1,ransomware,0
C0108,B_fit_added,1,scanning,0
C0108,B_fit_added,1,xss,0
C0108,B_fit,0,normal,165200
C0108,B_fit,1,backdoor,0
C0108,B_fit,1,ddos,0
C0108,B_fit,1,dos,0
C0108,B_fit,1,injection,0
C0108,B_fit,1,mitm,0
C0108,B_fit,1,password,0
C0108,B_fit,1,ransomware,0
C0108,B_fit,1,scanning,0
C0108,B_fit,1,xss,0
C0108,B_cal,0,normal,0
C0108,B_cal,1,backdoor,0
C0108,B_cal,1,ddos,0
C0108,B_cal,1,dos,0
C0108,B_cal,1,injection,0
C0108,B_cal,1,mitm,0
C0108,B_cal,1,password,0
C0108,B_cal,1,ransomware,0
C0108,B_cal,1,scanning,0
C0108,B_cal,1,xss,0
C0108,common_test,0,normal,594788
C0108,common_test,1,backdoor,508116
C0108,common_test,1,ddos,6165008
C0108,common_test,1,dos,3375328
C0108,common_test,1,injection,452659
C0108,common_test,1,mitm,1052
C0108,common_test,1,password,1718568
C0108,common_test,1,ransomware,72805
C0108,common_test,1,scanning,7140161
C0108,common_test,1,xss,2108944
C0109,A_fit,0,normal,200723
C0109,A_fit,1,backdoor,0
C0109,A_fit,1,ddos,0
C0109,A_fit,1,dos,0
C0109,A_fit,1,injection,0
C0109,A_fit,1,mitm,0
C0109,A_fit,1,password,0
C0109,A_fit,1,ransomware,0
C0109,A_fit,1,scanning,0
C0109,A_fit,1,xss,0
C0109,A_cal,0,normal,0
C0109,A_cal,1,backdoor,0
C0109,A_cal,1,ddos,0
C0109,A_cal,1,dos,0
C0109,A_cal,1,injection,0
C0109,A_cal,1,mitm,0
C0109,A_cal,1,password,0
C0109,A_cal,1,ransomware,0
C0109,A_cal,1,scanning,0
C0109,A_cal,1,xss,0
C0109,B_fit_added,0,normal,0
C0109,B_fit_added,1,backdoor,0
C0109,B_fit_added,1,ddos,0
C0109,B_fit_added,1,dos,0
C0109,B_fit_added,1,injection,0
C0109,B_fit_added,1,mitm,0
C0109,B_fit_added,1,password,0
C0109,B_fit_added,1,ransomware,0
C0109,B_fit_added,1,scanning,0
C0109,B_fit_added,1,xss,0
C0109,B_fit,0,normal,200723
C0109,B_fit,1,backdoor,0
C0109,B_fit,1,ddos,0
C0109,B_fit,1,dos,0
C0109,B_fit,1,injection,0
C0109,B_fit,1,mitm,0
C0109,B_fit,1,password,0
C0109,B_fit,1,ransomware,0
C0109,B_fit,1,scanning,0
C0109,B_fit,1,xss,0
C0109,B_cal,0,normal,0
C0109,B_cal,1,backdoor,0
C0109,B_cal,1,ddos,0
C0109,B_cal,1,dos,0
C0109,B_cal,1,injection,0
C0109,B_cal,1,mitm,0
C0109,B_cal,1,password,0
C0109,B_cal,1,ransomware,0
C0109,B_cal,1,scanning,0
C0109,B_cal,1,xss,0
C0109,common_test,0,normal,594788
C0109,common_test,1,backdoor,508116
C0109,common_test,1,ddos,6165008
C0109,common_test,1,dos,3375328
C0109,common_test,1,injection,452659
C0109,common_test,1,mitm,1052
C0109,common_test,1,password,1718568
C0109,common_test,1,ransomware,72805
C0109,common_test,1,scanning,7140161
C0109,common_test,1,xss,2108944
C0110,A_fit,0,normal,223199
C0110,A_fit,1,backdoor,0
C0110,A_fit,1,ddos,0
C0110,A_fit,1,dos,0
C0110,A_fit,1,injection,0
C0110,A_fit,1,mitm,0
C0110,A_fit,1,password,0
C0110,A_fit,1,ransomware,0
C0110,A_fit,1,scanning,3733109
C0110,A_fit,1,xss,0
C0110,A_cal,0,normal,25896
C0110,A_cal,1,backdoor,0
C0110,A_cal,1,ddos,0
C0110,A_cal,1,dos,0
C0110,A_cal,1,injection,0
C0110,A_cal,1,mitm,0
C0110,A_cal,1,password,0
C0110,A_cal,1,ransomware,0
C0110,A_cal,1,scanning,3407052
C0110,A_cal,1,xss,0
C0110,B_fit_added,0,normal,216788
C0110,B_fit_added,1,backdoor,0
C0110,B_fit_added,1,ddos,6165008
C0110,B_fit_added,1,dos,3375328
C0110,B_fit_added,1,injection,452659
C0110,B_fit_added,1,mitm,0
C0110,B_fit_added,1,password,0
C0110,B_fit_added,1,ransomware,0
C0110,B_fit_added,1,scanning,0
C0110,B_fit_added,1,xss,0
C0110,B_fit,0,normal,439987
C0110,B_fit,1,backdoor,0
C0110,B_fit,1,ddos,6165008
C0110,B_fit,1,dos,3375328
C0110,B_fit,1,injection,452659
C0110,B_fit,1,mitm,0
C0110,B_fit,1,password,0
C0110,B_fit,1,ransomware,0
C0110,B_fit,1,scanning,3733109
C0110,B_fit,1,xss,0
C0110,B_cal,0,normal,19955
C0110,B_cal,1,backdoor,0
C0110,B_cal,1,ddos,0
C0110,B_cal,1,dos,0
C0110,B_cal,1,injection,0
C0110,B_cal,1,mitm,0
C0110,B_cal,1,password,1169185
C0110,B_cal,1,ransomware,0
C0110,B_cal,1,scanning,0
C0110,B_cal,1,xss,0
C0110,common_test,0,normal,309673
C0110,common_test,1,backdoor,508116
C0110,common_test,1,ddos,0
C0110,common_test,1,dos,0
C0110,common_test,1,injection,0
C0110,common_test,1,mitm,1052
C0110,common_test,1,password,549383
C0110,common_test,1,ransomware,72805
C0110,common_test,1,scanning,0
C0110,common_test,1,xss,2108944
C0111,A_fit,0,normal,249095
C0111,A_fit,1,backdoor,0
C0111,A_fit,1,ddos,0
C0111,A_fit,1,dos,0
C0111,A_fit,1,injection,0
C0111,A_fit,1,mitm,0
C0111,A_fit,1,password,0
C0111,A_fit,1,ransomware,0
C0111,A_fit,1,scanning,7140161
C0111,A_fit,1,xss,0
C0111,A_cal,0,normal,63427
C0111,A_cal,1,backdoor,0
C0111,A_cal,1,ddos,0
C0111,A_cal,1,dos,2184823
C0111,A_cal,1,injection,0
C0111,A_cal,1,mitm,0
C0111,A_cal,1,password,0
C0111,A_cal,1,ransomware,0
C0111,A_cal,1,scanning,0
C0111,A_cal,1,xss,0
C0111,B_fit_added,0,normal,173316
C0111,B_fit_added,1,backdoor,0
C0111,B_fit_added,1,ddos,6165008
C0111,B_fit_added,1,dos,1190505
C0111,B_fit_added,1,injection,452659
C0111,B_fit_added,1,mitm,0
C0111,B_fit_added,1,password,1169185
C0111,B_fit_added,1,ransomware,0
C0111,B_fit_added,1,scanning,0
C0111,B_fit_added,1,xss,0
C0111,B_fit,0,normal,422411
C0111,B_fit,1,backdoor,0
C0111,B_fit,1,ddos,6165008
C0111,B_fit,1,dos,1190505
C0111,B_fit,1,injection,452659
C0111,B_fit,1,mitm,0
C0111,B_fit,1,password,1169185
C0111,B_fit,1,ransomware,0
C0111,B_fit,1,scanning,7140161
C0111,B_fit,1,xss,0
C0111,B_cal,0,normal,45658
C0111,B_cal,1,backdoor,0
C0111,B_cal,1,ddos,0
C0111,B_cal,1,dos,0
C0111,B_cal,1,injection,0
C0111,B_cal,1,mitm,0
C0111,B_cal,1,password,549383
C0111,B_cal,1,ransomware,0
C0111,B_cal,1,scanning,0
C0111,B_cal,1,xss,1899584
C0111,common_test,0,normal,264015
C0111,common_test,1,backdoor,508116
C0111,common_test,1,ddos,0
C0111,common_test,1,dos,0
C0111,common_test,1,injection,0
C0111,common_test,1,mitm,1052
C0111,common_test,1,password,0
C0111,common_test,1,ransomware,72805
C0111,common_test,1,scanning,0
C0111,common_test,1,xss,209360
C0112,A_fit,0,normal,312522
C0112,A_fit,1,backdoor,0
C0112,A_fit,1,ddos,0
C0112,A_fit,1,dos,2184823
C0112,A_fit,1,injection,0
C0112,A_fit,1,mitm,0
C0112,A_fit,1,password,0
C0112,A_fit,1,ransomware,0
C0112,A_fit,1,scanning,7140161
C0112,A_fit,1,xss,0
C0112,A_cal,0,normal,62996
C0112,A_cal,1,backdoor,0
C0112,A_cal,1,ddos,0
C0112,A_cal,1,dos,1190505
C0112,A_cal,1,injection,452659
C0112,A_cal,1,mitm,0
C0112,A_cal,1,password,0
C0112,A_cal,1,ransomware,0
C0112,A_cal,1,scanning,0
C0112,A_cal,1,xss,0
C0112,B_fit_added,0,normal,155978
C0112,B_fit_added,1,backdoor,0
C0112,B_fit_added,1,ddos,6165008
C0112,B_fit_added,1,dos,0
C0112,B_fit_added,1,injection,0
C0112,B_fit_added,1,mitm,0
C0112,B_fit_added,1,password,1718568
C0112,B_fit_added,1,ransomware,0
C0112,B_fit_added,1,scanning,0
C0112,B_fit_added,1,xss,1899584
C0112,B_fit,0,normal,468500
C0112,B_fit,1,backdoor,0
C0112,B_fit,1,ddos,6165008
C0112,B_fit,1,dos,2184823
C0112,B_fit,1,injection,0
C0112,B_fit,1,mitm,0
C0112,B_fit,1,password,1718568
C0112,B_fit,1,ransomware,0
C0112,B_fit,1,scanning,7140161
C0112,B_fit,1,xss,1899584
C0112,B_cal,0,normal,2923
C0112,B_cal,1,backdoor,0
C0112,B_cal,1,ddos,0
C0112,B_cal,1,dos,0
C0112,B_cal,1,injection,0
C0112,B_cal,1,mitm,0
C0112,B_cal,1,password,0
C0112,B_cal,1,ransomware,0
C0112,B_cal,1,scanning,0
C0112,B_cal,1,xss,209360
C0112,common_test,0,normal,261092
C0112,common_test,1,backdoor,508116
C0112,common_test,1,ddos,0
C0112,common_test,1,dos,0
C0112,common_test,1,injection,0
C0112,common_test,1,mitm,1052
C0112,common_test,1,password,0
C0112,common_test,1,ransomware,72805
C0112,common_test,1,scanning,0
C0112,common_test,1,xss,0
C0113,A_fit,0,normal,375518
C0113,A_fit,1,backdoor,0
C0113,A_fit,1,ddos,0
C0113,A_fit,1,dos,3375328
C0113,A_fit,1,injection,452659
C0113,A_fit,1,mitm,0
C0113,A_fit,1,password,0
C0113,A_fit,1,ransomware,0
C0113,A_fit,1,scanning,7140161
C0113,A_fit,1,xss,0
C0113,A_cal,0,normal,18744
C0113,A_cal,1,backdoor,0
C0113,A_cal,1,ddos,3501466
C0113,A_cal,1,dos,0
C0113,A_cal,1,injection,0
C0113,A_cal,1,mitm,0
C0113,A_cal,1,password,0
C0113,A_cal,1,ransomware,0
C0113,A_cal,1,scanning,0
C0113,A_cal,1,xss,0
C0113,B_fit_added,0,normal,140157
C0113,B_fit_added,1,backdoor,0
C0113,B_fit_added,1,ddos,2663542
C0113,B_fit_added,1,dos,0
C0113,B_fit_added,1,injection,0
C0113,B_fit_added,1,mitm,0
C0113,B_fit_added,1,password,1718568
C0113,B_fit_added,1,ransomware,0
C0113,B_fit_added,1,scanning,0
C0113,B_fit_added,1,xss,2108944
C0113,B_fit,0,normal,515675
C0113,B_fit,1,backdoor,0
C0113,B_fit,1,ddos,2663542
C0113,B_fit,1,dos,3375328
C0113,B_fit,1,injection,452659
C0113,B_fit,1,mitm,0
C0113,B_fit,1,password,1718568
C0113,B_fit,1,ransomware,0
C0113,B_fit,1,scanning,7140161
C0113,B_fit,1,xss,2108944
C0113,B_cal,0,normal,215421
C0113,B_cal,1,backdoor,63039
C0113,B_cal,1,ddos,0
C0113,B_cal,1,dos,0
C0113,B_cal,1,injection,0
C0113,B_cal,1,mitm,0
C0113,B_cal,1,password,0
C0113,B_cal,1,ransomware,72805
C0113,B_cal,1,scanning,0
C0113,B_cal,1,xss,0
C0113,common_test,0,normal,45671
C0113,common_test,1,backdoor,445077
C0113,common_test,1,ddos,0
C0113,common_test,1,dos,0
C0113,common_test,1,injection,0
C0113,common_test,1,mitm,1052
C0113,common_test,1,password,0
C0113,common_test,1,ransomware,0
C0113,common_test,1,scanning,0
C0113,common_test,1,xss,0
C0114,A_fit,0,normal,394262
C0114,A_fit,1,backdoor,0
C0114,A_fit,1,ddos,3501466
C0114,A_fit,1,dos,3375328
C0114,A_fit,1,injection,452659
C0114,A_fit,1,mitm,0
C0114,A_fit,1,password,0
C0114,A_fit,1,ransomware,0
C0114,A_fit,1,scanning,7140161
C0114,A_fit,1,xss,0
C0114,A_cal,0,normal,71621
C0114,A_cal,1,backdoor,0
C0114,A_cal,1,ddos,2663542
C0114,A_cal,1,dos,0
C0114,A_cal,1,injection,0
C0114,A_cal,1,mitm,0
C0114,A_cal,1,password,0
C0114,A_cal,1,ransomware,0
C0114,A_cal,1,scanning,0
C0114,A_cal,1,xss,0
C0114,B_fit_added,0,normal,283957
C0114,B_fit_added,1,backdoor,63039
C0114,B_fit_added,1,ddos,0
C0114,B_fit_added,1,dos,0
C0114,B_fit_added,1,injection,0
C0114,B_fit_added,1,mitm,0
C0114,B_fit_added,1,password,1718568
C0114,B_fit_added,1,ransomware,72805
C0114,B_fit_added,1,scanning,0
C0114,B_fit_added,1,xss,2108944
C0114,B_fit,0,normal,678219
C0114,B_fit,1,backdoor,63039
C0114,B_fit,1,ddos,3501466
C0114,B_fit,1,dos,3375328
C0114,B_fit,1,injection,452659
C0114,B_fit,1,mitm,0
C0114,B_fit,1,password,1718568
C0114,B_fit,1,ransomware,72805
C0114,B_fit,1,scanning,7140161
C0114,B_fit,1,xss,2108944
C0114,B_cal,0,normal,15447
C0114,B_cal,1,backdoor,210490
C0114,B_cal,1,ddos,0
C0114,B_cal,1,dos,0
C0114,B_cal,1,injection,0
C0114,B_cal,1,mitm,0
C0114,B_cal,1,password,0
C0114,B_cal,1,ransomware,0
C0114,B_cal,1,scanning,0
C0114,B_cal,1,xss,0
C0114,common_test,0,normal,30224
C0114,common_test,1,backdoor,234587
C0114,common_test,1,ddos,0
C0114,common_test,1,dos,0
C0114,common_test,1,injection,0
C0114,common_test,1,mitm,1052
C0114,common_test,1,password,0
C0114,common_test,1,ransomware,0
C0114,common_test,1,scanning,0
C0114,common_test,1,xss,0
C0115,A_fit,0,normal,465883
C0115,A_fit,1,backdoor,0
C0115,A_fit,1,ddos,6165008
C0115,A_fit,1,dos,3375328
C0115,A_fit,1,injection,452659
C0115,A_fit,1,mitm,0
C0115,A_fit,1,password,0
C0115,A_fit,1,ransomware,0
C0115,A_fit,1,scanning,7140161
C0115,A_fit,1,xss,0
C0115,A_cal,0,normal,19955
C0115,A_cal,1,backdoor,0
C0115,A_cal,1,ddos,0
C0115,A_cal,1,dos,0
C0115,A_cal,1,injection,0
C0115,A_cal,1,mitm,0
C0115,A_cal,1,password,1169185
C0115,A_cal,1,ransomware,0
C0115,A_cal,1,scanning,0
C0115,A_cal,1,xss,0
C0115,B_fit_added,0,normal,279449
C0115,B_fit_added,1,backdoor,273529
C0115,B_fit_added,1,ddos,0
C0115,B_fit_added,1,dos,0
C0115,B_fit_added,1,injection,0
C0115,B_fit_added,1,mitm,0
C0115,B_fit_added,1,password,549383
C0115,B_fit_added,1,ransomware,72805
C0115,B_fit_added,1,scanning,0
C0115,B_fit_added,1,xss,2108944
C0115,B_fit,0,normal,745332
C0115,B_fit,1,backdoor,273529
C0115,B_fit,1,ddos,6165008
C0115,B_fit,1,dos,3375328
C0115,B_fit,1,injection,452659
C0115,B_fit,1,mitm,0
C0115,B_fit,1,password,549383
C0115,B_fit,1,ransomware,72805
C0115,B_fit,1,scanning,7140161
C0115,B_fit,1,xss,2108944
C0115,B_cal,0,normal,11296
C0115,B_cal,1,backdoor,234587
C0115,B_cal,1,ddos,0
C0115,B_cal,1,dos,0
C0115,B_cal,1,injection,0
C0115,B_cal,1,mitm,0
C0115,B_cal,1,password,0
C0115,B_cal,1,ransomware,0
C0115,B_cal,1,scanning,0
C0115,B_cal,1,xss,0
C0115,common_test,0,normal,18928
C0115,common_test,1,backdoor,0
C0115,common_test,1,ddos,0
C0115,common_test,1,dos,0
C0115,common_test,1,injection,0
C0115,common_test,1,mitm,1052
C0115,common_test,1,password,0
C0115,common_test,1,ransomware,0
C0115,common_test,1,scanning,0
C0115,common_test,1,xss,0
C0116,A_fit,0,normal,43345
C0116,A_fit,1,backdoor,0
C0116,A_fit,1,ddos,0
C0116,A_fit,1,dos,0
C0116,A_fit,1,injection,0
C0116,A_fit,1,mitm,0
C0116,A_fit,1,password,0
C0116,A_fit,1,ransomware,0
C0116,A_fit,1,scanning,0
C0116,A_fit,1,xss,0
C0116,A_cal,0,normal,121855
C0116,A_cal,1,backdoor,0
C0116,A_cal,1,ddos,0
C0116,A_cal,1,dos,0
C0116,A_cal,1,injection,0
C0116,A_cal,1,mitm,0
C0116,A_cal,1,password,0
C0116,A_cal,1,ransomware,0
C0116,A_cal,1,scanning,0
C0116,A_cal,1,xss,0
C0116,B_fit_added,0,normal,35523
C0116,B_fit_added,1,backdoor,0
C0116,B_fit_added,1,ddos,0
C0116,B_fit_added,1,dos,0
C0116,B_fit_added,1,injection,0
C0116,B_fit_added,1,mitm,0
C0116,B_fit_added,1,password,0
C0116,B_fit_added,1,ransomware,0
C0116,B_fit_added,1,scanning,0
C0116,B_fit_added,1,xss,0
C0116,B_fit,0,normal,78868
C0116,B_fit,1,backdoor,0
C0116,B_fit,1,ddos,0
C0116,B_fit,1,dos,0
C0116,B_fit,1,injection,0
C0116,B_fit,1,mitm,0
C0116,B_fit,1,password,0
C0116,B_fit,1,ransomware,0
C0116,B_fit,1,scanning,0
C0116,B_fit,1,xss,0
C0116,B_cal,0,normal,0
C0116,B_cal,1,backdoor,0
C0116,B_cal,1,ddos,0
C0116,B_cal,1,dos,0
C0116,B_cal,1,injection,0
C0116,B_cal,1,mitm,0
C0116,B_cal,1,password,0
C0116,B_cal,1,ransomware,0
C0116,B_cal,1,scanning,0
C0116,B_cal,1,xss,0
C0116,common_test,0,normal,594788
C0116,common_test,1,backdoor,508116
C0116,common_test,1,ddos,6165008
C0116,common_test,1,dos,3375328
C0116,common_test,1,injection,452659
C0116,common_test,1,mitm,1052
C0116,common_test,1,password,1718568
C0116,common_test,1,ransomware,72805
C0116,common_test,1,scanning,7140161
C0116,common_test,1,xss,2108944
C0117,A_fit,0,normal,165200
C0117,A_fit,1,backdoor,0
C0117,A_fit,1,ddos,0
C0117,A_fit,1,dos,0
C0117,A_fit,1,injection,0
C0117,A_fit,1,mitm,0
C0117,A_fit,1,password,0
C0117,A_fit,1,ransomware,0
C0117,A_fit,1,scanning,0
C0117,A_fit,1,xss,0
C0117,A_cal,0,normal,35523
C0117,A_cal,1,backdoor,0
C0117,A_cal,1,ddos,0
C0117,A_cal,1,dos,0
C0117,A_cal,1,injection,0
C0117,A_cal,1,mitm,0
C0117,A_cal,1,password,0
C0117,A_cal,1,ransomware,0
C0117,A_cal,1,scanning,0
C0117,A_cal,1,xss,0
C0117,B_fit_added,0,normal,0
C0117,B_fit_added,1,backdoor,0
C0117,B_fit_added,1,ddos,0
C0117,B_fit_added,1,dos,0
C0117,B_fit_added,1,injection,0
C0117,B_fit_added,1,mitm,0
C0117,B_fit_added,1,password,0
C0117,B_fit_added,1,ransomware,0
C0117,B_fit_added,1,scanning,0
C0117,B_fit_added,1,xss,0
C0117,B_fit,0,normal,165200
C0117,B_fit,1,backdoor,0
C0117,B_fit,1,ddos,0
C0117,B_fit,1,dos,0
C0117,B_fit,1,injection,0
C0117,B_fit,1,mitm,0
C0117,B_fit,1,password,0
C0117,B_fit,1,ransomware,0
C0117,B_fit,1,scanning,0
C0117,B_fit,1,xss,0
C0117,B_cal,0,normal,0
C0117,B_cal,1,backdoor,0
C0117,B_cal,1,ddos,0
C0117,B_cal,1,dos,0
C0117,B_cal,1,injection,0
C0117,B_cal,1,mitm,0
C0117,B_cal,1,password,0
C0117,B_cal,1,ransomware,0
C0117,B_cal,1,scanning,0
C0117,B_cal,1,xss,0
C0117,common_test,0,normal,594788
C0117,common_test,1,backdoor,508116
C0117,common_test,1,ddos,6165008
C0117,common_test,1,dos,3375328
C0117,common_test,1,injection,452659
C0117,common_test,1,mitm,1052
C0117,common_test,1,password,1718568
C0117,common_test,1,ransomware,72805
C0117,common_test,1,scanning,7140161
C0117,common_test,1,xss,2108944
C0118,A_fit,0,normal,200723
C0118,A_fit,1,backdoor,0
C0118,A_fit,1,ddos,0
C0118,A_fit,1,dos,0
C0118,A_fit,1,injection,0
C0118,A_fit,1,mitm,0
C0118,A_fit,1,password,0
C0118,A_fit,1,ransomware,0
C0118,A_fit,1,scanning,0
C0118,A_fit,1,xss,0
C0118,A_cal,0,normal,0
C0118,A_cal,1,backdoor,0
C0118,A_cal,1,ddos,0
C0118,A_cal,1,dos,0
C0118,A_cal,1,injection,0
C0118,A_cal,1,mitm,0
C0118,A_cal,1,password,0
C0118,A_cal,1,ransomware,0
C0118,A_cal,1,scanning,0
C0118,A_cal,1,xss,0
C0118,B_fit_added,0,normal,0
C0118,B_fit_added,1,backdoor,0
C0118,B_fit_added,1,ddos,0
C0118,B_fit_added,1,dos,0
C0118,B_fit_added,1,injection,0
C0118,B_fit_added,1,mitm,0
C0118,B_fit_added,1,password,0
C0118,B_fit_added,1,ransomware,0
C0118,B_fit_added,1,scanning,0
C0118,B_fit_added,1,xss,0
C0118,B_fit,0,normal,200723
C0118,B_fit,1,backdoor,0
C0118,B_fit,1,ddos,0
C0118,B_fit,1,dos,0
C0118,B_fit,1,injection,0
C0118,B_fit,1,mitm,0
C0118,B_fit,1,password,0
C0118,B_fit,1,ransomware,0
C0118,B_fit,1,scanning,0
C0118,B_fit,1,xss,0
C0118,B_cal,0,normal,0
C0118,B_cal,1,backdoor,0
C0118,B_cal,1,ddos,0
C0118,B_cal,1,dos,0
C0118,B_cal,1,injection,0
C0118,B_cal,1,mitm,0
C0118,B_cal,1,password,0
C0118,B_cal,1,ransomware,0
C0118,B_cal,1,scanning,0
C0118,B_cal,1,xss,0
C0118,common_test,0,normal,594788
C0118,common_test,1,backdoor,508116
C0118,common_test,1,ddos,6165008
C0118,common_test,1,dos,3375328
C0118,common_test,1,injection,452659
C0118,common_test,1,mitm,1052
C0118,common_test,1,password,1718568
C0118,common_test,1,ransomware,72805
C0118,common_test,1,scanning,7140161
C0118,common_test,1,xss,2108944
C0119,A_fit,0,normal,223199
C0119,A_fit,1,backdoor,0
C0119,A_fit,1,ddos,0
C0119,A_fit,1,dos,0
C0119,A_fit,1,injection,0
C0119,A_fit,1,mitm,0
C0119,A_fit,1,password,0
C0119,A_fit,1,ransomware,0
C0119,A_fit,1,scanning,3733109
C0119,A_fit,1,xss,0
C0119,A_cal,0,normal,89323
C0119,A_cal,1,backdoor,0
C0119,A_cal,1,ddos,0
C0119,A_cal,1,dos,2184823
C0119,A_cal,1,injection,0
C0119,A_cal,1,mitm,0
C0119,A_cal,1,password,0
C0119,A_cal,1,ransomware,0
C0119,A_cal,1,scanning,3407052
C0119,A_cal,1,xss,0
C0119,B_fit_added,0,normal,81740
C0119,B_fit_added,1,backdoor,0
C0119,B_fit_added,1,ddos,3501466
C0119,B_fit_added,1,dos,1190505
C0119,B_fit_added,1,injection,452659
C0119,B_fit_added,1,mitm,0
C0119,B_fit_added,1,password,0
C0119,B_fit_added,1,ransomware,0
C0119,B_fit_added,1,scanning,0
C0119,B_fit_added,1,xss,0
C0119,B_fit,0,normal,304939
C0119,B_fit,1,backdoor,0
C0119,B_fit,1,ddos,3501466
C0119,B_fit,1,dos,1190505
C0119,B_fit,1,injection,452659
C0119,B_fit,1,mitm,0
C0119,B_fit,1,password,0
C0119,B_fit,1,ransomware,0
C0119,B_fit,1,scanning,3733109
C0119,B_fit,1,xss,0
C0119,B_cal,0,normal,91576
C0119,B_cal,1,backdoor,0
C0119,B_cal,1,ddos,2663542
C0119,B_cal,1,dos,0
C0119,B_cal,1,injection,0
C0119,B_cal,1,mitm,0
C0119,B_cal,1,password,1169185
C0119,B_cal,1,ransomware,0
C0119,B_cal,1,scanning,0
C0119,B_cal,1,xss,0
C0119,common_test,0,normal,309673
C0119,common_test,1,backdoor,508116
C0119,common_test,1,ddos,0
C0119,common_test,1,dos,0
C0119,common_test,1,injection,0
C0119,common_test,1,mitm,1052
C0119,common_test,1,password,549383
C0119,common_test,1,ransomware,72805
C0119,common_test,1,scanning,0
C0119,common_test,1,xss,2108944
C0120,A_fit,0,normal,312522
C0120,A_fit,1,backdoor,0
C0120,A_fit,1,ddos,0
C0120,A_fit,1,dos,2184823
C0120,A_fit,1,injection,0
C0120,A_fit,1,mitm,0
C0120,A_fit,1,password,0
C0120,A_fit,1,ransomware,0
C0120,A_fit,1,scanning,7140161
C0120,A_fit,1,xss,0
C0120,A_cal,0,normal,81740
C0120,A_cal,1,backdoor,0
C0120,A_cal,1,ddos,3501466
C0120,A_cal,1,dos,1190505
C0120,A_cal,1,injection,452659
C0120,A_cal,1,mitm,0
C0120,A_cal,1,password,0
C0120,A_cal,1,ransomware,0
C0120,A_cal,1,scanning,0
C0120,A_cal,1,xss,0
C0120,B_fit_added,0,normal,91576
C0120,B_fit_added,1,backdoor,0
C0120,B_fit_added,1,ddos,2663542
C0120,B_fit_added,1,dos,0
C0120,B_fit_added,1,injection,0
C0120,B_fit_added,1,mitm,0
C0120,B_fit_added,1,password,1169185
C0120,B_fit_added,1,ransomware,0
C0120,B_fit_added,1,scanning,0
C0120,B_fit_added,1,xss,0
C0120,B_fit,0,normal,404098
C0120,B_fit,1,backdoor,0
C0120,B_fit,1,ddos,2663542
C0120,B_fit,1,dos,2184823
C0120,B_fit,1,injection,0
C0120,B_fit,1,mitm,0
C0120,B_fit,1,password,1169185
C0120,B_fit,1,ransomware,0
C0120,B_fit,1,scanning,7140161
C0120,B_fit,1,xss,0
C0120,B_cal,0,normal,48581
C0120,B_cal,1,backdoor,0
C0120,B_cal,1,ddos,0
C0120,B_cal,1,dos,0
C0120,B_cal,1,injection,0
C0120,B_cal,1,mitm,0
C0120,B_cal,1,password,549383
C0120,B_cal,1,ransomware,0
C0120,B_cal,1,scanning,0
C0120,B_cal,1,xss,2108944
C0120,common_test,0,normal,261092
C0120,common_test,1,backdoor,508116
C0120,common_test,1,ddos,0
C0120,common_test,1,dos,0
C0120,common_test,1,injection,0
C0120,common_test,1,mitm,1052
C0120,common_test,1,password,0
C0120,common_test,1,ransomware,72805
C0120,common_test,1,scanning,0
C0120,common_test,1,xss,0
C0121,A_fit,0,normal,394262
C0121,A_fit,1,backdoor,0
C0121,A_fit,1,ddos,3501466
C0121,A_fit,1,dos,3375328
C0121,A_fit,1,injection,452659
C0121,A_fit,1,mitm,0
C0121,A_fit,1,password,0
C0121,A_fit,1,ransomware,0
C0121,A_fit,1,scanning,7140161
C0121,A_fit,1,xss,0
C0121,A_cal,0,normal,91576
C0121,A_cal,1,backdoor,0
C0121,A_cal,1,ddos,2663542
C0121,A_cal,1,dos,0
C0121,A_cal,1,injection,0
C0121,A_cal,1,mitm,0
C0121,A_cal,1,password,1169185
C0121,A_cal,1,ransomware,0
C0121,A_cal,1,scanning,0
C0121,A_cal,1,xss,0
C0121,B_fit_added,0,normal,48581
C0121,B_fit_added,1,backdoor,0
C0121,B_fit_added,1,ddos,0
C0121,B_fit_added,1,dos,0
C0121,B_fit_added,1,injection,0
C0121,B_fit_added,1,mitm,0
C0121,B_fit_added,1,password,549383
C0121,B_fit_added,1,ransomware,0
C0121,B_fit_added,1,scanning,0
C0121,B_fit_added,1,xss,2108944
C0121,B_fit,0,normal,442843
C0121,B_fit,1,backdoor,0
C0121,B_fit,1,ddos,3501466
C0121,B_fit,1,dos,3375328
C0121,B_fit,1,injection,452659
C0121,B_fit,1,mitm,0
C0121,B_fit,1,password,549383
C0121,B_fit,1,ransomware,0
C0121,B_fit,1,scanning,7140161
C0121,B_fit,1,xss,2108944
C0121,B_cal,0,normal,230868
C0121,B_cal,1,backdoor,273529
C0121,B_cal,1,ddos,0
C0121,B_cal,1,dos,0
C0121,B_cal,1,injection,0
C0121,B_cal,1,mitm,0
C0121,B_cal,1,password,0
C0121,B_cal,1,ransomware,72805
C0121,B_cal,1,scanning,0
C0121,B_cal,1,xss,0
C0121,common_test,0,normal,30224
C0121,common_test,1,backdoor,234587
C0121,common_test,1,ddos,0
C0121,common_test,1,dos,0
C0121,common_test,1,injection,0
C0121,common_test,1,mitm,1052
C0121,common_test,1,password,0
C0121,common_test,1,ransomware,0
C0121,common_test,1,scanning,0
C0121,common_test,1,xss,0
C0122,A_fit,0,normal,43345
C0122,A_fit,1,backdoor,0
C0122,A_fit,1,ddos,0
C0122,A_fit,1,dos,0
C0122,A_fit,1,injection,0
C0122,A_fit,1,mitm,0
C0122,A_fit,1,password,0
C0122,A_fit,1,ransomware,0
C0122,A_fit,1,scanning,0
C0122,A_fit,1,xss,0
C0122,A_cal,0,normal,121855
C0122,A_cal,1,backdoor,0
C0122,A_cal,1,ddos,0
C0122,A_cal,1,dos,0
C0122,A_cal,1,injection,0
C0122,A_cal,1,mitm,0
C0122,A_cal,1,password,0
C0122,A_cal,1,ransomware,0
C0122,A_cal,1,scanning,0
C0122,A_cal,1,xss,0
C0122,B_fit_added,0,normal,35523
C0122,B_fit_added,1,backdoor,0
C0122,B_fit_added,1,ddos,0
C0122,B_fit_added,1,dos,0
C0122,B_fit_added,1,injection,0
C0122,B_fit_added,1,mitm,0
C0122,B_fit_added,1,password,0
C0122,B_fit_added,1,ransomware,0
C0122,B_fit_added,1,scanning,0
C0122,B_fit_added,1,xss,0
C0122,B_fit,0,normal,78868
C0122,B_fit,1,backdoor,0
C0122,B_fit,1,ddos,0
C0122,B_fit,1,dos,0
C0122,B_fit,1,injection,0
C0122,B_fit,1,mitm,0
C0122,B_fit,1,password,0
C0122,B_fit,1,ransomware,0
C0122,B_fit,1,scanning,0
C0122,B_fit,1,xss,0
C0122,B_cal,0,normal,0
C0122,B_cal,1,backdoor,0
C0122,B_cal,1,ddos,0
C0122,B_cal,1,dos,0
C0122,B_cal,1,injection,0
C0122,B_cal,1,mitm,0
C0122,B_cal,1,password,0
C0122,B_cal,1,ransomware,0
C0122,B_cal,1,scanning,0
C0122,B_cal,1,xss,0
C0122,common_test,0,normal,594788
C0122,common_test,1,backdoor,508116
C0122,common_test,1,ddos,6165008
C0122,common_test,1,dos,3375328
C0122,common_test,1,injection,452659
C0122,common_test,1,mitm,1052
C0122,common_test,1,password,1718568
C0122,common_test,1,ransomware,72805
C0122,common_test,1,scanning,7140161
C0122,common_test,1,xss,2108944
C0123,A_fit,0,normal,165200
C0123,A_fit,1,backdoor,0
C0123,A_fit,1,ddos,0
C0123,A_fit,1,dos,0
C0123,A_fit,1,injection,0
C0123,A_fit,1,mitm,0
C0123,A_fit,1,password,0
C0123,A_fit,1,ransomware,0
C0123,A_fit,1,scanning,0
C0123,A_fit,1,xss,0
C0123,A_cal,0,normal,35523
C0123,A_cal,1,backdoor,0
C0123,A_cal,1,ddos,0
C0123,A_cal,1,dos,0
C0123,A_cal,1,injection,0
C0123,A_cal,1,mitm,0
C0123,A_cal,1,password,0
C0123,A_cal,1,ransomware,0
C0123,A_cal,1,scanning,0
C0123,A_cal,1,xss,0
C0123,B_fit_added,0,normal,0
C0123,B_fit_added,1,backdoor,0
C0123,B_fit_added,1,ddos,0
C0123,B_fit_added,1,dos,0
C0123,B_fit_added,1,injection,0
C0123,B_fit_added,1,mitm,0
C0123,B_fit_added,1,password,0
C0123,B_fit_added,1,ransomware,0
C0123,B_fit_added,1,scanning,0
C0123,B_fit_added,1,xss,0
C0123,B_fit,0,normal,165200
C0123,B_fit,1,backdoor,0
C0123,B_fit,1,ddos,0
C0123,B_fit,1,dos,0
C0123,B_fit,1,injection,0
C0123,B_fit,1,mitm,0
C0123,B_fit,1,password,0
C0123,B_fit,1,ransomware,0
C0123,B_fit,1,scanning,0
C0123,B_fit,1,xss,0
C0123,B_cal,0,normal,0
C0123,B_cal,1,backdoor,0
C0123,B_cal,1,ddos,0
C0123,B_cal,1,dos,0
C0123,B_cal,1,injection,0
C0123,B_cal,1,mitm,0
C0123,B_cal,1,password,0
C0123,B_cal,1,ransomware,0
C0123,B_cal,1,scanning,0
C0123,B_cal,1,xss,0
C0123,common_test,0,normal,594788
C0123,common_test,1,backdoor,508116
C0123,common_test,1,ddos,6165008
C0123,common_test,1,dos,3375328
C0123,common_test,1,injection,452659
C0123,common_test,1,mitm,1052
C0123,common_test,1,password,1718568
C0123,common_test,1,ransomware,72805
C0123,common_test,1,scanning,7140161
C0123,common_test,1,xss,2108944
C0124,A_fit,0,normal,200723
C0124,A_fit,1,backdoor,0
C0124,A_fit,1,ddos,0
C0124,A_fit,1,dos,0
C0124,A_fit,1,injection,0
C0124,A_fit,1,mitm,0
C0124,A_fit,1,password,0
C0124,A_fit,1,ransomware,0
C0124,A_fit,1,scanning,0
C0124,A_fit,1,xss,0
C0124,A_cal,0,normal,0
C0124,A_cal,1,backdoor,0
C0124,A_cal,1,ddos,0
C0124,A_cal,1,dos,0
C0124,A_cal,1,injection,0
C0124,A_cal,1,mitm,0
C0124,A_cal,1,password,0
C0124,A_cal,1,ransomware,0
C0124,A_cal,1,scanning,0
C0124,A_cal,1,xss,0
C0124,B_fit_added,0,normal,0
C0124,B_fit_added,1,backdoor,0
C0124,B_fit_added,1,ddos,0
C0124,B_fit_added,1,dos,0
C0124,B_fit_added,1,injection,0
C0124,B_fit_added,1,mitm,0
C0124,B_fit_added,1,password,0
C0124,B_fit_added,1,ransomware,0
C0124,B_fit_added,1,scanning,0
C0124,B_fit_added,1,xss,0
C0124,B_fit,0,normal,200723
C0124,B_fit,1,backdoor,0
C0124,B_fit,1,ddos,0
C0124,B_fit,1,dos,0
C0124,B_fit,1,injection,0
C0124,B_fit,1,mitm,0
C0124,B_fit,1,password,0
C0124,B_fit,1,ransomware,0
C0124,B_fit,1,scanning,0
C0124,B_fit,1,xss,0
C0124,B_cal,0,normal,0
C0124,B_cal,1,backdoor,0
C0124,B_cal,1,ddos,0
C0124,B_cal,1,dos,0
C0124,B_cal,1,injection,0
C0124,B_cal,1,mitm,0
C0124,B_cal,1,password,0
C0124,B_cal,1,ransomware,0
C0124,B_cal,1,scanning,0
C0124,B_cal,1,xss,0
C0124,common_test,0,normal,594788
C0124,common_test,1,backdoor,508116
C0124,common_test,1,ddos,6165008
C0124,common_test,1,dos,3375328
C0124,common_test,1,injection,452659
C0124,common_test,1,mitm,1052
C0124,common_test,1,password,1718568
C0124,common_test,1,ransomware,72805
C0124,common_test,1,scanning,7140161
C0124,common_test,1,xss,2108944
C0125,A_fit,0,normal,223199
C0125,A_fit,1,backdoor,0
C0125,A_fit,1,ddos,0
C0125,A_fit,1,dos,0
C0125,A_fit,1,injection,0
C0125,A_fit,1,mitm,0
C0125,A_fit,1,password,0
C0125,A_fit,1,ransomware,0
C0125,A_fit,1,scanning,3733109
C0125,A_fit,1,xss,0
C0125,A_cal,0,normal,89323
C0125,A_cal,1,backdoor,0
C0125,A_cal,1,ddos,0
C0125,A_cal,1,dos,2184823
C0125,A_cal,1,injection,0
C0125,A_cal,1,mitm,0
C0125,A_cal,1,password,0
C0125,A_cal,1,ransomware,0
C0125,A_cal,1,scanning,3407052
C0125,A_cal,1,xss,0
C0125,B_fit_added,0,normal,173316
C0125,B_fit_added,1,backdoor,0
C0125,B_fit_added,1,ddos,6165008
C0125,B_fit_added,1,dos,1190505
C0125,B_fit_added,1,injection,452659
C0125,B_fit_added,1,mitm,0
C0125,B_fit_added,1,password,1169185
C0125,B_fit_added,1,ransomware,0
C0125,B_fit_added,1,scanning,0
C0125,B_fit_added,1,xss,0
C0125,B_fit,0,normal,396515
C0125,B_fit,1,backdoor,0
C0125,B_fit,1,ddos,6165008
C0125,B_fit,1,dos,1190505
C0125,B_fit,1,injection,452659
C0125,B_fit,1,mitm,0
C0125,B_fit,1,password,1169185
C0125,B_fit,1,ransomware,0
C0125,B_fit,1,scanning,3733109
C0125,B_fit,1,xss,0
C0125,B_cal,0,normal,48581
C0125,B_cal,1,backdoor,0
C0125,B_cal,1,ddos,0
C0125,B_cal,1,dos,0
C0125,B_cal,1,injection,0
C0125,B_cal,1,mitm,0
C0125,B_cal,1,password,549383
C0125,B_cal,1,ransomware,0
C0125,B_cal,1,scanning,0
C0125,B_cal,1,xss,2108944
C0125,common_test,0,normal,261092
C0125,common_test,1,backdoor,508116
C0125,common_test,1,ddos,0
C0125,common_test,1,dos,0
C0125,common_test,1,injection,0
C0125,common_test,1,mitm,1052
C0125,common_test,1,password,0
C0125,common_test,1,ransomware,72805
C0125,common_test,1,scanning,0
C0125,common_test,1,xss,0
C0126,A_fit,0,normal,312522
C0126,A_fit,1,backdoor,0
C0126,A_fit,1,ddos,0
C0126,A_fit,1,dos,2184823
C0126,A_fit,1,injection,0
C0126,A_fit,1,mitm,0
C0126,A_fit,1,password,0
C0126,A_fit,1,ransomware,0
C0126,A_fit,1,scanning,7140161
C0126,A_fit,1,xss,0
C0126,A_cal,0,normal,81740
C0126,A_cal,1,backdoor,0
C0126,A_cal,1,ddos,3501466
C0126,A_cal,1,dos,1190505
C0126,A_cal,1,injection,452659
C0126,A_cal,1,mitm,0
C0126,A_cal,1,password,0
C0126,A_cal,1,ransomware,0
C0126,A_cal,1,scanning,0
C0126,A_cal,1,xss,0
C0126,B_fit_added,0,normal,140157
C0126,B_fit_added,1,backdoor,0
C0126,B_fit_added,1,ddos,2663542
C0126,B_fit_added,1,dos,0
C0126,B_fit_added,1,injection,0
C0126,B_fit_added,1,mitm,0
C0126,B_fit_added,1,password,1718568
C0126,B_fit_added,1,ransomware,0
C0126,B_fit_added,1,scanning,0
C0126,B_fit_added,1,xss,2108944
C0126,B_fit,0,normal,452679
C0126,B_fit,1,backdoor,0
C0126,B_fit,1,ddos,2663542
C0126,B_fit,1,dos,2184823
C0126,B_fit,1,injection,0
C0126,B_fit,1,mitm,0
C0126,B_fit,1,password,1718568
C0126,B_fit,1,ransomware,0
C0126,B_fit,1,scanning,7140161
C0126,B_fit,1,xss,2108944
C0126,B_cal,0,normal,230868
C0126,B_cal,1,backdoor,273529
C0126,B_cal,1,ddos,0
C0126,B_cal,1,dos,0
C0126,B_cal,1,injection,0
C0126,B_cal,1,mitm,0
C0126,B_cal,1,password,0
C0126,B_cal,1,ransomware,72805
C0126,B_cal,1,scanning,0
C0126,B_cal,1,xss,0
C0126,common_test,0,normal,30224
C0126,common_test,1,backdoor,234587
C0126,common_test,1,ddos,0
C0126,common_test,1,dos,0
C0126,common_test,1,injection,0
C0126,common_test,1,mitm,1052
C0126,common_test,1,password,0
C0126,common_test,1,ransomware,0
C0126,common_test,1,scanning,0
C0126,common_test,1,xss,0
C0127,A_fit,0,normal,43345
C0127,A_fit,1,backdoor,0
C0127,A_fit,1,ddos,0
C0127,A_fit,1,dos,0
C0127,A_fit,1,injection,0
C0127,A_fit,1,mitm,0
C0127,A_fit,1,password,0
C0127,A_fit,1,ransomware,0
C0127,A_fit,1,scanning,0
C0127,A_fit,1,xss,0
C0127,A_cal,0,normal,121855
C0127,A_cal,1,backdoor,0
C0127,A_cal,1,ddos,0
C0127,A_cal,1,dos,0
C0127,A_cal,1,injection,0
C0127,A_cal,1,mitm,0
C0127,A_cal,1,password,0
C0127,A_cal,1,ransomware,0
C0127,A_cal,1,scanning,0
C0127,A_cal,1,xss,0
C0127,B_fit_added,0,normal,35523
C0127,B_fit_added,1,backdoor,0
C0127,B_fit_added,1,ddos,0
C0127,B_fit_added,1,dos,0
C0127,B_fit_added,1,injection,0
C0127,B_fit_added,1,mitm,0
C0127,B_fit_added,1,password,0
C0127,B_fit_added,1,ransomware,0
C0127,B_fit_added,1,scanning,0
C0127,B_fit_added,1,xss,0
C0127,B_fit,0,normal,78868
C0127,B_fit,1,backdoor,0
C0127,B_fit,1,ddos,0
C0127,B_fit,1,dos,0
C0127,B_fit,1,injection,0
C0127,B_fit,1,mitm,0
C0127,B_fit,1,password,0
C0127,B_fit,1,ransomware,0
C0127,B_fit,1,scanning,0
C0127,B_fit,1,xss,0
C0127,B_cal,0,normal,0
C0127,B_cal,1,backdoor,0
C0127,B_cal,1,ddos,0
C0127,B_cal,1,dos,0
C0127,B_cal,1,injection,0
C0127,B_cal,1,mitm,0
C0127,B_cal,1,password,0
C0127,B_cal,1,ransomware,0
C0127,B_cal,1,scanning,0
C0127,B_cal,1,xss,0
C0127,common_test,0,normal,594788
C0127,common_test,1,backdoor,508116
C0127,common_test,1,ddos,6165008
C0127,common_test,1,dos,3375328
C0127,common_test,1,injection,452659
C0127,common_test,1,mitm,1052
C0127,common_test,1,password,1718568
C0127,common_test,1,ransomware,72805
C0127,common_test,1,scanning,7140161
C0127,common_test,1,xss,2108944
C0128,A_fit,0,normal,165200
C0128,A_fit,1,backdoor,0
C0128,A_fit,1,ddos,0
C0128,A_fit,1,dos,0
C0128,A_fit,1,injection,0
C0128,A_fit,1,mitm,0
C0128,A_fit,1,password,0
C0128,A_fit,1,ransomware,0
C0128,A_fit,1,scanning,0
C0128,A_fit,1,xss,0
C0128,A_cal,0,normal,35523
C0128,A_cal,1,backdoor,0
C0128,A_cal,1,ddos,0
C0128,A_cal,1,dos,0
C0128,A_cal,1,injection,0
C0128,A_cal,1,mitm,0
C0128,A_cal,1,password,0
C0128,A_cal,1,ransomware,0
C0128,A_cal,1,scanning,0
C0128,A_cal,1,xss,0
C0128,B_fit_added,0,normal,0
C0128,B_fit_added,1,backdoor,0
C0128,B_fit_added,1,ddos,0
C0128,B_fit_added,1,dos,0
C0128,B_fit_added,1,injection,0
C0128,B_fit_added,1,mitm,0
C0128,B_fit_added,1,password,0
C0128,B_fit_added,1,ransomware,0
C0128,B_fit_added,1,scanning,0
C0128,B_fit_added,1,xss,0
C0128,B_fit,0,normal,165200
C0128,B_fit,1,backdoor,0
C0128,B_fit,1,ddos,0
C0128,B_fit,1,dos,0
C0128,B_fit,1,injection,0
C0128,B_fit,1,mitm,0
C0128,B_fit,1,password,0
C0128,B_fit,1,ransomware,0
C0128,B_fit,1,scanning,0
C0128,B_fit,1,xss,0
C0128,B_cal,0,normal,0
C0128,B_cal,1,backdoor,0
C0128,B_cal,1,ddos,0
C0128,B_cal,1,dos,0
C0128,B_cal,1,injection,0
C0128,B_cal,1,mitm,0
C0128,B_cal,1,password,0
C0128,B_cal,1,ransomware,0
C0128,B_cal,1,scanning,0
C0128,B_cal,1,xss,0
C0128,common_test,0,normal,594788
C0128,common_test,1,backdoor,508116
C0128,common_test,1,ddos,6165008
C0128,common_test,1,dos,3375328
C0128,common_test,1,injection,452659
C0128,common_test,1,mitm,1052
C0128,common_test,1,password,1718568
C0128,common_test,1,ransomware,72805
C0128,common_test,1,scanning,7140161
C0128,common_test,1,xss,2108944
C0129,A_fit,0,normal,200723
C0129,A_fit,1,backdoor,0
C0129,A_fit,1,ddos,0
C0129,A_fit,1,dos,0
C0129,A_fit,1,injection,0
C0129,A_fit,1,mitm,0
C0129,A_fit,1,password,0
C0129,A_fit,1,ransomware,0
C0129,A_fit,1,scanning,0
C0129,A_fit,1,xss,0
C0129,A_cal,0,normal,0
C0129,A_cal,1,backdoor,0
C0129,A_cal,1,ddos,0
C0129,A_cal,1,dos,0
C0129,A_cal,1,injection,0
C0129,A_cal,1,mitm,0
C0129,A_cal,1,password,0
C0129,A_cal,1,ransomware,0
C0129,A_cal,1,scanning,0
C0129,A_cal,1,xss,0
C0129,B_fit_added,0,normal,0
C0129,B_fit_added,1,backdoor,0
C0129,B_fit_added,1,ddos,0
C0129,B_fit_added,1,dos,0
C0129,B_fit_added,1,injection,0
C0129,B_fit_added,1,mitm,0
C0129,B_fit_added,1,password,0
C0129,B_fit_added,1,ransomware,0
C0129,B_fit_added,1,scanning,0
C0129,B_fit_added,1,xss,0
C0129,B_fit,0,normal,200723
C0129,B_fit,1,backdoor,0
C0129,B_fit,1,ddos,0
C0129,B_fit,1,dos,0
C0129,B_fit,1,injection,0
C0129,B_fit,1,mitm,0
C0129,B_fit,1,password,0
C0129,B_fit,1,ransomware,0
C0129,B_fit,1,scanning,0
C0129,B_fit,1,xss,0
C0129,B_cal,0,normal,0
C0129,B_cal,1,backdoor,0
C0129,B_cal,1,ddos,0
C0129,B_cal,1,dos,0
C0129,B_cal,1,injection,0
C0129,B_cal,1,mitm,0
C0129,B_cal,1,password,0
C0129,B_cal,1,ransomware,0
C0129,B_cal,1,scanning,0
C0129,B_cal,1,xss,0
C0129,common_test,0,normal,594788
C0129,common_test,1,backdoor,508116
C0129,common_test,1,ddos,6165008
C0129,common_test,1,dos,3375328
C0129,common_test,1,injection,452659
C0129,common_test,1,mitm,1052
C0129,common_test,1,password,1718568
C0129,common_test,1,ransomware,72805
C0129,common_test,1,scanning,7140161
C0129,common_test,1,xss,2108944
