exp,ratio,seed,batch,politica,bal_acc,norma_guadagni,bias,n_min,saltati
bot->ton,50.0,42,0,statico,0.9857,3.4641016151377544,0.0,,
bot->ton,50.0,42,0,rls,0.9857,3.4641016151377544,0.0,0.0,0.0
bot->ton,50.0,42,0,rls_guardia,0.9857,3.4641016151377544,0.0,0.0,1.0
bot->ton,50.0,42,0,rls_prossimale,0.9857,3.4641016151377544,0.0,0.0,0.0
bot->ton,50.0,42,0,rls_guardia_prossimale,0.9857,3.4641016151377544,0.0,0.0,1.0
bot->ton,50.0,42,1,statico,0.9673657634665322,3.4641016151377544,0.0,,
bot->ton,50.0,42,1,rls,0.5930368174973157,1.967601236283864,1.6943763521327224,4.0,0.0
bot->ton,50.0,42,1,rls_guardia,0.9673657634665322,3.4641016151377544,0.0,0.0,2.0
bot->ton,50.0,42,1,rls_prossimale,0.767688812736048,2.879659158100831,1.234997518371665,12.0,0.0
bot->ton,50.0,42,1,rls_guardia_prossimale,0.9673657634665322,3.4641016151377544,0.0,0.0,2.0
bot->ton,50.0,42,2,statico,0.9642315589954192,3.4641016151377544,0.0,,
bot->ton,50.0,42,2,rls,0.592293871426315,3.5447512178121654,2.338965237290972,10.0,0.0
bot->ton,50.0,42,2,rls_guardia,0.9642315589954192,3.4641016151377544,0.0,0.0,3.0
bot->ton,50.0,42,2,rls_prossimale,0.796288106144369,3.8603754015072576,1.4904635334419103,2.0,0.0
bot->ton,50.0,42,2,rls_guardia_prossimale,0.9642315589954192,3.4641016151377544,0.0,0.0,3.0
bot->ton,50.0,42,3,statico,0.9481104936712412,3.4641016151377544,0.0,,
bot->ton,50.0,42,3,rls,0.7188199882125116,12.601086503261548,2.8358899852253523,4.0,0.0
bot->ton,50.0,42,3,rls_guardia,0.9481104936712412,3.4641016151377544,0.0,1.0,3.0
bot->ton,50.0,42,3,rls_prossimale,0.7955144396733181,4.722739424066413,2.5063588881768992,15.0,0.0
bot->ton,50.0,42,3,rls_guardia_prossimale,0.9481104936712412,3.4641016151377544,0.0,1.0,3.0
bot->ton,50.0,42,4,statico,0.935040685671004,3.4641016151377544,0.0,,
bot->ton,50.0,42,4,rls,0.5779045366974771,4.6357344277425225,2.449178361674526,8.0,0.0
bot->ton,50.0,42,4,rls_guardia,0.5528251954347132,3.527299546395942,2.407003715306899,5.0,3.0
bot->ton,50.0,42,4,rls_prossimale,0.8502196831853308,18.778728825965565,2.272598669314707,8.0,0.0
bot->ton,50.0,42,4,rls_guardia_prossimale,0.6406244300981143,4.252720436814903,1.8916702793823512,7.0,3.0
bot->ton,50.0,42,5,statico,0.9351142163139456,3.4641016151377544,0.0,,
bot->ton,50.0,42,5,rls,0.6102669346174293,6.541060518559239,3.089528949963712,15.0,0.0
bot->ton,50.0,42,5,rls_guardia,0.6067507447158237,5.210169643443455,2.124497888752416,11.0,3.0
bot->ton,50.0,42,5,rls_prossimale,0.8091133177158543,5.962903015951041,1.7502264232450877,1.0,0.0
bot->ton,50.0,42,5,rls_guardia_prossimale,0.592822651328185,5.060487325009702,2.99778110126612,9.0,3.0
bot->ton,50.0,42,6,statico,0.9160601826803336,3.4641016151377544,0.0,,
bot->ton,50.0,42,6,rls,0.7320408199712167,7.146739680690807,2.8117583164242705,13.0,0.0
bot->ton,50.0,42,6,rls_guardia,0.6177229456474658,5.601532634538037,1.3167622686414953,4.0,3.0
bot->ton,50.0,42,6,rls_prossimale,0.8088966197852064,5.96518137968591,2.2572800934906887,13.0,0.0
bot->ton,50.0,42,6,rls_guardia_prossimale,0.7153215554789031,6.550645271873743,2.6905408277834097,3.0,3.0
bot->ton,50.0,42,7,statico,0.9135132911298868,3.4641016151377544,0.0,,
bot->ton,50.0,42,7,rls,0.5992239411815005,5.933819833361508,2.4875695911737554,12.0,0.0
bot->ton,50.0,42,7,rls_guardia,0.6457911726716047,18.70194951671099,1.973925650786248,7.0,3.0
bot->ton,50.0,42,7,rls_prossimale,0.8092368454357073,49.42976765538592,2.5296286696857795,12.0,0.0
bot->ton,50.0,42,7,rls_guardia_prossimale,0.743928319339719,5.977805623798168,3.1004350058500902,8.0,3.0
bot->ton,50.0,42,8,statico,0.906328625380632,3.4641016151377544,0.0,,
bot->ton,50.0,42,8,rls,0.7338788006457748,5.888793235854673,2.5900067146370405,8.0,0.0
bot->ton,50.0,42,8,rls_guardia,0.775966398653346,5.4159974856177096,1.9483747347629368,13.0,3.0
bot->ton,50.0,42,8,rls_prossimale,0.680621674242897,7.483790884221168,3.253311384106085,3.0,0.0
bot->ton,50.0,42,8,rls_guardia_prossimale,0.7355532778179709,5.387006461898607,3.623462066445343,13.0,3.0
bot->ton,50.0,42,9,statico,0.8900630770175935,3.4641016151377544,0.0,,
bot->ton,50.0,42,9,rls,0.7295688000903037,19.624229404642783,2.683830837249056,4.0,0.0
bot->ton,50.0,42,9,rls_guardia,0.7788653358750526,5.698599165507365,2.2204013451009805,4.0,3.0
bot->ton,50.0,42,9,rls_prossimale,0.6806909129186152,7.424941994691884,1.965033747344601,4.0,0.0
bot->ton,50.0,42,9,rls_guardia_prossimale,0.7449071137765593,5.439650502006254,3.5129948622491973,4.0,3.0
bot->ton,50.0,42,10,statico,0.8785444812920238,3.4641016151377544,0.0,,
bot->ton,50.0,42,10,rls,0.7392645677529615,4.476393054563282,2.2897454964503705,3.0,0.0
bot->ton,50.0,42,10,rls_guardia,0.7814307892669418,4.214862013188818,1.8990063630855205,3.0,3.0
bot->ton,50.0,42,10,rls_prossimale,0.6756146471279862,6.3578951522319045,1.3011582437364035,3.0,0.0
bot->ton,50.0,42,10,rls_guardia_prossimale,0.6399798071667386,4.189041932672813,2.499889299173052,3.0,3.0
bot->ton,50.0,42,11,statico,0.8698747006730811,3.4641016151377544,0.0,,
bot->ton,50.0,42,11,rls,0.7417142398714243,4.319571875758846,2.2831406092854127,3.0,0.0
bot->ton,50.0,42,11,rls_guardia,0.7838023687276179,4.3581104644892665,1.9143715652533435,3.0,3.0
bot->ton,50.0,42,11,rls_prossimale,0.6779815388100272,6.068252874862142,1.1816829106855908,3.0,0.0
bot->ton,50.0,42,11,rls_guardia_prossimale,0.6571007895758727,4.172184805178934,2.2989986308625374,3.0,3.0
bot->ton,50.0,42,12,statico,0.8571545072711027,3.4641016151377544,0.0,,
bot->ton,50.0,42,12,rls,0.7337111256531312,4.424229328339671,2.375235568983808,15.0,0.0
bot->ton,50.0,42,12,rls_guardia,0.7793466985554283,4.399847928457995,1.9109080487965977,6.0,3.0
bot->ton,50.0,42,12,rls_prossimale,0.684851862228933,5.8683579884085,1.2946270116901006,13.0,0.0
bot->ton,50.0,42,12,rls_guardia_prossimale,0.7310832665016684,4.312549093309294,2.2905270022544766,11.0,3.0
bot->ton,50.0,42,13,statico,0.8487443546004785,3.4641016151377544,0.0,,
bot->ton,50.0,42,13,rls,0.7244084270233125,5.407781624819531,2.2292671408548017,4.0,0.0
bot->ton,50.0,42,13,rls_guardia,0.7845023452455706,6.35165067061912,1.945179014637333,4.0,3.0
bot->ton,50.0,42,13,rls_prossimale,0.8074149552877052,6.656616215167767,1.1818045354440274,4.0,0.0
bot->ton,50.0,42,13,rls_guardia_prossimale,0.7731265203959121,5.799198293444859,2.581602090234231,4.0,3.0
bot->ton,50.0,42,14,statico,0.8380517264438185,3.4641016151377544,0.0,,
bot->ton,50.0,42,14,rls,0.7293981795256741,3.5680703324544485,1.77173093581258,9.0,0.0
bot->ton,50.0,42,14,rls_guardia,0.7777484469799245,4.905335340966132,1.4776605057882806,11.0,3.0
bot->ton,50.0,42,14,rls_prossimale,0.6951102013605234,5.748889687412313,1.1489897683928387,8.0,0.0
bot->ton,50.0,42,14,rls_guardia_prossimale,0.7830431098006406,4.376779995149158,2.051859056154129,13.0,3.0
bot->ton,50.0,42,15,statico,0.8209067996581152,3.4641016151377544,0.0,,
bot->ton,50.0,42,15,rls,0.7411502242239655,3.8944711692693046,1.7550824235576934,6.0,0.0
bot->ton,50.0,42,15,rls_guardia,0.7901240551343469,5.086420431979284,1.5940129236486449,6.0,3.0
bot->ton,50.0,42,15,rls_prossimale,0.812154660771453,5.820226726304221,1.0951812797085094,6.0,0.0
bot->ton,50.0,42,15,rls_guardia_prossimale,0.7809953293342639,4.814355384571567,1.5229036173235997,6.0,3.0
bot->ton,50.0,42,16,statico,0.8108681179724999,3.4641016151377544,0.0,,
bot->ton,50.0,42,16,rls,0.7339373989954591,3.506628877176741,1.824261618241401,10.0,0.0
bot->ton,50.0,42,16,rls_guardia,0.7827635126817216,4.867494468903029,1.5293118775319263,10.0,3.0
bot->ton,50.0,42,16,rls_prossimale,0.8061785579428237,5.483092849141067,1.1303542320480495,10.0,0.0
bot->ton,50.0,42,16,rls_guardia_prossimale,0.7770598341362995,4.642264698054168,1.5498608899127682,10.0,3.0
bot->ton,50.0,42,17,statico,0.7984626681617649,3.4641016151377544,0.0,,
bot->ton,50.0,42,17,rls,0.739469625175728,26.06535619371474,1.5318738386392283,6.0,0.0
bot->ton,50.0,42,17,rls_guardia,0.7405642769620466,31.103695267016708,1.3101678722931025,6.0,3.0
bot->ton,50.0,42,17,rls_prossimale,0.8212550069604476,46.20832343115728,1.2608579339040735,6.0,0.0
bot->ton,50.0,42,17,rls_guardia_prossimale,0.7509807903419008,45.484533908194834,1.3804158044024144,6.0,3.0
bot->ton,50.0,42,18,statico,0.7806782452770542,3.4641016151377544,0.0,,
bot->ton,50.0,42,18,rls,0.7282031941483817,4.729105104337315,1.3267819619683685,9.0,0.0
bot->ton,50.0,42,18,rls_guardia,0.7669769051387897,7.636392741516504,1.2434179456320569,9.0,3.0
bot->ton,50.0,42,18,rls_prossimale,0.8003663286865367,8.918423779290011,1.3974995075086485,9.0,0.0
bot->ton,50.0,42,18,rls_guardia_prossimale,0.8439376535604284,9.06617376802648,1.4281815188807467,9.0,3.0
bot->ton,50.0,42,19,statico,0.7730422649277531,3.4641016151377544,0.0,,
bot->ton,50.0,42,19,rls,0.7246945971914764,3.994195824106584,1.0142453415103538,6.0,0.0
bot->ton,50.0,42,19,rls_guardia,0.7818679677362588,5.995360679584291,1.0949727830859195,6.0,3.0
bot->ton,50.0,42,19,rls_prossimale,0.8109651709081227,6.127266269783132,1.1313658711555707,6.0,0.0
bot->ton,50.0,42,19,rls_guardia_prossimale,0.8476797343068208,6.65232930880144,1.1590702310441785,6.0,3.0
bot->ton,50.0,43,0,statico,0.98655,3.4641016151377544,0.0,,
bot->ton,50.0,43,0,rls,0.98655,3.4641016151377544,0.0,0.0,0.0
bot->ton,50.0,43,0,rls_guardia,0.98655,3.4641016151377544,0.0,0.0,1.0
bot->ton,50.0,43,0,rls_prossimale,0.98655,3.4641016151377544,0.0,0.0,0.0
bot->ton,50.0,43,0,rls_guardia_prossimale,0.98655,3.4641016151377544,0.0,0.0,1.0
bot->ton,50.0,43,1,statico,0.959133189734482,3.4641016151377544,0.0,,
bot->ton,50.0,43,1,rls,0.5,1.8867426374179248,2.5694551022277694,15.0,0.0
bot->ton,50.0,43,1,rls_guardia,0.959133189734482,3.4641016151377544,0.0,0.0,2.0
bot->ton,50.0,43,1,rls_prossimale,0.657376464652175,3.044305984595588,2.0650295629730127,8.0,0.0
bot->ton,50.0,43,1,rls_guardia_prossimale,0.959133189734482,3.4641016151377544,0.0,0.0,2.0
bot->ton,50.0,43,2,statico,0.9554884139068264,3.4641016151377544,0.0,,
bot->ton,50.0,43,2,rls,0.6419627650863114,3.720167438015712,2.3729801913955804,9.0,0.0
bot->ton,50.0,43,2,rls_guardia,0.9554884139068264,3.4641016151377544,0.0,0.0,3.0
bot->ton,50.0,43,2,rls_prossimale,0.6912919616756062,4.489333730925268,3.23460884173222,5.0,0.0
bot->ton,50.0,43,2,rls_guardia_prossimale,0.9554884139068264,3.4641016151377544,0.0,0.0,3.0
bot->ton,50.0,43,3,statico,0.931053735467542,3.4641016151377544,0.0,,
bot->ton,50.0,43,3,rls,0.8149831641141847,5.213983006065627,2.056248048211733,3.0,0.0
bot->ton,50.0,43,3,rls_guardia,0.931053735467542,3.4641016151377544,0.0,3.0,3.0
bot->ton,50.0,43,3,rls_prossimale,0.7142317863588891,5.974791533177795,4.373901782952516,3.0,0.0
bot->ton,50.0,43,3,rls_guardia_prossimale,0.931053735467542,3.4641016151377544,0.0,3.0,3.0
bot->ton,50.0,43,4,statico,0.9177303494957868,3.4641016151377544,0.0,,
bot->ton,50.0,43,4,rls,0.7955946953999171,5.4199384522103085,1.5850407443449896,1.0,0.0
bot->ton,50.0,43,4,rls_guardia,0.893630335681724,3.003621280381214,1.0057242219526652,2.0,3.0
bot->ton,50.0,43,4,rls_prossimale,0.7255422019615969,5.299636840552043,2.99341438986732,4.0,0.0
bot->ton,50.0,43,4,rls_guardia_prossimale,0.8946871114794861,3.6488881350334976,0.9496941207049252,5.0,3.0
bot->ton,50.0,43,5,statico,0.9011821652108124,3.4641016151377544,0.0,,
bot->ton,50.0,43,5,rls,0.7932603686635945,5.373412312292679,2.2317510393722366,7.0,0.0
bot->ton,50.0,43,5,rls_guardia,0.8924341426508013,4.353972156685666,2.4954977051324985,10.0,3.0
bot->ton,50.0,43,5,rls_prossimale,0.6857650113487861,6.586224293663832,3.104432772452522,15.0,0.0
bot->ton,50.0,43,5,rls_guardia_prossimale,0.8912777701354976,4.992385256099165,1.7778763021730828,1.0,3.0
bot->ton,50.0,43,6,statico,0.8808385988518742,3.4641016151377544,0.0,,
bot->ton,50.0,43,6,rls,0.7844807655405046,5.188763929009398,2.996536991253998,2.0,0.0
bot->ton,50.0,43,6,rls_guardia,0.8829492857159371,5.209823694647267,2.770655875399115,2.0,3.0
bot->ton,50.0,43,6,rls_prossimale,0.7139281635304753,8.731683947737775,3.3453448868343547,2.0,0.0
bot->ton,50.0,43,6,rls_guardia_prossimale,0.8309398632699159,6.26533684825236,2.684549489023735,2.0,3.0
bot->ton,50.0,43,7,statico,0.8644734631666755,3.4641016151377544,0.0,,
bot->ton,50.0,43,7,rls,0.7781692230932473,5.401350806000879,2.98816809282874,2.0,0.0
bot->ton,50.0,43,7,rls_guardia,0.8848373609092761,6.138649235092268,2.8189535677671227,2.0,3.0
bot->ton,50.0,43,7,rls_prossimale,0.820841733524776,9.665712708364907,3.109851244488388,2.0,0.0
bot->ton,50.0,43,7,rls_guardia_prossimale,0.8309884107289386,8.2844356029874,2.964360944028524,2.0,3.0
bot->ton,50.0,43,8,statico,0.8463350690341811,3.4641016151377544,0.0,,
bot->ton,50.0,43,8,rls,0.7822177027492698,5.349739830552604,3.0634156536137342,4.0,0.0
bot->ton,50.0,43,8,rls_guardia,0.8850230282380894,5.305305931060964,2.9771156486312944,4.0,3.0
bot->ton,50.0,43,8,rls_prossimale,0.7127781322961498,9.256344329215928,3.328828595174398,4.0,0.0
bot->ton,50.0,43,8,rls_guardia_prossimale,0.8405731852669143,7.167177363121337,3.4450357992271257,4.0,3.0
bot->ton,50.0,43,9,statico,0.8272999895621891,3.4641016151377544,0.0,,
bot->ton,50.0,43,9,rls,0.7795914180259498,5.23900656389028,3.159620508372228,5.0,0.0
bot->ton,50.0,43,9,rls_guardia,0.8772980505419337,5.6183117106442335,3.1704797971868097,5.0,3.0
bot->ton,50.0,43,9,rls_prossimale,0.713845222717661,8.62139025163273,3.3735732482044365,5.0,0.0
bot->ton,50.0,43,9,rls_guardia_prossimale,0.8308878748826494,7.614957838428666,3.5819042781015544,5.0,3.0
bot->ton,50.0,43,10,statico,0.8117679783533411,3.4641016151377544,0.0,,
bot->ton,50.0,43,10,rls,0.7750884012068653,4.872659727106364,2.895379721095565,7.0,0.0
bot->ton,50.0,43,10,rls_guardia,0.8822163945917108,4.882981999393593,2.80726487980628,7.0,3.0
bot->ton,50.0,43,10,rls_prossimale,0.7143542203075947,8.402989252800857,3.312459877305301,7.0,0.0
bot->ton,50.0,43,10,rls_guardia_prossimale,0.8292677321523105,6.830845828298451,3.087496466021743,7.0,3.0
bot->ton,50.0,43,11,statico,0.7917408881864059,3.4641016151377544,0.0,,
bot->ton,50.0,43,11,rls,0.7791487738599612,4.98516192495648,2.530240009010647,2.0,0.0
bot->ton,50.0,43,11,rls_guardia,0.8826757144204169,5.084201535136386,2.544194258967207,2.0,3.0
bot->ton,50.0,43,11,rls_prossimale,0.722042339694569,8.50518223017046,2.918902187819456,2.0,0.0
bot->ton,50.0,43,11,rls_guardia_prossimale,0.8313369036374805,7.234304324714984,2.71792300580639,2.0,3.0
bot->ton,50.0,43,12,statico,0.772293449480868,3.4641016151377544,0.0,,
bot->ton,50.0,43,12,rls,0.7802291696111469,5.187829639891262,2.6054720757924232,3.0,0.0
bot->ton,50.0,43,12,rls_guardia,0.8825267964671879,5.352804771944475,2.652613317674138,3.0,3.0
bot->ton,50.0,43,12,rls_prossimale,0.8292282448223895,9.000053445895439,2.9745428954107465,3.0,0.0
bot->ton,50.0,43,12,rls_guardia_prossimale,0.8265417428836549,8.021288286780097,2.812347314595005,3.0,3.0
bot->ton,50.0,43,13,statico,0.7529506674813384,3.4641016151377544,0.0,,
bot->ton,50.0,43,13,rls,0.773102409214343,5.24430147541803,2.723793184011752,0.0,0.0
bot->ton,50.0,43,13,rls_guardia,0.8798347327020721,5.327002641619117,2.7483253460750534,4.0,3.0
bot->ton,50.0,43,13,rls_prossimale,0.7224825537726037,8.623036425848277,3.147225845277045,10.0,0.0
bot->ton,50.0,43,13,rls_guardia_prossimale,0.8303333542766144,7.473903763162727,2.807631322387821,13.0,3.0
bot->ton,50.0,43,14,statico,0.7284922991772307,3.4641016151377544,0.0,,
bot->ton,50.0,43,14,rls,0.7726846973422317,6.200628124570117,2.7699154013776703,6.0,0.0
bot->ton,50.0,43,14,rls_guardia,0.8770923140786154,5.559585520270432,2.5391837630542504,6.0,3.0
bot->ton,50.0,43,14,rls_prossimale,0.7271392534406234,7.877793538392708,2.965893676034624,6.0,0.0
bot->ton,50.0,43,14,rls_guardia_prossimale,0.840323998680163,8.228412813827914,2.607413127461031,6.0,3.0
bot->ton,50.0,43,15,statico,0.7066153885085672,3.4641016151377544,0.0,,
bot->ton,50.0,43,15,rls,0.7674518258052933,5.0075683167430505,2.3418832374099443,11.0,0.0
bot->ton,50.0,43,15,rls_guardia,0.8783294149686751,4.1844523216000535,2.231614037286465,6.0,3.0
bot->ton,50.0,43,15,rls_prossimale,0.7338704565748392,6.294985373222708,2.4396909663805526,0.0,0.0
bot->ton,50.0,43,15,rls_guardia_prossimale,0.8309864518173701,6.81158899431342,2.100367678170008,8.0,3.0
bot->ton,50.0,43,16,statico,0.6851313688576602,3.4641016151377544,0.0,,
bot->ton,50.0,43,16,rls,0.8629707176172996,5.17769175802213,2.37351071121876,7.0,0.0
bot->ton,50.0,43,16,rls_guardia,0.8660214524565621,4.744515470306359,1.953271266835361,7.0,3.0
bot->ton,50.0,43,16,rls_prossimale,0.7948288981649901,5.074777930943403,1.6685063753451017,7.0,0.0
bot->ton,50.0,43,16,rls_guardia_prossimale,0.907023045276359,10.251184972118129,1.522276284482116,7.0,3.0
bot->ton,50.0,43,17,statico,0.6623311927261476,3.4641016151377544,0.0,,
bot->ton,50.0,43,17,rls,0.7708899606374803,4.905914337596264,2.42953513042069,7.0,0.0
bot->ton,50.0,43,17,rls_guardia,0.8749616891912585,4.767250625485296,1.905762426859676,7.0,3.0
bot->ton,50.0,43,17,rls_prossimale,0.7281940115079482,5.012971357223807,1.7801970806522376,7.0,0.0
bot->ton,50.0,43,17,rls_guardia_prossimale,0.872471321498446,6.934808235123326,1.6456614671243175,7.0,3.0
bot->ton,50.0,43,18,statico,0.6376664146088139,3.4641016151377544,0.0,,
bot->ton,50.0,43,18,rls,0.7635301522296424,4.544032775251548,2.2638159281025363,8.0,0.0
bot->ton,50.0,43,18,rls_guardia,0.8640928825547634,4.294673866921747,1.8588388476719315,8.0,3.0
bot->ton,50.0,43,18,rls_prossimale,0.7204961451999917,4.719636085712444,1.76422057501397,8.0,0.0
bot->ton,50.0,43,18,rls_guardia_prossimale,0.8647485298359385,6.1855331660807735,1.6006612009853247,8.0,3.0
bot->ton,50.0,43,19,statico,0.6165817044329972,3.4641016151377544,0.0,,
bot->ton,50.0,43,19,rls,0.770468211908713,6.933949706383519,2.1745317712997623,15.0,0.0
bot->ton,50.0,43,19,rls_guardia,0.9334505510192036,6.317859656411183,1.8634268468740407,9.0,3.0
bot->ton,50.0,43,19,rls_prossimale,0.8137139202178547,5.851922307714657,1.7111066118979532,11.0,0.0
bot->ton,50.0,43,19,rls_guardia_prossimale,0.9345266478075214,8.653517336688589,1.6635159901277303,2.0,3.0
bot->ton,50.0,44,0,statico,0.9849,3.4641016151377544,0.0,,
bot->ton,50.0,44,0,rls,0.9849,3.4641016151377544,0.0,0.0,0.0
bot->ton,50.0,44,0,rls_guardia,0.9849,3.4641016151377544,0.0,0.0,1.0
bot->ton,50.0,44,0,rls_prossimale,0.9849,3.4641016151377544,0.0,0.0,0.0
bot->ton,50.0,44,0,rls_guardia_prossimale,0.9849,3.4641016151377544,0.0,0.0,1.0
bot->ton,50.0,44,1,statico,0.96668761539291,3.4641016151377544,0.0,,
bot->ton,50.0,44,1,rls,0.4999493773412979,1.9945717727856007,1.931598752579839,11.0,0.0
bot->ton,50.0,44,1,rls_guardia,0.96668761539291,3.4641016151377544,0.0,1.0,1.0
bot->ton,50.0,44,1,rls_prossimale,0.6376798441974497,2.85998585190065,1.4518474978463554,4.0,0.0
bot->ton,50.0,44,1,rls_guardia_prossimale,0.96668761539291,3.4641016151377544,0.0,1.0,1.0
bot->ton,50.0,44,2,statico,0.955533913560447,3.4641016151377544,0.0,,
bot->ton,50.0,44,2,rls,0.810070926427808,3.605597619169815,1.7117153183027445,2.0,0.0
bot->ton,50.0,44,2,rls_guardia,0.5535372848948374,2.2247242460870624,2.096073801115855,2.0,1.0
bot->ton,50.0,44,2,rls_prossimale,0.6309104988371341,4.821627628467093,2.9802816793492606,2.0,0.0
bot->ton,50.0,44,2,rls_guardia_prossimale,0.6787496867168228,3.017146638057099,1.657254233341842,2.0,1.0
bot->ton,50.0,44,3,statico,0.9408570448849644,3.4641016151377544,0.0,,
bot->ton,50.0,44,3,rls,0.7928797241892449,3.614229255269698,0.8107349019708282,16.0,0.0
bot->ton,50.0,44,3,rls_guardia,0.7235116023458497,3.1834614759690854,1.0299455092984735,13.0,1.0
bot->ton,50.0,44,3,rls_prossimale,0.6068827550416958,4.6198335694925605,2.044078324023677,6.0,0.0
bot->ton,50.0,44,3,rls_guardia_prossimale,0.6332677873040805,3.491774803316714,1.0884834396303202,2.0,1.0
bot->ton,50.0,44,4,statico,0.9250732616308376,3.4641016151377544,0.0,,
bot->ton,50.0,44,4,rls,0.7984217743842967,4.201271761798019,-0.058273733399052,1.0,0.0
bot->ton,50.0,44,4,rls_guardia,0.7223768438322478,4.665544151305555,1.0408238050458167,13.0,1.0
bot->ton,50.0,44,4,rls_prossimale,0.5988174934954834,4.95942204637092,2.0140929309347326,10.0,0.0
bot->ton,50.0,44,4,rls_guardia_prossimale,0.6495028928156651,4.528097910887692,1.1322496229565049,14.0,1.0
bot->ton,50.0,44,5,statico,0.9151751451210152,3.4641016151377544,0.0,,
bot->ton,50.0,44,5,rls,0.8022476191505692,4.673842919523831,0.4268901416225301,4.0,0.0
bot->ton,50.0,44,5,rls_guardia,0.7498844707001481,4.660069237908109,0.880989966800923,4.0,1.0
bot->ton,50.0,44,5,rls_prossimale,0.6100136202964036,6.382741682939546,1.6820019928499077,4.0,0.0
bot->ton,50.0,44,5,rls_guardia_prossimale,0.7660653287788215,4.526227396306419,0.9779258835289985,4.0,1.0
bot->ton,50.0,44,6,statico,0.8985074982643596,3.4641016151377544,0.0,,
bot->ton,50.0,44,6,rls,0.7962542660287967,5.002217254350939,0.4133815735583147,3.0,0.0
bot->ton,50.0,44,6,rls_guardia,0.8611318858241634,4.882409091439447,0.6935677312457275,3.0,1.0
bot->ton,50.0,44,6,rls_prossimale,0.6179317083511225,5.737883726472974,1.5016480703835635,3.0,0.0
bot->ton,50.0,44,6,rls_guardia_prossimale,0.7811788477901924,5.051015287547398,0.9596417731899838,3.0,1.0
bot->ton,50.0,44,7,statico,0.890661980722504,3.4641016151377544,0.0,,
bot->ton,50.0,44,7,rls,0.7959096527778912,4.89608932534983,0.5778973754498595,1.0,0.0
bot->ton,50.0,44,7,rls_guardia,0.8785670382494468,4.57190555200762,0.8331980293823386,1.0,1.0
bot->ton,50.0,44,7,rls_prossimale,0.6117412933793858,5.562923593578872,1.6582625896081078,1.0,0.0
bot->ton,50.0,44,7,rls_guardia_prossimale,0.7826649688589542,5.02830467266072,1.1540504492925323,1.0,1.0
bot->ton,50.0,44,8,statico,0.8778157746384649,3.4641016151377544,0.0,,
bot->ton,50.0,44,8,rls,0.7944117767439323,4.105181212491948,0.6778628473615507,1.0,0.0
bot->ton,50.0,44,8,rls_guardia,0.8770716781397302,4.327814380136202,1.0067271196023462,8.0,1.0
bot->ton,50.0,44,8,rls_prossimale,0.6193499435603325,5.698694797575367,1.594820413151278,15.0,0.0
bot->ton,50.0,44,8,rls_guardia_prossimale,0.7755092996094004,5.335879476403395,1.2495125369038222,13.0,1.0
bot->ton,50.0,44,9,statico,0.8628024692597549,3.4641016151377544,0.0,,
bot->ton,50.0,44,9,rls,0.7928961981977003,5.078821009619314,0.8699005629250862,3.0,0.0
bot->ton,50.0,44,9,rls_guardia,0.8915705093653574,4.670991553751832,0.6517305293557827,3.0,1.0
bot->ton,50.0,44,9,rls_prossimale,0.7380011141829218,6.611459413268223,2.095179946189563,3.0,0.0
bot->ton,50.0,44,9,rls_guardia_prossimale,0.74796956592981,6.518468128432063,0.927607816059252,3.0,1.0
bot->ton,50.0,44,10,statico,0.8432398212180561,3.4641016151377544,0.0,,
bot->ton,50.0,44,10,rls,0.7899885358035401,4.461620991122792,0.6541087935144876,3.0,0.0
bot->ton,50.0,44,10,rls_guardia,0.7913922756568686,4.230536115913361,0.5557859443681642,3.0,1.0
bot->ton,50.0,44,10,rls_prossimale,0.7328695829975059,5.857980858987672,1.924977642566439,3.0,0.0
bot->ton,50.0,44,10,rls_guardia_prossimale,0.788504078157293,5.452153949982897,0.7067508988580609,3.0,1.0
bot->ton,50.0,44,11,statico,0.8304814942222567,3.4641016151377544,0.0,,
bot->ton,50.0,44,11,rls,0.7833281019313578,4.376056409703553,0.7406258704660678,14.0,0.0
bot->ton,50.0,44,11,rls_guardia,0.7856578047386462,4.320319751487986,0.589672738258154,2.0,1.0
bot->ton,50.0,44,11,rls_prossimale,0.6274906604416329,5.821465546293442,1.845649926303236,13.0,0.0
bot->ton,50.0,44,11,rls_guardia_prossimale,0.7894011572887372,5.32623201494326,0.744212245492088,6.0,1.0
bot->ton,50.0,44,12,statico,0.8159680418876257,3.4641016151377544,0.0,,
bot->ton,50.0,44,12,rls,0.7902082387939293,4.49187639549227,0.7911261982995548,9.0,0.0
bot->ton,50.0,44,12,rls_guardia,0.7854107525997418,4.4613768002270255,1.2913788394758927,2.0,1.0
bot->ton,50.0,44,12,rls_prossimale,0.7143088478112629,6.0864500777640025,1.772650449939638,11.0,0.0
bot->ton,50.0,44,12,rls_guardia_prossimale,0.7781902673733441,5.722744409841566,0.851527001676371,14.0,1.0
bot->ton,50.0,44,13,statico,0.7974741450200453,3.4641016151377544,0.0,,
bot->ton,50.0,44,13,rls,0.7834945975066985,4.575868446897442,0.8549346511506666,4.0,0.0
bot->ton,50.0,44,13,rls_guardia,0.7639864654759922,4.490940778963349,1.4153221086651244,4.0,1.0
bot->ton,50.0,44,13,rls_prossimale,0.7274861759484821,6.0364720366552405,1.788123244116876,4.0,0.0
bot->ton,50.0,44,13,rls_guardia_prossimale,0.7758556905473637,5.749431317004728,1.297695317538134,4.0,1.0
bot->ton,50.0,44,14,statico,0.784772253460531,3.4641016151377544,0.0,,
bot->ton,50.0,44,14,rls,0.7906679134241741,4.448589847586987,0.8605682867871448,6.0,0.0
bot->ton,50.0,44,14,rls_guardia,0.7893356297688723,4.622457930696732,1.3803035886993011,6.0,1.0
bot->ton,50.0,44,14,rls_prossimale,0.7316042816401869,5.864305055292761,1.648681159049748,6.0,0.0
bot->ton,50.0,44,14,rls_guardia_prossimale,0.7849435170534445,5.829061022068128,1.2694216784330614,6.0,1.0
bot->ton,50.0,44,15,statico,0.7617882800919449,3.4641016151377544,0.0,,
bot->ton,50.0,44,15,rls,0.7897820771168141,4.414151872864416,0.8600252410227247,10.0,0.0
bot->ton,50.0,44,15,rls_guardia,0.7900721847401435,4.639988896490211,1.3947565182759591,10.0,1.0
bot->ton,50.0,44,15,rls_prossimale,0.7427050886148032,5.677120884072997,1.6363901806526897,10.0,0.0
bot->ton,50.0,44,15,rls_guardia_prossimale,0.7840391926356167,5.718327909003767,1.2980496099579226,10.0,1.0
bot->ton,50.0,44,16,statico,0.7437535097851362,3.4641016151377544,0.0,,
bot->ton,50.0,44,16,rls,0.7781586056018814,4.699664157706674,0.7755841664279192,6.0,0.0
bot->ton,50.0,44,16,rls_guardia,0.7796988068896296,5.271185057318704,1.2996509772927904,6.0,1.0
bot->ton,50.0,44,16,rls_prossimale,0.7355426606640616,6.484396524523433,1.511610670208968,6.0,0.0
bot->ton,50.0,44,16,rls_guardia_prossimale,0.7795665640009395,6.141905889788741,1.170096899244223,6.0,1.0
bot->ton,50.0,44,17,statico,0.7289299326143683,3.4641016151377544,0.0,,
bot->ton,50.0,44,17,rls,0.7797207957875931,5.423978450516108,0.8147819121173907,9.0,0.0
bot->ton,50.0,44,17,rls_guardia,0.8376436987837949,6.369250705872132,1.4297212288942578,9.0,1.0
bot->ton,50.0,44,17,rls_prossimale,0.7862244049435338,8.048249912473887,1.559948947996422,9.0,0.0
bot->ton,50.0,44,17,rls_guardia_prossimale,0.8419178257436939,7.477881170337282,1.222815681834766,9.0,1.0
bot->ton,50.0,44,18,statico,0.7109693469352473,3.4641016151377544,0.0,,
bot->ton,50.0,44,18,rls,0.7848976332039137,4.976066947522211,0.8298650461720107,1.0,0.0
bot->ton,50.0,44,18,rls_guardia,0.7249063445693792,5.834131714243803,1.4606747855108475,8.0,1.0
bot->ton,50.0,44,18,rls_prossimale,0.5980943486308612,7.936719486276642,1.5728913234660975,15.0,0.0
bot->ton,50.0,44,18,rls_guardia_prossimale,0.7866619619444462,5.615882053852289,1.2858943403986147,12.0,1.0
bot->ton,50.0,44,19,statico,0.6906359524116982,3.4641016151377544,0.0,,
bot->ton,50.0,44,19,rls,0.7764106870083627,7.017202485191212,1.018109450025493,12.0,0.0
bot->ton,50.0,44,19,rls_guardia,0.765925565835112,5.528826548873073,1.2012495942891617,7.0,1.0
bot->ton,50.0,44,19,rls_prossimale,0.7234507672335767,5.99552405426633,1.672354748856277,16.0,0.0
bot->ton,50.0,44,19,rls_guardia_prossimale,0.779564203704986,5.87067935836646,1.0683096088522703,4.0,1.0
bot->ton,50.0,45,0,statico,0.9868,3.4641016151377544,0.0,,
bot->ton,50.0,45,0,rls,0.9868,3.4641016151377544,0.0,0.0,0.0
bot->ton,50.0,45,0,rls_guardia,0.9868,3.4641016151377544,0.0,0.0,1.0
bot->ton,50.0,45,0,rls_prossimale,0.9868,3.4641016151377544,0.0,0.0,0.0
bot->ton,50.0,45,0,rls_guardia_prossimale,0.9868,3.4641016151377544,0.0,0.0,1.0
bot->ton,50.0,45,1,statico,0.8864067918126288,3.4641016151377544,0.0,,
bot->ton,50.0,45,1,rls,0.5,1.912071804917282,2.099494269706643,12.0,0.0
bot->ton,50.0,45,1,rls_guardia,0.8864067918126288,3.4641016151377544,0.0,0.0,2.0
bot->ton,50.0,45,1,rls_prossimale,0.6702939829849761,2.8773314558231617,1.5615783599415638,5.0,0.0
bot->ton,50.0,45,1,rls_guardia_prossimale,0.8864067918126288,3.4641016151377544,0.0,0.0,2.0
bot->ton,50.0,45,2,statico,0.8870378024219161,3.4641016151377544,0.0,,
bot->ton,50.0,45,2,rls,0.7833305666552047,4.035815971371397,2.0884752622399274,9.0,0.0
bot->ton,50.0,45,2,rls_guardia,0.8870378024219161,3.4641016151377544,0.0,0.0,3.0
bot->ton,50.0,45,2,rls_prossimale,0.683918175212032,4.262095335218933,3.03445801392207,7.0,0.0
bot->ton,50.0,45,2,rls_guardia_prossimale,0.8870378024219161,3.4641016151377544,0.0,0.0,3.0
bot->ton,50.0,45,3,statico,0.8506677400599312,3.4641016151377544,0.0,,
bot->ton,50.0,45,3,rls,0.7872212531866363,5.297583773517555,1.2431360390940178,2.0,0.0
bot->ton,50.0,45,3,rls_guardia,0.8506677400599312,3.4641016151377544,0.0,0.0,4.0
bot->ton,50.0,45,3,rls_prossimale,0.7101891855628606,4.898322669620878,3.8078184715388494,6.0,0.0
bot->ton,50.0,45,3,rls_guardia_prossimale,0.8506677400599312,3.4641016151377544,0.0,0.0,4.0
bot->ton,50.0,45,4,statico,0.8583484608389832,3.4641016151377544,0.0,,
bot->ton,50.0,45,4,rls,0.7890962443668846,6.469567536784059,1.6492429645052362,2.0,0.0
bot->ton,50.0,45,4,rls_guardia,0.8583484608389832,3.4641016151377544,0.0,2.0,4.0
bot->ton,50.0,45,4,rls_prossimale,0.7206024926117597,5.9129353897981725,4.291134783873051,2.0,0.0
bot->ton,50.0,45,4,rls_guardia_prossimale,0.8583484608389832,3.4641016151377544,0.0,2.0,4.0
bot->ton,50.0,45,5,statico,0.8451241011809669,3.4641016151377544,0.0,,
bot->ton,50.0,45,5,rls,0.7850175567739154,6.614189186029105,1.8561204137510368,14.0,0.0
bot->ton,50.0,45,5,rls_guardia,0.7908279289053394,2.840108857596179,1.4681965847822385,3.0,4.0
bot->ton,50.0,45,5,rls_prossimale,0.7142748739993101,6.245694100570929,4.756167918602815,9.0,0.0
bot->ton,50.0,45,5,rls_guardia_prossimale,0.791739582025069,3.351386043031151,1.184872246260573,7.0,4.0
bot->ton,50.0,45,6,statico,0.8192307474572079,3.4641016151377544,0.0,,
bot->ton,50.0,45,6,rls,0.7076845349469778,52.554801842141714,2.067898220760273,0.0,0.0
bot->ton,50.0,45,6,rls_guardia,0.7180708801092879,16.6672140151038,1.6767398851031186,0.0,5.0
bot->ton,50.0,45,6,rls_prossimale,0.690230688718519,36.49524484231652,4.595774648192725,13.0,0.0
bot->ton,50.0,45,6,rls_guardia_prossimale,0.7501896026462915,4.219307328701323,1.5216280148376389,1.0,4.0
bot->ton,50.0,45,7,statico,0.8121523894086031,3.4641016151377544,0.0,,
bot->ton,50.0,45,7,rls,0.7907275970328731,7.969481982816599,2.2303356071405656,7.0,0.0
bot->ton,50.0,45,7,rls_guardia,0.7307008199482281,16.6672140151038,1.6767398851031186,0.0,6.0
bot->ton,50.0,45,7,rls_prossimale,0.720282641727382,7.424734065022606,4.502434058633319,8.0,0.0
bot->ton,50.0,45,7,rls_guardia_prossimale,0.7291697366449228,4.7728521445136405,1.9723227795803773,10.0,4.0
bot->ton,50.0,45,8,statico,0.7915823421607111,3.4641016151377544,0.0,,
bot->ton,50.0,45,8,rls,0.7821502888509384,8.41896281433429,2.8480298603816983,11.0,0.0
bot->ton,50.0,45,8,rls_guardia,0.7243544806943345,16.6672140151038,1.6767398851031186,0.0,7.0
bot->ton,50.0,45,8,rls_prossimale,0.7719354971135661,6.785009967757371,4.078355375792297,14.0,0.0
bot->ton,50.0,45,8,rls_guardia_prossimale,0.7322748587915779,5.302072072664044,2.1740040310987,8.0,4.0
bot->ton,50.0,45,9,statico,0.7758515815085159,3.4641016151377544,0.0,,
bot->ton,50.0,45,9,rls,0.7925452597372787,8.71679051500506,2.3517992177738285,5.0,0.0
bot->ton,50.0,45,9,rls_guardia,0.7335577875276265,16.6672140151038,1.6767398851031186,5.0,7.0
bot->ton,50.0,45,9,rls_prossimale,0.7927350374800795,6.472171615873067,4.109551235101585,5.0,0.0
bot->ton,50.0,45,9,rls_guardia_prossimale,0.7856763711544389,5.429125265195201,1.8639079276480803,5.0,4.0
bot->ton,50.0,45,10,statico,0.7661995845885721,3.4641016151377544,0.0,,
bot->ton,50.0,45,10,rls,0.7953442316239323,8.7412421455461,2.3495851458290016,5.0,0.0
bot->ton,50.0,45,10,rls_guardia,0.7970936167388261,3.912300111569143,1.5565550379497164,5.0,7.0
bot->ton,50.0,45,10,rls_prossimale,0.7985208017590921,6.641156554438695,3.871790753561168,5.0,0.0
bot->ton,50.0,45,10,rls_guardia_prossimale,0.7988511752612864,5.616028301895065,1.5996391155461074,5.0,4.0
bot->ton,50.0,45,11,statico,0.7460632536404506,3.4641016151377544,0.0,,
bot->ton,50.0,45,11,rls,0.7871498490475883,7.650349083254057,1.3674847429540846,11.0,0.0
bot->ton,50.0,45,11,rls_guardia,0.7674736442456033,4.215457036455161,0.7636524169688587,9.0,7.0
bot->ton,50.0,45,11,rls_prossimale,0.7904387847295371,5.223378398039062,2.73285540923708,2.0,0.0
bot->ton,50.0,45,11,rls_guardia_prossimale,0.7867670991868378,5.363712362803561,1.2661723627553094,0.0,5.0
bot->ton,50.0,45,12,statico,0.7317042051724301,3.4641016151377544,0.0,,
bot->ton,50.0,45,12,rls,0.7813382063920153,7.524359056777794,1.9418743609823848,2.0,0.0
bot->ton,50.0,45,12,rls_guardia,0.7690822848327517,4.939499425742247,0.9184977832852492,2.0,7.0
bot->ton,50.0,45,12,rls_prossimale,0.677477146868964,31.20232658511033,2.667852221463877,2.0,0.0
bot->ton,50.0,45,12,rls_guardia_prossimale,0.781939237593424,5.363712362803561,1.2661723627553094,2.0,5.0
bot->ton,50.0,45,13,statico,0.7105507532149427,3.4641016151377544,0.0,,
bot->ton,50.0,45,13,rls,0.7792675090294843,7.184383773115976,1.841837639812198,6.0,0.0
bot->ton,50.0,45,13,rls_guardia,0.7744779349375033,4.695936839588667,1.1472884824345384,6.0,7.0
bot->ton,50.0,45,13,rls_prossimale,0.7895662558942238,5.32531211204554,2.564726645450395,6.0,0.0
bot->ton,50.0,45,13,rls_guardia_prossimale,0.7766741680222913,4.99971121246972,1.3168330572209612,6.0,5.0
bot->ton,50.0,45,14,statico,0.6896324024824558,3.4641016151377544,0.0,,
bot->ton,50.0,45,14,rls,0.7828199522514766,6.188755612507414,1.4419188667689689,5.0,0.0
bot->ton,50.0,45,14,rls_guardia,0.7732529069240235,4.8279538227656325,1.1904780423118957,5.0,7.0
bot->ton,50.0,45,14,rls_prossimale,0.7961435488845956,4.109047730189404,1.7410660665154936,5.0,0.0
bot->ton,50.0,45,14,rls_guardia_prossimale,0.7826244074029833,5.123219036914088,1.1996971432957222,5.0,5.0
bot->ton,50.0,45,15,statico,0.6762476152511739,3.4641016151377544,0.0,,
bot->ton,50.0,45,15,rls,0.7742428479039076,5.6687310902294605,1.2401087282222054,9.0,0.0
bot->ton,50.0,45,15,rls_guardia,0.7639806255384372,5.062824622654016,1.1975391155899855,9.0,7.0
bot->ton,50.0,45,15,rls_prossimale,0.7810325707733075,3.9533054480229146,1.365700152190052,9.0,0.0
bot->ton,50.0,45,15,rls_guardia_prossimale,0.7754515557011951,5.536417347579265,1.0547758020532314,9.0,5.0
bot->ton,50.0,45,16,statico,0.65525,3.4641016151377544,0.0,,
bot->ton,50.0,45,16,rls,0.7745,4.919515661658377,0.8378739296153976,8.0,0.0
bot->ton,50.0,45,16,rls_guardia,0.7643125,5.2069627929394455,1.0250917301375475,8.0,7.0
bot->ton,50.0,45,16,rls_prossimale,0.78103125,3.87913892133245,0.8678716144209597,8.0,0.0
bot->ton,50.0,45,16,rls_guardia_prossimale,0.7705,5.574884426429121,0.8292947040357355,8.0,5.0
bot->ton,50.0,45,17,statico,0.6383862959796942,3.4641016151377544,0.0,,
bot->ton,50.0,45,17,rls,0.7760587139745276,5.533228098094627,0.5850629218108122,7.0,0.0
bot->ton,50.0,45,17,rls_guardia,0.8748447581930181,6.612297243674824,1.0773894427253137,7.0,7.0
bot->ton,50.0,45,17,rls_prossimale,0.7759741218351761,5.023340917344522,0.5337085336250328,7.0,0.0
bot->ton,50.0,45,17,rls_guardia_prossimale,0.8393427729725069,7.498385926043353,0.7200491002264575,7.0,5.0
bot->ton,50.0,45,18,statico,0.6161477616497223,3.4641016151377544,0.0,,
bot->ton,50.0,45,18,rls,0.7725381898320682,5.077161411737016,0.4396363416769637,6.0,0.0
bot->ton,50.0,45,18,rls_guardia,0.826044685172957,6.303231995099173,1.090923552689506,6.0,7.0
bot->ton,50.0,45,18,rls_prossimale,0.7742035346535316,4.539956780454745,0.3993917584098441,6.0,0.0
bot->ton,50.0,45,18,rls_guardia_prossimale,0.8391233184073192,6.985450638000475,0.5876828180927097,6.0,5.0
bot->ton,50.0,45,19,statico,0.5910241858235119,3.4641016151377544,0.0,,
bot->ton,50.0,45,19,rls,0.7663431904486098,6.301708005219741,0.4688779793158159,2.0,0.0
bot->ton,50.0,45,19,rls_guardia,0.7777798177483526,7.80367849965174,1.2381046097907944,11.0,7.0
bot->ton,50.0,45,19,rls_prossimale,0.7673542607264978,5.252229463353719,0.4360701133732088,2.0,0.0
bot->ton,50.0,45,19,rls_guardia_prossimale,0.780667401732307,9.16147754311141,0.6779898723087987,2.0,5.0
bot->ton,50.0,46,0,statico,0.98385,3.4641016151377544,0.0,,
bot->ton,50.0,46,0,rls,0.98385,3.4641016151377544,0.0,0.0,0.0
bot->ton,50.0,46,0,rls_guardia,0.98385,3.4641016151377544,0.0,0.0,1.0
bot->ton,50.0,46,0,rls_prossimale,0.98385,3.4641016151377544,0.0,0.0,0.0
bot->ton,50.0,46,0,rls_guardia_prossimale,0.98385,3.4641016151377544,0.0,0.0,1.0
bot->ton,50.0,46,1,statico,0.966780577983114,3.4641016151377544,0.0,,
bot->ton,50.0,46,1,rls,0.5,2.1472225065745474,2.070532698807255,14.0,0.0
bot->ton,50.0,46,1,rls_guardia,0.966780577983114,3.4641016151377544,0.0,0.0,2.0
bot->ton,50.0,46,1,rls_prossimale,0.6615496886581083,3.056195869565163,1.520265328741055,2.0,0.0
bot->ton,50.0,46,1,rls_guardia_prossimale,0.966780577983114,3.4641016151377544,0.0,0.0,2.0
bot->ton,50.0,46,2,statico,0.955799730190912,3.4641016151377544,0.0,,
bot->ton,50.0,46,2,rls,0.7171717171717171,3.6012933202355297,2.2281991947264013,8.0,0.0
bot->ton,50.0,46,2,rls_guardia,0.955799730190912,3.4641016151377544,0.0,1.0,2.0
bot->ton,50.0,46,2,rls_prossimale,0.5508388162579395,3.5031177054160527,3.537132058107729,0.0,0.0
bot->ton,50.0,46,2,rls_guardia_prossimale,0.955799730190912,3.4641016151377544,0.0,1.0,2.0
bot->ton,50.0,46,3,statico,0.9347547997710066,3.4641016151377544,0.0,,
bot->ton,50.0,46,3,rls,0.7774229300803283,7.686601491188796,1.949133507398893,0.0,0.0
bot->ton,50.0,46,3,rls_guardia,0.5491294859393769,2.6148048138767552,2.3111693306291947,10.0,2.0
bot->ton,50.0,46,3,rls_prossimale,0.5082084063872185,7.490053748064736,4.73103748414148,15.0,0.0
bot->ton,50.0,46,3,rls_guardia_prossimale,0.6304421993840256,3.233627637027318,1.7989856892545193,8.0,2.0
bot->ton,50.0,46,4,statico,0.9285157557002216,3.4641016151377544,0.0,,
bot->ton,50.0,46,4,rls,0.8073192471250723,5.281843112842442,2.940683880277596,12.0,0.0
bot->ton,50.0,46,4,rls_guardia,0.6368895941711475,5.209256407085545,1.6947548692153769,9.0,2.0
bot->ton,50.0,46,4,rls_prossimale,0.712440318265561,4.473893512614207,4.205677585054658,15.0,0.0
bot->ton,50.0,46,4,rls_guardia_prossimale,0.6188674111004208,5.321055743732551,1.3035026960616456,5.0,2.0
bot->ton,50.0,46,5,statico,0.915597224678086,3.4641016151377544,0.0,,
bot->ton,50.0,46,5,rls,0.8150531230196638,5.403650507777782,2.5591875773366075,7.0,0.0
bot->ton,50.0,46,5,rls_guardia,0.8090053239765231,5.127467036303277,1.6258689543109943,0.0,3.0
bot->ton,50.0,46,5,rls_prossimale,0.768515878596221,5.364660039576379,3.913110322243561,11.0,0.0
bot->ton,50.0,46,5,rls_guardia_prossimale,0.6464622790442884,7.317666660776241,2.478864487040949,1.0,2.0
bot->ton,50.0,46,6,statico,0.9051952600548712,3.4641016151377544,0.0,,
bot->ton,50.0,46,6,rls,0.7961283637849512,6.773730753342496,3.0194962905059133,2.0,0.0
bot->ton,50.0,46,6,rls_guardia,0.7864580293036016,5.127467036303277,1.6258689543109943,2.0,3.0
bot->ton,50.0,46,6,rls_prossimale,0.7679105131048976,6.254315494432033,3.4886942590189074,2.0,0.0
bot->ton,50.0,46,6,rls_guardia_prossimale,0.6318837195727044,8.145960846143959,3.2613788915979613,2.0,2.0
bot->ton,50.0,46,7,statico,0.8895898315658142,3.4641016151377544,0.0,,
bot->ton,50.0,46,7,rls,0.7906243501767519,6.265277063946605,2.7852969862163643,12.0,0.0
bot->ton,50.0,46,7,rls_guardia,0.7791211790393013,5.014470253671088,1.6722370439425658,2.0,3.0
bot->ton,50.0,46,7,rls_prossimale,0.7785259409440632,5.621531737726311,3.148137103389958,5.0,0.0
bot->ton,50.0,46,7,rls_guardia_prossimale,0.621840559367852,7.169414816017224,3.5003302222514274,4.0,2.0
bot->ton,50.0,46,8,statico,0.8728685889204817,3.4641016151377544,0.0,,
bot->ton,50.0,46,8,rls,0.8115659643249569,6.343007722195371,2.704088434770369,3.0,0.0
bot->ton,50.0,46,8,rls_guardia,0.7980086051016901,5.61641755878576,2.366722115796561,3.0,3.0
bot->ton,50.0,46,8,rls_prossimale,0.8081440843108565,7.901720548773723,3.170197770976749,3.0,0.0
bot->ton,50.0,46,8,rls_guardia_prossimale,0.6349452863560279,7.124655480905689,3.8001773417372497,3.0,2.0
bot->ton,50.0,46,9,statico,0.8623532014157014,3.4641016151377544,0.0,,
bot->ton,50.0,46,9,rls,0.8127553893178894,6.479140458111162,2.7678755496925964,7.0,0.0
bot->ton,50.0,46,9,rls_guardia,0.7975808397683397,5.719968001216974,2.4937144068902315,7.0,3.0
bot->ton,50.0,46,9,rls_prossimale,0.8035734395109395,5.785098467737039,3.1158484108495963,7.0,0.0
bot->ton,50.0,46,9,rls_guardia_prossimale,0.640522442084942,6.637961509763112,3.818228807304898,7.0,2.0
bot->ton,50.0,46,10,statico,0.8487409767791838,3.4641016151377544,0.0,,
bot->ton,50.0,46,10,rls,0.7983333553829168,5.416729553310487,2.319442619554024,15.0,0.0
bot->ton,50.0,46,10,rls_guardia,0.7725688626201043,5.23629424784746,2.60797473740014,10.0,3.0
bot->ton,50.0,46,10,rls_prossimale,0.7929363370943983,5.619259500970581,2.780141363808867,3.0,0.0
bot->ton,50.0,46,10,rls_guardia_prossimale,0.6358275822192981,6.143811390611383,3.793583896379091,3.0,2.0
bot->ton,50.0,46,11,statico,0.831571332794435,3.4641016151377544,0.0,,
bot->ton,50.0,46,11,rls,0.8018100473564966,5.602504196447816,2.24744490459126,5.0,0.0
bot->ton,50.0,46,11,rls_guardia,0.8614074778020331,7.243614323464809,2.51019554302148,5.0,3.0
bot->ton,50.0,46,11,rls_prossimale,0.7199598491477364,11.035189119094374,2.7575277695269924,5.0,0.0
bot->ton,50.0,46,11,rls_guardia_prossimale,0.6334120936721473,5.517698623470437,3.040890214478255,5.0,2.0
bot->ton,50.0,46,12,statico,0.8171395170033334,3.4641016151377544,0.0,,
bot->ton,50.0,46,12,rls,0.7938698266002877,5.458983752264231,1.780187482191662,3.0,0.0
bot->ton,50.0,46,12,rls_guardia,0.779257812118533,5.391388523319158,1.967175554331417,3.0,3.0
bot->ton,50.0,46,12,rls_prossimale,0.7960800522118783,6.6643650409187,2.344067649897668,3.0,0.0
bot->ton,50.0,46,12,rls_guardia_prossimale,0.6453200246718307,4.404756889336214,2.480860507260619,3.0,2.0
bot->ton,50.0,46,13,statico,0.8034066358973915,3.4641016151377544,0.0,,
bot->ton,50.0,46,13,rls,0.7946757942481033,5.287917679056716,1.781632055186941,8.0,0.0
bot->ton,50.0,46,13,rls_guardia,0.781753169931813,5.390975228093529,2.0238853785132456,8.0,3.0
bot->ton,50.0,46,13,rls_prossimale,0.798313085548737,6.365739304514949,2.253629047768949,8.0,0.0
bot->ton,50.0,46,13,rls_guardia_prossimale,0.6440403612433532,4.088220958793476,2.2860102544111887,8.0,2.0
bot->ton,50.0,46,14,statico,0.7847746042040409,3.4641016151377544,0.0,,
bot->ton,50.0,46,14,rls,0.79577529982165,4.9607246057540095,1.4870881276309325,4.0,0.0
bot->ton,50.0,46,14,rls_guardia,0.7847534218633138,4.331875239574389,1.661321318746025,4.0,3.0
bot->ton,50.0,46,14,rls_prossimale,0.8013491320470509,5.630616020717693,1.9496091931030963,4.0,0.0
bot->ton,50.0,46,14,rls_guardia_prossimale,0.6494847373825601,3.9087923690091935,1.9966567942843287,4.0,2.0
bot->ton,50.0,46,15,statico,0.767590718087747,3.4641016151377544,0.0,,
bot->ton,50.0,46,15,rls,0.7939256787343643,5.343588873607406,1.68270743746643,9.0,0.0
bot->ton,50.0,46,15,rls_guardia,0.7819287448820409,4.4989160596198765,1.8679403419028195,12.0,3.0
bot->ton,50.0,46,15,rls_prossimale,0.7963579819969002,6.2021041098448055,2.066893467061285,5.0,0.0
bot->ton,50.0,46,15,rls_guardia_prossimale,0.6507759608637045,3.968235760419503,1.988496919981004,10.0,2.0
bot->ton,50.0,46,16,statico,0.749619057806338,3.4641016151377544,0.0,,
bot->ton,50.0,46,16,rls,0.7896847160946311,5.223916291756458,1.8248211457897483,5.0,0.0
bot->ton,50.0,46,16,rls_guardia,0.8816750658954311,4.895320820208427,1.6410380875841275,5.0,3.0
bot->ton,50.0,46,16,rls_prossimale,0.7854700069830993,6.286016131981193,2.299588131940233,5.0,0.0
bot->ton,50.0,46,16,rls_guardia_prossimale,0.7680613271521468,4.928631588616813,2.02224465195209,5.0,2.0
bot->ton,50.0,46,17,statico,0.7329497913060663,3.4641016151377544,0.0,,
bot->ton,50.0,46,17,rls,0.7832049768879804,7.374285016521469,1.7445824310211129,8.0,0.0
bot->ton,50.0,46,17,rls_guardia,0.7829225231288666,3.8567608476135673,1.5189544385622635,8.0,3.0
bot->ton,50.0,46,17,rls_prossimale,0.7963933343751806,5.10837644321183,2.067801458194888,8.0,0.0
bot->ton,50.0,46,17,rls_guardia_prossimale,0.7727570939957131,4.022069969723724,2.016219700808547,8.0,2.0
bot->ton,50.0,46,18,statico,0.7139729407050327,3.4641016151377544,0.0,,
bot->ton,50.0,46,18,rls,0.7846713550554729,3.873559794519701,1.1330954068725714,6.0,0.0
bot->ton,50.0,46,18,rls_guardia,0.8801662905501999,4.479274475612591,1.4263294135374016,6.0,3.0
bot->ton,50.0,46,18,rls_prossimale,0.7969302912984592,7.561656141618368,1.892137230493091,6.0,0.0
bot->ton,50.0,46,18,rls_guardia_prossimale,0.868619335443009,4.562971652605422,1.979415855959292,6.0,2.0
bot->ton,50.0,46,19,statico,0.695122074377209,3.4641016151377544,0.0,,
bot->ton,50.0,46,19,rls,0.7862209988883386,3.4584777532943325,1.1552161644888272,8.0,0.0
bot->ton,50.0,46,19,rls_guardia,0.7788279831533136,4.010614414108689,1.448427119852417,8.0,3.0
bot->ton,50.0,46,19,rls_prossimale,0.789798552197202,6.880489169916531,1.8344602971968544,8.0,0.0
bot->ton,50.0,46,19,rls_guardia_prossimale,0.7647766976094579,3.987133900586009,2.024087256973576,8.0,2.0
bot->unsw,50.0,42,0,statico,0.9857,3.4641016151377544,0.0,,
bot->unsw,50.0,42,0,rls,0.9857,3.4641016151377544,0.0,0.0,0.0
bot->unsw,50.0,42,0,rls_guardia,0.9857,3.4641016151377544,0.0,0.0,1.0
bot->unsw,50.0,42,0,rls_prossimale,0.9857,3.4641016151377544,0.0,0.0,0.0
bot->unsw,50.0,42,0,rls_guardia_prossimale,0.9857,3.4641016151377544,0.0,0.0,1.0
bot->unsw,50.0,42,1,statico,0.8859279597396155,3.4641016151377544,0.0,,
bot->unsw,50.0,42,1,rls,0.5261044090802335,1.967601236283864,1.6943763521327224,10.0,0.0
bot->unsw,50.0,42,1,rls_guardia,0.8859279597396155,3.4641016151377544,0.0,1.0,1.0
bot->unsw,50.0,42,1,rls_prossimale,0.6346370956874324,2.879659158100831,1.234997518371665,0.0,0.0
bot->unsw,50.0,42,1,rls_guardia_prossimale,0.8859279597396155,3.4641016151377544,0.0,1.0,1.0
bot->unsw,50.0,42,2,statico,0.8707165650063253,3.4641016151377544,0.0,,
bot->unsw,50.0,42,2,rls,0.5259276456242137,4.675419677214708,2.0443065463204406,7.0,0.0
bot->unsw,50.0,42,2,rls_guardia,0.487392400932736,2.7225907855571183,1.57724403112062,6.0,1.0
bot->unsw,50.0,42,2,rls_prossimale,0.4999739827245291,2.6826884738491823,2.995235474709804,6.0,0.0
bot->unsw,50.0,42,2,rls_guardia_prossimale,0.6392982894606213,3.241247795678505,1.1487556025567416,4.0,1.0
bot->unsw,50.0,42,3,statico,0.8562850733969544,3.4641016151377544,0.0,,
bot->unsw,50.0,42,3,rls,0.5539909177842667,5.567801536056522,2.7541102194592586,2.0,0.0
bot->unsw,50.0,42,3,rls_guardia,0.5415926127439511,3.374763524255465,2.115958847355461,2.0,1.0
bot->unsw,50.0,42,3,rls_prossimale,0.5,3.0620600152339854,3.9534458842056863,2.0,0.0
bot->unsw,50.0,42,3,rls_guardia_prossimale,0.675265736954435,5.255841520031942,1.5972977723239816,2.0,1.0
bot->unsw,50.0,42,4,statico,0.8398416654547183,3.4641016151377544,0.0,,
bot->unsw,50.0,42,4,rls,0.6193467675162281,5.878851295796078,2.2722802704126464,3.0,0.0
bot->unsw,50.0,42,4,rls_guardia,0.6531829435687835,3.07130122449885,2.091476739099533,3.0,1.0
bot->unsw,50.0,42,4,rls_prossimale,0.5998397330970855,4.218831800662124,3.041137608173684,3.0,0.0
bot->unsw,50.0,42,4,rls_guardia_prossimale,0.6967294340075243,5.4426460253790125,2.420251082989337,3.0,1.0
bot->unsw,50.0,42,5,statico,0.8192656554342888,3.4641016151377544,0.0,,
bot->unsw,50.0,42,5,rls,0.6611274633232904,5.985333915386816,2.7425301124838084,1.0,0.0
bot->unsw,50.0,42,5,rls_guardia,0.6961549147803738,4.8268397983337765,2.4966813857550725,1.0,1.0
bot->unsw,50.0,42,5,rls_prossimale,0.6742400562631867,6.680500949182285,3.277249579914801,1.0,0.0
bot->unsw,50.0,42,5,rls_guardia_prossimale,0.7048450302298861,7.112746821829931,3.131171476356979,1.0,1.0
bot->unsw,50.0,42,6,statico,0.810883568701061,3.4641016151377544,0.0,,
bot->unsw,50.0,42,6,rls,0.6669795467050321,6.157591470484893,2.9621037267641284,12.0,0.0
bot->unsw,50.0,42,6,rls_guardia,0.7072829881043646,5.267878209424631,2.7290015734046937,10.0,1.0
bot->unsw,50.0,42,6,rls_prossimale,0.6747522574911673,7.685185407781447,3.5241870007546408,11.0,0.0
bot->unsw,50.0,42,6,rls_guardia_prossimale,0.7257100626901848,8.260798582948805,3.551908757696709,10.0,1.0
bot->unsw,50.0,42,7,statico,0.7826261780486405,3.4641016151377544,0.0,,
bot->unsw,50.0,42,7,rls,0.7619029750535922,7.458971861809309,2.9076472350387936,5.0,0.0
bot->unsw,50.0,42,7,rls_guardia,0.7156608570774583,5.728794952579226,2.4817492165139288,5.0,1.0
bot->unsw,50.0,42,7,rls_prossimale,0.7765506339122552,8.689621454445666,3.259646196025832,5.0,0.0
bot->unsw,50.0,42,7,rls_guardia_prossimale,0.7513766169439592,9.496568605901336,3.121689534769056,5.0,1.0
bot->unsw,50.0,42,8,statico,0.7628128385204298,3.4641016151377544,0.0,,
bot->unsw,50.0,42,8,rls,0.7676704925814579,7.250383947461468,3.208536120291315,5.0,0.0
bot->unsw,50.0,42,8,rls_guardia,0.7267466741318662,5.37184170210378,2.774621582537447,5.0,1.0
bot->unsw,50.0,42,8,rls_prossimale,0.7911481395830037,8.886922719655727,3.3433295716277787,5.0,0.0
bot->unsw,50.0,42,8,rls_guardia_prossimale,0.7881055027446779,9.22459489276546,3.0445649852927503,5.0,1.0
bot->unsw,50.0,42,9,statico,0.7393063040997936,3.4641016151377544,0.0,,
bot->unsw,50.0,42,9,rls,0.7792749190502215,6.652956425208818,2.294501120214991,5.0,0.0
bot->unsw,50.0,42,9,rls_guardia,0.7732435800039911,5.687409998949677,2.569325138990157,5.0,1.0
bot->unsw,50.0,42,9,rls_prossimale,0.8327683316937383,8.625976836142835,2.652144799996116,5.0,0.0
bot->unsw,50.0,42,9,rls_guardia_prossimale,0.7741393340556949,8.960902844746752,2.767935836945352,5.0,1.0
bot->unsw,50.0,42,10,statico,0.7191751169396995,3.4641016151377544,0.0,,
bot->unsw,50.0,42,10,rls,0.7879732517358724,6.8076883317193255,2.0601992534531983,5.0,0.0
bot->unsw,50.0,42,10,rls_guardia,0.7595747633090499,5.699014307032435,2.438640011557726,5.0,1.0
bot->unsw,50.0,42,10,rls_prossimale,0.812659451393488,8.554901868596017,2.534876432945545,5.0,0.0
bot->unsw,50.0,42,10,rls_guardia_prossimale,0.7915935142722664,8.997457503382282,2.263529080805485,5.0,1.0
bot->unsw,50.0,42,11,statico,0.6923786707080952,3.4641016151377544,0.0,,
bot->unsw,50.0,42,11,rls,0.7862098258190424,6.94903450711646,1.9334830602620003,4.0,0.0
bot->unsw,50.0,42,11,rls_guardia,0.7637315408138177,5.895468641930274,2.2129476464128803,4.0,1.0
bot->unsw,50.0,42,11,rls_prossimale,0.8300988939854939,8.380828345667453,2.4600851346041925,4.0,0.0
bot->unsw,50.0,42,11,rls_guardia_prossimale,0.7867224475997296,9.452071393954771,2.074275717981919,4.0,1.0
bot->unsw,50.0,42,12,statico,0.6701194324712644,3.4641016151377544,0.0,,
bot->unsw,50.0,42,12,rls,0.7886617726293104,7.166150122026811,2.137676039524212,7.0,0.0
bot->unsw,50.0,42,12,rls_guardia,0.7665779903017241,5.811628752945936,2.294486601896959,7.0,1.0
bot->unsw,50.0,42,12,rls_prossimale,0.8158494971264367,8.54401584044629,2.614173064940834,7.0,0.0
bot->unsw,50.0,42,12,rls_guardia_prossimale,0.7907810255028735,9.319643333400151,2.3574146562805027,7.0,1.0
bot->unsw,50.0,42,13,statico,0.6434975752750434,3.4641016151377544,0.0,,
bot->unsw,50.0,42,13,rls,0.7853202894504646,7.1596673988427,2.321448212044161,9.0,0.0
bot->unsw,50.0,42,13,rls_guardia,0.7674314804091874,5.808636666361116,2.311270573890893,9.0,1.0
bot->unsw,50.0,42,13,rls_prossimale,0.8037129570270494,8.56810280716142,2.6589954835763074,9.0,0.0
bot->unsw,50.0,42,13,rls_guardia_prossimale,0.7683709105385061,9.375097302063857,2.4449688444350217,9.0,1.0
bot->unsw,50.0,42,14,statico,0.610999041739438,3.4641016151377544,0.0,,
bot->unsw,50.0,42,14,rls,0.768415367599613,6.851026037985588,2.11359516580131,12.0,0.0
bot->unsw,50.0,42,14,rls_guardia,0.7490651937270334,5.509035084184744,1.9968836089634057,12.0,1.0
bot->unsw,50.0,42,14,rls_prossimale,0.7806822048634794,7.918892307817154,2.2333086920391434,12.0,0.0
bot->unsw,50.0,42,14,rls_guardia_prossimale,0.7468058751941016,8.866223838925839,2.121381329817869,12.0,1.0
bot->unsw,50.0,42,15,statico,0.5797956613508712,3.4641016151377544,0.0,,
bot->unsw,50.0,42,15,rls,0.7627543271301898,6.449883305024711,1.9253997174322883,6.0,0.0
bot->unsw,50.0,42,15,rls_guardia,0.7632649394357072,5.239942164383147,1.7839349834308424,5.0,1.0
bot->unsw,50.0,42,15,rls_prossimale,0.7673964769944528,7.101590738682575,1.8678511050603663,2.0,0.0
bot->unsw,50.0,42,15,rls_guardia_prossimale,0.7636741721158319,8.260735692002255,1.9250268021593395,4.0,1.0
bot->unsw,50.0,42,16,statico,0.5517398055362612,3.4641016151377544,0.0,,
bot->unsw,50.0,42,16,rls,0.7814263919974249,27.73927930501216,1.735428145567601,7.0,0.0
bot->unsw,50.0,42,16,rls_guardia,0.7763837689126335,15.007262001863284,1.6712264619392627,7.0,1.0
bot->unsw,50.0,42,16,rls_prossimale,0.7520814481207057,22.36838025650245,1.3873360199598117,7.0,0.0
bot->unsw,50.0,42,16,rls_guardia_prossimale,0.776076394614523,26.238885576785066,1.773449030974285,7.0,1.0
bot->unsw,50.0,42,17,statico,0.5209832658185745,3.4641016151377544,0.0,,
bot->unsw,50.0,42,17,rls,0.7489285294689509,6.831689925103301,1.581007936753152,12.0,0.0
bot->unsw,50.0,42,17,rls_guardia,0.7372100508887802,4.596210218245848,1.4877348491990967,12.0,1.0
bot->unsw,50.0,42,17,rls_prossimale,0.7682935584069389,8.94415131439012,1.1859761613385884,12.0,0.0
bot->unsw,50.0,42,17,rls_guardia_prossimale,0.7685369096010205,9.05294627611156,1.350463536716888,12.0,1.0
bot->unsw,50.0,42,18,statico,0.488185844954435,3.4641016151377544,0.0,,
bot->unsw,50.0,42,18,rls,0.7267616493906202,7.858197495615393,1.7111023859822383,9.0,0.0
bot->unsw,50.0,42,18,rls_guardia,0.7293908698900566,5.916235129362447,1.5514803227378595,9.0,1.0
bot->unsw,50.0,42,18,rls_prossimale,0.7425938091259037,9.279063212698416,1.3078613610425849,9.0,0.0
bot->unsw,50.0,42,18,rls_guardia_prossimale,0.7347835050466898,10.031103532843362,1.5683774728402031,9.0,1.0
bot->unsw,50.0,42,19,statico,0.4454206583369635,3.4641016151377544,0.0,,
bot->unsw,50.0,42,19,rls,0.7433166683754928,7.182082899795678,1.632179067743755,14.0,0.0
bot->unsw,50.0,42,19,rls_guardia,0.7454806537465535,5.142793745896115,1.4240635799894876,14.0,1.0
bot->unsw,50.0,42,19,rls_prossimale,0.7711463109046872,8.248734361322422,1.2342013421552924,14.0,0.0
bot->unsw,50.0,42,19,rls_guardia_prossimale,0.7467833517314052,8.686567422485092,1.6139698397031976,14.0,1.0
bot->unsw,50.0,43,0,statico,0.98655,3.4641016151377544,0.0,,
bot->unsw,50.0,43,0,rls,0.98655,3.4641016151377544,0.0,0.0,0.0
bot->unsw,50.0,43,0,rls_guardia,0.98655,3.4641016151377544,0.0,0.0,1.0
bot->unsw,50.0,43,0,rls_prossimale,0.98655,3.4641016151377544,0.0,0.0,0.0
bot->unsw,50.0,43,0,rls_guardia_prossimale,0.98655,3.4641016151377544,0.0,0.0,1.0
bot->unsw,50.0,43,1,statico,0.9142748091296682,3.4641016151377544,0.0,,
bot->unsw,50.0,43,1,rls,0.5,1.8867426374179248,2.5694551022277694,8.0,0.0
bot->unsw,50.0,43,1,rls_guardia,0.9142748091296682,3.4641016151377544,0.0,1.0,1.0
bot->unsw,50.0,43,1,rls_prossimale,0.5796311465705147,3.044305984595588,2.0650295629730127,2.0,0.0
bot->unsw,50.0,43,1,rls_guardia_prossimale,0.9142748091296682,3.4641016151377544,0.0,1.0,1.0
bot->unsw,50.0,43,2,statico,0.8848006555864296,3.4641016151377544,0.0,,
bot->unsw,50.0,43,2,rls,0.6684166761354833,4.459658855791992,1.927092766505862,12.0,0.0
bot->unsw,50.0,43,2,rls_guardia,0.5468371371489883,3.057535309342821,2.093319218717673,0.0,2.0
bot->unsw,50.0,43,2,rls_prossimale,0.5246009787710456,4.434571983382326,3.2088344278587,12.0,0.0
bot->unsw,50.0,43,2,rls_guardia_prossimale,0.5672657447879793,3.802983507602292,1.7910354144422982,1.0,1.0
bot->unsw,50.0,43,3,statico,0.8615244759187142,3.4641016151377544,0.0,,
bot->unsw,50.0,43,3,rls,0.6995982838524275,63.61151512819445,1.715069504717008,3.0,0.0
bot->unsw,50.0,43,3,rls_guardia,0.548770060510392,3.057535309342821,2.093319218717673,3.0,2.0
bot->unsw,50.0,43,3,rls_prossimale,0.5411184448279949,4.854609722460274,2.9960351126691016,3.0,0.0
bot->unsw,50.0,43,3,rls_guardia_prossimale,0.580516694565629,4.735766238759394,3.3636162443981785,3.0,1.0
bot->unsw,50.0,43,4,statico,0.8523166204431958,3.4641016151377544,0.0,,
bot->unsw,50.0,43,4,rls,0.6211208719863486,4.245735159321636,1.8338630068549555,7.0,0.0
bot->unsw,50.0,43,4,rls_guardia,0.6777720351849847,4.330388371145154,2.613823482404989,13.0,2.0
bot->unsw,50.0,43,4,rls_prossimale,0.6031064676350177,3.496486316772795,2.63076590793132,14.0,0.0
bot->unsw,50.0,43,4,rls_guardia_prossimale,0.6609551641939665,5.409262210466146,3.6641013678111714,11.0,1.0
bot->unsw,50.0,43,5,statico,0.8312569570438151,3.4641016151377544,0.0,,
bot->unsw,50.0,43,5,rls,0.5663109626941764,4.414790468658407,2.5891871679158505,10.0,0.0
bot->unsw,50.0,43,5,rls_guardia,0.6759069355701051,4.69165300789764,3.16045245142512,5.0,2.0
bot->unsw,50.0,43,5,rls_prossimale,0.643440585019823,5.567848843812425,2.7528682734232253,16.0,0.0
bot->unsw,50.0,43,5,rls_guardia_prossimale,0.6762237823529927,6.987603333163834,4.087928077992544,11.0,1.0
bot->unsw,50.0,43,6,statico,0.8106694424282989,3.4641016151377544,0.0,,
bot->unsw,50.0,43,6,rls,0.5683133392996346,4.987885836847873,2.794019591472886,3.0,0.0
bot->unsw,50.0,43,6,rls_guardia,0.6706688496778141,5.888804825152285,3.3134682111240408,7.0,2.0
bot->unsw,50.0,43,6,rls_prossimale,0.6913346508894855,6.476021829652996,2.9588495569992777,10.0,0.0
bot->unsw,50.0,43,6,rls_guardia_prossimale,0.6934273989556248,9.53053376192162,3.815262921546364,1.0,1.0
bot->unsw,50.0,43,7,statico,0.7918450477340697,3.4641016151377544,0.0,,
bot->unsw,50.0,43,7,rls,0.6636756538559672,5.470281751182652,3.053965067041829,13.0,0.0
bot->unsw,50.0,43,7,rls_guardia,0.6724660473594222,6.58637735847004,3.687211068145547,14.0,2.0
bot->unsw,50.0,43,7,rls_prossimale,0.7062120051331167,7.948454891656337,2.9404901726452937,5.0,0.0
bot->unsw,50.0,43,7,rls_guardia_prossimale,0.6291808733372228,11.981744744809363,4.7923558975571945,10.0,1.0
bot->unsw,50.0,43,8,statico,0.7702611186210343,3.4641016151377544,0.0,,
bot->unsw,50.0,43,8,rls,0.6001823097688518,4.807622377653784,3.078287817418912,14.0,0.0
bot->unsw,50.0,43,8,rls_guardia,0.7990876146930995,36.15900480279512,3.01488940122481,10.0,2.0
bot->unsw,50.0,43,8,rls_prossimale,0.8262277786272694,24.60590125900064,3.192557249716676,5.0,0.0
bot->unsw,50.0,43,8,rls_guardia_prossimale,0.6730031447868365,10.232928763203578,5.183128274302685,11.0,1.0
bot->unsw,50.0,43,9,statico,0.7471484917753575,3.4641016151377544,0.0,,
bot->unsw,50.0,43,9,rls,0.6698292322172918,5.827099207200567,3.1034656699519148,7.0,0.0
bot->unsw,50.0,43,9,rls_guardia,0.6517018511048362,4.83523229168658,2.6162261670332185,7.0,2.0
bot->unsw,50.0,43,9,rls_prossimale,0.7023759580475999,4.334268731088056,3.0691872445342714,7.0,0.0
bot->unsw,50.0,43,9,rls_guardia_prossimale,0.6738976289722558,11.184457905230238,5.066754960859448,7.0,1.0
bot->unsw,50.0,43,10,statico,0.7222115807559526,3.4641016151377544,0.0,,
bot->unsw,50.0,43,10,rls,0.706692453809725,4.136945488176102,2.0304907517914423,8.0,0.0
bot->unsw,50.0,43,10,rls_guardia,0.7106460082383719,3.5197135581338164,1.6907524983830235,8.0,2.0
bot->unsw,50.0,43,10,rls_prossimale,0.7010411601817165,3.017379342517461,1.9882714088778912,8.0,0.0
bot->unsw,50.0,43,10,rls_guardia_prossimale,0.6851835094789616,7.779901026340587,3.5793693293263247,8.0,1.0
bot->unsw,50.0,43,11,statico,0.6994271417988793,3.4641016151377544,0.0,,
bot->unsw,50.0,43,11,rls,0.7541269574359464,3.869360577848599,1.930280291630898,6.0,0.0
bot->unsw,50.0,43,11,rls_guardia,0.7101181467965236,3.8182747840399607,1.561943103180486,6.0,2.0
bot->unsw,50.0,43,11,rls_prossimale,0.7217807308164839,2.7606480095458314,1.4708806051647425,6.0,0.0
bot->unsw,50.0,43,11,rls_guardia_prossimale,0.6970958672102117,4.980978445996416,2.2745735893241963,6.0,1.0
bot->unsw,50.0,43,12,statico,0.6728712038798212,3.4641016151377544,0.0,,
bot->unsw,50.0,43,12,rls,0.7532563351858701,3.965970574059535,1.623994762236899,7.0,0.0
bot->unsw,50.0,43,12,rls_guardia,0.7255191678530626,4.152636257301395,1.3851755310646734,7.0,2.0
bot->unsw,50.0,43,12,rls_prossimale,0.7173769688055056,3.0174692634366544,1.4141248383634792,7.0,0.0
bot->unsw,50.0,43,12,rls_guardia_prossimale,0.6759473500517763,4.83713185506891,1.803847437036027,7.0,1.0
bot->unsw,50.0,43,13,statico,0.6495981124561083,3.4641016151377544,0.0,,
bot->unsw,50.0,43,13,rls,0.7597069366804674,4.072574835419002,1.6949985726927166,11.0,0.0
bot->unsw,50.0,43,13,rls_guardia,0.7417765859012984,4.207662825904139,1.4380278876921766,11.0,2.0
bot->unsw,50.0,43,13,rls_prossimale,0.6943170184810253,3.141897554346732,1.4551965995372265,11.0,0.0
bot->unsw,50.0,43,13,rls_guardia_prossimale,0.6869688421296916,5.096779025009002,1.8938995177647264,11.0,1.0
bot->unsw,50.0,43,14,statico,0.6211124234387233,3.4641016151377544,0.0,,
bot->unsw,50.0,43,14,rls,0.7472619211305556,4.12801725431782,1.6739684027150352,16.0,0.0
bot->unsw,50.0,43,14,rls_guardia,0.7341522439815351,4.228614800638055,1.477392304035134,15.0,2.0
bot->unsw,50.0,43,14,rls_prossimale,0.7510541242446602,3.366019549750138,1.4448196217663931,11.0,0.0
bot->unsw,50.0,43,14,rls_guardia_prossimale,0.7781031269535521,4.813322755864758,1.7269520019708595,5.0,1.0
bot->unsw,50.0,43,15,statico,0.5945155006996086,3.4641016151377544,0.0,,
bot->unsw,50.0,43,15,rls,0.7613919836559275,4.475271012101023,1.6422001769185344,7.0,0.0
bot->unsw,50.0,43,15,rls_guardia,0.7587967609197499,4.879820674998566,1.4879737867238751,7.0,2.0
bot->unsw,50.0,43,15,rls_prossimale,0.7773266588147729,25.53854136236822,1.5433220855416223,7.0,0.0
bot->unsw,50.0,43,15,rls_guardia_prossimale,0.755775047000026,6.730313609902941,1.888208978098965,7.0,1.0
bot->unsw,50.0,43,16,statico,0.5651274356891012,3.4641016151377544,0.0,,
bot->unsw,50.0,43,16,rls,0.747971392263516,4.298680334824633,1.5143462269091834,13.0,0.0
bot->unsw,50.0,43,16,rls_guardia,0.7504757010158176,4.434214776690611,1.3801360795172457,13.0,2.0
bot->unsw,50.0,43,16,rls_prossimale,0.7227439243195942,3.4461501428937376,1.5702012646693286,13.0,0.0
bot->unsw,50.0,43,16,rls_guardia_prossimale,0.7656425890377143,5.613473672315147,1.7793421845856796,13.0,1.0
bot->unsw,50.0,43,17,statico,0.5303891382050668,3.4641016151377544,0.0,,
bot->unsw,50.0,43,17,rls,0.7577490129494224,4.600871823812747,1.4548810750989436,6.0,0.0
bot->unsw,50.0,43,17,rls_guardia,0.7536446656266738,4.768143621237153,1.3424055808875848,6.0,2.0
bot->unsw,50.0,43,17,rls_prossimale,0.7084728903635589,3.730544314144765,1.4388430107332546,6.0,0.0
bot->unsw,50.0,43,17,rls_guardia_prossimale,0.7156646452495328,5.773408497188375,1.7259269820644312,6.0,1.0
bot->unsw,50.0,43,18,statico,0.4921032975747895,3.4641016151377544,0.0,,
bot->unsw,50.0,43,18,rls,0.7474947346970269,4.595710585429254,1.5108387293275547,14.0,0.0
bot->unsw,50.0,43,18,rls_guardia,0.704622552865654,5.023672779400851,1.4590911361737084,14.0,2.0
bot->unsw,50.0,43,18,rls_prossimale,0.6578827261764569,4.0936450646777,1.4979823007355928,14.0,0.0
bot->unsw,50.0,43,18,rls_guardia_prossimale,0.6887995091493573,6.279528267479465,1.7533725161251306,14.0,1.0
bot->unsw,50.0,43,19,statico,0.454599125165867,3.4641016151377544,0.0,,
bot->unsw,50.0,43,19,rls,0.7653244143444144,4.70555074231325,1.3771991039354785,14.0,0.0
bot->unsw,50.0,43,19,rls_guardia,0.7692396850389721,5.227035602771244,1.3217528694029206,14.0,2.0
bot->unsw,50.0,43,19,rls_prossimale,0.7002694600149748,4.099824478180388,1.4366763768562028,14.0,0.0
bot->unsw,50.0,43,19,rls_guardia_prossimale,0.7321202344174575,6.348526521748592,1.6082653869385484,14.0,1.0
bot->unsw,50.0,44,0,statico,0.9849,3.4641016151377544,0.0,,
bot->unsw,50.0,44,0,rls,0.9849,3.4641016151377544,0.0,0.0,0.0
bot->unsw,50.0,44,0,rls_guardia,0.9849,3.4641016151377544,0.0,0.0,1.0
bot->unsw,50.0,44,0,rls_prossimale,0.9849,3.4641016151377544,0.0,0.0,0.0
bot->unsw,50.0,44,0,rls_guardia_prossimale,0.9849,3.4641016151377544,0.0,0.0,1.0
bot->unsw,50.0,44,1,statico,0.8697920864426782,3.4641016151377544,0.0,,
bot->unsw,50.0,44,1,rls,0.5,1.9945717727856007,1.931598752579839,12.0,0.0
bot->unsw,50.0,44,1,rls_guardia,0.8697920864426782,3.4641016151377544,0.0,1.0,1.0
bot->unsw,50.0,44,1,rls_prossimale,0.5896968485507753,2.85998585190065,1.4518474978463554,8.0,0.0
bot->unsw,50.0,44,1,rls_guardia_prossimale,0.8697920864426782,3.4641016151377544,0.0,1.0,1.0
bot->unsw,50.0,44,2,statico,0.8874007009546696,3.4641016151377544,0.0,,
bot->unsw,50.0,44,2,rls,0.5765889566965018,4.943977278743419,2.025112254931841,1.0,0.0
bot->unsw,50.0,44,2,rls_guardia,0.5234028460089494,2.259626142629465,1.986285843318487,1.0,1.0
bot->unsw,50.0,44,2,rls_prossimale,0.5090200334999925,2.975682394023471,2.402861795924108,1.0,0.0
bot->unsw,50.0,44,2,rls_guardia_prossimale,0.6044921460746424,3.069082925936037,1.604206559991656,1.0,1.0
bot->unsw,50.0,44,3,statico,0.8655653302709029,3.4641016151377544,0.0,,
bot->unsw,50.0,44,3,rls,0.5781870738614465,4.784975950095006,1.93443021407596,14.0,0.0
bot->unsw,50.0,44,3,rls_guardia,0.5297859344768413,2.8336482336209685,1.9961369630265,6.0,1.0
bot->unsw,50.0,44,3,rls_prossimale,0.5082262884988537,3.425077591641255,2.588592059973872,15.0,0.0
bot->unsw,50.0,44,3,rls_guardia_prossimale,0.5325855936124329,3.2732536232710787,2.01638078760894,12.0,1.0
bot->unsw,50.0,44,4,statico,0.8415639362598508,3.4641016151377544,0.0,,
bot->unsw,50.0,44,4,rls,0.5808634018270731,7.025075162810953,2.402320689297172,0.0,0.0
bot->unsw,50.0,44,4,rls_guardia,0.5376916343131292,3.611040017608644,2.364743388176639,8.0,1.0
bot->unsw,50.0,44,4,rls_prossimale,0.5450590146888485,5.053602951812698,2.3790296572206424,14.0,0.0
bot->unsw,50.0,44,4,rls_guardia_prossimale,0.6049001598765413,4.413136659886317,2.034861707197379,5.0,1.0
bot->unsw,50.0,44,5,statico,0.8228510470599191,3.4641016151377544,0.0,,
bot->unsw,50.0,44,5,rls,0.8619477813621057,713.9945402803485,2.409694113984427,3.0,0.0
bot->unsw,50.0,44,5,rls_guardia,0.5353309045608233,4.4018056116980775,2.2648267609727304,3.0,1.0
bot->unsw,50.0,44,5,rls_prossimale,0.5517678318196392,6.411227928561448,2.6467789302355893,3.0,0.0
bot->unsw,50.0,44,5,rls_guardia_prossimale,0.4546194771193389,88.61075818540144,1.286726716819118,3.0,1.0
bot->unsw,50.0,44,6,statico,0.8051084803287922,3.4641016151377544,0.0,,
bot->unsw,50.0,44,6,rls,0.6226797420789396,6.57825247591792,1.8044380552171249,3.0,0.0
bot->unsw,50.0,44,6,rls_guardia,0.5268976435997171,4.618657719726906,2.443546888839949,3.0,1.0
bot->unsw,50.0,44,6,rls_prossimale,0.600670116596519,6.119584092340387,2.490118532705924,3.0,0.0
bot->unsw,50.0,44,6,rls_guardia_prossimale,0.6731083873858575,9.463204999252325,1.1618291902738378,3.0,1.0
bot->unsw,50.0,44,7,statico,0.784579318893009,3.4641016151377544,0.0,,
bot->unsw,50.0,44,7,rls,0.6550133002986565,5.566855483691123,1.875988437503585,4.0,0.0
bot->unsw,50.0,44,7,rls_guardia,0.5296647590787057,4.898282281666316,2.6986211466835672,4.0,1.0
bot->unsw,50.0,44,7,rls_prossimale,0.6585804246218092,5.868563823449409,2.558488498314027,4.0,0.0
bot->unsw,50.0,44,7,rls_guardia_prossimale,0.619747016521454,4.009281874481938,2.1047562733491865,4.0,1.0
bot->unsw,50.0,44,8,statico,0.7669421617859868,3.4641016151377544,0.0,,
bot->unsw,50.0,44,8,rls,0.6396184489185827,5.222543254970398,1.8135879322240047,5.0,0.0
bot->unsw,50.0,44,8,rls_guardia,0.5883588225633938,5.191451708765028,2.5798579749810484,5.0,1.0
bot->unsw,50.0,44,8,rls_prossimale,0.5894509575897415,6.75043813598945,2.3691029686975966,5.0,0.0
bot->unsw,50.0,44,8,rls_guardia_prossimale,0.61648398647679,3.640628176983165,2.2023915691012643,5.0,1.0
bot->unsw,50.0,44,9,statico,0.7410323447246207,3.4641016151377544,0.0,,
bot->unsw,50.0,44,9,rls,0.6586834852333726,5.74752072026754,1.9642760111604955,4.0,0.0
bot->unsw,50.0,44,9,rls_guardia,0.5840511041281202,5.697593286129272,2.674797428383472,4.0,1.0
bot->unsw,50.0,44,9,rls_prossimale,0.6744703156350316,7.549033129651248,2.525699175373588,4.0,0.0
bot->unsw,50.0,44,9,rls_guardia_prossimale,0.6054276324014725,3.604841011600024,2.4082559314860865,4.0,1.0
bot->unsw,50.0,44,10,statico,0.7210587421780961,3.4641016151377544,0.0,,
bot->unsw,50.0,44,10,rls,0.6430252378228714,5.815077542388653,1.9269741315729016,7.0,0.0
bot->unsw,50.0,44,10,rls_guardia,0.5992151367585681,6.454415124421464,2.637772940304195,7.0,1.0
bot->unsw,50.0,44,10,rls_prossimale,0.6676111286591144,8.05552985060218,2.4488662334033187,7.0,0.0
bot->unsw,50.0,44,10,rls_guardia_prossimale,0.6139833872578732,3.418641311122076,2.3836230221771744,7.0,1.0
bot->unsw,50.0,44,11,statico,0.6955926503720932,3.4641016151377544,0.0,,
bot->unsw,50.0,44,11,rls,0.6658822991700766,6.077375471411741,1.822652612910733,5.0,0.0
bot->unsw,50.0,44,11,rls_guardia,0.5967344012321313,6.911043032469559,2.377679622731511,5.0,1.0
bot->unsw,50.0,44,11,rls_prossimale,0.7110336314410717,8.403734596257928,2.417987616625329,5.0,0.0
bot->unsw,50.0,44,11,rls_guardia_prossimale,0.620641071461478,3.73027786228906,2.141334756305341,5.0,1.0
bot->unsw,50.0,44,12,statico,0.669702234720309,3.4641016151377544,0.0,,
bot->unsw,50.0,44,12,rls,0.7120156244689927,6.2799536977658565,1.9273160418264024,11.0,0.0
bot->unsw,50.0,44,12,rls_guardia,0.6052308301144772,6.463983116584445,2.387068005886208,11.0,1.0
bot->unsw,50.0,44,12,rls_prossimale,0.7429170964129443,8.468613367461032,2.411051511482106,11.0,0.0
bot->unsw,50.0,44,12,rls_guardia_prossimale,0.6411148939785883,4.17074715461459,2.263299964689389,11.0,1.0
bot->unsw,50.0,44,13,statico,0.6401828625441237,3.4641016151377544,0.0,,
bot->unsw,50.0,44,13,rls,0.6528483261843461,5.9210050852335385,1.8013896921663437,6.0,0.0
bot->unsw,50.0,44,13,rls_guardia,0.5953525089995673,6.6597150306199,2.126064803387051,6.0,1.0
bot->unsw,50.0,44,13,rls_prossimale,0.6880662317449304,8.099574532388463,2.1523344081468783,6.0,0.0
bot->unsw,50.0,44,13,rls_guardia_prossimale,0.6315142060347086,4.217837589831512,2.1419856640939914,6.0,1.0
bot->unsw,50.0,44,14,statico,0.6157206678993572,3.4641016151377544,0.0,,
bot->unsw,50.0,44,14,rls,0.693066874178454,6.343814803141275,1.8452646717762031,11.0,0.0
bot->unsw,50.0,44,14,rls_guardia,0.6178881248284656,7.263426556976715,2.158556342725801,11.0,1.0
bot->unsw,50.0,44,14,rls_prossimale,0.731352993660888,8.594304849321018,2.1547421353677088,11.0,0.0
bot->unsw,50.0,44,14,rls_guardia_prossimale,0.6262478326967985,4.693752047345149,2.1599459308838265,11.0,1.0
bot->unsw,50.0,44,15,statico,0.5843912841976068,3.4641016151377544,0.0,,
bot->unsw,50.0,44,15,rls,0.6988781147342357,6.5276268190354925,1.942556409460101,15.0,0.0
bot->unsw,50.0,44,15,rls_guardia,0.7048222325041951,7.620363242316742,2.329787865114638,15.0,1.0
bot->unsw,50.0,44,15,rls_prossimale,0.7301818155437055,8.946723727546107,2.2687340665240305,15.0,0.0
bot->unsw,50.0,44,15,rls_guardia_prossimale,0.7317368351991109,5.269730228637762,2.2260786893103943,15.0,1.0
bot->unsw,50.0,44,16,statico,0.5543217363217815,3.4641016151377544,0.0,,
bot->unsw,50.0,44,16,rls,0.7135040887103546,7.287455730437304,1.4848811822768766,8.0,0.0
bot->unsw,50.0,44,16,rls_guardia,0.6682205412398229,8.367244789669304,1.4869102461976444,8.0,1.0
bot->unsw,50.0,44,16,rls_prossimale,0.7239609324873458,9.498949671613,1.4902530744557236,8.0,0.0
bot->unsw,50.0,44,16,rls_guardia_prossimale,0.6771994109298298,3.5939593720178618,1.0855611908457956,8.0,1.0
bot->unsw,50.0,44,17,statico,0.5212207986475368,3.4641016151377544,0.0,,
bot->unsw,50.0,44,17,rls,0.7248567846060312,7.1998359682102375,1.5252213572585949,11.0,0.0
bot->unsw,50.0,44,17,rls_guardia,0.7102648215802833,8.194871060810275,1.5233582881632317,11.0,1.0
bot->unsw,50.0,44,17,rls_prossimale,0.7397187141744399,9.552589469219203,1.4428459215126357,11.0,0.0
bot->unsw,50.0,44,17,rls_guardia_prossimale,0.6993175497198953,3.51128542058884,0.9978153207101182,11.0,1.0
bot->unsw,50.0,44,18,statico,0.490800824216916,3.4641016151377544,0.0,,
bot->unsw,50.0,44,18,rls,0.7193077855108571,7.975815903446355,1.5824077454481469,9.0,0.0
bot->unsw,50.0,44,18,rls_guardia,0.7537113899103827,9.167174635338624,1.565891901237837,9.0,1.0
bot->unsw,50.0,44,18,rls_prossimale,0.7673907628663876,10.22994719522527,1.3378992608579303,9.0,0.0
bot->unsw,50.0,44,18,rls_guardia_prossimale,0.741512488734908,4.4257846643048335,0.99161654801976,9.0,1.0
bot->unsw,50.0,44,19,statico,0.4515939484450046,3.4641016151377544,0.0,,
bot->unsw,50.0,44,19,rls,0.6826969693770572,7.948301228546092,1.5501599461712192,13.0,0.0
bot->unsw,50.0,44,19,rls_guardia,0.6654479153893234,8.905488086950124,1.5331836255619884,13.0,1.0
bot->unsw,50.0,44,19,rls_prossimale,0.6660774172207122,10.673180460186304,1.310017410113243,13.0,0.0
bot->unsw,50.0,44,19,rls_guardia_prossimale,0.7006047602844574,5.140512707740433,0.8139940762896115,13.0,1.0
bot->unsw,50.0,45,0,statico,0.9868,3.4641016151377544,0.0,,
bot->unsw,50.0,45,0,rls,0.9868,3.4641016151377544,0.0,0.0,0.0
bot->unsw,50.0,45,0,rls_guardia,0.9868,3.4641016151377544,0.0,0.0,1.0
bot->unsw,50.0,45,0,rls_prossimale,0.9868,3.4641016151377544,0.0,0.0,0.0
bot->unsw,50.0,45,0,rls_guardia_prossimale,0.9868,3.4641016151377544,0.0,0.0,1.0
bot->unsw,50.0,45,1,statico,0.897528378194671,3.4641016151377544,0.0,,
bot->unsw,50.0,45,1,rls,0.5,1.912071804917282,2.099494269706643,9.0,0.0
bot->unsw,50.0,45,1,rls_guardia,0.897528378194671,3.4641016151377544,0.0,0.0,2.0
bot->unsw,50.0,45,1,rls_prossimale,0.5966451706090267,2.8773314558231617,1.5615783599415638,16.0,0.0
bot->unsw,50.0,45,1,rls_guardia_prossimale,0.897528378194671,3.4641016151377544,0.0,0.0,2.0
bot->unsw,50.0,45,2,statico,0.863893560895417,3.4641016151377544,0.0,,
bot->unsw,50.0,45,2,rls,0.5534518496678594,4.996921287376503,2.59309702592916,2.0,0.0
bot->unsw,50.0,45,2,rls_guardia,0.863893560895417,3.4641016151377544,0.0,2.0,2.0
bot->unsw,50.0,45,2,rls_prossimale,0.6184688699179365,4.66280561828795,3.024392201544176,2.0,0.0
bot->unsw,50.0,45,2,rls_guardia_prossimale,0.863893560895417,3.4641016151377544,0.0,2.0,2.0
bot->unsw,50.0,45,3,statico,0.8564845924572029,3.4641016151377544,0.0,,
bot->unsw,50.0,45,3,rls,0.6436882533538807,3.469190997659456,2.180202922877597,15.0,0.0
bot->unsw,50.0,45,3,rls_guardia,0.7834297984685039,2.302906860790033,1.7176857465271156,8.0,2.0
bot->unsw,50.0,45,3,rls_prossimale,0.7494295714917154,4.157458387400775,2.96773091922494,13.0,0.0
bot->unsw,50.0,45,3,rls_guardia_prossimale,0.7753045520792268,2.944155150971317,1.5173436017232689,14.0,2.0
bot->unsw,50.0,45,4,statico,0.8292033911689648,3.4641016151377544,0.0,,
bot->unsw,50.0,45,4,rls,0.7100554360355233,4.867864987216488,2.812406108038497,5.0,0.0
bot->unsw,50.0,45,4,rls_guardia,0.7580418186597713,4.210887651738444,2.56096418215615,5.0,2.0
bot->unsw,50.0,45,4,rls_prossimale,0.7876663271407649,5.443802822506473,2.7648290030007048,5.0,0.0
bot->unsw,50.0,45,4,rls_guardia_prossimale,0.8112880022301088,7.551036386078843,2.016695410335074,5.0,2.0
bot->unsw,50.0,45,5,statico,0.8218506861710042,3.4641016151377544,0.0,,
bot->unsw,50.0,45,5,rls,0.7526943166374667,4.051655039964879,2.8231661166015334,14.0,0.0
bot->unsw,50.0,45,5,rls_guardia,0.8054869475517182,3.3531190547658745,2.6652799425859666,13.0,2.0
bot->unsw,50.0,45,5,rls_prossimale,0.7958462396034967,5.188973848527546,2.9186910736640206,5.0,0.0
bot->unsw,50.0,45,5,rls_guardia_prossimale,0.7844828604969534,5.898884880824552,2.627399793675001,7.0,2.0
bot->unsw,50.0,45,6,statico,0.796960329224528,3.4641016151377544,0.0,,
bot->unsw,50.0,45,6,rls,0.7962669683257919,5.373163599539425,3.124072674999345,2.0,0.0
bot->unsw,50.0,45,6,rls_guardia,0.815143743173662,4.188851814574528,3.668409281443548,2.0,2.0
bot->unsw,50.0,45,6,rls_prossimale,0.7874249102824153,6.237821867393726,2.9939829840745222,2.0,0.0
bot->unsw,50.0,45,6,rls_guardia_prossimale,0.7728828600405679,8.493162121840061,3.0927393704759454,2.0,2.0
bot->unsw,50.0,45,7,statico,0.7773897992431804,3.4641016151377544,0.0,,
bot->unsw,50.0,45,7,rls,0.7531876150956969,5.253885234314562,3.1523597686502414,8.0,0.0
bot->unsw,50.0,45,7,rls_guardia,0.7786367522786249,4.288173586132119,3.8115824476876594,8.0,2.0
bot->unsw,50.0,45,7,rls_prossimale,0.7825912063859186,6.765403504026038,3.202236505377491,8.0,0.0
bot->unsw,50.0,45,7,rls_guardia_prossimale,0.7585245326168799,6.641359454840285,3.508697039084041,8.0,2.0
bot->unsw,50.0,45,8,statico,0.7613102042845072,3.4641016151377544,0.0,,
bot->unsw,50.0,45,8,rls,0.7746538098315026,5.382048235184022,3.2570469207252404,7.0,0.0
bot->unsw,50.0,45,8,rls_guardia,0.8463407724041951,5.4153106042343255,3.802994657478111,7.0,2.0
bot->unsw,50.0,45,8,rls_prossimale,0.7798817038620209,7.340311157845005,3.2889805894168966,7.0,0.0
bot->unsw,50.0,45,8,rls_guardia_prossimale,0.7682359958248421,6.281686042663968,3.6673976115023055,7.0,2.0
bot->unsw,50.0,45,9,statico,0.7410539585566067,3.4641016151377544,0.0,,
bot->unsw,50.0,45,9,rls,0.771307315603037,5.147661269606171,2.522001564191516,6.0,0.0
bot->unsw,50.0,45,9,rls_guardia,0.8236348337156856,4.7805560302653225,2.626929655037466,6.0,2.0
bot->unsw,50.0,45,9,rls_prossimale,0.773647435558355,7.637935117523052,2.36288348699634,6.0,0.0
bot->unsw,50.0,45,9,rls_guardia_prossimale,0.7480197771140757,5.694765282617256,2.587485570583069,6.0,2.0
bot->unsw,50.0,45,10,statico,0.7178727130960693,3.4641016151377544,0.0,,
bot->unsw,50.0,45,10,rls,0.7589415123984807,5.504190369664858,2.4255130969142424,8.0,0.0
bot->unsw,50.0,45,10,rls_guardia,0.8100464131094784,5.078965627531163,2.427414722246048,8.0,2.0
bot->unsw,50.0,45,10,rls_prossimale,0.7703083002526825,8.001680244530519,1.8157989227020288,8.0,0.0
bot->unsw,50.0,45,10,rls_guardia_prossimale,0.750790563735068,5.606391134943242,2.161911992140556,8.0,2.0
bot->unsw,50.0,45,11,statico,0.6944127716717376,3.4641016151377544,0.0,,
bot->unsw,50.0,45,11,rls,0.7544737749441988,5.583841177125924,2.407069954421175,4.0,0.0
bot->unsw,50.0,45,11,rls_guardia,0.79767207640985,5.548959370029538,2.6357648468211896,13.0,2.0
bot->unsw,50.0,45,11,rls_prossimale,0.7704912925918981,8.787656083103993,1.779652064599385,5.0,0.0
bot->unsw,50.0,45,11,rls_guardia_prossimale,0.7647124649919247,6.030875794841439,2.284648391159722,14.0,2.0
bot->unsw,50.0,45,12,statico,0.6663714921857699,3.4641016151377544,0.0,,
bot->unsw,50.0,45,12,rls,0.7636042023996819,5.948555922495826,2.703136535392028,6.0,0.0
bot->unsw,50.0,45,12,rls_guardia,0.7896660711524501,6.612487776311119,2.478111864974662,6.0,2.0
bot->unsw,50.0,45,12,rls_prossimale,0.6138886786870699,10.617383237448395,1.845798500953652,6.0,0.0
bot->unsw,50.0,45,12,rls_guardia_prossimale,0.7687729643894577,5.535567383290396,1.937225790418791,6.0,2.0
bot->unsw,50.0,45,13,statico,0.642263183669573,3.4641016151377544,0.0,,
bot->unsw,50.0,45,13,rls,0.7539976577400467,5.618317690397613,2.636918508681977,6.0,0.0
bot->unsw,50.0,45,13,rls_guardia,0.7781240240667231,5.848411427052033,2.469127289455704,6.0,2.0
bot->unsw,50.0,45,13,rls_prossimale,0.7652289585420631,10.055057411783944,1.828405592390536,6.0,0.0
bot->unsw,50.0,45,13,rls_guardia_prossimale,0.758630288581549,5.446326049854492,1.8064637342244407,6.0,2.0
bot->unsw,50.0,45,14,statico,0.620853723187342,3.4641016151377544,0.0,,
bot->unsw,50.0,45,14,rls,0.7564849930674497,5.927871475858328,2.663882677213127,7.0,0.0
bot->unsw,50.0,45,14,rls_guardia,0.7770109493516026,6.74633794135437,2.565079836642681,7.0,2.0
bot->unsw,50.0,45,14,rls_prossimale,0.7583521939482913,10.612112693140988,1.9295749223133551,7.0,0.0
bot->unsw,50.0,45,14,rls_guardia_prossimale,0.7572307519778159,5.918724756705782,1.8707333989560635,7.0,2.0
bot->unsw,50.0,45,15,statico,0.5903828017088086,3.4641016151377544,0.0,,
bot->unsw,50.0,45,15,rls,0.7448859791827562,5.8228893179911605,2.5510701647827827,5.0,0.0
bot->unsw,50.0,45,15,rls_guardia,0.7650487539696743,6.413165507732657,2.529038723646728,5.0,2.0
bot->unsw,50.0,45,15,rls_prossimale,0.7600259882088354,10.567423627086066,1.8555935371663104,5.0,0.0
bot->unsw,50.0,45,15,rls_guardia_prossimale,0.7550855364387754,5.822276592668941,1.7808250764805107,5.0,2.0
bot->unsw,50.0,45,16,statico,0.5624504517663194,3.4641016151377544,0.0,,
bot->unsw,50.0,45,16,rls,0.7296169762969738,5.954515683563089,2.599550320460396,7.0,0.0
bot->unsw,50.0,45,16,rls_guardia,0.7515695849783102,6.629468948496694,2.6294615996455866,7.0,2.0
bot->unsw,50.0,45,16,rls_prossimale,0.75528308382882,10.655489148444149,1.96061219903422,7.0,0.0
bot->unsw,50.0,45,16,rls_guardia_prossimale,0.7502353340032184,6.2066486495885815,1.9577024685953053,7.0,2.0
bot->unsw,50.0,45,17,statico,0.5275220322834789,3.4641016151377544,0.0,,
bot->unsw,50.0,45,17,rls,0.7373023507209733,8.04624548870154,2.7601433710492493,12.0,0.0
bot->unsw,50.0,45,17,rls_guardia,0.7748229630443944,9.002001058210615,2.7987838491755945,12.0,2.0
bot->unsw,50.0,45,17,rls_prossimale,0.757417917147621,14.228233687536408,2.3337346979809994,12.0,0.0
bot->unsw,50.0,45,17,rls_guardia_prossimale,0.7489348009307608,8.678601112864042,2.330144380339143,12.0,2.0
bot->unsw,50.0,45,18,statico,0.4907651302799837,3.4641016151377544,0.0,,
bot->unsw,50.0,45,18,rls,0.7405893824481029,7.925747131487856,2.597521746847045,15.0,0.0
bot->unsw,50.0,45,18,rls_guardia,0.771830153284861,8.912042466326454,2.6373178289507053,15.0,2.0
bot->unsw,50.0,45,18,rls_prossimale,0.7567742079082397,14.524975763839176,2.298224374447786,15.0,0.0
bot->unsw,50.0,45,18,rls_guardia_prossimale,0.7515165056359229,8.835682265976278,2.300249417604575,15.0,2.0
bot->unsw,50.0,45,19,statico,0.4611371662408566,3.4641016151377544,0.0,,
bot->unsw,50.0,45,19,rls,0.7403938871497001,8.002338116173874,2.582503821383374,8.0,0.0
bot->unsw,50.0,45,19,rls_guardia,0.7652035592744186,8.939521257245493,2.640818604543363,8.0,2.0
bot->unsw,50.0,45,19,rls_prossimale,0.7584442051959546,14.477464945951686,2.317067569752362,8.0,0.0
bot->unsw,50.0,45,19,rls_guardia_prossimale,0.7440843806056492,9.004538464785023,2.3198539577103983,8.0,2.0
bot->unsw,50.0,46,0,statico,0.98385,3.4641016151377544,0.0,,
bot->unsw,50.0,46,0,rls,0.98385,3.4641016151377544,0.0,0.0,0.0
bot->unsw,50.0,46,0,rls_guardia,0.98385,3.4641016151377544,0.0,0.0,1.0
bot->unsw,50.0,46,0,rls_prossimale,0.98385,3.4641016151377544,0.0,0.0,0.0
bot->unsw,50.0,46,0,rls_guardia_prossimale,0.98385,3.4641016151377544,0.0,0.0,1.0
bot->unsw,50.0,46,1,statico,0.9057274673735726,3.4641016151377544,0.0,,
bot->unsw,50.0,46,1,rls,0.5494536772702555,2.1472225065745474,2.070532698807255,8.0,0.0
bot->unsw,50.0,46,1,rls_guardia,0.9057274673735726,3.4641016151377544,0.0,6.0,1.0
bot->unsw,50.0,46,1,rls_prossimale,0.6025693311582382,3.056195869565163,1.520265328741055,9.0,0.0
bot->unsw,50.0,46,1,rls_guardia_prossimale,0.9057274673735726,3.4641016151377544,0.0,6.0,1.0
bot->unsw,50.0,46,2,statico,0.8915849996389117,3.4641016151377544,0.0,,
bot->unsw,50.0,46,2,rls,0.5929931630362026,4.100371341620076,1.3820420009609138,9.0,0.0
bot->unsw,50.0,46,2,rls_guardia,0.6445781249494746,3.44113768696354,1.790297179450158,3.0,1.0
bot->unsw,50.0,46,2,rls_prossimale,0.5660608288215264,3.402362876298865,2.06153538276525,11.0,0.0
bot->unsw,50.0,46,2,rls_guardia_prossimale,0.7211528200993585,3.969766414835455,1.2586534511666785,7.0,1.0
bot->unsw,50.0,46,3,statico,0.8727220052140896,3.4641016151377544,0.0,,
bot->unsw,50.0,46,3,rls,0.5931755483909268,6.833328590830771,1.892913582118839,6.0,0.0
bot->unsw,50.0,46,3,rls_guardia,0.5119707511740449,3.5776651020771446,2.798776604788713,6.0,1.0
bot->unsw,50.0,46,3,rls_prossimale,0.5614280920594765,3.990812088599194,2.2478972080022865,6.0,0.0
bot->unsw,50.0,46,3,rls_guardia_prossimale,0.6698649500374503,4.740958028913654,2.70426744775974,6.0,1.0
bot->unsw,50.0,46,4,statico,0.8535285698344289,3.4641016151377544,0.0,,
bot->unsw,50.0,46,4,rls,0.7654585148824693,6.664627955805741,0.4649500867507444,12.0,0.0
bot->unsw,50.0,46,4,rls_guardia,0.6461635883200194,4.509242812746522,2.3328511831467176,8.0,1.0
bot->unsw,50.0,46,4,rls_prossimale,0.4959929576241015,23.063607112944805,-6.563361553594562,0.0,0.0
bot->unsw,50.0,46,4,rls_guardia_prossimale,0.6683204459118215,4.69543576871537,2.632616570599072,6.0,1.0
bot->unsw,50.0,46,5,statico,0.8338827041401944,3.4641016151377544,0.0,,
bot->unsw,50.0,46,5,rls,0.8048971774531459,8.367019908071542,1.0337518823833831,4.0,0.0
bot->unsw,50.0,46,5,rls_guardia,0.6115560685785775,4.495784134714165,2.640463688639197,4.0,1.0
bot->unsw,50.0,46,5,rls_prossimale,0.6856607353716536,27.8524334940876,-3.4526625455810978,4.0,0.0
bot->unsw,50.0,46,5,rls_guardia_prossimale,0.6309499773417717,4.940969209149984,2.7869377873270182,4.0,1.0
bot->unsw,50.0,46,6,statico,0.8130489843392485,3.4641016151377544,0.0,,
bot->unsw,50.0,46,6,rls,0.8434107578685107,7.005191766827708,0.9223340992531678,6.0,0.0
bot->unsw,50.0,46,6,rls_guardia,0.6094957606650735,4.599835026288777,2.4437168006828296,6.0,1.0
bot->unsw,50.0,46,6,rls_prossimale,0.8256934998983068,28.065170481661305,-1.3036585008174109,6.0,0.0
bot->unsw,50.0,46,6,rls_guardia_prossimale,0.6219229864748055,5.029804175150849,2.728191277716595,6.0,1.0
bot->unsw,50.0,46,7,statico,0.794781773016662,3.4641016151377544,0.0,,
bot->unsw,50.0,46,7,rls,0.8372527836066465,7.403744742667581,0.8481291610000514,5.0,0.0
bot->unsw,50.0,46,7,rls_guardia,0.613792603791597,4.622075851956318,2.026793371849943,5.0,1.0
bot->unsw,50.0,46,7,rls_prossimale,0.8545067498565646,27.248043916066543,-0.2197297469391551,5.0,0.0
bot->unsw,50.0,46,7,rls_guardia_prossimale,0.6597731349262792,4.780826332266433,2.037369625451509,5.0,1.0
bot->unsw,50.0,46,8,statico,0.7725595114027806,3.4641016151377544,0.0,,
bot->unsw,50.0,46,8,rls,0.8105576546198805,7.44915472579155,0.985045541172696,4.0,0.0
bot->unsw,50.0,46,8,rls_guardia,0.6153761480788988,5.05339293657492,2.100342205818896,4.0,1.0
bot->unsw,50.0,46,8,rls_prossimale,0.8469254086340713,26.886883175842783,-0.1367028442945414,4.0,0.0
bot->unsw,50.0,46,8,rls_guardia_prossimale,0.6523565602834693,4.917005395610528,2.0334165398018547,4.0,1.0
bot->unsw,50.0,46,9,statico,0.7556323703815634,3.4641016151377544,0.0,,
bot->unsw,50.0,46,9,rls,0.7969183507476626,7.464913854422212,0.9276493122997632,7.0,0.0
bot->unsw,50.0,46,9,rls_guardia,0.6078495972926308,5.160648660210983,2.1481155802921394,7.0,1.0
bot->unsw,50.0,46,9,rls_prossimale,0.8196588489784913,26.724940468709896,-0.1431331203417956,7.0,0.0
bot->unsw,50.0,46,9,rls_guardia_prossimale,0.639026399791363,5.186347461636534,2.0659727934495784,7.0,1.0
bot->unsw,50.0,46,10,statico,0.7254504457202893,3.4641016151377544,0.0,,
bot->unsw,50.0,46,10,rls,0.8006424252701274,7.515567465949816,0.8126768581081284,5.0,0.0
bot->unsw,50.0,46,10,rls_guardia,0.6182751087626993,4.986493810742205,1.7214563078790075,5.0,1.0
bot->unsw,50.0,46,10,rls_prossimale,0.8087932752902607,27.0001828976429,-0.1581008321113273,5.0,0.0
bot->unsw,50.0,46,10,rls_guardia_prossimale,0.6350202149922046,5.027220285668236,1.5545357113672424,5.0,1.0
bot->unsw,50.0,46,11,statico,0.6988870214752567,3.4641016151377544,0.0,,
bot->unsw,50.0,46,11,rls,0.7900541549953315,6.63895199770866,0.981938091745751,9.0,0.0
bot->unsw,50.0,46,11,rls_guardia,0.6213968253968254,4.700832037277013,1.6745477126726176,9.0,1.0
bot->unsw,50.0,46,11,rls_prossimale,0.8004612511671335,22.50058869234408,0.1813181031380137,9.0,0.0
bot->unsw,50.0,46,11,rls_guardia_prossimale,0.6345340802987862,4.876703541555593,1.506347978298321,9.0,1.0
bot->unsw,50.0,46,12,statico,0.67397969057483,3.4641016151377544,0.0,,
bot->unsw,50.0,46,12,rls,0.7924087015601871,6.678299952148332,0.958433825197168,9.0,0.0
bot->unsw,50.0,46,12,rls_guardia,0.642984735192719,4.901550629837435,1.6269050818739723,9.0,1.0
bot->unsw,50.0,46,12,rls_prossimale,0.7977675796543862,21.268502127532827,0.2021456425094877,9.0,0.0
bot->unsw,50.0,46,12,rls_guardia_prossimale,0.7014519225727078,4.994353863576471,1.468924165657248,9.0,1.0
bot->unsw,50.0,46,13,statico,0.6478167436041057,3.4641016151377544,0.0,,
bot->unsw,50.0,46,13,rls,0.801948402650509,6.585986923900208,0.8672668070311531,12.0,0.0
bot->unsw,50.0,46,13,rls_guardia,0.6299031961017919,5.158033474382232,1.3942605883696988,12.0,1.0
bot->unsw,50.0,46,13,rls_prossimale,0.8106610206911109,19.430333858431805,0.1219067907627039,12.0,0.0
bot->unsw,50.0,46,13,rls_guardia_prossimale,0.7360114642963188,5.255135125519776,1.2369166570979324,12.0,1.0
bot->unsw,50.0,46,14,statico,0.6142529309054627,3.4641016151377544,0.0,,
bot->unsw,50.0,46,14,rls,0.7991432180818965,7.158975737269769,0.7694518438071984,8.0,0.0
bot->unsw,50.0,46,14,rls_guardia,0.7476247797294797,5.344304072730615,1.212667687092212,8.0,1.0
bot->unsw,50.0,46,14,rls_prossimale,0.8062541539600415,19.16505748607651,-0.0161354650144946,8.0,0.0
bot->unsw,50.0,46,14,rls_guardia_prossimale,0.7842298377038759,6.150713285884961,1.0805880384194906,8.0,1.0
bot->unsw,50.0,46,15,statico,0.5879594572867133,3.4641016151377544,0.0,,
bot->unsw,50.0,46,15,rls,0.784204606314818,6.720060698396924,0.7269387177602054,13.0,0.0
bot->unsw,50.0,46,15,rls_guardia,0.700522608805374,5.444095978326616,1.066345822721791,13.0,1.0
bot->unsw,50.0,46,15,rls_prossimale,0.7923745892144827,18.339331784352385,0.0419905689471833,13.0,0.0
bot->unsw,50.0,46,15,rls_guardia_prossimale,0.7654012676774419,5.8689847297016,0.9693010074741254,13.0,1.0
bot->unsw,50.0,46,16,statico,0.5578805119202049,3.4641016151377544,0.0,,
bot->unsw,50.0,46,16,rls,0.7850276265962719,7.74005406126666,0.7083576608447464,9.0,0.0
bot->unsw,50.0,46,16,rls_guardia,0.7653897221089192,6.128353041353988,1.04906371044212,9.0,1.0
bot->unsw,50.0,46,16,rls_prossimale,0.7941168254079831,18.92878722975058,0.0588561544988146,9.0,0.0
bot->unsw,50.0,46,16,rls_guardia_prossimale,0.7929083437735056,6.535056725210832,0.960585154594393,9.0,1.0
bot->unsw,50.0,46,17,statico,0.5258818802728366,3.4641016151377544,0.0,,
bot->unsw,50.0,46,17,rls,0.7680134442192637,7.73665074963518,0.6148237241309507,15.0,0.0
bot->unsw,50.0,46,17,rls_guardia,0.7519133340924106,6.528502398554847,0.9126900286440816,15.0,1.0
bot->unsw,50.0,46,17,rls_prossimale,0.7969246545178826,18.68912127333455,-0.240728638990176,15.0,0.0
bot->unsw,50.0,46,17,rls_guardia_prossimale,0.7914632787742397,6.904585105602632,0.7599142876853586,15.0,1.0
bot->unsw,50.0,46,18,statico,0.4887559605676677,3.4641016151377544,0.0,,
bot->unsw,50.0,46,18,rls,0.8000343015013122,7.811534586390183,0.6447592264374844,8.0,0.0
bot->unsw,50.0,46,18,rls_guardia,0.7975847419292477,7.388122346109354,0.9119729631873223,8.0,1.0
bot->unsw,50.0,46,18,rls_prossimale,0.7825148453872801,17.331462459151023,-0.1049810258737531,8.0,0.0
bot->unsw,50.0,46,18,rls_guardia_prossimale,0.790955666734035,7.697136202164036,0.7742355870039291,8.0,1.0
bot->unsw,50.0,46,19,statico,0.452632562776497,3.4641016151377544,0.0,,
bot->unsw,50.0,46,19,rls,0.7751736497452741,8.489948727819327,0.678865637952112,8.0,0.0
bot->unsw,50.0,46,19,rls_guardia,0.773618078185341,6.606518825935227,0.8927391225615753,8.0,1.0
bot->unsw,50.0,46,19,rls_prossimale,0.78925374374312,12.869050974269925,0.0474741458218231,8.0,0.0
bot->unsw,50.0,46,19,rls_guardia_prossimale,0.7800891156115781,7.708981520145627,0.7589068864519384,8.0,1.0
ton->bot,50.0,42,0,statico,0.9707549946427494,3.4641016151377544,0.0,,
ton->bot,50.0,42,0,rls,0.9707549946427494,3.4641016151377544,0.0,6.0,0.0
ton->bot,50.0,42,0,rls_guardia,0.9707549946427494,3.4641016151377544,0.0,6.0,0.0
ton->bot,50.0,42,0,rls_prossimale,0.9707549946427494,3.4641016151377544,0.0,6.0,0.0
ton->bot,50.0,42,0,rls_guardia_prossimale,0.9707549946427494,3.4641016151377544,0.0,6.0,0.0
ton->bot,50.0,42,1,statico,0.9509169432217832,3.4641016151377544,0.0,,
ton->bot,50.0,42,1,rls,0.9544198370163576,2.860048300867296,0.8048369608960159,8.0,0.0
ton->bot,50.0,42,1,rls_guardia,0.9544198370163576,2.860048300867296,0.8048369608960159,8.0,0.0
ton->bot,50.0,42,1,rls_prossimale,0.9564948336023256,3.317752243704493,0.7797683821563746,8.0,0.0
ton->bot,50.0,42,1,rls_guardia_prossimale,0.9564948336023256,3.317752243704493,0.7797683821563746,8.0,0.0
ton->bot,50.0,42,2,statico,0.9373866100775904,3.4641016151377544,0.0,,
ton->bot,50.0,42,2,rls,0.9290966019172056,3.3594696613610964,0.5663123705645766,6.0,0.0
ton->bot,50.0,42,2,rls_guardia,0.9290966019172056,3.3594696613610964,0.5663123705645766,6.0,0.0
ton->bot,50.0,42,2,rls_prossimale,0.931426132295322,3.785493137292177,0.6256911336060952,6.0,0.0
ton->bot,50.0,42,2,rls_guardia_prossimale,0.931426132295322,3.785493137292177,0.6256911336060952,6.0,0.0
ton->bot,50.0,42,3,statico,0.9191596894764996,3.4641016151377544,0.0,,
ton->bot,50.0,42,3,rls,0.9640888864832152,3.8839315669260266,0.9109197409422076,5.0,0.0
ton->bot,50.0,42,3,rls_guardia,0.9640888864832152,3.8839315669260266,0.9109197409422076,5.0,0.0
ton->bot,50.0,42,3,rls_prossimale,0.9639338817308468,4.452526965546899,1.025488535784342,6.0,0.0
ton->bot,50.0,42,3,rls_guardia_prossimale,0.9639338817308468,4.452526965546899,1.025488535784342,6.0,0.0
ton->bot,50.0,42,4,statico,0.9009881243629974,3.4641016151377544,0.0,,
ton->bot,50.0,42,4,rls,0.937379165229073,5.7902443781005735,1.496641043312261,5.0,0.0
ton->bot,50.0,42,4,rls_guardia,0.937379165229073,5.7902443781005735,1.496641043312261,5.0,0.0
ton->bot,50.0,42,4,rls_prossimale,0.9250677090878812,6.3745871458288965,1.8903608133420808,5.0,0.0
ton->bot,50.0,42,4,rls_guardia_prossimale,0.9250677090878812,6.3745871458288965,1.8903608133420808,5.0,0.0
ton->bot,50.0,42,5,statico,0.8904053841364119,3.4641016151377544,0.0,,
ton->bot,50.0,42,5,rls,0.9441444513629402,6.288844249656155,1.1896457665785771,6.0,0.0
ton->bot,50.0,42,5,rls_guardia,0.9441444513629402,6.288844249656155,1.1896457665785771,6.0,0.0
ton->bot,50.0,42,5,rls_prossimale,0.9399632379145272,7.84098862632549,1.7930679909063116,6.0,0.0
ton->bot,50.0,42,5,rls_guardia_prossimale,0.9399632379145272,7.84098862632549,1.7930679909063116,6.0,0.0
ton->bot,50.0,42,6,statico,0.8715039927146246,3.4641016151377544,0.0,,
ton->bot,50.0,42,6,rls,0.9610957438012016,6.130884102415873,0.9576229704002616,8.0,0.0
ton->bot,50.0,42,6,rls_guardia,0.9610957438012016,6.130884102415873,0.9576229704002616,8.0,0.0
ton->bot,50.0,42,6,rls_prossimale,0.9533120546052488,8.388421858638685,1.5602711658173616,10.0,0.0
ton->bot,50.0,42,6,rls_guardia_prossimale,0.9533120546052488,8.388421858638685,1.5602711658173616,10.0,0.0
ton->bot,50.0,42,7,statico,0.8546401274673645,3.4641016151377544,0.0,,
ton->bot,50.0,42,7,rls,0.9727921094671844,6.63184523883344,0.1690228890738787,5.0,0.0
ton->bot,50.0,42,7,rls_guardia,0.9727921094671844,6.63184523883344,0.1690228890738787,5.0,0.0
ton->bot,50.0,42,7,rls_prossimale,0.9466787588166248,10.10719277696742,1.4287927502639135,5.0,0.0
ton->bot,50.0,42,7,rls_guardia_prossimale,0.9466787588166248,10.10719277696742,1.4287927502639135,5.0,0.0
ton->bot,50.0,42,8,statico,0.8429939065925567,3.4641016151377544,0.0,,
ton->bot,50.0,42,8,rls,0.9771807484919384,6.995669001597222,0.1616593677189272,15.0,0.0
ton->bot,50.0,42,8,rls_guardia,0.9771807484919384,6.995669001597222,0.1616593677189272,15.0,0.0
ton->bot,50.0,42,8,rls_prossimale,0.956260945779946,9.98567147487062,1.59757864277296,8.0,0.0
ton->bot,50.0,42,8,rls_guardia_prossimale,0.956260945779946,9.98567147487062,1.59757864277296,8.0,0.0
ton->bot,50.0,42,9,statico,0.8280821095571431,3.4641016151377544,0.0,,
ton->bot,50.0,42,9,rls,0.92048534426657,9.439386113803836,0.2265459185585722,5.0,0.0
ton->bot,50.0,42,9,rls_guardia,0.92048534426657,9.439386113803836,0.2265459185585722,5.0,0.0
ton->bot,50.0,42,9,rls_prossimale,0.9103608232322856,17.076031430908962,1.842179389066636,5.0,0.0
ton->bot,50.0,42,9,rls_guardia_prossimale,0.9103608232322856,17.076031430908962,1.842179389066636,5.0,0.0
ton->bot,50.0,42,10,statico,0.8123249872707001,3.4641016151377544,0.0,,
ton->bot,50.0,42,10,rls,0.9719303984863236,7.472261696747854,0.2050310207962515,7.0,0.0
ton->bot,50.0,42,10,rls_guardia,0.9719303984863236,7.472261696747854,0.2050310207962515,7.0,0.0
ton->bot,50.0,42,10,rls_prossimale,0.9360581436006838,10.462387953534442,2.115513315493091,7.0,0.0
ton->bot,50.0,42,10,rls_guardia_prossimale,0.9360581436006838,10.462387953534442,2.115513315493091,7.0,0.0
ton->bot,50.0,42,11,statico,0.8018877758988306,3.4641016151377544,0.0,,
ton->bot,50.0,42,11,rls,0.9750783842117596,6.8716638650626924,0.1944571023753092,5.0,0.0
ton->bot,50.0,42,11,rls_guardia,0.9750783842117596,6.8716638650626924,0.1944571023753092,5.0,0.0
ton->bot,50.0,42,11,rls_prossimale,0.97011615676549,8.884785123272973,1.9309751798027512,11.0,0.0
ton->bot,50.0,42,11,rls_guardia_prossimale,0.97011615676549,8.884785123272973,1.9309751798027512,11.0,0.0
ton->bot,50.0,42,12,statico,0.784464185211835,3.4641016151377544,0.0,,
ton->bot,50.0,42,12,rls,0.9755016672559776,7.10833847917492,0.9109611448356744,5.0,0.0
ton->bot,50.0,42,12,rls_guardia,0.9755016672559776,7.10833847917492,0.9109611448356744,5.0,0.0
ton->bot,50.0,42,12,rls_prossimale,0.9686327588583792,8.312231302754316,1.3154758656237844,14.0,0.0
ton->bot,50.0,42,12,rls_guardia_prossimale,0.9686327588583792,8.312231302754316,1.3154758656237844,14.0,0.0
ton->bot,50.0,42,13,statico,0.7778888818835701,3.4641016151377544,0.0,,
ton->bot,50.0,42,13,rls,0.9125747146499064,8.64199649204868,0.7210339542018146,15.0,0.0
ton->bot,50.0,42,13,rls_guardia,0.9125747146499064,8.64199649204868,0.7210339542018146,15.0,0.0
ton->bot,50.0,42,13,rls_prossimale,0.9767967048791092,10.094422618511585,2.1147961182703896,9.0,0.0
ton->bot,50.0,42,13,rls_guardia_prossimale,0.9767967048791092,10.094422618511585,2.1147961182703896,9.0,0.0
ton->bot,50.0,42,14,statico,0.7618705172088724,3.4641016151377544,0.0,,
ton->bot,50.0,42,14,rls,0.9592615360920284,7.876144781411552,0.6532426250624723,3.0,0.0
ton->bot,50.0,42,14,rls_guardia,0.9592615360920284,7.876144781411552,0.6532426250624723,3.0,0.0
ton->bot,50.0,42,14,rls_prossimale,0.9160571221443574,19.41225395099832,1.8736439690971305,3.0,0.0
ton->bot,50.0,42,14,rls_guardia_prossimale,0.9160571221443574,19.41225395099832,1.8736439690971305,3.0,0.0
ton->bot,50.0,42,15,statico,0.7514554684108758,3.4641016151377544,0.0,,
ton->bot,50.0,42,15,rls,0.9721944209787,7.523444261129128,0.721798382584294,8.0,0.0
ton->bot,50.0,42,15,rls_guardia,0.9721944209787,7.523444261129128,0.721798382584294,8.0,0.0
ton->bot,50.0,42,15,rls_prossimale,0.9695278993499994,11.758997834204342,2.047286851847547,11.0,0.0
ton->bot,50.0,42,15,rls_guardia_prossimale,0.9695278993499994,11.758997834204342,2.047286851847547,11.0,0.0
ton->bot,50.0,42,16,statico,0.740673373195434,3.4641016151377544,0.0,,
ton->bot,50.0,42,16,rls,0.9202951982036832,10.778379979535355,0.823372572184557,11.0,0.0
ton->bot,50.0,42,16,rls_guardia,0.9202951982036832,10.778379979535355,0.823372572184557,11.0,0.0
ton->bot,50.0,42,16,rls_prossimale,0.9452942861097268,12.325954949559838,1.913744325397672,8.0,0.0
ton->bot,50.0,42,16,rls_guardia_prossimale,0.9452942861097268,12.325954949559838,1.913744325397672,8.0,0.0
ton->bot,50.0,42,17,statico,0.7310008570710955,3.4641016151377544,0.0,,
ton->bot,50.0,42,17,rls,0.8989129956317857,9.67202075900405,0.6539877894895206,9.0,0.0
ton->bot,50.0,42,17,rls_guardia,0.8989129956317857,9.67202075900405,0.6539877894895206,9.0,0.0
ton->bot,50.0,42,17,rls_prossimale,0.7838590985476399,12.343107699314706,1.976698724116704,14.0,0.0
ton->bot,50.0,42,17,rls_guardia_prossimale,0.7838590985476399,12.343107699314706,1.976698724116704,14.0,0.0
ton->bot,50.0,42,18,statico,0.7077807154415164,3.4641016151377544,0.0,,
ton->bot,50.0,42,18,rls,0.8883567383263985,12.009259213999483,0.6151996059592173,0.0,0.0
ton->bot,50.0,42,18,rls_guardia,0.8883567383263985,12.009259213999483,0.6151996059592173,0.0,1.0
ton->bot,50.0,42,18,rls_prossimale,0.9683021266759132,10.021670062791856,1.425911234559895,1.0,0.0
ton->bot,50.0,42,18,rls_guardia_prossimale,0.9683021266759132,10.021670062791856,1.425911234559895,1.0,0.0
ton->bot,50.0,42,19,statico,0.4711221122112211,3.4641016151377544,0.0,,
ton->bot,50.0,42,19,rls,0.74997499749975,14.129530774729467,0.5266087389730854,0.0,0.0
ton->bot,50.0,42,19,rls_guardia,0.4633713371337133,12.009259213999483,0.6151996059592173,0.0,2.0
ton->bot,50.0,42,19,rls_prossimale,0.75,16.540916842168357,0.8792134892355606,0.0,0.0
ton->bot,50.0,42,19,rls_guardia_prossimale,0.75,16.540916842168357,0.8792134892355606,0.0,1.0
ton->bot,50.0,43,0,statico,0.9720282137530324,3.4641016151377544,0.0,,
ton->bot,50.0,43,0,rls,0.9720282137530324,3.4641016151377544,0.0,4.0,0.0
ton->bot,50.0,43,0,rls_guardia,0.9720282137530324,3.4641016151377544,0.0,4.0,0.0
ton->bot,50.0,43,0,rls_prossimale,0.9720282137530324,3.4641016151377544,0.0,4.0,0.0
ton->bot,50.0,43,0,rls_guardia_prossimale,0.9720282137530324,3.4641016151377544,0.0,4.0,0.0
ton->bot,50.0,43,1,statico,0.9509399884271552,3.4641016151377544,0.0,,
ton->bot,50.0,43,1,rls,0.8188876097270806,2.8847331254540487,1.435687560193324,8.0,0.0
ton->bot,50.0,43,1,rls_guardia,0.8188876097270806,2.8847331254540487,1.435687560193324,8.0,0.0
ton->bot,50.0,43,1,rls_prossimale,0.9259265896670054,3.2400999502335304,1.5631453978310303,8.0,0.0
ton->bot,50.0,43,1,rls_guardia_prossimale,0.9259265896670054,3.2400999502335304,1.5631453978310303,8.0,0.0
ton->bot,50.0,43,2,statico,0.9351023072338736,3.4641016151377544,0.0,,
ton->bot,50.0,43,2,rls,0.9431171779663422,3.885651079648602,0.8427124526015932,10.0,0.0
ton->bot,50.0,43,2,rls_guardia,0.9431171779663422,3.885651079648602,0.8427124526015932,10.0,0.0
ton->bot,50.0,43,2,rls_prossimale,0.9470365430276888,4.36578652411022,1.08639619126512,10.0,0.0
ton->bot,50.0,43,2,rls_guardia_prossimale,0.9470365430276888,4.36578652411022,1.08639619126512,10.0,0.0
ton->bot,50.0,43,3,statico,0.9164039261563643,3.4641016151377544,0.0,,
ton->bot,50.0,43,3,rls,0.9394093341017572,4.333567942313001,0.6013653150412583,8.0,0.0
ton->bot,50.0,43,3,rls_guardia,0.9394093341017572,4.333567942313001,0.6013653150412583,8.0,0.0
ton->bot,50.0,43,3,rls_prossimale,0.9593074467418052,5.169601354484844,0.689562305234867,9.0,0.0
ton->bot,50.0,43,3,rls_guardia_prossimale,0.9593074467418052,5.169601354484844,0.689562305234867,9.0,0.0
ton->bot,50.0,43,4,statico,0.9035547922415986,3.4641016151377544,0.0,,
ton->bot,50.0,43,4,rls,0.923084212449194,4.165739599538732,0.1692625994480928,6.0,0.0
ton->bot,50.0,43,4,rls_guardia,0.923084212449194,4.165739599538732,0.1692625994480928,6.0,0.0
ton->bot,50.0,43,4,rls_prossimale,0.960827804200184,5.886816076121222,1.1787887391123932,6.0,0.0
ton->bot,50.0,43,4,rls_guardia_prossimale,0.960827804200184,5.886816076121222,1.1787887391123932,6.0,0.0
ton->bot,50.0,43,5,statico,0.8866737725713463,3.4641016151377544,0.0,,
ton->bot,50.0,43,5,rls,0.897812847085538,3.5064174854934778,0.3257286174732121,9.0,0.0
ton->bot,50.0,43,5,rls_guardia,0.897812847085538,3.5064174854934778,0.3257286174732121,9.0,0.0
ton->bot,50.0,43,5,rls_prossimale,0.9555308570089032,5.5750164913954166,1.5295619273714478,9.0,0.0
ton->bot,50.0,43,5,rls_guardia_prossimale,0.9555308570089032,5.5750164913954166,1.5295619273714478,9.0,0.0
ton->bot,50.0,43,6,statico,0.869603554100155,3.4641016151377544,0.0,,
ton->bot,50.0,43,6,rls,0.9374010620613484,4.101712970682407,0.6985468450174235,4.0,0.0
ton->bot,50.0,43,6,rls_guardia,0.9374010620613484,4.101712970682407,0.6985468450174235,4.0,0.0
ton->bot,50.0,43,6,rls_prossimale,0.945172637919704,6.139502727846693,1.7135472701451335,4.0,0.0
ton->bot,50.0,43,6,rls_guardia_prossimale,0.945172637919704,6.139502727846693,1.7135472701451335,4.0,0.0
ton->bot,50.0,43,7,statico,0.8562333460220783,3.4641016151377544,0.0,,
ton->bot,50.0,43,7,rls,0.9644096561350082,4.294165218752204,0.9284787149465876,4.0,0.0
ton->bot,50.0,43,7,rls_guardia,0.9644096561350082,4.294165218752204,0.9284787149465876,4.0,0.0
ton->bot,50.0,43,7,rls_prossimale,0.9650044410607792,6.404164283919884,1.9519577993579875,12.0,0.0
ton->bot,50.0,43,7,rls_guardia_prossimale,0.9650044410607792,6.404164283919884,1.9519577993579875,12.0,0.0
ton->bot,50.0,43,8,statico,0.8368533189061071,3.4641016151377544,0.0,,
ton->bot,50.0,43,8,rls,0.8712573585294534,6.16516831678891,0.27629343191481,8.0,0.0
ton->bot,50.0,43,8,rls_guardia,0.8712573585294534,6.16516831678891,0.27629343191481,8.0,0.0
ton->bot,50.0,43,8,rls_prossimale,0.9302335407247104,8.20675227424324,1.8211059637823888,0.0,0.0
ton->bot,50.0,43,8,rls_guardia_prossimale,0.9302335407247104,8.20675227424324,1.8211059637823888,0.0,1.0
ton->bot,50.0,43,9,statico,0.8270765248470993,3.4641016151377544,0.0,,
ton->bot,50.0,43,9,rls,0.9047093507481891,6.9457646112151465,0.2775846344122575,5.0,0.0
ton->bot,50.0,43,9,rls_guardia,0.9047093507481891,6.9457646112151465,0.2775846344122575,5.0,0.0
ton->bot,50.0,43,9,rls_prossimale,0.9134169296781892,13.01647945306749,1.343337233734902,5.0,0.0
ton->bot,50.0,43,9,rls_guardia_prossimale,0.9287687919679743,8.20675227424324,1.8211059637823888,5.0,1.0
ton->bot,50.0,43,10,statico,0.8131960509543081,3.4641016151377544,0.0,,
ton->bot,50.0,43,10,rls,0.9022460285078768,6.495883323974669,0.0274703554251761,10.0,0.0
ton->bot,50.0,43,10,rls_guardia,0.9022460285078768,6.495883323974669,0.0274703554251761,10.0,0.0
ton->bot,50.0,43,10,rls_prossimale,0.9343533111565512,10.154619308870352,1.495763070967322,15.0,0.0
ton->bot,50.0,43,10,rls_guardia_prossimale,0.951410486318176,9.056346352048498,1.5607993674766438,9.0,1.0
ton->bot,50.0,43,11,statico,0.7978702728699767,3.4641016151377544,0.0,,
ton->bot,50.0,43,11,rls,0.958639624118882,5.440958304911403,-0.1411645578030408,1.0,0.0
ton->bot,50.0,43,11,rls_guardia,0.958639624118882,5.440958304911403,-0.1411645578030408,1.0,0.0
ton->bot,50.0,43,11,rls_prossimale,0.9564266774223508,9.629310572380788,1.415673679422405,11.0,0.0
ton->bot,50.0,43,11,rls_guardia_prossimale,0.9608886403607,9.481402727056118,1.4568556207539816,8.0,1.0
ton->bot,50.0,43,12,statico,0.787454045003964,3.4641016151377544,0.0,,
ton->bot,50.0,43,12,rls,0.91630908952527,9.353751024731084,-0.3082569355499067,14.0,0.0
ton->bot,50.0,43,12,rls_guardia,0.91630908952527,9.353751024731084,-0.3082569355499067,14.0,0.0
ton->bot,50.0,43,12,rls_prossimale,0.9176277050504686,12.004810148966756,1.7263435166228616,8.0,0.0
ton->bot,50.0,43,12,rls_guardia_prossimale,0.91615984838932,9.799579423123369,1.0643047122910427,13.0,1.0
ton->bot,50.0,43,13,statico,0.7752021138555547,3.4641016151377544,0.0,,
ton->bot,50.0,43,13,rls,0.910787496318928,7.241629992917325,-0.2952553788521835,4.0,0.0
ton->bot,50.0,43,13,rls_guardia,0.910787496318928,7.241629992917325,-0.2952553788521835,4.0,0.0
ton->bot,50.0,43,13,rls_prossimale,0.957756248619598,9.995799127455273,2.0187505204085845,4.0,0.0
ton->bot,50.0,43,13,rls_guardia_prossimale,0.9594184826621512,8.753774606293364,0.8519115722838856,4.0,1.0
ton->bot,50.0,43,14,statico,0.763095238095238,3.4641016151377544,0.0,,
ton->bot,50.0,43,14,rls,0.9722713489522454,6.1476536934228445,-0.149939350396354,3.0,0.0
ton->bot,50.0,43,14,rls_guardia,0.9722713489522454,6.1476536934228445,-0.149939350396354,3.0,0.0
ton->bot,50.0,43,14,rls_prossimale,0.9713713980789754,8.471941241835484,2.0481098088474337,6.0,0.0
ton->bot,50.0,43,14,rls_guardia_prossimale,0.9725351933729736,7.203727115911189,0.7886697313420664,8.0,1.0
ton->bot,50.0,43,15,statico,0.7479411414993753,3.4641016151377544,0.0,,
ton->bot,50.0,43,15,rls,0.8856253759153607,8.436523031749719,-0.0179281617200649,3.0,0.0
ton->bot,50.0,43,15,rls_guardia,0.8856253759153607,8.436523031749719,-0.0179281617200649,3.0,0.0
ton->bot,50.0,43,15,rls_prossimale,0.9647307693989448,10.172597730161582,1.7052559143077808,3.0,0.0
ton->bot,50.0,43,15,rls_guardia_prossimale,0.9685832087547788,7.099208354355235,0.5147000801614828,3.0,1.0
ton->bot,50.0,43,16,statico,0.7389774889881953,3.4641016151377544,0.0,,
ton->bot,50.0,43,16,rls,0.8987686121851017,8.606003265989665,0.009795149005665,1.0,0.0
ton->bot,50.0,43,16,rls_guardia,0.8987686121851017,8.606003265989665,0.009795149005665,1.0,0.0
ton->bot,50.0,43,16,rls_prossimale,0.9653365757616056,10.102480335877363,1.726412184298893,1.0,0.0
ton->bot,50.0,43,16,rls_guardia_prossimale,0.7785271977181152,9.215173733427948,0.5312157717612688,1.0,1.0
ton->bot,50.0,43,17,statico,0.7279594763348033,3.4641016151377544,0.0,,
ton->bot,50.0,43,17,rls,0.8792924828838942,8.54851354451308,-0.0261088633556657,9.0,0.0
ton->bot,50.0,43,17,rls_guardia,0.8792924828838942,8.54851354451308,-0.0261088633556657,9.0,0.0
ton->bot,50.0,43,17,rls_prossimale,0.975662284915339,9.94380042706156,1.6955122358041008,14.0,0.0
ton->bot,50.0,43,17,rls_guardia_prossimale,0.8955751982250838,8.870542390904701,0.5358173740970416,14.0,1.0
ton->bot,50.0,43,18,statico,0.7150623073049096,3.4641016151377544,0.0,,
ton->bot,50.0,43,18,rls,0.9219623269582736,8.237585350668011,0.2044692662456978,5.0,0.0
ton->bot,50.0,43,18,rls_guardia,0.9219623269582736,8.237585350668011,0.2044692662456978,5.0,0.0
ton->bot,50.0,43,18,rls_prossimale,0.9712807544435028,10.58240469229972,1.8588305613873448,1.0,0.0
ton->bot,50.0,43,18,rls_guardia_prossimale,0.9134814398545652,9.250736438202123,1.021728618709452,11.0,1.0
ton->bot,50.0,43,19,statico,0.4713942788557711,3.4641016151377544,0.0,,
ton->bot,50.0,43,19,rls,0.8732746549309862,8.400973779597397,0.0605363529058763,1.0,0.0
ton->bot,50.0,43,19,rls_guardia,0.8732746549309862,8.400973779597397,0.0605363529058763,1.0,0.0
ton->bot,50.0,43,19,rls_prossimale,0.748249649929986,11.113554962738784,2.1558755030526178,0.0,0.0
ton->bot,50.0,43,19,rls_guardia_prossimale,0.7476745349069813,7.668204989142937,1.368051882049975,0.0,2.0
ton->bot,50.0,44,0,statico,0.9685059018115711,3.4641016151377544,0.0,,
ton->bot,50.0,44,0,rls,0.9685059018115711,3.4641016151377544,0.0,9.0,0.0
ton->bot,50.0,44,0,rls_guardia,0.9685059018115711,3.4641016151377544,0.0,9.0,0.0
ton->bot,50.0,44,0,rls_prossimale,0.9685059018115711,3.4641016151377544,0.0,9.0,0.0
ton->bot,50.0,44,0,rls_guardia_prossimale,0.9685059018115711,3.4641016151377544,0.0,9.0,0.0
ton->bot,50.0,44,1,statico,0.9526848759117614,3.4641016151377544,0.0,,
ton->bot,50.0,44,1,rls,0.936461251183182,3.78601944848816,0.0058707376111386,5.0,0.0
ton->bot,50.0,44,1,rls_guardia,0.936461251183182,3.78601944848816,0.0058707376111386,5.0,0.0
ton->bot,50.0,44,1,rls_prossimale,0.9408500468460194,3.941514690964943,0.080530760814859,5.0,0.0
ton->bot,50.0,44,1,rls_guardia_prossimale,0.9408500468460194,3.941514690964943,0.080530760814859,5.0,0.0
ton->bot,50.0,44,2,statico,0.9338789050301616,3.4641016151377544,0.0,,
ton->bot,50.0,44,2,rls,0.9184135588630729,3.8194280870947264,-0.146078990424525,5.0,0.0
ton->bot,50.0,44,2,rls_guardia,0.9184135588630729,3.8194280870947264,-0.146078990424525,5.0,0.0
ton->bot,50.0,44,2,rls_prossimale,0.919859728159844,4.215392099573926,-0.11458137940301,5.0,0.0
ton->bot,50.0,44,2,rls_guardia_prossimale,0.919859728159844,4.215392099573926,-0.11458137940301,5.0,0.0
ton->bot,50.0,44,3,statico,0.9206591241814664,3.4641016151377544,0.0,,
ton->bot,50.0,44,3,rls,0.9693272933854428,4.467848872031589,-0.1133186715657874,5.0,0.0
ton->bot,50.0,44,3,rls_guardia,0.9693272933854428,4.467848872031589,-0.1133186715657874,5.0,0.0
ton->bot,50.0,44,3,rls_prossimale,0.9732640080893912,4.920177523764181,-0.0889992275918854,5.0,0.0
ton->bot,50.0,44,3,rls_guardia_prossimale,0.9732640080893912,4.920177523764181,-0.0889992275918854,5.0,0.0
ton->bot,50.0,44,4,statico,0.9004554813455784,3.4641016151377544,0.0,,
ton->bot,50.0,44,4,rls,0.963839323599934,4.300144530412999,-0.1095785626142055,5.0,0.0
ton->bot,50.0,44,4,rls_guardia,0.963839323599934,4.300144530412999,-0.1095785626142055,5.0,0.0
ton->bot,50.0,44,4,rls_prossimale,0.965360353877618,5.246509101272493,-0.3711718054907395,5.0,0.0
ton->bot,50.0,44,4,rls_guardia_prossimale,0.965360353877618,5.246509101272493,-0.3711718054907395,5.0,0.0
ton->bot,50.0,44,5,statico,0.8875759650025452,3.4641016151377544,0.0,,
ton->bot,50.0,44,5,rls,0.9622471740733776,4.642562611660013,0.2180601113694238,6.0,0.0
ton->bot,50.0,44,5,rls_guardia,0.9622471740733776,4.642562611660013,0.2180601113694238,6.0,0.0
ton->bot,50.0,44,5,rls_prossimale,0.9694124319167978,5.774654787640656,-0.0114288403603663,6.0,0.0
ton->bot,50.0,44,5,rls_guardia_prossimale,0.9694124319167978,5.774654787640656,-0.0114288403603663,6.0,0.0
ton->bot,50.0,44,6,statico,0.8712892771048866,3.4641016151377544,0.0,,
ton->bot,50.0,44,6,rls,0.9639334595142012,5.148602752478258,-0.055358959067139,9.0,0.0
ton->bot,50.0,44,6,rls_guardia,0.9639334595142012,5.148602752478258,-0.055358959067139,9.0,0.0
ton->bot,50.0,44,6,rls_prossimale,0.9677524829867414,6.235721258900814,-0.3199999556618452,9.0,0.0
ton->bot,50.0,44,6,rls_guardia_prossimale,0.9677524829867414,6.235721258900814,-0.3199999556618452,9.0,0.0
ton->bot,50.0,44,7,statico,0.8527526067527309,3.4641016151377544,0.0,,
ton->bot,50.0,44,7,rls,0.9633270233366436,5.659280605663995,0.1963207711585182,12.0,0.0
ton->bot,50.0,44,7,rls_guardia,0.9633270233366436,5.659280605663995,0.1963207711585182,12.0,0.0
ton->bot,50.0,44,7,rls_prossimale,0.9649981380337636,7.184947031429585,0.0483155915272661,12.0,0.0
ton->bot,50.0,44,7,rls_guardia_prossimale,0.9649981380337636,7.184947031429585,0.0483155915272661,12.0,0.0
ton->bot,50.0,44,8,statico,0.8424456386720538,3.4641016151377544,0.0,,
ton->bot,50.0,44,8,rls,0.9635209665398344,5.612100477908204,0.3665750563403366,4.0,0.0
ton->bot,50.0,44,8,rls_guardia,0.9635209665398344,5.612100477908204,0.3665750563403366,4.0,0.0
ton->bot,50.0,44,8,rls_prossimale,0.9661486159599366,7.115042004240437,0.3679239848498243,4.0,0.0
ton->bot,50.0,44,8,rls_guardia_prossimale,0.9661486159599366,7.115042004240437,0.3679239848498243,4.0,0.0
ton->bot,50.0,44,9,statico,0.8245718381690179,3.4641016151377544,0.0,,
ton->bot,50.0,44,9,rls,0.9592804753031428,5.682684176962427,0.3536095611448728,6.0,0.0
ton->bot,50.0,44,9,rls_guardia,0.9592804753031428,5.682684176962427,0.3536095611448728,6.0,0.0
ton->bot,50.0,44,9,rls_prossimale,0.9591641138303032,6.900803252096874,0.3645860861393725,1.0,0.0
ton->bot,50.0,44,9,rls_guardia_prossimale,0.9591641138303032,6.900803252096874,0.3645860861393725,1.0,0.0
ton->bot,50.0,44,10,statico,0.8146456170293462,3.4641016151377544,0.0,,
ton->bot,50.0,44,10,rls,0.9604598682027212,5.076737561931989,0.3945361036441112,4.0,0.0
ton->bot,50.0,44,10,rls_guardia,0.9604598682027212,5.076737561931989,0.3945361036441112,4.0,0.0
ton->bot,50.0,44,10,rls_prossimale,0.9587531408524156,6.124083123425336,1.2149876361568674,12.0,0.0
ton->bot,50.0,44,10,rls_guardia_prossimale,0.9587531408524156,6.124083123425336,1.2149876361568674,12.0,0.0
ton->bot,50.0,44,11,statico,0.8020238588967087,3.4641016151377544,0.0,,
ton->bot,50.0,44,11,rls,0.8439604576843752,10.258460491371478,0.4113197108381569,3.0,0.0
ton->bot,50.0,44,11,rls_guardia,0.8439604576843752,10.258460491371478,0.4113197108381569,3.0,0.0
ton->bot,50.0,44,11,rls_prossimale,0.9655403005758636,7.4111508407667,0.8247630323843649,3.0,0.0
ton->bot,50.0,44,11,rls_guardia_prossimale,0.9655403005758636,7.4111508407667,0.8247630323843649,3.0,0.0
ton->bot,50.0,44,12,statico,0.7873632817144334,3.4641016151377544,0.0,,
ton->bot,50.0,44,12,rls,0.9340575621195382,6.847966921100197,0.0249641001966225,4.0,0.0
ton->bot,50.0,44,12,rls_guardia,0.9340575621195382,6.847966921100197,0.0249641001966225,4.0,0.0
ton->bot,50.0,44,12,rls_prossimale,0.9198597001053536,6.85326052290239,0.5937694612410211,4.0,0.0
ton->bot,50.0,44,12,rls_guardia_prossimale,0.9198597001053536,6.85326052290239,0.5937694612410211,4.0,0.0
ton->bot,50.0,44,13,statico,0.7721036218813573,3.4641016151377544,0.0,,
ton->bot,50.0,44,13,rls,0.9679210526163312,5.607032240191062,0.0888297962659891,5.0,0.0
ton->bot,50.0,44,13,rls_guardia,0.9679210526163312,5.607032240191062,0.0888297962659891,5.0,0.0
ton->bot,50.0,44,13,rls_prossimale,0.9625237778489816,6.103193959188845,0.4837747335745283,16.0,0.0
ton->bot,50.0,44,13,rls_guardia_prossimale,0.9625237778489816,6.103193959188845,0.4837747335745283,16.0,0.0
ton->bot,50.0,44,14,statico,0.7615674794909377,3.4641016151377544,0.0,,
ton->bot,50.0,44,14,rls,0.8860123053736402,9.128127972684972,0.3538698193484171,2.0,0.0
ton->bot,50.0,44,14,rls_guardia,0.8860123053736402,9.128127972684972,0.3538698193484171,2.0,0.0
ton->bot,50.0,44,14,rls_prossimale,0.9174801764231172,7.741490527113531,-0.7256971078269784,12.0,0.0
ton->bot,50.0,44,14,rls_guardia_prossimale,0.9174801764231172,7.741490527113531,-0.7256971078269784,12.0,0.0
ton->bot,50.0,44,15,statico,0.7507352058065182,3.4641016151377544,0.0,,
ton->bot,50.0,44,15,rls,0.8406637061101832,10.228696528082208,0.0407445706409741,9.0,0.0
ton->bot,50.0,44,15,rls_guardia,0.8406637061101832,10.228696528082208,0.0407445706409741,9.0,0.0
ton->bot,50.0,44,15,rls_prossimale,0.9200645490467984,10.035954359197932,-0.9388245393795844,2.0,0.0
ton->bot,50.0,44,15,rls_guardia_prossimale,0.9200645490467984,10.035954359197932,-0.9388245393795844,2.0,0.0
ton->bot,50.0,44,16,statico,0.7354348228882407,3.4641016151377544,0.0,,
ton->bot,50.0,44,16,rls,0.8197050316690844,12.41458290891146,-0.6882864247569715,6.0,0.0
ton->bot,50.0,44,16,rls_guardia,0.8197050316690844,12.41458290891146,-0.6882864247569715,6.0,0.0
ton->bot,50.0,44,16,rls_prossimale,0.8764134812687907,12.129800262237918,-0.9066384050113072,10.0,0.0
ton->bot,50.0,44,16,rls_guardia_prossimale,0.8764134812687907,12.129800262237918,-0.9066384050113072,10.0,0.0
ton->bot,50.0,44,17,statico,0.7263209195497091,3.4641016151377544,0.0,,
ton->bot,50.0,44,17,rls,0.8184790051963652,16.23512393500163,-0.5693183314970097,11.0,0.0
ton->bot,50.0,44,17,rls_guardia,0.8184790051963652,16.23512393500163,-0.5693183314970097,11.0,0.0
ton->bot,50.0,44,17,rls_prossimale,0.9239392530725734,12.420528598028406,-0.8805216838358592,2.0,0.0
ton->bot,50.0,44,17,rls_guardia_prossimale,0.9239392530725734,12.420528598028406,-0.8805216838358592,2.0,0.0
ton->bot,50.0,44,18,statico,0.7188058021917725,3.4641016151377544,0.0,,
ton->bot,50.0,44,18,rls,0.9153290091245432,9.883200653759245,-0.560262668109097,1.0,0.0
ton->bot,50.0,44,18,rls_guardia,0.9153290091245432,9.883200653759245,-0.560262668109097,1.0,0.0
ton->bot,50.0,44,18,rls_prossimale,0.8936501442333382,12.081823784516036,-1.0554165564076892,9.0,0.0
ton->bot,50.0,44,18,rls_guardia_prossimale,0.8936501442333382,12.081823784516036,-1.0554165564076892,9.0,0.0
ton->bot,50.0,44,19,statico,0.5917183436687338,3.4641016151377544,0.0,,
ton->bot,50.0,44,19,rls,0.5,10.42773605442869,-0.3339307815931431,3.0,0.0
ton->bot,50.0,44,19,rls_guardia,0.5,10.42773605442869,-0.3339307815931431,3.0,0.0
ton->bot,50.0,44,19,rls_prossimale,0.8749749949989998,11.118944259227993,-1.2504755140823598,0.0,0.0
ton->bot,50.0,44,19,rls_guardia_prossimale,0.8749749949989998,11.118944259227993,-1.2504755140823598,0.0,1.0
ton->bot,50.0,45,0,statico,0.9697100949094046,3.4641016151377544,0.0,,
ton->bot,50.0,45,0,rls,0.9697100949094046,3.4641016151377544,0.0,0.0,0.0
ton->bot,50.0,45,0,rls_guardia,0.9697100949094046,3.4641016151377544,0.0,0.0,1.0
ton->bot,50.0,45,0,rls_prossimale,0.9697100949094046,3.4641016151377544,0.0,0.0,0.0
ton->bot,50.0,45,0,rls_guardia_prossimale,0.9697100949094046,3.4641016151377544,0.0,0.0,1.0
ton->bot,50.0,45,1,statico,0.9550596330917642,3.4641016151377544,0.0,,
ton->bot,50.0,45,1,rls,0.5,2.2755550761568526,2.719060401619795,3.0,0.0
ton->bot,50.0,45,1,rls_guardia,0.9550596330917642,3.4641016151377544,0.0,2.0,1.0
ton->bot,50.0,45,1,rls_prossimale,0.5018949267818563,2.8546869884691994,2.52043103210232,8.0,0.0
ton->bot,50.0,45,1,rls_guardia_prossimale,0.9550596330917642,3.4641016151377544,0.0,2.0,1.0
ton->bot,50.0,45,2,statico,0.9341729458598004,3.4641016151377544,0.0,,
ton->bot,50.0,45,2,rls,0.5021206409048068,3.1999661501438945,2.4733968559022768,4.0,0.0
ton->bot,50.0,45,2,rls_guardia,0.2574464100147418,24.954420761520204,9.40762109273038,4.0,1.0
ton->bot,50.0,45,2,rls_prossimale,0.7756690508099603,5.937148109683948,2.04883014907875,4.0,0.0
ton->bot,50.0,45,2,rls_guardia_prossimale,0.2434156405925519,20.8632737394378,8.000922819800408,4.0,1.0
ton->bot,50.0,45,3,statico,0.9171286695343182,3.4641016151377544,0.0,,
ton->bot,50.0,45,3,rls,0.815473559037668,3.952564350891836,2.3474977874727503,8.0,0.0
ton->bot,50.0,45,3,rls_guardia,0.8727601945859882,95.60355295697012,19.090250786730287,8.0,1.0
ton->bot,50.0,45,3,rls_prossimale,0.796860063012275,7.132686781708443,1.6138588772458051,8.0,0.0
ton->bot,50.0,45,3,rls_guardia_prossimale,0.8841145256728861,123.314494646406,50.63423022239534,8.0,1.0
ton->bot,50.0,45,4,statico,0.9050295426165084,3.4641016151377544,0.0,,
ton->bot,50.0,45,4,rls,0.861828045297154,2.9342973265872123,1.9732995529892807,7.0,0.0
ton->bot,50.0,45,4,rls_guardia,0.8667600758639589,69.33929223213904,15.382627153529477,7.0,1.0
ton->bot,50.0,45,4,rls_prossimale,0.6915796161975624,20.0336487110678,-2.596999429782297,7.0,0.0
ton->bot,50.0,45,4,rls_guardia_prossimale,0.8752512338704882,182.94857652701108,65.95427566867046,7.0,1.0
ton->bot,50.0,45,5,statico,0.8879034797960985,3.4641016151377544,0.0,,
ton->bot,50.0,45,5,rls,0.8947185978629095,4.43362815021651,2.06815008157094,5.0,0.0
ton->bot,50.0,45,5,rls_guardia,0.7182784615338228,50.22304397907926,21.23230118293425,5.0,1.0
ton->bot,50.0,45,5,rls_prossimale,0.7678217881488316,21.21912803138175,-2.3307433798388537,5.0,0.0
ton->bot,50.0,45,5,rls_guardia_prossimale,0.8500735013764205,181.52212305068704,89.98416158537484,5.0,1.0
ton->bot,50.0,45,6,statico,0.8697439900673918,3.4641016151377544,0.0,,
ton->bot,50.0,45,6,rls,0.8261398962306573,4.50367723623762,1.8850265994579545,6.0,0.0
ton->bot,50.0,45,6,rls_guardia,0.7460957077570706,51.309422939335086,16.91006165994434,6.0,1.0
ton->bot,50.0,45,6,rls_prossimale,0.8588223381694036,17.853627699198572,-1.832490653799472,6.0,0.0
ton->bot,50.0,45,6,rls_guardia_prossimale,0.7339796423666155,175.297455099723,105.77982883592055,6.0,1.0
ton->bot,50.0,45,7,statico,0.8539027855670391,3.4641016151377544,0.0,,
ton->bot,50.0,45,7,rls,0.908662723710766,4.886869707453121,1.9798756476494288,11.0,0.0
ton->bot,50.0,45,7,rls_guardia,0.73133287615138,47.10311726096166,16.726742011111998,15.0,1.0
ton->bot,50.0,45,7,rls_prossimale,0.8900652263209634,17.399187602395074,-1.600232169035413,4.0,0.0
ton->bot,50.0,45,7,rls_guardia_prossimale,0.7236896236864762,178.4783544136224,103.1128830295322,15.0,1.0
ton->bot,50.0,45,8,statico,0.8435817817793816,3.4641016151377544,0.0,,
ton->bot,50.0,45,8,rls,0.8829242812365542,6.250323952325062,1.4826822312967076,0.0,0.0
ton->bot,50.0,45,8,rls_guardia,0.8232757070410377,55.7691170989215,14.677574328325342,11.0,1.0
ton->bot,50.0,45,8,rls_prossimale,0.8846937154571939,16.85367902978268,-1.1233280891139683,11.0,0.0
ton->bot,50.0,45,8,rls_guardia_prossimale,0.8149020945811836,192.60808975630783,100.31240969044067,14.0,1.0
ton->bot,50.0,45,9,statico,0.826002982999565,3.4641016151377544,0.0,,
ton->bot,50.0,45,9,rls,0.6566648740950978,7.1494322696047,1.4505736588787397,9.0,0.0
ton->bot,50.0,45,9,rls_guardia,0.8397492077490152,39.14552263252428,13.093278680306192,11.0,1.0
ton->bot,50.0,45,9,rls_prossimale,0.8971183819370058,16.130485304810538,-1.1608413173447314,15.0,0.0
ton->bot,50.0,45,9,rls_guardia_prossimale,0.8040918044649074,186.52296559430627,96.17871862889734,11.0,1.0
ton->bot,50.0,45,10,statico,0.8111638219653126,3.4641016151377544,0.0,,
ton->bot,50.0,45,10,rls,0.8939897279136233,6.041199493448991,1.4365355433736098,9.0,0.0
ton->bot,50.0,45,10,rls_guardia,0.7577301261103323,52.12443101708227,13.92345371790732,0.0,2.0
ton->bot,50.0,45,10,rls_prossimale,0.7594169538337971,23.65764117302981,-1.237649347378334,0.0,0.0
ton->bot,50.0,45,10,rls_guardia_prossimale,0.7781418522914251,197.00628500214333,92.40446473090412,2.0,1.0
ton->bot,50.0,45,11,statico,0.7920774766403152,3.4641016151377544,0.0,,
ton->bot,50.0,45,11,rls,0.9058383396122438,7.283330259580464,1.606455507752122,2.0,0.0
ton->bot,50.0,45,11,rls_guardia,0.7424040234967915,52.12443101708227,13.92345371790732,2.0,2.0
ton->bot,50.0,45,11,rls_prossimale,0.8928843319799402,17.676504339377637,-0.8972483596273495,2.0,0.0
ton->bot,50.0,45,11,rls_guardia_prossimale,0.8319421335475586,196.85331136107968,93.07677612438243,2.0,1.0
ton->bot,50.0,45,12,statico,0.7866121621724734,3.4641016151377544,0.0,,
ton->bot,50.0,45,12,rls,0.8255764428493051,6.303322485256997,1.6467887358198507,12.0,0.0
ton->bot,50.0,45,12,rls_guardia,0.8684647013278186,35.20182099411307,13.516386242571524,5.0,2.0
ton->bot,50.0,45,12,rls_prossimale,0.9011537952229592,13.98486620149177,-0.9077002740153178,4.0,0.0
ton->bot,50.0,45,12,rls_guardia_prossimale,0.8969626748270801,185.75010259520343,89.17123720065658,13.0,1.0
ton->bot,50.0,45,13,statico,0.7706025442437539,3.4641016151377544,0.0,,
ton->bot,50.0,45,13,rls,0.8411591807465304,7.541454539445026,1.4512398070409278,8.0,0.0
ton->bot,50.0,45,13,rls_guardia,0.8609728297968553,33.72943533011429,12.185674640627132,13.0,2.0
ton->bot,50.0,45,13,rls_prossimale,0.8961837336905496,13.2626799864403,-0.2031543830824092,13.0,0.0
ton->bot,50.0,45,13,rls_guardia_prossimale,0.8419602782756851,193.10832024858843,84.37495763178663,12.0,1.0
ton->bot,50.0,45,14,statico,0.7611072594565967,3.4641016151377544,0.0,,
ton->bot,50.0,45,14,rls,0.8648338780399103,8.651451132344741,1.1161765942680666,10.0,0.0
ton->bot,50.0,45,14,rls_guardia,0.8897598677343858,32.14284376953041,11.95870457350632,0.0,3.0
ton->bot,50.0,45,14,rls_prossimale,0.8892844628873071,12.393438875587014,-0.0401489482930252,1.0,0.0
ton->bot,50.0,45,14,rls_guardia_prossimale,0.8372999050961973,195.02798025413304,84.8208440475004,4.0,1.0
ton->bot,50.0,45,15,statico,0.7487077444105725,3.4641016151377544,0.0,,
ton->bot,50.0,45,15,rls,0.8516871701551613,8.753716084073982,1.333104916458134,7.0,0.0
ton->bot,50.0,45,15,rls_guardia,0.8828182455655708,32.14284376953041,11.95870457350632,0.0,4.0
ton->bot,50.0,45,15,rls_prossimale,0.7943276532757861,10.432422165523027,0.3237008294636873,11.0,0.0
ton->bot,50.0,45,15,rls_guardia_prossimale,0.7717192753147996,181.3616318225436,76.36939715445955,14.0,1.0
ton->bot,50.0,45,16,statico,0.7352087800531286,3.4641016151377544,0.0,,
ton->bot,50.0,45,16,rls,0.9555071345825588,6.975367046720463,1.48208260829244,1.0,0.0
ton->bot,50.0,45,16,rls_guardia,0.8941418899552226,32.14284376953041,11.95870457350632,1.0,4.0
ton->bot,50.0,45,16,rls_prossimale,0.7715477838880904,15.767137634241395,0.1008949337251246,1.0,0.0
ton->bot,50.0,45,16,rls_guardia_prossimale,0.8327677137115284,199.79964226001977,72.08210580690788,1.0,1.0
ton->bot,50.0,45,17,statico,0.7200917422750612,3.4641016151377544,0.0,,
ton->bot,50.0,45,17,rls,0.8754547239143371,9.325794652087282,1.4282000252329068,12.0,0.0
ton->bot,50.0,45,17,rls_guardia,0.8859597665188239,29.68449644657543,11.838004090633458,7.0,4.0
ton->bot,50.0,45,17,rls_prossimale,0.8777528817073694,33.96910352135066,0.0995076920341994,4.0,0.0
ton->bot,50.0,45,17,rls_guardia_prossimale,0.7743089423413143,413.93134769492855,66.77523628781188,10.0,1.0
ton->bot,50.0,45,18,statico,0.7149278575672383,3.4641016151377544,0.0,,
ton->bot,50.0,45,18,rls,0.9103667198842268,8.327267324159587,1.5678846409258949,8.0,0.0
ton->bot,50.0,45,18,rls_guardia,0.919423109476598,28.71511416110391,10.884740051865244,8.0,4.0
ton->bot,50.0,45,18,rls_prossimale,0.9005738866631925,21.014553944389043,-0.2768203750485059,0.0,0.0
ton->bot,50.0,45,18,rls_guardia_prossimale,0.7421717079517656,369.6442405408751,63.054357644479865,6.0,1.0
ton->bot,50.0,45,19,statico,0.4187046761690423,3.4641016151377544,0.0,,
ton->bot,50.0,45,19,rls,0.498399599899975,8.018524316344411,1.493489297375567,1.0,0.0
ton->bot,50.0,45,19,rls_guardia,0.697949487371843,28.74575824136031,10.390984847771136,1.0,4.0
ton->bot,50.0,45,19,rls_prossimale,0.6980995248812203,13.63088149663048,-0.6413504050069553,2.0,0.0
ton->bot,50.0,45,19,rls_guardia_prossimale,0.5620655163790947,182.13728702999924,59.65692429439277,1.0,1.0
ton->bot,50.0,46,0,statico,0.971988073117842,3.4641016151377544,0.0,,
ton->bot,50.0,46,0,rls,0.971988073117842,3.4641016151377544,0.0,8.0,0.0
ton->bot,50.0,46,0,rls_guardia,0.971988073117842,3.4641016151377544,0.0,8.0,0.0
ton->bot,50.0,46,0,rls_prossimale,0.971988073117842,3.4641016151377544,0.0,8.0,0.0
ton->bot,50.0,46,0,rls_guardia_prossimale,0.971988073117842,3.4641016151377544,0.0,8.0,0.0
ton->bot,50.0,46,1,statico,0.9521204042793808,3.4641016151377544,0.0,,
ton->bot,50.0,46,1,rls,0.9241325111471312,3.8751663207603886,0.6887095711097659,7.0,0.0
ton->bot,50.0,46,1,rls_guardia,0.9241325111471312,3.8751663207603886,0.6887095711097659,7.0,0.0
ton->bot,50.0,46,1,rls_prossimale,0.926892666172784,4.133986148997975,0.8121562376091542,7.0,0.0
ton->bot,50.0,46,1,rls_guardia_prossimale,0.926892666172784,4.133986148997975,0.8121562376091542,7.0,0.0
ton->bot,50.0,46,2,statico,0.9379124655037652,3.4641016151377544,0.0,,
ton->bot,50.0,46,2,rls,0.9175577128730898,4.5186048467545605,0.5592189066463403,9.0,0.0
ton->bot,50.0,46,2,rls_guardia,0.9175577128730898,4.5186048467545605,0.5592189066463403,9.0,0.0
ton->bot,50.0,46,2,rls_prossimale,0.9143648351190866,5.078721507439037,0.7778297161375212,9.0,0.0
ton->bot,50.0,46,2,rls_guardia_prossimale,0.9143648351190866,5.078721507439037,0.7778297161375212,9.0,0.0
ton->bot,50.0,46,3,statico,0.9206837687032554,3.4641016151377544,0.0,,
ton->bot,50.0,46,3,rls,0.8972236446273227,4.837721584379407,0.6112442176931818,9.0,0.0
ton->bot,50.0,46,3,rls_guardia,0.8972236446273227,4.837721584379407,0.6112442176931818,9.0,0.0
ton->bot,50.0,46,3,rls_prossimale,0.8963673208801556,5.592048092488874,0.7730341422357699,14.0,0.0
ton->bot,50.0,46,3,rls_guardia_prossimale,0.8963673208801556,5.592048092488874,0.7730341422357699,14.0,0.0
ton->bot,50.0,46,4,statico,0.903507830902631,3.4641016151377544,0.0,,
ton->bot,50.0,46,4,rls,0.9073038574682708,5.205786894749995,-0.716243706825824,6.0,0.0
ton->bot,50.0,46,4,rls_guardia,0.9073038574682708,5.205786894749995,-0.716243706825824,6.0,0.0
ton->bot,50.0,46,4,rls_prossimale,0.9092308720436268,7.271988959895048,-0.4863259479628211,6.0,0.0
ton->bot,50.0,46,4,rls_guardia_prossimale,0.9092308720436268,7.271988959895048,-0.4863259479628211,6.0,0.0
ton->bot,50.0,46,5,statico,0.8843551042762686,3.4641016151377544,0.0,,
ton->bot,50.0,46,5,rls,0.8657137451861527,4.179228829080235,-0.7225637032095312,6.0,0.0
ton->bot,50.0,46,5,rls_guardia,0.8657137451861527,4.179228829080235,-0.7225637032095312,6.0,0.0
ton->bot,50.0,46,5,rls_prossimale,0.9004374575629882,5.829706867743579,-1.4617706668978223,6.0,0.0
ton->bot,50.0,46,5,rls_guardia_prossimale,0.9004374575629882,5.829706867743579,-1.4617706668978223,6.0,0.0
ton->bot,50.0,46,6,statico,0.8694067875134041,3.4641016151377544,0.0,,
ton->bot,50.0,46,6,rls,0.9072634225133271,4.227671738732666,0.0535695103791893,9.0,0.0
ton->bot,50.0,46,6,rls_guardia,0.9072634225133271,4.227671738732666,0.0535695103791893,9.0,0.0
ton->bot,50.0,46,6,rls_prossimale,0.9104350324233744,5.631574110636984,-0.7019737721618496,9.0,0.0
ton->bot,50.0,46,6,rls_guardia_prossimale,0.9104350324233744,5.631574110636984,-0.7019737721618496,9.0,0.0
ton->bot,50.0,46,7,statico,0.8569051192996096,3.4641016151377544,0.0,,
ton->bot,50.0,46,7,rls,0.9036396020725564,4.42420718809199,0.218947840220283,3.0,0.0
ton->bot,50.0,46,7,rls_guardia,0.9036396020725564,4.42420718809199,0.218947840220283,3.0,0.0
ton->bot,50.0,46,7,rls_prossimale,0.9069806503865054,5.997355723632045,-0.2533700889211817,9.0,0.0
ton->bot,50.0,46,7,rls_guardia_prossimale,0.9069806503865054,5.997355723632045,-0.2533700889211817,9.0,0.0
ton->bot,50.0,46,8,statico,0.8413648550831809,3.4641016151377544,0.0,,
ton->bot,50.0,46,8,rls,0.9053747417329908,5.64467965916045,0.8501658899082059,5.0,0.0
ton->bot,50.0,46,8,rls_guardia,0.9053747417329908,5.64467965916045,0.8501658899082059,5.0,0.0
ton->bot,50.0,46,8,rls_prossimale,0.8073365510249252,8.76437586671927,-0.5192311401568387,5.0,0.0
ton->bot,50.0,46,8,rls_guardia_prossimale,0.8073365510249252,8.76437586671927,-0.5192311401568387,5.0,0.0
ton->bot,50.0,46,9,statico,0.8274986057347651,3.4641016151377544,0.0,,
ton->bot,50.0,46,9,rls,0.910538030041086,5.336210708975103,0.8950637940374779,11.0,0.0
ton->bot,50.0,46,9,rls_guardia,0.910538030041086,5.336210708975103,0.8950637940374779,11.0,0.0
ton->bot,50.0,46,9,rls_prossimale,0.9192528557565104,7.602199397348008,-0.5466357152527971,2.0,0.0
ton->bot,50.0,46,9,rls_guardia_prossimale,0.9192528557565104,7.602199397348008,-0.5466357152527971,2.0,0.0
ton->bot,50.0,46,10,statico,0.8112627415028344,3.4641016151377544,0.0,,
ton->bot,50.0,46,10,rls,0.9023840613316664,6.279058187450653,0.9484842810354888,6.0,0.0
ton->bot,50.0,46,10,rls_guardia,0.9023840613316664,6.279058187450653,0.9484842810354888,6.0,0.0
ton->bot,50.0,46,10,rls_prossimale,0.7801331008968814,9.505331692111444,-0.3869630676020744,6.0,0.0
ton->bot,50.0,46,10,rls_guardia_prossimale,0.7801331008968814,9.505331692111444,-0.3869630676020744,6.0,0.0
ton->bot,50.0,46,11,statico,0.8000648078772835,3.4641016151377544,0.0,,
ton->bot,50.0,46,11,rls,0.9057097165592742,6.382395694347199,1.246073561426145,7.0,0.0
ton->bot,50.0,46,11,rls_guardia,0.9057097165592742,6.382395694347199,1.246073561426145,7.0,0.0
ton->bot,50.0,46,11,rls_prossimale,0.9140589227988932,7.636799040205934,-0.217007102312902,7.0,0.0
ton->bot,50.0,46,11,rls_guardia_prossimale,0.9140589227988932,7.636799040205934,-0.217007102312902,7.0,0.0
ton->bot,50.0,46,12,statico,0.7884650582499209,3.4641016151377544,0.0,,
ton->bot,50.0,46,12,rls,0.9322575312721552,6.522738279775657,0.9927913391949637,3.0,0.0
ton->bot,50.0,46,12,rls_guardia,0.9322575312721552,6.522738279775657,0.9927913391949637,3.0,0.0
ton->bot,50.0,46,12,rls_prossimale,0.949080836600427,7.606518728542572,-0.4008571958350186,3.0,0.0
ton->bot,50.0,46,12,rls_guardia_prossimale,0.949080836600427,7.606518728542572,-0.4008571958350186,3.0,0.0
ton->bot,50.0,46,13,statico,0.7728866816794036,3.4641016151377544,0.0,,
ton->bot,50.0,46,13,rls,0.9007755823117912,6.618463741854272,0.9418262182396426,1.0,0.0
ton->bot,50.0,46,13,rls_guardia,0.9007755823117912,6.618463741854272,0.9418262182396426,1.0,0.0
ton->bot,50.0,46,13,rls_prossimale,0.9205010373107996,7.868718036962409,-0.3198838211279038,1.0,0.0
ton->bot,50.0,46,13,rls_guardia_prossimale,0.9205010373107996,7.868718036962409,-0.3198838211279038,1.0,0.0
ton->bot,50.0,46,14,statico,0.7663813576030634,3.4641016151377544,0.0,,
ton->bot,50.0,46,14,rls,0.94358638068962,6.671959589960643,0.792146552038726,5.0,0.0
ton->bot,50.0,46,14,rls_guardia,0.94358638068962,6.671959589960643,0.792146552038726,5.0,0.0
ton->bot,50.0,46,14,rls_prossimale,0.9441213403001693,8.074870185757998,-0.6109338193495527,5.0,0.0
ton->bot,50.0,46,14,rls_guardia_prossimale,0.9441213403001693,8.074870185757998,-0.6109338193495527,5.0,0.0
ton->bot,50.0,46,15,statico,0.7560650720068989,3.4641016151377544,0.0,,
ton->bot,50.0,46,15,rls,0.9246393405680358,8.93853490217464,-0.1368426291391432,14.0,0.0
ton->bot,50.0,46,15,rls_guardia,0.9246393405680358,8.93853490217464,-0.1368426291391432,14.0,0.0
ton->bot,50.0,46,15,rls_prossimale,0.9130640347169556,14.101390057168516,-1.304110239627268,4.0,0.0
ton->bot,50.0,46,15,rls_guardia_prossimale,0.9130640347169556,14.101390057168516,-1.304110239627268,4.0,0.0
ton->bot,50.0,46,16,statico,0.7363330785954421,3.4641016151377544,0.0,,
ton->bot,50.0,46,16,rls,0.910148170144791,5.9132392741721285,0.0930611768254072,10.0,0.0
ton->bot,50.0,46,16,rls_guardia,0.910148170144791,5.9132392741721285,0.0930611768254072,10.0,0.0
ton->bot,50.0,46,16,rls_prossimale,0.8982325268310138,11.599704069053129,-0.8936023414553275,14.0,0.0
ton->bot,50.0,46,16,rls_guardia_prossimale,0.8982325268310138,11.599704069053129,-0.8936023414553275,14.0,0.0
ton->bot,50.0,46,17,statico,0.7282597773490681,3.4641016151377544,0.0,,
ton->bot,50.0,46,17,rls,0.8450793332413606,10.14765958065193,0.2995532034969004,5.0,0.0
ton->bot,50.0,46,17,rls_guardia,0.8450793332413606,10.14765958065193,0.2995532034969004,5.0,0.0
ton->bot,50.0,46,17,rls_prossimale,0.8826213265251537,10.200199104843902,-0.8666962350943319,0.0,0.0
ton->bot,50.0,46,17,rls_guardia_prossimale,0.8826213265251537,10.200199104843902,-0.8666962350943319,0.0,1.0
ton->bot,50.0,46,18,statico,0.7286271669035705,3.4641016151377544,0.0,,
ton->bot,50.0,46,18,rls,0.9223460993552062,6.180713603594372,0.5753042915162425,11.0,0.0
ton->bot,50.0,46,18,rls_guardia,0.9223460993552062,6.180713603594372,0.5753042915162425,11.0,0.0
ton->bot,50.0,46,18,rls_prossimale,0.9264561531821692,6.86177880463723,-0.7135002151127291,6.0,0.0
ton->bot,50.0,46,18,rls_guardia_prossimale,0.8942675090001143,10.200199104843902,-0.8666962350943319,1.0,1.0
ton->bot,50.0,46,19,statico,0.3883249154039773,3.4641016151377544,0.0,,
ton->bot,50.0,46,19,rls,0.8272574219466253,7.9396321494901745,1.3258321274066636,1.0,0.0
ton->bot,50.0,46,19,rls_guardia,0.8272574219466253,7.9396321494901745,1.3258321274066636,1.0,0.0
ton->bot,50.0,46,19,rls_prossimale,0.8318581120501408,8.155176085483475,-0.1213520170941741,0.0,0.0
ton->bot,50.0,46,19,rls_guardia_prossimale,0.6606157590305213,24.20133998497393,-0.9625123185718264,1.0,1.0
bot->unsw,3.0,42,0,statico,0.98985,3.4641016151377544,0.0,,
bot->unsw,3.0,42,0,rls,0.98985,3.4641016151377544,0.0,0.0,0.0
bot->unsw,3.0,42,0,rls_guardia,0.98985,3.4641016151377544,0.0,0.0,1.0
bot->unsw,3.0,42,0,rls_prossimale,0.98985,3.4641016151377544,0.0,0.0,0.0
bot->unsw,3.0,42,0,rls_guardia_prossimale,0.98985,3.4641016151377544,0.0,0.0,1.0
bot->unsw,3.0,42,1,statico,0.8386313069753074,3.4641016151377544,0.0,,
bot->unsw,3.0,42,1,rls,0.4998980580049951,2.109266318351971,1.804197064263961,1.0,0.0
bot->unsw,3.0,42,1,rls_guardia,0.8386313069753074,3.4641016151377544,0.0,13.0,1.0
bot->unsw,3.0,42,1,rls_prossimale,0.5917860571980212,2.96778719566677,1.2759920000453346,16.0,0.0
bot->unsw,3.0,42,1,rls_guardia_prossimale,0.8386313069753074,3.4641016151377544,0.0,13.0,1.0
bot->unsw,3.0,42,2,statico,0.8221703111660252,3.4641016151377544,0.0,,
bot->unsw,3.0,42,2,rls,0.5,1.8250413050782144,3.4534924868795955,3.0,0.0
bot->unsw,3.0,42,2,rls_guardia,0.7432596067630239,4.637349956267628,0.7392812274360073,0.0,2.0
bot->unsw,3.0,42,2,rls_prossimale,0.5469344590739239,6.003003270406127,2.4757812928551486,5.0,0.0
bot->unsw,3.0,42,2,rls_guardia_prossimale,0.8310890381868026,4.698977578532103,0.428101863125342,1.0,1.0
bot->unsw,3.0,42,3,statico,0.8172164598235876,3.4641016151377544,0.0,,
bot->unsw,3.0,42,3,rls,0.5,2.8941873147951824,3.6325159578325854,1.0,0.0
bot->unsw,3.0,42,3,rls_guardia,0.7643885865937202,4.637349956267628,0.7392812274360073,1.0,2.0
bot->unsw,3.0,42,3,rls_prossimale,0.5948535978234748,9.641268568280651,4.290071150577512,1.0,0.0
bot->unsw,3.0,42,3,rls_guardia_prossimale,0.7494329493162756,5.6744662485334,2.553155328278462,1.0,1.0
bot->unsw,3.0,42,4,statico,0.7953784798550112,3.4641016151377544,0.0,,
bot->unsw,3.0,42,4,rls,0.500330250990753,3.329241209426001,3.345384441420993,8.0,0.0
bot->unsw,3.0,42,4,rls_guardia,0.758917634266697,4.612227136457345,1.0007329864688468,8.0,2.0
bot->unsw,3.0,42,4,rls_prossimale,0.5467617609441598,6.221115682015102,4.948333797968262,0.0,0.0
bot->unsw,3.0,42,4,rls_guardia_prossimale,0.7401674314998061,5.5767533288385,2.53494793827994,13.0,1.0
bot->unsw,3.0,42,5,statico,0.7805856672859184,3.4641016151377544,0.0,,
bot->unsw,3.0,42,5,rls,0.5712610975459401,4.246096670415065,3.674177778239713,4.0,0.0
bot->unsw,3.0,42,5,rls_guardia,0.7741905458111795,4.420144553342992,2.094497353688155,4.0,2.0
bot->unsw,3.0,42,5,rls_prossimale,0.5387984363050313,5.818910779098474,4.405510921946585,4.0,0.0
bot->unsw,3.0,42,5,rls_guardia_prossimale,0.7828940651144509,6.571098106601567,3.4265382136236067,4.0,1.0
bot->unsw,3.0,42,6,statico,0.760378434762049,3.4641016151377544,0.0,,
bot->unsw,3.0,42,6,rls,0.6035513554731288,4.891576237477906,3.370409788245584,12.0,0.0
bot->unsw,3.0,42,6,rls_guardia,0.8025973157826893,4.489236627841147,2.1454240938423523,8.0,2.0
bot->unsw,3.0,42,6,rls_prossimale,0.5228682266906258,5.429162804405894,4.171760718482104,1.0,0.0
bot->unsw,3.0,42,6,rls_guardia_prossimale,0.7435020302317671,6.5231884661122255,3.960449844826024,15.0,1.0
bot->unsw,3.0,42,7,statico,0.7477062573363144,3.4641016151377544,0.0,,
bot->unsw,3.0,42,7,rls,0.6129171412440719,5.492329154122408,3.5688497334241496,8.0,0.0
bot->unsw,3.0,42,7,rls_guardia,0.750362940197963,4.305861321389382,2.4788225943919486,15.0,2.0
bot->unsw,3.0,42,7,rls_prossimale,0.5053151413865985,6.232056004960203,4.854784028562729,11.0,0.0
bot->unsw,3.0,42,7,rls_guardia_prossimale,0.7701854337023175,6.505419007238631,3.6663632841613873,5.0,1.0
bot->unsw,3.0,42,8,statico,0.724520352495837,3.4641016151377544,0.0,,
bot->unsw,3.0,42,8,rls,0.6126100641869651,6.237798408927804,3.525814908370178,10.0,0.0
bot->unsw,3.0,42,8,rls_guardia,0.818013495720869,5.252669684705469,2.503271416403263,10.0,2.0
bot->unsw,3.0,42,8,rls_prossimale,0.5252748276730047,8.870968528593997,5.559190426298639,8.0,0.0
bot->unsw,3.0,42,8,rls_guardia_prossimale,0.7811429007086705,6.868713325339437,3.8648405278956215,16.0,1.0
bot->unsw,3.0,42,9,statico,0.710288764323868,3.4641016151377544,0.0,,
bot->unsw,3.0,42,9,rls,0.604819033111576,6.094707282739384,3.5140597625801018,3.0,0.0
bot->unsw,3.0,42,9,rls_guardia,0.8142849542877786,5.3879981839746725,2.677491299722885,3.0,2.0
bot->unsw,3.0,42,9,rls_prossimale,0.5231082134891953,8.94801011481972,5.775706891757269,3.0,0.0
bot->unsw,3.0,42,9,rls_guardia_prossimale,0.7844395019735533,6.939753642441572,4.107002728618553,3.0,1.0
bot->unsw,3.0,42,10,statico,0.6870245411163012,3.4641016151377544,0.0,,
bot->unsw,3.0,42,10,rls,0.6100793180204653,5.307729833696843,3.0620054058466435,8.0,0.0
bot->unsw,3.0,42,10,rls_guardia,0.8113146959583355,5.22117386408378,2.8061823148511627,8.0,2.0
bot->unsw,3.0,42,10,rls_prossimale,0.524520191504902,4.559592226083489,4.396022778915076,8.0,0.0
bot->unsw,3.0,42,10,rls_guardia_prossimale,0.7577630872692325,6.607976863091384,4.269672850935887,8.0,1.0
bot->unsw,3.0,42,11,statico,0.6691635804444079,3.4641016151377544,0.0,,
bot->unsw,3.0,42,11,rls,0.6848993119007191,5.007043090202662,2.3981212986080687,6.0,0.0
bot->unsw,3.0,42,11,rls_guardia,0.8103167988408769,5.36638583945822,2.8607646296965665,6.0,2.0
bot->unsw,3.0,42,11,rls_prossimale,0.6011182594213165,3.4767504399973084,2.8167614713422684,6.0,0.0
bot->unsw,3.0,42,11,rls_guardia_prossimale,0.7807175167998095,6.513361390024961,4.02386442290801,6.0,1.0
bot->unsw,3.0,42,12,statico,0.6438915596363914,3.4641016151377544,0.0,,
bot->unsw,3.0,42,12,rls,0.6851987005871494,4.912799710579365,1.9401446563446625,5.0,0.0
bot->unsw,3.0,42,12,rls_guardia,0.8035888718098884,5.375473920249914,2.500628930765,5.0,2.0
bot->unsw,3.0,42,12,rls_prossimale,0.5766231480559725,2.7121356427708627,1.7703746636645363,5.0,0.0
bot->unsw,3.0,42,12,rls_guardia_prossimale,0.7847098415650937,6.193146791723295,3.303148429651161,5.0,1.0
bot->unsw,3.0,42,13,statico,0.621148603964708,3.4641016151377544,0.0,,
bot->unsw,3.0,42,13,rls,0.6935132613943685,5.288535882274209,1.9540869915136616,4.0,0.0
bot->unsw,3.0,42,13,rls_guardia,0.8038630901495234,5.6888015963558125,2.623145287828677,12.0,2.0
bot->unsw,3.0,42,13,rls_prossimale,0.6361212370491045,3.188135375474601,1.8003692318799969,9.0,0.0
bot->unsw,3.0,42,13,rls_guardia_prossimale,0.798308654719852,6.575477049936052,3.404161152239884,11.0,1.0
bot->unsw,3.0,42,14,statico,0.5940874613425364,3.4641016151377544,0.0,,
bot->unsw,3.0,42,14,rls,0.5714759821072939,9.2066158096718,1.8177133283040896,8.0,0.0
bot->unsw,3.0,42,14,rls_guardia,0.7917850399716668,6.146589171169766,2.65561489837543,8.0,2.0
bot->unsw,3.0,42,14,rls_prossimale,0.6080606184313353,3.879603512460949,1.8198301029925248,8.0,0.0
bot->unsw,3.0,42,14,rls_guardia_prossimale,0.748308176425989,8.54042195808794,3.7494097034219145,8.0,1.0
bot->unsw,3.0,42,15,statico,0.5679724882255681,3.4641016151377544,0.0,,
bot->unsw,3.0,42,15,rls,0.694591864055415,5.580568242616321,1.5733637095535769,8.0,0.0
bot->unsw,3.0,42,15,rls_guardia,0.7952045416113436,5.762634631456079,2.4515551388027257,8.0,2.0
bot->unsw,3.0,42,15,rls_prossimale,0.64318147656387,2.80650267097794,1.4335422242438194,8.0,0.0
bot->unsw,3.0,42,15,rls_guardia_prossimale,0.7954442969161009,6.999353854894402,3.407188839880046,8.0,1.0
bot->unsw,3.0,42,16,statico,0.5363785758726315,3.4641016151377544,0.0,,
bot->unsw,3.0,42,16,rls,0.6959707483792329,5.828213312511669,1.5101177227934393,13.0,0.0
bot->unsw,3.0,42,16,rls_guardia,0.7830418015602643,5.813568011655332,2.389618736473433,13.0,2.0
bot->unsw,3.0,42,16,rls_prossimale,0.6601840883143502,3.040108154908707,1.4039517824201695,13.0,0.0
bot->unsw,3.0,42,16,rls_guardia_prossimale,0.7808292501290546,6.989402949249971,3.2614599346167097,13.0,1.0
bot->unsw,3.0,42,17,statico,0.5164332304145297,3.4641016151377544,0.0,,
bot->unsw,3.0,42,17,rls,0.7343396436656469,5.884833179027749,1.7353189973789462,10.0,0.0
bot->unsw,3.0,42,17,rls_guardia,0.7860176947733443,5.890597732670979,2.543048064709647,10.0,2.0
bot->unsw,3.0,42,17,rls_prossimale,0.6691895810634523,2.7570914244181988,1.4969832728075054,10.0,0.0
bot->unsw,3.0,42,17,rls_guardia_prossimale,0.7906288540540585,7.222609224174212,3.407408109091745,10.0,1.0
bot->unsw,3.0,42,18,statico,0.4794027749158596,3.4641016151377544,0.0,,
bot->unsw,3.0,42,18,rls,0.6963283020811869,9.552046968415826,1.906700260792644,9.0,0.0
bot->unsw,3.0,42,18,rls_guardia,0.754638990486984,8.27786599390982,2.518968632901322,9.0,2.0
bot->unsw,3.0,42,18,rls_prossimale,0.7058466841816059,3.525244838183704,1.5053241185715909,9.0,0.0
bot->unsw,3.0,42,18,rls_guardia_prossimale,0.7651166517846921,10.12073322124901,3.3375231159642818,9.0,1.0
bot->unsw,3.0,42,19,statico,0.4441155492607459,3.4641016151377544,0.0,,
bot->unsw,3.0,42,19,rls,0.7365780045219925,6.438317511327269,1.939256952879707,14.0,0.0
bot->unsw,3.0,42,19,rls_guardia,0.7749583831677158,6.714155191394799,2.597037466637691,14.0,2.0
bot->unsw,3.0,42,19,rls_prossimale,0.722363341238705,2.964294277717806,1.5740912907431244,14.0,0.0
bot->unsw,3.0,42,19,rls_guardia_prossimale,0.7841074906429836,8.33901920955607,3.464811770478451,14.0,1.0
bot->unsw,3.0,43,0,statico,0.99065,3.4641016151377544,0.0,,
bot->unsw,3.0,43,0,rls,0.99065,3.4641016151377544,0.0,0.0,0.0
bot->unsw,3.0,43,0,rls_guardia,0.99065,3.4641016151377544,0.0,0.0,1.0
bot->unsw,3.0,43,0,rls_prossimale,0.99065,3.4641016151377544,0.0,0.0,0.0
bot->unsw,3.0,43,0,rls_guardia_prossimale,0.99065,3.4641016151377544,0.0,0.0,1.0
bot->unsw,3.0,43,1,statico,0.8386751804926282,3.4641016151377544,0.0,,
bot->unsw,3.0,43,1,rls,0.4999745430477063,1.8980071369545468,2.304211644121944,15.0,0.0
bot->unsw,3.0,43,1,rls_guardia,0.8386751804926282,3.4641016151377544,0.0,9.0,1.0
bot->unsw,3.0,43,1,rls_prossimale,0.5690664134302654,2.918729326187236,1.8379349596323529,12.0,0.0
bot->unsw,3.0,43,1,rls_guardia_prossimale,0.8386751804926282,3.4641016151377544,0.0,9.0,1.0
bot->unsw,3.0,43,2,statico,0.817769937492224,3.4641016151377544,0.0,,
bot->unsw,3.0,43,2,rls,0.5605793445478375,3.434060025941476,2.951804374219197,0.0,0.0
bot->unsw,3.0,43,2,rls_guardia,0.8295839929469606,4.390422368847173,0.8585976036808826,13.0,1.0
bot->unsw,3.0,43,2,rls_prossimale,0.5703161533478341,2.9145466790210577,2.723964995570764,11.0,0.0
bot->unsw,3.0,43,2,rls_guardia_prossimale,0.8334239631731812,4.7372473903336525,0.5571624533383277,15.0,1.0
bot->unsw,3.0,43,3,statico,0.8146831326353949,3.4641016151377544,0.0,,
bot->unsw,3.0,43,3,rls,0.5646412097754485,3.494947650014272,3.693992196773043,1.0,0.0
bot->unsw,3.0,43,3,rls_guardia,0.8362382623696378,4.953125849025553,1.374327446281166,1.0,1.0
bot->unsw,3.0,43,3,rls_prossimale,0.5167060167091221,3.0407549733772266,2.9993074787005303,1.0,0.0
bot->unsw,3.0,43,3,rls_guardia_prossimale,0.8149728590669842,6.77565052843886,0.1815631043977248,1.0,1.0
bot->unsw,3.0,43,4,statico,0.8082825896386212,3.4641016151377544,0.0,,
bot->unsw,3.0,43,4,rls,0.7307613063145842,4.471002417735983,3.674350491823645,10.0,0.0
bot->unsw,3.0,43,4,rls_guardia,0.8081659571056298,4.7772597867805295,2.681251291061863,10.0,1.0
bot->unsw,3.0,43,4,rls_prossimale,0.587844908118563,3.653426387322458,3.204358798637757,13.0,0.0
bot->unsw,3.0,43,4,rls_guardia_prossimale,0.829683067772656,7.01477930169521,1.336826468423721,14.0,1.0
bot->unsw,3.0,43,5,statico,0.7809471695885822,3.4641016151377544,0.0,,
bot->unsw,3.0,43,5,rls,0.7752915560790368,4.942275627180773,4.130470618310236,3.0,0.0
bot->unsw,3.0,43,5,rls_guardia,0.793803449617986,4.974114985303769,3.327080126350884,5.0,1.0
bot->unsw,3.0,43,5,rls_prossimale,0.6127220842530604,4.458090183710507,3.5223749990066784,10.0,0.0
bot->unsw,3.0,43,5,rls_guardia_prossimale,0.7867053292232721,7.346114821195593,1.533508349043745,6.0,1.0
bot->unsw,3.0,43,6,statico,0.7574857154830784,3.4641016151377544,0.0,,
bot->unsw,3.0,43,6,rls,0.7141652785953427,5.838279548279343,4.635189832344479,4.0,0.0
bot->unsw,3.0,43,6,rls_guardia,0.7773587698614917,5.36377056691631,3.387833311881818,4.0,1.0
bot->unsw,3.0,43,6,rls_prossimale,0.6124248951527389,5.543661858161035,3.4578963836328245,4.0,0.0
bot->unsw,3.0,43,6,rls_guardia_prossimale,0.7832045320427515,7.502636641151123,1.6282009973432594,4.0,1.0
bot->unsw,3.0,43,7,statico,0.7517668955717374,3.4641016151377544,0.0,,
bot->unsw,3.0,43,7,rls,0.7482555664294679,5.424732525577691,4.322098010507186,6.0,0.0
bot->unsw,3.0,43,7,rls_guardia,0.7644263066664455,5.080684102887048,3.2409102317157155,6.0,1.0
bot->unsw,3.0,43,7,rls_prossimale,0.6168654726557964,4.7334698353315865,2.424525794308364,6.0,0.0
bot->unsw,3.0,43,7,rls_guardia_prossimale,0.8206827342544827,5.825933851440048,1.5514657339716709,6.0,1.0
bot->unsw,3.0,43,8,statico,0.7284267105301325,3.4641016151377544,0.0,,
bot->unsw,3.0,43,8,rls,0.7550038269238739,5.6398987587462805,3.9417821075325934,3.0,0.0
bot->unsw,3.0,43,8,rls_guardia,0.7653110352891652,5.402877530287023,3.576832510955848,3.0,1.0
bot->unsw,3.0,43,8,rls_prossimale,0.7575614142016693,5.009284244706508,2.402173975013612,3.0,0.0
bot->unsw,3.0,43,8,rls_guardia_prossimale,0.8405438932061056,6.13564784455647,1.89089888237272,3.0,1.0
bot->unsw,3.0,43,9,statico,0.7104560688102746,3.4641016151377544,0.0,,
bot->unsw,3.0,43,9,rls,0.7570464535829354,5.027958176585057,3.428969359013032,7.0,0.0
bot->unsw,3.0,43,9,rls_guardia,0.7724894916683396,4.914530433240661,3.123472238054824,7.0,1.0
bot->unsw,3.0,43,9,rls_prossimale,0.7688787628705469,5.126172552811482,2.056235116625845,7.0,0.0
bot->unsw,3.0,43,9,rls_guardia_prossimale,0.8400547294818018,6.204289572955088,1.8890364832701327,7.0,1.0
bot->unsw,3.0,43,10,statico,0.6892886443321582,3.4641016151377544,0.0,,
bot->unsw,3.0,43,10,rls,0.7518185159792573,5.129157314323025,3.465641307007577,3.0,0.0
bot->unsw,3.0,43,10,rls_guardia,0.7604231044953402,4.971933377145167,3.153778657553039,3.0,1.0
bot->unsw,3.0,43,10,rls_prossimale,0.7472642579530939,4.977833822759962,2.2403739086726024,3.0,0.0
bot->unsw,3.0,43,10,rls_guardia_prossimale,0.7892496375694182,5.582874575289846,1.98779599181443,3.0,1.0
bot->unsw,3.0,43,11,statico,0.6663355579961957,3.4641016151377544,0.0,,
bot->unsw,3.0,43,11,rls,0.7485030498316734,5.473634398374708,3.555308666741016,5.0,0.0
bot->unsw,3.0,43,11,rls_guardia,0.7516757609567309,5.290792207921662,3.154591982694599,5.0,1.0
bot->unsw,3.0,43,11,rls_prossimale,0.7273329178434038,5.259376532991358,2.431272981365354,5.0,0.0
bot->unsw,3.0,43,11,rls_guardia_prossimale,0.7710243715351626,5.5071356802993225,1.890967204887651,5.0,1.0
bot->unsw,3.0,43,12,statico,0.6463277968925494,3.4641016151377544,0.0,,
bot->unsw,3.0,43,12,rls,0.7395989296640271,5.701550428704637,3.6248694572629656,10.0,0.0
bot->unsw,3.0,43,12,rls_guardia,0.7539743556405912,5.449936771638884,3.2955545963262707,10.0,1.0
bot->unsw,3.0,43,12,rls_prossimale,0.7165333536798444,5.175678557124566,2.685255566734704,10.0,0.0
bot->unsw,3.0,43,12,rls_guardia_prossimale,0.7497567314561624,5.655764522610411,1.915080445936958,10.0,1.0
bot->unsw,3.0,43,13,statico,0.6220007054831986,3.4641016151377544,0.0,,
bot->unsw,3.0,43,13,rls,0.7720022774779423,5.13826194700795,2.7407156682573404,10.0,0.0
bot->unsw,3.0,43,13,rls_guardia,0.7577733657065383,5.346437227790255,2.6309561473768017,4.0,1.0
bot->unsw,3.0,43,13,rls_prossimale,0.7722323603449847,4.8787374923576525,2.228724659200785,9.0,0.0
bot->unsw,3.0,43,13,rls_guardia_prossimale,0.7905237325637335,5.856583472319003,1.8232339395106405,13.0,1.0
bot->unsw,3.0,43,14,statico,0.5998817283067388,3.4641016151377544,0.0,,
bot->unsw,3.0,43,14,rls,0.7868997599528706,20.95758707366366,2.633914241743878,5.0,0.0
bot->unsw,3.0,43,14,rls_guardia,0.7297356853769253,4.209041722755033,2.5474226109567906,5.0,1.0
bot->unsw,3.0,43,14,rls_prossimale,0.7841638867590297,5.074764464444759,1.9453465356710409,5.0,0.0
bot->unsw,3.0,43,14,rls_guardia_prossimale,0.8115330586290261,11.909911927532272,2.306129771179163,5.0,1.0
bot->unsw,3.0,43,15,statico,0.5720754499014058,3.4641016151377544,0.0,,
bot->unsw,3.0,43,15,rls,0.7663495082847176,4.709957520060218,2.3331044874436766,7.0,0.0
bot->unsw,3.0,43,15,rls_guardia,0.7468698820830976,3.65744882327521,2.138541645633836,7.0,1.0
bot->unsw,3.0,43,15,rls_prossimale,0.7685120884745597,3.2238401111035206,1.405285980818674,7.0,0.0
bot->unsw,3.0,43,15,rls_guardia_prossimale,0.7340092202708028,4.323687460297796,1.9066628089186608,7.0,1.0
bot->unsw,3.0,43,16,statico,0.5475934571950555,3.4641016151377544,0.0,,
bot->unsw,3.0,43,16,rls,0.7542980634883326,4.939542348016672,2.536235392359432,10.0,0.0
bot->unsw,3.0,43,16,rls_guardia,0.7492811532886747,3.461557389415004,2.290129977310573,10.0,1.0
bot->unsw,3.0,43,16,rls_prossimale,0.7639686321435057,3.039197348104669,1.5636695236242943,10.0,0.0
bot->unsw,3.0,43,16,rls_guardia_prossimale,0.7438184880892602,4.386016532575466,1.929503717666337,10.0,1.0
bot->unsw,3.0,43,17,statico,0.5117242893645251,3.4641016151377544,0.0,,
bot->unsw,3.0,43,17,rls,0.7627414914990139,4.859247942675661,2.3773870113331994,14.0,0.0
bot->unsw,3.0,43,17,rls_guardia,0.7509981909295597,3.393299947321577,2.017843011860133,14.0,1.0
bot->unsw,3.0,43,17,rls_prossimale,0.7610210886795878,2.9492670663386886,1.2227148738326574,14.0,0.0
bot->unsw,3.0,43,17,rls_guardia_prossimale,0.7520680888386476,4.164279054076733,1.7465697515564216,14.0,1.0
bot->unsw,3.0,43,18,statico,0.4861930206794793,3.4641016151377544,0.0,,
bot->unsw,3.0,43,18,rls,0.763248851492982,4.98051652119373,2.28371729781044,10.0,0.0
bot->unsw,3.0,43,18,rls_guardia,0.7472362180074957,4.2195538768515615,1.9512210357805628,10.0,1.0
bot->unsw,3.0,43,18,rls_prossimale,0.7607680894517239,3.794921025019172,1.1935638532379096,10.0,0.0
bot->unsw,3.0,43,18,rls_guardia_prossimale,0.7617860541805775,4.852941685715226,1.7621759230968834,10.0,1.0
bot->unsw,3.0,43,19,statico,0.4519254455068147,3.4641016151377544,0.0,,
bot->unsw,3.0,43,19,rls,0.7730942576256872,4.854289895964312,2.4081402417935456,10.0,0.0
bot->unsw,3.0,43,19,rls_guardia,0.7469978854410053,4.316597048145272,2.1602307002162022,10.0,1.0
bot->unsw,3.0,43,19,rls_prossimale,0.7568968803199329,3.7744614644055,1.1622911240027165,10.0,0.0
bot->unsw,3.0,43,19,rls_guardia_prossimale,0.7534539713222737,4.652472579243613,1.7039983838190578,10.0,1.0
bot->unsw,3.0,44,0,statico,0.9901,3.4641016151377544,0.0,,
bot->unsw,3.0,44,0,rls,0.9901,3.4641016151377544,0.0,0.0,0.0
bot->unsw,3.0,44,0,rls_guardia,0.9901,3.4641016151377544,0.0,0.0,1.0
bot->unsw,3.0,44,0,rls_prossimale,0.9901,3.4641016151377544,0.0,0.0,0.0
bot->unsw,3.0,44,0,rls_guardia_prossimale,0.9901,3.4641016151377544,0.0,0.0,1.0
bot->unsw,3.0,44,1,statico,0.8655921999758234,3.4641016151377544,0.0,,
bot->unsw,3.0,44,1,rls,0.499872038833577,2.554303221696349,1.85546043920314,0.0,0.0
bot->unsw,3.0,44,1,rls_guardia,0.8655921999758234,3.4641016151377544,0.0,8.0,1.0
bot->unsw,3.0,44,1,rls_prossimale,0.5776432134574067,3.1066550167465903,1.3684420372612336,0.0,0.0
bot->unsw,3.0,44,1,rls_guardia_prossimale,0.8655921999758234,3.4641016151377544,0.0,8.0,1.0
bot->unsw,3.0,44,2,statico,0.8583229767469935,3.4641016151377544,0.0,,
bot->unsw,3.0,44,2,rls,0.5,1.7148764430739454,3.144583886391444,13.0,0.0
bot->unsw,3.0,44,2,rls_guardia,0.7210598533442701,4.1605332636989685,0.8820988373846717,11.0,1.0
bot->unsw,3.0,44,2,rls_prossimale,0.5,1.958286756926904,3.530597940786231,6.0,0.0
bot->unsw,3.0,44,2,rls_guardia_prossimale,0.7841780822656079,4.62844556164622,0.4884259428325191,13.0,1.0
bot->unsw,3.0,44,3,statico,0.8415555069828493,3.4641016151377544,0.0,,
bot->unsw,3.0,44,3,rls,0.5643590224260568,3.779286417308801,3.8301262892235015,12.0,0.0
bot->unsw,3.0,44,3,rls_guardia,0.7385995099491991,4.973833295661208,1.6543837754669202,6.0,1.0
bot->unsw,3.0,44,3,rls_prossimale,0.5136724058221431,3.4649896083072305,4.202059139569201,12.0,0.0
bot->unsw,3.0,44,3,rls_guardia_prossimale,0.7535576412795101,6.57737231807113,1.0627024161832912,9.0,1.0
bot->unsw,3.0,44,4,statico,0.8200301994129107,3.4641016151377544,0.0,,
bot->unsw,3.0,44,4,rls,0.5510381525144463,3.921474493041615,4.160567403132759,1.0,0.0
bot->unsw,3.0,44,4,rls_guardia,0.7250819163477877,5.349731370558097,1.563803510937028,3.0,1.0
bot->unsw,3.0,44,4,rls_prossimale,0.5202427642134022,4.334924126430591,4.581311065759553,14.0,0.0
bot->unsw,3.0,44,4,rls_guardia_prossimale,0.735296176544905,7.224876957130498,1.8292104534502192,2.0,1.0
bot->unsw,3.0,44,5,statico,0.8010161999026941,3.4641016151377544,0.0,,
bot->unsw,3.0,44,5,rls,0.5436265622149243,4.908852523074327,4.376540613712437,13.0,0.0
bot->unsw,3.0,44,5,rls_guardia,0.7138162896065194,4.993718258425263,1.9608262948482176,9.0,1.0
bot->unsw,3.0,44,5,rls_prossimale,0.4912500760201909,3.906672328436221,4.774206245678335,1.0,0.0
bot->unsw,3.0,44,5,rls_guardia_prossimale,0.695984328437633,7.323152914983581,2.4766968279054566,7.0,1.0
bot->unsw,3.0,44,6,statico,0.7840541662199296,3.4641016151377544,0.0,,
bot->unsw,3.0,44,6,rls,0.5921992575932254,6.713223462021942,4.283343299231238,3.0,0.0
bot->unsw,3.0,44,6,rls_guardia,0.7043257000520825,5.273427796357196,2.1651383718717256,3.0,1.0
bot->unsw,3.0,44,6,rls_prossimale,0.428683543088947,23.67316632421724,4.891808093488699,3.0,0.0
bot->unsw,3.0,44,6,rls_guardia_prossimale,0.6105124164802418,15.30569942978452,1.818243573259957,3.0,1.0
bot->unsw,3.0,44,7,statico,0.764181965938764,3.4641016151377544,0.0,,
bot->unsw,3.0,44,7,rls,0.5860497230710835,5.177372167207236,3.8463067509589273,5.0,0.0
bot->unsw,3.0,44,7,rls_guardia,0.6792077388929133,4.09334103226275,1.4929994993832765,5.0,1.0
bot->unsw,3.0,44,7,rls_prossimale,0.5111631676541287,6.486351132514921,3.559208907502857,5.0,0.0
bot->unsw,3.0,44,7,rls_guardia_prossimale,0.7029444007064045,5.5987588145939045,0.8911578827855428,5.0,1.0
bot->unsw,3.0,44,8,statico,0.7458636427049017,3.4641016151377544,0.0,,
bot->unsw,3.0,44,8,rls,0.6707840530900351,5.172312031024107,3.104018649580316,8.0,0.0
bot->unsw,3.0,44,8,rls_guardia,0.6834628404453558,4.333877192708783,1.517646744079131,8.0,1.0
bot->unsw,3.0,44,8,rls_prossimale,0.535594551546394,3.452568019478245,2.085895718947196,8.0,0.0
bot->unsw,3.0,44,8,rls_guardia_prossimale,0.6928459789036209,4.819177758241206,1.0223935725960966,8.0,1.0
bot->unsw,3.0,44,9,statico,0.728424744654181,3.4641016151377544,0.0,,
bot->unsw,3.0,44,9,rls,0.7312260685377309,5.564398171445899,3.055064538134763,4.0,0.0
bot->unsw,3.0,44,9,rls_guardia,0.7036107592559153,4.434939526445747,1.5050036152517043,4.0,1.0
bot->unsw,3.0,44,9,rls_prossimale,0.6355995590569724,4.193730402284586,1.744302888916168,4.0,0.0
bot->unsw,3.0,44,9,rls_guardia_prossimale,0.6911687055229037,4.629659533503718,1.042358021799097,4.0,1.0
bot->unsw,3.0,44,10,statico,0.7128468941864686,3.4641016151377544,0.0,,
bot->unsw,3.0,44,10,rls,0.7248542694679013,5.827051406425173,3.1272735825788147,6.0,0.0
bot->unsw,3.0,44,10,rls_guardia,0.700633379698821,4.415917891116271,1.5645904660901495,6.0,1.0
bot->unsw,3.0,44,10,rls_prossimale,0.6544065097350777,4.583036783719164,1.775660972268467,6.0,0.0
bot->unsw,3.0,44,10,rls_guardia_prossimale,0.6914031674524067,4.531824093955098,1.170167277486922,6.0,1.0
bot->unsw,3.0,44,11,statico,0.6831174243729339,3.4641016151377544,0.0,,
bot->unsw,3.0,44,11,rls,0.7539430847492012,6.085679801143221,3.036687877028544,8.0,0.0
bot->unsw,3.0,44,11,rls_guardia,0.6927445108289588,4.181553401062602,1.4765574761398326,8.0,1.0
bot->unsw,3.0,44,11,rls_prossimale,0.6542215880930966,4.8908373002594026,1.6574740754654358,8.0,0.0
bot->unsw,3.0,44,11,rls_guardia_prossimale,0.6780339071014618,4.411848208157895,1.148960135845408,8.0,1.0
bot->unsw,3.0,44,12,statico,0.6675540679170326,3.4641016151377544,0.0,,
bot->unsw,3.0,44,12,rls,0.7142941902112943,5.643752414277075,2.880746544473864,9.0,0.0
bot->unsw,3.0,44,12,rls_guardia,0.6753171220421958,4.763397852249296,1.4480299384975392,9.0,1.0
bot->unsw,3.0,44,12,rls_prossimale,0.6679248825196722,4.777051601925689,1.5368059946343464,9.0,0.0
bot->unsw,3.0,44,12,rls_guardia_prossimale,0.6554470468406173,4.936921053427032,1.185056871283314,9.0,1.0
bot->unsw,3.0,44,13,statico,0.643944174261349,3.4641016151377544,0.0,,
bot->unsw,3.0,44,13,rls,0.7143641315531853,4.981073731490969,2.035917232616582,6.0,0.0
bot->unsw,3.0,44,13,rls_guardia,0.6990023671425845,3.904268322366895,1.0320173173622074,6.0,1.0
bot->unsw,3.0,44,13,rls_prossimale,0.6413358695256249,4.568771262005618,1.219979303811104,6.0,0.0
bot->unsw,3.0,44,13,rls_guardia_prossimale,0.6895452075585645,4.169993415513385,0.7587476910983453,6.0,1.0
bot->unsw,3.0,44,14,statico,0.6236052276351537,3.4641016151377544,0.0,,
bot->unsw,3.0,44,14,rls,0.7090086900805566,4.833595767283688,2.0009246751513734,10.0,0.0
bot->unsw,3.0,44,14,rls_guardia,0.6886195789839256,3.821782232307619,1.176035018209561,10.0,1.0
bot->unsw,3.0,44,14,rls_prossimale,0.6539393551192478,4.567623799627444,1.2629539628408155,10.0,0.0
bot->unsw,3.0,44,14,rls_guardia_prossimale,0.6695694401961775,3.9177213420454624,0.9902346764677836,10.0,1.0
bot->unsw,3.0,44,15,statico,0.5857155310568434,3.4641016151377544,0.0,,
bot->unsw,3.0,44,15,rls,0.705863110722862,4.964327121325174,1.9750696872077305,15.0,0.0
bot->unsw,3.0,44,15,rls_guardia,0.6881663500961128,3.667696893605142,0.995412359245637,15.0,1.0
bot->unsw,3.0,44,15,rls_prossimale,0.7089882105251347,4.640953529880187,1.14669939055192,15.0,0.0
bot->unsw,3.0,44,15,rls_guardia_prossimale,0.6730303097257275,3.714061823594985,0.9845059466888432,15.0,1.0
bot->unsw,3.0,44,16,statico,0.5615539722603348,3.4641016151377544,0.0,,
bot->unsw,3.0,44,16,rls,0.6839923143892938,4.592926176583479,1.5733144914414108,8.0,0.0
bot->unsw,3.0,44,16,rls_guardia,0.6775595794278357,3.4088624176698143,0.8224547005566581,8.0,1.0
bot->unsw,3.0,44,16,rls_prossimale,0.7081801095182926,4.660877622787519,0.9926278519119486,8.0,0.0
bot->unsw,3.0,44,16,rls_guardia_prossimale,0.6541978076609125,3.3824041432639365,0.8088875855423264,8.0,1.0
bot->unsw,3.0,44,17,statico,0.5284412172130278,3.4641016151377544,0.0,,
bot->unsw,3.0,44,17,rls,0.6885587940990033,5.754147387388373,1.4365810018286214,13.0,0.0
bot->unsw,3.0,44,17,rls_guardia,0.7372439903002309,3.601097428324802,0.781844310000262,13.0,1.0
bot->unsw,3.0,44,17,rls_prossimale,0.6885066534207513,5.937273530312731,0.8930886354389739,13.0,0.0
bot->unsw,3.0,44,17,rls_guardia_prossimale,0.7325455015005844,3.4889876422355903,0.7047204128868131,13.0,1.0
bot->unsw,3.0,44,18,statico,0.5003109193765701,3.4641016151377544,0.0,,
bot->unsw,3.0,44,18,rls,0.7082598371408325,5.674935455767812,1.2759704684956474,13.0,0.0
bot->unsw,3.0,44,18,rls_guardia,0.7371265008669852,3.5960764465992754,0.5808080354050787,13.0,1.0
bot->unsw,3.0,44,18,rls_prossimale,0.6876791598089839,6.157071192733354,0.7036519517050859,13.0,0.0
bot->unsw,3.0,44,18,rls_guardia_prossimale,0.7483038964342092,3.489673921066087,0.5648313731823118,13.0,1.0
bot->unsw,3.0,44,19,statico,0.4723365232315785,3.4641016151377544,0.0,,
bot->unsw,3.0,44,19,rls,0.727564908842961,6.256415560562808,1.123586239959786,13.0,0.0
bot->unsw,3.0,44,19,rls_guardia,0.7328937699775131,4.251913344175059,0.5696102351106691,13.0,1.0
bot->unsw,3.0,44,19,rls_prossimale,0.7004282861724078,6.616610936309681,0.6990256489030792,13.0,0.0
bot->unsw,3.0,44,19,rls_guardia_prossimale,0.7336018023052839,4.133195912142501,0.5241912205835795,13.0,1.0
bot->unsw,3.0,45,0,statico,0.98975,3.4641016151377544,0.0,,
bot->unsw,3.0,45,0,rls,0.98975,3.4641016151377544,0.0,0.0,0.0
bot->unsw,3.0,45,0,rls_guardia,0.98975,3.4641016151377544,0.0,0.0,1.0
bot->unsw,3.0,45,0,rls_prossimale,0.98975,3.4641016151377544,0.0,0.0,0.0
bot->unsw,3.0,45,0,rls_guardia_prossimale,0.98975,3.4641016151377544,0.0,0.0,1.0
bot->unsw,3.0,45,1,statico,0.8658851783080563,3.4641016151377544,0.0,,
bot->unsw,3.0,45,1,rls,0.4999745326745785,1.9960294572279351,2.222999798556328,1.0,0.0
bot->unsw,3.0,45,1,rls_guardia,0.8658851783080563,3.4641016151377544,0.0,1.0,1.0
bot->unsw,3.0,45,1,rls_prossimale,0.5853593967005727,3.0263670302363,1.6608556374656784,1.0,0.0
bot->unsw,3.0,45,1,rls_guardia_prossimale,0.8658851783080563,3.4641016151377544,0.0,1.0,1.0
bot->unsw,3.0,45,2,statico,0.836125295963333,3.4641016151377544,0.0,,
bot->unsw,3.0,45,2,rls,0.4999740043672663,2.1645735712599827,2.949260052395289,9.0,0.0
bot->unsw,3.0,45,2,rls_guardia,0.5500791271766082,2.281629039091986,2.520927462568848,13.0,1.0
bot->unsw,3.0,45,2,rls_prossimale,0.5500791271766082,3.016094267379351,3.032768344674836,3.0,0.0
bot->unsw,3.0,45,2,rls_guardia_prossimale,0.5687486747657203,2.6984109794752698,2.390996059646803,5.0,1.0
bot->unsw,3.0,45,3,statico,0.832134925875654,3.4641016151377544,0.0,,
bot->unsw,3.0,45,3,rls,0.5439536105188131,3.845826929773384,3.868293021331139,0.0,0.0
bot->unsw,3.0,45,3,rls_guardia,0.5867987940382748,3.542135010087621,3.0530287659489623,0.0,2.0
bot->unsw,3.0,45,3,rls_prossimale,0.5534061730257377,3.7852421133700336,3.933761350152564,13.0,0.0
bot->unsw,3.0,45,3,rls_guardia_prossimale,0.5683625283409901,3.474769976413304,3.4744996918379267,13.0,1.0
bot->unsw,3.0,45,4,statico,0.8184223439195699,3.4641016151377544,0.0,,
bot->unsw,3.0,45,4,rls,0.5578658949351538,2.9198538913825307,4.157144924717912,13.0,0.0
bot->unsw,3.0,45,4,rls_guardia,0.5907059122704594,3.542135010087621,3.0530287659489623,0.0,3.0
bot->unsw,3.0,45,4,rls_prossimale,0.587801353156709,5.071203004196442,3.940754207573069,11.0,0.0
bot->unsw,3.0,45,4,rls_guardia_prossimale,0.5857880937968976,4.396170687634492,3.788475003313473,10.0,1.0
bot->unsw,3.0,45,5,statico,0.7961769022780039,3.4641016151377544,0.0,,
bot->unsw,3.0,45,5,rls,0.5850070519613854,5.599192181873587,4.660410696233849,15.0,0.0
bot->unsw,3.0,45,5,rls_guardia,0.6014936866089742,3.542135010087621,3.0530287659489623,0.0,4.0
bot->unsw,3.0,45,5,rls_prossimale,0.6391403699852315,11.900944250082707,4.290222364503353,1.0,0.0
bot->unsw,3.0,45,5,rls_guardia_prossimale,0.6228645434033331,7.08510536390598,3.7332470363891153,14.0,1.0
bot->unsw,3.0,45,6,statico,0.780382453275111,3.4641016151377544,0.0,,
bot->unsw,3.0,45,6,rls,0.5891363659322685,5.565292109002336,4.914191334021955,0.0,0.0
bot->unsw,3.0,45,6,rls_guardia,0.6045682092630406,3.542135010087621,3.0530287659489623,0.0,5.0
bot->unsw,3.0,45,6,rls_prossimale,0.5925905886249904,5.193511763045449,5.125031348187048,14.0,0.0
bot->unsw,3.0,45,6,rls_guardia_prossimale,0.6228801840505591,6.031214935619888,3.65252252821283,15.0,1.0
bot->unsw,3.0,45,7,statico,0.7710152225913984,3.4641016151377544,0.0,,
bot->unsw,3.0,45,7,rls,0.5840583245296651,6.23560938448007,5.226933830569486,2.0,0.0
bot->unsw,3.0,45,7,rls_guardia,0.5936143528072297,3.542135010087621,3.0530287659489623,2.0,5.0
bot->unsw,3.0,45,7,rls_prossimale,0.5850357369628166,5.484062101895339,4.949702381247831,2.0,0.0
bot->unsw,3.0,45,7,rls_guardia_prossimale,0.6246813231776407,6.627523773596609,3.801162593759335,2.0,1.0
bot->unsw,3.0,45,8,statico,0.7527805623556187,3.4641016151377544,0.0,,
bot->unsw,3.0,45,8,rls,0.6437655411201043,6.082331478795792,4.5890951096860935,2.0,0.0
bot->unsw,3.0,45,8,rls_guardia,0.6439912091313637,4.159881122310827,3.4401680652095856,2.0,5.0
bot->unsw,3.0,45,8,rls_prossimale,0.5849474077105763,5.886486652231551,3.8551511653408936,2.0,0.0
bot->unsw,3.0,45,8,rls_guardia_prossimale,0.6225591481975574,6.518400438942344,3.3684115091260884,2.0,1.0
bot->unsw,3.0,45,9,statico,0.7285988903508809,3.4641016151377544,0.0,,
bot->unsw,3.0,45,9,rls,0.6421299906887181,5.898888451150044,4.617210967592543,3.0,0.0
bot->unsw,3.0,45,9,rls_guardia,0.6493314311266195,3.399309711503585,3.5521086320473905,3.0,5.0
bot->unsw,3.0,45,9,rls_prossimale,0.580351183428829,5.76948202278807,3.7381334092704632,3.0,0.0
bot->unsw,3.0,45,9,rls_guardia_prossimale,0.615610921965294,6.577204255232245,3.5734605830480457,3.0,1.0
bot->unsw,3.0,45,10,statico,0.7085343756444494,3.4641016151377544,0.0,,
bot->unsw,3.0,45,10,rls,0.6415072318235471,5.393248922683754,4.510163900486695,7.0,0.0
bot->unsw,3.0,45,10,rls_guardia,0.6205812143577372,3.403897114205274,3.5068022023343564,7.0,5.0
bot->unsw,3.0,45,10,rls_prossimale,0.5894905131864067,5.100301290477892,3.680250785573269,7.0,0.0
bot->unsw,3.0,45,10,rls_guardia_prossimale,0.6235518347183491,6.510768584300483,3.62534652806491,7.0,1.0
bot->unsw,3.0,45,11,statico,0.6886828944844543,3.4641016151377544,0.0,,
bot->unsw,3.0,45,11,rls,0.6299766939881873,5.343651869283633,3.109216544972907,10.0,0.0
bot->unsw,3.0,45,11,rls_guardia,0.604476402382387,3.7294830530657466,2.047810950445967,10.0,5.0
bot->unsw,3.0,45,11,rls_prossimale,0.5854603727711848,4.114120400014136,2.566002182397596,10.0,0.0
bot->unsw,3.0,45,11,rls_guardia_prossimale,0.6238396980625371,6.5668655573914565,2.79887271429251,10.0,1.0
bot->unsw,3.0,45,12,statico,0.6656040894471624,3.4641016151377544,0.0,,
bot->unsw,3.0,45,12,rls,0.7104584766122233,4.92084257009843,2.8900143139936016,9.0,0.0
bot->unsw,3.0,45,12,rls_guardia,0.6700029430290226,3.359766621092482,1.7737256159236776,9.0,5.0
bot->unsw,3.0,45,12,rls_prossimale,0.6333534140285568,3.2136449273777763,2.1059900126695608,9.0,0.0
bot->unsw,3.0,45,12,rls_guardia_prossimale,0.6646751540614442,7.0819050150905865,2.843212261601157,9.0,1.0
bot->unsw,3.0,45,13,statico,0.6374227950636773,3.4641016151377544,0.0,,
bot->unsw,3.0,45,13,rls,0.7277257443357921,4.390768176755987,2.257851192728649,9.0,0.0
bot->unsw,3.0,45,13,rls_guardia,0.7055417060594393,3.4269384278000903,1.3702312822605558,9.0,5.0
bot->unsw,3.0,45,13,rls_prossimale,0.6785040707244875,3.277651578526367,1.8537042933736825,9.0,0.0
bot->unsw,3.0,45,13,rls_guardia_prossimale,0.6856416039842205,7.11773928327975,2.544592611049456,9.0,1.0
bot->unsw,3.0,45,14,statico,0.6132433658399647,3.4641016151377544,0.0,,
bot->unsw,3.0,45,14,rls,0.7152131827654392,4.472606456286467,2.3705611326869387,13.0,0.0
bot->unsw,3.0,45,14,rls_guardia,0.6873604248559682,3.541642730390707,1.5848744891291606,13.0,5.0
bot->unsw,3.0,45,14,rls_prossimale,0.6596030674386424,3.1480172229959487,1.9446668221596584,13.0,0.0
bot->unsw,3.0,45,14,rls_guardia_prossimale,0.6710820899254698,7.228033558422267,2.594943354777969,13.0,1.0
bot->unsw,3.0,45,15,statico,0.5850402496041023,3.4641016151377544,0.0,,
bot->unsw,3.0,45,15,rls,0.7491976001055727,5.110102059650454,2.622909804750276,6.0,0.0
bot->unsw,3.0,45,15,rls_guardia,0.7260735191539099,3.840103402772897,1.7096373166582035,6.0,5.0
bot->unsw,3.0,45,15,rls_prossimale,0.704223537691979,3.481777745600996,1.9684039112229927,6.0,0.0
bot->unsw,3.0,45,15,rls_guardia_prossimale,0.724186524394842,7.798870189394186,2.7973083050832948,6.0,1.0
bot->unsw,3.0,45,16,statico,0.553602187107887,3.4641016151377544,0.0,,
bot->unsw,3.0,45,16,rls,0.7343144691716792,5.140583530760566,2.6942922862530856,14.0,0.0
bot->unsw,3.0,45,16,rls_guardia,0.7172213971896662,4.067772533669109,1.7697721561821016,14.0,5.0
bot->unsw,3.0,45,16,rls_prossimale,0.697658391412064,3.5585808418597624,2.03151137830453,14.0,0.0
bot->unsw,3.0,45,16,rls_guardia_prossimale,0.7122500121677463,7.928006379821552,2.889032807143071,14.0,1.0
bot->unsw,3.0,45,17,statico,0.5255561498977226,3.4641016151377544,0.0,,
bot->unsw,3.0,45,17,rls,0.7821290505621374,7.679351822022444,2.828931143927376,15.0,0.0
bot->unsw,3.0,45,17,rls_guardia,0.7739575917377183,5.650276769316066,1.8772271596031032,15.0,5.0
bot->unsw,3.0,45,17,rls_prossimale,0.7773787738367899,5.324653353232614,2.1355505954121465,15.0,0.0
bot->unsw,3.0,45,17,rls_guardia_prossimale,0.7950552391109786,10.761204512694611,3.016566813937137,15.0,1.0
bot->unsw,3.0,45,18,statico,0.4958488664996399,3.4641016151377544,0.0,,
bot->unsw,3.0,45,18,rls,0.7758695022231425,6.930085604140943,2.40534712789786,13.0,0.0
bot->unsw,3.0,45,18,rls_guardia,0.7658902172770483,5.601049132002658,1.7696074201775556,13.0,5.0
bot->unsw,3.0,45,18,rls_prossimale,0.7721522759027964,5.293086300837851,1.9895298869048053,13.0,0.0
bot->unsw,3.0,45,18,rls_guardia_prossimale,0.7948306010815557,11.048132327189252,2.808190107910013,13.0,1.0
bot->unsw,3.0,45,19,statico,0.4703962862660131,3.4641016151377544,0.0,,
bot->unsw,3.0,45,19,rls,0.7399050787013435,5.394960490115795,2.635314794138097,12.0,0.0
bot->unsw,3.0,45,19,rls_guardia,0.7637780187471015,4.53507135105946,1.949097459571025,12.0,5.0
bot->unsw,3.0,45,19,rls_prossimale,0.7355720267009949,4.034896965589415,2.138327048886819,12.0,0.0
bot->unsw,3.0,45,19,rls_guardia_prossimale,0.7251641354493592,8.811634583474481,3.029314918940204,12.0,1.0
bot->unsw,3.0,46,0,statico,0.9916,3.4641016151377544,0.0,,
bot->unsw,3.0,46,0,rls,0.9916,3.4641016151377544,0.0,0.0,0.0
bot->unsw,3.0,46,0,rls_guardia,0.9916,3.4641016151377544,0.0,0.0,1.0
bot->unsw,3.0,46,0,rls_prossimale,0.9916,3.4641016151377544,0.0,0.0,0.0
bot->unsw,3.0,46,0,rls_guardia_prossimale,0.9916,3.4641016151377544,0.0,0.0,1.0
bot->unsw,3.0,46,1,statico,0.8803800658406731,3.4641016151377544,0.0,,
bot->unsw,3.0,46,1,rls,0.5,2.054503859698076,2.290379309040988,1.0,0.0
bot->unsw,3.0,46,1,rls_guardia,0.8803800658406731,3.4641016151377544,0.0,1.0,1.0
bot->unsw,3.0,46,1,rls_prossimale,0.5890995434687394,3.0862434365871,1.767863284808059,1.0,0.0
bot->unsw,3.0,46,1,rls_guardia_prossimale,0.8803800658406731,3.4641016151377544,0.0,1.0,1.0
bot->unsw,3.0,46,2,statico,0.8396681868303025,3.4641016151377544,0.0,,
bot->unsw,3.0,46,2,rls,0.4998959850218431,2.3458626985605657,2.743945805617648,0.0,0.0
bot->unsw,3.0,46,2,rls_guardia,0.5721554059224943,2.4744060523651568,2.2028269646732763,14.0,1.0
bot->unsw,3.0,46,2,rls_prossimale,0.5013945013263257,3.093650586747509,2.742385968023469,7.0,0.0
bot->unsw,3.0,46,2,rls_guardia_prossimale,0.6269295317385808,2.8903520313917266,2.1708114521660526,12.0,1.0
bot->unsw,3.0,46,3,statico,0.8400764225181598,3.4641016151377544,0.0,,
bot->unsw,3.0,46,3,rls,0.5,2.8769334377832285,3.944276638744849,14.0,0.0
bot->unsw,3.0,46,3,rls_guardia,0.727088377723971,3.346067960134975,2.264592855644917,10.0,1.0
bot->unsw,3.0,46,3,rls_prossimale,0.5020732445520582,3.0995514596180205,3.318907710331441,16.0,0.0
bot->unsw,3.0,46,3,rls_guardia_prossimale,0.7560457021791767,3.692372141430724,2.053057282175509,5.0,1.0
bot->unsw,3.0,46,4,statico,0.8227231771450774,3.4641016151377544,0.0,,
bot->unsw,3.0,46,4,rls,0.530193414863253,4.091421094537129,4.249170672247503,3.0,0.0
bot->unsw,3.0,46,4,rls_guardia,0.7197342645867306,4.53244763841336,3.0595263334859952,3.0,1.0
bot->unsw,3.0,46,4,rls_prossimale,0.5223555715631073,4.448189217120462,3.9189623488052527,3.0,0.0
bot->unsw,3.0,46,4,rls_guardia_prossimale,0.7812319952749569,7.381086118299902,2.9471877858273845,3.0,1.0
bot->unsw,3.0,46,5,statico,0.8051622834028547,3.4641016151377544,0.0,,
bot->unsw,3.0,46,5,rls,0.7008382061738871,3.991439038654862,4.49257122886265,13.0,0.0
bot->unsw,3.0,46,5,rls_guardia,0.7356891568627866,4.143744274561506,3.438477053816363,1.0,1.0
bot->unsw,3.0,46,5,rls_prossimale,0.704088741780719,5.02019247677063,4.061339504158417,16.0,0.0
bot->unsw,3.0,46,5,rls_guardia_prossimale,0.7075976807889099,4.379459567843724,3.435034643815184,11.0,1.0
bot->unsw,3.0,46,6,statico,0.7814454163548259,3.4641016151377544,0.0,,
bot->unsw,3.0,46,6,rls,0.7075944252933832,5.75949873468295,5.024741028887318,4.0,0.0
bot->unsw,3.0,46,6,rls_guardia,0.6896185460422357,5.691479581104475,3.47207259905437,4.0,1.0
bot->unsw,3.0,46,6,rls_prossimale,0.6898969849152016,5.851017882947172,4.882295506808746,4.0,0.0
bot->unsw,3.0,46,6,rls_guardia_prossimale,0.6741783253507395,5.14103767954508,3.754092961600432,4.0,1.0
bot->unsw,3.0,46,7,statico,0.7644661163630366,3.4641016151377544,0.0,,
bot->unsw,3.0,46,7,rls,0.5683808442084999,3.807869646017133,4.063074470300048,4.0,0.0
bot->unsw,3.0,46,7,rls_guardia,0.6938240013638585,3.9625770956139728,2.7123061154218706,4.0,1.0
bot->unsw,3.0,46,7,rls_prossimale,0.6862674834319419,5.038439339882999,3.847154824679497,4.0,0.0
bot->unsw,3.0,46,7,rls_guardia_prossimale,0.6926441308972076,4.378441231736414,3.1926052766863657,4.0,1.0
bot->unsw,3.0,46,8,statico,0.7465933505213118,3.4641016151377544,0.0,,
bot->unsw,3.0,46,8,rls,0.6565417742457816,3.561182170986543,3.878009567643703,6.0,0.0
bot->unsw,3.0,46,8,rls_guardia,0.6895032476764877,4.225279861407468,2.693434682960361,6.0,1.0
bot->unsw,3.0,46,8,rls_prossimale,0.6905678172030796,4.926521046707051,3.328689966150123,6.0,0.0
bot->unsw,3.0,46,8,rls_guardia_prossimale,0.6878131594390546,4.401272709203711,2.717745840846772,6.0,1.0
bot->unsw,3.0,46,9,statico,0.719091036257755,3.4641016151377544,0.0,,
bot->unsw,3.0,46,9,rls,0.6286337798662562,3.304181553984044,3.6773211653960782,12.0,0.0
bot->unsw,3.0,46,9,rls_guardia,0.6816888530083658,4.064381437701655,2.512290353548916,1.0,1.0
bot->unsw,3.0,46,9,rls_prossimale,0.6975102134619868,5.330386769030427,3.206814740804321,9.0,0.0
bot->unsw,3.0,46,9,rls_guardia_prossimale,0.7104948986707277,4.321508703899959,2.664788103883009,5.0,1.0
bot->unsw,3.0,46,10,statico,0.708923321180564,3.4641016151377544,0.0,,
bot->unsw,3.0,46,10,rls,0.7157781361864236,3.649556830866751,3.5933408267869416,11.0,0.0
bot->unsw,3.0,46,10,rls_guardia,0.6819830994774618,4.474958567269976,3.316203638533681,11.0,1.0
bot->unsw,3.0,46,10,rls_prossimale,0.7025070504281452,5.950144675378424,3.803891916757967,11.0,0.0
bot->unsw,3.0,46,10,rls_guardia_prossimale,0.7064089275619896,4.057341353097622,2.518800176088816,11.0,1.0
bot->unsw,3.0,46,11,statico,0.6818082947424289,3.4641016151377544,0.0,,
bot->unsw,3.0,46,11,rls,0.6904080199942835,3.644386212482768,3.107714899503982,3.0,0.0
bot->unsw,3.0,46,11,rls_guardia,0.6788042056456389,4.153673577789834,2.614238692631721,3.0,1.0
bot->unsw,3.0,46,11,rls_prossimale,0.7591678860600004,5.646485856858032,3.4604667952779526,3.0,0.0
bot->unsw,3.0,46,11,rls_guardia_prossimale,0.7004846918330062,3.3910891504326752,2.1340786633450457,3.0,1.0
bot->unsw,3.0,46,12,statico,0.6626971411689846,3.4641016151377544,0.0,,
bot->unsw,3.0,46,12,rls,0.6889010089991818,3.0007059209726967,2.764710367605697,5.0,0.0
bot->unsw,3.0,46,12,rls_guardia,0.6756351695300428,3.907129961270183,2.4227321695508834,5.0,1.0
bot->unsw,3.0,46,12,rls_prossimale,0.7567397282065267,4.928805606743454,3.020163421879785,5.0,0.0
bot->unsw,3.0,46,12,rls_guardia_prossimale,0.6892180256340332,3.4203376766990865,2.013078387531281,5.0,1.0
bot->unsw,3.0,46,13,statico,0.6412130354930948,3.4641016151377544,0.0,,
bot->unsw,3.0,46,13,rls,0.6742914241512981,3.09043129975443,2.5662963286745617,7.0,0.0
bot->unsw,3.0,46,13,rls_guardia,0.682568842778706,3.760859432581356,2.0475431897892986,7.0,1.0
bot->unsw,3.0,46,13,rls_prossimale,0.757778502334354,4.876402321029019,2.661490891076584,7.0,0.0
bot->unsw,3.0,46,13,rls_guardia_prossimale,0.6891058316920433,3.419695094794239,1.7944102696481246,7.0,1.0
bot->unsw,3.0,46,14,statico,0.6152383284108681,3.4641016151377544,0.0,,
bot->unsw,3.0,46,14,rls,0.7579909616285974,3.2669691444379545,2.566671663706866,10.0,0.0
bot->unsw,3.0,46,14,rls_guardia,0.6962095026158084,3.885360155737622,1.9814761231659912,16.0,1.0
bot->unsw,3.0,46,14,rls_prossimale,0.7715237538507622,5.119287477200428,2.6239653021709755,14.0,0.0
bot->unsw,3.0,46,14,rls_guardia_prossimale,0.7146219928952706,3.6301310532702367,1.7581904929381198,10.0,1.0
bot->unsw,3.0,46,15,statico,0.5865309719222633,3.4641016151377544,0.0,,
bot->unsw,3.0,46,15,rls,0.7849155436312242,6.088397425261689,2.564337857377608,8.0,0.0
bot->unsw,3.0,46,15,rls_guardia,0.779092533510231,6.052151577699922,2.2086247262796843,8.0,1.0
bot->unsw,3.0,46,15,rls_prossimale,0.7791463236576645,6.528237033689161,2.554346670012689,8.0,0.0
bot->unsw,3.0,46,15,rls_guardia_prossimale,0.7584079179494456,6.396277970433181,1.9470845564515555,8.0,1.0
bot->unsw,3.0,46,16,statico,0.562914774540943,3.4641016151377544,0.0,,
bot->unsw,3.0,46,16,rls,0.7630174577973319,5.8141821267309854,2.538744263166838,8.0,0.0
bot->unsw,3.0,46,16,rls_guardia,0.7538785569223045,5.3138753158040215,2.132022968289889,8.0,1.0
bot->unsw,3.0,46,16,rls_prossimale,0.7775354750772143,7.22535047106472,2.533593790162003,8.0,0.0
bot->unsw,3.0,46,16,rls_guardia_prossimale,0.7823075171719098,5.230605723349656,1.8891104908515832,8.0,1.0
bot->unsw,3.0,46,17,statico,0.5280850243093591,3.4641016151377544,0.0,,
bot->unsw,3.0,46,17,rls,0.7594601190711265,7.723913038491384,2.586656654689954,9.0,0.0
bot->unsw,3.0,46,17,rls_guardia,0.7697600622041731,5.676378724659924,2.116634314295516,9.0,1.0
bot->unsw,3.0,46,17,rls_prossimale,0.7672981189517102,12.655712646058314,2.2886455003051083,9.0,0.0
bot->unsw,3.0,46,17,rls_guardia_prossimale,0.7519273309144857,8.516464124397924,1.9805336725905467,9.0,1.0
bot->unsw,3.0,46,18,statico,0.5010286098806421,3.4641016151377544,0.0,,
bot->unsw,3.0,46,18,rls,0.7727619866774078,5.6485319500207565,2.625105768827887,15.0,0.0
bot->unsw,3.0,46,18,rls_guardia,0.7750359176975655,5.278729475211607,2.16344588708688,15.0,1.0
bot->unsw,3.0,46,18,rls_prossimale,0.7927830819711628,5.690488585184315,2.4312310822050858,15.0,0.0
bot->unsw,3.0,46,18,rls_guardia_prossimale,0.7855364612373192,5.492476236016842,2.0344174580181424,15.0,1.0
bot->unsw,3.0,46,19,statico,0.4703760089516759,3.4641016151377544,0.0,,
bot->unsw,3.0,46,19,rls,0.7441040631030381,4.016656444103776,2.287036873722286,10.0,0.0
bot->unsw,3.0,46,19,rls_guardia,0.7667424362588009,4.274365531343628,1.8149653839176845,10.0,1.0
bot->unsw,3.0,46,19,rls_prossimale,0.7523724984718765,4.507146451866381,1.9642090443621625,10.0,0.0
bot->unsw,3.0,46,19,rls_guardia_prossimale,0.7291724191508211,4.695441930275988,1.7662592360362963,10.0,1.0
bot->ton,3.0,42,0,statico,0.98985,3.4641016151377544,0.0,,
bot->ton,3.0,42,0,rls,0.98985,3.4641016151377544,0.0,0.0,0.0
bot->ton,3.0,42,0,rls_guardia,0.98985,3.4641016151377544,0.0,0.0,1.0
bot->ton,3.0,42,0,rls_prossimale,0.98985,3.4641016151377544,0.0,0.0,0.0
bot->ton,3.0,42,0,rls_guardia_prossimale,0.98985,3.4641016151377544,0.0,0.0,1.0
bot->ton,3.0,42,1,statico,0.9670799734640388,3.4641016151377544,0.0,,
bot->ton,3.0,42,1,rls,0.5020661157024794,2.109266318351971,1.804197064263961,13.0,0.0
bot->ton,3.0,42,1,rls_guardia,0.9670799734640388,3.4641016151377544,0.0,0.0,2.0
bot->ton,3.0,42,1,rls_prossimale,0.6300550713216699,2.96778719566677,1.2759920000453346,9.0,0.0
bot->ton,3.0,42,1,rls_guardia_prossimale,0.9670799734640388,3.4641016151377544,0.0,0.0,2.0
bot->ton,3.0,42,2,statico,0.9423510669746972,3.4641016151377544,0.0,,
bot->ton,3.0,42,2,rls,0.7652808749099247,3.7943253093935287,2.139824535568029,0.0,0.0
bot->ton,3.0,42,2,rls_guardia,0.9423510669746972,3.4641016151377544,0.0,0.0,3.0
bot->ton,3.0,42,2,rls_prossimale,0.5961332583938871,5.207991723729621,1.82153085483164,14.0,0.0
bot->ton,3.0,42,2,rls_guardia_prossimale,0.9423510669746972,3.4641016151377544,0.0,0.0,3.0
bot->ton,3.0,42,3,statico,0.921853388658368,3.4641016151377544,0.0,,
bot->ton,3.0,42,3,rls,0.631598662978331,4.075855076421884,2.6457789739205824,1.0,0.0
bot->ton,3.0,42,3,rls_guardia,0.921853388658368,3.4641016151377544,0.0,1.0,3.0
bot->ton,3.0,42,3,rls_prossimale,0.6309820193637621,6.9033600410282165,3.06760555662459,1.0,0.0
bot->ton,3.0,42,3,rls_guardia_prossimale,0.921853388658368,3.4641016151377544,0.0,1.0,3.0
bot->ton,3.0,42,4,statico,0.9152238449124344,3.4641016151377544,0.0,,
bot->ton,3.0,42,4,rls,0.7865817576856409,4.12061482788489,2.9548595599824763,3.0,0.0
bot->ton,3.0,42,4,rls_guardia,0.720888705146341,2.321033671286915,2.149128253287934,12.0,3.0
bot->ton,3.0,42,4,rls_prossimale,0.770770656093722,6.561449899980632,3.821284945671024,13.0,0.0
bot->ton,3.0,42,4,rls_guardia_prossimale,0.7355467115618338,2.789670205011296,2.0340144154461663,5.0,3.0
bot->ton,3.0,42,5,statico,0.8975801458092315,3.4641016151377544,0.0,,
bot->ton,3.0,42,5,rls,0.7168710727810546,4.670245113517415,3.651060485954048,3.0,0.0
bot->ton,3.0,42,5,rls_guardia,0.7654744395906247,5.385746707939437,1.9127391578436628,3.0,3.0
bot->ton,3.0,42,5,rls_prossimale,0.7904352032443606,7.604185558081907,3.947571380951684,3.0,0.0
bot->ton,3.0,42,5,rls_guardia_prossimale,0.6714670474647264,3.3813694541280053,2.417742617808788,3.0,3.0
bot->ton,3.0,42,6,statico,0.8776152237621984,3.4641016151377544,0.0,,
bot->ton,3.0,42,6,rls,0.7044050575473385,4.778287232581769,2.543981083044928,2.0,0.0
bot->ton,3.0,42,6,rls_guardia,0.7265519862587935,4.200665350607928,1.5475867904527412,5.0,3.0
bot->ton,3.0,42,6,rls_prossimale,0.7850866721862666,5.844317406623983,2.456206299259191,10.0,0.0
bot->ton,3.0,42,6,rls_guardia_prossimale,0.6910026049682243,3.335094464495584,2.462197579050087,2.0,3.0
bot->ton,3.0,42,7,statico,0.8678487240700004,3.4641016151377544,0.0,,
bot->ton,3.0,42,7,rls,0.4775977366328806,13.159857806915984,2.047481841969314,3.0,0.0
bot->ton,3.0,42,7,rls_guardia,0.7076273954663986,5.903928822237424,2.032044317155154,3.0,3.0
bot->ton,3.0,42,7,rls_prossimale,0.7720385008909616,19.92304637315617,2.258689373349145,3.0,0.0
bot->ton,3.0,42,7,rls_guardia_prossimale,0.5852784780951267,9.71193017008823,1.9304261510425584,3.0,3.0
bot->ton,3.0,42,8,statico,0.8438492353823359,3.4641016151377544,0.0,,
bot->ton,3.0,42,8,rls,0.6791454786826872,5.970170935878197,1.961197418091426,6.0,0.0
bot->ton,3.0,42,8,rls_guardia,0.6978518083452856,6.218314889785292,1.7075300784958678,6.0,3.0
bot->ton,3.0,42,8,rls_prossimale,0.7820105766083755,7.52258790500596,2.602748831547474,6.0,0.0
bot->ton,3.0,42,8,rls_guardia_prossimale,0.6808223440498004,5.999822892246288,2.095985988607905,6.0,3.0
bot->ton,3.0,42,9,statico,0.8228447395301328,3.4641016151377544,0.0,,
bot->ton,3.0,42,9,rls,0.7186491317671093,5.899688892487387,2.1411332085420067,4.0,0.0
bot->ton,3.0,42,9,rls_guardia,0.7551174668028601,6.496886944075016,1.6030456974393876,4.0,3.0
bot->ton,3.0,42,9,rls_prossimale,0.7919050051072523,6.923339862140559,2.36424409014286,4.0,0.0
bot->ton,3.0,42,9,rls_guardia_prossimale,0.7048723186925434,6.389924739867301,1.808042046867382,4.0,3.0
bot->ton,3.0,42,10,statico,0.8050851447372847,3.4641016151377544,0.0,,
bot->ton,3.0,42,10,rls,0.7422981992065439,5.979389176302831,2.1544871979671405,13.0,0.0
bot->ton,3.0,42,10,rls_guardia,0.7593363155215803,6.754009185175806,1.66491991532104,8.0,3.0
bot->ton,3.0,42,10,rls_prossimale,0.7913465597655553,7.139658151799883,2.580078886158282,7.0,0.0
bot->ton,3.0,42,10,rls_guardia_prossimale,0.7092842622449814,6.59375612732087,1.7313940809442654,12.0,3.0
bot->ton,3.0,42,11,statico,0.7869870385059532,3.4641016151377544,0.0,,
bot->ton,3.0,42,11,rls,0.7619184083348143,7.745917801732822,2.030973985141258,4.0,0.0
bot->ton,3.0,42,11,rls_guardia,0.7656756510128297,7.300780071950109,1.420730192907262,4.0,3.0
bot->ton,3.0,42,11,rls_prossimale,0.7943903862303184,7.8355800262375555,2.896544775145621,4.0,0.0
bot->ton,3.0,42,11,rls_guardia_prossimale,0.7521795123679913,9.673442197273124,1.9604276459224956,4.0,3.0
bot->ton,3.0,42,12,statico,0.7676928694575729,3.4641016151377544,0.0,,
bot->ton,3.0,42,12,rls,0.7249876819811534,6.82633534091408,2.050516597407089,3.0,0.0
bot->ton,3.0,42,12,rls_guardia,0.7539758928317897,7.280176560846893,1.4917220111969,3.0,3.0
bot->ton,3.0,42,12,rls_prossimale,0.7784649643940923,7.078313762212026,2.0803334332634225,3.0,0.0
bot->ton,3.0,42,12,rls_guardia_prossimale,0.7144394257991846,8.61467047168036,2.0933321271271863,3.0,3.0
bot->ton,3.0,42,13,statico,0.7469375559658102,3.4641016151377544,0.0,,
bot->ton,3.0,42,13,rls,0.745161372358474,6.1841706005438,1.776072720696102,8.0,0.0
bot->ton,3.0,42,13,rls_guardia,0.7534768400514927,6.941488748104567,1.326095047463162,9.0,3.0
bot->ton,3.0,42,13,rls_prossimale,0.7924315433833499,6.85275047310036,1.9650296378386267,9.0,0.0
bot->ton,3.0,42,13,rls_guardia_prossimale,0.7237978027652282,7.821717974915974,1.700431226728939,6.0,3.0
bot->ton,3.0,42,14,statico,0.7313804740719276,3.4641016151377544,0.0,,
bot->ton,3.0,42,14,rls,0.7554055501848387,6.907901310220084,1.6461080145321776,6.0,0.0
bot->ton,3.0,42,14,rls_guardia,0.7635476679570266,5.88269188807193,1.52429490194269,6.0,3.0
bot->ton,3.0,42,14,rls_prossimale,0.7915594951914737,6.967043149828288,1.716216344779688,6.0,0.0
bot->ton,3.0,42,14,rls_guardia_prossimale,0.7224122442907337,7.191098419355347,2.0939111899104503,6.0,3.0
bot->ton,3.0,42,15,statico,0.7061717531025284,3.4641016151377544,0.0,,
bot->ton,3.0,42,15,rls,0.7641580357314524,5.966802657165443,1.575272509418546,7.0,0.0
bot->ton,3.0,42,15,rls_guardia,0.7449340594253995,6.124336705487568,1.51172266377554,7.0,3.0
bot->ton,3.0,42,15,rls_prossimale,0.7884718524320645,4.80023422420234,0.7777419600021104,7.0,0.0
bot->ton,3.0,42,15,rls_guardia_prossimale,0.7025663195616287,7.300349555947142,1.965489515845234,7.0,3.0
bot->ton,3.0,42,16,statico,0.6825891823887387,3.4641016151377544,0.0,,
bot->ton,3.0,42,16,rls,0.7623803302300082,6.213021143874295,1.4697318874668523,5.0,0.0
bot->ton,3.0,42,16,rls_guardia,0.7510954932508533,6.613640734888355,1.3809722773541822,5.0,3.0
bot->ton,3.0,42,16,rls_prossimale,0.7816134035700348,4.928496156238097,0.507328849904655,5.0,0.0
bot->ton,3.0,42,16,rls_guardia_prossimale,0.7466606799525668,8.176881994393785,1.8729436360021003,5.0,3.0
bot->ton,3.0,42,17,statico,0.6616061089747727,3.4641016151377544,0.0,,
bot->ton,3.0,42,17,rls,0.7675462606118666,5.439471205693117,1.449576892716512,0.0,0.0
bot->ton,3.0,42,17,rls_guardia,0.7721494240158799,5.646049513750562,1.2285300437901248,14.0,3.0
bot->ton,3.0,42,17,rls_prossimale,0.7771018450826436,4.187708684677837,0.4892548901312031,14.0,0.0
bot->ton,3.0,42,17,rls_guardia_prossimale,0.7501098502656379,7.189879895999742,1.918362772498363,6.0,3.0
bot->ton,3.0,42,18,statico,0.6399014200050428,3.4641016151377544,0.0,,
bot->ton,3.0,42,18,rls,0.612153586006044,10.90696137575602,0.7072257858326784,7.0,0.0
bot->ton,3.0,42,18,rls_guardia,0.8789453466149726,7.567674954898627,1.0756499104716584,7.0,3.0
bot->ton,3.0,42,18,rls_prossimale,0.7825418583576029,4.463009131359772,0.7535462314714512,7.0,0.0
bot->ton,3.0,42,18,rls_guardia_prossimale,0.7132933172794078,16.53638501339622,1.0563157243105117,7.0,3.0
bot->ton,3.0,42,19,statico,0.6112261694229125,3.4641016151377544,0.0,,
bot->ton,3.0,42,19,rls,0.7539446892301477,4.5332946787748085,0.3804982912275186,6.0,0.0
bot->ton,3.0,42,19,rls_guardia,0.7377683798822008,6.08261072373341,0.617788473613765,6.0,3.0
bot->ton,3.0,42,19,rls_prossimale,0.7780944600339446,4.3721441620222965,0.4483510387508719,6.0,0.0
bot->ton,3.0,42,19,rls_guardia_prossimale,0.737926757519652,5.393124677448475,0.7210831313179713,6.0,3.0
bot->ton,3.0,43,0,statico,0.99065,3.4641016151377544,0.0,,
bot->ton,3.0,43,0,rls,0.99065,3.4641016151377544,0.0,0.0,0.0
bot->ton,3.0,43,0,rls_guardia,0.99065,3.4641016151377544,0.0,0.0,1.0
bot->ton,3.0,43,0,rls_prossimale,0.99065,3.4641016151377544,0.0,0.0,0.0
bot->ton,3.0,43,0,rls_guardia_prossimale,0.99065,3.4641016151377544,0.0,0.0,1.0
bot->ton,3.0,43,1,statico,0.9685646775139808,3.4641016151377544,0.0,,
bot->ton,3.0,43,1,rls,0.5,1.8980071369545468,2.304211644121944,1.0,0.0
bot->ton,3.0,43,1,rls_guardia,0.9685646775139808,3.4641016151377544,0.0,1.0,1.0
bot->ton,3.0,43,1,rls_prossimale,0.6538266116227374,2.918729326187236,1.8379349596323529,1.0,0.0
bot->ton,3.0,43,1,rls_guardia_prossimale,0.9685646775139808,3.4641016151377544,0.0,1.0,1.0
bot->ton,3.0,43,2,statico,0.9449900272926066,3.4641016151377544,0.0,,
bot->ton,3.0,43,2,rls,0.5019722192813614,2.469837533149083,2.61906243270624,3.0,0.0
bot->ton,3.0,43,2,rls_guardia,0.6066285658647258,2.232749699731666,1.871991390845673,3.0,1.0
bot->ton,3.0,43,2,rls_prossimale,0.5018697497660422,3.1402972865486025,2.5263687753293653,2.0,0.0
bot->ton,3.0,43,2,rls_guardia_prossimale,0.7337345588857439,2.785033450480351,1.45062756761104,13.0,1.0
bot->ton,3.0,43,3,statico,0.9289905867009408,3.4641016151377544,0.0,,
bot->ton,3.0,43,3,rls,0.5121660567206757,3.086601832176147,2.4949380480847467,2.0,0.0
bot->ton,3.0,43,3,rls_guardia,0.7616138362247697,2.8058800391471705,2.2273205793595694,2.0,1.0
bot->ton,3.0,43,3,rls_prossimale,0.52485327744886,3.3918770810552554,2.599971114779891,2.0,0.0
bot->ton,3.0,43,3,rls_guardia_prossimale,0.8186636590909482,4.107671973692672,1.5222614005125312,2.0,1.0
bot->ton,3.0,43,4,statico,0.9195818985530148,3.4641016151377544,0.0,,
bot->ton,3.0,43,4,rls,0.6868941417340308,3.429989362619833,2.678008936367492,10.0,0.0
bot->ton,3.0,43,4,rls_guardia,0.7455525509498944,3.3321943960443954,2.687660019074183,10.0,1.0
bot->ton,3.0,43,4,rls_prossimale,0.580300628100066,3.4759992254674037,2.6072458876915645,10.0,0.0
bot->ton,3.0,43,4,rls_guardia_prossimale,0.8269825449181589,4.138845272280261,1.777748113461354,0.0,2.0
bot->ton,3.0,43,5,statico,0.9021494774274552,3.4641016151377544,0.0,,
bot->ton,3.0,43,5,rls,0.7136862644770169,4.746524730726594,2.387036460942125,15.0,0.0
bot->ton,3.0,43,5,rls_guardia,0.8274136419097481,4.09705173149194,2.166494066805188,6.0,1.0
bot->ton,3.0,43,5,rls_prossimale,0.7283348378652443,5.205606123495889,2.3080984295195086,8.0,0.0
bot->ton,3.0,43,5,rls_guardia_prossimale,0.8138010942304703,4.138845272280261,1.777748113461354,0.0,3.0
bot->ton,3.0,43,6,statico,0.8821195094989923,3.4641016151377544,0.0,,
bot->ton,3.0,43,6,rls,0.7246515122528338,4.270313689179907,1.3641399480694345,13.0,0.0
bot->ton,3.0,43,6,rls_guardia,0.8287433016416665,5.126338439376769,2.227019216096428,3.0,1.0
bot->ton,3.0,43,6,rls_prossimale,0.7305875409240343,5.699032535736662,2.153116226619621,2.0,0.0
bot->ton,3.0,43,6,rls_guardia_prossimale,0.7926161109195022,4.138845272280261,1.777748113461354,1.0,3.0
bot->ton,3.0,43,7,statico,0.868295714053215,3.4641016151377544,0.0,,
bot->ton,3.0,43,7,rls,0.7292033832880664,3.937138000623957,1.2383747551590238,4.0,0.0
bot->ton,3.0,43,7,rls_guardia,0.838227833572766,5.284689927340367,2.538413437454483,4.0,1.0
bot->ton,3.0,43,7,rls_prossimale,0.6912230396823876,5.737162991642415,2.659168336820191,4.0,0.0
bot->ton,3.0,43,7,rls_guardia_prossimale,0.8158091174266298,5.381419684118782,1.9551454410056517,4.0,3.0
bot->ton,3.0,43,8,statico,0.8486992204173347,3.4641016151377544,0.0,,
bot->ton,3.0,43,8,rls,0.7515881375477461,3.045814840964409,1.017407120142717,4.0,0.0
bot->ton,3.0,43,8,rls_guardia,0.8455385786830769,4.951458436693745,2.2006348198701016,4.0,1.0
bot->ton,3.0,43,8,rls_prossimale,0.7728979025434753,4.374894667722477,2.122069859463332,4.0,0.0
bot->ton,3.0,43,8,rls_guardia_prossimale,0.8410688598778846,5.026807747152911,1.1882395931352965,4.0,3.0
bot->ton,3.0,43,9,statico,0.8309597480517223,3.4641016151377544,0.0,,
bot->ton,3.0,43,9,rls,0.7665389991743508,3.135277098911481,1.0072912200915436,12.0,0.0
bot->ton,3.0,43,9,rls_guardia,0.8325094757984158,5.067547756654518,2.2854283751417577,11.0,1.0
bot->ton,3.0,43,9,rls_prossimale,0.7880361535190397,4.860722007661002,2.266552826795021,8.0,0.0
bot->ton,3.0,43,9,rls_guardia_prossimale,0.849270531116308,5.062574006911525,1.395983197751606,5.0,3.0
bot->ton,3.0,43,10,statico,0.8147827552997637,3.4641016151377544,0.0,,
bot->ton,3.0,43,10,rls,0.7994956015252048,4.127759953685491,1.2969599314517688,3.0,0.0
bot->ton,3.0,43,10,rls_guardia,0.8697056058901917,4.8760614615320765,1.9614086756864804,3.0,1.0
bot->ton,3.0,43,10,rls_prossimale,0.7935495195050244,4.900762925628676,2.6324725057738427,3.0,0.0
bot->ton,3.0,43,10,rls_guardia_prossimale,0.8184295978438351,5.727324108461776,1.5511689496401924,3.0,3.0
bot->ton,3.0,43,11,statico,0.7913228887018733,3.4641016151377544,0.0,,
bot->ton,3.0,43,11,rls,0.7847983254694497,3.602491150922896,1.3908714834636722,5.0,0.0
bot->ton,3.0,43,11,rls_guardia,0.8595575826596157,4.811092141194789,2.061116625746689,5.0,1.0
bot->ton,3.0,43,11,rls_prossimale,0.7805826568821709,4.791451660255385,2.7414857355578603,5.0,0.0
bot->ton,3.0,43,11,rls_guardia_prossimale,0.8268926538035878,5.123148718840288,1.5372652943866214,5.0,3.0
bot->ton,3.0,43,12,statico,0.7793272723371486,3.4641016151377544,0.0,,
bot->ton,3.0,43,12,rls,0.7888582892759346,3.7269307976214594,1.3581177731162173,6.0,0.0
bot->ton,3.0,43,12,rls_guardia,0.8715474923785722,5.269651545416811,2.132734820784778,6.0,1.0
bot->ton,3.0,43,12,rls_prossimale,0.7739343423831657,4.777271652395939,2.4775538415942453,6.0,0.0
bot->ton,3.0,43,12,rls_guardia_prossimale,0.8461132014076852,4.92855426715485,1.5660394948096437,6.0,3.0
bot->ton,3.0,43,13,statico,0.7571580225159869,3.4641016151377544,0.0,,
bot->ton,3.0,43,13,rls,0.7876685915714127,3.610462944649431,1.2837605315637082,8.0,0.0
bot->ton,3.0,43,13,rls_guardia,0.7720624257831952,4.473669992540446,1.8450510467236505,8.0,1.0
bot->ton,3.0,43,13,rls_prossimale,0.7798300126691722,4.581979259174401,2.2594743847972123,8.0,0.0
bot->ton,3.0,43,13,rls_guardia_prossimale,0.8280078307386058,4.560003349051132,1.1689554483762752,8.0,3.0
bot->ton,3.0,43,14,statico,0.7413903802067912,3.4641016151377544,0.0,,
bot->ton,3.0,43,14,rls,0.7795054288140038,3.316967934459164,1.085038249373754,3.0,0.0
bot->ton,3.0,43,14,rls_guardia,0.8603576215314298,4.150764162815598,1.4896202115682546,3.0,1.0
bot->ton,3.0,43,14,rls_prossimale,0.7731161271795312,3.748294641663242,1.8585647003431789,3.0,0.0
bot->ton,3.0,43,14,rls_guardia_prossimale,0.871804020506719,4.112561834688936,0.8463080910022838,3.0,3.0
bot->ton,3.0,43,15,statico,0.7179771935374218,3.4641016151377544,0.0,,
bot->ton,3.0,43,15,rls,0.7854953310948383,3.246979771242704,1.137465338695602,8.0,0.0
bot->ton,3.0,43,15,rls_guardia,0.8753887532235135,4.203424732466025,1.5455440295998548,8.0,1.0
bot->ton,3.0,43,15,rls_prossimale,0.7801743998551971,3.48387585051905,1.901980626955464,8.0,0.0
bot->ton,3.0,43,15,rls_guardia_prossimale,0.860140668425194,4.220243903268354,0.9625528021872284,8.0,3.0
bot->ton,3.0,43,16,statico,0.6941994171602682,3.4641016151377544,0.0,,
bot->ton,3.0,43,16,rls,0.7772504440834181,3.3348162970417925,1.3098897750023737,8.0,0.0
bot->ton,3.0,43,16,rls_guardia,0.8674091762489649,4.290722665280171,1.5774993031983715,8.0,1.0
bot->ton,3.0,43,16,rls_prossimale,0.7749089708011202,3.565487396010828,1.7986402276808051,8.0,0.0
bot->ton,3.0,43,16,rls_guardia_prossimale,0.8563262132485413,3.998847912579115,1.0873422594832314,8.0,3.0
bot->ton,3.0,43,17,statico,0.675120398543269,3.4641016151377544,0.0,,
bot->ton,3.0,43,17,rls,0.7797979280598554,3.113851362287351,1.13407103719098,7.0,0.0
bot->ton,3.0,43,17,rls_guardia,0.8518293999437794,3.8658453885057225,1.226221833834187,13.0,1.0
bot->ton,3.0,43,17,rls_prossimale,0.7703182765802136,3.073897998514921,1.4476062611946536,12.0,0.0
bot->ton,3.0,43,17,rls_guardia_prossimale,0.8500275710027068,3.331785324584544,0.6137103978276872,5.0,3.0
bot->ton,3.0,43,18,statico,0.6506731303994491,3.4641016151377544,0.0,,
bot->ton,3.0,43,18,rls,0.7802916840860594,3.41886354849747,1.1104993769801188,5.0,0.0
bot->ton,3.0,43,18,rls_guardia,0.8734886258919099,5.007716118340979,0.8759724247800421,5.0,1.0
bot->ton,3.0,43,18,rls_prossimale,0.7811741526974609,3.839470427138474,1.1341728251884824,5.0,0.0
bot->ton,3.0,43,18,rls_guardia_prossimale,0.8604856183139666,3.4794434306103152,0.8348880535084036,5.0,3.0
bot->ton,3.0,43,19,statico,0.6292214826198756,3.4641016151377544,0.0,,
bot->ton,3.0,43,19,rls,0.7740328546116308,4.301111484384769,1.0956085727189953,8.0,0.0
bot->ton,3.0,43,19,rls_guardia,0.8662502221470617,4.59510350957632,0.7673954006076854,8.0,1.0
bot->ton,3.0,43,19,rls_prossimale,0.7777274547407628,3.990386066688977,1.0433813701486778,8.0,0.0
bot->ton,3.0,43,19,rls_guardia_prossimale,0.815809587792079,4.675162375521472,0.7121391769153557,8.0,3.0
bot->ton,3.0,44,0,statico,0.9901,3.4641016151377544,0.0,,
bot->ton,3.0,44,0,rls,0.9901,3.4641016151377544,0.0,0.0,0.0
bot->ton,3.0,44,0,rls_guardia,0.9901,3.4641016151377544,0.0,0.0,1.0
bot->ton,3.0,44,0,rls_prossimale,0.9901,3.4641016151377544,0.0,0.0,0.0
bot->ton,3.0,44,0,rls_guardia_prossimale,0.9901,3.4641016151377544,0.0,0.0,1.0
bot->ton,3.0,44,1,statico,0.8799384245989601,3.4641016151377544,0.0,,
bot->ton,3.0,44,1,rls,0.4963179485266424,2.554303221696349,1.85546043920314,0.0,0.0
bot->ton,3.0,44,1,rls_guardia,0.8799384245989601,3.4641016151377544,0.0,9.0,1.0
bot->ton,3.0,44,1,rls_prossimale,0.5805262000674877,3.1066550167465903,1.3684420372612336,2.0,0.0
bot->ton,3.0,44,1,rls_guardia_prossimale,0.8799384245989601,3.4641016151377544,0.0,9.0,1.0
bot->ton,3.0,44,2,statico,0.8773187346059113,3.4641016151377544,0.0,,
bot->ton,3.0,44,2,rls,0.5,2.146632042953816,2.919139790014297,1.0,0.0
bot->ton,3.0,44,2,rls_guardia,0.6497155300697866,3.881713505739895,0.478859051889925,1.0,1.0
bot->ton,3.0,44,2,rls_prossimale,0.5255493765394088,3.2642802547372685,3.2955238534280005,1.0,0.0
bot->ton,3.0,44,2,rls_guardia_prossimale,0.7003268036740558,4.27937653701203,0.3852535599763738,1.0,1.0
bot->ton,3.0,44,3,statico,0.8658889626355379,3.4641016151377544,0.0,,
bot->ton,3.0,44,3,rls,0.5,2.3702515014354617,3.2062090382542507,1.0,0.0
bot->ton,3.0,44,3,rls_guardia,0.6326136762780599,3.829115540644117,1.4453557498215994,0.0,2.0
bot->ton,3.0,44,3,rls_prossimale,0.5181094590341165,3.6922586218204128,3.042423705261952,3.0,0.0
bot->ton,3.0,44,3,rls_guardia_prossimale,0.6333920075358431,4.549401577140238,1.5074841725721646,0.0,2.0
bot->ton,3.0,44,4,statico,0.8420373331578825,3.4641016151377544,0.0,,
bot->ton,3.0,44,4,rls,0.5,2.6180738598877724,3.957145880478032,8.0,0.0
bot->ton,3.0,44,4,rls_guardia,0.6359153828770863,3.829115540644117,1.4453557498215994,0.0,3.0
bot->ton,3.0,44,4,rls_prossimale,0.5053845197864748,4.987545713053478,3.484824617656465,3.0,0.0
bot->ton,3.0,44,4,rls_guardia_prossimale,0.6361782364150949,4.549401577140238,1.5074841725721646,0.0,3.0
bot->ton,3.0,44,5,statico,0.8266551834003489,3.4641016151377544,0.0,,
bot->ton,3.0,44,5,rls,0.5893543845386648,6.427972422630988,4.437050130595582,0.0,0.0
bot->ton,3.0,44,5,rls_guardia,0.620849525510532,3.829115540644117,1.4453557498215994,0.0,4.0
bot->ton,3.0,44,5,rls_prossimale,0.5152654664363874,5.321137372525637,3.406392747030915,13.0,0.0
bot->ton,3.0,44,5,rls_guardia_prossimale,0.6206095127098492,4.549401577140238,1.5074841725721646,1.0,3.0
bot->ton,3.0,44,6,statico,0.8104627371083,3.4641016151377544,0.0,,
bot->ton,3.0,44,6,rls,0.5495544889569683,11.844223664337331,4.773380648650088,1.0,0.0
bot->ton,3.0,44,6,rls_guardia,0.6124797351386859,3.829115540644117,1.4453557498215994,0.0,5.0
bot->ton,3.0,44,6,rls_prossimale,0.8063016467417758,6.186998062827238,3.632358387731268,0.0,0.0
bot->ton,3.0,44,6,rls_guardia_prossimale,0.6009158138694952,7.6047391209566335,1.5445667611795415,0.0,4.0
bot->ton,3.0,44,7,statico,0.7937425928154868,3.4641016151377544,0.0,,
bot->ton,3.0,44,7,rls,0.5992250580463562,6.109638831869579,4.421364031884472,2.0,0.0
bot->ton,3.0,44,7,rls_guardia,0.6077688848557069,3.829115540644117,1.4453557498215994,2.0,5.0
bot->ton,3.0,44,7,rls_prossimale,0.6299715224501681,6.349298018897502,4.445610830969084,2.0,0.0
bot->ton,3.0,44,7,rls_guardia_prossimale,0.5830507386832704,7.6047391209566335,1.5445667611795415,2.0,4.0
bot->ton,3.0,44,8,statico,0.7702248687972496,3.4641016151377544,0.0,,
bot->ton,3.0,44,8,rls,0.6015210577759184,5.190045248689506,3.611103920435412,4.0,0.0
bot->ton,3.0,44,8,rls_guardia,0.6006470029634122,3.30262465157488,1.0887216112677225,13.0,5.0
bot->ton,3.0,44,8,rls_prossimale,0.6267385594682562,6.587892859080527,4.451173424162786,10.0,0.0
bot->ton,3.0,44,8,rls_guardia_prossimale,0.612633464483259,3.9769998521920886,1.1875121874212682,12.0,4.0
bot->ton,3.0,44,9,statico,0.7522942783322197,3.4641016151377544,0.0,,
bot->ton,3.0,44,9,rls,0.5734886996720452,23.472509849921384,3.021839729469726,11.0,0.0
bot->ton,3.0,44,9,rls_guardia,0.6722707074889129,10.081820755581573,0.7561132048996472,0.0,6.0
bot->ton,3.0,44,9,rls_prossimale,0.7234038805843106,27.17600911988255,4.356220612620059,11.0,0.0
bot->ton,3.0,44,9,rls_guardia_prossimale,0.6529065748376858,4.704727379027819,0.9948692527766289,15.0,4.0
bot->ton,3.0,44,10,statico,0.7375347337425349,3.4641016151377544,0.0,,
bot->ton,3.0,44,10,rls,0.6836996545881127,6.446619096454991,3.0031445924064903,10.0,0.0
bot->ton,3.0,44,10,rls_guardia,0.663413371528107,10.081820755581573,0.7561132048996472,1.0,6.0
bot->ton,3.0,44,10,rls_prossimale,0.655838971703479,8.654513690741627,4.558355530416429,10.0,0.0
bot->ton,3.0,44,10,rls_guardia_prossimale,0.6695880533699876,5.446080035117489,0.5452054919690733,1.0,4.0
bot->ton,3.0,44,11,statico,0.7219016259365111,3.4641016151377544,0.0,,
bot->ton,3.0,44,11,rls,0.7110290306920783,23.38377757278654,3.610507306446575,5.0,0.0
bot->ton,3.0,44,11,rls_guardia,0.6190568944807804,4.752450680637893,1.1266047309771774,5.0,6.0
bot->ton,3.0,44,11,rls_prossimale,0.7766908724897152,9.4323034462149,4.518986537679576,5.0,0.0
bot->ton,3.0,44,11,rls_guardia_prossimale,0.6194936435689642,8.310756850790819,0.8257557930301409,5.0,4.0
bot->ton,3.0,44,12,statico,0.6992681120364754,3.4641016151377544,0.0,,
bot->ton,3.0,44,12,rls,0.7564338439562581,5.577831591114195,2.8611686533818363,4.0,0.0
bot->ton,3.0,44,12,rls_guardia,0.6187268546734163,3.4572512869856697,1.0428009867657684,11.0,6.0
bot->ton,3.0,44,12,rls_prossimale,0.6651831139529636,7.491492501477706,4.149362944575102,14.0,0.0
bot->ton,3.0,44,12,rls_guardia_prossimale,0.5921107754605324,5.314831783923616,0.6386648035383411,9.0,4.0
bot->ton,3.0,44,13,statico,0.676477432688311,3.4641016151377544,0.0,,
bot->ton,3.0,44,13,rls,0.7140436618878359,23.78880205927019,2.949621136586915,2.0,0.0
bot->ton,3.0,44,13,rls_guardia,0.6573982767948787,3.869138723973999,0.7075529853419594,2.0,6.0
bot->ton,3.0,44,13,rls_prossimale,0.6610721585061619,19.742605756718145,3.951758680350449,2.0,0.0
bot->ton,3.0,44,13,rls_guardia_prossimale,0.5575285439404253,14.075743144017032,0.602307476632619,2.0,4.0
bot->ton,3.0,44,14,statico,0.6550834130939991,3.4641016151377544,0.0,,
bot->ton,3.0,44,14,rls,0.7836033863850723,4.615250224086627,2.590466164186947,6.0,0.0
bot->ton,3.0,44,14,rls_guardia,0.6546056336309322,3.3196838311164973,0.8354275048650424,6.0,6.0
bot->ton,3.0,44,14,rls_prossimale,0.6715049573650912,6.8329122187996845,3.901217005214575,6.0,0.0
bot->ton,3.0,44,14,rls_guardia_prossimale,0.6029266498253982,5.615371872233506,0.6116601295654022,6.0,4.0
bot->ton,3.0,44,15,statico,0.6311793933694263,3.4641016151377544,0.0,,
bot->ton,3.0,44,15,rls,0.7708192151101247,4.215526942693852,2.38823764259385,3.0,0.0
bot->ton,3.0,44,15,rls_guardia,0.6626399366368823,3.639702554418659,0.9440889827215267,3.0,6.0
bot->ton,3.0,44,15,rls_prossimale,0.6658233189252101,6.817250722411857,3.6918806416043455,3.0,0.0
bot->ton,3.0,44,15,rls_guardia_prossimale,0.5967199799144449,5.811584592919114,0.9652293913493096,3.0,4.0
bot->ton,3.0,44,16,statico,0.6146993205624275,3.4641016151377544,0.0,,
bot->ton,3.0,44,16,rls,0.7703940962022365,5.867008955730318,2.421857252093424,10.0,0.0
bot->ton,3.0,44,16,rls_guardia,0.6153296068228669,4.983400716440287,0.9718344732913068,10.0,6.0
bot->ton,3.0,44,16,rls_prossimale,0.7642316749109054,9.226052154882614,3.596984697734683,10.0,0.0
bot->ton,3.0,44,16,rls_guardia_prossimale,0.607322264467926,6.562472176523776,1.0434617461477191,10.0,4.0
bot->ton,3.0,44,17,statico,0.5930472644909387,3.4641016151377544,0.0,,
bot->ton,3.0,44,17,rls,0.7615372699704096,4.607653354282848,2.180582311760032,10.0,0.0
bot->ton,3.0,44,17,rls_guardia,0.7747555871595275,3.9410165970879127,0.9235213410239732,10.0,6.0
bot->ton,3.0,44,17,rls_prossimale,0.7086845516997402,7.187651942667238,3.3285694797381997,10.0,0.0
bot->ton,3.0,44,17,rls_guardia_prossimale,0.6616531005340254,4.984536563602862,1.0683299318026371,10.0,4.0
bot->ton,3.0,44,18,statico,0.5626386829360472,3.4641016151377544,0.0,,
bot->ton,3.0,44,18,rls,0.7617309515318788,5.430412604719481,2.051249077933255,4.0,0.0
bot->ton,3.0,44,18,rls_guardia,0.6464634257937634,4.456235592079191,0.8523682225107393,4.0,6.0
bot->ton,3.0,44,18,rls_prossimale,0.7546042557424922,7.629935273283727,2.9437255745380995,4.0,0.0
bot->ton,3.0,44,18,rls_guardia_prossimale,0.6973959381329462,5.482729769340752,1.0311946207726643,4.0,4.0
bot->ton,3.0,44,19,statico,0.5391481020250268,3.4641016151377544,0.0,,
bot->ton,3.0,44,19,rls,0.8182027975430524,4.993006854436698,2.074753141890582,9.0,0.0
bot->ton,3.0,44,19,rls_guardia,0.776592331075781,4.480927996685253,0.8278232398423826,9.0,6.0
bot->ton,3.0,44,19,rls_prossimale,0.7270098747837022,7.238325760651706,2.734152981342481,9.0,0.0
bot->ton,3.0,44,19,rls_guardia_prossimale,0.6149661181571857,5.475272212427401,1.0616968440827212,9.0,4.0
bot->ton,3.0,45,0,statico,0.98975,3.4641016151377544,0.0,,
bot->ton,3.0,45,0,rls,0.98975,3.4641016151377544,0.0,0.0,0.0
bot->ton,3.0,45,0,rls_guardia,0.98975,3.4641016151377544,0.0,0.0,1.0
bot->ton,3.0,45,0,rls_prossimale,0.98975,3.4641016151377544,0.0,0.0,0.0
bot->ton,3.0,45,0,rls_guardia_prossimale,0.98975,3.4641016151377544,0.0,0.0,1.0
bot->ton,3.0,45,1,statico,0.9596000030116476,3.4641016151377544,0.0,,
bot->ton,3.0,45,1,rls,0.5020661157024794,1.9960294572279351,2.222999798556328,15.0,0.0
bot->ton,3.0,45,1,rls_guardia,0.9596000030116476,3.4641016151377544,0.0,0.0,2.0
bot->ton,3.0,45,1,rls_prossimale,0.617354702645816,3.0263670302363,1.6608556374656784,3.0,0.0
bot->ton,3.0,45,1,rls_guardia_prossimale,0.9596000030116476,3.4641016151377544,0.0,0.0,2.0
bot->ton,3.0,45,2,statico,0.9473192187603928,3.4641016151377544,0.0,,
bot->ton,3.0,45,2,rls,0.5630607005985439,4.437482513271559,2.6118299108231344,3.0,0.0
bot->ton,3.0,45,2,rls_guardia,0.9473192187603928,3.4641016151377544,0.0,0.0,3.0
bot->ton,3.0,45,2,rls_prossimale,0.6012187071397437,3.19769086988352,3.4550836989047315,1.0,0.0
bot->ton,3.0,45,2,rls_guardia_prossimale,0.9473192187603928,3.4641016151377544,0.0,0.0,3.0
bot->ton,3.0,45,3,statico,0.9281205122516978,3.4641016151377544,0.0,,
bot->ton,3.0,45,3,rls,0.5557871027895086,5.849633819465288,3.409811579584532,5.0,0.0
bot->ton,3.0,45,3,rls_guardia,0.9281205122516978,3.4641016151377544,0.0,0.0,4.0
bot->ton,3.0,45,3,rls_prossimale,0.5293196372337229,5.503614446107756,4.519203675195093,12.0,0.0
bot->ton,3.0,45,3,rls_guardia_prossimale,0.9281205122516978,3.4641016151377544,0.0,0.0,4.0
bot->ton,3.0,45,4,statico,0.915436347548234,3.4641016151377544,0.0,,
bot->ton,3.0,45,4,rls,0.566699244679856,5.757826240255231,3.816377085408434,3.0,0.0
bot->ton,3.0,45,4,rls_guardia,0.915436347548234,3.4641016151377544,0.0,1.0,4.0
bot->ton,3.0,45,4,rls_prossimale,0.7107619641661612,31.139715669879863,4.884256405553505,7.0,0.0
bot->ton,3.0,45,4,rls_guardia_prossimale,0.915436347548234,3.4641016151377544,0.0,1.0,4.0
bot->ton,3.0,45,5,statico,0.8936056054711863,3.4641016151377544,0.0,,
bot->ton,3.0,45,5,rls,0.5380452935214048,5.947262418931,4.416212955116033,10.0,0.0
bot->ton,3.0,45,5,rls_guardia,0.501948322837077,3.168334439404912,2.138290301589663,0.0,5.0
bot->ton,3.0,45,5,rls_prossimale,0.7225200080979883,10.311099027914928,6.8357820448755415,13.0,0.0
bot->ton,3.0,45,5,rls_guardia_prossimale,0.7116771049827849,3.9968012045181647,1.882348784305386,12.0,4.0
bot->ton,3.0,45,6,statico,0.8836281398615871,3.4641016151377544,0.0,,
bot->ton,3.0,45,6,rls,0.5655188632508237,6.591809233008702,4.271495829210481,10.0,0.0
bot->ton,3.0,45,6,rls_guardia,0.4950404310086765,3.168334439404912,2.138290301589663,2.0,5.0
bot->ton,3.0,45,6,rls_prossimale,0.7358213741024658,8.776960340763436,6.3822300241242615,15.0,0.0
bot->ton,3.0,45,6,rls_guardia_prossimale,0.8033967714330568,4.718331050162342,2.2363215705345434,0.0,5.0
bot->ton,3.0,45,7,statico,0.8600732416778429,3.4641016151377544,0.0,,
bot->ton,3.0,45,7,rls,0.5728324136274029,7.08301029024498,3.848295809849524,4.0,0.0
bot->ton,3.0,45,7,rls_guardia,0.5138993512823694,3.752290954109845,2.971219769309329,4.0,5.0
bot->ton,3.0,45,7,rls_prossimale,0.7042136120416487,9.012234636039189,5.914947637346068,4.0,0.0
bot->ton,3.0,45,7,rls_guardia_prossimale,0.7832512096988604,4.718331050162342,2.2363215705345434,4.0,5.0
bot->ton,3.0,45,8,statico,0.8449052129953372,3.4641016151377544,0.0,,
bot->ton,3.0,45,8,rls,0.5739516997589389,5.048371844501322,2.88264301754971,10.0,0.0
bot->ton,3.0,45,8,rls_guardia,0.7099203313206395,4.009937440198224,2.242356939545436,8.0,5.0
bot->ton,3.0,45,8,rls_prossimale,0.7358709867401362,8.686929251034504,5.021151646803483,16.0,0.0
bot->ton,3.0,45,8,rls_guardia_prossimale,0.7865183285838586,4.853260030371684,2.3529852644648828,0.0,6.0
bot->ton,3.0,45,9,statico,0.827217423648622,3.4641016151377544,0.0,,
bot->ton,3.0,45,9,rls,0.5756474608589048,5.694166977316229,2.8299043867578626,5.0,0.0
bot->ton,3.0,45,9,rls_guardia,0.7804517706952092,4.708310323738043,1.9847631874084453,5.0,5.0
bot->ton,3.0,45,9,rls_prossimale,0.7258154524541452,8.744476378886059,5.04430119164345,5.0,0.0
bot->ton,3.0,45,9,rls_guardia_prossimale,0.7689673648124321,4.853260030371684,2.3529852644648828,5.0,6.0
bot->ton,3.0,45,10,statico,0.8126957600854605,3.4641016151377544,0.0,,
bot->ton,3.0,45,10,rls,0.5817316349031546,4.945624979669287,2.4725714253173674,6.0,0.0
bot->ton,3.0,45,10,rls_guardia,0.7901050783113686,5.172219192893328,1.9365940173025504,6.0,5.0
bot->ton,3.0,45,10,rls_prossimale,0.7310268802594622,8.665761978473231,4.763361245617349,6.0,0.0
bot->ton,3.0,45,10,rls_guardia_prossimale,0.7896144518754279,5.916149642867089,2.271884878328272,6.0,6.0
bot->ton,3.0,45,11,statico,0.7888752087220328,3.4641016151377544,0.0,,
bot->ton,3.0,45,11,rls,0.5993317043793394,4.548814719009258,2.29465020352527,5.0,0.0
bot->ton,3.0,45,11,rls_guardia,0.7861239632791287,5.250641303916921,1.9515254384548957,3.0,5.0
bot->ton,3.0,45,11,rls_prossimale,0.733640946669258,8.129610184420457,4.236212811318412,12.0,0.0
bot->ton,3.0,45,11,rls_guardia_prossimale,0.7886783931841703,5.575421393485878,2.4838364874492487,0.0,7.0
bot->ton,3.0,45,12,statico,0.7660709298904398,3.4641016151377544,0.0,,
bot->ton,3.0,45,12,rls,0.6010058083868168,4.367425432422968,2.4359474266813512,5.0,0.0
bot->ton,3.0,45,12,rls_guardia,0.7508726917303732,6.289519619881607,2.1624425956729403,5.0,5.0
bot->ton,3.0,45,12,rls_prossimale,0.7216217791441637,7.772344363748294,4.5219990595716935,5.0,0.0
bot->ton,3.0,45,12,rls_guardia_prossimale,0.7795727176617846,5.575421393485878,2.4838364874492487,5.0,7.0
bot->ton,3.0,45,13,statico,0.7499762804955472,3.4641016151377544,0.0,,
bot->ton,3.0,45,13,rls,0.6227311645929527,3.883597368423907,2.244832441507298,16.0,0.0
bot->ton,3.0,45,13,rls_guardia,0.7687364803633555,5.532869210753855,2.3244003678690475,12.0,5.0
bot->ton,3.0,45,13,rls_prossimale,0.7301460603025189,6.043322353154534,3.961913433673475,13.0,0.0
bot->ton,3.0,45,13,rls_guardia_prossimale,0.790257614061688,4.602282403025334,2.279883350182491,1.0,7.0
bot->ton,3.0,45,14,statico,0.7274717068397998,3.4641016151377544,0.0,,
bot->ton,3.0,45,14,rls,0.6550370555936595,6.158693936624593,1.980194876400175,6.0,0.0
bot->ton,3.0,45,14,rls_guardia,0.7868002211463694,8.433865842138701,2.3075581396105,6.0,5.0
bot->ton,3.0,45,14,rls_prossimale,0.7229206548874517,7.368126501064702,3.5197205975289343,6.0,0.0
bot->ton,3.0,45,14,rls_guardia_prossimale,0.7248602457652866,6.212076864278666,2.5516429089561687,6.0,7.0
bot->ton,3.0,45,15,statico,0.7102884367554364,3.4641016151377544,0.0,,
bot->ton,3.0,45,15,rls,0.6215361339883281,3.3741328768538144,1.4932726942040435,7.0,0.0
bot->ton,3.0,45,15,rls_guardia,0.7141504928221428,5.645719156093436,2.1218519798764506,7.0,5.0
bot->ton,3.0,45,15,rls_prossimale,0.7242305197747821,4.526047193856276,2.2665729518577566,7.0,0.0
bot->ton,3.0,45,15,rls_guardia_prossimale,0.7608480965681454,4.558681180174396,1.2842008768823523,7.0,7.0
bot->ton,3.0,45,16,statico,0.685822598183583,3.4641016151377544,0.0,,
bot->ton,3.0,45,16,rls,0.6514151639458654,3.286528329658084,1.5907784825850142,4.0,0.0
bot->ton,3.0,45,16,rls_guardia,0.7423351504980322,4.441594009382714,1.926246425353613,4.0,5.0
bot->ton,3.0,45,16,rls_prossimale,0.7315602036212785,3.675928344185612,2.122991022128014,4.0,0.0
bot->ton,3.0,45,16,rls_guardia_prossimale,0.7459718654464954,3.4914918694550323,1.2507244794306691,4.0,7.0
bot->ton,3.0,45,17,statico,0.6642516324056215,3.4641016151377544,0.0,,
bot->ton,3.0,45,17,rls,0.6019450806388666,23.801156177217823,1.638139727605675,4.0,0.0
bot->ton,3.0,45,17,rls_guardia,0.7352690958592518,32.14283275919467,1.9634764313491664,4.0,5.0
bot->ton,3.0,45,17,rls_prossimale,0.6815509417187913,14.490648565925127,2.1826575245801974,4.0,0.0
bot->ton,3.0,45,17,rls_guardia_prossimale,0.6840372066103881,8.13698687138202,1.2812026234895764,4.0,7.0
bot->ton,3.0,45,18,statico,0.6402985094801905,3.4641016151377544,0.0,,
bot->ton,3.0,45,18,rls,0.6481475961128284,3.6195496512877945,1.403683726494566,10.0,0.0
bot->ton,3.0,45,18,rls_guardia,0.721024256046885,5.367558811551949,1.887577216923784,10.0,5.0
bot->ton,3.0,45,18,rls_prossimale,0.701993204290228,4.941647428216333,1.5426518450890416,10.0,0.0
bot->ton,3.0,45,18,rls_guardia_prossimale,0.776047262090876,4.904122821475844,0.9935884852923372,10.0,7.0
bot->ton,3.0,45,19,statico,0.6209867549304757,3.4641016151377544,0.0,,
bot->ton,3.0,45,19,rls,0.6653758817675488,3.3259960647140585,1.3333334317224277,11.0,0.0
bot->ton,3.0,45,19,rls_guardia,0.7667941323627246,4.929770139803197,1.7487530791938717,11.0,5.0
bot->ton,3.0,45,19,rls_prossimale,0.777436235079366,4.47571543471488,1.4086677485421115,11.0,0.0
bot->ton,3.0,45,19,rls_guardia_prossimale,0.7753410234276634,5.591196608946039,0.907171227776363,11.0,7.0
bot->ton,3.0,46,0,statico,0.9916,3.4641016151377544,0.0,,
bot->ton,3.0,46,0,rls,0.9916,3.4641016151377544,0.0,0.0,0.0
bot->ton,3.0,46,0,rls_guardia,0.9916,3.4641016151377544,0.0,0.0,1.0
bot->ton,3.0,46,0,rls_prossimale,0.9916,3.4641016151377544,0.0,0.0,0.0
bot->ton,3.0,46,0,rls_guardia_prossimale,0.9916,3.4641016151377544,0.0,0.0,1.0
bot->ton,3.0,46,1,statico,0.9535589478080356,3.4641016151377544,0.0,,
bot->ton,3.0,46,1,rls,0.5,2.054503859698076,2.290379309040988,2.0,0.0
bot->ton,3.0,46,1,rls_guardia,0.9535589478080356,3.4641016151377544,0.0,2.0,1.0
bot->ton,3.0,46,1,rls_prossimale,0.62754649248873,3.0862434365871,1.767863284808059,2.0,0.0
bot->ton,3.0,46,1,rls_guardia_prossimale,0.9535589478080356,3.4641016151377544,0.0,2.0,1.0
bot->ton,3.0,46,2,statico,0.9421758573236024,3.4641016151377544,0.0,,
bot->ton,3.0,46,2,rls,0.7372475838041581,2.669595411265949,2.060965693787318,8.0,0.0
bot->ton,3.0,46,2,rls_guardia,0.7989738266361324,2.5302464452259392,1.0243035782445145,1.0,1.0
bot->ton,3.0,46,2,rls_prossimale,0.7844774439962915,3.2466463798124634,2.04599803818369,0.0,0.0
bot->ton,3.0,46,2,rls_guardia_prossimale,0.7976732146300362,3.116380017356467,0.6520611230338749,0.0,2.0
bot->ton,3.0,46,3,statico,0.9437498604553468,3.4641016151377544,0.0,,
bot->ton,3.0,46,3,rls,0.804033136790145,4.42765833517867,0.6810275131093088,11.0,0.0
bot->ton,3.0,46,3,rls_guardia,0.7437623195532587,3.386063275944013,2.7091132622448377,9.0,1.0
bot->ton,3.0,46,3,rls_prossimale,0.6359156651380382,4.042539245960566,3.810975073226216,8.0,0.0
bot->ton,3.0,46,3,rls_guardia_prossimale,0.8022009327233521,3.116380017356467,0.6520611230338749,2.0,2.0
bot->ton,3.0,46,4,statico,0.9277659448149794,3.4641016151377544,0.0,,
bot->ton,3.0,46,4,rls,0.7930604339622118,4.736122465516442,0.794165198941558,13.0,0.0
bot->ton,3.0,46,4,rls_guardia,0.6252644901160732,4.808862817162668,2.451071705490248,4.0,1.0
bot->ton,3.0,46,4,rls_prossimale,0.6320352122621249,4.8850864612300295,4.127039942474099,7.0,0.0
bot->ton,3.0,46,4,rls_guardia_prossimale,0.7933134148466656,3.90020714964032,1.028465995973944,2.0,2.0
bot->ton,3.0,46,5,statico,0.9158391165558192,3.4641016151377544,0.0,,
bot->ton,3.0,46,5,rls,0.8072516020452192,4.646654624675897,1.1260699145698838,2.0,0.0
bot->ton,3.0,46,5,rls_guardia,0.6635472426963029,4.878547523323324,3.5044320019288304,2.0,1.0
bot->ton,3.0,46,5,rls_prossimale,0.740625283310305,5.827134772308953,3.921286855531309,2.0,0.0
bot->ton,3.0,46,5,rls_guardia_prossimale,0.7876781404073943,4.509875621207099,1.9959550235901389,2.0,2.0
bot->ton,3.0,46,6,statico,0.903753041860662,3.4641016151377544,0.0,,
bot->ton,3.0,46,6,rls,0.7936937817629421,4.432147837105679,0.7960488889824178,5.0,0.0
bot->ton,3.0,46,6,rls_guardia,0.6183364368279841,4.51641138504148,2.606439442545736,5.0,1.0
bot->ton,3.0,46,6,rls_prossimale,0.7093667656097634,5.735724051451537,2.409432130370693,5.0,0.0
bot->ton,3.0,46,6,rls_guardia_prossimale,0.7879826870303936,5.006769997669079,1.7622657443526275,5.0,2.0
bot->ton,3.0,46,7,statico,0.8899710655002622,3.4641016151377544,0.0,,
bot->ton,3.0,46,7,rls,0.8015505862237617,4.043137237591105,0.894648624481997,0.0,0.0
bot->ton,3.0,46,7,rls_guardia,0.7588874680822091,4.785302051962625,2.272074329141604,13.0,1.0
bot->ton,3.0,46,7,rls_prossimale,0.8130770885656755,6.256521137138237,2.0589604658837577,10.0,0.0
bot->ton,3.0,46,7,rls_guardia_prossimale,0.8009825321353434,5.874400461424534,1.587950628868273,3.0,2.0
bot->ton,3.0,46,8,statico,0.8741773104375752,3.4641016151377544,0.0,,
bot->ton,3.0,46,8,rls,0.7920147580084195,4.474851478774452,0.9690371840027644,4.0,0.0
bot->ton,3.0,46,8,rls_guardia,0.840949377026371,6.464398512532467,1.7929222006070311,3.0,1.0
bot->ton,3.0,46,8,rls_prossimale,0.7780291832903694,9.635514165680483,1.915428861003117,8.0,0.0
bot->ton,3.0,46,8,rls_guardia_prossimale,0.8492626923940905,6.637355523554995,1.9486103663110008,1.0,2.0
bot->ton,3.0,46,9,statico,0.8587388064654323,3.4641016151377544,0.0,,
bot->ton,3.0,46,9,rls,0.7803610526534321,4.628258540529044,1.2607421554857068,2.0,0.0
bot->ton,3.0,46,9,rls_guardia,0.8513371927635796,7.34678688431701,1.533329993720021,2.0,1.0
bot->ton,3.0,46,9,rls_prossimale,0.7929234352940024,10.01715677248851,2.137878244593341,2.0,0.0
bot->ton,3.0,46,9,rls_guardia_prossimale,0.7930752919854807,7.393873624891992,1.8111324201470904,2.0,2.0
bot->ton,3.0,46,10,statico,0.8472484354731176,3.4641016151377544,0.0,,
bot->ton,3.0,46,10,rls,0.7877312358801973,4.157775775085547,1.3198816191243132,12.0,0.0
bot->ton,3.0,46,10,rls_guardia,0.7717602379538271,4.403513220721266,1.5641016523862286,9.0,1.0
bot->ton,3.0,46,10,rls_prossimale,0.7853649727463567,9.424455415454313,2.163030036247889,9.0,0.0
bot->ton,3.0,46,10,rls_guardia_prossimale,0.7653757356484581,6.139369372658706,1.8287956278831048,1.0,2.0
bot->ton,3.0,46,11,statico,0.8291279930624194,3.4641016151377544,0.0,,
bot->ton,3.0,46,11,rls,0.8016439143488323,4.04865259900158,1.558834533204673,2.0,0.0
bot->ton,3.0,46,11,rls_guardia,0.7533241570126816,5.527397624037604,1.27923816397156,2.0,1.0
bot->ton,3.0,46,11,rls_prossimale,0.8394214890116529,8.470034506982042,1.8930766622981787,2.0,0.0
bot->ton,3.0,46,11,rls_guardia_prossimale,0.7786567663616843,5.6600486287778935,2.625350804884933,2.0,2.0
bot->ton,3.0,46,12,statico,0.8163646407512819,3.4641016151377544,0.0,,
bot->ton,3.0,46,12,rls,0.7888047459499705,4.122549945975974,1.6505071107415858,8.0,0.0
bot->ton,3.0,46,12,rls_guardia,0.7797278764515858,5.115149352311599,1.6169751447253344,8.0,1.0
bot->ton,3.0,46,12,rls_prossimale,0.8431453927537799,7.975188269738384,1.9838832455078612,8.0,0.0
bot->ton,3.0,46,12,rls_guardia_prossimale,0.7703418957380119,5.70746046940535,2.775038156284648,8.0,2.0
bot->ton,3.0,46,13,statico,0.7979600489091008,3.4641016151377544,0.0,,
bot->ton,3.0,46,13,rls,0.7853873856823989,4.459310897077101,1.414143568461574,6.0,0.0
bot->ton,3.0,46,13,rls_guardia,0.7012840494360424,6.763305453900071,1.3701954991584793,6.0,1.0
bot->ton,3.0,46,13,rls_prossimale,0.9293562219018516,9.030218476542236,1.8830178372903768,6.0,0.0
bot->ton,3.0,46,13,rls_guardia_prossimale,0.7269711610716214,6.271347440280614,2.5879293723508647,6.0,2.0
bot->ton,3.0,46,14,statico,0.7876168297567938,3.4641016151377544,0.0,,
bot->ton,3.0,46,14,rls,0.7933972155339667,4.520833873850892,1.4595134902255016,8.0,0.0
bot->ton,3.0,46,14,rls_guardia,0.792126175724718,5.841581404060937,1.3709229872492246,8.0,1.0
bot->ton,3.0,46,14,rls_prossimale,0.8528813284475524,8.96472050631705,1.8860733286221123,8.0,0.0
bot->ton,3.0,46,14,rls_guardia_prossimale,0.764595450017894,6.341666182563736,2.604862295884898,8.0,2.0
bot->ton,3.0,46,15,statico,0.7709936739725999,3.4641016151377544,0.0,,
bot->ton,3.0,46,15,rls,0.7937104557457202,4.568138117730832,1.4037910589720852,9.0,0.0
bot->ton,3.0,46,15,rls_guardia,0.7944661216269877,5.852606701874033,1.3614286002402922,9.0,1.0
bot->ton,3.0,46,15,rls_prossimale,0.8740104391038233,8.747305741545192,1.9148616948333248,9.0,0.0
bot->ton,3.0,46,15,rls_guardia_prossimale,0.7731907598500545,6.576521173303642,2.6424371352246285,9.0,2.0
bot->ton,3.0,46,16,statico,0.7478775983860875,3.4641016151377544,0.0,,
bot->ton,3.0,46,16,rls,0.9487847094282528,6.668616442280918,1.3923647415591365,8.0,0.0
bot->ton,3.0,46,16,rls_guardia,0.934417158869331,9.366840061584409,1.314286350431943,8.0,1.0
bot->ton,3.0,46,16,rls_prossimale,0.9224593384554928,12.926691408715586,1.889394658915258,8.0,0.0
bot->ton,3.0,46,16,rls_guardia_prossimale,0.9383542947001372,9.852052616525942,2.4636304428773386,8.0,2.0
bot->ton,3.0,46,17,statico,0.7359276087895552,3.4641016151377544,0.0,,
bot->ton,3.0,46,17,rls,0.788352604165716,4.8211559108285,1.3685076459649006,6.0,0.0
bot->ton,3.0,46,17,rls_guardia,0.7894605299241091,6.3848066038859335,1.2510106890829016,6.0,1.0
bot->ton,3.0,46,17,rls_prossimale,0.8350825492024654,9.767102853316183,1.8987275372513768,6.0,0.0
bot->ton,3.0,46,17,rls_guardia_prossimale,0.7689343936309132,7.150785225711696,2.592366370995464,6.0,2.0
bot->ton,3.0,46,18,statico,0.7185354383120832,3.4641016151377544,0.0,,
bot->ton,3.0,46,18,rls,0.7688874097009539,5.047953126958059,1.4518152790585936,11.0,0.0
bot->ton,3.0,46,18,rls_guardia,0.7400525905371425,6.9814260503285634,1.2704834278390975,11.0,1.0
bot->ton,3.0,46,18,rls_prossimale,0.8288042692170351,10.311567133542892,1.853818883337676,11.0,0.0
bot->ton,3.0,46,18,rls_guardia_prossimale,0.7307660709714601,7.20227931224444,2.5477752084487504,11.0,2.0
bot->ton,3.0,46,19,statico,0.699607188367542,3.4641016151377544,0.0,,
bot->ton,3.0,46,19,rls,0.7817145123910814,5.421724163344643,1.3275666039248768,5.0,0.0
bot->ton,3.0,46,19,rls_guardia,0.8471510271347003,6.900783172800932,1.167209159481003,5.0,1.0
bot->ton,3.0,46,19,rls_prossimale,0.8271458153188003,10.168833224655083,1.6958656692600829,5.0,0.0
bot->ton,3.0,46,19,rls_guardia_prossimale,0.8278126083059979,7.395403306663399,2.335286784534332,5.0,2.0
unsw->bot,1.0,42,0,statico,0.80665,3.4641016151377544,0.0,,
unsw->bot,1.0,42,0,rls,0.80665,3.4641016151377544,0.0,0.0,0.0
unsw->bot,1.0,42,0,rls_guardia,0.80665,3.4641016151377544,0.0,0.0,1.0
unsw->bot,1.0,42,0,rls_prossimale,0.80665,3.4641016151377544,0.0,0.0,0.0
unsw->bot,1.0,42,0,rls_guardia_prossimale,0.80665,3.4641016151377544,0.0,0.0,1.0
unsw->bot,1.0,42,1,statico,0.8966448322416121,3.4641016151377544,0.0,,
unsw->bot,1.0,42,1,rls,1.0,2.944097626393899,1.921146702221744,0.0,0.0
unsw->bot,1.0,42,1,rls_guardia,0.8966448322416121,3.4641016151377544,0.0,0.0,2.0
unsw->bot,1.0,42,1,rls_prossimale,0.9993249662483124,3.2648334138869872,1.850572956750932,0.0,0.0
unsw->bot,1.0,42,1,rls_guardia_prossimale,0.8966448322416121,3.4641016151377544,0.0,0.0,2.0
unsw->bot,1.0,42,2,statico,0.78465,3.4641016151377544,0.0,,
unsw->bot,1.0,42,2,rls,0.9965,3.2433589978366335,2.901515788509023,0.0,0.0
unsw->bot,1.0,42,2,rls_guardia,0.78465,3.4641016151377544,0.0,0.0,3.0
unsw->bot,1.0,42,2,rls_prossimale,1.0,2.426360630296497,3.714134092026619,0.0,0.0
unsw->bot,1.0,42,2,rls_guardia_prossimale,0.78465,3.4641016151377544,0.0,0.0,3.0
unsw->bot,1.0,42,3,statico,0.77155,3.4641016151377544,0.0,,
unsw->bot,1.0,42,3,rls,1.0,1.1130664478751866,4.169633561764939,0.0,0.0
unsw->bot,1.0,42,3,rls_guardia,0.77155,3.4641016151377544,0.0,0.0,4.0
unsw->bot,1.0,42,3,rls_prossimale,1.0,1.6214725273490178,4.801030702682271,0.0,0.0
unsw->bot,1.0,42,3,rls_guardia_prossimale,0.77155,3.4641016151377544,0.0,0.0,4.0
unsw->bot,1.0,42,4,statico,0.6301630163016302,3.4641016151377544,0.0,,
unsw->bot,1.0,42,4,rls,0.5,3.7587511892762038,4.571264901675833,0.0,0.0
unsw->bot,1.0,42,4,rls_guardia,0.6301630163016302,3.4641016151377544,0.0,0.0,5.0
unsw->bot,1.0,42,4,rls_prossimale,0.5,2.3877368933893726,5.2628024844051975,0.0,0.0
unsw->bot,1.0,42,4,rls_guardia_prossimale,0.6301630163016302,3.4641016151377544,0.0,0.0,5.0
unsw->bot,1.0,42,5,statico,0.8748937446872344,3.4641016151377544,0.0,,
unsw->bot,1.0,42,5,rls,0.5,1.4870039360933596,4.823231513485157,0.0,0.0
unsw->bot,1.0,42,5,rls_guardia,0.8748937446872344,3.4641016151377544,0.0,0.0,6.0
unsw->bot,1.0,42,5,rls_prossimale,0.5,1.1730537477754024,5.470355881823019,0.0,0.0
unsw->bot,1.0,42,5,rls_guardia_prossimale,0.8748937446872344,3.4641016151377544,0.0,0.0,6.0
unsw->bot,1.0,42,6,statico,0.7406,3.4641016151377544,0.0,,
unsw->bot,1.0,42,6,rls,1.0,1.2294479074405293,4.995471209210096,0.0,0.0
unsw->bot,1.0,42,6,rls_guardia,0.7406,3.4641016151377544,0.0,0.0,7.0
unsw->bot,1.0,42,6,rls_prossimale,1.0,1.035549883287604,5.630403424451477,0.0,0.0
unsw->bot,1.0,42,6,rls_guardia_prossimale,0.7406,3.4641016151377544,0.0,0.0,7.0
unsw->bot,1.0,42,7,statico,0.7315,3.4641016151377544,0.0,,
unsw->bot,1.0,42,7,rls,1.0,0.9960642064155405,5.167024746469033,0.0,0.0
unsw->bot,1.0,42,7,rls_guardia,0.7315,3.4641016151377544,0.0,0.0,8.0
unsw->bot,1.0,42,7,rls_prossimale,1.0,0.6869896988458577,5.7709382445610595,0.0,0.0
unsw->bot,1.0,42,7,rls_guardia_prossimale,0.7315,3.4641016151377544,0.0,0.0,8.0
unsw->bot,1.0,42,8,statico,0.7204,3.4641016151377544,0.0,,
unsw->bot,1.0,42,8,rls,1.0,0.9005505375436061,5.382868331119594,0.0,0.0
unsw->bot,1.0,42,8,rls_guardia,0.7204,3.4641016151377544,0.0,0.0,9.0
unsw->bot,1.0,42,8,rls_prossimale,1.0,0.7665326755627373,5.905973192724522,0.0,0.0
unsw->bot,1.0,42,8,rls_guardia_prossimale,0.7204,3.4641016151377544,0.0,0.0,9.0
unsw->bot,1.0,42,9,statico,0.7121,3.4641016151377544,0.0,,
unsw->bot,1.0,42,9,rls,1.0,0.732740802875659,5.4916476040433855,0.0,0.0
unsw->bot,1.0,42,9,rls_guardia,0.7121,3.4641016151377544,0.0,0.0,10.0
unsw->bot,1.0,42,9,rls_prossimale,1.0,0.7089599066167572,6.026630207903857,0.0,0.0
unsw->bot,1.0,42,9,rls_guardia_prossimale,0.7121,3.4641016151377544,0.0,0.0,10.0
unsw->bot,1.0,42,10,statico,0.8492424621231062,3.4641016151377544,0.0,,
unsw->bot,1.0,42,10,rls,0.5,0.6795090083009282,5.600894815274403,0.0,0.0
unsw->bot,1.0,42,10,rls_guardia,0.8492424621231062,3.4641016151377544,0.0,0.0,11.0
unsw->bot,1.0,42,10,rls_prossimale,0.5,0.6401103263804787,6.131754018591586,0.0,0.0
unsw->bot,1.0,42,10,rls_guardia_prossimale,0.8492424621231062,3.4641016151377544,0.0,0.0,11.0
unsw->bot,1.0,42,11,statico,0.8463596359635963,3.4641016151377544,0.0,,
unsw->bot,1.0,42,11,rls,0.5,0.5800174614742917,5.706853461793327,0.0,0.0
unsw->bot,1.0,42,11,rls_guardia,0.8463596359635963,3.4641016151377544,0.0,0.0,12.0
unsw->bot,1.0,42,11,rls_prossimale,0.5,0.6156789638920938,6.201040338391095,1.0,0.0
unsw->bot,1.0,42,11,rls_guardia_prossimale,0.8463596359635963,3.4641016151377544,0.0,0.0,12.0
unsw->bot,1.0,42,12,statico,0.8397089708970897,3.4641016151377544,0.0,,
unsw->bot,1.0,42,12,rls,0.5,0.5005504964498918,5.782818472171034,0.0,0.0
unsw->bot,1.0,42,12,rls_guardia,0.8397089708970897,3.4641016151377544,0.0,0.0,13.0
unsw->bot,1.0,42,12,rls_prossimale,0.5,4.379544585588814,5.617329641205049,0.0,0.0
unsw->bot,1.0,42,12,rls_guardia_prossimale,0.8397089708970897,3.4641016151377544,0.0,0.0,13.0
unsw->bot,1.0,42,13,statico,0.66665,3.4641016151377544,0.0,,
unsw->bot,1.0,42,13,rls,1.0,0.5438012605511451,5.861002474992037,0.0,0.0
unsw->bot,1.0,42,13,rls_guardia,0.66665,3.4641016151377544,0.0,0.0,14.0
unsw->bot,1.0,42,13,rls_prossimale,1.0,5.695527186555281,6.019312638318513,0.0,0.0
unsw->bot,1.0,42,13,rls_guardia_prossimale,0.66665,3.4641016151377544,0.0,0.0,14.0
unsw->bot,1.0,42,14,statico,0.65585,3.4641016151377544,0.0,,
unsw->bot,1.0,42,14,rls,1.0,0.5869254127580343,5.9179047448965045,0.0,0.0
unsw->bot,1.0,42,14,rls_guardia,0.65585,3.4641016151377544,0.0,0.0,15.0
unsw->bot,1.0,42,14,rls_prossimale,1.0,5.685459861655186,6.290518474940611,0.0,0.0
unsw->bot,1.0,42,14,rls_guardia_prossimale,0.65585,3.4641016151377544,0.0,0.0,15.0
unsw->bot,1.0,42,15,statico,0.3217410870543527,3.4641016151377544,0.0,,
unsw->bot,1.0,42,15,rls,0.5,0.48250113313858156,5.963334436211449,0.0,0.0
unsw->bot,1.0,42,15,rls_guardia,0.3217410870543527,3.4641016151377544,0.0,0.0,16.0
unsw->bot,1.0,42,15,rls_prossimale,0.5,5.6760261856262355,6.509441227682523,0.0,0.0
unsw->bot,1.0,42,15,rls_guardia_prossimale,0.3217410870543527,3.4641016151377544,0.0,0.0,16.0
unsw->bot,1.0,42,16,statico,0.8189818981898189,3.4641016151377544,0.0,,
unsw->bot,1.0,42,16,rls,0.5,0.5130138423212931,6.0249592550290325,0.0,0.0
unsw->bot,1.0,42,16,rls_guardia,0.8189818981898189,3.4641016151377544,0.0,0.0,17.0
unsw->bot,1.0,42,16,rls_prossimale,0.5,6.2321929259688105,6.63965007241574,0.0,0.0
unsw->bot,1.0,42,16,rls_guardia_prossimale,0.8189818981898189,3.4641016151377544,0.0,0.0,17.0
unsw->bot,1.0,42,17,statico,0.5598809880988098,3.4641016151377544,0.0,,
unsw->bot,1.0,42,17,rls,0.5,0.5135247752044559,6.075493975043434,0.0,0.0
unsw->bot,1.0,42,17,rls_guardia,0.5598809880988098,3.4641016151377544,0.0,0.0,18.0
unsw->bot,1.0,42,17,rls_prossimale,0.5,6.0171649931712885,6.7920220331639936,1.0,0.0
unsw->bot,1.0,42,17,rls_guardia_prossimale,0.5598809880988098,3.4641016151377544,0.0,0.0,18.0
unsw->bot,1.0,42,18,statico,0.6048,3.4641016151377544,0.0,,
unsw->bot,1.0,42,18,rls,1.0,0.4708354096788125,6.134152395432623,0.0,0.0
unsw->bot,1.0,42,18,rls_guardia,0.6048,3.4641016151377544,0.0,0.0,19.0
unsw->bot,1.0,42,18,rls_prossimale,1.0,6.194516965031164,6.992041108295294,0.0,0.0
unsw->bot,1.0,42,18,rls_guardia_prossimale,0.6048,3.4641016151377544,0.0,0.0,19.0
unsw->bot,1.0,42,19,statico,0.3029401470073504,3.4641016151377544,0.0,,
unsw->bot,1.0,42,19,rls,0.5,0.5047237696897923,6.180918860148964,0.0,0.0
unsw->bot,1.0,42,19,rls_guardia,0.3029401470073504,3.4641016151377544,0.0,0.0,20.0
unsw->bot,1.0,42,19,rls_prossimale,0.5,6.309436533682865,7.105451448215902,0.0,0.0
unsw->bot,1.0,42,19,rls_guardia_prossimale,0.3029401470073504,3.4641016151377544,0.0,0.0,20.0
unsw->bot,1.0,43,0,statico,0.8142,3.4641016151377544,0.0,,
unsw->bot,1.0,43,0,rls,0.8142,3.4641016151377544,0.0,0.0,0.0
unsw->bot,1.0,43,0,rls_guardia,0.8142,3.4641016151377544,0.0,0.0,1.0
unsw->bot,1.0,43,0,rls_prossimale,0.8142,3.4641016151377544,0.0,0.0,0.0
unsw->bot,1.0,43,0,rls_guardia_prossimale,0.8142,3.4641016151377544,0.0,0.0,1.0
unsw->bot,1.0,43,1,statico,0.8036,3.4641016151377544,0.0,,
unsw->bot,1.0,43,1,rls,0.99625,4.039551243393352,1.7623258461590114,0.0,0.0
unsw->bot,1.0,43,1,rls_guardia,0.8036,3.4641016151377544,0.0,0.0,2.0
unsw->bot,1.0,43,1,rls_prossimale,0.995,4.621175045734773,1.6678505479133545,0.0,0.0
unsw->bot,1.0,43,1,rls_guardia_prossimale,0.8036,3.4641016151377544,0.0,0.0,2.0
unsw->bot,1.0,43,2,statico,0.7857,3.4641016151377544,0.0,,
unsw->bot,1.0,43,2,rls,1.0,2.9063690776588293,3.246711828671393,0.0,0.0
unsw->bot,1.0,43,2,rls_guardia,0.7857,3.4641016151377544,0.0,0.0,3.0
unsw->bot,1.0,43,2,rls_prossimale,1.0,3.1850625187459656,3.2896744027843057,0.0,0.0
unsw->bot,1.0,43,2,rls_guardia_prossimale,0.7857,3.4641016151377544,0.0,0.0,3.0
unsw->bot,1.0,43,3,statico,0.77625,3.4641016151377544,0.0,,
unsw->bot,1.0,43,3,rls,1.0,2.0540775679311483,4.105171413820466,0.0,0.0
unsw->bot,1.0,43,3,rls_guardia,0.77625,3.4641016151377544,0.0,0.0,4.0
unsw->bot,1.0,43,3,rls_prossimale,1.0,2.8572072056728754,4.225993936434294,0.0,0.0
unsw->bot,1.0,43,3,rls_guardia_prossimale,0.77625,3.4641016151377544,0.0,0.0,4.0
unsw->bot,1.0,43,4,statico,0.8856692834641733,3.4641016151377544,0.0,,
unsw->bot,1.0,43,4,rls,0.5,1.9750861672364153,4.512101950807935,0.0,0.0
unsw->bot,1.0,43,4,rls_guardia,0.8856692834641733,3.4641016151377544,0.0,0.0,5.0
unsw->bot,1.0,43,4,rls_prossimale,0.5,2.153767039879405,4.995659310155168,0.0,0.0
unsw->bot,1.0,43,4,rls_guardia_prossimale,0.8856692834641733,3.4641016151377544,0.0,0.0,5.0
unsw->bot,1.0,43,5,statico,0.8803940197009851,3.4641016151377544,0.0,,
unsw->bot,1.0,43,5,rls,0.5,1.2867768546592706,4.860719211731803,0.0,0.0
unsw->bot,1.0,43,5,rls_guardia,0.8803940197009851,3.4641016151377544,0.0,0.0,6.0
unsw->bot,1.0,43,5,rls_prossimale,0.5,1.4060298485749416,5.467718636059744,0.0,0.0
unsw->bot,1.0,43,5,rls_guardia_prossimale,0.8803940197009851,3.4641016151377544,0.0,0.0,6.0
unsw->bot,1.0,43,6,statico,0.7518,3.4641016151377544,0.0,,
unsw->bot,1.0,43,6,rls,1.0,0.8565580332410103,5.133481582853872,0.0,0.0
unsw->bot,1.0,43,6,rls_guardia,0.7518,3.4641016151377544,0.0,0.0,7.0
unsw->bot,1.0,43,6,rls_prossimale,1.0,1.1763645751176846,5.696249625056254,0.0,0.0
unsw->bot,1.0,43,6,rls_guardia_prossimale,0.7518,3.4641016151377544,0.0,0.0,7.0
unsw->bot,1.0,43,7,statico,0.73435,3.4641016151377544,0.0,,
unsw->bot,1.0,43,7,rls,1.0,0.7317992480762654,5.327075214777775,0.0,0.0
unsw->bot,1.0,43,7,rls_guardia,0.73435,3.4641016151377544,0.0,0.0,8.0
unsw->bot,1.0,43,7,rls_prossimale,1.0,1.0369904084339299,5.840512405661791,0.0,0.0
unsw->bot,1.0,43,7,rls_guardia_prossimale,0.73435,3.4641016151377544,0.0,0.0,8.0
unsw->bot,1.0,43,8,statico,0.72455,3.4641016151377544,0.0,,
unsw->bot,1.0,43,8,rls,1.0,0.737225189646754,5.446460802780698,0.0,0.0
unsw->bot,1.0,43,8,rls_guardia,0.72455,3.4641016151377544,0.0,0.0,9.0
unsw->bot,1.0,43,8,rls_prossimale,1.0,0.9034361947457189,5.998671146648363,0.0,0.0
unsw->bot,1.0,43,8,rls_guardia_prossimale,0.72455,3.4641016151377544,0.0,0.0,9.0
unsw->bot,1.0,43,9,statico,0.71495,3.4641016151377544,0.0,,
unsw->bot,1.0,43,9,rls,1.0,0.7366168343666679,5.521544535745672,0.0,0.0
unsw->bot,1.0,43,9,rls_guardia,0.71495,3.4641016151377544,0.0,0.0,10.0
unsw->bot,1.0,43,9,rls_prossimale,1.0,0.8126122436097826,6.120800699802308,0.0,0.0
unsw->bot,1.0,43,9,rls_guardia_prossimale,0.71495,3.4641016151377544,0.0,0.0,10.0
unsw->bot,1.0,43,10,statico,0.8485674283714186,3.4641016151377544,0.0,,
unsw->bot,1.0,43,10,rls,0.5,0.4712970457592674,5.661267975414137,0.0,0.0
unsw->bot,1.0,43,10,rls_guardia,0.8485674283714186,3.4641016151377544,0.0,0.0,11.0
unsw->bot,1.0,43,10,rls_prossimale,0.5,0.7063819400870163,6.219027369392862,0.0,0.0
unsw->bot,1.0,43,10,rls_guardia_prossimale,0.8485674283714186,3.4641016151377544,0.0,0.0,11.0
unsw->bot,1.0,43,11,statico,0.8479673983699185,3.4641016151377544,0.0,,
unsw->bot,1.0,43,11,rls,0.5,0.440661210148681,5.751603778016795,0.0,0.0
unsw->bot,1.0,43,11,rls_guardia,0.8479673983699185,3.4641016151377544,0.0,0.0,12.0
unsw->bot,1.0,43,11,rls_prossimale,0.5,0.6106561971227124,6.314985527837163,0.0,0.0
unsw->bot,1.0,43,11,rls_guardia_prossimale,0.8479673983699185,3.4641016151377544,0.0,0.0,12.0
unsw->bot,1.0,43,12,statico,0.8387088708870887,3.4641016151377544,0.0,,
unsw->bot,1.0,43,12,rls,0.5,0.40573558272017923,5.839293531334768,0.0,0.0
unsw->bot,1.0,43,12,rls_guardia,0.8387088708870887,3.4641016151377544,0.0,0.0,13.0
unsw->bot,1.0,43,12,rls_prossimale,0.5,0.5089151933529338,6.388754710750566,0.0,0.0
unsw->bot,1.0,43,12,rls_guardia_prossimale,0.8387088708870887,3.4641016151377544,0.0,0.0,13.0
unsw->bot,1.0,43,13,statico,0.8332999949992499,3.4641016151377544,0.0,,
unsw->bot,1.0,43,13,rls,0.5,0.393736323921903,5.904111616572756,0.0,0.0
unsw->bot,1.0,43,13,rls_guardia,0.8332999949992499,3.4641016151377544,0.0,0.0,14.0
unsw->bot,1.0,43,13,rls_prossimale,0.5,0.386725616901113,6.465023279875935,0.0,0.0
unsw->bot,1.0,43,13,rls_guardia_prossimale,0.8332999949992499,3.4641016151377544,0.0,0.0,14.0
unsw->bot,1.0,43,14,statico,0.5776577657765777,3.4641016151377544,0.0,,
unsw->bot,1.0,43,14,rls,0.5,0.341696851451063,5.975963802687161,0.0,0.0
unsw->bot,1.0,43,14,rls_guardia,0.5776577657765777,3.4641016151377544,0.0,0.0,15.0
unsw->bot,1.0,43,14,rls_prossimale,0.5,0.3146603700971416,6.530231543336476,0.0,0.0
unsw->bot,1.0,43,14,rls_guardia_prossimale,0.5776577657765777,3.4641016151377544,0.0,0.0,15.0
unsw->bot,1.0,43,15,statico,0.7220055013753439,3.4641016151377544,0.0,,
unsw->bot,1.0,43,15,rls,0.5,0.3120477869041704,6.030107197291515,0.0,0.0
unsw->bot,1.0,43,15,rls_guardia,0.7220055013753439,3.4641016151377544,0.0,0.0,16.0
unsw->bot,1.0,43,15,rls_prossimale,0.5,0.29499271696380414,6.589347439154822,0.0,0.0
unsw->bot,1.0,43,15,rls_guardia_prossimale,0.7220055013753439,3.4641016151377544,0.0,0.0,16.0
unsw->bot,1.0,43,16,statico,0.63465,3.4641016151377544,0.0,,
unsw->bot,1.0,43,16,rls,1.0,0.2787599701211199,6.089581885792576,0.0,0.0
unsw->bot,1.0,43,16,rls_guardia,0.63465,3.4641016151377544,0.0,0.0,17.0
unsw->bot,1.0,43,16,rls_prossimale,1.0,0.31081932430438586,6.647791378725042,0.0,0.0
unsw->bot,1.0,43,16,rls_guardia_prossimale,0.63465,3.4641016151377544,0.0,0.0,17.0
unsw->bot,1.0,43,17,statico,0.62095,3.4641016151377544,0.0,,
unsw->bot,1.0,43,17,rls,1.0,0.26738592116717713,6.134473153366838,0.0,0.0
unsw->bot,1.0,43,17,rls_guardia,0.62095,3.4641016151377544,0.0,0.0,18.0
unsw->bot,1.0,43,17,rls_prossimale,1.0,0.3700438301517288,6.69292079975354,0.0,0.0
unsw->bot,1.0,43,17,rls_guardia_prossimale,0.62095,3.4641016151377544,0.0,0.0,18.0
unsw->bot,1.0,43,18,statico,0.303815190759538,3.4641016151377544,0.0,,
unsw->bot,1.0,43,18,rls,0.5,0.48084553680272935,6.176970059562148,0.0,0.0
unsw->bot,1.0,43,18,rls_guardia,0.303815190759538,3.4641016151377544,0.0,0.0,19.0
unsw->bot,1.0,43,18,rls_prossimale,0.5,0.32210750083412026,6.73556660084185,0.0,0.0
unsw->bot,1.0,43,18,rls_guardia_prossimale,0.303815190759538,3.4641016151377544,0.0,0.0,19.0
unsw->bot,1.0,43,19,statico,0.7982447367105066,3.4641016151377544,0.0,,
unsw->bot,1.0,43,19,rls,0.5,0.30411866536643894,6.223824465374625,0.0,0.0
unsw->bot,1.0,43,19,rls_guardia,0.7982447367105066,3.4641016151377544,0.0,0.0,20.0
unsw->bot,1.0,43,19,rls_prossimale,0.5,0.29834715947680546,6.776778915948968,0.0,0.0
unsw->bot,1.0,43,19,rls_guardia_prossimale,0.7982447367105066,3.4641016151377544,0.0,0.0,20.0
unsw->bot,1.0,44,0,statico,0.81035,3.4641016151377544,0.0,,
unsw->bot,1.0,44,0,rls,0.81035,3.4641016151377544,0.0,0.0,0.0
unsw->bot,1.0,44,0,rls_guardia,0.81035,3.4641016151377544,0.0,0.0,1.0
unsw->bot,1.0,44,0,rls_prossimale,0.81035,3.4641016151377544,0.0,0.0,0.0
unsw->bot,1.0,44,0,rls_guardia_prossimale,0.81035,3.4641016151377544,0.0,0.0,1.0
unsw->bot,1.0,44,1,statico,0.8033,3.4641016151377544,0.0,,
unsw->bot,1.0,44,1,rls,0.999,3.5833876800642397,1.8502581970586436,0.0,0.0
unsw->bot,1.0,44,1,rls_guardia,0.8033,3.4641016151377544,0.0,0.0,2.0
unsw->bot,1.0,44,1,rls_prossimale,0.9971,4.23199230685324,1.6655213571333765,0.0,0.0
unsw->bot,1.0,44,1,rls_guardia_prossimale,0.8033,3.4641016151377544,0.0,0.0,2.0
unsw->bot,1.0,44,2,statico,0.79675,3.4641016151377544,0.0,,
unsw->bot,1.0,44,2,rls,1.0,2.0279337276910687,3.2678159153424637,0.0,0.0
unsw->bot,1.0,44,2,rls_guardia,0.79675,3.4641016151377544,0.0,0.0,3.0
unsw->bot,1.0,44,2,rls_prossimale,1.0,2.847533328733864,3.282471345003463,0.0,0.0
unsw->bot,1.0,44,2,rls_guardia_prossimale,0.79675,3.4641016151377544,0.0,0.0,3.0
unsw->bot,1.0,44,3,statico,0.6414641464146414,3.4641016151377544,0.0,,
unsw->bot,1.0,44,3,rls,0.5,1.589551089668001,4.217331227477091,0.0,0.0
unsw->bot,1.0,44,3,rls_guardia,0.6414641464146414,3.4641016151377544,0.0,0.0,4.0
unsw->bot,1.0,44,3,rls_prossimale,0.5,2.7162906624890653,4.200662995164092,0.0,0.0
unsw->bot,1.0,44,3,rls_guardia_prossimale,0.6414641464146414,3.4641016151377544,0.0,0.0,4.0
unsw->bot,1.0,44,4,statico,0.7769,3.4641016151377544,0.0,,
unsw->bot,1.0,44,4,rls,1.0,1.6079659448993995,4.55909099264999,0.0,0.0
unsw->bot,1.0,44,4,rls_guardia,0.7769,3.4641016151377544,0.0,0.0,5.0
unsw->bot,1.0,44,4,rls_prossimale,1.0,2.342583908902081,4.8387639441593215,0.0,0.0
unsw->bot,1.0,44,4,rls_guardia_prossimale,0.7769,3.4641016151377544,0.0,0.0,5.0
unsw->bot,1.0,44,5,statico,0.8875137513751374,3.4641016151377544,0.0,,
unsw->bot,1.0,44,5,rls,0.5,1.205157294022343,4.952198261038502,0.0,0.0
unsw->bot,1.0,44,5,rls_guardia,0.8875137513751374,3.4641016151377544,0.0,0.0,6.0
unsw->bot,1.0,44,5,rls_prossimale,0.5,1.9884017452734721,5.183156014677647,0.0,0.0
unsw->bot,1.0,44,5,rls_guardia_prossimale,0.8875137513751374,3.4641016151377544,0.0,0.0,6.0
unsw->bot,1.0,44,6,statico,0.8806190309515476,3.4641016151377544,0.0,,
unsw->bot,1.0,44,6,rls,0.5,1.0480464199338775,5.090366387314885,0.0,0.0
unsw->bot,1.0,44,6,rls_guardia,0.8806190309515476,3.4641016151377544,0.0,0.0,7.0
unsw->bot,1.0,44,6,rls_prossimale,0.5,1.227746324161988,5.582179098272725,0.0,0.0
unsw->bot,1.0,44,6,rls_guardia_prossimale,0.8806190309515476,3.4641016151377544,0.0,0.0,7.0
unsw->bot,1.0,44,7,statico,0.8796189809490474,3.4641016151377544,0.0,,
unsw->bot,1.0,44,7,rls,0.5,0.8807579422228325,5.29136920086944,0.0,0.0
unsw->bot,1.0,44,7,rls_guardia,0.8796189809490474,3.4641016151377544,0.0,0.0,8.0
unsw->bot,1.0,44,7,rls_prossimale,0.5,0.8997769067744567,5.816709717225729,0.0,0.0
unsw->bot,1.0,44,7,rls_guardia_prossimale,0.8796189809490474,3.4641016151377544,0.0,0.0,8.0
unsw->bot,1.0,44,8,statico,0.74655,3.4641016151377544,0.0,,
unsw->bot,1.0,44,8,rls,1.0,0.7896059688332355,5.440321127009306,0.0,0.0
unsw->bot,1.0,44,8,rls_guardia,0.74655,3.4641016151377544,0.0,0.0,9.0
unsw->bot,1.0,44,8,rls_prossimale,1.0,0.7432087452461217,6.001500851450193,0.0,0.0
unsw->bot,1.0,44,8,rls_guardia_prossimale,0.74655,3.4641016151377544,0.0,0.0,9.0
unsw->bot,1.0,44,9,statico,0.8698434921746088,3.4641016151377544,0.0,,
unsw->bot,1.0,44,9,rls,0.5,0.7913837496196486,5.534236982710979,0.0,0.0
unsw->bot,1.0,44,9,rls_guardia,0.8698434921746088,3.4641016151377544,0.0,0.0,10.0
unsw->bot,1.0,44,9,rls_prossimale,0.5,0.7431957774886654,6.105479450422541,0.0,0.0
unsw->bot,1.0,44,9,rls_guardia_prossimale,0.8698434921746088,3.4641016151377544,0.0,0.0,10.0
unsw->bot,1.0,44,10,statico,0.8648682434121706,3.4641016151377544,0.0,,
unsw->bot,1.0,44,10,rls,0.5,0.6505800156785168,5.63385782879487,1.0,0.0
unsw->bot,1.0,44,10,rls_guardia,0.8648682434121706,3.4641016151377544,0.0,0.0,11.0
unsw->bot,1.0,44,10,rls_prossimale,0.5,0.7824884455587312,6.191278905723611,0.0,0.0
unsw->bot,1.0,44,10,rls_guardia_prossimale,0.8648682434121706,3.4641016151377544,0.0,0.0,11.0
unsw->bot,1.0,44,11,statico,0.8615680784039201,3.4641016151377544,0.0,,
unsw->bot,1.0,44,11,rls,0.499949997499875,3.185814113854484,5.1492387185121,0.0,0.0
unsw->bot,1.0,44,11,rls_guardia,0.8615680784039201,3.4641016151377544,0.0,0.0,12.0
unsw->bot,1.0,44,11,rls_prossimale,0.5,0.6995097663929095,6.276530345455426,0.0,0.0
unsw->bot,1.0,44,11,rls_guardia_prossimale,0.8615680784039201,3.4641016151377544,0.0,0.0,12.0
unsw->bot,1.0,44,12,statico,0.8620181009050453,3.4641016151377544,0.0,,
unsw->bot,1.0,44,12,rls,0.5,5.188317888926305,5.2899856466971595,1.0,0.0
unsw->bot,1.0,44,12,rls_guardia,0.8620181009050453,3.4641016151377544,0.0,0.0,13.0
unsw->bot,1.0,44,12,rls_prossimale,0.5,0.6193931449424038,6.348057790399775,0.0,0.0
unsw->bot,1.0,44,12,rls_guardia_prossimale,0.8620181009050453,3.4641016151377544,0.0,0.0,13.0
unsw->bot,1.0,44,13,statico,0.8548677433871694,3.4641016151377544,0.0,,
unsw->bot,1.0,44,13,rls,0.5,5.11200632507045,5.558691101476618,0.0,0.0
unsw->bot,1.0,44,13,rls_guardia,0.8548677433871694,3.4641016151377544,0.0,0.0,14.0
unsw->bot,1.0,44,13,rls_prossimale,0.5,0.6163445774616754,6.416733439646054,0.0,0.0
unsw->bot,1.0,44,13,rls_guardia_prossimale,0.8548677433871694,3.4641016151377544,0.0,0.0,14.0
unsw->bot,1.0,44,14,statico,0.8483098309830983,3.4641016151377544,0.0,,
unsw->bot,1.0,44,14,rls,0.5,5.451723178393118,5.820724014223155,1.0,0.0
unsw->bot,1.0,44,14,rls_guardia,0.8483098309830983,3.4641016151377544,0.0,0.0,15.0
unsw->bot,1.0,44,14,rls_prossimale,0.5,0.5703138850871466,6.472774023693585,0.0,0.0
unsw->bot,1.0,44,14,rls_guardia_prossimale,0.8483098309830983,3.4641016151377544,0.0,0.0,15.0
unsw->bot,1.0,44,15,statico,0.843417170858543,3.4641016151377544,0.0,,
unsw->bot,1.0,44,15,rls,0.5,5.406520684164535,6.068952557332447,0.0,0.0
unsw->bot,1.0,44,15,rls_guardia,0.843417170858543,3.4641016151377544,0.0,0.0,16.0
unsw->bot,1.0,44,15,rls_prossimale,0.5,0.5900489291988703,6.530120504410054,0.0,0.0
unsw->bot,1.0,44,15,rls_guardia_prossimale,0.843417170858543,3.4641016151377544,0.0,0.0,16.0
unsw->bot,1.0,44,16,statico,0.8401350337584397,3.4641016151377544,0.0,,
unsw->bot,1.0,44,16,rls,0.6,5.472174094587924,6.153736457007604,2.0,0.0
unsw->bot,1.0,44,16,rls_guardia,0.8401350337584397,3.4641016151377544,0.0,0.0,17.0
unsw->bot,1.0,44,16,rls_prossimale,0.5,0.502241698600486,6.57610255503694,1.0,0.0
unsw->bot,1.0,44,16,rls_guardia_prossimale,0.8401350337584397,3.4641016151377544,0.0,0.0,17.0
unsw->bot,1.0,44,17,statico,0.8371668583429172,3.4641016151377544,0.0,,
unsw->bot,1.0,44,17,rls,0.5,5.85709495523529,6.241826365748389,0.0,0.0
unsw->bot,1.0,44,17,rls_guardia,0.8371668583429172,3.4641016151377544,0.0,0.0,18.0
unsw->bot,1.0,44,17,rls_prossimale,0.5,3.659406939730789,5.91536320514908,0.0,0.0
unsw->bot,1.0,44,17,rls_guardia_prossimale,0.8371668583429172,3.4641016151377544,0.0,0.0,18.0
unsw->bot,1.0,44,18,statico,0.5811081108110812,3.4641016151377544,0.0,,
unsw->bot,1.0,44,18,rls,0.5,5.807266579085932,6.3426315594558,0.0,0.0
unsw->bot,1.0,44,18,rls_guardia,0.5811081108110812,3.4641016151377544,0.0,0.0,19.0
unsw->bot,1.0,44,18,rls_prossimale,0.49997499749975,5.382141280824103,6.133859315637625,1.0,0.0
unsw->bot,1.0,44,18,rls_guardia_prossimale,0.5811081108110812,3.4641016151377544,0.0,0.0,19.0
unsw->bot,1.0,44,19,statico,0.8298664933246662,3.4641016151377544,0.0,,
unsw->bot,1.0,44,19,rls,0.5,5.89417352176514,6.451403429652094,0.0,0.0
unsw->bot,1.0,44,19,rls_guardia,0.8298664933246662,3.4641016151377544,0.0,0.0,20.0
unsw->bot,1.0,44,19,rls_prossimale,0.5,5.344353467671178,6.238200978294126,1.0,0.0
unsw->bot,1.0,44,19,rls_guardia_prossimale,0.8298664933246662,3.4641016151377544,0.0,0.0,20.0
unsw->bot,1.0,45,0,statico,0.81245,3.4641016151377544,0.0,,
unsw->bot,1.0,45,0,rls,0.81245,3.4641016151377544,0.0,0.0,0.0
unsw->bot,1.0,45,0,rls_guardia,0.81245,3.4641016151377544,0.0,0.0,1.0
unsw->bot,1.0,45,0,rls_prossimale,0.81245,3.4641016151377544,0.0,0.0,0.0
unsw->bot,1.0,45,0,rls_guardia_prossimale,0.81245,3.4641016151377544,0.0,0.0,1.0
unsw->bot,1.0,45,1,statico,0.8065,3.4641016151377544,0.0,,
unsw->bot,1.0,45,1,rls,0.9975,3.7648022773249914,1.8878826777595823,0.0,0.0
unsw->bot,1.0,45,1,rls_guardia,0.8065,3.4641016151377544,0.0,0.0,2.0
unsw->bot,1.0,45,1,rls_prossimale,0.99635,4.280394000747775,1.7135077793706028,0.0,0.0
unsw->bot,1.0,45,1,rls_guardia_prossimale,0.8065,3.4641016151377544,0.0,0.0,2.0
unsw->bot,1.0,45,2,statico,0.7959,3.4641016151377544,0.0,,
unsw->bot,1.0,45,2,rls,1.0,2.032705698833178,3.480726001652029,0.0,0.0
unsw->bot,1.0,45,2,rls_guardia,0.7959,3.4641016151377544,0.0,0.0,3.0
unsw->bot,1.0,45,2,rls_prossimale,1.0,2.5583607974168876,3.593896241932003,0.0,0.0
unsw->bot,1.0,45,2,rls_guardia_prossimale,0.7959,3.4641016151377544,0.0,0.0,3.0
unsw->bot,1.0,45,3,statico,0.78775,3.4641016151377544,0.0,,
unsw->bot,1.0,45,3,rls,1.0,1.884700162290247,4.037741939650633,0.0,0.0
unsw->bot,1.0,45,3,rls_guardia,0.78775,3.4641016151377544,0.0,0.0,4.0
unsw->bot,1.0,45,3,rls_prossimale,1.0,2.2616494837509005,4.410281987734113,0.0,0.0
unsw->bot,1.0,45,3,rls_guardia_prossimale,0.78775,3.4641016151377544,0.0,0.0,4.0
unsw->bot,1.0,45,4,statico,0.891369568478424,3.4641016151377544,0.0,,
unsw->bot,1.0,45,4,rls,0.5,1.7304818220221954,4.486424773107111,0.0,0.0
unsw->bot,1.0,45,4,rls_guardia,0.891369568478424,3.4641016151377544,0.0,0.0,5.0
unsw->bot,1.0,45,4,rls_prossimale,0.5,1.9353609895503907,5.089881633575928,0.0,0.0
unsw->bot,1.0,45,4,rls_guardia_prossimale,0.891369568478424,3.4641016151377544,0.0,0.0,5.0
unsw->bot,1.0,45,5,statico,0.7775,3.4641016151377544,0.0,,
unsw->bot,1.0,45,5,rls,1.0,1.2297329201830627,4.807487733355409,0.0,0.0
unsw->bot,1.0,45,5,rls_guardia,0.7775,3.4641016151377544,0.0,0.0,6.0
unsw->bot,1.0,45,5,rls_prossimale,1.0,1.3513044935182874,5.4709599514681155,0.0,0.0
unsw->bot,1.0,45,5,rls_guardia_prossimale,0.7775,3.4641016151377544,0.0,0.0,6.0
unsw->bot,1.0,45,6,statico,0.6348384838483848,3.4641016151377544,0.0,,
unsw->bot,1.0,45,6,rls,0.5,0.6664630689830972,5.135429635900174,0.0,0.0
unsw->bot,1.0,45,6,rls_guardia,0.6348384838483848,3.4641016151377544,0.0,0.0,7.0
unsw->bot,1.0,45,6,rls_prossimale,0.5,1.2401306539391552,5.67055634820538,0.0,0.0
unsw->bot,1.0,45,6,rls_guardia_prossimale,0.6348384838483848,3.4641016151377544,0.0,0.0,7.0
unsw->bot,1.0,45,7,statico,0.7661,3.4641016151377544,0.0,,
unsw->bot,1.0,45,7,rls,1.0,0.937811618071393,5.2353919768446735,0.0,0.0
unsw->bot,1.0,45,7,rls_guardia,0.7661,3.4641016151377544,0.0,0.0,8.0
unsw->bot,1.0,45,7,rls_prossimale,1.0,0.9848528618459269,5.84609792530058,0.0,0.0
unsw->bot,1.0,45,7,rls_guardia_prossimale,0.7661,3.4641016151377544,0.0,0.0,8.0
unsw->bot,1.0,45,8,statico,0.7604,3.4641016151377544,0.0,,
unsw->bot,1.0,45,8,rls,1.0,0.8564684739813093,5.352042218976806,0.0,0.0
unsw->bot,1.0,45,8,rls_guardia,0.7604,3.4641016151377544,0.0,0.0,9.0
unsw->bot,1.0,45,8,rls_prossimale,1.0,0.7419160563209737,6.005104399548302,0.0,0.0
unsw->bot,1.0,45,8,rls_guardia_prossimale,0.7604,3.4641016151377544,0.0,0.0,9.0
unsw->bot,1.0,45,9,statico,0.75445,3.4641016151377544,0.0,,
unsw->bot,1.0,45,9,rls,1.0,0.8888579360632497,5.440012369658631,0.0,0.0
unsw->bot,1.0,45,9,rls_guardia,0.75445,3.4641016151377544,0.0,0.0,10.0
unsw->bot,1.0,45,9,rls_prossimale,1.0,0.503962473335532,6.129459597780512,0.0,0.0
unsw->bot,1.0,45,9,rls_guardia_prossimale,0.75445,3.4641016151377544,0.0,0.0,10.0
unsw->bot,1.0,45,10,statico,0.7063142804754046,3.4641016151377544,0.0,,
unsw->bot,1.0,45,10,rls,0.5,0.6492073537427393,5.575006480758938,0.0,0.0
unsw->bot,1.0,45,10,rls_guardia,0.7063142804754046,3.4641016151377544,0.0,0.0,11.0
unsw->bot,1.0,45,10,rls_prossimale,0.5,0.33455952769795916,6.23711811014824,0.0,0.0
unsw->bot,1.0,45,10,rls_guardia_prossimale,0.7063142804754046,3.4641016151377544,0.0,0.0,11.0
unsw->bot,1.0,45,11,statico,0.8695369536953695,3.4641016151377544,0.0,,
unsw->bot,1.0,45,11,rls,0.5,0.652973238051533,5.6905311802616625,1.0,0.0
unsw->bot,1.0,45,11,rls_guardia,0.8695369536953695,3.4641016151377544,0.0,0.0,12.0
unsw->bot,1.0,45,11,rls_prossimale,0.5,0.42327409938967336,6.329915204210506,0.0,0.0
unsw->bot,1.0,45,11,rls_guardia_prossimale,0.8695369536953695,3.4641016151377544,0.0,0.0,12.0
unsw->bot,1.0,45,12,statico,0.8669616961696169,3.4641016151377544,0.0,,
unsw->bot,1.0,45,12,rls,0.5,3.2131929017100473,5.1814047517780635,0.0,0.0
unsw->bot,1.0,45,12,rls_guardia,0.8669616961696169,3.4641016151377544,0.0,0.0,13.0
unsw->bot,1.0,45,12,rls_prossimale,0.5,0.3677800649638485,6.380276811461885,0.0,0.0
unsw->bot,1.0,45,12,rls_guardia_prossimale,0.8669616961696169,3.4641016151377544,0.0,0.0,13.0
unsw->bot,1.0,45,13,statico,0.7387227445489097,3.4641016151377544,0.0,,
unsw->bot,1.0,45,13,rls,0.5,4.4750950578110595,5.316886048633252,1.0,0.0
unsw->bot,1.0,45,13,rls_guardia,0.7387227445489097,3.4641016151377544,0.0,0.0,14.0
unsw->bot,1.0,45,13,rls_prossimale,0.5,0.26000689393380516,6.437721515987812,0.0,0.0
unsw->bot,1.0,45,13,rls_guardia_prossimale,0.7387227445489097,3.4641016151377544,0.0,0.0,14.0
unsw->bot,1.0,45,14,statico,0.8586179308965448,3.4641016151377544,0.0,,
unsw->bot,1.0,45,14,rls,0.5,4.485327840083553,5.516069696219411,0.0,0.0
unsw->bot,1.0,45,14,rls_guardia,0.8586179308965448,3.4641016151377544,0.0,0.0,15.0
unsw->bot,1.0,45,14,rls_prossimale,0.5,0.18344171313659,6.507110359879518,0.0,0.0
unsw->bot,1.0,45,14,rls_guardia_prossimale,0.8586179308965448,3.4641016151377544,0.0,0.0,15.0
unsw->bot,1.0,45,15,statico,0.8544458891778356,3.4641016151377544,0.0,,
unsw->bot,1.0,45,15,rls,0.625,4.967849402629155,5.650299718281863,2.0,0.0
unsw->bot,1.0,45,15,rls_guardia,0.8544458891778356,3.4641016151377544,0.0,0.0,16.0
unsw->bot,1.0,45,15,rls_prossimale,0.5,0.15635415178603318,6.573502454365418,0.0,0.0
unsw->bot,1.0,45,15,rls_guardia_prossimale,0.8544458891778356,3.4641016151377544,0.0,0.0,16.0
unsw->bot,1.0,45,16,statico,0.6020602060206021,3.4641016151377544,0.0,,
unsw->bot,1.0,45,16,rls,0.5,5.7263296714822545,5.843765150595183,1.0,0.0
unsw->bot,1.0,45,16,rls_guardia,0.6020602060206021,3.4641016151377544,0.0,0.0,17.0
unsw->bot,1.0,45,16,rls_prossimale,0.5,0.13877299691467831,6.631193795412969,0.0,0.0
unsw->bot,1.0,45,16,rls_guardia_prossimale,0.6020602060206021,3.4641016151377544,0.0,0.0,17.0
unsw->bot,1.0,45,17,statico,0.8501525228784317,3.4641016151377544,0.0,,
unsw->bot,1.0,45,17,rls,0.49994999249887484,6.149213187809966,6.0022284091133775,2.0,0.0
unsw->bot,1.0,45,17,rls_guardia,0.8501525228784317,3.4641016151377544,0.0,0.0,18.0
unsw->bot,1.0,45,17,rls_prossimale,0.5,0.14004227424732957,6.684401838872104,0.0,0.0
unsw->bot,1.0,45,17,rls_guardia_prossimale,0.8501525228784317,3.4641016151377544,0.0,0.0,18.0
unsw->bot,1.0,45,18,statico,0.5944938987797559,3.4641016151377544,0.0,,
unsw->bot,1.0,45,18,rls,0.4999499899979996,5.705084893133243,5.856838935045115,1.0,0.0
unsw->bot,1.0,45,18,rls_guardia,0.5944938987797559,3.4641016151377544,0.0,0.0,19.0
unsw->bot,1.0,45,18,rls_prossimale,0.5,0.7065871557049177,6.71259815345703,1.0,0.0
unsw->bot,1.0,45,18,rls_guardia_prossimale,0.5944938987797559,3.4641016151377544,0.0,0.0,19.0
unsw->bot,1.0,45,19,statico,0.7158613445378151,3.4641016151377544,0.0,,
unsw->bot,1.0,45,19,rls,0.625,5.914197013065835,6.1900908700906765,6.0,0.0
unsw->bot,1.0,45,19,rls_guardia,0.7158613445378151,3.4641016151377544,0.0,0.0,20.0
unsw->bot,1.0,45,19,rls_prossimale,0.625,4.691765857917783,6.287294349228426,4.0,0.0
unsw->bot,1.0,45,19,rls_guardia_prossimale,0.7158613445378151,3.4641016151377544,0.0,0.0,20.0
unsw->bot,1.0,46,0,statico,0.81225,3.4641016151377544,0.0,,
unsw->bot,1.0,46,0,rls,0.81225,3.4641016151377544,0.0,0.0,0.0
unsw->bot,1.0,46,0,rls_guardia,0.81225,3.4641016151377544,0.0,0.0,1.0
unsw->bot,1.0,46,0,rls_prossimale,0.81225,3.4641016151377544,0.0,0.0,0.0
unsw->bot,1.0,46,0,rls_guardia_prossimale,0.81225,3.4641016151377544,0.0,0.0,1.0
unsw->bot,1.0,46,1,statico,0.8079,3.4641016151377544,0.0,,
unsw->bot,1.0,46,1,rls,0.43145,5.632527394267308,2.330147207736245,0.0,0.0
unsw->bot,1.0,46,1,rls_guardia,0.8079,3.4641016151377544,0.0,0.0,2.0
unsw->bot,1.0,46,1,rls_prossimale,0.99365,3.2450856604809597,2.1041354036123088,0.0,0.0
unsw->bot,1.0,46,1,rls_guardia_prossimale,0.8079,3.4641016151377544,0.0,0.0,2.0
unsw->bot,1.0,46,2,statico,0.8033,3.4641016151377544,0.0,,
unsw->bot,1.0,46,2,rls,1.0,5.97809667418307,3.5647185413153193,0.0,0.0
unsw->bot,1.0,46,2,rls_guardia,0.8033,3.4641016151377544,0.0,0.0,3.0
unsw->bot,1.0,46,2,rls_prossimale,1.0,2.748138774388369,3.4618451862532993,0.0,0.0
unsw->bot,1.0,46,2,rls_guardia_prossimale,0.8033,3.4641016151377544,0.0,0.0,3.0
unsw->bot,1.0,46,3,statico,0.9027201360068003,3.4641016151377544,0.0,,
unsw->bot,1.0,46,3,rls,0.5,3.9997212717190838,4.569686894489989,0.0,0.0
unsw->bot,1.0,46,3,rls_guardia,0.9027201360068003,3.4641016151377544,0.0,0.0,4.0
unsw->bot,1.0,46,3,rls_prossimale,0.5,1.3890644462960196,4.4896523876522485,0.0,0.0
unsw->bot,1.0,46,3,rls_guardia_prossimale,0.9027201360068003,3.4641016151377544,0.0,0.0,4.0
unsw->bot,1.0,46,4,statico,0.8028,3.4641016151377544,0.0,,
unsw->bot,1.0,46,4,rls,1.0,3.4298566503842176,4.982153208411832,0.0,0.0
unsw->bot,1.0,46,4,rls_guardia,0.8028,3.4641016151377544,0.0,0.0,5.0
unsw->bot,1.0,46,4,rls_prossimale,1.0,1.0341456559694455,5.089685520781152,0.0,0.0
unsw->bot,1.0,46,4,rls_guardia_prossimale,0.8028,3.4641016151377544,0.0,0.0,5.0
unsw->bot,1.0,46,5,statico,0.7991,3.4641016151377544,0.0,,
unsw->bot,1.0,46,5,rls,1.0,2.499811540863052,5.160523707641426,0.0,0.0
unsw->bot,1.0,46,5,rls_guardia,0.7991,3.4641016151377544,0.0,0.0,6.0
unsw->bot,1.0,46,5,rls_prossimale,1.0,0.7763789832886892,5.380741891686642,0.0,0.0
unsw->bot,1.0,46,5,rls_guardia_prossimale,0.7991,3.4641016151377544,0.0,0.0,6.0
unsw->bot,1.0,46,6,statico,0.7992,3.4641016151377544,0.0,,
unsw->bot,1.0,46,6,rls,1.0,1.812988616211013,5.486767150639518,0.0,0.0
unsw->bot,1.0,46,6,rls_guardia,0.7992,3.4641016151377544,0.0,0.0,7.0
unsw->bot,1.0,46,6,rls_prossimale,1.0,0.7708552310532648,5.566585313537934,0.0,0.0
unsw->bot,1.0,46,6,rls_guardia_prossimale,0.7992,3.4641016151377544,0.0,0.0,7.0
unsw->bot,1.0,46,7,statico,0.7976,3.4641016151377544,0.0,,
unsw->bot,1.0,46,7,rls,1.0,2.613708804513388,5.6448720234819545,0.0,0.0
unsw->bot,1.0,46,7,rls_guardia,0.7976,3.4641016151377544,0.0,0.0,8.0
unsw->bot,1.0,46,7,rls_prossimale,1.0,0.6147930119080617,5.672778548633631,0.0,0.0
unsw->bot,1.0,46,7,rls_guardia_prossimale,0.7976,3.4641016151377544,0.0,0.0,8.0
unsw->bot,1.0,46,8,statico,0.8975147514751476,3.4641016151377544,0.0,,
unsw->bot,1.0,46,8,rls,0.5,2.5777150305905003,5.669589613248813,0.0,0.0
unsw->bot,1.0,46,8,rls_guardia,0.8975147514751476,3.4641016151377544,0.0,0.0,9.0
unsw->bot,1.0,46,8,rls_prossimale,0.5,0.5959374851498579,5.806393006987994,0.0,0.0
unsw->bot,1.0,46,8,rls_guardia_prossimale,0.8975147514751476,3.4641016151377544,0.0,0.0,9.0
unsw->bot,1.0,46,9,statico,0.79235,3.4641016151377544,0.0,,
unsw->bot,1.0,46,9,rls,1.0,2.059815777600062,5.753969219797045,0.0,0.0
unsw->bot,1.0,46,9,rls_guardia,0.79235,3.4641016151377544,0.0,0.0,10.0
unsw->bot,1.0,46,9,rls_prossimale,1.0,0.45787264094892655,5.883017112321913,0.0,0.0
unsw->bot,1.0,46,9,rls_guardia_prossimale,0.79235,3.4641016151377544,0.0,0.0,10.0
unsw->bot,1.0,46,10,statico,0.3949947497374869,3.4641016151377544,0.0,,
unsw->bot,1.0,46,10,rls,0.5,1.509928101691334,5.763519165600421,0.0,0.0
unsw->bot,1.0,46,10,rls_guardia,0.3949947497374869,3.4641016151377544,0.0,0.0,11.0
unsw->bot,1.0,46,10,rls_prossimale,0.5,0.4786724407251016,5.972126113592551,0.0,0.0
unsw->bot,1.0,46,10,rls_guardia_prossimale,0.3949947497374869,3.4641016151377544,0.0,0.0,11.0
unsw->bot,1.0,46,11,statico,0.8927892789278928,3.4641016151377544,0.0,,
unsw->bot,1.0,46,11,rls,0.5,1.2815620831274308,5.838464157950243,0.0,0.0
unsw->bot,1.0,46,11,rls_guardia,0.8927892789278928,3.4641016151377544,0.0,0.0,12.0
unsw->bot,1.0,46,11,rls_prossimale,0.5,0.38860634190894444,6.050416657243791,0.0,0.0
unsw->bot,1.0,46,11,rls_guardia_prossimale,0.8927892789278928,3.4641016151377544,0.0,0.0,12.0
unsw->bot,1.0,46,12,statico,0.3938196909845492,3.4641016151377544,0.0,,
unsw->bot,1.0,46,12,rls,0.5,0.952509569587406,5.855854569913863,0.0,0.0
unsw->bot,1.0,46,12,rls_guardia,0.3938196909845492,3.4641016151377544,0.0,0.0,13.0
unsw->bot,1.0,46,12,rls_prossimale,0.5,0.41132139791577255,6.131304948540294,0.0,0.0
unsw->bot,1.0,46,12,rls_guardia_prossimale,0.3938196909845492,3.4641016151377544,0.0,0.0,13.0
unsw->bot,1.0,46,13,statico,0.8931196559827992,3.4641016151377544,0.0,,
unsw->bot,1.0,46,13,rls,0.5,0.8880312820848761,5.96205592351013,0.0,0.0
unsw->bot,1.0,46,13,rls_guardia,0.8931196559827992,3.4641016151377544,0.0,0.0,14.0
unsw->bot,1.0,46,13,rls_prossimale,0.5,0.3553456970219694,6.210565294464861,0.0,0.0
unsw->bot,1.0,46,13,rls_guardia_prossimale,0.8931196559827992,3.4641016151377544,0.0,0.0,14.0
unsw->bot,1.0,46,14,statico,0.78125,3.4641016151377544,0.0,,
unsw->bot,1.0,46,14,rls,1.0,0.8981928937533926,6.02943999006451,0.0,0.0
unsw->bot,1.0,46,14,rls_guardia,0.78125,3.4641016151377544,0.0,0.0,15.0
unsw->bot,1.0,46,14,rls_prossimale,1.0,0.34195385369952264,6.2680993494187565,0.0,0.0
unsw->bot,1.0,46,14,rls_guardia_prossimale,0.78125,3.4641016151377544,0.0,0.0,15.0
unsw->bot,1.0,46,15,statico,0.38971948597429873,3.4641016151377544,0.0,,
unsw->bot,1.0,46,15,rls,0.5,1.694771619242454,6.061827523223919,0.0,0.0
unsw->bot,1.0,46,15,rls_guardia,0.38971948597429873,3.4641016151377544,0.0,0.0,16.0
unsw->bot,1.0,46,15,rls_prossimale,0.5,0.43936764872763245,6.312537141589394,0.0,0.0
unsw->bot,1.0,46,15,rls_guardia_prossimale,0.38971948597429873,3.4641016151377544,0.0,0.0,16.0
unsw->bot,1.0,46,16,statico,0.8892889288928894,3.4641016151377544,0.0,,
unsw->bot,1.0,46,16,rls,0.5,0.7197735010269738,6.047191127776249,0.0,0.0
unsw->bot,1.0,46,16,rls_guardia,0.8892889288928894,3.4641016151377544,0.0,0.0,17.0
unsw->bot,1.0,46,16,rls_prossimale,0.5,0.5359727059051309,6.357926253637413,0.0,0.0
unsw->bot,1.0,46,16,rls_guardia_prossimale,0.8892889288928894,3.4641016151377544,0.0,0.0,17.0
unsw->bot,1.0,46,17,statico,0.6361136113611361,3.4641016151377544,0.0,,
unsw->bot,1.0,46,17,rls,0.5,0.5826747025830211,6.067401365562684,0.0,0.0
unsw->bot,1.0,46,17,rls_guardia,0.6361136113611361,3.4641016151377544,0.0,0.0,18.0
unsw->bot,1.0,46,17,rls_prossimale,0.5,0.42689340616128735,6.407635480628831,1.0,0.0
unsw->bot,1.0,46,17,rls_guardia_prossimale,0.6361136113611361,3.4641016151377544,0.0,0.0,18.0
unsw->bot,1.0,46,18,statico,0.7196162757746996,3.4641016151377544,0.0,,
unsw->bot,1.0,46,18,rls,0.5,0.5438894260169179,6.148944852732789,0.0,0.0
unsw->bot,1.0,46,18,rls_guardia,0.7196162757746996,3.4641016151377544,0.0,0.0,19.0
unsw->bot,1.0,46,18,rls_prossimale,0.5,3.629994788243149,6.036543013175933,0.0,0.0
unsw->bot,1.0,46,18,rls_guardia_prossimale,0.7196162757746996,3.4641016151377544,0.0,0.0,19.0
unsw->bot,1.0,46,19,statico,0.7194162457701989,3.4641016151377544,0.0,,
unsw->bot,1.0,46,19,rls,0.5,0.867806370354506,6.1447817507970095,1.0,0.0
unsw->bot,1.0,46,19,rls_guardia,0.7194162457701989,3.4641016151377544,0.0,0.0,20.0
unsw->bot,1.0,46,19,rls_prossimale,0.6666666666666666,5.50805731067212,6.22973314770338,1.0,0.0
unsw->bot,1.0,46,19,rls_guardia_prossimale,0.7194162457701989,3.4641016151377544,0.0,0.0,20.0
