exp,seed,politica,batch,frazione_target,bal_acc,adattamenti,etichette,ratio
ton->bot,42,statico,0,0.0,0.9231205673758865,0,0,3.0
ton->bot,42,ogni_batch_int,0,0.0,0.9231205673758865,0,0,3.0
ton->bot,42,martingala_int,0,0.0,0.9231205673758865,0,0,3.0
ton->bot,42,statico,1,0.053,0.9085148793779234,0,0,3.0
ton->bot,42,ogni_batch_int,1,0.053,0.8988529433574921,1,32,3.0
ton->bot,42,martingala_int,1,0.053,0.9085148793779234,0,0,3.0
ton->bot,42,statico,2,0.105,0.8965688666199504,0,0,3.0
ton->bot,42,ogni_batch_int,2,0.105,0.9289648559438743,2,64,3.0
ton->bot,42,martingala_int,2,0.105,0.8965688666199504,0,0,3.0
ton->bot,42,statico,3,0.158,0.8749830690028676,0,0,3.0
ton->bot,42,ogni_batch_int,3,0.158,0.917199449348562,3,96,3.0
ton->bot,42,martingala_int,3,0.158,0.8749830690028676,0,0,3.0
ton->bot,42,statico,4,0.211,0.8579190260235062,0,0,3.0
ton->bot,42,ogni_batch_int,4,0.211,0.9012988703127673,4,128,3.0
ton->bot,42,martingala_int,4,0.211,0.8579190260235062,0,0,3.0
ton->bot,42,statico,5,0.263,0.8406588138473667,0,0,3.0
ton->bot,42,ogni_batch_int,5,0.263,0.9393438230181441,5,160,3.0
ton->bot,42,martingala_int,5,0.263,0.8406588138473667,0,0,3.0
ton->bot,42,statico,6,0.316,0.827433502204338,0,0,3.0
ton->bot,42,ogni_batch_int,6,0.316,0.9433555474512043,6,192,3.0
ton->bot,42,martingala_int,6,0.316,0.827433502204338,0,0,3.0
ton->bot,42,statico,7,0.368,0.8085980946854296,0,0,3.0
ton->bot,42,ogni_batch_int,7,0.368,0.928004739107307,7,224,3.0
ton->bot,42,martingala_int,7,0.368,0.8085980946854296,0,0,3.0
ton->bot,42,statico,8,0.421,0.8029889727219965,0,0,3.0
ton->bot,42,ogni_batch_int,8,0.421,0.9460125379501374,8,256,3.0
ton->bot,42,martingala_int,8,0.421,0.8029889727219965,0,0,3.0
ton->bot,42,statico,9,0.474,0.7832158976384108,0,0,3.0
ton->bot,42,ogni_batch_int,9,0.474,0.9393315065583974,9,288,3.0
ton->bot,42,martingala_int,9,0.474,0.7832158976384108,0,0,3.0
ton->bot,42,statico,10,0.526,0.7676604626315072,0,0,3.0
ton->bot,42,ogni_batch_int,10,0.526,0.9500381781929705,10,320,3.0
ton->bot,42,martingala_int,10,0.526,0.7676604626315072,0,0,3.0
ton->bot,42,statico,11,0.579,0.761358192335918,0,0,3.0
ton->bot,42,ogni_batch_int,11,0.579,0.9497597257642265,11,352,3.0
ton->bot,42,martingala_int,11,0.579,0.761358192335918,0,0,3.0
ton->bot,42,statico,12,0.632,0.7465203513154504,0,0,3.0
ton->bot,42,ogni_batch_int,12,0.632,0.9452625944209838,12,384,3.0
ton->bot,42,martingala_int,12,0.632,0.7465203513154504,0,0,3.0
ton->bot,42,statico,13,0.684,0.734066273309837,0,0,3.0
ton->bot,42,ogni_batch_int,13,0.684,0.8822246548412105,13,416,3.0
ton->bot,42,martingala_int,13,0.684,0.734066273309837,0,0,3.0
ton->bot,42,statico,14,0.737,0.7216692356416049,0,0,3.0
ton->bot,42,ogni_batch_int,14,0.737,0.7441844659930243,14,448,3.0
ton->bot,42,martingala_int,14,0.737,0.7216692356416049,0,0,3.0
ton->bot,42,statico,15,0.789,0.7148557945042555,0,0,3.0
ton->bot,42,ogni_batch_int,15,0.789,0.7409775537809873,15,480,3.0
ton->bot,42,martingala_int,15,0.789,0.7148557945042555,0,0,3.0
ton->bot,42,statico,16,0.842,0.6996920100240216,0,0,3.0
ton->bot,42,ogni_batch_int,16,0.842,0.7655534657578815,16,512,3.0
ton->bot,42,martingala_int,16,0.842,0.6996920100240216,0,0,3.0
ton->bot,42,statico,17,0.895,0.6875625637573426,0,0,3.0
ton->bot,42,ogni_batch_int,17,0.895,0.7626993486207725,17,544,3.0
ton->bot,42,martingala_int,17,0.895,0.6875625637573426,0,0,3.0
ton->bot,42,statico,18,0.947,0.6655382571950796,0,0,3.0
ton->bot,42,ogni_batch_int,18,0.947,0.6749487220175021,18,576,3.0
ton->bot,42,martingala_int,18,0.947,0.6655382571950796,0,0,3.0
ton->bot,42,statico,19,1.0,0.2208360418020901,0,0,3.0
ton->bot,42,ogni_batch_int,19,1.0,0.4001450072503625,19,608,3.0
ton->bot,42,martingala_int,19,1.0,0.2208360418020901,0,0,3.0
ton->bot,43,statico,0,0.0,0.9247126770976545,0,0,3.0
ton->bot,43,ogni_batch_int,0,0.0,0.9247126770976545,0,0,3.0
ton->bot,43,martingala_int,0,0.0,0.9247126770976545,0,0,3.0
ton->bot,43,statico,1,0.053,0.907275699189062,0,0,3.0
ton->bot,43,ogni_batch_int,1,0.053,0.8720517054837424,1,32,3.0
ton->bot,43,martingala_int,1,0.053,0.907275699189062,0,0,3.0
ton->bot,43,statico,2,0.105,0.8877409738780359,0,0,3.0
ton->bot,43,ogni_batch_int,2,0.105,0.8751199161551371,2,64,3.0
ton->bot,43,martingala_int,2,0.105,0.8877409738780359,0,0,3.0
ton->bot,43,statico,3,0.158,0.8738494186536355,0,0,3.0
ton->bot,43,ogni_batch_int,3,0.158,0.9383010312980192,3,96,3.0
ton->bot,43,martingala_int,3,0.158,0.8738494186536355,0,0,3.0
ton->bot,43,statico,4,0.211,0.8577216985497005,0,0,3.0
ton->bot,43,ogni_batch_int,4,0.211,0.937882238878794,4,128,3.0
ton->bot,43,martingala_int,4,0.211,0.8577216985497005,0,0,3.0
ton->bot,43,statico,5,0.263,0.8440752215700036,0,0,3.0
ton->bot,43,ogni_batch_int,5,0.263,0.9242875803562436,5,160,3.0
ton->bot,43,martingala_int,5,0.263,0.8440752215700036,0,0,3.0
ton->bot,43,statico,6,0.316,0.8239062296773576,0,0,3.0
ton->bot,43,ogni_batch_int,6,0.316,0.9151892339254248,6,192,3.0
ton->bot,43,martingala_int,6,0.316,0.8239062296773576,0,0,3.0
ton->bot,43,statico,7,0.368,0.8074365295474273,0,0,3.0
ton->bot,43,ogni_batch_int,7,0.368,0.9417766670672311,7,224,3.0
ton->bot,43,martingala_int,7,0.368,0.8074365295474273,0,0,3.0
ton->bot,43,statico,8,0.421,0.7977198926927056,0,0,3.0
ton->bot,43,ogni_batch_int,8,0.421,0.9451131013550191,8,256,3.0
ton->bot,43,martingala_int,8,0.421,0.7977198926927056,0,0,3.0
ton->bot,43,statico,9,0.474,0.7779851918355554,0,0,3.0
ton->bot,43,ogni_batch_int,9,0.474,0.9454904555246295,9,288,3.0
ton->bot,43,martingala_int,9,0.474,0.7779851918355554,0,0,3.0
ton->bot,43,statico,10,0.526,0.7674937543068585,0,0,3.0
ton->bot,43,ogni_batch_int,10,0.526,0.9505249657891326,10,320,3.0
ton->bot,43,martingala_int,10,0.526,0.7674937543068585,0,0,3.0
ton->bot,43,statico,11,0.579,0.7555303184106974,0,0,3.0
ton->bot,43,ogni_batch_int,11,0.579,0.9022569306104009,11,352,3.0
ton->bot,43,martingala_int,11,0.579,0.7555303184106974,0,0,3.0
ton->bot,43,statico,12,0.632,0.736768386785978,0,0,3.0
ton->bot,43,ogni_batch_int,12,0.632,0.8988076324080113,12,384,3.0
ton->bot,43,martingala_int,12,0.632,0.736768386785978,0,0,3.0
ton->bot,43,statico,13,0.684,0.732040408454185,0,0,3.0
ton->bot,43,ogni_batch_int,13,0.684,0.9016921622212114,13,416,3.0
ton->bot,43,martingala_int,13,0.684,0.732040408454185,0,0,3.0
ton->bot,43,statico,14,0.737,0.7206914893617021,0,0,3.0
ton->bot,43,ogni_batch_int,14,0.737,0.8520390070921986,14,448,3.0
ton->bot,43,martingala_int,14,0.737,0.7206914893617021,0,0,3.0
ton->bot,43,statico,15,0.789,0.7066300155159053,0,0,3.0
ton->bot,43,ogni_batch_int,15,0.789,0.8437703140160617,15,480,3.0
ton->bot,43,martingala_int,15,0.789,0.7066300155159053,0,0,3.0
ton->bot,43,statico,16,0.842,0.7066910036406489,0,0,3.0
ton->bot,43,ogni_batch_int,16,0.842,0.8427773270251919,16,512,3.0
ton->bot,43,martingala_int,16,0.842,0.7066910036406489,0,0,3.0
ton->bot,43,statico,17,0.895,0.6760493715731658,0,0,3.0
ton->bot,43,ogni_batch_int,17,0.895,0.8478201051058907,17,544,3.0
ton->bot,43,martingala_int,17,0.895,0.6760493715731658,0,0,3.0
ton->bot,43,statico,18,0.947,0.6545488278990046,0,0,3.0
ton->bot,43,ogni_batch_int,18,0.947,0.8756439368246289,18,576,3.0
ton->bot,43,martingala_int,18,0.947,0.6545488278990046,0,0,3.0
ton->bot,43,statico,19,1.0,0.38947508792985613,0,0,3.0
ton->bot,43,ogni_batch_int,19,1.0,0.6583654214798886,19,608,3.0
ton->bot,43,martingala_int,19,1.0,0.38947508792985613,0,0,3.0
ton->bot,44,statico,0,0.0,0.9220982388070621,0,0,3.0
ton->bot,44,ogni_batch_int,0,0.0,0.9220982388070621,0,0,3.0
ton->bot,44,martingala_int,0,0.0,0.9220982388070621,0,0,3.0
ton->bot,44,statico,1,0.053,0.9053028884276533,0,0,3.0
ton->bot,44,ogni_batch_int,1,0.053,0.9569237806994786,1,32,3.0
ton->bot,44,martingala_int,1,0.053,0.9053028884276533,0,0,3.0
ton->bot,44,statico,2,0.105,0.8899748492058386,0,0,3.0
ton->bot,44,ogni_batch_int,2,0.105,0.9338559918490643,2,64,3.0
ton->bot,44,martingala_int,2,0.105,0.8899748492058386,0,0,3.0
ton->bot,44,statico,3,0.158,0.8749366221663626,0,0,3.0
ton->bot,44,ogni_batch_int,3,0.158,0.915781632992065,3,96,3.0
ton->bot,44,martingala_int,3,0.158,0.8749366221663626,0,0,3.0
ton->bot,44,statico,4,0.211,0.8576214899363659,0,0,3.0
ton->bot,44,ogni_batch_int,4,0.211,0.9043653792930553,4,128,3.0
ton->bot,44,martingala_int,4,0.211,0.8576214899363659,0,0,3.0
ton->bot,44,statico,5,0.263,0.8434548806157999,0,0,3.0
ton->bot,44,ogni_batch_int,5,0.263,0.8886101608743836,5,160,3.0
ton->bot,44,martingala_int,5,0.263,0.8434548806157999,0,0,3.0
ton->bot,44,statico,6,0.316,0.8294210885061057,0,0,3.0
ton->bot,44,ogni_batch_int,6,0.316,0.9600787901893506,6,192,3.0
ton->bot,44,martingala_int,6,0.316,0.8294210885061057,0,0,3.0
ton->bot,44,statico,7,0.368,0.8142799405294363,0,0,3.0
ton->bot,44,ogni_batch_int,7,0.368,0.9668022503012612,7,224,3.0
ton->bot,44,martingala_int,7,0.368,0.8142799405294363,0,0,3.0
ton->bot,44,statico,8,0.421,0.8029645994253857,0,0,3.0
ton->bot,44,ogni_batch_int,8,0.421,0.9676615347595081,8,256,3.0
ton->bot,44,martingala_int,8,0.421,0.8029645994253857,0,0,3.0
ton->bot,44,statico,9,0.474,0.7839133461766309,0,0,3.0
ton->bot,44,ogni_batch_int,9,0.474,0.9326290476296215,9,288,3.0
ton->bot,44,martingala_int,9,0.474,0.7839133461766309,0,0,3.0
ton->bot,44,statico,10,0.526,0.7733082902153179,0,0,3.0
ton->bot,44,ogni_batch_int,10,0.526,0.9039346945061996,10,320,3.0
ton->bot,44,martingala_int,10,0.526,0.7733082902153179,0,0,3.0
ton->bot,44,statico,11,0.579,0.7592109699431506,0,0,3.0
ton->bot,44,ogni_batch_int,11,0.579,0.9155659597321314,11,352,3.0
ton->bot,44,martingala_int,11,0.579,0.7592109699431506,0,0,3.0
ton->bot,44,statico,12,0.632,0.7505108132390108,0,0,3.0
ton->bot,44,ogni_batch_int,12,0.632,0.9061077780984459,12,384,3.0
ton->bot,44,martingala_int,12,0.632,0.7505108132390108,0,0,3.0
ton->bot,44,statico,13,0.684,0.7329965497425471,0,0,3.0
ton->bot,44,ogni_batch_int,13,0.684,0.908073934415345,13,416,3.0
ton->bot,44,martingala_int,13,0.684,0.7329965497425471,0,0,3.0
ton->bot,44,statico,14,0.737,0.7268917319359727,0,0,3.0
ton->bot,44,ogni_batch_int,14,0.737,0.9187489863094898,14,448,3.0
ton->bot,44,martingala_int,14,0.737,0.7268917319359727,0,0,3.0
ton->bot,44,statico,15,0.789,0.7213831101876675,0,0,3.0
ton->bot,44,ogni_batch_int,15,0.789,0.9252865991356586,15,480,3.0
ton->bot,44,martingala_int,15,0.789,0.7213831101876675,0,0,3.0
ton->bot,44,statico,16,0.842,0.7048945245325826,0,0,3.0
ton->bot,44,ogni_batch_int,16,0.842,0.922263078753033,16,512,3.0
ton->bot,44,martingala_int,16,0.842,0.7048945245325826,0,0,3.0
ton->bot,44,statico,17,0.895,0.6894615384615385,0,0,3.0
ton->bot,44,ogni_batch_int,17,0.895,0.9146923076923077,17,544,3.0
ton->bot,44,martingala_int,17,0.895,0.6894615384615385,0,0,3.0
ton->bot,44,statico,18,0.947,0.6862462326666778,0,0,3.0
ton->bot,44,ogni_batch_int,18,0.947,0.913935325085276,18,576,3.0
ton->bot,44,martingala_int,18,0.947,0.6862462326666778,0,0,3.0
ton->bot,44,statico,19,1.0,0.4713385354141657,0,0,3.0
ton->bot,44,ogni_batch_int,19,1.0,0.6782713085234093,19,608,3.0
ton->bot,44,martingala_int,19,1.0,0.4713385354141657,0,0,3.0
ton->bot,45,statico,0,0.0,0.9149021805649176,0,0,3.0
ton->bot,45,ogni_batch_int,0,0.0,0.9149021805649176,0,0,3.0
ton->bot,45,martingala_int,0,0.0,0.9149021805649176,0,0,3.0
ton->bot,45,statico,1,0.053,0.8984613867413862,0,0,3.0
ton->bot,45,ogni_batch_int,1,0.053,0.79349646396289,1,32,3.0
ton->bot,45,martingala_int,1,0.053,0.8984613867413862,0,0,3.0
ton->bot,45,statico,2,0.105,0.8817953720045479,0,0,3.0
ton->bot,45,ogni_batch_int,2,0.105,0.9258135774199985,2,64,3.0
ton->bot,45,martingala_int,2,0.105,0.8817953720045479,0,0,3.0
ton->bot,45,statico,3,0.158,0.8673950621652845,0,0,3.0
ton->bot,45,ogni_batch_int,3,0.158,0.9134185639844594,3,96,3.0
ton->bot,45,martingala_int,3,0.158,0.8673950621652845,0,0,3.0
ton->bot,45,statico,4,0.211,0.846354563104018,0,0,3.0
ton->bot,45,ogni_batch_int,4,0.211,0.8934599031291386,4,128,3.0
ton->bot,45,martingala_int,4,0.211,0.846354563104018,0,0,3.0
ton->bot,45,statico,5,0.263,0.8334568293285347,0,0,3.0
ton->bot,45,ogni_batch_int,5,0.263,0.8804278481761861,5,160,3.0
ton->bot,45,martingala_int,5,0.263,0.8334568293285347,0,0,3.0
ton->bot,45,statico,6,0.316,0.8169403438480571,0,0,3.0
ton->bot,45,ogni_batch_int,6,0.316,0.8662876778323774,6,192,3.0
ton->bot,45,martingala_int,6,0.316,0.8169403438480571,0,0,3.0
ton->bot,45,statico,7,0.368,0.8047851688814283,0,0,3.0
ton->bot,45,ogni_batch_int,7,0.368,0.8540779089075922,7,224,3.0
ton->bot,45,martingala_int,7,0.368,0.8047851688814283,0,0,3.0
ton->bot,45,statico,8,0.421,0.7918150564278514,0,0,3.0
ton->bot,45,ogni_batch_int,8,0.421,0.9403986171037028,8,256,3.0
ton->bot,45,martingala_int,8,0.421,0.7918150564278514,0,0,3.0
ton->bot,45,statico,9,0.474,0.7758958083614834,0,0,3.0
ton->bot,45,ogni_batch_int,9,0.474,0.9365737713849842,9,288,3.0
ton->bot,45,martingala_int,9,0.474,0.7758958083614834,0,0,3.0
ton->bot,45,statico,10,0.526,0.7570813623633184,0,0,3.0
ton->bot,45,ogni_batch_int,10,0.526,0.9506184370632891,10,320,3.0
ton->bot,45,martingala_int,10,0.526,0.7570813623633184,0,0,3.0
ton->bot,45,statico,11,0.579,0.7451783948895228,0,0,3.0
ton->bot,45,ogni_batch_int,11,0.579,0.9564363382284313,11,352,3.0
ton->bot,45,martingala_int,11,0.579,0.7451783948895228,0,0,3.0
ton->bot,45,statico,12,0.632,0.7323437065544545,0,0,3.0
ton->bot,45,ogni_batch_int,12,0.632,0.9637191026624102,12,384,3.0
ton->bot,45,martingala_int,12,0.632,0.7323437065544545,0,0,3.0
ton->bot,45,statico,13,0.684,0.7273399137266521,0,0,3.0
ton->bot,45,ogni_batch_int,13,0.684,0.9687541926007253,13,416,3.0
ton->bot,45,martingala_int,13,0.684,0.7273399137266521,0,0,3.0
ton->bot,45,statico,14,0.737,0.708980258511037,0,0,3.0
ton->bot,45,ogni_batch_int,14,0.737,0.9587622662507076,14,448,3.0
ton->bot,45,martingala_int,14,0.737,0.708980258511037,0,0,3.0
ton->bot,45,statico,15,0.789,0.6992005321019448,0,0,3.0
ton->bot,45,ogni_batch_int,15,0.789,0.9688070357140202,15,480,3.0
ton->bot,45,martingala_int,15,0.789,0.6992005321019448,0,0,3.0
ton->bot,45,statico,16,0.842,0.6841435058540322,0,0,3.0
ton->bot,45,ogni_batch_int,16,0.842,0.9647226173541963,16,512,3.0
ton->bot,45,martingala_int,16,0.842,0.6841435058540322,0,0,3.0
ton->bot,45,statico,17,0.895,0.6713493431928471,0,0,3.0
ton->bot,45,ogni_batch_int,17,0.895,0.9771459551700232,17,544,3.0
ton->bot,45,martingala_int,17,0.895,0.6713493431928471,0,0,3.0
ton->bot,45,statico,18,0.947,0.6620745557106446,0,0,3.0
ton->bot,45,ogni_batch_int,18,0.947,0.9625282348440248,18,576,3.0
ton->bot,45,martingala_int,18,0.947,0.6620745557106446,0,0,3.0
ton->bot,45,statico,19,1.0,0.7214942988597719,0,0,3.0
ton->bot,45,ogni_batch_int,19,1.0,0.997624524904981,19,608,3.0
ton->bot,45,martingala_int,19,1.0,0.7214942988597719,0,0,3.0
ton->bot,46,statico,0,0.0,0.9483040513971772,0,0,3.0
ton->bot,46,ogni_batch_int,0,0.0,0.9483040513971772,0,0,3.0
ton->bot,46,martingala_int,0,0.0,0.9483040513971772,0,0,3.0
ton->bot,46,statico,1,0.053,0.9308018391780561,0,0,3.0
ton->bot,46,ogni_batch_int,1,0.053,0.8280122608642516,1,32,3.0
ton->bot,46,martingala_int,1,0.053,0.9308018391780561,0,0,3.0
ton->bot,46,statico,2,0.105,0.9103727126592593,0,0,3.0
ton->bot,46,ogni_batch_int,2,0.105,0.9134043647175984,2,64,3.0
ton->bot,46,martingala_int,2,0.105,0.9103727126592593,0,0,3.0
ton->bot,46,statico,3,0.158,0.8981843930569545,0,0,3.0
ton->bot,46,ogni_batch_int,3,0.158,0.8662757832202485,3,96,3.0
ton->bot,46,martingala_int,3,0.158,0.8981843930569545,0,0,3.0
ton->bot,46,statico,4,0.211,0.8852302647137654,0,0,3.0
ton->bot,46,ogni_batch_int,4,0.211,0.9178851870931226,4,128,3.0
ton->bot,46,martingala_int,4,0.211,0.8852302647137654,0,0,3.0
ton->bot,46,statico,5,0.263,0.861241386144272,0,0,3.0
ton->bot,46,ogni_batch_int,5,0.263,0.9095734134601614,5,160,3.0
ton->bot,46,martingala_int,5,0.263,0.861241386144272,0,0,3.0
ton->bot,46,statico,6,0.316,0.8513281806508455,0,0,3.0
ton->bot,46,ogni_batch_int,6,0.316,0.9443746368050088,6,192,3.0
ton->bot,46,martingala_int,6,0.316,0.8513281806508455,0,0,3.0
ton->bot,46,statico,7,0.368,0.8340621431290445,0,0,3.0
ton->bot,46,ogni_batch_int,7,0.368,0.9475582096180688,7,224,3.0
ton->bot,46,martingala_int,7,0.368,0.8340621431290445,0,0,3.0
ton->bot,46,statico,8,0.421,0.8197727304421776,0,0,3.0
ton->bot,46,ogni_batch_int,8,0.421,0.9425892970249399,8,256,3.0
ton->bot,46,martingala_int,8,0.421,0.8197727304421776,0,0,3.0
ton->bot,46,statico,9,0.474,0.804829075305104,0,0,3.0
ton->bot,46,ogni_batch_int,9,0.474,0.9741821874017547,9,288,3.0
ton->bot,46,martingala_int,9,0.474,0.804829075305104,0,0,3.0
ton->bot,46,statico,10,0.526,0.7937138030888031,0,0,3.0
ton->bot,46,ogni_batch_int,10,0.526,0.966387146074646,10,320,3.0
ton->bot,46,martingala_int,10,0.526,0.7937138030888031,0,0,3.0
ton->bot,46,statico,11,0.579,0.7817510602860627,0,0,3.0
ton->bot,46,ogni_batch_int,11,0.579,0.9695334741324542,11,352,3.0
ton->bot,46,martingala_int,11,0.579,0.7817510602860627,0,0,3.0
ton->bot,46,statico,12,0.632,0.7649233872982977,0,0,3.0
ton->bot,46,ogni_batch_int,12,0.632,0.9469360775338229,12,384,3.0
ton->bot,46,martingala_int,12,0.632,0.7649233872982977,0,0,3.0
ton->bot,46,statico,13,0.684,0.7544528714694951,0,0,3.0
ton->bot,46,ogni_batch_int,13,0.684,0.9671400454452247,13,416,3.0
ton->bot,46,martingala_int,13,0.684,0.7544528714694951,0,0,3.0
ton->bot,46,statico,14,0.737,0.7437687881552437,0,0,3.0
ton->bot,46,ogni_batch_int,14,0.737,0.9619377321797896,14,448,3.0
ton->bot,46,martingala_int,14,0.737,0.7437687881552437,0,0,3.0
ton->bot,46,statico,15,0.789,0.7355529171489549,0,0,3.0
ton->bot,46,ogni_batch_int,15,0.789,0.9796961926097822,15,480,3.0
ton->bot,46,martingala_int,15,0.789,0.7355529171489549,0,0,3.0
ton->bot,46,statico,16,0.842,0.7186812315137662,0,0,3.0
ton->bot,46,ogni_batch_int,16,0.842,0.9635682877117822,16,512,3.0
ton->bot,46,martingala_int,16,0.842,0.7186812315137662,0,0,3.0
ton->bot,46,statico,17,0.895,0.7176536156432668,0,0,3.0
ton->bot,46,ogni_batch_int,17,0.895,0.8810954301607804,17,544,3.0
ton->bot,46,martingala_int,17,0.895,0.7176536156432668,0,0,3.0
ton->bot,46,statico,18,0.947,0.7037998584383608,0,0,3.0
ton->bot,46,ogni_batch_int,18,0.947,0.8075489645280529,18,576,3.0
ton->bot,46,martingala_int,18,0.947,0.7037998584383608,0,0,3.0
ton->bot,46,statico,19,1.0,0.5539164207964528,0,0,3.0
ton->bot,46,ogni_batch_int,19,1.0,0.8306579320231368,19,608,3.0
ton->bot,46,martingala_int,19,1.0,0.5539164207964528,0,0,3.0
ton->bot,47,statico,0,0.0,0.8315040773021872,0,0,3.0
ton->bot,47,ogni_batch_int,0,0.0,0.8315040773021872,0,0,3.0
ton->bot,47,martingala_int,0,0.0,0.8315040773021872,0,0,3.0
ton->bot,47,statico,1,0.053,0.8163087585487165,0,0,3.0
ton->bot,47,ogni_batch_int,1,0.053,0.886188040308494,1,32,3.0
ton->bot,47,martingala_int,1,0.053,0.8163087585487165,0,0,3.0
ton->bot,47,statico,2,0.105,0.7945512194161285,0,0,3.0
ton->bot,47,ogni_batch_int,2,0.105,0.9283238728032104,2,64,3.0
ton->bot,47,martingala_int,2,0.105,0.7945512194161285,0,0,3.0
ton->bot,47,statico,3,0.158,0.7793071003623406,0,0,3.0
ton->bot,47,ogni_batch_int,3,0.158,0.9113921094036184,3,96,3.0
ton->bot,47,martingala_int,3,0.158,0.7793071003623406,0,0,3.0
ton->bot,47,statico,4,0.211,0.7577096023652308,0,0,3.0
ton->bot,47,ogni_batch_int,4,0.211,0.9293390394862171,4,128,3.0
ton->bot,47,martingala_int,4,0.211,0.7577096023652308,0,0,3.0
ton->bot,47,statico,5,0.263,0.74727647336849,0,0,3.0
ton->bot,47,ogni_batch_int,5,0.263,0.9099261215560002,5,160,3.0
ton->bot,47,martingala_int,5,0.263,0.74727647336849,0,0,3.0
ton->bot,47,statico,6,0.316,0.7368075937072216,0,0,3.0
ton->bot,47,ogni_batch_int,6,0.316,0.9382162457923215,6,192,3.0
ton->bot,47,martingala_int,6,0.316,0.7368075937072216,0,0,3.0
ton->bot,47,statico,7,0.368,0.7187866652772225,0,0,3.0
ton->bot,47,ogni_batch_int,7,0.368,0.9567329181967059,7,224,3.0
ton->bot,47,martingala_int,7,0.368,0.9240383177842729,1,32,3.0
ton->bot,47,statico,8,0.421,0.6979452343644155,0,0,3.0
ton->bot,47,ogni_batch_int,8,0.421,0.9527945519555194,8,256,3.0
ton->bot,47,martingala_int,8,0.421,0.9394637849965017,2,64,3.0
ton->bot,47,statico,9,0.474,0.6868360581475441,0,0,3.0
ton->bot,47,ogni_batch_int,9,0.474,0.9646356246085006,9,288,3.0
ton->bot,47,martingala_int,9,0.474,0.9558419055019236,3,96,3.0
ton->bot,47,statico,10,0.526,0.6695493385337565,0,0,3.0
ton->bot,47,ogni_batch_int,10,0.526,0.9632989075262333,10,320,3.0
ton->bot,47,martingala_int,10,0.526,0.9646238046056461,4,128,3.0
ton->bot,47,statico,11,0.579,0.6630974080387326,0,0,3.0
ton->bot,47,ogni_batch_int,11,0.579,0.961229802899215,11,352,3.0
ton->bot,47,martingala_int,11,0.579,0.9553882212227125,5,160,3.0
ton->bot,47,statico,12,0.632,0.6387149047464211,0,0,3.0
ton->bot,47,ogni_batch_int,12,0.632,0.9640943210935362,12,384,3.0
ton->bot,47,martingala_int,12,0.632,0.9579829770858418,6,192,3.0
ton->bot,47,statico,13,0.684,0.6408151710422483,0,0,3.0
ton->bot,47,ogni_batch_int,13,0.684,0.963505207172203,13,416,3.0
ton->bot,47,martingala_int,13,0.684,0.9580503271512539,7,224,3.0
ton->bot,47,statico,14,0.737,0.6175547741074496,0,0,3.0
ton->bot,47,ogni_batch_int,14,0.737,0.9645519987434652,14,448,3.0
ton->bot,47,martingala_int,14,0.737,0.9622067079807126,8,256,3.0
ton->bot,47,statico,15,0.789,0.6117740447030484,0,0,3.0
ton->bot,47,ogni_batch_int,15,0.789,0.966316039186857,15,480,3.0
ton->bot,47,martingala_int,15,0.789,0.9589484303880625,9,288,3.0
ton->bot,47,statico,16,0.842,0.5762321182974529,0,0,3.0
ton->bot,47,ogni_batch_int,16,0.842,0.9678689588215351,16,512,3.0
ton->bot,47,martingala_int,16,0.842,0.9634097881317237,10,320,3.0
ton->bot,47,statico,17,0.895,0.5836819499525732,0,0,3.0
ton->bot,47,ogni_batch_int,17,0.895,0.9798785905636378,17,544,3.0
ton->bot,47,martingala_int,17,0.895,0.9734517921353091,11,352,3.0
ton->bot,47,statico,18,0.947,0.5792330383480826,0,0,3.0
ton->bot,47,ogni_batch_int,18,0.947,0.9788846748138784,18,576,3.0
ton->bot,47,martingala_int,18,0.947,0.987748279252704,12,384,3.0
ton->bot,47,statico,19,1.0,0.22056102805140257,0,0,3.0
ton->bot,47,ogni_batch_int,19,1.0,0.4910245512275614,19,608,3.0
ton->bot,47,martingala_int,19,1.0,0.4981749087454373,13,416,3.0
ton->bot,48,statico,0,0.0,0.9409380955313037,0,0,3.0
ton->bot,48,ogni_batch_int,0,0.0,0.9409380955313037,0,0,3.0
ton->bot,48,martingala_int,0,0.0,0.9409380955313037,0,0,3.0
ton->bot,48,statico,1,0.053,0.9202565121572311,0,0,3.0
ton->bot,48,ogni_batch_int,1,0.053,0.8891242458181292,1,32,3.0
ton->bot,48,martingala_int,1,0.053,0.9202565121572311,0,0,3.0
ton->bot,48,statico,2,0.105,0.9048900426654557,0,0,3.0
ton->bot,48,ogni_batch_int,2,0.105,0.8355791287561629,2,64,3.0
ton->bot,48,martingala_int,2,0.105,0.9048900426654557,0,0,3.0
ton->bot,48,statico,3,0.158,0.889351739401822,0,0,3.0
ton->bot,48,ogni_batch_int,3,0.158,0.9394936616560583,3,96,3.0
ton->bot,48,martingala_int,3,0.158,0.889351739401822,0,0,3.0
ton->bot,48,statico,4,0.211,0.8735533568181059,0,0,3.0
ton->bot,48,ogni_batch_int,4,0.211,0.9611691614013974,4,128,3.0
ton->bot,48,martingala_int,4,0.211,0.8735533568181059,0,0,3.0
ton->bot,48,statico,5,0.263,0.8544910562395499,0,0,3.0
ton->bot,48,ogni_batch_int,5,0.263,0.9643643627787951,5,160,3.0
ton->bot,48,martingala_int,5,0.263,0.8544910562395499,0,0,3.0
ton->bot,48,statico,6,0.316,0.8379372416598574,0,0,3.0
ton->bot,48,ogni_batch_int,6,0.316,0.967548264616293,6,192,3.0
ton->bot,48,martingala_int,6,0.316,0.8379372416598574,0,0,3.0
ton->bot,48,statico,7,0.368,0.8332729663111631,0,0,3.0
ton->bot,48,ogni_batch_int,7,0.368,0.9678203715394857,7,224,3.0
ton->bot,48,martingala_int,7,0.368,0.8332729663111631,0,0,3.0
ton->bot,48,statico,8,0.421,0.8197375840637469,0,0,3.0
ton->bot,48,ogni_batch_int,8,0.421,0.9636009092598732,8,256,3.0
ton->bot,48,martingala_int,8,0.421,0.8197375840637469,0,0,3.0
ton->bot,48,statico,9,0.474,0.7991862992736364,0,0,3.0
ton->bot,48,ogni_batch_int,9,0.474,0.96884039275273,9,288,3.0
ton->bot,48,martingala_int,9,0.474,0.7991862992736364,0,0,3.0
ton->bot,48,statico,10,0.526,0.7861564269656612,0,0,3.0
ton->bot,48,ogni_batch_int,10,0.526,0.9507967476631489,10,320,3.0
ton->bot,48,martingala_int,10,0.526,0.7861564269656612,0,0,3.0
ton->bot,48,statico,11,0.579,0.773618758700253,0,0,3.0
ton->bot,48,ogni_batch_int,11,0.579,0.9588973270276665,11,352,3.0
ton->bot,48,martingala_int,11,0.579,0.773618758700253,0,0,3.0
ton->bot,48,statico,12,0.632,0.7606166056166057,0,0,3.0
ton->bot,48,ogni_batch_int,12,0.632,0.9619078144078144,12,384,3.0
ton->bot,48,martingala_int,12,0.632,0.7606166056166057,0,0,3.0
ton->bot,48,statico,13,0.684,0.7376083280966126,0,0,3.0
ton->bot,48,ogni_batch_int,13,0.684,0.9507952313130095,13,416,3.0
ton->bot,48,martingala_int,13,0.684,0.7376083280966126,0,0,3.0
ton->bot,48,statico,14,0.737,0.7364349154065288,0,0,3.0
ton->bot,48,ogni_batch_int,14,0.737,0.9636345063357825,14,448,3.0
ton->bot,48,martingala_int,14,0.737,0.7364349154065288,0,0,3.0
ton->bot,48,statico,15,0.789,0.7226978167116263,0,0,3.0
ton->bot,48,ogni_batch_int,15,0.789,0.9676659223081965,15,480,3.0
ton->bot,48,martingala_int,15,0.789,0.8305374730876371,1,32,3.0
ton->bot,48,statico,16,0.842,0.7107150066756607,0,0,3.0
ton->bot,48,ogni_batch_int,16,0.842,0.9796152443221939,16,512,3.0
ton->bot,48,martingala_int,16,0.842,0.899823828144005,2,64,3.0
ton->bot,48,statico,17,0.895,0.6992187757887598,0,0,3.0
ton->bot,48,ogni_batch_int,17,0.895,0.9702107461758858,17,544,3.0
ton->bot,48,martingala_int,17,0.895,0.9045011217848761,3,96,3.0
ton->bot,48,statico,18,0.947,0.682138670648488,0,0,3.0
ton->bot,48,ogni_batch_int,18,0.947,0.8470289844960158,18,576,3.0
ton->bot,48,martingala_int,18,0.947,0.934717725617159,4,128,3.0
ton->bot,48,statico,19,1.0,0.2224972497249725,0,0,3.0
ton->bot,48,ogni_batch_int,19,1.0,0.7492749274927493,19,608,3.0
ton->bot,48,martingala_int,19,1.0,0.4862236223622362,5,160,3.0
ton->bot,49,statico,0,0.0,0.8239299145843957,0,0,3.0
ton->bot,49,ogni_batch_int,0,0.0,0.8239299145843957,0,0,3.0
ton->bot,49,martingala_int,0,0.0,0.8239299145843957,0,0,3.0
ton->bot,49,statico,1,0.053,0.8093822829362172,0,0,3.0
ton->bot,49,ogni_batch_int,1,0.053,0.9320907365461821,1,32,3.0
ton->bot,49,martingala_int,1,0.053,0.8093822829362172,0,0,3.0
ton->bot,49,statico,2,0.105,0.7925167489062271,0,0,3.0
ton->bot,49,ogni_batch_int,2,0.105,0.8213984030783195,2,64,3.0
ton->bot,49,martingala_int,2,0.105,0.7925167489062271,0,0,3.0
ton->bot,49,statico,3,0.158,0.7760516240448723,0,0,3.0
ton->bot,49,ogni_batch_int,3,0.158,0.8950173982056953,3,96,3.0
ton->bot,49,martingala_int,3,0.158,0.7760516240448723,0,0,3.0
ton->bot,49,statico,4,0.211,0.7532588114588991,0,0,3.0
ton->bot,49,ogni_batch_int,4,0.211,0.8940545869394836,4,128,3.0
ton->bot,49,martingala_int,4,0.211,0.8904173062776576,1,32,3.0
ton->bot,49,statico,5,0.263,0.7397337953299379,0,0,3.0
ton->bot,49,ogni_batch_int,5,0.263,0.9005604491942891,5,160,3.0
ton->bot,49,martingala_int,5,0.263,0.9626134118170939,2,64,3.0
ton->bot,49,statico,6,0.316,0.7198899894384543,0,0,3.0
ton->bot,49,ogni_batch_int,6,0.316,0.9534880382953363,6,192,3.0
ton->bot,49,martingala_int,6,0.316,0.952342276036102,3,96,3.0
ton->bot,49,statico,7,0.368,0.7031706920480792,0,0,3.0
ton->bot,49,ogni_batch_int,7,0.368,0.9648449703217745,7,224,3.0
ton->bot,49,martingala_int,7,0.368,0.9573745205135691,4,128,3.0
ton->bot,49,statico,8,0.421,0.6911060597363887,0,0,3.0
ton->bot,49,ogni_batch_int,8,0.421,0.9648826772114514,8,256,3.0
ton->bot,49,martingala_int,8,0.421,0.9554966908592808,5,160,3.0
ton->bot,49,statico,9,0.474,0.6869908545102836,0,0,3.0
ton->bot,49,ogni_batch_int,9,0.474,0.9581748647525803,9,288,3.0
ton->bot,49,martingala_int,9,0.474,0.9492504021690287,6,192,3.0
ton->bot,49,statico,10,0.526,0.6655205782376066,0,0,3.0
ton->bot,49,ogni_batch_int,10,0.526,0.9565666226112661,10,320,3.0
ton->bot,49,martingala_int,10,0.526,0.951730102642944,7,224,3.0
ton->bot,49,statico,11,0.579,0.6457496323317098,0,0,3.0
ton->bot,49,ogni_batch_int,11,0.579,0.9516921201463888,11,352,3.0
ton->bot,49,martingala_int,11,0.579,0.9516921201463888,8,256,3.0
ton->bot,49,statico,12,0.632,0.6442149416627639,0,0,3.0
ton->bot,49,ogni_batch_int,12,0.632,0.9479896560851948,12,384,3.0
ton->bot,49,martingala_int,12,0.632,0.9479896560851948,9,288,3.0
ton->bot,49,statico,13,0.684,0.6253179922367068,0,0,3.0
ton->bot,49,ogni_batch_int,13,0.684,0.9536967478366344,13,416,3.0
ton->bot,49,martingala_int,13,0.684,0.9536967478366344,10,320,3.0
ton->bot,49,statico,14,0.737,0.6309062822761009,0,0,3.0
ton->bot,49,ogni_batch_int,14,0.737,0.9519950662679362,14,448,3.0
ton->bot,49,martingala_int,14,0.737,0.9519950662679362,11,352,3.0
ton->bot,49,statico,15,0.789,0.6171189328430237,0,0,3.0
ton->bot,49,ogni_batch_int,15,0.789,0.9636186008624945,15,480,3.0
ton->bot,49,martingala_int,15,0.789,0.9636186008624945,12,384,3.0
ton->bot,49,statico,16,0.842,0.5979095302594524,0,0,3.0
ton->bot,49,ogni_batch_int,16,0.842,0.9736193001471176,16,512,3.0
ton->bot,49,martingala_int,16,0.842,0.9736193001471176,13,416,3.0
ton->bot,49,statico,17,0.895,0.5850534482846915,0,0,3.0
ton->bot,49,ogni_batch_int,17,0.895,0.9816320692318885,17,544,3.0
ton->bot,49,martingala_int,17,0.895,0.9816320692318885,14,448,3.0
ton->bot,49,statico,18,0.947,0.5576502365950179,0,0,3.0
ton->bot,49,ogni_batch_int,18,0.947,0.9090551591616641,18,576,3.0
ton->bot,49,martingala_int,18,0.947,0.9090551591616641,15,480,3.0
ton->bot,49,statico,19,1.0,0.5560751558800974,0,0,3.0
ton->bot,49,ogni_batch_int,19,1.0,0.9165916441599147,19,608,3.0
ton->bot,49,martingala_int,19,1.0,0.9165916441599147,16,512,3.0
ton->bot,50,statico,0,0.0,0.9290868759601456,0,0,3.0
ton->bot,50,ogni_batch_int,0,0.0,0.9290868759601456,0,0,3.0
ton->bot,50,martingala_int,0,0.0,0.9290868759601456,0,0,3.0
ton->bot,50,statico,1,0.053,0.9140281646864803,0,0,3.0
ton->bot,50,ogni_batch_int,1,0.053,0.9452954376387404,1,32,3.0
ton->bot,50,martingala_int,1,0.053,0.9140281646864803,0,0,3.0
ton->bot,50,statico,2,0.105,0.8958567642523867,0,0,3.0
ton->bot,50,ogni_batch_int,2,0.105,0.9061755540049137,2,64,3.0
ton->bot,50,martingala_int,2,0.105,0.8958567642523867,0,0,3.0
ton->bot,50,statico,3,0.158,0.8784021992011489,0,0,3.0
ton->bot,50,ogni_batch_int,3,0.158,0.9088837519070077,3,96,3.0
ton->bot,50,martingala_int,3,0.158,0.8784021992011489,0,0,3.0
ton->bot,50,statico,4,0.211,0.8653140983853174,0,0,3.0
ton->bot,50,ogni_batch_int,4,0.211,0.9029040989703474,4,128,3.0
ton->bot,50,martingala_int,4,0.211,0.8653140983853174,0,0,3.0
ton->bot,50,statico,5,0.263,0.8439709417204355,0,0,3.0
ton->bot,50,ogni_batch_int,5,0.263,0.957447922182355,5,160,3.0
ton->bot,50,martingala_int,5,0.263,0.8439709417204355,0,0,3.0
ton->bot,50,statico,6,0.316,0.8311271415659929,0,0,3.0
ton->bot,50,ogni_batch_int,6,0.316,0.9664520267069402,6,192,3.0
ton->bot,50,martingala_int,6,0.316,0.8311271415659929,0,0,3.0
ton->bot,50,statico,7,0.368,0.8164883382924594,0,0,3.0
ton->bot,50,ogni_batch_int,7,0.368,0.9633247814961692,7,224,3.0
ton->bot,50,martingala_int,7,0.368,0.8164883382924594,0,0,3.0
ton->bot,50,statico,8,0.421,0.8009639469537573,0,0,3.0
ton->bot,50,ogni_batch_int,8,0.421,0.9616253103303085,8,256,3.0
ton->bot,50,martingala_int,8,0.421,0.8009639469537573,0,0,3.0
ton->bot,50,statico,9,0.474,0.7960156487389851,0,0,3.0
ton->bot,50,ogni_batch_int,9,0.474,0.9209206927985415,9,288,3.0
ton->bot,50,martingala_int,9,0.474,0.7960156487389851,0,0,3.0
ton->bot,50,statico,10,0.526,0.7796251279400125,0,0,3.0
ton->bot,50,ogni_batch_int,10,0.526,0.921809928186692,10,320,3.0
ton->bot,50,martingala_int,10,0.526,0.7796251279400125,0,0,3.0
ton->bot,50,statico,11,0.579,0.766002337188872,0,0,3.0
ton->bot,50,ogni_batch_int,11,0.579,0.9193250021491328,11,352,3.0
ton->bot,50,martingala_int,11,0.579,0.766002337188872,0,0,3.0
ton->bot,50,statico,12,0.632,0.7574506230231273,0,0,3.0
ton->bot,50,ogni_batch_int,12,0.632,0.949838935177948,12,384,3.0
ton->bot,50,martingala_int,12,0.632,0.7574506230231273,0,0,3.0
ton->bot,50,statico,13,0.684,0.7388054636801125,0,0,3.0
ton->bot,50,ogni_batch_int,13,0.684,0.9596076220525207,13,416,3.0
ton->bot,50,martingala_int,13,0.684,0.7388054636801125,0,0,3.0
ton->bot,50,statico,14,0.737,0.7227122731943932,0,0,3.0
ton->bot,50,ogni_batch_int,14,0.737,0.956302747205168,14,448,3.0
ton->bot,50,martingala_int,14,0.737,0.7227122731943932,0,0,3.0
ton->bot,50,statico,15,0.789,0.7191415117064823,0,0,3.0
ton->bot,50,ogni_batch_int,15,0.789,0.9537652739474141,15,480,3.0
ton->bot,50,martingala_int,15,0.789,0.7191415117064823,0,0,3.0
ton->bot,50,statico,16,0.842,0.7033357621334383,0,0,3.0
ton->bot,50,ogni_batch_int,16,0.842,0.9489417874749921,16,512,3.0
ton->bot,50,martingala_int,16,0.842,0.7033357621334383,0,0,3.0
ton->bot,50,statico,17,0.895,0.692140908056842,0,0,3.0
ton->bot,50,ogni_batch_int,17,0.895,0.9659980510877777,17,544,3.0
ton->bot,50,martingala_int,17,0.895,0.692140908056842,0,0,3.0
ton->bot,50,statico,18,0.947,0.6877881515991293,0,0,3.0
ton->bot,50,ogni_batch_int,18,0.947,0.9596558816758027,18,576,3.0
ton->bot,50,martingala_int,18,0.947,0.6877881515991293,0,0,3.0
ton->bot,50,statico,19,1.0,0.5530662932773249,0,0,3.0
ton->bot,50,ogni_batch_int,19,1.0,0.9973496024403661,19,608,3.0
ton->bot,50,martingala_int,19,1.0,0.5530662932773249,0,0,3.0
ton->bot,51,statico,0,0.0,0.9447127369056516,0,0,3.0
ton->bot,51,ogni_batch_int,0,0.0,0.9447127369056516,0,0,3.0
ton->bot,51,martingala_int,0,0.0,0.9447127369056516,0,0,3.0
ton->bot,51,statico,1,0.053,0.9200952833305871,0,0,3.0
ton->bot,51,ogni_batch_int,1,0.053,0.9261178734281164,1,32,3.0
ton->bot,51,martingala_int,1,0.053,0.9200952833305871,0,0,3.0
ton->bot,51,statico,2,0.105,0.9074114523704998,0,0,3.0
ton->bot,51,ogni_batch_int,2,0.105,0.9124761845325713,2,64,3.0
ton->bot,51,martingala_int,2,0.105,0.9074114523704998,0,0,3.0
ton->bot,51,statico,3,0.158,0.8888249531566264,0,0,3.0
ton->bot,51,ogni_batch_int,3,0.158,0.9100123708604306,3,96,3.0
ton->bot,51,martingala_int,3,0.158,0.8888249531566264,0,0,3.0
ton->bot,51,statico,4,0.211,0.8804471489114449,0,0,3.0
ton->bot,51,ogni_batch_int,4,0.211,0.8948288996968607,4,128,3.0
ton->bot,51,martingala_int,4,0.211,0.9178258375559705,1,32,3.0
ton->bot,51,statico,5,0.263,0.8574666652319314,0,0,3.0
ton->bot,51,ogni_batch_int,5,0.263,0.9058964262110833,5,160,3.0
ton->bot,51,martingala_int,5,0.263,0.9163029881084523,2,64,3.0
ton->bot,51,statico,6,0.316,0.8418405932877349,0,0,3.0
ton->bot,51,ogni_batch_int,6,0.316,0.8920061037387899,6,192,3.0
ton->bot,51,martingala_int,6,0.316,0.8415949716353087,3,96,3.0
ton->bot,51,statico,7,0.368,0.8278013146506471,0,0,3.0
ton->bot,51,ogni_batch_int,7,0.368,0.9311119155899028,7,224,3.0
ton->bot,51,martingala_int,7,0.368,0.9522318845033058,4,128,3.0
ton->bot,51,statico,8,0.421,0.8118366271409749,0,0,3.0
ton->bot,51,ogni_batch_int,8,0.421,0.936060606060606,8,256,3.0
ton->bot,51,martingala_int,8,0.421,0.9441080368906456,5,160,3.0
ton->bot,51,statico,9,0.474,0.8072913235897892,0,0,3.0
ton->bot,51,ogni_batch_int,9,0.474,0.9365001734964171,9,288,3.0
ton->bot,51,martingala_int,9,0.474,0.8506189876279646,6,192,3.0
ton->bot,51,statico,10,0.526,0.7917339876337086,0,0,3.0
ton->bot,51,ogni_batch_int,10,0.526,0.9511677365762293,10,320,3.0
ton->bot,51,martingala_int,10,0.526,0.8679727158879228,7,224,3.0
ton->bot,51,statico,11,0.579,0.7770720868632288,0,0,3.0
ton->bot,51,ogni_batch_int,11,0.579,0.8633297870955576,11,352,3.0
ton->bot,51,martingala_int,11,0.579,0.7858845566194832,8,256,3.0
ton->bot,51,statico,12,0.632,0.7562277229935015,0,0,3.0
ton->bot,51,ogni_batch_int,12,0.632,0.9645689908639834,12,384,3.0
ton->bot,51,martingala_int,12,0.632,0.8270094437495905,9,288,3.0
ton->bot,51,statico,13,0.684,0.7509528804965468,0,0,3.0
ton->bot,51,ogni_batch_int,13,0.684,0.9652347233149752,13,416,3.0
ton->bot,51,martingala_int,13,0.684,0.9107789142407553,10,320,3.0
ton->bot,51,statico,14,0.737,0.7358508855413386,0,0,3.0
ton->bot,51,ogni_batch_int,14,0.737,0.9076939124967471,14,448,3.0
ton->bot,51,martingala_int,14,0.737,0.8912924705754176,11,352,3.0
ton->bot,51,statico,15,0.789,0.7192120825120075,0,0,3.0
ton->bot,51,ogni_batch_int,15,0.789,0.9602516661180145,15,480,3.0
ton->bot,51,martingala_int,15,0.789,0.8847538137940425,12,384,3.0
ton->bot,51,statico,16,0.842,0.7126532648314252,0,0,3.0
ton->bot,51,ogni_batch_int,16,0.842,0.8756790513027393,16,512,3.0
ton->bot,51,martingala_int,16,0.842,0.8756684699120043,13,416,3.0
ton->bot,51,statico,17,0.895,0.7042102084421664,0,0,3.0
ton->bot,51,ogni_batch_int,17,0.895,0.8767592475388732,17,544,3.0
ton->bot,51,martingala_int,17,0.895,0.9560422834282978,14,448,3.0
ton->bot,51,statico,18,0.947,0.6797396223932366,0,0,3.0
ton->bot,51,ogni_batch_int,18,0.947,0.8816784044077965,18,576,3.0
ton->bot,51,martingala_int,18,0.947,0.9368152144572515,15,480,3.0
ton->bot,51,statico,19,1.0,0.4738973897389739,0,0,3.0
ton->bot,51,ogni_batch_int,19,1.0,0.4982998299829983,19,608,3.0
ton->bot,51,martingala_int,19,1.0,0.49827482748274826,16,512,3.0
ton->unsw,42,statico,0,0.0,0.9249897394986416,0,0,3.0
ton->unsw,42,ogni_batch_int,0,0.0,0.9249897394986416,0,0,3.0
ton->unsw,42,martingala_int,0,0.0,0.9249897394986416,0,0,3.0
ton->unsw,42,statico,1,0.053,0.8839404549625081,0,0,3.0
ton->unsw,42,ogni_batch_int,1,0.053,0.7590449984585175,1,32,3.0
ton->unsw,42,martingala_int,1,0.053,0.8839404549625081,0,0,3.0
ton->unsw,42,statico,2,0.105,0.8469190827010911,0,0,3.0
ton->unsw,42,ogni_batch_int,2,0.105,0.8718390905339953,2,64,3.0
ton->unsw,42,martingala_int,2,0.105,0.8469190827010911,0,0,3.0
ton->unsw,42,statico,3,0.158,0.8033664413539449,0,0,3.0
ton->unsw,42,ogni_batch_int,3,0.158,0.8220728871284513,3,96,3.0
ton->unsw,42,martingala_int,3,0.158,0.8033664413539449,0,0,3.0
ton->unsw,42,statico,4,0.211,0.7746990593063154,0,0,3.0
ton->unsw,42,ogni_batch_int,4,0.211,0.7901737146849863,4,128,3.0
ton->unsw,42,martingala_int,4,0.211,0.7746990593063154,0,0,3.0
ton->unsw,42,statico,5,0.263,0.7392566924445061,0,0,3.0
ton->unsw,42,ogni_batch_int,5,0.263,0.7572393833883653,5,160,3.0
ton->unsw,42,martingala_int,5,0.263,0.7392566924445061,0,0,3.0
ton->unsw,42,statico,6,0.316,0.7002859903381642,0,0,3.0
ton->unsw,42,ogni_batch_int,6,0.316,0.6982415458937198,6,192,3.0
ton->unsw,42,martingala_int,6,0.316,0.7002859903381642,0,0,3.0
ton->unsw,42,statico,7,0.368,0.6708545002816635,0,0,3.0
ton->unsw,42,ogni_batch_int,7,0.368,0.6668724261062642,7,224,3.0
ton->unsw,42,martingala_int,7,0.368,0.6708545002816635,0,0,3.0
ton->unsw,42,statico,8,0.421,0.6342391886681692,0,0,3.0
ton->unsw,42,ogni_batch_int,8,0.421,0.626301888485832,8,256,3.0
ton->unsw,42,martingala_int,8,0.421,0.6342391886681692,0,0,3.0
ton->unsw,42,statico,9,0.474,0.5990510808490981,0,0,3.0
ton->unsw,42,ogni_batch_int,9,0.474,0.6155437664396078,9,288,3.0
ton->unsw,42,martingala_int,9,0.474,0.5990510808490981,0,0,3.0
ton->unsw,42,statico,10,0.526,0.5691212879308334,0,0,3.0
ton->unsw,42,ogni_batch_int,10,0.526,0.5987022292811508,10,320,3.0
ton->unsw,42,martingala_int,10,0.526,0.5691212879308334,0,0,3.0
ton->unsw,42,statico,11,0.579,0.5381524175472302,0,0,3.0
ton->unsw,42,ogni_batch_int,11,0.579,0.5970527019645515,11,352,3.0
ton->unsw,42,martingala_int,11,0.579,0.5381524175472302,0,0,3.0
ton->unsw,42,statico,12,0.632,0.5024484173015062,0,0,3.0
ton->unsw,42,ogni_batch_int,12,0.632,0.5757525604609786,12,384,3.0
ton->unsw,42,martingala_int,12,0.632,0.5024484173015062,0,0,3.0
ton->unsw,42,statico,13,0.684,0.46776526088840276,0,0,3.0
ton->unsw,42,ogni_batch_int,13,0.684,0.5322664111779043,13,416,3.0
ton->unsw,42,martingala_int,13,0.684,0.46776526088840276,0,0,3.0
ton->unsw,42,statico,14,0.737,0.43970613881303483,0,0,3.0
ton->unsw,42,ogni_batch_int,14,0.737,0.5447056173419751,14,448,3.0
ton->unsw,42,martingala_int,14,0.737,0.43970613881303483,0,0,3.0
ton->unsw,42,statico,15,0.789,0.4139553840259269,0,0,3.0
ton->unsw,42,ogni_batch_int,15,0.789,0.7356149662273507,15,480,3.0
ton->unsw,42,martingala_int,15,0.789,0.4139553840259269,0,0,3.0
ton->unsw,42,statico,16,0.842,0.38054590815114553,0,0,3.0
ton->unsw,42,ogni_batch_int,16,0.842,0.7332378469831238,16,512,3.0
ton->unsw,42,martingala_int,16,0.842,0.38054590815114553,0,0,3.0
ton->unsw,42,statico,17,0.895,0.3440078770870453,0,0,3.0
ton->unsw,42,ogni_batch_int,17,0.895,0.719555299241282,17,544,3.0
ton->unsw,42,martingala_int,17,0.895,0.3440078770870453,0,0,3.0
ton->unsw,42,statico,18,0.947,0.31328171511419545,0,0,3.0
ton->unsw,42,ogni_batch_int,18,0.947,0.7218528863878995,18,576,3.0
ton->unsw,42,martingala_int,18,0.947,0.31328171511419545,0,0,3.0
ton->unsw,42,statico,19,1.0,0.2763644195916888,0,0,3.0
ton->unsw,42,ogni_batch_int,19,1.0,0.7323444798151993,19,608,3.0
ton->unsw,42,martingala_int,19,1.0,0.2763644195916888,0,0,3.0
ton->unsw,43,statico,0,0.0,0.9208751419684217,0,0,3.0
ton->unsw,43,ogni_batch_int,0,0.0,0.9208751419684217,0,0,3.0
ton->unsw,43,martingala_int,0,0.0,0.9208751419684217,0,0,3.0
ton->unsw,43,statico,1,0.053,0.8865807242249074,0,0,3.0
ton->unsw,43,ogni_batch_int,1,0.053,0.9114683991522321,1,32,3.0
ton->unsw,43,martingala_int,1,0.053,0.8865807242249074,0,0,3.0
ton->unsw,43,statico,2,0.105,0.8386063936875092,0,0,3.0
ton->unsw,43,ogni_batch_int,2,0.105,0.868667348932936,2,64,3.0
ton->unsw,43,martingala_int,2,0.105,0.8386063936875092,0,0,3.0
ton->unsw,43,statico,3,0.158,0.8048823724673058,0,0,3.0
ton->unsw,43,ogni_batch_int,3,0.158,0.8224951785013856,3,96,3.0
ton->unsw,43,martingala_int,3,0.158,0.8048823724673058,0,0,3.0
ton->unsw,43,statico,4,0.211,0.7642350581112918,0,0,3.0
ton->unsw,43,ogni_batch_int,4,0.211,0.7853772177507223,4,128,3.0
ton->unsw,43,martingala_int,4,0.211,0.7642350581112918,0,0,3.0
ton->unsw,43,statico,5,0.263,0.7368872429649602,0,0,3.0
ton->unsw,43,ogni_batch_int,5,0.263,0.7685214510373414,5,160,3.0
ton->unsw,43,martingala_int,5,0.263,0.7368872429649602,0,0,3.0
ton->unsw,43,statico,6,0.316,0.700424554724966,0,0,3.0
ton->unsw,43,ogni_batch_int,6,0.316,0.7349180410022387,6,192,3.0
ton->unsw,43,martingala_int,6,0.316,0.700424554724966,0,0,3.0
ton->unsw,43,statico,7,0.368,0.6674831364523854,0,0,3.0
ton->unsw,43,ogni_batch_int,7,0.368,0.68754989791926,7,224,3.0
ton->unsw,43,martingala_int,7,0.368,0.6674831364523854,0,0,3.0
ton->unsw,43,statico,8,0.421,0.6300607437070516,0,0,3.0
ton->unsw,43,ogni_batch_int,8,0.421,0.6404218886246397,8,256,3.0
ton->unsw,43,martingala_int,8,0.421,0.6300607437070516,0,0,3.0
ton->unsw,43,statico,9,0.474,0.5977406484614285,0,0,3.0
ton->unsw,43,ogni_batch_int,9,0.474,0.6199476643618813,9,288,3.0
ton->unsw,43,martingala_int,9,0.474,0.5977406484614285,0,0,3.0
ton->unsw,43,statico,10,0.526,0.5657226675965548,0,0,3.0
ton->unsw,43,ogni_batch_int,10,0.526,0.6406135923022442,10,320,3.0
ton->unsw,43,martingala_int,10,0.526,0.5657226675965548,0,0,3.0
ton->unsw,43,statico,11,0.579,0.5309280501226905,0,0,3.0
ton->unsw,43,ogni_batch_int,11,0.579,0.6664990196785989,11,352,3.0
ton->unsw,43,martingala_int,11,0.579,0.5309280501226905,0,0,3.0
ton->unsw,43,statico,12,0.632,0.5012871158907777,0,0,3.0
ton->unsw,43,ogni_batch_int,12,0.632,0.6147563107765325,12,384,3.0
ton->unsw,43,martingala_int,12,0.632,0.5012871158907777,0,0,3.0
ton->unsw,43,statico,13,0.684,0.46353075517190645,0,0,3.0
ton->unsw,43,ogni_batch_int,13,0.684,0.6383169076831048,13,416,3.0
ton->unsw,43,martingala_int,13,0.684,0.46353075517190645,0,0,3.0
ton->unsw,43,statico,14,0.737,0.4302426887204499,0,0,3.0
ton->unsw,43,ogni_batch_int,14,0.737,0.7190428859711842,14,448,3.0
ton->unsw,43,martingala_int,14,0.737,0.4302426887204499,0,0,3.0
ton->unsw,43,statico,15,0.789,0.3986609934965586,0,0,3.0
ton->unsw,43,ogni_batch_int,15,0.789,0.6985762082282932,15,480,3.0
ton->unsw,43,martingala_int,15,0.789,0.3986609934965586,0,0,3.0
ton->unsw,43,statico,16,0.842,0.3774625816629362,0,0,3.0
ton->unsw,43,ogni_batch_int,16,0.842,0.6635524167129512,16,512,3.0
ton->unsw,43,martingala_int,16,0.842,0.3774625816629362,0,0,3.0
ton->unsw,43,statico,17,0.895,0.3397343865424022,0,0,3.0
ton->unsw,43,ogni_batch_int,17,0.895,0.7224906430380895,17,544,3.0
ton->unsw,43,martingala_int,17,0.895,0.3397343865424022,0,0,3.0
ton->unsw,43,statico,18,0.947,0.301843083613917,0,0,3.0
ton->unsw,43,ogni_batch_int,18,0.947,0.7214322039842873,18,576,3.0
ton->unsw,43,martingala_int,18,0.947,0.301843083613917,0,0,3.0
ton->unsw,43,statico,19,1.0,0.2753609724745636,0,0,3.0
ton->unsw,43,ogni_batch_int,19,1.0,0.6748077703130431,19,608,3.0
ton->unsw,43,martingala_int,19,1.0,0.2753609724745636,0,0,3.0
ton->unsw,44,statico,0,0.0,0.9187362837259949,0,0,3.0
ton->unsw,44,ogni_batch_int,0,0.0,0.9187362837259949,0,0,3.0
ton->unsw,44,martingala_int,0,0.0,0.9187362837259949,0,0,3.0
ton->unsw,44,statico,1,0.053,0.8863387364581632,0,0,3.0
ton->unsw,44,ogni_batch_int,1,0.053,0.912707678357559,1,32,3.0
ton->unsw,44,martingala_int,1,0.053,0.8863387364581632,0,0,3.0
ton->unsw,44,statico,2,0.105,0.8451542370699596,0,0,3.0
ton->unsw,44,ogni_batch_int,2,0.105,0.8794577615913977,2,64,3.0
ton->unsw,44,martingala_int,2,0.105,0.8451542370699596,0,0,3.0
ton->unsw,44,statico,3,0.158,0.8097590103339721,0,0,3.0
ton->unsw,44,ogni_batch_int,3,0.158,0.8210379802971386,3,96,3.0
ton->unsw,44,martingala_int,3,0.158,0.8097590103339721,0,0,3.0
ton->unsw,44,statico,4,0.211,0.7612088581912072,0,0,3.0
ton->unsw,44,ogni_batch_int,4,0.211,0.7863269850999435,4,128,3.0
ton->unsw,44,martingala_int,4,0.211,0.7612088581912072,0,0,3.0
ton->unsw,44,statico,5,0.263,0.728983263252468,0,0,3.0
ton->unsw,44,ogni_batch_int,5,0.263,0.7591079943721504,5,160,3.0
ton->unsw,44,martingala_int,5,0.263,0.728983263252468,0,0,3.0
ton->unsw,44,statico,6,0.316,0.6896141401243809,0,0,3.0
ton->unsw,44,ogni_batch_int,6,0.316,0.7075214598686149,6,192,3.0
ton->unsw,44,martingala_int,6,0.316,0.6896141401243809,0,0,3.0
ton->unsw,44,statico,7,0.368,0.6631766221367237,0,0,3.0
ton->unsw,44,ogni_batch_int,7,0.368,0.676031778631178,7,224,3.0
ton->unsw,44,martingala_int,7,0.368,0.6631766221367237,0,0,3.0
ton->unsw,44,statico,8,0.421,0.6270060990323685,0,0,3.0
ton->unsw,44,ogni_batch_int,8,0.421,0.6666589665465269,8,256,3.0
ton->unsw,44,martingala_int,8,0.421,0.6270060990323685,0,0,3.0
ton->unsw,44,statico,9,0.474,0.5941837946516733,0,0,3.0
ton->unsw,44,ogni_batch_int,9,0.474,0.6433154273274734,9,288,3.0
ton->unsw,44,martingala_int,9,0.474,0.5941837946516733,0,0,3.0
ton->unsw,44,statico,10,0.526,0.5531318348138119,0,0,3.0
ton->unsw,44,ogni_batch_int,10,0.526,0.6155997890177929,10,320,3.0
ton->unsw,44,martingala_int,10,0.526,0.5531318348138119,0,0,3.0
ton->unsw,44,statico,11,0.579,0.5246946459587338,0,0,3.0
ton->unsw,44,ogni_batch_int,11,0.579,0.5987176272767544,11,352,3.0
ton->unsw,44,martingala_int,11,0.579,0.5246946459587338,0,0,3.0
ton->unsw,44,statico,12,0.632,0.48876881544124784,0,0,3.0
ton->unsw,44,ogni_batch_int,12,0.632,0.5584604246435516,12,384,3.0
ton->unsw,44,martingala_int,12,0.632,0.48876881544124784,0,0,3.0
ton->unsw,44,statico,13,0.684,0.4562747197696684,0,0,3.0
ton->unsw,44,ogni_batch_int,13,0.684,0.5333945330775022,13,416,3.0
ton->unsw,44,martingala_int,13,0.684,0.4562747197696684,0,0,3.0
ton->unsw,44,statico,14,0.737,0.4259671313880118,0,0,3.0
ton->unsw,44,ogni_batch_int,14,0.737,0.549519643883118,14,448,3.0
ton->unsw,44,martingala_int,14,0.737,0.4259671313880118,0,0,3.0
ton->unsw,44,statico,15,0.789,0.39581353952150167,0,0,3.0
ton->unsw,44,ogni_batch_int,15,0.789,0.6739708481186977,15,480,3.0
ton->unsw,44,martingala_int,15,0.789,0.39581353952150167,0,0,3.0
ton->unsw,44,statico,16,0.842,0.35944760059001485,0,0,3.0
ton->unsw,44,ogni_batch_int,16,0.842,0.6659597306201591,16,512,3.0
ton->unsw,44,martingala_int,16,0.842,0.35944760059001485,0,0,3.0
ton->unsw,44,statico,17,0.895,0.3246130754423959,0,0,3.0
ton->unsw,44,ogni_batch_int,17,0.895,0.6641695511813435,17,544,3.0
ton->unsw,44,martingala_int,17,0.895,0.3246130754423959,0,0,3.0
ton->unsw,44,statico,18,0.947,0.29683431222857287,0,0,3.0
ton->unsw,44,ogni_batch_int,18,0.947,0.6731741898802552,18,576,3.0
ton->unsw,44,martingala_int,18,0.947,0.29683431222857287,0,0,3.0
ton->unsw,44,statico,19,1.0,0.2651476259489733,0,0,3.0
ton->unsw,44,ogni_batch_int,19,1.0,0.7087544840263806,19,608,3.0
ton->unsw,44,martingala_int,19,1.0,0.2651476259489733,0,0,3.0
ton->unsw,45,statico,0,0.0,0.9165816860291058,0,0,3.0
ton->unsw,45,ogni_batch_int,0,0.0,0.9165816860291058,0,0,3.0
ton->unsw,45,martingala_int,0,0.0,0.9165816860291058,0,0,3.0
ton->unsw,45,statico,1,0.053,0.8795524499428589,0,0,3.0
ton->unsw,45,ogni_batch_int,1,0.053,0.8622285583591004,1,32,3.0
ton->unsw,45,martingala_int,1,0.053,0.8795524499428589,0,0,3.0
ton->unsw,45,statico,2,0.105,0.8436530490122556,0,0,3.0
ton->unsw,45,ogni_batch_int,2,0.105,0.8225254383982412,2,64,3.0
ton->unsw,45,martingala_int,2,0.105,0.8436530490122556,0,0,3.0
ton->unsw,45,statico,3,0.158,0.8080035929261351,0,0,3.0
ton->unsw,45,ogni_batch_int,3,0.158,0.7660121112199876,3,96,3.0
ton->unsw,45,martingala_int,3,0.158,0.8080035929261351,0,0,3.0
ton->unsw,45,statico,4,0.211,0.7658224039489991,0,0,3.0
ton->unsw,45,ogni_batch_int,4,0.211,0.7799992244032257,4,128,3.0
ton->unsw,45,martingala_int,4,0.211,0.7658224039489991,0,0,3.0
ton->unsw,45,statico,5,0.263,0.7277827982070239,0,0,3.0
ton->unsw,45,ogni_batch_int,5,0.263,0.7430648900591998,5,160,3.0
ton->unsw,45,martingala_int,5,0.263,0.7277827982070239,0,0,3.0
ton->unsw,45,statico,6,0.316,0.6980332223262683,0,0,3.0
ton->unsw,45,ogni_batch_int,6,0.316,0.6993564183006693,6,192,3.0
ton->unsw,45,martingala_int,6,0.316,0.6980332223262683,0,0,3.0
ton->unsw,45,statico,7,0.368,0.6658453749512563,0,0,3.0
ton->unsw,45,ogni_batch_int,7,0.368,0.6572738779129169,7,224,3.0
ton->unsw,45,martingala_int,7,0.368,0.6658453749512563,0,0,3.0
ton->unsw,45,statico,8,0.421,0.6322362712116631,0,0,3.0
ton->unsw,45,ogni_batch_int,8,0.421,0.6205882193867429,8,256,3.0
ton->unsw,45,martingala_int,8,0.421,0.6322362712116631,0,0,3.0
ton->unsw,45,statico,9,0.474,0.599460116861541,0,0,3.0
ton->unsw,45,ogni_batch_int,9,0.474,0.5985981180684234,9,288,3.0
ton->unsw,45,martingala_int,9,0.474,0.599460116861541,0,0,3.0
ton->unsw,45,statico,10,0.526,0.5612279188771553,0,0,3.0
ton->unsw,45,ogni_batch_int,10,0.526,0.5957139179796138,10,320,3.0
ton->unsw,45,martingala_int,10,0.526,0.5612279188771553,0,0,3.0
ton->unsw,45,statico,11,0.579,0.5392690002811521,0,0,3.0
ton->unsw,45,ogni_batch_int,11,0.579,0.611680786029528,11,352,3.0
ton->unsw,45,martingala_int,11,0.579,0.5392690002811521,0,0,3.0
ton->unsw,45,statico,12,0.632,0.5043332810621505,0,0,3.0
ton->unsw,45,ogni_batch_int,12,0.632,0.5993000570939937,12,384,3.0
ton->unsw,45,martingala_int,12,0.632,0.5043332810621505,0,0,3.0
ton->unsw,45,statico,13,0.684,0.4689409887194368,0,0,3.0
ton->unsw,45,ogni_batch_int,13,0.684,0.5881147425568827,13,416,3.0
ton->unsw,45,martingala_int,13,0.684,0.4689409887194368,0,0,3.0
ton->unsw,45,statico,14,0.737,0.4375812400562397,0,0,3.0
ton->unsw,45,ogni_batch_int,14,0.737,0.5660301835359985,14,448,3.0
ton->unsw,45,martingala_int,14,0.737,0.4375812400562397,0,0,3.0
ton->unsw,45,statico,15,0.789,0.4000969008788484,0,0,3.0
ton->unsw,45,ogni_batch_int,15,0.789,0.5863175318391642,15,480,3.0
ton->unsw,45,martingala_int,15,0.789,0.4000969008788484,0,0,3.0
ton->unsw,45,statico,16,0.842,0.3747760013551077,0,0,3.0
ton->unsw,45,ogni_batch_int,16,0.842,0.7336508118415388,16,512,3.0
ton->unsw,45,martingala_int,16,0.842,0.3747760013551077,0,0,3.0
ton->unsw,45,statico,17,0.895,0.3493688442154501,0,0,3.0
ton->unsw,45,ogni_batch_int,17,0.895,0.7385834940248601,17,544,3.0
ton->unsw,45,martingala_int,17,0.895,0.3493688442154501,0,0,3.0
ton->unsw,45,statico,18,0.947,0.31376058348989455,0,0,3.0
ton->unsw,45,ogni_batch_int,18,0.947,0.7372907063707683,18,576,3.0
ton->unsw,45,martingala_int,18,0.947,0.31376058348989455,0,0,3.0
ton->unsw,45,statico,19,1.0,0.28278677029596855,0,0,3.0
ton->unsw,45,ogni_batch_int,19,1.0,0.7468723672538466,19,608,3.0
ton->unsw,45,martingala_int,19,1.0,0.28278677029596855,0,0,3.0
ton->unsw,46,statico,0,0.0,0.9477319156418313,0,0,3.0
ton->unsw,46,ogni_batch_int,0,0.0,0.9477319156418313,0,0,3.0
ton->unsw,46,martingala_int,0,0.0,0.9477319156418313,0,0,3.0
ton->unsw,46,statico,1,0.053,0.9026525075585842,0,0,3.0
ton->unsw,46,ogni_batch_int,1,0.053,0.8985034716193374,1,32,3.0
ton->unsw,46,martingala_int,1,0.053,0.9026525075585842,0,0,3.0
ton->unsw,46,statico,2,0.105,0.8615713062355692,0,0,3.0
ton->unsw,46,ogni_batch_int,2,0.105,0.8646950796479438,2,64,3.0
ton->unsw,46,martingala_int,2,0.105,0.8615713062355692,0,0,3.0
ton->unsw,46,statico,3,0.158,0.8223769301489793,0,0,3.0
ton->unsw,46,ogni_batch_int,3,0.158,0.8381477360580037,3,96,3.0
ton->unsw,46,martingala_int,3,0.158,0.8223769301489793,0,0,3.0
ton->unsw,46,statico,4,0.211,0.7845022150477295,0,0,3.0
ton->unsw,46,ogni_batch_int,4,0.211,0.7853767845886529,4,128,3.0
ton->unsw,46,martingala_int,4,0.211,0.7845022150477295,0,0,3.0
ton->unsw,46,statico,5,0.263,0.7495077794154228,0,0,3.0
ton->unsw,46,ogni_batch_int,5,0.263,0.7437621157171632,5,160,3.0
ton->unsw,46,martingala_int,5,0.263,0.7495077794154228,0,0,3.0
ton->unsw,46,statico,6,0.316,0.7115593578948318,0,0,3.0
ton->unsw,46,ogni_batch_int,6,0.316,0.750222059750331,6,192,3.0
ton->unsw,46,martingala_int,6,0.316,0.7115593578948318,0,0,3.0
ton->unsw,46,statico,7,0.368,0.6732634696881761,0,0,3.0
ton->unsw,46,ogni_batch_int,7,0.368,0.7210012944110503,7,224,3.0
ton->unsw,46,martingala_int,7,0.368,0.6732634696881761,0,0,3.0
ton->unsw,46,statico,8,0.421,0.6420601503002302,0,0,3.0
ton->unsw,46,ogni_batch_int,8,0.421,0.7279209759534577,8,256,3.0
ton->unsw,46,martingala_int,8,0.421,0.6420601503002302,0,0,3.0
ton->unsw,46,statico,9,0.474,0.609509184905188,0,0,3.0
ton->unsw,46,ogni_batch_int,9,0.474,0.6767410457761327,9,288,3.0
ton->unsw,46,martingala_int,9,0.474,0.609509184905188,0,0,3.0
ton->unsw,46,statico,10,0.526,0.5754245783700909,0,0,3.0
ton->unsw,46,ogni_batch_int,10,0.526,0.6893377756810944,10,320,3.0
ton->unsw,46,martingala_int,10,0.526,0.5754245783700909,0,0,3.0
ton->unsw,46,statico,11,0.579,0.5395263030695137,0,0,3.0
ton->unsw,46,ogni_batch_int,11,0.579,0.6686321591391352,11,352,3.0
ton->unsw,46,martingala_int,11,0.579,0.5395263030695137,0,0,3.0
ton->unsw,46,statico,12,0.632,0.5066741597993989,0,0,3.0
ton->unsw,46,ogni_batch_int,12,0.632,0.6609568352020254,12,384,3.0
ton->unsw,46,martingala_int,12,0.632,0.5066741597993989,0,0,3.0
ton->unsw,46,statico,13,0.684,0.4721746474457872,0,0,3.0
ton->unsw,46,ogni_batch_int,13,0.684,0.6201469845934453,13,416,3.0
ton->unsw,46,martingala_int,13,0.684,0.4721746474457872,0,0,3.0
ton->unsw,46,statico,14,0.737,0.43369734682635364,0,0,3.0
ton->unsw,46,ogni_batch_int,14,0.737,0.6531512923714557,14,448,3.0
ton->unsw,46,martingala_int,14,0.737,0.43369734682635364,0,0,3.0
ton->unsw,46,statico,15,0.789,0.40111509560535047,0,0,3.0
ton->unsw,46,ogni_batch_int,15,0.789,0.6761866814340578,15,480,3.0
ton->unsw,46,martingala_int,15,0.789,0.40111509560535047,0,0,3.0
ton->unsw,46,statico,16,0.842,0.3666791086611925,0,0,3.0
ton->unsw,46,ogni_batch_int,16,0.842,0.6770555028687536,16,512,3.0
ton->unsw,46,martingala_int,16,0.842,0.3666791086611925,0,0,3.0
ton->unsw,46,statico,17,0.895,0.33718698946485925,0,0,3.0
ton->unsw,46,ogni_batch_int,17,0.895,0.7094488712347613,17,544,3.0
ton->unsw,46,martingala_int,17,0.895,0.33718698946485925,0,0,3.0
ton->unsw,46,statico,18,0.947,0.30651880105122825,0,0,3.0
ton->unsw,46,ogni_batch_int,18,0.947,0.7179741907221875,18,576,3.0
ton->unsw,46,martingala_int,18,0.947,0.30651880105122825,0,0,3.0
ton->unsw,46,statico,19,1.0,0.27904529236162934,0,0,3.0
ton->unsw,46,ogni_batch_int,19,1.0,0.7251415559330243,19,608,3.0
ton->unsw,46,martingala_int,19,1.0,0.27904529236162934,0,0,3.0
ton->unsw,47,statico,0,0.0,0.8373622155167084,0,0,3.0
ton->unsw,47,ogni_batch_int,0,0.0,0.8373622155167084,0,0,3.0
ton->unsw,47,martingala_int,0,0.0,0.8373622155167084,0,0,3.0
ton->unsw,47,statico,1,0.053,0.8034750302611889,0,0,3.0
ton->unsw,47,ogni_batch_int,1,0.053,0.8424214353577828,1,32,3.0
ton->unsw,47,martingala_int,1,0.053,0.8034750302611889,0,0,3.0
ton->unsw,47,statico,2,0.105,0.7734102176583004,0,0,3.0
ton->unsw,47,ogni_batch_int,2,0.105,0.8815638845982294,2,64,3.0
ton->unsw,47,martingala_int,2,0.105,0.7734102176583004,0,0,3.0
ton->unsw,47,statico,3,0.158,0.7341738440047034,0,0,3.0
ton->unsw,47,ogni_batch_int,3,0.158,0.8412175500655246,3,96,3.0
ton->unsw,47,martingala_int,3,0.158,0.7341738440047034,0,0,3.0
ton->unsw,47,statico,4,0.211,0.7020164278656127,0,0,3.0
ton->unsw,47,ogni_batch_int,4,0.211,0.8055006587615283,4,128,3.0
ton->unsw,47,martingala_int,4,0.211,0.7020164278656127,0,0,3.0
ton->unsw,47,statico,5,0.263,0.6712230840300322,0,0,3.0
ton->unsw,47,ogni_batch_int,5,0.263,0.7664746390323474,5,160,3.0
ton->unsw,47,martingala_int,5,0.263,0.6712230840300322,0,0,3.0
ton->unsw,47,statico,6,0.316,0.641569984642733,0,0,3.0
ton->unsw,47,ogni_batch_int,6,0.316,0.7180295103341682,6,192,3.0
ton->unsw,47,martingala_int,6,0.316,0.641569984642733,0,0,3.0
ton->unsw,47,statico,7,0.368,0.6121158150779233,0,0,3.0
ton->unsw,47,ogni_batch_int,7,0.368,0.7098289278717059,7,224,3.0
ton->unsw,47,martingala_int,7,0.368,0.6121158150779233,0,0,3.0
ton->unsw,47,statico,8,0.421,0.5809229890564815,0,0,3.0
ton->unsw,47,ogni_batch_int,8,0.421,0.6982777214915362,8,256,3.0
ton->unsw,47,martingala_int,8,0.421,0.5809229890564815,0,0,3.0
ton->unsw,47,statico,9,0.474,0.5504899603590954,0,0,3.0
ton->unsw,47,ogni_batch_int,9,0.474,0.6582940639235415,9,288,3.0
ton->unsw,47,martingala_int,9,0.474,0.5504899603590954,0,0,3.0
ton->unsw,47,statico,10,0.526,0.5290003002959172,0,0,3.0
ton->unsw,47,ogni_batch_int,10,0.526,0.6415871700138347,10,320,3.0
ton->unsw,47,martingala_int,10,0.526,0.5290003002959172,0,0,3.0
ton->unsw,47,statico,11,0.579,0.49752402630632875,0,0,3.0
ton->unsw,47,ogni_batch_int,11,0.579,0.6372223972967315,11,352,3.0
ton->unsw,47,martingala_int,11,0.579,0.49752402630632875,0,0,3.0
ton->unsw,47,statico,12,0.632,0.4790678174504212,0,0,3.0
ton->unsw,47,ogni_batch_int,12,0.632,0.6334881795127799,12,384,3.0
ton->unsw,47,martingala_int,12,0.632,0.4790678174504212,0,0,3.0
ton->unsw,47,statico,13,0.684,0.4376050357196383,0,0,3.0
ton->unsw,47,ogni_batch_int,13,0.684,0.7272367059428058,13,416,3.0
ton->unsw,47,martingala_int,13,0.684,0.4376050357196383,0,0,3.0
ton->unsw,47,statico,14,0.737,0.4194345471529828,0,0,3.0
ton->unsw,47,ogni_batch_int,14,0.737,0.7452572606527514,14,448,3.0
ton->unsw,47,martingala_int,14,0.737,0.4194345471529828,0,0,3.0
ton->unsw,47,statico,15,0.789,0.3833693697312109,0,0,3.0
ton->unsw,47,ogni_batch_int,15,0.789,0.7369910835018008,15,480,3.0
ton->unsw,47,martingala_int,15,0.789,0.3833693697312109,0,0,3.0
ton->unsw,47,statico,16,0.842,0.35748433434902765,0,0,3.0
ton->unsw,47,ogni_batch_int,16,0.842,0.7304685300812644,16,512,3.0
ton->unsw,47,martingala_int,16,0.842,0.35748433434902765,0,0,3.0
ton->unsw,47,statico,17,0.895,0.33603855599064436,0,0,3.0
ton->unsw,47,ogni_batch_int,17,0.895,0.712563963465876,17,544,3.0
ton->unsw,47,martingala_int,17,0.895,0.33603855599064436,0,0,3.0
ton->unsw,47,statico,18,0.947,0.30805231697084623,0,0,3.0
ton->unsw,47,ogni_batch_int,18,0.947,0.7219192654272483,18,576,3.0
ton->unsw,47,martingala_int,18,0.947,0.30805231697084623,0,0,3.0
ton->unsw,47,statico,19,1.0,0.2762342079227699,0,0,3.0
ton->unsw,47,ogni_batch_int,19,1.0,0.7368419864537632,19,608,3.0
ton->unsw,47,martingala_int,19,1.0,0.2762342079227699,0,0,3.0
ton->unsw,48,statico,0,0.0,0.9355529453034788,0,0,3.0
ton->unsw,48,ogni_batch_int,0,0.0,0.9355529453034788,0,0,3.0
ton->unsw,48,martingala_int,0,0.0,0.9355529453034788,0,0,3.0
ton->unsw,48,statico,1,0.053,0.8971271929824561,0,0,3.0
ton->unsw,48,ogni_batch_int,1,0.053,0.6492543859649123,1,32,3.0
ton->unsw,48,martingala_int,1,0.053,0.8971271929824561,0,0,3.0
ton->unsw,48,statico,2,0.105,0.8565219648408666,0,0,3.0
ton->unsw,48,ogni_batch_int,2,0.105,0.8200144379824572,2,64,3.0
ton->unsw,48,martingala_int,2,0.105,0.8565219648408666,0,0,3.0
ton->unsw,48,statico,3,0.158,0.8236195061789038,0,0,3.0
ton->unsw,48,ogni_batch_int,3,0.158,0.8262152657464913,3,96,3.0
ton->unsw,48,martingala_int,3,0.158,0.8236195061789038,0,0,3.0
ton->unsw,48,statico,4,0.211,0.7797108333041337,0,0,3.0
ton->unsw,48,ogni_batch_int,4,0.211,0.7903059986321619,4,128,3.0
ton->unsw,48,martingala_int,4,0.211,0.7797108333041337,0,0,3.0
ton->unsw,48,statico,5,0.263,0.7395752661230316,0,0,3.0
ton->unsw,48,ogni_batch_int,5,0.263,0.762054373630156,5,160,3.0
ton->unsw,48,martingala_int,5,0.263,0.7395752661230316,0,0,3.0
ton->unsw,48,statico,6,0.316,0.7061396553320407,0,0,3.0
ton->unsw,48,ogni_batch_int,6,0.316,0.7345091121795178,6,192,3.0
ton->unsw,48,martingala_int,6,0.316,0.7061396553320407,0,0,3.0
ton->unsw,48,statico,7,0.368,0.6709793037339589,0,0,3.0
ton->unsw,48,ogni_batch_int,7,0.368,0.719436026567488,7,224,3.0
ton->unsw,48,martingala_int,7,0.368,0.6709793037339589,0,0,3.0
ton->unsw,48,statico,8,0.421,0.6383377125426595,0,0,3.0
ton->unsw,48,ogni_batch_int,8,0.421,0.6695723475582134,8,256,3.0
ton->unsw,48,martingala_int,8,0.421,0.6383377125426595,0,0,3.0
ton->unsw,48,statico,9,0.474,0.6044615033418741,0,0,3.0
ton->unsw,48,ogni_batch_int,9,0.474,0.6581853227707117,9,288,3.0
ton->unsw,48,martingala_int,9,0.474,0.6044615033418741,0,0,3.0
ton->unsw,48,statico,10,0.526,0.5674060332628058,0,0,3.0
ton->unsw,48,ogni_batch_int,10,0.526,0.6783533622413126,10,320,3.0
ton->unsw,48,martingala_int,10,0.526,0.5674060332628058,0,0,3.0
ton->unsw,48,statico,11,0.579,0.5352368449471354,0,0,3.0
ton->unsw,48,ogni_batch_int,11,0.579,0.664240550434742,11,352,3.0
ton->unsw,48,martingala_int,11,0.579,0.5352368449471354,0,0,3.0
ton->unsw,48,statico,12,0.632,0.49941253441461475,0,0,3.0
ton->unsw,48,ogni_batch_int,12,0.632,0.6578296481632939,12,384,3.0
ton->unsw,48,martingala_int,12,0.632,0.49941253441461475,0,0,3.0
ton->unsw,48,statico,13,0.684,0.46754205517525094,0,0,3.0
ton->unsw,48,ogni_batch_int,13,0.684,0.5852211513064782,13,416,3.0
ton->unsw,48,martingala_int,13,0.684,0.46754205517525094,0,0,3.0
ton->unsw,48,statico,14,0.737,0.4366597239406992,0,0,3.0
ton->unsw,48,ogni_batch_int,14,0.737,0.6895698019547405,14,448,3.0
ton->unsw,48,martingala_int,14,0.737,0.4366597239406992,0,0,3.0
ton->unsw,48,statico,15,0.789,0.4063500668344134,0,0,3.0
ton->unsw,48,ogni_batch_int,15,0.789,0.7134434125873754,15,480,3.0
ton->unsw,48,martingala_int,15,0.789,0.4063500668344134,0,0,3.0
ton->unsw,48,statico,16,0.842,0.37488992609440286,0,0,3.0
ton->unsw,48,ogni_batch_int,16,0.842,0.7098785850379417,16,512,3.0
ton->unsw,48,martingala_int,16,0.842,0.37488992609440286,0,0,3.0
ton->unsw,48,statico,17,0.895,0.3417354750088009,0,0,3.0
ton->unsw,48,ogni_batch_int,17,0.895,0.7219041768193772,17,544,3.0
ton->unsw,48,martingala_int,17,0.895,0.3417354750088009,0,0,3.0
ton->unsw,48,statico,18,0.947,0.3015186515660606,0,0,3.0
ton->unsw,48,ogni_batch_int,18,0.947,0.7364945725128533,18,576,3.0
ton->unsw,48,martingala_int,18,0.947,0.3015186515660606,0,0,3.0
ton->unsw,48,statico,19,1.0,0.27882861130521897,0,0,3.0
ton->unsw,48,ogni_batch_int,19,1.0,0.7400456498337977,19,608,3.0
ton->unsw,48,martingala_int,19,1.0,0.27882861130521897,0,0,3.0
ton->unsw,49,statico,0,0.0,0.823809273299152,0,0,3.0
ton->unsw,49,ogni_batch_int,0,0.0,0.823809273299152,0,0,3.0
ton->unsw,49,martingala_int,0,0.0,0.823809273299152,0,0,3.0
ton->unsw,49,statico,1,0.053,0.7908322081775929,0,0,3.0
ton->unsw,49,ogni_batch_int,1,0.053,0.8471327528913806,1,32,3.0
ton->unsw,49,martingala_int,1,0.053,0.7908322081775929,0,0,3.0
ton->unsw,49,statico,2,0.105,0.7583897710530687,0,0,3.0
ton->unsw,49,ogni_batch_int,2,0.105,0.8249482702026285,2,64,3.0
ton->unsw,49,martingala_int,2,0.105,0.7583897710530687,0,0,3.0
ton->unsw,49,statico,3,0.158,0.7291544336028803,0,0,3.0
ton->unsw,49,ogni_batch_int,3,0.158,0.7835018568736314,3,96,3.0
ton->unsw,49,martingala_int,3,0.158,0.7291544336028803,0,0,3.0
ton->unsw,49,statico,4,0.211,0.7026075178189579,0,0,3.0
ton->unsw,49,ogni_batch_int,4,0.211,0.759867013346072,4,128,3.0
ton->unsw,49,martingala_int,4,0.211,0.7026075178189579,0,0,3.0
ton->unsw,49,statico,5,0.263,0.6637392926822264,0,0,3.0
ton->unsw,49,ogni_batch_int,5,0.263,0.7794845387767113,5,160,3.0
ton->unsw,49,martingala_int,5,0.263,0.6637392926822264,0,0,3.0
ton->unsw,49,statico,6,0.316,0.6378965878719276,0,0,3.0
ton->unsw,49,ogni_batch_int,6,0.316,0.7581460656997208,6,192,3.0
ton->unsw,49,martingala_int,6,0.316,0.6378965878719276,0,0,3.0
ton->unsw,49,statico,7,0.368,0.6106660016559773,0,0,3.0
ton->unsw,49,ogni_batch_int,7,0.368,0.7469577883757343,7,224,3.0
ton->unsw,49,martingala_int,7,0.368,0.6106660016559773,0,0,3.0
ton->unsw,49,statico,8,0.421,0.5765481642806325,0,0,3.0
ton->unsw,49,ogni_batch_int,8,0.421,0.7299991041078528,8,256,3.0
ton->unsw,49,martingala_int,8,0.421,0.5765481642806325,0,0,3.0
ton->unsw,49,statico,9,0.474,0.5510749336258274,0,0,3.0
ton->unsw,49,ogni_batch_int,9,0.474,0.7098742190736342,9,288,3.0
ton->unsw,49,martingala_int,9,0.474,0.5510749336258274,0,0,3.0
ton->unsw,49,statico,10,0.526,0.5199437112457517,0,0,3.0
ton->unsw,49,ogni_batch_int,10,0.526,0.6766506090807831,10,320,3.0
ton->unsw,49,martingala_int,10,0.526,0.5199437112457517,0,0,3.0
ton->unsw,49,statico,11,0.579,0.49764681330749483,0,0,3.0
ton->unsw,49,ogni_batch_int,11,0.579,0.681078719998633,11,352,3.0
ton->unsw,49,martingala_int,11,0.579,0.49764681330749483,0,0,3.0
ton->unsw,49,statico,12,0.632,0.4694394866718211,0,0,3.0
ton->unsw,49,ogni_batch_int,12,0.632,0.6655971847880281,12,384,3.0
ton->unsw,49,martingala_int,12,0.632,0.4694394866718211,0,0,3.0
ton->unsw,49,statico,13,0.684,0.43628196797726954,0,0,3.0
ton->unsw,49,ogni_batch_int,13,0.684,0.6543199446876975,13,416,3.0
ton->unsw,49,martingala_int,13,0.684,0.43628196797726954,0,0,3.0
ton->unsw,49,statico,14,0.737,0.41645295807313687,0,0,3.0
ton->unsw,49,ogni_batch_int,14,0.737,0.6662871751327604,14,448,3.0
ton->unsw,49,martingala_int,14,0.737,0.41645295807313687,0,0,3.0
ton->unsw,49,statico,15,0.789,0.3848836393906915,0,0,3.0
ton->unsw,49,ogni_batch_int,15,0.789,0.7101998923041843,15,480,3.0
ton->unsw,49,martingala_int,15,0.789,0.3848836393906915,0,0,3.0
ton->unsw,49,statico,16,0.842,0.3626250816686333,0,0,3.0
ton->unsw,49,ogni_batch_int,16,0.842,0.717526098362679,16,512,3.0
ton->unsw,49,martingala_int,16,0.842,0.3626250816686333,0,0,3.0
ton->unsw,49,statico,17,0.895,0.33224003304386973,0,0,3.0
ton->unsw,49,ogni_batch_int,17,0.895,0.7262466544593422,17,544,3.0
ton->unsw,49,martingala_int,17,0.895,0.33224003304386973,0,0,3.0
ton->unsw,49,statico,18,0.947,0.3086976080020248,0,0,3.0
ton->unsw,49,ogni_batch_int,18,0.947,0.7237637756522117,18,576,3.0
ton->unsw,49,martingala_int,18,0.947,0.3086976080020248,0,0,3.0
ton->unsw,49,statico,19,1.0,0.28247211858151805,0,0,3.0
ton->unsw,49,ogni_batch_int,19,1.0,0.7408928825357701,19,608,3.0
ton->unsw,49,martingala_int,19,1.0,0.28247211858151805,0,0,3.0
ton->unsw,50,statico,0,0.0,0.9280731127450206,0,0,3.0
ton->unsw,50,ogni_batch_int,0,0.0,0.9280731127450206,0,0,3.0
ton->unsw,50,martingala_int,0,0.0,0.9280731127450206,0,0,3.0
ton->unsw,50,statico,1,0.053,0.8919804445535193,0,0,3.0
ton->unsw,50,ogni_batch_int,1,0.053,0.9203331168823532,1,32,3.0
ton->unsw,50,martingala_int,1,0.053,0.8919804445535193,0,0,3.0
ton->unsw,50,statico,2,0.105,0.8503756476561493,0,0,3.0
ton->unsw,50,ogni_batch_int,2,0.105,0.87229406267583,2,64,3.0
ton->unsw,50,martingala_int,2,0.105,0.8503756476561493,0,0,3.0
ton->unsw,50,statico,3,0.158,0.8177980760930456,0,0,3.0
ton->unsw,50,ogni_batch_int,3,0.158,0.8352838812887149,3,96,3.0
ton->unsw,50,martingala_int,3,0.158,0.8177980760930456,0,0,3.0
ton->unsw,50,statico,4,0.211,0.7731383133553483,0,0,3.0
ton->unsw,50,ogni_batch_int,4,0.211,0.802738663172001,4,128,3.0
ton->unsw,50,martingala_int,4,0.211,0.7731383133553483,0,0,3.0
ton->unsw,50,statico,5,0.263,0.7386751517527366,0,0,3.0
ton->unsw,50,ogni_batch_int,5,0.263,0.7718186176076238,5,160,3.0
ton->unsw,50,martingala_int,5,0.263,0.7386751517527366,0,0,3.0
ton->unsw,50,statico,6,0.316,0.7018754354128565,0,0,3.0
ton->unsw,50,ogni_batch_int,6,0.316,0.7606952409685981,6,192,3.0
ton->unsw,50,martingala_int,6,0.316,0.7018754354128565,0,0,3.0
ton->unsw,50,statico,7,0.368,0.6745146550612684,0,0,3.0
ton->unsw,50,ogni_batch_int,7,0.368,0.7343823827262921,7,224,3.0
ton->unsw,50,martingala_int,7,0.368,0.6745146550612684,0,0,3.0
ton->unsw,50,statico,8,0.421,0.631990070180678,0,0,3.0
ton->unsw,50,ogni_batch_int,8,0.421,0.6883912572793789,8,256,3.0
ton->unsw,50,martingala_int,8,0.421,0.631990070180678,0,0,3.0
ton->unsw,50,statico,9,0.474,0.5974187861137292,0,0,3.0
ton->unsw,50,ogni_batch_int,9,0.474,0.6631415294975247,9,288,3.0
ton->unsw,50,martingala_int,9,0.474,0.5974187861137292,0,0,3.0
ton->unsw,50,statico,10,0.526,0.5680609665242451,0,0,3.0
ton->unsw,50,ogni_batch_int,10,0.526,0.638358359397436,10,320,3.0
ton->unsw,50,martingala_int,10,0.526,0.5680609665242451,0,0,3.0
ton->unsw,50,statico,11,0.579,0.5321479342371943,0,0,3.0
ton->unsw,50,ogni_batch_int,11,0.579,0.6128752443315066,11,352,3.0
ton->unsw,50,martingala_int,11,0.579,0.5321479342371943,0,0,3.0
ton->unsw,50,statico,12,0.632,0.49671519276679577,0,0,3.0
ton->unsw,50,ogni_batch_int,12,0.632,0.5961753556209564,12,384,3.0
ton->unsw,50,martingala_int,12,0.632,0.49671519276679577,0,0,3.0
ton->unsw,50,statico,13,0.684,0.4609205487253654,0,0,3.0
ton->unsw,50,ogni_batch_int,13,0.684,0.5803234623231127,13,416,3.0
ton->unsw,50,martingala_int,13,0.684,0.4609205487253654,0,0,3.0
ton->unsw,50,statico,14,0.737,0.42692085976498273,0,0,3.0
ton->unsw,50,ogni_batch_int,14,0.737,0.5665642510060047,14,448,3.0
ton->unsw,50,martingala_int,14,0.737,0.42692085976498273,0,0,3.0
ton->unsw,50,statico,15,0.789,0.3952884888783328,0,0,3.0
ton->unsw,50,ogni_batch_int,15,0.789,0.7295254023800115,15,480,3.0
ton->unsw,50,martingala_int,15,0.789,0.3952884888783328,0,0,3.0
ton->unsw,50,statico,16,0.842,0.3684972802807961,0,0,3.0
ton->unsw,50,ogni_batch_int,16,0.842,0.7203660104065268,16,512,3.0
ton->unsw,50,martingala_int,16,0.842,0.3684972802807961,0,0,3.0
ton->unsw,50,statico,17,0.895,0.33635412993843444,0,0,3.0
ton->unsw,50,ogni_batch_int,17,0.895,0.7315837330521815,17,544,3.0
ton->unsw,50,martingala_int,17,0.895,0.33635412993843444,0,0,3.0
ton->unsw,50,statico,18,0.947,0.30291017168644907,0,0,3.0
ton->unsw,50,ogni_batch_int,18,0.947,0.71461206609594,18,576,3.0
ton->unsw,50,martingala_int,18,0.947,0.30291017168644907,0,0,3.0
ton->unsw,50,statico,19,1.0,0.2694723983809035,0,0,3.0
ton->unsw,50,ogni_batch_int,19,1.0,0.719645293211177,19,608,3.0
ton->unsw,50,martingala_int,19,1.0,0.2694723983809035,0,0,3.0
ton->unsw,51,statico,0,0.0,0.9413510910756067,0,0,3.0
ton->unsw,51,ogni_batch_int,0,0.0,0.9413510910756067,0,0,3.0
ton->unsw,51,martingala_int,0,0.0,0.9413510910756067,0,0,3.0
ton->unsw,51,statico,1,0.053,0.9056068263069605,0,0,3.0
ton->unsw,51,ogni_batch_int,1,0.053,0.8668421993607692,1,32,3.0
ton->unsw,51,martingala_int,1,0.053,0.9056068263069605,0,0,3.0
ton->unsw,51,statico,2,0.105,0.8718073978473513,0,0,3.0
ton->unsw,51,ogni_batch_int,2,0.105,0.8348919036307307,2,64,3.0
ton->unsw,51,martingala_int,2,0.105,0.8718073978473513,0,0,3.0
ton->unsw,51,statico,3,0.158,0.8395389814136485,0,0,3.0
ton->unsw,51,ogni_batch_int,3,0.158,0.8400460712659606,3,96,3.0
ton->unsw,51,martingala_int,3,0.158,0.8395389814136485,0,0,3.0
ton->unsw,51,statico,4,0.211,0.7992180822258801,0,0,3.0
ton->unsw,51,ogni_batch_int,4,0.211,0.8267395457868695,4,128,3.0
ton->unsw,51,martingala_int,4,0.211,0.7992180822258801,0,0,3.0
ton->unsw,51,statico,5,0.263,0.7733874474568863,0,0,3.0
ton->unsw,51,ogni_batch_int,5,0.263,0.7917279609864855,5,160,3.0
ton->unsw,51,martingala_int,5,0.263,0.7733874474568863,0,0,3.0
ton->unsw,51,statico,6,0.316,0.748315007150728,0,0,3.0
ton->unsw,51,ogni_batch_int,6,0.316,0.7661705702607866,6,192,3.0
ton->unsw,51,martingala_int,6,0.316,0.748315007150728,0,0,3.0
ton->unsw,51,statico,7,0.368,0.7127732927249375,0,0,3.0
ton->unsw,51,ogni_batch_int,7,0.368,0.7430618268932864,7,224,3.0
ton->unsw,51,martingala_int,7,0.368,0.7127732927249375,0,0,3.0
ton->unsw,51,statico,8,0.421,0.6859376196431761,0,0,3.0
ton->unsw,51,ogni_batch_int,8,0.421,0.7073677711213125,8,256,3.0
ton->unsw,51,martingala_int,8,0.421,0.6859376196431761,0,0,3.0
ton->unsw,51,statico,9,0.474,0.658918215674912,0,0,3.0
ton->unsw,51,ogni_batch_int,9,0.474,0.6847206256727613,9,288,3.0
ton->unsw,51,martingala_int,9,0.474,0.658918215674912,0,0,3.0
ton->unsw,51,statico,10,0.526,0.6272486765355564,0,0,3.0
ton->unsw,51,ogni_batch_int,10,0.526,0.6740903382054617,10,320,3.0
ton->unsw,51,martingala_int,10,0.526,0.6272486765355564,0,0,3.0
ton->unsw,51,statico,11,0.579,0.5967730901424529,0,0,3.0
ton->unsw,51,ogni_batch_int,11,0.579,0.6838223196822588,11,352,3.0
ton->unsw,51,martingala_int,11,0.579,0.5967730901424529,0,0,3.0
ton->unsw,51,statico,12,0.632,0.5703563636363637,0,0,3.0
ton->unsw,51,ogni_batch_int,12,0.632,0.6369454545454545,12,384,3.0
ton->unsw,51,martingala_int,12,0.632,0.5703563636363637,0,0,3.0
ton->unsw,51,statico,13,0.684,0.5472599204437532,0,0,3.0
ton->unsw,51,ogni_batch_int,13,0.684,0.6287034488137677,13,416,3.0
ton->unsw,51,martingala_int,13,0.684,0.5472599204437532,0,0,3.0
ton->unsw,51,statico,14,0.737,0.5182686746646179,0,0,3.0
ton->unsw,51,ogni_batch_int,14,0.737,0.740500439771153,14,448,3.0
ton->unsw,51,martingala_int,14,0.737,0.5182686746646179,0,0,3.0
ton->unsw,51,statico,15,0.789,0.49527246581874557,0,0,3.0
ton->unsw,51,ogni_batch_int,15,0.789,0.7486618800739259,15,480,3.0
ton->unsw,51,martingala_int,15,0.789,0.49527246581874557,0,0,3.0
ton->unsw,51,statico,16,0.842,0.4676929484604428,0,0,3.0
ton->unsw,51,ogni_batch_int,16,0.842,0.7415752693856543,16,512,3.0
ton->unsw,51,martingala_int,16,0.842,0.4676929484604428,0,0,3.0
ton->unsw,51,statico,17,0.895,0.4472400105267775,0,0,3.0
ton->unsw,51,ogni_batch_int,17,0.895,0.7304441680049731,17,544,3.0
ton->unsw,51,martingala_int,17,0.895,0.4472400105267775,0,0,3.0
ton->unsw,51,statico,18,0.947,0.41345786710505383,0,0,3.0
ton->unsw,51,ogni_batch_int,18,0.947,0.7365297590638313,18,576,3.0
ton->unsw,51,martingala_int,18,0.947,0.41345786710505383,0,0,3.0
ton->unsw,51,statico,19,1.0,0.3857979901209334,0,0,3.0
ton->unsw,51,ogni_batch_int,19,1.0,0.7315728155339807,19,608,3.0
ton->unsw,51,martingala_int,19,1.0,0.3857979901209334,0,0,3.0
bot->ton,42,statico,0,0.0,0.92235,0,0,3.0
bot->ton,42,ogni_batch_int,0,0.0,0.92235,0,0,3.0
bot->ton,42,martingala_int,0,0.0,0.92235,0,0,3.0
bot->ton,42,statico,1,0.053,0.9239435600518338,0,0,3.0
bot->ton,42,ogni_batch_int,1,0.053,0.9239435600518338,1,32,3.0
bot->ton,42,martingala_int,1,0.053,0.9239435600518338,0,0,3.0
bot->ton,42,statico,2,0.105,0.9083406022163099,0,0,3.0
bot->ton,42,ogni_batch_int,2,0.105,0.7147242224322798,2,64,3.0
bot->ton,42,martingala_int,2,0.105,0.9083406022163099,0,0,3.0
bot->ton,42,statico,3,0.158,0.8879120562471186,0,0,3.0
bot->ton,42,ogni_batch_int,3,0.158,0.881659174734901,3,96,3.0
bot->ton,42,martingala_int,3,0.158,0.8879120562471186,0,0,3.0
bot->ton,42,statico,4,0.211,0.8789424398796597,0,0,3.0
bot->ton,42,ogni_batch_int,4,0.211,0.7851746329023132,4,128,3.0
bot->ton,42,martingala_int,4,0.211,0.8789424398796597,0,0,3.0
bot->ton,42,statico,5,0.263,0.8583850300761301,0,0,3.0
bot->ton,42,ogni_batch_int,5,0.263,0.7840590688834008,5,160,3.0
bot->ton,42,martingala_int,5,0.263,0.8583850300761301,0,0,3.0
bot->ton,42,statico,6,0.316,0.8400508998493179,0,0,3.0
bot->ton,42,ogni_batch_int,6,0.316,0.8837629677779182,6,192,3.0
bot->ton,42,martingala_int,6,0.316,0.8400508998493179,0,0,3.0
bot->ton,42,statico,7,0.368,0.83124649423665,0,0,3.0
bot->ton,42,ogni_batch_int,7,0.368,0.8884703213892591,7,224,3.0
bot->ton,42,martingala_int,7,0.368,0.83124649423665,0,0,3.0
bot->ton,42,statico,8,0.421,0.8067351248252566,0,0,3.0
bot->ton,42,ogni_batch_int,8,0.421,0.8802836926880852,8,256,3.0
bot->ton,42,martingala_int,8,0.421,0.8067351248252566,0,0,3.0
bot->ton,42,statico,9,0.474,0.7868181818181819,0,0,3.0
bot->ton,42,ogni_batch_int,9,0.474,0.8824336057201225,9,288,3.0
bot->ton,42,martingala_int,9,0.474,0.7868181818181819,0,0,3.0
bot->ton,42,statico,10,0.526,0.7705718250959603,0,0,3.0
bot->ton,42,ogni_batch_int,10,0.526,0.8815933550152819,10,320,3.0
bot->ton,42,martingala_int,10,0.526,0.7705718250959603,0,0,3.0
bot->ton,42,statico,11,0.579,0.7535301582171776,0,0,3.0
bot->ton,42,ogni_batch_int,11,0.579,0.8757684699063589,11,352,3.0
bot->ton,42,martingala_int,11,0.579,0.7535301582171776,0,0,3.0
bot->ton,42,statico,12,0.632,0.7321164789579468,0,0,3.0
bot->ton,42,ogni_batch_int,12,0.632,0.8668366129203744,12,384,3.0
bot->ton,42,martingala_int,12,0.632,0.7321164789579468,0,0,3.0
bot->ton,42,statico,13,0.684,0.7117167586894002,0,0,3.0
bot->ton,42,ogni_batch_int,13,0.684,0.8736823885031165,13,416,3.0
bot->ton,42,martingala_int,13,0.684,0.8169893829241037,1,32,3.0
bot->ton,42,statico,14,0.737,0.695224378002987,0,0,3.0
bot->ton,42,ogni_batch_int,14,0.737,0.7813332756015966,14,448,3.0
bot->ton,42,martingala_int,14,0.737,0.8311702320177436,2,64,3.0
bot->ton,42,statico,15,0.789,0.6723996858313847,0,0,3.0
bot->ton,42,ogni_batch_int,15,0.789,0.8656403898602998,15,480,3.0
bot->ton,42,martingala_int,15,0.789,0.8342008416305131,3,96,3.0
bot->ton,42,statico,16,0.842,0.6495406546718006,0,0,3.0
bot->ton,42,ogni_batch_int,16,0.842,0.8685101220328943,16,512,3.0
bot->ton,42,martingala_int,16,0.842,0.8470938830311988,4,128,3.0
bot->ton,42,statico,17,0.895,0.627230775848967,0,0,3.0
bot->ton,42,ogni_batch_int,17,0.895,0.8668731780751397,17,544,3.0
bot->ton,42,martingala_int,17,0.895,0.849012907613031,5,160,3.0
bot->ton,42,statico,18,0.947,0.6040971996375077,0,0,3.0
bot->ton,42,ogni_batch_int,18,0.947,0.8669642824516464,18,576,3.0
bot->ton,42,martingala_int,18,0.947,0.8750896410157092,6,192,3.0
bot->ton,42,statico,19,1.0,0.5760599005738466,0,0,3.0
bot->ton,42,ogni_batch_int,19,1.0,0.838100561325765,19,608,3.0
bot->ton,42,martingala_int,19,1.0,0.8488082938830399,7,224,3.0
bot->ton,43,statico,0,0.0,0.97775,0,0,3.0
bot->ton,43,ogni_batch_int,0,0.0,0.97775,0,0,3.0
bot->ton,43,martingala_int,0,0.0,0.97775,0,0,3.0
bot->ton,43,statico,1,0.053,0.9514276794893186,0,0,3.0
bot->ton,43,ogni_batch_int,1,0.053,0.9514276794893186,1,32,3.0
bot->ton,43,martingala_int,1,0.053,0.9514276794893186,0,0,3.0
bot->ton,43,statico,2,0.105,0.9328733259946451,0,0,3.0
bot->ton,43,ogni_batch_int,2,0.105,0.7923093865052325,2,64,3.0
bot->ton,43,martingala_int,2,0.105,0.9328733259946451,0,0,3.0
bot->ton,43,statico,3,0.158,0.9115208388176854,0,0,3.0
bot->ton,43,ogni_batch_int,3,0.158,0.7577807257066856,3,96,3.0
bot->ton,43,martingala_int,3,0.158,0.9115208388176854,0,0,3.0
bot->ton,43,statico,4,0.211,0.9049335777777994,0,0,3.0
bot->ton,43,ogni_batch_int,4,0.211,0.9031024510770211,4,128,3.0
bot->ton,43,martingala_int,4,0.211,0.9049335777777994,0,0,3.0
bot->ton,43,statico,5,0.263,0.8849408986654153,0,0,3.0
bot->ton,43,ogni_batch_int,5,0.263,0.9028634682411614,5,160,3.0
bot->ton,43,martingala_int,5,0.263,0.8849408986654153,0,0,3.0
bot->ton,43,statico,6,0.316,0.8593509725963775,0,0,3.0
bot->ton,43,ogni_batch_int,6,0.316,0.8942124719189402,6,192,3.0
bot->ton,43,martingala_int,6,0.316,0.8593509725963775,0,0,3.0
bot->ton,43,statico,7,0.368,0.8448619249214955,0,0,3.0
bot->ton,43,ogni_batch_int,7,0.368,0.8884996209423603,7,224,3.0
bot->ton,43,martingala_int,7,0.368,0.8448619249214955,0,0,3.0
bot->ton,43,statico,8,0.421,0.8247498356363309,0,0,3.0
bot->ton,43,ogni_batch_int,8,0.421,0.8937489912641232,8,256,3.0
bot->ton,43,martingala_int,8,0.421,0.8247498356363309,0,0,3.0
bot->ton,43,statico,9,0.474,0.8053905586737848,0,0,3.0
bot->ton,43,ogni_batch_int,9,0.474,0.8945417139488885,9,288,3.0
bot->ton,43,martingala_int,9,0.474,0.8053905586737848,0,0,3.0
bot->ton,43,statico,10,0.526,0.7867309020279867,0,0,3.0
bot->ton,43,ogni_batch_int,10,0.526,0.8830693940520704,10,320,3.0
bot->ton,43,martingala_int,10,0.526,0.7867309020279867,0,0,3.0
bot->ton,43,statico,11,0.579,0.7636793647116468,0,0,3.0
bot->ton,43,ogni_batch_int,11,0.579,0.864885906205378,11,352,3.0
bot->ton,43,martingala_int,11,0.579,0.7636793647116468,0,0,3.0
bot->ton,43,statico,12,0.632,0.7511101365239028,0,0,3.0
bot->ton,43,ogni_batch_int,12,0.632,0.7840509038086925,12,384,3.0
bot->ton,43,martingala_int,12,0.632,0.7511101365239028,0,0,3.0
bot->ton,43,statico,13,0.684,0.7260168882969091,0,0,3.0
bot->ton,43,ogni_batch_int,13,0.684,0.8534458774265997,13,416,3.0
bot->ton,43,martingala_int,13,0.684,0.7260168882969091,0,0,3.0
bot->ton,43,statico,14,0.737,0.7060226317075251,0,0,3.0
bot->ton,43,ogni_batch_int,14,0.737,0.8980143550606479,14,448,3.0
bot->ton,43,martingala_int,14,0.737,0.8984523938722802,1,32,3.0
bot->ton,43,statico,15,0.789,0.6841269512041757,0,0,3.0
bot->ton,43,ogni_batch_int,15,0.789,0.8317874787532032,15,480,3.0
bot->ton,43,martingala_int,15,0.789,0.9050286614267349,2,64,3.0
bot->ton,43,statico,16,0.842,0.656572434588567,0,0,3.0
bot->ton,43,ogni_batch_int,16,0.842,0.8351914773912549,16,512,3.0
bot->ton,43,martingala_int,16,0.842,0.8950276880479926,3,96,3.0
bot->ton,43,statico,17,0.895,0.6348462492739259,0,0,3.0
bot->ton,43,ogni_batch_int,17,0.895,0.8565650988232578,17,544,3.0
bot->ton,43,martingala_int,17,0.895,0.9028481206337594,4,128,3.0
bot->ton,43,statico,18,0.947,0.6092969672988425,0,0,3.0
bot->ton,43,ogni_batch_int,18,0.947,0.8575422314617205,18,576,3.0
bot->ton,43,martingala_int,18,0.947,0.8651005157517268,5,160,3.0
bot->ton,43,statico,19,1.0,0.5849671018013327,0,0,3.0
bot->ton,43,ogni_batch_int,19,1.0,0.8477527147883155,19,608,3.0
bot->ton,43,martingala_int,19,1.0,0.8667359516958747,6,192,3.0
bot->ton,44,statico,0,0.0,0.93285,0,0,3.0
bot->ton,44,ogni_batch_int,0,0.0,0.93285,0,0,3.0
bot->ton,44,martingala_int,0,0.0,0.93285,0,0,3.0
bot->ton,44,statico,1,0.053,0.9286771387428572,0,0,3.0
bot->ton,44,ogni_batch_int,1,0.053,0.9286771387428572,1,32,3.0
bot->ton,44,martingala_int,1,0.053,0.9286771387428572,0,0,3.0
bot->ton,44,statico,2,0.105,0.9135766240763548,0,0,3.0
bot->ton,44,ogni_batch_int,2,0.105,0.9135766240763548,2,64,3.0
bot->ton,44,martingala_int,2,0.105,0.9135766240763548,0,0,3.0
bot->ton,44,statico,3,0.158,0.8922036867242347,0,0,3.0
bot->ton,44,ogni_batch_int,3,0.158,0.745200005473978,3,96,3.0
bot->ton,44,martingala_int,3,0.158,0.8922036867242347,0,0,3.0
bot->ton,44,statico,4,0.211,0.8791387606514811,0,0,3.0
bot->ton,44,ogni_batch_int,4,0.211,0.6833247005566044,4,128,3.0
bot->ton,44,martingala_int,4,0.211,0.8791387606514811,0,0,3.0
bot->ton,44,statico,5,0.263,0.8604690837974455,0,0,3.0
bot->ton,44,ogni_batch_int,5,0.263,0.7261585899023061,5,160,3.0
bot->ton,44,martingala_int,5,0.263,0.8604690837974455,0,0,3.0
bot->ton,44,statico,6,0.316,0.847786151640429,0,0,3.0
bot->ton,44,ogni_batch_int,6,0.316,0.7587107995856335,6,192,3.0
bot->ton,44,martingala_int,6,0.316,0.847786151640429,0,0,3.0
bot->ton,44,statico,7,0.368,0.8288021424586683,0,0,3.0
bot->ton,44,ogni_batch_int,7,0.368,0.7465145966171547,7,224,3.0
bot->ton,44,martingala_int,7,0.368,0.8288021424586683,0,0,3.0
bot->ton,44,statico,8,0.421,0.8134670889087066,0,0,3.0
bot->ton,44,ogni_batch_int,8,0.421,0.870319297188534,8,256,3.0
bot->ton,44,martingala_int,8,0.421,0.8134670889087066,0,0,3.0
bot->ton,44,statico,9,0.474,0.7967237374858015,0,0,3.0
bot->ton,44,ogni_batch_int,9,0.474,0.8795496128134154,9,288,3.0
bot->ton,44,martingala_int,9,0.474,0.7967237374858015,0,0,3.0
bot->ton,44,statico,10,0.526,0.7753119371504408,0,0,3.0
bot->ton,44,ogni_batch_int,10,0.526,0.8486534564887667,10,320,3.0
bot->ton,44,martingala_int,10,0.526,0.6133538279694758,1,32,3.0
bot->ton,44,statico,11,0.579,0.7571557991571689,0,0,3.0
bot->ton,44,ogni_batch_int,11,0.579,0.8475184342952577,11,352,3.0
bot->ton,44,martingala_int,11,0.579,0.5987624344121453,2,64,3.0
bot->ton,44,statico,12,0.632,0.7319171391801151,0,0,3.0
bot->ton,44,ogni_batch_int,12,0.632,0.8305406944099738,12,384,3.0
bot->ton,44,martingala_int,12,0.632,0.821827698172948,3,96,3.0
bot->ton,44,statico,13,0.684,0.7113448622721201,0,0,3.0
bot->ton,44,ogni_batch_int,13,0.684,0.8301979473784613,13,416,3.0
bot->ton,44,martingala_int,13,0.684,0.8210782467032224,4,128,3.0
bot->ton,44,statico,14,0.737,0.6894063017027813,0,0,3.0
bot->ton,44,ogni_batch_int,14,0.737,0.7786988463905467,14,448,3.0
bot->ton,44,martingala_int,14,0.737,0.7790250370037186,5,160,3.0
bot->ton,44,statico,15,0.789,0.6663245269309208,0,0,3.0
bot->ton,44,ogni_batch_int,15,0.789,0.805660485500208,15,480,3.0
bot->ton,44,martingala_int,15,0.789,0.8107403197305472,6,192,3.0
bot->ton,44,statico,16,0.842,0.6460289699394528,0,0,3.0
bot->ton,44,ogni_batch_int,16,0.842,0.8223202887841023,16,512,3.0
bot->ton,44,martingala_int,16,0.842,0.8553290333489261,7,224,3.0
bot->ton,44,statico,17,0.895,0.6250126179526825,0,0,3.0
bot->ton,44,ogni_batch_int,17,0.895,0.8157026733218017,17,544,3.0
bot->ton,44,martingala_int,17,0.895,0.8268045260742573,8,256,3.0
bot->ton,44,statico,18,0.947,0.5957565947724945,0,0,3.0
bot->ton,44,ogni_batch_int,18,0.947,0.8219199302835969,18,576,3.0
bot->ton,44,martingala_int,18,0.947,0.8464533020561524,9,288,3.0
bot->ton,44,statico,19,1.0,0.5767715131000448,0,0,3.0
bot->ton,44,ogni_batch_int,19,1.0,0.8678687317390776,19,608,3.0
bot->ton,44,martingala_int,19,1.0,0.8646056631493759,10,320,3.0
bot->ton,45,statico,0,0.0,0.9461,0,0,3.0
bot->ton,45,ogni_batch_int,0,0.0,0.9461,0,0,3.0
bot->ton,45,martingala_int,0,0.0,0.9461,0,0,3.0
bot->ton,45,statico,1,0.053,0.9366219687976582,0,0,3.0
bot->ton,45,ogni_batch_int,1,0.053,0.9366219687976582,1,32,3.0
bot->ton,45,martingala_int,1,0.053,0.9366219687976582,0,0,3.0
bot->ton,45,statico,2,0.105,0.9173595117109244,0,0,3.0
bot->ton,45,ogni_batch_int,2,0.105,0.9173595117109244,2,64,3.0
bot->ton,45,martingala_int,2,0.105,0.9173595117109244,0,0,3.0
bot->ton,45,statico,3,0.158,0.9008442799260759,0,0,3.0
bot->ton,45,ogni_batch_int,3,0.158,0.7823631542886331,3,96,3.0
bot->ton,45,martingala_int,3,0.158,0.9008442799260759,0,0,3.0
bot->ton,45,statico,4,0.211,0.8872869112762818,0,0,3.0
bot->ton,45,ogni_batch_int,4,0.211,0.8009087477164586,4,128,3.0
bot->ton,45,martingala_int,4,0.211,0.8872869112762818,0,0,3.0
bot->ton,45,statico,5,0.263,0.8667268278584433,0,0,3.0
bot->ton,45,ogni_batch_int,5,0.263,0.7978065051113439,5,160,3.0
bot->ton,45,martingala_int,5,0.263,0.8667268278584433,0,0,3.0
bot->ton,45,statico,6,0.316,0.8541039199860072,0,0,3.0
bot->ton,45,ogni_batch_int,6,0.316,0.8018939893760735,6,192,3.0
bot->ton,45,martingala_int,6,0.316,0.8541039199860072,0,0,3.0
bot->ton,45,statico,7,0.368,0.8320353811068375,0,0,3.0
bot->ton,45,ogni_batch_int,7,0.368,0.82368245232595,7,224,3.0
bot->ton,45,martingala_int,7,0.368,0.8320353811068375,0,0,3.0
bot->ton,45,statico,8,0.421,0.8178776612695098,0,0,3.0
bot->ton,45,ogni_batch_int,8,0.421,0.8267678899753235,8,256,3.0
bot->ton,45,martingala_int,8,0.421,0.8178776612695098,0,0,3.0
bot->ton,45,statico,9,0.474,0.7956860652637209,0,0,3.0
bot->ton,45,ogni_batch_int,9,0.474,0.8153900702659249,9,288,3.0
bot->ton,45,martingala_int,9,0.474,0.7956860652637209,0,0,3.0
bot->ton,45,statico,10,0.526,0.7783509927679013,0,0,3.0
bot->ton,45,ogni_batch_int,10,0.526,0.8226468633829763,10,320,3.0
bot->ton,45,martingala_int,10,0.526,0.8582428358363854,1,32,3.0
bot->ton,45,statico,11,0.579,0.7586747962031696,0,0,3.0
bot->ton,45,ogni_batch_int,11,0.579,0.8687801775623183,11,352,3.0
bot->ton,45,martingala_int,11,0.579,0.8252304340023308,2,64,3.0
bot->ton,45,statico,12,0.632,0.7349099132793762,0,0,3.0
bot->ton,45,ogni_batch_int,12,0.632,0.8556231268295359,12,384,3.0
bot->ton,45,martingala_int,12,0.632,0.8356562517142159,3,96,3.0
bot->ton,45,statico,13,0.684,0.7150022810844541,0,0,3.0
bot->ton,45,ogni_batch_int,13,0.684,0.7725278363658851,13,416,3.0
bot->ton,45,martingala_int,13,0.684,0.8387338051293449,4,128,3.0
bot->ton,45,statico,14,0.737,0.6957178619498263,0,0,3.0
bot->ton,45,ogni_batch_int,14,0.737,0.8211873432654817,14,448,3.0
bot->ton,45,martingala_int,14,0.737,0.8348738538292422,5,160,3.0
bot->ton,45,statico,15,0.789,0.6755193321030064,0,0,3.0
bot->ton,45,ogni_batch_int,15,0.789,0.8609770567688984,15,480,3.0
bot->ton,45,martingala_int,15,0.789,0.8257334400481697,6,192,3.0
bot->ton,45,statico,16,0.842,0.6479900666626623,0,0,3.0
bot->ton,45,ogni_batch_int,16,0.842,0.8577314977080208,16,512,3.0
bot->ton,45,martingala_int,16,0.842,0.7331392818988609,7,224,3.0
bot->ton,45,statico,17,0.895,0.6266737709582606,0,0,3.0
bot->ton,45,ogni_batch_int,17,0.895,0.875212624643259,17,544,3.0
bot->ton,45,martingala_int,17,0.895,0.8303444726615166,8,256,3.0
bot->ton,45,statico,18,0.947,0.6032314931704899,0,0,3.0
bot->ton,45,ogni_batch_int,18,0.947,0.8646052634057619,18,576,3.0
bot->ton,45,martingala_int,18,0.947,0.8394355780941272,9,288,3.0
bot->ton,45,statico,19,1.0,0.5803201579071801,0,0,3.0
bot->ton,45,ogni_batch_int,19,1.0,0.8768200287003998,19,608,3.0
bot->ton,45,martingala_int,19,1.0,0.8506904315506463,10,320,3.0
bot->ton,46,statico,0,0.0,0.94785,0,0,3.0
bot->ton,46,ogni_batch_int,0,0.0,0.94785,0,0,3.0
bot->ton,46,martingala_int,0,0.0,0.94785,0,0,3.0
bot->ton,46,statico,1,0.053,0.920192756507106,0,0,3.0
bot->ton,46,ogni_batch_int,1,0.053,0.920192756507106,1,32,3.0
bot->ton,46,martingala_int,1,0.053,0.920192756507106,0,0,3.0
bot->ton,46,statico,2,0.105,0.9122049916664685,0,0,3.0
bot->ton,46,ogni_batch_int,2,0.105,0.796532405683178,2,64,3.0
bot->ton,46,martingala_int,2,0.105,0.9122049916664685,0,0,3.0
bot->ton,46,statico,3,0.158,0.9084425135292848,0,0,3.0
bot->ton,46,ogni_batch_int,3,0.158,0.7960847422634377,3,96,3.0
bot->ton,46,martingala_int,3,0.158,0.9084425135292848,0,0,3.0
bot->ton,46,statico,4,0.211,0.885381202743853,0,0,3.0
bot->ton,46,ogni_batch_int,4,0.211,0.7917141741082574,4,128,3.0
bot->ton,46,martingala_int,4,0.211,0.885381202743853,0,0,3.0
bot->ton,46,statico,5,0.263,0.8694656077478935,0,0,3.0
bot->ton,46,ogni_batch_int,5,0.263,0.8032019262033318,5,160,3.0
bot->ton,46,martingala_int,5,0.263,0.8694656077478935,0,0,3.0
bot->ton,46,statico,6,0.316,0.8572954491177657,0,0,3.0
bot->ton,46,ogni_batch_int,6,0.316,0.900004802091654,6,192,3.0
bot->ton,46,martingala_int,6,0.316,0.8572954491177657,0,0,3.0
bot->ton,46,statico,7,0.368,0.8362644924295713,0,0,3.0
bot->ton,46,ogni_batch_int,7,0.368,0.9026998281334226,7,224,3.0
bot->ton,46,martingala_int,7,0.368,0.8362644924295713,0,0,3.0
bot->ton,46,statico,8,0.421,0.8188684871079743,0,0,3.0
bot->ton,46,ogni_batch_int,8,0.421,0.8431358837997086,8,256,3.0
bot->ton,46,martingala_int,8,0.421,0.8188684871079743,0,0,3.0
bot->ton,46,statico,9,0.474,0.7957116704566515,0,0,3.0
bot->ton,46,ogni_batch_int,9,0.474,0.8450011615018869,9,288,3.0
bot->ton,46,martingala_int,9,0.474,0.7957116704566515,0,0,3.0
bot->ton,46,statico,10,0.526,0.7778970636153568,0,0,3.0
bot->ton,46,ogni_batch_int,10,0.526,0.8490012417457624,10,320,3.0
bot->ton,46,martingala_int,10,0.526,0.7778970636153568,0,0,3.0
bot->ton,46,statico,11,0.579,0.7587530497366564,0,0,3.0
bot->ton,46,ogni_batch_int,11,0.579,0.8622928356534914,11,352,3.0
bot->ton,46,martingala_int,11,0.579,0.7095848571258407,1,32,3.0
bot->ton,46,statico,12,0.632,0.7408540788509805,0,0,3.0
bot->ton,46,ogni_batch_int,12,0.632,0.8633742839644054,12,384,3.0
bot->ton,46,martingala_int,12,0.632,0.7801361818640342,2,64,3.0
bot->ton,46,statico,13,0.684,0.7179513655027563,0,0,3.0
bot->ton,46,ogni_batch_int,13,0.684,0.8562190259370379,13,416,3.0
bot->ton,46,martingala_int,13,0.684,0.8594696442586542,3,96,3.0
bot->ton,46,statico,14,0.737,0.7003673138281704,0,0,3.0
bot->ton,46,ogni_batch_int,14,0.737,0.8666957586297293,14,448,3.0
bot->ton,46,martingala_int,14,0.737,0.8616363221743615,4,128,3.0
bot->ton,46,statico,15,0.789,0.6784633446420991,0,0,3.0
bot->ton,46,ogni_batch_int,15,0.789,0.8672756714426102,15,480,3.0
bot->ton,46,martingala_int,15,0.789,0.8520776960662979,5,160,3.0
bot->ton,46,statico,16,0.842,0.6509365321476216,0,0,3.0
bot->ton,46,ogni_batch_int,16,0.842,0.8670569881960488,16,512,3.0
bot->ton,46,martingala_int,16,0.842,0.8523680922637762,6,192,3.0
bot->ton,46,statico,17,0.895,0.629698012505224,0,0,3.0
bot->ton,46,ogni_batch_int,17,0.895,0.8531296428069141,17,544,3.0
bot->ton,46,martingala_int,17,0.895,0.8551892417243443,7,224,3.0
bot->ton,46,statico,18,0.947,0.6055026625095274,0,0,3.0
bot->ton,46,ogni_batch_int,18,0.947,0.8608455100348695,18,576,3.0
bot->ton,46,martingala_int,18,0.947,0.8483460125389357,8,256,3.0
bot->ton,46,statico,19,1.0,0.5840835255855963,0,0,3.0
bot->ton,46,ogni_batch_int,19,1.0,0.8542888299976545,19,608,3.0
bot->ton,46,martingala_int,19,1.0,0.8542888299976545,9,288,3.0
bot->ton,47,statico,0,0.0,0.93045,0,0,3.0
bot->ton,47,ogni_batch_int,0,0.0,0.93045,0,0,3.0
bot->ton,47,martingala_int,0,0.0,0.93045,0,0,3.0
bot->ton,47,statico,1,0.053,0.9152071108248652,0,0,3.0
bot->ton,47,ogni_batch_int,1,0.053,0.9152071108248652,1,32,3.0
bot->ton,47,martingala_int,1,0.053,0.9152071108248652,0,0,3.0
bot->ton,47,statico,2,0.105,0.9101895654830799,0,0,3.0
bot->ton,47,ogni_batch_int,2,0.105,0.9101895654830799,2,64,3.0
bot->ton,47,martingala_int,2,0.105,0.9101895654830799,0,0,3.0
bot->ton,47,statico,3,0.158,0.9024365549607436,0,0,3.0
bot->ton,47,ogni_batch_int,3,0.158,0.754421243750787,3,96,3.0
bot->ton,47,martingala_int,3,0.158,0.9024365549607436,0,0,3.0
bot->ton,47,statico,4,0.211,0.8848157565879287,0,0,3.0
bot->ton,47,ogni_batch_int,4,0.211,0.7277976509231473,4,128,3.0
bot->ton,47,martingala_int,4,0.211,0.8848157565879287,0,0,3.0
bot->ton,47,statico,5,0.263,0.858782100802979,0,0,3.0
bot->ton,47,ogni_batch_int,5,0.263,0.7131196495095492,5,160,3.0
bot->ton,47,martingala_int,5,0.263,0.858782100802979,0,0,3.0
bot->ton,47,statico,6,0.316,0.8424123421731929,0,0,3.0
bot->ton,47,ogni_batch_int,6,0.316,0.7471659802771865,6,192,3.0
bot->ton,47,martingala_int,6,0.316,0.8424123421731929,0,0,3.0
bot->ton,47,statico,7,0.368,0.8275504198145563,0,0,3.0
bot->ton,47,ogni_batch_int,7,0.368,0.7385622133710437,7,224,3.0
bot->ton,47,martingala_int,7,0.368,0.8275504198145563,0,0,3.0
bot->ton,47,statico,8,0.421,0.812174133260357,0,0,3.0
bot->ton,47,ogni_batch_int,8,0.421,0.8695640368891355,8,256,3.0
bot->ton,47,martingala_int,8,0.421,0.812174133260357,0,0,3.0
bot->ton,47,statico,9,0.474,0.7919708855898402,0,0,3.0
bot->ton,47,ogni_batch_int,9,0.474,0.8725172671017762,9,288,3.0
bot->ton,47,martingala_int,9,0.474,0.7919708855898402,0,0,3.0
bot->ton,47,statico,10,0.526,0.7755471265252007,0,0,3.0
bot->ton,47,ogni_batch_int,10,0.526,0.8635631721007894,10,320,3.0
bot->ton,47,martingala_int,10,0.526,0.7755471265252007,0,0,3.0
bot->ton,47,statico,11,0.579,0.752585728318605,0,0,3.0
bot->ton,47,ogni_batch_int,11,0.579,0.7754699725881637,11,352,3.0
bot->ton,47,martingala_int,11,0.579,0.8013493207481645,1,32,3.0
bot->ton,47,statico,12,0.632,0.7370088475919001,0,0,3.0
bot->ton,47,ogni_batch_int,12,0.632,0.7607384099014055,12,384,3.0
bot->ton,47,martingala_int,12,0.632,0.8206404323844074,2,64,3.0
bot->ton,47,statico,13,0.684,0.7160776019957947,0,0,3.0
bot->ton,47,ogni_batch_int,13,0.684,0.7646948031927221,13,416,3.0
bot->ton,47,martingala_int,13,0.684,0.7915015771517959,3,96,3.0
bot->ton,47,statico,14,0.737,0.6934949804097463,0,0,3.0
bot->ton,47,ogni_batch_int,14,0.737,0.7590890751905157,14,448,3.0
bot->ton,47,martingala_int,14,0.737,0.8961320792053085,4,128,3.0
bot->ton,47,statico,15,0.789,0.6720679386577351,0,0,3.0
bot->ton,47,ogni_batch_int,15,0.789,0.7687738987099038,15,480,3.0
bot->ton,47,martingala_int,15,0.789,0.8983349259733578,5,160,3.0
bot->ton,47,statico,16,0.842,0.6480488993946276,0,0,3.0
bot->ton,47,ogni_batch_int,16,0.842,0.8543331930627569,16,512,3.0
bot->ton,47,martingala_int,16,0.842,0.8243328020423171,6,192,3.0
bot->ton,47,statico,17,0.895,0.6272609391382361,0,0,3.0
bot->ton,47,ogni_batch_int,17,0.895,0.8586017911798821,17,544,3.0
bot->ton,47,martingala_int,17,0.895,0.8638046468232277,7,224,3.0
bot->ton,47,statico,18,0.947,0.6045002391483189,0,0,3.0
bot->ton,47,ogni_batch_int,18,0.947,0.8636169763049784,18,576,3.0
bot->ton,47,martingala_int,18,0.947,0.8636169763049784,8,256,3.0
bot->ton,47,statico,19,1.0,0.5856638565546306,0,0,3.0
bot->ton,47,ogni_batch_int,19,1.0,0.8682520802881354,19,608,3.0
bot->ton,47,martingala_int,19,1.0,0.8682520802881354,9,288,3.0
bot->ton,48,statico,0,0.0,0.94385,0,0,3.0
bot->ton,48,ogni_batch_int,0,0.0,0.94385,0,0,3.0
bot->ton,48,martingala_int,0,0.0,0.94385,0,0,3.0
bot->ton,48,statico,1,0.053,0.9208513063349324,0,0,3.0
bot->ton,48,ogni_batch_int,1,0.053,0.9208513063349324,1,32,3.0
bot->ton,48,martingala_int,1,0.053,0.9208513063349324,0,0,3.0
bot->ton,48,statico,2,0.105,0.9233850251436778,0,0,3.0
bot->ton,48,ogni_batch_int,2,0.105,0.7499640861333161,2,64,3.0
bot->ton,48,martingala_int,2,0.105,0.9233850251436778,0,0,3.0
bot->ton,48,statico,3,0.158,0.9051550445560422,0,0,3.0
bot->ton,48,ogni_batch_int,3,0.158,0.7937401538512523,3,96,3.0
bot->ton,48,martingala_int,3,0.158,0.9051550445560422,0,0,3.0
bot->ton,48,statico,4,0.211,0.8851253109974186,0,0,3.0
bot->ton,48,ogni_batch_int,4,0.211,0.7949563757661464,4,128,3.0
bot->ton,48,martingala_int,4,0.211,0.8851253109974186,0,0,3.0
bot->ton,48,statico,5,0.263,0.8663996675775281,0,0,3.0
bot->ton,48,ogni_batch_int,5,0.263,0.8951740007795976,5,160,3.0
bot->ton,48,martingala_int,5,0.263,0.8663996675775281,0,0,3.0
bot->ton,48,statico,6,0.316,0.8479572907580264,0,0,3.0
bot->ton,48,ogni_batch_int,6,0.316,0.8773425748490655,6,192,3.0
bot->ton,48,martingala_int,6,0.316,0.8479572907580264,0,0,3.0
bot->ton,48,statico,7,0.368,0.8358797695183865,0,0,3.0
bot->ton,48,ogni_batch_int,7,0.368,0.8019991015999923,7,224,3.0
bot->ton,48,martingala_int,7,0.368,0.8358797695183865,0,0,3.0
bot->ton,48,statico,8,0.421,0.8135976216189527,0,0,3.0
bot->ton,48,ogni_batch_int,8,0.421,0.7898071385461676,8,256,3.0
bot->ton,48,martingala_int,8,0.421,0.8135976216189527,0,0,3.0
bot->ton,48,statico,9,0.474,0.7982345139581113,0,0,3.0
bot->ton,48,ogni_batch_int,9,0.474,0.8365386641497647,9,288,3.0
bot->ton,48,martingala_int,9,0.474,0.7982345139581113,0,0,3.0
bot->ton,48,statico,10,0.526,0.7819301191103228,0,0,3.0
bot->ton,48,ogni_batch_int,10,0.526,0.8291062963565003,10,320,3.0
bot->ton,48,martingala_int,10,0.526,0.7819301191103228,0,0,3.0
bot->ton,48,statico,11,0.579,0.7558017063236468,0,0,3.0
bot->ton,48,ogni_batch_int,11,0.579,0.8478136723633036,11,352,3.0
bot->ton,48,martingala_int,11,0.579,0.7558017063236468,0,0,3.0
bot->ton,48,statico,12,0.632,0.7434057195525556,0,0,3.0
bot->ton,48,ogni_batch_int,12,0.632,0.8636930622957923,12,384,3.0
bot->ton,48,martingala_int,12,0.632,0.7473739675853186,1,32,3.0
bot->ton,48,statico,13,0.684,0.7192487162227752,0,0,3.0
bot->ton,48,ogni_batch_int,13,0.684,0.8719074514181215,13,416,3.0
bot->ton,48,martingala_int,13,0.684,0.8409358282732382,2,64,3.0
bot->ton,48,statico,14,0.737,0.6992022504372991,0,0,3.0
bot->ton,48,ogni_batch_int,14,0.737,0.870994808648452,14,448,3.0
bot->ton,48,martingala_int,14,0.737,0.8611570020359058,3,96,3.0
bot->ton,48,statico,15,0.789,0.6775501588195086,0,0,3.0
bot->ton,48,ogni_batch_int,15,0.789,0.8656825218125528,15,480,3.0
bot->ton,48,martingala_int,15,0.789,0.8606911664187207,4,128,3.0
bot->ton,48,statico,16,0.842,0.6578383299343538,0,0,3.0
bot->ton,48,ogni_batch_int,16,0.842,0.8653591459640283,16,512,3.0
bot->ton,48,martingala_int,16,0.842,0.8562889947166417,5,160,3.0
bot->ton,48,statico,17,0.895,0.6322972083874018,0,0,3.0
bot->ton,48,ogni_batch_int,17,0.895,0.8691308711668916,17,544,3.0
bot->ton,48,martingala_int,17,0.895,0.8628370469156263,6,192,3.0
bot->ton,48,statico,18,0.947,0.6078573983742682,0,0,3.0
bot->ton,48,ogni_batch_int,18,0.947,0.82961070554316,18,576,3.0
bot->ton,48,martingala_int,18,0.947,0.8202941941545276,7,224,3.0
bot->ton,48,statico,19,1.0,0.58537227355993,0,0,3.0
bot->ton,48,ogni_batch_int,19,1.0,0.8291091348375579,19,608,3.0
bot->ton,48,martingala_int,19,1.0,0.8197197923952875,8,256,3.0
bot->ton,49,statico,0,0.0,0.9446,0,0,3.0
bot->ton,49,ogni_batch_int,0,0.0,0.9446,0,0,3.0
bot->ton,49,martingala_int,0,0.0,0.9446,0,0,3.0
bot->ton,49,statico,1,0.053,0.9140055206645057,0,0,3.0
bot->ton,49,ogni_batch_int,1,0.053,0.9140055206645057,1,32,3.0
bot->ton,49,martingala_int,1,0.053,0.9140055206645057,0,0,3.0
bot->ton,49,statico,2,0.105,0.8919593003254915,0,0,3.0
bot->ton,49,ogni_batch_int,2,0.105,0.6815004035565906,2,64,3.0
bot->ton,49,martingala_int,2,0.105,0.8919593003254915,0,0,3.0
bot->ton,49,statico,3,0.158,0.8761916758966213,0,0,3.0
bot->ton,49,ogni_batch_int,3,0.158,0.8475280436076347,3,96,3.0
bot->ton,49,martingala_int,3,0.158,0.8761916758966213,0,0,3.0
bot->ton,49,statico,4,0.211,0.8622423726062967,0,0,3.0
bot->ton,49,ogni_batch_int,4,0.211,0.8633844530996431,4,128,3.0
bot->ton,49,martingala_int,4,0.211,0.8622423726062967,0,0,3.0
bot->ton,49,statico,5,0.263,0.8460572298160276,0,0,3.0
bot->ton,49,ogni_batch_int,5,0.263,0.9337878746705073,5,160,3.0
bot->ton,49,martingala_int,5,0.263,0.8460572298160276,0,0,3.0
bot->ton,49,statico,6,0.316,0.8293237252926409,0,0,3.0
bot->ton,49,ogni_batch_int,6,0.316,0.9220782833125956,6,192,3.0
bot->ton,49,martingala_int,6,0.316,0.8293237252926409,0,0,3.0
bot->ton,49,statico,7,0.368,0.8105309453912792,0,0,3.0
bot->ton,49,ogni_batch_int,7,0.368,0.8568128061432759,7,224,3.0
bot->ton,49,martingala_int,7,0.368,0.8105309453912792,0,0,3.0
bot->ton,49,statico,8,0.421,0.789815191652204,0,0,3.0
bot->ton,49,ogni_batch_int,8,0.421,0.8722609863975502,8,256,3.0
bot->ton,49,martingala_int,8,0.421,0.789815191652204,0,0,3.0
bot->ton,49,statico,9,0.474,0.7728479440047595,0,0,3.0
bot->ton,49,ogni_batch_int,9,0.474,0.868606272647681,9,288,3.0
bot->ton,49,martingala_int,9,0.474,0.7728479440047595,0,0,3.0
bot->ton,49,statico,10,0.526,0.7582940160456851,0,0,3.0
bot->ton,49,ogni_batch_int,10,0.526,0.9259867070408896,10,320,3.0
bot->ton,49,martingala_int,10,0.526,0.7582940160456851,0,0,3.0
bot->ton,49,statico,11,0.579,0.7334682569406432,0,0,3.0
bot->ton,49,ogni_batch_int,11,0.579,0.9229379221078537,11,352,3.0
bot->ton,49,martingala_int,11,0.579,0.7334682569406432,0,0,3.0
bot->ton,49,statico,12,0.632,0.7177202733043525,0,0,3.0
bot->ton,49,ogni_batch_int,12,0.632,0.9204886779046769,12,384,3.0
bot->ton,49,martingala_int,12,0.632,0.7177202733043525,0,0,3.0
bot->ton,49,statico,13,0.684,0.6977942824487625,0,0,3.0
bot->ton,49,ogni_batch_int,13,0.684,0.8488670435659069,13,416,3.0
bot->ton,49,martingala_int,13,0.684,0.690720601102656,1,32,3.0
bot->ton,49,statico,14,0.737,0.6744347225817038,0,0,3.0
bot->ton,49,ogni_batch_int,14,0.737,0.8734944617380719,14,448,3.0
bot->ton,49,martingala_int,14,0.737,0.8472976633678917,2,64,3.0
bot->ton,49,statico,15,0.789,0.6510525111521619,0,0,3.0
bot->ton,49,ogni_batch_int,15,0.789,0.8753780394184654,15,480,3.0
bot->ton,49,martingala_int,15,0.789,0.8651007170896784,3,96,3.0
bot->ton,49,statico,16,0.842,0.626473389719616,0,0,3.0
bot->ton,49,ogni_batch_int,16,0.842,0.8718234598155725,16,512,3.0
bot->ton,49,martingala_int,16,0.842,0.8698948407618764,4,128,3.0
bot->ton,49,statico,17,0.895,0.6110784925780588,0,0,3.0
bot->ton,49,ogni_batch_int,17,0.895,0.8740552652387572,17,544,3.0
bot->ton,49,martingala_int,17,0.895,0.7793159016415498,5,160,3.0
bot->ton,49,statico,18,0.947,0.581717361734014,0,0,3.0
bot->ton,49,ogni_batch_int,18,0.947,0.8696279239523235,18,576,3.0
bot->ton,49,martingala_int,18,0.947,0.8607005719632792,6,192,3.0
bot->ton,49,statico,19,1.0,0.5558088024657803,0,0,3.0
bot->ton,49,ogni_batch_int,19,1.0,0.8646903573616826,19,608,3.0
bot->ton,49,martingala_int,19,1.0,0.8690085897391164,7,224,3.0
bot->ton,50,statico,0,0.0,0.923,0,0,3.0
bot->ton,50,ogni_batch_int,0,0.0,0.923,0,0,3.0
bot->ton,50,martingala_int,0,0.0,0.923,0,0,3.0
bot->ton,50,statico,1,0.053,0.911083435326272,0,0,3.0
bot->ton,50,ogni_batch_int,1,0.053,0.911083435326272,1,32,3.0
bot->ton,50,martingala_int,1,0.053,0.911083435326272,0,0,3.0
bot->ton,50,statico,2,0.105,0.896797385620915,0,0,3.0
bot->ton,50,ogni_batch_int,2,0.105,0.896797385620915,2,64,3.0
bot->ton,50,martingala_int,2,0.105,0.896797385620915,0,0,3.0
bot->ton,50,statico,3,0.158,0.8930901571464864,0,0,3.0
bot->ton,50,ogni_batch_int,3,0.158,0.8930901571464864,3,96,3.0
bot->ton,50,martingala_int,3,0.158,0.8930901571464864,0,0,3.0
bot->ton,50,statico,4,0.211,0.8705986274030628,0,0,3.0
bot->ton,50,ogni_batch_int,4,0.211,0.8705986274030628,4,128,3.0
bot->ton,50,martingala_int,4,0.211,0.8705986274030628,0,0,3.0
bot->ton,50,statico,5,0.263,0.8530157782931581,0,0,3.0
bot->ton,50,ogni_batch_int,5,0.263,0.7589834007794107,5,160,3.0
bot->ton,50,martingala_int,5,0.263,0.8530157782931581,0,0,3.0
bot->ton,50,statico,6,0.316,0.8447365763676014,0,0,3.0
bot->ton,50,ogni_batch_int,6,0.316,0.7921993078924191,6,192,3.0
bot->ton,50,martingala_int,6,0.316,0.8447365763676014,0,0,3.0
bot->ton,50,statico,7,0.368,0.8272754479367969,0,0,3.0
bot->ton,50,ogni_batch_int,7,0.368,0.7965362880310662,7,224,3.0
bot->ton,50,martingala_int,7,0.368,0.8272754479367969,0,0,3.0
bot->ton,50,statico,8,0.421,0.8107184156308815,0,0,3.0
bot->ton,50,ogni_batch_int,8,0.421,0.8363980383231133,8,256,3.0
bot->ton,50,martingala_int,8,0.421,0.8107184156308815,0,0,3.0
bot->ton,50,statico,9,0.474,0.7945021990724446,0,0,3.0
bot->ton,50,ogni_batch_int,9,0.474,0.8987989596778307,9,288,3.0
bot->ton,50,martingala_int,9,0.474,0.7945021990724446,0,0,3.0
bot->ton,50,statico,10,0.526,0.7748158655813204,0,0,3.0
bot->ton,50,ogni_batch_int,10,0.526,0.9230070537163655,10,320,3.0
bot->ton,50,martingala_int,10,0.526,0.7748158655813204,0,0,3.0
bot->ton,50,statico,11,0.579,0.7574913076057402,0,0,3.0
bot->ton,50,ogni_batch_int,11,0.579,0.8444466827255991,11,352,3.0
bot->ton,50,martingala_int,11,0.579,0.7574913076057402,0,0,3.0
bot->ton,50,statico,12,0.632,0.7335846724815638,0,0,3.0
bot->ton,50,ogni_batch_int,12,0.632,0.8909293335184403,12,384,3.0
bot->ton,50,martingala_int,12,0.632,0.8565536339349076,1,32,3.0
bot->ton,50,statico,13,0.684,0.7196191495731104,0,0,3.0
bot->ton,50,ogni_batch_int,13,0.684,0.8304480132150629,13,416,3.0
bot->ton,50,martingala_int,13,0.684,0.8710568217933987,2,64,3.0
bot->ton,50,statico,14,0.737,0.6940009280962094,0,0,3.0
bot->ton,50,ogni_batch_int,14,0.737,0.8306850068850837,14,448,3.0
bot->ton,50,martingala_int,14,0.737,0.8742303868377769,3,96,3.0
bot->ton,50,statico,15,0.789,0.6733590020669511,0,0,3.0
bot->ton,50,ogni_batch_int,15,0.789,0.9245769294595465,15,480,3.0
bot->ton,50,martingala_int,15,0.789,0.8624854860243822,4,128,3.0
bot->ton,50,statico,16,0.842,0.6515091243795434,0,0,3.0
bot->ton,50,ogni_batch_int,16,0.842,0.9307426899957958,16,512,3.0
bot->ton,50,martingala_int,16,0.842,0.8666532084698506,5,160,3.0
bot->ton,50,statico,17,0.895,0.6289725762106869,0,0,3.0
bot->ton,50,ogni_batch_int,17,0.895,0.9349334616395597,17,544,3.0
bot->ton,50,martingala_int,17,0.895,0.870181007480441,6,192,3.0
bot->ton,50,statico,18,0.947,0.6092370621408654,0,0,3.0
bot->ton,50,ogni_batch_int,18,0.947,0.930409929390377,18,576,3.0
bot->ton,50,martingala_int,18,0.947,0.8686967368774263,7,224,3.0
bot->ton,50,statico,19,1.0,0.5801066892303745,0,0,3.0
bot->ton,50,ogni_batch_int,19,1.0,0.8672481798721958,19,608,3.0
bot->ton,50,martingala_int,19,1.0,0.8725031099290246,8,256,3.0
bot->ton,51,statico,0,0.0,0.94685,0,0,3.0
bot->ton,51,ogni_batch_int,0,0.0,0.94685,0,0,3.0
bot->ton,51,martingala_int,0,0.0,0.94685,0,0,3.0
bot->ton,51,statico,1,0.053,0.9325298023955608,0,0,3.0
bot->ton,51,ogni_batch_int,1,0.053,0.9325298023955608,1,32,3.0
bot->ton,51,martingala_int,1,0.053,0.9325298023955608,0,0,3.0
bot->ton,51,statico,2,0.105,0.9156392952294776,0,0,3.0
bot->ton,51,ogni_batch_int,2,0.105,0.8843877243251395,2,64,3.0
bot->ton,51,martingala_int,2,0.105,0.9156392952294776,0,0,3.0
bot->ton,51,statico,3,0.158,0.9001742929061481,0,0,3.0
bot->ton,51,ogni_batch_int,3,0.158,0.8055933242127111,3,96,3.0
bot->ton,51,martingala_int,3,0.158,0.9001742929061481,0,0,3.0
bot->ton,51,statico,4,0.211,0.8881267259248371,0,0,3.0
bot->ton,51,ogni_batch_int,4,0.211,0.7952820751519902,4,128,3.0
bot->ton,51,martingala_int,4,0.211,0.8881267259248371,0,0,3.0
bot->ton,51,statico,5,0.263,0.8655039438729267,0,0,3.0
bot->ton,51,ogni_batch_int,5,0.263,0.8711491618765654,5,160,3.0
bot->ton,51,martingala_int,5,0.263,0.8655039438729267,0,0,3.0
bot->ton,51,statico,6,0.316,0.8482099199845111,0,0,3.0
bot->ton,51,ogni_batch_int,6,0.316,0.8671883302909328,6,192,3.0
bot->ton,51,martingala_int,6,0.316,0.8482099199845111,0,0,3.0
bot->ton,51,statico,7,0.368,0.8272972049138584,0,0,3.0
bot->ton,51,ogni_batch_int,7,0.368,0.8557513752258479,7,224,3.0
bot->ton,51,martingala_int,7,0.368,0.8272972049138584,0,0,3.0
bot->ton,51,statico,8,0.421,0.8154856654043168,0,0,3.0
bot->ton,51,ogni_batch_int,8,0.421,0.8668636759865367,8,256,3.0
bot->ton,51,martingala_int,8,0.421,0.8154856654043168,0,0,3.0
bot->ton,51,statico,9,0.474,0.7948796456607468,0,0,3.0
bot->ton,51,ogni_batch_int,9,0.474,0.8640101291626752,9,288,3.0
bot->ton,51,martingala_int,9,0.474,0.7948796456607468,1,32,3.0
bot->ton,51,statico,10,0.526,0.7798799070569311,0,0,3.0
bot->ton,51,ogni_batch_int,10,0.526,0.867699002920874,10,320,3.0
bot->ton,51,martingala_int,10,0.526,0.7753772135631721,2,64,3.0
bot->ton,51,statico,11,0.579,0.7563214500379766,0,0,3.0
bot->ton,51,ogni_batch_int,11,0.579,0.8595145945527718,11,352,3.0
bot->ton,51,martingala_int,11,0.579,0.867185962382111,3,96,3.0
bot->ton,51,statico,12,0.632,0.7329985210791161,0,0,3.0
bot->ton,51,ogni_batch_int,12,0.632,0.8569886580915937,12,384,3.0
bot->ton,51,martingala_int,12,0.632,0.8617339386739529,4,128,3.0
bot->ton,51,statico,13,0.684,0.7207010622357499,0,0,3.0
bot->ton,51,ogni_batch_int,13,0.684,0.8817259655022941,13,416,3.0
bot->ton,51,martingala_int,13,0.684,0.8717508630143913,5,160,3.0
bot->ton,51,statico,14,0.737,0.6918994194544297,0,0,3.0
bot->ton,51,ogni_batch_int,14,0.737,0.8705407113084522,14,448,3.0
bot->ton,51,martingala_int,14,0.737,0.8692227076458316,6,192,3.0
bot->ton,51,statico,15,0.789,0.6739623176330811,0,0,3.0
bot->ton,51,ogni_batch_int,15,0.789,0.9422339502301756,15,480,3.0
bot->ton,51,martingala_int,15,0.789,0.8621421337568266,7,224,3.0
bot->ton,51,statico,16,0.842,0.6499738138913914,0,0,3.0
bot->ton,51,ogni_batch_int,16,0.842,0.9304660140573642,16,512,3.0
bot->ton,51,martingala_int,16,0.842,0.9170416555245164,8,256,3.0
bot->ton,51,statico,17,0.895,0.6256475842159439,0,0,3.0
bot->ton,51,ogni_batch_int,17,0.895,0.9065604929586233,17,544,3.0
bot->ton,51,martingala_int,17,0.895,0.8638713374930154,9,288,3.0
bot->ton,51,statico,18,0.947,0.6018124776186651,0,0,3.0
bot->ton,51,ogni_batch_int,18,0.947,0.8203890979223181,18,576,3.0
bot->ton,51,martingala_int,18,0.947,0.8661639627068263,10,320,3.0
bot->ton,51,statico,19,1.0,0.5724147461202563,0,0,3.0
bot->ton,51,ogni_batch_int,19,1.0,0.9257192616122565,19,608,3.0
bot->ton,51,martingala_int,19,1.0,0.8618307065610659,11,352,3.0
bot->unsw,42,statico,0,0.0,0.92235,0,0,3.0
bot->unsw,42,ogni_batch_int,0,0.0,0.92235,0,0,3.0
bot->unsw,42,martingala_int,0,0.0,0.92235,0,0,3.0
bot->unsw,42,statico,1,0.053,0.828612495867804,0,0,3.0
bot->unsw,42,ogni_batch_int,1,0.053,0.828612495867804,1,32,3.0
bot->unsw,42,martingala_int,1,0.053,0.828612495867804,0,0,3.0
bot->unsw,42,statico,2,0.105,0.8241062503485763,0,0,3.0
bot->unsw,42,ogni_batch_int,2,0.105,0.7905185099381786,2,64,3.0
bot->unsw,42,martingala_int,2,0.105,0.8241062503485763,0,0,3.0
bot->unsw,42,statico,3,0.158,0.8174080109538319,0,0,3.0
bot->unsw,42,ogni_batch_int,3,0.158,0.8253463496622173,3,96,3.0
bot->unsw,42,martingala_int,3,0.158,0.8174080109538319,0,0,3.0
bot->unsw,42,statico,4,0.211,0.7952847247322441,0,0,3.0
bot->unsw,42,ogni_batch_int,4,0.211,0.8237542681090664,4,128,3.0
bot->unsw,42,martingala_int,4,0.211,0.7952847247322441,0,0,3.0
bot->unsw,42,statico,5,0.263,0.7805591520431173,0,0,3.0
bot->unsw,42,ogni_batch_int,5,0.263,0.815287920610045,5,160,3.0
bot->unsw,42,martingala_int,5,0.263,0.7805591520431173,0,0,3.0
bot->unsw,42,statico,6,0.316,0.7634190896202523,0,0,3.0
bot->unsw,42,ogni_batch_int,6,0.316,0.9176359529398797,6,192,3.0
bot->unsw,42,martingala_int,6,0.316,0.7634190896202523,0,0,3.0
bot->unsw,42,statico,7,0.368,0.7544379260502312,0,0,3.0
bot->unsw,42,ogni_batch_int,7,0.368,0.9173469519749369,7,224,3.0
bot->unsw,42,martingala_int,7,0.368,0.7544379260502312,0,0,3.0
bot->unsw,42,statico,8,0.421,0.7323673420981296,0,0,3.0
bot->unsw,42,ogni_batch_int,8,0.421,0.8776947270843821,8,256,3.0
bot->unsw,42,martingala_int,8,0.421,0.7323673420981296,0,0,3.0
bot->unsw,42,statico,9,0.474,0.7145916360141686,0,0,3.0
bot->unsw,42,ogni_batch_int,9,0.474,0.8720266421788246,9,288,3.0
bot->unsw,42,martingala_int,9,0.474,0.7145916360141686,0,0,3.0
bot->unsw,42,statico,10,0.526,0.6950510839652047,0,0,3.0
bot->unsw,42,ogni_batch_int,10,0.526,0.8684866184429096,10,320,3.0
bot->unsw,42,martingala_int,10,0.526,0.6950510839652047,0,0,3.0
bot->unsw,42,statico,11,0.579,0.6788077008395634,0,0,3.0
bot->unsw,42,ogni_batch_int,11,0.579,0.8570027758549689,11,352,3.0
bot->unsw,42,martingala_int,11,0.579,0.6788077008395634,0,0,3.0
bot->unsw,42,statico,12,0.632,0.6574469334931613,0,0,3.0
bot->unsw,42,ogni_batch_int,12,0.632,0.8469661538226052,12,384,3.0
bot->unsw,42,martingala_int,12,0.632,0.6574469334931613,0,0,3.0
bot->unsw,42,statico,13,0.684,0.6351296568113511,0,0,3.0
bot->unsw,42,ogni_batch_int,13,0.684,0.8142981380819502,13,416,3.0
bot->unsw,42,martingala_int,13,0.684,0.7276665268749563,1,32,3.0
bot->unsw,42,statico,14,0.737,0.6086841788217223,0,0,3.0
bot->unsw,42,ogni_batch_int,14,0.737,0.8036707258054709,14,448,3.0
bot->unsw,42,martingala_int,14,0.737,0.7049535301518682,2,64,3.0
bot->unsw,42,statico,15,0.789,0.5827797758473834,0,0,3.0
bot->unsw,42,ogni_batch_int,15,0.789,0.7924503892451837,15,480,3.0
bot->unsw,42,martingala_int,15,0.789,0.7095817571460781,3,96,3.0
bot->unsw,42,statico,16,0.842,0.556454168879732,0,0,3.0
bot->unsw,42,ogni_batch_int,16,0.842,0.7981059220076308,16,512,3.0
bot->unsw,42,martingala_int,16,0.842,0.7123898170735001,4,128,3.0
bot->unsw,42,statico,17,0.895,0.5386055249688864,0,0,3.0
bot->unsw,42,ogni_batch_int,17,0.895,0.7852246223807178,17,544,3.0
bot->unsw,42,martingala_int,17,0.895,0.784548236107779,5,160,3.0
bot->unsw,42,statico,18,0.947,0.5010004192710122,0,0,3.0
bot->unsw,42,ogni_batch_int,18,0.947,0.7756279406209218,18,576,3.0
bot->unsw,42,martingala_int,18,0.947,0.7783086635986904,6,192,3.0
bot->unsw,42,statico,19,1.0,0.4707252541927027,0,0,3.0
bot->unsw,42,ogni_batch_int,19,1.0,0.7687005563612592,19,608,3.0
bot->unsw,42,martingala_int,19,1.0,0.7703259275377878,7,224,3.0
bot->unsw,43,statico,0,0.0,0.97775,0,0,3.0
bot->unsw,43,ogni_batch_int,0,0.0,0.97775,0,0,3.0
bot->unsw,43,martingala_int,0,0.0,0.97775,0,0,3.0
bot->unsw,43,statico,1,0.053,0.8544677802204161,0,0,3.0
bot->unsw,43,ogni_batch_int,1,0.053,0.8544677802204161,1,32,3.0
bot->unsw,43,martingala_int,1,0.053,0.8544677802204161,0,0,3.0
bot->unsw,43,statico,2,0.105,0.8395082285459328,0,0,3.0
bot->unsw,43,ogni_batch_int,2,0.105,0.8395082285459328,2,64,3.0
bot->unsw,43,martingala_int,2,0.105,0.8395082285459328,0,0,3.0
bot->unsw,43,statico,3,0.158,0.8336500917324802,0,0,3.0
bot->unsw,43,ogni_batch_int,3,0.158,0.8339641635285958,3,96,3.0
bot->unsw,43,martingala_int,3,0.158,0.8336500917324802,0,0,3.0
bot->unsw,43,statico,4,0.211,0.8294605577189677,0,0,3.0
bot->unsw,43,ogni_batch_int,4,0.211,0.8616713159613627,4,128,3.0
bot->unsw,43,martingala_int,4,0.211,0.8294605577189677,0,0,3.0
bot->unsw,43,statico,5,0.263,0.799004117221932,0,0,3.0
bot->unsw,43,ogni_batch_int,5,0.263,0.8310033723967171,5,160,3.0
bot->unsw,43,martingala_int,5,0.263,0.799004117221932,0,0,3.0
bot->unsw,43,statico,6,0.316,0.7793661704058654,0,0,3.0
bot->unsw,43,ogni_batch_int,6,0.316,0.8193570395231488,6,192,3.0
bot->unsw,43,martingala_int,6,0.316,0.7793661704058654,0,0,3.0
bot->unsw,43,statico,7,0.368,0.7746803830013105,0,0,3.0
bot->unsw,43,ogni_batch_int,7,0.368,0.8418885912385754,7,224,3.0
bot->unsw,43,martingala_int,7,0.368,0.7746803830013105,0,0,3.0
bot->unsw,43,statico,8,0.421,0.7468173041544739,0,0,3.0
bot->unsw,43,ogni_batch_int,8,0.421,0.827338780942011,8,256,3.0
bot->unsw,43,martingala_int,8,0.421,0.7468173041544739,0,0,3.0
bot->unsw,43,statico,9,0.474,0.7314707640741231,0,0,3.0
bot->unsw,43,ogni_batch_int,9,0.474,0.8526541437005334,9,288,3.0
bot->unsw,43,martingala_int,9,0.474,0.7314707640741231,0,0,3.0
bot->unsw,43,statico,10,0.526,0.7040887725504745,0,0,3.0
bot->unsw,43,ogni_batch_int,10,0.526,0.8233418069581366,10,320,3.0
bot->unsw,43,martingala_int,10,0.526,0.7040887725504745,0,0,3.0
bot->unsw,43,statico,11,0.579,0.6855187958346408,0,0,3.0
bot->unsw,43,ogni_batch_int,11,0.579,0.8741920222059514,11,352,3.0
bot->unsw,43,martingala_int,11,0.579,0.6855187958346408,0,0,3.0
bot->unsw,43,statico,12,0.632,0.6622774543321189,0,0,3.0
bot->unsw,43,ogni_batch_int,12,0.632,0.8493112751605596,12,384,3.0
bot->unsw,43,martingala_int,12,0.632,0.6622774543321189,0,0,3.0
bot->unsw,43,statico,13,0.684,0.6424734833068448,0,0,3.0
bot->unsw,43,ogni_batch_int,13,0.684,0.8394660227761815,13,416,3.0
bot->unsw,43,martingala_int,13,0.684,0.754166743289052,1,32,3.0
bot->unsw,43,statico,14,0.737,0.6176458066308742,0,0,3.0
bot->unsw,43,ogni_batch_int,14,0.737,0.8328579175218922,14,448,3.0
bot->unsw,43,martingala_int,14,0.737,0.7972362598277951,2,64,3.0
bot->unsw,43,statico,15,0.789,0.5912236034975107,0,0,3.0
bot->unsw,43,ogni_batch_int,15,0.789,0.8084077306797872,15,480,3.0
bot->unsw,43,martingala_int,15,0.789,0.7762950322733242,3,96,3.0
bot->unsw,43,statico,16,0.842,0.5658466199187788,0,0,3.0
bot->unsw,43,ogni_batch_int,16,0.842,0.8290515924315431,16,512,3.0
bot->unsw,43,martingala_int,16,0.842,0.824567570166348,4,128,3.0
bot->unsw,43,statico,17,0.895,0.5328209544569446,0,0,3.0
bot->unsw,43,ogni_batch_int,17,0.895,0.8048007906927255,17,544,3.0
bot->unsw,43,martingala_int,17,0.895,0.7871281103440679,5,160,3.0
bot->unsw,43,statico,18,0.947,0.5053103890607646,0,0,3.0
bot->unsw,43,ogni_batch_int,18,0.947,0.8074243643152179,18,576,3.0
bot->unsw,43,martingala_int,18,0.947,0.7668431345627792,6,192,3.0
bot->unsw,43,statico,19,1.0,0.47064917030823294,0,0,3.0
bot->unsw,43,ogni_batch_int,19,1.0,0.8023563709582446,19,608,3.0
bot->unsw,43,martingala_int,19,1.0,0.775857922471048,7,224,3.0
bot->unsw,44,statico,0,0.0,0.93285,0,0,3.0
bot->unsw,44,ogni_batch_int,0,0.0,0.93285,0,0,3.0
bot->unsw,44,martingala_int,0,0.0,0.93285,0,0,3.0
bot->unsw,44,statico,1,0.053,0.8595293110873354,0,0,3.0
bot->unsw,44,ogni_batch_int,1,0.053,0.8595293110873354,1,32,3.0
bot->unsw,44,martingala_int,1,0.053,0.8595293110873354,0,0,3.0
bot->unsw,44,statico,2,0.105,0.841818952499108,0,0,3.0
bot->unsw,44,ogni_batch_int,2,0.105,0.841818952499108,2,64,3.0
bot->unsw,44,martingala_int,2,0.105,0.841818952499108,0,0,3.0
bot->unsw,44,statico,3,0.158,0.8351790268091247,0,0,3.0
bot->unsw,44,ogni_batch_int,3,0.158,0.8351790268091247,3,96,3.0
bot->unsw,44,martingala_int,3,0.158,0.8351790268091247,0,0,3.0
bot->unsw,44,statico,4,0.211,0.8107205237539156,0,0,3.0
bot->unsw,44,ogni_batch_int,4,0.211,0.6816987492625062,4,128,3.0
bot->unsw,44,martingala_int,4,0.211,0.8107205237539156,0,0,3.0
bot->unsw,44,statico,5,0.263,0.793381872225263,0,0,3.0
bot->unsw,44,ogni_batch_int,5,0.263,0.6888170498084292,5,160,3.0
bot->unsw,44,martingala_int,5,0.263,0.793381872225263,0,0,3.0
bot->unsw,44,statico,6,0.316,0.7789929361328589,0,0,3.0
bot->unsw,44,ogni_batch_int,6,0.316,0.7905247263459234,6,192,3.0
bot->unsw,44,martingala_int,6,0.316,0.7789929361328589,0,0,3.0
bot->unsw,44,statico,7,0.368,0.7619923544557722,0,0,3.0
bot->unsw,44,ogni_batch_int,7,0.368,0.7623343019454815,7,224,3.0
bot->unsw,44,martingala_int,7,0.368,0.7619923544557722,0,0,3.0
bot->unsw,44,statico,8,0.421,0.7385411941389619,0,0,3.0
bot->unsw,44,ogni_batch_int,8,0.421,0.8088175591809887,8,256,3.0
bot->unsw,44,martingala_int,8,0.421,0.7385411941389619,0,0,3.0
bot->unsw,44,statico,9,0.474,0.722814671680658,0,0,3.0
bot->unsw,44,ogni_batch_int,9,0.474,0.7976060519386599,9,288,3.0
bot->unsw,44,martingala_int,9,0.474,0.722814671680658,0,0,3.0
bot->unsw,44,statico,10,0.526,0.7098974707836884,0,0,3.0
bot->unsw,44,ogni_batch_int,10,0.526,0.8429211841671693,10,320,3.0
bot->unsw,44,martingala_int,10,0.526,0.7109152529229192,1,32,3.0
bot->unsw,44,statico,11,0.579,0.6788612974318855,0,0,3.0
bot->unsw,44,ogni_batch_int,11,0.579,0.843533898789008,11,352,3.0
bot->unsw,44,martingala_int,11,0.579,0.8526806398613724,2,64,3.0
bot->unsw,44,statico,12,0.632,0.6602327005175465,0,0,3.0
bot->unsw,44,ogni_batch_int,12,0.632,0.8582766927668042,12,384,3.0
bot->unsw,44,martingala_int,12,0.632,0.8455025424838528,3,96,3.0
bot->unsw,44,statico,13,0.684,0.6363302777825492,0,0,3.0
bot->unsw,44,ogni_batch_int,13,0.684,0.8442661416041508,13,416,3.0
bot->unsw,44,martingala_int,13,0.684,0.8361236077814518,4,128,3.0
bot->unsw,44,statico,14,0.737,0.6155709039030755,0,0,3.0
bot->unsw,44,ogni_batch_int,14,0.737,0.840523360531276,14,448,3.0
bot->unsw,44,martingala_int,14,0.737,0.8300934786687884,5,160,3.0
bot->unsw,44,statico,15,0.789,0.5794495476229011,0,0,3.0
bot->unsw,44,ogni_batch_int,15,0.789,0.8283648799142147,15,480,3.0
bot->unsw,44,martingala_int,15,0.789,0.8289212260691681,6,192,3.0
bot->unsw,44,statico,16,0.842,0.5575305948476399,0,0,3.0
bot->unsw,44,ogni_batch_int,16,0.842,0.8234383889348453,16,512,3.0
bot->unsw,44,martingala_int,16,0.842,0.8221756587040081,7,224,3.0
bot->unsw,44,statico,17,0.895,0.5221604866719771,0,0,3.0
bot->unsw,44,ogni_batch_int,17,0.895,0.8006664274805602,17,544,3.0
bot->unsw,44,martingala_int,17,0.895,0.8006664274805602,8,256,3.0
bot->unsw,44,statico,18,0.947,0.4985285659162182,0,0,3.0
bot->unsw,44,ogni_batch_int,18,0.947,0.8066057935854243,18,576,3.0
bot->unsw,44,martingala_int,18,0.947,0.8066057935854243,9,288,3.0
bot->unsw,44,statico,19,1.0,0.4684033442017044,0,0,3.0
bot->unsw,44,ogni_batch_int,19,1.0,0.796508320958628,19,608,3.0
bot->unsw,44,martingala_int,19,1.0,0.796508320958628,10,320,3.0
bot->unsw,45,statico,0,0.0,0.9461,0,0,3.0
bot->unsw,45,ogni_batch_int,0,0.0,0.9461,0,0,3.0
bot->unsw,45,martingala_int,0,0.0,0.9461,0,0,3.0
bot->unsw,45,statico,1,0.053,0.8519920236614353,0,0,3.0
bot->unsw,45,ogni_batch_int,1,0.053,0.8519920236614353,1,32,3.0
bot->unsw,45,martingala_int,1,0.053,0.8519920236614353,0,0,3.0
bot->unsw,45,statico,2,0.105,0.8242332102828135,0,0,3.0
bot->unsw,45,ogni_batch_int,2,0.105,0.8064118126327101,2,64,3.0
bot->unsw,45,martingala_int,2,0.105,0.8242332102828135,0,0,3.0
bot->unsw,45,statico,3,0.158,0.8225322056543691,0,0,3.0
bot->unsw,45,ogni_batch_int,3,0.158,0.8118673687568534,3,96,3.0
bot->unsw,45,martingala_int,3,0.158,0.8225322056543691,0,0,3.0
bot->unsw,45,statico,4,0.211,0.8105483902162973,0,0,3.0
bot->unsw,45,ogni_batch_int,4,0.211,0.8719767979111673,4,128,3.0
bot->unsw,45,martingala_int,4,0.211,0.8105483902162973,0,0,3.0
bot->unsw,45,statico,5,0.263,0.7864556949001337,0,0,3.0
bot->unsw,45,ogni_batch_int,5,0.263,0.8680765891684398,5,160,3.0
bot->unsw,45,martingala_int,5,0.263,0.7864556949001337,0,0,3.0
bot->unsw,45,statico,6,0.316,0.76928061885254,0,0,3.0
bot->unsw,45,ogni_batch_int,6,0.316,0.8622284484696243,6,192,3.0
bot->unsw,45,martingala_int,6,0.316,0.76928061885254,0,0,3.0
bot->unsw,45,statico,7,0.368,0.7616781456464264,0,0,3.0
bot->unsw,45,ogni_batch_int,7,0.368,0.8529221792226133,7,224,3.0
bot->unsw,45,martingala_int,7,0.368,0.7616781456464264,0,0,3.0
bot->unsw,45,statico,8,0.421,0.7440821649827014,0,0,3.0
bot->unsw,45,ogni_batch_int,8,0.421,0.8251313744599058,8,256,3.0
bot->unsw,45,martingala_int,8,0.421,0.7440821649827014,0,0,3.0
bot->unsw,45,statico,9,0.474,0.7222711494938721,0,0,3.0
bot->unsw,45,ogni_batch_int,9,0.474,0.7987170805664159,9,288,3.0
bot->unsw,45,martingala_int,9,0.474,0.7222711494938721,0,0,3.0
bot->unsw,45,statico,10,0.526,0.7014374654782372,0,0,3.0
bot->unsw,45,ogni_batch_int,10,0.526,0.7786043570221282,10,320,3.0
bot->unsw,45,martingala_int,10,0.526,0.5629386142174221,1,32,3.0
bot->unsw,45,statico,11,0.579,0.6827183862266185,0,0,3.0
bot->unsw,45,ogni_batch_int,11,0.579,0.8562598368791559,11,352,3.0
bot->unsw,45,martingala_int,11,0.579,0.6447820523502044,2,64,3.0
bot->unsw,45,statico,12,0.632,0.6605322807090601,0,0,3.0
bot->unsw,45,ogni_batch_int,12,0.632,0.849116081243728,12,384,3.0
bot->unsw,45,martingala_int,12,0.632,0.8319742587798076,3,96,3.0
bot->unsw,45,statico,13,0.684,0.6339581166655526,0,0,3.0
bot->unsw,45,ogni_batch_int,13,0.684,0.8590685107087801,13,416,3.0
bot->unsw,45,martingala_int,13,0.684,0.8343477146626562,4,128,3.0
bot->unsw,45,statico,14,0.737,0.6078003899582719,0,0,3.0
bot->unsw,45,ogni_batch_int,14,0.737,0.8462572521480369,14,448,3.0
bot->unsw,45,martingala_int,14,0.737,0.8219652312798068,5,160,3.0
bot->unsw,45,statico,15,0.789,0.5809913310961968,0,0,3.0
bot->unsw,45,ogni_batch_int,15,0.789,0.8293401861347811,15,480,3.0
bot->unsw,45,martingala_int,15,0.789,0.7953687818917627,6,192,3.0
bot->unsw,45,statico,16,0.842,0.5504093704704822,0,0,3.0
bot->unsw,45,ogni_batch_int,16,0.842,0.8042283808825118,16,512,3.0
bot->unsw,45,martingala_int,16,0.842,0.792950126485207,7,224,3.0
bot->unsw,45,statico,17,0.895,0.5235959625410977,0,0,3.0
bot->unsw,45,ogni_batch_int,17,0.895,0.7708298965314837,17,544,3.0
bot->unsw,45,martingala_int,17,0.895,0.7708298965314837,8,256,3.0
bot->unsw,45,statico,18,0.947,0.4943432847912716,0,0,3.0
bot->unsw,45,ogni_batch_int,18,0.947,0.7755983395242847,18,576,3.0
bot->unsw,45,martingala_int,18,0.947,0.7755983395242847,9,288,3.0
bot->unsw,45,statico,19,1.0,0.46979715441387027,0,0,3.0
bot->unsw,45,ogni_batch_int,19,1.0,0.7748949375480618,19,608,3.0
bot->unsw,45,martingala_int,19,1.0,0.7748949375480618,10,320,3.0
bot->unsw,46,statico,0,0.0,0.94785,0,0,3.0
bot->unsw,46,ogni_batch_int,0,0.0,0.94785,0,0,3.0
bot->unsw,46,martingala_int,0,0.0,0.94785,0,0,3.0
bot->unsw,46,statico,1,0.053,0.8771222416472109,0,0,3.0
bot->unsw,46,ogni_batch_int,1,0.053,0.8771222416472109,1,32,3.0
bot->unsw,46,martingala_int,1,0.053,0.8771222416472109,0,0,3.0
bot->unsw,46,statico,2,0.105,0.8328441575379602,0,0,3.0
bot->unsw,46,ogni_batch_int,2,0.105,0.8175919508575038,2,64,3.0
bot->unsw,46,martingala_int,2,0.105,0.8328441575379602,0,0,3.0
bot->unsw,46,statico,3,0.158,0.8322563559322034,0,0,3.0
bot->unsw,46,ogni_batch_int,3,0.158,0.8542259382566586,3,96,3.0
bot->unsw,46,martingala_int,3,0.158,0.8322563559322034,0,0,3.0
bot->unsw,46,statico,4,0.211,0.8148949866399284,0,0,3.0
bot->unsw,46,ogni_batch_int,4,0.211,0.8419179862339077,4,128,3.0
bot->unsw,46,martingala_int,4,0.211,0.8148949866399284,0,0,3.0
bot->unsw,46,statico,5,0.263,0.7975196659591084,0,0,3.0
bot->unsw,46,ogni_batch_int,5,0.263,0.8322602855205915,5,160,3.0
bot->unsw,46,martingala_int,5,0.263,0.7975196659591084,0,0,3.0
bot->unsw,46,statico,6,0.316,0.7774039254394856,0,0,3.0
bot->unsw,46,ogni_batch_int,6,0.316,0.8105096254310121,6,192,3.0
bot->unsw,46,martingala_int,6,0.316,0.7774039254394856,0,0,3.0
bot->unsw,46,statico,7,0.368,0.7610070966031399,0,0,3.0
bot->unsw,46,ogni_batch_int,7,0.368,0.8086660367677216,7,224,3.0
bot->unsw,46,martingala_int,7,0.368,0.7610070966031399,0,0,3.0
bot->unsw,46,statico,8,0.421,0.7444916099666212,0,0,3.0
bot->unsw,46,ogni_batch_int,8,0.421,0.7942956788885179,8,256,3.0
bot->unsw,46,martingala_int,8,0.421,0.7444916099666212,0,0,3.0
bot->unsw,46,statico,9,0.474,0.7164383702909269,0,0,3.0
bot->unsw,46,ogni_batch_int,9,0.474,0.8181931860305038,9,288,3.0
bot->unsw,46,martingala_int,9,0.474,0.7164383702909269,0,0,3.0
bot->unsw,46,statico,10,0.526,0.7032311003221616,0,0,3.0
bot->unsw,46,ogni_batch_int,10,0.526,0.8211390380180869,10,320,3.0
bot->unsw,46,martingala_int,10,0.526,0.7032311003221616,0,0,3.0
bot->unsw,46,statico,11,0.579,0.6760540014433001,0,0,3.0
bot->unsw,46,ogni_batch_int,11,0.579,0.8169293918744147,11,352,3.0
bot->unsw,46,martingala_int,11,0.579,0.8293272372767824,1,32,3.0
bot->unsw,46,statico,12,0.632,0.6597377511135352,0,0,3.0
bot->unsw,46,ogni_batch_int,12,0.632,0.8345025452231616,12,384,3.0
bot->unsw,46,martingala_int,12,0.632,0.809264498681938,2,64,3.0
bot->unsw,46,statico,13,0.684,0.6381616278972209,0,0,3.0
bot->unsw,46,ogni_batch_int,13,0.684,0.8124274951560285,13,416,3.0
bot->unsw,46,martingala_int,13,0.684,0.810393848119843,3,96,3.0
bot->unsw,46,statico,14,0.737,0.6109960140890436,0,0,3.0
bot->unsw,46,ogni_batch_int,14,0.737,0.8007889679694105,14,448,3.0
bot->unsw,46,martingala_int,14,0.737,0.7990800431729723,4,128,3.0
bot->unsw,46,statico,15,0.789,0.5828073797051848,0,0,3.0
bot->unsw,46,ogni_batch_int,15,0.789,0.7963026980124497,15,480,3.0
bot->unsw,46,martingala_int,15,0.789,0.793840386015287,5,160,3.0
bot->unsw,46,statico,16,0.842,0.555770795579658,0,0,3.0
bot->unsw,46,ogni_batch_int,16,0.842,0.7686699503975494,16,512,3.0
bot->unsw,46,martingala_int,16,0.842,0.778302010458267,6,192,3.0
bot->unsw,46,statico,17,0.895,0.5252127383377662,0,0,3.0
bot->unsw,46,ogni_batch_int,17,0.895,0.759348718770478,17,544,3.0
bot->unsw,46,martingala_int,17,0.895,0.7622715492507535,7,224,3.0
bot->unsw,46,statico,18,0.947,0.496656156720412,0,0,3.0
bot->unsw,46,ogni_batch_int,18,0.947,0.748139249853652,18,576,3.0
bot->unsw,46,martingala_int,18,0.947,0.7511326232061966,8,256,3.0
bot->unsw,46,statico,19,1.0,0.4656003609133957,0,0,3.0
bot->unsw,46,ogni_batch_int,19,1.0,0.7478513647583571,19,608,3.0
bot->unsw,46,martingala_int,19,1.0,0.7480804373777171,9,288,3.0
bot->unsw,47,statico,0,0.0,0.93045,0,0,3.0
bot->unsw,47,ogni_batch_int,0,0.0,0.93045,0,0,3.0
bot->unsw,47,martingala_int,0,0.0,0.93045,0,0,3.0
bot->unsw,47,statico,1,0.053,0.8522205942401461,0,0,3.0
bot->unsw,47,ogni_batch_int,1,0.053,0.8522205942401461,1,32,3.0
bot->unsw,47,martingala_int,1,0.053,0.8522205942401461,0,0,3.0
bot->unsw,47,statico,2,0.105,0.8390873259933532,0,0,3.0
bot->unsw,47,ogni_batch_int,2,0.105,0.8390873259933532,2,64,3.0
bot->unsw,47,martingala_int,2,0.105,0.8390873259933532,0,0,3.0
bot->unsw,47,statico,3,0.158,0.8215059790235858,0,0,3.0
bot->unsw,47,ogni_batch_int,3,0.158,0.8215059790235858,3,96,3.0
bot->unsw,47,martingala_int,3,0.158,0.8215059790235858,0,0,3.0
bot->unsw,47,statico,4,0.211,0.7985120907827529,0,0,3.0
bot->unsw,47,ogni_batch_int,4,0.211,0.7985120907827529,4,128,3.0
bot->unsw,47,martingala_int,4,0.211,0.7985120907827529,0,0,3.0
bot->unsw,47,statico,5,0.263,0.7864277406222739,0,0,3.0
bot->unsw,47,ogni_batch_int,5,0.263,0.7864277406222739,5,160,3.0
bot->unsw,47,martingala_int,5,0.263,0.7864277406222739,0,0,3.0
bot->unsw,47,statico,6,0.316,0.7712432973692931,0,0,3.0
bot->unsw,47,ogni_batch_int,6,0.316,0.6202991135769556,6,192,3.0
bot->unsw,47,martingala_int,6,0.316,0.7712432973692931,0,0,3.0
bot->unsw,47,statico,7,0.368,0.7499609380954558,0,0,3.0
bot->unsw,47,ogni_batch_int,7,0.368,0.8183155467419427,7,224,3.0
bot->unsw,47,martingala_int,7,0.368,0.7499609380954558,0,0,3.0
bot->unsw,47,statico,8,0.421,0.7334318509128502,0,0,3.0
bot->unsw,47,ogni_batch_int,8,0.421,0.8270281191657438,8,256,3.0
bot->unsw,47,martingala_int,8,0.421,0.7334318509128502,0,0,3.0
bot->unsw,47,statico,9,0.474,0.7193719782102419,0,0,3.0
bot->unsw,47,ogni_batch_int,9,0.474,0.8280634719201941,9,288,3.0
bot->unsw,47,martingala_int,9,0.474,0.7193719782102419,0,0,3.0
bot->unsw,47,statico,10,0.526,0.6991900233746347,0,0,3.0
bot->unsw,47,ogni_batch_int,10,0.526,0.8045683886728943,10,320,3.0
bot->unsw,47,martingala_int,10,0.526,0.7501298060544268,1,32,3.0
bot->unsw,47,statico,11,0.579,0.6706542224344176,0,0,3.0
bot->unsw,47,ogni_batch_int,11,0.579,0.7877631838449888,11,352,3.0
bot->unsw,47,martingala_int,11,0.579,0.819553590303649,2,64,3.0
bot->unsw,47,statico,12,0.632,0.6515322470684484,0,0,3.0
bot->unsw,47,ogni_batch_int,12,0.632,0.7611006953913281,12,384,3.0
bot->unsw,47,martingala_int,12,0.632,0.8179279156440323,3,96,3.0
bot->unsw,47,statico,13,0.684,0.6331791108949004,0,0,3.0
bot->unsw,47,ogni_batch_int,13,0.684,0.7161472077397499,13,416,3.0
bot->unsw,47,martingala_int,13,0.684,0.8019389301621069,4,128,3.0
bot->unsw,47,statico,14,0.737,0.604865831842576,0,0,3.0
bot->unsw,47,ogni_batch_int,14,0.737,0.7217602862254024,14,448,3.0
bot->unsw,47,martingala_int,14,0.737,0.8174939375869608,5,160,3.0
bot->unsw,47,statico,15,0.789,0.5878027516270391,0,0,3.0
bot->unsw,47,ogni_batch_int,15,0.789,0.8018752055307856,15,480,3.0
bot->unsw,47,martingala_int,15,0.789,0.8114474720669322,6,192,3.0
bot->unsw,47,statico,16,0.842,0.555609553109875,0,0,3.0
bot->unsw,47,ogni_batch_int,16,0.842,0.8023716341356242,16,512,3.0
bot->unsw,47,martingala_int,16,0.842,0.8079845718988736,7,224,3.0
bot->unsw,47,statico,17,0.895,0.5278066843834044,0,0,3.0
bot->unsw,47,ogni_batch_int,17,0.895,0.7873033366712281,17,544,3.0
bot->unsw,47,martingala_int,17,0.895,0.7870902862138114,8,256,3.0
bot->unsw,47,statico,18,0.947,0.49759583089966386,0,0,3.0
bot->unsw,47,ogni_batch_int,18,0.947,0.7816541822116183,18,576,3.0
bot->unsw,47,martingala_int,18,0.947,0.7816541822116183,9,288,3.0
bot->unsw,47,statico,19,1.0,0.46696558157207907,0,0,3.0
bot->unsw,47,ogni_batch_int,19,1.0,0.7719523501039207,19,608,3.0
bot->unsw,47,martingala_int,19,1.0,0.7719523501039207,10,320,3.0
bot->unsw,48,statico,0,0.0,0.94385,0,0,3.0
bot->unsw,48,ogni_batch_int,0,0.0,0.94385,0,0,3.0
bot->unsw,48,martingala_int,0,0.0,0.94385,0,0,3.0
bot->unsw,48,statico,1,0.053,0.8400687402921488,0,0,3.0
bot->unsw,48,ogni_batch_int,1,0.053,0.8400687402921488,1,32,3.0
bot->unsw,48,martingala_int,1,0.053,0.8400687402921488,0,0,3.0
bot->unsw,48,statico,2,0.105,0.8475560257163222,0,0,3.0
bot->unsw,48,ogni_batch_int,2,0.105,0.8475560257163222,2,64,3.0
bot->unsw,48,martingala_int,2,0.105,0.8475560257163222,0,0,3.0
bot->unsw,48,statico,3,0.158,0.8261031648690589,0,0,3.0
bot->unsw,48,ogni_batch_int,3,0.158,0.8215185811947234,3,96,3.0
bot->unsw,48,martingala_int,3,0.158,0.8261031648690589,0,0,3.0
bot->unsw,48,statico,4,0.211,0.8053596421768541,0,0,3.0
bot->unsw,48,ogni_batch_int,4,0.211,0.8172280846129215,4,128,3.0
bot->unsw,48,martingala_int,4,0.211,0.8053596421768541,0,0,3.0
bot->unsw,48,statico,5,0.263,0.792736745975956,0,0,3.0
bot->unsw,48,ogni_batch_int,5,0.263,0.827565686412957,5,160,3.0
bot->unsw,48,martingala_int,5,0.263,0.792736745975956,0,0,3.0
bot->unsw,48,statico,6,0.316,0.778319562750821,0,0,3.0
bot->unsw,48,ogni_batch_int,6,0.316,0.7802418940164517,6,192,3.0
bot->unsw,48,martingala_int,6,0.316,0.778319562750821,0,0,3.0
bot->unsw,48,statico,7,0.368,0.7619522498964123,0,0,3.0
bot->unsw,48,ogni_batch_int,7,0.368,0.8027591216042993,7,224,3.0
bot->unsw,48,martingala_int,7,0.368,0.7619522498964123,0,0,3.0
bot->unsw,48,statico,8,0.421,0.7441858734292519,0,0,3.0
bot->unsw,48,ogni_batch_int,8,0.421,0.8112020597536643,8,256,3.0
bot->unsw,48,martingala_int,8,0.421,0.7441858734292519,0,0,3.0
bot->unsw,48,statico,9,0.474,0.7301372167394666,0,0,3.0
bot->unsw,48,ogni_batch_int,9,0.474,0.8098036334951377,9,288,3.0
bot->unsw,48,martingala_int,9,0.474,0.7301372167394666,0,0,3.0
bot->unsw,48,statico,10,0.526,0.7038014021891293,0,0,3.0
bot->unsw,48,ogni_batch_int,10,0.526,0.7966071165939621,10,320,3.0
bot->unsw,48,martingala_int,10,0.526,0.7038014021891293,0,0,3.0
bot->unsw,48,statico,11,0.579,0.6816497787447849,0,0,3.0
bot->unsw,48,ogni_batch_int,11,0.579,0.7888726490503623,11,352,3.0
bot->unsw,48,martingala_int,11,0.579,0.739217092730561,1,32,3.0
bot->unsw,48,statico,12,0.632,0.6616262635876743,0,0,3.0
bot->unsw,48,ogni_batch_int,12,0.632,0.7770386798403901,12,384,3.0
bot->unsw,48,martingala_int,12,0.632,0.754852638695898,2,64,3.0
bot->unsw,48,statico,13,0.684,0.6413101746619584,0,0,3.0
bot->unsw,48,ogni_batch_int,13,0.684,0.846160500619422,13,416,3.0
bot->unsw,48,martingala_int,13,0.684,0.8346515891500079,3,96,3.0
bot->unsw,48,statico,14,0.737,0.6175162184469992,0,0,3.0
bot->unsw,48,ogni_batch_int,14,0.737,0.8469657882396503,14,448,3.0
bot->unsw,48,martingala_int,14,0.737,0.8266263000913867,4,128,3.0
bot->unsw,48,statico,15,0.789,0.5910284250692084,0,0,3.0
bot->unsw,48,ogni_batch_int,15,0.789,0.8321776070522525,15,480,3.0
bot->unsw,48,martingala_int,15,0.789,0.8383995415743584,5,160,3.0
bot->unsw,48,statico,16,0.842,0.560112561074861,0,0,3.0
bot->unsw,48,ogni_batch_int,16,0.842,0.8211904402059431,16,512,3.0
bot->unsw,48,martingala_int,16,0.842,0.8241397234019122,6,192,3.0
bot->unsw,48,statico,17,0.895,0.5350003532724439,0,0,3.0
bot->unsw,48,ogni_batch_int,17,0.895,0.8150807259483996,17,544,3.0
bot->unsw,48,martingala_int,17,0.895,0.8152964320943725,7,224,3.0
bot->unsw,48,statico,18,0.947,0.5050234386274783,0,0,3.0
bot->unsw,48,ogni_batch_int,18,0.947,0.7868625144565702,18,576,3.0
bot->unsw,48,martingala_int,18,0.947,0.7868625144565702,8,256,3.0
bot->unsw,48,statico,19,1.0,0.4657359886174782,0,0,3.0
bot->unsw,48,ogni_batch_int,19,1.0,0.7795032110165454,19,608,3.0
bot->unsw,48,martingala_int,19,1.0,0.7795032110165454,9,288,3.0
bot->unsw,49,statico,0,0.0,0.9446,0,0,3.0
bot->unsw,49,ogni_batch_int,0,0.0,0.9446,0,0,3.0
bot->unsw,49,martingala_int,0,0.0,0.9446,0,0,3.0
bot->unsw,49,statico,1,0.053,0.8716732808586802,0,0,3.0
bot->unsw,49,ogni_batch_int,1,0.053,0.8716732808586802,1,32,3.0
bot->unsw,49,martingala_int,1,0.053,0.8716732808586802,0,0,3.0
bot->unsw,49,statico,2,0.105,0.8408242989787895,0,0,3.0
bot->unsw,49,ogni_batch_int,2,0.105,0.8408242989787895,2,64,3.0
bot->unsw,49,martingala_int,2,0.105,0.8408242989787895,0,0,3.0
bot->unsw,49,statico,3,0.158,0.848672843673424,0,0,3.0
bot->unsw,49,ogni_batch_int,3,0.158,0.7784991209709353,3,96,3.0
bot->unsw,49,martingala_int,3,0.158,0.848672843673424,0,0,3.0
bot->unsw,49,statico,4,0.211,0.8266607211384722,0,0,3.0
bot->unsw,49,ogni_batch_int,4,0.211,0.7930096098197252,4,128,3.0
bot->unsw,49,martingala_int,4,0.211,0.8266607211384722,0,0,3.0
bot->unsw,49,statico,5,0.263,0.8117657705789577,0,0,3.0
bot->unsw,49,ogni_batch_int,5,0.263,0.7902936163646562,5,160,3.0
bot->unsw,49,martingala_int,5,0.263,0.8117657705789577,0,0,3.0
bot->unsw,49,statico,6,0.316,0.8018630256294326,0,0,3.0
bot->unsw,49,ogni_batch_int,6,0.316,0.8465914270538926,6,192,3.0
bot->unsw,49,martingala_int,6,0.316,0.8018630256294326,0,0,3.0
bot->unsw,49,statico,7,0.368,0.7835893155087956,0,0,3.0
bot->unsw,49,ogni_batch_int,7,0.368,0.876150067472103,7,224,3.0
bot->unsw,49,martingala_int,7,0.368,0.7835893155087956,0,0,3.0
bot->unsw,49,statico,8,0.421,0.7759777786243314,0,0,3.0
bot->unsw,49,ogni_batch_int,8,0.421,0.8018270424831343,8,256,3.0
bot->unsw,49,martingala_int,8,0.421,0.7759777786243314,0,0,3.0
bot->unsw,49,statico,9,0.474,0.7628049719079504,0,0,3.0
bot->unsw,49,ogni_batch_int,9,0.474,0.7889093844649382,9,288,3.0
bot->unsw,49,martingala_int,9,0.474,0.7628049719079504,0,0,3.0
bot->unsw,49,statico,10,0.526,0.7417475938684321,0,0,3.0
bot->unsw,49,ogni_batch_int,10,0.526,0.7726795143806975,10,320,3.0
bot->unsw,49,martingala_int,10,0.526,0.7417475938684321,0,0,3.0
bot->unsw,49,statico,11,0.579,0.7283259152380719,0,0,3.0
bot->unsw,49,ogni_batch_int,11,0.579,0.8567423149348268,11,352,3.0
bot->unsw,49,martingala_int,11,0.579,0.7283259152380719,0,0,3.0
bot->unsw,49,statico,12,0.632,0.7084919068588718,0,0,3.0
bot->unsw,49,ogni_batch_int,12,0.632,0.7951190739123366,12,384,3.0
bot->unsw,49,martingala_int,12,0.632,0.7084919068588718,0,0,3.0
bot->unsw,49,statico,13,0.684,0.6825512056443956,0,0,3.0
bot->unsw,49,ogni_batch_int,13,0.684,0.8328307368969404,13,416,3.0
bot->unsw,49,martingala_int,13,0.684,0.777279070971618,1,32,3.0
bot->unsw,49,statico,14,0.737,0.6661421192535666,0,0,3.0
bot->unsw,49,ogni_batch_int,14,0.737,0.8173109065942421,14,448,3.0
bot->unsw,49,martingala_int,14,0.737,0.7745114567119238,2,64,3.0
bot->unsw,49,statico,15,0.789,0.6452360050381405,0,0,3.0
bot->unsw,49,ogni_batch_int,15,0.789,0.8026628839043243,15,480,3.0
bot->unsw,49,martingala_int,15,0.789,0.7973742092811811,3,96,3.0
bot->unsw,49,statico,16,0.842,0.6280287245224023,0,0,3.0
bot->unsw,49,ogni_batch_int,16,0.842,0.7971378942317051,16,512,3.0
bot->unsw,49,martingala_int,16,0.842,0.7805324669837195,4,128,3.0
bot->unsw,49,statico,17,0.895,0.6013989111438239,0,0,3.0
bot->unsw,49,ogni_batch_int,17,0.895,0.7896200486901135,17,544,3.0
bot->unsw,49,martingala_int,17,0.895,0.7896858054976519,5,160,3.0
bot->unsw,49,statico,18,0.947,0.5762876066587249,0,0,3.0
bot->unsw,49,ogni_batch_int,18,0.947,0.786330937881214,18,576,3.0
bot->unsw,49,martingala_int,18,0.947,0.7858817279968704,6,192,3.0
bot->unsw,49,statico,19,1.0,0.5565533248995467,0,0,3.0
bot->unsw,49,ogni_batch_int,19,1.0,0.7809490058976217,19,608,3.0
bot->unsw,49,martingala_int,19,1.0,0.799613258958674,7,224,3.0
bot->unsw,50,statico,0,0.0,0.923,0,0,3.0
bot->unsw,50,ogni_batch_int,0,0.0,0.923,0,0,3.0
bot->unsw,50,martingala_int,0,0.0,0.923,0,0,3.0
bot->unsw,50,statico,1,0.053,0.8286808466223948,0,0,3.0
bot->unsw,50,ogni_batch_int,1,0.053,0.8286808466223948,1,32,3.0
bot->unsw,50,martingala_int,1,0.053,0.8286808466223948,0,0,3.0
bot->unsw,50,statico,2,0.105,0.8287295116672108,0,0,3.0
bot->unsw,50,ogni_batch_int,2,0.105,0.8287295116672108,2,64,3.0
bot->unsw,50,martingala_int,2,0.105,0.8287295116672108,0,0,3.0
bot->unsw,50,statico,3,0.158,0.8105047153603553,0,0,3.0
bot->unsw,50,ogni_batch_int,3,0.158,0.8105047153603553,3,96,3.0
bot->unsw,50,martingala_int,3,0.158,0.8105047153603553,0,0,3.0
bot->unsw,50,statico,4,0.211,0.7896559239289365,0,0,3.0
bot->unsw,50,ogni_batch_int,4,0.211,0.5807875855706529,4,128,3.0
bot->unsw,50,martingala_int,4,0.211,0.7896559239289365,0,0,3.0
bot->unsw,50,statico,5,0.263,0.77443145540358,0,0,3.0
bot->unsw,50,ogni_batch_int,5,0.263,0.6838370205769693,5,160,3.0
bot->unsw,50,martingala_int,5,0.263,0.77443145540358,0,0,3.0
bot->unsw,50,statico,6,0.316,0.7544907579122319,0,0,3.0
bot->unsw,50,ogni_batch_int,6,0.316,0.7505616381759025,6,192,3.0
bot->unsw,50,martingala_int,6,0.316,0.7544907579122319,0,0,3.0
bot->unsw,50,statico,7,0.368,0.7450642595689172,0,0,3.0
bot->unsw,50,ogni_batch_int,7,0.368,0.7854298825219144,7,224,3.0
bot->unsw,50,martingala_int,7,0.368,0.7450642595689172,0,0,3.0
bot->unsw,50,statico,8,0.421,0.7310571351275875,0,0,3.0
bot->unsw,50,ogni_batch_int,8,0.421,0.8237458796483301,8,256,3.0
bot->unsw,50,martingala_int,8,0.421,0.7310571351275875,0,0,3.0
bot->unsw,50,statico,9,0.474,0.7177317561821778,0,0,3.0
bot->unsw,50,ogni_batch_int,9,0.474,0.7776858076645164,9,288,3.0
bot->unsw,50,martingala_int,9,0.474,0.7177317561821778,0,0,3.0
bot->unsw,50,statico,10,0.526,0.6887095075812757,0,0,3.0
bot->unsw,50,ogni_batch_int,10,0.526,0.8092408724315169,10,320,3.0
bot->unsw,50,martingala_int,10,0.526,0.6887095075812757,0,0,3.0
bot->unsw,50,statico,11,0.579,0.6736952240120078,0,0,3.0
bot->unsw,50,ogni_batch_int,11,0.579,0.7995511155244073,11,352,3.0
bot->unsw,50,martingala_int,11,0.579,0.8636616221054831,1,32,3.0
bot->unsw,50,statico,12,0.632,0.6407070235119714,0,0,3.0
bot->unsw,50,ogni_batch_int,12,0.632,0.8453216476381542,12,384,3.0
bot->unsw,50,martingala_int,12,0.632,0.8118538959669986,2,64,3.0
bot->unsw,50,statico,13,0.684,0.6291611689410956,0,0,3.0
bot->unsw,50,ogni_batch_int,13,0.684,0.8522737349346219,13,416,3.0
bot->unsw,50,martingala_int,13,0.684,0.8298132677592498,3,96,3.0
bot->unsw,50,statico,14,0.737,0.6025264372880089,0,0,3.0
bot->unsw,50,ogni_batch_int,14,0.737,0.8391824504586671,14,448,3.0
bot->unsw,50,martingala_int,14,0.737,0.8237353965303355,4,128,3.0
bot->unsw,50,statico,15,0.789,0.5822342830251185,0,0,3.0
bot->unsw,50,ogni_batch_int,15,0.789,0.8335275915904314,15,480,3.0
bot->unsw,50,martingala_int,15,0.789,0.8163711538741403,5,160,3.0
bot->unsw,50,statico,16,0.842,0.5561517782165074,0,0,3.0
bot->unsw,50,ogni_batch_int,16,0.842,0.8105110872681218,16,512,3.0
bot->unsw,50,martingala_int,16,0.842,0.7896566215460915,6,192,3.0
bot->unsw,50,statico,17,0.895,0.528471362501495,0,0,3.0
bot->unsw,50,ogni_batch_int,17,0.895,0.8015799412282985,17,544,3.0
bot->unsw,50,martingala_int,17,0.895,0.7702355368056149,7,224,3.0
bot->unsw,50,statico,18,0.947,0.5031600512065945,0,0,3.0
bot->unsw,50,ogni_batch_int,18,0.947,0.7988947014588292,18,576,3.0
bot->unsw,50,martingala_int,18,0.947,0.7652877275490375,8,256,3.0
bot->unsw,50,statico,19,1.0,0.46749704319104457,0,0,3.0
bot->unsw,50,ogni_batch_int,19,1.0,0.7889281345121555,19,608,3.0
bot->unsw,50,martingala_int,19,1.0,0.7717510236840621,9,288,3.0
bot->unsw,51,statico,0,0.0,0.94685,0,0,3.0
bot->unsw,51,ogni_batch_int,0,0.0,0.94685,0,0,3.0
bot->unsw,51,martingala_int,0,0.0,0.94685,0,0,3.0
bot->unsw,51,statico,1,0.053,0.8777292945559136,0,0,3.0
bot->unsw,51,ogni_batch_int,1,0.053,0.8777292945559136,1,32,3.0
bot->unsw,51,martingala_int,1,0.053,0.8777292945559136,0,0,3.0
bot->unsw,51,statico,2,0.105,0.8482812485014308,0,0,3.0
bot->unsw,51,ogni_batch_int,2,0.105,0.7142835802492391,2,64,3.0
bot->unsw,51,martingala_int,2,0.105,0.8482812485014308,0,0,3.0
bot->unsw,51,statico,3,0.158,0.8314121178345506,0,0,3.0
bot->unsw,51,ogni_batch_int,3,0.158,0.7185827339431954,3,96,3.0
bot->unsw,51,martingala_int,3,0.158,0.8314121178345506,0,0,3.0
bot->unsw,51,statico,4,0.211,0.8168601529845814,0,0,3.0
bot->unsw,51,ogni_batch_int,4,0.211,0.8927998958052559,4,128,3.0
bot->unsw,51,martingala_int,4,0.211,0.8168601529845814,0,0,3.0
bot->unsw,51,statico,5,0.263,0.7963728878522311,0,0,3.0
bot->unsw,51,ogni_batch_int,5,0.263,0.8425764686936873,5,160,3.0
bot->unsw,51,martingala_int,5,0.263,0.7963728878522311,0,0,3.0
bot->unsw,51,statico,6,0.316,0.7810139187634855,0,0,3.0
bot->unsw,51,ogni_batch_int,6,0.316,0.8634030983388471,6,192,3.0
bot->unsw,51,martingala_int,6,0.316,0.7810139187634855,0,0,3.0
bot->unsw,51,statico,7,0.368,0.7685048212243508,0,0,3.0
bot->unsw,51,ogni_batch_int,7,0.368,0.8529044085031251,7,224,3.0
bot->unsw,51,martingala_int,7,0.368,0.7685048212243508,0,0,3.0
bot->unsw,51,statico,8,0.421,0.7470633963363954,0,0,3.0
bot->unsw,51,ogni_batch_int,8,0.421,0.8387866339097463,8,256,3.0
bot->unsw,51,martingala_int,8,0.421,0.7599410723478147,1,32,3.0
bot->unsw,51,statico,9,0.474,0.7281947475172197,0,0,3.0
bot->unsw,51,ogni_batch_int,9,0.474,0.8173028187312326,9,288,3.0
bot->unsw,51,martingala_int,9,0.474,0.781611710217786,2,64,3.0
bot->unsw,51,statico,10,0.526,0.709860096576316,0,0,3.0
bot->unsw,51,ogni_batch_int,10,0.526,0.881406690162529,10,320,3.0
bot->unsw,51,martingala_int,10,0.526,0.7854589515232565,3,96,3.0
bot->unsw,51,statico,11,0.579,0.6891829204404649,0,0,3.0
bot->unsw,51,ogni_batch_int,11,0.579,0.8637326383807478,11,352,3.0
bot->unsw,51,martingala_int,11,0.579,0.7338929235951057,4,128,3.0
bot->unsw,51,statico,12,0.632,0.6647414678045631,0,0,3.0
bot->unsw,51,ogni_batch_int,12,0.632,0.8537224072990688,12,384,3.0
bot->unsw,51,martingala_int,12,0.632,0.7430993254363294,5,160,3.0
bot->unsw,51,statico,13,0.684,0.6356370528237034,0,0,3.0
bot->unsw,51,ogni_batch_int,13,0.684,0.8259871528837335,13,416,3.0
bot->unsw,51,martingala_int,13,0.684,0.7707850533616541,6,192,3.0
bot->unsw,51,statico,14,0.737,0.6192113178447054,0,0,3.0
bot->unsw,51,ogni_batch_int,14,0.737,0.808814413866985,14,448,3.0
bot->unsw,51,martingala_int,14,0.737,0.7514012196336359,7,224,3.0
bot->unsw,51,statico,15,0.789,0.5856842105263158,0,0,3.0
bot->unsw,51,ogni_batch_int,15,0.789,0.8093623188405797,15,480,3.0
bot->unsw,51,martingala_int,15,0.789,0.7302898550724638,8,256,3.0
bot->unsw,51,statico,16,0.842,0.5626481152094138,0,0,3.0
bot->unsw,51,ogni_batch_int,16,0.842,0.7946865242528283,16,512,3.0
bot->unsw,51,martingala_int,16,0.842,0.7375828488398499,9,288,3.0
bot->unsw,51,statico,17,0.895,0.5331023798565939,0,0,3.0
bot->unsw,51,ogni_batch_int,17,0.895,0.7819297775607652,17,544,3.0
bot->unsw,51,martingala_int,17,0.895,0.7332964246216938,10,320,3.0
bot->unsw,51,statico,18,0.947,0.5033594726659061,0,0,3.0
bot->unsw,51,ogni_batch_int,18,0.947,0.7216042896931945,18,576,3.0
bot->unsw,51,martingala_int,18,0.947,0.7904742781861966,11,352,3.0
bot->unsw,51,statico,19,1.0,0.4646684315460926,0,0,3.0
bot->unsw,51,ogni_batch_int,19,1.0,0.713246572758856,19,608,3.0
bot->unsw,51,martingala_int,19,1.0,0.785959600419331,12,384,3.0
