exp,seed,politica,batch,frazione_target,bal_acc,adattamenti,etichette,ratio
ton->bot,42,statico,0,0.0,0.9704,0,0,1.0
ton->bot,42,ogni_batch_int,0,0.0,0.9704,0,0,1.0
ton->bot,42,martingala_int,0,0.0,0.9704,0,0,1.0
ton->bot,42,statico,1,0.053,0.94185,0,0,1.0
ton->bot,42,ogni_batch_int,1,0.053,0.94185,1,32,1.0
ton->bot,42,martingala_int,1,0.053,0.94185,1,32,1.0
ton->bot,42,statico,2,0.105,0.91365,0,0,1.0
ton->bot,42,ogni_batch_int,2,0.105,0.91365,2,64,1.0
ton->bot,42,martingala_int,2,0.105,0.91365,2,64,1.0
ton->bot,42,statico,3,0.158,0.88785,0,0,1.0
ton->bot,42,ogni_batch_int,3,0.158,0.88785,3,96,1.0
ton->bot,42,martingala_int,3,0.158,0.88785,3,96,1.0
ton->bot,42,statico,4,0.211,0.8604,0,0,1.0
ton->bot,42,ogni_batch_int,4,0.211,0.8604,4,128,1.0
ton->bot,42,martingala_int,4,0.211,0.8604,4,128,1.0
ton->bot,42,statico,5,0.263,0.914941494149415,0,0,1.0
ton->bot,42,ogni_batch_int,5,0.263,0.914941494149415,5,160,1.0
ton->bot,42,martingala_int,5,0.263,0.914941494149415,5,160,1.0
ton->bot,42,statico,6,0.316,0.4023951197559878,0,0,1.0
ton->bot,42,ogni_batch_int,6,0.316,0.4023951197559878,6,192,1.0
ton->bot,42,martingala_int,6,0.316,0.4023951197559878,6,192,1.0
ton->bot,42,statico,7,0.368,0.7753,0,0,1.0
ton->bot,42,ogni_batch_int,7,0.368,0.7753,7,224,1.0
ton->bot,42,martingala_int,7,0.368,0.7753,7,224,1.0
ton->bot,42,statico,8,0.421,0.8764188209410471,0,0,1.0
ton->bot,42,ogni_batch_int,8,0.421,0.8764188209410471,8,256,1.0
ton->bot,42,martingala_int,8,0.421,0.8764188209410471,8,256,1.0
ton->bot,42,statico,9,0.474,0.7215,0,0,1.0
ton->bot,42,ogni_batch_int,9,0.474,0.7215,9,288,1.0
ton->bot,42,martingala_int,9,0.474,0.7215,9,288,1.0
ton->bot,42,statico,10,0.526,0.34569228461423074,0,0,1.0
ton->bot,42,ogni_batch_int,10,0.526,0.34569228461423074,10,320,1.0
ton->bot,42,martingala_int,10,0.526,0.34569228461423074,10,320,1.0
ton->bot,42,statico,11,0.579,0.8333416670833542,0,0,1.0
ton->bot,42,ogni_batch_int,11,0.579,0.8333416670833542,11,352,1.0
ton->bot,42,martingala_int,11,0.579,0.8333416670833542,11,352,1.0
ton->bot,42,statico,12,0.632,0.31949097454872744,0,0,1.0
ton->bot,42,ogni_batch_int,12,0.632,0.31949097454872744,12,384,1.0
ton->bot,42,martingala_int,12,0.632,0.31949097454872744,12,384,1.0
ton->bot,42,statico,13,0.684,0.3067056705670567,0,0,1.0
ton->bot,42,ogni_batch_int,13,0.684,0.3067056705670567,13,416,1.0
ton->bot,42,martingala_int,13,0.684,0.3067056705670567,13,416,1.0
ton->bot,42,statico,14,0.737,0.49184796199049763,0,0,1.0
ton->bot,42,ogni_batch_int,14,0.737,0.49184796199049763,14,448,1.0
ton->bot,42,martingala_int,14,0.737,0.49184796199049763,14,448,1.0
ton->bot,42,statico,15,0.789,0.2757637881894095,0,0,1.0
ton->bot,42,ogni_batch_int,15,0.789,0.2757637881894095,15,480,1.0
ton->bot,42,martingala_int,15,0.789,0.2757637881894095,15,480,1.0
ton->bot,42,statico,16,0.842,0.26547654765476547,0,0,1.0
ton->bot,42,ogni_batch_int,16,0.842,0.26547654765476547,16,512,1.0
ton->bot,42,martingala_int,16,0.842,0.26547654765476547,16,512,1.0
ton->bot,42,statico,17,0.895,0.25161258062903147,0,0,1.0
ton->bot,42,ogni_batch_int,17,0.895,0.25161258062903147,17,544,1.0
ton->bot,42,martingala_int,17,0.895,0.25161258062903147,17,544,1.0
ton->bot,42,statico,18,0.947,0.48367336733673366,0,0,1.0
ton->bot,42,ogni_batch_int,18,0.947,0.48367336733673366,18,576,1.0
ton->bot,42,martingala_int,18,0.947,0.48367336733673366,18,576,1.0
ton->bot,42,statico,19,1.0,0.22048602430121506,0,0,1.0
ton->bot,42,ogni_batch_int,19,1.0,0.22048602430121506,19,608,1.0
ton->bot,42,martingala_int,19,1.0,0.22048602430121506,19,608,1.0
ton->bot,43,statico,0,0.0,0.9584,0,0,1.0
ton->bot,43,ogni_batch_int,0,0.0,0.9584,0,0,1.0
ton->bot,43,martingala_int,0,0.0,0.9584,0,0,1.0
ton->bot,43,statico,1,0.053,0.93195,0,0,1.0
ton->bot,43,ogni_batch_int,1,0.053,0.93195,1,32,1.0
ton->bot,43,martingala_int,1,0.053,0.93195,1,32,1.0
ton->bot,43,statico,2,0.105,0.951047552377619,0,0,1.0
ton->bot,43,ogni_batch_int,2,0.105,0.951047552377619,2,64,1.0
ton->bot,43,martingala_int,2,0.105,0.951047552377619,2,64,1.0
ton->bot,43,statico,3,0.158,0.87805,0,0,1.0
ton->bot,43,ogni_batch_int,3,0.158,0.87805,3,96,1.0
ton->bot,43,martingala_int,3,0.158,0.87805,3,96,1.0
ton->bot,43,statico,4,0.211,0.4256462823141157,0,0,1.0
ton->bot,43,ogni_batch_int,4,0.211,0.4256462823141157,4,128,1.0
ton->bot,43,martingala_int,4,0.211,0.4256462823141157,4,128,1.0
ton->bot,43,statico,5,0.263,0.82405,0,0,1.0
ton->bot,43,ogni_batch_int,5,0.263,0.82405,5,160,1.0
ton->bot,43,martingala_int,5,0.263,0.82405,5,160,1.0
ton->bot,43,statico,6,0.316,0.8981949097454873,0,0,1.0
ton->bot,43,ogni_batch_int,6,0.316,0.8981949097454873,6,192,1.0
ton->bot,43,martingala_int,6,0.316,0.8981949097454873,6,192,1.0
ton->bot,43,statico,7,0.368,0.8834941747087355,0,0,1.0
ton->bot,43,ogni_batch_int,7,0.368,0.8834941747087355,7,224,1.0
ton->bot,43,martingala_int,7,0.368,0.8834941747087355,7,224,1.0
ton->bot,43,statico,8,0.421,0.37156857842892144,0,0,1.0
ton->bot,43,ogni_batch_int,8,0.421,0.37156857842892144,8,256,1.0
ton->bot,43,martingala_int,8,0.421,0.37156857842892144,8,256,1.0
ton->bot,43,statico,9,0.474,0.35593559355935595,0,0,1.0
ton->bot,43,ogni_batch_int,9,0.474,0.35593559355935595,9,288,1.0
ton->bot,43,martingala_int,9,0.474,0.35593559355935595,9,288,1.0
ton->bot,43,statico,10,0.526,0.843867193359668,0,0,1.0
ton->bot,43,ogni_batch_int,10,0.526,0.843867193359668,10,320,1.0
ton->bot,43,martingala_int,10,0.526,0.843867193359668,10,320,1.0
ton->bot,43,statico,11,0.579,0.65925,0,0,1.0
ton->bot,43,ogni_batch_int,11,0.579,0.65925,11,352,1.0
ton->bot,43,martingala_int,11,0.579,0.65925,11,352,1.0
ton->bot,43,statico,12,0.632,0.6485806204263973,0,0,1.0
ton->bot,43,ogni_batch_int,12,0.632,0.6485806204263973,12,384,1.0
ton->bot,43,martingala_int,12,0.632,0.6485806204263973,12,384,1.0
ton->bot,43,statico,13,0.684,0.6349535763697888,0,0,1.0
ton->bot,43,ogni_batch_int,13,0.684,0.6349535763697888,13,416,1.0
ton->bot,43,martingala_int,13,0.684,0.6349535763697888,13,416,1.0
ton->bot,43,statico,14,0.737,0.58305,0,0,1.0
ton->bot,43,ogni_batch_int,14,0.737,0.58305,14,448,1.0
ton->bot,43,martingala_int,14,0.737,0.58305,14,448,1.0
ton->bot,43,statico,15,0.789,0.778002800280028,0,0,1.0
ton->bot,43,ogni_batch_int,15,0.789,0.778002800280028,15,480,1.0
ton->bot,43,martingala_int,15,0.789,0.778002800280028,15,480,1.0
ton->bot,43,statico,16,0.842,0.5125262526252625,0,0,1.0
ton->bot,43,ogni_batch_int,16,0.842,0.5125262526252625,16,512,1.0
ton->bot,43,martingala_int,16,0.842,0.5125262526252625,16,512,1.0
ton->bot,43,statico,17,0.895,0.49475,0,0,1.0
ton->bot,43,ogni_batch_int,17,0.895,0.49475,17,544,1.0
ton->bot,43,martingala_int,17,0.895,0.49475,17,544,1.0
ton->bot,43,statico,18,0.947,0.46975,0,0,1.0
ton->bot,43,ogni_batch_int,18,0.947,0.46975,18,576,1.0
ton->bot,43,martingala_int,18,0.947,0.46975,18,576,1.0
ton->bot,43,statico,19,1.0,0.7231223122312231,0,0,1.0
ton->bot,43,ogni_batch_int,19,1.0,0.7231223122312231,19,608,1.0
ton->bot,43,martingala_int,19,1.0,0.7231223122312231,19,608,1.0
ton->bot,44,statico,0,0.0,0.97955,0,0,1.0
ton->bot,44,ogni_batch_int,0,0.0,0.97955,0,0,1.0
ton->bot,44,martingala_int,0,0.0,0.97955,0,0,1.0
ton->bot,44,statico,1,0.053,0.94925,0,0,1.0
ton->bot,44,ogni_batch_int,1,0.053,0.94925,1,32,1.0
ton->bot,44,martingala_int,1,0.053,0.94925,0,0,1.0
ton->bot,44,statico,2,0.105,0.95974798739937,0,0,1.0
ton->bot,44,ogni_batch_int,2,0.105,0.95974798739937,2,64,1.0
ton->bot,44,martingala_int,2,0.105,0.95974798739937,0,0,1.0
ton->bot,44,statico,3,0.158,0.8941,0,0,1.0
ton->bot,44,ogni_batch_int,3,0.158,0.8941,3,96,1.0
ton->bot,44,martingala_int,3,0.158,0.8941,0,0,1.0
ton->bot,44,statico,4,0.211,0.86525,0,0,1.0
ton->bot,44,ogni_batch_int,4,0.211,0.86525,4,128,1.0
ton->bot,44,martingala_int,4,0.211,0.86525,0,0,1.0
ton->bot,44,statico,5,0.263,0.41862093104655235,0,0,1.0
ton->bot,44,ogni_batch_int,5,0.263,0.41862093104655235,5,160,1.0
ton->bot,44,martingala_int,5,0.263,0.41862093104655235,0,0,1.0
ton->bot,44,statico,6,0.316,0.9067203360168008,0,0,1.0
ton->bot,44,ogni_batch_int,6,0.316,0.9067203360168008,6,192,1.0
ton->bot,44,martingala_int,6,0.316,0.9067203360168008,0,0,1.0
ton->bot,44,statico,7,0.368,0.7811,0,0,1.0
ton->bot,44,ogni_batch_int,7,0.368,0.7811,7,224,1.0
ton->bot,44,martingala_int,7,0.368,0.7811,0,0,1.0
ton->bot,44,statico,8,0.421,0.7525,0,0,1.0
ton->bot,44,ogni_batch_int,8,0.421,0.7525,8,256,1.0
ton->bot,44,martingala_int,8,0.421,0.7525,0,0,1.0
ton->bot,44,statico,9,0.474,0.5618154538634659,0,0,1.0
ton->bot,44,ogni_batch_int,9,0.474,0.5618154538634659,9,288,1.0
ton->bot,44,martingala_int,9,0.474,0.5618154538634659,0,0,1.0
ton->bot,44,statico,10,0.526,0.597984798479848,0,0,1.0
ton->bot,44,ogni_batch_int,10,0.526,0.597984798479848,10,320,1.0
ton->bot,44,martingala_int,10,0.526,0.597984798479848,0,0,1.0
ton->bot,44,statico,11,0.579,0.3345417270863543,0,0,1.0
ton->bot,44,ogni_batch_int,11,0.579,0.3345417270863543,11,352,1.0
ton->bot,44,martingala_int,11,0.579,0.3345417270863543,0,0,1.0
ton->bot,44,statico,12,0.632,0.64115,0,0,1.0
ton->bot,44,ogni_batch_int,12,0.632,0.64115,12,384,1.0
ton->bot,44,martingala_int,12,0.632,0.64115,0,0,1.0
ton->bot,44,statico,13,0.684,0.5577807780778078,0,0,1.0
ton->bot,44,ogni_batch_int,13,0.684,0.5577807780778078,13,416,1.0
ton->bot,44,martingala_int,13,0.684,0.5577807780778078,0,0,1.0
ton->bot,44,statico,14,0.737,0.2913395669783489,0,0,1.0
ton->bot,44,ogni_batch_int,14,0.737,0.2913395669783489,14,448,1.0
ton->bot,44,martingala_int,14,0.737,0.2913395669783489,1,32,1.0
ton->bot,44,statico,15,0.789,0.27948897444872245,0,0,1.0
ton->bot,44,ogni_batch_int,15,0.789,0.27948897444872245,15,480,1.0
ton->bot,44,martingala_int,15,0.789,0.27948897444872245,2,64,1.0
ton->bot,44,statico,16,0.842,0.2623012301230123,0,0,1.0
ton->bot,44,ogni_batch_int,16,0.842,0.2623012301230123,16,512,1.0
ton->bot,44,martingala_int,16,0.842,0.2623012301230123,3,96,1.0
ton->bot,44,statico,17,0.895,0.5020752075207521,0,0,1.0
ton->bot,44,ogni_batch_int,17,0.895,0.5020752075207521,17,544,1.0
ton->bot,44,martingala_int,17,0.895,0.5020752075207521,4,128,1.0
ton->bot,44,statico,18,0.947,0.23426171308565427,0,0,1.0
ton->bot,44,ogni_batch_int,18,0.947,0.23426171308565427,18,576,1.0
ton->bot,44,martingala_int,18,0.947,0.23426171308565427,5,160,1.0
ton->bot,44,statico,19,1.0,0.22270840626093913,0,0,1.0
ton->bot,44,ogni_batch_int,19,1.0,0.22270840626093913,19,608,1.0
ton->bot,44,martingala_int,19,1.0,0.22270840626093913,6,192,1.0
ton->bot,45,statico,0,0.0,0.97825,0,0,1.0
ton->bot,45,ogni_batch_int,0,0.0,0.97825,0,0,1.0
ton->bot,45,martingala_int,0,0.0,0.97825,0,0,1.0
ton->bot,45,statico,1,0.053,0.9486,0,0,1.0
ton->bot,45,ogni_batch_int,1,0.053,0.9486,1,32,1.0
ton->bot,45,martingala_int,1,0.053,0.9486,1,32,1.0
ton->bot,45,statico,2,0.105,0.9168,0,0,1.0
ton->bot,45,ogni_batch_int,2,0.105,0.9168,2,64,1.0
ton->bot,45,martingala_int,2,0.105,0.9168,2,64,1.0
ton->bot,45,statico,3,0.158,0.88455,0,0,1.0
ton->bot,45,ogni_batch_int,3,0.158,0.88455,3,96,1.0
ton->bot,45,martingala_int,3,0.158,0.88455,3,96,1.0
ton->bot,45,statico,4,0.211,0.4256712835641782,0,0,1.0
ton->bot,45,ogni_batch_int,4,0.211,0.4256712835641782,4,128,1.0
ton->bot,45,martingala_int,4,0.211,0.4256712835641782,4,128,1.0
ton->bot,45,statico,5,0.263,0.6586658665866587,0,0,1.0
ton->bot,45,ogni_batch_int,5,0.263,0.6586658665866587,5,160,1.0
ton->bot,45,martingala_int,5,0.263,0.6586658665866587,5,160,1.0
ton->bot,45,statico,6,0.316,0.8927946397319866,0,0,1.0
ton->bot,45,ogni_batch_int,6,0.316,0.8927946397319866,6,192,1.0
ton->bot,45,martingala_int,6,0.316,0.8927946397319866,6,192,1.0
ton->bot,45,statico,7,0.368,0.7538,0,0,1.0
ton->bot,45,ogni_batch_int,7,0.368,0.7538,7,224,1.0
ton->bot,45,martingala_int,7,0.368,0.7538,7,224,1.0
ton->bot,45,statico,8,0.421,0.3607180359017951,0,0,1.0
ton->bot,45,ogni_batch_int,8,0.421,0.3607180359017951,8,256,1.0
ton->bot,45,martingala_int,8,0.421,0.3607180359017951,8,256,1.0
ton->bot,45,statico,9,0.474,0.343967198359918,0,0,1.0
ton->bot,45,ogni_batch_int,9,0.474,0.343967198359918,9,288,1.0
ton->bot,45,martingala_int,9,0.474,0.343967198359918,9,288,1.0
ton->bot,45,statico,10,0.526,0.32794919237885684,0,0,1.0
ton->bot,45,ogni_batch_int,10,0.526,0.32794919237885684,10,320,1.0
ton->bot,45,martingala_int,10,0.526,0.32794919237885684,10,320,1.0
ton->bot,45,statico,11,0.579,0.5618873774754951,0,0,1.0
ton->bot,45,ogni_batch_int,11,0.579,0.5618873774754951,11,352,1.0
ton->bot,45,martingala_int,11,0.579,0.5618873774754951,11,352,1.0
ton->bot,45,statico,12,0.632,0.5462796279627963,0,0,1.0
ton->bot,45,ogni_batch_int,12,0.632,0.5462796279627963,12,384,1.0
ton->bot,45,martingala_int,12,0.632,0.5462796279627963,12,384,1.0
ton->bot,45,statico,13,0.684,0.27952795279527953,0,0,1.0
ton->bot,45,ogni_batch_int,13,0.684,0.27952795279527953,13,416,1.0
ton->bot,45,martingala_int,13,0.684,0.27952795279527953,13,416,1.0
ton->bot,45,statico,14,0.737,0.26375137513751373,0,0,1.0
ton->bot,45,ogni_batch_int,14,0.737,0.26375137513751373,14,448,1.0
ton->bot,45,martingala_int,14,0.737,0.26375137513751373,14,448,1.0
ton->bot,45,statico,15,0.789,0.4970241072321696,0,0,1.0
ton->bot,45,ogni_batch_int,15,0.789,0.4970241072321696,15,480,1.0
ton->bot,45,martingala_int,15,0.789,0.4970241072321696,15,480,1.0
ton->bot,45,statico,16,0.842,0.23212142428485696,0,0,1.0
ton->bot,45,ogni_batch_int,16,0.842,0.23212142428485696,16,512,1.0
ton->bot,45,martingala_int,16,0.842,0.23212142428485696,16,512,1.0
ton->bot,45,statico,17,0.895,0.4671217121712171,0,0,1.0
ton->bot,45,ogni_batch_int,17,0.895,0.4671217121712171,17,544,1.0
ton->bot,45,martingala_int,17,0.895,0.4671217121712171,17,544,1.0
ton->bot,45,statico,18,0.947,0.19863493174658733,0,0,1.0
ton->bot,45,ogni_batch_int,18,0.947,0.19863493174658733,18,576,1.0
ton->bot,45,martingala_int,18,0.947,0.19863493174658733,18,576,1.0
ton->bot,45,statico,19,1.0,0.18351835183518353,0,0,1.0
ton->bot,45,ogni_batch_int,19,1.0,0.18351835183518353,19,608,1.0
ton->bot,45,martingala_int,19,1.0,0.18351835183518353,19,608,1.0
ton->bot,46,statico,0,0.0,0.94495,0,0,1.0
ton->bot,46,ogni_batch_int,0,0.0,0.94495,0,0,1.0
ton->bot,46,martingala_int,0,0.0,0.94495,0,0,1.0
ton->bot,46,statico,1,0.053,0.90975,0,0,1.0
ton->bot,46,ogni_batch_int,1,0.053,0.90975,1,32,1.0
ton->bot,46,martingala_int,1,0.053,0.90975,1,32,1.0
ton->bot,46,statico,2,0.105,0.8752,0,0,1.0
ton->bot,46,ogni_batch_int,2,0.105,0.8752,2,64,1.0
ton->bot,46,martingala_int,2,0.105,0.8752,2,64,1.0
ton->bot,46,statico,3,0.158,0.8403,0,0,1.0
ton->bot,46,ogni_batch_int,3,0.158,0.8403,3,96,1.0
ton->bot,46,martingala_int,3,0.158,0.8403,3,96,1.0
ton->bot,46,statico,4,0.211,0.80605,0,0,1.0
ton->bot,46,ogni_batch_int,4,0.211,0.80605,4,128,1.0
ton->bot,46,martingala_int,4,0.211,0.80605,4,128,1.0
ton->bot,46,statico,5,0.263,0.8852192609630481,0,0,1.0
ton->bot,46,ogni_batch_int,5,0.263,0.8852192609630481,5,160,1.0
ton->bot,46,martingala_int,5,0.263,0.8852192609630481,5,160,1.0
ton->bot,46,statico,6,0.316,0.8677867786778678,0,0,1.0
ton->bot,46,ogni_batch_int,6,0.316,0.8677867786778678,6,192,1.0
ton->bot,46,martingala_int,6,0.316,0.8677867786778678,6,192,1.0
ton->bot,46,statico,7,0.368,0.5999599959996,0,0,1.0
ton->bot,46,ogni_batch_int,7,0.368,0.5999599959996,7,224,1.0
ton->bot,46,martingala_int,7,0.368,0.5999599959996,7,224,1.0
ton->bot,46,statico,8,0.421,0.8343584358435844,0,0,1.0
ton->bot,46,ogni_batch_int,8,0.421,0.8343584358435844,8,256,1.0
ton->bot,46,martingala_int,8,0.421,0.8343584358435844,8,256,1.0
ton->bot,46,statico,9,0.474,0.31571578578928944,0,0,1.0
ton->bot,46,ogni_batch_int,9,0.474,0.31571578578928944,9,288,1.0
ton->bot,46,martingala_int,9,0.474,0.31571578578928944,9,288,1.0
ton->bot,46,statico,10,0.526,0.3008650432521626,0,0,1.0
ton->bot,46,ogni_batch_int,10,0.526,0.3008650432521626,10,320,1.0
ton->bot,46,martingala_int,10,0.526,0.3008650432521626,10,320,1.0
ton->bot,46,statico,11,0.579,0.7822141107055353,0,0,1.0
ton->bot,46,ogni_batch_int,11,0.579,0.7822141107055353,11,352,1.0
ton->bot,46,martingala_int,11,0.579,0.7822141107055353,11,352,1.0
ton->bot,46,statico,12,0.632,0.26338816940847043,0,0,1.0
ton->bot,46,ogni_batch_int,12,0.632,0.26338816940847043,12,384,1.0
ton->bot,46,martingala_int,12,0.632,0.26338816940847043,12,384,1.0
ton->bot,46,statico,13,0.684,0.24712471247124712,0,0,1.0
ton->bot,46,ogni_batch_int,13,0.684,0.24712471247124712,13,416,1.0
ton->bot,46,martingala_int,13,0.684,0.24712471247124712,13,416,1.0
ton->bot,46,statico,14,0.737,0.4565,0,0,1.0
ton->bot,46,ogni_batch_int,14,0.737,0.4565,14,448,1.0
ton->bot,46,martingala_int,14,0.737,0.4565,14,448,1.0
ton->bot,46,statico,15,0.789,0.21207120712071206,0,0,1.0
ton->bot,46,ogni_batch_int,15,0.789,0.21207120712071206,15,480,1.0
ton->bot,46,martingala_int,15,0.789,0.21207120712071206,15,480,1.0
ton->bot,46,statico,16,0.842,0.278616918408856,0,0,1.0
ton->bot,46,ogni_batch_int,16,0.842,0.278616918408856,16,512,1.0
ton->bot,46,martingala_int,16,0.842,0.278616918408856,16,512,1.0
ton->bot,46,statico,17,0.895,0.5085346135253621,0,0,1.0
ton->bot,46,ogni_batch_int,17,0.895,0.5085346135253621,17,544,1.0
ton->bot,46,martingala_int,17,0.895,0.5085346135253621,17,544,1.0
ton->bot,46,statico,18,0.947,0.4583145786446612,0,0,1.0
ton->bot,46,ogni_batch_int,18,0.947,0.4583145786446612,18,576,1.0
ton->bot,46,martingala_int,18,0.947,0.4583145786446612,18,576,1.0
ton->bot,46,statico,19,1.0,0.5150780156031206,0,0,1.0
ton->bot,46,ogni_batch_int,19,1.0,0.5150780156031206,19,608,1.0
ton->bot,46,martingala_int,19,1.0,0.5150780156031206,19,608,1.0
ton->bot,47,statico,0,0.0,0.95765,0,0,1.0
ton->bot,47,ogni_batch_int,0,0.0,0.95765,0,0,1.0
ton->bot,47,martingala_int,0,0.0,0.95765,0,0,1.0
ton->bot,47,statico,1,0.053,0.93375,0,0,1.0
ton->bot,47,ogni_batch_int,1,0.053,0.93375,1,32,1.0
ton->bot,47,martingala_int,1,0.053,0.93375,1,32,1.0
ton->bot,47,statico,2,0.105,0.9066,0,0,1.0
ton->bot,47,ogni_batch_int,2,0.105,0.9066,2,64,1.0
ton->bot,47,martingala_int,2,0.105,0.9066,2,64,1.0
ton->bot,47,statico,3,0.158,0.87595,0,0,1.0
ton->bot,47,ogni_batch_int,3,0.158,0.87595,3,96,1.0
ton->bot,47,martingala_int,3,0.158,0.87595,3,96,1.0
ton->bot,47,statico,4,0.211,0.8496,0,0,1.0
ton->bot,47,ogni_batch_int,4,0.211,0.8496,4,128,1.0
ton->bot,47,martingala_int,4,0.211,0.8496,4,128,1.0
ton->bot,47,statico,5,0.263,0.9112205610280514,0,0,1.0
ton->bot,47,ogni_batch_int,5,0.263,0.9112205610280514,5,160,1.0
ton->bot,47,martingala_int,5,0.263,0.9112205610280514,5,160,1.0
ton->bot,47,statico,6,0.316,0.79825,0,0,1.0
ton->bot,47,ogni_batch_int,6,0.316,0.79825,6,192,1.0
ton->bot,47,martingala_int,6,0.316,0.79825,6,192,1.0
ton->bot,47,statico,7,0.368,0.8862443122156107,0,0,1.0
ton->bot,47,ogni_batch_int,7,0.368,0.8862443122156107,7,224,1.0
ton->bot,47,martingala_int,7,0.368,0.8862443122156107,7,224,1.0
ton->bot,47,statico,8,0.421,0.8690184509225461,0,0,1.0
ton->bot,47,ogni_batch_int,8,0.421,0.8690184509225461,8,256,1.0
ton->bot,47,martingala_int,8,0.421,0.8690184509225461,8,256,1.0
ton->bot,47,statico,9,0.474,0.35734286714335717,0,0,1.0
ton->bot,47,ogni_batch_int,9,0.474,0.35734286714335717,9,288,1.0
ton->bot,47,martingala_int,9,0.474,0.35734286714335717,9,288,1.0
ton->bot,47,statico,10,0.526,0.5097681318864496,0,0,1.0
ton->bot,47,ogni_batch_int,10,0.526,0.5097681318864496,10,320,1.0
ton->bot,47,martingala_int,10,0.526,0.5097681318864496,10,320,1.0
ton->bot,47,statico,11,0.579,0.45591618323664734,0,0,1.0
ton->bot,47,ogni_batch_int,11,0.579,0.45591618323664734,11,352,1.0
ton->bot,47,martingala_int,11,0.579,0.45591618323664734,11,352,1.0
ton->bot,47,statico,12,0.632,0.8169908495424771,0,0,1.0
ton->bot,47,ogni_batch_int,12,0.632,0.8169908495424771,12,384,1.0
ton->bot,47,martingala_int,12,0.632,0.8169908495424771,12,384,1.0
ton->bot,47,statico,13,0.684,0.46778683469187043,0,0,1.0
ton->bot,47,ogni_batch_int,13,0.684,0.46778683469187043,13,416,1.0
ton->bot,47,martingala_int,13,0.684,0.46778683469187043,13,416,1.0
ton->bot,47,statico,14,0.737,0.2892894644732237,0,0,1.0
ton->bot,47,ogni_batch_int,14,0.737,0.2892894644732237,14,448,1.0
ton->bot,47,martingala_int,14,0.737,0.2892894644732237,14,448,1.0
ton->bot,47,statico,15,0.789,0.6487297459491899,0,0,1.0
ton->bot,47,ogni_batch_int,15,0.789,0.6487297459491899,15,480,1.0
ton->bot,47,martingala_int,15,0.789,0.6487297459491899,15,480,1.0
ton->bot,47,statico,16,0.842,0.6394778955791158,0,0,1.0
ton->bot,47,ogni_batch_int,16,0.842,0.6394778955791158,16,512,1.0
ton->bot,47,martingala_int,16,0.842,0.6394778955791158,16,512,1.0
ton->bot,47,statico,17,0.895,0.41390375222950104,0,0,1.0
ton->bot,47,ogni_batch_int,17,0.895,0.41390375222950104,17,544,1.0
ton->bot,47,martingala_int,17,0.895,0.41390375222950104,17,544,1.0
ton->bot,47,statico,18,0.947,0.485520656196859,0,0,1.0
ton->bot,47,ogni_batch_int,18,0.947,0.485520656196859,18,576,1.0
ton->bot,47,martingala_int,18,0.947,0.485520656196859,18,576,1.0
ton->bot,47,statico,19,1.0,0.6366576639658564,0,0,1.0
ton->bot,47,ogni_batch_int,19,1.0,0.6366576639658564,19,608,1.0
ton->bot,47,martingala_int,19,1.0,0.6366576639658564,19,608,1.0
ton->bot,48,statico,0,0.0,0.9775,0,0,1.0
ton->bot,48,ogni_batch_int,0,0.0,0.9775,0,0,1.0
ton->bot,48,martingala_int,0,0.0,0.9775,0,0,1.0
ton->bot,48,statico,1,0.053,0.94665,0,0,1.0
ton->bot,48,ogni_batch_int,1,0.053,0.94665,1,32,1.0
ton->bot,48,martingala_int,1,0.053,0.94665,1,32,1.0
ton->bot,48,statico,2,0.105,0.91255,0,0,1.0
ton->bot,48,ogni_batch_int,2,0.105,0.91255,2,64,1.0
ton->bot,48,martingala_int,2,0.105,0.91255,2,64,1.0
ton->bot,48,statico,3,0.158,0.6917441744174417,0,0,1.0
ton->bot,48,ogni_batch_int,3,0.158,0.6917441744174417,3,96,1.0
ton->bot,48,martingala_int,3,0.158,0.6917441744174417,3,96,1.0
ton->bot,48,statico,4,0.211,0.84795,0,0,1.0
ton->bot,48,ogni_batch_int,4,0.211,0.84795,4,128,1.0
ton->bot,48,martingala_int,4,0.211,0.84795,4,128,1.0
ton->bot,48,statico,5,0.263,0.9079953997699886,0,0,1.0
ton->bot,48,ogni_batch_int,5,0.263,0.9079953997699886,5,160,1.0
ton->bot,48,martingala_int,5,0.263,0.9079953997699886,5,160,1.0
ton->bot,48,statico,6,0.316,0.6432893289328934,0,0,1.0
ton->bot,48,ogni_batch_int,6,0.316,0.6432893289328934,6,192,1.0
ton->bot,48,martingala_int,6,0.316,0.6432893289328934,6,192,1.0
ton->bot,48,statico,7,0.368,0.7549,0,0,1.0
ton->bot,48,ogni_batch_int,7,0.368,0.7549,7,224,1.0
ton->bot,48,martingala_int,7,0.368,0.7549,7,224,1.0
ton->bot,48,statico,8,0.421,0.7216,0,0,1.0
ton->bot,48,ogni_batch_int,8,0.421,0.7216,8,256,1.0
ton->bot,48,martingala_int,8,0.421,0.7216,8,256,1.0
ton->bot,48,statico,9,0.474,0.844417220861043,0,0,1.0
ton->bot,48,ogni_batch_int,9,0.474,0.844417220861043,9,288,1.0
ton->bot,48,martingala_int,9,0.474,0.844417220861043,9,288,1.0
ton->bot,48,statico,10,0.526,0.8299164958247913,0,0,1.0
ton->bot,48,ogni_batch_int,10,0.526,0.8299164958247913,10,320,1.0
ton->bot,48,martingala_int,10,0.526,0.8299164958247913,10,320,1.0
ton->bot,48,statico,11,0.579,0.6252,0,0,1.0
ton->bot,48,ogni_batch_int,11,0.579,0.6252,11,352,1.0
ton->bot,48,martingala_int,11,0.579,0.6252,11,352,1.0
ton->bot,48,statico,12,0.632,0.6729345869173835,0,0,1.0
ton->bot,48,ogni_batch_int,12,0.632,0.6729345869173835,12,384,1.0
ton->bot,48,martingala_int,12,0.632,0.6729345869173835,12,384,1.0
ton->bot,48,statico,13,0.684,0.5300060012002401,0,0,1.0
ton->bot,48,ogni_batch_int,13,0.684,0.5300060012002401,13,416,1.0
ton->bot,48,martingala_int,13,0.684,0.5300060012002401,13,416,1.0
ton->bot,48,statico,14,0.737,0.5624906226556639,0,0,1.0
ton->bot,48,ogni_batch_int,14,0.737,0.5624906226556639,14,448,1.0
ton->bot,48,martingala_int,14,0.737,0.5624906226556639,14,448,1.0
ton->bot,48,statico,15,0.789,0.4948,0,0,1.0
ton->bot,48,ogni_batch_int,15,0.789,0.4948,15,480,1.0
ton->bot,48,martingala_int,15,0.789,0.4948,15,480,1.0
ton->bot,48,statico,16,0.842,0.23077307730773078,0,0,1.0
ton->bot,48,ogni_batch_int,16,0.842,0.23077307730773078,16,512,1.0
ton->bot,48,martingala_int,16,0.842,0.23077307730773078,16,512,1.0
ton->bot,48,statico,17,0.895,0.21793589679483974,0,0,1.0
ton->bot,48,ogni_batch_int,17,0.895,0.21793589679483974,17,544,1.0
ton->bot,48,martingala_int,17,0.895,0.21793589679483974,17,544,1.0
ton->bot,48,statico,18,0.947,0.4022,0,0,1.0
ton->bot,48,ogni_batch_int,18,0.947,0.4022,18,576,1.0
ton->bot,48,martingala_int,18,0.947,0.4022,18,576,1.0
ton->bot,48,statico,19,1.0,0.1833591679583979,0,0,1.0
ton->bot,48,ogni_batch_int,19,1.0,0.1833591679583979,19,608,1.0
ton->bot,48,martingala_int,19,1.0,0.1833591679583979,19,608,1.0
ton->bot,49,statico,0,0.0,0.9796,0,0,1.0
ton->bot,49,ogni_batch_int,0,0.0,0.9796,0,0,1.0
ton->bot,49,martingala_int,0,0.0,0.9796,0,0,1.0
ton->bot,49,statico,1,0.053,0.9506,0,0,1.0
ton->bot,49,ogni_batch_int,1,0.053,0.9506,1,32,1.0
ton->bot,49,martingala_int,1,0.053,0.9506,0,0,1.0
ton->bot,49,statico,2,0.105,0.9623731186559328,0,0,1.0
ton->bot,49,ogni_batch_int,2,0.105,0.9623731186559328,2,64,1.0
ton->bot,49,martingala_int,2,0.105,0.9623731186559328,0,0,1.0
ton->bot,49,statico,3,0.158,0.8951,0,0,1.0
ton->bot,49,ogni_batch_int,3,0.158,0.8951,3,96,1.0
ton->bot,49,martingala_int,3,0.158,0.8951,0,0,1.0
ton->bot,49,statico,4,0.211,0.4343717185859293,0,0,1.0
ton->bot,49,ogni_batch_int,4,0.211,0.4343717185859293,4,128,1.0
ton->bot,49,martingala_int,4,0.211,0.4343717185859293,0,0,1.0
ton->bot,49,statico,5,0.263,0.6688418841884188,0,0,1.0
ton->bot,49,ogni_batch_int,5,0.263,0.6688418841884188,5,160,1.0
ton->bot,49,martingala_int,5,0.263,0.6688418841884188,0,0,1.0
ton->bot,49,statico,6,0.316,0.4050702535126756,0,0,1.0
ton->bot,49,ogni_batch_int,6,0.316,0.4050702535126756,6,192,1.0
ton->bot,49,martingala_int,6,0.316,0.4050702535126756,0,0,1.0
ton->bot,49,statico,7,0.368,0.39290893634045104,0,0,1.0
ton->bot,49,ogni_batch_int,7,0.368,0.39290893634045104,7,224,1.0
ton->bot,49,martingala_int,7,0.368,0.39290893634045104,0,0,1.0
ton->bot,49,statico,8,0.421,0.37494374718735934,0,0,1.0
ton->bot,49,ogni_batch_int,8,0.421,0.37494374718735934,8,256,1.0
ton->bot,49,martingala_int,8,0.421,0.37494374718735934,0,0,1.0
ton->bot,49,statico,9,0.474,0.864986498649865,0,0,1.0
ton->bot,49,ogni_batch_int,9,0.474,0.864986498649865,9,288,1.0
ton->bot,49,martingala_int,9,0.474,0.864986498649865,0,0,1.0
ton->bot,49,statico,10,0.526,0.3512425621281064,0,0,1.0
ton->bot,49,ogni_batch_int,10,0.526,0.3512425621281064,10,320,1.0
ton->bot,49,martingala_int,10,0.526,0.3512425621281064,0,0,1.0
ton->bot,49,statico,11,0.579,0.8354335433543354,0,0,1.0
ton->bot,49,ogni_batch_int,11,0.579,0.8354335433543354,11,352,1.0
ton->bot,49,martingala_int,11,0.579,0.8354335433543354,0,0,1.0
ton->bot,49,statico,12,0.632,0.3192978946842026,0,0,1.0
ton->bot,49,ogni_batch_int,12,0.632,0.3192978946842026,12,384,1.0
ton->bot,49,martingala_int,12,0.632,0.3192978946842026,0,0,1.0
ton->bot,49,statico,13,0.684,0.5571807180718071,0,0,1.0
ton->bot,49,ogni_batch_int,13,0.684,0.5571807180718071,13,416,1.0
ton->bot,49,martingala_int,13,0.684,0.5571807180718071,0,0,1.0
ton->bot,49,statico,14,0.737,0.4590105182444033,0,0,1.0
ton->bot,49,ogni_batch_int,14,0.737,0.4590105182444033,14,448,1.0
ton->bot,49,martingala_int,14,0.737,0.4590105182444033,0,0,1.0
ton->bot,49,statico,15,0.789,0.2759637981899095,0,0,1.0
ton->bot,49,ogni_batch_int,15,0.789,0.2759637981899095,15,480,1.0
ton->bot,49,martingala_int,15,0.789,0.2759637981899095,0,0,1.0
ton->bot,49,statico,16,0.842,0.5986481305529163,0,0,1.0
ton->bot,49,ogni_batch_int,16,0.842,0.5986481305529163,16,512,1.0
ton->bot,49,martingala_int,16,0.842,0.5986481305529163,0,0,1.0
ton->bot,49,statico,17,0.895,0.5526881720430108,0,0,1.0
ton->bot,49,ogni_batch_int,17,0.895,0.5526881720430108,17,544,1.0
ton->bot,49,martingala_int,17,0.895,0.5526881720430108,0,0,1.0
ton->bot,49,statico,18,0.947,0.487023702370237,0,0,1.0
ton->bot,49,ogni_batch_int,18,0.947,0.487023702370237,18,576,1.0
ton->bot,49,martingala_int,18,0.947,0.487023702370237,0,0,1.0
ton->bot,49,statico,19,1.0,0.4462,0,0,1.0
ton->bot,49,ogni_batch_int,19,1.0,0.4462,19,608,1.0
ton->bot,49,martingala_int,19,1.0,0.4462,0,0,1.0
ton->bot,50,statico,0,0.0,0.9867,0,0,1.0
ton->bot,50,ogni_batch_int,0,0.0,0.9867,0,0,1.0
ton->bot,50,martingala_int,0,0.0,0.9867,0,0,1.0
ton->bot,50,statico,1,0.053,0.9612,0,0,1.0
ton->bot,50,ogni_batch_int,1,0.053,0.9612,1,32,1.0
ton->bot,50,martingala_int,1,0.053,0.9612,1,32,1.0
ton->bot,50,statico,2,0.105,0.9301,0,0,1.0
ton->bot,50,ogni_batch_int,2,0.105,0.9301,2,64,1.0
ton->bot,50,martingala_int,2,0.105,0.9301,2,64,1.0
ton->bot,50,statico,3,0.158,0.9027,0,0,1.0
ton->bot,50,ogni_batch_int,3,0.158,0.9027,3,96,1.0
ton->bot,50,martingala_int,3,0.158,0.9027,3,96,1.0
ton->bot,50,statico,4,0.211,0.87565,0,0,1.0
ton->bot,50,ogni_batch_int,4,0.211,0.87565,4,128,1.0
ton->bot,50,martingala_int,4,0.211,0.87565,4,128,1.0
ton->bot,50,statico,5,0.263,0.8479,0,0,1.0
ton->bot,50,ogni_batch_int,5,0.263,0.8479,5,160,1.0
ton->bot,50,martingala_int,5,0.263,0.8479,5,160,1.0
ton->bot,50,statico,6,0.316,0.6589408940894089,0,0,1.0
ton->bot,50,ogni_batch_int,6,0.316,0.6589408940894089,6,192,1.0
ton->bot,50,martingala_int,6,0.316,0.6589408940894089,6,192,1.0
ton->bot,50,statico,7,0.368,0.79185,0,0,1.0
ton->bot,50,ogni_batch_int,7,0.368,0.7979,7,224,1.0
ton->bot,50,martingala_int,7,0.368,0.7979,7,224,1.0
ton->bot,50,statico,8,0.421,0.3806190309515476,0,0,1.0
ton->bot,50,ogni_batch_int,8,0.421,0.38459422971148555,8,256,1.0
ton->bot,50,martingala_int,8,0.421,0.38459422971148555,8,256,1.0
ton->bot,50,statico,9,0.474,0.5341467886849695,0,0,1.0
ton->bot,50,ogni_batch_int,9,0.474,0.999699954993249,9,288,1.0
ton->bot,50,martingala_int,9,0.474,0.999699954993249,9,288,1.0
ton->bot,50,statico,10,0.526,0.35496774838741935,0,0,1.0
ton->bot,50,ogni_batch_int,10,0.526,0.49964998249912496,10,320,1.0
ton->bot,50,martingala_int,10,0.526,0.49964998249912496,10,320,1.0
ton->bot,50,statico,11,0.579,0.5875087508750876,0,0,1.0
ton->bot,50,ogni_batch_int,11,0.579,0.4996249624962496,11,352,1.0
ton->bot,50,martingala_int,11,0.579,0.4996249624962496,11,352,1.0
ton->bot,50,statico,12,0.632,0.3250237535630345,0,0,1.0
ton->bot,50,ogni_batch_int,12,0.632,0.6666666666666666,12,384,1.0
ton->bot,50,martingala_int,12,0.632,0.6666666666666666,12,384,1.0
ton->bot,50,statico,13,0.684,0.3122312231223122,0,0,1.0
ton->bot,50,ogni_batch_int,13,0.684,0.5,13,416,1.0
ton->bot,50,martingala_int,13,0.684,0.5,13,416,1.0
ton->bot,50,statico,14,0.737,0.296064803240162,0,0,1.0
ton->bot,50,ogni_batch_int,14,0.737,0.4999749987499375,14,448,1.0
ton->bot,50,martingala_int,14,0.737,0.4999749987499375,14,448,1.0
ton->bot,50,statico,15,0.789,0.28686434321716087,0,0,1.0
ton->bot,50,ogni_batch_int,15,0.789,0.4842742137106855,15,480,1.0
ton->bot,50,martingala_int,15,0.789,0.4842742137106855,15,480,1.0
ton->bot,50,statico,16,0.842,0.2702270227022702,0,0,1.0
ton->bot,50,ogni_batch_int,16,0.842,0.49684968496849685,16,512,1.0
ton->bot,50,martingala_int,16,0.842,0.49684968496849685,16,512,1.0
ton->bot,50,statico,17,0.895,0.4235301961960961,0,0,1.0
ton->bot,50,ogni_batch_int,17,0.895,0.49824973746061907,17,544,1.0
ton->bot,50,martingala_int,17,0.895,0.49824973746061907,17,544,1.0
ton->bot,50,statico,18,0.947,0.24144828965793158,0,0,1.0
ton->bot,50,ogni_batch_int,18,0.947,0.5,18,576,1.0
ton->bot,50,martingala_int,18,0.947,0.5,18,576,1.0
ton->bot,50,statico,19,1.0,0.2258088713306996,0,0,1.0
ton->bot,50,ogni_batch_int,19,1.0,0.5,19,608,1.0
ton->bot,50,martingala_int,19,1.0,0.5,19,608,1.0
ton->bot,51,statico,0,0.0,0.9839,0,0,1.0
ton->bot,51,ogni_batch_int,0,0.0,0.9839,0,0,1.0
ton->bot,51,martingala_int,0,0.0,0.9839,0,0,1.0
ton->bot,51,statico,1,0.053,0.95395,0,0,1.0
ton->bot,51,ogni_batch_int,1,0.053,0.95395,1,32,1.0
ton->bot,51,martingala_int,1,0.053,0.95395,1,32,1.0
ton->bot,51,statico,2,0.105,0.9283,0,0,1.0
ton->bot,51,ogni_batch_int,2,0.105,0.9283,2,64,1.0
ton->bot,51,martingala_int,2,0.105,0.9283,2,64,1.0
ton->bot,51,statico,3,0.158,0.4502225111255563,0,0,1.0
ton->bot,51,ogni_batch_int,3,0.158,0.4502225111255563,3,96,1.0
ton->bot,51,martingala_int,3,0.158,0.4502225111255563,3,96,1.0
ton->bot,51,statico,4,0.211,0.8699,0,0,1.0
ton->bot,51,ogni_batch_int,4,0.211,0.8699,4,128,1.0
ton->bot,51,martingala_int,4,0.211,0.8699,4,128,1.0
ton->bot,51,statico,5,0.263,0.5883299161540898,0,0,1.0
ton->bot,51,ogni_batch_int,5,0.263,0.5883299161540898,5,160,1.0
ton->bot,51,martingala_int,5,0.263,0.5883299161540898,5,160,1.0
ton->bot,51,statico,6,0.316,0.4077657765776578,0,0,1.0
ton->bot,51,ogni_batch_int,6,0.316,0.49702470247024705,6,192,1.0
ton->bot,51,martingala_int,6,0.316,0.49702470247024705,6,192,1.0
ton->bot,51,statico,7,0.368,0.8950540108021604,0,0,1.0
ton->bot,51,ogni_batch_int,7,0.368,0.8732996599319864,7,224,1.0
ton->bot,51,martingala_int,7,0.368,0.8732996599319864,7,224,1.0
ton->bot,51,statico,8,0.421,0.7566,0,0,1.0
ton->bot,51,ogni_batch_int,8,0.421,0.99685,8,256,1.0
ton->bot,51,martingala_int,8,0.421,0.99685,8,256,1.0
ton->bot,51,statico,9,0.474,0.3655932796639832,0,0,1.0
ton->bot,51,ogni_batch_int,9,0.474,0.4990499524976249,9,288,1.0
ton->bot,51,martingala_int,9,0.474,0.4990499524976249,9,288,1.0
ton->bot,51,statico,10,0.526,0.7037,0,0,1.0
ton->bot,51,ogni_batch_int,10,0.526,0.9979,10,320,1.0
ton->bot,51,martingala_int,10,0.526,0.9979,10,320,1.0
ton->bot,51,statico,11,0.579,0.3383919195959798,0,0,1.0
ton->bot,51,ogni_batch_int,11,0.579,0.4991999599979999,11,352,1.0
ton->bot,51,martingala_int,11,0.579,0.4991999599979999,11,352,1.0
ton->bot,51,statico,12,0.632,0.3249912495624781,0,0,1.0
ton->bot,51,ogni_batch_int,12,0.632,0.49899994999749986,12,384,1.0
ton->bot,51,martingala_int,12,0.632,0.49899994999749986,12,384,1.0
ton->bot,51,statico,13,0.684,0.4369123824764953,0,0,1.0
ton->bot,51,ogni_batch_int,13,0.684,0.4992748549709942,13,416,1.0
ton->bot,51,martingala_int,13,0.684,0.4992748549709942,13,416,1.0
ton->bot,51,statico,14,0.737,0.2964648232411621,0,0,1.0
ton->bot,51,ogni_batch_int,14,0.737,0.48679933996699837,14,448,1.0
ton->bot,51,martingala_int,14,0.737,0.48679933996699837,14,448,1.0
ton->bot,51,statico,15,0.789,0.5672,0,0,1.0
ton->bot,51,ogni_batch_int,15,0.789,0.99235,15,480,1.0
ton->bot,51,martingala_int,15,0.789,0.99235,15,480,1.0
ton->bot,51,statico,16,0.842,0.26598829941497076,0,0,1.0
ton->bot,51,ogni_batch_int,16,0.842,0.49697484874243714,16,512,1.0
ton->bot,51,martingala_int,16,0.842,0.49697484874243714,16,512,1.0
ton->bot,51,statico,17,0.895,0.5042504250425042,0,0,1.0
ton->bot,51,ogni_batch_int,17,0.895,0.49794979497949793,17,544,1.0
ton->bot,51,martingala_int,17,0.895,0.49794979497949793,17,544,1.0
ton->bot,51,statico,18,0.947,0.740062003100155,0,0,1.0
ton->bot,51,ogni_batch_int,18,0.947,0.4993749687484374,18,576,1.0
ton->bot,51,martingala_int,18,0.947,0.4993749687484374,18,576,1.0
ton->bot,51,statico,19,1.0,0.47624287286185857,0,0,1.0
ton->bot,51,ogni_batch_int,19,1.0,0.6666666666666666,19,608,1.0
ton->bot,51,martingala_int,19,1.0,0.6666666666666666,19,608,1.0
bot->ton,42,statico,0,0.0,0.92325,0,0,1.0
bot->ton,42,ogni_batch_int,0,0.0,0.92325,0,0,1.0
bot->ton,42,martingala_int,0,0.0,0.92325,0,0,1.0
bot->ton,42,statico,1,0.053,0.906588892033175,0,0,1.0
bot->ton,42,ogni_batch_int,1,0.053,0.906588892033175,1,32,1.0
bot->ton,42,martingala_int,1,0.053,0.906588892033175,1,32,1.0
bot->ton,42,statico,2,0.105,0.9046962012491566,0,0,1.0
bot->ton,42,ogni_batch_int,2,0.105,0.7222553361678559,2,64,1.0
bot->ton,42,martingala_int,2,0.105,0.7222553361678559,2,64,1.0
bot->ton,42,statico,3,0.158,0.8835787411526794,0,0,1.0
bot->ton,42,ogni_batch_int,3,0.158,0.719252175718619,3,96,1.0
bot->ton,42,martingala_int,3,0.158,0.719252175718619,3,96,1.0
bot->ton,42,statico,4,0.211,0.8746668577294399,0,0,1.0
bot->ton,42,ogni_batch_int,4,0.211,0.6810506775253662,4,128,1.0
bot->ton,42,martingala_int,4,0.211,0.6810506775253662,4,128,1.0
bot->ton,42,statico,5,0.263,0.8534497856751324,0,0,1.0
bot->ton,42,ogni_batch_int,5,0.263,0.8508789808017754,5,160,1.0
bot->ton,42,martingala_int,5,0.263,0.8508789808017754,5,160,1.0
bot->ton,42,statico,6,0.316,0.8369623458536742,0,0,1.0
bot->ton,42,ogni_batch_int,6,0.316,0.8465431466445081,6,192,1.0
bot->ton,42,martingala_int,6,0.316,0.8465431466445081,6,192,1.0
bot->ton,42,statico,7,0.368,0.8173741042686762,0,0,1.0
bot->ton,42,ogni_batch_int,7,0.368,0.8832243860925764,7,224,1.0
bot->ton,42,martingala_int,7,0.368,0.8832243860925764,7,224,1.0
bot->ton,42,statico,8,0.421,0.8014524401068678,0,0,1.0
bot->ton,42,ogni_batch_int,8,0.421,0.7241384413403529,8,256,1.0
bot->ton,42,martingala_int,8,0.421,0.7241384413403529,8,256,1.0
bot->ton,42,statico,9,0.474,0.7808908549956974,0,0,1.0
bot->ton,42,ogni_batch_int,9,0.474,0.8202813226302201,9,288,1.0
bot->ton,42,martingala_int,9,0.474,0.8202813226302201,9,288,1.0
bot->ton,42,statico,10,0.526,0.763500673825582,0,0,1.0
bot->ton,42,ogni_batch_int,10,0.526,0.8690756087456182,10,320,1.0
bot->ton,42,martingala_int,10,0.526,0.8690756087456182,10,320,1.0
bot->ton,42,statico,11,0.579,0.7409984066990862,0,0,1.0
bot->ton,42,ogni_batch_int,11,0.579,0.8557181396347187,11,352,1.0
bot->ton,42,martingala_int,11,0.579,0.8625546779632072,10,320,1.0
bot->ton,42,statico,12,0.632,0.7191179000682858,0,0,1.0
bot->ton,42,ogni_batch_int,12,0.632,0.9031736221164595,12,384,1.0
bot->ton,42,martingala_int,12,0.632,0.8638165116943002,10,320,1.0
bot->ton,42,statico,13,0.684,0.7000024615337128,0,0,1.0
bot->ton,42,ogni_batch_int,13,0.684,0.9037174705398285,13,416,1.0
bot->ton,42,martingala_int,13,0.684,0.8667440655473595,10,320,1.0
bot->ton,42,statico,14,0.737,0.6818668126509677,0,0,1.0
bot->ton,42,ogni_batch_int,14,0.737,0.8430648425456055,14,448,1.0
bot->ton,42,martingala_int,14,0.737,0.856715498301567,10,320,1.0
bot->ton,42,statico,15,0.789,0.6536505613539088,0,0,1.0
bot->ton,42,ogni_batch_int,15,0.789,0.9151445438245795,15,480,1.0
bot->ton,42,martingala_int,15,0.789,0.8608511707305393,10,320,1.0
bot->ton,42,statico,16,0.842,0.6307222149711829,0,0,1.0
bot->ton,42,ogni_batch_int,16,0.842,0.9086023659759861,16,512,1.0
bot->ton,42,martingala_int,16,0.842,0.8544786680782024,10,320,1.0
bot->ton,42,statico,17,0.895,0.6119219334360426,0,0,1.0
bot->ton,42,ogni_batch_int,17,0.895,0.8495715674952751,17,544,1.0
bot->ton,42,martingala_int,17,0.895,0.8571500252774218,10,320,1.0
bot->ton,42,statico,18,0.947,0.5848161848229222,0,0,1.0
bot->ton,42,ogni_batch_int,18,0.947,0.8613056217586985,18,576,1.0
bot->ton,42,martingala_int,18,0.947,0.854387967936886,10,320,1.0
bot->ton,42,statico,19,1.0,0.558988578943301,0,0,1.0
bot->ton,42,ogni_batch_int,19,1.0,0.915116765412428,19,608,1.0
bot->ton,42,martingala_int,19,1.0,0.856366102345751,10,320,1.0
bot->ton,43,statico,0,0.0,0.95485,0,0,1.0
bot->ton,43,ogni_batch_int,0,0.0,0.95485,0,0,1.0
bot->ton,43,martingala_int,0,0.0,0.95485,0,0,1.0
bot->ton,43,statico,1,0.053,0.9337295893967343,0,0,1.0
bot->ton,43,ogni_batch_int,1,0.053,0.9337295893967343,1,32,1.0
bot->ton,43,martingala_int,1,0.053,0.9337295893967343,1,32,1.0
bot->ton,43,statico,2,0.105,0.9082564102564104,0,0,1.0
bot->ton,43,ogni_batch_int,2,0.105,0.9082564102564104,2,64,1.0
bot->ton,43,martingala_int,2,0.105,0.9082564102564104,2,64,1.0
bot->ton,43,statico,3,0.158,0.903796126678511,0,0,1.0
bot->ton,43,ogni_batch_int,3,0.158,0.649985544560106,3,96,1.0
bot->ton,43,martingala_int,3,0.158,0.649985544560106,3,96,1.0
bot->ton,43,statico,4,0.211,0.8890905344283084,0,0,1.0
bot->ton,43,ogni_batch_int,4,0.211,0.9085094504450205,4,128,1.0
bot->ton,43,martingala_int,4,0.211,0.9085094504450205,4,128,1.0
bot->ton,43,statico,5,0.263,0.8687175928350704,0,0,1.0
bot->ton,43,ogni_batch_int,5,0.263,0.9273485919796085,5,160,1.0
bot->ton,43,martingala_int,5,0.263,0.9273485919796085,5,160,1.0
bot->ton,43,statico,6,0.316,0.8520540114210249,0,0,1.0
bot->ton,43,ogni_batch_int,6,0.316,0.8714098217087982,6,192,1.0
bot->ton,43,martingala_int,6,0.316,0.8714098217087982,6,192,1.0
bot->ton,43,statico,7,0.368,0.8349566082190718,0,0,1.0
bot->ton,43,ogni_batch_int,7,0.368,0.7630690756963749,7,224,1.0
bot->ton,43,martingala_int,7,0.368,0.7630690756963749,7,224,1.0
bot->ton,43,statico,8,0.421,0.8181594553160304,0,0,1.0
bot->ton,43,ogni_batch_int,8,0.421,0.7671427532190402,8,256,1.0
bot->ton,43,martingala_int,8,0.421,0.7671427532190402,8,256,1.0
bot->ton,43,statico,9,0.474,0.7999691813796244,0,0,1.0
bot->ton,43,ogni_batch_int,9,0.474,0.7629092036505551,9,288,1.0
bot->ton,43,martingala_int,9,0.474,0.7647793195322734,8,256,1.0
bot->ton,43,statico,10,0.526,0.7752043723472295,0,0,1.0
bot->ton,43,ogni_batch_int,10,0.526,0.8729623815338101,10,320,1.0
bot->ton,43,martingala_int,10,0.526,0.7824617710331996,8,256,1.0
bot->ton,43,statico,11,0.579,0.7582441927848926,0,0,1.0
bot->ton,43,ogni_batch_int,11,0.579,0.8654351263581215,11,352,1.0
bot->ton,43,martingala_int,11,0.579,0.7717583201935907,8,256,1.0
bot->ton,43,statico,12,0.632,0.7356664867063891,0,0,1.0
bot->ton,43,ogni_batch_int,12,0.632,0.8603131371816173,12,384,1.0
bot->ton,43,martingala_int,12,0.632,0.7685681174582911,8,256,1.0
bot->ton,43,statico,13,0.684,0.7160955952984037,0,0,1.0
bot->ton,43,ogni_batch_int,13,0.684,0.9216015036467995,13,416,1.0
bot->ton,43,martingala_int,13,0.684,0.7765279601478712,8,256,1.0
bot->ton,43,statico,14,0.737,0.6929990862150588,0,0,1.0
bot->ton,43,ogni_batch_int,14,0.737,0.855383954817188,14,448,1.0
bot->ton,43,martingala_int,14,0.737,0.7596487983177549,8,256,1.0
bot->ton,43,statico,15,0.789,0.6701084899110024,0,0,1.0
bot->ton,43,ogni_batch_int,15,0.789,0.8610155148610374,15,480,1.0
bot->ton,43,martingala_int,15,0.789,0.7714865870406137,8,256,1.0
bot->ton,43,statico,16,0.842,0.6545203443918615,0,0,1.0
bot->ton,43,ogni_batch_int,16,0.842,0.8676434932554247,16,512,1.0
bot->ton,43,martingala_int,16,0.842,0.7756588637241646,8,256,1.0
bot->ton,43,statico,17,0.895,0.6238867570674056,0,0,1.0
bot->ton,43,ogni_batch_int,17,0.895,0.8649269960361455,17,544,1.0
bot->ton,43,martingala_int,17,0.895,0.7694606863808671,8,256,1.0
bot->ton,43,statico,18,0.947,0.6021523885808869,0,0,1.0
bot->ton,43,ogni_batch_int,18,0.947,0.862944300833763,18,576,1.0
bot->ton,43,martingala_int,18,0.947,0.7774777051295083,8,256,1.0
bot->ton,43,statico,19,1.0,0.5766875715598918,0,0,1.0
bot->ton,43,ogni_batch_int,19,1.0,0.873578232636411,19,608,1.0
bot->ton,43,martingala_int,19,1.0,0.7782950893022154,8,256,1.0
bot->ton,44,statico,0,0.0,0.9209,0,0,1.0
bot->ton,44,ogni_batch_int,0,0.0,0.9209,0,0,1.0
bot->ton,44,martingala_int,0,0.0,0.9209,0,0,1.0
bot->ton,44,statico,1,0.053,0.9274834345069553,0,0,1.0
bot->ton,44,ogni_batch_int,1,0.053,0.9274834345069553,1,32,1.0
bot->ton,44,martingala_int,1,0.053,0.9274834345069553,1,32,1.0
bot->ton,44,statico,2,0.105,0.8998793800898428,0,0,1.0
bot->ton,44,ogni_batch_int,2,0.105,0.8998793800898428,2,64,1.0
bot->ton,44,martingala_int,2,0.105,0.8998793800898428,2,64,1.0
bot->ton,44,statico,3,0.158,0.8823467799699894,0,0,1.0
bot->ton,44,ogni_batch_int,3,0.158,0.6884999799581386,3,96,1.0
bot->ton,44,martingala_int,3,0.158,0.6884999799581386,3,96,1.0
bot->ton,44,statico,4,0.211,0.8607336882593029,0,0,1.0
bot->ton,44,ogni_batch_int,4,0.211,0.8180613527428374,4,128,1.0
bot->ton,44,martingala_int,4,0.211,0.8180613527428374,4,128,1.0
bot->ton,44,statico,5,0.263,0.8466820387140068,0,0,1.0
bot->ton,44,ogni_batch_int,5,0.263,0.8072910677750242,5,160,1.0
bot->ton,44,martingala_int,5,0.263,0.8072910677750242,5,160,1.0
bot->ton,44,statico,6,0.316,0.8244832874278465,0,0,1.0
bot->ton,44,ogni_batch_int,6,0.316,0.8354749310964749,6,192,1.0
bot->ton,44,martingala_int,6,0.316,0.8354749310964749,6,192,1.0
bot->ton,44,statico,7,0.368,0.8027669334176558,0,0,1.0
bot->ton,44,ogni_batch_int,7,0.368,0.8235962127845884,7,224,1.0
bot->ton,44,martingala_int,7,0.368,0.8401318349873517,6,192,1.0
bot->ton,44,statico,8,0.421,0.7882021270188255,0,0,1.0
bot->ton,44,ogni_batch_int,8,0.421,0.8283514452638534,8,256,1.0
bot->ton,44,martingala_int,8,0.421,0.841540574031132,6,192,1.0
bot->ton,44,statico,9,0.474,0.7646819574957036,0,0,1.0
bot->ton,44,ogni_batch_int,9,0.474,0.7982620284594844,9,288,1.0
bot->ton,44,martingala_int,9,0.474,0.8388261633942287,6,192,1.0
bot->ton,44,statico,10,0.526,0.7369069222573672,0,0,1.0
bot->ton,44,ogni_batch_int,10,0.526,0.8346958545755925,10,320,1.0
bot->ton,44,martingala_int,10,0.526,0.8330743578935871,6,192,1.0
bot->ton,44,statico,11,0.579,0.7170325321805726,0,0,1.0
bot->ton,44,ogni_batch_int,11,0.579,0.8572975924575907,11,352,1.0
bot->ton,44,martingala_int,11,0.579,0.829141033658034,6,192,1.0
bot->ton,44,statico,12,0.632,0.6963020476506041,0,0,1.0
bot->ton,44,ogni_batch_int,12,0.632,0.851243704633514,12,384,1.0
bot->ton,44,martingala_int,12,0.632,0.8329339349300977,6,192,1.0
bot->ton,44,statico,13,0.684,0.6711769471405437,0,0,1.0
bot->ton,44,ogni_batch_int,13,0.684,0.8523121665499076,13,416,1.0
bot->ton,44,martingala_int,13,0.684,0.8238709819908676,6,192,1.0
bot->ton,44,statico,14,0.737,0.6487699839912755,0,0,1.0
bot->ton,44,ogni_batch_int,14,0.737,0.8907321476552303,14,448,1.0
bot->ton,44,martingala_int,14,0.737,0.8226564713830291,6,192,1.0
bot->ton,44,statico,15,0.789,0.6217500979889896,0,0,1.0
bot->ton,44,ogni_batch_int,15,0.789,0.8353888490671249,15,480,1.0
bot->ton,44,martingala_int,15,0.789,0.8146078660300718,6,192,1.0
bot->ton,44,statico,16,0.842,0.5973630167586489,0,0,1.0
bot->ton,44,ogni_batch_int,16,0.842,0.8760880765054735,16,512,1.0
bot->ton,44,martingala_int,16,0.842,0.8241146159354239,6,192,1.0
bot->ton,44,statico,17,0.895,0.5732590401260863,0,0,1.0
bot->ton,44,ogni_batch_int,17,0.895,0.9104568752461304,17,544,1.0
bot->ton,44,martingala_int,17,0.895,0.8199184205399368,6,192,1.0
bot->ton,44,statico,18,0.947,0.542650943702204,0,0,1.0
bot->ton,44,ogni_batch_int,18,0.947,0.9116856510052381,18,576,1.0
bot->ton,44,martingala_int,18,0.947,0.8148161095316607,6,192,1.0
bot->ton,44,statico,19,1.0,0.513158755555069,0,0,1.0
bot->ton,44,ogni_batch_int,19,1.0,0.908158680278496,19,608,1.0
bot->ton,44,martingala_int,19,1.0,0.8057520882405675,6,192,1.0
bot->ton,45,statico,0,0.0,0.9236,0,0,1.0
bot->ton,45,ogni_batch_int,0,0.0,0.9236,0,0,1.0
bot->ton,45,martingala_int,0,0.0,0.9236,0,0,1.0
bot->ton,45,statico,1,0.053,0.9257482396470211,0,0,1.0
bot->ton,45,ogni_batch_int,1,0.053,0.9257482396470211,1,32,1.0
bot->ton,45,martingala_int,1,0.053,0.9257482396470211,1,32,1.0
bot->ton,45,statico,2,0.105,0.905930875380863,0,0,1.0
bot->ton,45,ogni_batch_int,2,0.105,0.8049458009771021,2,64,1.0
bot->ton,45,martingala_int,2,0.105,0.8049458009771021,2,64,1.0
bot->ton,45,statico,3,0.158,0.8828768678597814,0,0,1.0
bot->ton,45,ogni_batch_int,3,0.158,0.7879070993696193,3,96,1.0
bot->ton,45,martingala_int,3,0.158,0.7879070993696193,3,96,1.0
bot->ton,45,statico,4,0.211,0.8734215258747893,0,0,1.0
bot->ton,45,ogni_batch_int,4,0.211,0.8087444337584317,4,128,1.0
bot->ton,45,martingala_int,4,0.211,0.8087444337584317,4,128,1.0
bot->ton,45,statico,5,0.263,0.8557734691383696,0,0,1.0
bot->ton,45,ogni_batch_int,5,0.263,0.8510603863310242,5,160,1.0
bot->ton,45,martingala_int,5,0.263,0.8510603863310242,5,160,1.0
bot->ton,45,statico,6,0.316,0.8288277652963116,0,0,1.0
bot->ton,45,ogni_batch_int,6,0.316,0.8779650839368343,6,192,1.0
bot->ton,45,martingala_int,6,0.316,0.8779650839368343,6,192,1.0
bot->ton,45,statico,7,0.368,0.8098613843642115,0,0,1.0
bot->ton,45,ogni_batch_int,7,0.368,0.8730967059954192,7,224,1.0
bot->ton,45,martingala_int,7,0.368,0.8730967059954192,7,224,1.0
bot->ton,45,statico,8,0.421,0.7942514103835507,0,0,1.0
bot->ton,45,ogni_batch_int,8,0.421,0.865842270263268,8,256,1.0
bot->ton,45,martingala_int,8,0.421,0.865842270263268,8,256,1.0
bot->ton,45,statico,9,0.474,0.7834742352387531,0,0,1.0
bot->ton,45,ogni_batch_int,9,0.474,0.9014186419578452,9,288,1.0
bot->ton,45,martingala_int,9,0.474,0.8599692661371883,8,256,1.0
bot->ton,45,statico,10,0.526,0.7551913354396553,0,0,1.0
bot->ton,45,ogni_batch_int,10,0.526,0.8965855670206964,10,320,1.0
bot->ton,45,martingala_int,10,0.526,0.8447601859436921,8,256,1.0
bot->ton,45,statico,11,0.579,0.7365957942120118,0,0,1.0
bot->ton,45,ogni_batch_int,11,0.579,0.9011939890490367,11,352,1.0
bot->ton,45,martingala_int,11,0.579,0.8333151161992021,8,256,1.0
bot->ton,45,statico,12,0.632,0.714427731633644,0,0,1.0
bot->ton,45,ogni_batch_int,12,0.632,0.91022618736315,12,384,1.0
bot->ton,45,martingala_int,12,0.632,0.8279773361410978,8,256,1.0
bot->ton,45,statico,13,0.684,0.6951145121217243,0,0,1.0
bot->ton,45,ogni_batch_int,13,0.684,0.9157730989963845,13,416,1.0
bot->ton,45,martingala_int,13,0.684,0.8190345294823151,8,256,1.0
bot->ton,45,statico,14,0.737,0.6689980896876777,0,0,1.0
bot->ton,45,ogni_batch_int,14,0.737,0.9197776759791823,14,448,1.0
bot->ton,45,martingala_int,14,0.737,0.8055549325531349,8,256,1.0
bot->ton,45,statico,15,0.789,0.6471767951492801,0,0,1.0
bot->ton,45,ogni_batch_int,15,0.789,0.9212612363111843,15,480,1.0
bot->ton,45,martingala_int,15,0.789,0.7988159965409518,8,256,1.0
bot->ton,45,statico,16,0.842,0.619227821664442,0,0,1.0
bot->ton,45,ogni_batch_int,16,0.842,0.9174669187444877,16,512,1.0
bot->ton,45,martingala_int,16,0.842,0.7812091976736637,8,256,1.0
bot->ton,45,statico,17,0.895,0.5994796157372906,0,0,1.0
bot->ton,45,ogni_batch_int,17,0.895,0.9113069956815345,17,544,1.0
bot->ton,45,martingala_int,17,0.895,0.7735222908981847,8,256,1.0
bot->ton,45,statico,18,0.947,0.5728633560382916,0,0,1.0
bot->ton,45,ogni_batch_int,18,0.947,0.9191872238586156,18,576,1.0
bot->ton,45,martingala_int,18,0.947,0.7630108615611193,8,256,1.0
bot->ton,45,statico,19,1.0,0.5497785838120165,0,0,1.0
bot->ton,45,ogni_batch_int,19,1.0,0.9204557399863234,19,608,1.0
bot->ton,45,martingala_int,19,1.0,0.7559675751849413,8,256,1.0
bot->ton,46,statico,0,0.0,0.95305,0,0,1.0
bot->ton,46,ogni_batch_int,0,0.0,0.95305,0,0,1.0
bot->ton,46,martingala_int,0,0.0,0.95305,0,0,1.0
bot->ton,46,statico,1,0.053,0.8236489566450567,0,0,1.0
bot->ton,46,ogni_batch_int,1,0.053,0.8236489566450567,1,32,1.0
bot->ton,46,martingala_int,1,0.053,0.8236489566450567,1,32,1.0
bot->ton,46,statico,2,0.105,0.8013702421793859,0,0,1.0
bot->ton,46,ogni_batch_int,2,0.105,0.8013702421793859,2,64,1.0
bot->ton,46,martingala_int,2,0.105,0.8013702421793859,2,64,1.0
bot->ton,46,statico,3,0.158,0.7872721735584542,0,0,1.0
bot->ton,46,ogni_batch_int,3,0.158,0.7872721735584542,3,96,1.0
bot->ton,46,martingala_int,3,0.158,0.7872721735584542,3,96,1.0
bot->ton,46,statico,4,0.211,0.7785507051562097,0,0,1.0
bot->ton,46,ogni_batch_int,4,0.211,0.8293818151374888,4,128,1.0
bot->ton,46,martingala_int,4,0.211,0.8293818151374888,4,128,1.0
bot->ton,46,statico,5,0.263,0.7534060374866232,0,0,1.0
bot->ton,46,ogni_batch_int,5,0.263,0.8302649214314901,5,160,1.0
bot->ton,46,martingala_int,5,0.263,0.8302649214314901,5,160,1.0
bot->ton,46,statico,6,0.316,0.7368414673260385,0,0,1.0
bot->ton,46,ogni_batch_int,6,0.316,0.8240120754777606,6,192,1.0
bot->ton,46,martingala_int,6,0.316,0.8240120754777606,6,192,1.0
bot->ton,46,statico,7,0.368,0.7128157589161802,0,0,1.0
bot->ton,46,ogni_batch_int,7,0.368,0.7938671867287088,7,224,1.0
bot->ton,46,martingala_int,7,0.368,0.7938671867287088,7,224,1.0
bot->ton,46,statico,8,0.421,0.6929123341180187,0,0,1.0
bot->ton,46,ogni_batch_int,8,0.421,0.8036540730108661,8,256,1.0
bot->ton,46,martingala_int,8,0.421,0.8036540730108661,8,256,1.0
bot->ton,46,statico,9,0.474,0.6738203877991908,0,0,1.0
bot->ton,46,ogni_batch_int,9,0.474,0.8151910788612106,9,288,1.0
bot->ton,46,martingala_int,9,0.474,0.8151910788612106,9,288,1.0
bot->ton,46,statico,10,0.526,0.6571514940773345,0,0,1.0
bot->ton,46,ogni_batch_int,10,0.526,0.7979438271421574,10,320,1.0
bot->ton,46,martingala_int,10,0.526,0.7979438271421574,10,320,1.0
bot->ton,46,statico,11,0.579,0.647060278758741,0,0,1.0
bot->ton,46,ogni_batch_int,11,0.579,0.7942890314958194,11,352,1.0
bot->ton,46,martingala_int,11,0.579,0.7942062913139607,10,320,1.0
bot->ton,46,statico,12,0.632,0.6163921568627451,0,0,1.0
bot->ton,46,ogni_batch_int,12,0.632,0.8866470588235293,12,384,1.0
bot->ton,46,martingala_int,12,0.632,0.8026274509803921,10,320,1.0
bot->ton,46,statico,13,0.684,0.5997402169324968,0,0,1.0
bot->ton,46,ogni_batch_int,13,0.684,0.88524414984183,13,416,1.0
bot->ton,46,martingala_int,13,0.684,0.7950717990125635,10,320,1.0
bot->ton,46,statico,14,0.737,0.5720618387599442,0,0,1.0
bot->ton,46,ogni_batch_int,14,0.737,0.8911079444490009,14,448,1.0
bot->ton,46,martingala_int,14,0.737,0.7834662647967413,10,320,1.0
bot->ton,46,statico,15,0.789,0.5504737677219033,0,0,1.0
bot->ton,46,ogni_batch_int,15,0.789,0.8572824419629225,15,480,1.0
bot->ton,46,martingala_int,15,0.789,0.7644629208565893,10,320,1.0
bot->ton,46,statico,16,0.842,0.5230971517117348,0,0,1.0
bot->ton,46,ogni_batch_int,16,0.842,0.843295259293134,16,512,1.0
bot->ton,46,martingala_int,16,0.842,0.7653547009162933,10,320,1.0
bot->ton,46,statico,17,0.895,0.5048727634897916,0,0,1.0
bot->ton,46,ogni_batch_int,17,0.895,0.8383047871809828,17,544,1.0
bot->ton,46,martingala_int,17,0.895,0.7642538078441137,10,320,1.0
bot->ton,46,statico,18,0.947,0.48064859895413015,0,0,1.0
bot->ton,46,ogni_batch_int,18,0.947,0.8362771589286075,18,576,1.0
bot->ton,46,martingala_int,18,0.947,0.7428276086089958,10,320,1.0
bot->ton,46,statico,19,1.0,0.4601130789179629,0,0,1.0
bot->ton,46,ogni_batch_int,19,1.0,0.834140990114741,19,608,1.0
bot->ton,46,martingala_int,19,1.0,0.7394589466106811,10,320,1.0
bot->ton,47,statico,0,0.0,0.92115,0,0,1.0
bot->ton,47,ogni_batch_int,0,0.0,0.92115,0,0,1.0
bot->ton,47,martingala_int,0,0.0,0.92115,0,0,1.0
bot->ton,47,statico,1,0.053,0.902848029771671,0,0,1.0
bot->ton,47,ogni_batch_int,1,0.053,0.902848029771671,1,32,1.0
bot->ton,47,martingala_int,1,0.053,0.902848029771671,1,32,1.0
bot->ton,47,statico,2,0.105,0.8967206372492582,0,0,1.0
bot->ton,47,ogni_batch_int,2,0.105,0.8273278924619589,2,64,1.0
bot->ton,47,martingala_int,2,0.105,0.8273278924619589,2,64,1.0
bot->ton,47,statico,3,0.158,0.8760086706991387,0,0,1.0
bot->ton,47,ogni_batch_int,3,0.158,0.7742042279054138,3,96,1.0
bot->ton,47,martingala_int,3,0.158,0.7742042279054138,3,96,1.0
bot->ton,47,statico,4,0.211,0.860592143079219,0,0,1.0
bot->ton,47,ogni_batch_int,4,0.211,0.7847368621747206,4,128,1.0
bot->ton,47,martingala_int,4,0.211,0.7847368621747206,4,128,1.0
bot->ton,47,statico,5,0.263,0.8479245213277149,0,0,1.0
bot->ton,47,ogni_batch_int,5,0.263,0.8656635142413586,5,160,1.0
bot->ton,47,martingala_int,5,0.263,0.8656635142413586,5,160,1.0
bot->ton,47,statico,6,0.316,0.8301015499483555,0,0,1.0
bot->ton,47,ogni_batch_int,6,0.316,0.8666190437688059,6,192,1.0
bot->ton,47,martingala_int,6,0.316,0.8666190437688059,6,192,1.0
bot->ton,47,statico,7,0.368,0.8074551260664653,0,0,1.0
bot->ton,47,ogni_batch_int,7,0.368,0.8593589960385712,7,224,1.0
bot->ton,47,martingala_int,7,0.368,0.8593589960385712,7,224,1.0
bot->ton,47,statico,8,0.421,0.7884132395766745,0,0,1.0
bot->ton,47,ogni_batch_int,8,0.421,0.857509056040912,8,256,1.0
bot->ton,47,martingala_int,8,0.421,0.857509056040912,8,256,1.0
bot->ton,47,statico,9,0.474,0.763769790229987,0,0,1.0
bot->ton,47,ogni_batch_int,9,0.474,0.8520652390736881,9,288,1.0
bot->ton,47,martingala_int,9,0.474,0.8520652390736881,9,288,1.0
bot->ton,47,statico,10,0.526,0.7359677647638535,0,0,1.0
bot->ton,47,ogni_batch_int,10,0.526,0.8600951493960844,10,320,1.0
bot->ton,47,martingala_int,10,0.526,0.8418405140956351,9,288,1.0
bot->ton,47,statico,11,0.579,0.727927200518443,0,0,1.0
bot->ton,47,ogni_batch_int,11,0.579,0.8634780331587699,11,352,1.0
bot->ton,47,martingala_int,11,0.579,0.8448456306266958,9,288,1.0
bot->ton,47,statico,12,0.632,0.7066346062367135,0,0,1.0
bot->ton,47,ogni_batch_int,12,0.632,0.9047568223124891,12,384,1.0
bot->ton,47,martingala_int,12,0.632,0.8345436029802227,9,288,1.0
bot->ton,47,statico,13,0.684,0.6802003761851753,0,0,1.0
bot->ton,47,ogni_batch_int,13,0.684,0.9091055822735989,13,416,1.0
bot->ton,47,martingala_int,13,0.684,0.8247362773753315,9,288,1.0
bot->ton,47,statico,14,0.737,0.6574842784642542,0,0,1.0
bot->ton,47,ogni_batch_int,14,0.737,0.8511680825242718,14,448,1.0
bot->ton,47,martingala_int,14,0.737,0.8232099514563107,9,288,1.0
bot->ton,47,statico,15,0.789,0.6353112160911082,0,0,1.0
bot->ton,47,ogni_batch_int,15,0.789,0.8552786517711983,15,480,1.0
bot->ton,47,martingala_int,15,0.789,0.8196396627442004,9,288,1.0
bot->ton,47,statico,16,0.842,0.6142573549441516,0,0,1.0
bot->ton,47,ogni_batch_int,16,0.842,0.8720484500027231,16,512,1.0
bot->ton,47,martingala_int,16,0.842,0.8171516997376758,9,288,1.0
bot->ton,47,statico,17,0.895,0.5834905036066442,0,0,1.0
bot->ton,47,ogni_batch_int,17,0.895,0.8632972285282149,17,544,1.0
bot->ton,47,martingala_int,17,0.895,0.8011576052189642,9,288,1.0
bot->ton,47,statico,18,0.947,0.5634901726352289,0,0,1.0
bot->ton,47,ogni_batch_int,18,0.947,0.8581551200766815,18,576,1.0
bot->ton,47,martingala_int,18,0.947,0.8044588585915444,9,288,1.0
bot->ton,47,statico,19,1.0,0.5331937828145241,0,0,1.0
bot->ton,47,ogni_batch_int,19,1.0,0.8673050762359495,19,608,1.0
bot->ton,47,martingala_int,19,1.0,0.7917162339704928,9,288,1.0
bot->ton,48,statico,0,0.0,0.9196,0,0,1.0
bot->ton,48,ogni_batch_int,0,0.0,0.9196,0,0,1.0
bot->ton,48,martingala_int,0,0.0,0.9196,0,0,1.0
bot->ton,48,statico,1,0.053,0.8161889208011863,0,0,1.0
bot->ton,48,ogni_batch_int,1,0.053,0.8161889208011863,1,32,1.0
bot->ton,48,martingala_int,1,0.053,0.8161889208011863,1,32,1.0
bot->ton,48,statico,2,0.105,0.7841511162268785,0,0,1.0
bot->ton,48,ogni_batch_int,2,0.105,0.7840612401745756,2,64,1.0
bot->ton,48,martingala_int,2,0.105,0.7840612401745756,2,64,1.0
bot->ton,48,statico,3,0.158,0.7659365688766431,0,0,1.0
bot->ton,48,ogni_batch_int,3,0.158,0.7910892277337268,3,96,1.0
bot->ton,48,martingala_int,3,0.158,0.7910892277337268,3,96,1.0
bot->ton,48,statico,4,0.211,0.757922895793171,0,0,1.0
bot->ton,48,ogni_batch_int,4,0.211,0.8417348153296733,4,128,1.0
bot->ton,48,martingala_int,4,0.211,0.8417348153296733,4,128,1.0
bot->ton,48,statico,5,0.263,0.7477552152454741,0,0,1.0
bot->ton,48,ogni_batch_int,5,0.263,0.850997223947692,5,160,1.0
bot->ton,48,martingala_int,5,0.263,0.850997223947692,5,160,1.0
bot->ton,48,statico,6,0.316,0.7270414725953207,0,0,1.0
bot->ton,48,ogni_batch_int,6,0.316,0.844249846548238,6,192,1.0
bot->ton,48,martingala_int,6,0.316,0.844249846548238,6,192,1.0
bot->ton,48,statico,7,0.368,0.7106583931419457,0,0,1.0
bot->ton,48,ogni_batch_int,7,0.368,0.9217553827751197,7,224,1.0
bot->ton,48,martingala_int,7,0.368,0.8333183811802234,6,192,1.0
bot->ton,48,statico,8,0.421,0.6876485653605519,0,0,1.0
bot->ton,48,ogni_batch_int,8,0.421,0.9403505689598829,8,256,1.0
bot->ton,48,martingala_int,8,0.421,0.8390541264389599,6,192,1.0
bot->ton,48,statico,9,0.474,0.6816556799724778,0,0,1.0
bot->ton,48,ogni_batch_int,9,0.474,0.9172608213153224,9,288,1.0
bot->ton,48,martingala_int,9,0.474,0.8326225633883049,6,192,1.0
bot->ton,48,statico,10,0.526,0.6588378286592668,0,0,1.0
bot->ton,48,ogni_batch_int,10,0.526,0.9275097041247371,10,320,1.0
bot->ton,48,martingala_int,10,0.526,0.8320918309590625,6,192,1.0
bot->ton,48,statico,11,0.579,0.6301817562066971,0,0,1.0
bot->ton,48,ogni_batch_int,11,0.579,0.9263151656624531,11,352,1.0
bot->ton,48,martingala_int,11,0.579,0.8269352938789534,6,192,1.0
bot->ton,48,statico,12,0.632,0.6147688308121424,0,0,1.0
bot->ton,48,ogni_batch_int,12,0.632,0.9241506580087333,12,384,1.0
bot->ton,48,martingala_int,12,0.632,0.819354511191256,6,192,1.0
bot->ton,48,statico,13,0.684,0.5922874074144056,0,0,1.0
bot->ton,48,ogni_batch_int,13,0.684,0.8534549542740534,13,416,1.0
bot->ton,48,martingala_int,13,0.684,0.8198554767213362,6,192,1.0
bot->ton,48,statico,14,0.737,0.5655927713420745,0,0,1.0
bot->ton,48,ogni_batch_int,14,0.737,0.8524636537221597,14,448,1.0
bot->ton,48,martingala_int,14,0.737,0.8132526955584112,6,192,1.0
bot->ton,48,statico,15,0.789,0.5478320527174423,0,0,1.0
bot->ton,48,ogni_batch_int,15,0.789,0.8506185025999147,15,480,1.0
bot->ton,48,martingala_int,15,0.789,0.8098687326535678,6,192,1.0
bot->ton,48,statico,16,0.842,0.5288533237862958,0,0,1.0
bot->ton,48,ogni_batch_int,16,0.842,0.8328470970968493,16,512,1.0
bot->ton,48,martingala_int,16,0.842,0.8023441882652915,6,192,1.0
bot->ton,48,statico,17,0.895,0.5013277153376889,0,0,1.0
bot->ton,48,ogni_batch_int,17,0.895,0.842455049473988,17,544,1.0
bot->ton,48,martingala_int,17,0.895,0.8040925005630969,6,192,1.0
bot->ton,48,statico,18,0.947,0.47629977757319714,0,0,1.0
bot->ton,48,ogni_batch_int,18,0.947,0.8509046780817959,18,576,1.0
bot->ton,48,martingala_int,18,0.947,0.7944769467707271,6,192,1.0
bot->ton,48,statico,19,1.0,0.45774055260545293,0,0,1.0
bot->ton,48,ogni_batch_int,19,1.0,0.8484487450581365,19,608,1.0
bot->ton,48,martingala_int,19,1.0,0.7864411648842393,6,192,1.0
bot->ton,49,statico,0,0.0,0.9274,0,0,1.0
bot->ton,49,ogni_batch_int,0,0.0,0.9274,0,0,1.0
bot->ton,49,martingala_int,0,0.0,0.9274,0,0,1.0
bot->ton,49,statico,1,0.053,0.8014886720214445,0,0,1.0
bot->ton,49,ogni_batch_int,1,0.053,0.8014886720214445,1,32,1.0
bot->ton,49,martingala_int,1,0.053,0.8014886720214445,1,32,1.0
bot->ton,49,statico,2,0.105,0.8028872493174289,0,0,1.0
bot->ton,49,ogni_batch_int,2,0.105,0.8028872493174289,2,64,1.0
bot->ton,49,martingala_int,2,0.105,0.8028872493174289,2,64,1.0
bot->ton,49,statico,3,0.158,0.7647314370282802,0,0,1.0
bot->ton,49,ogni_batch_int,3,0.158,0.7647314370282802,3,96,1.0
bot->ton,49,martingala_int,3,0.158,0.7647314370282802,3,96,1.0
bot->ton,49,statico,4,0.211,0.7609060563304182,0,0,1.0
bot->ton,49,ogni_batch_int,4,0.211,0.863711136165293,4,128,1.0
bot->ton,49,martingala_int,4,0.211,0.863711136165293,4,128,1.0
bot->ton,49,statico,5,0.263,0.7431316230513232,0,0,1.0
bot->ton,49,ogni_batch_int,5,0.263,0.9132935556236621,5,160,1.0
bot->ton,49,martingala_int,5,0.263,0.9132935556236621,5,160,1.0
bot->ton,49,statico,6,0.316,0.7282400927774462,0,0,1.0
bot->ton,49,ogni_batch_int,6,0.316,0.9236617368038067,6,192,1.0
bot->ton,49,martingala_int,6,0.316,0.9236617368038067,6,192,1.0
bot->ton,49,statico,7,0.368,0.7019898894077966,0,0,1.0
bot->ton,49,ogni_batch_int,7,0.368,0.9264210165726147,7,224,1.0
bot->ton,49,martingala_int,7,0.368,0.9264210165726147,7,224,1.0
bot->ton,49,statico,8,0.421,0.6841446116994281,0,0,1.0
bot->ton,49,ogni_batch_int,8,0.421,0.9094042378135163,8,256,1.0
bot->ton,49,martingala_int,8,0.421,0.9094042378135163,8,256,1.0
bot->ton,49,statico,9,0.474,0.6779650107273754,0,0,1.0
bot->ton,49,ogni_batch_int,9,0.474,0.9160272084135648,9,288,1.0
bot->ton,49,martingala_int,9,0.474,0.9088366492146327,8,256,1.0
bot->ton,49,statico,10,0.526,0.6439125932988505,0,0,1.0
bot->ton,49,ogni_batch_int,10,0.526,0.9038457835594957,10,320,1.0
bot->ton,49,martingala_int,10,0.526,0.8984985365929467,8,256,1.0
bot->ton,49,statico,11,0.579,0.6324287712966958,0,0,1.0
bot->ton,49,ogni_batch_int,11,0.579,0.8976513814249663,11,352,1.0
bot->ton,49,martingala_int,11,0.579,0.8913754102433348,8,256,1.0
bot->ton,49,statico,12,0.632,0.6181784423339747,0,0,1.0
bot->ton,49,ogni_batch_int,12,0.632,0.8989639691119252,12,384,1.0
bot->ton,49,martingala_int,12,0.632,0.8853597362973843,8,256,1.0
bot->ton,49,statico,13,0.684,0.5909185779248054,0,0,1.0
bot->ton,49,ogni_batch_int,13,0.684,0.8909409351538775,13,416,1.0
bot->ton,49,martingala_int,13,0.684,0.8798424573050104,8,256,1.0
bot->ton,49,statico,14,0.737,0.5643380760878832,0,0,1.0
bot->ton,49,ogni_batch_int,14,0.737,0.8915325325545137,14,448,1.0
bot->ton,49,martingala_int,14,0.737,0.8723049949081132,8,256,1.0
bot->ton,49,statico,15,0.789,0.5520477989489532,0,0,1.0
bot->ton,49,ogni_batch_int,15,0.789,0.8878126749750817,15,480,1.0
bot->ton,49,martingala_int,15,0.789,0.8638001121476521,8,256,1.0
bot->ton,49,statico,16,0.842,0.5240660478709318,0,0,1.0
bot->ton,49,ogni_batch_int,16,0.842,0.8725654821148909,16,512,1.0
bot->ton,49,martingala_int,16,0.842,0.854530334689396,8,256,1.0
bot->ton,49,statico,17,0.895,0.49108242041059375,0,0,1.0
bot->ton,49,ogni_batch_int,17,0.895,0.8906217817814674,17,544,1.0
bot->ton,49,martingala_int,17,0.895,0.8507906140814196,8,256,1.0
bot->ton,49,statico,18,0.947,0.4753096426059433,0,0,1.0
bot->ton,49,ogni_batch_int,18,0.947,0.9196074013832718,18,576,1.0
bot->ton,49,martingala_int,18,0.947,0.8417818782603599,8,256,1.0
bot->ton,49,statico,19,1.0,0.45353892146524566,0,0,1.0
bot->ton,49,ogni_batch_int,19,1.0,0.9092689571851418,19,608,1.0
bot->ton,49,martingala_int,19,1.0,0.839355425209569,8,256,1.0
bot->ton,50,statico,0,0.0,0.92,0,0,1.0
bot->ton,50,ogni_batch_int,0,0.0,0.92,0,0,1.0
bot->ton,50,martingala_int,0,0.0,0.92,0,0,1.0
bot->ton,50,statico,1,0.053,0.928606437927141,0,0,1.0
bot->ton,50,ogni_batch_int,1,0.053,0.928606437927141,1,32,1.0
bot->ton,50,martingala_int,1,0.053,0.928606437927141,1,32,1.0
bot->ton,50,statico,2,0.105,0.8992901084542649,0,0,1.0
bot->ton,50,ogni_batch_int,2,0.105,0.8992901084542649,2,64,1.0
bot->ton,50,martingala_int,2,0.105,0.8992901084542649,2,64,1.0
bot->ton,50,statico,3,0.158,0.8894992758913602,0,0,1.0
bot->ton,50,ogni_batch_int,3,0.158,0.772188949817191,3,96,1.0
bot->ton,50,martingala_int,3,0.158,0.772188949817191,3,96,1.0
bot->ton,50,statico,4,0.211,0.8677649188761337,0,0,1.0
bot->ton,50,ogni_batch_int,4,0.211,0.7309266731449396,4,128,1.0
bot->ton,50,martingala_int,4,0.211,0.7309266731449396,4,128,1.0
bot->ton,50,statico,5,0.263,0.8545359710372769,0,0,1.0
bot->ton,50,ogni_batch_int,5,0.263,0.7754385363668514,5,160,1.0
bot->ton,50,martingala_int,5,0.263,0.7754385363668514,5,160,1.0
bot->ton,50,statico,6,0.316,0.8329427575989168,0,0,1.0
bot->ton,50,ogni_batch_int,6,0.316,0.7550070370265217,6,192,1.0
bot->ton,50,martingala_int,6,0.316,0.7550070370265217,6,192,1.0
bot->ton,50,statico,7,0.368,0.819805264876432,0,0,1.0
bot->ton,50,ogni_batch_int,7,0.368,0.7787799627165621,7,224,1.0
bot->ton,50,martingala_int,7,0.368,0.7787799627165621,7,224,1.0
bot->ton,50,statico,8,0.421,0.7959590869142783,0,0,1.0
bot->ton,50,ogni_batch_int,8,0.421,0.7764099471591075,8,256,1.0
bot->ton,50,martingala_int,8,0.421,0.7764099471591075,8,256,1.0
bot->ton,50,statico,9,0.474,0.7825937812265653,0,0,1.0
bot->ton,50,ogni_batch_int,9,0.474,0.8564202290530547,9,288,1.0
bot->ton,50,martingala_int,9,0.474,0.8564202290530547,9,288,1.0
bot->ton,50,statico,10,0.526,0.7581798274160081,0,0,1.0
bot->ton,50,ogni_batch_int,10,0.526,0.857665729787056,10,320,1.0
bot->ton,50,martingala_int,10,0.526,0.857665729787056,10,320,1.0
bot->ton,50,statico,11,0.579,0.7400540784563379,0,0,1.0
bot->ton,50,ogni_batch_int,11,0.579,0.8557859116227456,11,352,1.0
bot->ton,50,martingala_int,11,0.579,0.8558796805032365,10,320,1.0
bot->ton,50,statico,12,0.632,0.7185256859501085,0,0,1.0
bot->ton,50,ogni_batch_int,12,0.632,0.8514469630271809,12,384,1.0
bot->ton,50,martingala_int,12,0.632,0.8610615059083953,10,320,1.0
bot->ton,50,statico,13,0.684,0.6982837144637807,0,0,1.0
bot->ton,50,ogni_batch_int,13,0.684,0.8460256963421066,13,416,1.0
bot->ton,50,martingala_int,13,0.684,0.85618559398236,10,320,1.0
bot->ton,50,statico,14,0.737,0.674766726580301,0,0,1.0
bot->ton,50,ogni_batch_int,14,0.737,0.8467030708931805,14,448,1.0
bot->ton,50,martingala_int,14,0.737,0.8606406475274238,10,320,1.0
bot->ton,50,statico,15,0.789,0.6536148145238009,0,0,1.0
bot->ton,50,ogni_batch_int,15,0.789,0.8542776003409139,15,480,1.0
bot->ton,50,martingala_int,15,0.789,0.8563823752611275,10,320,1.0
bot->ton,50,statico,16,0.842,0.624113489491041,0,0,1.0
bot->ton,50,ogni_batch_int,16,0.842,0.8492624353659668,16,512,1.0
bot->ton,50,martingala_int,16,0.842,0.853655506153604,10,320,1.0
bot->ton,50,statico,17,0.895,0.6026130358191427,0,0,1.0
bot->ton,50,ogni_batch_int,17,0.895,0.8641546844577681,17,544,1.0
bot->ton,50,martingala_int,17,0.895,0.8615031137002812,10,320,1.0
bot->ton,50,statico,18,0.947,0.5763217185933518,0,0,1.0
bot->ton,50,ogni_batch_int,18,0.947,0.8690167199177687,18,576,1.0
bot->ton,50,martingala_int,18,0.947,0.8627287627678502,10,320,1.0
bot->ton,50,statico,19,1.0,0.5551005743369555,0,0,1.0
bot->ton,50,ogni_batch_int,19,1.0,0.8653567903558654,19,608,1.0
bot->ton,50,martingala_int,19,1.0,0.8593750032511485,10,320,1.0
bot->ton,51,statico,0,0.0,0.92575,0,0,1.0
bot->ton,51,ogni_batch_int,0,0.0,0.92575,0,0,1.0
bot->ton,51,martingala_int,0,0.0,0.92575,0,0,1.0
bot->ton,51,statico,1,0.053,0.9036785470903352,0,0,1.0
bot->ton,51,ogni_batch_int,1,0.053,0.9036785470903352,1,32,1.0
bot->ton,51,martingala_int,1,0.053,0.9036785470903352,1,32,1.0
bot->ton,51,statico,2,0.105,0.910289760659895,0,0,1.0
bot->ton,51,ogni_batch_int,2,0.105,0.910289760659895,2,64,1.0
bot->ton,51,martingala_int,2,0.105,0.910289760659895,2,64,1.0
bot->ton,51,statico,3,0.158,0.8920628036789697,0,0,1.0
bot->ton,51,ogni_batch_int,3,0.158,0.5326844902249122,3,96,1.0
bot->ton,51,martingala_int,3,0.158,0.5326844902249122,3,96,1.0
bot->ton,51,statico,4,0.211,0.8569753092281385,0,0,1.0
bot->ton,51,ogni_batch_int,4,0.211,0.7688981104065724,4,128,1.0
bot->ton,51,martingala_int,4,0.211,0.7688981104065724,4,128,1.0
bot->ton,51,statico,5,0.263,0.8561594793092302,0,0,1.0
bot->ton,51,ogni_batch_int,5,0.263,0.7791178853145357,5,160,1.0
bot->ton,51,martingala_int,5,0.263,0.7791178853145357,5,160,1.0
bot->ton,51,statico,6,0.316,0.8378712742164409,0,0,1.0
bot->ton,51,ogni_batch_int,6,0.316,0.7784517141823631,6,192,1.0
bot->ton,51,martingala_int,6,0.316,0.7784517141823631,6,192,1.0
bot->ton,51,statico,7,0.368,0.8180059520917358,0,0,1.0
bot->ton,51,ogni_batch_int,7,0.368,0.7655481652889624,7,224,1.0
bot->ton,51,martingala_int,7,0.368,0.7655481652889624,7,224,1.0
bot->ton,51,statico,8,0.421,0.8033425478254166,0,0,1.0
bot->ton,51,ogni_batch_int,8,0.421,0.8083406755581009,8,256,1.0
bot->ton,51,martingala_int,8,0.421,0.8083406755581009,8,256,1.0
bot->ton,51,statico,9,0.474,0.7838134921522296,0,0,1.0
bot->ton,51,ogni_batch_int,9,0.474,0.792285034201222,9,288,1.0
bot->ton,51,martingala_int,9,0.474,0.792285034201222,9,288,1.0
bot->ton,51,statico,10,0.526,0.7659391243558953,0,0,1.0
bot->ton,51,ogni_batch_int,10,0.526,0.8740127698856351,10,320,1.0
bot->ton,51,martingala_int,10,0.526,0.7901039387726376,9,288,1.0
bot->ton,51,statico,11,0.579,0.7447381833282996,0,0,1.0
bot->ton,51,ogni_batch_int,11,0.579,0.8692898671096345,11,352,1.0
bot->ton,51,martingala_int,11,0.579,0.7654679207835353,9,288,1.0
bot->ton,51,statico,12,0.632,0.7197574055680881,0,0,1.0
bot->ton,51,ogni_batch_int,12,0.632,0.8645672832417646,12,384,1.0
bot->ton,51,martingala_int,12,0.632,0.7560108648404178,9,288,1.0
bot->ton,51,statico,13,0.684,0.703946831664223,0,0,1.0
bot->ton,51,ogni_batch_int,13,0.684,0.8652202673941805,13,416,1.0
bot->ton,51,martingala_int,13,0.684,0.7552040350953395,9,288,1.0
bot->ton,51,statico,14,0.737,0.6803109823714907,0,0,1.0
bot->ton,51,ogni_batch_int,14,0.737,0.8591344167185067,14,448,1.0
bot->ton,51,martingala_int,14,0.737,0.7378165001735386,9,288,1.0
bot->ton,51,statico,15,0.789,0.6557481607328246,0,0,1.0
bot->ton,51,ogni_batch_int,15,0.789,0.9210956762169631,15,480,1.0
bot->ton,51,martingala_int,15,0.789,0.7273762088656149,9,288,1.0
bot->ton,51,statico,16,0.842,0.6363365490304016,0,0,1.0
bot->ton,51,ogni_batch_int,16,0.842,0.9224641085620027,16,512,1.0
bot->ton,51,martingala_int,16,0.842,0.7164360879351823,9,288,1.0
bot->ton,51,statico,17,0.895,0.6107395130946042,0,0,1.0
bot->ton,51,ogni_batch_int,17,0.895,0.9185970492480111,17,544,1.0
bot->ton,51,martingala_int,17,0.895,0.7074011067835355,9,288,1.0
bot->ton,51,statico,18,0.947,0.5850951049904555,0,0,1.0
bot->ton,51,ogni_batch_int,18,0.947,0.9173313789655486,18,576,1.0
bot->ton,51,martingala_int,18,0.947,0.6891953004272339,9,288,1.0
bot->ton,51,statico,19,1.0,0.563041307935727,0,0,1.0
bot->ton,51,ogni_batch_int,19,1.0,0.8598419067134078,19,608,1.0
bot->ton,51,martingala_int,19,1.0,0.6806586858373652,9,288,1.0
ton->unsw,42,statico,0,0.0,0.96965,0,0,1.0
ton->unsw,42,ogni_batch_int,0,0.0,0.96965,0,0,1.0
ton->unsw,42,martingala_int,0,0.0,0.96965,0,0,1.0
ton->unsw,42,statico,1,0.053,0.521519447473646,0,0,1.0
ton->unsw,42,ogni_batch_int,1,0.053,0.521519447473646,1,32,1.0
ton->unsw,42,martingala_int,1,0.053,0.521519447473646,1,32,1.0
ton->unsw,42,statico,2,0.105,0.5066009090801303,0,0,1.0
ton->unsw,42,ogni_batch_int,2,0.105,0.5066009090801303,2,64,1.0
ton->unsw,42,martingala_int,2,0.105,0.5066009090801303,2,64,1.0
ton->unsw,42,statico,3,0.158,0.4886999894193829,0,0,1.0
ton->unsw,42,ogni_batch_int,3,0.158,0.6422350536448457,3,96,1.0
ton->unsw,42,martingala_int,3,0.158,0.6422350536448457,3,96,1.0
ton->unsw,42,statico,4,0.211,0.4827041416180483,0,0,1.0
ton->unsw,42,ogni_batch_int,4,0.211,0.665225493023359,4,128,1.0
ton->unsw,42,martingala_int,4,0.211,0.665225493023359,4,128,1.0
ton->unsw,42,statico,5,0.263,0.47269703104049754,0,0,1.0
ton->unsw,42,ogni_batch_int,5,0.263,0.7377682744154801,5,160,1.0
ton->unsw,42,martingala_int,5,0.263,0.7377682744154801,5,160,1.0
ton->unsw,42,statico,6,0.316,0.459255452812097,0,0,1.0
ton->unsw,42,ogni_batch_int,6,0.316,0.6726364324840073,6,192,1.0
ton->unsw,42,martingala_int,6,0.316,0.6726364324840073,6,192,1.0
ton->unsw,42,statico,7,0.368,0.448055049562826,0,0,1.0
ton->unsw,42,ogni_batch_int,7,0.368,0.712700112835232,7,224,1.0
ton->unsw,42,martingala_int,7,0.368,0.712700112835232,7,224,1.0
ton->unsw,42,statico,8,0.421,0.4334649056621724,0,0,1.0
ton->unsw,42,ogni_batch_int,8,0.421,0.7026635789548668,8,256,1.0
ton->unsw,42,martingala_int,8,0.421,0.7026635789548668,8,256,1.0
ton->unsw,42,statico,9,0.474,0.42247939661003375,0,0,1.0
ton->unsw,42,ogni_batch_int,9,0.474,0.7200833428094617,9,288,1.0
ton->unsw,42,martingala_int,9,0.474,0.693711554550035,8,256,1.0
ton->unsw,42,statico,10,0.526,0.4016542298441222,0,0,1.0
ton->unsw,42,ogni_batch_int,10,0.526,0.706330648250363,10,320,1.0
ton->unsw,42,martingala_int,10,0.526,0.6776858816236802,8,256,1.0
ton->unsw,42,statico,11,0.579,0.38364772087260723,0,0,1.0
ton->unsw,42,ogni_batch_int,11,0.579,0.665449131027807,11,352,1.0
ton->unsw,42,martingala_int,11,0.579,0.655250489108903,8,256,1.0
ton->unsw,42,statico,12,0.632,0.3683667366745669,0,0,1.0
ton->unsw,42,ogni_batch_int,12,0.632,0.6549998374969925,12,384,1.0
ton->unsw,42,martingala_int,12,0.632,0.6440116431258294,8,256,1.0
ton->unsw,42,statico,13,0.684,0.35446075207615524,0,0,1.0
ton->unsw,42,ogni_batch_int,13,0.684,0.6502484842399978,13,416,1.0
ton->unsw,42,martingala_int,13,0.684,0.6205480296200836,8,256,1.0
ton->unsw,42,statico,14,0.737,0.33330300352464104,0,0,1.0
ton->unsw,42,ogni_batch_int,14,0.737,0.6207652498297318,14,448,1.0
ton->unsw,42,martingala_int,14,0.737,0.6043144358877821,8,256,1.0
ton->unsw,42,statico,15,0.789,0.31433260752275655,0,0,1.0
ton->unsw,42,ogni_batch_int,15,0.789,0.6352619781656264,15,480,1.0
ton->unsw,42,martingala_int,15,0.789,0.5916474619670903,8,256,1.0
ton->unsw,42,statico,16,0.842,0.2987815588273314,0,0,1.0
ton->unsw,42,ogni_batch_int,16,0.842,0.7575906687242707,16,512,1.0
ton->unsw,42,martingala_int,16,0.842,0.5673007494754677,8,256,1.0
ton->unsw,42,statico,17,0.895,0.272903295261972,0,0,1.0
ton->unsw,42,ogni_batch_int,17,0.895,0.7509333588232114,17,544,1.0
ton->unsw,42,martingala_int,17,0.895,0.5427798340200656,8,256,1.0
ton->unsw,42,statico,18,0.947,0.2523685789639506,0,0,1.0
ton->unsw,42,ogni_batch_int,18,0.947,0.7278007300952196,18,576,1.0
ton->unsw,42,martingala_int,18,0.947,0.5236072470689872,8,256,1.0
ton->unsw,42,statico,19,1.0,0.22921182774955765,0,0,1.0
ton->unsw,42,ogni_batch_int,19,1.0,0.7300168660048353,19,608,1.0
ton->unsw,42,martingala_int,19,1.0,0.499517743152219,8,256,1.0
ton->unsw,43,statico,0,0.0,0.95965,0,0,1.0
ton->unsw,43,ogni_batch_int,0,0.0,0.95965,0,0,1.0
ton->unsw,43,martingala_int,0,0.0,0.95965,0,0,1.0
ton->unsw,43,statico,1,0.053,0.5103779193205944,0,0,1.0
ton->unsw,43,ogni_batch_int,1,0.053,0.5103779193205944,1,32,1.0
ton->unsw,43,martingala_int,1,0.053,0.5103779193205944,1,32,1.0
ton->unsw,43,statico,2,0.105,0.4969985379632069,0,0,1.0
ton->unsw,43,ogni_batch_int,2,0.105,0.6025812072890325,2,64,1.0
ton->unsw,43,martingala_int,2,0.105,0.6025812072890325,2,64,1.0
ton->unsw,43,statico,3,0.158,0.48172253778394597,0,0,1.0
ton->unsw,43,ogni_batch_int,3,0.158,0.5887208542581756,3,96,1.0
ton->unsw,43,martingala_int,3,0.158,0.5887208542581756,3,96,1.0
ton->unsw,43,statico,4,0.211,0.47424546429291803,0,0,1.0
ton->unsw,43,ogni_batch_int,4,0.211,0.5805496282613388,4,128,1.0
ton->unsw,43,martingala_int,4,0.211,0.5805496282613388,4,128,1.0
ton->unsw,43,statico,5,0.263,0.4567561817857407,0,0,1.0
ton->unsw,43,ogni_batch_int,5,0.263,0.6042845643255649,5,160,1.0
ton->unsw,43,martingala_int,5,0.263,0.6042845643255649,5,160,1.0
ton->unsw,43,statico,6,0.316,0.450504763842964,0,0,1.0
ton->unsw,43,ogni_batch_int,6,0.316,0.6447719087298845,6,192,1.0
ton->unsw,43,martingala_int,6,0.316,0.6447719087298845,6,192,1.0
ton->unsw,43,statico,7,0.368,0.43597936851499886,0,0,1.0
ton->unsw,43,ogni_batch_int,7,0.368,0.6666705753786972,7,224,1.0
ton->unsw,43,martingala_int,7,0.368,0.6666705753786972,7,224,1.0
ton->unsw,43,statico,8,0.421,0.4216508873361543,0,0,1.0
ton->unsw,43,ogni_batch_int,8,0.421,0.6609924232420257,8,256,1.0
ton->unsw,43,martingala_int,8,0.421,0.6609924232420257,8,256,1.0
ton->unsw,43,statico,9,0.474,0.4081203384419818,0,0,1.0
ton->unsw,43,ogni_batch_int,9,0.474,0.6009163728136351,9,288,1.0
ton->unsw,43,martingala_int,9,0.474,0.6009163728136351,9,288,1.0
ton->unsw,43,statico,10,0.526,0.39059405201289105,0,0,1.0
ton->unsw,43,ogni_batch_int,10,0.526,0.6640437054906982,10,320,1.0
ton->unsw,43,martingala_int,10,0.526,0.5924675781052191,9,288,1.0
ton->unsw,43,statico,11,0.579,0.3770394918540664,0,0,1.0
ton->unsw,43,ogni_batch_int,11,0.579,0.6479638680799359,11,352,1.0
ton->unsw,43,martingala_int,11,0.579,0.5896536134422142,9,288,1.0
ton->unsw,43,statico,12,0.632,0.3567527002305178,0,0,1.0
ton->unsw,43,ogni_batch_int,12,0.632,0.7086626849948177,12,384,1.0
ton->unsw,43,martingala_int,12,0.632,0.578154469610725,9,288,1.0
ton->unsw,43,statico,13,0.684,0.3393869845435798,0,0,1.0
ton->unsw,43,ogni_batch_int,13,0.684,0.7097288927366212,13,416,1.0
ton->unsw,43,martingala_int,13,0.684,0.5787048070728903,9,288,1.0
ton->unsw,43,statico,14,0.737,0.3199442090700336,0,0,1.0
ton->unsw,43,ogni_batch_int,14,0.737,0.7074038972705289,14,448,1.0
ton->unsw,43,martingala_int,14,0.737,0.5625474439512705,9,288,1.0
ton->unsw,43,statico,15,0.789,0.2995667422190487,0,0,1.0
ton->unsw,43,ogni_batch_int,15,0.789,0.6441591447012276,15,480,1.0
ton->unsw,43,martingala_int,15,0.789,0.5446232919853501,9,288,1.0
ton->unsw,43,statico,16,0.842,0.28123628121693434,0,0,1.0
ton->unsw,43,ogni_batch_int,16,0.842,0.7249842390493992,16,512,1.0
ton->unsw,43,martingala_int,16,0.842,0.5423449639321796,9,288,1.0
ton->unsw,43,statico,17,0.895,0.25455227118227186,0,0,1.0
ton->unsw,43,ogni_batch_int,17,0.895,0.7270414222744503,17,544,1.0
ton->unsw,43,martingala_int,17,0.895,0.5250856013272618,9,288,1.0
ton->unsw,43,statico,18,0.947,0.23469306808735865,0,0,1.0
ton->unsw,43,ogni_batch_int,18,0.947,0.7129793575586973,18,576,1.0
ton->unsw,43,martingala_int,18,0.947,0.5124127233460773,9,288,1.0
ton->unsw,43,statico,19,1.0,0.20937444476853145,0,0,1.0
ton->unsw,43,ogni_batch_int,19,1.0,0.7070987393246843,19,608,1.0
ton->unsw,43,martingala_int,19,1.0,0.500807737176253,9,288,1.0
ton->unsw,44,statico,0,0.0,0.9789,0,0,1.0
ton->unsw,44,ogni_batch_int,0,0.0,0.9789,0,0,1.0
ton->unsw,44,martingala_int,0,0.0,0.9789,0,0,1.0
ton->unsw,44,statico,1,0.053,0.5403565884403171,0,0,1.0
ton->unsw,44,ogni_batch_int,1,0.053,0.5403565884403171,1,32,1.0
ton->unsw,44,martingala_int,1,0.053,0.5403565884403171,0,0,1.0
ton->unsw,44,statico,2,0.105,0.5366852414389317,0,0,1.0
ton->unsw,44,ogni_batch_int,2,0.105,0.5883040647577003,2,64,1.0
ton->unsw,44,martingala_int,2,0.105,0.5366852414389317,0,0,1.0
ton->unsw,44,statico,3,0.158,0.5405140305233832,0,0,1.0
ton->unsw,44,ogni_batch_int,3,0.158,0.5660517817292688,3,96,1.0
ton->unsw,44,martingala_int,3,0.158,0.5405140305233832,0,0,1.0
ton->unsw,44,statico,4,0.211,0.5204045522521672,0,0,1.0
ton->unsw,44,ogni_batch_int,4,0.211,0.6559453168863721,4,128,1.0
ton->unsw,44,martingala_int,4,0.211,0.5204045522521672,0,0,1.0
ton->unsw,44,statico,5,0.263,0.5284434006278935,0,0,1.0
ton->unsw,44,ogni_batch_int,5,0.263,0.6825147790409476,5,160,1.0
ton->unsw,44,martingala_int,5,0.263,0.5284434006278935,0,0,1.0
ton->unsw,44,statico,6,0.316,0.5214292852672211,0,0,1.0
ton->unsw,44,ogni_batch_int,6,0.316,0.6597967370739051,6,192,1.0
ton->unsw,44,martingala_int,6,0.316,0.5214292852672211,0,0,1.0
ton->unsw,44,statico,7,0.368,0.5156815654365152,0,0,1.0
ton->unsw,44,ogni_batch_int,7,0.368,0.6853058339808661,7,224,1.0
ton->unsw,44,martingala_int,7,0.368,0.5156815654365152,0,0,1.0
ton->unsw,44,statico,8,0.421,0.5057514305252182,0,0,1.0
ton->unsw,44,ogni_batch_int,8,0.421,0.6871468849297406,8,256,1.0
ton->unsw,44,martingala_int,8,0.421,0.5057514305252182,0,0,1.0
ton->unsw,44,statico,9,0.474,0.5033043946741443,0,0,1.0
ton->unsw,44,ogni_batch_int,9,0.474,0.7060903820037385,9,288,1.0
ton->unsw,44,martingala_int,9,0.474,0.5033043946741443,0,0,1.0
ton->unsw,44,statico,10,0.526,0.4978249765503587,0,0,1.0
ton->unsw,44,ogni_batch_int,10,0.526,0.7490489167292929,10,320,1.0
ton->unsw,44,martingala_int,10,0.526,0.4978249765503587,0,0,1.0
ton->unsw,44,statico,11,0.579,0.49611710338126574,0,0,1.0
ton->unsw,44,ogni_batch_int,11,0.579,0.7381686507244279,11,352,1.0
ton->unsw,44,martingala_int,11,0.579,0.49611710338126574,0,0,1.0
ton->unsw,44,statico,12,0.632,0.4888109263109263,0,0,1.0
ton->unsw,44,ogni_batch_int,12,0.632,0.7350991315835066,12,384,1.0
ton->unsw,44,martingala_int,12,0.632,0.4888109263109263,0,0,1.0
ton->unsw,44,statico,13,0.684,0.4807025114074889,0,0,1.0
ton->unsw,44,ogni_batch_int,13,0.684,0.7276590477631752,13,416,1.0
ton->unsw,44,martingala_int,13,0.684,0.4807025114074889,0,0,1.0
ton->unsw,44,statico,14,0.737,0.47196635649079627,0,0,1.0
ton->unsw,44,ogni_batch_int,14,0.737,0.7323619790590232,14,448,1.0
ton->unsw,44,martingala_int,14,0.737,0.47196635649079627,0,0,1.0
ton->unsw,44,statico,15,0.789,0.4654918025157464,0,0,1.0
ton->unsw,44,ogni_batch_int,15,0.789,0.7286905276791877,15,480,1.0
ton->unsw,44,martingala_int,15,0.789,0.4654918025157464,0,0,1.0
ton->unsw,44,statico,16,0.842,0.4562498480801893,0,0,1.0
ton->unsw,44,ogni_batch_int,16,0.842,0.7111203972095369,16,512,1.0
ton->unsw,44,martingala_int,16,0.842,0.4562498480801893,0,0,1.0
ton->unsw,44,statico,17,0.895,0.45026778144019786,0,0,1.0
ton->unsw,44,ogni_batch_int,17,0.895,0.7069649596355307,17,544,1.0
ton->unsw,44,martingala_int,17,0.895,0.45026778144019786,0,0,1.0
ton->unsw,44,statico,18,0.947,0.43981390907238493,0,0,1.0
ton->unsw,44,ogni_batch_int,18,0.947,0.7088451097862591,18,576,1.0
ton->unsw,44,martingala_int,18,0.947,0.43981390907238493,0,0,1.0
ton->unsw,44,statico,19,1.0,0.43374269215303174,0,0,1.0
ton->unsw,44,ogni_batch_int,19,1.0,0.7309203942136594,19,608,1.0
ton->unsw,44,martingala_int,19,1.0,0.43374269215303174,0,0,1.0
ton->unsw,45,statico,0,0.0,0.97995,0,0,1.0
ton->unsw,45,ogni_batch_int,0,0.0,0.97995,0,0,1.0
ton->unsw,45,martingala_int,0,0.0,0.97995,0,0,1.0
ton->unsw,45,statico,1,0.053,0.5266390364289929,0,0,1.0
ton->unsw,45,ogni_batch_int,1,0.053,0.5266390364289929,1,32,1.0
ton->unsw,45,martingala_int,1,0.053,0.5266390364289929,1,32,1.0
ton->unsw,45,statico,2,0.105,0.5317546743113574,0,0,1.0
ton->unsw,45,ogni_batch_int,2,0.105,0.5392617673451161,2,64,1.0
ton->unsw,45,martingala_int,2,0.105,0.5317546743113574,1,32,1.0
ton->unsw,45,statico,3,0.158,0.5303299797360044,0,0,1.0
ton->unsw,45,ogni_batch_int,3,0.158,0.5703993980139503,3,96,1.0
ton->unsw,45,martingala_int,3,0.158,0.5303299797360044,1,32,1.0
ton->unsw,45,statico,4,0.211,0.5267820114267103,0,0,1.0
ton->unsw,45,ogni_batch_int,4,0.211,0.5504127833980308,4,128,1.0
ton->unsw,45,martingala_int,4,0.211,0.5267820114267103,1,32,1.0
ton->unsw,45,statico,5,0.263,0.5297792620286783,0,0,1.0
ton->unsw,45,ogni_batch_int,5,0.263,0.6013650229770614,5,160,1.0
ton->unsw,45,martingala_int,5,0.263,0.5297792620286783,1,32,1.0
ton->unsw,45,statico,6,0.316,0.5262777873357306,0,0,1.0
ton->unsw,45,ogni_batch_int,6,0.316,0.5717177277025849,6,192,1.0
ton->unsw,45,martingala_int,6,0.316,0.5262777873357306,1,32,1.0
ton->unsw,45,statico,7,0.368,0.5292309661050092,0,0,1.0
ton->unsw,45,ogni_batch_int,7,0.368,0.5413969185182492,7,224,1.0
ton->unsw,45,martingala_int,7,0.368,0.5292309661050092,1,32,1.0
ton->unsw,45,statico,8,0.421,0.5226592868746012,0,0,1.0
ton->unsw,45,ogni_batch_int,8,0.421,0.5842249419318759,8,256,1.0
ton->unsw,45,martingala_int,8,0.421,0.5226592868746012,1,32,1.0
ton->unsw,45,statico,9,0.474,0.5234234796445507,0,0,1.0
ton->unsw,45,ogni_batch_int,9,0.474,0.66440008694526,9,288,1.0
ton->unsw,45,martingala_int,9,0.474,0.5234234796445507,1,32,1.0
ton->unsw,45,statico,10,0.526,0.5216174210867172,0,0,1.0
ton->unsw,45,ogni_batch_int,10,0.526,0.6755400607362476,10,320,1.0
ton->unsw,45,martingala_int,10,0.526,0.5216174210867172,1,32,1.0
ton->unsw,45,statico,11,0.579,0.5205300885286757,0,0,1.0
ton->unsw,45,ogni_batch_int,11,0.579,0.6932012324066579,11,352,1.0
ton->unsw,45,martingala_int,11,0.579,0.5205300885286757,1,32,1.0
ton->unsw,45,statico,12,0.632,0.5238135121114638,0,0,1.0
ton->unsw,45,ogni_batch_int,12,0.632,0.676703059411925,12,384,1.0
ton->unsw,45,martingala_int,12,0.632,0.5238135121114638,1,32,1.0
ton->unsw,45,statico,13,0.684,0.5226697660430202,0,0,1.0
ton->unsw,45,ogni_batch_int,13,0.684,0.6880134889788873,13,416,1.0
ton->unsw,45,martingala_int,13,0.684,0.5226697660430202,1,32,1.0
ton->unsw,45,statico,14,0.737,0.5206407224321389,0,0,1.0
ton->unsw,45,ogni_batch_int,14,0.737,0.7036318931806249,14,448,1.0
ton->unsw,45,martingala_int,14,0.737,0.5206407224321389,1,32,1.0
ton->unsw,45,statico,15,0.789,0.5180700590875335,0,0,1.0
ton->unsw,45,ogni_batch_int,15,0.789,0.7069784195180719,15,480,1.0
ton->unsw,45,martingala_int,15,0.789,0.5180700590875335,1,32,1.0
ton->unsw,45,statico,16,0.842,0.5155200241958333,0,0,1.0
ton->unsw,45,ogni_batch_int,16,0.842,0.7510781007028046,16,512,1.0
ton->unsw,45,martingala_int,16,0.842,0.5155200241958333,1,32,1.0
ton->unsw,45,statico,17,0.895,0.5168647452299858,0,0,1.0
ton->unsw,45,ogni_batch_int,17,0.895,0.7378976925081417,17,544,1.0
ton->unsw,45,martingala_int,17,0.895,0.5168647452299858,1,32,1.0
ton->unsw,45,statico,18,0.947,0.5143375240637929,0,0,1.0
ton->unsw,45,ogni_batch_int,18,0.947,0.7494845041021908,18,576,1.0
ton->unsw,45,martingala_int,18,0.947,0.5143375240637929,1,32,1.0
ton->unsw,45,statico,19,1.0,0.5151509960568934,0,0,1.0
ton->unsw,45,ogni_batch_int,19,1.0,0.7327401907237245,19,608,1.0
ton->unsw,45,martingala_int,19,1.0,0.5151509960568934,1,32,1.0
ton->unsw,46,statico,0,0.0,0.9451,0,0,1.0
ton->unsw,46,ogni_batch_int,0,0.0,0.9451,0,0,1.0
ton->unsw,46,martingala_int,0,0.0,0.9451,0,0,1.0
ton->unsw,46,statico,1,0.053,0.525783544061902,0,0,1.0
ton->unsw,46,ogni_batch_int,1,0.053,0.525783544061902,1,32,1.0
ton->unsw,46,martingala_int,1,0.053,0.525783544061902,1,32,1.0
ton->unsw,46,statico,2,0.105,0.511885873727979,0,0,1.0
ton->unsw,46,ogni_batch_int,2,0.105,0.5417783674362622,2,64,1.0
ton->unsw,46,martingala_int,2,0.105,0.5417783674362622,2,64,1.0
ton->unsw,46,statico,3,0.158,0.49771127798695414,0,0,1.0
ton->unsw,46,ogni_batch_int,3,0.158,0.5509033210862249,3,96,1.0
ton->unsw,46,martingala_int,3,0.158,0.5509033210862249,3,96,1.0
ton->unsw,46,statico,4,0.211,0.4870729638445984,0,0,1.0
ton->unsw,46,ogni_batch_int,4,0.211,0.5756478941062374,4,128,1.0
ton->unsw,46,martingala_int,4,0.211,0.5756478941062374,4,128,1.0
ton->unsw,46,statico,5,0.263,0.48021129419450936,0,0,1.0
ton->unsw,46,ogni_batch_int,5,0.263,0.5969298269197718,5,160,1.0
ton->unsw,46,martingala_int,5,0.263,0.5969298269197718,5,160,1.0
ton->unsw,46,statico,6,0.316,0.46320841824245346,0,0,1.0
ton->unsw,46,ogni_batch_int,6,0.316,0.599488273970092,6,192,1.0
ton->unsw,46,martingala_int,6,0.316,0.599488273970092,6,192,1.0
ton->unsw,46,statico,7,0.368,0.4541542859774521,0,0,1.0
ton->unsw,46,ogni_batch_int,7,0.368,0.5905740271886877,7,224,1.0
ton->unsw,46,martingala_int,7,0.368,0.5905740271886877,7,224,1.0
ton->unsw,46,statico,8,0.421,0.43330850362356377,0,0,1.0
ton->unsw,46,ogni_batch_int,8,0.421,0.6179004237024363,8,256,1.0
ton->unsw,46,martingala_int,8,0.421,0.6179004237024363,8,256,1.0
ton->unsw,46,statico,9,0.474,0.4262858654290821,0,0,1.0
ton->unsw,46,ogni_batch_int,9,0.474,0.5895579942624528,9,288,1.0
ton->unsw,46,martingala_int,9,0.474,0.5895579942624528,9,288,1.0
ton->unsw,46,statico,10,0.526,0.4053082326080271,0,0,1.0
ton->unsw,46,ogni_batch_int,10,0.526,0.7045287143416277,10,320,1.0
ton->unsw,46,martingala_int,10,0.526,0.5695341991288732,9,288,1.0
ton->unsw,46,statico,11,0.579,0.3907194241805716,0,0,1.0
ton->unsw,46,ogni_batch_int,11,0.579,0.7084042035481535,11,352,1.0
ton->unsw,46,martingala_int,11,0.579,0.5622660269093565,9,288,1.0
ton->unsw,46,statico,12,0.632,0.3752958858613664,0,0,1.0
ton->unsw,46,ogni_batch_int,12,0.632,0.6842017109616543,12,384,1.0
ton->unsw,46,martingala_int,12,0.632,0.5553480939032668,9,288,1.0
ton->unsw,46,statico,13,0.684,0.3566351715069394,0,0,1.0
ton->unsw,46,ogni_batch_int,13,0.684,0.6979838688965823,13,416,1.0
ton->unsw,46,martingala_int,13,0.684,0.5531713031924912,9,288,1.0
ton->unsw,46,statico,14,0.737,0.33985057172262784,0,0,1.0
ton->unsw,46,ogni_batch_int,14,0.737,0.6996982795285669,14,448,1.0
ton->unsw,46,martingala_int,14,0.737,0.5446518441213708,9,288,1.0
ton->unsw,46,statico,15,0.789,0.31427732047427615,0,0,1.0
ton->unsw,46,ogni_batch_int,15,0.789,0.7172331339874031,15,480,1.0
ton->unsw,46,martingala_int,15,0.789,0.5290768103312722,9,288,1.0
ton->unsw,46,statico,16,0.842,0.2938333695254215,0,0,1.0
ton->unsw,46,ogni_batch_int,16,0.842,0.7269760545887461,16,512,1.0
ton->unsw,46,martingala_int,16,0.842,0.5139286062837486,9,288,1.0
ton->unsw,46,statico,17,0.895,0.27100308671169643,0,0,1.0
ton->unsw,46,ogni_batch_int,17,0.895,0.7288903803424454,17,544,1.0
ton->unsw,46,martingala_int,17,0.895,0.5022344654219777,9,288,1.0
ton->unsw,46,statico,18,0.947,0.24811408533081739,0,0,1.0
ton->unsw,46,ogni_batch_int,18,0.947,0.7416776083040885,18,576,1.0
ton->unsw,46,martingala_int,18,0.947,0.4907625447049308,9,288,1.0
ton->unsw,46,statico,19,1.0,0.22282587941795365,0,0,1.0
ton->unsw,46,ogni_batch_int,19,1.0,0.7634923780096603,19,608,1.0
ton->unsw,46,martingala_int,19,1.0,0.4822272316334967,9,288,1.0
ton->unsw,47,statico,0,0.0,0.95935,0,0,1.0
ton->unsw,47,ogni_batch_int,0,0.0,0.95935,0,0,1.0
ton->unsw,47,martingala_int,0,0.0,0.95935,0,0,1.0
ton->unsw,47,statico,1,0.053,0.5100510203296864,0,0,1.0
ton->unsw,47,ogni_batch_int,1,0.053,0.5100510203296864,1,32,1.0
ton->unsw,47,martingala_int,1,0.053,0.5100510203296864,1,32,1.0
ton->unsw,47,statico,2,0.105,0.4997051682275408,0,0,1.0
ton->unsw,47,ogni_batch_int,2,0.105,0.5869113370153953,2,64,1.0
ton->unsw,47,martingala_int,2,0.105,0.5869113370153953,2,64,1.0
ton->unsw,47,statico,3,0.158,0.49267906636464676,0,0,1.0
ton->unsw,47,ogni_batch_int,3,0.158,0.7096041382350596,3,96,1.0
ton->unsw,47,martingala_int,3,0.158,0.7096041382350596,3,96,1.0
ton->unsw,47,statico,4,0.211,0.4789144132451814,0,0,1.0
ton->unsw,47,ogni_batch_int,4,0.211,0.6612219230667004,4,128,1.0
ton->unsw,47,martingala_int,4,0.211,0.6612219230667004,4,128,1.0
ton->unsw,47,statico,5,0.263,0.4673835777223058,0,0,1.0
ton->unsw,47,ogni_batch_int,5,0.263,0.6512839834759625,5,160,1.0
ton->unsw,47,martingala_int,5,0.263,0.6512839834759625,5,160,1.0
ton->unsw,47,statico,6,0.316,0.4546239692676237,0,0,1.0
ton->unsw,47,ogni_batch_int,6,0.316,0.6515098815454297,6,192,1.0
ton->unsw,47,martingala_int,6,0.316,0.6515098815454297,6,192,1.0
ton->unsw,47,statico,7,0.368,0.4390244231365727,0,0,1.0
ton->unsw,47,ogni_batch_int,7,0.368,0.642369759005273,7,224,1.0
ton->unsw,47,martingala_int,7,0.368,0.642369759005273,7,224,1.0
ton->unsw,47,statico,8,0.421,0.4282544419530516,0,0,1.0
ton->unsw,47,ogni_batch_int,8,0.421,0.6309303864766747,8,256,1.0
ton->unsw,47,martingala_int,8,0.421,0.6309303864766747,8,256,1.0
ton->unsw,47,statico,9,0.474,0.4095499426074425,0,0,1.0
ton->unsw,47,ogni_batch_int,9,0.474,0.6412115056113332,9,288,1.0
ton->unsw,47,martingala_int,9,0.474,0.6148993909156661,8,256,1.0
ton->unsw,47,statico,10,0.526,0.395309032752387,0,0,1.0
ton->unsw,47,ogni_batch_int,10,0.526,0.6195118871843892,10,320,1.0
ton->unsw,47,martingala_int,10,0.526,0.6120017882996733,8,256,1.0
ton->unsw,47,statico,11,0.579,0.3752881752989901,0,0,1.0
ton->unsw,47,ogni_batch_int,11,0.579,0.5775171788038631,11,352,1.0
ton->unsw,47,martingala_int,11,0.579,0.6010567790516292,8,256,1.0
ton->unsw,47,statico,12,0.632,0.35751802655113685,0,0,1.0
ton->unsw,47,ogni_batch_int,12,0.632,0.560801698441707,12,384,1.0
ton->unsw,47,martingala_int,12,0.632,0.5693493944090177,8,256,1.0
ton->unsw,47,statico,13,0.684,0.3438517941946518,0,0,1.0
ton->unsw,47,ogni_batch_int,13,0.684,0.7471135475481275,13,416,1.0
ton->unsw,47,martingala_int,13,0.684,0.5638685765935603,8,256,1.0
ton->unsw,47,statico,14,0.737,0.33037853122299954,0,0,1.0
ton->unsw,47,ogni_batch_int,14,0.737,0.7425166433836216,14,448,1.0
ton->unsw,47,martingala_int,14,0.737,0.5515368322935421,8,256,1.0
ton->unsw,47,statico,15,0.789,0.30754975126537,0,0,1.0
ton->unsw,47,ogni_batch_int,15,0.789,0.7224683620627887,15,480,1.0
ton->unsw,47,martingala_int,15,0.789,0.5326830704319179,8,256,1.0
ton->unsw,47,statico,16,0.842,0.2845820316202061,0,0,1.0
ton->unsw,47,ogni_batch_int,16,0.842,0.7358398281868144,16,512,1.0
ton->unsw,47,martingala_int,16,0.842,0.51054810767787,8,256,1.0
ton->unsw,47,statico,17,0.895,0.2628748246913689,0,0,1.0
ton->unsw,47,ogni_batch_int,17,0.895,0.6752836829086013,17,544,1.0
ton->unsw,47,martingala_int,17,0.895,0.49573318312092485,8,256,1.0
ton->unsw,47,statico,18,0.947,0.24273843467579537,0,0,1.0
ton->unsw,47,ogni_batch_int,18,0.947,0.7387765289084918,18,576,1.0
ton->unsw,47,martingala_int,18,0.947,0.48070168228997134,8,256,1.0
ton->unsw,47,statico,19,1.0,0.2188896766584981,0,0,1.0
ton->unsw,47,ogni_batch_int,19,1.0,0.7312030711730364,19,608,1.0
ton->unsw,47,martingala_int,19,1.0,0.45954271088492604,8,256,1.0
ton->unsw,48,statico,0,0.0,0.97965,0,0,1.0
ton->unsw,48,ogni_batch_int,0,0.0,0.97965,0,0,1.0
ton->unsw,48,martingala_int,0,0.0,0.97965,0,0,1.0
ton->unsw,48,statico,1,0.053,0.5357109392630731,0,0,1.0
ton->unsw,48,ogni_batch_int,1,0.053,0.5357109392630731,1,32,1.0
ton->unsw,48,martingala_int,1,0.053,0.5357109392630731,1,32,1.0
ton->unsw,48,statico,2,0.105,0.5134888982767639,0,0,1.0
ton->unsw,48,ogni_batch_int,2,0.105,0.5823764929701503,2,64,1.0
ton->unsw,48,martingala_int,2,0.105,0.5823764929701503,2,64,1.0
ton->unsw,48,statico,3,0.158,0.5286034863598633,0,0,1.0
ton->unsw,48,ogni_batch_int,3,0.158,0.6454131903897651,3,96,1.0
ton->unsw,48,martingala_int,3,0.158,0.6454131903897651,3,96,1.0
ton->unsw,48,statico,4,0.211,0.5104112353475079,0,0,1.0
ton->unsw,48,ogni_batch_int,4,0.211,0.67612133150051,4,128,1.0
ton->unsw,48,martingala_int,4,0.211,0.67612133150051,4,128,1.0
ton->unsw,48,statico,5,0.263,0.5046466996219832,0,0,1.0
ton->unsw,48,ogni_batch_int,5,0.263,0.7228336725792381,5,160,1.0
ton->unsw,48,martingala_int,5,0.263,0.6654623437045653,4,128,1.0
ton->unsw,48,statico,6,0.316,0.49862717816079577,0,0,1.0
ton->unsw,48,ogni_batch_int,6,0.316,0.6939644224886374,6,192,1.0
ton->unsw,48,martingala_int,6,0.316,0.6598332426497482,4,128,1.0
ton->unsw,48,statico,7,0.368,0.49908085406287617,0,0,1.0
ton->unsw,48,ogni_batch_int,7,0.368,0.7237611449189247,7,224,1.0
ton->unsw,48,martingala_int,7,0.368,0.6600173371800149,4,128,1.0
ton->unsw,48,statico,8,0.421,0.48900899628664635,0,0,1.0
ton->unsw,48,ogni_batch_int,8,0.421,0.7279042591278169,8,256,1.0
ton->unsw,48,martingala_int,8,0.421,0.6512375161894407,4,128,1.0
ton->unsw,48,statico,9,0.474,0.4877992648908861,0,0,1.0
ton->unsw,48,ogni_batch_int,9,0.474,0.7139579238885829,9,288,1.0
ton->unsw,48,martingala_int,9,0.474,0.636711644740662,4,128,1.0
ton->unsw,48,statico,10,0.526,0.4841702036241285,0,0,1.0
ton->unsw,48,ogni_batch_int,10,0.526,0.7039370739029442,10,320,1.0
ton->unsw,48,martingala_int,10,0.526,0.6366090570868728,4,128,1.0
ton->unsw,48,statico,11,0.579,0.4707217894417294,0,0,1.0
ton->unsw,48,ogni_batch_int,11,0.579,0.7587031270761422,11,352,1.0
ton->unsw,48,martingala_int,11,0.579,0.6239833874686124,4,128,1.0
ton->unsw,48,statico,12,0.632,0.46868064249955677,0,0,1.0
ton->unsw,48,ogni_batch_int,12,0.632,0.770469167203386,12,384,1.0
ton->unsw,48,martingala_int,12,0.632,0.6209144952798209,4,128,1.0
ton->unsw,48,statico,13,0.684,0.46154330224348117,0,0,1.0
ton->unsw,48,ogni_batch_int,13,0.684,0.7682088039981259,13,416,1.0
ton->unsw,48,martingala_int,13,0.684,0.6189389759537346,4,128,1.0
ton->unsw,48,statico,14,0.737,0.4559971659178602,0,0,1.0
ton->unsw,48,ogni_batch_int,14,0.737,0.7627302212144349,14,448,1.0
ton->unsw,48,martingala_int,14,0.737,0.6094653995147785,4,128,1.0
ton->unsw,48,statico,15,0.789,0.4405732371090347,0,0,1.0
ton->unsw,48,ogni_batch_int,15,0.789,0.7476427697313012,15,480,1.0
ton->unsw,48,martingala_int,15,0.789,0.6032394174168358,4,128,1.0
ton->unsw,48,statico,16,0.842,0.43576734611968543,0,0,1.0
ton->unsw,48,ogni_batch_int,16,0.842,0.7415935514049399,16,512,1.0
ton->unsw,48,martingala_int,16,0.842,0.5963550195769806,4,128,1.0
ton->unsw,48,statico,17,0.895,0.43011675992772963,0,0,1.0
ton->unsw,48,ogni_batch_int,17,0.895,0.7278930601651391,17,544,1.0
ton->unsw,48,martingala_int,17,0.895,0.585906513776533,4,128,1.0
ton->unsw,48,statico,18,0.947,0.4200293380099323,0,0,1.0
ton->unsw,48,ogni_batch_int,18,0.947,0.7246919580217759,18,576,1.0
ton->unsw,48,martingala_int,18,0.947,0.5852667090192467,4,128,1.0
ton->unsw,48,statico,19,1.0,0.40870160276914536,0,0,1.0
ton->unsw,48,ogni_batch_int,19,1.0,0.7364646733023791,19,608,1.0
ton->unsw,48,martingala_int,19,1.0,0.5751114831404582,4,128,1.0
ton->unsw,49,statico,0,0.0,0.97935,0,0,1.0
ton->unsw,49,ogni_batch_int,0,0.0,0.97935,0,0,1.0
ton->unsw,49,martingala_int,0,0.0,0.97935,0,0,1.0
ton->unsw,49,statico,1,0.053,0.5078240888445973,0,0,1.0
ton->unsw,49,ogni_batch_int,1,0.053,0.5078240888445973,1,32,1.0
ton->unsw,49,martingala_int,1,0.053,0.5078240888445973,0,0,1.0
ton->unsw,49,statico,2,0.105,0.5058047926468979,0,0,1.0
ton->unsw,49,ogni_batch_int,2,0.105,0.5058047926468979,2,64,1.0
ton->unsw,49,martingala_int,2,0.105,0.5058047926468979,0,0,1.0
ton->unsw,49,statico,3,0.158,0.4988458905960122,0,0,1.0
ton->unsw,49,ogni_batch_int,3,0.158,0.5160102847673769,3,96,1.0
ton->unsw,49,martingala_int,3,0.158,0.4988458905960122,0,0,1.0
ton->unsw,49,statico,4,0.211,0.49844827191838786,0,0,1.0
ton->unsw,49,ogni_batch_int,4,0.211,0.5606596674214872,4,128,1.0
ton->unsw,49,martingala_int,4,0.211,0.49844827191838786,0,0,1.0
ton->unsw,49,statico,5,0.263,0.49125398319067715,0,0,1.0
ton->unsw,49,ogni_batch_int,5,0.263,0.5426405239353914,5,160,1.0
ton->unsw,49,martingala_int,5,0.263,0.49125398319067715,0,0,1.0
ton->unsw,49,statico,6,0.316,0.4841564944104695,0,0,1.0
ton->unsw,49,ogni_batch_int,6,0.316,0.6581049095988124,6,192,1.0
ton->unsw,49,martingala_int,6,0.316,0.4841564944104695,0,0,1.0
ton->unsw,49,statico,7,0.368,0.48000313117929655,0,0,1.0
ton->unsw,49,ogni_batch_int,7,0.368,0.6360354177599252,7,224,1.0
ton->unsw,49,martingala_int,7,0.368,0.48000313117929655,0,0,1.0
ton->unsw,49,statico,8,0.421,0.47671531082965257,0,0,1.0
ton->unsw,49,ogni_batch_int,8,0.421,0.5630130808214753,8,256,1.0
ton->unsw,49,martingala_int,8,0.421,0.47671531082965257,0,0,1.0
ton->unsw,49,statico,9,0.474,0.47403249643683715,0,0,1.0
ton->unsw,49,ogni_batch_int,9,0.474,0.577497689036742,9,288,1.0
ton->unsw,49,martingala_int,9,0.474,0.47403249643683715,0,0,1.0
ton->unsw,49,statico,10,0.526,0.4676235932883579,0,0,1.0
ton->unsw,49,ogni_batch_int,10,0.526,0.5658276089457414,10,320,1.0
ton->unsw,49,martingala_int,10,0.526,0.4676235932883579,0,0,1.0
ton->unsw,49,statico,11,0.579,0.46525272935217804,0,0,1.0
ton->unsw,49,ogni_batch_int,11,0.579,0.5475495324595218,11,352,1.0
ton->unsw,49,martingala_int,11,0.579,0.46525272935217804,0,0,1.0
ton->unsw,49,statico,12,0.632,0.4554406668395851,0,0,1.0
ton->unsw,49,ogni_batch_int,12,0.632,0.5353115213387623,12,384,1.0
ton->unsw,49,martingala_int,12,0.632,0.4554406668395851,0,0,1.0
ton->unsw,49,statico,13,0.684,0.44680325901259427,0,0,1.0
ton->unsw,49,ogni_batch_int,13,0.684,0.5417957366455317,13,416,1.0
ton->unsw,49,martingala_int,13,0.684,0.44680325901259427,0,0,1.0
ton->unsw,49,statico,14,0.737,0.4438919718630582,0,0,1.0
ton->unsw,49,ogni_batch_int,14,0.737,0.5380426825763922,14,448,1.0
ton->unsw,49,martingala_int,14,0.737,0.4438919718630582,0,0,1.0
ton->unsw,49,statico,15,0.789,0.43662590409240615,0,0,1.0
ton->unsw,49,ogni_batch_int,15,0.789,0.7029461209311072,15,480,1.0
ton->unsw,49,martingala_int,15,0.789,0.43662590409240615,0,0,1.0
ton->unsw,49,statico,16,0.842,0.43050973473058113,0,0,1.0
ton->unsw,49,ogni_batch_int,16,0.842,0.7288905101439918,16,512,1.0
ton->unsw,49,martingala_int,16,0.842,0.43050973473058113,0,0,1.0
ton->unsw,49,statico,17,0.895,0.42064563235468555,0,0,1.0
ton->unsw,49,ogni_batch_int,17,0.895,0.732750381278927,17,544,1.0
ton->unsw,49,martingala_int,17,0.895,0.42064563235468555,0,0,1.0
ton->unsw,49,statico,18,0.947,0.4127499116869502,0,0,1.0
ton->unsw,49,ogni_batch_int,18,0.947,0.7408257697479375,18,576,1.0
ton->unsw,49,martingala_int,18,0.947,0.4127499116869502,0,0,1.0
ton->unsw,49,statico,19,1.0,0.4035316248916977,0,0,1.0
ton->unsw,49,ogni_batch_int,19,1.0,0.7485085639459408,19,608,1.0
ton->unsw,49,martingala_int,19,1.0,0.4035316248916977,0,0,1.0
ton->unsw,50,statico,0,0.0,0.98675,0,0,1.0
ton->unsw,50,ogni_batch_int,0,0.0,0.98675,0,0,1.0
ton->unsw,50,martingala_int,0,0.0,0.98675,0,0,1.0
ton->unsw,50,statico,1,0.053,0.5207710772367358,0,0,1.0
ton->unsw,50,ogni_batch_int,1,0.053,0.5207710772367358,1,32,1.0
ton->unsw,50,martingala_int,1,0.053,0.5207710772367358,1,32,1.0
ton->unsw,50,statico,2,0.105,0.5161738155159208,0,0,1.0
ton->unsw,50,ogni_batch_int,2,0.105,0.5964000437684648,2,64,1.0
ton->unsw,50,martingala_int,2,0.105,0.5161738155159208,1,32,1.0
ton->unsw,50,statico,3,0.158,0.5174947693614532,0,0,1.0
ton->unsw,50,ogni_batch_int,3,0.158,0.6677043934690776,3,96,1.0
ton->unsw,50,martingala_int,3,0.158,0.5174947693614532,1,32,1.0
ton->unsw,50,statico,4,0.211,0.5152241569559886,0,0,1.0
ton->unsw,50,ogni_batch_int,4,0.211,0.6382950884636802,4,128,1.0
ton->unsw,50,martingala_int,4,0.211,0.5152241569559886,1,32,1.0
ton->unsw,50,statico,5,0.263,0.5184518962025324,0,0,1.0
ton->unsw,50,ogni_batch_int,5,0.263,0.69497903575617,5,160,1.0
ton->unsw,50,martingala_int,5,0.263,0.5184518962025324,1,32,1.0
ton->unsw,50,statico,6,0.316,0.5148503342978579,0,0,1.0
ton->unsw,50,ogni_batch_int,6,0.316,0.7775561882540732,6,192,1.0
ton->unsw,50,martingala_int,6,0.316,0.5148503342978579,1,32,1.0
ton->unsw,50,statico,7,0.368,0.5124327890855767,0,0,1.0
ton->unsw,50,ogni_batch_int,7,0.368,0.7020181960829863,7,224,1.0
ton->unsw,50,martingala_int,7,0.368,0.5124327890855767,1,32,1.0
ton->unsw,50,statico,8,0.421,0.5132677197139401,0,0,1.0
ton->unsw,50,ogni_batch_int,8,0.421,0.6774879480119076,8,256,1.0
ton->unsw,50,martingala_int,8,0.421,0.5132677197139401,1,32,1.0
ton->unsw,50,statico,9,0.474,0.5128755054962767,0,0,1.0
ton->unsw,50,ogni_batch_int,9,0.474,0.6941707614044723,9,288,1.0
ton->unsw,50,martingala_int,9,0.474,0.5128755054962767,1,32,1.0
ton->unsw,50,statico,10,0.526,0.5101731883641911,0,0,1.0
ton->unsw,50,ogni_batch_int,10,0.526,0.6894437677205183,10,320,1.0
ton->unsw,50,martingala_int,10,0.526,0.5101731883641911,1,32,1.0
ton->unsw,50,statico,11,0.579,0.5124853007324032,0,0,1.0
ton->unsw,50,ogni_batch_int,11,0.579,0.6919055294319022,11,352,1.0
ton->unsw,50,martingala_int,11,0.579,0.5124853007324032,1,32,1.0
ton->unsw,50,statico,12,0.632,0.5095750585712365,0,0,1.0
ton->unsw,50,ogni_batch_int,12,0.632,0.7542921391042703,12,384,1.0
ton->unsw,50,martingala_int,12,0.632,0.5095750585712365,1,32,1.0
ton->unsw,50,statico,13,0.684,0.5097001896878759,0,0,1.0
ton->unsw,50,ogni_batch_int,13,0.684,0.6959087196012208,13,416,1.0
ton->unsw,50,martingala_int,13,0.684,0.5097001896878759,1,32,1.0
ton->unsw,50,statico,14,0.737,0.5087607783790097,0,0,1.0
ton->unsw,50,ogni_batch_int,14,0.737,0.7494110009213122,14,448,1.0
ton->unsw,50,martingala_int,14,0.737,0.5087607783790097,1,32,1.0
ton->unsw,50,statico,15,0.789,0.5044387201697973,0,0,1.0
ton->unsw,50,ogni_batch_int,15,0.789,0.7483437923653826,15,480,1.0
ton->unsw,50,martingala_int,15,0.789,0.5044387201697973,1,32,1.0
ton->unsw,50,statico,16,0.842,0.5060778963548339,0,0,1.0
ton->unsw,50,ogni_batch_int,16,0.842,0.7575207198118042,16,512,1.0
ton->unsw,50,martingala_int,16,0.842,0.5060778963548339,1,32,1.0
ton->unsw,50,statico,17,0.895,0.5056668676077162,0,0,1.0
ton->unsw,50,ogni_batch_int,17,0.895,0.7431599373415939,17,544,1.0
ton->unsw,50,martingala_int,17,0.895,0.5056668676077162,1,32,1.0
ton->unsw,50,statico,18,0.947,0.5014206208087417,0,0,1.0
ton->unsw,50,ogni_batch_int,18,0.947,0.7477993263277225,18,576,1.0
ton->unsw,50,martingala_int,18,0.947,0.5014206208087417,1,32,1.0
ton->unsw,50,statico,19,1.0,0.5043073139472454,0,0,1.0
ton->unsw,50,ogni_batch_int,19,1.0,0.7316148963438924,19,608,1.0
ton->unsw,50,martingala_int,19,1.0,0.5043073139472454,1,32,1.0
ton->unsw,51,statico,0,0.0,0.98395,0,0,1.0
ton->unsw,51,ogni_batch_int,0,0.0,0.98395,0,0,1.0
ton->unsw,51,martingala_int,0,0.0,0.98395,0,0,1.0
ton->unsw,51,statico,1,0.053,0.5319177004760895,0,0,1.0
ton->unsw,51,ogni_batch_int,1,0.053,0.5319177004760895,1,32,1.0
ton->unsw,51,martingala_int,1,0.053,0.5319177004760895,1,32,1.0
ton->unsw,51,statico,2,0.105,0.5285650460091124,0,0,1.0
ton->unsw,51,ogni_batch_int,2,0.105,0.5285650460091124,2,64,1.0
ton->unsw,51,martingala_int,2,0.105,0.5285650460091124,2,64,1.0
ton->unsw,51,statico,3,0.158,0.536105874889889,0,0,1.0
ton->unsw,51,ogni_batch_int,3,0.158,0.5534673304892385,3,96,1.0
ton->unsw,51,martingala_int,3,0.158,0.5534673304892385,3,96,1.0
ton->unsw,51,statico,4,0.211,0.5212357291960258,0,0,1.0
ton->unsw,51,ogni_batch_int,4,0.211,0.7074245659553469,4,128,1.0
ton->unsw,51,martingala_int,4,0.211,0.7074245659553469,4,128,1.0
ton->unsw,51,statico,5,0.263,0.5245450016251635,0,0,1.0
ton->unsw,51,ogni_batch_int,5,0.263,0.7053776793353568,5,160,1.0
ton->unsw,51,martingala_int,5,0.263,0.7053776793353568,5,160,1.0
ton->unsw,51,statico,6,0.316,0.5234301248003596,0,0,1.0
ton->unsw,51,ogni_batch_int,6,0.316,0.6767908158389226,6,192,1.0
ton->unsw,51,martingala_int,6,0.316,0.6861281749697576,5,160,1.0
ton->unsw,51,statico,7,0.368,0.5223992491442657,0,0,1.0
ton->unsw,51,ogni_batch_int,7,0.368,0.7172480766751297,7,224,1.0
ton->unsw,51,martingala_int,7,0.368,0.691501744414657,5,160,1.0
ton->unsw,51,statico,8,0.421,0.5208201631795982,0,0,1.0
ton->unsw,51,ogni_batch_int,8,0.421,0.6838650327642289,8,256,1.0
ton->unsw,51,martingala_int,8,0.421,0.6891330750387983,5,160,1.0
ton->unsw,51,statico,9,0.474,0.5202589178595448,0,0,1.0
ton->unsw,51,ogni_batch_int,9,0.474,0.6681517430770988,9,288,1.0
ton->unsw,51,martingala_int,9,0.474,0.6846452659077704,5,160,1.0
ton->unsw,51,statico,10,0.526,0.5179510891903001,0,0,1.0
ton->unsw,51,ogni_batch_int,10,0.526,0.7033593969167335,10,320,1.0
ton->unsw,51,martingala_int,10,0.526,0.6793221837303218,5,160,1.0
ton->unsw,51,statico,11,0.579,0.5161850340945366,0,0,1.0
ton->unsw,51,ogni_batch_int,11,0.579,0.6791702818933224,11,352,1.0
ton->unsw,51,martingala_int,11,0.579,0.6749332220025723,5,160,1.0
ton->unsw,51,statico,12,0.632,0.5177171017506369,0,0,1.0
ton->unsw,51,ogni_batch_int,12,0.632,0.7078709963211907,12,384,1.0
ton->unsw,51,martingala_int,12,0.632,0.6726757786069171,5,160,1.0
ton->unsw,51,statico,13,0.684,0.5184686977858848,0,0,1.0
ton->unsw,51,ogni_batch_int,13,0.684,0.7002347692435382,13,416,1.0
ton->unsw,51,martingala_int,13,0.684,0.6618697696609671,5,160,1.0
ton->unsw,51,statico,14,0.737,0.5184982012866518,0,0,1.0
ton->unsw,51,ogni_batch_int,14,0.737,0.7482821559054662,14,448,1.0
ton->unsw,51,martingala_int,14,0.737,0.6555115230017259,5,160,1.0
ton->unsw,51,statico,15,0.789,0.5166952158427037,0,0,1.0
ton->unsw,51,ogni_batch_int,15,0.789,0.7294942793620498,15,480,1.0
ton->unsw,51,martingala_int,15,0.789,0.6467826731556009,5,160,1.0
ton->unsw,51,statico,16,0.842,0.5122801495597465,0,0,1.0
ton->unsw,51,ogni_batch_int,16,0.842,0.7295422937740319,16,512,1.0
ton->unsw,51,martingala_int,16,0.842,0.644910097051155,5,160,1.0
ton->unsw,51,statico,17,0.895,0.5130330354037177,0,0,1.0
ton->unsw,51,ogni_batch_int,17,0.895,0.7233359903326453,17,544,1.0
ton->unsw,51,martingala_int,17,0.895,0.6399003401789147,5,160,1.0
ton->unsw,51,statico,18,0.947,0.5106246045908658,0,0,1.0
ton->unsw,51,ogni_batch_int,18,0.947,0.7091155333819732,18,576,1.0
ton->unsw,51,martingala_int,18,0.947,0.6252552990100451,5,160,1.0
ton->unsw,51,statico,19,1.0,0.5117344823684018,0,0,1.0
ton->unsw,51,ogni_batch_int,19,1.0,0.7132263828352347,19,608,1.0
ton->unsw,51,martingala_int,19,1.0,0.6132379564693847,5,160,1.0
unsw->ton,42,statico,0,0.0,0.8248,0,0,1.0
unsw->ton,42,ogni_batch_int,0,0.0,0.8248,0,0,1.0
unsw->ton,42,martingala_int,0,0.0,0.8248,0,0,1.0
unsw->ton,42,statico,1,0.053,0.7579035062300783,0,0,1.0
unsw->ton,42,ogni_batch_int,1,0.053,0.7579035062300783,1,32,1.0
unsw->ton,42,martingala_int,1,0.053,0.7579035062300783,0,0,1.0
unsw->ton,42,statico,2,0.105,0.72896724661882,0,0,1.0
unsw->ton,42,ogni_batch_int,2,0.105,0.72896724661882,2,64,1.0
unsw->ton,42,martingala_int,2,0.105,0.72896724661882,0,0,1.0
unsw->ton,42,statico,3,0.158,0.715056779077303,0,0,1.0
unsw->ton,42,ogni_batch_int,3,0.158,0.715056779077303,3,96,1.0
unsw->ton,42,martingala_int,3,0.158,0.715056779077303,0,0,1.0
unsw->ton,42,statico,4,0.211,0.7136153097121927,0,0,1.0
unsw->ton,42,ogni_batch_int,4,0.211,0.7250146983993904,4,128,1.0
unsw->ton,42,martingala_int,4,0.211,0.7136153097121927,0,0,1.0
unsw->ton,42,statico,5,0.263,0.6789567969257722,0,0,1.0
unsw->ton,42,ogni_batch_int,5,0.263,0.7245876070187336,5,160,1.0
unsw->ton,42,martingala_int,5,0.263,0.6789567969257722,0,0,1.0
unsw->ton,42,statico,6,0.316,0.6610262846635142,0,0,1.0
unsw->ton,42,ogni_batch_int,6,0.316,0.71554052825904,6,192,1.0
unsw->ton,42,martingala_int,6,0.316,0.6610262846635142,1,32,1.0
unsw->ton,42,statico,7,0.368,0.6503216673057288,0,0,1.0
unsw->ton,42,ogni_batch_int,7,0.368,0.6868578520563691,7,224,1.0
unsw->ton,42,martingala_int,7,0.368,0.6202311266476798,2,64,1.0
unsw->ton,42,statico,8,0.421,0.6459276612430489,0,0,1.0
unsw->ton,42,ogni_batch_int,8,0.421,0.6691120446571212,8,256,1.0
unsw->ton,42,martingala_int,8,0.421,0.7082388568088601,3,96,1.0
unsw->ton,42,statico,9,0.474,0.6227214487978725,0,0,1.0
unsw->ton,42,ogni_batch_int,9,0.474,0.7101268444779594,9,288,1.0
unsw->ton,42,martingala_int,9,0.474,0.6973253943840305,4,128,1.0
unsw->ton,42,statico,10,0.526,0.6164666240175893,0,0,1.0
unsw->ton,42,ogni_batch_int,10,0.526,0.7209336914624092,10,320,1.0
unsw->ton,42,martingala_int,10,0.526,0.6622405546535609,5,160,1.0
unsw->ton,42,statico,11,0.579,0.5825866852794512,0,0,1.0
unsw->ton,42,ogni_batch_int,11,0.579,0.7478710864568591,11,352,1.0
unsw->ton,42,martingala_int,11,0.579,0.7018249211212033,6,192,1.0
unsw->ton,42,statico,12,0.632,0.5715661870115225,0,0,1.0
unsw->ton,42,ogni_batch_int,12,0.632,0.7431775603767662,12,384,1.0
unsw->ton,42,martingala_int,12,0.632,0.6863768142021109,7,224,1.0
unsw->ton,42,statico,13,0.684,0.5530153679934613,0,0,1.0
unsw->ton,42,ogni_batch_int,13,0.684,0.8344522718742218,13,416,1.0
unsw->ton,42,martingala_int,13,0.684,0.680015952054386,8,256,1.0
unsw->ton,42,statico,14,0.737,0.5334208811002986,0,0,1.0
unsw->ton,42,ogni_batch_int,14,0.737,0.8446520712861421,14,448,1.0
unsw->ton,42,martingala_int,14,0.737,0.7644417306582686,9,288,1.0
unsw->ton,42,statico,15,0.789,0.5168672702685098,0,0,1.0
unsw->ton,42,ogni_batch_int,15,0.789,0.7834897640439346,15,480,1.0
unsw->ton,42,martingala_int,15,0.789,0.7017248719293024,10,320,1.0
unsw->ton,42,statico,16,0.842,0.49571724195453093,0,0,1.0
unsw->ton,42,ogni_batch_int,16,0.842,0.7925334175588619,16,512,1.0
unsw->ton,42,martingala_int,16,0.842,0.7581915998740443,11,352,1.0
unsw->ton,42,statico,17,0.895,0.47249956852086916,0,0,1.0
unsw->ton,42,ogni_batch_int,17,0.895,0.8692106565459197,17,544,1.0
unsw->ton,42,martingala_int,17,0.895,0.8029239519509989,12,384,1.0
unsw->ton,42,statico,18,0.947,0.4559544181525358,0,0,1.0
unsw->ton,42,ogni_batch_int,18,0.947,0.8596838325859713,18,576,1.0
unsw->ton,42,martingala_int,18,0.947,0.8599906006092857,13,416,1.0
unsw->ton,42,statico,19,1.0,0.4283882483429291,0,0,1.0
unsw->ton,42,ogni_batch_int,19,1.0,0.8711253569769088,19,608,1.0
unsw->ton,42,martingala_int,19,1.0,0.8429067177905905,14,448,1.0
unsw->ton,43,statico,0,0.0,0.83605,0,0,1.0
unsw->ton,43,ogni_batch_int,0,0.0,0.83605,0,0,1.0
unsw->ton,43,martingala_int,0,0.0,0.83605,0,0,1.0
unsw->ton,43,statico,1,0.053,0.7321667711885445,0,0,1.0
unsw->ton,43,ogni_batch_int,1,0.053,0.7321667711885445,1,32,1.0
unsw->ton,43,martingala_int,1,0.053,0.7321667711885445,0,0,1.0
unsw->ton,43,statico,2,0.105,0.72865186314591,0,0,1.0
unsw->ton,43,ogni_batch_int,2,0.105,0.7405275653913517,2,64,1.0
unsw->ton,43,martingala_int,2,0.105,0.72865186314591,0,0,1.0
unsw->ton,43,statico,3,0.158,0.6856376408035607,0,0,1.0
unsw->ton,43,ogni_batch_int,3,0.158,0.7370843049691265,3,96,1.0
unsw->ton,43,martingala_int,3,0.158,0.6856376408035607,0,0,1.0
unsw->ton,43,statico,4,0.211,0.6684387750048187,0,0,1.0
unsw->ton,43,ogni_batch_int,4,0.211,0.7499811948442925,4,128,1.0
unsw->ton,43,martingala_int,4,0.211,0.6684387750048187,0,0,1.0
unsw->ton,43,statico,5,0.263,0.6495936024361704,0,0,1.0
unsw->ton,43,ogni_batch_int,5,0.263,0.7109194599715261,5,160,1.0
unsw->ton,43,martingala_int,5,0.263,0.6495936024361704,0,0,1.0
unsw->ton,43,statico,6,0.316,0.6351093521923016,0,0,1.0
unsw->ton,43,ogni_batch_int,6,0.316,0.7035332642994336,6,192,1.0
unsw->ton,43,martingala_int,6,0.316,0.6351093521923016,0,0,1.0
unsw->ton,43,statico,7,0.368,0.6338281395446601,0,0,1.0
unsw->ton,43,ogni_batch_int,7,0.368,0.7710938235052718,7,224,1.0
unsw->ton,43,martingala_int,7,0.368,0.6882918550903934,1,32,1.0
unsw->ton,43,statico,8,0.421,0.6094209110838733,0,0,1.0
unsw->ton,43,ogni_batch_int,8,0.421,0.7696163483250602,8,256,1.0
unsw->ton,43,martingala_int,8,0.421,0.7521782860445214,2,64,1.0
unsw->ton,43,statico,9,0.474,0.582468246566842,0,0,1.0
unsw->ton,43,ogni_batch_int,9,0.474,0.786382367214824,9,288,1.0
unsw->ton,43,martingala_int,9,0.474,0.6927763538702971,3,96,1.0
unsw->ton,43,statico,10,0.526,0.5641588941221587,0,0,1.0
unsw->ton,43,ogni_batch_int,10,0.526,0.7179167983604902,10,320,1.0
unsw->ton,43,martingala_int,10,0.526,0.6843984856821024,4,128,1.0
unsw->ton,43,statico,11,0.579,0.5573990250308719,0,0,1.0
unsw->ton,43,ogni_batch_int,11,0.579,0.7414607077730302,11,352,1.0
unsw->ton,43,martingala_int,11,0.579,0.6936099317978195,5,160,1.0
unsw->ton,43,statico,12,0.632,0.5345978495815826,0,0,1.0
unsw->ton,43,ogni_batch_int,12,0.632,0.7490975083042501,12,384,1.0
unsw->ton,43,martingala_int,12,0.632,0.7996673845287279,6,192,1.0
unsw->ton,43,statico,13,0.684,0.505754951786348,0,0,1.0
unsw->ton,43,ogni_batch_int,13,0.684,0.801854090430425,13,416,1.0
unsw->ton,43,martingala_int,13,0.684,0.7980757021244249,7,224,1.0
unsw->ton,43,statico,14,0.737,0.4842794606840194,0,0,1.0
unsw->ton,43,ogni_batch_int,14,0.737,0.7611587246344705,14,448,1.0
unsw->ton,43,martingala_int,14,0.737,0.8125318387903577,8,256,1.0
unsw->ton,43,statico,15,0.789,0.469309506582375,0,0,1.0
unsw->ton,43,ogni_batch_int,15,0.789,0.7521995581759421,15,480,1.0
unsw->ton,43,martingala_int,15,0.789,0.8128962993991979,9,288,1.0
unsw->ton,43,statico,16,0.842,0.43989226133590287,0,0,1.0
unsw->ton,43,ogni_batch_int,16,0.842,0.7901534920211479,16,512,1.0
unsw->ton,43,martingala_int,16,0.842,0.8235151654867229,10,320,1.0
unsw->ton,43,statico,17,0.895,0.41315912727385007,0,0,1.0
unsw->ton,43,ogni_batch_int,17,0.895,0.7256053801489155,17,544,1.0
unsw->ton,43,martingala_int,17,0.895,0.8263394676638807,11,352,1.0
unsw->ton,43,statico,18,0.947,0.3889106697712392,0,0,1.0
unsw->ton,43,ogni_batch_int,18,0.947,0.8466899281936675,18,576,1.0
unsw->ton,43,martingala_int,18,0.947,0.8402046420145024,12,384,1.0
unsw->ton,43,statico,19,1.0,0.3636744355858926,0,0,1.0
unsw->ton,43,ogni_batch_int,19,1.0,0.8104866643790075,19,608,1.0
unsw->ton,43,martingala_int,19,1.0,0.9030780100063251,13,416,1.0
unsw->ton,44,statico,0,0.0,0.826,0,0,1.0
unsw->ton,44,ogni_batch_int,0,0.0,0.826,0,0,1.0
unsw->ton,44,martingala_int,0,0.0,0.826,0,0,1.0
unsw->ton,44,statico,1,0.053,0.7176060555993656,0,0,1.0
unsw->ton,44,ogni_batch_int,1,0.053,0.7176060555993656,1,32,1.0
unsw->ton,44,martingala_int,1,0.053,0.7176060555993656,0,0,1.0
unsw->ton,44,statico,2,0.105,0.7043453164138869,0,0,1.0
unsw->ton,44,ogni_batch_int,2,0.105,0.7043453164138869,2,64,1.0
unsw->ton,44,martingala_int,2,0.105,0.7043453164138869,0,0,1.0
unsw->ton,44,statico,3,0.158,0.712525537021819,0,0,1.0
unsw->ton,44,ogni_batch_int,3,0.158,0.712525537021819,3,96,1.0
unsw->ton,44,martingala_int,3,0.158,0.712525537021819,0,0,1.0
unsw->ton,44,statico,4,0.211,0.6676794864057028,0,0,1.0
unsw->ton,44,ogni_batch_int,4,0.211,0.6676794864057028,4,128,1.0
unsw->ton,44,martingala_int,4,0.211,0.6676794864057028,0,0,1.0
unsw->ton,44,statico,5,0.263,0.6624146872667174,0,0,1.0
unsw->ton,44,ogni_batch_int,5,0.263,0.6624146872667174,5,160,1.0
unsw->ton,44,martingala_int,5,0.263,0.6624146872667174,0,0,1.0
unsw->ton,44,statico,6,0.316,0.6384252935851447,0,0,1.0
unsw->ton,44,ogni_batch_int,6,0.316,0.6384252935851447,6,192,1.0
unsw->ton,44,martingala_int,6,0.316,0.6384252935851447,0,0,1.0
unsw->ton,44,statico,7,0.368,0.6262384990193469,0,0,1.0
unsw->ton,44,ogni_batch_int,7,0.368,0.6262384990193469,7,224,1.0
unsw->ton,44,martingala_int,7,0.368,0.6262384990193469,1,32,1.0
unsw->ton,44,statico,8,0.421,0.6033118792176164,0,0,1.0
unsw->ton,44,ogni_batch_int,8,0.421,0.5179020006682158,8,256,1.0
unsw->ton,44,martingala_int,8,0.421,0.4654032404830775,2,64,1.0
unsw->ton,44,statico,9,0.474,0.6003739369652779,0,0,1.0
unsw->ton,44,ogni_batch_int,9,0.474,0.641045895410459,9,288,1.0
unsw->ton,44,martingala_int,9,0.474,0.706268219331913,3,96,1.0
unsw->ton,44,statico,10,0.526,0.5732741203741285,0,0,1.0
unsw->ton,44,ogni_batch_int,10,0.526,0.6329378286477076,10,320,1.0
unsw->ton,44,martingala_int,10,0.526,0.7608060268239666,4,128,1.0
unsw->ton,44,statico,11,0.579,0.5524482991849834,0,0,1.0
unsw->ton,44,ogni_batch_int,11,0.579,0.6459851449348823,11,352,1.0
unsw->ton,44,martingala_int,11,0.579,0.7192535140022012,5,160,1.0
unsw->ton,44,statico,12,0.632,0.5298516988998392,0,0,1.0
unsw->ton,44,ogni_batch_int,12,0.632,0.6518271341053884,12,384,1.0
unsw->ton,44,martingala_int,12,0.632,0.7118579504099614,6,192,1.0
unsw->ton,44,statico,13,0.684,0.500772078544083,0,0,1.0
unsw->ton,44,ogni_batch_int,13,0.684,0.6828928668917332,13,416,1.0
unsw->ton,44,martingala_int,13,0.684,0.7443767801431518,7,224,1.0
unsw->ton,44,statico,14,0.737,0.4843096789125749,0,0,1.0
unsw->ton,44,ogni_batch_int,14,0.737,0.6864500133477756,14,448,1.0
unsw->ton,44,martingala_int,14,0.737,0.7314733971601018,8,256,1.0
unsw->ton,44,statico,15,0.789,0.4654164594594666,0,0,1.0
unsw->ton,44,ogni_batch_int,15,0.789,0.7655585923983355,15,480,1.0
unsw->ton,44,martingala_int,15,0.789,0.8037232267873251,9,288,1.0
unsw->ton,44,statico,16,0.842,0.4390428184805294,0,0,1.0
unsw->ton,44,ogni_batch_int,16,0.842,0.832424994356338,16,512,1.0
unsw->ton,44,martingala_int,16,0.842,0.8451687848884156,10,320,1.0
unsw->ton,44,statico,17,0.895,0.4172215723363554,0,0,1.0
unsw->ton,44,ogni_batch_int,17,0.895,0.8455028655583651,17,544,1.0
unsw->ton,44,martingala_int,17,0.895,0.865381215690247,11,352,1.0
unsw->ton,44,statico,18,0.947,0.3969842353743433,0,0,1.0
unsw->ton,44,ogni_batch_int,18,0.947,0.8600581764248543,18,576,1.0
unsw->ton,44,martingala_int,18,0.947,0.8734786891810418,12,384,1.0
unsw->ton,44,statico,19,1.0,0.37309015689565966,0,0,1.0
unsw->ton,44,ogni_batch_int,19,1.0,0.8851976653029441,19,608,1.0
unsw->ton,44,martingala_int,19,1.0,0.8110756354744271,13,416,1.0
unsw->ton,45,statico,0,0.0,0.8297,0,0,1.0
unsw->ton,45,ogni_batch_int,0,0.0,0.8297,0,0,1.0
unsw->ton,45,martingala_int,0,0.0,0.8297,0,0,1.0
unsw->ton,45,statico,1,0.053,0.7495019816073347,0,0,1.0
unsw->ton,45,ogni_batch_int,1,0.053,0.7495019816073347,1,32,1.0
unsw->ton,45,martingala_int,1,0.053,0.7495019816073347,0,0,1.0
unsw->ton,45,statico,2,0.105,0.7162187893286815,0,0,1.0
unsw->ton,45,ogni_batch_int,2,0.105,0.7162187893286815,2,64,1.0
unsw->ton,45,martingala_int,2,0.105,0.7162187893286815,0,0,1.0
unsw->ton,45,statico,3,0.158,0.7083244982034589,0,0,1.0
unsw->ton,45,ogni_batch_int,3,0.158,0.7083244982034589,3,96,1.0
unsw->ton,45,martingala_int,3,0.158,0.7083244982034589,0,0,1.0
unsw->ton,45,statico,4,0.211,0.6971188734218737,0,0,1.0
unsw->ton,45,ogni_batch_int,4,0.211,0.5529460385453344,4,128,1.0
unsw->ton,45,martingala_int,4,0.211,0.6971188734218737,0,0,1.0
unsw->ton,45,statico,5,0.263,0.6794237528780196,0,0,1.0
unsw->ton,45,ogni_batch_int,5,0.263,0.6601968972944957,5,160,1.0
unsw->ton,45,martingala_int,5,0.263,0.6794237528780196,0,0,1.0
unsw->ton,45,statico,6,0.316,0.6575771694523447,0,0,1.0
unsw->ton,45,ogni_batch_int,6,0.316,0.6664066227635954,6,192,1.0
unsw->ton,45,martingala_int,6,0.316,0.6575771694523447,0,0,1.0
unsw->ton,45,statico,7,0.368,0.6440183904489561,0,0,1.0
unsw->ton,45,ogni_batch_int,7,0.368,0.7964076420598527,7,224,1.0
unsw->ton,45,martingala_int,7,0.368,0.7470565532089416,1,32,1.0
unsw->ton,45,statico,8,0.421,0.626172168063112,0,0,1.0
unsw->ton,45,ogni_batch_int,8,0.421,0.6914203441029978,8,256,1.0
unsw->ton,45,martingala_int,8,0.421,0.6780359917927983,2,64,1.0
unsw->ton,45,statico,9,0.474,0.6069750166462584,0,0,1.0
unsw->ton,45,ogni_batch_int,9,0.474,0.6841233950244316,9,288,1.0
unsw->ton,45,martingala_int,9,0.474,0.6879226759726589,3,96,1.0
unsw->ton,45,statico,10,0.526,0.591795908955204,0,0,1.0
unsw->ton,45,ogni_batch_int,10,0.526,0.7748993317499714,10,320,1.0
unsw->ton,45,martingala_int,10,0.526,0.7684922673713073,4,128,1.0
unsw->ton,45,statico,11,0.579,0.5755502143719244,0,0,1.0
unsw->ton,45,ogni_batch_int,11,0.579,0.7007201281884072,11,352,1.0
unsw->ton,45,martingala_int,11,0.579,0.8210578234883725,5,160,1.0
unsw->ton,45,statico,12,0.632,0.5544433122538276,0,0,1.0
unsw->ton,45,ogni_batch_int,12,0.632,0.7958732510523168,12,384,1.0
unsw->ton,45,martingala_int,12,0.632,0.711011050643495,6,192,1.0
unsw->ton,45,statico,13,0.684,0.5336011788145537,0,0,1.0
unsw->ton,45,ogni_batch_int,13,0.684,0.7453686570469127,13,416,1.0
unsw->ton,45,martingala_int,13,0.684,0.6936188127658133,7,224,1.0
unsw->ton,45,statico,14,0.737,0.5125124424216213,0,0,1.0
unsw->ton,45,ogni_batch_int,14,0.737,0.7689186591703221,14,448,1.0
unsw->ton,45,martingala_int,14,0.737,0.8013451544919716,8,256,1.0
unsw->ton,45,statico,15,0.789,0.48531389420139137,0,0,1.0
unsw->ton,45,ogni_batch_int,15,0.789,0.8070367764431079,15,480,1.0
unsw->ton,45,martingala_int,15,0.789,0.8355466042862971,9,288,1.0
unsw->ton,45,statico,16,0.842,0.47161184083909236,0,0,1.0
unsw->ton,45,ogni_batch_int,16,0.842,0.8013088516801408,16,512,1.0
unsw->ton,45,martingala_int,16,0.842,0.8407856057508534,10,320,1.0
unsw->ton,45,statico,17,0.895,0.44045778699935223,0,0,1.0
unsw->ton,45,ogni_batch_int,17,0.895,0.7668591921904993,17,544,1.0
unsw->ton,45,martingala_int,17,0.895,0.8587588366898949,11,352,1.0
unsw->ton,45,statico,18,0.947,0.41277706145267523,0,0,1.0
unsw->ton,45,ogni_batch_int,18,0.947,0.7672388828902389,18,576,1.0
unsw->ton,45,martingala_int,18,0.947,0.8673995749244365,12,384,1.0
unsw->ton,45,statico,19,1.0,0.3866595905145028,0,0,1.0
unsw->ton,45,ogni_batch_int,19,1.0,0.8372249116698924,19,608,1.0
unsw->ton,45,martingala_int,19,1.0,0.8611298544986163,13,416,1.0
unsw->ton,46,statico,0,0.0,0.83875,0,0,1.0
unsw->ton,46,ogni_batch_int,0,0.0,0.83875,0,0,1.0
unsw->ton,46,martingala_int,0,0.0,0.83875,0,0,1.0
unsw->ton,46,statico,1,0.053,0.725765723638064,0,0,1.0
unsw->ton,46,ogni_batch_int,1,0.053,0.725765723638064,1,32,1.0
unsw->ton,46,martingala_int,1,0.053,0.725765723638064,0,0,1.0
unsw->ton,46,statico,2,0.105,0.7484829229354744,0,0,1.0
unsw->ton,46,ogni_batch_int,2,0.105,0.5786494681444113,2,64,1.0
unsw->ton,46,martingala_int,2,0.105,0.7484829229354744,0,0,1.0
unsw->ton,46,statico,3,0.158,0.7038647319147676,0,0,1.0
unsw->ton,46,ogni_batch_int,3,0.158,0.558266821780302,3,96,1.0
unsw->ton,46,martingala_int,3,0.158,0.7038647319147676,0,0,1.0
unsw->ton,46,statico,4,0.211,0.7292603969868453,0,0,1.0
unsw->ton,46,ogni_batch_int,4,0.211,0.6093081759420416,4,128,1.0
unsw->ton,46,martingala_int,4,0.211,0.7292603969868453,0,0,1.0
unsw->ton,46,statico,5,0.263,0.6915288342779093,0,0,1.0
unsw->ton,46,ogni_batch_int,5,0.263,0.7296067964365832,5,160,1.0
unsw->ton,46,martingala_int,5,0.263,0.6915288342779093,0,0,1.0
unsw->ton,46,statico,6,0.316,0.6782208966950456,0,0,1.0
unsw->ton,46,ogni_batch_int,6,0.316,0.7278756326906133,6,192,1.0
unsw->ton,46,martingala_int,6,0.316,0.6782208966950456,0,0,1.0
unsw->ton,46,statico,7,0.368,0.66772656535188,0,0,1.0
unsw->ton,46,ogni_batch_int,7,0.368,0.701938226308224,7,224,1.0
unsw->ton,46,martingala_int,7,0.368,0.563797328295259,1,32,1.0
unsw->ton,46,statico,8,0.421,0.6509128896927259,0,0,1.0
unsw->ton,46,ogni_batch_int,8,0.421,0.7407288183872189,8,256,1.0
unsw->ton,46,martingala_int,8,0.421,0.7062787784258253,2,64,1.0
unsw->ton,46,statico,9,0.474,0.6258641519526553,0,0,1.0
unsw->ton,46,ogni_batch_int,9,0.474,0.7617130792469091,9,288,1.0
unsw->ton,46,martingala_int,9,0.474,0.7725821529234566,3,96,1.0
unsw->ton,46,statico,10,0.526,0.617526773905412,0,0,1.0
unsw->ton,46,ogni_batch_int,10,0.526,0.7298905508245941,10,320,1.0
unsw->ton,46,martingala_int,10,0.526,0.7561547779631077,4,128,1.0
unsw->ton,46,statico,11,0.579,0.5924472892819554,0,0,1.0
unsw->ton,46,ogni_batch_int,11,0.579,0.7658474529497,11,352,1.0
unsw->ton,46,martingala_int,11,0.579,0.5817828866572154,5,160,1.0
unsw->ton,46,statico,12,0.632,0.582177482381153,0,0,1.0
unsw->ton,46,ogni_batch_int,12,0.632,0.7608068555341002,12,384,1.0
unsw->ton,46,martingala_int,12,0.632,0.7030333633956158,6,192,1.0
unsw->ton,46,statico,13,0.684,0.561910447761194,0,0,1.0
unsw->ton,46,ogni_batch_int,13,0.684,0.7520298507462686,13,416,1.0
unsw->ton,46,martingala_int,13,0.684,0.6993892078071182,7,224,1.0
unsw->ton,46,statico,14,0.737,0.5397768972326058,0,0,1.0
unsw->ton,46,ogni_batch_int,14,0.737,0.735681430412308,14,448,1.0
unsw->ton,46,martingala_int,14,0.737,0.7807650498755458,8,256,1.0
unsw->ton,46,statico,15,0.789,0.519653027048577,0,0,1.0
unsw->ton,46,ogni_batch_int,15,0.789,0.7346993823403567,15,480,1.0
unsw->ton,46,martingala_int,15,0.789,0.7711628402557988,9,288,1.0
unsw->ton,46,statico,16,0.842,0.4996462103143896,0,0,1.0
unsw->ton,46,ogni_batch_int,16,0.842,0.8024581547086648,16,512,1.0
unsw->ton,46,martingala_int,16,0.842,0.8202725454147153,10,320,1.0
unsw->ton,46,statico,17,0.895,0.4761000848444682,0,0,1.0
unsw->ton,46,ogni_batch_int,17,0.895,0.8042360954868062,17,544,1.0
unsw->ton,46,martingala_int,17,0.895,0.8221068659325619,11,352,1.0
unsw->ton,46,statico,18,0.947,0.4621107930119944,0,0,1.0
unsw->ton,46,ogni_batch_int,18,0.947,0.8177393622531587,18,576,1.0
unsw->ton,46,martingala_int,18,0.947,0.8386926842096101,12,384,1.0
unsw->ton,46,statico,19,1.0,0.4360323349888953,0,0,1.0
unsw->ton,46,ogni_batch_int,19,1.0,0.8281092927375993,19,608,1.0
unsw->ton,46,martingala_int,19,1.0,0.8265832838391741,13,416,1.0
unsw->ton,47,statico,0,0.0,0.8238,0,0,1.0
unsw->ton,47,ogni_batch_int,0,0.0,0.8238,0,0,1.0
unsw->ton,47,martingala_int,0,0.0,0.8238,0,0,1.0
unsw->ton,47,statico,1,0.053,0.7229012559050582,0,0,1.0
unsw->ton,47,ogni_batch_int,1,0.053,0.7229012559050582,1,32,1.0
unsw->ton,47,martingala_int,1,0.053,0.7229012559050582,0,0,1.0
unsw->ton,47,statico,2,0.105,0.7165112673815214,0,0,1.0
unsw->ton,47,ogni_batch_int,2,0.105,0.7165112673815214,2,64,1.0
unsw->ton,47,martingala_int,2,0.105,0.7165112673815214,0,0,1.0
unsw->ton,47,statico,3,0.158,0.6771370436277219,0,0,1.0
unsw->ton,47,ogni_batch_int,3,0.158,0.7540341103020264,3,96,1.0
unsw->ton,47,martingala_int,3,0.158,0.6771370436277219,0,0,1.0
unsw->ton,47,statico,4,0.211,0.6792376134772594,0,0,1.0
unsw->ton,47,ogni_batch_int,4,0.211,0.732015533899691,4,128,1.0
unsw->ton,47,martingala_int,4,0.211,0.6792376134772594,0,0,1.0
unsw->ton,47,statico,5,0.263,0.6658961459195909,0,0,1.0
unsw->ton,47,ogni_batch_int,5,0.263,0.7888658300616176,5,160,1.0
unsw->ton,47,martingala_int,5,0.263,0.6658961459195909,0,0,1.0
unsw->ton,47,statico,6,0.316,0.6451141822498712,0,0,1.0
unsw->ton,47,ogni_batch_int,6,0.316,0.800316802252816,6,192,1.0
unsw->ton,47,martingala_int,6,0.316,0.7014368834204521,1,32,1.0
unsw->ton,47,statico,7,0.368,0.6361426908867143,0,0,1.0
unsw->ton,47,ogni_batch_int,7,0.368,0.7443780605411339,7,224,1.0
unsw->ton,47,martingala_int,7,0.368,0.6412223635820615,2,64,1.0
unsw->ton,47,statico,8,0.421,0.6133448616902888,0,0,1.0
unsw->ton,47,ogni_batch_int,8,0.421,0.7409968326898918,8,256,1.0
unsw->ton,47,martingala_int,8,0.421,0.6720870252060935,3,96,1.0
unsw->ton,47,statico,9,0.474,0.6150780019322033,0,0,1.0
unsw->ton,47,ogni_batch_int,9,0.474,0.7452484276562099,9,288,1.0
unsw->ton,47,martingala_int,9,0.474,0.7007469482545088,4,128,1.0
unsw->ton,47,statico,10,0.526,0.5787892394097693,0,0,1.0
unsw->ton,47,ogni_batch_int,10,0.526,0.763242818492639,10,320,1.0
unsw->ton,47,martingala_int,10,0.526,0.8019033449580435,5,160,1.0
unsw->ton,47,statico,11,0.579,0.566750682985004,0,0,1.0
unsw->ton,47,ogni_batch_int,11,0.579,0.7648400165777165,11,352,1.0
unsw->ton,47,martingala_int,11,0.579,0.729645566729538,6,192,1.0
unsw->ton,47,statico,12,0.632,0.5549914243646299,0,0,1.0
unsw->ton,47,ogni_batch_int,12,0.632,0.6973472123284933,12,384,1.0
unsw->ton,47,martingala_int,12,0.632,0.7336032936604838,7,224,1.0
unsw->ton,47,statico,13,0.684,0.5277763083641169,0,0,1.0
unsw->ton,47,ogni_batch_int,13,0.684,0.7192939638389824,13,416,1.0
unsw->ton,47,martingala_int,13,0.684,0.7355833898636039,8,256,1.0
unsw->ton,47,statico,14,0.737,0.5135144398606047,0,0,1.0
unsw->ton,47,ogni_batch_int,14,0.737,0.7249721403816118,14,448,1.0
unsw->ton,47,martingala_int,14,0.737,0.7172668774412887,9,288,1.0
unsw->ton,47,statico,15,0.789,0.5000123189121988,0,0,1.0
unsw->ton,47,ogni_batch_int,15,0.789,0.7198124265828209,15,480,1.0
unsw->ton,47,martingala_int,15,0.789,0.78999094709778,10,320,1.0
unsw->ton,47,statico,16,0.842,0.4794807351283255,0,0,1.0
unsw->ton,47,ogni_batch_int,16,0.842,0.7188229691994752,16,512,1.0
unsw->ton,47,martingala_int,16,0.842,0.7165495147422858,11,352,1.0
unsw->ton,47,statico,17,0.895,0.455664972746185,0,0,1.0
unsw->ton,47,ogni_batch_int,17,0.895,0.7218730750903618,17,544,1.0
unsw->ton,47,martingala_int,17,0.895,0.7429279546273375,12,384,1.0
unsw->ton,47,statico,18,0.947,0.4354347952993322,0,0,1.0
unsw->ton,47,ogni_batch_int,18,0.947,0.7321058062122363,18,576,1.0
unsw->ton,47,martingala_int,18,0.947,0.720354494790665,13,416,1.0
unsw->ton,47,statico,19,1.0,0.4184033086661366,0,0,1.0
unsw->ton,47,ogni_batch_int,19,1.0,0.740141652462864,19,608,1.0
unsw->ton,47,martingala_int,19,1.0,0.7388127327229909,14,448,1.0
unsw->ton,48,statico,0,0.0,0.82865,0,0,1.0
unsw->ton,48,ogni_batch_int,0,0.0,0.82865,0,0,1.0
unsw->ton,48,martingala_int,0,0.0,0.82865,0,0,1.0
unsw->ton,48,statico,1,0.053,0.755842956947488,0,0,1.0
unsw->ton,48,ogni_batch_int,1,0.053,0.755842956947488,1,32,1.0
unsw->ton,48,martingala_int,1,0.053,0.755842956947488,0,0,1.0
unsw->ton,48,statico,2,0.105,0.721280859097577,0,0,1.0
unsw->ton,48,ogni_batch_int,2,0.105,0.721280859097577,2,64,1.0
unsw->ton,48,martingala_int,2,0.105,0.721280859097577,0,0,1.0
unsw->ton,48,statico,3,0.158,0.7089128848474643,0,0,1.0
unsw->ton,48,ogni_batch_int,3,0.158,0.7089128848474643,3,96,1.0
unsw->ton,48,martingala_int,3,0.158,0.7089128848474643,0,0,1.0
unsw->ton,48,statico,4,0.211,0.6953480092880409,0,0,1.0
unsw->ton,48,ogni_batch_int,4,0.211,0.6729602707772092,4,128,1.0
unsw->ton,48,martingala_int,4,0.211,0.6953480092880409,0,0,1.0
unsw->ton,48,statico,5,0.263,0.6689420162971688,0,0,1.0
unsw->ton,48,ogni_batch_int,5,0.263,0.7401135491958603,5,160,1.0
unsw->ton,48,martingala_int,5,0.263,0.6689420162971688,0,0,1.0
unsw->ton,48,statico,6,0.316,0.6531128348433862,0,0,1.0
unsw->ton,48,ogni_batch_int,6,0.316,0.7843840298970889,6,192,1.0
unsw->ton,48,martingala_int,6,0.316,0.5423331365928843,1,32,1.0
unsw->ton,48,statico,7,0.368,0.6482437587339955,0,0,1.0
unsw->ton,48,ogni_batch_int,7,0.368,0.7797217081492113,7,224,1.0
unsw->ton,48,martingala_int,7,0.368,0.48606306102151553,2,64,1.0
unsw->ton,48,statico,8,0.421,0.6288565245339417,0,0,1.0
unsw->ton,48,ogni_batch_int,8,0.421,0.7948726447928554,8,256,1.0
unsw->ton,48,martingala_int,8,0.421,0.5587942340750296,3,96,1.0
unsw->ton,48,statico,9,0.474,0.6123641396922812,0,0,1.0
unsw->ton,48,ogni_batch_int,9,0.474,0.7659734121346251,9,288,1.0
unsw->ton,48,martingala_int,9,0.474,0.5416910397177689,4,128,1.0
unsw->ton,48,statico,10,0.526,0.5896984942690182,0,0,1.0
unsw->ton,48,ogni_batch_int,10,0.526,0.7811230681467447,10,320,1.0
unsw->ton,48,martingala_int,10,0.526,0.5334266248844419,5,160,1.0
unsw->ton,48,statico,11,0.579,0.5801737617270251,0,0,1.0
unsw->ton,48,ogni_batch_int,11,0.579,0.6907411143616127,11,352,1.0
unsw->ton,48,martingala_int,11,0.579,0.7958720030935809,6,192,1.0
unsw->ton,48,statico,12,0.632,0.5552109468140003,0,0,1.0
unsw->ton,48,ogni_batch_int,12,0.632,0.7749657467214719,12,384,1.0
unsw->ton,48,martingala_int,12,0.632,0.7714201122598069,7,224,1.0
unsw->ton,48,statico,13,0.684,0.5395227107879812,0,0,1.0
unsw->ton,48,ogni_batch_int,13,0.684,0.767802919972053,13,416,1.0
unsw->ton,48,martingala_int,13,0.684,0.7608093032464652,8,256,1.0
unsw->ton,48,statico,14,0.737,0.5218926369233197,0,0,1.0
unsw->ton,48,ogni_batch_int,14,0.737,0.769297722740707,14,448,1.0
unsw->ton,48,martingala_int,14,0.737,0.7735908557150412,9,288,1.0
unsw->ton,48,statico,15,0.789,0.5084291789379207,0,0,1.0
unsw->ton,48,ogni_batch_int,15,0.789,0.8067469547937127,15,480,1.0
unsw->ton,48,martingala_int,15,0.789,0.7777371938522722,10,320,1.0
unsw->ton,48,statico,16,0.842,0.4874835007776092,0,0,1.0
unsw->ton,48,ogni_batch_int,16,0.842,0.8133981926911451,16,512,1.0
unsw->ton,48,martingala_int,16,0.842,0.8135788923568839,11,352,1.0
unsw->ton,48,statico,17,0.895,0.4668891152156872,0,0,1.0
unsw->ton,48,ogni_batch_int,17,0.895,0.8377677386298077,17,544,1.0
unsw->ton,48,martingala_int,17,0.895,0.8345807313860052,12,384,1.0
unsw->ton,48,statico,18,0.947,0.4406401325431199,0,0,1.0
unsw->ton,48,ogni_batch_int,18,0.947,0.8556717531477739,18,576,1.0
unsw->ton,48,martingala_int,18,0.947,0.8552709887071058,13,416,1.0
unsw->ton,48,statico,19,1.0,0.4229953132870251,0,0,1.0
unsw->ton,48,ogni_batch_int,19,1.0,0.8469377491726531,19,608,1.0
unsw->ton,48,martingala_int,19,1.0,0.8428153017822291,14,448,1.0
unsw->ton,49,statico,0,0.0,0.83985,0,0,1.0
unsw->ton,49,ogni_batch_int,0,0.0,0.83985,0,0,1.0
unsw->ton,49,martingala_int,0,0.0,0.83985,0,0,1.0
unsw->ton,49,statico,1,0.053,0.7692273602106969,0,0,1.0
unsw->ton,49,ogni_batch_int,1,0.053,0.7692273602106969,1,32,1.0
unsw->ton,49,martingala_int,1,0.053,0.7692273602106969,0,0,1.0
unsw->ton,49,statico,2,0.105,0.7177620449674604,0,0,1.0
unsw->ton,49,ogni_batch_int,2,0.105,0.7177620449674604,2,64,1.0
unsw->ton,49,martingala_int,2,0.105,0.7177620449674604,0,0,1.0
unsw->ton,49,statico,3,0.158,0.699074281757897,0,0,1.0
unsw->ton,49,ogni_batch_int,3,0.158,0.7316868226309041,3,96,1.0
unsw->ton,49,martingala_int,3,0.158,0.699074281757897,0,0,1.0
unsw->ton,49,statico,4,0.211,0.6826930294099084,0,0,1.0
unsw->ton,49,ogni_batch_int,4,0.211,0.8410490108106488,4,128,1.0
unsw->ton,49,martingala_int,4,0.211,0.6826930294099084,0,0,1.0
unsw->ton,49,statico,5,0.263,0.6686773265834817,0,0,1.0
unsw->ton,49,ogni_batch_int,5,0.263,0.712481280540538,5,160,1.0
unsw->ton,49,martingala_int,5,0.263,0.6686773265834817,0,0,1.0
unsw->ton,49,statico,6,0.316,0.6459457839492304,0,0,1.0
unsw->ton,49,ogni_batch_int,6,0.316,0.7764664113364121,6,192,1.0
unsw->ton,49,martingala_int,6,0.316,0.6025489453987566,1,32,1.0
unsw->ton,49,statico,7,0.368,0.6474893685220584,0,0,1.0
unsw->ton,49,ogni_batch_int,7,0.368,0.6780799829203619,7,224,1.0
unsw->ton,49,martingala_int,7,0.368,0.6732844883337572,2,64,1.0
unsw->ton,49,statico,8,0.421,0.6293756940413955,0,0,1.0
unsw->ton,49,ogni_batch_int,8,0.421,0.6705130467380851,8,256,1.0
unsw->ton,49,martingala_int,8,0.421,0.732923233263814,3,96,1.0
unsw->ton,49,statico,9,0.474,0.6139246345489803,0,0,1.0
unsw->ton,49,ogni_batch_int,9,0.474,0.6749037457248765,9,288,1.0
unsw->ton,49,martingala_int,9,0.474,0.661278113817769,4,128,1.0
unsw->ton,49,statico,10,0.526,0.5890744933665684,0,0,1.0
unsw->ton,49,ogni_batch_int,10,0.526,0.6935033908961661,10,320,1.0
unsw->ton,49,martingala_int,10,0.526,0.6298953814018236,5,160,1.0
unsw->ton,49,statico,11,0.579,0.5794178959770979,0,0,1.0
unsw->ton,49,ogni_batch_int,11,0.579,0.6940257753848059,11,352,1.0
unsw->ton,49,martingala_int,11,0.579,0.6192972900116771,6,192,1.0
unsw->ton,49,statico,12,0.632,0.5629370290945112,0,0,1.0
unsw->ton,49,ogni_batch_int,12,0.632,0.6789905133505257,12,384,1.0
unsw->ton,49,martingala_int,12,0.632,0.7397034646934788,7,224,1.0
unsw->ton,49,statico,13,0.684,0.5378339491432599,0,0,1.0
unsw->ton,49,ogni_batch_int,13,0.684,0.787604415233362,13,416,1.0
unsw->ton,49,martingala_int,13,0.684,0.7557687120066978,8,256,1.0
unsw->ton,49,statico,14,0.737,0.5282863505276139,0,0,1.0
unsw->ton,49,ogni_batch_int,14,0.737,0.7970038307256313,14,448,1.0
unsw->ton,49,martingala_int,14,0.737,0.7971010730134802,9,288,1.0
unsw->ton,49,statico,15,0.789,0.5122135935204142,0,0,1.0
unsw->ton,49,ogni_batch_int,15,0.789,0.814167055552085,15,480,1.0
unsw->ton,49,martingala_int,15,0.789,0.8280740170950718,10,320,1.0
unsw->ton,49,statico,16,0.842,0.4899742359630419,0,0,1.0
unsw->ton,49,ogni_batch_int,16,0.842,0.8299668748096254,16,512,1.0
unsw->ton,49,martingala_int,16,0.842,0.7908334602497715,11,352,1.0
unsw->ton,49,statico,17,0.895,0.4696916598317904,0,0,1.0
unsw->ton,49,ogni_batch_int,17,0.895,0.8489056893144913,17,544,1.0
unsw->ton,49,martingala_int,17,0.895,0.8303008264122128,12,384,1.0
unsw->ton,49,statico,18,0.947,0.4409246816713659,0,0,1.0
unsw->ton,49,ogni_batch_int,18,0.947,0.7830630509597225,18,576,1.0
unsw->ton,49,martingala_int,18,0.947,0.801582880753855,13,416,1.0
unsw->ton,49,statico,19,1.0,0.4263367755768831,0,0,1.0
unsw->ton,49,ogni_batch_int,19,1.0,0.7604087548652121,19,608,1.0
unsw->ton,49,martingala_int,19,1.0,0.8037889332537573,14,448,1.0
unsw->ton,50,statico,0,0.0,0.8375,0,0,1.0
unsw->ton,50,ogni_batch_int,0,0.0,0.8375,0,0,1.0
unsw->ton,50,martingala_int,0,0.0,0.8375,0,0,1.0
unsw->ton,50,statico,1,0.053,0.7719828139736817,0,0,1.0
unsw->ton,50,ogni_batch_int,1,0.053,0.7719828139736817,1,32,1.0
unsw->ton,50,martingala_int,1,0.053,0.7719828139736817,0,0,1.0
unsw->ton,50,statico,2,0.105,0.7391526801705427,0,0,1.0
unsw->ton,50,ogni_batch_int,2,0.105,0.7391526801705427,2,64,1.0
unsw->ton,50,martingala_int,2,0.105,0.7391526801705427,0,0,1.0
unsw->ton,50,statico,3,0.158,0.7092473736309353,0,0,1.0
unsw->ton,50,ogni_batch_int,3,0.158,0.7092473736309353,3,96,1.0
unsw->ton,50,martingala_int,3,0.158,0.7092473736309353,0,0,1.0
unsw->ton,50,statico,4,0.211,0.7156976385675946,0,0,1.0
unsw->ton,50,ogni_batch_int,4,0.211,0.5025901347507331,4,128,1.0
unsw->ton,50,martingala_int,4,0.211,0.7156976385675946,0,0,1.0
unsw->ton,50,statico,5,0.263,0.702176006484615,0,0,1.0
unsw->ton,50,ogni_batch_int,5,0.263,0.6930622180340162,5,160,1.0
unsw->ton,50,martingala_int,5,0.263,0.702176006484615,0,0,1.0
unsw->ton,50,statico,6,0.316,0.677965600408639,0,0,1.0
unsw->ton,50,ogni_batch_int,6,0.316,0.6991381384420605,6,192,1.0
unsw->ton,50,martingala_int,6,0.316,0.677965600408639,1,32,1.0
unsw->ton,50,statico,7,0.368,0.6680818230073227,0,0,1.0
unsw->ton,50,ogni_batch_int,7,0.368,0.7083287231081707,7,224,1.0
unsw->ton,50,martingala_int,7,0.368,0.49942727599301817,2,64,1.0
unsw->ton,50,statico,8,0.421,0.6493784198991577,0,0,1.0
unsw->ton,50,ogni_batch_int,8,0.421,0.6994629325903856,8,256,1.0
unsw->ton,50,martingala_int,8,0.421,0.4879229215607632,3,96,1.0
unsw->ton,50,statico,9,0.474,0.6264024280909835,0,0,1.0
unsw->ton,50,ogni_batch_int,9,0.474,0.6813464209336629,9,288,1.0
unsw->ton,50,martingala_int,9,0.474,0.4923248108989197,4,128,1.0
unsw->ton,50,statico,10,0.526,0.6120002802880757,0,0,1.0
unsw->ton,50,ogni_batch_int,10,0.526,0.7054084763207981,10,320,1.0
unsw->ton,50,martingala_int,10,0.526,0.5286464948430529,5,160,1.0
unsw->ton,50,statico,11,0.579,0.5938730795742089,0,0,1.0
unsw->ton,50,ogni_batch_int,11,0.579,0.6718498643508958,11,352,1.0
unsw->ton,50,martingala_int,11,0.579,0.6009732689198681,6,192,1.0
unsw->ton,50,statico,12,0.632,0.5867288833535299,0,0,1.0
unsw->ton,50,ogni_batch_int,12,0.632,0.7183876770940861,12,384,1.0
unsw->ton,50,martingala_int,12,0.632,0.6842309902807076,7,224,1.0
unsw->ton,50,statico,13,0.684,0.5543679103542536,0,0,1.0
unsw->ton,50,ogni_batch_int,13,0.684,0.7139835050850962,13,416,1.0
unsw->ton,50,martingala_int,13,0.684,0.6506728519530511,8,256,1.0
unsw->ton,50,statico,14,0.737,0.5374706148279296,0,0,1.0
unsw->ton,50,ogni_batch_int,14,0.737,0.6626912985258693,14,448,1.0
unsw->ton,50,martingala_int,14,0.737,0.7270525029120696,9,288,1.0
unsw->ton,50,statico,15,0.789,0.5213809615700452,0,0,1.0
unsw->ton,50,ogni_batch_int,15,0.789,0.6588689208414011,15,480,1.0
unsw->ton,50,martingala_int,15,0.789,0.750200504198964,10,320,1.0
unsw->ton,50,statico,16,0.842,0.49866589972790404,0,0,1.0
unsw->ton,50,ogni_batch_int,16,0.842,0.8024939821623966,16,512,1.0
unsw->ton,50,martingala_int,16,0.842,0.7666591953222385,11,352,1.0
unsw->ton,50,statico,17,0.895,0.4795495835140622,0,0,1.0
unsw->ton,50,ogni_batch_int,17,0.895,0.8235119800417592,17,544,1.0
unsw->ton,50,martingala_int,17,0.895,0.7832061098068709,12,384,1.0
unsw->ton,50,statico,18,0.947,0.46161177735081194,0,0,1.0
unsw->ton,50,ogni_batch_int,18,0.947,0.8177027215301436,18,576,1.0
unsw->ton,50,martingala_int,18,0.947,0.7880128243972926,13,416,1.0
unsw->ton,50,statico,19,1.0,0.44424702173332486,0,0,1.0
unsw->ton,50,ogni_batch_int,19,1.0,0.832161650927726,19,608,1.0
unsw->ton,50,martingala_int,19,1.0,0.8215302788083643,14,448,1.0
unsw->ton,51,statico,0,0.0,0.8328,0,0,1.0
unsw->ton,51,ogni_batch_int,0,0.0,0.8328,0,0,1.0
unsw->ton,51,martingala_int,0,0.0,0.8328,0,0,1.0
unsw->ton,51,statico,1,0.053,0.7391583050926218,0,0,1.0
unsw->ton,51,ogni_batch_int,1,0.053,0.7391583050926218,1,32,1.0
unsw->ton,51,martingala_int,1,0.053,0.7391583050926218,0,0,1.0
unsw->ton,51,statico,2,0.105,0.7169034835850142,0,0,1.0
unsw->ton,51,ogni_batch_int,2,0.105,0.7169034835850142,2,64,1.0
unsw->ton,51,martingala_int,2,0.105,0.7169034835850142,0,0,1.0
unsw->ton,51,statico,3,0.158,0.7097930302999567,0,0,1.0
unsw->ton,51,ogni_batch_int,3,0.158,0.7097930302999567,3,96,1.0
unsw->ton,51,martingala_int,3,0.158,0.7097930302999567,0,0,1.0
unsw->ton,51,statico,4,0.211,0.7000136302524416,0,0,1.0
unsw->ton,51,ogni_batch_int,4,0.211,0.6546166783042704,4,128,1.0
unsw->ton,51,martingala_int,4,0.211,0.7000136302524416,0,0,1.0
unsw->ton,51,statico,5,0.263,0.6787688541485991,0,0,1.0
unsw->ton,51,ogni_batch_int,5,0.263,0.6027949979875962,5,160,1.0
unsw->ton,51,martingala_int,5,0.263,0.6787688541485991,0,0,1.0
unsw->ton,51,statico,6,0.316,0.6719329734475675,0,0,1.0
unsw->ton,51,ogni_batch_int,6,0.316,0.5976732264923386,6,192,1.0
unsw->ton,51,martingala_int,6,0.316,0.6073844448851129,1,32,1.0
unsw->ton,51,statico,7,0.368,0.6534018625006361,0,0,1.0
unsw->ton,51,ogni_batch_int,7,0.368,0.5878733906671416,7,224,1.0
unsw->ton,51,martingala_int,7,0.368,0.7474524197241871,2,64,1.0
unsw->ton,51,statico,8,0.421,0.6408258255669452,0,0,1.0
unsw->ton,51,ogni_batch_int,8,0.421,0.6021332534037491,8,256,1.0
unsw->ton,51,martingala_int,8,0.421,0.7774334645893817,3,96,1.0
unsw->ton,51,statico,9,0.474,0.6258198591364093,0,0,1.0
unsw->ton,51,ogni_batch_int,9,0.474,0.7203312205489492,9,288,1.0
unsw->ton,51,martingala_int,9,0.474,0.7725355276861686,4,128,1.0
unsw->ton,51,statico,10,0.526,0.6070164804984934,0,0,1.0
unsw->ton,51,ogni_batch_int,10,0.526,0.7495003802604403,10,320,1.0
unsw->ton,51,martingala_int,10,0.526,0.7807273549630167,5,160,1.0
unsw->ton,51,statico,11,0.579,0.584652636449028,0,0,1.0
unsw->ton,51,ogni_batch_int,11,0.579,0.7690401045660131,11,352,1.0
unsw->ton,51,martingala_int,11,0.579,0.7838740629542957,6,192,1.0
unsw->ton,51,statico,12,0.632,0.5820266713116444,0,0,1.0
unsw->ton,51,ogni_batch_int,12,0.632,0.7731933949924792,12,384,1.0
unsw->ton,51,martingala_int,12,0.632,0.7846557580955926,7,224,1.0
unsw->ton,51,statico,13,0.684,0.5652962753940292,0,0,1.0
unsw->ton,51,ogni_batch_int,13,0.684,0.7911041816941401,13,416,1.0
unsw->ton,51,martingala_int,13,0.684,0.7850410886330434,8,256,1.0
unsw->ton,51,statico,14,0.737,0.5335164741884316,0,0,1.0
unsw->ton,51,ogni_batch_int,14,0.737,0.7920437281019772,14,448,1.0
unsw->ton,51,martingala_int,14,0.737,0.8166906247422183,9,288,1.0
unsw->ton,51,statico,15,0.789,0.5159694662286616,0,0,1.0
unsw->ton,51,ogni_batch_int,15,0.789,0.7984518841566652,15,480,1.0
unsw->ton,51,martingala_int,15,0.789,0.8120352817176364,10,320,1.0
unsw->ton,51,statico,16,0.842,0.5000034791805834,0,0,1.0
unsw->ton,51,ogni_batch_int,16,0.842,0.8030888165219328,16,512,1.0
unsw->ton,51,martingala_int,16,0.842,0.8092651075961447,11,352,1.0
unsw->ton,51,statico,17,0.895,0.4732643973891587,0,0,1.0
unsw->ton,51,ogni_batch_int,17,0.895,0.826885760113004,17,544,1.0
unsw->ton,51,martingala_int,17,0.895,0.826885760113004,12,384,1.0
unsw->ton,51,statico,18,0.947,0.4504945154452128,0,0,1.0
unsw->ton,51,ogni_batch_int,18,0.947,0.8349575931330573,18,576,1.0
unsw->ton,51,martingala_int,18,0.947,0.8349575931330573,13,416,1.0
unsw->ton,51,statico,19,1.0,0.43524664510657685,0,0,1.0
unsw->ton,51,ogni_batch_int,19,1.0,0.8199866628984878,19,608,1.0
unsw->ton,51,martingala_int,19,1.0,0.8199866628984878,14,448,1.0
bot->unsw,42,statico,0,0.0,0.92325,0,0,1.0
bot->unsw,42,ogni_batch_int,0,0.0,0.92325,0,0,1.0
bot->unsw,42,martingala_int,0,0.0,0.92325,0,0,1.0
bot->unsw,42,statico,1,0.053,0.8697459166413578,0,0,1.0
bot->unsw,42,ogni_batch_int,1,0.053,0.8697459166413578,1,32,1.0
bot->unsw,42,martingala_int,1,0.053,0.8697459166413578,1,32,1.0
bot->unsw,42,statico,2,0.105,0.8491738702265018,0,0,1.0
bot->unsw,42,ogni_batch_int,2,0.105,0.6647650180544917,2,64,1.0
bot->unsw,42,martingala_int,2,0.105,0.6647650180544917,2,64,1.0
bot->unsw,42,statico,3,0.158,0.830840316329894,0,0,1.0
bot->unsw,42,ogni_batch_int,3,0.158,0.6667603279416796,3,96,1.0
bot->unsw,42,martingala_int,3,0.158,0.6667603279416796,3,96,1.0
bot->unsw,42,statico,4,0.211,0.8242954323961966,0,0,1.0
bot->unsw,42,ogni_batch_int,4,0.211,0.6999878232675918,4,128,1.0
bot->unsw,42,martingala_int,4,0.211,0.6999878232675918,4,128,1.0
bot->unsw,42,statico,5,0.263,0.8057187915973265,0,0,1.0
bot->unsw,42,ogni_batch_int,5,0.263,0.8514366959451014,5,160,1.0
bot->unsw,42,martingala_int,5,0.263,0.8514366959451014,5,160,1.0
bot->unsw,42,statico,6,0.316,0.788386503859849,0,0,1.0
bot->unsw,42,ogni_batch_int,6,0.316,0.8376779751896709,6,192,1.0
bot->unsw,42,martingala_int,6,0.316,0.8376779751896709,6,192,1.0
bot->unsw,42,statico,7,0.368,0.7724381997615946,0,0,1.0
bot->unsw,42,ogni_batch_int,7,0.368,0.8398799142969855,7,224,1.0
bot->unsw,42,martingala_int,7,0.368,0.8398799142969855,7,224,1.0
bot->unsw,42,statico,8,0.421,0.747418113702272,0,0,1.0
bot->unsw,42,ogni_batch_int,8,0.421,0.8386708368327311,8,256,1.0
bot->unsw,42,martingala_int,8,0.421,0.8386708368327311,8,256,1.0
bot->unsw,42,statico,9,0.474,0.7361121435784934,0,0,1.0
bot->unsw,42,ogni_batch_int,9,0.474,0.8383515377982178,9,288,1.0
bot->unsw,42,martingala_int,9,0.474,0.8383515377982178,9,288,1.0
bot->unsw,42,statico,10,0.526,0.7042902214572778,0,0,1.0
bot->unsw,42,ogni_batch_int,10,0.526,0.8451378891099737,10,320,1.0
bot->unsw,42,martingala_int,10,0.526,0.8451378891099737,10,320,1.0
bot->unsw,42,statico,11,0.579,0.6882849741134225,0,0,1.0
bot->unsw,42,ogni_batch_int,11,0.579,0.8467531505953961,11,352,1.0
bot->unsw,42,martingala_int,11,0.579,0.8467531505953961,11,352,1.0
bot->unsw,42,statico,12,0.632,0.6634852512377272,0,0,1.0
bot->unsw,42,ogni_batch_int,12,0.632,0.8305896212132202,12,384,1.0
bot->unsw,42,martingala_int,12,0.632,0.8319694213854117,11,352,1.0
bot->unsw,42,statico,13,0.684,0.6400385593260182,0,0,1.0
bot->unsw,42,ogni_batch_int,13,0.684,0.8219446877161201,13,416,1.0
bot->unsw,42,martingala_int,13,0.684,0.8243424871113639,11,352,1.0
bot->unsw,42,statico,14,0.737,0.6114772438491372,0,0,1.0
bot->unsw,42,ogni_batch_int,14,0.737,0.8057856116034072,14,448,1.0
bot->unsw,42,martingala_int,14,0.737,0.8144123274984836,11,352,1.0
bot->unsw,42,statico,15,0.789,0.5886001390412263,0,0,1.0
bot->unsw,42,ogni_batch_int,15,0.789,0.8114213021327984,15,480,1.0
bot->unsw,42,martingala_int,15,0.789,0.8040446545573116,11,352,1.0
bot->unsw,42,statico,16,0.842,0.5580517392907626,0,0,1.0
bot->unsw,42,ogni_batch_int,16,0.842,0.7931296663703782,16,512,1.0
bot->unsw,42,martingala_int,16,0.842,0.794902064885982,11,352,1.0
bot->unsw,42,statico,17,0.895,0.5319044388236333,0,0,1.0
bot->unsw,42,ogni_batch_int,17,0.895,0.7890923854307657,17,544,1.0
bot->unsw,42,martingala_int,17,0.895,0.7773954187205103,11,352,1.0
bot->unsw,42,statico,18,0.947,0.49922031521251653,0,0,1.0
bot->unsw,42,ogni_batch_int,18,0.947,0.7608655546676222,18,576,1.0
bot->unsw,42,martingala_int,18,0.947,0.7717416757957478,11,352,1.0
bot->unsw,42,statico,19,1.0,0.4610323179386396,0,0,1.0
bot->unsw,42,ogni_batch_int,19,1.0,0.7723206681952178,19,608,1.0
bot->unsw,42,martingala_int,19,1.0,0.7548695272409651,11,352,1.0
bot->unsw,43,statico,0,0.0,0.95485,0,0,1.0
bot->unsw,43,ogni_batch_int,0,0.0,0.95485,0,0,1.0
bot->unsw,43,martingala_int,0,0.0,0.95485,0,0,1.0
bot->unsw,43,statico,1,0.053,0.8806991888387237,0,0,1.0
bot->unsw,43,ogni_batch_int,1,0.053,0.8806991888387237,1,32,1.0
bot->unsw,43,martingala_int,1,0.053,0.8806991888387237,1,32,1.0
bot->unsw,43,statico,2,0.105,0.8551961374329795,0,0,1.0
bot->unsw,43,ogni_batch_int,2,0.105,0.8839014115329904,2,64,1.0
bot->unsw,43,martingala_int,2,0.105,0.8839014115329904,2,64,1.0
bot->unsw,43,statico,3,0.158,0.8416086807714207,0,0,1.0
bot->unsw,43,ogni_batch_int,3,0.158,0.8999461147848228,3,96,1.0
bot->unsw,43,martingala_int,3,0.158,0.8999461147848228,3,96,1.0
bot->unsw,43,statico,4,0.211,0.8362605845499598,0,0,1.0
bot->unsw,43,ogni_batch_int,4,0.211,0.8848371006373857,4,128,1.0
bot->unsw,43,martingala_int,4,0.211,0.8848371006373857,4,128,1.0
bot->unsw,43,statico,5,0.263,0.8306766325963051,0,0,1.0
bot->unsw,43,ogni_batch_int,5,0.263,0.8784278346128314,5,160,1.0
bot->unsw,43,martingala_int,5,0.263,0.8784278346128314,5,160,1.0
bot->unsw,43,statico,6,0.316,0.8056910582849114,0,0,1.0
bot->unsw,43,ogni_batch_int,6,0.316,0.8810825589092354,6,192,1.0
bot->unsw,43,martingala_int,6,0.316,0.8810825589092354,6,192,1.0
bot->unsw,43,statico,7,0.368,0.786205317935865,0,0,1.0
bot->unsw,43,ogni_batch_int,7,0.368,0.8512077726835259,7,224,1.0
bot->unsw,43,martingala_int,7,0.368,0.8512077726835259,7,224,1.0
bot->unsw,43,statico,8,0.421,0.7781550959124061,0,0,1.0
bot->unsw,43,ogni_batch_int,8,0.421,0.8438355250423619,8,256,1.0
bot->unsw,43,martingala_int,8,0.421,0.8438355250423619,8,256,1.0
bot->unsw,43,statico,9,0.474,0.7603483535949551,0,0,1.0
bot->unsw,43,ogni_batch_int,9,0.474,0.8308866309447553,9,288,1.0
bot->unsw,43,martingala_int,9,0.474,0.8290620541115785,8,256,1.0
bot->unsw,43,statico,10,0.526,0.7361710540309873,0,0,1.0
bot->unsw,43,ogni_batch_int,10,0.526,0.8065983843861481,10,320,1.0
bot->unsw,43,martingala_int,10,0.526,0.8030501975078645,8,256,1.0
bot->unsw,43,statico,11,0.579,0.7267962652893265,0,0,1.0
bot->unsw,43,ogni_batch_int,11,0.579,0.7836098419275194,11,352,1.0
bot->unsw,43,martingala_int,11,0.579,0.7892281787136628,8,256,1.0
bot->unsw,43,statico,12,0.632,0.7029581969802554,0,0,1.0
bot->unsw,43,ogni_batch_int,12,0.632,0.756839839961849,12,384,1.0
bot->unsw,43,martingala_int,12,0.632,0.7642795031695984,8,256,1.0
bot->unsw,43,statico,13,0.684,0.6894749817939678,0,0,1.0
bot->unsw,43,ogni_batch_int,13,0.684,0.7420689079014955,13,416,1.0
bot->unsw,43,martingala_int,13,0.684,0.7451233241273247,8,256,1.0
bot->unsw,43,statico,14,0.737,0.6604371672133479,0,0,1.0
bot->unsw,43,ogni_batch_int,14,0.737,0.7049962602177328,14,448,1.0
bot->unsw,43,martingala_int,14,0.737,0.7223147537902598,8,256,1.0
bot->unsw,43,statico,15,0.789,0.6474398003918225,0,0,1.0
bot->unsw,43,ogni_batch_int,15,0.789,0.8020241879514796,15,480,1.0
bot->unsw,43,martingala_int,15,0.789,0.6985290162872431,8,256,1.0
bot->unsw,43,statico,16,0.842,0.6193572335874586,0,0,1.0
bot->unsw,43,ogni_batch_int,16,0.842,0.763779563158502,16,512,1.0
bot->unsw,43,martingala_int,16,0.842,0.6721509272411039,8,256,1.0
bot->unsw,43,statico,17,0.895,0.5986738971880433,0,0,1.0
bot->unsw,43,ogni_batch_int,17,0.895,0.7741463210422549,17,544,1.0
bot->unsw,43,martingala_int,17,0.895,0.6476466814482947,8,256,1.0
bot->unsw,43,statico,18,0.947,0.5775496071543027,0,0,1.0
bot->unsw,43,ogni_batch_int,18,0.947,0.7631121936850522,18,576,1.0
bot->unsw,43,martingala_int,18,0.947,0.6166774391328429,8,256,1.0
bot->unsw,43,statico,19,1.0,0.5440855378356009,0,0,1.0
bot->unsw,43,ogni_batch_int,19,1.0,0.7754969278829466,19,608,1.0
bot->unsw,43,martingala_int,19,1.0,0.5815303600672849,8,256,1.0
bot->unsw,44,statico,0,0.0,0.9209,0,0,1.0
bot->unsw,44,ogni_batch_int,0,0.0,0.9209,0,0,1.0
bot->unsw,44,martingala_int,0,0.0,0.9209,0,0,1.0
bot->unsw,44,statico,1,0.053,0.873803911679373,0,0,1.0
bot->unsw,44,ogni_batch_int,1,0.053,0.873803911679373,1,32,1.0
bot->unsw,44,martingala_int,1,0.053,0.873803911679373,1,32,1.0
bot->unsw,44,statico,2,0.105,0.8721007119859402,0,0,1.0
bot->unsw,44,ogni_batch_int,2,0.105,0.875559725614835,2,64,1.0
bot->unsw,44,martingala_int,2,0.105,0.875559725614835,2,64,1.0
bot->unsw,44,statico,3,0.158,0.8477723726973874,0,0,1.0
bot->unsw,44,ogni_batch_int,3,0.158,0.9216818430749886,3,96,1.0
bot->unsw,44,martingala_int,3,0.158,0.9216818430749886,3,96,1.0
bot->unsw,44,statico,4,0.211,0.8312429393757679,0,0,1.0
bot->unsw,44,ogni_batch_int,4,0.211,0.9319598664573465,4,128,1.0
bot->unsw,44,martingala_int,4,0.211,0.9319598664573465,4,128,1.0
bot->unsw,44,statico,5,0.263,0.8161955884997123,0,0,1.0
bot->unsw,44,ogni_batch_int,5,0.263,0.895154177703031,5,160,1.0
bot->unsw,44,martingala_int,5,0.263,0.895154177703031,5,160,1.0
bot->unsw,44,statico,6,0.316,0.7996073786681297,0,0,1.0
bot->unsw,44,ogni_batch_int,6,0.316,0.894950230515654,6,192,1.0
bot->unsw,44,martingala_int,6,0.316,0.894950230515654,6,192,1.0
bot->unsw,44,statico,7,0.368,0.7786558440572036,0,0,1.0
bot->unsw,44,ogni_batch_int,7,0.368,0.8884593520528234,7,224,1.0
bot->unsw,44,martingala_int,7,0.368,0.8859594957227275,6,192,1.0
bot->unsw,44,statico,8,0.421,0.7565279326148892,0,0,1.0
bot->unsw,44,ogni_batch_int,8,0.421,0.8941956236642227,8,256,1.0
bot->unsw,44,martingala_int,8,0.421,0.8727348067927778,6,192,1.0
bot->unsw,44,statico,9,0.474,0.7389917484150509,0,0,1.0
bot->unsw,44,ogni_batch_int,9,0.474,0.8876623006729842,9,288,1.0
bot->unsw,44,martingala_int,9,0.474,0.8666039014737298,6,192,1.0
bot->unsw,44,statico,10,0.526,0.7128531880300566,0,0,1.0
bot->unsw,44,ogni_batch_int,10,0.526,0.8686409727478328,10,320,1.0
bot->unsw,44,martingala_int,10,0.526,0.8650349343059278,6,192,1.0
bot->unsw,44,statico,11,0.579,0.6968852706961683,0,0,1.0
bot->unsw,44,ogni_batch_int,11,0.579,0.8714965669393656,11,352,1.0
bot->unsw,44,martingala_int,11,0.579,0.8489804910212949,6,192,1.0
bot->unsw,44,statico,12,0.632,0.6714978207748428,0,0,1.0
bot->unsw,44,ogni_batch_int,12,0.632,0.8575753118306393,12,384,1.0
bot->unsw,44,martingala_int,12,0.632,0.8412559936421595,6,192,1.0
bot->unsw,44,statico,13,0.684,0.6467310345166075,0,0,1.0
bot->unsw,44,ogni_batch_int,13,0.684,0.837825182387508,13,416,1.0
bot->unsw,44,martingala_int,13,0.684,0.83065287673814,6,192,1.0
bot->unsw,44,statico,14,0.737,0.6187477293038443,0,0,1.0
bot->unsw,44,ogni_batch_int,14,0.737,0.8359133021001827,14,448,1.0
bot->unsw,44,martingala_int,14,0.737,0.8182132818430389,6,192,1.0
bot->unsw,44,statico,15,0.789,0.5914703352136456,0,0,1.0
bot->unsw,44,ogni_batch_int,15,0.789,0.8321841949298141,15,480,1.0
bot->unsw,44,martingala_int,15,0.789,0.8114644242688172,6,192,1.0
bot->unsw,44,statico,16,0.842,0.5686195243321697,0,0,1.0
bot->unsw,44,ogni_batch_int,16,0.842,0.8036524078251783,16,512,1.0
bot->unsw,44,martingala_int,16,0.842,0.7993216241880075,6,192,1.0
bot->unsw,44,statico,17,0.895,0.5337359437276249,0,0,1.0
bot->unsw,44,ogni_batch_int,17,0.895,0.8033569873729292,17,544,1.0
bot->unsw,44,martingala_int,17,0.895,0.7833853185449411,6,192,1.0
bot->unsw,44,statico,18,0.947,0.5015255780327473,0,0,1.0
bot->unsw,44,ogni_batch_int,18,0.947,0.794942743407459,18,576,1.0
bot->unsw,44,martingala_int,18,0.947,0.7729792840917712,6,192,1.0
bot->unsw,44,statico,19,1.0,0.4700895424921399,0,0,1.0
bot->unsw,44,ogni_batch_int,19,1.0,0.7667539170785924,19,608,1.0
bot->unsw,44,martingala_int,19,1.0,0.7574627753199181,6,192,1.0
bot->unsw,45,statico,0,0.0,0.9236,0,0,1.0
bot->unsw,45,ogni_batch_int,0,0.0,0.9236,0,0,1.0
bot->unsw,45,martingala_int,0,0.0,0.9236,0,0,1.0
bot->unsw,45,statico,1,0.053,0.894680077018279,0,0,1.0
bot->unsw,45,ogni_batch_int,1,0.053,0.894680077018279,1,32,1.0
bot->unsw,45,martingala_int,1,0.053,0.894680077018279,1,32,1.0
bot->unsw,45,statico,2,0.105,0.8746214223693015,0,0,1.0
bot->unsw,45,ogni_batch_int,2,0.105,0.75505520567555,2,64,1.0
bot->unsw,45,martingala_int,2,0.105,0.75505520567555,2,64,1.0
bot->unsw,45,statico,3,0.158,0.8515526122148638,0,0,1.0
bot->unsw,45,ogni_batch_int,3,0.158,0.7629727740986019,3,96,1.0
bot->unsw,45,martingala_int,3,0.158,0.7629727740986019,3,96,1.0
bot->unsw,45,statico,4,0.211,0.8431813941703252,0,0,1.0
bot->unsw,45,ogni_batch_int,4,0.211,0.8325858161197945,4,128,1.0
bot->unsw,45,martingala_int,4,0.211,0.8325858161197945,4,128,1.0
bot->unsw,45,statico,5,0.263,0.8265079074302996,0,0,1.0
bot->unsw,45,ogni_batch_int,5,0.263,0.8094830897337651,5,160,1.0
bot->unsw,45,martingala_int,5,0.263,0.8094830897337651,5,160,1.0
bot->unsw,45,statico,6,0.316,0.7990425094720339,0,0,1.0
bot->unsw,45,ogni_batch_int,6,0.316,0.8218486235231014,6,192,1.0
bot->unsw,45,martingala_int,6,0.316,0.8218486235231014,6,192,1.0
bot->unsw,45,statico,7,0.368,0.7890909194843205,0,0,1.0
bot->unsw,45,ogni_batch_int,7,0.368,0.8730344326791027,7,224,1.0
bot->unsw,45,martingala_int,7,0.368,0.8730344326791027,7,224,1.0
bot->unsw,45,statico,8,0.421,0.7701898192457118,0,0,1.0
bot->unsw,45,ogni_batch_int,8,0.421,0.8536591384374355,8,256,1.0
bot->unsw,45,martingala_int,8,0.421,0.8536591384374355,8,256,1.0
bot->unsw,45,statico,9,0.474,0.7466067577267296,0,0,1.0
bot->unsw,45,ogni_batch_int,9,0.474,0.8557053926593465,9,288,1.0
bot->unsw,45,martingala_int,9,0.474,0.8557053926593465,9,288,1.0
bot->unsw,45,statico,10,0.526,0.7268457282011553,0,0,1.0
bot->unsw,45,ogni_batch_int,10,0.526,0.8831754776123335,10,320,1.0
bot->unsw,45,martingala_int,10,0.526,0.8478618093242183,9,288,1.0
bot->unsw,45,statico,11,0.579,0.7006272189727051,0,0,1.0
bot->unsw,45,ogni_batch_int,11,0.579,0.8728886900835566,11,352,1.0
bot->unsw,45,martingala_int,11,0.579,0.828557094479151,9,288,1.0
bot->unsw,45,statico,12,0.632,0.6822763327780441,0,0,1.0
bot->unsw,45,ogni_batch_int,12,0.632,0.8472174963660841,12,384,1.0
bot->unsw,45,martingala_int,12,0.632,0.8319654145140475,9,288,1.0
bot->unsw,45,statico,13,0.684,0.6547248468218585,0,0,1.0
bot->unsw,45,ogni_batch_int,13,0.684,0.7503510616454964,13,416,1.0
bot->unsw,45,martingala_int,13,0.684,0.8197964665866644,9,288,1.0
bot->unsw,45,statico,14,0.737,0.6267120054492801,0,0,1.0
bot->unsw,45,ogni_batch_int,14,0.737,0.8355545315158237,14,448,1.0
bot->unsw,45,martingala_int,14,0.737,0.8124213067215791,9,288,1.0
bot->unsw,45,statico,15,0.789,0.5990122211843136,0,0,1.0
bot->unsw,45,ogni_batch_int,15,0.789,0.82176809375566,15,480,1.0
bot->unsw,45,martingala_int,15,0.789,0.7981595357438704,9,288,1.0
bot->unsw,45,statico,16,0.842,0.5711498233732608,0,0,1.0
bot->unsw,45,ogni_batch_int,16,0.842,0.8189999429772775,16,512,1.0
bot->unsw,45,martingala_int,16,0.842,0.7878290600251723,9,288,1.0
bot->unsw,45,statico,17,0.895,0.542634460092197,0,0,1.0
bot->unsw,45,ogni_batch_int,17,0.895,0.805694222591554,17,544,1.0
bot->unsw,45,martingala_int,17,0.895,0.7785735939076347,9,288,1.0
bot->unsw,45,statico,18,0.947,0.5067023256004527,0,0,1.0
bot->unsw,45,ogni_batch_int,18,0.947,0.7897318868779548,18,576,1.0
bot->unsw,45,martingala_int,18,0.947,0.767669033374062,9,288,1.0
bot->unsw,45,statico,19,1.0,0.4725614217512979,0,0,1.0
bot->unsw,45,ogni_batch_int,19,1.0,0.7746127869249784,19,608,1.0
bot->unsw,45,martingala_int,19,1.0,0.7540714513231775,9,288,1.0
bot->unsw,46,statico,0,0.0,0.95305,0,0,1.0
bot->unsw,46,ogni_batch_int,0,0.0,0.95305,0,0,1.0
bot->unsw,46,martingala_int,0,0.0,0.95305,0,0,1.0
bot->unsw,46,statico,1,0.053,0.8604631503673394,0,0,1.0
bot->unsw,46,ogni_batch_int,1,0.053,0.8604631503673394,1,32,1.0
bot->unsw,46,martingala_int,1,0.053,0.8604631503673394,1,32,1.0
bot->unsw,46,statico,2,0.105,0.8641570284895412,0,0,1.0
bot->unsw,46,ogni_batch_int,2,0.105,0.8641570284895412,2,64,1.0
bot->unsw,46,martingala_int,2,0.105,0.8641570284895412,2,64,1.0
bot->unsw,46,statico,3,0.158,0.8465675363140237,0,0,1.0
bot->unsw,46,ogni_batch_int,3,0.158,0.8465675363140237,3,96,1.0
bot->unsw,46,martingala_int,3,0.158,0.8465675363140237,3,96,1.0
bot->unsw,46,statico,4,0.211,0.8454211071499682,0,0,1.0
bot->unsw,46,ogni_batch_int,4,0.211,0.8371941636879083,4,128,1.0
bot->unsw,46,martingala_int,4,0.211,0.8371941636879083,4,128,1.0
bot->unsw,46,statico,5,0.263,0.8245738364298028,0,0,1.0
bot->unsw,46,ogni_batch_int,5,0.263,0.8754501053438039,5,160,1.0
bot->unsw,46,martingala_int,5,0.263,0.8754501053438039,5,160,1.0
bot->unsw,46,statico,6,0.316,0.8059013612939693,0,0,1.0
bot->unsw,46,ogni_batch_int,6,0.316,0.8587303249250942,6,192,1.0
bot->unsw,46,martingala_int,6,0.316,0.8587303249250942,6,192,1.0
bot->unsw,46,statico,7,0.368,0.7985215360937932,0,0,1.0
bot->unsw,46,ogni_batch_int,7,0.368,0.8410802327569812,7,224,1.0
bot->unsw,46,martingala_int,7,0.368,0.8410802327569812,7,224,1.0
bot->unsw,46,statico,8,0.421,0.7776057469748978,0,0,1.0
bot->unsw,46,ogni_batch_int,8,0.421,0.8290455258396352,8,256,1.0
bot->unsw,46,martingala_int,8,0.421,0.8290455258396352,8,256,1.0
bot->unsw,46,statico,9,0.474,0.7614637997492222,0,0,1.0
bot->unsw,46,ogni_batch_int,9,0.474,0.812970187016999,9,288,1.0
bot->unsw,46,martingala_int,9,0.474,0.812970187016999,9,288,1.0
bot->unsw,46,statico,10,0.526,0.7457794161274993,0,0,1.0
bot->unsw,46,ogni_batch_int,10,0.526,0.7755061355303097,10,320,1.0
bot->unsw,46,martingala_int,10,0.526,0.7755061355303097,10,320,1.0
bot->unsw,46,statico,11,0.579,0.7305090245662308,0,0,1.0
bot->unsw,46,ogni_batch_int,11,0.579,0.7760928552835301,11,352,1.0
bot->unsw,46,martingala_int,11,0.579,0.7623993136549865,10,320,1.0
bot->unsw,46,statico,12,0.632,0.7097340270982817,0,0,1.0
bot->unsw,46,ogni_batch_int,12,0.632,0.7469408129210641,12,384,1.0
bot->unsw,46,martingala_int,12,0.632,0.7391561566846088,10,320,1.0
bot->unsw,46,statico,13,0.684,0.6888631993740348,0,0,1.0
bot->unsw,46,ogni_batch_int,13,0.684,0.7458898559732081,13,416,1.0
bot->unsw,46,martingala_int,13,0.684,0.7206786397926233,10,320,1.0
bot->unsw,46,statico,14,0.737,0.6732986405814233,0,0,1.0
bot->unsw,46,ogni_batch_int,14,0.737,0.7171707774220846,14,448,1.0
bot->unsw,46,martingala_int,14,0.737,0.6935344387010944,10,320,1.0
bot->unsw,46,statico,15,0.789,0.6469379397851315,0,0,1.0
bot->unsw,46,ogni_batch_int,15,0.789,0.8082855703753968,15,480,1.0
bot->unsw,46,martingala_int,15,0.789,0.6670829586558427,10,320,1.0
bot->unsw,46,statico,16,0.842,0.6249657830150643,0,0,1.0
bot->unsw,46,ogni_batch_int,16,0.842,0.8042441780839139,16,512,1.0
bot->unsw,46,martingala_int,16,0.842,0.6451618351721912,10,320,1.0
bot->unsw,46,statico,17,0.895,0.6035216744054936,0,0,1.0
bot->unsw,46,ogni_batch_int,17,0.895,0.7791802354017694,17,544,1.0
bot->unsw,46,martingala_int,17,0.895,0.6199515131288638,10,320,1.0
bot->unsw,46,statico,18,0.947,0.5853033643091833,0,0,1.0
bot->unsw,46,ogni_batch_int,18,0.947,0.7891841251301116,18,576,1.0
bot->unsw,46,martingala_int,18,0.947,0.5946709029624929,10,320,1.0
bot->unsw,46,statico,19,1.0,0.5519506433782417,0,0,1.0
bot->unsw,46,ogni_batch_int,19,1.0,0.7892540410817532,19,608,1.0
bot->unsw,46,martingala_int,19,1.0,0.5645765534633169,10,320,1.0
bot->unsw,47,statico,0,0.0,0.92115,0,0,1.0
bot->unsw,47,ogni_batch_int,0,0.0,0.92115,0,0,1.0
bot->unsw,47,martingala_int,0,0.0,0.92115,0,0,1.0
bot->unsw,47,statico,1,0.053,0.9013525699570701,0,0,1.0
bot->unsw,47,ogni_batch_int,1,0.053,0.9013525699570701,1,32,1.0
bot->unsw,47,martingala_int,1,0.053,0.9013525699570701,1,32,1.0
bot->unsw,47,statico,2,0.105,0.8880928823562744,0,0,1.0
bot->unsw,47,ogni_batch_int,2,0.105,0.8512467903883311,2,64,1.0
bot->unsw,47,martingala_int,2,0.105,0.8512467903883311,2,64,1.0
bot->unsw,47,statico,3,0.158,0.8704242623910974,0,0,1.0
bot->unsw,47,ogni_batch_int,3,0.158,0.9369262025038436,3,96,1.0
bot->unsw,47,martingala_int,3,0.158,0.9369262025038436,3,96,1.0
bot->unsw,47,statico,4,0.211,0.857804699847772,0,0,1.0
bot->unsw,47,ogni_batch_int,4,0.211,0.9053749696177726,4,128,1.0
bot->unsw,47,martingala_int,4,0.211,0.9053749696177726,4,128,1.0
bot->unsw,47,statico,5,0.263,0.8391173155129233,0,0,1.0
bot->unsw,47,ogni_batch_int,5,0.263,0.9051340064808115,5,160,1.0
bot->unsw,47,martingala_int,5,0.263,0.9051340064808115,5,160,1.0
bot->unsw,47,statico,6,0.316,0.8240126799578019,0,0,1.0
bot->unsw,47,ogni_batch_int,6,0.316,0.8871736043992142,6,192,1.0
bot->unsw,47,martingala_int,6,0.316,0.8871736043992142,6,192,1.0
bot->unsw,47,statico,7,0.368,0.811391318381308,0,0,1.0
bot->unsw,47,ogni_batch_int,7,0.368,0.8710552850129287,7,224,1.0
bot->unsw,47,martingala_int,7,0.368,0.8710552850129287,7,224,1.0
bot->unsw,47,statico,8,0.421,0.7969146103664948,0,0,1.0
bot->unsw,47,ogni_batch_int,8,0.421,0.8722747189126828,8,256,1.0
bot->unsw,47,martingala_int,8,0.421,0.8722747189126828,8,256,1.0
bot->unsw,47,statico,9,0.474,0.7731138364456595,0,0,1.0
bot->unsw,47,ogni_batch_int,9,0.474,0.8752022830423369,9,288,1.0
bot->unsw,47,martingala_int,9,0.474,0.8752022830423369,9,288,1.0
bot->unsw,47,statico,10,0.526,0.7630667050665619,0,0,1.0
bot->unsw,47,ogni_batch_int,10,0.526,0.8004874766343799,10,320,1.0
bot->unsw,47,martingala_int,10,0.526,0.864085500432477,9,288,1.0
bot->unsw,47,statico,11,0.579,0.7415211600150812,0,0,1.0
bot->unsw,47,ogni_batch_int,11,0.579,0.8221891205320444,11,352,1.0
bot->unsw,47,martingala_int,11,0.579,0.856307983756822,9,288,1.0
bot->unsw,47,statico,12,0.632,0.7250100582834336,0,0,1.0
bot->unsw,47,ogni_batch_int,12,0.632,0.8549379070902607,12,384,1.0
bot->unsw,47,martingala_int,12,0.632,0.8454983775497612,9,288,1.0
bot->unsw,47,statico,13,0.684,0.7097647403431528,0,0,1.0
bot->unsw,47,ogni_batch_int,13,0.684,0.845884144688895,13,416,1.0
bot->unsw,47,martingala_int,13,0.684,0.8377403144533286,9,288,1.0
bot->unsw,47,statico,14,0.737,0.689175261668646,0,0,1.0
bot->unsw,47,ogni_batch_int,14,0.737,0.8340509730395058,14,448,1.0
bot->unsw,47,martingala_int,14,0.737,0.8337409674516407,9,288,1.0
bot->unsw,47,statico,15,0.789,0.6709913102894709,0,0,1.0
bot->unsw,47,ogni_batch_int,15,0.789,0.8172112492472889,15,480,1.0
bot->unsw,47,martingala_int,15,0.789,0.8157627720953955,9,288,1.0
bot->unsw,47,statico,16,0.842,0.6421693670065005,0,0,1.0
bot->unsw,47,ogni_batch_int,16,0.842,0.8123511757876578,16,512,1.0
bot->unsw,47,martingala_int,16,0.842,0.8085573040784768,9,288,1.0
bot->unsw,47,statico,17,0.895,0.61321601155615,0,0,1.0
bot->unsw,47,ogni_batch_int,17,0.895,0.8013731987032335,17,544,1.0
bot->unsw,47,martingala_int,17,0.895,0.791201369734444,9,288,1.0
bot->unsw,47,statico,18,0.947,0.5929122413896507,0,0,1.0
bot->unsw,47,ogni_batch_int,18,0.947,0.8014235499837151,18,576,1.0
bot->unsw,47,martingala_int,18,0.947,0.7835071599659689,9,288,1.0
bot->unsw,47,statico,19,1.0,0.5674681664818102,0,0,1.0
bot->unsw,47,ogni_batch_int,19,1.0,0.7748548162449681,19,608,1.0
bot->unsw,47,martingala_int,19,1.0,0.7690302289415134,9,288,1.0
bot->unsw,48,statico,0,0.0,0.9196,0,0,1.0
bot->unsw,48,ogni_batch_int,0,0.0,0.9196,0,0,1.0
bot->unsw,48,martingala_int,0,0.0,0.9196,0,0,1.0
bot->unsw,48,statico,1,0.053,0.8763204609609172,0,0,1.0
bot->unsw,48,ogni_batch_int,1,0.053,0.8763204609609172,1,32,1.0
bot->unsw,48,martingala_int,1,0.053,0.8763204609609172,1,32,1.0
bot->unsw,48,statico,2,0.105,0.8682260116999752,0,0,1.0
bot->unsw,48,ogni_batch_int,2,0.105,0.8055879543160405,2,64,1.0
bot->unsw,48,martingala_int,2,0.105,0.8055879543160405,2,64,1.0
bot->unsw,48,statico,3,0.158,0.8570504294064913,0,0,1.0
bot->unsw,48,ogni_batch_int,3,0.158,0.8941764126729168,3,96,1.0
bot->unsw,48,martingala_int,3,0.158,0.8941764126729168,3,96,1.0
bot->unsw,48,statico,4,0.211,0.8536797285461755,0,0,1.0
bot->unsw,48,ogni_batch_int,4,0.211,0.8914191264224987,4,128,1.0
bot->unsw,48,martingala_int,4,0.211,0.8914191264224987,4,128,1.0
bot->unsw,48,statico,5,0.263,0.8394509251679592,0,0,1.0
bot->unsw,48,ogni_batch_int,5,0.263,0.8726321112890709,5,160,1.0
bot->unsw,48,martingala_int,5,0.263,0.8726321112890709,5,160,1.0
bot->unsw,48,statico,6,0.316,0.8266579569933228,0,0,1.0
bot->unsw,48,ogni_batch_int,6,0.316,0.8921423822338457,6,192,1.0
bot->unsw,48,martingala_int,6,0.316,0.8921423822338457,6,192,1.0
bot->unsw,48,statico,7,0.368,0.8030316306466039,0,0,1.0
bot->unsw,48,ogni_batch_int,7,0.368,0.8755734557938561,7,224,1.0
bot->unsw,48,martingala_int,7,0.368,0.8756022360851126,6,192,1.0
bot->unsw,48,statico,8,0.421,0.7906213218081899,0,0,1.0
bot->unsw,48,ogni_batch_int,8,0.421,0.8500259960134564,8,256,1.0
bot->unsw,48,martingala_int,8,0.421,0.8587768643779434,6,192,1.0
bot->unsw,48,statico,9,0.474,0.7754194629866895,0,0,1.0
bot->unsw,48,ogni_batch_int,9,0.474,0.8356129947380849,9,288,1.0
bot->unsw,48,martingala_int,9,0.474,0.839972317251448,6,192,1.0
bot->unsw,48,statico,10,0.526,0.7611986228230831,0,0,1.0
bot->unsw,48,ogni_batch_int,10,0.526,0.8730512105307437,10,320,1.0
bot->unsw,48,martingala_int,10,0.526,0.8258058879490549,6,192,1.0
bot->unsw,48,statico,11,0.579,0.738571943880109,0,0,1.0
bot->unsw,48,ogni_batch_int,11,0.579,0.787559003296467,11,352,1.0
bot->unsw,48,martingala_int,11,0.579,0.8050350274136373,6,192,1.0
bot->unsw,48,statico,12,0.632,0.7228051895596476,0,0,1.0
bot->unsw,48,ogni_batch_int,12,0.632,0.7623996681558898,12,384,1.0
bot->unsw,48,martingala_int,12,0.632,0.781654987359171,6,192,1.0
bot->unsw,48,statico,13,0.684,0.7018413999900788,0,0,1.0
bot->unsw,48,ogni_batch_int,13,0.684,0.726417930970862,13,416,1.0
bot->unsw,48,martingala_int,13,0.684,0.7623376268764398,6,192,1.0
bot->unsw,48,statico,14,0.737,0.6804725480460911,0,0,1.0
bot->unsw,48,ogni_batch_int,14,0.737,0.8278982808912059,14,448,1.0
bot->unsw,48,martingala_int,14,0.737,0.7418533689153686,6,192,1.0
bot->unsw,48,statico,15,0.789,0.6587892494966443,0,0,1.0
bot->unsw,48,ogni_batch_int,15,0.789,0.8197361966420129,15,480,1.0
bot->unsw,48,martingala_int,15,0.789,0.7149942167880495,6,192,1.0
bot->unsw,48,statico,16,0.842,0.635388807119548,0,0,1.0
bot->unsw,48,ogni_batch_int,16,0.842,0.8098138428455585,16,512,1.0
bot->unsw,48,martingala_int,16,0.842,0.6885754371968054,6,192,1.0
bot->unsw,48,statico,17,0.895,0.6094032449539536,0,0,1.0
bot->unsw,48,ogni_batch_int,17,0.895,0.7973921095204759,17,544,1.0
bot->unsw,48,martingala_int,17,0.895,0.6624507769832184,6,192,1.0
bot->unsw,48,statico,18,0.947,0.5896700964035145,0,0,1.0
bot->unsw,48,ogni_batch_int,18,0.947,0.7739476386323121,18,576,1.0
bot->unsw,48,martingala_int,18,0.947,0.6385124069216096,6,192,1.0
bot->unsw,48,statico,19,1.0,0.5586782468408094,0,0,1.0
bot->unsw,48,ogni_batch_int,19,1.0,0.7728820833752061,19,608,1.0
bot->unsw,48,martingala_int,19,1.0,0.603447891237033,6,192,1.0
bot->unsw,49,statico,0,0.0,0.9274,0,0,1.0
bot->unsw,49,ogni_batch_int,0,0.0,0.9274,0,0,1.0
bot->unsw,49,martingala_int,0,0.0,0.9274,0,0,1.0
bot->unsw,49,statico,1,0.053,0.8593233574800644,0,0,1.0
bot->unsw,49,ogni_batch_int,1,0.053,0.8593233574800644,1,32,1.0
bot->unsw,49,martingala_int,1,0.053,0.8593233574800644,1,32,1.0
bot->unsw,49,statico,2,0.105,0.844637257848224,0,0,1.0
bot->unsw,49,ogni_batch_int,2,0.105,0.8889052530737157,2,64,1.0
bot->unsw,49,martingala_int,2,0.105,0.8889052530737157,2,64,1.0
bot->unsw,49,statico,3,0.158,0.8536937156326007,0,0,1.0
bot->unsw,49,ogni_batch_int,3,0.158,0.8370767304333186,3,96,1.0
bot->unsw,49,martingala_int,3,0.158,0.8370767304333186,3,96,1.0
bot->unsw,49,statico,4,0.211,0.8347019332056422,0,0,1.0
bot->unsw,49,ogni_batch_int,4,0.211,0.8592938706083384,4,128,1.0
bot->unsw,49,martingala_int,4,0.211,0.8592938706083384,4,128,1.0
bot->unsw,49,statico,5,0.263,0.8070177324937475,0,0,1.0
bot->unsw,49,ogni_batch_int,5,0.263,0.8652644642590115,5,160,1.0
bot->unsw,49,martingala_int,5,0.263,0.8652644642590115,5,160,1.0
bot->unsw,49,statico,6,0.316,0.8076586444886931,0,0,1.0
bot->unsw,49,ogni_batch_int,6,0.316,0.8915143761531468,6,192,1.0
bot->unsw,49,martingala_int,6,0.316,0.8915143761531468,6,192,1.0
bot->unsw,49,statico,7,0.368,0.791942488658312,0,0,1.0
bot->unsw,49,ogni_batch_int,7,0.368,0.8854310543278086,7,224,1.0
bot->unsw,49,martingala_int,7,0.368,0.8854310543278086,7,224,1.0
bot->unsw,49,statico,8,0.421,0.7761890571957524,0,0,1.0
bot->unsw,49,ogni_batch_int,8,0.421,0.8489669567454179,8,256,1.0
bot->unsw,49,martingala_int,8,0.421,0.8489669567454179,8,256,1.0
bot->unsw,49,statico,9,0.474,0.7602172887542925,0,0,1.0
bot->unsw,49,ogni_batch_int,9,0.474,0.8340581054255076,9,288,1.0
bot->unsw,49,martingala_int,9,0.474,0.8340581054255076,9,288,1.0
bot->unsw,49,statico,10,0.526,0.7388743933086774,0,0,1.0
bot->unsw,49,ogni_batch_int,10,0.526,0.8101042201486055,10,320,1.0
bot->unsw,49,martingala_int,10,0.526,0.8144226067165135,9,288,1.0
bot->unsw,49,statico,11,0.579,0.724858881142142,0,0,1.0
bot->unsw,49,ogni_batch_int,11,0.579,0.7745838947773487,11,352,1.0
bot->unsw,49,martingala_int,11,0.579,0.790187857005518,9,288,1.0
bot->unsw,49,statico,12,0.632,0.707404283757649,0,0,1.0
bot->unsw,49,ogni_batch_int,12,0.632,0.7666009864255052,12,384,1.0
bot->unsw,49,martingala_int,12,0.632,0.773750783761835,9,288,1.0
bot->unsw,49,statico,13,0.684,0.6875118381510765,0,0,1.0
bot->unsw,49,ogni_batch_int,13,0.684,0.7299760861212066,13,416,1.0
bot->unsw,49,martingala_int,13,0.684,0.7535769387067456,9,288,1.0
bot->unsw,49,statico,14,0.737,0.6676937277374533,0,0,1.0
bot->unsw,49,ogni_batch_int,14,0.737,0.8188227848534506,14,448,1.0
bot->unsw,49,martingala_int,14,0.737,0.73033523246787,9,288,1.0
bot->unsw,49,statico,15,0.789,0.6444976209361847,0,0,1.0
bot->unsw,49,ogni_batch_int,15,0.789,0.8007769083254814,15,480,1.0
bot->unsw,49,martingala_int,15,0.789,0.7093835304436753,9,288,1.0
bot->unsw,49,statico,16,0.842,0.6236628379690307,0,0,1.0
bot->unsw,49,ogni_batch_int,16,0.842,0.7925601305761856,16,512,1.0
bot->unsw,49,martingala_int,16,0.842,0.6809283378234067,9,288,1.0
bot->unsw,49,statico,17,0.895,0.5980741742209089,0,0,1.0
bot->unsw,49,ogni_batch_int,17,0.895,0.802179800317034,17,544,1.0
bot->unsw,49,martingala_int,17,0.895,0.6549547825247102,9,288,1.0
bot->unsw,49,statico,18,0.947,0.5745113280697929,0,0,1.0
bot->unsw,49,ogni_batch_int,18,0.947,0.7772365400827101,18,576,1.0
bot->unsw,49,martingala_int,18,0.947,0.6290278636924372,9,288,1.0
bot->unsw,49,statico,19,1.0,0.551860529839399,0,0,1.0
bot->unsw,49,ogni_batch_int,19,1.0,0.7571420341794934,19,608,1.0
bot->unsw,49,martingala_int,19,1.0,0.6039131911039154,9,288,1.0
bot->unsw,50,statico,0,0.0,0.92,0,0,1.0
bot->unsw,50,ogni_batch_int,0,0.0,0.92,0,0,1.0
bot->unsw,50,martingala_int,0,0.0,0.92,0,0,1.0
bot->unsw,50,statico,1,0.053,0.874077844111941,0,0,1.0
bot->unsw,50,ogni_batch_int,1,0.053,0.874077844111941,1,32,1.0
bot->unsw,50,martingala_int,1,0.053,0.874077844111941,1,32,1.0
bot->unsw,50,statico,2,0.105,0.8620062321940656,0,0,1.0
bot->unsw,50,ogni_batch_int,2,0.105,0.8620062321940656,2,64,1.0
bot->unsw,50,martingala_int,2,0.105,0.8620062321940656,2,64,1.0
bot->unsw,50,statico,3,0.158,0.842632362245756,0,0,1.0
bot->unsw,50,ogni_batch_int,3,0.158,0.7735797174894554,3,96,1.0
bot->unsw,50,martingala_int,3,0.158,0.7735797174894554,3,96,1.0
bot->unsw,50,statico,4,0.211,0.818608053394607,0,0,1.0
bot->unsw,50,ogni_batch_int,4,0.211,0.7788286915701621,4,128,1.0
bot->unsw,50,martingala_int,4,0.211,0.7788286915701621,4,128,1.0
bot->unsw,50,statico,5,0.263,0.8065921431478873,0,0,1.0
bot->unsw,50,ogni_batch_int,5,0.263,0.8052804693708051,5,160,1.0
bot->unsw,50,martingala_int,5,0.263,0.8052804693708051,5,160,1.0
bot->unsw,50,statico,6,0.316,0.7880546432855717,0,0,1.0
bot->unsw,50,ogni_batch_int,6,0.316,0.8040989143580113,6,192,1.0
bot->unsw,50,martingala_int,6,0.316,0.8040989143580113,6,192,1.0
bot->unsw,50,statico,7,0.368,0.7718741930045095,0,0,1.0
bot->unsw,50,ogni_batch_int,7,0.368,0.8338544345535994,7,224,1.0
bot->unsw,50,martingala_int,7,0.368,0.8338544345535994,7,224,1.0
bot->unsw,50,statico,8,0.421,0.7497236844200477,0,0,1.0
bot->unsw,50,ogni_batch_int,8,0.421,0.7762096169351378,8,256,1.0
bot->unsw,50,martingala_int,8,0.421,0.7762096169351378,8,256,1.0
bot->unsw,50,statico,9,0.474,0.7228334998978039,0,0,1.0
bot->unsw,50,ogni_batch_int,9,0.474,0.752221964358309,9,288,1.0
bot->unsw,50,martingala_int,9,0.474,0.752221964358309,9,288,1.0
bot->unsw,50,statico,10,0.526,0.7123687153387364,0,0,1.0
bot->unsw,50,ogni_batch_int,10,0.526,0.8621997860397413,10,320,1.0
bot->unsw,50,martingala_int,10,0.526,0.8621997860397413,10,320,1.0
bot->unsw,50,statico,11,0.579,0.692974266603672,0,0,1.0
bot->unsw,50,ogni_batch_int,11,0.579,0.8433742735416253,11,352,1.0
bot->unsw,50,martingala_int,11,0.579,0.8463047669394463,10,320,1.0
bot->unsw,50,statico,12,0.632,0.6623165866020209,0,0,1.0
bot->unsw,50,ogni_batch_int,12,0.632,0.8343781901025152,12,384,1.0
bot->unsw,50,martingala_int,12,0.632,0.8418528709580038,10,320,1.0
bot->unsw,50,statico,13,0.684,0.6374767954075017,0,0,1.0
bot->unsw,50,ogni_batch_int,13,0.684,0.831449426140066,13,416,1.0
bot->unsw,50,martingala_int,13,0.684,0.8385811016050904,10,320,1.0
bot->unsw,50,statico,14,0.737,0.6124351962280703,0,0,1.0
bot->unsw,50,ogni_batch_int,14,0.737,0.8219620084195338,14,448,1.0
bot->unsw,50,martingala_int,14,0.737,0.8244882749769321,10,320,1.0
bot->unsw,50,statico,15,0.789,0.5932091453295849,0,0,1.0
bot->unsw,50,ogni_batch_int,15,0.789,0.8288303300605937,15,480,1.0
bot->unsw,50,martingala_int,15,0.789,0.8153996224998008,10,320,1.0
bot->unsw,50,statico,16,0.842,0.5598982987228124,0,0,1.0
bot->unsw,50,ogni_batch_int,16,0.842,0.8089874880715353,16,512,1.0
bot->unsw,50,martingala_int,16,0.842,0.8016974555383266,10,320,1.0
bot->unsw,50,statico,17,0.895,0.5285013565113338,0,0,1.0
bot->unsw,50,ogni_batch_int,17,0.895,0.8086154621426422,17,544,1.0
bot->unsw,50,martingala_int,17,0.895,0.7926401746746535,10,320,1.0
bot->unsw,50,statico,18,0.947,0.4933631567590723,0,0,1.0
bot->unsw,50,ogni_batch_int,18,0.947,0.7886286790869677,18,576,1.0
bot->unsw,50,martingala_int,18,0.947,0.7802598822791134,10,320,1.0
bot->unsw,50,statico,19,1.0,0.46371267149662565,0,0,1.0
bot->unsw,50,ogni_batch_int,19,1.0,0.7810292826988672,19,608,1.0
bot->unsw,50,martingala_int,19,1.0,0.7782709691222987,10,320,1.0
bot->unsw,51,statico,0,0.0,0.92575,0,0,1.0
bot->unsw,51,ogni_batch_int,0,0.0,0.92575,0,0,1.0
bot->unsw,51,martingala_int,0,0.0,0.92575,0,0,1.0
bot->unsw,51,statico,1,0.053,0.8778839222398922,0,0,1.0
bot->unsw,51,ogni_batch_int,1,0.053,0.8778839222398922,1,32,1.0
bot->unsw,51,martingala_int,1,0.053,0.8778839222398922,1,32,1.0
bot->unsw,51,statico,2,0.105,0.8715427133653433,0,0,1.0
bot->unsw,51,ogni_batch_int,2,0.105,0.8715427133653433,2,64,1.0
bot->unsw,51,martingala_int,2,0.105,0.8715427133653433,2,64,1.0
bot->unsw,51,statico,3,0.158,0.8500518177128542,0,0,1.0
bot->unsw,51,ogni_batch_int,3,0.158,0.8500518177128542,3,96,1.0
bot->unsw,51,martingala_int,3,0.158,0.8500518177128542,3,96,1.0
bot->unsw,51,statico,4,0.211,0.8428831557225891,0,0,1.0
bot->unsw,51,ogni_batch_int,4,0.211,0.6242949700450998,4,128,1.0
bot->unsw,51,martingala_int,4,0.211,0.6242949700450998,4,128,1.0
bot->unsw,51,statico,5,0.263,0.8164365366858441,0,0,1.0
bot->unsw,51,ogni_batch_int,5,0.263,0.6441217416009659,5,160,1.0
bot->unsw,51,martingala_int,5,0.263,0.6441217416009659,5,160,1.0
bot->unsw,51,statico,6,0.316,0.7999914200130719,0,0,1.0
bot->unsw,51,ogni_batch_int,6,0.316,0.655235937022896,6,192,1.0
bot->unsw,51,martingala_int,6,0.316,0.655235937022896,6,192,1.0
bot->unsw,51,statico,7,0.368,0.7890281588802659,0,0,1.0
bot->unsw,51,ogni_batch_int,7,0.368,0.6381393316004249,7,224,1.0
bot->unsw,51,martingala_int,7,0.368,0.6381393316004249,7,224,1.0
bot->unsw,51,statico,8,0.421,0.763305020194962,0,0,1.0
bot->unsw,51,ogni_batch_int,8,0.421,0.7111371305963483,8,256,1.0
bot->unsw,51,martingala_int,8,0.421,0.7111371305963483,8,256,1.0
bot->unsw,51,statico,9,0.474,0.7429043612637363,0,0,1.0
bot->unsw,51,ogni_batch_int,9,0.474,0.7684023008241758,9,288,1.0
bot->unsw,51,martingala_int,9,0.474,0.7684023008241758,9,288,1.0
bot->unsw,51,statico,10,0.526,0.7277940820431322,0,0,1.0
bot->unsw,51,ogni_batch_int,10,0.526,0.7640174865185885,10,320,1.0
bot->unsw,51,martingala_int,10,0.526,0.7599687951363454,9,288,1.0
bot->unsw,51,statico,11,0.579,0.7043880059916576,0,0,1.0
bot->unsw,51,ogni_batch_int,11,0.579,0.7426005911691017,11,352,1.0
bot->unsw,51,martingala_int,11,0.579,0.7329027872500247,9,288,1.0
bot->unsw,51,statico,12,0.632,0.676540447394512,0,0,1.0
bot->unsw,51,ogni_batch_int,12,0.632,0.8108216782579536,12,384,1.0
bot->unsw,51,martingala_int,12,0.632,0.7164650037908611,9,288,1.0
bot->unsw,51,statico,13,0.684,0.6503631345060559,0,0,1.0
bot->unsw,51,ogni_batch_int,13,0.684,0.79865467787932,13,416,1.0
bot->unsw,51,martingala_int,13,0.684,0.6986080718295653,9,288,1.0
bot->unsw,51,statico,14,0.737,0.6274874143342161,0,0,1.0
bot->unsw,51,ogni_batch_int,14,0.737,0.8079632520636038,14,448,1.0
bot->unsw,51,martingala_int,14,0.737,0.6773173461705144,9,288,1.0
bot->unsw,51,statico,15,0.789,0.5968265553906106,0,0,1.0
bot->unsw,51,ogni_batch_int,15,0.789,0.7915369760080617,15,480,1.0
bot->unsw,51,martingala_int,15,0.789,0.660090541241041,9,288,1.0
bot->unsw,51,statico,16,0.842,0.5668258784789119,0,0,1.0
bot->unsw,51,ogni_batch_int,16,0.842,0.8088880537629225,16,512,1.0
bot->unsw,51,martingala_int,16,0.842,0.6366743958961453,9,288,1.0
bot->unsw,51,statico,17,0.895,0.542032691052527,0,0,1.0
bot->unsw,51,ogni_batch_int,17,0.895,0.7886191435625302,17,544,1.0
bot->unsw,51,martingala_int,17,0.895,0.61168024064247,9,288,1.0
bot->unsw,51,statico,18,0.947,0.5066906297113362,0,0,1.0
bot->unsw,51,ogni_batch_int,18,0.947,0.777199759233864,18,576,1.0
bot->unsw,51,martingala_int,18,0.947,0.5917355710671789,9,288,1.0
bot->unsw,51,statico,19,1.0,0.478680020599928,0,0,1.0
bot->unsw,51,ogni_batch_int,19,1.0,0.7686221734607849,19,608,1.0
bot->unsw,51,martingala_int,19,1.0,0.5664318384237956,9,288,1.0
unsw->bot,42,statico,0,0.0,0.82825,0,0,1.0
unsw->bot,42,ogni_batch_int,0,0.0,0.82825,0,0,1.0
unsw->bot,42,martingala_int,0,0.0,0.82825,0,0,1.0
unsw->bot,42,statico,1,0.053,0.8934696734836742,0,0,1.0
unsw->bot,42,ogni_batch_int,1,0.053,0.8934696734836742,1,32,1.0
unsw->bot,42,martingala_int,1,0.053,0.8934696734836742,0,0,1.0
unsw->bot,42,statico,2,0.105,0.7476,0,0,1.0
unsw->bot,42,ogni_batch_int,2,0.105,0.7476,2,64,1.0
unsw->bot,42,martingala_int,2,0.105,0.7476,0,0,1.0
unsw->bot,42,statico,3,0.158,0.7039,0,0,1.0
unsw->bot,42,ogni_batch_int,3,0.158,0.7039,3,96,1.0
unsw->bot,42,martingala_int,3,0.158,0.7039,0,0,1.0
unsw->bot,42,statico,4,0.211,0.5827332733273327,0,0,1.0
unsw->bot,42,ogni_batch_int,4,0.211,0.5827332733273327,4,128,1.0
unsw->bot,42,martingala_int,4,0.211,0.5827332733273327,0,0,1.0
unsw->bot,42,statico,5,0.263,0.8107405370268513,0,0,1.0
unsw->bot,42,ogni_batch_int,5,0.263,0.8107405370268513,5,160,1.0
unsw->bot,42,martingala_int,5,0.263,0.8107405370268513,0,0,1.0
unsw->bot,42,statico,6,0.316,0.57855,0,0,1.0
unsw->bot,42,ogni_batch_int,6,0.316,0.57855,6,192,1.0
unsw->bot,42,martingala_int,6,0.316,0.57855,0,0,1.0
unsw->bot,42,statico,7,0.368,0.54305,0,0,1.0
unsw->bot,42,ogni_batch_int,7,0.368,0.54305,7,224,1.0
unsw->bot,42,martingala_int,7,0.368,0.54305,0,0,1.0
unsw->bot,42,statico,8,0.421,0.49905,0,0,1.0
unsw->bot,42,ogni_batch_int,8,0.421,0.49905,8,256,1.0
unsw->bot,42,martingala_int,8,0.421,0.49905,0,0,1.0
unsw->bot,42,statico,9,0.474,0.4597,0,0,1.0
unsw->bot,42,ogni_batch_int,9,0.474,0.4597,9,288,1.0
unsw->bot,42,martingala_int,9,0.474,0.4597,0,0,1.0
unsw->bot,42,statico,10,0.526,0.7097854892744637,0,0,1.0
unsw->bot,42,ogni_batch_int,10,0.526,0.7097854892744637,10,320,1.0
unsw->bot,42,martingala_int,10,0.526,0.7097854892744637,0,0,1.0
unsw->bot,42,statico,11,0.579,0.6874437443744374,0,0,1.0
unsw->bot,42,ogni_batch_int,11,0.579,0.6874437443744374,11,352,1.0
unsw->bot,42,martingala_int,11,0.579,0.6874437443744374,0,0,1.0
unsw->bot,42,statico,12,0.632,0.6678917891789179,0,0,1.0
unsw->bot,42,ogni_batch_int,12,0.632,0.6678917891789179,12,384,1.0
unsw->bot,42,martingala_int,12,0.632,0.6678917891789179,0,0,1.0
unsw->bot,42,statico,13,0.684,0.29515,0,0,1.0
unsw->bot,42,ogni_batch_int,13,0.684,0.29515,13,416,1.0
unsw->bot,42,martingala_int,13,0.684,0.29515,0,0,1.0
unsw->bot,42,statico,14,0.737,0.25485,0,0,1.0
unsw->bot,42,ogni_batch_int,14,0.737,0.25485,14,448,1.0
unsw->bot,42,martingala_int,14,0.737,0.25485,0,0,1.0
unsw->bot,42,statico,15,0.789,0.10725536276813841,0,0,1.0
unsw->bot,42,ogni_batch_int,15,0.789,0.10725536276813841,15,480,1.0
unsw->bot,42,martingala_int,15,0.789,0.10725536276813841,0,0,1.0
unsw->bot,42,statico,16,0.842,0.33645864586458646,0,0,1.0
unsw->bot,42,ogni_batch_int,16,0.842,0.33645864586458646,16,512,1.0
unsw->bot,42,martingala_int,16,0.842,0.33645864586458646,0,0,1.0
unsw->bot,42,statico,17,0.895,0.31593159315931596,0,0,1.0
unsw->bot,42,ogni_batch_int,17,0.895,0.31593159315931596,17,544,1.0
unsw->bot,42,martingala_int,17,0.895,0.31593159315931596,0,0,1.0
unsw->bot,42,statico,18,0.947,0.09425,0,0,1.0
unsw->bot,42,ogni_batch_int,18,0.947,0.09425,18,576,1.0
unsw->bot,42,martingala_int,18,0.947,0.09425,0,0,1.0
unsw->bot,42,statico,19,1.0,0.025726286314315717,0,0,1.0
unsw->bot,42,ogni_batch_int,19,1.0,0.025726286314315717,19,608,1.0
unsw->bot,42,martingala_int,19,1.0,0.025726286314315717,0,0,1.0
unsw->bot,43,statico,0,0.0,0.84545,0,0,1.0
unsw->bot,43,ogni_batch_int,0,0.0,0.84545,0,0,1.0
unsw->bot,43,martingala_int,0,0.0,0.84545,0,0,1.0
unsw->bot,43,statico,1,0.053,0.8009,0,0,1.0
unsw->bot,43,ogni_batch_int,1,0.053,0.8009,1,32,1.0
unsw->bot,43,martingala_int,1,0.053,0.8009,0,0,1.0
unsw->bot,43,statico,2,0.105,0.7558,0,0,1.0
unsw->bot,43,ogni_batch_int,2,0.105,0.7558,2,64,1.0
unsw->bot,43,martingala_int,2,0.105,0.7558,0,0,1.0
unsw->bot,43,statico,3,0.158,0.71755,0,0,1.0
unsw->bot,43,ogni_batch_int,3,0.158,0.71755,3,96,1.0
unsw->bot,43,martingala_int,3,0.158,0.71755,0,0,1.0
unsw->bot,43,statico,4,0.211,0.8394669733486675,0,0,1.0
unsw->bot,43,ogni_batch_int,4,0.211,0.8394669733486675,4,128,1.0
unsw->bot,43,martingala_int,4,0.211,0.8394669733486675,0,0,1.0
unsw->bot,43,statico,5,0.263,0.31629081454072705,0,0,1.0
unsw->bot,43,ogni_batch_int,5,0.263,0.31629081454072705,5,160,1.0
unsw->bot,43,martingala_int,5,0.263,0.31629081454072705,0,0,1.0
unsw->bot,43,statico,6,0.316,0.59285,0,0,1.0
unsw->bot,43,ogni_batch_int,6,0.316,0.59285,6,192,1.0
unsw->bot,43,martingala_int,6,0.316,0.59285,0,0,1.0
unsw->bot,43,statico,7,0.368,0.5501,0,0,1.0
unsw->bot,43,ogni_batch_int,7,0.368,0.5501,7,224,1.0
unsw->bot,43,martingala_int,7,0.368,0.5501,0,0,1.0
unsw->bot,43,statico,8,0.421,0.508,0,0,1.0
unsw->bot,43,ogni_batch_int,8,0.421,0.508,8,256,1.0
unsw->bot,43,martingala_int,8,0.421,0.508,0,0,1.0
unsw->bot,43,statico,9,0.474,0.46715,0,0,1.0
unsw->bot,43,ogni_batch_int,9,0.474,0.46715,9,288,1.0
unsw->bot,43,martingala_int,9,0.474,0.46715,0,0,1.0
unsw->bot,43,statico,10,0.526,0.7113855692784639,0,0,1.0
unsw->bot,43,ogni_batch_int,10,0.526,0.7113855692784639,10,320,1.0
unsw->bot,43,martingala_int,10,0.526,0.7113855692784639,0,0,1.0
unsw->bot,43,statico,11,0.579,0.6926596329816491,0,0,1.0
unsw->bot,43,ogni_batch_int,11,0.579,0.6926596329816491,11,352,1.0
unsw->bot,43,martingala_int,11,0.579,0.6926596329816491,0,0,1.0
unsw->bot,43,statico,12,0.632,0.6713921392139214,0,0,1.0
unsw->bot,43,ogni_batch_int,12,0.632,0.6713921392139214,12,384,1.0
unsw->bot,43,martingala_int,12,0.632,0.6713921392139214,0,0,1.0
unsw->bot,43,statico,13,0.684,0.6501225183777567,0,0,1.0
unsw->bot,43,ogni_batch_int,13,0.684,0.6501225183777567,13,416,1.0
unsw->bot,43,martingala_int,13,0.684,0.6501225183777567,0,0,1.0
unsw->bot,43,statico,14,0.737,0.37863786378637865,0,0,1.0
unsw->bot,43,ogni_batch_int,14,0.737,0.37863786378637865,14,448,1.0
unsw->bot,43,martingala_int,14,0.737,0.37863786378637865,0,0,1.0
unsw->bot,43,statico,15,0.789,0.4083770942735684,0,0,1.0
unsw->bot,43,ogni_batch_int,15,0.789,0.4083770942735684,15,480,1.0
unsw->bot,43,martingala_int,15,0.789,0.4083770942735684,0,0,1.0
unsw->bot,43,statico,16,0.842,0.17705,0,0,1.0
unsw->bot,43,ogni_batch_int,16,0.842,0.17705,16,512,1.0
unsw->bot,43,martingala_int,16,0.842,0.17705,0,0,1.0
unsw->bot,43,statico,17,0.895,0.1337,0,0,1.0
unsw->bot,43,ogni_batch_int,17,0.895,0.1337,17,544,1.0
unsw->bot,43,martingala_int,17,0.895,0.1337,0,0,1.0
unsw->bot,43,statico,18,0.947,0.0463773188659433,0,0,1.0
unsw->bot,43,ogni_batch_int,18,0.947,0.0463773188659433,18,576,1.0
unsw->bot,43,martingala_int,18,0.947,0.0463773188659433,0,0,1.0
unsw->bot,43,statico,19,1.0,0.3614875564668033,0,0,1.0
unsw->bot,43,ogni_batch_int,19,1.0,0.3614875564668033,19,608,1.0
unsw->bot,43,martingala_int,19,1.0,0.3614875564668033,0,0,1.0
unsw->bot,44,statico,0,0.0,0.82565,0,0,1.0
unsw->bot,44,ogni_batch_int,0,0.0,0.82565,0,0,1.0
unsw->bot,44,martingala_int,0,0.0,0.82565,0,0,1.0
unsw->bot,44,statico,1,0.053,0.78775,0,0,1.0
unsw->bot,44,ogni_batch_int,1,0.053,0.78775,1,32,1.0
unsw->bot,44,martingala_int,1,0.053,0.78775,0,0,1.0
unsw->bot,44,statico,2,0.105,0.74475,0,0,1.0
unsw->bot,44,ogni_batch_int,2,0.105,0.74475,2,64,1.0
unsw->bot,44,martingala_int,2,0.105,0.74475,0,0,1.0
unsw->bot,44,statico,3,0.158,0.6008100810081007,0,0,1.0
unsw->bot,44,ogni_batch_int,3,0.158,0.6008100810081007,3,96,1.0
unsw->bot,44,martingala_int,3,0.158,0.6008100810081007,0,0,1.0
unsw->bot,44,statico,4,0.211,0.66175,0,0,1.0
unsw->bot,44,ogni_batch_int,4,0.211,0.66175,4,128,1.0
unsw->bot,44,martingala_int,4,0.211,0.66175,0,0,1.0
unsw->bot,44,statico,5,0.263,0.8112061206120612,0,0,1.0
unsw->bot,44,ogni_batch_int,5,0.263,0.8112061206120612,5,160,1.0
unsw->bot,44,martingala_int,5,0.263,0.8112061206120612,0,0,1.0
unsw->bot,44,statico,6,0.316,0.7910645532276614,0,0,1.0
unsw->bot,44,ogni_batch_int,6,0.316,0.7910645532276614,6,192,1.0
unsw->bot,44,martingala_int,6,0.316,0.7910645532276614,0,0,1.0
unsw->bot,44,statico,7,0.368,0.7709635481774089,0,0,1.0
unsw->bot,44,ogni_batch_int,7,0.368,0.7709635481774089,7,224,1.0
unsw->bot,44,martingala_int,7,0.368,0.7709635481774089,0,0,1.0
unsw->bot,44,statico,8,0.421,0.49875,0,0,1.0
unsw->bot,44,ogni_batch_int,8,0.421,0.49875,8,256,1.0
unsw->bot,44,martingala_int,8,0.421,0.49875,0,0,1.0
unsw->bot,44,statico,9,0.474,0.7310115505775289,0,0,1.0
unsw->bot,44,ogni_batch_int,9,0.474,0.7310115505775289,9,288,1.0
unsw->bot,44,martingala_int,9,0.474,0.7310115505775289,0,0,1.0
unsw->bot,44,statico,10,0.526,0.7103855192759638,0,0,1.0
unsw->bot,44,ogni_batch_int,10,0.526,0.7103855192759638,10,320,1.0
unsw->bot,44,martingala_int,10,0.526,0.7103855192759638,0,0,1.0
unsw->bot,44,statico,11,0.579,0.6893594679733986,0,0,1.0
unsw->bot,44,ogni_batch_int,11,0.579,0.6893594679733986,11,352,1.0
unsw->bot,44,martingala_int,11,0.579,0.6893594679733986,0,0,1.0
unsw->bot,44,statico,12,0.632,0.6685584279213961,0,0,1.0
unsw->bot,44,ogni_batch_int,12,0.632,0.6685584279213961,12,384,1.0
unsw->bot,44,martingala_int,12,0.632,0.6685584279213961,0,0,1.0
unsw->bot,44,statico,13,0.684,0.6470073503675184,0,0,1.0
unsw->bot,44,ogni_batch_int,13,0.684,0.6470073503675184,13,416,1.0
unsw->bot,44,martingala_int,13,0.684,0.6470073503675184,0,0,1.0
unsw->bot,44,statico,14,0.737,0.37683768376837684,0,0,1.0
unsw->bot,44,ogni_batch_int,14,0.737,0.37683768376837684,14,448,1.0
unsw->bot,44,martingala_int,14,0.737,0.37683768376837684,0,0,1.0
unsw->bot,44,statico,15,0.789,0.6055552777638882,0,0,1.0
unsw->bot,44,ogni_batch_int,15,0.789,0.6055552777638882,15,480,1.0
unsw->bot,44,martingala_int,15,0.789,0.6055552777638882,0,0,1.0
unsw->bot,44,statico,16,0.842,0.5854463615903976,0,0,1.0
unsw->bot,44,ogni_batch_int,16,0.842,0.5854463615903976,16,512,1.0
unsw->bot,44,martingala_int,16,0.842,0.5854463615903976,0,0,1.0
unsw->bot,44,statico,17,0.895,0.5659782989149458,0,0,1.0
unsw->bot,44,ogni_batch_int,17,0.895,0.5659782989149458,17,544,1.0
unsw->bot,44,martingala_int,17,0.895,0.5659782989149458,0,0,1.0
unsw->bot,44,statico,18,0.947,0.5466796679667967,0,0,1.0
unsw->bot,44,ogni_batch_int,18,0.947,0.5466796679667967,18,576,1.0
unsw->bot,44,martingala_int,18,0.947,0.5466796679667967,0,0,1.0
unsw->bot,44,statico,19,1.0,0.524651232561628,0,0,1.0
unsw->bot,44,ogni_batch_int,19,1.0,0.524651232561628,19,608,1.0
unsw->bot,44,martingala_int,19,1.0,0.524651232561628,1,32,1.0
unsw->bot,45,statico,0,0.0,0.82895,0,0,1.0
unsw->bot,45,ogni_batch_int,0,0.0,0.82895,0,0,1.0
unsw->bot,45,martingala_int,0,0.0,0.82895,0,0,1.0
unsw->bot,45,statico,1,0.053,0.79245,0,0,1.0
unsw->bot,45,ogni_batch_int,1,0.053,0.79245,1,32,1.0
unsw->bot,45,martingala_int,1,0.053,0.79245,0,0,1.0
unsw->bot,45,statico,2,0.105,0.74585,0,0,1.0
unsw->bot,45,ogni_batch_int,2,0.105,0.74585,2,64,1.0
unsw->bot,45,martingala_int,2,0.105,0.74585,0,0,1.0
unsw->bot,45,statico,3,0.158,0.7085,0,0,1.0
unsw->bot,45,ogni_batch_int,3,0.158,0.7085,3,96,1.0
unsw->bot,45,martingala_int,3,0.158,0.7085,0,0,1.0
unsw->bot,45,statico,4,0.211,0.8333166658332917,0,0,1.0
unsw->bot,45,ogni_batch_int,4,0.211,0.8333166658332917,4,128,1.0
unsw->bot,45,martingala_int,4,0.211,0.8333166658332917,0,0,1.0
unsw->bot,45,statico,5,0.263,0.6271,0,0,1.0
unsw->bot,45,ogni_batch_int,5,0.263,0.6271,5,160,1.0
unsw->bot,45,martingala_int,5,0.263,0.6271,0,0,1.0
unsw->bot,45,statico,6,0.316,0.5426542654265427,0,0,1.0
unsw->bot,45,ogni_batch_int,6,0.316,0.5426542654265427,6,192,1.0
unsw->bot,45,martingala_int,6,0.316,0.5426542654265427,0,0,1.0
unsw->bot,45,statico,7,0.368,0.5446,0,0,1.0
unsw->bot,45,ogni_batch_int,7,0.368,0.5446,7,224,1.0
unsw->bot,45,martingala_int,7,0.368,0.5446,0,0,1.0
unsw->bot,45,statico,8,0.421,0.50185,0,0,1.0
unsw->bot,45,ogni_batch_int,8,0.421,0.50185,8,256,1.0
unsw->bot,45,martingala_int,8,0.421,0.50185,0,0,1.0
unsw->bot,45,statico,9,0.474,0.4607,0,0,1.0
unsw->bot,45,ogni_batch_int,9,0.474,0.4607,9,288,1.0
unsw->bot,45,martingala_int,9,0.474,0.4607,0,0,1.0
unsw->bot,45,statico,10,0.526,0.5442649730792952,0,0,1.0
unsw->bot,45,ogni_batch_int,10,0.526,0.5442649730792952,10,320,1.0
unsw->bot,45,martingala_int,10,0.526,0.5442649730792952,0,0,1.0
unsw->bot,45,statico,11,0.579,0.6888938893889389,0,0,1.0
unsw->bot,45,ogni_batch_int,11,0.579,0.6888938893889389,11,352,1.0
unsw->bot,45,martingala_int,11,0.579,0.6888938893889389,0,0,1.0
unsw->bot,45,statico,12,0.632,0.6696669666966697,0,0,1.0
unsw->bot,45,ogni_batch_int,12,0.632,0.6696669666966697,12,384,1.0
unsw->bot,45,martingala_int,12,0.632,0.6696669666966697,0,0,1.0
unsw->bot,45,statico,13,0.684,0.5244548909781956,0,0,1.0
unsw->bot,45,ogni_batch_int,13,0.684,0.5244548909781956,13,416,1.0
unsw->bot,45,martingala_int,13,0.684,0.5244548909781956,0,0,1.0
unsw->bot,45,statico,14,0.737,0.6279813990699535,0,0,1.0
unsw->bot,45,ogni_batch_int,14,0.737,0.6279813990699535,14,448,1.0
unsw->bot,45,martingala_int,14,0.737,0.6279813990699535,0,0,1.0
unsw->bot,45,statico,15,0.789,0.6079715943188637,0,0,1.0
unsw->bot,45,ogni_batch_int,15,0.789,0.6079715943188637,15,480,1.0
unsw->bot,45,martingala_int,15,0.789,0.6079715943188637,0,0,1.0
unsw->bot,45,statico,16,0.842,0.3373837383738374,0,0,1.0
unsw->bot,45,ogni_batch_int,16,0.842,0.3373837383738374,16,512,1.0
unsw->bot,45,martingala_int,16,0.842,0.3373837383738374,0,0,1.0
unsw->bot,45,statico,17,0.895,0.5664099614942242,0,0,1.0
unsw->bot,45,ogni_batch_int,17,0.895,0.5664099614942242,17,544,1.0
unsw->bot,45,martingala_int,17,0.895,0.5664099614942242,0,0,1.0
unsw->bot,45,statico,18,0.947,0.29695939187837567,0,0,1.0
unsw->bot,45,ogni_batch_int,18,0.947,0.29695939187837567,18,576,1.0
unsw->bot,45,martingala_int,18,0.947,0.29695939187837567,0,0,1.0
unsw->bot,45,statico,19,1.0,0.40043517406962786,0,0,1.0
unsw->bot,45,ogni_batch_int,19,1.0,0.40043517406962786,19,608,1.0
unsw->bot,45,martingala_int,19,1.0,0.40043517406962786,0,0,1.0
unsw->bot,46,statico,0,0.0,0.84235,0,0,1.0
unsw->bot,46,ogni_batch_int,0,0.0,0.84235,0,0,1.0
unsw->bot,46,martingala_int,0,0.0,0.84235,0,0,1.0
unsw->bot,46,statico,1,0.053,0.80085,0,0,1.0
unsw->bot,46,ogni_batch_int,1,0.053,0.80085,1,32,1.0
unsw->bot,46,martingala_int,1,0.053,0.80085,0,0,1.0
unsw->bot,46,statico,2,0.105,0.75525,0,0,1.0
unsw->bot,46,ogni_batch_int,2,0.105,0.75525,2,64,1.0
unsw->bot,46,martingala_int,2,0.105,0.75525,0,0,1.0
unsw->bot,46,statico,3,0.158,0.8585929296464823,0,0,1.0
unsw->bot,46,ogni_batch_int,3,0.158,0.8585929296464823,3,96,1.0
unsw->bot,46,martingala_int,3,0.158,0.8585929296464823,0,0,1.0
unsw->bot,46,statico,4,0.211,0.67465,0,0,1.0
unsw->bot,46,ogni_batch_int,4,0.211,0.67465,4,128,1.0
unsw->bot,46,martingala_int,4,0.211,0.67465,0,0,1.0
unsw->bot,46,statico,5,0.263,0.6296,0,0,1.0
unsw->bot,46,ogni_batch_int,5,0.263,0.6296,5,160,1.0
unsw->bot,46,martingala_int,5,0.263,0.6296,0,0,1.0
unsw->bot,46,statico,6,0.316,0.59285,0,0,1.0
unsw->bot,46,ogni_batch_int,6,0.316,0.59285,6,192,1.0
unsw->bot,46,martingala_int,6,0.316,0.59285,0,0,1.0
unsw->bot,46,statico,7,0.368,0.55125,0,0,1.0
unsw->bot,46,ogni_batch_int,7,0.368,0.55125,7,224,1.0
unsw->bot,46,martingala_int,7,0.368,0.55125,0,0,1.0
unsw->bot,46,statico,8,0.421,0.7531503150315031,0,0,1.0
unsw->bot,46,ogni_batch_int,8,0.421,0.7531503150315031,8,256,1.0
unsw->bot,46,martingala_int,8,0.421,0.7531503150315031,0,0,1.0
unsw->bot,46,statico,9,0.474,0.46685,0,0,1.0
unsw->bot,46,ogni_batch_int,9,0.474,0.46685,9,288,1.0
unsw->bot,46,martingala_int,9,0.474,0.46685,0,0,1.0
unsw->bot,46,statico,10,0.526,0.21403570178508927,0,0,1.0
unsw->bot,46,ogni_batch_int,10,0.526,0.21403570178508927,10,320,1.0
unsw->bot,46,martingala_int,10,0.526,0.21403570178508927,0,0,1.0
unsw->bot,46,statico,11,0.579,0.6907440744074407,0,0,1.0
unsw->bot,46,ogni_batch_int,11,0.579,0.6907440744074407,11,352,1.0
unsw->bot,46,martingala_int,11,0.579,0.6907440744074407,0,0,1.0
unsw->bot,46,statico,12,0.632,0.17020851042552126,0,0,1.0
unsw->bot,46,ogni_batch_int,12,0.632,0.17020851042552126,12,384,1.0
unsw->bot,46,martingala_int,12,0.632,0.17020851042552126,0,0,1.0
unsw->bot,46,statico,13,0.684,0.651557577878894,0,0,1.0
unsw->bot,46,ogni_batch_int,13,0.684,0.651557577878894,13,416,1.0
unsw->bot,46,martingala_int,13,0.684,0.651557577878894,0,0,1.0
unsw->bot,46,statico,14,0.737,0.2586,0,0,1.0
unsw->bot,46,ogni_batch_int,14,0.737,0.2586,14,448,1.0
unsw->bot,46,martingala_int,14,0.737,0.2586,0,0,1.0
unsw->bot,46,statico,15,0.789,0.10825541277063853,0,0,1.0
unsw->bot,46,ogni_batch_int,15,0.789,0.10825541277063853,15,480,1.0
unsw->bot,46,martingala_int,15,0.789,0.10825541277063853,0,0,1.0
unsw->bot,46,statico,16,0.842,0.5907340734073407,0,0,1.0
unsw->bot,46,ogni_batch_int,16,0.842,0.5907340734073407,16,512,1.0
unsw->bot,46,martingala_int,16,0.842,0.5907340734073407,0,0,1.0
unsw->bot,46,statico,17,0.895,0.06865686568656866,0,0,1.0
unsw->bot,46,ogni_batch_int,17,0.895,0.06865686568656866,17,544,1.0
unsw->bot,46,martingala_int,17,0.895,0.06865686568656866,0,0,1.0
unsw->bot,46,statico,18,0.947,0.2123985264456335,0,0,1.0
unsw->bot,46,ogni_batch_int,18,0.947,0.2123985264456335,18,576,1.0
unsw->bot,46,martingala_int,18,0.947,0.2123985264456335,1,32,1.0
unsw->bot,46,statico,19,1.0,0.3591122001633578,0,0,1.0
unsw->bot,46,ogni_batch_int,19,1.0,0.3591122001633578,19,608,1.0
unsw->bot,46,martingala_int,19,1.0,0.3591122001633578,2,64,1.0
unsw->bot,47,statico,0,0.0,0.8249,0,0,1.0
unsw->bot,47,ogni_batch_int,0,0.0,0.8249,0,0,1.0
unsw->bot,47,martingala_int,0,0.0,0.8249,0,0,1.0
unsw->bot,47,statico,1,0.053,0.78175,0,0,1.0
unsw->bot,47,ogni_batch_int,1,0.053,0.78175,1,32,1.0
unsw->bot,47,martingala_int,1,0.053,0.78175,0,0,1.0
unsw->bot,47,statico,2,0.105,0.8702870287028703,0,0,1.0
unsw->bot,47,ogni_batch_int,2,0.105,0.8702870287028703,2,64,1.0
unsw->bot,47,martingala_int,2,0.105,0.8702870287028703,0,0,1.0
unsw->bot,47,statico,3,0.158,0.8508425421271064,0,0,1.0
unsw->bot,47,ogni_batch_int,3,0.158,0.8508425421271064,3,96,1.0
unsw->bot,47,martingala_int,3,0.158,0.8508425421271064,0,0,1.0
unsw->bot,47,statico,4,0.211,0.6595,0,0,1.0
unsw->bot,47,ogni_batch_int,4,0.211,0.6595,4,128,1.0
unsw->bot,47,martingala_int,4,0.211,0.6595,0,0,1.0
unsw->bot,47,statico,5,0.263,0.8088904445222261,0,0,1.0
unsw->bot,47,ogni_batch_int,5,0.263,0.8088904445222261,5,160,1.0
unsw->bot,47,martingala_int,5,0.263,0.8088904445222261,0,0,1.0
unsw->bot,47,statico,6,0.316,0.7891894594729736,0,0,1.0
unsw->bot,47,ogni_batch_int,6,0.316,0.7891894594729736,6,192,1.0
unsw->bot,47,martingala_int,6,0.316,0.7891894594729736,0,0,1.0
unsw->bot,47,statico,7,0.368,0.768438421921096,0,0,1.0
unsw->bot,47,ogni_batch_int,7,0.368,0.768438421921096,7,224,1.0
unsw->bot,47,martingala_int,7,0.368,0.768438421921096,0,0,1.0
unsw->bot,47,statico,8,0.421,0.4962,0,0,1.0
unsw->bot,47,ogni_batch_int,8,0.421,0.4962,8,256,1.0
unsw->bot,47,martingala_int,8,0.421,0.4962,0,0,1.0
unsw->bot,47,statico,9,0.474,0.22938646932346618,0,0,1.0
unsw->bot,47,ogni_batch_int,9,0.474,0.22938646932346618,9,288,1.0
unsw->bot,47,martingala_int,9,0.474,0.22938646932346618,0,0,1.0
unsw->bot,47,statico,10,0.526,0.7077207720772077,0,0,1.0
unsw->bot,47,ogni_batch_int,10,0.526,0.7077207720772077,10,320,1.0
unsw->bot,47,martingala_int,10,0.526,0.7077207720772077,0,0,1.0
unsw->bot,47,statico,11,0.579,0.6862593129656482,0,0,1.0
unsw->bot,47,ogni_batch_int,11,0.579,0.6862593129656482,11,352,1.0
unsw->bot,47,martingala_int,11,0.579,0.6862593129656482,0,0,1.0
unsw->bot,47,statico,12,0.632,0.33375,0,0,1.0
unsw->bot,47,ogni_batch_int,12,0.632,0.33375,12,384,1.0
unsw->bot,47,martingala_int,12,0.632,0.33375,0,0,1.0
unsw->bot,47,statico,13,0.684,0.2943,0,0,1.0
unsw->bot,47,ogni_batch_int,13,0.684,0.2943,13,416,1.0
unsw->bot,47,martingala_int,13,0.684,0.2943,0,0,1.0
unsw->bot,47,statico,14,0.737,0.6273063653182659,0,0,1.0
unsw->bot,47,ogni_batch_int,14,0.737,0.6273063653182659,14,448,1.0
unsw->bot,47,martingala_int,14,0.737,0.6273063653182659,0,0,1.0
unsw->bot,47,statico,15,0.789,0.43944925072094143,0,0,1.0
unsw->bot,47,ogni_batch_int,15,0.789,0.43944925072094143,15,480,1.0
unsw->bot,47,martingala_int,15,0.789,0.43944925072094143,0,0,1.0
unsw->bot,47,statico,16,0.842,0.16965,0,0,1.0
unsw->bot,47,ogni_batch_int,16,0.842,0.16965,16,512,1.0
unsw->bot,47,martingala_int,16,0.842,0.16965,0,0,1.0
unsw->bot,47,statico,17,0.895,0.5645782289114456,0,0,1.0
unsw->bot,47,ogni_batch_int,17,0.895,0.5645782289114456,17,544,1.0
unsw->bot,47,martingala_int,17,0.895,0.5645782289114456,0,0,1.0
unsw->bot,47,statico,18,0.947,0.29455445544554454,0,0,1.0
unsw->bot,47,ogni_batch_int,18,0.947,0.29455445544554454,18,576,1.0
unsw->bot,47,martingala_int,18,0.947,0.29455445544554454,0,0,1.0
unsw->bot,47,statico,19,1.0,0.04705,0,0,1.0
unsw->bot,47,ogni_batch_int,19,1.0,0.04705,19,608,1.0
unsw->bot,47,martingala_int,19,1.0,0.04705,0,0,1.0
unsw->bot,48,statico,0,0.0,0.8348,0,0,1.0
unsw->bot,48,ogni_batch_int,0,0.0,0.8348,0,0,1.0
unsw->bot,48,martingala_int,0,0.0,0.8348,0,0,1.0
unsw->bot,48,statico,1,0.053,0.7861,0,0,1.0
unsw->bot,48,ogni_batch_int,1,0.053,0.7861,1,32,1.0
unsw->bot,48,martingala_int,1,0.053,0.7861,0,0,1.0
unsw->bot,48,statico,2,0.105,0.7492,0,0,1.0
unsw->bot,48,ogni_batch_int,2,0.105,0.7492,2,64,1.0
unsw->bot,48,martingala_int,2,0.105,0.7492,0,0,1.0
unsw->bot,48,statico,3,0.158,0.8538176908845443,0,0,1.0
unsw->bot,48,ogni_batch_int,3,0.158,0.8538176908845443,3,96,1.0
unsw->bot,48,martingala_int,3,0.158,0.8538176908845443,0,0,1.0
unsw->bot,48,statico,4,0.211,0.662,0,0,1.0
unsw->bot,48,ogni_batch_int,4,0.211,0.662,4,128,1.0
unsw->bot,48,martingala_int,4,0.211,0.662,0,0,1.0
unsw->bot,48,statico,5,0.263,0.6228,0,0,1.0
unsw->bot,48,ogni_batch_int,5,0.263,0.6228,5,160,1.0
unsw->bot,48,martingala_int,5,0.263,0.6228,0,0,1.0
unsw->bot,48,statico,6,0.316,0.7914791479147915,0,0,1.0
unsw->bot,48,ogni_batch_int,6,0.316,0.7914791479147915,6,192,1.0
unsw->bot,48,martingala_int,6,0.316,0.7914791479147915,0,0,1.0
unsw->bot,48,statico,7,0.368,0.7735136756837842,0,0,1.0
unsw->bot,48,ogni_batch_int,7,0.368,0.7735136756837842,7,224,1.0
unsw->bot,48,martingala_int,7,0.368,0.7735136756837842,0,0,1.0
unsw->bot,48,statico,8,0.421,0.24988749437471874,0,0,1.0
unsw->bot,48,ogni_batch_int,8,0.421,0.24988749437471874,8,256,1.0
unsw->bot,48,martingala_int,8,0.421,0.24988749437471874,0,0,1.0
unsw->bot,48,statico,9,0.474,0.5628427597472954,0,0,1.0
unsw->bot,48,ogni_batch_int,9,0.474,0.5628427597472954,9,288,1.0
unsw->bot,48,martingala_int,9,0.474,0.5628427597472954,0,0,1.0
unsw->bot,48,statico,10,0.526,0.42325,0,0,1.0
unsw->bot,48,ogni_batch_int,10,0.526,0.42325,10,320,1.0
unsw->bot,48,martingala_int,10,0.526,0.42325,0,0,1.0
unsw->bot,48,statico,11,0.579,0.5639377875575116,0,0,1.0
unsw->bot,48,ogni_batch_int,11,0.579,0.5639377875575116,11,352,1.0
unsw->bot,48,martingala_int,11,0.579,0.5639377875575116,0,0,1.0
unsw->bot,48,statico,12,0.632,0.33835,0,0,1.0
unsw->bot,48,ogni_batch_int,12,0.632,0.33835,12,384,1.0
unsw->bot,48,martingala_int,12,0.632,0.33835,0,0,1.0
unsw->bot,48,statico,13,0.684,0.6491074553727687,0,0,1.0
unsw->bot,48,ogni_batch_int,13,0.684,0.6491074553727687,13,416,1.0
unsw->bot,48,martingala_int,13,0.684,0.6491074553727687,0,0,1.0
unsw->bot,48,statico,14,0.737,0.25875,0,0,1.0
unsw->bot,48,ogni_batch_int,14,0.737,0.25875,14,448,1.0
unsw->bot,48,martingala_int,14,0.737,0.25875,0,0,1.0
unsw->bot,48,statico,15,0.789,0.6065803290164509,0,0,1.0
unsw->bot,48,ogni_batch_int,15,0.789,0.6065803290164509,15,480,1.0
unsw->bot,48,martingala_int,15,0.789,0.6065803290164509,0,0,1.0
unsw->bot,48,statico,16,0.842,0.5869043452172609,0,0,1.0
unsw->bot,48,ogni_batch_int,16,0.842,0.5869043452172609,16,512,1.0
unsw->bot,48,martingala_int,16,0.842,0.5869043452172609,0,0,1.0
unsw->bot,48,statico,17,0.895,0.566006600660066,0,0,1.0
unsw->bot,48,ogni_batch_int,17,0.895,0.566006600660066,17,544,1.0
unsw->bot,48,martingala_int,17,0.895,0.566006600660066,0,0,1.0
unsw->bot,48,statico,18,0.947,0.5442566384957743,0,0,1.0
unsw->bot,48,ogni_batch_int,18,0.947,0.5442566384957743,18,576,1.0
unsw->bot,48,martingala_int,18,0.947,0.5442566384957743,0,0,1.0
unsw->bot,48,statico,19,1.0,0.5260526052605261,0,0,1.0
unsw->bot,48,ogni_batch_int,19,1.0,0.5260526052605261,19,608,1.0
unsw->bot,48,martingala_int,19,1.0,0.5260526052605261,0,0,1.0
unsw->bot,49,statico,0,0.0,0.84075,0,0,1.0
unsw->bot,49,ogni_batch_int,0,0.0,0.84075,0,0,1.0
unsw->bot,49,martingala_int,0,0.0,0.84075,0,0,1.0
unsw->bot,49,statico,1,0.053,0.8012,0,0,1.0
unsw->bot,49,ogni_batch_int,1,0.053,0.8012,1,32,1.0
unsw->bot,49,martingala_int,1,0.053,0.8012,0,0,1.0
unsw->bot,49,statico,2,0.105,0.7585,0,0,1.0
unsw->bot,49,ogni_batch_int,2,0.105,0.7585,2,64,1.0
unsw->bot,49,martingala_int,2,0.105,0.7585,0,0,1.0
unsw->bot,49,statico,3,0.158,0.85906795339767,0,0,1.0
unsw->bot,49,ogni_batch_int,3,0.158,0.85906795339767,3,96,1.0
unsw->bot,49,martingala_int,3,0.158,0.85906795339767,0,0,1.0
unsw->bot,49,statico,4,0.211,0.8352167608380419,0,0,1.0
unsw->bot,49,ogni_batch_int,4,0.211,0.8352167608380419,4,128,1.0
unsw->bot,49,martingala_int,4,0.211,0.8352167608380419,0,0,1.0
unsw->bot,49,statico,5,0.263,0.63515,0,0,1.0
unsw->bot,49,ogni_batch_int,5,0.263,0.63515,5,160,1.0
unsw->bot,49,martingala_int,5,0.263,0.63515,0,0,1.0
unsw->bot,49,statico,6,0.316,0.5875,0,0,1.0
unsw->bot,49,ogni_batch_int,6,0.316,0.5875,6,192,1.0
unsw->bot,49,martingala_int,6,0.316,0.5875,0,0,1.0
unsw->bot,49,statico,7,0.368,0.5489,0,0,1.0
unsw->bot,49,ogni_batch_int,7,0.368,0.5489,7,224,1.0
unsw->bot,49,martingala_int,7,0.368,0.5489,0,0,1.0
unsw->bot,49,statico,8,0.421,0.51065,0,0,1.0
unsw->bot,49,ogni_batch_int,8,0.421,0.51065,8,256,1.0
unsw->bot,49,martingala_int,8,0.421,0.51065,0,0,1.0
unsw->bot,49,statico,9,0.474,0.48184818481848185,0,0,1.0
unsw->bot,49,ogni_batch_int,9,0.474,0.48184818481848185,9,288,1.0
unsw->bot,49,martingala_int,9,0.474,0.48184818481848185,0,0,1.0
unsw->bot,49,statico,10,0.526,0.7141107055352768,0,0,1.0
unsw->bot,49,ogni_batch_int,10,0.526,0.7141107055352768,10,320,1.0
unsw->bot,49,martingala_int,10,0.526,0.7141107055352768,0,0,1.0
unsw->bot,49,statico,11,0.579,0.38085,0,0,1.0
unsw->bot,49,ogni_batch_int,11,0.579,0.38085,11,352,1.0
unsw->bot,49,martingala_int,11,0.579,0.38085,0,0,1.0
unsw->bot,49,statico,12,0.632,0.6694669466946694,0,0,1.0
unsw->bot,49,ogni_batch_int,12,0.632,0.6694669466946694,12,384,1.0
unsw->bot,49,martingala_int,12,0.632,0.6694669466946694,0,0,1.0
unsw->bot,49,statico,13,0.684,0.6493824691234562,0,0,1.0
unsw->bot,49,ogni_batch_int,13,0.684,0.6493824691234562,13,416,1.0
unsw->bot,49,martingala_int,13,0.684,0.6493824691234562,0,0,1.0
unsw->bot,49,statico,14,0.737,0.25905,0,0,1.0
unsw->bot,49,ogni_batch_int,14,0.737,0.25905,14,448,1.0
unsw->bot,49,martingala_int,14,0.737,0.25905,0,0,1.0
unsw->bot,49,statico,15,0.789,0.4415745695187611,0,0,1.0
unsw->bot,49,ogni_batch_int,15,0.789,0.4415745695187611,15,480,1.0
unsw->bot,49,martingala_int,15,0.789,0.4415745695187611,0,0,1.0
unsw->bot,49,statico,16,0.842,0.588304415220761,0,0,1.0
unsw->bot,49,ogni_batch_int,16,0.842,0.588304415220761,16,512,1.0
unsw->bot,49,martingala_int,16,0.842,0.588304415220761,0,0,1.0
unsw->bot,49,statico,17,0.895,0.5674067406740674,0,0,1.0
unsw->bot,49,ogni_batch_int,17,0.895,0.5674067406740674,17,544,1.0
unsw->bot,49,martingala_int,17,0.895,0.5674067406740674,0,0,1.0
unsw->bot,49,statico,18,0.947,0.3791652081145505,0,0,1.0
unsw->bot,49,ogni_batch_int,18,0.947,0.3791652081145505,18,576,1.0
unsw->bot,49,martingala_int,18,0.947,0.3791652081145505,0,0,1.0
unsw->bot,49,statico,19,1.0,0.42665666416604153,0,0,1.0
unsw->bot,49,ogni_batch_int,19,1.0,0.42665666416604153,19,608,1.0
unsw->bot,49,martingala_int,19,1.0,0.42665666416604153,0,0,1.0
unsw->bot,50,statico,0,0.0,0.83815,0,0,1.0
unsw->bot,50,ogni_batch_int,0,0.0,0.83815,0,0,1.0
unsw->bot,50,martingala_int,0,0.0,0.83815,0,0,1.0
unsw->bot,50,statico,1,0.053,0.79785,0,0,1.0
unsw->bot,50,ogni_batch_int,1,0.053,0.79785,1,32,1.0
unsw->bot,50,martingala_int,1,0.053,0.79785,0,0,1.0
unsw->bot,50,statico,2,0.105,0.75905,0,0,1.0
unsw->bot,50,ogni_batch_int,2,0.105,0.75905,2,64,1.0
unsw->bot,50,martingala_int,2,0.105,0.75905,0,0,1.0
unsw->bot,50,statico,3,0.158,0.8547177358867943,0,0,1.0
unsw->bot,50,ogni_batch_int,3,0.158,0.8547177358867943,3,96,1.0
unsw->bot,50,martingala_int,3,0.158,0.8547177358867943,0,0,1.0
unsw->bot,50,statico,4,0.211,0.6715,0,0,1.0
unsw->bot,50,ogni_batch_int,4,0.211,0.6715,4,128,1.0
unsw->bot,50,martingala_int,4,0.211,0.6715,0,0,1.0
unsw->bot,50,statico,5,0.263,0.3155407770388519,0,0,1.0
unsw->bot,50,ogni_batch_int,5,0.263,0.3155407770388519,5,160,1.0
unsw->bot,50,martingala_int,5,0.263,0.3155407770388519,0,0,1.0
unsw->bot,50,statico,6,0.316,0.5919,0,0,1.0
unsw->bot,50,ogni_batch_int,6,0.316,0.5919,6,192,1.0
unsw->bot,50,martingala_int,6,0.316,0.5919,0,0,1.0
unsw->bot,50,statico,7,0.368,0.2726636331816591,0,0,1.0
unsw->bot,50,ogni_batch_int,7,0.368,0.2726636331816591,7,224,1.0
unsw->bot,50,martingala_int,7,0.368,0.2726636331816591,0,0,1.0
unsw->bot,50,statico,8,0.421,0.7527752775277528,0,0,1.0
unsw->bot,50,ogni_batch_int,8,0.421,0.7527752775277528,8,256,1.0
unsw->bot,50,martingala_int,8,0.421,0.7527752775277528,0,0,1.0
unsw->bot,50,statico,9,0.474,0.732998299829983,0,0,1.0
unsw->bot,50,ogni_batch_int,9,0.474,0.732998299829983,9,288,1.0
unsw->bot,50,martingala_int,9,0.474,0.732998299829983,0,0,1.0
unsw->bot,50,statico,10,0.526,0.7128712871287128,0,0,1.0
unsw->bot,50,ogni_batch_int,10,0.526,0.7128712871287128,10,320,1.0
unsw->bot,50,martingala_int,10,0.526,0.7128712871287128,0,0,1.0
unsw->bot,50,statico,11,0.579,0.38435,0,0,1.0
unsw->bot,50,ogni_batch_int,11,0.579,0.38435,11,352,1.0
unsw->bot,50,martingala_int,11,0.579,0.38435,0,0,1.0
unsw->bot,50,statico,12,0.632,0.6700835041752088,0,0,1.0
unsw->bot,50,ogni_batch_int,12,0.632,0.6700835041752088,12,384,1.0
unsw->bot,50,martingala_int,12,0.632,0.6700835041752088,0,0,1.0
unsw->bot,50,statico,13,0.684,0.6497649764976497,0,0,1.0
unsw->bot,50,ogni_batch_int,13,0.684,0.6497649764976497,13,416,1.0
unsw->bot,50,martingala_int,13,0.684,0.6497649764976497,0,0,1.0
unsw->bot,50,statico,14,0.737,0.6296564828241412,0,0,1.0
unsw->bot,50,ogni_batch_int,14,0.737,0.6296564828241412,14,448,1.0
unsw->bot,50,martingala_int,14,0.737,0.6296564828241412,0,0,1.0
unsw->bot,50,statico,15,0.789,0.6096664499674951,0,0,1.0
unsw->bot,50,ogni_batch_int,15,0.789,0.6096664499674951,15,480,1.0
unsw->bot,50,martingala_int,15,0.789,0.6096664499674951,0,0,1.0
unsw->bot,50,statico,16,0.842,0.1767,0,0,1.0
unsw->bot,50,ogni_batch_int,16,0.842,0.1767,16,512,1.0
unsw->bot,50,martingala_int,16,0.842,0.1767,0,0,1.0
unsw->bot,50,statico,17,0.895,0.5669783489174459,0,0,1.0
unsw->bot,50,ogni_batch_int,17,0.895,0.5669783489174459,17,544,1.0
unsw->bot,50,martingala_int,17,0.895,0.5669783489174459,0,0,1.0
unsw->bot,50,statico,18,0.947,0.4227345469093819,0,0,1.0
unsw->bot,50,ogni_batch_int,18,0.947,0.4227345469093819,18,576,1.0
unsw->bot,50,martingala_int,18,0.947,0.4227345469093819,0,0,1.0
unsw->bot,50,statico,19,1.0,0.0504,0,0,1.0
unsw->bot,50,ogni_batch_int,19,1.0,0.0504,19,608,1.0
unsw->bot,50,martingala_int,19,1.0,0.0504,0,0,1.0
unsw->bot,51,statico,0,0.0,0.83015,0,0,1.0
unsw->bot,51,ogni_batch_int,0,0.0,0.83015,0,0,1.0
unsw->bot,51,martingala_int,0,0.0,0.83015,0,0,1.0
unsw->bot,51,statico,1,0.053,0.7895,0,0,1.0
unsw->bot,51,ogni_batch_int,1,0.053,0.7895,1,32,1.0
unsw->bot,51,martingala_int,1,0.053,0.7895,0,0,1.0
unsw->bot,51,statico,2,0.105,0.74865,0,0,1.0
unsw->bot,51,ogni_batch_int,2,0.105,0.74865,2,64,1.0
unsw->bot,51,martingala_int,2,0.105,0.74865,0,0,1.0
unsw->bot,51,statico,3,0.158,0.8559677983899194,0,0,1.0
unsw->bot,51,ogni_batch_int,3,0.158,0.8559677983899194,3,96,1.0
unsw->bot,51,martingala_int,3,0.158,0.8559677983899194,0,0,1.0
unsw->bot,51,statico,4,0.211,0.6673,0,0,1.0
unsw->bot,51,ogni_batch_int,4,0.211,0.6673,4,128,1.0
unsw->bot,51,martingala_int,4,0.211,0.6673,0,0,1.0
unsw->bot,51,statico,5,0.263,0.6307,0,0,1.0
unsw->bot,51,ogni_batch_int,5,0.263,0.6307,5,160,1.0
unsw->bot,51,martingala_int,5,0.263,0.6307,0,0,1.0
unsw->bot,51,statico,6,0.316,0.7916541654165417,0,0,1.0
unsw->bot,51,ogni_batch_int,6,0.316,0.7916541654165417,6,192,1.0
unsw->bot,51,martingala_int,6,0.316,0.7916541654165417,0,0,1.0
unsw->bot,51,statico,7,0.368,0.5442,0,0,1.0
unsw->bot,51,ogni_batch_int,7,0.368,0.5442,7,224,1.0
unsw->bot,51,martingala_int,7,0.368,0.5442,0,0,1.0
unsw->bot,51,statico,8,0.421,0.50635,0,0,1.0
unsw->bot,51,ogni_batch_int,8,0.421,0.50635,8,256,1.0
unsw->bot,51,martingala_int,8,0.421,0.50635,0,0,1.0
unsw->bot,51,statico,9,0.474,0.7320598089713457,0,0,1.0
unsw->bot,51,ogni_batch_int,9,0.474,0.7320598089713457,9,288,1.0
unsw->bot,51,martingala_int,9,0.474,0.7320598089713457,0,0,1.0
unsw->bot,51,statico,10,0.526,0.41815,0,0,1.0
unsw->bot,51,ogni_batch_int,10,0.526,0.41815,10,320,1.0
unsw->bot,51,martingala_int,10,0.526,0.41815,0,0,1.0
unsw->bot,51,statico,11,0.579,0.3803,0,0,1.0
unsw->bot,51,ogni_batch_int,11,0.579,0.3803,11,352,1.0
unsw->bot,51,martingala_int,11,0.579,0.3803,0,0,1.0
unsw->bot,51,statico,12,0.632,0.3397,0,0,1.0
unsw->bot,51,ogni_batch_int,12,0.632,0.3397,12,384,1.0
unsw->bot,51,martingala_int,12,0.632,0.3397,0,0,1.0
unsw->bot,51,statico,13,0.684,0.6483574178708935,0,0,1.0
unsw->bot,51,ogni_batch_int,13,0.684,0.6483574178708935,13,416,1.0
unsw->bot,51,martingala_int,13,0.684,0.6483574178708935,0,0,1.0
unsw->bot,51,statico,14,0.737,0.2607,0,0,1.0
unsw->bot,51,ogni_batch_int,14,0.737,0.2607,14,448,1.0
unsw->bot,51,martingala_int,14,0.737,0.2607,0,0,1.0
unsw->bot,51,statico,15,0.789,0.608230411520576,0,0,1.0
unsw->bot,51,ogni_batch_int,15,0.789,0.608230411520576,15,480,1.0
unsw->bot,51,martingala_int,15,0.789,0.608230411520576,0,0,1.0
unsw->bot,51,statico,16,0.842,0.17655,0,0,1.0
unsw->bot,51,ogni_batch_int,16,0.842,0.17655,16,512,1.0
unsw->bot,51,martingala_int,16,0.842,0.17655,0,0,1.0
unsw->bot,51,statico,17,0.895,0.5683318331833184,0,0,1.0
unsw->bot,51,ogni_batch_int,17,0.895,0.5683318331833184,17,544,1.0
unsw->bot,51,martingala_int,17,0.895,0.5683318331833184,0,0,1.0
unsw->bot,51,statico,18,0.947,0.5452317847677152,0,0,1.0
unsw->bot,51,ogni_batch_int,18,0.947,0.5452317847677152,18,576,1.0
unsw->bot,51,martingala_int,18,0.947,0.5452317847677152,0,0,1.0
unsw->bot,51,statico,19,1.0,0.02615130756537827,0,0,1.0
unsw->bot,51,ogni_batch_int,19,1.0,0.02615130756537827,19,608,1.0
unsw->bot,51,martingala_int,19,1.0,0.02615130756537827,0,0,1.0
