exp,seed,politica,batch,frazione_target,bal_acc,adattamenti,etichette,innesco,vuoti,ratio
bot->ton,42,statico,0,0.0,0.988,0,0,False,0.0472,20.0
bot->ton,42,ogni_batch,0,0.0,0.988,0,0,False,0.0472,20.0
bot->ton,42,su_innesco,0,0.0,0.988,0,0,False,0.0472,20.0
bot->ton,42,oracolo,0,0.0,0.988,0,0,False,0.0472,20.0
bot->ton,42,stat_13x13,0,0.0,0.988,0,0,False,0.0472,20.0
bot->ton,42,martingala,0,0.0,0.988,0,0,False,0.0472,20.0
bot->ton,42,stat_13x13_adaptive,0,0.0,0.988,0,0,False,0.0472,20.0
bot->ton,42,statico,1,0.053,0.9627752280896835,0,0,False,0.07485,20.0
bot->ton,42,ogni_batch,1,0.053,0.9627752280896835,1,32,False,0.07485,20.0
bot->ton,42,su_innesco,1,0.053,0.9627752280896835,0,0,False,0.07485,20.0
bot->ton,42,oracolo,1,0.053,0.9627752280896835,1,32,False,0.07485,20.0
bot->ton,42,stat_13x13,1,0.053,0.49997466686933173,1,32,False,0.07485,20.0
bot->ton,42,martingala,1,0.053,0.9627752280896835,0,0,False,0.07485,20.0
bot->ton,42,stat_13x13_adaptive,1,0.053,0.49997466686933173,1,32,False,0.07485,20.0
bot->ton,42,statico,2,0.105,0.9495843398580224,0,0,False,0.10985,20.0
bot->ton,42,ogni_batch,2,0.105,0.9495843398580224,2,64,False,0.10985,20.0
bot->ton,42,su_innesco,2,0.105,0.9495843398580224,0,0,False,0.10985,20.0
bot->ton,42,oracolo,2,0.105,0.9379880319454533,2,64,False,0.10985,20.0
bot->ton,42,stat_13x13,2,0.105,0.5783666550874001,2,64,False,0.10985,20.0
bot->ton,42,martingala,2,0.105,0.9495843398580224,0,0,False,0.10985,20.0
bot->ton,42,stat_13x13_adaptive,2,0.105,0.5789906365587973,2,64,False,0.10985,20.0
bot->ton,42,statico,3,0.158,0.9354816062467712,0,0,False,0.14085,20.0
bot->ton,42,ogni_batch,3,0.158,0.9354816062467712,3,96,False,0.14085,20.0
bot->ton,42,su_innesco,3,0.158,0.9354816062467712,0,0,False,0.14085,20.0
bot->ton,42,oracolo,3,0.158,0.8711670696545661,3,96,False,0.14085,20.0
bot->ton,42,stat_13x13,3,0.158,0.5584018164366487,3,96,False,0.14085,20.0
bot->ton,42,martingala,3,0.158,0.9354816062467712,1,32,False,0.14085,20.0
bot->ton,42,stat_13x13_adaptive,3,0.158,0.5612365660062855,3,96,False,0.14085,20.0
bot->ton,42,statico,4,0.211,0.924627035872655,0,0,True,0.1722,20.0
bot->ton,42,ogni_batch,4,0.211,0.4896706115821548,4,128,True,0.1722,20.0
bot->ton,42,su_innesco,4,0.211,0.924627035872655,0,0,True,0.1722,20.0
bot->ton,42,oracolo,4,0.211,0.9265699535062589,4,128,True,0.1722,20.0
bot->ton,42,stat_13x13,4,0.211,0.552764803910231,4,128,True,0.1722,20.0
bot->ton,42,martingala,4,0.211,0.4917755423825547,2,64,True,0.1722,20.0
bot->ton,42,stat_13x13_adaptive,4,0.211,0.5598926970882653,4,128,True,0.1722,20.0
bot->ton,42,statico,5,0.263,0.9059753077928331,0,0,True,0.20385,20.0
bot->ton,42,ogni_batch,5,0.263,0.8091091202971319,5,160,True,0.20385,20.0
bot->ton,42,su_innesco,5,0.263,0.8979305660636907,1,32,True,0.20385,20.0
bot->ton,42,oracolo,5,0.263,0.8755983905358002,5,160,True,0.20385,20.0
bot->ton,42,stat_13x13,5,0.263,0.5609438407043126,5,160,True,0.20385,20.0
bot->ton,42,martingala,5,0.263,0.8124939817043813,3,96,True,0.20385,20.0
bot->ton,42,stat_13x13_adaptive,5,0.263,0.5689455946076072,5,160,True,0.20385,20.0
bot->ton,42,statico,6,0.316,0.8888445192254857,0,0,True,0.2392,20.0
bot->ton,42,ogni_batch,6,0.316,0.8134526147298926,6,192,True,0.2392,20.0
bot->ton,42,su_innesco,6,0.316,0.8777076001043009,2,64,True,0.2392,20.0
bot->ton,42,oracolo,6,0.316,0.9317451495929335,6,192,True,0.2392,20.0
bot->ton,42,stat_13x13,6,0.316,0.5991360268208967,6,192,True,0.2392,20.0
bot->ton,42,martingala,6,0.316,0.939851242960309,4,128,True,0.2392,20.0
bot->ton,42,stat_13x13_adaptive,6,0.316,0.5713891972780906,6,192,True,0.2392,20.0
bot->ton,42,statico,7,0.368,0.8720495495383012,0,0,True,0.277,20.0
bot->ton,42,ogni_batch,7,0.368,0.7501227975721665,7,224,True,0.277,20.0
bot->ton,42,su_innesco,7,0.368,0.7421602458997971,3,96,True,0.277,20.0
bot->ton,42,oracolo,7,0.368,0.921711771935879,7,224,True,0.277,20.0
bot->ton,42,stat_13x13,7,0.368,0.7662488594246856,7,224,True,0.277,20.0
bot->ton,42,martingala,7,0.368,0.9454706362100387,5,160,True,0.277,20.0
bot->ton,42,stat_13x13_adaptive,7,0.368,0.5798166739000908,7,224,True,0.277,20.0
bot->ton,42,statico,8,0.421,0.8592232303755807,0,0,True,0.30755,20.0
bot->ton,42,ogni_batch,8,0.421,0.9181091993904529,8,256,True,0.30755,20.0
bot->ton,42,su_innesco,8,0.421,0.8605319838512415,4,128,True,0.30755,20.0
bot->ton,42,oracolo,8,0.421,0.9298121869240883,8,256,True,0.30755,20.0
bot->ton,42,stat_13x13,8,0.421,0.7475650252625472,8,256,True,0.30755,20.0
bot->ton,42,martingala,8,0.421,0.8802471558888939,6,192,True,0.30755,20.0
bot->ton,42,stat_13x13_adaptive,8,0.421,0.5924306552431899,8,256,True,0.30755,20.0
bot->ton,42,statico,9,0.474,0.8420984000035261,0,0,True,0.3332,20.0
bot->ton,42,ogni_batch,9,0.474,0.847081994545996,9,288,True,0.3332,20.0
bot->ton,42,su_innesco,9,0.474,0.8235132927966473,5,160,True,0.3332,20.0
bot->ton,42,oracolo,9,0.474,0.9420125161268387,9,288,True,0.3332,20.0
bot->ton,42,stat_13x13,9,0.474,0.7573629997903275,9,288,True,0.3332,20.0
bot->ton,42,martingala,9,0.474,0.8753553571327378,7,224,True,0.3332,20.0
bot->ton,42,stat_13x13_adaptive,9,0.474,0.5933086763493811,9,288,True,0.3332,20.0
bot->ton,42,statico,10,0.526,0.82420716897949,0,0,True,0.37365,20.0
bot->ton,42,ogni_batch,10,0.526,0.8669286015618785,10,320,True,0.37365,20.0
bot->ton,42,su_innesco,10,0.526,0.8200494104461422,6,192,True,0.37365,20.0
bot->ton,42,oracolo,10,0.526,0.9398008813971845,10,320,True,0.37365,20.0
bot->ton,42,stat_13x13,10,0.526,0.604218491252714,10,320,True,0.37365,20.0
bot->ton,42,martingala,10,0.526,0.9357421498237835,8,256,True,0.37365,20.0
bot->ton,42,stat_13x13_adaptive,10,0.526,0.5344504490271603,10,320,True,0.37365,20.0
bot->ton,42,statico,11,0.579,0.8000773869028164,0,0,True,0.4032,20.0
bot->ton,42,ogni_batch,11,0.579,0.9160883809214784,11,352,True,0.4032,20.0
bot->ton,42,su_innesco,11,0.579,0.8661972611069206,7,224,True,0.4032,20.0
bot->ton,42,oracolo,11,0.579,0.9268236195529658,11,352,True,0.4032,20.0
bot->ton,42,stat_13x13,11,0.579,0.7686830746441924,11,352,True,0.4032,20.0
bot->ton,42,martingala,11,0.579,0.9272075291440678,9,288,True,0.4032,20.0
bot->ton,42,stat_13x13_adaptive,11,0.579,0.5788319213049671,11,352,True,0.4032,20.0
bot->ton,42,statico,12,0.632,0.789161033312892,0,0,True,0.4377,20.0
bot->ton,42,ogni_batch,12,0.632,0.9283934063829438,12,384,True,0.4377,20.0
bot->ton,42,su_innesco,12,0.632,0.8726258640304878,8,256,True,0.4377,20.0
bot->ton,42,oracolo,12,0.632,0.9111001552585307,12,384,True,0.4377,20.0
bot->ton,42,stat_13x13,12,0.632,0.7653359358662453,12,384,True,0.4377,20.0
bot->ton,42,martingala,12,0.632,0.9339885946899535,10,320,True,0.4377,20.0
bot->ton,42,stat_13x13_adaptive,12,0.632,0.5757957942519447,12,384,True,0.4377,20.0
bot->ton,42,statico,13,0.684,0.7688869680423223,0,0,True,0.46645,20.0
bot->ton,42,ogni_batch,13,0.684,0.9247702740280095,13,416,True,0.46645,20.0
bot->ton,42,su_innesco,13,0.684,0.9102277610780948,9,288,True,0.46645,20.0
bot->ton,42,oracolo,13,0.684,0.9198910747854704,13,416,True,0.46645,20.0
bot->ton,42,stat_13x13,13,0.684,0.6378814019920117,13,416,True,0.46645,20.0
bot->ton,42,martingala,13,0.684,0.9280666420767665,11,352,True,0.46645,20.0
bot->ton,42,stat_13x13_adaptive,13,0.684,0.5857717838938452,13,416,True,0.46645,20.0
bot->ton,42,statico,14,0.737,0.748609049208852,0,0,True,0.50265,20.0
bot->ton,42,ogni_batch,14,0.737,0.9226986221750407,14,448,True,0.50265,20.0
bot->ton,42,su_innesco,14,0.737,0.924679746803017,10,320,True,0.50265,20.0
bot->ton,42,oracolo,14,0.737,0.9184057492330235,14,448,True,0.50265,20.0
bot->ton,42,stat_13x13,14,0.737,0.6285663192340517,14,448,True,0.50265,20.0
bot->ton,42,martingala,14,0.737,0.9277933888664328,12,384,True,0.50265,20.0
bot->ton,42,stat_13x13_adaptive,14,0.737,0.5823377570748792,14,448,True,0.50265,20.0
bot->ton,42,statico,15,0.789,0.7278199098397198,0,0,True,0.5337,20.0
bot->ton,42,ogni_batch,15,0.789,0.9344575550531191,15,480,True,0.5337,20.0
bot->ton,42,su_innesco,15,0.789,0.9339660716021937,11,352,True,0.5337,20.0
bot->ton,42,oracolo,15,0.789,0.9139495013660606,15,480,True,0.5337,20.0
bot->ton,42,stat_13x13,15,0.789,0.7604405207373823,15,480,True,0.5337,20.0
bot->ton,42,martingala,15,0.789,0.9287843742744697,13,416,True,0.5337,20.0
bot->ton,42,stat_13x13_adaptive,15,0.789,0.5800268554454049,15,480,True,0.5337,20.0
bot->ton,42,statico,16,0.842,0.711291055874371,0,0,True,0.56745,20.0
bot->ton,42,ogni_batch,16,0.842,0.9316329861529749,16,512,True,0.56745,20.0
bot->ton,42,su_innesco,16,0.842,0.9357774661925276,12,384,True,0.56745,20.0
bot->ton,42,oracolo,16,0.842,0.9121254513236813,16,512,True,0.56745,20.0
bot->ton,42,stat_13x13,16,0.842,0.7685224885069628,16,512,True,0.56745,20.0
bot->ton,42,martingala,16,0.842,0.9237176205330146,14,448,True,0.56745,20.0
bot->ton,42,stat_13x13_adaptive,16,0.842,0.5978839567209869,16,512,True,0.56745,20.0
bot->ton,42,statico,17,0.895,0.6874898265696423,0,0,True,0.5975,20.0
bot->ton,42,ogni_batch,17,0.895,0.9277566336026162,17,544,True,0.5975,20.0
bot->ton,42,su_innesco,17,0.895,0.9322665207595842,13,416,True,0.5975,20.0
bot->ton,42,oracolo,17,0.895,0.9233641226267085,17,544,True,0.5975,20.0
bot->ton,42,stat_13x13,17,0.895,0.7727878410842526,17,544,True,0.5975,20.0
bot->ton,42,martingala,17,0.895,0.9269579115578878,15,480,True,0.5975,20.0
bot->ton,42,stat_13x13_adaptive,17,0.895,0.6014812573047787,17,544,True,0.5975,20.0
bot->ton,42,statico,18,0.947,0.6666638127487368,0,0,True,0.6372,20.0
bot->ton,42,ogni_batch,18,0.947,0.9281316398184338,18,576,True,0.6372,20.0
bot->ton,42,su_innesco,18,0.947,0.9281316398184338,14,448,True,0.6372,20.0
bot->ton,42,oracolo,18,0.947,0.9230279070364773,18,576,True,0.6372,20.0
bot->ton,42,stat_13x13,18,0.947,0.7282589959060548,18,576,True,0.6372,20.0
bot->ton,42,martingala,18,0.947,0.9281316398184338,16,512,True,0.6372,20.0
bot->ton,42,stat_13x13_adaptive,18,0.947,0.5998888398966311,18,576,True,0.6372,20.0
bot->ton,42,statico,19,1.0,0.6455595318263846,0,0,True,0.66545,20.0
bot->ton,42,ogni_batch,19,1.0,0.929450433808568,19,608,True,0.66545,20.0
bot->ton,42,su_innesco,19,1.0,0.929450433808568,15,480,True,0.66545,20.0
bot->ton,42,oracolo,19,1.0,0.9196033038305149,19,608,True,0.66545,20.0
bot->ton,42,stat_13x13,19,1.0,0.7690029437338828,19,608,True,0.66545,20.0
bot->ton,42,martingala,19,1.0,0.929450433808568,17,544,True,0.66545,20.0
bot->ton,42,stat_13x13_adaptive,19,1.0,0.7173570416202752,19,608,True,0.66545,20.0
bot->ton,43,statico,0,0.0,0.9887,0,0,False,0.04485,20.0
bot->ton,43,ogni_batch,0,0.0,0.9887,0,0,False,0.04485,20.0
bot->ton,43,su_innesco,0,0.0,0.9887,0,0,False,0.04485,20.0
bot->ton,43,oracolo,0,0.0,0.9887,0,0,False,0.04485,20.0
bot->ton,43,stat_13x13,0,0.0,0.9887,0,0,False,0.04485,20.0
bot->ton,43,martingala,0,0.0,0.9887,0,0,False,0.04485,20.0
bot->ton,43,stat_13x13_adaptive,0,0.0,0.9887,0,0,False,0.04485,20.0
bot->ton,43,statico,1,0.053,0.9720821277052508,0,0,False,0.0775,20.0
bot->ton,43,ogni_batch,1,0.053,0.9720821277052508,1,32,False,0.0775,20.0
bot->ton,43,su_innesco,1,0.053,0.9720821277052508,0,0,False,0.0775,20.0
bot->ton,43,oracolo,1,0.053,0.9720821277052508,1,32,False,0.0775,20.0
bot->ton,43,stat_13x13,1,0.053,0.5,1,32,False,0.0775,20.0
bot->ton,43,martingala,1,0.053,0.9720821277052508,0,0,False,0.0775,20.0
bot->ton,43,stat_13x13_adaptive,1,0.053,0.5,1,32,False,0.0775,20.0
bot->ton,43,statico,2,0.105,0.9490564367593037,0,0,False,0.11095,20.0
bot->ton,43,ogni_batch,2,0.105,0.9490564367593037,2,64,False,0.11095,20.0
bot->ton,43,su_innesco,2,0.105,0.9490564367593037,0,0,False,0.11095,20.0
bot->ton,43,oracolo,2,0.105,0.9414855538398829,2,64,False,0.11095,20.0
bot->ton,43,stat_13x13,2,0.105,0.6263141583439003,2,64,False,0.11095,20.0
bot->ton,43,martingala,2,0.105,0.9490564367593037,0,0,False,0.11095,20.0
bot->ton,43,stat_13x13_adaptive,2,0.105,0.6032292302757736,2,64,False,0.11095,20.0
bot->ton,43,statico,3,0.158,0.936970319380902,0,0,True,0.145,20.0
bot->ton,43,ogni_batch,3,0.158,0.936970319380902,3,96,True,0.145,20.0
bot->ton,43,su_innesco,3,0.158,0.936970319380902,0,0,True,0.145,20.0
bot->ton,43,oracolo,3,0.158,0.9222463283236253,3,96,True,0.145,20.0
bot->ton,43,stat_13x13,3,0.158,0.5835477022376662,3,96,True,0.145,20.0
bot->ton,43,martingala,3,0.158,0.936970319380902,0,0,True,0.145,20.0
bot->ton,43,stat_13x13_adaptive,3,0.158,0.6748318120387252,3,96,True,0.145,20.0
bot->ton,43,statico,4,0.211,0.9244153666624515,0,0,True,0.1803,20.0
bot->ton,43,ogni_batch,4,0.211,0.9244153666624515,4,128,True,0.1803,20.0
bot->ton,43,su_innesco,4,0.211,0.9244153666624515,1,32,True,0.1803,20.0
bot->ton,43,oracolo,4,0.211,0.9181384468179299,4,128,True,0.1803,20.0
bot->ton,43,stat_13x13,4,0.211,0.7920751122768142,4,128,True,0.1803,20.0
bot->ton,43,martingala,4,0.211,0.9244153666624515,1,32,True,0.1803,20.0
bot->ton,43,stat_13x13_adaptive,4,0.211,0.7918471515225376,4,128,True,0.1803,20.0
bot->ton,43,statico,5,0.263,0.9032807298928857,0,0,True,0.21105,20.0
bot->ton,43,ogni_batch,5,0.263,0.9032807298928857,5,160,True,0.21105,20.0
bot->ton,43,su_innesco,5,0.263,0.9032807298928857,2,64,True,0.21105,20.0
bot->ton,43,oracolo,5,0.263,0.9030836013207278,5,160,True,0.21105,20.0
bot->ton,43,stat_13x13,5,0.263,0.6530575749760221,5,160,True,0.21105,20.0
bot->ton,43,martingala,5,0.263,0.9032807298928857,2,64,True,0.21105,20.0
bot->ton,43,stat_13x13_adaptive,5,0.263,0.7934843129985305,5,160,True,0.21105,20.0
bot->ton,43,statico,6,0.316,0.8877842849051374,0,0,True,0.24555,20.0
bot->ton,43,ogni_batch,6,0.316,0.4944630956810795,6,192,True,0.24555,20.0
bot->ton,43,su_innesco,6,0.316,0.4861074165561743,3,96,True,0.24555,20.0
bot->ton,43,oracolo,6,0.316,0.8831583880794809,6,192,True,0.24555,20.0
bot->ton,43,stat_13x13,6,0.316,0.5677733083174973,6,192,True,0.24555,20.0
bot->ton,43,martingala,6,0.316,0.4861074165561743,3,96,True,0.24555,20.0
bot->ton,43,stat_13x13_adaptive,6,0.316,0.783887596292905,6,192,True,0.24555,20.0
bot->ton,43,statico,7,0.368,0.8783799457522887,0,0,True,0.27635,20.0
bot->ton,43,ogni_batch,7,0.368,0.7895779195407442,7,224,True,0.27635,20.0
bot->ton,43,su_innesco,7,0.368,0.5952432461009363,4,128,True,0.27635,20.0
bot->ton,43,oracolo,7,0.368,0.9001041102942497,7,224,True,0.27635,20.0
bot->ton,43,stat_13x13,7,0.368,0.524468930578364,7,224,True,0.27635,20.0
bot->ton,43,martingala,7,0.368,0.5952432461009363,4,128,True,0.27635,20.0
bot->ton,43,stat_13x13_adaptive,7,0.368,0.7961213455274536,7,224,True,0.27635,20.0
bot->ton,43,statico,8,0.421,0.8552340016808879,0,0,True,0.3154,20.0
bot->ton,43,ogni_batch,8,0.421,0.7787080933770856,8,256,True,0.3154,20.0
bot->ton,43,su_innesco,8,0.421,0.7423080677767802,5,160,True,0.3154,20.0
bot->ton,43,oracolo,8,0.421,0.9014406310871188,8,256,True,0.3154,20.0
bot->ton,43,stat_13x13,8,0.421,0.6051672828210389,8,256,True,0.3154,20.0
bot->ton,43,martingala,8,0.421,0.7423080677767802,5,160,True,0.3154,20.0
bot->ton,43,stat_13x13_adaptive,8,0.421,0.7863359889777546,8,256,True,0.3154,20.0
bot->ton,43,statico,9,0.474,0.8396330431792225,0,0,True,0.35005,20.0
bot->ton,43,ogni_batch,9,0.474,0.7680544161532794,9,288,True,0.35005,20.0
bot->ton,43,su_innesco,9,0.474,0.7814365896729608,6,192,True,0.35005,20.0
bot->ton,43,oracolo,9,0.474,0.8872986675860853,9,288,True,0.35005,20.0
bot->ton,43,stat_13x13,9,0.474,0.766201894533129,9,288,True,0.35005,20.0
bot->ton,43,martingala,9,0.474,0.7814365896729608,6,192,True,0.35005,20.0
bot->ton,43,stat_13x13_adaptive,9,0.474,0.7993009546679763,9,288,True,0.35005,20.0
bot->ton,43,statico,10,0.526,0.8201947200504087,0,0,True,0.3812,20.0
bot->ton,43,ogni_batch,10,0.526,0.788489630146594,10,320,True,0.3812,20.0
bot->ton,43,su_innesco,10,0.526,0.788135159052594,7,224,True,0.3812,20.0
bot->ton,43,oracolo,10,0.526,0.913966991396252,10,320,True,0.3812,20.0
bot->ton,43,stat_13x13,10,0.526,0.7724728514831809,10,320,True,0.3812,20.0
bot->ton,43,martingala,10,0.526,0.788135159052594,7,224,True,0.3812,20.0
bot->ton,43,stat_13x13_adaptive,10,0.526,0.7889089279361634,10,320,True,0.3812,20.0
bot->ton,43,statico,11,0.579,0.7994891284997132,0,0,True,0.41085,20.0
bot->ton,43,ogni_batch,11,0.579,0.7961875091556198,11,352,True,0.41085,20.0
bot->ton,43,su_innesco,11,0.579,0.7972057204151326,8,256,True,0.41085,20.0
bot->ton,43,oracolo,11,0.579,0.905877468048431,11,352,True,0.41085,20.0
bot->ton,43,stat_13x13,11,0.579,0.7900095831774323,11,352,True,0.41085,20.0
bot->ton,43,martingala,11,0.579,0.7972057204151326,8,256,True,0.41085,20.0
bot->ton,43,stat_13x13_adaptive,11,0.579,0.7455618700345499,11,352,True,0.41085,20.0
bot->ton,43,statico,12,0.632,0.7809773003201171,0,0,True,0.44925,20.0
bot->ton,43,ogni_batch,12,0.632,0.7895398993246509,12,384,True,0.44925,20.0
bot->ton,43,su_innesco,12,0.632,0.7913037633486901,9,288,True,0.44925,20.0
bot->ton,43,oracolo,12,0.632,0.902227719748191,12,384,True,0.44925,20.0
bot->ton,43,stat_13x13,12,0.632,0.7838542005352127,12,384,True,0.44925,20.0
bot->ton,43,martingala,12,0.632,0.7913037633486901,9,288,True,0.44925,20.0
bot->ton,43,stat_13x13_adaptive,12,0.632,0.7904025595181935,12,384,True,0.44925,20.0
bot->ton,43,statico,13,0.684,0.7630563213153955,0,0,True,0.476,20.0
bot->ton,43,ogni_batch,13,0.684,0.7938928834730232,13,416,True,0.476,20.0
bot->ton,43,su_innesco,13,0.684,0.7965669403160218,10,320,True,0.476,20.0
bot->ton,43,oracolo,13,0.684,0.9050609521532573,13,416,True,0.476,20.0
bot->ton,43,stat_13x13,13,0.684,0.7900098025632944,13,416,True,0.476,20.0
bot->ton,43,martingala,13,0.684,0.7965669403160218,10,320,True,0.476,20.0
bot->ton,43,stat_13x13_adaptive,13,0.684,0.796980123883532,13,416,True,0.476,20.0
bot->ton,43,statico,14,0.737,0.7535330280537282,0,0,True,0.5187,20.0
bot->ton,43,ogni_batch,14,0.737,0.7832476347048078,14,448,True,0.5187,20.0
bot->ton,43,su_innesco,14,0.737,0.7780262112725356,11,352,True,0.5187,20.0
bot->ton,43,oracolo,14,0.737,0.9040857080140292,14,448,True,0.5187,20.0
bot->ton,43,stat_13x13,14,0.737,0.7845952253299364,14,448,True,0.5187,20.0
bot->ton,43,martingala,14,0.737,0.7780262112725356,11,352,True,0.5187,20.0
bot->ton,43,stat_13x13_adaptive,14,0.737,0.7889738169686825,14,448,True,0.5187,20.0
bot->ton,43,statico,15,0.789,0.7255217491696417,0,0,True,0.54185,20.0
bot->ton,43,ogni_batch,15,0.789,0.7857544916851146,15,480,True,0.54185,20.0
bot->ton,43,su_innesco,15,0.789,0.7735850808398366,12,384,True,0.54185,20.0
bot->ton,43,oracolo,15,0.789,0.8896187053031515,15,480,True,0.54185,20.0
bot->ton,43,stat_13x13,15,0.789,0.7891705459777074,15,480,True,0.54185,20.0
bot->ton,43,martingala,15,0.789,0.7735850808398366,12,384,True,0.54185,20.0
bot->ton,43,stat_13x13_adaptive,15,0.789,0.793303203075676,15,480,True,0.54185,20.0
bot->ton,43,statico,16,0.842,0.7069703226971822,0,0,True,0.58205,20.0
bot->ton,43,ogni_batch,16,0.842,0.7843988703309311,16,512,True,0.58205,20.0
bot->ton,43,su_innesco,16,0.842,0.8634607257167847,13,416,True,0.58205,20.0
bot->ton,43,oracolo,16,0.842,0.9171094235330095,16,512,True,0.58205,20.0
bot->ton,43,stat_13x13,16,0.842,0.7887040755551293,16,512,True,0.58205,20.0
bot->ton,43,martingala,16,0.842,0.8634607257167847,13,416,True,0.58205,20.0
bot->ton,43,stat_13x13_adaptive,16,0.842,0.7866796224630195,16,512,True,0.58205,20.0
bot->ton,43,statico,17,0.895,0.6855307682831253,0,0,True,0.6116,20.0
bot->ton,43,ogni_batch,17,0.895,0.8668384638456432,17,544,True,0.6116,20.0
bot->ton,43,su_innesco,17,0.895,0.8576674601239951,14,448,True,0.6116,20.0
bot->ton,43,oracolo,17,0.895,0.925002480724304,17,544,True,0.6116,20.0
bot->ton,43,stat_13x13,17,0.895,0.7824686745368348,17,544,True,0.6116,20.0
bot->ton,43,martingala,17,0.895,0.8576674601239951,14,448,True,0.6116,20.0
bot->ton,43,stat_13x13_adaptive,17,0.895,0.7831138126354804,17,544,True,0.6116,20.0
bot->ton,43,statico,18,0.947,0.6648930078482516,0,0,True,0.6471,20.0
bot->ton,43,ogni_batch,18,0.947,0.8601324516101725,18,576,True,0.6471,20.0
bot->ton,43,su_innesco,18,0.947,0.8565838411618356,15,480,True,0.6471,20.0
bot->ton,43,oracolo,18,0.947,0.9248912299110127,18,576,True,0.6471,20.0
bot->ton,43,stat_13x13,18,0.947,0.7932872469601824,18,576,True,0.6471,20.0
bot->ton,43,martingala,18,0.947,0.8565838411618356,15,480,True,0.6471,20.0
bot->ton,43,stat_13x13_adaptive,18,0.947,0.7858729872549785,18,576,True,0.6471,20.0
bot->ton,43,statico,19,1.0,0.641473653484715,0,0,True,0.67775,20.0
bot->ton,43,ogni_batch,19,1.0,0.9179971064008514,19,608,True,0.67775,20.0
bot->ton,43,su_innesco,19,1.0,0.9179971064008514,16,512,True,0.67775,20.0
bot->ton,43,oracolo,19,1.0,0.9222547154762122,19,608,True,0.67775,20.0
bot->ton,43,stat_13x13,19,1.0,0.7570892281693908,19,608,True,0.67775,20.0
bot->ton,43,martingala,19,1.0,0.9179971064008514,16,512,True,0.67775,20.0
bot->ton,43,stat_13x13_adaptive,19,1.0,0.7765484973454588,19,608,True,0.67775,20.0
bot->ton,44,statico,0,0.0,0.98615,0,0,False,0.04625,20.0
bot->ton,44,ogni_batch,0,0.0,0.98615,0,0,False,0.04625,20.0
bot->ton,44,su_innesco,0,0.0,0.98615,0,0,False,0.04625,20.0
bot->ton,44,oracolo,0,0.0,0.98615,0,0,False,0.04625,20.0
bot->ton,44,stat_13x13,0,0.0,0.98615,0,0,False,0.04625,20.0
bot->ton,44,martingala,0,0.0,0.98615,0,0,False,0.04625,20.0
bot->ton,44,stat_13x13_adaptive,0,0.0,0.98615,0,0,False,0.04625,20.0
bot->ton,44,statico,1,0.053,0.8808286113224522,0,0,False,0.08335,20.0
bot->ton,44,ogni_batch,1,0.053,0.8808286113224522,1,32,False,0.08335,20.0
bot->ton,44,su_innesco,1,0.053,0.8808286113224522,0,0,False,0.08335,20.0
bot->ton,44,oracolo,1,0.053,0.8808286113224522,1,32,False,0.08335,20.0
bot->ton,44,stat_13x13,1,0.053,0.4999746950756617,1,32,False,0.08335,20.0
bot->ton,44,martingala,1,0.053,0.8808286113224522,0,0,False,0.08335,20.0
bot->ton,44,stat_13x13_adaptive,1,0.053,0.49984817045397034,1,32,False,0.08335,20.0
bot->ton,44,statico,2,0.105,0.8916051131137916,0,0,False,0.1189,20.0
bot->ton,44,ogni_batch,2,0.105,0.8916051131137916,2,64,False,0.1189,20.0
bot->ton,44,su_innesco,2,0.105,0.8916051131137916,0,0,False,0.1189,20.0
bot->ton,44,oracolo,2,0.105,0.9063118817459062,2,64,False,0.1189,20.0
bot->ton,44,stat_13x13,2,0.105,0.5,2,64,False,0.1189,20.0
bot->ton,44,martingala,2,0.105,0.8916051131137916,0,0,False,0.1189,20.0
bot->ton,44,stat_13x13_adaptive,2,0.105,0.5,2,64,False,0.1189,20.0
bot->ton,44,statico,3,0.158,0.8671618359959359,0,0,True,0.15485,20.0
bot->ton,44,ogni_batch,3,0.158,0.7419737612700564,3,96,True,0.15485,20.0
bot->ton,44,su_innesco,3,0.158,0.8671618359959359,0,0,True,0.15485,20.0
bot->ton,44,oracolo,3,0.158,0.9086338664014296,3,96,True,0.15485,20.0
bot->ton,44,stat_13x13,3,0.158,0.5,3,96,True,0.15485,20.0
bot->ton,44,martingala,3,0.158,0.7412137797056104,1,32,True,0.15485,20.0
bot->ton,44,stat_13x13_adaptive,3,0.158,0.5,3,96,True,0.15485,20.0
bot->ton,44,statico,4,0.211,0.8646960998238765,0,0,True,0.19,20.0
bot->ton,44,ogni_batch,4,0.211,0.6765262521271171,4,128,True,0.19,20.0
bot->ton,44,su_innesco,4,0.211,0.4982480650900418,1,32,True,0.19,20.0
bot->ton,44,oracolo,4,0.211,0.8934970258454527,4,128,True,0.19,20.0
bot->ton,44,stat_13x13,4,0.211,0.5578230434846974,4,128,True,0.19,20.0
bot->ton,44,martingala,4,0.211,0.7037689416523657,2,64,True,0.19,20.0
bot->ton,44,stat_13x13_adaptive,4,0.211,0.6021397980883831,4,128,True,0.19,20.0
bot->ton,44,statico,5,0.263,0.8398003358274263,0,0,True,0.2245,20.0
bot->ton,44,ogni_batch,5,0.263,0.7433607081911262,5,160,True,0.2245,20.0
bot->ton,44,su_innesco,5,0.263,0.5027846602345323,2,64,True,0.2245,20.0
bot->ton,44,oracolo,5,0.263,0.8912225430996762,5,160,True,0.2245,20.0
bot->ton,44,stat_13x13,5,0.263,0.5165131103964296,5,160,True,0.2245,20.0
bot->ton,44,martingala,5,0.263,0.7323027424083312,3,96,True,0.2245,20.0
bot->ton,44,stat_13x13_adaptive,5,0.263,0.740894646451387,5,160,True,0.2245,20.0
bot->ton,44,statico,6,0.316,0.8138868227591451,0,0,True,0.25995,20.0
bot->ton,44,ogni_batch,6,0.316,0.7788923353691424,6,192,True,0.25995,20.0
bot->ton,44,su_innesco,6,0.316,0.788683936897475,3,96,True,0.25995,20.0
bot->ton,44,oracolo,6,0.316,0.8817286384402215,6,192,True,0.25995,20.0
bot->ton,44,stat_13x13,6,0.316,0.5445043277517178,6,192,True,0.25995,20.0
bot->ton,44,martingala,6,0.316,0.7227447665135569,4,128,True,0.25995,20.0
bot->ton,44,stat_13x13_adaptive,6,0.316,0.7494103866896666,6,192,True,0.25995,20.0
bot->ton,44,statico,7,0.368,0.8029226535551464,0,0,True,0.29475,20.0
bot->ton,44,ogni_batch,7,0.368,0.7701919288568695,7,224,True,0.29475,20.0
bot->ton,44,su_innesco,7,0.368,0.9315210683530462,4,128,True,0.29475,20.0
bot->ton,44,oracolo,7,0.368,0.8707153711937863,7,224,True,0.29475,20.0
bot->ton,44,stat_13x13,7,0.368,0.5595408120190722,7,224,True,0.29475,20.0
bot->ton,44,martingala,7,0.368,0.7288972231826258,5,160,True,0.29475,20.0
bot->ton,44,stat_13x13_adaptive,7,0.368,0.7432029384332108,7,224,True,0.29475,20.0
bot->ton,44,statico,8,0.421,0.7798272301987296,0,0,True,0.33305,20.0
bot->ton,44,ogni_batch,8,0.421,0.7787360574972294,8,256,True,0.33305,20.0
bot->ton,44,su_innesco,8,0.421,0.8333923891338554,5,160,True,0.33305,20.0
bot->ton,44,oracolo,8,0.421,0.8569065960908713,8,256,True,0.33305,20.0
bot->ton,44,stat_13x13,8,0.421,0.5580752092841352,8,256,True,0.33305,20.0
bot->ton,44,martingala,8,0.421,0.743147735245609,6,192,True,0.33305,20.0
bot->ton,44,stat_13x13_adaptive,8,0.421,0.7115332617747157,8,256,True,0.33305,20.0
bot->ton,44,statico,9,0.474,0.765158140638538,0,0,True,0.3701,20.0
bot->ton,44,ogni_batch,9,0.474,0.8530070456281615,9,288,True,0.3701,20.0
bot->ton,44,su_innesco,9,0.474,0.8465687061942861,6,192,True,0.3701,20.0
bot->ton,44,oracolo,9,0.474,0.8972085402083405,9,288,True,0.3701,20.0
bot->ton,44,stat_13x13,9,0.474,0.5749618843422926,9,288,True,0.3701,20.0
bot->ton,44,martingala,9,0.474,0.8284959542165711,7,224,True,0.3701,20.0
bot->ton,44,stat_13x13_adaptive,9,0.474,0.7618540123714272,9,288,True,0.3701,20.0
bot->ton,44,statico,10,0.526,0.7533988623739858,0,0,True,0.40335,20.0
bot->ton,44,ogni_batch,10,0.526,0.7894327965426373,10,320,True,0.40335,20.0
bot->ton,44,su_innesco,10,0.526,0.9404050407198201,7,224,True,0.40335,20.0
bot->ton,44,oracolo,10,0.526,0.8914120497756806,10,320,True,0.40335,20.0
bot->ton,44,stat_13x13,10,0.526,0.5494895541660607,10,320,True,0.40335,20.0
bot->ton,44,martingala,10,0.526,0.8569098162881854,8,256,True,0.40335,20.0
bot->ton,44,stat_13x13_adaptive,10,0.526,0.766812471356002,10,320,True,0.40335,20.0
bot->ton,44,statico,11,0.579,0.7337459274236251,0,0,True,0.43885,20.0
bot->ton,44,ogni_batch,11,0.579,0.8611371216161962,11,352,True,0.43885,20.0
bot->ton,44,su_innesco,11,0.579,0.8775743986196918,8,256,True,0.43885,20.0
bot->ton,44,oracolo,11,0.579,0.9018931250309652,11,352,True,0.43885,20.0
bot->ton,44,stat_13x13,11,0.579,0.5722276514361654,11,352,True,0.43885,20.0
bot->ton,44,martingala,11,0.579,0.8575047657965242,9,288,True,0.43885,20.0
bot->ton,44,stat_13x13_adaptive,11,0.579,0.7951227330870476,11,352,True,0.43885,20.0
bot->ton,44,statico,12,0.632,0.7059729938213316,0,0,True,0.47525,20.0
bot->ton,44,ogni_batch,12,0.632,0.7746445576933338,12,384,True,0.47525,20.0
bot->ton,44,su_innesco,12,0.632,0.904775850534853,9,288,True,0.47525,20.0
bot->ton,44,oracolo,12,0.632,0.8875656040153781,12,384,True,0.47525,20.0
bot->ton,44,stat_13x13,12,0.632,0.5660171464441099,12,384,True,0.47525,20.0
bot->ton,44,martingala,12,0.632,0.7724522144169965,10,320,True,0.47525,20.0
bot->ton,44,stat_13x13_adaptive,12,0.632,0.7765078631137939,12,384,True,0.47525,20.0
bot->ton,44,statico,13,0.684,0.6969410309160498,0,0,True,0.5026,20.0
bot->ton,44,ogni_batch,13,0.684,0.945197523175859,13,416,True,0.5026,20.0
bot->ton,44,su_innesco,13,0.684,0.9115126779819774,10,320,True,0.5026,20.0
bot->ton,44,oracolo,13,0.684,0.8769173468498763,13,416,True,0.5026,20.0
bot->ton,44,stat_13x13,13,0.684,0.5728579126584373,13,416,True,0.5026,20.0
bot->ton,44,martingala,13,0.684,0.8425429993947611,11,352,True,0.5026,20.0
bot->ton,44,stat_13x13_adaptive,13,0.684,0.7883337305262168,13,416,True,0.5026,20.0
bot->ton,44,statico,14,0.737,0.6704403415197944,0,0,True,0.54685,20.0
bot->ton,44,ogni_batch,14,0.737,0.9409235505069249,14,448,True,0.54685,20.0
bot->ton,44,su_innesco,14,0.737,0.9081337024825384,11,352,True,0.54685,20.0
bot->ton,44,oracolo,14,0.737,0.8941776385874933,14,448,True,0.54685,20.0
bot->ton,44,stat_13x13,14,0.737,0.6934816307638995,14,448,True,0.54685,20.0
bot->ton,44,martingala,14,0.737,0.8481856973851833,12,384,True,0.54685,20.0
bot->ton,44,stat_13x13_adaptive,14,0.737,0.7817734703556967,14,448,True,0.54685,20.0
bot->ton,44,statico,15,0.789,0.651813961132339,0,0,True,0.5768,20.0
bot->ton,44,ogni_batch,15,0.789,0.935618337067355,15,480,True,0.5768,20.0
bot->ton,44,su_innesco,15,0.789,0.914156498128482,12,384,True,0.5768,20.0
bot->ton,44,oracolo,15,0.789,0.8902184570864466,15,480,True,0.5768,20.0
bot->ton,44,stat_13x13,15,0.789,0.7294220232224597,15,480,True,0.5768,20.0
bot->ton,44,martingala,15,0.789,0.7723877835535959,13,416,True,0.5768,20.0
bot->ton,44,stat_13x13_adaptive,15,0.789,0.8548919929420361,15,480,True,0.5768,20.0
bot->ton,44,statico,16,0.842,0.6359846373333585,0,0,True,0.6165,20.0
bot->ton,44,ogni_batch,16,0.842,0.871938702756121,16,512,True,0.6165,20.0
bot->ton,44,su_innesco,16,0.842,0.8385729913125342,13,416,True,0.6165,20.0
bot->ton,44,oracolo,16,0.842,0.889661948251629,16,512,True,0.6165,20.0
bot->ton,44,stat_13x13,16,0.842,0.726602758692581,16,512,True,0.6165,20.0
bot->ton,44,martingala,16,0.842,0.7806627315708037,14,448,True,0.6165,20.0
bot->ton,44,stat_13x13_adaptive,16,0.842,0.7835204637519818,16,512,True,0.6165,20.0
bot->ton,44,statico,17,0.895,0.6064198068062903,0,0,True,0.64885,20.0
bot->ton,44,ogni_batch,17,0.895,0.9190647565723058,17,544,True,0.64885,20.0
bot->ton,44,su_innesco,17,0.895,0.8392038950499606,14,448,True,0.64885,20.0
bot->ton,44,oracolo,17,0.895,0.8231439060796807,17,544,True,0.64885,20.0
bot->ton,44,stat_13x13,17,0.895,0.6847786169706243,17,544,True,0.64885,20.0
bot->ton,44,martingala,17,0.895,0.7799360675169573,15,480,True,0.64885,20.0
bot->ton,44,stat_13x13_adaptive,17,0.895,0.7859627050665422,17,544,True,0.64885,20.0
bot->ton,44,statico,18,0.947,0.581724596383022,0,0,True,0.6929,20.0
bot->ton,44,ogni_batch,18,0.947,0.9240642894565855,18,576,True,0.6929,20.0
bot->ton,44,su_innesco,18,0.947,0.8415495796873028,15,480,True,0.6929,20.0
bot->ton,44,oracolo,18,0.947,0.910176994510209,18,576,True,0.6929,20.0
bot->ton,44,stat_13x13,18,0.947,0.8451667384392765,18,576,True,0.6929,20.0
bot->ton,44,martingala,18,0.947,0.8437660335852426,16,512,True,0.6929,20.0
bot->ton,44,stat_13x13_adaptive,18,0.947,0.8502295819579929,18,576,True,0.6929,20.0
bot->ton,44,statico,19,1.0,0.557038268442625,0,0,True,0.72325,20.0
bot->ton,44,ogni_batch,19,1.0,0.8814363660369746,19,608,True,0.72325,20.0
bot->ton,44,su_innesco,19,1.0,0.8408755788064445,16,512,True,0.72325,20.0
bot->ton,44,oracolo,19,1.0,0.8217903895546608,19,608,True,0.72325,20.0
bot->ton,44,stat_13x13,19,1.0,0.7234631243264675,19,608,True,0.72325,20.0
bot->ton,44,martingala,19,1.0,0.9245804957658477,17,544,True,0.72325,20.0
bot->ton,44,stat_13x13_adaptive,19,1.0,0.7717871547246488,19,608,True,0.72325,20.0
bot->ton,45,statico,0,0.0,0.98955,0,0,False,0.0404,20.0
bot->ton,45,ogni_batch,0,0.0,0.98955,0,0,False,0.0404,20.0
bot->ton,45,su_innesco,0,0.0,0.98955,0,0,False,0.0404,20.0
bot->ton,45,oracolo,0,0.0,0.98955,0,0,False,0.0404,20.0
bot->ton,45,stat_13x13,0,0.0,0.98955,0,0,False,0.0404,20.0
bot->ton,45,martingala,0,0.0,0.98955,0,0,False,0.0404,20.0
bot->ton,45,stat_13x13_adaptive,0,0.0,0.98955,0,0,False,0.0404,20.0
bot->ton,45,statico,1,0.053,0.9693029160116051,0,0,False,0.0794,20.0
bot->ton,45,ogni_batch,1,0.053,0.9693029160116051,1,32,False,0.0794,20.0
bot->ton,45,su_innesco,1,0.053,0.9693029160116051,0,0,False,0.0794,20.0
bot->ton,45,oracolo,1,0.053,0.9693029160116051,1,32,False,0.0794,20.0
bot->ton,45,stat_13x13,1,0.053,0.5,1,32,False,0.0794,20.0
bot->ton,45,martingala,1,0.053,0.9693029160116051,0,0,False,0.0794,20.0
bot->ton,45,stat_13x13_adaptive,1,0.053,0.5,1,32,False,0.0794,20.0
bot->ton,45,statico,2,0.105,0.9468131953503065,0,0,False,0.11025,20.0
bot->ton,45,ogni_batch,2,0.105,0.9468131953503065,2,64,False,0.11025,20.0
bot->ton,45,su_innesco,2,0.105,0.9468131953503065,0,0,False,0.11025,20.0
bot->ton,45,oracolo,2,0.105,0.9178703319448622,2,64,False,0.11025,20.0
bot->ton,45,stat_13x13,2,0.105,0.5687794574459188,2,64,False,0.11025,20.0
bot->ton,45,martingala,2,0.105,0.9468131953503065,0,0,False,0.11025,20.0
bot->ton,45,stat_13x13_adaptive,2,0.105,0.5762917874097424,2,64,False,0.11025,20.0
bot->ton,45,statico,3,0.158,0.934068130699141,0,0,False,0.14205,20.0
bot->ton,45,ogni_batch,3,0.158,0.4971616554204777,3,96,False,0.14205,20.0
bot->ton,45,su_innesco,3,0.158,0.934068130699141,0,0,False,0.14205,20.0
bot->ton,45,oracolo,3,0.158,0.9129970253511465,3,96,False,0.14205,20.0
bot->ton,45,stat_13x13,3,0.158,0.5593298754633766,3,96,False,0.14205,20.0
bot->ton,45,martingala,3,0.158,0.934068130699141,0,0,False,0.14205,20.0
bot->ton,45,stat_13x13_adaptive,3,0.158,0.5624515475242741,3,96,False,0.14205,20.0
bot->ton,45,statico,4,0.211,0.9114855621820143,0,0,True,0.17395,20.0
bot->ton,45,ogni_batch,4,0.211,0.503173287509687,4,128,True,0.17395,20.0
bot->ton,45,su_innesco,4,0.211,0.9114855621820143,0,0,True,0.17395,20.0
bot->ton,45,oracolo,4,0.211,0.8886795377202736,4,128,True,0.17395,20.0
bot->ton,45,stat_13x13,4,0.211,0.5563448903264935,4,128,True,0.17395,20.0
bot->ton,45,martingala,4,0.211,0.9114855621820143,1,32,True,0.17395,20.0
bot->ton,45,stat_13x13_adaptive,4,0.211,0.5708487482731898,4,128,True,0.17395,20.0
bot->ton,45,statico,5,0.263,0.8954494306309713,0,0,True,0.20515,20.0
bot->ton,45,ogni_batch,5,0.263,0.5024483480046193,5,160,True,0.20515,20.0
bot->ton,45,su_innesco,5,0.263,0.49250251513547283,1,32,True,0.20515,20.0
bot->ton,45,oracolo,5,0.263,0.8745662704995212,5,160,True,0.20515,20.0
bot->ton,45,stat_13x13,5,0.263,0.5633624840487096,5,160,True,0.20515,20.0
bot->ton,45,martingala,5,0.263,0.4934355571705631,2,64,True,0.20515,20.0
bot->ton,45,stat_13x13_adaptive,5,0.263,0.573913497075826,5,160,True,0.20515,20.0
bot->ton,45,statico,6,0.316,0.8780177219082765,0,0,True,0.23835,20.0
bot->ton,45,ogni_batch,6,0.316,0.5008777901519963,6,192,True,0.23835,20.0
bot->ton,45,su_innesco,6,0.316,0.5045932831517651,2,64,True,0.23835,20.0
bot->ton,45,oracolo,6,0.316,0.8686819764629741,6,192,True,0.23835,20.0
bot->ton,45,stat_13x13,6,0.316,0.563809871757577,6,192,True,0.23835,20.0
bot->ton,45,martingala,6,0.316,0.5014669043205148,3,96,True,0.23835,20.0
bot->ton,45,stat_13x13_adaptive,6,0.316,0.5807822265675429,6,192,True,0.23835,20.0
bot->ton,45,statico,7,0.368,0.8597240404620005,0,0,True,0.2717,20.0
bot->ton,45,ogni_batch,7,0.368,0.6855078351544597,7,224,True,0.2717,20.0
bot->ton,45,su_innesco,7,0.368,0.6740209210214372,3,96,True,0.2717,20.0
bot->ton,45,oracolo,7,0.368,0.8478837069525849,7,224,True,0.2717,20.0
bot->ton,45,stat_13x13,7,0.368,0.5570397035795384,7,224,True,0.2717,20.0
bot->ton,45,martingala,7,0.368,0.6789488685246033,4,128,True,0.2717,20.0
bot->ton,45,stat_13x13_adaptive,7,0.368,0.5766946088861127,7,224,True,0.2717,20.0
bot->ton,45,statico,8,0.421,0.8420694864478075,0,0,True,0.3085,20.0
bot->ton,45,ogni_batch,8,0.421,0.8644798085960699,8,256,True,0.3085,20.0
bot->ton,45,su_innesco,8,0.421,0.8701816000221736,4,128,True,0.3085,20.0
bot->ton,45,oracolo,8,0.421,0.8374178795700781,8,256,True,0.3085,20.0
bot->ton,45,stat_13x13,8,0.421,0.560498850259116,8,256,True,0.3085,20.0
bot->ton,45,martingala,8,0.421,0.8611405869572775,5,160,True,0.3085,20.0
bot->ton,45,stat_13x13_adaptive,8,0.421,0.6861364124730203,8,256,True,0.3085,20.0
bot->ton,45,statico,9,0.474,0.823696700817464,0,0,True,0.33535,20.0
bot->ton,45,ogni_batch,9,0.474,0.8800359380981744,9,288,True,0.33535,20.0
bot->ton,45,su_innesco,9,0.474,0.8990097788975456,5,160,True,0.33535,20.0
bot->ton,45,oracolo,9,0.474,0.8258372502439819,9,288,True,0.33535,20.0
bot->ton,45,stat_13x13,9,0.474,0.5651045863677643,9,288,True,0.33535,20.0
bot->ton,45,martingala,9,0.474,0.8756095953807932,6,192,True,0.33535,20.0
bot->ton,45,stat_13x13_adaptive,9,0.474,0.6952073941658601,9,288,True,0.33535,20.0
bot->ton,45,statico,10,0.526,0.8031931974441674,0,0,True,0.3723,20.0
bot->ton,45,ogni_batch,10,0.526,0.8738423851120657,10,320,True,0.3723,20.0
bot->ton,45,su_innesco,10,0.526,0.9016771832326924,6,192,True,0.3723,20.0
bot->ton,45,oracolo,10,0.526,0.8653641013961444,10,320,True,0.3723,20.0
bot->ton,45,stat_13x13,10,0.526,0.5679642865083068,10,320,True,0.3723,20.0
bot->ton,45,martingala,10,0.526,0.8665082175163781,7,224,True,0.3723,20.0
bot->ton,45,stat_13x13_adaptive,10,0.526,0.7013548382928674,10,320,True,0.3723,20.0
bot->ton,45,statico,11,0.579,0.7829894257646788,0,0,True,0.40375,20.0
bot->ton,45,ogni_batch,11,0.579,0.9204363536220668,11,352,True,0.40375,20.0
bot->ton,45,su_innesco,11,0.579,0.9002138481173733,7,224,True,0.40375,20.0
bot->ton,45,oracolo,11,0.579,0.9044623878277912,11,352,True,0.40375,20.0
bot->ton,45,stat_13x13,11,0.579,0.5746759460131345,11,352,True,0.40375,20.0
bot->ton,45,martingala,11,0.579,0.9117958296954471,8,256,True,0.40375,20.0
bot->ton,45,stat_13x13_adaptive,11,0.579,0.703040879824526,11,352,True,0.40375,20.0
bot->ton,45,statico,12,0.632,0.7624977360279361,0,0,True,0.4398,20.0
bot->ton,45,ogni_batch,12,0.632,0.9221620286361345,12,384,True,0.4398,20.0
bot->ton,45,su_innesco,12,0.632,0.9001976185210734,8,256,True,0.4398,20.0
bot->ton,45,oracolo,12,0.632,0.9034869319382872,12,384,True,0.4398,20.0
bot->ton,45,stat_13x13,12,0.632,0.5719882581011144,12,384,True,0.4398,20.0
bot->ton,45,martingala,12,0.632,0.9067494438317685,9,288,True,0.4398,20.0
bot->ton,45,stat_13x13_adaptive,12,0.632,0.6973486019026641,12,384,True,0.4398,20.0
bot->ton,45,statico,13,0.684,0.7443530873031456,0,0,True,0.47035,20.0
bot->ton,45,ogni_batch,13,0.684,0.9263862333731059,13,416,True,0.47035,20.0
bot->ton,45,su_innesco,13,0.684,0.9099054072481682,9,288,True,0.47035,20.0
bot->ton,45,oracolo,13,0.684,0.8663791103743785,13,416,True,0.47035,20.0
bot->ton,45,stat_13x13,13,0.684,0.5747019484091996,13,416,True,0.47035,20.0
bot->ton,45,martingala,13,0.684,0.9098936600926445,10,320,True,0.47035,20.0
bot->ton,45,stat_13x13_adaptive,13,0.684,0.7057531883647727,13,416,True,0.47035,20.0
bot->ton,45,statico,14,0.737,0.7191142364563686,0,0,True,0.4984,20.0
bot->ton,45,ogni_batch,14,0.737,0.924305084647459,14,448,True,0.4984,20.0
bot->ton,45,su_innesco,14,0.737,0.8995894034302816,10,320,True,0.4984,20.0
bot->ton,45,oracolo,14,0.737,0.8876960054618703,14,448,True,0.4984,20.0
bot->ton,45,stat_13x13,14,0.737,0.5768348936622101,14,448,True,0.4984,20.0
bot->ton,45,martingala,14,0.737,0.9024335233889833,11,352,True,0.4984,20.0
bot->ton,45,stat_13x13_adaptive,14,0.737,0.7033618183200372,14,448,True,0.4984,20.0
bot->ton,45,statico,15,0.789,0.6963499627547219,0,0,True,0.5317,20.0
bot->ton,45,ogni_batch,15,0.789,0.9276484453923,15,480,True,0.5317,20.0
bot->ton,45,su_innesco,15,0.789,0.8976146695374443,11,352,True,0.5317,20.0
bot->ton,45,oracolo,15,0.789,0.8972056857723039,15,480,True,0.5317,20.0
bot->ton,45,stat_13x13,15,0.789,0.5748917846100471,15,480,True,0.5317,20.0
bot->ton,45,martingala,15,0.789,0.9009985816181798,12,384,True,0.5317,20.0
bot->ton,45,stat_13x13_adaptive,15,0.789,0.6972036449351524,15,480,True,0.5317,20.0
bot->ton,45,statico,16,0.842,0.6740159164093744,0,0,True,0.57105,20.0
bot->ton,45,ogni_batch,16,0.842,0.8297824765977244,16,512,True,0.57105,20.0
bot->ton,45,su_innesco,16,0.842,0.8959280110457443,12,384,True,0.57105,20.0
bot->ton,45,oracolo,16,0.842,0.8936735764177239,16,512,True,0.57105,20.0
bot->ton,45,stat_13x13,16,0.842,0.5780660797369496,16,512,True,0.57105,20.0
bot->ton,45,martingala,16,0.842,0.8370423382423942,13,416,True,0.57105,20.0
bot->ton,45,stat_13x13_adaptive,16,0.842,0.7087934345019575,16,512,True,0.57105,20.0
bot->ton,45,statico,17,0.895,0.6493993823651507,0,0,True,0.60085,20.0
bot->ton,45,ogni_batch,17,0.895,0.8279347699680912,17,544,True,0.60085,20.0
bot->ton,45,su_innesco,17,0.895,0.8261013346253325,13,416,True,0.60085,20.0
bot->ton,45,oracolo,17,0.895,0.8902757508985705,17,544,True,0.60085,20.0
bot->ton,45,stat_13x13,17,0.895,0.5788828840850491,17,544,True,0.60085,20.0
bot->ton,45,martingala,17,0.895,0.8339892525305854,14,448,True,0.60085,20.0
bot->ton,45,stat_13x13_adaptive,17,0.895,0.7053271446643731,17,544,True,0.60085,20.0
bot->ton,45,statico,18,0.947,0.6272551767736261,0,0,True,0.6377,20.0
bot->ton,45,ogni_batch,18,0.947,0.8356876289317747,18,576,True,0.6377,20.0
bot->ton,45,su_innesco,18,0.947,0.8314266916456436,14,448,True,0.6377,20.0
bot->ton,45,oracolo,18,0.947,0.8920657604989229,18,576,True,0.6377,20.0
bot->ton,45,stat_13x13,18,0.947,0.5752271404887129,18,576,True,0.6377,20.0
bot->ton,45,martingala,18,0.947,0.8378283744769923,15,480,True,0.6377,20.0
bot->ton,45,stat_13x13_adaptive,18,0.947,0.7036261057675796,18,576,True,0.6377,20.0
bot->ton,45,statico,19,1.0,0.6004103609806721,0,0,True,0.66265,20.0
bot->ton,45,ogni_batch,19,1.0,0.8398773548312761,19,608,True,0.66265,20.0
bot->ton,45,su_innesco,19,1.0,0.9079461336535708,15,480,True,0.66265,20.0
bot->ton,45,oracolo,19,1.0,0.8052672804345142,19,608,True,0.66265,20.0
bot->ton,45,stat_13x13,19,1.0,0.6893781088565879,19,608,True,0.66265,20.0
bot->ton,45,martingala,19,1.0,0.8337434648991744,16,512,True,0.66265,20.0
bot->ton,45,stat_13x13_adaptive,19,1.0,0.6928896775884396,19,608,True,0.66265,20.0
bot->ton,46,statico,0,0.0,0.9885,0,0,False,0.0454,20.0
bot->ton,46,ogni_batch,0,0.0,0.9885,0,0,False,0.0454,20.0
bot->ton,46,su_innesco,0,0.0,0.9885,0,0,False,0.0454,20.0
bot->ton,46,oracolo,0,0.0,0.9885,0,0,False,0.0454,20.0
bot->ton,46,stat_13x13,0,0.0,0.9885,0,0,False,0.0454,20.0
bot->ton,46,martingala,0,0.0,0.9885,0,0,False,0.0454,20.0
bot->ton,46,stat_13x13_adaptive,0,0.0,0.9885,0,0,False,0.0454,20.0
bot->ton,46,statico,1,0.053,0.9479737592463926,0,0,False,0.0775,20.0
bot->ton,46,ogni_batch,1,0.053,0.9479737592463926,1,32,False,0.0775,20.0
bot->ton,46,su_innesco,1,0.053,0.9479737592463926,0,0,False,0.0775,20.0
bot->ton,46,oracolo,1,0.053,0.9479737592463926,1,32,False,0.0775,20.0
bot->ton,46,stat_13x13,1,0.053,0.5,1,32,False,0.0775,20.0
bot->ton,46,martingala,1,0.053,0.9479737592463926,0,0,False,0.0775,20.0
bot->ton,46,stat_13x13_adaptive,1,0.053,0.5,1,32,False,0.0775,20.0
bot->ton,46,statico,2,0.105,0.9489841390025948,0,0,False,0.1129,20.0
bot->ton,46,ogni_batch,2,0.105,0.9489841390025948,2,64,False,0.1129,20.0
bot->ton,46,su_innesco,2,0.105,0.9489841390025948,0,0,False,0.1129,20.0
bot->ton,46,oracolo,2,0.105,0.8750308739219034,2,64,False,0.1129,20.0
bot->ton,46,stat_13x13,2,0.105,0.5524008807006751,2,64,False,0.1129,20.0
bot->ton,46,martingala,2,0.105,0.9489841390025948,0,0,False,0.1129,20.0
bot->ton,46,stat_13x13_adaptive,2,0.105,0.56949091964229,2,64,False,0.1129,20.0
bot->ton,46,statico,3,0.158,0.9358826417665238,0,0,True,0.1451,20.0
bot->ton,46,ogni_batch,3,0.158,0.9358826417665238,3,96,True,0.1451,20.0
bot->ton,46,su_innesco,3,0.158,0.9358826417665238,0,0,True,0.1451,20.0
bot->ton,46,oracolo,3,0.158,0.8767361376575584,3,96,True,0.1451,20.0
bot->ton,46,stat_13x13,3,0.158,0.5674614460635654,3,96,True,0.1451,20.0
bot->ton,46,martingala,3,0.158,0.9358826417665238,1,32,True,0.1451,20.0
bot->ton,46,stat_13x13_adaptive,3,0.158,0.6512107728456602,3,96,True,0.1451,20.0
bot->ton,46,statico,4,0.211,0.9173690428631907,0,0,True,0.1806,20.0
bot->ton,46,ogni_batch,4,0.211,0.8301407336172083,4,128,True,0.1806,20.0
bot->ton,46,su_innesco,4,0.211,0.8346855938418608,1,32,True,0.1806,20.0
bot->ton,46,oracolo,4,0.211,0.8544071036319699,4,128,True,0.1806,20.0
bot->ton,46,stat_13x13,4,0.211,0.5652165348797393,4,128,True,0.1806,20.0
bot->ton,46,martingala,4,0.211,0.8242733547361096,2,64,True,0.1806,20.0
bot->ton,46,stat_13x13_adaptive,4,0.211,0.7842799689265079,4,128,True,0.1806,20.0
bot->ton,46,statico,5,0.263,0.9065413333859533,0,0,True,0.2127,20.0
bot->ton,46,ogni_batch,5,0.263,0.8498422076359293,5,160,True,0.2127,20.0
bot->ton,46,su_innesco,5,0.263,0.8436073769785393,2,64,True,0.2127,20.0
bot->ton,46,oracolo,5,0.263,0.926206054969962,5,160,True,0.2127,20.0
bot->ton,46,stat_13x13,5,0.263,0.5663552223858725,5,160,True,0.2127,20.0
bot->ton,46,martingala,5,0.263,0.8491749715945074,3,96,True,0.2127,20.0
bot->ton,46,stat_13x13_adaptive,5,0.263,0.6593807442382429,5,160,True,0.2127,20.0
bot->ton,46,statico,6,0.316,0.8868934569730874,0,0,True,0.24685,20.0
bot->ton,46,ogni_batch,6,0.316,0.904708337052982,6,192,True,0.24685,20.0
bot->ton,46,su_innesco,6,0.316,0.8970509313791929,3,96,True,0.24685,20.0
bot->ton,46,oracolo,6,0.316,0.920629154707631,6,192,True,0.24685,20.0
bot->ton,46,stat_13x13,6,0.316,0.5773610909164623,6,192,True,0.24685,20.0
bot->ton,46,martingala,6,0.316,0.9123471519312387,4,128,True,0.24685,20.0
bot->ton,46,stat_13x13_adaptive,6,0.316,0.6703590250858118,6,192,True,0.24685,20.0
bot->ton,46,statico,7,0.368,0.8771383844283231,0,0,True,0.27935,20.0
bot->ton,46,ogni_batch,7,0.368,0.9108704475356966,7,224,True,0.27935,20.0
bot->ton,46,su_innesco,7,0.368,0.9003130050573092,4,128,True,0.27935,20.0
bot->ton,46,oracolo,7,0.368,0.9225254528250681,7,224,True,0.27935,20.0
bot->ton,46,stat_13x13,7,0.368,0.5821443777548304,7,224,True,0.27935,20.0
bot->ton,46,martingala,7,0.368,0.9144167417956481,5,160,True,0.27935,20.0
bot->ton,46,stat_13x13_adaptive,7,0.368,0.6584538188583211,7,224,True,0.27935,20.0
bot->ton,46,statico,8,0.421,0.8639008966907147,0,0,True,0.313,20.0
bot->ton,46,ogni_batch,8,0.421,0.9141668980796285,8,256,True,0.313,20.0
bot->ton,46,su_innesco,8,0.421,0.9027102671936924,5,160,True,0.313,20.0
bot->ton,46,oracolo,8,0.421,0.9123149586355688,8,256,True,0.313,20.0
bot->ton,46,stat_13x13,8,0.421,0.5848363732350311,8,256,True,0.313,20.0
bot->ton,46,martingala,8,0.421,0.9159271805531155,6,192,True,0.313,20.0
bot->ton,46,stat_13x13_adaptive,8,0.421,0.6745119293563435,8,256,True,0.313,20.0
bot->ton,46,statico,9,0.474,0.8368092200547094,0,0,True,0.34715,20.0
bot->ton,46,ogni_batch,9,0.474,0.8957250831778878,9,288,True,0.34715,20.0
bot->ton,46,su_innesco,9,0.474,0.8948991948802419,6,192,True,0.34715,20.0
bot->ton,46,oracolo,9,0.474,0.9186815741813683,9,288,True,0.34715,20.0
bot->ton,46,stat_13x13,9,0.474,0.5758343771458656,9,288,True,0.34715,20.0
bot->ton,46,martingala,9,0.474,0.8938632825573262,7,224,True,0.34715,20.0
bot->ton,46,stat_13x13_adaptive,9,0.474,0.6663328419612714,9,288,True,0.34715,20.0
bot->ton,46,statico,10,0.526,0.8209223788566059,0,0,True,0.37995,20.0
bot->ton,46,ogni_batch,10,0.526,0.8982179404898404,10,320,True,0.37995,20.0
bot->ton,46,su_innesco,10,0.526,0.8921924210660701,7,224,True,0.37995,20.0
bot->ton,46,oracolo,10,0.526,0.9126304781508403,10,320,True,0.37995,20.0
bot->ton,46,stat_13x13,10,0.526,0.5814369799613247,10,320,True,0.37995,20.0
bot->ton,46,martingala,10,0.526,0.8982179404898404,8,256,True,0.37995,20.0
bot->ton,46,stat_13x13_adaptive,10,0.526,0.6663653374247115,10,320,True,0.37995,20.0
bot->ton,46,statico,11,0.579,0.8028632733691304,0,0,True,0.4103,20.0
bot->ton,46,ogni_batch,11,0.579,0.8603912791204479,11,352,True,0.4103,20.0
bot->ton,46,su_innesco,11,0.579,0.8688070067760238,8,256,True,0.4103,20.0
bot->ton,46,oracolo,11,0.579,0.9065852229143796,11,352,True,0.4103,20.0
bot->ton,46,stat_13x13,11,0.579,0.5607381563617058,11,352,True,0.4103,20.0
bot->ton,46,martingala,11,0.579,0.8603912791204479,9,288,True,0.4103,20.0
bot->ton,46,stat_13x13_adaptive,11,0.579,0.7911477314123123,11,352,True,0.4103,20.0
bot->ton,46,statico,12,0.632,0.7901413276208018,0,0,True,0.4461,20.0
bot->ton,46,ogni_batch,12,0.632,0.8557421595946639,12,384,True,0.4461,20.0
bot->ton,46,su_innesco,12,0.632,0.8841270372973131,9,288,True,0.4461,20.0
bot->ton,46,oracolo,12,0.632,0.9135073549463852,12,384,True,0.4461,20.0
bot->ton,46,stat_13x13,12,0.632,0.5693090110315473,12,384,True,0.4461,20.0
bot->ton,46,martingala,12,0.632,0.8557421595946639,10,320,True,0.4461,20.0
bot->ton,46,stat_13x13_adaptive,12,0.632,0.7931951267000756,12,384,True,0.4461,20.0
bot->ton,46,statico,13,0.684,0.7685397473842177,0,0,True,0.4782,20.0
bot->ton,46,ogni_batch,13,0.684,0.9082914449215149,13,416,True,0.4782,20.0
bot->ton,46,su_innesco,13,0.684,0.9089966292421063,10,320,True,0.4782,20.0
bot->ton,46,oracolo,13,0.684,0.9162597961565717,13,416,True,0.4782,20.0
bot->ton,46,stat_13x13,13,0.684,0.7307436336561665,13,416,True,0.4782,20.0
bot->ton,46,martingala,13,0.684,0.9082914449215149,11,352,True,0.4782,20.0
bot->ton,46,stat_13x13_adaptive,13,0.684,0.7322999025016095,13,416,True,0.4782,20.0
bot->ton,46,statico,14,0.737,0.7513745701689718,0,0,True,0.5157,20.0
bot->ton,46,ogni_batch,14,0.737,0.9358289289673116,14,448,True,0.5157,20.0
bot->ton,46,su_innesco,14,0.737,0.9398716407881971,11,352,True,0.5157,20.0
bot->ton,46,oracolo,14,0.737,0.9170249269099737,14,448,True,0.5157,20.0
bot->ton,46,stat_13x13,14,0.737,0.5933857965286238,14,448,True,0.5157,20.0
bot->ton,46,martingala,14,0.737,0.9358289289673116,12,384,True,0.5157,20.0
bot->ton,46,stat_13x13_adaptive,14,0.737,0.788575082101179,14,448,True,0.5157,20.0
bot->ton,46,statico,15,0.789,0.7308844786734926,0,0,True,0.5504,20.0
bot->ton,46,ogni_batch,15,0.789,0.9316934758603417,15,480,True,0.5504,20.0
bot->ton,46,su_innesco,15,0.789,0.9340730332143414,12,384,True,0.5504,20.0
bot->ton,46,oracolo,15,0.789,0.9077429523337057,15,480,True,0.5504,20.0
bot->ton,46,stat_13x13,15,0.789,0.5884859344762421,15,480,True,0.5504,20.0
bot->ton,46,martingala,15,0.789,0.9316934758603417,13,416,True,0.5504,20.0
bot->ton,46,stat_13x13_adaptive,15,0.789,0.786829896006663,15,480,True,0.5504,20.0
bot->ton,46,statico,16,0.842,0.7077873978802507,0,0,True,0.57935,20.0
bot->ton,46,ogni_batch,16,0.842,0.9258491544994936,16,512,True,0.57935,20.0
bot->ton,46,su_innesco,16,0.842,0.9194449161039255,13,416,True,0.57935,20.0
bot->ton,46,oracolo,16,0.842,0.8893066237931482,16,512,True,0.57935,20.0
bot->ton,46,stat_13x13,16,0.842,0.718183727104434,16,512,True,0.57935,20.0
bot->ton,46,martingala,16,0.842,0.9258491544994936,14,448,True,0.57935,20.0
bot->ton,46,stat_13x13_adaptive,16,0.842,0.7779993767528826,16,512,True,0.57935,20.0
bot->ton,46,statico,17,0.895,0.6843862233102959,0,0,True,0.6156,20.0
bot->ton,46,ogni_batch,17,0.895,0.9252188330002153,17,544,True,0.6156,20.0
bot->ton,46,su_innesco,17,0.895,0.925635319618999,14,448,True,0.6156,20.0
bot->ton,46,oracolo,17,0.895,0.9094706195463396,17,544,True,0.6156,20.0
bot->ton,46,stat_13x13,17,0.895,0.7174562228167146,17,544,True,0.6156,20.0
bot->ton,46,martingala,17,0.895,0.9252188330002153,15,480,True,0.6156,20.0
bot->ton,46,stat_13x13_adaptive,17,0.895,0.7862223832190047,17,544,True,0.6156,20.0
bot->ton,46,statico,18,0.947,0.6652097827914912,0,0,True,0.6479,20.0
bot->ton,46,ogni_batch,18,0.947,0.9214945519626727,18,576,True,0.6479,20.0
bot->ton,46,su_innesco,18,0.947,0.9260584165663148,15,480,True,0.6479,20.0
bot->ton,46,oracolo,18,0.947,0.9212180179624709,18,576,True,0.6479,20.0
bot->ton,46,stat_13x13,18,0.947,0.7249108322178159,18,576,True,0.6479,20.0
bot->ton,46,martingala,18,0.947,0.9214945519626727,16,512,True,0.6479,20.0
bot->ton,46,stat_13x13_adaptive,18,0.947,0.7419008589238416,18,576,True,0.6479,20.0
bot->ton,46,statico,19,1.0,0.6379639787293455,0,0,True,0.6785,20.0
bot->ton,46,ogni_batch,19,1.0,0.9326891629938693,19,608,True,0.6785,20.0
bot->ton,46,su_innesco,19,1.0,0.9235829890138535,16,512,True,0.6785,20.0
bot->ton,46,oracolo,19,1.0,0.9191521316406219,19,608,True,0.6785,20.0
bot->ton,46,stat_13x13,19,1.0,0.7331696064240105,19,608,True,0.6785,20.0
bot->ton,46,martingala,19,1.0,0.9326891629938693,17,544,True,0.6785,20.0
bot->ton,46,stat_13x13_adaptive,19,1.0,0.7891660327271487,19,608,True,0.6785,20.0
bot->ton,47,statico,0,0.0,0.9894,0,0,False,0.0557,20.0
bot->ton,47,ogni_batch,0,0.0,0.9894,0,0,False,0.0557,20.0
bot->ton,47,su_innesco,0,0.0,0.9894,0,0,False,0.0557,20.0
bot->ton,47,oracolo,0,0.0,0.9894,0,0,False,0.0557,20.0
bot->ton,47,stat_13x13,0,0.0,0.9894,0,0,False,0.0557,20.0
bot->ton,47,martingala,0,0.0,0.9894,0,0,False,0.0557,20.0
bot->ton,47,stat_13x13_adaptive,0,0.0,0.9894,0,0,False,0.0557,20.0
bot->ton,47,statico,1,0.053,0.9612057858261207,0,0,False,0.0828,20.0
bot->ton,47,ogni_batch,1,0.053,0.9612057858261207,1,32,False,0.0828,20.0
bot->ton,47,su_innesco,1,0.053,0.9612057858261207,0,0,False,0.0828,20.0
bot->ton,47,oracolo,1,0.053,0.9612057858261207,1,32,False,0.0828,20.0
bot->ton,47,stat_13x13,1,0.053,0.5,1,32,False,0.0828,20.0
bot->ton,47,martingala,1,0.053,0.9612057858261207,0,0,False,0.0828,20.0
bot->ton,47,stat_13x13_adaptive,1,0.053,0.5,1,32,False,0.0828,20.0
bot->ton,47,statico,2,0.105,0.9467246827821664,0,0,False,0.1094,20.0
bot->ton,47,ogni_batch,2,0.105,0.9467246827821664,2,64,False,0.1094,20.0
bot->ton,47,su_innesco,2,0.105,0.9467246827821664,0,0,False,0.1094,20.0
bot->ton,47,oracolo,2,0.105,0.9330419175286546,2,64,False,0.1094,20.0
bot->ton,47,stat_13x13,2,0.105,0.5567630789705774,2,64,False,0.1094,20.0
bot->ton,47,martingala,2,0.105,0.9467246827821664,0,0,False,0.1094,20.0
bot->ton,47,stat_13x13_adaptive,2,0.105,0.5585358650427534,2,64,False,0.1094,20.0
bot->ton,47,statico,3,0.158,0.9330478616847642,0,0,False,0.138,20.0
bot->ton,47,ogni_batch,3,0.158,0.7417627837263383,3,96,False,0.138,20.0
bot->ton,47,su_innesco,3,0.158,0.9330478616847642,0,0,False,0.138,20.0
bot->ton,47,oracolo,3,0.158,0.9187134943129737,3,96,False,0.138,20.0
bot->ton,47,stat_13x13,3,0.158,0.5669679711032176,3,96,False,0.138,20.0
bot->ton,47,martingala,3,0.158,0.7280943656385168,1,32,False,0.138,20.0
bot->ton,47,stat_13x13_adaptive,3,0.158,0.5727243006074235,3,96,False,0.138,20.0
bot->ton,47,statico,4,0.211,0.9149747586391479,0,0,True,0.1598,20.0
bot->ton,47,ogni_batch,4,0.211,0.7702642789199035,4,128,True,0.1598,20.0
bot->ton,47,su_innesco,4,0.211,0.9149747586391479,0,0,True,0.1598,20.0
bot->ton,47,oracolo,4,0.211,0.9033637543805564,4,128,True,0.1598,20.0
bot->ton,47,stat_13x13,4,0.211,0.556290655249569,4,128,True,0.1598,20.0
bot->ton,47,martingala,4,0.211,0.7963622046311444,2,64,True,0.1598,20.0
bot->ton,47,stat_13x13_adaptive,4,0.211,0.5550809781150259,4,128,True,0.1598,20.0
bot->ton,47,statico,5,0.263,0.9018762280131724,0,0,True,0.1888,20.0
bot->ton,47,ogni_batch,5,0.263,0.8018814774052383,5,160,True,0.1888,20.0
bot->ton,47,su_innesco,5,0.263,0.9018762280131724,1,32,True,0.1888,20.0
bot->ton,47,oracolo,5,0.263,0.8875444518009669,5,160,True,0.1888,20.0
bot->ton,47,stat_13x13,5,0.263,0.6821888722757399,5,160,True,0.1888,20.0
bot->ton,47,martingala,5,0.263,0.7614064950549366,3,96,True,0.1888,20.0
bot->ton,47,stat_13x13_adaptive,5,0.263,0.5873671125331831,5,160,True,0.1888,20.0
bot->ton,47,statico,6,0.316,0.8865102148548816,0,0,True,0.21675,20.0
bot->ton,47,ogni_batch,6,0.316,0.7962888224434167,6,192,True,0.21675,20.0
bot->ton,47,su_innesco,6,0.316,0.8865102148548816,2,64,True,0.21675,20.0
bot->ton,47,oracolo,6,0.316,0.8706403682382309,6,192,True,0.21675,20.0
bot->ton,47,stat_13x13,6,0.316,0.6923992052682092,6,192,True,0.21675,20.0
bot->ton,47,martingala,6,0.316,0.7682670829547475,4,128,True,0.21675,20.0
bot->ton,47,stat_13x13_adaptive,6,0.316,0.7112215947026972,6,192,True,0.21675,20.0
bot->ton,47,statico,7,0.368,0.8654763179285869,0,0,True,0.24535,20.0
bot->ton,47,ogni_batch,7,0.368,0.7893725093677512,7,224,True,0.24535,20.0
bot->ton,47,su_innesco,7,0.368,0.7594099803723309,3,96,True,0.24535,20.0
bot->ton,47,oracolo,7,0.368,0.8538967862170146,7,224,True,0.24535,20.0
bot->ton,47,stat_13x13,7,0.368,0.678555086341918,7,224,True,0.24535,20.0
bot->ton,47,martingala,7,0.368,0.7675647812208807,5,160,True,0.24535,20.0
bot->ton,47,stat_13x13_adaptive,7,0.368,0.6996546323281587,7,224,True,0.24535,20.0
bot->ton,47,statico,8,0.421,0.8511474036156074,0,0,True,0.2687,20.0
bot->ton,47,ogni_batch,8,0.421,0.805004715167907,8,256,True,0.2687,20.0
bot->ton,47,su_innesco,8,0.421,0.8014095724822248,4,128,True,0.2687,20.0
bot->ton,47,oracolo,8,0.421,0.8524206372252136,8,256,True,0.2687,20.0
bot->ton,47,stat_13x13,8,0.421,0.6987173637095235,8,256,True,0.2687,20.0
bot->ton,47,martingala,8,0.421,0.7844133971609435,6,192,True,0.2687,20.0
bot->ton,47,stat_13x13_adaptive,8,0.421,0.7082534796832956,8,256,True,0.2687,20.0
bot->ton,47,statico,9,0.474,0.8319221321542618,0,0,True,0.294,20.0
bot->ton,47,ogni_batch,9,0.474,0.795719724883321,9,288,True,0.294,20.0
bot->ton,47,su_innesco,9,0.474,0.7961090641120118,5,160,True,0.294,20.0
bot->ton,47,oracolo,9,0.474,0.8461680176860722,9,288,True,0.294,20.0
bot->ton,47,stat_13x13,9,0.474,0.6968816015720953,9,288,True,0.294,20.0
bot->ton,47,martingala,9,0.474,0.7903770572340948,7,224,True,0.294,20.0
bot->ton,47,stat_13x13_adaptive,9,0.474,0.7200098255956767,9,288,True,0.294,20.0
bot->ton,47,statico,10,0.526,0.8148654610614243,0,0,True,0.3163,20.0
bot->ton,47,ogni_batch,10,0.526,0.7934818808527775,10,320,True,0.3163,20.0
bot->ton,47,su_innesco,10,0.526,0.79583170245548,6,192,True,0.3163,20.0
bot->ton,47,oracolo,10,0.526,0.8232448172021603,10,320,True,0.3163,20.0
bot->ton,47,stat_13x13,10,0.526,0.6982800554762427,10,320,True,0.3163,20.0
bot->ton,47,martingala,10,0.526,0.7896586129581824,8,256,True,0.3163,20.0
bot->ton,47,stat_13x13_adaptive,10,0.526,0.7099428495150354,10,320,True,0.3163,20.0
bot->ton,47,statico,11,0.579,0.7957967505466232,0,0,True,0.35255,20.0
bot->ton,47,ogni_batch,11,0.579,0.7963535383837465,11,352,True,0.35255,20.0
bot->ton,47,su_innesco,11,0.579,0.8775220599814426,7,224,True,0.35255,20.0
bot->ton,47,oracolo,11,0.579,0.8527626042455685,11,352,True,0.35255,20.0
bot->ton,47,stat_13x13,11,0.579,0.7075296277991225,11,352,True,0.35255,20.0
bot->ton,47,martingala,11,0.579,0.7926486212294994,9,288,True,0.35255,20.0
bot->ton,47,stat_13x13_adaptive,11,0.579,0.7131552178594074,11,352,True,0.35255,20.0
bot->ton,47,statico,12,0.632,0.7767666703961611,0,0,True,0.37695,20.0
bot->ton,47,ogni_batch,12,0.632,0.8883849016256545,12,384,True,0.37695,20.0
bot->ton,47,su_innesco,12,0.632,0.865028947681339,8,256,True,0.37695,20.0
bot->ton,47,oracolo,12,0.632,0.90272701272025,12,384,True,0.37695,20.0
bot->ton,47,stat_13x13,12,0.632,0.692360778162108,12,384,True,0.37695,20.0
bot->ton,47,martingala,12,0.632,0.7855908458052396,10,320,True,0.37695,20.0
bot->ton,47,stat_13x13_adaptive,12,0.632,0.7094281539635078,12,384,True,0.37695,20.0
bot->ton,47,statico,13,0.684,0.7569408050367183,0,0,True,0.40495,20.0
bot->ton,47,ogni_batch,13,0.684,0.8652904774724293,13,416,True,0.40495,20.0
bot->ton,47,su_innesco,13,0.684,0.86955063485075,9,288,True,0.40495,20.0
bot->ton,47,oracolo,13,0.684,0.90221897813064,13,416,True,0.40495,20.0
bot->ton,47,stat_13x13,13,0.684,0.7850293185363203,13,416,True,0.40495,20.0
bot->ton,47,martingala,13,0.684,0.7708950995071591,11,352,True,0.40495,20.0
bot->ton,47,stat_13x13_adaptive,13,0.684,0.7137519637012534,13,416,True,0.40495,20.0
bot->ton,47,statico,14,0.737,0.7354990778000083,0,0,True,0.43055,20.0
bot->ton,47,ogni_batch,14,0.737,0.8381794331219781,14,448,True,0.43055,20.0
bot->ton,47,su_innesco,14,0.737,0.8543000224547495,10,320,True,0.43055,20.0
bot->ton,47,oracolo,14,0.737,0.9280419336023937,14,448,True,0.43055,20.0
bot->ton,47,stat_13x13,14,0.737,0.7048080493078228,14,448,True,0.43055,20.0
bot->ton,47,martingala,14,0.737,0.7697526748058625,12,384,True,0.43055,20.0
bot->ton,47,stat_13x13_adaptive,14,0.737,0.7215564939892465,14,448,True,0.43055,20.0
bot->ton,47,statico,15,0.789,0.712715857606726,0,0,True,0.45795,20.0
bot->ton,47,ogni_batch,15,0.789,0.8818134178175219,15,480,True,0.45795,20.0
bot->ton,47,su_innesco,15,0.789,0.8700423470617482,11,352,True,0.45795,20.0
bot->ton,47,oracolo,15,0.789,0.9291251746246616,15,480,True,0.45795,20.0
bot->ton,47,stat_13x13,15,0.789,0.688281426260626,15,480,True,0.45795,20.0
bot->ton,47,martingala,15,0.789,0.77385226056059,13,416,True,0.45795,20.0
bot->ton,47,stat_13x13_adaptive,15,0.789,0.7232190476873809,15,480,True,0.45795,20.0
bot->ton,47,statico,16,0.842,0.6876975080994292,0,0,True,0.48395,20.0
bot->ton,47,ogni_batch,16,0.842,0.8859804311553758,16,512,True,0.48395,20.0
bot->ton,47,su_innesco,16,0.842,0.8418731902685748,12,384,True,0.48395,20.0
bot->ton,47,oracolo,16,0.842,0.9299320688558563,16,512,True,0.48395,20.0
bot->ton,47,stat_13x13,16,0.842,0.6824388991665341,16,512,True,0.48395,20.0
bot->ton,47,martingala,16,0.842,0.848811747669314,14,448,True,0.48395,20.0
bot->ton,47,stat_13x13_adaptive,16,0.842,0.7138605353099581,16,512,True,0.48395,20.0
bot->ton,47,statico,17,0.895,0.6632154093753636,0,0,True,0.51225,20.0
bot->ton,47,ogni_batch,17,0.895,0.9227652469983765,17,544,True,0.51225,20.0
bot->ton,47,su_innesco,17,0.895,0.9227652469983765,13,416,True,0.51225,20.0
bot->ton,47,oracolo,17,0.895,0.930998526213048,17,544,True,0.51225,20.0
bot->ton,47,stat_13x13,17,0.895,0.6919549900028388,17,544,True,0.51225,20.0
bot->ton,47,martingala,17,0.895,0.9227652469983765,15,480,True,0.51225,20.0
bot->ton,47,stat_13x13_adaptive,17,0.895,0.7141063931247038,17,544,True,0.51225,20.0
bot->ton,47,statico,18,0.947,0.6425992651386098,0,0,True,0.53905,20.0
bot->ton,47,ogni_batch,18,0.947,0.9228516464816988,18,576,True,0.53905,20.0
bot->ton,47,su_innesco,18,0.947,0.9228516464816988,14,448,True,0.53905,20.0
bot->ton,47,oracolo,18,0.947,0.93088230110782,18,576,True,0.53905,20.0
bot->ton,47,stat_13x13,18,0.947,0.7174849064938035,18,576,True,0.53905,20.0
bot->ton,47,martingala,18,0.947,0.9228516464816988,16,512,True,0.53905,20.0
bot->ton,47,stat_13x13_adaptive,18,0.947,0.7072586651820091,18,576,True,0.53905,20.0
bot->ton,47,statico,19,1.0,0.6234598128683794,0,0,True,0.56015,20.0
bot->ton,47,ogni_batch,19,1.0,0.9196680636651606,19,608,True,0.56015,20.0
bot->ton,47,su_innesco,19,1.0,0.9196680636651606,15,480,True,0.56015,20.0
bot->ton,47,oracolo,19,1.0,0.9270729925166799,19,608,True,0.56015,20.0
bot->ton,47,stat_13x13,19,1.0,0.8913550713264682,19,608,True,0.56015,20.0
bot->ton,47,martingala,19,1.0,0.9196680636651606,17,544,True,0.56015,20.0
bot->ton,47,stat_13x13_adaptive,19,1.0,0.8598480043811232,19,608,True,0.56015,20.0
bot->ton,48,statico,0,0.0,0.99335,0,0,False,0.03975,20.0
bot->ton,48,ogni_batch,0,0.0,0.99335,0,0,False,0.03975,20.0
bot->ton,48,su_innesco,0,0.0,0.99335,0,0,False,0.03975,20.0
bot->ton,48,oracolo,0,0.0,0.99335,0,0,False,0.03975,20.0
bot->ton,48,stat_13x13,0,0.0,0.99335,0,0,False,0.03975,20.0
bot->ton,48,martingala,0,0.0,0.99335,0,0,False,0.03975,20.0
bot->ton,48,stat_13x13_adaptive,0,0.0,0.99335,0,0,False,0.03975,20.0
bot->ton,48,statico,1,0.053,0.9705463773508656,0,0,False,0.07875,20.0
bot->ton,48,ogni_batch,1,0.053,0.9705463773508656,1,32,False,0.07875,20.0
bot->ton,48,su_innesco,1,0.053,0.9705463773508656,0,0,False,0.07875,20.0
bot->ton,48,oracolo,1,0.053,0.9705463773508656,1,32,False,0.07875,20.0
bot->ton,48,stat_13x13,1,0.053,0.5,1,32,False,0.07875,20.0
bot->ton,48,martingala,1,0.053,0.9705463773508656,0,0,False,0.07875,20.0
bot->ton,48,stat_13x13_adaptive,1,0.053,0.5,1,32,False,0.07875,20.0
bot->ton,48,statico,2,0.105,0.9485877077410259,0,0,False,0.11425,20.0
bot->ton,48,ogni_batch,2,0.105,0.9485877077410259,2,64,False,0.11425,20.0
bot->ton,48,su_innesco,2,0.105,0.9485877077410259,0,0,False,0.11425,20.0
bot->ton,48,oracolo,2,0.105,0.9135526042065847,2,64,False,0.11425,20.0
bot->ton,48,stat_13x13,2,0.105,0.5892823615333551,2,64,False,0.11425,20.0
bot->ton,48,martingala,2,0.105,0.9485877077410259,0,0,False,0.11425,20.0
bot->ton,48,stat_13x13_adaptive,2,0.105,0.7142121564920554,2,64,False,0.11425,20.0
bot->ton,48,statico,3,0.158,0.9297561195170434,0,0,True,0.1469,20.0
bot->ton,48,ogni_batch,3,0.158,0.9297561195170434,3,96,True,0.1469,20.0
bot->ton,48,su_innesco,3,0.158,0.9297561195170434,0,0,True,0.1469,20.0
bot->ton,48,oracolo,3,0.158,0.9095795058286124,3,96,True,0.1469,20.0
bot->ton,48,stat_13x13,3,0.158,0.685123537255614,3,96,True,0.1469,20.0
bot->ton,48,martingala,3,0.158,0.9297561195170434,1,32,True,0.1469,20.0
bot->ton,48,stat_13x13_adaptive,3,0.158,0.7890541070485914,3,96,True,0.1469,20.0
bot->ton,48,statico,4,0.211,0.9214835640507748,0,0,True,0.181,20.0
bot->ton,48,ogni_batch,4,0.211,0.8017008863151524,4,128,True,0.181,20.0
bot->ton,48,su_innesco,4,0.211,0.7959072945551727,1,32,True,0.181,20.0
bot->ton,48,oracolo,4,0.211,0.9052360380321377,4,128,True,0.181,20.0
bot->ton,48,stat_13x13,4,0.211,0.6931322527914374,4,128,True,0.181,20.0
bot->ton,48,martingala,4,0.211,0.7972198910070181,2,64,True,0.181,20.0
bot->ton,48,stat_13x13_adaptive,4,0.211,0.7994712543141116,4,128,True,0.181,20.0
bot->ton,48,statico,5,0.263,0.9017224740980183,0,0,True,0.2173,20.0
bot->ton,48,ogni_batch,5,0.263,0.787738195781879,5,160,True,0.2173,20.0
bot->ton,48,su_innesco,5,0.263,0.7971085149354825,2,64,True,0.2173,20.0
bot->ton,48,oracolo,5,0.263,0.901474285853383,5,160,True,0.2173,20.0
bot->ton,48,stat_13x13,5,0.263,0.7152758024282715,5,160,True,0.2173,20.0
bot->ton,48,martingala,5,0.263,0.8060229648992644,3,96,True,0.2173,20.0
bot->ton,48,stat_13x13_adaptive,5,0.263,0.804082922478063,5,160,True,0.2173,20.0
bot->ton,48,statico,6,0.316,0.8873238786483981,0,0,True,0.25435,20.0
bot->ton,48,ogni_batch,6,0.316,0.8050626401168346,6,192,True,0.25435,20.0
bot->ton,48,su_innesco,6,0.316,0.8103617664786927,3,96,True,0.25435,20.0
bot->ton,48,oracolo,6,0.316,0.8956113203681335,6,192,True,0.25435,20.0
bot->ton,48,stat_13x13,6,0.316,0.7297869926311351,6,192,True,0.25435,20.0
bot->ton,48,martingala,6,0.316,0.8210346191323656,4,128,True,0.25435,20.0
bot->ton,48,stat_13x13_adaptive,6,0.316,0.8155164578464236,6,192,True,0.25435,20.0
bot->ton,48,statico,7,0.368,0.871769451118557,0,0,True,0.2934,20.0
bot->ton,48,ogni_batch,7,0.368,0.7983832440264236,7,224,True,0.2934,20.0
bot->ton,48,su_innesco,7,0.368,0.8003921854184346,4,128,True,0.2934,20.0
bot->ton,48,oracolo,7,0.368,0.9018229553965249,7,224,True,0.2934,20.0
bot->ton,48,stat_13x13,7,0.368,0.7256851015059425,7,224,True,0.2934,20.0
bot->ton,48,martingala,7,0.368,0.7984444708382701,5,160,True,0.2934,20.0
bot->ton,48,stat_13x13_adaptive,7,0.368,0.7966151228946128,7,224,True,0.2934,20.0
bot->ton,48,statico,8,0.421,0.8516833883735743,0,0,True,0.329,20.0
bot->ton,48,ogni_batch,8,0.421,0.791932501217665,8,256,True,0.329,20.0
bot->ton,48,su_innesco,8,0.421,0.7998268061138378,5,160,True,0.329,20.0
bot->ton,48,oracolo,8,0.421,0.9097953341575988,8,256,True,0.329,20.0
bot->ton,48,stat_13x13,8,0.421,0.7948653788856002,8,256,True,0.329,20.0
bot->ton,48,martingala,8,0.421,0.7964693068141068,6,192,True,0.329,20.0
bot->ton,48,stat_13x13_adaptive,8,0.421,0.748742861271831,8,256,True,0.329,20.0
bot->ton,48,statico,9,0.474,0.8319449488028287,0,0,True,0.36765,20.0
bot->ton,48,ogni_batch,9,0.474,0.8820449498949146,9,288,True,0.36765,20.0
bot->ton,48,su_innesco,9,0.474,0.8851566685505365,6,192,True,0.36765,20.0
bot->ton,48,oracolo,9,0.474,0.9188887265315332,9,288,True,0.36765,20.0
bot->ton,48,stat_13x13,9,0.474,0.7970253835277484,9,288,True,0.36765,20.0
bot->ton,48,martingala,9,0.474,0.8695036007578609,7,224,True,0.36765,20.0
bot->ton,48,stat_13x13_adaptive,9,0.474,0.7914883650432987,9,288,True,0.36765,20.0
bot->ton,48,statico,10,0.526,0.8125378787878788,0,0,True,0.3981,20.0
bot->ton,48,ogni_batch,10,0.526,0.8907765151515152,10,320,True,0.3981,20.0
bot->ton,48,su_innesco,10,0.526,0.7898958333333334,7,224,True,0.3981,20.0
bot->ton,48,oracolo,10,0.526,0.9163257575757575,10,320,True,0.3981,20.0
bot->ton,48,stat_13x13,10,0.526,0.7847537878787879,10,320,True,0.3981,20.0
bot->ton,48,martingala,10,0.526,0.8886742424242424,8,256,True,0.3981,20.0
bot->ton,48,stat_13x13_adaptive,10,0.526,0.7223484848484849,10,320,True,0.3981,20.0
bot->ton,48,statico,11,0.579,0.7978476680299295,0,0,True,0.43525,20.0
bot->ton,48,ogni_batch,11,0.579,0.9324088508555655,11,352,True,0.43525,20.0
bot->ton,48,su_innesco,11,0.579,0.7773742684063093,8,256,True,0.43525,20.0
bot->ton,48,oracolo,11,0.579,0.9093066306033568,11,352,True,0.43525,20.0
bot->ton,48,stat_13x13,11,0.579,0.7995107464575772,11,352,True,0.43525,20.0
bot->ton,48,martingala,11,0.579,0.9467462696218211,9,288,True,0.43525,20.0
bot->ton,48,stat_13x13_adaptive,11,0.579,0.7935524186104637,11,352,True,0.43525,20.0
bot->ton,48,statico,12,0.632,0.7748252985293317,0,0,True,0.4698,20.0
bot->ton,48,ogni_batch,12,0.632,0.8042414583484814,12,384,True,0.4698,20.0
bot->ton,48,su_innesco,12,0.632,0.7964167981590127,9,288,True,0.4698,20.0
bot->ton,48,oracolo,12,0.632,0.8932644521183724,12,384,True,0.4698,20.0
bot->ton,48,stat_13x13,12,0.632,0.7996464657910582,12,384,True,0.4698,20.0
bot->ton,48,martingala,12,0.632,0.8298249428468636,10,320,True,0.4698,20.0
bot->ton,48,stat_13x13_adaptive,12,0.632,0.7889159506589726,12,384,True,0.4698,20.0
bot->ton,48,statico,13,0.684,0.757153632367324,0,0,True,0.49955,20.0
bot->ton,48,ogni_batch,13,0.684,0.8999627000305128,13,416,True,0.49955,20.0
bot->ton,48,su_innesco,13,0.684,0.915557263284416,10,320,True,0.49955,20.0
bot->ton,48,oracolo,13,0.684,0.8943094052772205,13,416,True,0.49955,20.0
bot->ton,48,stat_13x13,13,0.684,0.8010757241588944,13,416,True,0.49955,20.0
bot->ton,48,martingala,13,0.684,0.9142232672916973,11,352,True,0.49955,20.0
bot->ton,48,stat_13x13_adaptive,13,0.684,0.7921746346285259,13,416,True,0.49955,20.0
bot->ton,48,statico,14,0.737,0.7403968608439815,0,0,True,0.54105,20.0
bot->ton,48,ogni_batch,14,0.737,0.8164289961801889,14,448,True,0.54105,20.0
bot->ton,48,su_innesco,14,0.737,0.8347158651865769,11,352,True,0.54105,20.0
bot->ton,48,oracolo,14,0.737,0.9165378352877988,14,448,True,0.54105,20.0
bot->ton,48,stat_13x13,14,0.737,0.8039998021043315,14,448,True,0.54105,20.0
bot->ton,48,martingala,14,0.737,0.9161797680320889,12,384,True,0.54105,20.0
bot->ton,48,stat_13x13_adaptive,14,0.737,0.7919465325777847,14,448,True,0.54105,20.0
bot->ton,48,statico,15,0.789,0.7160512189192466,0,0,True,0.5695,20.0
bot->ton,48,ogni_batch,15,0.789,0.9158894293873481,15,480,True,0.5695,20.0
bot->ton,48,su_innesco,15,0.789,0.8252607511830268,12,384,True,0.5695,20.0
bot->ton,48,oracolo,15,0.789,0.9125351435524915,15,480,True,0.5695,20.0
bot->ton,48,stat_13x13,15,0.789,0.7418150774612304,15,480,True,0.5695,20.0
bot->ton,48,martingala,15,0.789,0.9286089362910575,13,416,True,0.5695,20.0
bot->ton,48,stat_13x13_adaptive,15,0.789,0.7922603958104425,15,480,True,0.5695,20.0
bot->ton,48,statico,16,0.842,0.6932339381143239,0,0,True,0.6101,20.0
bot->ton,48,ogni_batch,16,0.842,0.9217820561758437,16,512,True,0.6101,20.0
bot->ton,48,su_innesco,16,0.842,0.8335840828482362,13,416,True,0.6101,20.0
bot->ton,48,oracolo,16,0.842,0.9049810931386583,16,512,True,0.6101,20.0
bot->ton,48,stat_13x13,16,0.842,0.7848482182619206,16,512,True,0.6101,20.0
bot->ton,48,martingala,16,0.842,0.9289300326844164,14,448,True,0.6101,20.0
bot->ton,48,stat_13x13_adaptive,16,0.842,0.7908763956484397,16,512,True,0.6101,20.0
bot->ton,48,statico,17,0.895,0.6701618045153985,0,0,True,0.649,20.0
bot->ton,48,ogni_batch,17,0.895,0.9237881005417639,17,544,True,0.649,20.0
bot->ton,48,su_innesco,17,0.895,0.8360410113639976,14,448,True,0.649,20.0
bot->ton,48,oracolo,17,0.895,0.9028604169937735,17,544,True,0.649,20.0
bot->ton,48,stat_13x13,17,0.895,0.7887450360137431,17,544,True,0.649,20.0
bot->ton,48,martingala,17,0.895,0.9298289779084021,15,480,True,0.649,20.0
bot->ton,48,stat_13x13_adaptive,17,0.895,0.7289491049787591,17,544,True,0.649,20.0
bot->ton,48,statico,18,0.947,0.6445174429307806,0,0,True,0.68005,20.0
bot->ton,48,ogni_batch,18,0.947,0.9189490519145802,18,576,True,0.68005,20.0
bot->ton,48,su_innesco,18,0.947,0.9246007455817379,15,480,True,0.68005,20.0
bot->ton,48,oracolo,18,0.947,0.8948695231958763,18,576,True,0.68005,20.0
bot->ton,48,stat_13x13,18,0.947,0.7784667249631811,18,576,True,0.68005,20.0
bot->ton,48,martingala,18,0.947,0.922632087628866,16,512,True,0.68005,20.0
bot->ton,48,stat_13x13_adaptive,18,0.947,0.7980520526509574,18,576,True,0.68005,20.0
bot->ton,48,statico,19,1.0,0.6222194425964516,0,0,True,0.71565,20.0
bot->ton,48,ogni_batch,19,1.0,0.9206271752098922,19,608,True,0.71565,20.0
bot->ton,48,su_innesco,19,1.0,0.9280127172460813,16,512,True,0.71565,20.0
bot->ton,48,oracolo,19,1.0,0.8928259997030994,19,608,True,0.71565,20.0
bot->ton,48,stat_13x13,19,1.0,0.8604287740750719,19,608,True,0.71565,20.0
bot->ton,48,martingala,19,1.0,0.9240868929343135,17,544,True,0.71565,20.0
bot->ton,48,stat_13x13_adaptive,19,1.0,0.7452527504549729,19,608,True,0.71565,20.0
bot->ton,49,statico,0,0.0,0.9894,0,0,False,0.0504,20.0
bot->ton,49,ogni_batch,0,0.0,0.9894,0,0,False,0.0504,20.0
bot->ton,49,su_innesco,0,0.0,0.9894,0,0,False,0.0504,20.0
bot->ton,49,oracolo,0,0.0,0.9894,0,0,False,0.0504,20.0
bot->ton,49,stat_13x13,0,0.0,0.9894,0,0,False,0.0504,20.0
bot->ton,49,martingala,0,0.0,0.9894,0,0,False,0.0504,20.0
bot->ton,49,stat_13x13_adaptive,0,0.0,0.9894,0,0,False,0.0504,20.0
bot->ton,49,statico,1,0.053,0.8920710897863808,0,0,False,0.07885,20.0
bot->ton,49,ogni_batch,1,0.053,0.8920710897863808,1,32,False,0.07885,20.0
bot->ton,49,su_innesco,1,0.053,0.8920710897863808,0,0,False,0.07885,20.0
bot->ton,49,oracolo,1,0.053,0.8920710897863808,1,32,False,0.07885,20.0
bot->ton,49,stat_13x13,1,0.053,0.50199203187251,1,32,False,0.07885,20.0
bot->ton,49,martingala,1,0.053,0.8920710897863808,0,0,False,0.07885,20.0
bot->ton,49,stat_13x13_adaptive,1,0.053,0.5039840637450199,1,32,False,0.07885,20.0
bot->ton,49,statico,2,0.105,0.8968529410923339,0,0,False,0.10705,20.0
bot->ton,49,ogni_batch,2,0.105,0.8968529410923339,2,64,False,0.10705,20.0
bot->ton,49,su_innesco,2,0.105,0.8968529410923339,0,0,False,0.10705,20.0
bot->ton,49,oracolo,2,0.105,0.9411414757423276,2,64,False,0.10705,20.0
bot->ton,49,stat_13x13,2,0.105,0.6996105229303322,2,64,False,0.10705,20.0
bot->ton,49,martingala,2,0.105,0.8968529410923339,0,0,False,0.10705,20.0
bot->ton,49,stat_13x13_adaptive,2,0.105,0.5610565227039325,2,64,False,0.10705,20.0
bot->ton,49,statico,3,0.158,0.8698875390162757,0,0,False,0.13445,20.0
bot->ton,49,ogni_batch,3,0.158,0.8698875390162757,3,96,False,0.13445,20.0
bot->ton,49,su_innesco,3,0.158,0.8698875390162757,0,0,False,0.13445,20.0
bot->ton,49,oracolo,3,0.158,0.9179676158376017,3,96,False,0.13445,20.0
bot->ton,49,stat_13x13,3,0.158,0.5556642657097695,3,96,False,0.13445,20.0
bot->ton,49,martingala,3,0.158,0.8698875390162757,0,0,False,0.13445,20.0
bot->ton,49,stat_13x13_adaptive,3,0.158,0.7365091260179959,3,96,False,0.13445,20.0
bot->ton,49,statico,4,0.211,0.8469343374863118,0,0,True,0.16555,20.0
bot->ton,49,ogni_batch,4,0.211,0.8469343374863118,4,128,True,0.16555,20.0
bot->ton,49,su_innesco,4,0.211,0.8469343374863118,0,0,True,0.16555,20.0
bot->ton,49,oracolo,4,0.211,0.9041767391888262,4,128,True,0.16555,20.0
bot->ton,49,stat_13x13,4,0.211,0.5811995082543028,4,128,True,0.16555,20.0
bot->ton,49,martingala,4,0.211,0.8469343374863118,1,32,True,0.16555,20.0
bot->ton,49,stat_13x13_adaptive,4,0.211,0.5527015020971507,4,128,True,0.16555,20.0
bot->ton,49,statico,5,0.263,0.8372373007873646,0,0,True,0.19725,20.0
bot->ton,49,ogni_batch,5,0.263,0.7088460896338716,5,160,True,0.19725,20.0
bot->ton,49,su_innesco,5,0.263,0.7142500374262083,1,32,True,0.19725,20.0
bot->ton,49,oracolo,5,0.263,0.8969064910497897,5,160,True,0.19725,20.0
bot->ton,49,stat_13x13,5,0.263,0.6686286968297759,5,160,True,0.19725,20.0
bot->ton,49,martingala,5,0.263,0.7022909841126608,2,64,True,0.19725,20.0
bot->ton,49,stat_13x13_adaptive,5,0.263,0.5576975017229854,5,160,True,0.19725,20.0
bot->ton,49,statico,6,0.316,0.813325755186209,0,0,True,0.2207,20.0
bot->ton,49,ogni_batch,6,0.316,0.9283396228573291,6,192,True,0.2207,20.0
bot->ton,49,su_innesco,6,0.316,0.861657107834753,2,64,True,0.2207,20.0
bot->ton,49,oracolo,6,0.316,0.8773659902986912,6,192,True,0.2207,20.0
bot->ton,49,stat_13x13,6,0.316,0.7511636545618103,6,192,True,0.2207,20.0
bot->ton,49,martingala,6,0.316,0.8876850648957082,3,96,True,0.2207,20.0
bot->ton,49,stat_13x13_adaptive,6,0.316,0.6042617149870665,6,192,True,0.2207,20.0
bot->ton,49,statico,7,0.368,0.7992755643912215,0,0,True,0.25425,20.0
bot->ton,49,ogni_batch,7,0.368,0.9330051371697938,7,224,True,0.25425,20.0
bot->ton,49,su_innesco,7,0.368,0.8539032301086378,3,96,True,0.25425,20.0
bot->ton,49,oracolo,7,0.368,0.8717962495611049,7,224,True,0.25425,20.0
bot->ton,49,stat_13x13,7,0.368,0.7964200673305173,7,224,True,0.25425,20.0
bot->ton,49,martingala,7,0.368,0.9034971503507916,4,128,True,0.25425,20.0
bot->ton,49,stat_13x13_adaptive,7,0.368,0.7229869335099813,7,224,True,0.25425,20.0
bot->ton,49,statico,8,0.421,0.7737581422255149,0,0,True,0.2797,20.0
bot->ton,49,ogni_batch,8,0.421,0.9266378295108766,8,256,True,0.2797,20.0
bot->ton,49,su_innesco,8,0.421,0.8549801469108039,4,128,True,0.2797,20.0
bot->ton,49,oracolo,8,0.421,0.8644301830048972,8,256,True,0.2797,20.0
bot->ton,49,stat_13x13,8,0.421,0.7911501322464254,8,256,True,0.2797,20.0
bot->ton,49,martingala,8,0.421,0.8947090135016329,5,160,True,0.2797,20.0
bot->ton,49,stat_13x13_adaptive,8,0.421,0.7777675173102787,8,256,True,0.2797,20.0
bot->ton,49,statico,9,0.474,0.764197348753469,0,0,True,0.30865,20.0
bot->ton,49,ogni_batch,9,0.474,0.9237305245905769,9,288,True,0.30865,20.0
bot->ton,49,su_innesco,9,0.474,0.8679148041766114,5,160,True,0.30865,20.0
bot->ton,49,oracolo,9,0.474,0.8925654311468597,9,288,True,0.30865,20.0
bot->ton,49,stat_13x13,9,0.474,0.7959763953314013,9,288,True,0.30865,20.0
bot->ton,49,martingala,9,0.474,0.8909118188530711,6,192,True,0.30865,20.0
bot->ton,49,stat_13x13_adaptive,9,0.474,0.6595391481438612,9,288,True,0.30865,20.0
bot->ton,49,statico,10,0.526,0.742158295311546,0,0,True,0.3386,20.0
bot->ton,49,ogni_batch,10,0.526,0.9185487356750491,10,320,True,0.3386,20.0
bot->ton,49,su_innesco,10,0.526,0.8050487762051606,6,192,True,0.3386,20.0
bot->ton,49,oracolo,10,0.526,0.8772800195223669,10,320,True,0.3386,20.0
bot->ton,49,stat_13x13,10,0.526,0.7962389892145851,10,320,True,0.3386,20.0
bot->ton,49,martingala,10,0.526,0.7711518712716858,7,224,True,0.3386,20.0
bot->ton,49,stat_13x13_adaptive,10,0.526,0.7597688294603273,10,320,True,0.3386,20.0
bot->ton,49,statico,11,0.579,0.722797793038493,0,0,True,0.3666,20.0
bot->ton,49,ogni_batch,11,0.579,0.9128193203423699,11,352,True,0.3666,20.0
bot->ton,49,su_innesco,11,0.579,0.8671611394075384,7,224,True,0.3666,20.0
bot->ton,49,oracolo,11,0.579,0.8703639717849017,11,352,True,0.3666,20.0
bot->ton,49,stat_13x13,11,0.579,0.7880532253398901,11,352,True,0.3666,20.0
bot->ton,49,martingala,11,0.579,0.8494290017158982,8,256,True,0.3666,20.0
bot->ton,49,stat_13x13_adaptive,11,0.579,0.7533044491359513,11,352,True,0.3666,20.0
bot->ton,49,statico,12,0.632,0.7044301675748313,0,0,True,0.3931,20.0
bot->ton,49,ogni_batch,12,0.632,0.8384017515704888,12,384,True,0.3931,20.0
bot->ton,49,su_innesco,12,0.632,0.7958593454878602,8,256,True,0.3931,20.0
bot->ton,49,oracolo,12,0.632,0.8716767382073047,12,384,True,0.3931,20.0
bot->ton,49,stat_13x13,12,0.632,0.7897413657487786,12,384,True,0.3931,20.0
bot->ton,49,martingala,12,0.632,0.848039955319988,9,288,True,0.3931,20.0
bot->ton,49,stat_13x13_adaptive,12,0.632,0.7550173033965996,12,384,True,0.3931,20.0
bot->ton,49,statico,13,0.684,0.6784063006208267,0,0,True,0.42105,20.0
bot->ton,49,ogni_batch,13,0.684,0.8385973495759761,13,416,True,0.42105,20.0
bot->ton,49,su_innesco,13,0.684,0.7993969479077336,9,288,True,0.42105,20.0
bot->ton,49,oracolo,13,0.684,0.8437911838218587,13,416,True,0.42105,20.0
bot->ton,49,stat_13x13,13,0.684,0.7868440823566492,13,416,True,0.42105,20.0
bot->ton,49,martingala,13,0.684,0.8489254641540412,10,320,True,0.42105,20.0
bot->ton,49,stat_13x13_adaptive,13,0.684,0.7545297622974251,13,416,True,0.42105,20.0
bot->ton,49,statico,14,0.737,0.658264554631452,0,0,True,0.45105,20.0
bot->ton,49,ogni_batch,14,0.737,0.9272388349240612,14,448,True,0.45105,20.0
bot->ton,49,su_innesco,14,0.737,0.884197123286705,10,320,True,0.45105,20.0
bot->ton,49,oracolo,14,0.737,0.839239483912838,14,448,True,0.45105,20.0
bot->ton,49,stat_13x13,14,0.737,0.7891818156166451,14,448,True,0.45105,20.0
bot->ton,49,martingala,14,0.737,0.8381734140336768,11,352,True,0.45105,20.0
bot->ton,49,stat_13x13_adaptive,14,0.737,0.7057172736827997,14,448,True,0.45105,20.0
bot->ton,49,statico,15,0.789,0.6385383724121847,0,0,True,0.48045,20.0
bot->ton,49,ogni_batch,15,0.789,0.9161496231352124,15,480,True,0.48045,20.0
bot->ton,49,su_innesco,15,0.789,0.8950267513462731,11,352,True,0.48045,20.0
bot->ton,49,oracolo,15,0.789,0.8300267449983199,15,480,True,0.48045,20.0
bot->ton,49,stat_13x13,15,0.789,0.7859505897421595,15,480,True,0.48045,20.0
bot->ton,49,martingala,15,0.789,0.8550045391162604,12,384,True,0.48045,20.0
bot->ton,49,stat_13x13_adaptive,15,0.789,0.7074302923433577,15,480,True,0.48045,20.0
bot->ton,49,statico,16,0.842,0.6160359943711855,0,0,True,0.5118,20.0
bot->ton,49,ogni_batch,16,0.842,0.9130696012396041,16,512,True,0.5118,20.0
bot->ton,49,su_innesco,16,0.842,0.893319587404737,12,384,True,0.5118,20.0
bot->ton,49,oracolo,16,0.842,0.8944419409923157,16,512,True,0.5118,20.0
bot->ton,49,stat_13x13,16,0.842,0.790335554817696,16,512,True,0.5118,20.0
bot->ton,49,martingala,16,0.842,0.8331925141510925,13,416,True,0.5118,20.0
bot->ton,49,stat_13x13_adaptive,16,0.842,0.7522511305062771,16,512,True,0.5118,20.0
bot->ton,49,statico,17,0.895,0.6011782645089374,0,0,True,0.53455,20.0
bot->ton,49,ogni_batch,17,0.895,0.9284219915369256,17,544,True,0.53455,20.0
bot->ton,49,su_innesco,17,0.895,0.9088857377532658,13,416,True,0.53455,20.0
bot->ton,49,oracolo,17,0.895,0.9109053895719912,17,544,True,0.53455,20.0
bot->ton,49,stat_13x13,17,0.895,0.7867273177794192,17,544,True,0.53455,20.0
bot->ton,49,martingala,17,0.895,0.9293345389082543,14,448,True,0.53455,20.0
bot->ton,49,stat_13x13_adaptive,17,0.895,0.7387440885842885,17,544,True,0.53455,20.0
bot->ton,49,statico,18,0.947,0.5676743144177899,0,0,True,0.5712,20.0
bot->ton,49,ogni_batch,18,0.947,0.9160089226163981,18,576,True,0.5712,20.0
bot->ton,49,su_innesco,18,0.947,0.9160089226163981,14,448,True,0.5712,20.0
bot->ton,49,oracolo,18,0.947,0.9161954706989863,18,576,True,0.5712,20.0
bot->ton,49,stat_13x13,18,0.947,0.7902906404721467,18,576,True,0.5712,20.0
bot->ton,49,martingala,18,0.947,0.9160089226163981,15,480,True,0.5712,20.0
bot->ton,49,stat_13x13_adaptive,18,0.947,0.756572614741476,18,576,True,0.5712,20.0
bot->ton,49,statico,19,1.0,0.5474328022598537,0,0,True,0.5932,20.0
bot->ton,49,ogni_batch,19,1.0,0.9023298081953091,19,608,True,0.5932,20.0
bot->ton,49,su_innesco,19,1.0,0.9023298081953091,15,480,True,0.5932,20.0
bot->ton,49,oracolo,19,1.0,0.9195900391036995,19,608,True,0.5932,20.0
bot->ton,49,stat_13x13,19,1.0,0.7903020121580757,19,608,True,0.5932,20.0
bot->ton,49,martingala,19,1.0,0.9023298081953091,16,512,True,0.5932,20.0
bot->ton,49,stat_13x13_adaptive,19,1.0,0.7563281358743403,19,608,True,0.5932,20.0
bot->ton,50,statico,0,0.0,0.9915,0,0,False,0.05765,20.0
bot->ton,50,ogni_batch,0,0.0,0.9915,0,0,False,0.05765,20.0
bot->ton,50,su_innesco,0,0.0,0.9915,0,0,False,0.05765,20.0
bot->ton,50,oracolo,0,0.0,0.9915,0,0,False,0.05765,20.0
bot->ton,50,stat_13x13,0,0.0,0.9915,0,0,False,0.05765,20.0
bot->ton,50,martingala,0,0.0,0.9915,0,0,False,0.05765,20.0
bot->ton,50,stat_13x13_adaptive,0,0.0,0.9915,0,0,False,0.05765,20.0
bot->ton,50,statico,1,0.053,0.8902437512590458,0,0,False,0.0928,20.0
bot->ton,50,ogni_batch,1,0.053,0.8902437512590458,1,32,False,0.0928,20.0
bot->ton,50,su_innesco,1,0.053,0.8902437512590458,0,0,False,0.0928,20.0
bot->ton,50,oracolo,1,0.053,0.8902437512590458,1,32,False,0.0928,20.0
bot->ton,50,stat_13x13,1,0.053,0.5,1,32,False,0.0928,20.0
bot->ton,50,martingala,1,0.053,0.8902437512590458,0,0,False,0.0928,20.0
bot->ton,50,stat_13x13_adaptive,1,0.053,0.5,1,32,False,0.0928,20.0
bot->ton,50,statico,2,0.105,0.8734246925568014,0,0,False,0.12915,20.0
bot->ton,50,ogni_batch,2,0.105,0.562321486677031,2,64,False,0.12915,20.0
bot->ton,50,su_innesco,2,0.105,0.8734246925568014,0,0,False,0.12915,20.0
bot->ton,50,oracolo,2,0.105,0.925036240679431,2,64,False,0.12915,20.0
bot->ton,50,stat_13x13,2,0.105,0.5880885236700704,2,64,False,0.12915,20.0
bot->ton,50,martingala,2,0.105,0.8734246925568014,0,0,False,0.12915,20.0
bot->ton,50,stat_13x13_adaptive,2,0.105,0.5901893640062048,2,64,False,0.12915,20.0
bot->ton,50,statico,3,0.158,0.8794710988586942,0,0,True,0.1637,20.0
bot->ton,50,ogni_batch,3,0.158,0.5974175771965992,3,96,True,0.1637,20.0
bot->ton,50,su_innesco,3,0.158,0.8794710988586942,0,0,True,0.1637,20.0
bot->ton,50,oracolo,3,0.158,0.9245644926352237,3,96,True,0.1637,20.0
bot->ton,50,stat_13x13,3,0.158,0.6388281482666036,3,96,True,0.1637,20.0
bot->ton,50,martingala,3,0.158,0.8794710988586942,0,0,True,0.1637,20.0
bot->ton,50,stat_13x13_adaptive,3,0.158,0.64364210814187,3,96,True,0.1637,20.0
bot->ton,50,statico,4,0.211,0.8552084746080156,0,0,True,0.1964,20.0
bot->ton,50,ogni_batch,4,0.211,0.5929373797632675,4,128,True,0.1964,20.0
bot->ton,50,su_innesco,4,0.211,0.5422220764946764,1,32,True,0.1964,20.0
bot->ton,50,oracolo,4,0.211,0.9084259873477805,4,128,True,0.1964,20.0
bot->ton,50,stat_13x13,4,0.211,0.5251349219767075,4,128,True,0.1964,20.0
bot->ton,50,martingala,4,0.211,0.5422220764946764,1,32,True,0.1964,20.0
bot->ton,50,stat_13x13_adaptive,4,0.211,0.5091748350108376,4,128,True,0.1964,20.0
bot->ton,50,statico,5,0.263,0.8405272007648654,0,0,True,0.2354,20.0
bot->ton,50,ogni_batch,5,0.263,0.8173672764742246,5,160,True,0.2354,20.0
bot->ton,50,su_innesco,5,0.263,0.8044003395074688,2,64,True,0.2354,20.0
bot->ton,50,oracolo,5,0.263,0.888890244718936,5,160,True,0.2354,20.0
bot->ton,50,stat_13x13,5,0.263,0.5485198317594577,5,160,True,0.2354,20.0
bot->ton,50,martingala,5,0.263,0.8044003395074688,2,64,True,0.2354,20.0
bot->ton,50,stat_13x13_adaptive,5,0.263,0.5361419803112604,5,160,True,0.2354,20.0
bot->ton,50,statico,6,0.316,0.8238804846294617,0,0,True,0.2687,20.0
bot->ton,50,ogni_batch,6,0.316,0.714405963216401,6,192,True,0.2687,20.0
bot->ton,50,su_innesco,6,0.316,0.8182140006281136,3,96,True,0.2687,20.0
bot->ton,50,oracolo,6,0.316,0.8695965118424995,6,192,True,0.2687,20.0
bot->ton,50,stat_13x13,6,0.316,0.6711323644498142,6,192,True,0.2687,20.0
bot->ton,50,martingala,6,0.316,0.8182140006281136,3,96,True,0.2687,20.0
bot->ton,50,stat_13x13_adaptive,6,0.316,0.5795616351231092,6,192,True,0.2687,20.0
bot->ton,50,statico,7,0.368,0.8115140824663222,0,0,True,0.3076,20.0
bot->ton,50,ogni_batch,7,0.368,0.8557234721468527,7,224,True,0.3076,20.0
bot->ton,50,su_innesco,7,0.368,0.6892073612047637,4,128,True,0.3076,20.0
bot->ton,50,oracolo,7,0.368,0.8630075643947527,7,224,True,0.3076,20.0
bot->ton,50,stat_13x13,7,0.368,0.6092739071309389,7,224,True,0.3076,20.0
bot->ton,50,martingala,7,0.368,0.6892073612047637,4,128,True,0.3076,20.0
bot->ton,50,stat_13x13_adaptive,7,0.368,0.5645643101641538,7,224,True,0.3076,20.0
bot->ton,50,statico,8,0.421,0.7927382651796475,0,0,True,0.34235,20.0
bot->ton,50,ogni_batch,8,0.421,0.8545431399359613,8,256,True,0.34235,20.0
bot->ton,50,su_innesco,8,0.421,0.8431082474587308,5,160,True,0.34235,20.0
bot->ton,50,oracolo,8,0.421,0.8622474591748955,8,256,True,0.34235,20.0
bot->ton,50,stat_13x13,8,0.421,0.6866992880438819,8,256,True,0.34235,20.0
bot->ton,50,martingala,8,0.421,0.8431082474587308,5,160,True,0.34235,20.0
bot->ton,50,stat_13x13_adaptive,8,0.421,0.5985930116111248,8,256,True,0.34235,20.0
bot->ton,50,statico,9,0.474,0.7730918477872877,0,0,True,0.3816,20.0
bot->ton,50,ogni_batch,9,0.474,0.8569450506673704,9,288,True,0.3816,20.0
bot->ton,50,su_innesco,9,0.474,0.840573537375196,6,192,True,0.3816,20.0
bot->ton,50,oracolo,9,0.474,0.8599624360993992,9,288,True,0.3816,20.0
bot->ton,50,stat_13x13,9,0.474,0.684556547869475,9,288,True,0.3816,20.0
bot->ton,50,martingala,9,0.474,0.840573537375196,6,192,True,0.3816,20.0
bot->ton,50,stat_13x13_adaptive,9,0.474,0.6250876283141866,9,288,True,0.3816,20.0
bot->ton,50,statico,10,0.526,0.7592742415755507,0,0,True,0.4147,20.0
bot->ton,50,ogni_batch,10,0.526,0.8823026090413184,10,320,True,0.4147,20.0
bot->ton,50,su_innesco,10,0.526,0.9397200110331034,7,224,True,0.4147,20.0
bot->ton,50,oracolo,10,0.526,0.9214622438868973,10,320,True,0.4147,20.0
bot->ton,50,stat_13x13,10,0.526,0.6823256284757317,10,320,True,0.4147,20.0
bot->ton,50,martingala,10,0.526,0.9397200110331034,7,224,True,0.4147,20.0
bot->ton,50,stat_13x13_adaptive,10,0.526,0.6194974609480872,10,320,True,0.4147,20.0
bot->ton,50,statico,11,0.579,0.7377866230143552,0,0,True,0.4495,20.0
bot->ton,50,ogni_batch,11,0.579,0.8797166624643353,11,352,True,0.4495,20.0
bot->ton,50,su_innesco,11,0.579,0.9353214039058397,8,256,True,0.4495,20.0
bot->ton,50,oracolo,11,0.579,0.9174395320879372,11,352,True,0.4495,20.0
bot->ton,50,stat_13x13,11,0.579,0.7103711069685039,11,352,True,0.4495,20.0
bot->ton,50,martingala,11,0.579,0.9353214039058397,8,256,True,0.4495,20.0
bot->ton,50,stat_13x13_adaptive,11,0.579,0.6226570704635315,11,352,True,0.4495,20.0
bot->ton,50,statico,12,0.632,0.7281225317317694,0,0,True,0.48395,20.0
bot->ton,50,ogni_batch,12,0.632,0.9609579241896159,12,384,True,0.48395,20.0
bot->ton,50,su_innesco,12,0.632,0.9508616545799492,9,288,True,0.48395,20.0
bot->ton,50,oracolo,12,0.632,0.9388993611005935,12,384,True,0.48395,20.0
bot->ton,50,stat_13x13,12,0.632,0.7118269017781083,12,384,True,0.48395,20.0
bot->ton,50,martingala,12,0.632,0.9508616545799492,9,288,True,0.48395,20.0
bot->ton,50,stat_13x13_adaptive,12,0.632,0.6221388830794075,12,384,True,0.48395,20.0
bot->ton,50,statico,13,0.684,0.7062768651211058,0,0,True,0.52405,20.0
bot->ton,50,ogni_batch,13,0.684,0.8909792860530834,13,416,True,0.52405,20.0
bot->ton,50,su_innesco,13,0.684,0.9440399411723314,10,320,True,0.52405,20.0
bot->ton,50,oracolo,13,0.684,0.9329399825181894,13,416,True,0.52405,20.0
bot->ton,50,stat_13x13,13,0.684,0.7179373625182439,13,416,True,0.52405,20.0
bot->ton,50,martingala,13,0.684,0.9440399411723314,10,320,True,0.52405,20.0
bot->ton,50,stat_13x13_adaptive,13,0.684,0.6302282958565163,13,416,True,0.52405,20.0
bot->ton,50,statico,14,0.737,0.687835288114317,0,0,True,0.5564,20.0
bot->ton,50,ogni_batch,14,0.737,0.8420350488484161,14,448,True,0.5564,20.0
bot->ton,50,su_innesco,14,0.737,0.8286868152636918,11,352,True,0.5564,20.0
bot->ton,50,oracolo,14,0.737,0.9303771962321046,14,448,True,0.5564,20.0
bot->ton,50,stat_13x13,14,0.737,0.6683526866529994,14,448,True,0.5564,20.0
bot->ton,50,martingala,14,0.737,0.8286868152636918,11,352,True,0.5564,20.0
bot->ton,50,stat_13x13_adaptive,14,0.737,0.6622535625964896,14,448,True,0.5564,20.0
bot->ton,50,statico,15,0.789,0.6691957322184745,0,0,True,0.59385,20.0
bot->ton,50,ogni_batch,15,0.789,0.8481712860000157,15,480,True,0.59385,20.0
bot->ton,50,su_innesco,15,0.789,0.862043988907087,12,384,True,0.59385,20.0
bot->ton,50,oracolo,15,0.789,0.931694368843272,15,480,True,0.59385,20.0
bot->ton,50,stat_13x13,15,0.789,0.7398938715639816,15,480,True,0.59385,20.0
bot->ton,50,martingala,15,0.789,0.862043988907087,12,384,True,0.59385,20.0
bot->ton,50,stat_13x13_adaptive,15,0.789,0.8062799729353114,15,480,True,0.59385,20.0
bot->ton,50,statico,16,0.842,0.6450534000721644,0,0,True,0.62635,20.0
bot->ton,50,ogni_batch,16,0.842,0.9304383590385921,16,512,True,0.62635,20.0
bot->ton,50,su_innesco,16,0.842,0.8404409976490934,13,416,True,0.62635,20.0
bot->ton,50,oracolo,16,0.842,0.9284352403917224,16,512,True,0.62635,20.0
bot->ton,50,stat_13x13,16,0.842,0.7337506099799879,16,512,True,0.62635,20.0
bot->ton,50,martingala,16,0.842,0.8404409976490934,13,416,True,0.62635,20.0
bot->ton,50,stat_13x13_adaptive,16,0.842,0.7836133545481856,16,512,True,0.62635,20.0
bot->ton,50,statico,17,0.895,0.6296958504698972,0,0,True,0.66275,20.0
bot->ton,50,ogni_batch,17,0.895,0.8384718213237166,17,544,True,0.66275,20.0
bot->ton,50,su_innesco,17,0.895,0.8461566668293754,14,448,True,0.66275,20.0
bot->ton,50,oracolo,17,0.895,0.9282686267477427,17,544,True,0.66275,20.0
bot->ton,50,stat_13x13,17,0.895,0.7306753147065213,17,544,True,0.66275,20.0
bot->ton,50,martingala,17,0.895,0.8461566668293754,14,448,True,0.66275,20.0
bot->ton,50,stat_13x13_adaptive,17,0.895,0.7893176824902814,17,544,True,0.66275,20.0
bot->ton,50,statico,18,0.947,0.6016901217282431,0,0,True,0.69995,20.0
bot->ton,50,ogni_batch,18,0.947,0.8408635518317075,18,576,True,0.69995,20.0
bot->ton,50,su_innesco,18,0.947,0.8451767151971981,15,480,True,0.69995,20.0
bot->ton,50,oracolo,18,0.947,0.9241379744004475,18,576,True,0.69995,20.0
bot->ton,50,stat_13x13,18,0.947,0.7177204362282714,18,576,True,0.69995,20.0
bot->ton,50,martingala,18,0.947,0.8451767151971981,15,480,True,0.69995,20.0
bot->ton,50,stat_13x13_adaptive,18,0.947,0.5438566736159925,18,576,True,0.69995,20.0
bot->ton,50,statico,19,1.0,0.5820008966645603,0,0,True,0.733,20.0
bot->ton,50,ogni_batch,19,1.0,0.8404132156534535,19,608,True,0.733,20.0
bot->ton,50,su_innesco,19,1.0,0.8462670969520176,16,512,True,0.733,20.0
bot->ton,50,oracolo,19,1.0,0.9251690479138799,19,608,True,0.733,20.0
bot->ton,50,stat_13x13,19,1.0,0.7272465920354568,19,608,True,0.733,20.0
bot->ton,50,martingala,19,1.0,0.8462670969520176,16,512,True,0.733,20.0
bot->ton,50,stat_13x13_adaptive,19,1.0,0.7236358477769793,19,608,True,0.733,20.0
bot->ton,51,statico,0,0.0,0.989,0,0,False,0.01735,20.0
bot->ton,51,ogni_batch,0,0.0,0.989,0,0,False,0.01735,20.0
bot->ton,51,su_innesco,0,0.0,0.989,0,0,False,0.01735,20.0
bot->ton,51,oracolo,0,0.0,0.989,0,0,False,0.01735,20.0
bot->ton,51,stat_13x13,0,0.0,0.989,0,0,False,0.01735,20.0
bot->ton,51,martingala,0,0.0,0.989,0,0,False,0.01735,20.0
bot->ton,51,stat_13x13_adaptive,0,0.0,0.989,0,0,False,0.01735,20.0
bot->ton,51,statico,1,0.053,0.8805708550678191,0,0,False,0.0503,20.0
bot->ton,51,ogni_batch,1,0.053,0.8805708550678191,1,32,False,0.0503,20.0
bot->ton,51,su_innesco,1,0.053,0.8805708550678191,0,0,False,0.0503,20.0
bot->ton,51,oracolo,1,0.053,0.8805708550678191,1,32,False,0.0503,20.0
bot->ton,51,stat_13x13,1,0.053,0.3606209217814721,1,32,False,0.0503,20.0
bot->ton,51,martingala,1,0.053,0.8805708550678191,0,0,False,0.0503,20.0
bot->ton,51,stat_13x13_adaptive,1,0.053,0.3558159043316719,1,32,False,0.0503,20.0
bot->ton,51,statico,2,0.105,0.8686383154858189,0,0,False,0.08455,20.0
bot->ton,51,ogni_batch,2,0.105,0.8686383154858189,2,64,False,0.08455,20.0
bot->ton,51,su_innesco,2,0.105,0.8686383154858189,0,0,False,0.08455,20.0
bot->ton,51,oracolo,2,0.105,0.9219320008430697,2,64,False,0.08455,20.0
bot->ton,51,stat_13x13,2,0.105,0.5445869593371238,2,64,False,0.08455,20.0
bot->ton,51,martingala,2,0.105,0.8686383154858189,0,0,False,0.08455,20.0
bot->ton,51,stat_13x13_adaptive,2,0.105,0.5445869593371238,2,64,False,0.08455,20.0
bot->ton,51,statico,3,0.158,0.8764393951125173,0,0,False,0.11765,20.0
bot->ton,51,ogni_batch,3,0.158,0.8975892938563211,3,96,False,0.11765,20.0
bot->ton,51,su_innesco,3,0.158,0.8764393951125173,0,0,False,0.11765,20.0
bot->ton,51,oracolo,3,0.158,0.9200119064210366,3,96,False,0.11765,20.0
bot->ton,51,stat_13x13,3,0.158,0.8284217625976644,3,96,False,0.11765,20.0
bot->ton,51,martingala,3,0.158,0.8764393951125173,0,0,False,0.11765,20.0
bot->ton,51,stat_13x13_adaptive,3,0.158,0.5668741687442683,3,96,False,0.11765,20.0
bot->ton,51,statico,4,0.211,0.8665230484111296,0,0,True,0.14805,20.0
bot->ton,51,ogni_batch,4,0.211,0.9012672549004352,4,128,True,0.14805,20.0
bot->ton,51,su_innesco,4,0.211,0.8665230484111296,0,0,True,0.14805,20.0
bot->ton,51,oracolo,4,0.211,0.9193949024520216,4,128,True,0.14805,20.0
bot->ton,51,stat_13x13,4,0.211,0.8326455248511909,4,128,True,0.14805,20.0
bot->ton,51,martingala,4,0.211,0.8112386141392636,1,32,True,0.14805,20.0
bot->ton,51,stat_13x13_adaptive,4,0.211,0.5814888924180678,4,128,True,0.14805,20.0
bot->ton,51,statico,5,0.263,0.8326946141893752,0,0,True,0.1837,20.0
bot->ton,51,ogni_batch,5,0.263,0.8599708225078087,5,160,True,0.1837,20.0
bot->ton,51,su_innesco,5,0.263,0.8326946141893752,1,32,True,0.1837,20.0
bot->ton,51,oracolo,5,0.263,0.9197901667842838,5,160,True,0.1837,20.0
bot->ton,51,stat_13x13,5,0.263,0.8733000629752814,5,160,True,0.1837,20.0
bot->ton,51,martingala,5,0.263,0.7889451482134324,2,64,True,0.1837,20.0
bot->ton,51,stat_13x13_adaptive,5,0.263,0.7038816824210357,5,160,True,0.1837,20.0
bot->ton,51,statico,6,0.316,0.8192018370837544,0,0,True,0.21695,20.0
bot->ton,51,ogni_batch,6,0.316,0.8872386424468592,6,192,True,0.21695,20.0
bot->ton,51,su_innesco,6,0.316,0.567666009130911,2,64,True,0.21695,20.0
bot->ton,51,oracolo,6,0.316,0.9078671054828499,6,192,True,0.21695,20.0
bot->ton,51,stat_13x13,6,0.316,0.8818497611125551,6,192,True,0.21695,20.0
bot->ton,51,martingala,6,0.316,0.7943081415664155,3,96,True,0.21695,20.0
bot->ton,51,stat_13x13_adaptive,6,0.316,0.6898400684847014,6,192,True,0.21695,20.0
bot->ton,51,statico,7,0.368,0.8003416851010253,0,0,True,0.25165,20.0
bot->ton,51,ogni_batch,7,0.368,0.7928373877702479,7,224,True,0.25165,20.0
bot->ton,51,su_innesco,7,0.368,0.5899057309875809,3,96,True,0.25165,20.0
bot->ton,51,oracolo,7,0.368,0.9135143286879306,7,224,True,0.25165,20.0
bot->ton,51,stat_13x13,7,0.368,0.8740717795405374,7,224,True,0.25165,20.0
bot->ton,51,martingala,7,0.368,0.7913966970691895,4,128,True,0.25165,20.0
bot->ton,51,stat_13x13_adaptive,7,0.368,0.6215789061590927,7,224,True,0.25165,20.0
bot->ton,51,statico,8,0.421,0.78423032466084,0,0,True,0.28425,20.0
bot->ton,51,ogni_batch,8,0.421,0.7898916215179546,8,256,True,0.28425,20.0
bot->ton,51,su_innesco,8,0.421,0.6295077880719382,4,128,True,0.28425,20.0
bot->ton,51,oracolo,8,0.421,0.9079487800679205,8,256,True,0.28425,20.0
bot->ton,51,stat_13x13,8,0.421,0.8762557648472997,8,256,True,0.28425,20.0
bot->ton,51,martingala,8,0.421,0.7552441827302887,5,160,True,0.28425,20.0
bot->ton,51,stat_13x13_adaptive,8,0.421,0.6846087583827319,8,256,True,0.28425,20.0
bot->ton,51,statico,9,0.474,0.7715834393931188,0,0,True,0.31705,20.0
bot->ton,51,ogni_batch,9,0.474,0.8023369985315456,9,288,True,0.31705,20.0
bot->ton,51,su_innesco,9,0.474,0.915897144767885,5,160,True,0.31705,20.0
bot->ton,51,oracolo,9,0.474,0.9015788038203667,9,288,True,0.31705,20.0
bot->ton,51,stat_13x13,9,0.474,0.877900726032177,9,288,True,0.31705,20.0
bot->ton,51,martingala,9,0.474,0.895848801039224,6,192,True,0.31705,20.0
bot->ton,51,stat_13x13_adaptive,9,0.474,0.6950747208983736,9,288,True,0.31705,20.0
bot->ton,51,statico,10,0.526,0.7504441391244885,0,0,True,0.3494,20.0
bot->ton,51,ogni_batch,10,0.526,0.7777856742472544,10,320,True,0.3494,20.0
bot->ton,51,su_innesco,10,0.526,0.935105429568819,6,192,True,0.3494,20.0
bot->ton,51,oracolo,10,0.526,0.9315063946833488,10,320,True,0.3494,20.0
bot->ton,51,stat_13x13,10,0.526,0.8739529367512986,10,320,True,0.3494,20.0
bot->ton,51,martingala,10,0.526,0.891423651766935,7,224,True,0.3494,20.0
bot->ton,51,stat_13x13_adaptive,10,0.526,0.6865496058851053,10,320,True,0.3494,20.0
bot->ton,51,statico,11,0.579,0.7380411094329618,0,0,True,0.3825,20.0
bot->ton,51,ogni_batch,11,0.579,0.8425500259676211,11,352,True,0.3825,20.0
bot->ton,51,su_innesco,11,0.579,0.8726043839178543,7,224,True,0.3825,20.0
bot->ton,51,oracolo,11,0.579,0.9107613441234848,11,352,True,0.3825,20.0
bot->ton,51,stat_13x13,11,0.579,0.8735012114883259,11,352,True,0.3825,20.0
bot->ton,51,martingala,11,0.579,0.8801977980936528,8,256,True,0.3825,20.0
bot->ton,51,stat_13x13_adaptive,11,0.579,0.6989031249587461,11,352,True,0.3825,20.0
bot->ton,51,statico,12,0.632,0.7234796234472654,0,0,True,0.41735,20.0
bot->ton,51,ogni_batch,12,0.632,0.8411081111256696,12,384,True,0.41735,20.0
bot->ton,51,su_innesco,12,0.632,0.871749430871327,8,256,True,0.41735,20.0
bot->ton,51,oracolo,12,0.632,0.9140946394747507,12,384,True,0.41735,20.0
bot->ton,51,stat_13x13,12,0.632,0.8814374709302348,12,384,True,0.41735,20.0
bot->ton,51,martingala,12,0.632,0.8756794795135945,9,288,True,0.41735,20.0
bot->ton,51,stat_13x13_adaptive,12,0.632,0.7112395969013399,12,384,True,0.41735,20.0
bot->ton,51,statico,13,0.684,0.697363970792492,0,0,True,0.45025,20.0
bot->ton,51,ogni_batch,13,0.684,0.8342925918204362,13,416,True,0.45025,20.0
bot->ton,51,su_innesco,13,0.684,0.8594346333458391,9,288,True,0.45025,20.0
bot->ton,51,oracolo,13,0.684,0.9073884943072075,13,416,True,0.45025,20.0
bot->ton,51,stat_13x13,13,0.684,0.8683533751175713,13,416,True,0.45025,20.0
bot->ton,51,martingala,13,0.684,0.8617424203656017,10,320,True,0.45025,20.0
bot->ton,51,stat_13x13_adaptive,13,0.684,0.7368263979018382,13,416,True,0.45025,20.0
bot->ton,51,statico,14,0.737,0.6802949685916851,0,0,True,0.4852,20.0
bot->ton,51,ogni_batch,14,0.737,0.8213526876310556,14,448,True,0.4852,20.0
bot->ton,51,su_innesco,14,0.737,0.9309100082277291,10,320,True,0.4852,20.0
bot->ton,51,oracolo,14,0.737,0.9202776942999058,14,448,True,0.4852,20.0
bot->ton,51,stat_13x13,14,0.737,0.8747747504386809,14,448,True,0.4852,20.0
bot->ton,51,martingala,14,0.737,0.9389146685440746,11,352,True,0.4852,20.0
bot->ton,51,stat_13x13_adaptive,14,0.737,0.7266377795711451,14,448,True,0.4852,20.0
bot->ton,51,statico,15,0.789,0.6617294421821098,0,0,True,0.51875,20.0
bot->ton,51,ogni_batch,15,0.789,0.8362216842993924,15,480,True,0.51875,20.0
bot->ton,51,su_innesco,15,0.789,0.9303566874028606,11,352,True,0.51875,20.0
bot->ton,51,oracolo,15,0.789,0.9358424911696279,15,480,True,0.51875,20.0
bot->ton,51,stat_13x13,15,0.789,0.779889072350606,15,480,True,0.51875,20.0
bot->ton,51,martingala,15,0.789,0.9399210631591914,12,384,True,0.51875,20.0
bot->ton,51,stat_13x13_adaptive,15,0.789,0.741321780673706,15,480,True,0.51875,20.0
bot->ton,51,statico,16,0.842,0.6453007377909925,0,0,True,0.5437,20.0
bot->ton,51,ogni_batch,16,0.842,0.9271732364317126,16,512,True,0.5437,20.0
bot->ton,51,su_innesco,16,0.842,0.9093341811013527,12,384,True,0.5437,20.0
bot->ton,51,oracolo,16,0.842,0.9306268297903866,16,512,True,0.5437,20.0
bot->ton,51,stat_13x13,16,0.842,0.7841400280995314,16,512,True,0.5437,20.0
bot->ton,51,martingala,16,0.842,0.9134544048393511,13,416,True,0.5437,20.0
bot->ton,51,stat_13x13_adaptive,16,0.842,0.740356987695999,16,512,True,0.5437,20.0
bot->ton,51,statico,17,0.895,0.6192436936884005,0,0,True,0.58165,20.0
bot->ton,51,ogni_batch,17,0.895,0.8182088244202006,17,544,True,0.58165,20.0
bot->ton,51,su_innesco,17,0.895,0.837128308854328,13,416,True,0.58165,20.0
bot->ton,51,oracolo,17,0.895,0.9294062683488299,17,544,True,0.58165,20.0
bot->ton,51,stat_13x13,17,0.895,0.8800978806426265,17,544,True,0.58165,20.0
bot->ton,51,martingala,17,0.895,0.8405822575319992,14,448,True,0.58165,20.0
bot->ton,51,stat_13x13_adaptive,17,0.895,0.7871921992668238,17,544,True,0.58165,20.0
bot->ton,51,statico,18,0.947,0.5981950420733599,0,0,True,0.6169,20.0
bot->ton,51,ogni_batch,18,0.947,0.8465090065574318,18,576,True,0.6169,20.0
bot->ton,51,su_innesco,18,0.947,0.8304641189489121,14,448,True,0.6169,20.0
bot->ton,51,oracolo,18,0.947,0.9254962564380362,18,576,True,0.6169,20.0
bot->ton,51,stat_13x13,18,0.947,0.7698792353579091,18,576,True,0.6169,20.0
bot->ton,51,martingala,18,0.947,0.8309354688846935,15,480,True,0.6169,20.0
bot->ton,51,stat_13x13_adaptive,18,0.947,0.7163592261993548,18,576,True,0.6169,20.0
bot->ton,51,statico,19,1.0,0.5715005420281747,0,0,True,0.6525,20.0
bot->ton,51,ogni_batch,19,1.0,0.8340275208698198,19,608,True,0.6525,20.0
bot->ton,51,su_innesco,19,1.0,0.8252043316801577,15,480,True,0.6525,20.0
bot->ton,51,oracolo,19,1.0,0.8515586479380725,19,608,True,0.6525,20.0
bot->ton,51,stat_13x13,19,1.0,0.7831681319060817,19,608,True,0.6525,20.0
bot->ton,51,martingala,19,1.0,0.825761714642427,16,512,True,0.6525,20.0
bot->ton,51,stat_13x13_adaptive,19,1.0,0.750558825950687,19,608,True,0.6525,20.0
bot->unsw,42,statico,0,0.0,0.988,0,0,False,0.0472,20.0
bot->unsw,42,ogni_batch,0,0.0,0.988,0,0,False,0.0472,20.0
bot->unsw,42,su_innesco,0,0.0,0.988,0,0,False,0.0472,20.0
bot->unsw,42,oracolo,0,0.0,0.988,0,0,False,0.0472,20.0
bot->unsw,42,stat_13x13,0,0.0,0.988,0,0,False,0.0472,20.0
bot->unsw,42,martingala,0,0.0,0.988,0,0,False,0.0472,20.0
bot->unsw,42,stat_13x13_adaptive,0,0.0,0.988,0,0,False,0.0472,20.0
bot->unsw,42,statico,1,0.053,0.8605971885039362,0,0,False,0.0602,20.0
bot->unsw,42,ogni_batch,1,0.053,0.8605971885039362,1,32,False,0.0602,20.0
bot->unsw,42,su_innesco,1,0.053,0.8605971885039362,0,0,False,0.0602,20.0
bot->unsw,42,oracolo,1,0.053,0.8605971885039362,1,32,False,0.0602,20.0
bot->unsw,42,stat_13x13,1,0.053,0.5,1,32,False,0.0602,20.0
bot->unsw,42,martingala,1,0.053,0.8605971885039362,0,0,False,0.0602,20.0
bot->unsw,42,stat_13x13_adaptive,1,0.053,0.49997452488918326,1,32,False,0.0602,20.0
bot->unsw,42,statico,2,0.105,0.8482504100253672,0,0,False,0.07495,20.0
bot->unsw,42,ogni_batch,2,0.105,0.6023077647693993,2,64,False,0.07495,20.0
bot->unsw,42,su_innesco,2,0.105,0.8482504100253672,0,0,False,0.07495,20.0
bot->unsw,42,oracolo,2,0.105,0.8599431879617074,2,64,False,0.07495,20.0
bot->unsw,42,stat_13x13,2,0.105,0.5702128396036735,2,64,False,0.07495,20.0
bot->unsw,42,martingala,2,0.105,0.8482504100253672,0,0,False,0.07495,20.0
bot->unsw,42,stat_13x13_adaptive,2,0.105,0.5688998278084269,2,64,False,0.07495,20.0
bot->unsw,42,statico,3,0.158,0.8172740843824736,0,0,False,0.0911,20.0
bot->unsw,42,ogni_batch,3,0.158,0.5648906399237923,3,96,False,0.0911,20.0
bot->unsw,42,su_innesco,3,0.158,0.8172740843824736,0,0,False,0.0911,20.0
bot->unsw,42,oracolo,3,0.158,0.9141540839296359,3,96,False,0.0911,20.0
bot->unsw,42,stat_13x13,3,0.158,0.5970067286165512,3,96,False,0.0911,20.0
bot->unsw,42,martingala,3,0.158,0.5991522344524273,1,32,False,0.0911,20.0
bot->unsw,42,stat_13x13_adaptive,3,0.158,0.5659217111876788,3,96,False,0.0911,20.0
bot->unsw,42,statico,4,0.211,0.7985858898258338,0,0,False,0.10945,20.0
bot->unsw,42,ogni_batch,4,0.211,0.670042363949272,4,128,False,0.10945,20.0
bot->unsw,42,su_innesco,4,0.211,0.7985858898258338,0,0,False,0.10945,20.0
bot->unsw,42,oracolo,4,0.211,0.9035828655419476,4,128,False,0.10945,20.0
bot->unsw,42,stat_13x13,4,0.211,0.7603729159440152,4,128,False,0.10945,20.0
bot->unsw,42,martingala,4,0.211,0.7750111147109734,2,64,False,0.10945,20.0
bot->unsw,42,stat_13x13_adaptive,4,0.211,0.6260184640604608,4,128,False,0.10945,20.0
bot->unsw,42,statico,5,0.263,0.7909663278626904,0,0,False,0.12875,20.0
bot->unsw,42,ogni_batch,5,0.263,0.806663891401712,5,160,False,0.12875,20.0
bot->unsw,42,su_innesco,5,0.263,0.7909663278626904,0,0,False,0.12875,20.0
bot->unsw,42,oracolo,5,0.263,0.894214957893089,5,160,False,0.12875,20.0
bot->unsw,42,stat_13x13,5,0.263,0.752132878854836,5,160,False,0.12875,20.0
bot->unsw,42,martingala,5,0.263,0.8202958220025407,3,96,False,0.12875,20.0
bot->unsw,42,stat_13x13_adaptive,5,0.263,0.6596172743388659,5,160,False,0.12875,20.0
bot->unsw,42,statico,6,0.316,0.7809167728522568,0,0,False,0.14335,20.0
bot->unsw,42,ogni_batch,6,0.316,0.853947100323397,6,192,False,0.14335,20.0
bot->unsw,42,su_innesco,6,0.316,0.7809167728522568,0,0,False,0.14335,20.0
bot->unsw,42,oracolo,6,0.316,0.8985482487329866,6,192,False,0.14335,20.0
bot->unsw,42,stat_13x13,6,0.316,0.7926678960855457,6,192,False,0.14335,20.0
bot->unsw,42,martingala,6,0.316,0.8359716500969876,4,128,False,0.14335,20.0
bot->unsw,42,stat_13x13_adaptive,6,0.316,0.6833381982238028,6,192,False,0.14335,20.0
bot->unsw,42,statico,7,0.368,0.7626914484506291,0,0,True,0.1589,20.0
bot->unsw,42,ogni_batch,7,0.368,0.887974869959543,7,224,True,0.1589,20.0
bot->unsw,42,su_innesco,7,0.368,0.7626914484506291,0,0,True,0.1589,20.0
bot->unsw,42,oracolo,7,0.368,0.8568888098519539,7,224,True,0.1589,20.0
bot->unsw,42,stat_13x13,7,0.368,0.7966822316943049,7,224,True,0.1589,20.0
bot->unsw,42,martingala,7,0.368,0.845380368336816,5,160,True,0.1589,20.0
bot->unsw,42,stat_13x13_adaptive,7,0.368,0.6665882858000267,7,224,True,0.1589,20.0
bot->unsw,42,statico,8,0.421,0.7368155339790703,0,0,True,0.17385,20.0
bot->unsw,42,ogni_batch,8,0.421,0.8818021201275836,8,256,True,0.17385,20.0
bot->unsw,42,su_innesco,8,0.421,0.8868111806782598,1,32,True,0.17385,20.0
bot->unsw,42,oracolo,8,0.421,0.8389355797923047,8,256,True,0.17385,20.0
bot->unsw,42,stat_13x13,8,0.421,0.806594078685406,8,256,True,0.17385,20.0
bot->unsw,42,martingala,8,0.421,0.8566592964271549,6,192,True,0.17385,20.0
bot->unsw,42,stat_13x13_adaptive,8,0.421,0.6846145120981656,8,256,True,0.17385,20.0
bot->unsw,42,statico,9,0.474,0.7223161820659572,0,0,True,0.1938,20.0
bot->unsw,42,ogni_batch,9,0.474,0.8843891965286764,9,288,True,0.1938,20.0
bot->unsw,42,su_innesco,9,0.474,0.8877388910233841,2,64,True,0.1938,20.0
bot->unsw,42,oracolo,9,0.474,0.8778523874754762,9,288,True,0.1938,20.0
bot->unsw,42,stat_13x13,9,0.474,0.8084528744307262,9,288,True,0.1938,20.0
bot->unsw,42,martingala,9,0.474,0.8892154427644575,7,224,True,0.1938,20.0
bot->unsw,42,stat_13x13_adaptive,9,0.474,0.6966724113996807,9,288,True,0.1938,20.0
bot->unsw,42,statico,10,0.526,0.7067782348415987,0,0,True,0.20865,20.0
bot->unsw,42,ogni_batch,10,0.526,0.8780927450954796,10,320,True,0.20865,20.0
bot->unsw,42,su_innesco,10,0.526,0.8731761857040378,3,96,True,0.20865,20.0
bot->unsw,42,oracolo,10,0.526,0.8723818629514135,10,320,True,0.20865,20.0
bot->unsw,42,stat_13x13,10,0.526,0.8238104379849233,10,320,True,0.20865,20.0
bot->unsw,42,martingala,10,0.526,0.8774131344862264,8,256,True,0.20865,20.0
bot->unsw,42,stat_13x13_adaptive,10,0.526,0.7292593481014764,10,320,True,0.20865,20.0
bot->unsw,42,statico,11,0.579,0.6751720965683292,0,0,True,0.22835,20.0
bot->unsw,42,ogni_batch,11,0.579,0.8791738720428753,11,352,True,0.22835,20.0
bot->unsw,42,su_innesco,11,0.579,0.8507394689509027,4,128,True,0.22835,20.0
bot->unsw,42,oracolo,11,0.579,0.8651056177336947,11,352,True,0.22835,20.0
bot->unsw,42,stat_13x13,11,0.579,0.7858876358122717,11,352,True,0.22835,20.0
bot->unsw,42,martingala,11,0.579,0.859053794181157,9,288,True,0.22835,20.0
bot->unsw,42,stat_13x13_adaptive,11,0.579,0.7471902720903001,11,352,True,0.22835,20.0
bot->unsw,42,statico,12,0.632,0.6621115926520715,0,0,True,0.24015,20.0
bot->unsw,42,ogni_batch,12,0.632,0.8486638557939445,12,384,True,0.24015,20.0
bot->unsw,42,su_innesco,12,0.632,0.8276837674303126,5,160,True,0.24015,20.0
bot->unsw,42,oracolo,12,0.632,0.8459379857275768,12,384,True,0.24015,20.0
bot->unsw,42,stat_13x13,12,0.632,0.8109301014814039,12,384,True,0.24015,20.0
bot->unsw,42,martingala,12,0.632,0.8554455729007986,10,320,True,0.24015,20.0
bot->unsw,42,stat_13x13_adaptive,12,0.632,0.7328877752823115,12,384,True,0.24015,20.0
bot->unsw,42,statico,13,0.684,0.6331106677309324,0,0,True,0.2565,20.0
bot->unsw,42,ogni_batch,13,0.684,0.8349614412656101,13,416,True,0.2565,20.0
bot->unsw,42,su_innesco,13,0.684,0.8226414045387922,6,192,True,0.2565,20.0
bot->unsw,42,oracolo,13,0.684,0.8359344241722647,13,416,True,0.2565,20.0
bot->unsw,42,stat_13x13,13,0.684,0.8520066712258831,13,416,True,0.2565,20.0
bot->unsw,42,martingala,13,0.684,0.8454549553433883,11,352,True,0.2565,20.0
bot->unsw,42,stat_13x13_adaptive,13,0.684,0.7834701354460486,13,416,True,0.2565,20.0
bot->unsw,42,statico,14,0.737,0.6133454636173354,0,0,True,0.2725,20.0
bot->unsw,42,ogni_batch,14,0.737,0.8272693151013045,14,448,True,0.2725,20.0
bot->unsw,42,su_innesco,14,0.737,0.8112965115961726,7,224,True,0.2725,20.0
bot->unsw,42,oracolo,14,0.737,0.8282964078883448,14,448,True,0.2725,20.0
bot->unsw,42,stat_13x13,14,0.737,0.765927868797718,14,448,True,0.2725,20.0
bot->unsw,42,martingala,14,0.737,0.8073091222111666,12,384,True,0.2725,20.0
bot->unsw,42,stat_13x13_adaptive,14,0.737,0.7295274808084331,14,448,True,0.2725,20.0
bot->unsw,42,statico,15,0.789,0.583750585076151,0,0,True,0.2873,20.0
bot->unsw,42,ogni_batch,15,0.789,0.7898361416643608,15,480,True,0.2873,20.0
bot->unsw,42,su_innesco,15,0.789,0.8017180074857361,8,256,True,0.2873,20.0
bot->unsw,42,oracolo,15,0.789,0.8052730996002787,15,480,True,0.2873,20.0
bot->unsw,42,stat_13x13,15,0.789,0.7583410950828449,15,480,True,0.2873,20.0
bot->unsw,42,martingala,15,0.789,0.8104123885424073,13,416,True,0.2873,20.0
bot->unsw,42,stat_13x13_adaptive,15,0.789,0.7362463988207539,15,480,True,0.2873,20.0
bot->unsw,42,statico,16,0.842,0.553523667670751,0,0,True,0.30665,20.0
bot->unsw,42,ogni_batch,16,0.842,0.773811688963599,16,512,True,0.30665,20.0
bot->unsw,42,su_innesco,16,0.842,0.7935767522495664,9,288,True,0.30665,20.0
bot->unsw,42,oracolo,16,0.842,0.7992966231831444,16,512,True,0.30665,20.0
bot->unsw,42,stat_13x13,16,0.842,0.7559895001714458,16,512,True,0.30665,20.0
bot->unsw,42,martingala,16,0.842,0.7992975926047038,14,448,True,0.30665,20.0
bot->unsw,42,stat_13x13_adaptive,16,0.842,0.7437294739762565,16,512,True,0.30665,20.0
bot->unsw,42,statico,17,0.895,0.5301446191445905,0,0,True,0.3234,20.0
bot->unsw,42,ogni_batch,17,0.895,0.7614418554821187,17,544,True,0.3234,20.0
bot->unsw,42,su_innesco,17,0.895,0.776951526760877,10,320,True,0.3234,20.0
bot->unsw,42,oracolo,17,0.895,0.8041941940453778,17,544,True,0.3234,20.0
bot->unsw,42,stat_13x13,17,0.895,0.7459845897837318,17,544,True,0.3234,20.0
bot->unsw,42,martingala,17,0.895,0.7830407313131789,15,480,True,0.3234,20.0
bot->unsw,42,stat_13x13_adaptive,17,0.895,0.6900349089376074,17,544,True,0.3234,20.0
bot->unsw,42,statico,18,0.947,0.5022637482102137,0,0,True,0.3385,20.0
bot->unsw,42,ogni_batch,18,0.947,0.738404173516466,18,576,True,0.3385,20.0
bot->unsw,42,su_innesco,18,0.947,0.7599359654239805,11,352,True,0.3385,20.0
bot->unsw,42,oracolo,18,0.947,0.7730159887574906,18,576,True,0.3385,20.0
bot->unsw,42,stat_13x13,18,0.947,0.7315784589277192,18,576,True,0.3385,20.0
bot->unsw,42,martingala,18,0.947,0.7674623481996076,16,512,True,0.3385,20.0
bot->unsw,42,stat_13x13_adaptive,18,0.947,0.6826302345724842,18,576,True,0.3385,20.0
bot->unsw,42,statico,19,1.0,0.46207734666002453,0,0,True,0.35145,20.0
bot->unsw,42,ogni_batch,19,1.0,0.7250399601054636,19,608,True,0.35145,20.0
bot->unsw,42,su_innesco,19,1.0,0.7397402323138674,12,384,True,0.35145,20.0
bot->unsw,42,oracolo,19,1.0,0.7618237819269348,19,608,True,0.35145,20.0
bot->unsw,42,stat_13x13,19,1.0,0.7238938797720973,19,608,True,0.35145,20.0
bot->unsw,42,martingala,19,1.0,0.7747910252082646,17,544,True,0.35145,20.0
bot->unsw,42,stat_13x13_adaptive,19,1.0,0.7270832069565616,19,608,True,0.35145,20.0
bot->unsw,43,statico,0,0.0,0.9887,0,0,False,0.04485,20.0
bot->unsw,43,ogni_batch,0,0.0,0.9887,0,0,False,0.04485,20.0
bot->unsw,43,su_innesco,0,0.0,0.9887,0,0,False,0.04485,20.0
bot->unsw,43,oracolo,0,0.0,0.9887,0,0,False,0.04485,20.0
bot->unsw,43,stat_13x13,0,0.0,0.9887,0,0,False,0.04485,20.0
bot->unsw,43,martingala,0,0.0,0.9887,0,0,False,0.04485,20.0
bot->unsw,43,stat_13x13_adaptive,0,0.0,0.9887,0,0,False,0.04485,20.0
bot->unsw,43,statico,1,0.053,0.8669718472059813,0,0,False,0.0615,20.0
bot->unsw,43,ogni_batch,1,0.053,0.8669718472059813,1,32,False,0.0615,20.0
bot->unsw,43,su_innesco,1,0.053,0.8669718472059813,0,0,False,0.0615,20.0
bot->unsw,43,oracolo,1,0.053,0.8669718472059813,1,32,False,0.0615,20.0
bot->unsw,43,stat_13x13,1,0.053,0.533916454059034,1,32,False,0.0615,20.0
bot->unsw,43,martingala,1,0.053,0.8669718472059813,0,0,False,0.0615,20.0
bot->unsw,43,stat_13x13_adaptive,1,0.053,0.5542968888416427,1,32,False,0.0615,20.0
bot->unsw,43,statico,2,0.105,0.8355996819166234,0,0,False,0.0827,20.0
bot->unsw,43,ogni_batch,2,0.105,0.6037385928041374,2,64,False,0.0827,20.0
bot->unsw,43,su_innesco,2,0.105,0.8355996819166234,0,0,False,0.0827,20.0
bot->unsw,43,oracolo,2,0.105,0.9490492385790936,2,64,False,0.0827,20.0
bot->unsw,43,stat_13x13,2,0.105,0.5004707720852244,2,64,False,0.0827,20.0
bot->unsw,43,martingala,2,0.105,0.8355996819166234,0,0,False,0.0827,20.0
bot->unsw,43,stat_13x13_adaptive,2,0.105,0.4999740043672663,2,64,False,0.0827,20.0
bot->unsw,43,statico,3,0.158,0.8054751823174728,0,0,False,0.09735,20.0
bot->unsw,43,ogni_batch,3,0.158,0.5271963436534957,3,96,False,0.09735,20.0
bot->unsw,43,su_innesco,3,0.158,0.8054751823174728,0,0,False,0.09735,20.0
bot->unsw,43,oracolo,3,0.158,0.9302070408687448,3,96,False,0.09735,20.0
bot->unsw,43,stat_13x13,3,0.158,0.49565841833045937,3,96,False,0.09735,20.0
bot->unsw,43,martingala,3,0.158,0.8054751823174728,0,0,False,0.09735,20.0
bot->unsw,43,stat_13x13_adaptive,3,0.158,0.5,3,96,False,0.09735,20.0
bot->unsw,43,statico,4,0.211,0.800325284062553,0,0,False,0.11685,20.0
bot->unsw,43,ogni_batch,4,0.211,0.7369956028953649,4,128,False,0.11685,20.0
bot->unsw,43,su_innesco,4,0.211,0.800325284062553,0,0,False,0.11685,20.0
bot->unsw,43,oracolo,4,0.211,0.926307853909333,4,128,False,0.11685,20.0
bot->unsw,43,stat_13x13,4,0.211,0.5990143818942176,4,128,False,0.11685,20.0
bot->unsw,43,martingala,4,0.211,0.8132394900409896,1,32,False,0.11685,20.0
bot->unsw,43,stat_13x13_adaptive,4,0.211,0.6094568770805534,4,128,False,0.11685,20.0
bot->unsw,43,statico,5,0.263,0.7947910199394488,0,0,False,0.13165,20.0
bot->unsw,43,ogni_batch,5,0.263,0.9143960510973289,5,160,False,0.13165,20.0
bot->unsw,43,su_innesco,5,0.263,0.7947910199394488,0,0,False,0.13165,20.0
bot->unsw,43,oracolo,5,0.263,0.9090684632149358,5,160,False,0.13165,20.0
bot->unsw,43,stat_13x13,5,0.263,0.6071368237046014,5,160,False,0.13165,20.0
bot->unsw,43,martingala,5,0.263,0.9107760541733094,2,64,False,0.13165,20.0
bot->unsw,43,stat_13x13_adaptive,5,0.263,0.607478567221672,5,160,False,0.13165,20.0
bot->unsw,43,statico,6,0.316,0.7761856169561421,0,0,True,0.1537,20.0
bot->unsw,43,ogni_batch,6,0.316,0.8358710555216525,6,192,True,0.1537,20.0
bot->unsw,43,su_innesco,6,0.316,0.7761856169561421,0,0,True,0.1537,20.0
bot->unsw,43,oracolo,6,0.316,0.8964841832551583,6,192,True,0.1537,20.0
bot->unsw,43,stat_13x13,6,0.316,0.6133673660933378,6,192,True,0.1537,20.0
bot->unsw,43,martingala,6,0.316,0.8750603454096632,3,96,True,0.1537,20.0
bot->unsw,43,stat_13x13_adaptive,6,0.316,0.5895509143875712,6,192,True,0.1537,20.0
bot->unsw,43,statico,7,0.368,0.7551885336774478,0,0,True,0.1775,20.0
bot->unsw,43,ogni_batch,7,0.368,0.86401065704781,7,224,True,0.1775,20.0
bot->unsw,43,su_innesco,7,0.368,0.7559770410742512,1,32,True,0.1775,20.0
bot->unsw,43,oracolo,7,0.368,0.8804859523615766,7,224,True,0.1775,20.0
bot->unsw,43,stat_13x13,7,0.368,0.6109288904248622,7,224,True,0.1775,20.0
bot->unsw,43,martingala,7,0.368,0.8531198224753056,4,128,True,0.1775,20.0
bot->unsw,43,stat_13x13_adaptive,7,0.368,0.5894656451035037,7,224,True,0.1775,20.0
bot->unsw,43,statico,8,0.421,0.7350068761919593,0,0,True,0.1945,20.0
bot->unsw,43,ogni_batch,8,0.421,0.827954878547188,8,256,True,0.1945,20.0
bot->unsw,43,su_innesco,8,0.421,0.7216345355568543,2,64,True,0.1945,20.0
bot->unsw,43,oracolo,8,0.421,0.8609734595875973,8,256,True,0.1945,20.0
bot->unsw,43,stat_13x13,8,0.421,0.6193926124244877,8,256,True,0.1945,20.0
bot->unsw,43,martingala,8,0.421,0.8729420282921372,5,160,True,0.1945,20.0
bot->unsw,43,stat_13x13_adaptive,8,0.421,0.5690665248901576,8,256,True,0.1945,20.0
bot->unsw,43,statico,9,0.474,0.7172039832508379,0,0,True,0.2091,20.0
bot->unsw,43,ogni_batch,9,0.474,0.810341445334017,9,288,True,0.2091,20.0
bot->unsw,43,su_innesco,9,0.474,0.7570481701076005,3,96,True,0.2091,20.0
bot->unsw,43,oracolo,9,0.474,0.8100916440766898,9,288,True,0.2091,20.0
bot->unsw,43,stat_13x13,9,0.474,0.611088847081173,9,288,True,0.2091,20.0
bot->unsw,43,martingala,9,0.474,0.8707453149143343,6,192,True,0.2091,20.0
bot->unsw,43,stat_13x13_adaptive,9,0.474,0.6021061162136483,9,288,True,0.2091,20.0
bot->unsw,43,statico,10,0.526,0.6979264987474245,0,0,True,0.22395,20.0
bot->unsw,43,ogni_batch,10,0.526,0.854447539375671,10,320,True,0.22395,20.0
bot->unsw,43,su_innesco,10,0.526,0.8149123924537066,4,128,True,0.22395,20.0
bot->unsw,43,oracolo,10,0.526,0.8856232427587555,10,320,True,0.22395,20.0
bot->unsw,43,stat_13x13,10,0.526,0.6033083532538949,10,320,True,0.22395,20.0
bot->unsw,43,martingala,10,0.526,0.8744420391446325,7,224,True,0.22395,20.0
bot->unsw,43,stat_13x13_adaptive,10,0.526,0.6032447857082333,10,320,True,0.22395,20.0
bot->unsw,43,statico,11,0.579,0.6782721187452319,0,0,True,0.24425,20.0
bot->unsw,43,ogni_batch,11,0.579,0.8360155633362395,11,352,True,0.24425,20.0
bot->unsw,43,su_innesco,11,0.579,0.8638560728531359,5,160,True,0.24425,20.0
bot->unsw,43,oracolo,11,0.579,0.8728951525624045,11,352,True,0.24425,20.0
bot->unsw,43,stat_13x13,11,0.579,0.6346169593883367,11,352,True,0.24425,20.0
bot->unsw,43,martingala,11,0.579,0.866243137796499,8,256,True,0.24425,20.0
bot->unsw,43,stat_13x13_adaptive,11,0.579,0.5920376445870428,11,352,True,0.24425,20.0
bot->unsw,43,statico,12,0.632,0.6540267064733162,0,0,True,0.2618,20.0
bot->unsw,43,ogni_batch,12,0.632,0.8235268135942759,12,384,True,0.2618,20.0
bot->unsw,43,su_innesco,12,0.632,0.8517572561643502,6,192,True,0.2618,20.0
bot->unsw,43,oracolo,12,0.632,0.8635124439037929,12,384,True,0.2618,20.0
bot->unsw,43,stat_13x13,12,0.632,0.6687890220254809,12,384,True,0.2618,20.0
bot->unsw,43,martingala,12,0.632,0.8570539379645561,9,288,True,0.2618,20.0
bot->unsw,43,stat_13x13_adaptive,12,0.632,0.6306673077987018,12,384,True,0.2618,20.0
bot->unsw,43,statico,13,0.684,0.6409341063019285,0,0,True,0.28235,20.0
bot->unsw,43,ogni_batch,13,0.684,0.8349058300765102,13,416,True,0.28235,20.0
bot->unsw,43,su_innesco,13,0.684,0.8510622412448292,7,224,True,0.28235,20.0
bot->unsw,43,oracolo,13,0.684,0.8527885580015773,13,416,True,0.28235,20.0
bot->unsw,43,stat_13x13,13,0.684,0.700137094322064,13,416,True,0.28235,20.0
bot->unsw,43,martingala,13,0.684,0.843069533364585,10,320,True,0.28235,20.0
bot->unsw,43,stat_13x13_adaptive,13,0.684,0.6929561269995247,13,416,True,0.28235,20.0
bot->unsw,43,statico,14,0.737,0.6080428637470785,0,0,True,0.29435,20.0
bot->unsw,43,ogni_batch,14,0.737,0.8339402853786664,14,448,True,0.29435,20.0
bot->unsw,43,su_innesco,14,0.737,0.8446208244984263,8,256,True,0.29435,20.0
bot->unsw,43,oracolo,14,0.737,0.8231715893465137,14,448,True,0.29435,20.0
bot->unsw,43,stat_13x13,14,0.737,0.68481685284229,14,448,True,0.29435,20.0
bot->unsw,43,martingala,14,0.737,0.8345051190808157,11,352,True,0.29435,20.0
bot->unsw,43,stat_13x13_adaptive,14,0.737,0.7013612429275515,14,448,True,0.29435,20.0
bot->unsw,43,statico,15,0.789,0.5884329955786518,0,0,True,0.3158,20.0
bot->unsw,43,ogni_batch,15,0.789,0.8369286820036044,15,480,True,0.3158,20.0
bot->unsw,43,su_innesco,15,0.789,0.840390540005425,9,288,True,0.3158,20.0
bot->unsw,43,oracolo,15,0.789,0.8019529991246739,15,480,True,0.3158,20.0
bot->unsw,43,stat_13x13,15,0.789,0.7057397898393523,15,480,True,0.3158,20.0
bot->unsw,43,martingala,15,0.789,0.833139557347395,12,384,True,0.3158,20.0
bot->unsw,43,stat_13x13_adaptive,15,0.789,0.7303111928579036,15,480,True,0.3158,20.0
bot->unsw,43,statico,16,0.842,0.5580188015153842,0,0,True,0.3345,20.0
bot->unsw,43,ogni_batch,16,0.842,0.8292625451347795,16,512,True,0.3345,20.0
bot->unsw,43,su_innesco,16,0.842,0.8292625451347795,10,320,True,0.3345,20.0
bot->unsw,43,oracolo,16,0.842,0.7834440622355531,16,512,True,0.3345,20.0
bot->unsw,43,stat_13x13,16,0.842,0.7507770597872078,16,512,True,0.3345,20.0
bot->unsw,43,martingala,16,0.842,0.8292625451347795,13,416,True,0.3345,20.0
bot->unsw,43,stat_13x13_adaptive,16,0.842,0.738831965361786,16,512,True,0.3345,20.0
bot->unsw,43,statico,17,0.895,0.5315213301375464,0,0,True,0.35605,20.0
bot->unsw,43,ogni_batch,17,0.895,0.8148198092387822,17,544,True,0.35605,20.0
bot->unsw,43,su_innesco,17,0.895,0.8148198092387822,11,352,True,0.35605,20.0
bot->unsw,43,oracolo,17,0.895,0.7904174967882631,17,544,True,0.35605,20.0
bot->unsw,43,stat_13x13,17,0.895,0.7534244328348254,17,544,True,0.35605,20.0
bot->unsw,43,martingala,17,0.895,0.8148198092387822,14,448,True,0.35605,20.0
bot->unsw,43,stat_13x13_adaptive,17,0.895,0.7502322709226892,17,544,True,0.35605,20.0
bot->unsw,43,statico,18,0.947,0.501572867215299,0,0,True,0.3691,20.0
bot->unsw,43,ogni_batch,18,0.947,0.7968979154142841,18,576,True,0.3691,20.0
bot->unsw,43,su_innesco,18,0.947,0.7968979154142841,12,384,True,0.3691,20.0
bot->unsw,43,oracolo,18,0.947,0.772966051546017,18,576,True,0.3691,20.0
bot->unsw,43,stat_13x13,18,0.947,0.7334534324252531,18,576,True,0.3691,20.0
bot->unsw,43,martingala,18,0.947,0.7968979154142841,15,480,True,0.3691,20.0
bot->unsw,43,stat_13x13_adaptive,18,0.947,0.7411939438304204,18,576,True,0.3691,20.0
bot->unsw,43,statico,19,1.0,0.47047804939902504,0,0,True,0.39115,20.0
bot->unsw,43,ogni_batch,19,1.0,0.7819854941812844,19,608,True,0.39115,20.0
bot->unsw,43,su_innesco,19,1.0,0.7819854941812844,13,416,True,0.39115,20.0
bot->unsw,43,oracolo,19,1.0,0.7701014133678936,19,608,True,0.39115,20.0
bot->unsw,43,stat_13x13,19,1.0,0.7416670186186058,19,608,True,0.39115,20.0
bot->unsw,43,martingala,19,1.0,0.7819854941812844,16,512,True,0.39115,20.0
bot->unsw,43,stat_13x13_adaptive,19,1.0,0.7413510955149638,19,608,True,0.39115,20.0
bot->unsw,44,statico,0,0.0,0.98615,0,0,False,0.04625,20.0
bot->unsw,44,ogni_batch,0,0.0,0.98615,0,0,False,0.04625,20.0
bot->unsw,44,su_innesco,0,0.0,0.98615,0,0,False,0.04625,20.0
bot->unsw,44,oracolo,0,0.0,0.98615,0,0,False,0.04625,20.0
bot->unsw,44,stat_13x13,0,0.0,0.98615,0,0,False,0.04625,20.0
bot->unsw,44,martingala,0,0.0,0.98615,0,0,False,0.04625,20.0
bot->unsw,44,stat_13x13_adaptive,0,0.0,0.98615,0,0,False,0.04625,20.0
bot->unsw,44,statico,1,0.053,0.8421079429735234,0,0,False,0.06725,20.0
bot->unsw,44,ogni_batch,1,0.053,0.8421079429735234,1,32,False,0.06725,20.0
bot->unsw,44,su_innesco,1,0.053,0.8421079429735234,0,0,False,0.06725,20.0
bot->unsw,44,oracolo,1,0.053,0.8421079429735234,1,32,False,0.06725,20.0
bot->unsw,44,stat_13x13,1,0.053,0.5,1,32,False,0.06725,20.0
bot->unsw,44,martingala,1,0.053,0.8421079429735234,0,0,False,0.06725,20.0
bot->unsw,44,stat_13x13_adaptive,1,0.053,0.4999236252545825,1,32,False,0.06725,20.0
bot->unsw,44,statico,2,0.105,0.817685508750015,0,0,False,0.09005,20.0
bot->unsw,44,ogni_batch,2,0.105,0.7962938683652243,2,64,False,0.09005,20.0
bot->unsw,44,su_innesco,2,0.105,0.817685508750015,0,0,False,0.09005,20.0
bot->unsw,44,oracolo,2,0.105,0.91492173936982,2,64,False,0.09005,20.0
bot->unsw,44,stat_13x13,2,0.105,0.5,2,64,False,0.09005,20.0
bot->unsw,44,martingala,2,0.105,0.817685508750015,0,0,False,0.09005,20.0
bot->unsw,44,stat_13x13_adaptive,2,0.105,0.4999220576773188,2,64,False,0.09005,20.0
bot->unsw,44,statico,3,0.158,0.8094323299849084,0,0,False,0.10705,20.0
bot->unsw,44,ogni_batch,3,0.158,0.8047331871345029,3,96,False,0.10705,20.0
bot->unsw,44,su_innesco,3,0.158,0.8094323299849084,0,0,False,0.10705,20.0
bot->unsw,44,oracolo,3,0.158,0.9301163695529145,3,96,False,0.10705,20.0
bot->unsw,44,stat_13x13,3,0.158,0.5526861087530655,3,96,False,0.10705,20.0
bot->unsw,44,martingala,3,0.158,0.6447847399075646,1,32,False,0.10705,20.0
bot->unsw,44,stat_13x13_adaptive,3,0.158,0.5002483316827013,3,96,False,0.10705,20.0
bot->unsw,44,statico,4,0.211,0.8058013432254585,0,0,False,0.12705,20.0
bot->unsw,44,ogni_batch,4,0.211,0.7873839216286451,4,128,False,0.12705,20.0
bot->unsw,44,su_innesco,4,0.211,0.8058013432254585,0,0,False,0.12705,20.0
bot->unsw,44,oracolo,4,0.211,0.9227892003987319,4,128,False,0.12705,20.0
bot->unsw,44,stat_13x13,4,0.211,0.584304479802641,4,128,False,0.12705,20.0
bot->unsw,44,martingala,4,0.211,0.6823368339718636,2,64,False,0.12705,20.0
bot->unsw,44,stat_13x13_adaptive,4,0.211,0.599327719719561,4,128,False,0.12705,20.0
bot->unsw,44,statico,5,0.263,0.7772277949260133,0,0,True,0.15025,20.0
bot->unsw,44,ogni_batch,5,0.263,0.7534043153042235,5,160,True,0.15025,20.0
bot->unsw,44,su_innesco,5,0.263,0.7772277949260133,0,0,True,0.15025,20.0
bot->unsw,44,oracolo,5,0.263,0.8915006892313533,5,160,True,0.15025,20.0
bot->unsw,44,stat_13x13,5,0.263,0.5831611309532589,5,160,True,0.15025,20.0
bot->unsw,44,martingala,5,0.263,0.7959227462754408,3,96,True,0.15025,20.0
bot->unsw,44,stat_13x13_adaptive,5,0.263,0.5679522213997935,5,160,True,0.15025,20.0
bot->unsw,44,statico,6,0.316,0.760628217215622,0,0,True,0.1689,20.0
bot->unsw,44,ogni_batch,6,0.316,0.739926523466615,6,192,True,0.1689,20.0
bot->unsw,44,su_innesco,6,0.316,0.732720774188862,1,32,True,0.1689,20.0
bot->unsw,44,oracolo,6,0.316,0.8887341175368512,6,192,True,0.1689,20.0
bot->unsw,44,stat_13x13,6,0.316,0.582803177777705,6,192,True,0.1689,20.0
bot->unsw,44,martingala,6,0.316,0.800035942413149,4,128,True,0.1689,20.0
bot->unsw,44,stat_13x13_adaptive,6,0.316,0.5673822005271091,6,192,True,0.1689,20.0
bot->unsw,44,statico,7,0.368,0.7479132544702778,0,0,True,0.18905,20.0
bot->unsw,44,ogni_batch,7,0.368,0.8146693758858083,7,224,True,0.18905,20.0
bot->unsw,44,su_innesco,7,0.368,0.8110928630903173,2,64,True,0.18905,20.0
bot->unsw,44,oracolo,7,0.368,0.8734190290771453,7,224,True,0.18905,20.0
bot->unsw,44,stat_13x13,7,0.368,0.5730775869616556,7,224,True,0.18905,20.0
bot->unsw,44,martingala,7,0.368,0.8839731163835547,5,160,True,0.18905,20.0
bot->unsw,44,stat_13x13_adaptive,7,0.368,0.6160333030873599,7,224,True,0.18905,20.0
bot->unsw,44,statico,8,0.421,0.7357507391230607,0,0,True,0.20675,20.0
bot->unsw,44,ogni_batch,8,0.421,0.7957005509433677,8,256,True,0.20675,20.0
bot->unsw,44,su_innesco,8,0.421,0.7966628066740287,3,96,True,0.20675,20.0
bot->unsw,44,oracolo,8,0.421,0.8612164059444387,8,256,True,0.20675,20.0
bot->unsw,44,stat_13x13,8,0.421,0.5722211127413648,8,256,True,0.20675,20.0
bot->unsw,44,martingala,8,0.421,0.8699898495491996,6,192,True,0.20675,20.0
bot->unsw,44,stat_13x13_adaptive,8,0.421,0.635707204749294,8,256,True,0.20675,20.0
bot->unsw,44,statico,9,0.474,0.7101637503494377,0,0,True,0.22455,20.0
bot->unsw,44,ogni_batch,9,0.474,0.7809482477847491,9,288,True,0.22455,20.0
bot->unsw,44,su_innesco,9,0.474,0.8272638918855287,4,128,True,0.22455,20.0
bot->unsw,44,oracolo,9,0.474,0.8397380163436869,9,288,True,0.22455,20.0
bot->unsw,44,stat_13x13,9,0.474,0.5819567448124134,9,288,True,0.22455,20.0
bot->unsw,44,martingala,9,0.474,0.8499418542347114,7,224,True,0.22455,20.0
bot->unsw,44,stat_13x13_adaptive,9,0.474,0.6797582791788478,9,288,True,0.22455,20.0
bot->unsw,44,statico,10,0.526,0.6923607283227144,0,0,True,0.25005,20.0
bot->unsw,44,ogni_batch,10,0.526,0.7559722046866644,10,320,True,0.25005,20.0
bot->unsw,44,su_innesco,10,0.526,0.8325530223945325,5,160,True,0.25005,20.0
bot->unsw,44,oracolo,10,0.526,0.8276480274806998,10,320,True,0.25005,20.0
bot->unsw,44,stat_13x13,10,0.526,0.584971389668152,10,320,True,0.25005,20.0
bot->unsw,44,martingala,10,0.526,0.8446748830592141,8,256,True,0.25005,20.0
bot->unsw,44,stat_13x13_adaptive,10,0.526,0.6691202547497411,10,320,True,0.25005,20.0
bot->unsw,44,statico,11,0.579,0.6695633483714669,0,0,True,0.2682,20.0
bot->unsw,44,ogni_batch,11,0.579,0.6954939053132122,11,352,True,0.2682,20.0
bot->unsw,44,su_innesco,11,0.579,0.8136192858923765,6,192,True,0.2682,20.0
bot->unsw,44,oracolo,11,0.579,0.8671548546481962,11,352,True,0.2682,20.0
bot->unsw,44,stat_13x13,11,0.579,0.5811474959432924,11,352,True,0.2682,20.0
bot->unsw,44,martingala,11,0.579,0.7912701073826658,9,288,True,0.2682,20.0
bot->unsw,44,stat_13x13_adaptive,11,0.579,0.6529000646307059,11,352,True,0.2682,20.0
bot->unsw,44,statico,12,0.632,0.6469485132501895,0,0,True,0.2869,20.0
bot->unsw,44,ogni_batch,12,0.632,0.7958190025110603,12,384,True,0.2869,20.0
bot->unsw,44,su_innesco,12,0.632,0.8105355889797303,7,224,True,0.2869,20.0
bot->unsw,44,oracolo,12,0.632,0.8609202799754991,12,384,True,0.2869,20.0
bot->unsw,44,stat_13x13,12,0.632,0.5967435737695668,12,384,True,0.2869,20.0
bot->unsw,44,martingala,12,0.632,0.8117110842520381,10,320,True,0.2869,20.0
bot->unsw,44,stat_13x13_adaptive,12,0.632,0.7002659981123815,12,384,True,0.2869,20.0
bot->unsw,44,statico,13,0.684,0.6182802759939569,0,0,True,0.31125,20.0
bot->unsw,44,ogni_batch,13,0.684,0.8058231738438142,13,416,True,0.31125,20.0
bot->unsw,44,su_innesco,13,0.684,0.8145245428256807,8,256,True,0.31125,20.0
bot->unsw,44,oracolo,13,0.684,0.852357060083972,13,416,True,0.31125,20.0
bot->unsw,44,stat_13x13,13,0.684,0.5823800447708889,13,416,True,0.31125,20.0
bot->unsw,44,martingala,13,0.684,0.8259854341820471,11,352,True,0.31125,20.0
bot->unsw,44,stat_13x13_adaptive,13,0.684,0.7042084212962751,13,416,True,0.31125,20.0
bot->unsw,44,statico,14,0.737,0.5982409034526097,0,0,True,0.32795,20.0
bot->unsw,44,ogni_batch,14,0.737,0.8200450158714652,14,448,True,0.32795,20.0
bot->unsw,44,su_innesco,14,0.737,0.8200450158714652,9,288,True,0.32795,20.0
bot->unsw,44,oracolo,14,0.737,0.8365833499153459,14,448,True,0.32795,20.0
bot->unsw,44,stat_13x13,14,0.737,0.5968661237438587,14,448,True,0.32795,20.0
bot->unsw,44,martingala,14,0.737,0.8200450158714652,12,384,True,0.32795,20.0
bot->unsw,44,stat_13x13_adaptive,14,0.737,0.693198407648338,14,448,True,0.32795,20.0
bot->unsw,44,statico,15,0.789,0.5735644670279367,0,0,True,0.33935,20.0
bot->unsw,44,ogni_batch,15,0.789,0.8040272607322136,15,480,True,0.33935,20.0
bot->unsw,44,su_innesco,15,0.789,0.8040272607322136,10,320,True,0.33935,20.0
bot->unsw,44,oracolo,15,0.789,0.8271275615739078,15,480,True,0.33935,20.0
bot->unsw,44,stat_13x13,15,0.789,0.6059489841755956,15,480,True,0.33935,20.0
bot->unsw,44,martingala,15,0.789,0.8040272607322136,13,416,True,0.33935,20.0
bot->unsw,44,stat_13x13_adaptive,15,0.789,0.702270083693699,15,480,True,0.33935,20.0
bot->unsw,44,statico,16,0.842,0.5525572067913642,0,0,True,0.3631,20.0
bot->unsw,44,ogni_batch,16,0.842,0.7995031668944627,16,512,True,0.3631,20.0
bot->unsw,44,su_innesco,16,0.842,0.7995031668944627,11,352,True,0.3631,20.0
bot->unsw,44,oracolo,16,0.842,0.8167477446503406,16,512,True,0.3631,20.0
bot->unsw,44,stat_13x13,16,0.842,0.6717637782362359,16,512,True,0.3631,20.0
bot->unsw,44,martingala,16,0.842,0.7995031668944627,14,448,True,0.3631,20.0
bot->unsw,44,stat_13x13_adaptive,16,0.842,0.7231872379396951,16,512,True,0.3631,20.0
bot->unsw,44,statico,17,0.895,0.5284512198950825,0,0,True,0.3901,20.0
bot->unsw,44,ogni_batch,17,0.895,0.7778625306484589,17,544,True,0.3901,20.0
bot->unsw,44,su_innesco,17,0.895,0.7778625306484589,12,384,True,0.3901,20.0
bot->unsw,44,oracolo,17,0.895,0.8062366486944629,17,544,True,0.3901,20.0
bot->unsw,44,stat_13x13,17,0.895,0.6899694210723541,17,544,True,0.3901,20.0
bot->unsw,44,martingala,17,0.895,0.7778625306484589,15,480,True,0.3901,20.0
bot->unsw,44,stat_13x13_adaptive,17,0.895,0.7788557504302924,17,544,True,0.3901,20.0
bot->unsw,44,statico,18,0.947,0.48689876226916373,0,0,True,0.4074,20.0
bot->unsw,44,ogni_batch,18,0.947,0.7843488058193215,18,576,True,0.4074,20.0
bot->unsw,44,su_innesco,18,0.947,0.7843488058193215,13,416,True,0.4074,20.0
bot->unsw,44,oracolo,18,0.947,0.8114093364813157,18,576,True,0.4074,20.0
bot->unsw,44,stat_13x13,18,0.947,0.7182984232375524,18,576,True,0.4074,20.0
bot->unsw,44,martingala,18,0.947,0.7843488058193215,16,512,True,0.4074,20.0
bot->unsw,44,stat_13x13_adaptive,18,0.947,0.7693885402391644,18,576,True,0.4074,20.0
bot->unsw,44,statico,19,1.0,0.4572525259122041,0,0,True,0.4244,20.0
bot->unsw,44,ogni_batch,19,1.0,0.7780303935643595,19,608,True,0.4244,20.0
bot->unsw,44,su_innesco,19,1.0,0.7780303935643595,14,448,True,0.4244,20.0
bot->unsw,44,oracolo,19,1.0,0.8020316414608613,19,608,True,0.4244,20.0
bot->unsw,44,stat_13x13,19,1.0,0.7070871524139758,19,608,True,0.4244,20.0
bot->unsw,44,martingala,19,1.0,0.7780303935643595,17,544,True,0.4244,20.0
bot->unsw,44,stat_13x13_adaptive,19,1.0,0.7557075871953967,19,608,True,0.4244,20.0
bot->unsw,45,statico,0,0.0,0.98955,0,0,False,0.0404,20.0
bot->unsw,45,ogni_batch,0,0.0,0.98955,0,0,False,0.0404,20.0
bot->unsw,45,su_innesco,0,0.0,0.98955,0,0,False,0.0404,20.0
bot->unsw,45,oracolo,0,0.0,0.98955,0,0,False,0.0404,20.0
bot->unsw,45,stat_13x13,0,0.0,0.98955,0,0,False,0.0404,20.0
bot->unsw,45,martingala,0,0.0,0.98955,0,0,False,0.0404,20.0
bot->unsw,45,stat_13x13_adaptive,0,0.0,0.98955,0,0,False,0.0404,20.0
bot->unsw,45,statico,1,0.053,0.8525926820108375,0,0,False,0.0619,20.0
bot->unsw,45,ogni_batch,1,0.053,0.8525926820108375,1,32,False,0.0619,20.0
bot->unsw,45,su_innesco,1,0.053,0.8525926820108375,0,0,False,0.0619,20.0
bot->unsw,45,oracolo,1,0.053,0.8525926820108375,1,32,False,0.0619,20.0
bot->unsw,45,stat_13x13,1,0.053,0.5,1,32,False,0.0619,20.0
bot->unsw,45,martingala,1,0.053,0.8525926820108375,0,0,False,0.0619,20.0
bot->unsw,45,stat_13x13_adaptive,1,0.053,0.5,1,32,False,0.0619,20.0
bot->unsw,45,statico,2,0.105,0.8304421863479328,0,0,False,0.0826,20.0
bot->unsw,45,ogni_batch,2,0.105,0.7873647276362166,2,64,False,0.0826,20.0
bot->unsw,45,su_innesco,2,0.105,0.8304421863479328,0,0,False,0.0826,20.0
bot->unsw,45,oracolo,2,0.105,0.9453248742397972,2,64,False,0.0826,20.0
bot->unsw,45,stat_13x13,2,0.105,0.5879166896497422,2,64,False,0.0826,20.0
bot->unsw,45,martingala,2,0.105,0.8304421863479328,0,0,False,0.0826,20.0
bot->unsw,45,stat_13x13_adaptive,2,0.105,0.5878128852172929,2,64,False,0.0826,20.0
bot->unsw,45,statico,3,0.158,0.8140202746730094,0,0,False,0.101,20.0
bot->unsw,45,ogni_batch,3,0.158,0.7679672253675021,3,96,False,0.101,20.0
bot->unsw,45,su_innesco,3,0.158,0.8140202746730094,0,0,False,0.101,20.0
bot->unsw,45,oracolo,3,0.158,0.9371578986144017,3,96,False,0.101,20.0
bot->unsw,45,stat_13x13,3,0.158,0.5858304882941318,3,96,False,0.101,20.0
bot->unsw,45,martingala,3,0.158,0.5843846318630422,1,32,False,0.101,20.0
bot->unsw,45,stat_13x13_adaptive,3,0.158,0.585161674136963,3,96,False,0.101,20.0
bot->unsw,45,statico,4,0.211,0.8031117975662415,0,0,False,0.1212,20.0
bot->unsw,45,ogni_batch,4,0.211,0.7542021600674291,4,128,False,0.1212,20.0
bot->unsw,45,su_innesco,4,0.211,0.8031117975662415,0,0,False,0.1212,20.0
bot->unsw,45,oracolo,4,0.211,0.9253879832194262,4,128,False,0.1212,20.0
bot->unsw,45,stat_13x13,4,0.211,0.586278315910951,4,128,False,0.1212,20.0
bot->unsw,45,martingala,4,0.211,0.5746520244857616,2,64,False,0.1212,20.0
bot->unsw,45,stat_13x13_adaptive,4,0.211,0.5883085108330232,4,128,False,0.1212,20.0
bot->unsw,45,statico,5,0.263,0.7832946846279442,0,0,False,0.1321,20.0
bot->unsw,45,ogni_batch,5,0.263,0.8131414071057798,5,160,False,0.1321,20.0
bot->unsw,45,su_innesco,5,0.263,0.7832946846279442,0,0,False,0.1321,20.0
bot->unsw,45,oracolo,5,0.263,0.9104836405677299,5,160,False,0.1321,20.0
bot->unsw,45,stat_13x13,5,0.263,0.5883961757219115,5,160,False,0.1321,20.0
bot->unsw,45,martingala,5,0.263,0.6565626237843543,3,96,False,0.1321,20.0
bot->unsw,45,stat_13x13_adaptive,5,0.263,0.5909505327241552,5,160,False,0.1321,20.0
bot->unsw,45,statico,6,0.316,0.7625225631768953,0,0,True,0.15625,20.0
bot->unsw,45,ogni_batch,6,0.316,0.8174960752783851,6,192,True,0.15625,20.0
bot->unsw,45,su_innesco,6,0.316,0.7625225631768953,0,0,True,0.15625,20.0
bot->unsw,45,oracolo,6,0.316,0.8995060729902883,6,192,True,0.15625,20.0
bot->unsw,45,stat_13x13,6,0.316,0.5673788897645802,6,192,True,0.15625,20.0
bot->unsw,45,martingala,6,0.316,0.7481587970966594,4,128,True,0.15625,20.0
bot->unsw,45,stat_13x13_adaptive,6,0.316,0.5789719136116337,6,192,True,0.15625,20.0
bot->unsw,45,statico,7,0.368,0.7489424095353094,0,0,True,0.17345,20.0
bot->unsw,45,ogni_batch,7,0.368,0.8083048970266615,7,224,True,0.17345,20.0
bot->unsw,45,su_innesco,7,0.368,0.8191714663398462,1,32,True,0.17345,20.0
bot->unsw,45,oracolo,7,0.368,0.8826217684145798,7,224,True,0.17345,20.0
bot->unsw,45,stat_13x13,7,0.368,0.5812180494543465,7,224,True,0.17345,20.0
bot->unsw,45,martingala,7,0.368,0.7882326281372023,5,160,True,0.17345,20.0
bot->unsw,45,stat_13x13_adaptive,7,0.368,0.6100324629366789,7,224,True,0.17345,20.0
bot->unsw,45,statico,8,0.421,0.7359884711869982,0,0,True,0.19145,20.0
bot->unsw,45,ogni_batch,8,0.421,0.8240312885089889,8,256,True,0.19145,20.0
bot->unsw,45,su_innesco,8,0.421,0.8054272384684145,2,64,True,0.19145,20.0
bot->unsw,45,oracolo,8,0.421,0.8632132985669151,8,256,True,0.19145,20.0
bot->unsw,45,stat_13x13,8,0.421,0.6003891814080146,8,256,True,0.19145,20.0
bot->unsw,45,martingala,8,0.421,0.7824540173559588,6,192,True,0.19145,20.0
bot->unsw,45,stat_13x13_adaptive,8,0.421,0.6436283298145484,8,256,True,0.19145,20.0
bot->unsw,45,statico,9,0.474,0.7081647897118466,0,0,True,0.2114,20.0
bot->unsw,45,ogni_batch,9,0.474,0.8176474132141636,9,288,True,0.2114,20.0
bot->unsw,45,su_innesco,9,0.474,0.7868551538000761,3,96,True,0.2114,20.0
bot->unsw,45,oracolo,9,0.474,0.8988905801197487,9,288,True,0.2114,20.0
bot->unsw,45,stat_13x13,9,0.474,0.5945162237616021,9,288,True,0.2114,20.0
bot->unsw,45,martingala,9,0.474,0.7656636051432534,7,224,True,0.2114,20.0
bot->unsw,45,stat_13x13_adaptive,9,0.474,0.7090655236244224,9,288,True,0.2114,20.0
bot->unsw,45,statico,10,0.526,0.7001513903968767,0,0,True,0.2257,20.0
bot->unsw,45,ogni_batch,10,0.526,0.8343902109022179,10,320,True,0.2257,20.0
bot->unsw,45,su_innesco,10,0.526,0.8477326873358093,4,128,True,0.2257,20.0
bot->unsw,45,oracolo,10,0.526,0.889919625859553,10,320,True,0.2257,20.0
bot->unsw,45,stat_13x13,10,0.526,0.6204939139028369,10,320,True,0.2257,20.0
bot->unsw,45,martingala,10,0.526,0.7935817789805668,8,256,True,0.2257,20.0
bot->unsw,45,stat_13x13_adaptive,10,0.526,0.7087235774177127,10,320,True,0.2257,20.0
bot->unsw,45,statico,11,0.579,0.6766600717076681,0,0,True,0.25125,20.0
bot->unsw,45,ogni_batch,11,0.579,0.8545402532234879,11,352,True,0.25125,20.0
bot->unsw,45,su_innesco,11,0.579,0.8392094456641788,5,160,True,0.25125,20.0
bot->unsw,45,oracolo,11,0.579,0.8727461389102065,11,352,True,0.25125,20.0
bot->unsw,45,stat_13x13,11,0.579,0.6627729778492248,11,352,True,0.25125,20.0
bot->unsw,45,martingala,11,0.579,0.7647938173136104,9,288,True,0.25125,20.0
bot->unsw,45,stat_13x13_adaptive,11,0.579,0.7850400123260959,11,352,True,0.25125,20.0
bot->unsw,45,statico,12,0.632,0.6489907864208638,0,0,True,0.26415,20.0
bot->unsw,45,ogni_batch,12,0.632,0.8503563144792476,12,384,True,0.26415,20.0
bot->unsw,45,su_innesco,12,0.632,0.8349665377431537,6,192,True,0.26415,20.0
bot->unsw,45,oracolo,12,0.632,0.8737075450668295,12,384,True,0.26415,20.0
bot->unsw,45,stat_13x13,12,0.632,0.6762665365837388,12,384,True,0.26415,20.0
bot->unsw,45,martingala,12,0.632,0.7735850411715094,10,320,True,0.26415,20.0
bot->unsw,45,stat_13x13_adaptive,12,0.632,0.6856964922443994,12,384,True,0.26415,20.0
bot->unsw,45,statico,13,0.684,0.6272249685687192,0,0,True,0.2873,20.0
bot->unsw,45,ogni_batch,13,0.684,0.8358521695444656,13,416,True,0.2873,20.0
bot->unsw,45,su_innesco,13,0.684,0.8210854555155576,7,224,True,0.2873,20.0
bot->unsw,45,oracolo,13,0.684,0.84976812953707,13,416,True,0.2873,20.0
bot->unsw,45,stat_13x13,13,0.684,0.6880917101640814,13,416,True,0.2873,20.0
bot->unsw,45,martingala,13,0.684,0.8404844247893786,11,352,True,0.2873,20.0
bot->unsw,45,stat_13x13_adaptive,13,0.684,0.6962846096120359,13,416,True,0.2873,20.0
bot->unsw,45,statico,14,0.737,0.602556595074818,0,0,True,0.3003,20.0
bot->unsw,45,ogni_batch,14,0.737,0.8243308199294928,14,448,True,0.3003,20.0
bot->unsw,45,su_innesco,14,0.737,0.8081927077133171,8,256,True,0.3003,20.0
bot->unsw,45,oracolo,14,0.737,0.8416612435133366,14,448,True,0.3003,20.0
bot->unsw,45,stat_13x13,14,0.737,0.7403639063684919,14,448,True,0.3003,20.0
bot->unsw,45,martingala,14,0.737,0.8028946944005186,12,384,True,0.3003,20.0
bot->unsw,45,stat_13x13_adaptive,14,0.737,0.7252056198940215,14,448,True,0.3003,20.0
bot->unsw,45,statico,15,0.789,0.573740637511226,0,0,True,0.3242,20.0
bot->unsw,45,ogni_batch,15,0.789,0.806705512083443,15,480,True,0.3242,20.0
bot->unsw,45,su_innesco,15,0.789,0.7922783701870546,9,288,True,0.3242,20.0
bot->unsw,45,oracolo,15,0.789,0.8089642134195362,15,480,True,0.3242,20.0
bot->unsw,45,stat_13x13,15,0.789,0.7396444338142234,15,480,True,0.3242,20.0
bot->unsw,45,martingala,15,0.789,0.8110934202265649,13,416,True,0.3242,20.0
bot->unsw,45,stat_13x13_adaptive,15,0.789,0.7388934783201349,15,480,True,0.3242,20.0
bot->unsw,45,statico,16,0.842,0.559177702263816,0,0,True,0.34615,20.0
bot->unsw,45,ogni_batch,16,0.842,0.8008878871773479,16,512,True,0.34615,20.0
bot->unsw,45,su_innesco,16,0.842,0.7837415218710058,10,320,True,0.34615,20.0
bot->unsw,45,oracolo,16,0.842,0.7955898153345178,16,512,True,0.34615,20.0
bot->unsw,45,stat_13x13,16,0.842,0.6628936496376572,16,512,True,0.34615,20.0
bot->unsw,45,martingala,16,0.842,0.7960224289951874,14,448,True,0.34615,20.0
bot->unsw,45,stat_13x13_adaptive,16,0.842,0.6867813337520442,16,512,True,0.34615,20.0
bot->unsw,45,statico,17,0.895,0.525912847984967,0,0,True,0.3598,20.0
bot->unsw,45,ogni_batch,17,0.895,0.80184796233553,17,544,True,0.3598,20.0
bot->unsw,45,su_innesco,17,0.895,0.7740468535435279,11,352,True,0.3598,20.0
bot->unsw,45,oracolo,17,0.895,0.8025306454544857,17,544,True,0.3598,20.0
bot->unsw,45,stat_13x13,17,0.895,0.740570787331387,17,544,True,0.3598,20.0
bot->unsw,45,martingala,17,0.895,0.7894242428888163,15,480,True,0.3598,20.0
bot->unsw,45,stat_13x13_adaptive,17,0.895,0.7382493362067896,17,544,True,0.3598,20.0
bot->unsw,45,statico,18,0.947,0.49868711513884045,0,0,True,0.38305,20.0
bot->unsw,45,ogni_batch,18,0.947,0.7659652131902007,18,576,True,0.38305,20.0
bot->unsw,45,su_innesco,18,0.947,0.7678790254655807,12,384,True,0.38305,20.0
bot->unsw,45,oracolo,18,0.947,0.7878698087190756,18,576,True,0.38305,20.0
bot->unsw,45,stat_13x13,18,0.947,0.7512910828534802,18,576,True,0.38305,20.0
bot->unsw,45,martingala,18,0.947,0.7774437960959222,16,512,True,0.38305,20.0
bot->unsw,45,stat_13x13_adaptive,18,0.947,0.7343728920662703,18,576,True,0.38305,20.0
bot->unsw,45,statico,19,1.0,0.46110775293632383,0,0,True,0.39865,20.0
bot->unsw,45,ogni_batch,19,1.0,0.7654787677026207,19,608,True,0.39865,20.0
bot->unsw,45,su_innesco,19,1.0,0.7654787677026207,13,416,True,0.39865,20.0
bot->unsw,45,oracolo,19,1.0,0.7886455364704561,19,608,True,0.39865,20.0
bot->unsw,45,stat_13x13,19,1.0,0.7062150188243098,19,608,True,0.39865,20.0
bot->unsw,45,martingala,19,1.0,0.7654787677026207,17,544,True,0.39865,20.0
bot->unsw,45,stat_13x13_adaptive,19,1.0,0.706697484134997,19,608,True,0.39865,20.0
bot->unsw,46,statico,0,0.0,0.9885,0,0,False,0.0454,20.0
bot->unsw,46,ogni_batch,0,0.0,0.9885,0,0,False,0.0454,20.0
bot->unsw,46,su_innesco,0,0.0,0.9885,0,0,False,0.0454,20.0
bot->unsw,46,oracolo,0,0.0,0.9885,0,0,False,0.0454,20.0
bot->unsw,46,stat_13x13,0,0.0,0.9885,0,0,False,0.0454,20.0
bot->unsw,46,martingala,0,0.0,0.9885,0,0,False,0.0454,20.0
bot->unsw,46,stat_13x13_adaptive,0,0.0,0.9885,0,0,False,0.0454,20.0
bot->unsw,46,statico,1,0.053,0.8339677557808896,0,0,False,0.0651,20.0
bot->unsw,46,ogni_batch,1,0.053,0.8339677557808896,1,32,False,0.0651,20.0
bot->unsw,46,su_innesco,1,0.053,0.8339677557808896,0,0,False,0.0651,20.0
bot->unsw,46,oracolo,1,0.053,0.8339677557808896,1,32,False,0.0651,20.0
bot->unsw,46,stat_13x13,1,0.053,0.5,1,32,False,0.0651,20.0
bot->unsw,46,martingala,1,0.053,0.8339677557808896,0,0,False,0.0651,20.0
bot->unsw,46,stat_13x13_adaptive,1,0.053,0.5,1,32,False,0.0651,20.0
bot->unsw,46,statico,2,0.105,0.8430367976310849,0,0,False,0.0793,20.0
bot->unsw,46,ogni_batch,2,0.105,0.5720424671385238,2,64,False,0.0793,20.0
bot->unsw,46,su_innesco,2,0.105,0.8430367976310849,0,0,False,0.0793,20.0
bot->unsw,46,oracolo,2,0.105,0.9563772930810341,2,64,False,0.0793,20.0
bot->unsw,46,stat_13x13,2,0.105,0.5696974758052867,2,64,False,0.0793,20.0
bot->unsw,46,martingala,2,0.105,0.8430367976310849,0,0,False,0.0793,20.0
bot->unsw,46,stat_13x13_adaptive,2,0.105,0.5823771305792287,2,64,False,0.0793,20.0
bot->unsw,46,statico,3,0.158,0.8333047225631811,0,0,False,0.10085,20.0
bot->unsw,46,ogni_batch,3,0.158,0.6073616905520527,3,96,False,0.10085,20.0
bot->unsw,46,su_innesco,3,0.158,0.8333047225631811,0,0,False,0.10085,20.0
bot->unsw,46,oracolo,3,0.158,0.9413066942728704,3,96,False,0.10085,20.0
bot->unsw,46,stat_13x13,3,0.158,0.5901342740535659,3,96,False,0.10085,20.0
bot->unsw,46,martingala,3,0.158,0.5711344546014647,1,32,False,0.10085,20.0
bot->unsw,46,stat_13x13_adaptive,3,0.158,0.5966493551425367,3,96,False,0.10085,20.0
bot->unsw,46,statico,4,0.211,0.8001279240963173,0,0,False,0.1122,20.0
bot->unsw,46,ogni_batch,4,0.211,0.628329241788247,4,128,False,0.1122,20.0
bot->unsw,46,su_innesco,4,0.211,0.8001279240963173,0,0,False,0.1122,20.0
bot->unsw,46,oracolo,4,0.211,0.9138559643688187,4,128,False,0.1122,20.0
bot->unsw,46,stat_13x13,4,0.211,0.5765874384178705,4,128,False,0.1122,20.0
bot->unsw,46,martingala,4,0.211,0.5808375373641415,2,64,False,0.1122,20.0
bot->unsw,46,stat_13x13_adaptive,4,0.211,0.5461636391094367,4,128,False,0.1122,20.0
bot->unsw,46,statico,5,0.263,0.7905999271200359,0,0,False,0.1345,20.0
bot->unsw,46,ogni_batch,5,0.263,0.6142698248442371,5,160,False,0.1345,20.0
bot->unsw,46,su_innesco,5,0.263,0.7905999271200359,0,0,False,0.1345,20.0
bot->unsw,46,oracolo,5,0.263,0.8985226638256532,5,160,False,0.1345,20.0
bot->unsw,46,stat_13x13,5,0.263,0.602720708888734,5,160,False,0.1345,20.0
bot->unsw,46,martingala,5,0.263,0.6431820827939747,3,96,False,0.1345,20.0
bot->unsw,46,stat_13x13_adaptive,5,0.263,0.567357240388597,5,160,False,0.1345,20.0
bot->unsw,46,statico,6,0.316,0.765205300475533,0,0,True,0.15485,20.0
bot->unsw,46,ogni_batch,6,0.316,0.8145101835167359,6,192,True,0.15485,20.0
bot->unsw,46,su_innesco,6,0.316,0.765205300475533,0,0,True,0.15485,20.0
bot->unsw,46,oracolo,6,0.316,0.8767635688806911,6,192,True,0.15485,20.0
bot->unsw,46,stat_13x13,6,0.316,0.7070813619073426,6,192,True,0.15485,20.0
bot->unsw,46,martingala,6,0.316,0.8285308290142466,4,128,True,0.15485,20.0
bot->unsw,46,stat_13x13_adaptive,6,0.316,0.6342611030331793,6,192,True,0.15485,20.0
bot->unsw,46,statico,7,0.368,0.758466688062954,0,0,True,0.1709,20.0
bot->unsw,46,ogni_batch,7,0.368,0.8739628459170166,7,224,True,0.1709,20.0
bot->unsw,46,su_innesco,7,0.368,0.7697345223199283,1,32,True,0.1709,20.0
bot->unsw,46,oracolo,7,0.368,0.8752449151939092,7,224,True,0.1709,20.0
bot->unsw,46,stat_13x13,7,0.368,0.7431737693925022,7,224,True,0.1709,20.0
bot->unsw,46,martingala,7,0.368,0.8553812717465938,5,160,True,0.1709,20.0
bot->unsw,46,stat_13x13_adaptive,7,0.368,0.6813245030328329,7,224,True,0.1709,20.0
bot->unsw,46,statico,8,0.421,0.739631791904209,0,0,True,0.186,20.0
bot->unsw,46,ogni_batch,8,0.421,0.8596260086638141,8,256,True,0.186,20.0
bot->unsw,46,su_innesco,8,0.421,0.8269919200723077,2,64,True,0.186,20.0
bot->unsw,46,oracolo,8,0.421,0.9058263160897254,8,256,True,0.186,20.0
bot->unsw,46,stat_13x13,8,0.421,0.75948464989,8,256,True,0.186,20.0
bot->unsw,46,martingala,8,0.421,0.8510985102359472,6,192,True,0.186,20.0
bot->unsw,46,stat_13x13_adaptive,8,0.421,0.695234902277348,8,256,True,0.186,20.0
bot->unsw,46,statico,9,0.474,0.7241716355485441,0,0,True,0.2038,20.0
bot->unsw,46,ogni_batch,9,0.474,0.8856814123831018,9,288,True,0.2038,20.0
bot->unsw,46,su_innesco,9,0.474,0.8377881748047453,3,96,True,0.2038,20.0
bot->unsw,46,oracolo,9,0.474,0.8727610918379574,9,288,True,0.2038,20.0
bot->unsw,46,stat_13x13,9,0.474,0.7594201105093921,9,288,True,0.2038,20.0
bot->unsw,46,martingala,9,0.474,0.8475300384798967,7,224,True,0.2038,20.0
bot->unsw,46,stat_13x13_adaptive,9,0.474,0.7087068588388573,9,288,True,0.2038,20.0
bot->unsw,46,statico,10,0.526,0.6986334380698356,0,0,True,0.2181,20.0
bot->unsw,46,ogni_batch,10,0.526,0.8715195633859731,10,320,True,0.2181,20.0
bot->unsw,46,su_innesco,10,0.526,0.8868895693032547,4,128,True,0.2181,20.0
bot->unsw,46,oracolo,10,0.526,0.8587743982187859,10,320,True,0.2181,20.0
bot->unsw,46,stat_13x13,10,0.526,0.7336555390184247,10,320,True,0.2181,20.0
bot->unsw,46,martingala,10,0.526,0.8393845405514705,8,256,True,0.2181,20.0
bot->unsw,46,stat_13x13_adaptive,10,0.526,0.6954613840596624,10,320,True,0.2181,20.0
bot->unsw,46,statico,11,0.579,0.6768893128793865,0,0,True,0.23835,20.0
bot->unsw,46,ogni_batch,11,0.579,0.8704606324777657,11,352,True,0.23835,20.0
bot->unsw,46,su_innesco,11,0.579,0.8631350230756285,5,160,True,0.23835,20.0
bot->unsw,46,oracolo,11,0.579,0.8523340494138933,11,352,True,0.23835,20.0
bot->unsw,46,stat_13x13,11,0.579,0.7845656584220362,11,352,True,0.23835,20.0
bot->unsw,46,martingala,11,0.579,0.8581357881525256,9,288,True,0.23835,20.0
bot->unsw,46,stat_13x13_adaptive,11,0.579,0.7472970719054928,11,352,True,0.23835,20.0
bot->unsw,46,statico,12,0.632,0.6652356212216906,0,0,True,0.26275,20.0
bot->unsw,46,ogni_batch,12,0.632,0.8463069322886747,12,384,True,0.26275,20.0
bot->unsw,46,su_innesco,12,0.632,0.8396773139043198,6,192,True,0.26275,20.0
bot->unsw,46,oracolo,12,0.632,0.8340363197295679,12,384,True,0.26275,20.0
bot->unsw,46,stat_13x13,12,0.632,0.8149747915813721,12,384,True,0.26275,20.0
bot->unsw,46,martingala,12,0.632,0.8320702147114758,10,320,True,0.26275,20.0
bot->unsw,46,stat_13x13_adaptive,12,0.632,0.7957922728976616,12,384,True,0.26275,20.0
bot->unsw,46,statico,13,0.684,0.6334587000375835,0,0,True,0.2732,20.0
bot->unsw,46,ogni_batch,13,0.684,0.8429549622771055,13,416,True,0.2732,20.0
bot->unsw,46,su_innesco,13,0.684,0.8392531252033557,7,224,True,0.2732,20.0
bot->unsw,46,oracolo,13,0.684,0.8301779835349958,13,416,True,0.2732,20.0
bot->unsw,46,stat_13x13,13,0.684,0.6880590870276005,13,416,True,0.2732,20.0
bot->unsw,46,martingala,13,0.684,0.8402233227223167,11,352,True,0.2732,20.0
bot->unsw,46,stat_13x13_adaptive,13,0.684,0.6878809972496351,13,416,True,0.2732,20.0
bot->unsw,46,statico,14,0.737,0.6112803216286528,0,0,True,0.2908,20.0
bot->unsw,46,ogni_batch,14,0.737,0.8021593717990606,14,448,True,0.2908,20.0
bot->unsw,46,su_innesco,14,0.737,0.8341885127707731,8,256,True,0.2908,20.0
bot->unsw,46,oracolo,14,0.737,0.8194370855229476,14,448,True,0.2908,20.0
bot->unsw,46,stat_13x13,14,0.737,0.7076611185121565,14,448,True,0.2908,20.0
bot->unsw,46,martingala,14,0.737,0.8094974993963514,12,384,True,0.2908,20.0
bot->unsw,46,stat_13x13_adaptive,14,0.737,0.720882668742942,14,448,True,0.2908,20.0
bot->unsw,46,statico,15,0.789,0.5875873249955097,0,0,True,0.3111,20.0
bot->unsw,46,ogni_batch,15,0.789,0.8178478975362555,15,480,True,0.3111,20.0
bot->unsw,46,su_innesco,15,0.789,0.8219936903776863,9,288,True,0.3111,20.0
bot->unsw,46,oracolo,15,0.789,0.8052119994010615,15,480,True,0.3111,20.0
bot->unsw,46,stat_13x13,15,0.789,0.726419453178148,15,480,True,0.3111,20.0
bot->unsw,46,martingala,15,0.789,0.7837431541224853,13,416,True,0.3111,20.0
bot->unsw,46,stat_13x13_adaptive,15,0.789,0.7250034151936516,15,480,True,0.3111,20.0
bot->unsw,46,statico,16,0.842,0.5579302101705754,0,0,True,0.33275,20.0
bot->unsw,46,ogni_batch,16,0.842,0.8114808887135152,16,512,True,0.33275,20.0
bot->unsw,46,su_innesco,16,0.842,0.8138864415950007,10,320,True,0.33275,20.0
bot->unsw,46,oracolo,16,0.842,0.7955768328388666,16,512,True,0.33275,20.0
bot->unsw,46,stat_13x13,16,0.842,0.7503946379507438,16,512,True,0.33275,20.0
bot->unsw,46,martingala,16,0.842,0.7699867609904756,14,448,True,0.33275,20.0
bot->unsw,46,stat_13x13_adaptive,16,0.842,0.7291807575045464,16,512,True,0.33275,20.0
bot->unsw,46,statico,17,0.895,0.5328584769320891,0,0,True,0.348,20.0
bot->unsw,46,ogni_batch,17,0.895,0.8023456351535918,17,544,True,0.348,20.0
bot->unsw,46,su_innesco,17,0.895,0.7974683288690564,11,352,True,0.348,20.0
bot->unsw,46,oracolo,17,0.895,0.7849759255803004,17,544,True,0.348,20.0
bot->unsw,46,stat_13x13,17,0.895,0.719412773691691,17,544,True,0.348,20.0
bot->unsw,46,martingala,17,0.895,0.7770177058989768,15,480,True,0.348,20.0
bot->unsw,46,stat_13x13_adaptive,17,0.895,0.7193979689787262,17,544,True,0.348,20.0
bot->unsw,46,statico,18,0.947,0.507209428124535,0,0,True,0.36645,20.0
bot->unsw,46,ogni_batch,18,0.947,0.7954328942192636,18,576,True,0.36645,20.0
bot->unsw,46,su_innesco,18,0.947,0.7737276156972138,12,384,True,0.36645,20.0
bot->unsw,46,oracolo,18,0.947,0.790462269704924,18,576,True,0.36645,20.0
bot->unsw,46,stat_13x13,18,0.947,0.7164959721475315,18,576,True,0.36645,20.0
bot->unsw,46,martingala,18,0.947,0.7678248700674333,16,512,True,0.36645,20.0
bot->unsw,46,stat_13x13_adaptive,18,0.947,0.7268957382399235,18,576,True,0.36645,20.0
bot->unsw,46,statico,19,1.0,0.46135289423701187,0,0,True,0.38155,20.0
bot->unsw,46,ogni_batch,19,1.0,0.7852883235297519,19,608,True,0.38155,20.0
bot->unsw,46,su_innesco,19,1.0,0.7619451329780241,13,416,True,0.38155,20.0
bot->unsw,46,oracolo,19,1.0,0.7856870273892009,19,608,True,0.38155,20.0
bot->unsw,46,stat_13x13,19,1.0,0.7312534253122852,19,608,True,0.38155,20.0
bot->unsw,46,martingala,19,1.0,0.7811207853526121,17,544,True,0.38155,20.0
bot->unsw,46,stat_13x13_adaptive,19,1.0,0.7240975031695982,19,608,True,0.38155,20.0
bot->unsw,47,statico,0,0.0,0.9894,0,0,False,0.0557,20.0
bot->unsw,47,ogni_batch,0,0.0,0.9894,0,0,False,0.0557,20.0
bot->unsw,47,su_innesco,0,0.0,0.9894,0,0,False,0.0557,20.0
bot->unsw,47,oracolo,0,0.0,0.9894,0,0,False,0.0557,20.0
bot->unsw,47,stat_13x13,0,0.0,0.9894,0,0,False,0.0557,20.0
bot->unsw,47,martingala,0,0.0,0.9894,0,0,False,0.0557,20.0
bot->unsw,47,stat_13x13_adaptive,0,0.0,0.9894,0,0,False,0.0557,20.0
bot->unsw,47,statico,1,0.053,0.8432954390973355,0,0,False,0.0739,20.0
bot->unsw,47,ogni_batch,1,0.053,0.8432954390973355,1,32,False,0.0739,20.0
bot->unsw,47,su_innesco,1,0.053,0.8432954390973355,0,0,False,0.0739,20.0
bot->unsw,47,oracolo,1,0.053,0.8432954390973355,1,32,False,0.0739,20.0
bot->unsw,47,stat_13x13,1,0.053,0.5,1,32,False,0.0739,20.0
bot->unsw,47,martingala,1,0.053,0.8432954390973355,0,0,False,0.0739,20.0
bot->unsw,47,stat_13x13_adaptive,1,0.053,0.5,1,32,False,0.0739,20.0
bot->unsw,47,statico,2,0.105,0.8348676201085676,0,0,False,0.0918,20.0
bot->unsw,47,ogni_batch,2,0.105,0.6564532196119486,2,64,False,0.0918,20.0
bot->unsw,47,su_innesco,2,0.105,0.8348676201085676,0,0,False,0.0918,20.0
bot->unsw,47,oracolo,2,0.105,0.9255690419962999,2,64,False,0.0918,20.0
bot->unsw,47,stat_13x13,2,0.105,0.5087981151179509,2,64,False,0.0918,20.0
bot->unsw,47,martingala,2,0.105,0.6430223656762593,1,32,False,0.0918,20.0
bot->unsw,47,stat_13x13_adaptive,2,0.105,0.5030271979544799,2,64,False,0.0918,20.0
bot->unsw,47,statico,3,0.158,0.8327780894660622,0,0,False,0.10935,20.0
bot->unsw,47,ogni_batch,3,0.158,0.9132924772853889,3,96,False,0.10935,20.0
bot->unsw,47,su_innesco,3,0.158,0.8327780894660622,0,0,False,0.10935,20.0
bot->unsw,47,oracolo,3,0.158,0.9142433557356013,3,96,False,0.10935,20.0
bot->unsw,47,stat_13x13,3,0.158,0.5435045798533598,3,96,False,0.10935,20.0
bot->unsw,47,martingala,3,0.158,0.9127749503197686,2,64,False,0.10935,20.0
bot->unsw,47,stat_13x13_adaptive,3,0.158,0.503336668921823,3,96,False,0.10935,20.0
bot->unsw,47,statico,4,0.211,0.8120955389110994,0,0,False,0.12885,20.0
bot->unsw,47,ogni_batch,4,0.211,0.934405143469935,4,128,False,0.12885,20.0
bot->unsw,47,su_innesco,4,0.211,0.8120955389110994,0,0,False,0.12885,20.0
bot->unsw,47,oracolo,4,0.211,0.9011736192092641,4,128,False,0.12885,20.0
bot->unsw,47,stat_13x13,4,0.211,0.5481290660337131,4,128,False,0.12885,20.0
bot->unsw,47,martingala,4,0.211,0.9007161961384426,3,96,False,0.12885,20.0
bot->unsw,47,stat_13x13_adaptive,4,0.211,0.5061709085811558,4,128,False,0.12885,20.0
bot->unsw,47,statico,5,0.263,0.8001790638205566,0,0,True,0.14485,20.0
bot->unsw,47,ogni_batch,5,0.263,0.9086215990852252,5,160,True,0.14485,20.0
bot->unsw,47,su_innesco,5,0.263,0.8001790638205566,0,0,True,0.14485,20.0
bot->unsw,47,oracolo,5,0.263,0.9123364230620017,5,160,True,0.14485,20.0
bot->unsw,47,stat_13x13,5,0.263,0.6063556590100168,5,160,True,0.14485,20.0
bot->unsw,47,martingala,5,0.263,0.8929881328648218,4,128,True,0.14485,20.0
bot->unsw,47,stat_13x13_adaptive,5,0.263,0.5128367310615067,5,160,True,0.14485,20.0
bot->unsw,47,statico,6,0.316,0.7782930005370949,0,0,True,0.15665,20.0
bot->unsw,47,ogni_batch,6,0.316,0.8961947324152049,6,192,True,0.15665,20.0
bot->unsw,47,su_innesco,6,0.316,0.8076799521681411,1,32,True,0.15665,20.0
bot->unsw,47,oracolo,6,0.316,0.8951549975172022,6,192,True,0.15665,20.0
bot->unsw,47,stat_13x13,6,0.316,0.6415194722281337,6,192,True,0.15665,20.0
bot->unsw,47,martingala,6,0.316,0.887436283302425,5,160,True,0.15665,20.0
bot->unsw,47,stat_13x13_adaptive,6,0.316,0.5816024686103426,6,192,True,0.15665,20.0
bot->unsw,47,statico,7,0.368,0.768911494382593,0,0,True,0.1775,20.0
bot->unsw,47,ogni_batch,7,0.368,0.8836987779746824,7,224,True,0.1775,20.0
bot->unsw,47,su_innesco,7,0.368,0.8787234508338624,2,64,True,0.1775,20.0
bot->unsw,47,oracolo,7,0.368,0.8760474237725996,7,224,True,0.1775,20.0
bot->unsw,47,stat_13x13,7,0.368,0.6426082412980556,7,224,True,0.1775,20.0
bot->unsw,47,martingala,7,0.368,0.8742100495962207,6,192,True,0.1775,20.0
bot->unsw,47,stat_13x13_adaptive,7,0.368,0.5791413614404759,7,224,True,0.1775,20.0
bot->unsw,47,statico,8,0.421,0.7411096949931901,0,0,True,0.1941,20.0
bot->unsw,47,ogni_batch,8,0.421,0.877414384547939,8,256,True,0.1941,20.0
bot->unsw,47,su_innesco,8,0.421,0.8685314699700207,3,96,True,0.1941,20.0
bot->unsw,47,oracolo,8,0.421,0.8624814896422759,8,256,True,0.1941,20.0
bot->unsw,47,stat_13x13,8,0.421,0.6504129802140695,8,256,True,0.1941,20.0
bot->unsw,47,martingala,8,0.421,0.8603022654940723,7,224,True,0.1941,20.0
bot->unsw,47,stat_13x13_adaptive,8,0.421,0.5682825725153454,8,256,True,0.1941,20.0
bot->unsw,47,statico,9,0.474,0.7276276991231597,0,0,True,0.2134,20.0
bot->unsw,47,ogni_batch,9,0.474,0.8890507833717789,9,288,True,0.2134,20.0
bot->unsw,47,su_innesco,9,0.474,0.886183945992847,4,128,True,0.2134,20.0
bot->unsw,47,oracolo,9,0.474,0.8461088890299735,9,288,True,0.2134,20.0
bot->unsw,47,stat_13x13,9,0.474,0.7266346404813804,9,288,True,0.2134,20.0
bot->unsw,47,martingala,9,0.474,0.869183438088587,8,256,True,0.2134,20.0
bot->unsw,47,stat_13x13_adaptive,9,0.474,0.6715566560147856,9,288,True,0.2134,20.0
bot->unsw,47,statico,10,0.526,0.706447001221769,0,0,True,0.22785,20.0
bot->unsw,47,ogni_batch,10,0.526,0.8785451319363717,10,320,True,0.22785,20.0
bot->unsw,47,su_innesco,10,0.526,0.8768858302696085,5,160,True,0.22785,20.0
bot->unsw,47,oracolo,10,0.526,0.8254806654492879,10,320,True,0.22785,20.0
bot->unsw,47,stat_13x13,10,0.526,0.6701717104068035,10,320,True,0.22785,20.0
bot->unsw,47,martingala,10,0.526,0.8537278232163709,9,288,True,0.22785,20.0
bot->unsw,47,stat_13x13_adaptive,10,0.526,0.6371606934336274,10,320,True,0.22785,20.0
bot->unsw,47,statico,11,0.579,0.6745470148949564,0,0,True,0.2488,20.0
bot->unsw,47,ogni_batch,11,0.579,0.8710488814819175,11,352,True,0.2488,20.0
bot->unsw,47,su_innesco,11,0.579,0.841969071869259,6,192,True,0.2488,20.0
bot->unsw,47,oracolo,11,0.579,0.8117576863681033,11,352,True,0.2488,20.0
bot->unsw,47,stat_13x13,11,0.579,0.7311499624871121,11,352,True,0.2488,20.0
bot->unsw,47,martingala,11,0.579,0.8507393133556449,10,320,True,0.2488,20.0
bot->unsw,47,stat_13x13_adaptive,11,0.579,0.7171807517371411,11,352,True,0.2488,20.0
bot->unsw,47,statico,12,0.632,0.6549486230751804,0,0,True,0.2655,20.0
bot->unsw,47,ogni_batch,12,0.632,0.838117379863963,12,384,True,0.2655,20.0
bot->unsw,47,su_innesco,12,0.632,0.8323192513897038,7,224,True,0.2655,20.0
bot->unsw,47,oracolo,12,0.632,0.8712916548074745,12,384,True,0.2655,20.0
bot->unsw,47,stat_13x13,12,0.632,0.707977363948443,12,384,True,0.2655,20.0
bot->unsw,47,martingala,12,0.632,0.8376913202330404,11,352,True,0.2655,20.0
bot->unsw,47,stat_13x13_adaptive,12,0.632,0.6601953717203284,12,384,True,0.2655,20.0
bot->unsw,47,statico,13,0.684,0.6338822877560586,0,0,True,0.2785,20.0
bot->unsw,47,ogni_batch,13,0.684,0.8273428016798088,13,416,True,0.2785,20.0
bot->unsw,47,su_innesco,13,0.684,0.8210247284000143,8,256,True,0.2785,20.0
bot->unsw,47,oracolo,13,0.684,0.8562978532792573,13,416,True,0.2785,20.0
bot->unsw,47,stat_13x13,13,0.684,0.7247619303418273,13,416,True,0.2785,20.0
bot->unsw,47,martingala,13,0.684,0.8363204494276884,12,384,True,0.2785,20.0
bot->unsw,47,stat_13x13_adaptive,13,0.684,0.7088299345248874,13,416,True,0.2785,20.0
bot->unsw,47,statico,14,0.737,0.611444076483178,0,0,True,0.30005,20.0
bot->unsw,47,ogni_batch,14,0.737,0.7965486003995998,14,448,True,0.30005,20.0
bot->unsw,47,su_innesco,14,0.737,0.8130902776646166,9,288,True,0.30005,20.0
bot->unsw,47,oracolo,14,0.737,0.8266017967456043,14,448,True,0.30005,20.0
bot->unsw,47,stat_13x13,14,0.737,0.7247084697151531,14,448,True,0.30005,20.0
bot->unsw,47,martingala,14,0.737,0.8082096953991496,13,416,True,0.30005,20.0
bot->unsw,47,stat_13x13_adaptive,14,0.737,0.716739027726629,14,448,True,0.30005,20.0
bot->unsw,47,statico,15,0.789,0.5874252384435915,0,0,True,0.319,20.0
bot->unsw,47,ogni_batch,15,0.789,0.7867581149211389,15,480,True,0.319,20.0
bot->unsw,47,su_innesco,15,0.789,0.7797222022933397,10,320,True,0.319,20.0
bot->unsw,47,oracolo,15,0.789,0.8131406604537614,15,480,True,0.319,20.0
bot->unsw,47,stat_13x13,15,0.789,0.7773813692431697,15,480,True,0.319,20.0
bot->unsw,47,martingala,15,0.789,0.7821869166610143,14,448,True,0.319,20.0
bot->unsw,47,stat_13x13_adaptive,15,0.789,0.7456038868921941,15,480,True,0.319,20.0
bot->unsw,47,statico,16,0.842,0.5621856331514163,0,0,True,0.33665,20.0
bot->unsw,47,ogni_batch,16,0.842,0.7891662815393308,16,512,True,0.33665,20.0
bot->unsw,47,su_innesco,16,0.842,0.7564149666898714,11,352,True,0.33665,20.0
bot->unsw,47,oracolo,16,0.842,0.7985460248351998,16,512,True,0.33665,20.0
bot->unsw,47,stat_13x13,16,0.842,0.7174085144283981,16,512,True,0.33665,20.0
bot->unsw,47,martingala,16,0.842,0.7622155555790973,15,480,True,0.33665,20.0
bot->unsw,47,stat_13x13_adaptive,16,0.842,0.7282960465180754,16,512,True,0.33665,20.0
bot->unsw,47,statico,17,0.895,0.5288382217791269,0,0,True,0.3506,20.0
bot->unsw,47,ogni_batch,17,0.895,0.7529783306932847,17,544,True,0.3506,20.0
bot->unsw,47,su_innesco,17,0.895,0.7453850729685976,12,384,True,0.3506,20.0
bot->unsw,47,oracolo,17,0.895,0.7964529584409206,17,544,True,0.3506,20.0
bot->unsw,47,stat_13x13,17,0.895,0.7070122773725546,17,544,True,0.3506,20.0
bot->unsw,47,martingala,17,0.895,0.7434038902157907,16,512,True,0.3506,20.0
bot->unsw,47,stat_13x13_adaptive,17,0.895,0.7053332926184459,17,544,True,0.3506,20.0
bot->unsw,47,statico,18,0.947,0.493066706413404,0,0,True,0.3701,20.0
bot->unsw,47,ogni_batch,18,0.947,0.764553055753731,18,576,True,0.3701,20.0
bot->unsw,47,su_innesco,18,0.947,0.7548723247710376,13,416,True,0.3701,20.0
bot->unsw,47,oracolo,18,0.947,0.7782148802406241,18,576,True,0.3701,20.0
bot->unsw,47,stat_13x13,18,0.947,0.720319737939489,18,576,True,0.3701,20.0
bot->unsw,47,martingala,18,0.947,0.753884796984607,17,544,True,0.3701,20.0
bot->unsw,47,stat_13x13_adaptive,18,0.947,0.7041806087279816,18,576,True,0.3701,20.0
bot->unsw,47,statico,19,1.0,0.46423315703128554,0,0,True,0.39275,20.0
bot->unsw,47,ogni_batch,19,1.0,0.7515675144950639,19,608,True,0.39275,20.0
bot->unsw,47,su_innesco,19,1.0,0.7515675144950639,14,448,True,0.39275,20.0
bot->unsw,47,oracolo,19,1.0,0.7778705751061659,19,608,True,0.39275,20.0
bot->unsw,47,stat_13x13,19,1.0,0.7231435137470728,19,608,True,0.39275,20.0
bot->unsw,47,martingala,19,1.0,0.7515675144950639,18,576,True,0.39275,20.0
bot->unsw,47,stat_13x13_adaptive,19,1.0,0.727769662253453,19,608,True,0.39275,20.0
bot->unsw,48,statico,0,0.0,0.99335,0,0,False,0.03975,20.0
bot->unsw,48,ogni_batch,0,0.0,0.99335,0,0,False,0.03975,20.0
bot->unsw,48,su_innesco,0,0.0,0.99335,0,0,False,0.03975,20.0
bot->unsw,48,oracolo,0,0.0,0.99335,0,0,False,0.03975,20.0
bot->unsw,48,stat_13x13,0,0.0,0.99335,0,0,False,0.03975,20.0
bot->unsw,48,martingala,0,0.0,0.99335,0,0,False,0.03975,20.0
bot->unsw,48,stat_13x13_adaptive,0,0.0,0.99335,0,0,False,0.03975,20.0
bot->unsw,48,statico,1,0.053,0.861116389019831,0,0,False,0.0621,20.0
bot->unsw,48,ogni_batch,1,0.053,0.861116389019831,1,32,False,0.0621,20.0
bot->unsw,48,su_innesco,1,0.053,0.861116389019831,0,0,False,0.0621,20.0
bot->unsw,48,oracolo,1,0.053,0.861116389019831,1,32,False,0.0621,20.0
bot->unsw,48,stat_13x13,1,0.053,0.49997452488918326,1,32,False,0.0621,20.0
bot->unsw,48,martingala,1,0.053,0.861116389019831,0,0,False,0.0621,20.0
bot->unsw,48,stat_13x13_adaptive,1,0.053,0.49997452488918326,1,32,False,0.0621,20.0
bot->unsw,48,statico,2,0.105,0.8436785788489507,0,0,False,0.0834,20.0
bot->unsw,48,ogni_batch,2,0.105,0.6840565769401276,2,64,False,0.0834,20.0
bot->unsw,48,su_innesco,2,0.105,0.8436785788489507,0,0,False,0.0834,20.0
bot->unsw,48,oracolo,2,0.105,0.8946616838753332,2,64,False,0.0834,20.0
bot->unsw,48,stat_13x13,2,0.105,0.5644883342907078,2,64,False,0.0834,20.0
bot->unsw,48,martingala,2,0.105,0.8436785788489507,0,0,False,0.0834,20.0
bot->unsw,48,stat_13x13_adaptive,2,0.105,0.5892469259392177,2,64,False,0.0834,20.0
bot->unsw,48,statico,3,0.158,0.8300473963373114,0,0,False,0.10395,20.0
bot->unsw,48,ogni_batch,3,0.158,0.7980141770896798,3,96,False,0.10395,20.0
bot->unsw,48,su_innesco,3,0.158,0.8300473963373114,0,0,False,0.10395,20.0
bot->unsw,48,oracolo,3,0.158,0.9271542635797823,3,96,False,0.10395,20.0
bot->unsw,48,stat_13x13,3,0.158,0.579686025397508,3,96,False,0.10395,20.0
bot->unsw,48,martingala,3,0.158,0.6661399162575111,1,32,False,0.10395,20.0
bot->unsw,48,stat_13x13_adaptive,3,0.158,0.590888897848499,3,96,False,0.10395,20.0
bot->unsw,48,statico,4,0.211,0.8093287945868445,0,0,False,0.12535,20.0
bot->unsw,48,ogni_batch,4,0.211,0.8300375690116326,4,128,False,0.12535,20.0
bot->unsw,48,su_innesco,4,0.211,0.8093287945868445,0,0,False,0.12535,20.0
bot->unsw,48,oracolo,4,0.211,0.9266078595478483,4,128,False,0.12535,20.0
bot->unsw,48,stat_13x13,4,0.211,0.5788140347202209,4,128,False,0.12535,20.0
bot->unsw,48,martingala,4,0.211,0.6189364984454624,2,64,False,0.12535,20.0
bot->unsw,48,stat_13x13_adaptive,4,0.211,0.8017668373016382,4,128,False,0.12535,20.0
bot->unsw,48,statico,5,0.263,0.7875054071063379,0,0,True,0.1459,20.0
bot->unsw,48,ogni_batch,5,0.263,0.9319165733341254,5,160,True,0.1459,20.0
bot->unsw,48,su_innesco,5,0.263,0.7875054071063379,0,0,True,0.1459,20.0
bot->unsw,48,oracolo,5,0.263,0.9176803242429641,5,160,True,0.1459,20.0
bot->unsw,48,stat_13x13,5,0.263,0.5865255068427051,5,160,True,0.1459,20.0
bot->unsw,48,martingala,5,0.263,0.6197916605180013,3,96,True,0.1459,20.0
bot->unsw,48,stat_13x13_adaptive,5,0.263,0.8214167279421662,5,160,True,0.1459,20.0
bot->unsw,48,statico,6,0.316,0.7776547990778502,0,0,True,0.16775,20.0
bot->unsw,48,ogni_batch,6,0.316,0.8518582438532827,6,192,True,0.16775,20.0
bot->unsw,48,su_innesco,6,0.316,0.6092178722866243,1,32,True,0.16775,20.0
bot->unsw,48,oracolo,6,0.316,0.9006049493481428,6,192,True,0.16775,20.0
bot->unsw,48,stat_13x13,6,0.316,0.6065302802628263,6,192,True,0.16775,20.0
bot->unsw,48,martingala,6,0.316,0.6258850682307955,4,128,True,0.16775,20.0
bot->unsw,48,stat_13x13_adaptive,6,0.316,0.8481774650654588,6,192,True,0.16775,20.0
bot->unsw,48,statico,7,0.368,0.7599555750414162,0,0,True,0.1899,20.0
bot->unsw,48,ogni_batch,7,0.368,0.859061284433636,7,224,True,0.1899,20.0
bot->unsw,48,su_innesco,7,0.368,0.8407012491628265,2,64,True,0.1899,20.0
bot->unsw,48,oracolo,7,0.368,0.8822108636476901,7,224,True,0.1899,20.0
bot->unsw,48,stat_13x13,7,0.368,0.7900740655460895,7,224,True,0.1899,20.0
bot->unsw,48,martingala,7,0.368,0.8906094973944672,5,160,True,0.1899,20.0
bot->unsw,48,stat_13x13_adaptive,7,0.368,0.8342563708425637,7,224,True,0.1899,20.0
bot->unsw,48,statico,8,0.421,0.7424894185293605,0,0,True,0.21205,20.0
bot->unsw,48,ogni_batch,8,0.421,0.8005854726472076,8,256,True,0.21205,20.0
bot->unsw,48,su_innesco,8,0.421,0.792943260662052,3,96,True,0.21205,20.0
bot->unsw,48,oracolo,8,0.421,0.8769972294382193,8,256,True,0.21205,20.0
bot->unsw,48,stat_13x13,8,0.421,0.7802236499736523,8,256,True,0.21205,20.0
bot->unsw,48,martingala,8,0.421,0.8992464159183211,6,192,True,0.21205,20.0
bot->unsw,48,stat_13x13_adaptive,8,0.421,0.8001348907038947,8,256,True,0.21205,20.0
bot->unsw,48,statico,9,0.474,0.7266985436193765,0,0,True,0.2314,20.0
bot->unsw,48,ogni_batch,9,0.474,0.8956904057871208,9,288,True,0.2314,20.0
bot->unsw,48,su_innesco,9,0.474,0.8642061526461109,4,128,True,0.2314,20.0
bot->unsw,48,oracolo,9,0.474,0.885710171743636,9,288,True,0.2314,20.0
bot->unsw,48,stat_13x13,9,0.474,0.7899450762941655,9,288,True,0.2314,20.0
bot->unsw,48,martingala,9,0.474,0.8959075408451269,7,224,True,0.2314,20.0
bot->unsw,48,stat_13x13_adaptive,9,0.474,0.7947580296036878,9,288,True,0.2314,20.0
bot->unsw,48,statico,10,0.526,0.7047207316730584,0,0,True,0.2487,20.0
bot->unsw,48,ogni_batch,10,0.526,0.8230636909166839,10,320,True,0.2487,20.0
bot->unsw,48,su_innesco,10,0.526,0.8267043284661681,5,160,True,0.2487,20.0
bot->unsw,48,oracolo,10,0.526,0.868937714369654,10,320,True,0.2487,20.0
bot->unsw,48,stat_13x13,10,0.526,0.620633446643467,10,320,True,0.2487,20.0
bot->unsw,48,martingala,10,0.526,0.8614963517910748,8,256,True,0.2487,20.0
bot->unsw,48,stat_13x13_adaptive,10,0.526,0.7883283879197303,10,320,True,0.2487,20.0
bot->unsw,48,statico,11,0.579,0.6805878063418849,0,0,True,0.27365,20.0
bot->unsw,48,ogni_batch,11,0.579,0.8751828208375529,11,352,True,0.27365,20.0
bot->unsw,48,su_innesco,11,0.579,0.8442571709502089,6,192,True,0.27365,20.0
bot->unsw,48,oracolo,11,0.579,0.86775822158157,11,352,True,0.27365,20.0
bot->unsw,48,stat_13x13,11,0.579,0.6240757772264938,11,352,True,0.27365,20.0
bot->unsw,48,martingala,11,0.579,0.8828261948072174,9,288,True,0.27365,20.0
bot->unsw,48,stat_13x13_adaptive,11,0.579,0.7742541252407757,11,352,True,0.27365,20.0
bot->unsw,48,statico,12,0.632,0.6593127927210494,0,0,True,0.2912,20.0
bot->unsw,48,ogni_batch,12,0.632,0.8611360347469719,12,384,True,0.2912,20.0
bot->unsw,48,su_innesco,12,0.632,0.8389135284893523,7,224,True,0.2912,20.0
bot->unsw,48,oracolo,12,0.632,0.8554233963305035,12,384,True,0.2912,20.0
bot->unsw,48,stat_13x13,12,0.632,0.7567804516230535,12,384,True,0.2912,20.0
bot->unsw,48,martingala,12,0.632,0.8347356123280241,10,320,True,0.2912,20.0
bot->unsw,48,stat_13x13_adaptive,12,0.632,0.7727084889414675,12,384,True,0.2912,20.0
bot->unsw,48,statico,13,0.684,0.6285348126491699,0,0,True,0.314,20.0
bot->unsw,48,ogni_batch,13,0.684,0.8452401624591412,13,416,True,0.314,20.0
bot->unsw,48,su_innesco,13,0.684,0.837415402631661,8,256,True,0.314,20.0
bot->unsw,48,oracolo,13,0.684,0.847360810270165,13,416,True,0.314,20.0
bot->unsw,48,stat_13x13,13,0.684,0.7487099079485392,13,416,True,0.314,20.0
bot->unsw,48,martingala,13,0.684,0.8287850206528078,11,352,True,0.314,20.0
bot->unsw,48,stat_13x13_adaptive,13,0.684,0.7656908185634821,13,416,True,0.314,20.0
bot->unsw,48,statico,14,0.737,0.6086319044733475,0,0,True,0.32945,20.0
bot->unsw,48,ogni_batch,14,0.737,0.834224409019475,14,448,True,0.32945,20.0
bot->unsw,48,su_innesco,14,0.737,0.8118992915467499,9,288,True,0.32945,20.0
bot->unsw,48,oracolo,14,0.737,0.8279811670829775,14,448,True,0.32945,20.0
bot->unsw,48,stat_13x13,14,0.737,0.7479654316764062,14,448,True,0.32945,20.0
bot->unsw,48,martingala,14,0.737,0.8068355044775692,12,384,True,0.32945,20.0
bot->unsw,48,stat_13x13_adaptive,14,0.737,0.7611555556949665,14,448,True,0.32945,20.0
bot->unsw,48,statico,15,0.789,0.5863920281443019,0,0,True,0.355,20.0
bot->unsw,48,ogni_batch,15,0.789,0.813543501203978,15,480,True,0.355,20.0
bot->unsw,48,su_innesco,15,0.789,0.8389118109251077,10,320,True,0.355,20.0
bot->unsw,48,oracolo,15,0.789,0.8182368313822598,15,480,True,0.355,20.0
bot->unsw,48,stat_13x13,15,0.789,0.733045782205541,15,480,True,0.355,20.0
bot->unsw,48,martingala,15,0.789,0.8204144771691136,13,416,True,0.355,20.0
bot->unsw,48,stat_13x13_adaptive,15,0.789,0.7512470712219769,15,480,True,0.355,20.0
bot->unsw,48,statico,16,0.842,0.5533484093183021,0,0,True,0.37595,20.0
bot->unsw,48,ogni_batch,16,0.842,0.8205039169885137,16,512,True,0.37595,20.0
bot->unsw,48,su_innesco,16,0.842,0.8206789163548343,11,352,True,0.37595,20.0
bot->unsw,48,oracolo,16,0.842,0.8094859899259839,16,512,True,0.37595,20.0
bot->unsw,48,stat_13x13,16,0.842,0.7385175280922954,16,512,True,0.37595,20.0
bot->unsw,48,martingala,16,0.842,0.8190850060778944,14,448,True,0.37595,20.0
bot->unsw,48,stat_13x13_adaptive,16,0.842,0.7578590409959203,16,512,True,0.37595,20.0
bot->unsw,48,statico,17,0.895,0.5346212146610922,0,0,True,0.39695,20.0
bot->unsw,48,ogni_batch,17,0.895,0.8065428374072954,17,544,True,0.39695,20.0
bot->unsw,48,su_innesco,17,0.895,0.8118243783266651,12,384,True,0.39695,20.0
bot->unsw,48,oracolo,17,0.895,0.7972253242054265,17,544,True,0.39695,20.0
bot->unsw,48,stat_13x13,17,0.895,0.7483925041504781,17,544,True,0.39695,20.0
bot->unsw,48,martingala,17,0.895,0.8139288944744183,15,480,True,0.39695,20.0
bot->unsw,48,stat_13x13_adaptive,17,0.895,0.7503281382453679,17,544,True,0.39695,20.0
bot->unsw,48,statico,18,0.947,0.4942727411563729,0,0,True,0.414,20.0
bot->unsw,48,ogni_batch,18,0.947,0.8004160192252562,18,576,True,0.414,20.0
bot->unsw,48,su_innesco,18,0.947,0.8004160192252562,13,416,True,0.414,20.0
bot->unsw,48,oracolo,18,0.947,0.7887806260246674,18,576,True,0.414,20.0
bot->unsw,48,stat_13x13,18,0.947,0.7884536839144571,18,576,True,0.414,20.0
bot->unsw,48,martingala,18,0.947,0.8004160192252562,16,512,True,0.414,20.0
bot->unsw,48,stat_13x13_adaptive,18,0.947,0.7832360058730039,18,576,True,0.414,20.0
bot->unsw,48,statico,19,1.0,0.46686282134699275,0,0,True,0.4381,20.0
bot->unsw,48,ogni_batch,19,1.0,0.7843282068706083,19,608,True,0.4381,20.0
bot->unsw,48,su_innesco,19,1.0,0.7843282068706083,14,448,True,0.4381,20.0
bot->unsw,48,oracolo,19,1.0,0.7721635577224193,19,608,True,0.4381,20.0
bot->unsw,48,stat_13x13,19,1.0,0.77973631958627,19,608,True,0.4381,20.0
bot->unsw,48,martingala,19,1.0,0.7843282068706083,17,544,True,0.4381,20.0
bot->unsw,48,stat_13x13_adaptive,19,1.0,0.7861919673514028,19,608,True,0.4381,20.0
bot->unsw,49,statico,0,0.0,0.9894,0,0,False,0.0504,20.0
bot->unsw,49,ogni_batch,0,0.0,0.9894,0,0,False,0.0504,20.0
bot->unsw,49,su_innesco,0,0.0,0.9894,0,0,False,0.0504,20.0
bot->unsw,49,oracolo,0,0.0,0.9894,0,0,False,0.0504,20.0
bot->unsw,49,stat_13x13,0,0.0,0.9894,0,0,False,0.0504,20.0
bot->unsw,49,martingala,0,0.0,0.9894,0,0,False,0.0504,20.0
bot->unsw,49,stat_13x13_adaptive,0,0.0,0.9894,0,0,False,0.0504,20.0
bot->unsw,49,statico,1,0.053,0.8412658211632762,0,0,False,0.06595,20.0
bot->unsw,49,ogni_batch,1,0.053,0.8412658211632762,1,32,False,0.06595,20.0
bot->unsw,49,su_innesco,1,0.053,0.8412658211632762,0,0,False,0.06595,20.0
bot->unsw,49,oracolo,1,0.053,0.8412658211632762,1,32,False,0.06595,20.0
bot->unsw,49,stat_13x13,1,0.053,0.5,1,32,False,0.06595,20.0
bot->unsw,49,martingala,1,0.053,0.8412658211632762,0,0,False,0.06595,20.0
bot->unsw,49,stat_13x13_adaptive,1,0.053,0.5,1,32,False,0.06595,20.0
bot->unsw,49,statico,2,0.105,0.8362732593221098,0,0,False,0.08335,20.0
bot->unsw,49,ogni_batch,2,0.105,0.7270728709391969,2,64,False,0.08335,20.0
bot->unsw,49,su_innesco,2,0.105,0.8362732593221098,0,0,False,0.08335,20.0
bot->unsw,49,oracolo,2,0.105,0.9514999103393869,2,64,False,0.08335,20.0
bot->unsw,49,stat_13x13,2,0.105,0.5,2,64,False,0.08335,20.0
bot->unsw,49,martingala,2,0.105,0.8362732593221098,0,0,False,0.08335,20.0
bot->unsw,49,stat_13x13_adaptive,2,0.105,0.5,2,64,False,0.08335,20.0
bot->unsw,49,statico,3,0.158,0.82692960965398,0,0,False,0.098,20.0
bot->unsw,49,ogni_batch,3,0.158,0.8076002577898448,3,96,False,0.098,20.0
bot->unsw,49,su_innesco,3,0.158,0.82692960965398,0,0,False,0.098,20.0
bot->unsw,49,oracolo,3,0.158,0.9354909598907307,3,96,False,0.098,20.0
bot->unsw,49,stat_13x13,3,0.158,0.7122566547297396,3,96,False,0.098,20.0
bot->unsw,49,martingala,3,0.158,0.7493997300844043,1,32,False,0.098,20.0
bot->unsw,49,stat_13x13_adaptive,3,0.158,0.4999734409858706,3,96,False,0.098,20.0
bot->unsw,49,statico,4,0.211,0.798177688599421,0,0,False,0.11605,20.0
bot->unsw,49,ogni_batch,4,0.211,0.8464104264603354,4,128,False,0.11605,20.0
bot->unsw,49,su_innesco,4,0.211,0.798177688599421,0,0,False,0.11605,20.0
bot->unsw,49,oracolo,4,0.211,0.9269096632214944,4,128,False,0.11605,20.0
bot->unsw,49,stat_13x13,4,0.211,0.6664199577227459,4,128,False,0.11605,20.0
bot->unsw,49,martingala,4,0.211,0.8324514600785794,2,64,False,0.11605,20.0
bot->unsw,49,stat_13x13_adaptive,4,0.211,0.4998378904139198,4,128,False,0.11605,20.0
bot->unsw,49,statico,5,0.263,0.7896969999358973,0,0,False,0.12695,20.0
bot->unsw,49,ogni_batch,5,0.263,0.8323330706707206,5,160,False,0.12695,20.0
bot->unsw,49,su_innesco,5,0.263,0.7896969999358973,0,0,False,0.12695,20.0
bot->unsw,49,oracolo,5,0.263,0.9137492376397887,5,160,False,0.12695,20.0
bot->unsw,49,stat_13x13,5,0.263,0.7743312520439659,5,160,False,0.12695,20.0
bot->unsw,49,martingala,5,0.263,0.8320389549503856,3,96,False,0.12695,20.0
bot->unsw,49,stat_13x13_adaptive,5,0.263,0.6938049851694784,5,160,False,0.12695,20.0
bot->unsw,49,statico,6,0.316,0.7621563084899103,0,0,True,0.15165,20.0
bot->unsw,49,ogni_batch,6,0.316,0.8502914851219133,6,192,True,0.15165,20.0
bot->unsw,49,su_innesco,6,0.316,0.7621563084899103,0,0,True,0.15165,20.0
bot->unsw,49,oracolo,6,0.316,0.8983903761153762,6,192,True,0.15165,20.0
bot->unsw,49,stat_13x13,6,0.316,0.7867082051384466,6,192,True,0.15165,20.0
bot->unsw,49,martingala,6,0.316,0.8461656623627491,4,128,True,0.15165,20.0
bot->unsw,49,stat_13x13_adaptive,6,0.316,0.7285439352203091,6,192,True,0.15165,20.0
bot->unsw,49,statico,7,0.368,0.7594252269018624,0,0,True,0.15935,20.0
bot->unsw,49,ogni_batch,7,0.368,0.8087130315167699,7,224,True,0.15935,20.0
bot->unsw,49,su_innesco,7,0.368,0.6042014268182493,1,32,True,0.15935,20.0
bot->unsw,49,oracolo,7,0.368,0.8783129020512198,7,224,True,0.15935,20.0
bot->unsw,49,stat_13x13,7,0.368,0.79721810899381,7,224,True,0.15935,20.0
bot->unsw,49,martingala,7,0.368,0.8087308330298985,5,160,True,0.15935,20.0
bot->unsw,49,stat_13x13_adaptive,7,0.368,0.7751563701096411,7,224,True,0.15935,20.0
bot->unsw,49,statico,8,0.421,0.732846399062711,0,0,True,0.1747,20.0
bot->unsw,49,ogni_batch,8,0.421,0.7882072196700372,8,256,True,0.1747,20.0
bot->unsw,49,su_innesco,8,0.421,0.6975068915143936,2,64,True,0.1747,20.0
bot->unsw,49,oracolo,8,0.421,0.8632672908703147,8,256,True,0.1747,20.0
bot->unsw,49,stat_13x13,8,0.421,0.7663971018296745,8,256,True,0.1747,20.0
bot->unsw,49,martingala,8,0.421,0.7821330209036712,6,192,True,0.1747,20.0
bot->unsw,49,stat_13x13_adaptive,8,0.421,0.7660265936079571,8,256,True,0.1747,20.0
bot->unsw,49,statico,9,0.474,0.7131024096385542,0,0,True,0.1956,20.0
bot->unsw,49,ogni_batch,9,0.474,0.7900141743444367,9,288,True,0.1956,20.0
bot->unsw,49,su_innesco,9,0.474,0.6905829199149539,3,96,True,0.1956,20.0
bot->unsw,49,oracolo,9,0.474,0.8904925584691707,9,288,True,0.1956,20.0
bot->unsw,49,stat_13x13,9,0.474,0.7847395464209781,9,288,True,0.1956,20.0
bot->unsw,49,martingala,9,0.474,0.7751470588235294,7,224,True,0.1956,20.0
bot->unsw,49,stat_13x13_adaptive,9,0.474,0.7442806520198441,9,288,True,0.1956,20.0
bot->unsw,49,statico,10,0.526,0.7019428418661172,0,0,True,0.2047,20.0
bot->unsw,49,ogni_batch,10,0.526,0.8012654221894251,10,320,True,0.2047,20.0
bot->unsw,49,su_innesco,10,0.526,0.6956561693482125,4,128,True,0.2047,20.0
bot->unsw,49,oracolo,10,0.526,0.8799823762453566,10,320,True,0.2047,20.0
bot->unsw,49,stat_13x13,10,0.526,0.7789140385376909,10,320,True,0.2047,20.0
bot->unsw,49,martingala,10,0.526,0.8045279675678512,8,256,True,0.2047,20.0
bot->unsw,49,stat_13x13_adaptive,10,0.526,0.741274087378327,10,320,True,0.2047,20.0
bot->unsw,49,statico,11,0.579,0.6670201869251988,0,0,True,0.22775,20.0
bot->unsw,49,ogni_batch,11,0.579,0.7980272293102697,11,352,True,0.22775,20.0
bot->unsw,49,su_innesco,11,0.579,0.8142089925840136,5,160,True,0.22775,20.0
bot->unsw,49,oracolo,11,0.579,0.8559925653335325,11,352,True,0.22775,20.0
bot->unsw,49,stat_13x13,11,0.579,0.783367113120256,11,352,True,0.22775,20.0
bot->unsw,49,martingala,11,0.579,0.7992278905846237,9,288,True,0.22775,20.0
bot->unsw,49,stat_13x13_adaptive,11,0.579,0.7622156738211321,11,352,True,0.22775,20.0
bot->unsw,49,statico,12,0.632,0.6528144052643073,0,0,True,0.24305,20.0
bot->unsw,49,ogni_batch,12,0.632,0.7716432520402118,12,384,True,0.24305,20.0
bot->unsw,49,su_innesco,12,0.632,0.8200404494669606,6,192,True,0.24305,20.0
bot->unsw,49,oracolo,12,0.632,0.8406393183125953,12,384,True,0.24305,20.0
bot->unsw,49,stat_13x13,12,0.632,0.7778533032116293,12,384,True,0.24305,20.0
bot->unsw,49,martingala,12,0.632,0.747316210116294,10,320,True,0.24305,20.0
bot->unsw,49,stat_13x13_adaptive,12,0.632,0.7724519349204231,12,384,True,0.24305,20.0
bot->unsw,49,statico,13,0.684,0.6302022489632755,0,0,True,0.25705,20.0
bot->unsw,49,ogni_batch,13,0.684,0.8509197475364065,13,416,True,0.25705,20.0
bot->unsw,49,su_innesco,13,0.684,0.8313988337292599,7,224,True,0.25705,20.0
bot->unsw,49,oracolo,13,0.684,0.8464091380064653,13,416,True,0.25705,20.0
bot->unsw,49,stat_13x13,13,0.684,0.7714391771398065,13,416,True,0.25705,20.0
bot->unsw,49,martingala,13,0.684,0.8587667821974199,11,352,True,0.25705,20.0
bot->unsw,49,stat_13x13_adaptive,13,0.684,0.7695715996819587,13,416,True,0.25705,20.0
bot->unsw,49,statico,14,0.737,0.6023696134379652,0,0,True,0.2737,20.0
bot->unsw,49,ogni_batch,14,0.737,0.8451158772879959,14,448,True,0.2737,20.0
bot->unsw,49,su_innesco,14,0.737,0.8270635353338228,8,256,True,0.2737,20.0
bot->unsw,49,oracolo,14,0.737,0.8363570071347313,14,448,True,0.2737,20.0
bot->unsw,49,stat_13x13,14,0.737,0.7797478533440195,14,448,True,0.2737,20.0
bot->unsw,49,martingala,14,0.737,0.8406512457042041,12,384,True,0.2737,20.0
bot->unsw,49,stat_13x13_adaptive,14,0.737,0.7824380681879897,14,448,True,0.2737,20.0
bot->unsw,49,statico,15,0.789,0.5763515262211447,0,0,True,0.28415,20.0
bot->unsw,49,ogni_batch,15,0.789,0.8311826500054906,15,480,True,0.28415,20.0
bot->unsw,49,su_innesco,15,0.789,0.8223460214306897,9,288,True,0.28415,20.0
bot->unsw,49,oracolo,15,0.789,0.8200090234042658,15,480,True,0.28415,20.0
bot->unsw,49,stat_13x13,15,0.789,0.771151134596401,15,480,True,0.28415,20.0
bot->unsw,49,martingala,15,0.789,0.833386716256175,13,416,True,0.28415,20.0
bot->unsw,49,stat_13x13_adaptive,15,0.789,0.7788746631543715,15,480,True,0.28415,20.0
bot->unsw,49,statico,16,0.842,0.5525687596377454,0,0,True,0.3034,20.0
bot->unsw,49,ogni_batch,16,0.842,0.8208489881776989,16,512,True,0.3034,20.0
bot->unsw,49,su_innesco,16,0.842,0.8156336546805462,10,320,True,0.3034,20.0
bot->unsw,49,oracolo,16,0.842,0.8016641915689983,16,512,True,0.3034,20.0
bot->unsw,49,stat_13x13,16,0.842,0.7659520935052725,16,512,True,0.3034,20.0
bot->unsw,49,martingala,16,0.842,0.8132874757683783,14,448,True,0.3034,20.0
bot->unsw,49,stat_13x13_adaptive,16,0.842,0.7795664958433791,16,512,True,0.3034,20.0
bot->unsw,49,statico,17,0.895,0.523649989988272,0,0,True,0.32605,20.0
bot->unsw,49,ogni_batch,17,0.895,0.8100755170342401,17,544,True,0.32605,20.0
bot->unsw,49,su_innesco,17,0.895,0.8100755170342401,11,352,True,0.32605,20.0
bot->unsw,49,oracolo,17,0.895,0.786959009124975,17,544,True,0.32605,20.0
bot->unsw,49,stat_13x13,17,0.895,0.7374724677479333,17,544,True,0.32605,20.0
bot->unsw,49,martingala,17,0.895,0.8100755170342401,15,480,True,0.32605,20.0
bot->unsw,49,stat_13x13_adaptive,17,0.895,0.7542495494722389,17,544,True,0.32605,20.0
bot->unsw,49,statico,18,0.947,0.4878493154097376,0,0,True,0.34135,20.0
bot->unsw,49,ogni_batch,18,0.947,0.7920134329183045,18,576,True,0.34135,20.0
bot->unsw,49,su_innesco,18,0.947,0.7920134329183045,12,384,True,0.34135,20.0
bot->unsw,49,oracolo,18,0.947,0.7770001914551026,18,576,True,0.34135,20.0
bot->unsw,49,stat_13x13,18,0.947,0.765178347706625,18,576,True,0.34135,20.0
bot->unsw,49,martingala,18,0.947,0.7920134329183045,16,512,True,0.34135,20.0
bot->unsw,49,stat_13x13_adaptive,18,0.947,0.7883955863293712,18,576,True,0.34135,20.0
bot->unsw,49,statico,19,1.0,0.46568986750869523,0,0,True,0.35055,20.0
bot->unsw,49,ogni_batch,19,1.0,0.7739460430083829,19,608,True,0.35055,20.0
bot->unsw,49,su_innesco,19,1.0,0.7739460430083829,13,416,True,0.35055,20.0
bot->unsw,49,oracolo,19,1.0,0.7663127634185072,19,608,True,0.35055,20.0
bot->unsw,49,stat_13x13,19,1.0,0.786261319658826,19,608,True,0.35055,20.0
bot->unsw,49,martingala,19,1.0,0.7739460430083829,17,544,True,0.35055,20.0
bot->unsw,49,stat_13x13_adaptive,19,1.0,0.7731908136459378,19,608,True,0.35055,20.0
bot->unsw,50,statico,0,0.0,0.9915,0,0,False,0.05765,20.0
bot->unsw,50,ogni_batch,0,0.0,0.9915,0,0,False,0.05765,20.0
bot->unsw,50,su_innesco,0,0.0,0.9915,0,0,False,0.05765,20.0
bot->unsw,50,oracolo,0,0.0,0.9915,0,0,False,0.05765,20.0
bot->unsw,50,stat_13x13,0,0.0,0.9915,0,0,False,0.05765,20.0
bot->unsw,50,martingala,0,0.0,0.9915,0,0,False,0.05765,20.0
bot->unsw,50,stat_13x13_adaptive,0,0.0,0.9915,0,0,False,0.05765,20.0
bot->unsw,50,statico,1,0.053,0.8313041037361935,0,0,False,0.0784,20.0
bot->unsw,50,ogni_batch,1,0.053,0.8313041037361935,1,32,False,0.0784,20.0
bot->unsw,50,su_innesco,1,0.053,0.8313041037361935,0,0,False,0.0784,20.0
bot->unsw,50,oracolo,1,0.053,0.8313041037361935,1,32,False,0.0784,20.0
bot->unsw,50,stat_13x13,1,0.053,0.5,1,32,False,0.0784,20.0
bot->unsw,50,martingala,1,0.053,0.8313041037361935,0,0,False,0.0784,20.0
bot->unsw,50,stat_13x13_adaptive,1,0.053,0.5,1,32,False,0.0784,20.0
bot->unsw,50,statico,2,0.105,0.844329409540018,0,0,False,0.0943,20.0
bot->unsw,50,ogni_batch,2,0.105,0.7033386010765106,2,64,False,0.0943,20.0
bot->unsw,50,su_innesco,2,0.105,0.844329409540018,0,0,False,0.0943,20.0
bot->unsw,50,oracolo,2,0.105,0.947405298809355,2,64,False,0.0943,20.0
bot->unsw,50,stat_13x13,2,0.105,0.9345432258848796,2,64,False,0.0943,20.0
bot->unsw,50,martingala,2,0.105,0.844329409540018,0,0,False,0.0943,20.0
bot->unsw,50,stat_13x13_adaptive,2,0.105,0.9333073322932918,2,64,False,0.0943,20.0
bot->unsw,50,statico,3,0.158,0.8174404981762647,0,0,False,0.11355,20.0
bot->unsw,50,ogni_batch,3,0.158,0.7812240098304339,3,96,False,0.11355,20.0
bot->unsw,50,su_innesco,3,0.158,0.8174404981762647,0,0,False,0.11355,20.0
bot->unsw,50,oracolo,3,0.158,0.925811097057241,3,96,False,0.11355,20.0
bot->unsw,50,stat_13x13,3,0.158,0.5023981991363821,3,96,False,0.11355,20.0
bot->unsw,50,martingala,3,0.158,0.7456214934284535,1,32,False,0.11355,20.0
bot->unsw,50,stat_13x13_adaptive,3,0.158,0.539652947140045,3,96,False,0.11355,20.0
bot->unsw,50,statico,4,0.211,0.804423524967395,0,0,False,0.1312,20.0
bot->unsw,50,ogni_batch,4,0.211,0.8047556226253416,4,128,False,0.1312,20.0
bot->unsw,50,su_innesco,4,0.211,0.804423524967395,0,0,False,0.1312,20.0
bot->unsw,50,oracolo,4,0.211,0.9114599642182499,4,128,False,0.1312,20.0
bot->unsw,50,stat_13x13,4,0.211,0.5009716384928935,4,128,False,0.1312,20.0
bot->unsw,50,martingala,4,0.211,0.7766522137420406,2,64,False,0.1312,20.0
bot->unsw,50,stat_13x13_adaptive,4,0.211,0.6216822446994306,4,128,False,0.1312,20.0
bot->unsw,50,statico,5,0.263,0.7866210422327233,0,0,True,0.15075,20.0
bot->unsw,50,ogni_batch,5,0.263,0.808473902435213,5,160,True,0.15075,20.0
bot->unsw,50,su_innesco,5,0.263,0.7866210422327233,0,0,True,0.15075,20.0
bot->unsw,50,oracolo,5,0.263,0.8962215125789323,5,160,True,0.15075,20.0
bot->unsw,50,stat_13x13,5,0.263,0.5619673944546917,5,160,True,0.15075,20.0
bot->unsw,50,martingala,5,0.263,0.8385449893175201,3,96,True,0.15075,20.0
bot->unsw,50,stat_13x13_adaptive,5,0.263,0.6882557964330293,5,160,True,0.15075,20.0
bot->unsw,50,statico,6,0.316,0.7728371971406205,0,0,True,0.16995,20.0
bot->unsw,50,ogni_batch,6,0.316,0.8193751876979343,6,192,True,0.16995,20.0
bot->unsw,50,su_innesco,6,0.316,0.762984709015317,1,32,True,0.16995,20.0
bot->unsw,50,oracolo,6,0.316,0.8772037880130736,6,192,True,0.16995,20.0
bot->unsw,50,stat_13x13,6,0.316,0.5621823006557525,6,192,True,0.16995,20.0
bot->unsw,50,martingala,6,0.316,0.8525814107433715,4,128,True,0.16995,20.0
bot->unsw,50,stat_13x13_adaptive,6,0.316,0.6503138314415826,6,192,True,0.16995,20.0
bot->unsw,50,statico,7,0.368,0.7567888155616588,0,0,True,0.1886,20.0
bot->unsw,50,ogni_batch,7,0.368,0.805099464257818,7,224,True,0.1886,20.0
bot->unsw,50,su_innesco,7,0.368,0.7595467392296693,2,64,True,0.1886,20.0
bot->unsw,50,oracolo,7,0.368,0.8568553003879972,7,224,True,0.1886,20.0
bot->unsw,50,stat_13x13,7,0.368,0.5558382157862466,7,224,True,0.1886,20.0
bot->unsw,50,martingala,7,0.368,0.8509882202661646,5,160,True,0.1886,20.0
bot->unsw,50,stat_13x13_adaptive,7,0.368,0.6390384617139078,7,224,True,0.1886,20.0
bot->unsw,50,statico,8,0.421,0.7432635213159883,0,0,True,0.20875,20.0
bot->unsw,50,ogni_batch,8,0.421,0.8254679615731754,8,256,True,0.20875,20.0
bot->unsw,50,su_innesco,8,0.421,0.760738297874104,3,96,True,0.20875,20.0
bot->unsw,50,oracolo,8,0.421,0.8340440098815625,8,256,True,0.20875,20.0
bot->unsw,50,stat_13x13,8,0.421,0.5543121133490976,8,256,True,0.20875,20.0
bot->unsw,50,martingala,8,0.421,0.8693670833420798,6,192,True,0.20875,20.0
bot->unsw,50,stat_13x13_adaptive,8,0.421,0.647177125901328,8,256,True,0.20875,20.0
bot->unsw,50,statico,9,0.474,0.7137556677116006,0,0,True,0.22915,20.0
bot->unsw,50,ogni_batch,9,0.474,0.8166476463445538,9,288,True,0.22915,20.0
bot->unsw,50,su_innesco,9,0.474,0.7713445179428148,4,128,True,0.22915,20.0
bot->unsw,50,oracolo,9,0.474,0.8399456754919239,9,288,True,0.22915,20.0
bot->unsw,50,stat_13x13,9,0.474,0.5732864275401063,9,288,True,0.22915,20.0
bot->unsw,50,martingala,9,0.474,0.8657040417789877,7,224,True,0.22915,20.0
bot->unsw,50,stat_13x13_adaptive,9,0.474,0.6454797784774616,9,288,True,0.22915,20.0
bot->unsw,50,statico,10,0.526,0.6945516379094774,0,0,True,0.24715,20.0
bot->unsw,50,ogni_batch,10,0.526,0.8649032258064516,10,320,True,0.24715,20.0
bot->unsw,50,su_innesco,10,0.526,0.7978264566141535,5,160,True,0.24715,20.0
bot->unsw,50,oracolo,10,0.526,0.8602000500125031,10,320,True,0.24715,20.0
bot->unsw,50,stat_13x13,10,0.526,0.5580635158789697,10,320,True,0.24715,20.0
bot->unsw,50,martingala,10,0.526,0.857309327331833,8,256,True,0.24715,20.0
bot->unsw,50,stat_13x13_adaptive,10,0.526,0.6429257314328582,10,320,True,0.24715,20.0
bot->unsw,50,statico,11,0.579,0.6707161436177591,0,0,True,0.2677,20.0
bot->unsw,50,ogni_batch,11,0.579,0.8546764068431981,11,352,True,0.2677,20.0
bot->unsw,50,su_innesco,11,0.579,0.7879962641656008,6,192,True,0.2677,20.0
bot->unsw,50,oracolo,11,0.579,0.8735603774578744,11,352,True,0.2677,20.0
bot->unsw,50,stat_13x13,11,0.579,0.5637712903712777,11,352,True,0.2677,20.0
bot->unsw,50,martingala,11,0.579,0.854352315714324,9,288,True,0.2677,20.0
bot->unsw,50,stat_13x13_adaptive,11,0.579,0.6430496683848443,11,352,True,0.2677,20.0
bot->unsw,50,statico,12,0.632,0.6451480396325758,0,0,True,0.28265,20.0
bot->unsw,50,ogni_batch,12,0.632,0.8497019326516513,12,384,True,0.28265,20.0
bot->unsw,50,su_innesco,12,0.632,0.8141070002562745,7,224,True,0.28265,20.0
bot->unsw,50,oracolo,12,0.632,0.8561635962549055,12,384,True,0.28265,20.0
bot->unsw,50,stat_13x13,12,0.632,0.6297965885184391,12,384,True,0.28265,20.0
bot->unsw,50,martingala,12,0.632,0.858067138730616,10,320,True,0.28265,20.0
bot->unsw,50,stat_13x13_adaptive,12,0.632,0.6463088605925434,12,384,True,0.28265,20.0
bot->unsw,50,statico,13,0.684,0.6274678487969383,0,0,True,0.30015,20.0
bot->unsw,50,ogni_batch,13,0.684,0.8418310956220902,13,416,True,0.30015,20.0
bot->unsw,50,su_innesco,13,0.684,0.8191043166233707,8,256,True,0.30015,20.0
bot->unsw,50,oracolo,13,0.684,0.8498165011128107,13,416,True,0.30015,20.0
bot->unsw,50,stat_13x13,13,0.684,0.6746777460421518,13,416,True,0.30015,20.0
bot->unsw,50,martingala,13,0.684,0.8457823918890593,11,352,True,0.30015,20.0
bot->unsw,50,stat_13x13_adaptive,13,0.684,0.6558647799724056,13,416,True,0.30015,20.0
bot->unsw,50,statico,14,0.737,0.606815097881984,0,0,True,0.32265,20.0
bot->unsw,50,ogni_batch,14,0.737,0.7980046961866505,14,448,True,0.32265,20.0
bot->unsw,50,su_innesco,14,0.737,0.7954345187623655,9,288,True,0.32265,20.0
bot->unsw,50,oracolo,14,0.737,0.8314471851655751,14,448,True,0.32265,20.0
bot->unsw,50,stat_13x13,14,0.737,0.7181979151079855,14,448,True,0.32265,20.0
bot->unsw,50,martingala,14,0.737,0.839411774485843,12,384,True,0.32265,20.0
bot->unsw,50,stat_13x13_adaptive,14,0.737,0.7151414930855302,14,448,True,0.32265,20.0
bot->unsw,50,statico,15,0.789,0.574582654105771,0,0,True,0.3419,20.0
bot->unsw,50,ogni_batch,15,0.789,0.8299324119694764,15,480,True,0.3419,20.0
bot->unsw,50,su_innesco,15,0.789,0.8299324119694764,10,320,True,0.3419,20.0
bot->unsw,50,oracolo,15,0.789,0.826744807533704,15,480,True,0.3419,20.0
bot->unsw,50,stat_13x13,15,0.789,0.6454707455883472,15,480,True,0.3419,20.0
bot->unsw,50,martingala,15,0.789,0.8299324119694764,13,416,True,0.3419,20.0
bot->unsw,50,stat_13x13_adaptive,15,0.789,0.644274488554619,15,480,True,0.3419,20.0
bot->unsw,50,statico,16,0.842,0.5531068512239027,0,0,True,0.3515,20.0
bot->unsw,50,ogni_batch,16,0.842,0.8158666594870815,16,512,True,0.3515,20.0
bot->unsw,50,su_innesco,16,0.842,0.8158666594870815,11,352,True,0.3515,20.0
bot->unsw,50,oracolo,16,0.842,0.8005969006187821,16,512,True,0.3515,20.0
bot->unsw,50,stat_13x13,16,0.842,0.7161552902378256,16,512,True,0.3515,20.0
bot->unsw,50,martingala,16,0.842,0.8158666594870815,14,448,True,0.3515,20.0
bot->unsw,50,stat_13x13_adaptive,16,0.842,0.6402736807405104,16,512,True,0.3515,20.0
bot->unsw,50,statico,17,0.895,0.5249271162040473,0,0,True,0.3757,20.0
bot->unsw,50,ogni_batch,17,0.895,0.8068424838600704,17,544,True,0.3757,20.0
bot->unsw,50,su_innesco,17,0.895,0.8068424838600704,12,384,True,0.3757,20.0
bot->unsw,50,oracolo,17,0.895,0.7912346832472974,17,544,True,0.3757,20.0
bot->unsw,50,stat_13x13,17,0.895,0.7299072436846069,17,544,True,0.3757,20.0
bot->unsw,50,martingala,17,0.895,0.8068424838600704,15,480,True,0.3757,20.0
bot->unsw,50,stat_13x13_adaptive,17,0.895,0.7122013520143011,17,544,True,0.3757,20.0
bot->unsw,50,statico,18,0.947,0.4876433377125742,0,0,True,0.39335,20.0
bot->unsw,50,ogni_batch,18,0.947,0.7811742278452343,18,576,True,0.39335,20.0
bot->unsw,50,su_innesco,18,0.947,0.7811742278452343,13,416,True,0.39335,20.0
bot->unsw,50,oracolo,18,0.947,0.7657198887773173,18,576,True,0.39335,20.0
bot->unsw,50,stat_13x13,18,0.947,0.7389037133238581,18,576,True,0.39335,20.0
bot->unsw,50,martingala,18,0.947,0.7811742278452343,16,512,True,0.39335,20.0
bot->unsw,50,stat_13x13_adaptive,18,0.947,0.7169362838378778,18,576,True,0.39335,20.0
bot->unsw,50,statico,19,1.0,0.4595682179013427,0,0,True,0.4112,20.0
bot->unsw,50,ogni_batch,19,1.0,0.7724590503518709,19,608,True,0.4112,20.0
bot->unsw,50,su_innesco,19,1.0,0.7724590503518709,14,448,True,0.4112,20.0
bot->unsw,50,oracolo,19,1.0,0.7583647528562572,19,608,True,0.4112,20.0
bot->unsw,50,stat_13x13,19,1.0,0.7268526917911631,19,608,True,0.4112,20.0
bot->unsw,50,martingala,19,1.0,0.7724590503518709,17,544,True,0.4112,20.0
bot->unsw,50,stat_13x13_adaptive,19,1.0,0.6936003923269632,19,608,True,0.4112,20.0
bot->unsw,51,statico,0,0.0,0.989,0,0,False,0.01735,20.0
bot->unsw,51,ogni_batch,0,0.0,0.989,0,0,False,0.01735,20.0
bot->unsw,51,su_innesco,0,0.0,0.989,0,0,False,0.01735,20.0
bot->unsw,51,oracolo,0,0.0,0.989,0,0,False,0.01735,20.0
bot->unsw,51,stat_13x13,0,0.0,0.989,0,0,False,0.01735,20.0
bot->unsw,51,martingala,0,0.0,0.989,0,0,False,0.01735,20.0
bot->unsw,51,stat_13x13_adaptive,0,0.0,0.989,0,0,False,0.01735,20.0
bot->unsw,51,statico,1,0.053,0.8465561224489796,0,0,False,0.0345,20.0
bot->unsw,51,ogni_batch,1,0.053,0.8465561224489796,1,32,False,0.0345,20.0
bot->unsw,51,su_innesco,1,0.053,0.8465561224489796,0,0,False,0.0345,20.0
bot->unsw,51,oracolo,1,0.053,0.8465561224489796,1,32,False,0.0345,20.0
bot->unsw,51,stat_13x13,1,0.053,0.3523469387755102,1,32,False,0.0345,20.0
bot->unsw,51,martingala,1,0.053,0.8465561224489796,0,0,False,0.0345,20.0
bot->unsw,51,stat_13x13_adaptive,1,0.053,0.34732142857142856,1,32,False,0.0345,20.0
bot->unsw,51,statico,2,0.105,0.8452602001886123,0,0,False,0.05155,20.0
bot->unsw,51,ogni_batch,2,0.105,0.5570247352153394,2,64,False,0.05155,20.0
bot->unsw,51,su_innesco,2,0.105,0.8452602001886123,0,0,False,0.05155,20.0
bot->unsw,51,oracolo,2,0.105,0.91108505451649,2,64,False,0.05155,20.0
bot->unsw,51,stat_13x13,2,0.105,0.5533141127424249,2,64,False,0.05155,20.0
bot->unsw,51,martingala,2,0.105,0.8452602001886123,0,0,False,0.05155,20.0
bot->unsw,51,stat_13x13_adaptive,2,0.105,0.5632339211156805,2,64,False,0.05155,20.0
bot->unsw,51,statico,3,0.158,0.8458111156445357,0,0,False,0.0669,20.0
bot->unsw,51,ogni_batch,3,0.158,0.5938463450436381,3,96,False,0.0669,20.0
bot->unsw,51,su_innesco,3,0.158,0.8458111156445357,0,0,False,0.0669,20.0
bot->unsw,51,oracolo,3,0.158,0.9011520369927449,3,96,False,0.0669,20.0
bot->unsw,51,stat_13x13,3,0.158,0.5,3,96,False,0.0669,20.0
bot->unsw,51,martingala,3,0.158,0.8458111156445357,0,0,False,0.0669,20.0
bot->unsw,51,stat_13x13_adaptive,3,0.158,0.4999735029146794,3,96,False,0.0669,20.0
bot->unsw,51,statico,4,0.211,0.8159029455425804,0,0,False,0.08395,20.0
bot->unsw,51,ogni_batch,4,0.211,0.7453499791045515,4,128,False,0.08395,20.0
bot->unsw,51,su_innesco,4,0.211,0.8159029455425804,0,0,False,0.08395,20.0
bot->unsw,51,oracolo,4,0.211,0.8981613128624975,4,128,False,0.08395,20.0
bot->unsw,51,stat_13x13,4,0.211,0.6838242522652619,4,128,False,0.08395,20.0
bot->unsw,51,martingala,4,0.211,0.7736605850819797,1,32,False,0.08395,20.0
bot->unsw,51,stat_13x13_adaptive,4,0.211,0.6449223190458326,4,128,False,0.08395,20.0
bot->unsw,51,statico,5,0.263,0.8013960557697881,0,0,False,0.0983,20.0
bot->unsw,51,ogni_batch,5,0.263,0.8122789566755084,5,160,False,0.0983,20.0
bot->unsw,51,su_innesco,5,0.263,0.8013960557697881,0,0,False,0.0983,20.0
bot->unsw,51,oracolo,5,0.263,0.86789410724502,5,160,False,0.0983,20.0
bot->unsw,51,stat_13x13,5,0.263,0.6951034724234522,5,160,False,0.0983,20.0
bot->unsw,51,martingala,5,0.263,0.7359282240747758,2,64,False,0.0983,20.0
bot->unsw,51,stat_13x13_adaptive,5,0.263,0.673113841027127,5,160,False,0.0983,20.0
bot->unsw,51,statico,6,0.316,0.791658178091105,0,0,True,0.1181,20.0
bot->unsw,51,ogni_batch,6,0.316,0.8913101070113265,6,192,True,0.1181,20.0
bot->unsw,51,su_innesco,6,0.316,0.791658178091105,0,0,True,0.1181,20.0
bot->unsw,51,oracolo,6,0.316,0.8828262692591962,6,192,True,0.1181,20.0
bot->unsw,51,stat_13x13,6,0.316,0.8303901665182153,6,192,True,0.1181,20.0
bot->unsw,51,martingala,6,0.316,0.89895337837411,3,96,True,0.1181,20.0
bot->unsw,51,stat_13x13_adaptive,6,0.316,0.7402026045318728,6,192,True,0.1181,20.0
bot->unsw,51,statico,7,0.368,0.7689164262095503,0,0,True,0.1354,20.0
bot->unsw,51,ogni_batch,7,0.368,0.8713766048583225,7,224,True,0.1354,20.0
bot->unsw,51,su_innesco,7,0.368,0.8815793627412015,1,32,True,0.1354,20.0
bot->unsw,51,oracolo,7,0.368,0.8658984500124218,7,224,True,0.1354,20.0
bot->unsw,51,stat_13x13,7,0.368,0.9022037143770838,7,224,True,0.1354,20.0
bot->unsw,51,martingala,7,0.368,0.8681057191060373,4,128,True,0.1354,20.0
bot->unsw,51,stat_13x13_adaptive,7,0.368,0.84095065799858,7,224,True,0.1354,20.0
bot->unsw,51,statico,8,0.421,0.7465538077073417,0,0,True,0.1515,20.0
bot->unsw,51,ogni_batch,8,0.421,0.8914214840860561,8,256,True,0.1515,20.0
bot->unsw,51,su_innesco,8,0.421,0.8604099911833734,2,64,True,0.1515,20.0
bot->unsw,51,oracolo,8,0.421,0.8588285030447002,8,256,True,0.1515,20.0
bot->unsw,51,stat_13x13,8,0.421,0.8940790536132788,8,256,True,0.1515,20.0
bot->unsw,51,martingala,8,0.421,0.8850725531773826,5,160,True,0.1515,20.0
bot->unsw,51,stat_13x13_adaptive,8,0.421,0.8697665994175943,8,256,True,0.1515,20.0
bot->unsw,51,statico,9,0.474,0.7380249529836542,0,0,True,0.16685,20.0
bot->unsw,51,ogni_batch,9,0.474,0.8590570853435664,9,288,True,0.16685,20.0
bot->unsw,51,su_innesco,9,0.474,0.8414169869730541,3,96,True,0.16685,20.0
bot->unsw,51,oracolo,9,0.474,0.8412982191321159,9,288,True,0.16685,20.0
bot->unsw,51,stat_13x13,9,0.474,0.8582665805669683,9,288,True,0.16685,20.0
bot->unsw,51,martingala,9,0.474,0.8622098999422858,6,192,True,0.16685,20.0
bot->unsw,51,stat_13x13_adaptive,9,0.474,0.8405805469873874,9,288,True,0.16685,20.0
bot->unsw,51,statico,10,0.526,0.7012139736121157,0,0,True,0.1855,20.0
bot->unsw,51,ogni_batch,10,0.526,0.870024955882293,10,320,True,0.1855,20.0
bot->unsw,51,su_innesco,10,0.526,0.8414313641429831,4,128,True,0.1855,20.0
bot->unsw,51,oracolo,10,0.526,0.8246995309054896,10,320,True,0.1855,20.0
bot->unsw,51,stat_13x13,10,0.526,0.8083356605953431,10,320,True,0.1855,20.0
bot->unsw,51,martingala,10,0.526,0.8511154911292664,7,224,True,0.1855,20.0
bot->unsw,51,stat_13x13_adaptive,10,0.526,0.830183701998159,10,320,True,0.1855,20.0
bot->unsw,51,statico,11,0.579,0.685960619113486,0,0,True,0.20155,20.0
bot->unsw,51,ogni_batch,11,0.579,0.8673598351800398,11,352,True,0.20155,20.0
bot->unsw,51,su_innesco,11,0.579,0.8361642307020551,5,160,True,0.20155,20.0
bot->unsw,51,oracolo,11,0.579,0.8523748413235297,11,352,True,0.20155,20.0
bot->unsw,51,stat_13x13,11,0.579,0.8371509044736425,11,352,True,0.20155,20.0
bot->unsw,51,martingala,11,0.579,0.8424538235373611,8,256,True,0.20155,20.0
bot->unsw,51,stat_13x13_adaptive,11,0.579,0.8165086155364758,11,352,True,0.20155,20.0
bot->unsw,51,statico,12,0.632,0.6650159333008997,0,0,True,0.22115,20.0
bot->unsw,51,ogni_batch,12,0.632,0.8636549833960359,12,384,True,0.22115,20.0
bot->unsw,51,su_innesco,12,0.632,0.8491494154255435,6,192,True,0.22115,20.0
bot->unsw,51,oracolo,12,0.632,0.8698577558606564,12,384,True,0.22115,20.0
bot->unsw,51,stat_13x13,12,0.632,0.8422554194449509,12,384,True,0.22115,20.0
bot->unsw,51,martingala,12,0.632,0.8530983835346929,9,288,True,0.22115,20.0
bot->unsw,51,stat_13x13_adaptive,12,0.632,0.8208709601427865,12,384,True,0.22115,20.0
bot->unsw,51,statico,13,0.684,0.641796636953058,0,0,True,0.23075,20.0
bot->unsw,51,ogni_batch,13,0.684,0.856079346972755,13,416,True,0.23075,20.0
bot->unsw,51,su_innesco,13,0.684,0.8341823929190814,7,224,True,0.23075,20.0
bot->unsw,51,oracolo,13,0.684,0.8486528216316227,13,416,True,0.23075,20.0
bot->unsw,51,stat_13x13,13,0.684,0.8264491286420093,13,416,True,0.23075,20.0
bot->unsw,51,martingala,13,0.684,0.8311437094902576,10,320,True,0.23075,20.0
bot->unsw,51,stat_13x13_adaptive,13,0.684,0.8097972787452932,13,416,True,0.23075,20.0
bot->unsw,51,statico,14,0.737,0.6146528045180336,0,0,True,0.2444,20.0
bot->unsw,51,ogni_batch,14,0.737,0.8502169169554614,14,448,True,0.2444,20.0
bot->unsw,51,su_innesco,14,0.737,0.8248857656270054,8,256,True,0.2444,20.0
bot->unsw,51,oracolo,14,0.737,0.8372949557181364,14,448,True,0.2444,20.0
bot->unsw,51,stat_13x13,14,0.737,0.8134238223591324,14,448,True,0.2444,20.0
bot->unsw,51,martingala,14,0.737,0.8050539083557952,11,352,True,0.2444,20.0
bot->unsw,51,stat_13x13_adaptive,14,0.737,0.7996483121550506,14,448,True,0.2444,20.0
bot->unsw,51,statico,15,0.789,0.588048781874763,0,0,True,0.26525,20.0
bot->unsw,51,ogni_batch,15,0.789,0.8187521625921707,15,480,True,0.26525,20.0
bot->unsw,51,su_innesco,15,0.789,0.7928591985185325,9,288,True,0.26525,20.0
bot->unsw,51,oracolo,15,0.789,0.8332877362596676,15,480,True,0.26525,20.0
bot->unsw,51,stat_13x13,15,0.789,0.8134339698309827,15,480,True,0.26525,20.0
bot->unsw,51,martingala,15,0.789,0.7867518057101105,12,384,True,0.26525,20.0
bot->unsw,51,stat_13x13_adaptive,15,0.789,0.7995559857745025,15,480,True,0.26525,20.0
bot->unsw,51,statico,16,0.842,0.5659798433449189,0,0,True,0.28205,20.0
bot->unsw,51,ogni_batch,16,0.842,0.8168543422399674,16,512,True,0.28205,20.0
bot->unsw,51,su_innesco,16,0.842,0.7838104214810572,10,320,True,0.28205,20.0
bot->unsw,51,oracolo,16,0.842,0.8075437826751969,16,512,True,0.28205,20.0
bot->unsw,51,stat_13x13,16,0.842,0.7852170495744,16,512,True,0.28205,20.0
bot->unsw,51,martingala,16,0.842,0.7795767616844074,13,416,True,0.28205,20.0
bot->unsw,51,stat_13x13_adaptive,16,0.842,0.7930002868686801,16,512,True,0.28205,20.0
bot->unsw,51,statico,17,0.895,0.53654766057103,0,0,True,0.29285,20.0
bot->unsw,51,ogni_batch,17,0.895,0.8084995402225956,17,544,True,0.29285,20.0
bot->unsw,51,su_innesco,17,0.895,0.7796813493447605,11,352,True,0.29285,20.0
bot->unsw,51,oracolo,17,0.895,0.795129643638538,17,544,True,0.29285,20.0
bot->unsw,51,stat_13x13,17,0.895,0.7657476025892489,17,544,True,0.29285,20.0
bot->unsw,51,martingala,17,0.895,0.7746103216629899,14,448,True,0.29285,20.0
bot->unsw,51,stat_13x13_adaptive,17,0.895,0.7544756952151441,17,544,True,0.29285,20.0
bot->unsw,51,statico,18,0.947,0.5141296613571504,0,0,True,0.31075,20.0
bot->unsw,51,ogni_batch,18,0.947,0.7949654591008446,18,576,True,0.31075,20.0
bot->unsw,51,su_innesco,18,0.947,0.7949654591008446,12,384,True,0.31075,20.0
bot->unsw,51,oracolo,18,0.947,0.7763887269719011,18,576,True,0.31075,20.0
bot->unsw,51,stat_13x13,18,0.947,0.7772358234290847,18,576,True,0.31075,20.0
bot->unsw,51,martingala,18,0.947,0.7949654591008446,15,480,True,0.31075,20.0
bot->unsw,51,stat_13x13_adaptive,18,0.947,0.7787008140931196,18,576,True,0.31075,20.0
bot->unsw,51,statico,19,1.0,0.47734492496440606,0,0,True,0.331,20.0
bot->unsw,51,ogni_batch,19,1.0,0.7700027404492209,19,608,True,0.331,20.0
bot->unsw,51,su_innesco,19,1.0,0.7700027404492209,13,416,True,0.331,20.0
bot->unsw,51,oracolo,19,1.0,0.7699796648153151,19,608,True,0.331,20.0
bot->unsw,51,stat_13x13,19,1.0,0.7480630155070764,19,608,True,0.331,20.0
bot->unsw,51,martingala,19,1.0,0.7700027404492209,16,512,True,0.331,20.0
bot->unsw,51,stat_13x13_adaptive,19,1.0,0.7408724792686383,19,608,True,0.331,20.0
