exp,seed,politica,batch,frazione_target,bal_acc,adattamenti,etichette,innesco,vuoti,ratio
ton->bot,42,statico,0,0.0,0.96965,0,0,False,0.0471,1.0
ton->bot,42,ogni_batch,0,0.0,0.96965,0,0,False,0.0471,1.0
ton->bot,42,su_innesco,0,0.0,0.96965,0,0,False,0.0471,1.0
ton->bot,42,oracolo,0,0.0,0.96965,0,0,False,0.0471,1.0
ton->bot,42,stat_13x13,0,0.0,0.96965,0,0,False,0.0471,1.0
ton->bot,42,martingala,0,0.0,0.96965,0,0,False,0.0471,1.0
ton->bot,42,stat_13x13_adaptive,0,0.0,0.96965,0,0,False,0.0471,1.0
ton->bot,42,statico,1,0.053,0.9422,0,0,False,0.05335,1.0
ton->bot,42,ogni_batch,1,0.053,0.9422,1,32,False,0.05335,1.0
ton->bot,42,su_innesco,1,0.053,0.9422,0,0,False,0.05335,1.0
ton->bot,42,oracolo,1,0.053,0.9422,1,32,False,0.05335,1.0
ton->bot,42,stat_13x13,1,0.053,1.0,1,32,False,0.05335,1.0
ton->bot,42,martingala,1,0.053,0.9422,1,32,False,0.05335,1.0
ton->bot,42,stat_13x13_adaptive,1,0.053,1.0,1,32,False,0.05335,1.0
ton->bot,42,statico,2,0.105,0.91385,0,0,False,0.06015,1.0
ton->bot,42,ogni_batch,2,0.105,0.91385,2,64,False,0.06015,1.0
ton->bot,42,su_innesco,2,0.105,0.91385,0,0,False,0.06015,1.0
ton->bot,42,oracolo,2,0.105,0.91385,2,64,False,0.06015,1.0
ton->bot,42,stat_13x13,2,0.105,1.0,2,64,False,0.06015,1.0
ton->bot,42,martingala,2,0.105,0.91385,2,64,False,0.06015,1.0
ton->bot,42,stat_13x13_adaptive,2,0.105,1.0,2,64,False,0.06015,1.0
ton->bot,42,statico,3,0.158,0.9422442244224423,0,0,False,0.06665,1.0
ton->bot,42,ogni_batch,3,0.158,0.9422442244224423,3,96,False,0.06665,1.0
ton->bot,42,su_innesco,3,0.158,0.9422442244224423,0,0,False,0.06665,1.0
ton->bot,42,oracolo,3,0.158,0.9422442244224423,3,96,False,0.06665,1.0
ton->bot,42,stat_13x13,3,0.158,0.5,3,96,False,0.06665,1.0
ton->bot,42,martingala,3,0.158,0.9422442244224423,3,96,False,0.06665,1.0
ton->bot,42,stat_13x13_adaptive,3,0.158,0.5,3,96,False,0.06665,1.0
ton->bot,42,statico,4,0.211,0.85675,0,0,False,0.0742,1.0
ton->bot,42,ogni_batch,4,0.211,0.85675,4,128,False,0.0742,1.0
ton->bot,42,su_innesco,4,0.211,0.85675,0,0,False,0.0742,1.0
ton->bot,42,oracolo,4,0.211,0.9947,4,128,False,0.0742,1.0
ton->bot,42,stat_13x13,4,0.211,1.0,4,128,False,0.0742,1.0
ton->bot,42,martingala,4,0.211,0.85675,4,128,False,0.0742,1.0
ton->bot,42,stat_13x13_adaptive,4,0.211,1.0,4,128,False,0.0742,1.0
ton->bot,42,statico,5,0.263,0.9135956797839893,0,0,False,0.08375,1.0
ton->bot,42,ogni_batch,5,0.263,0.9135956797839893,5,160,False,0.08375,1.0
ton->bot,42,su_innesco,5,0.263,0.9135956797839893,0,0,False,0.08375,1.0
ton->bot,42,oracolo,5,0.263,0.9976998849942498,5,160,False,0.08375,1.0
ton->bot,42,stat_13x13,5,0.263,0.5,5,160,False,0.08375,1.0
ton->bot,42,martingala,5,0.263,0.9135956797839893,5,160,False,0.08375,1.0
ton->bot,42,stat_13x13_adaptive,5,0.263,0.5,5,160,False,0.08375,1.0
ton->bot,42,statico,6,0.316,0.797,0,0,False,0.0884,1.0
ton->bot,42,ogni_batch,6,0.316,0.797,6,192,False,0.0884,1.0
ton->bot,42,su_innesco,6,0.316,0.797,0,0,False,0.0884,1.0
ton->bot,42,oracolo,6,0.316,0.99115,6,192,False,0.0884,1.0
ton->bot,42,stat_13x13,6,0.316,1.0,6,192,False,0.0884,1.0
ton->bot,42,martingala,6,0.316,0.797,6,192,False,0.0884,1.0
ton->bot,42,stat_13x13_adaptive,6,0.316,1.0,6,192,False,0.0884,1.0
ton->bot,42,statico,7,0.368,0.7719,0,0,False,0.09675,1.0
ton->bot,42,ogni_batch,7,0.368,0.7719,7,224,False,0.09675,1.0
ton->bot,42,su_innesco,7,0.368,0.7719,0,0,False,0.09675,1.0
ton->bot,42,oracolo,7,0.368,0.9931,7,224,False,0.09675,1.0
ton->bot,42,stat_13x13,7,0.368,1.0,7,224,False,0.09675,1.0
ton->bot,42,martingala,7,0.368,0.7719,7,224,False,0.09675,1.0
ton->bot,42,stat_13x13_adaptive,7,0.368,1.0,7,224,False,0.09675,1.0
ton->bot,42,statico,8,0.421,0.8708370837083708,0,0,False,0.10285,1.0
ton->bot,42,ogni_batch,8,0.421,0.8708370837083708,8,256,False,0.10285,1.0
ton->bot,42,su_innesco,8,0.421,0.8708370837083708,0,0,False,0.10285,1.0
ton->bot,42,oracolo,8,0.421,0.9965246524652465,8,256,False,0.10285,1.0
ton->bot,42,stat_13x13,8,0.421,0.5,8,256,False,0.10285,1.0
ton->bot,42,martingala,8,0.421,0.8708370837083708,8,256,False,0.10285,1.0
ton->bot,42,stat_13x13_adaptive,8,0.421,0.5,8,256,False,0.10285,1.0
ton->bot,42,statico,9,0.474,0.711,0,0,False,0.1113,1.0
ton->bot,42,ogni_batch,9,0.474,0.711,9,288,False,0.1113,1.0
ton->bot,42,su_innesco,9,0.474,0.711,0,0,False,0.1113,1.0
ton->bot,42,oracolo,9,0.474,0.9927,9,288,False,0.1113,1.0
ton->bot,42,stat_13x13,9,0.474,1.0,9,288,False,0.1113,1.0
ton->bot,42,martingala,9,0.474,0.711,9,288,False,0.1113,1.0
ton->bot,42,stat_13x13_adaptive,9,0.474,1.0,9,288,False,0.1113,1.0
ton->bot,42,statico,10,0.526,0.8429171458572928,0,0,False,0.1198,1.0
ton->bot,42,ogni_batch,10,0.526,0.8429171458572928,10,320,False,0.1198,1.0
ton->bot,42,su_innesco,10,0.526,0.8429171458572928,0,0,False,0.1198,1.0
ton->bot,42,oracolo,10,0.526,0.996374818740937,10,320,False,0.1198,1.0
ton->bot,42,stat_13x13,10,0.526,0.5,10,320,False,0.1198,1.0
ton->bot,42,martingala,10,0.526,0.8429171458572928,10,320,False,0.1198,1.0
ton->bot,42,stat_13x13_adaptive,10,0.526,0.5,10,320,False,0.1198,1.0
ton->bot,42,statico,11,0.579,0.658,0,0,False,0.12245,1.0
ton->bot,42,ogni_batch,11,0.579,0.658,11,352,False,0.12245,1.0
ton->bot,42,su_innesco,11,0.579,0.658,0,0,False,0.12245,1.0
ton->bot,42,oracolo,11,0.579,0.99175,11,352,False,0.12245,1.0
ton->bot,42,stat_13x13,11,0.579,1.0,11,352,False,0.12245,1.0
ton->bot,42,martingala,11,0.579,0.658,11,352,False,0.12245,1.0
ton->bot,42,stat_13x13_adaptive,11,0.579,1.0,11,352,False,0.12245,1.0
ton->bot,42,statico,12,0.632,0.62095,0,0,False,0.12945,1.0
ton->bot,42,ogni_batch,12,0.632,0.62095,12,384,False,0.12945,1.0
ton->bot,42,su_innesco,12,0.632,0.62095,0,0,False,0.12945,1.0
ton->bot,42,oracolo,12,0.632,0.99355,12,384,False,0.12945,1.0
ton->bot,42,stat_13x13,12,0.632,1.0,12,384,False,0.12945,1.0
ton->bot,42,martingala,12,0.632,0.62095,12,384,False,0.12945,1.0
ton->bot,42,stat_13x13_adaptive,12,0.632,1.0,12,384,False,0.12945,1.0
ton->bot,42,statico,13,0.684,0.2976148807440372,0,0,True,0.13715,1.0
ton->bot,42,ogni_batch,13,0.684,0.2976148807440372,13,416,True,0.13715,1.0
ton->bot,42,su_innesco,13,0.684,0.2976148807440372,0,0,True,0.13715,1.0
ton->bot,42,oracolo,13,0.684,0.49244962248112406,13,416,True,0.13715,1.0
ton->bot,42,stat_13x13,13,0.684,0.5,13,416,True,0.13715,1.0
ton->bot,42,martingala,13,0.684,0.2976148807440372,13,416,True,0.13715,1.0
ton->bot,42,stat_13x13_adaptive,13,0.684,0.5,13,416,True,0.13715,1.0
ton->bot,42,statico,14,0.737,0.7849892494624731,0,0,True,0.14875,1.0
ton->bot,42,ogni_batch,14,0.737,0.7849892494624731,14,448,True,0.14875,1.0
ton->bot,42,su_innesco,14,0.737,0.7849892494624731,1,32,True,0.14875,1.0
ton->bot,42,oracolo,14,0.737,0.9894494724736237,14,448,True,0.14875,1.0
ton->bot,42,stat_13x13,14,0.737,0.5,14,448,True,0.14875,1.0
ton->bot,42,martingala,14,0.737,0.7849892494624731,14,448,True,0.14875,1.0
ton->bot,42,stat_13x13_adaptive,14,0.737,0.5,14,448,True,0.14875,1.0
ton->bot,42,statico,15,0.789,0.771613580679034,0,0,True,0.1555,1.0
ton->bot,42,ogni_batch,15,0.789,0.771613580679034,15,480,True,0.1555,1.0
ton->bot,42,su_innesco,15,0.789,0.771613580679034,2,64,True,0.1555,1.0
ton->bot,42,oracolo,15,0.789,0.48979948997449874,15,480,True,0.1555,1.0
ton->bot,42,stat_13x13,15,0.789,0.5,15,480,True,0.1555,1.0
ton->bot,42,martingala,15,0.789,0.771613580679034,15,480,True,0.1555,1.0
ton->bot,42,stat_13x13_adaptive,15,0.789,0.5,15,480,True,0.1555,1.0
ton->bot,42,statico,16,0.842,0.7540135033758439,0,0,True,0.1585,1.0
ton->bot,42,ogni_batch,16,0.842,0.7540135033758439,16,512,True,0.1585,1.0
ton->bot,42,su_innesco,16,0.842,0.7540135033758439,3,96,True,0.1585,1.0
ton->bot,42,oracolo,16,0.842,0.8908227056764191,16,512,True,0.1585,1.0
ton->bot,42,stat_13x13,16,0.842,0.5,16,512,True,0.1585,1.0
ton->bot,42,martingala,16,0.842,0.7540135033758439,16,512,True,0.1585,1.0
ton->bot,42,stat_13x13_adaptive,16,0.842,0.5,16,512,True,0.1585,1.0
ton->bot,42,statico,17,0.895,0.5761947625477155,0,0,True,0.1686,1.0
ton->bot,42,ogni_batch,17,0.895,0.5761947625477155,17,544,True,0.1686,1.0
ton->bot,42,su_innesco,17,0.895,0.5761947625477155,4,128,True,0.1686,1.0
ton->bot,42,oracolo,17,0.895,0.6618909503092131,17,544,True,0.1686,1.0
ton->bot,42,stat_13x13,17,0.895,0.5,17,544,True,0.1686,1.0
ton->bot,42,martingala,17,0.895,0.5761947625477155,17,544,True,0.1686,1.0
ton->bot,42,stat_13x13_adaptive,17,0.895,0.5,17,544,True,0.1686,1.0
ton->bot,42,statico,18,0.947,0.73004800480048,0,0,True,0.1746,1.0
ton->bot,42,ogni_batch,18,0.947,0.73004800480048,18,576,True,0.1746,1.0
ton->bot,42,su_innesco,18,0.947,0.73004800480048,5,160,True,0.1746,1.0
ton->bot,42,oracolo,18,0.947,0.9952495249524953,18,576,True,0.1746,1.0
ton->bot,42,stat_13x13,18,0.947,0.5,18,576,True,0.1746,1.0
ton->bot,42,martingala,18,0.947,0.73004800480048,18,576,True,0.1746,1.0
ton->bot,42,stat_13x13_adaptive,18,0.947,0.5,18,576,True,0.1746,1.0
ton->bot,42,statico,19,1.0,0.3785984564351319,0,0,True,0.18025,1.0
ton->bot,42,ogni_batch,19,1.0,0.3785984564351319,19,608,True,0.18025,1.0
ton->bot,42,su_innesco,19,1.0,0.3785984564351319,6,192,True,0.18025,1.0
ton->bot,42,oracolo,19,1.0,0.8303078795152605,19,608,True,0.18025,1.0
ton->bot,42,stat_13x13,19,1.0,0.5,19,608,True,0.18025,1.0
ton->bot,42,martingala,19,1.0,0.3785984564351319,19,608,True,0.18025,1.0
ton->bot,42,stat_13x13_adaptive,19,1.0,0.5,19,608,True,0.18025,1.0
ton->bot,43,statico,0,0.0,0.96955,0,0,False,0.04585,1.0
ton->bot,43,ogni_batch,0,0.0,0.96955,0,0,False,0.04585,1.0
ton->bot,43,su_innesco,0,0.0,0.96955,0,0,False,0.04585,1.0
ton->bot,43,oracolo,0,0.0,0.96955,0,0,False,0.04585,1.0
ton->bot,43,stat_13x13,0,0.0,0.96955,0,0,False,0.04585,1.0
ton->bot,43,martingala,0,0.0,0.96955,0,0,False,0.04585,1.0
ton->bot,43,stat_13x13_adaptive,0,0.0,0.96955,0,0,False,0.04585,1.0
ton->bot,43,statico,1,0.053,0.94285,0,0,False,0.05635,1.0
ton->bot,43,ogni_batch,1,0.053,0.94285,1,32,False,0.05635,1.0
ton->bot,43,su_innesco,1,0.053,0.94285,0,0,False,0.05635,1.0
ton->bot,43,oracolo,1,0.053,0.94285,1,32,False,0.05635,1.0
ton->bot,43,stat_13x13,1,0.053,1.0,1,32,False,0.05635,1.0
ton->bot,43,martingala,1,0.053,0.94285,1,32,False,0.05635,1.0
ton->bot,43,stat_13x13_adaptive,1,0.053,1.0,1,32,False,0.05635,1.0
ton->bot,43,statico,2,0.105,0.9579728986449323,0,0,False,0.06055,1.0
ton->bot,43,ogni_batch,2,0.105,0.9579728986449323,2,64,False,0.06055,1.0
ton->bot,43,su_innesco,2,0.105,0.9579728986449323,0,0,False,0.06055,1.0
ton->bot,43,oracolo,2,0.105,0.9579728986449323,2,64,False,0.06055,1.0
ton->bot,43,stat_13x13,2,0.105,0.5,2,64,False,0.06055,1.0
ton->bot,43,martingala,2,0.105,0.9579728986449323,2,64,False,0.06055,1.0
ton->bot,43,stat_13x13_adaptive,2,0.105,0.5,2,64,False,0.06055,1.0
ton->bot,43,statico,3,0.158,0.8844,0,0,False,0.06815,1.0
ton->bot,43,ogni_batch,3,0.158,0.8844,3,96,False,0.06815,1.0
ton->bot,43,su_innesco,3,0.158,0.8844,0,0,False,0.06815,1.0
ton->bot,43,oracolo,3,0.158,0.9967,3,96,False,0.06815,1.0
ton->bot,43,stat_13x13,3,0.158,1.0,3,96,False,0.06815,1.0
ton->bot,43,martingala,3,0.158,0.8844,3,96,False,0.06815,1.0
ton->bot,43,stat_13x13_adaptive,3,0.158,1.0,3,96,False,0.06815,1.0
ton->bot,43,statico,4,0.211,0.4296214810740537,0,0,False,0.0764,1.0
ton->bot,43,ogni_batch,4,0.211,0.4296214810740537,4,128,False,0.0764,1.0
ton->bot,43,su_innesco,4,0.211,0.4296214810740537,0,0,False,0.0764,1.0
ton->bot,43,oracolo,4,0.211,0.49782489124456225,4,128,False,0.0764,1.0
ton->bot,43,stat_13x13,4,0.211,0.5,4,128,False,0.0764,1.0
ton->bot,43,martingala,4,0.211,0.4296214810740537,4,128,False,0.0764,1.0
ton->bot,43,stat_13x13_adaptive,4,0.211,0.5,4,128,False,0.0764,1.0
ton->bot,43,statico,5,0.263,0.416270813540677,0,0,False,0.0831,1.0
ton->bot,43,ogni_batch,5,0.263,0.416270813540677,5,160,False,0.0831,1.0
ton->bot,43,su_innesco,5,0.263,0.416270813540677,0,0,False,0.0831,1.0
ton->bot,43,oracolo,5,0.263,0.48372418620931046,5,160,False,0.0831,1.0
ton->bot,43,stat_13x13,5,0.263,0.5,5,160,False,0.0831,1.0
ton->bot,43,martingala,5,0.263,0.416270813540677,5,160,False,0.0831,1.0
ton->bot,43,stat_13x13_adaptive,5,0.263,0.5,5,160,False,0.0831,1.0
ton->bot,43,statico,6,0.316,0.9023451172558627,0,0,False,0.0903,1.0
ton->bot,43,ogni_batch,6,0.316,0.9023451172558627,6,192,False,0.0903,1.0
ton->bot,43,su_innesco,6,0.316,0.9023451172558627,0,0,False,0.0903,1.0
ton->bot,43,oracolo,6,0.316,0.9772988649432471,6,192,False,0.0903,1.0
ton->bot,43,stat_13x13,6,0.316,0.5,6,192,False,0.0903,1.0
ton->bot,43,martingala,6,0.316,0.9023451172558627,6,192,False,0.0903,1.0
ton->bot,43,stat_13x13_adaptive,6,0.316,0.5,6,192,False,0.0903,1.0
ton->bot,43,statico,7,0.368,0.8887833174976246,0,0,False,0.09955,1.0
ton->bot,43,ogni_batch,7,0.368,0.8887833174976246,7,224,False,0.09955,1.0
ton->bot,43,su_innesco,7,0.368,0.8887833174976246,0,0,False,0.09955,1.0
ton->bot,43,oracolo,7,0.368,0.980922138320748,7,224,False,0.09955,1.0
ton->bot,43,stat_13x13,7,0.368,0.5,7,224,False,0.09955,1.0
ton->bot,43,martingala,7,0.368,0.8887833174976246,7,224,False,0.09955,1.0
ton->bot,43,stat_13x13_adaptive,7,0.368,0.5,7,224,False,0.09955,1.0
ton->bot,43,statico,8,0.421,0.8735436771838592,0,0,False,0.10375,1.0
ton->bot,43,ogni_batch,8,0.421,0.8735436771838592,8,256,False,0.10375,1.0
ton->bot,43,su_innesco,8,0.421,0.8735436771838592,0,0,False,0.10375,1.0
ton->bot,43,oracolo,8,0.421,0.9870243512175609,8,256,False,0.10375,1.0
ton->bot,43,stat_13x13,8,0.421,0.5,8,256,False,0.10375,1.0
ton->bot,43,martingala,8,0.421,0.8735436771838592,8,256,False,0.10375,1.0
ton->bot,43,stat_13x13_adaptive,8,0.421,0.5,8,256,False,0.10375,1.0
ton->bot,43,statico,9,0.474,0.8612930646532326,0,0,False,0.1112,1.0
ton->bot,43,ogni_batch,9,0.474,0.8612930646532326,9,288,False,0.1112,1.0
ton->bot,43,su_innesco,9,0.474,0.8612930646532326,0,0,False,0.1112,1.0
ton->bot,43,oracolo,9,0.474,0.9869743487174358,9,288,False,0.1112,1.0
ton->bot,43,stat_13x13,9,0.474,0.5,9,288,False,0.1112,1.0
ton->bot,43,martingala,9,0.474,0.8612930646532326,9,288,False,0.1112,1.0
ton->bot,43,stat_13x13_adaptive,9,0.474,0.5,9,288,False,0.1112,1.0
ton->bot,43,statico,10,0.526,0.5133686719674618,0,0,False,0.1189,1.0
ton->bot,43,ogni_batch,10,0.526,0.5133686719674618,10,320,False,0.1189,1.0
ton->bot,43,su_innesco,10,0.526,0.5133686719674618,0,0,False,0.1189,1.0
ton->bot,43,oracolo,10,0.526,0.82198163057792,10,320,False,0.1189,1.0
ton->bot,43,stat_13x13,10,0.526,0.5,10,320,False,0.1189,1.0
ton->bot,43,martingala,10,0.526,0.5133686719674618,10,320,False,0.1189,1.0
ton->bot,43,stat_13x13_adaptive,10,0.526,0.5,10,320,False,0.1189,1.0
ton->bot,43,statico,11,0.579,0.8343834383438344,0,0,False,0.1281,1.0
ton->bot,43,ogni_batch,11,0.579,0.8343834383438344,11,352,False,0.1281,1.0
ton->bot,43,su_innesco,11,0.579,0.8343834383438344,0,0,False,0.1281,1.0
ton->bot,43,oracolo,11,0.579,0.983973397339734,11,352,False,0.1281,1.0
ton->bot,43,stat_13x13,11,0.579,0.5,11,352,False,0.1281,1.0
ton->bot,43,martingala,11,0.579,0.8343834383438344,11,352,False,0.1281,1.0
ton->bot,43,stat_13x13_adaptive,11,0.579,0.5,11,352,False,0.1281,1.0
ton->bot,43,statico,12,0.632,0.6342,0,0,True,0.1335,1.0
ton->bot,43,ogni_batch,12,0.632,0.6342,12,384,True,0.1335,1.0
ton->bot,43,su_innesco,12,0.632,0.6342,0,0,True,0.1335,1.0
ton->bot,43,oracolo,12,0.632,0.97055,12,384,True,0.1335,1.0
ton->bot,43,stat_13x13,12,0.632,1.0,12,384,True,0.1335,1.0
ton->bot,43,martingala,12,0.632,0.6342,12,384,True,0.1335,1.0
ton->bot,43,stat_13x13_adaptive,12,0.632,1.0,12,384,True,0.1335,1.0
ton->bot,43,statico,13,0.684,0.8050402520126007,0,0,True,0.14185,1.0
ton->bot,43,ogni_batch,13,0.684,0.8050402520126007,13,416,True,0.14185,1.0
ton->bot,43,su_innesco,13,0.684,0.8050402520126007,1,32,True,0.14185,1.0
ton->bot,43,oracolo,13,0.684,0.9884244212210611,13,416,True,0.14185,1.0
ton->bot,43,stat_13x13,13,0.684,0.5,13,416,True,0.14185,1.0
ton->bot,43,martingala,13,0.684,0.8050402520126007,13,416,True,0.14185,1.0
ton->bot,43,stat_13x13_adaptive,13,0.684,0.5,13,416,True,0.14185,1.0
ton->bot,43,statico,14,0.737,0.7922146107305366,0,0,True,0.1479,1.0
ton->bot,43,ogni_batch,14,0.737,0.7922146107305366,14,448,True,0.1479,1.0
ton->bot,43,su_innesco,14,0.737,0.7922146107305366,2,64,True,0.1479,1.0
ton->bot,43,oracolo,14,0.737,0.9910745537276864,14,448,True,0.1479,1.0
ton->bot,43,stat_13x13,14,0.737,0.5,14,448,True,0.1479,1.0
ton->bot,43,martingala,14,0.737,0.7922146107305366,14,448,True,0.1479,1.0
ton->bot,43,stat_13x13_adaptive,14,0.737,0.5,14,448,True,0.1479,1.0
ton->bot,43,statico,15,0.789,0.7799529952995299,0,0,True,0.162,1.0
ton->bot,43,ogni_batch,15,0.789,0.7799529952995299,15,480,True,0.162,1.0
ton->bot,43,su_innesco,15,0.789,0.7799529952995299,3,96,True,0.162,1.0
ton->bot,43,oracolo,15,0.789,0.9925992599259925,15,480,True,0.162,1.0
ton->bot,43,stat_13x13,15,0.789,0.49997499749975,15,480,True,0.162,1.0
ton->bot,43,martingala,15,0.789,0.7799529952995299,15,480,True,0.162,1.0
ton->bot,43,stat_13x13_adaptive,15,0.789,0.5,15,480,True,0.162,1.0
ton->bot,43,statico,16,0.842,0.2623131156557828,0,0,True,0.1595,1.0
ton->bot,43,ogni_batch,16,0.842,0.2623131156557828,16,512,True,0.1595,1.0
ton->bot,43,su_innesco,16,0.842,0.2623131156557828,4,128,True,0.1595,1.0
ton->bot,43,oracolo,16,0.842,0.9932996649832492,16,512,True,0.1595,1.0
ton->bot,43,stat_13x13,16,0.842,0.5,16,512,True,0.1595,1.0
ton->bot,43,martingala,16,0.842,0.2623131156557828,16,512,True,0.1595,1.0
ton->bot,43,stat_13x13_adaptive,16,0.842,0.5,16,512,True,0.1595,1.0
ton->bot,43,statico,17,0.895,0.7466870030504575,0,0,True,0.16355,1.0
ton->bot,43,ogni_batch,17,0.895,0.7466870030504575,17,544,True,0.16355,1.0
ton->bot,43,su_innesco,17,0.895,0.7466870030504575,5,160,True,0.16355,1.0
ton->bot,43,oracolo,17,0.895,0.8279575269623777,17,544,True,0.16355,1.0
ton->bot,43,stat_13x13,17,0.895,0.5,17,544,True,0.16355,1.0
ton->bot,43,martingala,17,0.895,0.7466870030504575,17,544,True,0.16355,1.0
ton->bot,43,stat_13x13_adaptive,17,0.895,0.5,17,544,True,0.16355,1.0
ton->bot,43,statico,18,0.947,0.7333099964994749,0,0,True,0.17395,1.0
ton->bot,43,ogni_batch,18,0.947,0.7333099964994749,18,576,True,0.17395,1.0
ton->bot,43,su_innesco,18,0.947,0.7333099964994749,6,192,True,0.17395,1.0
ton->bot,43,oracolo,18,0.947,0.9964994749212381,18,576,True,0.17395,1.0
ton->bot,43,stat_13x13,18,0.947,0.5,18,576,True,0.17395,1.0
ton->bot,43,martingala,18,0.947,0.7333099964994749,18,576,True,0.17395,1.0
ton->bot,43,stat_13x13_adaptive,18,0.947,0.5,18,576,True,0.17395,1.0
ton->bot,43,statico,19,1.0,0.719585979298965,0,0,True,0.1792,1.0
ton->bot,43,ogni_batch,19,1.0,0.719585979298965,19,608,True,0.1792,1.0
ton->bot,43,su_innesco,19,1.0,0.719585979298965,7,224,True,0.1792,1.0
ton->bot,43,oracolo,19,1.0,0.9972498624931246,19,608,True,0.1792,1.0
ton->bot,43,stat_13x13,19,1.0,0.5,19,608,True,0.1792,1.0
ton->bot,43,martingala,19,1.0,0.719585979298965,19,608,True,0.1792,1.0
ton->bot,43,stat_13x13_adaptive,19,1.0,0.5,19,608,True,0.1792,1.0
ton->bot,44,statico,0,0.0,0.9706,0,0,False,0.0434,1.0
ton->bot,44,ogni_batch,0,0.0,0.9706,0,0,False,0.0434,1.0
ton->bot,44,su_innesco,0,0.0,0.9706,0,0,False,0.0434,1.0
ton->bot,44,oracolo,0,0.0,0.9706,0,0,False,0.0434,1.0
ton->bot,44,stat_13x13,0,0.0,0.9706,0,0,False,0.0434,1.0
ton->bot,44,martingala,0,0.0,0.9706,0,0,False,0.0434,1.0
ton->bot,44,stat_13x13_adaptive,0,0.0,0.9706,0,0,False,0.0434,1.0
ton->bot,44,statico,1,0.053,0.93285,0,0,False,0.05145,1.0
ton->bot,44,ogni_batch,1,0.053,0.93285,1,32,False,0.05145,1.0
ton->bot,44,su_innesco,1,0.053,0.93285,0,0,False,0.05145,1.0
ton->bot,44,oracolo,1,0.053,0.93285,1,32,False,0.05145,1.0
ton->bot,44,stat_13x13,1,0.053,0.9999,1,32,False,0.05145,1.0
ton->bot,44,martingala,1,0.053,0.93285,1,32,False,0.05145,1.0
ton->bot,44,stat_13x13_adaptive,1,0.053,0.9999,1,32,False,0.05145,1.0
ton->bot,44,statico,2,0.105,0.89495,0,0,False,0.05865,1.0
ton->bot,44,ogni_batch,2,0.105,0.89495,2,64,False,0.05865,1.0
ton->bot,44,su_innesco,2,0.105,0.89495,0,0,False,0.05865,1.0
ton->bot,44,oracolo,2,0.105,0.89495,2,64,False,0.05865,1.0
ton->bot,44,stat_13x13,2,0.105,1.0,2,64,False,0.05865,1.0
ton->bot,44,martingala,2,0.105,0.89495,2,64,False,0.05865,1.0
ton->bot,44,stat_13x13_adaptive,2,0.105,1.0,2,64,False,0.05865,1.0
ton->bot,44,statico,3,0.158,0.85625,0,0,False,0.0657,1.0
ton->bot,44,ogni_batch,3,0.158,0.85625,3,96,False,0.0657,1.0
ton->bot,44,su_innesco,3,0.158,0.85625,0,0,False,0.0657,1.0
ton->bot,44,oracolo,3,0.158,0.85625,3,96,False,0.0657,1.0
ton->bot,44,stat_13x13,3,0.158,1.0,3,96,False,0.0657,1.0
ton->bot,44,martingala,3,0.158,0.85625,3,96,False,0.0657,1.0
ton->bot,44,stat_13x13_adaptive,3,0.158,1.0,3,96,False,0.0657,1.0
ton->bot,44,statico,4,0.211,0.9096704835241762,0,0,False,0.07635,1.0
ton->bot,44,ogni_batch,4,0.211,0.9096704835241762,4,128,False,0.07635,1.0
ton->bot,44,su_innesco,4,0.211,0.9096704835241762,0,0,False,0.07635,1.0
ton->bot,44,oracolo,4,0.211,0.9096704835241762,4,128,False,0.07635,1.0
ton->bot,44,stat_13x13,4,0.211,0.5,4,128,False,0.07635,1.0
ton->bot,44,martingala,4,0.211,0.9096704835241762,4,128,False,0.07635,1.0
ton->bot,44,stat_13x13_adaptive,4,0.211,0.5,4,128,False,0.07635,1.0
ton->bot,44,statico,5,0.263,0.78455,0,0,False,0.0779,1.0
ton->bot,44,ogni_batch,5,0.263,0.78455,5,160,False,0.0779,1.0
ton->bot,44,su_innesco,5,0.263,0.78455,0,0,False,0.0779,1.0
ton->bot,44,oracolo,5,0.263,0.9988,5,160,False,0.0779,1.0
ton->bot,44,stat_13x13,5,0.263,1.0,5,160,False,0.0779,1.0
ton->bot,44,martingala,5,0.263,0.78455,5,160,False,0.0779,1.0
ton->bot,44,stat_13x13_adaptive,5,0.263,1.0,5,160,False,0.0779,1.0
ton->bot,44,statico,6,0.316,0.371843592179609,0,0,False,0.0899,1.0
ton->bot,44,ogni_batch,6,0.316,0.371843592179609,6,192,False,0.0899,1.0
ton->bot,44,su_innesco,6,0.316,0.371843592179609,0,0,False,0.0899,1.0
ton->bot,44,oracolo,6,0.316,0.4995499774988749,6,192,False,0.0899,1.0
ton->bot,44,stat_13x13,6,0.316,0.5,6,192,False,0.0899,1.0
ton->bot,44,martingala,6,0.316,0.371843592179609,6,192,False,0.0899,1.0
ton->bot,44,stat_13x13_adaptive,6,0.316,0.5,6,192,False,0.0899,1.0
ton->bot,44,statico,7,0.368,0.6884866063242819,0,0,False,0.09215,1.0
ton->bot,44,ogni_batch,7,0.368,0.6884866063242819,7,224,False,0.09215,1.0
ton->bot,44,su_innesco,7,0.368,0.6884866063242819,0,0,False,0.09215,1.0
ton->bot,44,oracolo,7,0.368,0.8156806854361487,7,224,False,0.09215,1.0
ton->bot,44,stat_13x13,7,0.368,0.5,7,224,False,0.09215,1.0
ton->bot,44,martingala,7,0.368,0.6884866063242819,7,224,False,0.09215,1.0
ton->bot,44,stat_13x13_adaptive,7,0.368,0.5,7,224,False,0.09215,1.0
ton->bot,44,statico,8,0.421,0.67515,0,0,False,0.10165,1.0
ton->bot,44,ogni_batch,8,0.421,0.67515,8,256,False,0.10165,1.0
ton->bot,44,su_innesco,8,0.421,0.67515,0,0,False,0.10165,1.0
ton->bot,44,oracolo,8,0.421,0.97495,8,256,False,0.10165,1.0
ton->bot,44,stat_13x13,8,0.421,1.0,8,256,False,0.10165,1.0
ton->bot,44,martingala,8,0.421,0.67515,8,256,False,0.10165,1.0
ton->bot,44,stat_13x13_adaptive,8,0.421,1.0,8,256,False,0.10165,1.0
ton->bot,44,statico,9,0.474,0.5658065806580659,0,0,False,0.1119,1.0
ton->bot,44,ogni_batch,9,0.474,0.5658065806580659,9,288,False,0.1119,1.0
ton->bot,44,su_innesco,9,0.474,0.5658065806580659,0,0,False,0.1119,1.0
ton->bot,44,oracolo,9,0.474,0.7384238423842384,9,288,False,0.1119,1.0
ton->bot,44,stat_13x13,9,0.474,0.5,9,288,False,0.1119,1.0
ton->bot,44,martingala,9,0.474,0.5658065806580659,9,288,False,0.1119,1.0
ton->bot,44,stat_13x13_adaptive,9,0.474,0.5,9,288,False,0.1119,1.0
ton->bot,44,statico,10,0.526,0.5935,0,0,False,0.1151,1.0
ton->bot,44,ogni_batch,10,0.526,0.5935,10,320,False,0.1151,1.0
ton->bot,44,su_innesco,10,0.526,0.5935,0,0,False,0.1151,1.0
ton->bot,44,oracolo,10,0.526,0.96675,10,320,False,0.1151,1.0
ton->bot,44,stat_13x13,10,0.526,1.0,10,320,False,0.1151,1.0
ton->bot,44,martingala,10,0.526,0.5935,10,320,False,0.1151,1.0
ton->bot,44,stat_13x13_adaptive,10,0.526,1.0,10,320,False,0.1151,1.0
ton->bot,44,statico,11,0.579,0.5581,0,0,False,0.12475,1.0
ton->bot,44,ogni_batch,11,0.579,0.5581,11,352,False,0.12475,1.0
ton->bot,44,su_innesco,11,0.579,0.5581,0,0,False,0.12475,1.0
ton->bot,44,oracolo,11,0.579,0.96725,11,352,False,0.12475,1.0
ton->bot,44,stat_13x13,11,0.579,1.0,11,352,False,0.12475,1.0
ton->bot,44,martingala,11,0.579,0.5581,11,352,False,0.12475,1.0
ton->bot,44,stat_13x13_adaptive,11,0.579,0.99995,11,352,False,0.12475,1.0
ton->bot,44,statico,12,0.632,0.2626131306565328,0,0,False,0.1287,1.0
ton->bot,44,ogni_batch,12,0.632,0.2626131306565328,12,384,False,0.1287,1.0
ton->bot,44,su_innesco,12,0.632,0.2626131306565328,0,0,False,0.1287,1.0
ton->bot,44,oracolo,12,0.632,0.48602430121506074,12,384,False,0.1287,1.0
ton->bot,44,stat_13x13,12,0.632,0.5,12,384,False,0.1287,1.0
ton->bot,44,martingala,12,0.632,0.2626131306565328,12,384,False,0.1287,1.0
ton->bot,44,stat_13x13_adaptive,12,0.632,0.5,12,384,False,0.1287,1.0
ton->bot,44,statico,13,0.684,0.7425242524252426,0,0,True,0.14255,1.0
ton->bot,44,ogni_batch,13,0.684,0.7425242524252426,13,416,True,0.14255,1.0
ton->bot,44,su_innesco,13,0.684,0.7425242524252426,0,0,True,0.14255,1.0
ton->bot,44,oracolo,13,0.684,0.9875237523752376,13,416,True,0.14255,1.0
ton->bot,44,stat_13x13,13,0.684,0.5,13,416,True,0.14255,1.0
ton->bot,44,martingala,13,0.684,0.7425242524252426,13,416,True,0.14255,1.0
ton->bot,44,stat_13x13_adaptive,13,0.684,0.5,13,416,True,0.14255,1.0
ton->bot,44,statico,14,0.737,0.44935,0,0,True,0.1449,1.0
ton->bot,44,ogni_batch,14,0.737,0.44935,14,448,True,0.1449,1.0
ton->bot,44,su_innesco,14,0.737,0.44935,1,32,True,0.1449,1.0
ton->bot,44,oracolo,14,0.737,0.9746,14,448,True,0.1449,1.0
ton->bot,44,stat_13x13,14,0.737,1.0,14,448,True,0.1449,1.0
ton->bot,44,martingala,14,0.737,0.44935,14,448,True,0.1449,1.0
ton->bot,44,stat_13x13_adaptive,14,0.737,1.0,14,448,True,0.1449,1.0
ton->bot,44,statico,15,0.789,0.4572914582916583,0,0,True,0.15245,1.0
ton->bot,44,ogni_batch,15,0.789,0.4572914582916583,15,480,True,0.15245,1.0
ton->bot,44,su_innesco,15,0.789,0.4572914582916583,2,64,True,0.15245,1.0
ton->bot,44,oracolo,15,0.789,0.8642978595719144,15,480,True,0.15245,1.0
ton->bot,44,stat_13x13,15,0.789,0.5,15,480,True,0.15245,1.0
ton->bot,44,martingala,15,0.789,0.4572914582916583,15,480,True,0.15245,1.0
ton->bot,44,stat_13x13_adaptive,15,0.789,0.5,15,480,True,0.15245,1.0
ton->bot,44,statico,16,0.842,0.6884032604890733,0,0,True,0.16365,1.0
ton->bot,44,ogni_batch,16,0.842,0.6884032604890733,16,512,True,0.16365,1.0
ton->bot,44,su_innesco,16,0.842,0.6884032604890733,3,96,True,0.16365,1.0
ton->bot,44,oracolo,16,0.842,0.9907736160424063,16,512,True,0.16365,1.0
ton->bot,44,stat_13x13,16,0.842,0.5,16,512,True,0.16365,1.0
ton->bot,44,martingala,16,0.842,0.6884032604890733,16,512,True,0.16365,1.0
ton->bot,44,stat_13x13_adaptive,16,0.842,0.5,16,512,True,0.16365,1.0
ton->bot,44,statico,17,0.895,0.33486689670117187,0,0,True,0.16235,1.0
ton->bot,44,ogni_batch,17,0.895,0.33486689670117187,17,544,True,0.16235,1.0
ton->bot,44,su_innesco,17,0.895,0.33486689670117187,4,128,True,0.16235,1.0
ton->bot,44,oracolo,17,0.895,0.8261572569218716,17,544,True,0.16235,1.0
ton->bot,44,stat_13x13,17,0.895,0.5,17,544,True,0.16235,1.0
ton->bot,44,martingala,17,0.895,0.33486689670117187,17,544,True,0.16235,1.0
ton->bot,44,stat_13x13_adaptive,17,0.895,0.5,17,544,True,0.16235,1.0
ton->bot,44,statico,18,0.947,0.15216521652165216,0,0,True,0.17435,1.0
ton->bot,44,ogni_batch,18,0.947,0.15216521652165216,18,576,True,0.17435,1.0
ton->bot,44,su_innesco,18,0.947,0.15216521652165216,5,160,True,0.17435,1.0
ton->bot,44,oracolo,18,0.947,0.9952745274527453,18,576,True,0.17435,1.0
ton->bot,44,stat_13x13,18,0.947,0.5,18,576,True,0.17435,1.0
ton->bot,44,martingala,18,0.947,0.15216521652165216,18,576,True,0.17435,1.0
ton->bot,44,stat_13x13_adaptive,18,0.947,0.5,18,576,True,0.17435,1.0
ton->bot,44,statico,19,1.0,0.4312828207051763,0,0,True,0.1816,1.0
ton->bot,44,ogni_batch,19,1.0,0.4312828207051763,19,608,True,0.1816,1.0
ton->bot,44,su_innesco,19,1.0,0.4312828207051763,6,192,True,0.1816,1.0
ton->bot,44,oracolo,19,1.0,0.9968742185546386,19,608,True,0.1816,1.0
ton->bot,44,stat_13x13,19,1.0,0.5,19,608,True,0.1816,1.0
ton->bot,44,martingala,19,1.0,0.4312828207051763,19,608,True,0.1816,1.0
ton->bot,44,stat_13x13_adaptive,19,1.0,0.5,19,608,True,0.1816,1.0
ton->bot,45,statico,0,0.0,0.96505,0,0,False,0.0477,1.0
ton->bot,45,ogni_batch,0,0.0,0.96505,0,0,False,0.0477,1.0
ton->bot,45,su_innesco,0,0.0,0.96505,0,0,False,0.0477,1.0
ton->bot,45,oracolo,0,0.0,0.96505,0,0,False,0.0477,1.0
ton->bot,45,stat_13x13,0,0.0,0.96505,0,0,False,0.0477,1.0
ton->bot,45,martingala,0,0.0,0.96505,0,0,False,0.0477,1.0
ton->bot,45,stat_13x13_adaptive,0,0.0,0.96505,0,0,False,0.0477,1.0
ton->bot,45,statico,1,0.053,0.93035,0,0,False,0.0558,1.0
ton->bot,45,ogni_batch,1,0.053,0.93035,1,32,False,0.0558,1.0
ton->bot,45,su_innesco,1,0.053,0.93035,0,0,False,0.0558,1.0
ton->bot,45,oracolo,1,0.053,0.93035,1,32,False,0.0558,1.0
ton->bot,45,stat_13x13,1,0.053,1.0,1,32,False,0.0558,1.0
ton->bot,45,martingala,1,0.053,0.93035,1,32,False,0.0558,1.0
ton->bot,45,stat_13x13_adaptive,1,0.053,1.0,1,32,False,0.0558,1.0
ton->bot,45,statico,2,0.105,0.8965,0,0,False,0.05935,1.0
ton->bot,45,ogni_batch,2,0.105,0.8965,2,64,False,0.05935,1.0
ton->bot,45,su_innesco,2,0.105,0.8965,0,0,False,0.05935,1.0
ton->bot,45,oracolo,2,0.105,0.8965,2,64,False,0.05935,1.0
ton->bot,45,stat_13x13,2,0.105,1.0,2,64,False,0.05935,1.0
ton->bot,45,martingala,2,0.105,0.8965,2,64,False,0.05935,1.0
ton->bot,45,stat_13x13_adaptive,2,0.105,1.0,2,64,False,0.05935,1.0
ton->bot,45,statico,3,0.158,0.8559,0,0,False,0.0718,1.0
ton->bot,45,ogni_batch,3,0.158,0.8559,3,96,False,0.0718,1.0
ton->bot,45,su_innesco,3,0.158,0.8559,0,0,False,0.0718,1.0
ton->bot,45,oracolo,3,0.158,0.8559,3,96,False,0.0718,1.0
ton->bot,45,stat_13x13,3,0.158,1.0,3,96,False,0.0718,1.0
ton->bot,45,martingala,3,0.158,0.8559,3,96,False,0.0718,1.0
ton->bot,45,stat_13x13_adaptive,3,0.158,1.0,3,96,False,0.0718,1.0
ton->bot,45,statico,4,0.211,0.9078703935196759,0,0,False,0.07875,1.0
ton->bot,45,ogni_batch,4,0.211,0.9078703935196759,4,128,False,0.07875,1.0
ton->bot,45,su_innesco,4,0.211,0.9078703935196759,0,0,False,0.07875,1.0
ton->bot,45,oracolo,4,0.211,0.9078703935196759,4,128,False,0.07875,1.0
ton->bot,45,stat_13x13,4,0.211,0.5,4,128,False,0.07875,1.0
ton->bot,45,martingala,4,0.211,0.9078703935196759,4,128,False,0.07875,1.0
ton->bot,45,stat_13x13_adaptive,4,0.211,0.5,4,128,False,0.07875,1.0
ton->bot,45,statico,5,0.263,0.38899444972248615,0,0,False,0.08915,1.0
ton->bot,45,ogni_batch,5,0.263,0.38899444972248615,5,160,False,0.08915,1.0
ton->bot,45,su_innesco,5,0.263,0.38899444972248615,0,0,False,0.08915,1.0
ton->bot,45,oracolo,5,0.263,0.49489974498724937,5,160,False,0.08915,1.0
ton->bot,45,stat_13x13,5,0.263,0.5,5,160,False,0.08915,1.0
ton->bot,45,martingala,5,0.263,0.38899444972248615,5,160,False,0.08915,1.0
ton->bot,45,stat_13x13_adaptive,5,0.263,0.5,5,160,False,0.08915,1.0
ton->bot,45,statico,6,0.316,0.8742437121856093,0,0,False,0.0941,1.0
ton->bot,45,ogni_batch,6,0.316,0.8742437121856093,6,192,False,0.0941,1.0
ton->bot,45,su_innesco,6,0.316,0.8742437121856093,0,0,False,0.0941,1.0
ton->bot,45,oracolo,6,0.316,0.9948497424871243,6,192,False,0.0941,1.0
ton->bot,45,stat_13x13,6,0.316,0.5,6,192,False,0.0941,1.0
ton->bot,45,martingala,6,0.316,0.8742437121856093,6,192,False,0.0941,1.0
ton->bot,45,stat_13x13_adaptive,6,0.316,0.5,6,192,False,0.0941,1.0
ton->bot,45,statico,7,0.368,0.35514275713785687,0,0,False,0.0991,1.0
ton->bot,45,ogni_batch,7,0.368,0.35514275713785687,7,224,False,0.0991,1.0
ton->bot,45,su_innesco,7,0.368,0.35514275713785687,0,0,False,0.0991,1.0
ton->bot,45,oracolo,7,0.368,0.48839941997099856,7,224,False,0.0991,1.0
ton->bot,45,stat_13x13,7,0.368,0.5,7,224,False,0.0991,1.0
ton->bot,45,martingala,7,0.368,0.35514275713785687,7,224,False,0.0991,1.0
ton->bot,45,stat_13x13_adaptive,7,0.368,0.5,7,224,False,0.0991,1.0
ton->bot,45,statico,8,0.421,0.8346834683468347,0,0,False,0.10685,1.0
ton->bot,45,ogni_batch,8,0.421,0.8346834683468347,8,256,False,0.10685,1.0
ton->bot,45,su_innesco,8,0.421,0.8346834683468347,0,0,False,0.10685,1.0
ton->bot,45,oracolo,8,0.421,0.49084908490849083,8,256,False,0.10685,1.0
ton->bot,45,stat_13x13,8,0.421,0.5,8,256,False,0.10685,1.0
ton->bot,45,martingala,8,0.421,0.8346834683468347,8,256,False,0.10685,1.0
ton->bot,45,stat_13x13_adaptive,8,0.421,0.5,8,256,False,0.10685,1.0
ton->bot,45,statico,9,0.474,0.5646064606460646,0,0,False,0.1204,1.0
ton->bot,45,ogni_batch,9,0.474,0.5646064606460646,9,288,False,0.1204,1.0
ton->bot,45,su_innesco,9,0.474,0.5646064606460646,0,0,False,0.1204,1.0
ton->bot,45,oracolo,9,0.474,0.9806730673067307,9,288,False,0.1204,1.0
ton->bot,45,stat_13x13,9,0.474,0.5,9,288,False,0.1204,1.0
ton->bot,45,martingala,9,0.474,0.5646064606460646,9,288,False,0.1204,1.0
ton->bot,45,stat_13x13_adaptive,9,0.474,0.5,9,288,False,0.1204,1.0
ton->bot,45,statico,10,0.526,0.7974648732436622,0,0,False,0.1249,1.0
ton->bot,45,ogni_batch,10,0.526,0.7974648732436622,10,320,False,0.1249,1.0
ton->bot,45,su_innesco,10,0.526,0.7974648732436622,0,0,False,0.1249,1.0
ton->bot,45,oracolo,10,0.526,0.9824491224561228,10,320,False,0.1249,1.0
ton->bot,45,stat_13x13,10,0.526,0.5,10,320,False,0.1249,1.0
ton->bot,45,martingala,10,0.526,0.7974648732436622,10,320,False,0.1249,1.0
ton->bot,45,stat_13x13_adaptive,10,0.526,0.5,10,320,False,0.1249,1.0
ton->bot,45,statico,11,0.579,0.7775777577757776,0,0,True,0.1333,1.0
ton->bot,45,ogni_batch,11,0.579,0.7775777577757776,11,352,True,0.1333,1.0
ton->bot,45,su_innesco,11,0.579,0.7775777577757776,0,0,True,0.1333,1.0
ton->bot,45,oracolo,11,0.579,0.4862236223622362,11,352,True,0.1333,1.0
ton->bot,45,stat_13x13,11,0.579,0.5,11,352,True,0.1333,1.0
ton->bot,45,martingala,11,0.579,0.7775777577757776,11,352,True,0.1333,1.0
ton->bot,45,stat_13x13_adaptive,11,0.579,0.5,11,352,True,0.1333,1.0
ton->bot,45,statico,12,0.632,0.26293814690734535,0,0,True,0.13745,1.0
ton->bot,45,ogni_batch,12,0.632,0.26293814690734535,12,384,True,0.13745,1.0
ton->bot,45,su_innesco,12,0.632,0.26293814690734535,1,32,True,0.13745,1.0
ton->bot,45,oracolo,12,0.632,0.48642432121606083,12,384,True,0.13745,1.0
ton->bot,45,stat_13x13,12,0.632,0.5,12,384,True,0.13745,1.0
ton->bot,45,martingala,12,0.632,0.26293814690734535,12,384,True,0.13745,1.0
ton->bot,45,stat_13x13_adaptive,12,0.632,0.5,12,384,True,0.13745,1.0
ton->bot,45,statico,13,0.684,0.5766198263072794,0,0,True,0.1444,1.0
ton->bot,45,ogni_batch,13,0.684,0.5766198263072794,13,416,True,0.1444,1.0
ton->bot,45,su_innesco,13,0.684,0.5766198263072794,2,64,True,0.1444,1.0
ton->bot,45,oracolo,13,0.684,0.9869480422063309,13,416,True,0.1444,1.0
ton->bot,45,stat_13x13,13,0.684,0.5,13,416,True,0.1444,1.0
ton->bot,45,martingala,13,0.684,0.5766198263072794,13,416,True,0.1444,1.0
ton->bot,45,stat_13x13_adaptive,13,0.684,0.5,13,416,True,0.1444,1.0
ton->bot,45,statico,14,0.737,0.5567418446100248,0,0,True,0.1579,1.0
ton->bot,45,ogni_batch,14,0.737,0.5567418446100248,14,448,True,0.1579,1.0
ton->bot,45,su_innesco,14,0.737,0.5567418446100248,3,96,True,0.1579,1.0
ton->bot,45,oracolo,14,0.737,0.9870230534580187,14,448,True,0.1579,1.0
ton->bot,45,stat_13x13,14,0.737,0.5,14,448,True,0.1579,1.0
ton->bot,45,martingala,14,0.737,0.5567418446100248,14,448,True,0.1579,1.0
ton->bot,45,stat_13x13_adaptive,14,0.737,0.5,14,448,True,0.1579,1.0
ton->bot,45,statico,15,0.789,0.7038703870387039,0,0,True,0.16425,1.0
ton->bot,45,ogni_batch,15,0.789,0.7038703870387039,15,480,True,0.16425,1.0
ton->bot,45,su_innesco,15,0.789,0.7038703870387039,4,128,True,0.16425,1.0
ton->bot,45,oracolo,15,0.789,0.9887738773877388,15,480,True,0.16425,1.0
ton->bot,45,stat_13x13,15,0.789,0.5,15,480,True,0.16425,1.0
ton->bot,45,martingala,15,0.789,0.7038703870387039,15,480,True,0.16425,1.0
ton->bot,45,stat_13x13_adaptive,15,0.789,0.5,15,480,True,0.16425,1.0
ton->bot,45,statico,16,0.842,0.6852842642132106,0,0,True,0.17015,1.0
ton->bot,45,ogni_batch,16,0.842,0.6852842642132106,16,512,True,0.17015,1.0
ton->bot,45,su_innesco,16,0.842,0.6852842642132106,5,160,True,0.17015,1.0
ton->bot,45,oracolo,16,0.842,0.9918245912295615,16,512,True,0.17015,1.0
ton->bot,45,stat_13x13,16,0.842,0.4999749987499375,16,512,True,0.17015,1.0
ton->bot,45,martingala,16,0.842,0.6852842642132106,16,512,True,0.17015,1.0
ton->bot,45,stat_13x13_adaptive,16,0.842,0.5,16,512,True,0.17015,1.0
ton->bot,45,statico,17,0.895,0.2673418354588647,0,0,True,0.17555,1.0
ton->bot,45,ogni_batch,17,0.895,0.2673418354588647,17,544,True,0.17555,1.0
ton->bot,45,su_innesco,17,0.895,0.2673418354588647,6,192,True,0.17555,1.0
ton->bot,45,oracolo,17,0.895,0.9941235308827208,17,544,True,0.17555,1.0
ton->bot,45,stat_13x13,17,0.895,0.5,17,544,True,0.17555,1.0
ton->bot,45,martingala,17,0.895,0.2673418354588647,17,544,True,0.17555,1.0
ton->bot,45,stat_13x13_adaptive,17,0.895,0.5,17,544,True,0.17555,1.0
ton->bot,45,statico,18,0.947,0.400520156046814,0,0,True,0.18845,1.0
ton->bot,45,ogni_batch,18,0.947,0.400520156046814,18,576,True,0.18845,1.0
ton->bot,45,su_innesco,18,0.947,0.400520156046814,7,224,True,0.18845,1.0
ton->bot,45,oracolo,18,0.947,0.9947734320296089,18,576,True,0.18845,1.0
ton->bot,45,stat_13x13,18,0.947,0.5,18,576,True,0.18845,1.0
ton->bot,45,martingala,18,0.947,0.400520156046814,18,576,True,0.18845,1.0
ton->bot,45,stat_13x13_adaptive,18,0.947,0.5,18,576,True,0.18845,1.0
ton->bot,45,statico,19,1.0,0.6313315665783289,0,0,True,0.1969,1.0
ton->bot,45,ogni_batch,19,1.0,0.6313315665783289,19,608,True,0.1969,1.0
ton->bot,45,su_innesco,19,1.0,0.6313315665783289,8,256,True,0.1969,1.0
ton->bot,45,oracolo,19,1.0,0.9967998399919996,19,608,True,0.1969,1.0
ton->bot,45,stat_13x13,19,1.0,0.5,19,608,True,0.1969,1.0
ton->bot,45,martingala,19,1.0,0.6313315665783289,19,608,True,0.1969,1.0
ton->bot,45,stat_13x13_adaptive,19,1.0,0.5,19,608,True,0.1969,1.0
ton->bot,46,statico,0,0.0,0.96985,0,0,False,0.04875,1.0
ton->bot,46,ogni_batch,0,0.0,0.96985,0,0,False,0.04875,1.0
ton->bot,46,su_innesco,0,0.0,0.96985,0,0,False,0.04875,1.0
ton->bot,46,oracolo,0,0.0,0.96985,0,0,False,0.04875,1.0
ton->bot,46,stat_13x13,0,0.0,0.96985,0,0,False,0.04875,1.0
ton->bot,46,martingala,0,0.0,0.96985,0,0,False,0.04875,1.0
ton->bot,46,stat_13x13_adaptive,0,0.0,0.96985,0,0,False,0.04875,1.0
ton->bot,46,statico,1,0.053,0.9425,0,0,False,0.05615,1.0
ton->bot,46,ogni_batch,1,0.053,0.9425,1,32,False,0.05615,1.0
ton->bot,46,su_innesco,1,0.053,0.9425,0,0,False,0.05615,1.0
ton->bot,46,oracolo,1,0.053,0.9425,1,32,False,0.05615,1.0
ton->bot,46,stat_13x13,1,0.053,1.0,1,32,False,0.05615,1.0
ton->bot,46,martingala,1,0.053,0.9425,1,32,False,0.05615,1.0
ton->bot,46,stat_13x13_adaptive,1,0.053,1.0,1,32,False,0.05615,1.0
ton->bot,46,statico,2,0.105,0.9573478673933697,0,0,False,0.06465,1.0
ton->bot,46,ogni_batch,2,0.105,0.9573478673933697,2,64,False,0.06465,1.0
ton->bot,46,su_innesco,2,0.105,0.9573478673933697,0,0,False,0.06465,1.0
ton->bot,46,oracolo,2,0.105,0.9573478673933697,2,64,False,0.06465,1.0
ton->bot,46,stat_13x13,2,0.105,0.5,2,64,False,0.06465,1.0
ton->bot,46,martingala,2,0.105,0.9573478673933697,2,64,False,0.06465,1.0
ton->bot,46,stat_13x13_adaptive,2,0.105,0.5,2,64,False,0.06465,1.0
ton->bot,46,statico,3,0.158,0.9416470823541176,0,0,False,0.0713,1.0
ton->bot,46,ogni_batch,3,0.158,0.9416470823541176,3,96,False,0.0713,1.0
ton->bot,46,su_innesco,3,0.158,0.9416470823541176,0,0,False,0.0713,1.0
ton->bot,46,oracolo,3,0.158,0.4817740887044352,3,96,False,0.0713,1.0
ton->bot,46,stat_13x13,3,0.158,0.5,3,96,False,0.0713,1.0
ton->bot,46,martingala,3,0.158,0.9416470823541176,3,96,False,0.0713,1.0
ton->bot,46,stat_13x13_adaptive,3,0.158,0.5,3,96,False,0.0713,1.0
ton->bot,46,statico,4,0.211,0.8601,0,0,False,0.07375,1.0
ton->bot,46,ogni_batch,4,0.211,0.8601,4,128,False,0.07375,1.0
ton->bot,46,su_innesco,4,0.211,0.8601,0,0,False,0.07375,1.0
ton->bot,46,oracolo,4,0.211,0.96885,4,128,False,0.07375,1.0
ton->bot,46,stat_13x13,4,0.211,1.0,4,128,False,0.07375,1.0
ton->bot,46,martingala,4,0.211,0.8601,4,128,False,0.07375,1.0
ton->bot,46,stat_13x13_adaptive,4,0.211,1.0,4,128,False,0.07375,1.0
ton->bot,46,statico,5,0.263,0.8357,0,0,False,0.08695,1.0
ton->bot,46,ogni_batch,5,0.263,0.8357,5,160,False,0.08695,1.0
ton->bot,46,su_innesco,5,0.263,0.8357,0,0,False,0.08695,1.0
ton->bot,46,oracolo,5,0.263,0.96875,5,160,False,0.08695,1.0
ton->bot,46,stat_13x13,5,0.263,1.0,5,160,False,0.08695,1.0
ton->bot,46,martingala,5,0.263,0.8357,5,160,False,0.08695,1.0
ton->bot,46,stat_13x13_adaptive,5,0.263,1.0,5,160,False,0.08695,1.0
ton->bot,46,statico,6,0.316,0.9013200660033002,0,0,False,0.08775,1.0
ton->bot,46,ogni_batch,6,0.316,0.9013200660033002,6,192,False,0.08775,1.0
ton->bot,46,su_innesco,6,0.316,0.9013200660033002,0,0,False,0.08775,1.0
ton->bot,46,oracolo,6,0.316,0.9863993199659983,6,192,False,0.08775,1.0
ton->bot,46,stat_13x13,6,0.316,0.5,6,192,False,0.08775,1.0
ton->bot,46,martingala,6,0.316,0.9013200660033002,6,192,False,0.08775,1.0
ton->bot,46,stat_13x13_adaptive,6,0.316,0.5,6,192,False,0.08775,1.0
ton->bot,46,statico,7,0.368,0.77645,0,0,False,0.09935,1.0
ton->bot,46,ogni_batch,7,0.368,0.77645,7,224,False,0.09935,1.0
ton->bot,46,su_innesco,7,0.368,0.77645,0,0,False,0.09935,1.0
ton->bot,46,oracolo,7,0.368,0.9879,7,224,False,0.09935,1.0
ton->bot,46,stat_13x13,7,0.368,1.0,7,224,False,0.09935,1.0
ton->bot,46,martingala,7,0.368,0.77645,7,224,False,0.09935,1.0
ton->bot,46,stat_13x13_adaptive,7,0.368,1.0,7,224,False,0.09935,1.0
ton->bot,46,statico,8,0.421,0.6237123712371238,0,0,False,0.10135,1.0
ton->bot,46,ogni_batch,8,0.421,0.6237123712371238,8,256,False,0.10135,1.0
ton->bot,46,su_innesco,8,0.421,0.6237123712371238,0,0,False,0.10135,1.0
ton->bot,46,oracolo,8,0.421,0.745999599959996,8,256,False,0.10135,1.0
ton->bot,46,stat_13x13,8,0.421,0.5,8,256,False,0.10135,1.0
ton->bot,46,martingala,8,0.421,0.6237123712371238,8,256,False,0.10135,1.0
ton->bot,46,stat_13x13_adaptive,8,0.421,0.5,8,256,False,0.10135,1.0
ton->bot,46,statico,9,0.474,0.7189,0,0,False,0.11305,1.0
ton->bot,46,ogni_batch,9,0.474,0.7189,9,288,False,0.11305,1.0
ton->bot,46,su_innesco,9,0.474,0.7189,0,0,False,0.11305,1.0
ton->bot,46,oracolo,9,0.474,0.97445,9,288,False,0.11305,1.0
ton->bot,46,stat_13x13,9,0.474,1.0,9,288,False,0.11305,1.0
ton->bot,46,martingala,9,0.474,0.7189,9,288,False,0.11305,1.0
ton->bot,46,stat_13x13_adaptive,9,0.474,1.0,9,288,False,0.11305,1.0
ton->bot,46,statico,10,0.526,0.69335,0,0,False,0.11865,1.0
ton->bot,46,ogni_batch,10,0.526,0.69335,10,320,False,0.11865,1.0
ton->bot,46,su_innesco,10,0.526,0.69335,0,0,False,0.11865,1.0
ton->bot,46,oracolo,10,0.526,0.97645,10,320,False,0.11865,1.0
ton->bot,46,stat_13x13,10,0.526,1.0,10,320,False,0.11865,1.0
ton->bot,46,martingala,10,0.526,0.69335,10,320,False,0.11865,1.0
ton->bot,46,stat_13x13_adaptive,10,0.526,1.0,10,320,False,0.11865,1.0
ton->bot,46,statico,11,0.579,0.8337666883344167,0,0,False,0.1213,1.0
ton->bot,46,ogni_batch,11,0.579,0.8337666883344167,11,352,False,0.1213,1.0
ton->bot,46,su_innesco,11,0.579,0.8337666883344167,0,0,False,0.1213,1.0
ton->bot,46,oracolo,11,0.579,0.9905245262263114,11,352,False,0.1213,1.0
ton->bot,46,stat_13x13,11,0.579,0.5,11,352,False,0.1213,1.0
ton->bot,46,martingala,11,0.579,0.8337666883344167,11,352,False,0.1213,1.0
ton->bot,46,stat_13x13_adaptive,11,0.579,0.5,11,352,False,0.1213,1.0
ton->bot,46,statico,12,0.632,0.8179408970448523,0,0,True,0.13375,1.0
ton->bot,46,ogni_batch,12,0.632,0.8179408970448523,12,384,True,0.13375,1.0
ton->bot,46,su_innesco,12,0.632,0.8179408970448523,0,0,True,0.13375,1.0
ton->bot,46,oracolo,12,0.632,0.9898494924746237,12,384,True,0.13375,1.0
ton->bot,46,stat_13x13,12,0.632,0.5,12,384,True,0.13375,1.0
ton->bot,46,martingala,12,0.632,0.8179408970448523,12,384,True,0.13375,1.0
ton->bot,46,stat_13x13_adaptive,12,0.632,0.5,12,384,True,0.13375,1.0
ton->bot,46,statico,13,0.684,0.8044206630994649,0,0,True,0.1403,1.0
ton->bot,46,ogni_batch,13,0.684,0.8044206630994649,13,416,True,0.1403,1.0
ton->bot,46,su_innesco,13,0.684,0.8044206630994649,1,32,True,0.1403,1.0
ton->bot,46,oracolo,13,0.684,0.6563151139337567,13,416,True,0.1403,1.0
ton->bot,46,stat_13x13,13,0.684,0.5,13,416,True,0.1403,1.0
ton->bot,46,martingala,13,0.684,0.8044206630994649,13,416,True,0.1403,1.0
ton->bot,46,stat_13x13_adaptive,13,0.684,0.5,13,416,True,0.1403,1.0
ton->bot,46,statico,14,0.737,0.2905645282264113,0,0,True,0.14405,1.0
ton->bot,46,ogni_batch,14,0.737,0.2905645282264113,14,448,True,0.14405,1.0
ton->bot,46,su_innesco,14,0.737,0.2905645282264113,2,64,True,0.14405,1.0
ton->bot,46,oracolo,14,0.737,0.9910245512275614,14,448,True,0.14405,1.0
ton->bot,46,stat_13x13,14,0.737,0.4999749987499375,14,448,True,0.14405,1.0
ton->bot,46,martingala,14,0.737,0.2905645282264113,14,448,True,0.14405,1.0
ton->bot,46,stat_13x13_adaptive,14,0.737,0.49957497874893747,14,448,True,0.14405,1.0
ton->bot,46,statico,15,0.789,0.27542754275427545,0,0,True,0.15115,1.0
ton->bot,46,ogni_batch,15,0.789,0.27542754275427545,15,480,True,0.15115,1.0
ton->bot,46,su_innesco,15,0.789,0.27542754275427545,3,96,True,0.15115,1.0
ton->bot,46,oracolo,15,0.789,0.7421742174217422,15,480,True,0.15115,1.0
ton->bot,46,stat_13x13,15,0.789,0.5,15,480,True,0.15115,1.0
ton->bot,46,martingala,15,0.789,0.27542754275427545,15,480,True,0.15115,1.0
ton->bot,46,stat_13x13_adaptive,15,0.789,0.5,15,480,True,0.15115,1.0
ton->bot,46,statico,16,0.842,0.5969478755146604,0,0,True,0.16335,1.0
ton->bot,46,ogni_batch,16,0.842,0.5969478755146604,16,512,True,0.16335,1.0
ton->bot,46,su_innesco,16,0.842,0.5969478755146604,4,128,True,0.16335,1.0
ton->bot,46,oracolo,16,0.842,0.8262572719241219,16,512,True,0.16335,1.0
ton->bot,46,stat_13x13,16,0.842,0.5,16,512,True,0.16335,1.0
ton->bot,46,martingala,16,0.842,0.5969478755146604,16,512,True,0.16335,1.0
ton->bot,46,stat_13x13_adaptive,16,0.842,0.5,16,512,True,0.16335,1.0
ton->bot,46,statico,17,0.895,0.7491499149914992,0,0,True,0.16895,1.0
ton->bot,46,ogni_batch,17,0.895,0.7491499149914992,17,544,True,0.16895,1.0
ton->bot,46,su_innesco,17,0.895,0.7491499149914992,5,160,True,0.16895,1.0
ton->bot,46,oracolo,17,0.895,0.9916991699169917,17,544,True,0.16895,1.0
ton->bot,46,stat_13x13,17,0.895,0.75,17,544,True,0.16895,1.0
ton->bot,46,martingala,17,0.895,0.7491499149914992,17,544,True,0.16895,1.0
ton->bot,46,stat_13x13_adaptive,17,0.895,0.75,17,544,True,0.16895,1.0
ton->bot,46,statico,18,0.947,0.6093968793758752,0,0,True,0.1765,1.0
ton->bot,46,ogni_batch,18,0.947,0.6093968793758752,18,576,True,0.1765,1.0
ton->bot,46,su_innesco,18,0.947,0.6093968793758752,6,192,True,0.1765,1.0
ton->bot,46,oracolo,18,0.947,0.9935737147429486,18,576,True,0.1765,1.0
ton->bot,46,stat_13x13,18,0.947,0.625,18,576,True,0.1765,1.0
ton->bot,46,martingala,18,0.947,0.6093968793758752,18,576,True,0.1765,1.0
ton->bot,46,stat_13x13_adaptive,18,0.947,0.5,18,576,True,0.1765,1.0
ton->bot,46,statico,19,1.0,0.7221111055552778,0,0,True,0.18185,1.0
ton->bot,46,ogni_batch,19,1.0,0.7221111055552778,19,608,True,0.18185,1.0
ton->bot,46,su_innesco,19,1.0,0.7221111055552778,7,224,True,0.18185,1.0
ton->bot,46,oracolo,19,1.0,0.9966248312415621,19,608,True,0.18185,1.0
ton->bot,46,stat_13x13,19,1.0,1.0,19,608,True,0.18185,1.0
ton->bot,46,martingala,19,1.0,0.7221111055552778,19,608,True,0.18185,1.0
ton->bot,46,stat_13x13_adaptive,19,1.0,0.5,19,608,True,0.18185,1.0
ton->bot,47,statico,0,0.0,0.9677,0,0,False,0.0456,1.0
ton->bot,47,ogni_batch,0,0.0,0.9677,0,0,False,0.0456,1.0
ton->bot,47,su_innesco,0,0.0,0.9677,0,0,False,0.0456,1.0
ton->bot,47,oracolo,0,0.0,0.9677,0,0,False,0.0456,1.0
ton->bot,47,stat_13x13,0,0.0,0.9677,0,0,False,0.0456,1.0
ton->bot,47,martingala,0,0.0,0.9677,0,0,False,0.0456,1.0
ton->bot,47,stat_13x13_adaptive,0,0.0,0.9677,0,0,False,0.0456,1.0
ton->bot,47,statico,1,0.053,0.94235,0,0,False,0.05175,1.0
ton->bot,47,ogni_batch,1,0.053,0.94235,1,32,False,0.05175,1.0
ton->bot,47,su_innesco,1,0.053,0.94235,0,0,False,0.05175,1.0
ton->bot,47,oracolo,1,0.053,0.94235,1,32,False,0.05175,1.0
ton->bot,47,stat_13x13,1,0.053,1.0,1,32,False,0.05175,1.0
ton->bot,47,martingala,1,0.053,0.94235,1,32,False,0.05175,1.0
ton->bot,47,stat_13x13_adaptive,1,0.053,1.0,1,32,False,0.05175,1.0
ton->bot,47,statico,2,0.105,0.45787289364468226,0,0,False,0.0604,1.0
ton->bot,47,ogni_batch,2,0.105,0.45787289364468226,2,64,False,0.0604,1.0
ton->bot,47,su_innesco,2,0.105,0.45787289364468226,0,0,False,0.0604,1.0
ton->bot,47,oracolo,2,0.105,0.45787289364468226,2,64,False,0.0604,1.0
ton->bot,47,stat_13x13,2,0.105,0.5,2,64,False,0.0604,1.0
ton->bot,47,martingala,2,0.105,0.45787289364468226,2,64,False,0.0604,1.0
ton->bot,47,stat_13x13_adaptive,2,0.105,0.5,2,64,False,0.0604,1.0
ton->bot,47,statico,3,0.158,0.8845,0,0,False,0.0666,1.0
ton->bot,47,ogni_batch,3,0.158,0.8845,3,96,False,0.0666,1.0
ton->bot,47,su_innesco,3,0.158,0.8845,0,0,False,0.0666,1.0
ton->bot,47,oracolo,3,0.158,0.94465,3,96,False,0.0666,1.0
ton->bot,47,stat_13x13,3,0.158,1.0,3,96,False,0.0666,1.0
ton->bot,47,martingala,3,0.158,0.8845,3,96,False,0.0666,1.0
ton->bot,47,stat_13x13_adaptive,3,0.158,1.0,3,96,False,0.0666,1.0
ton->bot,47,statico,4,0.211,0.9295964798239912,0,0,False,0.0716,1.0
ton->bot,47,ogni_batch,4,0.211,0.9295964798239912,4,128,False,0.0716,1.0
ton->bot,47,su_innesco,4,0.211,0.9295964798239912,0,0,False,0.0716,1.0
ton->bot,47,oracolo,4,0.211,0.9758237911895595,4,128,False,0.0716,1.0
ton->bot,47,stat_13x13,4,0.211,0.5,4,128,False,0.0716,1.0
ton->bot,47,martingala,4,0.211,0.9295964798239912,4,128,False,0.0716,1.0
ton->bot,47,stat_13x13_adaptive,4,0.211,0.5,4,128,False,0.0716,1.0
ton->bot,47,statico,5,0.263,0.9158457922896145,0,0,False,0.07875,1.0
ton->bot,47,ogni_batch,5,0.263,0.9158457922896145,5,160,False,0.07875,1.0
ton->bot,47,su_innesco,5,0.263,0.9158457922896145,0,0,False,0.07875,1.0
ton->bot,47,oracolo,5,0.263,0.9783739186959348,5,160,False,0.07875,1.0
ton->bot,47,stat_13x13,5,0.263,0.5,5,160,False,0.07875,1.0
ton->bot,47,martingala,5,0.263,0.9158457922896145,5,160,False,0.07875,1.0
ton->bot,47,stat_13x13_adaptive,5,0.263,0.5,5,160,False,0.07875,1.0
ton->bot,47,statico,6,0.316,0.9007150715071507,0,0,False,0.0867,1.0
ton->bot,47,ogni_batch,6,0.316,0.9007150715071507,6,192,False,0.0867,1.0
ton->bot,47,su_innesco,6,0.316,0.9007150715071507,0,0,False,0.0867,1.0
ton->bot,47,oracolo,6,0.316,0.9797729772977297,6,192,False,0.0867,1.0
ton->bot,47,stat_13x13,6,0.316,0.5,6,192,False,0.0867,1.0
ton->bot,47,martingala,6,0.316,0.9007150715071507,6,192,False,0.0867,1.0
ton->bot,47,stat_13x13_adaptive,6,0.316,0.5,6,192,False,0.0867,1.0
ton->bot,47,statico,7,0.368,0.77375,0,0,False,0.09375,1.0
ton->bot,47,ogni_batch,7,0.368,0.77375,7,224,False,0.09375,1.0
ton->bot,47,su_innesco,7,0.368,0.77375,0,0,False,0.09375,1.0
ton->bot,47,oracolo,7,0.368,0.96495,7,224,False,0.09375,1.0
ton->bot,47,stat_13x13,7,0.368,1.0,7,224,False,0.09375,1.0
ton->bot,47,martingala,7,0.368,0.77375,7,224,False,0.09375,1.0
ton->bot,47,stat_13x13_adaptive,7,0.368,1.0,7,224,False,0.09375,1.0
ton->bot,47,statico,8,0.421,0.74885,0,0,False,0.1028,1.0
ton->bot,47,ogni_batch,8,0.421,0.74885,8,256,False,0.1028,1.0
ton->bot,47,su_innesco,8,0.421,0.74885,0,0,False,0.1028,1.0
ton->bot,47,oracolo,8,0.421,0.9675,8,256,False,0.1028,1.0
ton->bot,47,stat_13x13,8,0.421,1.0,8,256,False,0.1028,1.0
ton->bot,47,martingala,8,0.421,0.74885,8,256,False,0.1028,1.0
ton->bot,47,stat_13x13_adaptive,8,0.421,1.0,8,256,False,0.1028,1.0
ton->bot,47,statico,9,0.474,0.3619680984049202,0,0,False,0.1112,1.0
ton->bot,47,ogni_batch,9,0.474,0.3619680984049202,9,288,False,0.1112,1.0
ton->bot,47,su_innesco,9,0.474,0.3619680984049202,0,0,False,0.1112,1.0
ton->bot,47,oracolo,9,0.474,0.483899194959748,9,288,False,0.1112,1.0
ton->bot,47,stat_13x13,9,0.474,0.5,9,288,False,0.1112,1.0
ton->bot,47,martingala,9,0.474,0.3619680984049202,9,288,False,0.1112,1.0
ton->bot,47,stat_13x13_adaptive,9,0.474,0.5,9,288,False,0.1112,1.0
ton->bot,47,statico,10,0.526,0.6935,0,0,False,0.1187,1.0
ton->bot,47,ogni_batch,10,0.526,0.6935,10,320,False,0.1187,1.0
ton->bot,47,su_innesco,10,0.526,0.6935,0,0,False,0.1187,1.0
ton->bot,47,oracolo,10,0.526,0.9637,10,320,False,0.1187,1.0
ton->bot,47,stat_13x13,10,0.526,1.0,10,320,False,0.1187,1.0
ton->bot,47,martingala,10,0.526,0.6935,10,320,False,0.1187,1.0
ton->bot,47,stat_13x13_adaptive,10,0.526,1.0,10,320,False,0.1187,1.0
ton->bot,47,statico,11,0.579,0.5796829682968296,0,0,False,0.1202,1.0
ton->bot,47,ogni_batch,11,0.579,0.5796829682968296,11,352,False,0.1202,1.0
ton->bot,47,su_innesco,11,0.579,0.5796829682968296,0,0,False,0.1202,1.0
ton->bot,47,oracolo,11,0.579,0.9873987398739874,11,352,False,0.1202,1.0
ton->bot,47,stat_13x13,11,0.579,0.5,11,352,False,0.1202,1.0
ton->bot,47,martingala,11,0.579,0.5796829682968296,11,352,False,0.1202,1.0
ton->bot,47,stat_13x13_adaptive,11,0.579,0.5,11,352,False,0.1202,1.0
ton->bot,47,statico,12,0.632,0.4854144788384924,0,0,True,0.13215,1.0
ton->bot,47,ogni_batch,12,0.632,0.4854144788384924,12,384,True,0.13215,1.0
ton->bot,47,su_innesco,12,0.632,0.4854144788384924,0,0,True,0.13215,1.0
ton->bot,47,oracolo,12,0.632,0.9877731659748963,12,384,True,0.13215,1.0
ton->bot,47,stat_13x13,12,0.632,0.5,12,384,True,0.13215,1.0
ton->bot,47,martingala,12,0.632,0.4854144788384924,12,384,True,0.13215,1.0
ton->bot,47,stat_13x13_adaptive,12,0.632,0.5,12,384,True,0.13215,1.0
ton->bot,47,statico,13,0.684,0.5553055305530553,0,0,True,0.13875,1.0
ton->bot,47,ogni_batch,13,0.684,0.5553055305530553,13,416,True,0.13875,1.0
ton->bot,47,su_innesco,13,0.684,0.5553055305530553,1,32,True,0.13875,1.0
ton->bot,47,oracolo,13,0.684,0.989023902390239,13,416,True,0.13875,1.0
ton->bot,47,stat_13x13,13,0.684,0.5,13,416,True,0.13875,1.0
ton->bot,47,martingala,13,0.684,0.5553055305530553,13,416,True,0.13875,1.0
ton->bot,47,stat_13x13_adaptive,13,0.684,0.5,13,416,True,0.13875,1.0
ton->bot,47,statico,14,0.737,0.7877287728772877,0,0,True,0.1446,1.0
ton->bot,47,ogni_batch,14,0.737,0.7877287728772877,14,448,True,0.1446,1.0
ton->bot,47,su_innesco,14,0.737,0.7877287728772877,2,64,True,0.1446,1.0
ton->bot,47,oracolo,14,0.737,0.9917491749174918,14,448,True,0.1446,1.0
ton->bot,47,stat_13x13,14,0.737,0.5,14,448,True,0.1446,1.0
ton->bot,47,martingala,14,0.737,0.7877287728772877,14,448,True,0.1446,1.0
ton->bot,47,stat_13x13_adaptive,14,0.737,0.5,14,448,True,0.1446,1.0
ton->bot,47,statico,15,0.789,0.6515303060612123,0,0,True,0.15075,1.0
ton->bot,47,ogni_batch,15,0.789,0.6515303060612123,15,480,True,0.15075,1.0
ton->bot,47,su_innesco,15,0.789,0.6515303060612123,3,96,True,0.15075,1.0
ton->bot,47,oracolo,15,0.789,0.8680986197239449,15,480,True,0.15075,1.0
ton->bot,47,stat_13x13,15,0.789,0.5,15,480,True,0.15075,1.0
ton->bot,47,martingala,15,0.789,0.6515303060612123,15,480,True,0.15075,1.0
ton->bot,47,stat_13x13_adaptive,15,0.789,0.5,15,480,True,0.15075,1.0
ton->bot,47,statico,16,0.842,0.7612511251125113,0,0,True,0.16,1.0
ton->bot,47,ogni_batch,16,0.842,0.7612511251125113,16,512,True,0.16,1.0
ton->bot,47,su_innesco,16,0.842,0.7612511251125113,4,128,True,0.16,1.0
ton->bot,47,oracolo,16,0.842,0.7446244624462446,16,512,True,0.16,1.0
ton->bot,47,stat_13x13,16,0.842,0.5,16,512,True,0.16,1.0
ton->bot,47,martingala,16,0.842,0.7612511251125113,16,512,True,0.16,1.0
ton->bot,47,stat_13x13_adaptive,16,0.842,0.5,16,512,True,0.16,1.0
ton->bot,47,statico,17,0.895,0.5808075756060151,0,0,True,0.1688,1.0
ton->bot,47,ogni_batch,17,0.895,0.5808075756060151,17,544,True,0.1688,1.0
ton->bot,47,su_innesco,17,0.895,0.5808075756060151,5,160,True,0.1688,1.0
ton->bot,47,oracolo,17,0.895,0.7447984395318595,17,544,True,0.1688,1.0
ton->bot,47,stat_13x13,17,0.895,0.5,17,544,True,0.1688,1.0
ton->bot,47,martingala,17,0.895,0.5808075756060151,17,544,True,0.1688,1.0
ton->bot,47,stat_13x13_adaptive,17,0.895,0.5,17,544,True,0.1688,1.0
ton->bot,47,statico,18,0.947,0.6075965193038608,0,0,True,0.16945,1.0
ton->bot,47,ogni_batch,18,0.947,0.6075965193038608,18,576,True,0.16945,1.0
ton->bot,47,su_innesco,18,0.947,0.6075965193038608,6,192,True,0.16945,1.0
ton->bot,47,oracolo,18,0.947,0.9962242448489698,18,576,True,0.16945,1.0
ton->bot,47,stat_13x13,18,0.947,0.5,18,576,True,0.16945,1.0
ton->bot,47,martingala,18,0.947,0.6075965193038608,18,576,True,0.16945,1.0
ton->bot,47,stat_13x13_adaptive,18,0.947,0.5,18,576,True,0.16945,1.0
ton->bot,47,statico,19,1.0,0.4389,0,0,True,0.17905,1.0
ton->bot,47,ogni_batch,19,1.0,0.4389,19,608,True,0.17905,1.0
ton->bot,47,su_innesco,19,1.0,0.4389,7,224,True,0.17905,1.0
ton->bot,47,oracolo,19,1.0,0.99355,19,608,True,0.17905,1.0
ton->bot,47,stat_13x13,19,1.0,1.0,19,608,True,0.17905,1.0
ton->bot,47,martingala,19,1.0,0.4389,19,608,True,0.17905,1.0
ton->bot,47,stat_13x13_adaptive,19,1.0,1.0,19,608,True,0.17905,1.0
ton->bot,48,statico,0,0.0,0.96675,0,0,False,0.0459,1.0
ton->bot,48,ogni_batch,0,0.0,0.96675,0,0,False,0.0459,1.0
ton->bot,48,su_innesco,0,0.0,0.96675,0,0,False,0.0459,1.0
ton->bot,48,oracolo,0,0.0,0.96675,0,0,False,0.0459,1.0
ton->bot,48,stat_13x13,0,0.0,0.96675,0,0,False,0.0459,1.0
ton->bot,48,martingala,0,0.0,0.96675,0,0,False,0.0459,1.0
ton->bot,48,stat_13x13_adaptive,0,0.0,0.96675,0,0,False,0.0459,1.0
ton->bot,48,statico,1,0.053,0.93305,0,0,False,0.05295,1.0
ton->bot,48,ogni_batch,1,0.053,0.93305,1,32,False,0.05295,1.0
ton->bot,48,su_innesco,1,0.053,0.93305,0,0,False,0.05295,1.0
ton->bot,48,oracolo,1,0.053,0.93305,1,32,False,0.05295,1.0
ton->bot,48,stat_13x13,1,0.053,1.0,1,32,False,0.05295,1.0
ton->bot,48,martingala,1,0.053,0.93305,1,32,False,0.05295,1.0
ton->bot,48,stat_13x13_adaptive,1,0.053,1.0,1,32,False,0.05295,1.0
ton->bot,48,statico,2,0.105,0.4480974048702435,0,0,False,0.06065,1.0
ton->bot,48,ogni_batch,2,0.105,0.4480974048702435,2,64,False,0.06065,1.0
ton->bot,48,su_innesco,2,0.105,0.4480974048702435,0,0,False,0.06065,1.0
ton->bot,48,oracolo,2,0.105,0.4480974048702435,2,64,False,0.06065,1.0
ton->bot,48,stat_13x13,2,0.105,0.5,2,64,False,0.06065,1.0
ton->bot,48,martingala,2,0.105,0.4480974048702435,2,64,False,0.06065,1.0
ton->bot,48,stat_13x13_adaptive,2,0.105,0.5,2,64,False,0.06065,1.0
ton->bot,48,statico,3,0.158,0.8594,0,0,False,0.06645,1.0
ton->bot,48,ogni_batch,3,0.158,0.8594,3,96,False,0.06645,1.0
ton->bot,48,su_innesco,3,0.158,0.8594,0,0,False,0.06645,1.0
ton->bot,48,oracolo,3,0.158,0.95265,3,96,False,0.06645,1.0
ton->bot,48,stat_13x13,3,0.158,1.0,3,96,False,0.06645,1.0
ton->bot,48,martingala,3,0.158,0.8594,3,96,False,0.06645,1.0
ton->bot,48,stat_13x13_adaptive,3,0.158,1.0,3,96,False,0.06645,1.0
ton->bot,48,statico,4,0.211,0.82115,0,0,False,0.0752,1.0
ton->bot,48,ogni_batch,4,0.211,0.82115,4,128,False,0.0752,1.0
ton->bot,48,su_innesco,4,0.211,0.82115,0,0,False,0.0752,1.0
ton->bot,48,oracolo,4,0.211,0.96375,4,128,False,0.0752,1.0
ton->bot,48,stat_13x13,4,0.211,1.0,4,128,False,0.0752,1.0
ton->bot,48,martingala,4,0.211,0.82115,4,128,False,0.0752,1.0
ton->bot,48,stat_13x13_adaptive,4,0.211,1.0,4,128,False,0.0752,1.0
ton->bot,48,statico,5,0.263,0.77965,0,0,False,0.0831,1.0
ton->bot,48,ogni_batch,5,0.263,0.77965,5,160,False,0.0831,1.0
ton->bot,48,su_innesco,5,0.263,0.77965,0,0,False,0.0831,1.0
ton->bot,48,oracolo,5,0.263,0.966,5,160,False,0.0831,1.0
ton->bot,48,stat_13x13,5,0.263,1.0,5,160,False,0.0831,1.0
ton->bot,48,martingala,5,0.263,0.77965,5,160,False,0.0831,1.0
ton->bot,48,stat_13x13_adaptive,5,0.263,1.0,5,160,False,0.0831,1.0
ton->bot,48,statico,6,0.316,0.7492,0,0,False,0.091,1.0
ton->bot,48,ogni_batch,6,0.316,0.7492,6,192,False,0.091,1.0
ton->bot,48,su_innesco,6,0.316,0.7492,0,0,False,0.091,1.0
ton->bot,48,oracolo,6,0.316,0.9702,6,192,False,0.091,1.0
ton->bot,48,stat_13x13,6,0.316,1.0,6,192,False,0.091,1.0
ton->bot,48,martingala,6,0.316,0.7492,6,192,False,0.091,1.0
ton->bot,48,stat_13x13_adaptive,6,0.316,1.0,6,192,False,0.091,1.0
ton->bot,48,statico,7,0.368,0.35306030603060307,0,0,False,0.1017,1.0
ton->bot,48,ogni_batch,7,0.368,0.35306030603060307,7,224,False,0.1017,1.0
ton->bot,48,su_innesco,7,0.368,0.35306030603060307,0,0,False,0.1017,1.0
ton->bot,48,oracolo,7,0.368,0.7344984498449845,7,224,False,0.1017,1.0
ton->bot,48,stat_13x13,7,0.368,0.5,7,224,False,0.1017,1.0
ton->bot,48,martingala,7,0.368,0.35306030603060307,7,224,False,0.1017,1.0
ton->bot,48,stat_13x13_adaptive,7,0.368,0.5,7,224,False,0.1017,1.0
ton->bot,48,statico,8,0.421,0.6744,0,0,False,0.10315,1.0
ton->bot,48,ogni_batch,8,0.421,0.6744,8,256,False,0.10315,1.0
ton->bot,48,su_innesco,8,0.421,0.6744,0,0,False,0.10315,1.0
ton->bot,48,oracolo,8,0.421,0.9561,8,256,False,0.10315,1.0
ton->bot,48,stat_13x13,8,0.421,1.0,8,256,False,0.10315,1.0
ton->bot,48,martingala,8,0.421,0.6744,8,256,False,0.10315,1.0
ton->bot,48,stat_13x13_adaptive,8,0.421,1.0,8,256,False,0.10315,1.0
ton->bot,48,statico,9,0.474,0.8183909195459773,0,0,False,0.1138,1.0
ton->bot,48,ogni_batch,9,0.474,0.8183909195459773,9,288,False,0.1138,1.0
ton->bot,48,su_innesco,9,0.474,0.8183909195459773,0,0,False,0.1138,1.0
ton->bot,48,oracolo,9,0.474,0.4766238311915596,9,288,False,0.1138,1.0
ton->bot,48,stat_13x13,9,0.474,0.5,9,288,False,0.1138,1.0
ton->bot,48,martingala,9,0.474,0.8183909195459773,9,288,False,0.1138,1.0
ton->bot,48,stat_13x13_adaptive,9,0.474,0.5,9,288,False,0.1138,1.0
ton->bot,48,statico,10,0.526,0.46241102832091474,0,0,False,0.123,1.0
ton->bot,48,ogni_batch,10,0.526,0.46241102832091474,10,320,False,0.123,1.0
ton->bot,48,su_innesco,10,0.526,0.46241102832091474,0,0,False,0.123,1.0
ton->bot,48,oracolo,10,0.526,0.649439082529046,10,320,False,0.123,1.0
ton->bot,48,stat_13x13,10,0.526,0.5,10,320,False,0.123,1.0
ton->bot,48,martingala,10,0.526,0.46241102832091474,10,320,False,0.123,1.0
ton->bot,48,stat_13x13_adaptive,10,0.526,0.5,10,320,False,0.123,1.0
ton->bot,48,statico,11,0.579,0.5579,0,0,False,0.1286,1.0
ton->bot,48,ogni_batch,11,0.579,0.5579,11,352,False,0.1286,1.0
ton->bot,48,su_innesco,11,0.579,0.5579,0,0,False,0.1286,1.0
ton->bot,48,oracolo,11,0.579,0.96005,11,352,False,0.1286,1.0
ton->bot,48,stat_13x13,11,0.579,1.0,11,352,False,0.1286,1.0
ton->bot,48,martingala,11,0.579,0.5579,11,352,False,0.1286,1.0
ton->bot,48,stat_13x13_adaptive,11,0.579,1.0,11,352,False,0.1286,1.0
ton->bot,48,statico,12,0.632,0.52335,0,0,True,0.13215,1.0
ton->bot,48,ogni_batch,12,0.632,0.52335,12,384,True,0.13215,1.0
ton->bot,48,su_innesco,12,0.632,0.52335,0,0,True,0.13215,1.0
ton->bot,48,oracolo,12,0.632,0.9625,12,384,True,0.13215,1.0
ton->bot,48,stat_13x13,12,0.632,1.0,12,384,True,0.13215,1.0
ton->bot,48,martingala,12,0.632,0.52335,12,384,True,0.13215,1.0
ton->bot,48,stat_13x13_adaptive,12,0.632,1.0,12,384,True,0.13215,1.0
ton->bot,48,statico,13,0.684,0.7421621081054053,0,0,True,0.14545,1.0
ton->bot,48,ogni_batch,13,0.684,0.7421621081054053,13,416,True,0.14545,1.0
ton->bot,48,su_innesco,13,0.684,0.7421621081054053,1,32,True,0.14545,1.0
ton->bot,48,oracolo,13,0.684,0.9830241512075604,13,416,True,0.14545,1.0
ton->bot,48,stat_13x13,13,0.684,0.5,13,416,True,0.14545,1.0
ton->bot,48,martingala,13,0.684,0.7421621081054053,13,416,True,0.14545,1.0
ton->bot,48,stat_13x13_adaptive,13,0.684,0.5,13,416,True,0.14545,1.0
ton->bot,48,statico,14,0.737,0.5245561390347586,0,0,True,0.14895,1.0
ton->bot,48,ogni_batch,14,0.737,0.5245561390347586,14,448,True,0.14895,1.0
ton->bot,48,su_innesco,14,0.737,0.5245561390347586,2,64,True,0.14895,1.0
ton->bot,48,oracolo,14,0.737,0.9842460615153789,14,448,True,0.14895,1.0
ton->bot,48,stat_13x13,14,0.737,0.4953738434608652,14,448,True,0.14895,1.0
ton->bot,48,martingala,14,0.737,0.5245561390347586,14,448,True,0.14895,1.0
ton->bot,48,stat_13x13_adaptive,14,0.737,0.5,14,448,True,0.14895,1.0
ton->bot,48,statico,15,0.789,0.5378890166858362,0,0,True,0.1586,1.0
ton->bot,48,ogni_batch,15,0.789,0.5378890166858362,15,480,True,0.1586,1.0
ton->bot,48,su_innesco,15,0.789,0.5378890166858362,3,96,True,0.1586,1.0
ton->bot,48,oracolo,15,0.789,0.9906235935390308,15,480,True,0.1586,1.0
ton->bot,48,stat_13x13,15,0.789,0.5,15,480,True,0.1586,1.0
ton->bot,48,martingala,15,0.789,0.5378890166858362,15,480,True,0.1586,1.0
ton->bot,48,stat_13x13_adaptive,15,0.789,0.5,15,480,True,0.1586,1.0
ton->bot,48,statico,16,0.842,0.43726872687268725,0,0,True,0.17205,1.0
ton->bot,48,ogni_batch,16,0.842,0.43726872687268725,16,512,True,0.17205,1.0
ton->bot,48,su_innesco,16,0.842,0.43726872687268725,4,128,True,0.17205,1.0
ton->bot,48,oracolo,16,0.842,0.9923742374237423,16,512,True,0.17205,1.0
ton->bot,48,stat_13x13,16,0.842,0.5,16,512,True,0.17205,1.0
ton->bot,48,martingala,16,0.842,0.43726872687268725,16,512,True,0.17205,1.0
ton->bot,48,stat_13x13_adaptive,16,0.842,0.5,16,512,True,0.17205,1.0
ton->bot,48,statico,17,0.895,0.4166916691669167,0,0,True,0.1727,1.0
ton->bot,48,ogni_batch,17,0.895,0.4166916691669167,17,544,True,0.1727,1.0
ton->bot,48,su_innesco,17,0.895,0.4166916691669167,5,160,True,0.1727,1.0
ton->bot,48,oracolo,17,0.895,0.9944994499449945,17,544,True,0.1727,1.0
ton->bot,48,stat_13x13,17,0.895,0.5,17,544,True,0.1727,1.0
ton->bot,48,martingala,17,0.895,0.4166916691669167,17,544,True,0.1727,1.0
ton->bot,48,stat_13x13_adaptive,17,0.895,0.5,17,544,True,0.1727,1.0
ton->bot,48,statico,18,0.947,0.14793239661983099,0,0,True,0.1824,1.0
ton->bot,48,ogni_batch,18,0.947,0.14793239661983099,18,576,True,0.1824,1.0
ton->bot,48,su_innesco,18,0.947,0.14793239661983099,6,192,True,0.1824,1.0
ton->bot,48,oracolo,18,0.947,0.9961998099904995,18,576,True,0.1824,1.0
ton->bot,48,stat_13x13,18,0.947,0.5,18,576,True,0.1824,1.0
ton->bot,48,martingala,18,0.947,0.14793239661983099,18,576,True,0.1824,1.0
ton->bot,48,stat_13x13_adaptive,18,0.947,0.5,18,576,True,0.1824,1.0
ton->bot,48,statico,19,1.0,0.2653,0,0,True,0.1871,1.0
ton->bot,48,ogni_batch,19,1.0,0.2653,19,608,True,0.1871,1.0
ton->bot,48,su_innesco,19,1.0,0.2653,7,224,True,0.1871,1.0
ton->bot,48,oracolo,19,1.0,0.99655,19,608,True,0.1871,1.0
ton->bot,48,stat_13x13,19,1.0,1.0,19,608,True,0.1871,1.0
ton->bot,48,martingala,19,1.0,0.2653,19,608,True,0.1871,1.0
ton->bot,48,stat_13x13_adaptive,19,1.0,1.0,19,608,True,0.1871,1.0
ton->bot,49,statico,0,0.0,0.9659,0,0,False,0.0451,1.0
ton->bot,49,ogni_batch,0,0.0,0.9659,0,0,False,0.0451,1.0
ton->bot,49,su_innesco,0,0.0,0.9659,0,0,False,0.0451,1.0
ton->bot,49,oracolo,0,0.0,0.9659,0,0,False,0.0451,1.0
ton->bot,49,stat_13x13,0,0.0,0.9659,0,0,False,0.0451,1.0
ton->bot,49,martingala,0,0.0,0.9659,0,0,False,0.0451,1.0
ton->bot,49,stat_13x13_adaptive,0,0.0,0.9659,0,0,False,0.0451,1.0
ton->bot,49,statico,1,0.053,0.9286,0,0,False,0.05165,1.0
ton->bot,49,ogni_batch,1,0.053,0.9286,1,32,False,0.05165,1.0
ton->bot,49,su_innesco,1,0.053,0.9286,0,0,False,0.05165,1.0
ton->bot,49,oracolo,1,0.053,0.9286,1,32,False,0.05165,1.0
ton->bot,49,stat_13x13,1,0.053,0.99995,1,32,False,0.05165,1.0
ton->bot,49,martingala,1,0.053,0.9286,1,32,False,0.05165,1.0
ton->bot,49,stat_13x13_adaptive,1,0.053,0.99985,1,32,False,0.05165,1.0
ton->bot,49,statico,2,0.105,0.89095,0,0,False,0.06105,1.0
ton->bot,49,ogni_batch,2,0.105,0.89095,2,64,False,0.06105,1.0
ton->bot,49,su_innesco,2,0.105,0.89095,0,0,False,0.06105,1.0
ton->bot,49,oracolo,2,0.105,0.89095,2,64,False,0.06105,1.0
ton->bot,49,stat_13x13,2,0.105,1.0,2,64,False,0.06105,1.0
ton->bot,49,martingala,2,0.105,0.89095,2,64,False,0.06105,1.0
ton->bot,49,stat_13x13_adaptive,2,0.105,1.0,2,64,False,0.06105,1.0
ton->bot,49,statico,3,0.158,0.9274963748187409,0,0,False,0.06605,1.0
ton->bot,49,ogni_batch,3,0.158,0.9274963748187409,3,96,False,0.06605,1.0
ton->bot,49,su_innesco,3,0.158,0.9274963748187409,0,0,False,0.06605,1.0
ton->bot,49,oracolo,3,0.158,0.9274963748187409,3,96,False,0.06605,1.0
ton->bot,49,stat_13x13,3,0.158,0.5,3,96,False,0.06605,1.0
ton->bot,49,martingala,3,0.158,0.9274963748187409,3,96,False,0.06605,1.0
ton->bot,49,stat_13x13_adaptive,3,0.158,0.5,3,96,False,0.06605,1.0
ton->bot,49,statico,4,0.211,0.82095,0,0,False,0.07085,1.0
ton->bot,49,ogni_batch,4,0.211,0.82095,4,128,False,0.07085,1.0
ton->bot,49,su_innesco,4,0.211,0.82095,0,0,False,0.07085,1.0
ton->bot,49,oracolo,4,0.211,0.97835,4,128,False,0.07085,1.0
ton->bot,49,stat_13x13,4,0.211,1.0,4,128,False,0.07085,1.0
ton->bot,49,martingala,4,0.211,0.82095,4,128,False,0.07085,1.0
ton->bot,49,stat_13x13_adaptive,4,0.211,1.0,4,128,False,0.07085,1.0
ton->bot,49,statico,5,0.263,0.6404640464046405,0,0,False,0.08015,1.0
ton->bot,49,ogni_batch,5,0.263,0.6404640464046405,5,160,False,0.08015,1.0
ton->bot,49,su_innesco,5,0.263,0.6404640464046405,0,0,False,0.08015,1.0
ton->bot,49,oracolo,5,0.263,0.745999599959996,5,160,False,0.08015,1.0
ton->bot,49,stat_13x13,5,0.263,0.5,5,160,False,0.08015,1.0
ton->bot,49,martingala,5,0.263,0.6404640464046405,5,160,False,0.08015,1.0
ton->bot,49,stat_13x13_adaptive,5,0.263,0.5,5,160,False,0.08015,1.0
ton->bot,49,statico,6,0.316,0.74065,0,0,False,0.08965,1.0
ton->bot,49,ogni_batch,6,0.316,0.74065,6,192,False,0.08965,1.0
ton->bot,49,su_innesco,6,0.316,0.74065,0,0,False,0.08965,1.0
ton->bot,49,oracolo,6,0.316,0.9695,6,192,False,0.08965,1.0
ton->bot,49,stat_13x13,6,0.316,1.0,6,192,False,0.08965,1.0
ton->bot,49,martingala,6,0.316,0.74065,6,192,False,0.08965,1.0
ton->bot,49,stat_13x13_adaptive,6,0.316,1.0,6,192,False,0.08965,1.0
ton->bot,49,statico,7,0.368,0.8538176908845443,0,0,False,0.09345,1.0
ton->bot,49,ogni_batch,7,0.368,0.8538176908845443,7,224,False,0.09345,1.0
ton->bot,49,su_innesco,7,0.368,0.8538176908845443,0,0,False,0.09345,1.0
ton->bot,49,oracolo,7,0.368,0.9897994899744987,7,224,False,0.09345,1.0
ton->bot,49,stat_13x13,7,0.368,0.5,7,224,False,0.09345,1.0
ton->bot,49,martingala,7,0.368,0.8538176908845443,7,224,False,0.09345,1.0
ton->bot,49,stat_13x13_adaptive,7,0.368,0.5,7,224,False,0.09345,1.0
ton->bot,49,statico,8,0.421,0.3347084708470847,0,0,False,0.1019,1.0
ton->bot,49,ogni_batch,8,0.421,0.3347084708470847,8,256,False,0.1019,1.0
ton->bot,49,su_innesco,8,0.421,0.3347084708470847,0,0,False,0.1019,1.0
ton->bot,49,oracolo,8,0.421,0.7402490249024902,8,256,False,0.1019,1.0
ton->bot,49,stat_13x13,8,0.421,0.5,8,256,False,0.1019,1.0
ton->bot,49,martingala,8,0.421,0.3347084708470847,8,256,False,0.1019,1.0
ton->bot,49,stat_13x13_adaptive,8,0.421,0.5,8,256,False,0.1019,1.0
ton->bot,49,statico,9,0.474,0.62955,0,0,False,0.10975,1.0
ton->bot,49,ogni_batch,9,0.474,0.62955,9,288,False,0.10975,1.0
ton->bot,49,su_innesco,9,0.474,0.62955,0,0,False,0.10975,1.0
ton->bot,49,oracolo,9,0.474,0.969,9,288,False,0.10975,1.0
ton->bot,49,stat_13x13,9,0.474,1.0,9,288,False,0.10975,1.0
ton->bot,49,martingala,9,0.474,0.62955,9,288,False,0.10975,1.0
ton->bot,49,stat_13x13_adaptive,9,0.474,1.0,9,288,False,0.10975,1.0
ton->bot,49,statico,10,0.526,0.2982149107455373,0,0,False,0.1178,1.0
ton->bot,49,ogni_batch,10,0.526,0.2982149107455373,10,320,False,0.1178,1.0
ton->bot,49,su_innesco,10,0.526,0.2982149107455373,0,0,False,0.1178,1.0
ton->bot,49,oracolo,10,0.526,0.9863993199659983,10,320,False,0.1178,1.0
ton->bot,49,stat_13x13,10,0.526,0.5,10,320,False,0.1178,1.0
ton->bot,49,martingala,10,0.526,0.2982149107455373,10,320,False,0.1178,1.0
ton->bot,49,stat_13x13_adaptive,10,0.526,0.5,10,320,False,0.1178,1.0
ton->bot,49,statico,11,0.579,0.2791139556977849,0,0,False,0.1237,1.0
ton->bot,49,ogni_batch,11,0.579,0.2791139556977849,11,352,False,0.1237,1.0
ton->bot,49,su_innesco,11,0.579,0.2791139556977849,0,0,False,0.1237,1.0
ton->bot,49,oracolo,11,0.579,0.4880994049702485,11,352,False,0.1237,1.0
ton->bot,49,stat_13x13,11,0.579,0.5,11,352,False,0.1237,1.0
ton->bot,49,martingala,11,0.579,0.2791139556977849,11,352,False,0.1237,1.0
ton->bot,49,stat_13x13_adaptive,11,0.579,0.5,11,352,False,0.1237,1.0
ton->bot,49,statico,12,0.632,0.7621131056552828,0,0,False,0.12555,1.0
ton->bot,49,ogni_batch,12,0.632,0.7621131056552828,12,384,False,0.12555,1.0
ton->bot,49,su_innesco,12,0.632,0.7621131056552828,0,0,False,0.12555,1.0
ton->bot,49,oracolo,12,0.632,0.46032301615080756,12,384,False,0.12555,1.0
ton->bot,49,stat_13x13,12,0.632,0.5,12,384,False,0.12555,1.0
ton->bot,49,martingala,12,0.632,0.7621131056552828,12,384,False,0.12555,1.0
ton->bot,49,stat_13x13_adaptive,12,0.632,0.5,12,384,False,0.12555,1.0
ton->bot,49,statico,13,0.684,0.5741194512510209,0,0,True,0.13655,1.0
ton->bot,49,ogni_batch,13,0.684,0.5741194512510209,13,416,True,0.13655,1.0
ton->bot,49,su_innesco,13,0.684,0.5741194512510209,0,0,True,0.13655,1.0
ton->bot,49,oracolo,13,0.684,0.8065043089796803,13,416,True,0.13655,1.0
ton->bot,49,stat_13x13,13,0.684,0.5,13,416,True,0.13655,1.0
ton->bot,49,martingala,13,0.684,0.5741194512510209,13,416,True,0.13655,1.0
ton->bot,49,stat_13x13_adaptive,13,0.684,0.49624943741561234,13,416,True,0.13655,1.0
ton->bot,49,statico,14,0.737,0.7236223622362237,0,0,True,0.1445,1.0
ton->bot,49,ogni_batch,14,0.737,0.7236223622362237,14,448,True,0.1445,1.0
ton->bot,49,su_innesco,14,0.737,0.7236223622362237,1,32,True,0.1445,1.0
ton->bot,49,oracolo,14,0.737,0.7201970197019703,14,448,True,0.1445,1.0
ton->bot,49,stat_13x13,14,0.737,0.5,14,448,True,0.1445,1.0
ton->bot,49,martingala,14,0.737,0.7236223622362237,14,448,True,0.1445,1.0
ton->bot,49,stat_13x13_adaptive,14,0.737,0.5,14,448,True,0.1445,1.0
ton->bot,49,statico,15,0.789,0.45567056705670567,0,0,True,0.14795,1.0
ton->bot,49,ogni_batch,15,0.789,0.45567056705670567,15,480,True,0.14795,1.0
ton->bot,49,su_innesco,15,0.789,0.45567056705670567,2,64,True,0.14795,1.0
ton->bot,49,oracolo,15,0.789,0.9782978297829783,15,480,True,0.14795,1.0
ton->bot,49,stat_13x13,15,0.789,0.5,15,480,True,0.14795,1.0
ton->bot,49,martingala,15,0.789,0.45567056705670567,15,480,True,0.14795,1.0
ton->bot,49,stat_13x13_adaptive,15,0.789,0.5,15,480,True,0.14795,1.0
ton->bot,49,statico,16,0.842,0.5209114700538414,0,0,True,0.16265,1.0
ton->bot,49,ogni_batch,16,0.842,0.5209114700538414,16,512,True,0.16265,1.0
ton->bot,49,su_innesco,16,0.842,0.5209114700538414,3,96,True,0.16265,1.0
ton->bot,49,oracolo,16,0.842,0.9784717707656149,16,512,True,0.16265,1.0
ton->bot,49,stat_13x13,16,0.842,0.5,16,512,True,0.16265,1.0
ton->bot,49,martingala,16,0.842,0.5209114700538414,16,512,True,0.16265,1.0
ton->bot,49,stat_13x13_adaptive,16,0.842,0.49729959493924086,16,512,True,0.16265,1.0
ton->bot,49,statico,17,0.895,0.6687334366718336,0,0,True,0.1665,1.0
ton->bot,49,ogni_batch,17,0.895,0.6687334366718336,17,544,True,0.1665,1.0
ton->bot,49,su_innesco,17,0.895,0.6687334366718336,4,128,True,0.1665,1.0
ton->bot,49,oracolo,17,0.895,0.9874993749687484,17,544,True,0.1665,1.0
ton->bot,49,stat_13x13,17,0.895,0.5,17,544,True,0.1665,1.0
ton->bot,49,martingala,17,0.895,0.6687334366718336,17,544,True,0.1665,1.0
ton->bot,49,stat_13x13_adaptive,17,0.895,0.5,17,544,True,0.1665,1.0
ton->bot,49,statico,18,0.947,0.4834058442099648,0,0,True,0.1697,1.0
ton->bot,49,ogni_batch,18,0.947,0.4834058442099648,18,576,True,0.1697,1.0
ton->bot,49,su_innesco,18,0.947,0.4834058442099648,5,160,True,0.1697,1.0
ton->bot,49,oracolo,18,0.947,0.8243319831308029,18,576,True,0.1697,1.0
ton->bot,49,stat_13x13,18,0.947,0.5,18,576,True,0.1697,1.0
ton->bot,49,martingala,18,0.947,0.4834058442099648,18,576,True,0.1697,1.0
ton->bot,49,stat_13x13_adaptive,18,0.947,0.5,18,576,True,0.1697,1.0
ton->bot,49,statico,19,1.0,0.6316513302660532,0,0,True,0.18185,1.0
ton->bot,49,ogni_batch,19,1.0,0.6316513302660532,19,608,True,0.18185,1.0
ton->bot,49,su_innesco,19,1.0,0.6316513302660532,6,192,True,0.18185,1.0
ton->bot,49,oracolo,19,1.0,0.990373074614923,19,608,True,0.18185,1.0
ton->bot,49,stat_13x13,19,1.0,0.625,19,608,True,0.18185,1.0
ton->bot,49,martingala,19,1.0,0.6316513302660532,19,608,True,0.18185,1.0
ton->bot,49,stat_13x13_adaptive,19,1.0,0.625,19,608,True,0.18185,1.0
ton->bot,50,statico,0,0.0,0.96215,0,0,False,0.04715,1.0
ton->bot,50,ogni_batch,0,0.0,0.96215,0,0,False,0.04715,1.0
ton->bot,50,su_innesco,0,0.0,0.96215,0,0,False,0.04715,1.0
ton->bot,50,oracolo,0,0.0,0.96215,0,0,False,0.04715,1.0
ton->bot,50,stat_13x13,0,0.0,0.96215,0,0,False,0.04715,1.0
ton->bot,50,martingala,0,0.0,0.96215,0,0,False,0.04715,1.0
ton->bot,50,stat_13x13_adaptive,0,0.0,0.96215,0,0,False,0.04715,1.0
ton->bot,50,statico,1,0.053,0.9254,0,0,False,0.05635,1.0
ton->bot,50,ogni_batch,1,0.053,0.9254,1,32,False,0.05635,1.0
ton->bot,50,su_innesco,1,0.053,0.9254,0,0,False,0.05635,1.0
ton->bot,50,oracolo,1,0.053,0.9254,1,32,False,0.05635,1.0
ton->bot,50,stat_13x13,1,0.053,0.9977,1,32,False,0.05635,1.0
ton->bot,50,martingala,1,0.053,0.9254,1,32,False,0.05635,1.0
ton->bot,50,stat_13x13_adaptive,1,0.053,0.99035,1,32,False,0.05635,1.0
ton->bot,50,statico,2,0.105,0.88815,0,0,False,0.0634,1.0
ton->bot,50,ogni_batch,2,0.105,0.88815,2,64,False,0.0634,1.0
ton->bot,50,su_innesco,2,0.105,0.88815,0,0,False,0.0634,1.0
ton->bot,50,oracolo,2,0.105,0.88815,2,64,False,0.0634,1.0
ton->bot,50,stat_13x13,2,0.105,1.0,2,64,False,0.0634,1.0
ton->bot,50,martingala,2,0.105,0.88815,2,64,False,0.0634,1.0
ton->bot,50,stat_13x13_adaptive,2,0.105,1.0,2,64,False,0.0634,1.0
ton->bot,50,statico,3,0.158,0.9265213260663033,0,0,False,0.07005,1.0
ton->bot,50,ogni_batch,3,0.158,0.9265213260663033,3,96,False,0.07005,1.0
ton->bot,50,su_innesco,3,0.158,0.9265213260663033,0,0,False,0.07005,1.0
ton->bot,50,oracolo,3,0.158,0.9265213260663033,3,96,False,0.07005,1.0
ton->bot,50,stat_13x13,3,0.158,0.5,3,96,False,0.07005,1.0
ton->bot,50,martingala,3,0.158,0.9265213260663033,3,96,False,0.07005,1.0
ton->bot,50,stat_13x13_adaptive,3,0.158,0.5,3,96,False,0.07005,1.0
ton->bot,50,statico,4,0.211,0.8178,0,0,False,0.0761,1.0
ton->bot,50,ogni_batch,4,0.211,0.8178,4,128,False,0.0761,1.0
ton->bot,50,su_innesco,4,0.211,0.8178,0,0,False,0.0761,1.0
ton->bot,50,oracolo,4,0.211,0.9977,4,128,False,0.0761,1.0
ton->bot,50,stat_13x13,4,0.211,1.0,4,128,False,0.0761,1.0
ton->bot,50,martingala,4,0.211,0.8178,4,128,False,0.0761,1.0
ton->bot,50,stat_13x13_adaptive,4,0.211,1.0,4,128,False,0.0761,1.0
ton->bot,50,statico,5,0.263,0.7796,0,0,False,0.0841,1.0
ton->bot,50,ogni_batch,5,0.263,0.7796,5,160,False,0.0841,1.0
ton->bot,50,su_innesco,5,0.263,0.7796,0,0,False,0.0841,1.0
ton->bot,50,oracolo,5,0.263,0.99715,5,160,False,0.0841,1.0
ton->bot,50,stat_13x13,5,0.263,1.0,5,160,False,0.0841,1.0
ton->bot,50,martingala,5,0.263,0.7796,5,160,False,0.0841,1.0
ton->bot,50,stat_13x13_adaptive,5,0.263,1.0,5,160,False,0.0841,1.0
ton->bot,50,statico,6,0.316,0.8732436621831092,0,0,False,0.0914,1.0
ton->bot,50,ogni_batch,6,0.316,0.8732436621831092,6,192,False,0.0914,1.0
ton->bot,50,su_innesco,6,0.316,0.8732436621831092,0,0,False,0.0914,1.0
ton->bot,50,oracolo,6,0.316,0.4984999249962498,6,192,False,0.0914,1.0
ton->bot,50,stat_13x13,6,0.316,0.5,6,192,False,0.0914,1.0
ton->bot,50,martingala,6,0.316,0.8732436621831092,6,192,False,0.0914,1.0
ton->bot,50,stat_13x13_adaptive,6,0.316,0.5,6,192,False,0.0914,1.0
ton->bot,50,statico,7,0.368,0.8529926496324816,0,0,False,0.10215,1.0
ton->bot,50,ogni_batch,7,0.368,0.8529926496324816,7,224,False,0.10215,1.0
ton->bot,50,su_innesco,7,0.368,0.8529926496324816,0,0,False,0.10215,1.0
ton->bot,50,oracolo,7,0.368,0.4847742387119356,7,224,False,0.10215,1.0
ton->bot,50,stat_13x13,7,0.368,0.5,7,224,False,0.10215,1.0
ton->bot,50,martingala,7,0.368,0.8529926496324816,7,224,False,0.10215,1.0
ton->bot,50,stat_13x13_adaptive,7,0.368,0.5,7,224,False,0.10215,1.0
ton->bot,50,statico,8,0.421,0.6668,0,0,False,0.10795,1.0
ton->bot,50,ogni_batch,8,0.421,0.6668,8,256,False,0.10795,1.0
ton->bot,50,su_innesco,8,0.421,0.6668,0,0,False,0.10795,1.0
ton->bot,50,oracolo,8,0.421,0.9753,8,256,False,0.10795,1.0
ton->bot,50,stat_13x13,8,0.421,1.0,8,256,False,0.10795,1.0
ton->bot,50,martingala,8,0.421,0.6668,8,256,False,0.10795,1.0
ton->bot,50,stat_13x13_adaptive,8,0.421,1.0,8,256,False,0.10795,1.0
ton->bot,50,statico,9,0.474,0.62755,0,0,False,0.11595,1.0
ton->bot,50,ogni_batch,9,0.474,0.62755,9,288,False,0.11595,1.0
ton->bot,50,su_innesco,9,0.474,0.62755,0,0,False,0.11595,1.0
ton->bot,50,oracolo,9,0.474,0.9784,9,288,False,0.11595,1.0
ton->bot,50,stat_13x13,9,0.474,1.0,9,288,False,0.11595,1.0
ton->bot,50,martingala,9,0.474,0.62755,9,288,False,0.11595,1.0
ton->bot,50,stat_13x13_adaptive,9,0.474,1.0,9,288,False,0.11595,1.0
ton->bot,50,statico,10,0.526,0.5468546854685469,0,0,False,0.12625,1.0
ton->bot,50,ogni_batch,10,0.526,0.5468546854685469,10,320,False,0.12625,1.0
ton->bot,50,su_innesco,10,0.526,0.5468546854685469,0,0,False,0.12625,1.0
ton->bot,50,oracolo,10,0.526,0.9886238623862387,10,320,False,0.12625,1.0
ton->bot,50,stat_13x13,10,0.526,0.5,10,320,False,0.12625,1.0
ton->bot,50,martingala,10,0.526,0.5468546854685469,10,320,False,0.12625,1.0
ton->bot,50,stat_13x13_adaptive,10,0.526,0.5,10,320,False,0.12625,1.0
ton->bot,50,statico,11,0.579,0.55355,0,0,True,0.13335,1.0
ton->bot,50,ogni_batch,11,0.579,0.55355,11,352,True,0.13335,1.0
ton->bot,50,su_innesco,11,0.579,0.55355,0,0,True,0.13335,1.0
ton->bot,50,oracolo,11,0.579,0.97885,11,352,True,0.13335,1.0
ton->bot,50,stat_13x13,11,0.579,1.0,11,352,True,0.13335,1.0
ton->bot,50,martingala,11,0.579,0.55355,11,352,True,0.13335,1.0
ton->bot,50,stat_13x13_adaptive,11,0.579,1.0,11,352,True,0.13335,1.0
ton->bot,50,statico,12,0.632,0.5086008600860086,0,0,True,0.14015,1.0
ton->bot,50,ogni_batch,12,0.632,0.5086008600860086,12,384,True,0.14015,1.0
ton->bot,50,su_innesco,12,0.632,0.5086008600860086,1,32,True,0.14015,1.0
ton->bot,50,oracolo,12,0.632,0.7409240924092408,12,384,True,0.14015,1.0
ton->bot,50,stat_13x13,12,0.632,0.5,12,384,True,0.14015,1.0
ton->bot,50,martingala,12,0.632,0.5086008600860086,12,384,True,0.14015,1.0
ton->bot,50,stat_13x13_adaptive,12,0.632,0.5,12,384,True,0.14015,1.0
ton->bot,50,statico,13,0.684,0.4784,0,0,True,0.1483,1.0
ton->bot,50,ogni_batch,13,0.684,0.4784,13,416,True,0.1483,1.0
ton->bot,50,su_innesco,13,0.684,0.4784,2,64,True,0.1483,1.0
ton->bot,50,oracolo,13,0.684,0.9767,13,416,True,0.1483,1.0
ton->bot,50,stat_13x13,13,0.684,1.0,13,416,True,0.1483,1.0
ton->bot,50,martingala,13,0.684,0.4784,13,416,True,0.1483,1.0
ton->bot,50,stat_13x13_adaptive,13,0.684,1.0,13,416,True,0.1483,1.0
ton->bot,50,statico,14,0.737,0.7210831624743712,0,0,True,0.1572,1.0
ton->bot,50,ogni_batch,14,0.737,0.7210831624743712,14,448,True,0.1572,1.0
ton->bot,50,su_innesco,14,0.737,0.7210831624743712,3,96,True,0.1572,1.0
ton->bot,50,oracolo,14,0.737,0.9891233685052758,14,448,True,0.1572,1.0
ton->bot,50,stat_13x13,14,0.737,0.5,14,448,True,0.1572,1.0
ton->bot,50,martingala,14,0.737,0.7210831624743712,14,448,True,0.1572,1.0
ton->bot,50,stat_13x13_adaptive,14,0.737,0.5,14,448,True,0.1572,1.0
ton->bot,50,statico,15,0.789,0.704865973194639,0,0,True,0.16435,1.0
ton->bot,50,ogni_batch,15,0.789,0.704865973194639,15,480,True,0.16435,1.0
ton->bot,50,su_innesco,15,0.789,0.704865973194639,4,128,True,0.16435,1.0
ton->bot,50,oracolo,15,0.789,0.9909731946389277,15,480,True,0.16435,1.0
ton->bot,50,stat_13x13,15,0.789,0.5,15,480,True,0.16435,1.0
ton->bot,50,martingala,15,0.789,0.704865973194639,15,480,True,0.16435,1.0
ton->bot,50,stat_13x13_adaptive,15,0.789,0.5,15,480,True,0.16435,1.0
ton->bot,50,statico,16,0.842,0.6850092504625231,0,0,True,0.1728,1.0
ton->bot,50,ogni_batch,16,0.842,0.6850092504625231,16,512,True,0.1728,1.0
ton->bot,50,su_innesco,16,0.842,0.6850092504625231,5,160,True,0.1728,1.0
ton->bot,50,oracolo,16,0.842,0.4928996449822491,16,512,True,0.1728,1.0
ton->bot,50,stat_13x13,16,0.842,0.5,16,512,True,0.1728,1.0
ton->bot,50,martingala,16,0.842,0.6850092504625231,16,512,True,0.1728,1.0
ton->bot,50,stat_13x13_adaptive,16,0.842,0.5,16,512,True,0.1728,1.0
ton->bot,50,statico,17,0.895,0.54250850170034,0,0,True,0.17885,1.0
ton->bot,50,ogni_batch,17,0.895,0.54250850170034,17,544,True,0.17885,1.0
ton->bot,50,su_innesco,17,0.895,0.54250850170034,6,192,True,0.17885,1.0
ton->bot,50,oracolo,17,0.895,0.9937987597519504,17,544,True,0.17885,1.0
ton->bot,50,stat_13x13,17,0.895,0.5,17,544,True,0.17885,1.0
ton->bot,50,martingala,17,0.895,0.54250850170034,17,544,True,0.17885,1.0
ton->bot,50,stat_13x13_adaptive,17,0.895,0.5,17,544,True,0.17885,1.0
ton->bot,50,statico,18,0.947,0.6484046809361872,0,0,True,0.1876,1.0
ton->bot,50,ogni_batch,18,0.947,0.6484046809361872,18,576,True,0.1876,1.0
ton->bot,50,su_innesco,18,0.947,0.6484046809361872,7,224,True,0.1876,1.0
ton->bot,50,oracolo,18,0.947,0.9950740148029606,18,576,True,0.1876,1.0
ton->bot,50,stat_13x13,18,0.947,0.5,18,576,True,0.1876,1.0
ton->bot,50,martingala,18,0.947,0.6484046809361872,18,576,True,0.1876,1.0
ton->bot,50,stat_13x13_adaptive,18,0.947,0.5,18,576,True,0.1876,1.0
ton->bot,50,statico,19,1.0,0.6292693904085613,0,0,True,0.19475,1.0
ton->bot,50,ogni_batch,19,1.0,0.6292693904085613,19,608,True,0.19475,1.0
ton->bot,50,su_innesco,19,1.0,0.6292693904085613,8,256,True,0.19475,1.0
ton->bot,50,oracolo,19,1.0,0.9968245236785518,19,608,True,0.19475,1.0
ton->bot,50,stat_13x13,19,1.0,0.5,19,608,True,0.19475,1.0
ton->bot,50,martingala,19,1.0,0.6292693904085613,19,608,True,0.19475,1.0
ton->bot,50,stat_13x13_adaptive,19,1.0,0.5,19,608,True,0.19475,1.0
ton->bot,51,statico,0,0.0,0.97085,0,0,False,0.0495,1.0
ton->bot,51,ogni_batch,0,0.0,0.97085,0,0,False,0.0495,1.0
ton->bot,51,su_innesco,0,0.0,0.97085,0,0,False,0.0495,1.0
ton->bot,51,oracolo,0,0.0,0.97085,0,0,False,0.0495,1.0
ton->bot,51,stat_13x13,0,0.0,0.97085,0,0,False,0.0495,1.0
ton->bot,51,martingala,0,0.0,0.97085,0,0,False,0.0495,1.0
ton->bot,51,stat_13x13_adaptive,0,0.0,0.97085,0,0,False,0.0495,1.0
ton->bot,51,statico,1,0.053,0.9331,0,0,False,0.0566,1.0
ton->bot,51,ogni_batch,1,0.053,0.9331,1,32,False,0.0566,1.0
ton->bot,51,su_innesco,1,0.053,0.9331,0,0,False,0.0566,1.0
ton->bot,51,oracolo,1,0.053,0.9331,1,32,False,0.0566,1.0
ton->bot,51,stat_13x13,1,0.053,1.0,1,32,False,0.0566,1.0
ton->bot,51,martingala,1,0.053,0.9331,1,32,False,0.0566,1.0
ton->bot,51,stat_13x13_adaptive,1,0.053,1.0,1,32,False,0.0566,1.0
ton->bot,51,statico,2,0.105,0.89515,0,0,False,0.06605,1.0
ton->bot,51,ogni_batch,2,0.105,0.89515,2,64,False,0.06605,1.0
ton->bot,51,su_innesco,2,0.105,0.89515,0,0,False,0.06605,1.0
ton->bot,51,oracolo,2,0.105,0.89515,2,64,False,0.06605,1.0
ton->bot,51,stat_13x13,2,0.105,1.0,2,64,False,0.06605,1.0
ton->bot,51,martingala,2,0.105,0.89515,2,64,False,0.06605,1.0
ton->bot,51,stat_13x13_adaptive,2,0.105,1.0,2,64,False,0.06605,1.0
ton->bot,51,statico,3,0.158,0.8594,0,0,False,0.0717,1.0
ton->bot,51,ogni_batch,3,0.158,0.8594,3,96,False,0.0717,1.0
ton->bot,51,su_innesco,3,0.158,0.8594,0,0,False,0.0717,1.0
ton->bot,51,oracolo,3,0.158,0.8594,3,96,False,0.0717,1.0
ton->bot,51,stat_13x13,3,0.158,1.0,3,96,False,0.0717,1.0
ton->bot,51,martingala,3,0.158,0.8594,3,96,False,0.0717,1.0
ton->bot,51,stat_13x13_adaptive,3,0.158,1.0,3,96,False,0.0717,1.0
ton->bot,51,statico,4,0.211,0.81915,0,0,False,0.0824,1.0
ton->bot,51,ogni_batch,4,0.211,0.81915,4,128,False,0.0824,1.0
ton->bot,51,su_innesco,4,0.211,0.81915,0,0,False,0.0824,1.0
ton->bot,51,oracolo,4,0.211,0.81915,4,128,False,0.0824,1.0
ton->bot,51,stat_13x13,4,0.211,1.0,4,128,False,0.0824,1.0
ton->bot,51,martingala,4,0.211,0.81915,4,128,False,0.0824,1.0
ton->bot,51,stat_13x13_adaptive,4,0.211,1.0,4,128,False,0.0824,1.0
ton->bot,51,statico,5,0.263,0.891064106410641,0,0,False,0.0876,1.0
ton->bot,51,ogni_batch,5,0.263,0.891064106410641,5,160,False,0.0876,1.0
ton->bot,51,su_innesco,5,0.263,0.891064106410641,0,0,False,0.0876,1.0
ton->bot,51,oracolo,5,0.263,0.891064106410641,5,160,False,0.0876,1.0
ton->bot,51,stat_13x13,5,0.263,0.5,5,160,False,0.0876,1.0
ton->bot,51,martingala,5,0.263,0.891064106410641,5,160,False,0.0876,1.0
ton->bot,51,stat_13x13_adaptive,5,0.263,0.5,5,160,False,0.0876,1.0
ton->bot,51,statico,6,0.316,0.7456,0,0,False,0.09495,1.0
ton->bot,51,ogni_batch,6,0.316,0.7456,6,192,False,0.09495,1.0
ton->bot,51,su_innesco,6,0.316,0.7456,0,0,False,0.09495,1.0
ton->bot,51,oracolo,6,0.316,0.9972,6,192,False,0.09495,1.0
ton->bot,51,stat_13x13,6,0.316,1.0,6,192,False,0.09495,1.0
ton->bot,51,martingala,6,0.316,0.7456,6,192,False,0.09495,1.0
ton->bot,51,stat_13x13_adaptive,6,0.316,1.0,6,192,False,0.09495,1.0
ton->bot,51,statico,7,0.368,0.7082,0,0,False,0.10335,1.0
ton->bot,51,ogni_batch,7,0.368,0.7082,7,224,False,0.10335,1.0
ton->bot,51,su_innesco,7,0.368,0.7082,0,0,False,0.10335,1.0
ton->bot,51,oracolo,7,0.368,0.99685,7,224,False,0.10335,1.0
ton->bot,51,stat_13x13,7,0.368,1.0,7,224,False,0.10335,1.0
ton->bot,51,martingala,7,0.368,0.7082,7,224,False,0.10335,1.0
ton->bot,51,stat_13x13_adaptive,7,0.368,1.0,7,224,False,0.10335,1.0
ton->bot,51,statico,8,0.421,0.67355,0,0,False,0.1114,1.0
ton->bot,51,ogni_batch,8,0.421,0.67355,8,256,False,0.1114,1.0
ton->bot,51,su_innesco,8,0.421,0.67355,0,0,False,0.1114,1.0
ton->bot,51,oracolo,8,0.421,0.9971,8,256,False,0.1114,1.0
ton->bot,51,stat_13x13,8,0.421,1.0,8,256,False,0.1114,1.0
ton->bot,51,martingala,8,0.421,0.67355,8,256,False,0.1114,1.0
ton->bot,51,stat_13x13_adaptive,8,0.421,1.0,8,256,False,0.1114,1.0
ton->bot,51,statico,9,0.474,0.6341,0,0,False,0.1198,1.0
ton->bot,51,ogni_batch,9,0.474,0.6341,9,288,False,0.1198,1.0
ton->bot,51,su_innesco,9,0.474,0.6341,0,0,False,0.1198,1.0
ton->bot,51,oracolo,9,0.474,0.9968,9,288,False,0.1198,1.0
ton->bot,51,stat_13x13,9,0.474,1.0,9,288,False,0.1198,1.0
ton->bot,51,martingala,9,0.474,0.6341,9,288,False,0.1198,1.0
ton->bot,51,stat_13x13_adaptive,9,0.474,1.0,9,288,False,0.1198,1.0
ton->bot,51,statico,10,0.526,0.5492799279927993,0,0,False,0.12325,1.0
ton->bot,51,ogni_batch,10,0.526,0.5492799279927993,10,320,False,0.12325,1.0
ton->bot,51,su_innesco,10,0.526,0.5492799279927993,0,0,False,0.12325,1.0
ton->bot,51,oracolo,10,0.526,0.4981748174817482,10,320,False,0.12325,1.0
ton->bot,51,stat_13x13,10,0.526,0.5,10,320,False,0.12325,1.0
ton->bot,51,martingala,10,0.526,0.5492799279927993,10,320,False,0.12325,1.0
ton->bot,51,stat_13x13_adaptive,10,0.526,0.5,10,320,False,0.12325,1.0
ton->bot,51,statico,11,0.579,0.7803890194509726,0,0,True,0.1352,1.0
ton->bot,51,ogni_batch,11,0.579,0.7803890194509726,11,352,True,0.1352,1.0
ton->bot,51,su_innesco,11,0.579,0.7803890194509726,0,0,True,0.1352,1.0
ton->bot,51,oracolo,11,0.579,0.9894244712235611,11,352,True,0.1352,1.0
ton->bot,51,stat_13x13,11,0.579,0.5,11,352,True,0.1352,1.0
ton->bot,51,martingala,11,0.579,0.7803890194509726,11,352,True,0.1352,1.0
ton->bot,51,stat_13x13_adaptive,11,0.579,0.5,11,352,True,0.1352,1.0
ton->bot,51,statico,12,0.632,0.7610130506525326,0,0,True,0.13915,1.0
ton->bot,51,ogni_batch,12,0.632,0.7610130506525326,12,384,True,0.13915,1.0
ton->bot,51,su_innesco,12,0.632,0.7610130506525326,1,32,True,0.13915,1.0
ton->bot,51,oracolo,12,0.632,0.991499574978749,12,384,True,0.13915,1.0
ton->bot,51,stat_13x13,12,0.632,0.5,12,384,True,0.13915,1.0
ton->bot,51,martingala,12,0.632,0.7610130506525326,12,384,True,0.13915,1.0
ton->bot,51,stat_13x13_adaptive,12,0.632,0.5,12,384,True,0.13915,1.0
ton->bot,51,statico,13,0.684,0.4922742274227423,0,0,True,0.1482,1.0
ton->bot,51,ogni_batch,13,0.684,0.4922742274227423,13,416,True,0.1482,1.0
ton->bot,51,su_innesco,13,0.684,0.4922742274227423,2,64,True,0.1482,1.0
ton->bot,51,oracolo,13,0.684,0.988023802380238,13,416,True,0.1482,1.0
ton->bot,51,stat_13x13,13,0.684,0.5,13,416,True,0.1482,1.0
ton->bot,51,martingala,13,0.684,0.4922742274227423,13,416,True,0.1482,1.0
ton->bot,51,stat_13x13_adaptive,13,0.684,0.5,13,416,True,0.1482,1.0
ton->bot,51,statico,14,0.737,0.7224611230561528,0,0,True,0.16005,1.0
ton->bot,51,ogni_batch,14,0.737,0.7224611230561528,14,448,True,0.16005,1.0
ton->bot,51,su_innesco,14,0.737,0.7224611230561528,3,96,True,0.16005,1.0
ton->bot,51,oracolo,14,0.737,0.9897244862243112,14,448,True,0.16005,1.0
ton->bot,51,stat_13x13,14,0.737,0.5,14,448,True,0.16005,1.0
ton->bot,51,martingala,14,0.737,0.7224611230561528,14,448,True,0.16005,1.0
ton->bot,51,stat_13x13_adaptive,14,0.737,0.5,14,448,True,0.16005,1.0
ton->bot,51,statico,15,0.789,0.7048602430121507,0,0,True,0.1631,1.0
ton->bot,51,ogni_batch,15,0.789,0.7048602430121507,15,480,True,0.1631,1.0
ton->bot,51,su_innesco,15,0.789,0.7048602430121507,4,128,True,0.1631,1.0
ton->bot,51,oracolo,15,0.789,0.9921246062303115,15,480,True,0.1631,1.0
ton->bot,51,stat_13x13,15,0.789,0.5,15,480,True,0.1631,1.0
ton->bot,51,martingala,15,0.789,0.7048602430121507,15,480,True,0.1631,1.0
ton->bot,51,stat_13x13_adaptive,15,0.789,0.5,15,480,True,0.1631,1.0
ton->bot,51,statico,16,0.842,0.6874437443744374,0,0,True,0.1708,1.0
ton->bot,51,ogni_batch,16,0.842,0.6874437443744374,16,512,True,0.1708,1.0
ton->bot,51,su_innesco,16,0.842,0.6874437443744374,5,160,True,0.1708,1.0
ton->bot,51,oracolo,16,0.842,0.9935743574357436,16,512,True,0.1708,1.0
ton->bot,51,stat_13x13,16,0.842,0.5,16,512,True,0.1708,1.0
ton->bot,51,martingala,16,0.842,0.6874437443744374,16,512,True,0.1708,1.0
ton->bot,51,stat_13x13_adaptive,16,0.842,0.5,16,512,True,0.1708,1.0
ton->bot,51,statico,17,0.895,0.6666166616661666,0,0,True,0.17955,1.0
ton->bot,51,ogni_batch,17,0.895,0.6666166616661666,17,544,True,0.17955,1.0
ton->bot,51,su_innesco,17,0.895,0.6666166616661666,6,192,True,0.17955,1.0
ton->bot,51,oracolo,17,0.895,0.9948244824482448,17,544,True,0.17955,1.0
ton->bot,51,stat_13x13,17,0.895,0.5,17,544,True,0.17955,1.0
ton->bot,51,martingala,17,0.895,0.6666166616661666,17,544,True,0.17955,1.0
ton->bot,51,stat_13x13_adaptive,17,0.895,0.5,17,544,True,0.17955,1.0
ton->bot,51,statico,18,0.947,0.1472897289728973,0,0,True,0.18685,1.0
ton->bot,51,ogni_batch,18,0.947,0.1472897289728973,18,576,True,0.18685,1.0
ton->bot,51,su_innesco,18,0.947,0.1472897289728973,7,224,True,0.18685,1.0
ton->bot,51,oracolo,18,0.947,0.7468496849684969,18,576,True,0.18685,1.0
ton->bot,51,stat_13x13,18,0.947,0.5,18,576,True,0.18685,1.0
ton->bot,51,martingala,18,0.947,0.1472897289728973,18,576,True,0.18685,1.0
ton->bot,51,stat_13x13_adaptive,18,0.947,0.5,18,576,True,0.18685,1.0
ton->bot,51,statico,19,1.0,0.46572819256221765,0,0,True,0.194,1.0
ton->bot,51,ogni_batch,19,1.0,0.46572819256221765,19,608,True,0.194,1.0
ton->bot,51,su_innesco,19,1.0,0.46572819256221765,8,256,True,0.194,1.0
ton->bot,51,oracolo,19,1.0,0.9970745611841776,19,608,True,0.194,1.0
ton->bot,51,stat_13x13,19,1.0,0.5,19,608,True,0.194,1.0
ton->bot,51,martingala,19,1.0,0.46572819256221765,19,608,True,0.194,1.0
ton->bot,51,stat_13x13_adaptive,19,1.0,0.5,19,608,True,0.194,1.0
bot->ton,42,statico,0,0.0,0.96205,0,0,False,0.04355,1.0
bot->ton,42,ogni_batch,0,0.0,0.96205,0,0,False,0.04355,1.0
bot->ton,42,su_innesco,0,0.0,0.96205,0,0,False,0.04355,1.0
bot->ton,42,oracolo,0,0.0,0.96205,0,0,False,0.04355,1.0
bot->ton,42,stat_13x13,0,0.0,0.96205,0,0,False,0.04355,1.0
bot->ton,42,martingala,0,0.0,0.96205,0,0,False,0.04355,1.0
bot->ton,42,stat_13x13_adaptive,0,0.0,0.96205,0,0,False,0.04355,1.0
bot->ton,42,statico,1,0.053,0.9378535779145273,0,0,False,0.05875,1.0
bot->ton,42,ogni_batch,1,0.053,0.9378535779145273,1,32,False,0.05875,1.0
bot->ton,42,su_innesco,1,0.053,0.9378535779145273,0,0,False,0.05875,1.0
bot->ton,42,oracolo,1,0.053,0.9378535779145273,1,32,False,0.05875,1.0
bot->ton,42,stat_13x13,1,0.053,0.5351005696442337,1,32,False,0.05875,1.0
bot->ton,42,martingala,1,0.053,0.9378535779145273,1,32,False,0.05875,1.0
bot->ton,42,stat_13x13_adaptive,1,0.053,0.5372432681378121,1,32,False,0.05875,1.0
bot->ton,42,statico,2,0.105,0.921164068214869,0,0,False,0.07885,1.0
bot->ton,42,ogni_batch,2,0.105,0.921164068214869,2,64,False,0.07885,1.0
bot->ton,42,su_innesco,2,0.105,0.921164068214869,0,0,False,0.07885,1.0
bot->ton,42,oracolo,2,0.105,0.9359056512926647,2,64,False,0.07885,1.0
bot->ton,42,stat_13x13,2,0.105,0.5420434507812897,2,64,False,0.07885,1.0
bot->ton,42,martingala,2,0.105,0.921164068214869,2,64,False,0.07885,1.0
bot->ton,42,stat_13x13_adaptive,2,0.105,0.5225718539005197,2,64,False,0.07885,1.0
bot->ton,42,statico,3,0.158,0.9067519430229886,0,0,False,0.096,1.0
bot->ton,42,ogni_batch,3,0.158,0.5030069153692102,3,96,False,0.096,1.0
bot->ton,42,su_innesco,3,0.158,0.9067519430229886,0,0,False,0.096,1.0
bot->ton,42,oracolo,3,0.158,0.9180613156137996,3,96,False,0.096,1.0
bot->ton,42,stat_13x13,3,0.158,0.570514523045182,3,96,False,0.096,1.0
bot->ton,42,martingala,3,0.158,0.5030069153692102,3,96,False,0.096,1.0
bot->ton,42,stat_13x13_adaptive,3,0.158,0.5510676591013319,3,96,False,0.096,1.0
bot->ton,42,statico,4,0.211,0.8961438396397852,0,0,False,0.11105,1.0
bot->ton,42,ogni_batch,4,0.211,0.5061339067716804,4,128,False,0.11105,1.0
bot->ton,42,su_innesco,4,0.211,0.8961438396397852,0,0,False,0.11105,1.0
bot->ton,42,oracolo,4,0.211,0.9122846331097305,4,128,False,0.11105,1.0
bot->ton,42,stat_13x13,4,0.211,0.5939812413652571,4,128,False,0.11105,1.0
bot->ton,42,martingala,4,0.211,0.5061339067716804,4,128,False,0.11105,1.0
bot->ton,42,stat_13x13_adaptive,4,0.211,0.5572704411773821,4,128,False,0.11105,1.0
bot->ton,42,statico,5,0.263,0.8759216850555254,0,0,False,0.1268,1.0
bot->ton,42,ogni_batch,5,0.263,0.5050335663071681,5,160,False,0.1268,1.0
bot->ton,42,su_innesco,5,0.263,0.8759216850555254,0,0,False,0.1268,1.0
bot->ton,42,oracolo,5,0.263,0.895295698090194,5,160,False,0.1268,1.0
bot->ton,42,stat_13x13,5,0.263,0.5809376248258905,5,160,False,0.1268,1.0
bot->ton,42,martingala,5,0.263,0.5050335663071681,5,160,False,0.1268,1.0
bot->ton,42,stat_13x13_adaptive,5,0.263,0.5416786534015766,5,160,False,0.1268,1.0
bot->ton,42,statico,6,0.316,0.8630946172387131,0,0,True,0.1504,1.0
bot->ton,42,ogni_batch,6,0.316,0.6144668653731472,6,192,True,0.1504,1.0
bot->ton,42,su_innesco,6,0.316,0.8630946172387131,0,0,True,0.1504,1.0
bot->ton,42,oracolo,6,0.316,0.8779122894931964,6,192,True,0.1504,1.0
bot->ton,42,stat_13x13,6,0.316,0.6028960770397648,6,192,True,0.1504,1.0
bot->ton,42,martingala,6,0.316,0.6144668653731472,6,192,True,0.1504,1.0
bot->ton,42,stat_13x13_adaptive,6,0.316,0.5401103750632059,6,192,True,0.1504,1.0
bot->ton,42,statico,7,0.368,0.8453349123645522,0,0,True,0.16245,1.0
bot->ton,42,ogni_batch,7,0.368,0.5252338135565952,7,224,True,0.16245,1.0
bot->ton,42,su_innesco,7,0.368,0.49710924274779683,1,32,True,0.16245,1.0
bot->ton,42,oracolo,7,0.368,0.8752085035383013,7,224,True,0.16245,1.0
bot->ton,42,stat_13x13,7,0.368,0.7379253162182673,7,224,True,0.16245,1.0
bot->ton,42,martingala,7,0.368,0.5252338135565952,7,224,True,0.16245,1.0
bot->ton,42,stat_13x13_adaptive,7,0.368,0.5579638659267508,7,224,True,0.16245,1.0
bot->ton,42,statico,8,0.421,0.8338906560683432,0,0,True,0.17995,1.0
bot->ton,42,ogni_batch,8,0.421,0.8302915334028128,8,256,True,0.17995,1.0
bot->ton,42,su_innesco,8,0.421,0.7865687101162309,2,64,True,0.17995,1.0
bot->ton,42,oracolo,8,0.421,0.8662405821682706,8,256,True,0.17995,1.0
bot->ton,42,stat_13x13,8,0.421,0.7456139361245782,8,256,True,0.17995,1.0
bot->ton,42,martingala,8,0.421,0.8302915334028128,8,256,True,0.17995,1.0
bot->ton,42,stat_13x13_adaptive,8,0.421,0.5534927745380469,8,256,True,0.17995,1.0
bot->ton,42,statico,9,0.474,0.810627248233997,0,0,True,0.19275,1.0
bot->ton,42,ogni_batch,9,0.474,0.82348105486053,9,288,True,0.19275,1.0
bot->ton,42,su_innesco,9,0.474,0.7961779156285359,3,96,True,0.19275,1.0
bot->ton,42,oracolo,9,0.474,0.9231618237353064,9,288,True,0.19275,1.0
bot->ton,42,stat_13x13,9,0.474,0.7433369160258432,9,288,True,0.19275,1.0
bot->ton,42,martingala,9,0.474,0.82348105486053,9,288,True,0.19275,1.0
bot->ton,42,stat_13x13_adaptive,9,0.474,0.5481185197498286,9,288,True,0.19275,1.0
bot->ton,42,statico,10,0.526,0.7986411992011341,0,0,True,0.2072,1.0
bot->ton,42,ogni_batch,10,0.526,0.8285698669308731,10,320,True,0.2072,1.0
bot->ton,42,su_innesco,10,0.526,0.8131662493616072,4,128,True,0.2072,1.0
bot->ton,42,oracolo,10,0.526,0.918586992922298,10,320,True,0.2072,1.0
bot->ton,42,stat_13x13,10,0.526,0.7669227178792227,10,320,True,0.2072,1.0
bot->ton,42,martingala,10,0.526,0.8271085184021988,9,288,True,0.2072,1.0
bot->ton,42,stat_13x13_adaptive,10,0.526,0.5834857089645688,10,320,True,0.2072,1.0
bot->ton,42,statico,11,0.579,0.77266653601636,0,0,True,0.2203,1.0
bot->ton,42,ogni_batch,11,0.579,0.8251505119970464,11,352,True,0.2203,1.0
bot->ton,42,su_innesco,11,0.579,0.9204449130750962,5,160,True,0.2203,1.0
bot->ton,42,oracolo,11,0.579,0.9140853838155822,11,352,True,0.2203,1.0
bot->ton,42,stat_13x13,11,0.579,0.7502835582858024,11,352,True,0.2203,1.0
bot->ton,42,martingala,11,0.579,0.8231227752317158,9,288,True,0.2203,1.0
bot->ton,42,stat_13x13_adaptive,11,0.579,0.5605298988784478,11,352,True,0.2203,1.0
bot->ton,42,statico,12,0.632,0.7595288036184702,0,0,True,0.2479,1.0
bot->ton,42,ogni_batch,12,0.632,0.9316988915950097,12,384,True,0.2479,1.0
bot->ton,42,su_innesco,12,0.632,0.9219111287837367,6,192,True,0.2479,1.0
bot->ton,42,oracolo,12,0.632,0.9205159302152195,12,384,True,0.2479,1.0
bot->ton,42,stat_13x13,12,0.632,0.7441761518962176,12,384,True,0.2479,1.0
bot->ton,42,martingala,12,0.632,0.8280133207415875,9,288,True,0.2479,1.0
bot->ton,42,stat_13x13_adaptive,12,0.632,0.5575103136338784,12,384,True,0.2479,1.0
bot->ton,42,statico,13,0.684,0.737176509618101,0,0,True,0.2658,1.0
bot->ton,42,ogni_batch,13,0.684,0.9347201763699516,13,416,True,0.2658,1.0
bot->ton,42,su_innesco,13,0.684,0.9214790854813955,7,224,True,0.2658,1.0
bot->ton,42,oracolo,13,0.684,0.9207667828541419,13,416,True,0.2658,1.0
bot->ton,42,stat_13x13,13,0.684,0.7444239251811854,13,416,True,0.2658,1.0
bot->ton,42,martingala,13,0.684,0.8246272609934695,9,288,True,0.2658,1.0
bot->ton,42,stat_13x13_adaptive,13,0.684,0.584541370906188,13,416,True,0.2658,1.0
bot->ton,42,statico,14,0.737,0.7173677228239732,0,0,True,0.276,1.0
bot->ton,42,ogni_batch,14,0.737,0.9367654449908449,14,448,True,0.276,1.0
bot->ton,42,su_innesco,14,0.737,0.9213016290786905,8,256,True,0.276,1.0
bot->ton,42,oracolo,14,0.737,0.9144296803823264,14,448,True,0.276,1.0
bot->ton,42,stat_13x13,14,0.737,0.7504513576247738,14,448,True,0.276,1.0
bot->ton,42,martingala,14,0.737,0.8214094292275151,9,288,True,0.276,1.0
bot->ton,42,stat_13x13_adaptive,14,0.737,0.5745588984849372,14,448,True,0.276,1.0
bot->ton,42,statico,15,0.789,0.7018084648054533,0,0,True,0.2922,1.0
bot->ton,42,ogni_batch,15,0.789,0.9405114288625689,15,480,True,0.2922,1.0
bot->ton,42,su_innesco,15,0.789,0.9321997212173541,9,288,True,0.2922,1.0
bot->ton,42,oracolo,15,0.789,0.922202631993541,15,480,True,0.2922,1.0
bot->ton,42,stat_13x13,15,0.789,0.7688816193560121,15,480,True,0.2922,1.0
bot->ton,42,martingala,15,0.789,0.8236016312263914,9,288,True,0.2922,1.0
bot->ton,42,stat_13x13_adaptive,15,0.789,0.7180420942942681,15,480,True,0.2922,1.0
bot->ton,42,statico,16,0.842,0.677083162684451,0,0,True,0.3105,1.0
bot->ton,42,ogni_batch,16,0.842,0.9318371109259989,16,512,True,0.3105,1.0
bot->ton,42,su_innesco,16,0.842,0.9266213439846058,10,320,True,0.3105,1.0
bot->ton,42,oracolo,16,0.842,0.915542880838006,16,512,True,0.3105,1.0
bot->ton,42,stat_13x13,16,0.842,0.7556913050327462,16,512,True,0.3105,1.0
bot->ton,42,martingala,16,0.842,0.8245546928447813,9,288,True,0.3105,1.0
bot->ton,42,stat_13x13_adaptive,16,0.842,0.6014295792821678,16,512,True,0.3105,1.0
bot->ton,42,statico,17,0.895,0.6539618986306635,0,0,True,0.3213,1.0
bot->ton,42,ogni_batch,17,0.895,0.9290351344165004,17,544,True,0.3213,1.0
bot->ton,42,su_innesco,17,0.895,0.9257010197142973,11,352,True,0.3213,1.0
bot->ton,42,oracolo,17,0.895,0.9051298881229803,17,544,True,0.3213,1.0
bot->ton,42,stat_13x13,17,0.895,0.7678746203769078,17,544,True,0.3213,1.0
bot->ton,42,martingala,17,0.895,0.8174710773905491,9,288,True,0.3213,1.0
bot->ton,42,stat_13x13_adaptive,17,0.895,0.6131707382746485,17,544,True,0.3213,1.0
bot->ton,42,statico,18,0.947,0.6315847825991726,0,0,True,0.3395,1.0
bot->ton,42,ogni_batch,18,0.947,0.9138469952927055,18,576,True,0.3395,1.0
bot->ton,42,su_innesco,18,0.947,0.9199955917387524,12,384,True,0.3395,1.0
bot->ton,42,oracolo,18,0.947,0.9095456551305636,18,576,True,0.3395,1.0
bot->ton,42,stat_13x13,18,0.947,0.7603156368081514,18,576,True,0.3395,1.0
bot->ton,42,martingala,18,0.947,0.8139806552954123,9,288,True,0.3395,1.0
bot->ton,42,stat_13x13_adaptive,18,0.947,0.7356331492023513,18,576,True,0.3395,1.0
bot->ton,42,statico,19,1.0,0.6092566887887054,0,0,True,0.3597,1.0
bot->ton,42,ogni_batch,19,1.0,0.9115900365286063,19,608,True,0.3597,1.0
bot->ton,42,su_innesco,19,1.0,0.9176710265423915,13,416,True,0.3597,1.0
bot->ton,42,oracolo,19,1.0,0.9043161038397156,19,608,True,0.3597,1.0
bot->ton,42,stat_13x13,19,1.0,0.7563812479300939,19,608,True,0.3597,1.0
bot->ton,42,martingala,19,1.0,0.8153558053367433,9,288,True,0.3597,1.0
bot->ton,42,stat_13x13_adaptive,19,1.0,0.6244440549181676,19,608,True,0.3597,1.0
bot->ton,43,statico,0,0.0,0.9782,0,0,False,0.0928,1.0
bot->ton,43,ogni_batch,0,0.0,0.9782,0,0,False,0.0928,1.0
bot->ton,43,su_innesco,0,0.0,0.9782,0,0,False,0.0928,1.0
bot->ton,43,oracolo,0,0.0,0.9782,0,0,False,0.0928,1.0
bot->ton,43,stat_13x13,0,0.0,0.9782,0,0,False,0.0928,1.0
bot->ton,43,martingala,0,0.0,0.9782,0,0,False,0.0928,1.0
bot->ton,43,stat_13x13_adaptive,0,0.0,0.9782,0,0,False,0.0928,1.0
bot->ton,43,statico,1,0.053,0.8639328276978467,0,0,False,0.13275,1.0
bot->ton,43,ogni_batch,1,0.053,0.8639328276978467,1,32,False,0.13275,1.0
bot->ton,43,su_innesco,1,0.053,0.8639328276978467,0,0,False,0.13275,1.0
bot->ton,43,oracolo,1,0.053,0.8639328276978467,1,32,False,0.13275,1.0
bot->ton,43,stat_13x13,1,0.053,0.504158584406704,1,32,False,0.13275,1.0
bot->ton,43,martingala,1,0.053,0.8639328276978467,1,32,False,0.13275,1.0
bot->ton,43,stat_13x13_adaptive,1,0.053,0.4904547928383037,1,32,False,0.13275,1.0
bot->ton,43,statico,2,0.105,0.8287038818760263,0,0,True,0.17255,1.0
bot->ton,43,ogni_batch,2,0.105,0.7380310960591133,2,64,True,0.17255,1.0
bot->ton,43,su_innesco,2,0.105,0.8287038818760263,0,0,True,0.17255,1.0
bot->ton,43,oracolo,2,0.105,0.9397626103243022,2,64,True,0.17255,1.0
bot->ton,43,stat_13x13,2,0.105,0.511438128591954,2,64,True,0.17255,1.0
bot->ton,43,martingala,2,0.105,0.7380310960591133,2,64,True,0.17255,1.0
bot->ton,43,stat_13x13_adaptive,2,0.105,0.5072223932676518,2,64,True,0.17255,1.0
bot->ton,43,statico,3,0.158,0.822068295301831,0,0,True,0.2098,1.0
bot->ton,43,ogni_batch,3,0.158,0.7963497573017596,3,96,True,0.2098,1.0
bot->ton,43,su_innesco,3,0.158,0.822068295301831,1,32,True,0.2098,1.0
bot->ton,43,oracolo,3,0.158,0.920768751136188,3,96,True,0.2098,1.0
bot->ton,43,stat_13x13,3,0.158,0.6076166642031564,3,96,True,0.2098,1.0
bot->ton,43,martingala,3,0.158,0.7963497573017596,3,96,True,0.2098,1.0
bot->ton,43,stat_13x13_adaptive,3,0.158,0.5441065187880888,3,96,True,0.2098,1.0
bot->ton,43,statico,4,0.211,0.8034969730779562,0,0,True,0.248,1.0
bot->ton,43,ogni_batch,4,0.211,0.7955319324779437,4,128,True,0.248,1.0
bot->ton,43,su_innesco,4,0.211,0.8034969730779562,2,64,True,0.248,1.0
bot->ton,43,oracolo,4,0.211,0.9021265935246596,4,128,True,0.248,1.0
bot->ton,43,stat_13x13,4,0.211,0.6154063100477283,4,128,True,0.248,1.0
bot->ton,43,martingala,4,0.211,0.7955319324779437,4,128,True,0.248,1.0
bot->ton,43,stat_13x13_adaptive,4,0.211,0.5763445525734003,4,128,True,0.248,1.0
bot->ton,43,statico,5,0.263,0.785844981524022,0,0,True,0.29245,1.0
bot->ton,43,ogni_batch,5,0.263,0.776700759913558,5,160,True,0.29245,1.0
bot->ton,43,su_innesco,5,0.263,0.785844981524022,3,96,True,0.29245,1.0
bot->ton,43,oracolo,5,0.263,0.87767178199503,5,160,True,0.29245,1.0
bot->ton,43,stat_13x13,5,0.263,0.6190982123261155,5,160,True,0.29245,1.0
bot->ton,43,martingala,5,0.263,0.776700759913558,5,160,True,0.29245,1.0
bot->ton,43,stat_13x13_adaptive,5,0.263,0.5655708590093174,5,160,True,0.29245,1.0
bot->ton,43,statico,6,0.316,0.7726376426569855,0,0,True,0.3266,1.0
bot->ton,43,ogni_batch,6,0.316,0.7506008814986712,6,192,True,0.3266,1.0
bot->ton,43,su_innesco,6,0.316,0.589154320481305,4,128,True,0.3266,1.0
bot->ton,43,oracolo,6,0.316,0.8717734317323644,6,192,True,0.3266,1.0
bot->ton,43,stat_13x13,6,0.316,0.7376798785624004,6,192,True,0.3266,1.0
bot->ton,43,martingala,6,0.316,0.7506008814986712,6,192,True,0.3266,1.0
bot->ton,43,stat_13x13_adaptive,6,0.316,0.5938134563938643,6,192,True,0.3266,1.0
bot->ton,43,statico,7,0.368,0.759533295679286,0,0,True,0.3639,1.0
bot->ton,43,ogni_batch,7,0.368,0.8273378400463585,7,224,True,0.3639,1.0
bot->ton,43,su_innesco,7,0.368,0.8766425761507498,5,160,True,0.3639,1.0
bot->ton,43,oracolo,7,0.368,0.8682754603444602,7,224,True,0.3639,1.0
bot->ton,43,stat_13x13,7,0.368,0.6568012322716945,7,224,True,0.3639,1.0
bot->ton,43,martingala,7,0.368,0.8273378400463585,7,224,True,0.3639,1.0
bot->ton,43,stat_13x13_adaptive,7,0.368,0.546033012965745,7,224,True,0.3639,1.0
bot->ton,43,statico,8,0.421,0.7395829492966751,0,0,True,0.40815,1.0
bot->ton,43,ogni_batch,8,0.421,0.8578146976346059,8,256,True,0.40815,1.0
bot->ton,43,su_innesco,8,0.421,0.9186474774696876,6,192,True,0.40815,1.0
bot->ton,43,oracolo,8,0.421,0.833669315996001,8,256,True,0.40815,1.0
bot->ton,43,stat_13x13,8,0.421,0.7248362606393238,8,256,True,0.40815,1.0
bot->ton,43,martingala,8,0.421,0.8578146976346059,8,256,True,0.40815,1.0
bot->ton,43,stat_13x13_adaptive,8,0.421,0.5682514179500322,8,256,True,0.40815,1.0
bot->ton,43,statico,9,0.474,0.724185528281852,0,0,True,0.44635,1.0
bot->ton,43,ogni_batch,9,0.474,0.848711288149769,9,288,True,0.44635,1.0
bot->ton,43,su_innesco,9,0.474,0.9306739589088736,7,224,True,0.44635,1.0
bot->ton,43,oracolo,9,0.474,0.8581243214474219,9,288,True,0.44635,1.0
bot->ton,43,stat_13x13,9,0.474,0.7100807913047666,9,288,True,0.44635,1.0
bot->ton,43,martingala,9,0.474,0.848711288149769,9,288,True,0.44635,1.0
bot->ton,43,stat_13x13_adaptive,9,0.474,0.6728163825151058,9,288,True,0.44635,1.0
bot->ton,43,statico,10,0.526,0.7062977540568435,0,0,True,0.4854,1.0
bot->ton,43,ogni_batch,10,0.526,0.8277283292066338,10,320,True,0.4854,1.0
bot->ton,43,su_innesco,10,0.526,0.9228654386579558,8,256,True,0.4854,1.0
bot->ton,43,oracolo,10,0.526,0.8764301011408684,10,320,True,0.4854,1.0
bot->ton,43,stat_13x13,10,0.526,0.7007404250140621,10,320,True,0.4854,1.0
bot->ton,43,martingala,10,0.526,0.8472917364855874,9,288,True,0.4854,1.0
bot->ton,43,stat_13x13_adaptive,10,0.526,0.6295183281050687,10,320,True,0.4854,1.0
bot->ton,43,statico,11,0.579,0.6825362068057972,0,0,True,0.5236,1.0
bot->ton,43,ogni_batch,11,0.579,0.8234691404956921,11,352,True,0.5236,1.0
bot->ton,43,su_innesco,11,0.579,0.9196182894384186,9,288,True,0.5236,1.0
bot->ton,43,oracolo,11,0.579,0.8996099748066095,11,352,True,0.5236,1.0
bot->ton,43,stat_13x13,11,0.579,0.7045635766036292,11,352,True,0.5236,1.0
bot->ton,43,martingala,11,0.579,0.8447846624003521,9,288,True,0.5236,1.0
bot->ton,43,stat_13x13_adaptive,11,0.579,0.7879562737226475,11,352,True,0.5236,1.0
bot->ton,43,statico,12,0.632,0.6641623853188084,0,0,True,0.56435,1.0
bot->ton,43,ogni_batch,12,0.632,0.8766290101715329,12,384,True,0.56435,1.0
bot->ton,43,su_innesco,12,0.632,0.9251957061162885,10,320,True,0.56435,1.0
bot->ton,43,oracolo,12,0.632,0.9183823814206162,12,384,True,0.56435,1.0
bot->ton,43,stat_13x13,12,0.632,0.7031679683546755,12,384,True,0.56435,1.0
bot->ton,43,martingala,12,0.632,0.8517596839465698,9,288,True,0.56435,1.0
bot->ton,43,stat_13x13_adaptive,12,0.632,0.682503020474255,12,384,True,0.56435,1.0
bot->ton,43,statico,13,0.684,0.6404352272127378,0,0,True,0.6072,1.0
bot->ton,43,ogni_batch,13,0.684,0.9024556081514289,13,416,True,0.6072,1.0
bot->ton,43,su_innesco,13,0.684,0.9186487234423206,11,352,True,0.6072,1.0
bot->ton,43,oracolo,13,0.684,0.9151722142528902,13,416,True,0.6072,1.0
bot->ton,43,stat_13x13,13,0.684,0.700225535379825,13,416,True,0.6072,1.0
bot->ton,43,martingala,13,0.684,0.8406184722631063,9,288,True,0.6072,1.0
bot->ton,43,stat_13x13_adaptive,13,0.684,0.6813988664551895,13,416,True,0.6072,1.0
bot->ton,43,statico,14,0.737,0.6249500586939061,0,0,True,0.63595,1.0
bot->ton,43,ogni_batch,14,0.737,0.8958581323667717,14,448,True,0.63595,1.0
bot->ton,43,su_innesco,14,0.737,0.9226234116605228,12,384,True,0.63595,1.0
bot->ton,43,oracolo,14,0.737,0.912300663824646,14,448,True,0.63595,1.0
bot->ton,43,stat_13x13,14,0.737,0.7036014374858414,14,448,True,0.63595,1.0
bot->ton,43,martingala,14,0.737,0.8467675446725841,9,288,True,0.63595,1.0
bot->ton,43,stat_13x13_adaptive,14,0.737,0.6797274337376691,14,448,True,0.63595,1.0
bot->ton,43,statico,15,0.789,0.6031238043564195,0,0,True,0.67735,1.0
bot->ton,43,ogni_batch,15,0.789,0.9103634849029298,15,480,True,0.67735,1.0
bot->ton,43,su_innesco,15,0.789,0.9241835382139256,13,416,True,0.67735,1.0
bot->ton,43,oracolo,15,0.789,0.9149366108939838,15,480,True,0.67735,1.0
bot->ton,43,stat_13x13,15,0.789,0.7035177734607911,15,480,True,0.67735,1.0
bot->ton,43,martingala,15,0.789,0.8451451351006185,9,288,True,0.67735,1.0
bot->ton,43,stat_13x13_adaptive,15,0.789,0.7261910758419116,15,480,True,0.67735,1.0
bot->ton,43,statico,16,0.842,0.5822166597608697,0,0,True,0.7238,1.0
bot->ton,43,ogni_batch,16,0.842,0.9131470191384141,16,512,True,0.7238,1.0
bot->ton,43,su_innesco,16,0.842,0.9235185042719152,14,448,True,0.7238,1.0
bot->ton,43,oracolo,16,0.842,0.9170418515472378,16,512,True,0.7238,1.0
bot->ton,43,stat_13x13,16,0.842,0.6956738184095991,16,512,True,0.7238,1.0
bot->ton,43,martingala,16,0.842,0.8515220129873469,9,288,True,0.7238,1.0
bot->ton,43,stat_13x13_adaptive,16,0.842,0.7274608657134136,16,512,True,0.7238,1.0
bot->ton,43,statico,17,0.895,0.5583927955708913,0,0,True,0.75635,1.0
bot->ton,43,ogni_batch,17,0.895,0.9068761881213152,17,544,True,0.75635,1.0
bot->ton,43,su_innesco,17,0.895,0.9216554481574633,15,480,True,0.75635,1.0
bot->ton,43,oracolo,17,0.895,0.9146071158804185,17,544,True,0.75635,1.0
bot->ton,43,stat_13x13,17,0.895,0.805810954920937,17,544,True,0.75635,1.0
bot->ton,43,martingala,17,0.895,0.8471276081283112,9,288,True,0.75635,1.0
bot->ton,43,stat_13x13_adaptive,17,0.895,0.7340754232215487,17,544,True,0.75635,1.0
bot->ton,43,statico,18,0.947,0.5436017558664912,0,0,True,0.7924,1.0
bot->ton,43,ogni_batch,18,0.947,0.9086311128116276,18,576,True,0.7924,1.0
bot->ton,43,su_innesco,18,0.947,0.9196697151524413,16,512,True,0.7924,1.0
bot->ton,43,oracolo,18,0.947,0.8503922275374844,18,576,True,0.7924,1.0
bot->ton,43,stat_13x13,18,0.947,0.7015935997888191,18,576,True,0.7924,1.0
bot->ton,43,martingala,18,0.947,0.8451036543579158,9,288,True,0.7924,1.0
bot->ton,43,stat_13x13_adaptive,18,0.947,0.7218109148269032,18,576,True,0.7924,1.0
bot->ton,43,statico,19,1.0,0.510767331047853,0,0,True,0.8424,1.0
bot->ton,43,ogni_batch,19,1.0,0.9246505646868433,19,608,True,0.8424,1.0
bot->ton,43,su_innesco,19,1.0,0.9281353114162039,17,544,True,0.8424,1.0
bot->ton,43,oracolo,19,1.0,0.8527736004834398,19,608,True,0.8424,1.0
bot->ton,43,stat_13x13,19,1.0,0.8114939726568706,19,608,True,0.8424,1.0
bot->ton,43,martingala,19,1.0,0.84342138562523,9,288,True,0.8424,1.0
bot->ton,43,stat_13x13_adaptive,19,1.0,0.731135820402597,19,608,True,0.8424,1.0
bot->ton,44,statico,0,0.0,0.96665,0,0,False,0.0712,1.0
bot->ton,44,ogni_batch,0,0.0,0.96665,0,0,False,0.0712,1.0
bot->ton,44,su_innesco,0,0.0,0.96665,0,0,False,0.0712,1.0
bot->ton,44,oracolo,0,0.0,0.96665,0,0,False,0.0712,1.0
bot->ton,44,stat_13x13,0,0.0,0.96665,0,0,False,0.0712,1.0
bot->ton,44,martingala,0,0.0,0.96665,0,0,False,0.0712,1.0
bot->ton,44,stat_13x13_adaptive,0,0.0,0.96665,0,0,False,0.0712,1.0
bot->ton,44,statico,1,0.053,0.8954295356874817,0,0,False,0.09925,1.0
bot->ton,44,ogni_batch,1,0.053,0.8954295356874817,1,32,False,0.09925,1.0
bot->ton,44,su_innesco,1,0.053,0.8954295356874817,0,0,False,0.09925,1.0
bot->ton,44,oracolo,1,0.053,0.8954295356874817,1,32,False,0.09925,1.0
bot->ton,44,stat_13x13,1,0.053,0.5130555329818205,1,32,False,0.09925,1.0
bot->ton,44,martingala,1,0.053,0.8954295356874817,0,0,False,0.09925,1.0
bot->ton,44,stat_13x13_adaptive,1,0.053,0.513080868679819,1,32,False,0.09925,1.0
bot->ton,44,statico,2,0.105,0.8699894479875097,0,0,False,0.13035,1.0
bot->ton,44,ogni_batch,2,0.105,0.5921523128423616,2,64,False,0.13035,1.0
bot->ton,44,su_innesco,2,0.105,0.8699894479875097,0,0,False,0.13035,1.0
bot->ton,44,oracolo,2,0.105,0.9185038966365874,2,64,False,0.13035,1.0
bot->ton,44,stat_13x13,2,0.105,0.5775597726851729,2,64,False,0.13035,1.0
bot->ton,44,martingala,2,0.105,0.8699894479875097,0,0,False,0.13035,1.0
bot->ton,44,stat_13x13_adaptive,2,0.105,0.5746902206991452,2,64,False,0.13035,1.0
bot->ton,44,statico,3,0.158,0.8607247952663097,0,0,True,0.15835,1.0
bot->ton,44,ogni_batch,3,0.158,0.6297537693800758,3,96,True,0.15835,1.0
bot->ton,44,su_innesco,3,0.158,0.8607247952663097,0,0,True,0.15835,1.0
bot->ton,44,oracolo,3,0.158,0.9047226863873508,3,96,True,0.15835,1.0
bot->ton,44,stat_13x13,3,0.158,0.5733594078803328,3,96,True,0.15835,1.0
bot->ton,44,martingala,3,0.158,0.8607247952663097,0,0,True,0.15835,1.0
bot->ton,44,stat_13x13_adaptive,3,0.158,0.5435425649821727,3,96,True,0.15835,1.0
bot->ton,44,statico,4,0.211,0.837793192986974,0,0,True,0.1898,1.0
bot->ton,44,ogni_batch,4,0.211,0.6421484366617309,4,128,True,0.1898,1.0
bot->ton,44,su_innesco,4,0.211,0.6100941007317753,1,32,True,0.1898,1.0
bot->ton,44,oracolo,4,0.211,0.896325564926286,4,128,True,0.1898,1.0
bot->ton,44,stat_13x13,4,0.211,0.5722971522994056,4,128,True,0.1898,1.0
bot->ton,44,martingala,4,0.211,0.837793192986974,0,0,True,0.1898,1.0
bot->ton,44,stat_13x13_adaptive,4,0.211,0.5409059207279127,4,128,True,0.1898,1.0
bot->ton,44,statico,5,0.263,0.8232868138484262,0,0,True,0.22005,1.0
bot->ton,44,ogni_batch,5,0.263,0.7525418956906671,5,160,True,0.22005,1.0
bot->ton,44,su_innesco,5,0.263,0.6094721727718077,2,64,True,0.22005,1.0
bot->ton,44,oracolo,5,0.263,0.8864744814203602,5,160,True,0.22005,1.0
bot->ton,44,stat_13x13,5,0.263,0.5831884472281057,5,160,True,0.22005,1.0
bot->ton,44,martingala,5,0.263,0.8232868138484262,0,0,True,0.22005,1.0
bot->ton,44,stat_13x13_adaptive,5,0.263,0.5696592469387667,5,160,True,0.22005,1.0
bot->ton,44,statico,6,0.316,0.8048945185119457,0,0,True,0.2459,1.0
bot->ton,44,ogni_batch,6,0.316,0.7543037778122851,6,192,True,0.2459,1.0
bot->ton,44,su_innesco,6,0.316,0.7070014862796424,3,96,True,0.2459,1.0
bot->ton,44,oracolo,6,0.316,0.8678715144524058,6,192,True,0.2459,1.0
bot->ton,44,stat_13x13,6,0.316,0.5767253044654939,6,192,True,0.2459,1.0
bot->ton,44,martingala,6,0.316,0.8048945185119457,0,0,True,0.2459,1.0
bot->ton,44,stat_13x13_adaptive,6,0.316,0.5614862796424056,6,192,True,0.2459,1.0
bot->ton,44,statico,7,0.368,0.7911495445025929,0,0,True,0.28005,1.0
bot->ton,44,ogni_batch,7,0.368,0.7627117029696369,7,224,True,0.28005,1.0
bot->ton,44,su_innesco,7,0.368,0.8329180717342933,4,128,True,0.28005,1.0
bot->ton,44,oracolo,7,0.368,0.8485698461321431,7,224,True,0.28005,1.0
bot->ton,44,stat_13x13,7,0.368,0.5816730913959084,7,224,True,0.28005,1.0
bot->ton,44,martingala,7,0.368,0.7911495445025929,0,0,True,0.28005,1.0
bot->ton,44,stat_13x13_adaptive,7,0.368,0.5645606130052789,7,224,True,0.28005,1.0
bot->ton,44,statico,8,0.421,0.7720624542580465,0,0,True,0.30805,1.0
bot->ton,44,ogni_batch,8,0.421,0.8268823231558404,8,256,True,0.30805,1.0
bot->ton,44,su_innesco,8,0.421,0.8654389933307569,5,160,True,0.30805,1.0
bot->ton,44,oracolo,8,0.421,0.8446871233232571,8,256,True,0.30805,1.0
bot->ton,44,stat_13x13,8,0.421,0.7052331635643456,8,256,True,0.30805,1.0
bot->ton,44,martingala,8,0.421,0.7720624542580465,0,0,True,0.30805,1.0
bot->ton,44,stat_13x13_adaptive,8,0.421,0.6073867694596765,8,256,True,0.30805,1.0
bot->ton,44,statico,9,0.474,0.7570422170322764,0,0,True,0.33725,1.0
bot->ton,44,ogni_batch,9,0.474,0.8256504437147816,9,288,True,0.33725,1.0
bot->ton,44,su_innesco,9,0.474,0.8579534427315918,6,192,True,0.33725,1.0
bot->ton,44,oracolo,9,0.474,0.8026246754418118,9,288,True,0.33725,1.0
bot->ton,44,stat_13x13,9,0.474,0.708103927705803,9,288,True,0.33725,1.0
bot->ton,44,martingala,9,0.474,0.7570422170322764,0,0,True,0.33725,1.0
bot->ton,44,stat_13x13_adaptive,9,0.474,0.5628141233906424,9,288,True,0.33725,1.0
bot->ton,44,statico,10,0.526,0.7356143399464172,0,0,True,0.3686,1.0
bot->ton,44,ogni_batch,10,0.526,0.8298296276147875,10,320,True,0.3686,1.0
bot->ton,44,su_innesco,10,0.526,0.8763810499891171,7,224,True,0.3686,1.0
bot->ton,44,oracolo,10,0.526,0.8407967832384979,10,320,True,0.3686,1.0
bot->ton,44,stat_13x13,10,0.526,0.7047669217536068,10,320,True,0.3686,1.0
bot->ton,44,martingala,10,0.526,0.7356143399464172,0,0,True,0.3686,1.0
bot->ton,44,stat_13x13_adaptive,10,0.526,0.5925047431385858,10,320,True,0.3686,1.0
bot->ton,44,statico,11,0.579,0.7171560270752888,0,0,True,0.3933,1.0
bot->ton,44,ogni_batch,11,0.579,0.848154573796039,11,352,True,0.3933,1.0
bot->ton,44,su_innesco,11,0.579,0.8711229555997424,8,256,True,0.3933,1.0
bot->ton,44,oracolo,11,0.579,0.7725133609823818,11,352,True,0.3933,1.0
bot->ton,44,stat_13x13,11,0.579,0.48148067490031643,11,352,True,0.3933,1.0
bot->ton,44,martingala,11,0.579,0.7171560270752888,0,0,True,0.3933,1.0
bot->ton,44,stat_13x13_adaptive,11,0.579,0.7683093734071104,11,352,True,0.3933,1.0
bot->ton,44,statico,12,0.632,0.6962181499454972,0,0,True,0.42615,1.0
bot->ton,44,ogni_batch,12,0.632,0.8569200826974677,12,384,True,0.42615,1.0
bot->ton,44,su_innesco,12,0.632,0.8711166778467214,9,288,True,0.42615,1.0
bot->ton,44,oracolo,12,0.632,0.763324026811169,12,384,True,0.42615,1.0
bot->ton,44,stat_13x13,12,0.632,0.7040398210841858,12,384,True,0.42615,1.0
bot->ton,44,martingala,12,0.632,0.6962181499454972,0,0,True,0.42615,1.0
bot->ton,44,stat_13x13_adaptive,12,0.632,0.6796671924786182,12,384,True,0.42615,1.0
bot->ton,44,statico,13,0.684,0.6741867240374703,0,0,True,0.454,1.0
bot->ton,44,ogni_batch,13,0.684,0.8594218098695711,13,416,True,0.454,1.0
bot->ton,44,su_innesco,13,0.684,0.8603513961722917,10,320,True,0.454,1.0
bot->ton,44,oracolo,13,0.684,0.756513827260096,13,416,True,0.454,1.0
bot->ton,44,stat_13x13,13,0.684,0.7118367621352696,13,416,True,0.454,1.0
bot->ton,44,martingala,13,0.684,0.6741867240374703,0,0,True,0.454,1.0
bot->ton,44,stat_13x13_adaptive,13,0.684,0.7196279861951503,13,416,True,0.454,1.0
bot->ton,44,statico,14,0.737,0.6571953055040747,0,0,True,0.4835,1.0
bot->ton,44,ogni_batch,14,0.737,0.8704460108207863,14,448,True,0.4835,1.0
bot->ton,44,su_innesco,14,0.737,0.8729571443067207,11,352,True,0.4835,1.0
bot->ton,44,oracolo,14,0.737,0.755798033859225,14,448,True,0.4835,1.0
bot->ton,44,stat_13x13,14,0.737,0.7111262415131206,14,448,True,0.4835,1.0
bot->ton,44,martingala,14,0.737,0.6571953055040747,0,0,True,0.4835,1.0
bot->ton,44,stat_13x13_adaptive,14,0.737,0.718510123913935,14,448,True,0.4835,1.0
bot->ton,44,statico,15,0.789,0.6346047081563899,0,0,True,0.5164,1.0
bot->ton,44,ogni_batch,15,0.789,0.8633121348912941,15,480,True,0.5164,1.0
bot->ton,44,su_innesco,15,0.789,0.8619362607060721,12,384,True,0.5164,1.0
bot->ton,44,oracolo,15,0.789,0.7720112262171926,15,480,True,0.5164,1.0
bot->ton,44,stat_13x13,15,0.789,0.7024651624484508,15,480,True,0.5164,1.0
bot->ton,44,martingala,15,0.789,0.6346047081563899,0,0,True,0.5164,1.0
bot->ton,44,stat_13x13_adaptive,15,0.789,0.7078408059579769,15,480,True,0.5164,1.0
bot->ton,44,statico,16,0.842,0.6092450852654732,0,0,True,0.54115,1.0
bot->ton,44,ogni_batch,16,0.842,0.8657932994429585,16,512,True,0.54115,1.0
bot->ton,44,su_innesco,16,0.842,0.836959607806667,13,416,True,0.54115,1.0
bot->ton,44,oracolo,16,0.842,0.7707377089668884,16,512,True,0.54115,1.0
bot->ton,44,stat_13x13,16,0.842,0.7123973903194603,16,512,True,0.54115,1.0
bot->ton,44,martingala,16,0.842,0.6092450852654732,0,0,True,0.54115,1.0
bot->ton,44,stat_13x13_adaptive,16,0.842,0.7221606761563952,16,512,True,0.54115,1.0
bot->ton,44,statico,17,0.895,0.5831565578766342,0,0,True,0.57015,1.0
bot->ton,44,ogni_batch,17,0.895,0.8611966108711183,17,544,True,0.57015,1.0
bot->ton,44,su_innesco,17,0.895,0.8558533461590921,14,448,True,0.57015,1.0
bot->ton,44,oracolo,17,0.895,0.8196034880404728,17,544,True,0.57015,1.0
bot->ton,44,stat_13x13,17,0.895,0.7105594203990611,17,544,True,0.57015,1.0
bot->ton,44,martingala,17,0.895,0.5831565578766342,0,0,True,0.57015,1.0
bot->ton,44,stat_13x13_adaptive,17,0.895,0.7474458966950939,17,544,True,0.57015,1.0
bot->ton,44,statico,18,0.947,0.5611542025387058,0,0,True,0.6115,1.0
bot->ton,44,ogni_batch,18,0.947,0.8579893665830027,18,576,True,0.6115,1.0
bot->ton,44,su_innesco,18,0.947,0.8575208485142903,15,480,True,0.6115,1.0
bot->ton,44,oracolo,18,0.947,0.8293430131613275,18,576,True,0.6115,1.0
bot->ton,44,stat_13x13,18,0.947,0.6989544706231614,18,576,True,0.6115,1.0
bot->ton,44,martingala,18,0.947,0.5611542025387058,0,0,True,0.6115,1.0
bot->ton,44,stat_13x13_adaptive,18,0.947,0.7419667323383622,18,576,True,0.6115,1.0
bot->ton,44,statico,19,1.0,0.5339556154176714,0,0,True,0.639,1.0
bot->ton,44,ogni_batch,19,1.0,0.8632672514301138,19,608,True,0.639,1.0
bot->ton,44,su_innesco,19,1.0,0.858496755930347,16,512,True,0.639,1.0
bot->ton,44,oracolo,19,1.0,0.8477499804550404,19,608,True,0.639,1.0
bot->ton,44,stat_13x13,19,1.0,0.7258504538767703,19,608,True,0.639,1.0
bot->ton,44,martingala,19,1.0,0.5339556154176714,0,0,True,0.639,1.0
bot->ton,44,stat_13x13_adaptive,19,1.0,0.7484701825175175,19,608,True,0.639,1.0
bot->ton,45,statico,0,0.0,0.9909,0,0,False,0.05275,1.0
bot->ton,45,ogni_batch,0,0.0,0.9909,0,0,False,0.05275,1.0
bot->ton,45,su_innesco,0,0.0,0.9909,0,0,False,0.05275,1.0
bot->ton,45,oracolo,0,0.0,0.9909,0,0,False,0.05275,1.0
bot->ton,45,stat_13x13,0,0.0,0.9909,0,0,False,0.05275,1.0
bot->ton,45,martingala,0,0.0,0.9909,0,0,False,0.05275,1.0
bot->ton,45,stat_13x13_adaptive,0,0.0,0.9909,0,0,False,0.05275,1.0
bot->ton,45,statico,1,0.053,0.8456572479986271,0,0,False,0.0771,1.0
bot->ton,45,ogni_batch,1,0.053,0.8456572479986271,1,32,False,0.0771,1.0
bot->ton,45,su_innesco,1,0.053,0.8456572479986271,0,0,False,0.0771,1.0
bot->ton,45,oracolo,1,0.053,0.8456572479986271,1,32,False,0.0771,1.0
bot->ton,45,stat_13x13,1,0.053,0.4999240544782543,1,32,False,0.0771,1.0
bot->ton,45,martingala,1,0.053,0.8456572479986271,1,32,False,0.0771,1.0
bot->ton,45,stat_13x13_adaptive,1,0.053,0.4999240544782543,1,32,False,0.0771,1.0
bot->ton,45,statico,2,0.105,0.8417124539552856,0,0,False,0.0989,1.0
bot->ton,45,ogni_batch,2,0.105,0.8417124539552856,2,64,False,0.0989,1.0
bot->ton,45,su_innesco,2,0.105,0.8417124539552856,0,0,False,0.0989,1.0
bot->ton,45,oracolo,2,0.105,0.873220966641668,2,64,False,0.0989,1.0
bot->ton,45,stat_13x13,2,0.105,0.49675003121132766,2,64,False,0.0989,1.0
bot->ton,45,martingala,2,0.105,0.8417124539552856,2,64,False,0.0989,1.0
bot->ton,45,stat_13x13_adaptive,2,0.105,0.5,2,64,False,0.0989,1.0
bot->ton,45,statico,3,0.158,0.8161477947384644,0,0,False,0.11565,1.0
bot->ton,45,ogni_batch,3,0.158,0.5021688533890847,3,96,False,0.11565,1.0
bot->ton,45,su_innesco,3,0.158,0.8161477947384644,0,0,False,0.11565,1.0
bot->ton,45,oracolo,3,0.158,0.9135658317362889,3,96,False,0.11565,1.0
bot->ton,45,stat_13x13,3,0.158,0.5,3,96,False,0.11565,1.0
bot->ton,45,martingala,3,0.158,0.5021688533890847,3,96,False,0.11565,1.0
bot->ton,45,stat_13x13_adaptive,3,0.158,0.5,3,96,False,0.11565,1.0
bot->ton,45,statico,4,0.211,0.8121088900905415,0,0,True,0.14075,1.0
bot->ton,45,ogni_batch,4,0.211,0.6057641591200259,4,128,True,0.14075,1.0
bot->ton,45,su_innesco,4,0.211,0.8121088900905415,0,0,True,0.14075,1.0
bot->ton,45,oracolo,4,0.211,0.8988887071938738,4,128,True,0.14075,1.0
bot->ton,45,stat_13x13,4,0.211,0.5031056984219707,4,128,True,0.14075,1.0
bot->ton,45,martingala,4,0.211,0.6057641591200259,4,128,True,0.14075,1.0
bot->ton,45,stat_13x13_adaptive,4,0.211,0.5019861569837427,4,128,True,0.14075,1.0
bot->ton,45,statico,5,0.263,0.8158724698902917,0,0,True,0.1585,1.0
bot->ton,45,ogni_batch,5,0.263,0.7771376892390793,5,160,True,0.1585,1.0
bot->ton,45,su_innesco,5,0.263,0.7711071037264802,1,32,True,0.1585,1.0
bot->ton,45,oracolo,5,0.263,0.8789599722107442,5,160,True,0.1585,1.0
bot->ton,45,stat_13x13,5,0.263,0.587042388587036,5,160,True,0.1585,1.0
bot->ton,45,martingala,5,0.263,0.7771376892390793,5,160,True,0.1585,1.0
bot->ton,45,stat_13x13_adaptive,5,0.263,0.5916113339718034,5,160,True,0.1585,1.0
bot->ton,45,statico,6,0.316,0.7814603959421851,0,0,True,0.18085,1.0
bot->ton,45,ogni_batch,6,0.316,0.7594690854824773,6,192,True,0.18085,1.0
bot->ton,45,su_innesco,6,0.316,0.775699612629555,2,64,True,0.18085,1.0
bot->ton,45,oracolo,6,0.316,0.8562976163478662,6,192,True,0.18085,1.0
bot->ton,45,stat_13x13,6,0.316,0.6928541736135625,6,192,True,0.18085,1.0
bot->ton,45,martingala,6,0.316,0.7594690854824773,6,192,True,0.18085,1.0
bot->ton,45,stat_13x13_adaptive,6,0.316,0.5609000679794892,6,192,True,0.18085,1.0
bot->ton,45,statico,7,0.368,0.7672850492361357,0,0,True,0.21,1.0
bot->ton,45,ogni_batch,7,0.368,0.769029729796699,7,224,True,0.21,1.0
bot->ton,45,su_innesco,7,0.368,0.783900127483488,3,96,True,0.21,1.0
bot->ton,45,oracolo,7,0.368,0.8411205424394606,7,224,True,0.21,1.0
bot->ton,45,stat_13x13,7,0.368,0.7179097233845981,7,224,True,0.21,1.0
bot->ton,45,martingala,7,0.368,0.769029729796699,7,224,True,0.21,1.0
bot->ton,45,stat_13x13_adaptive,7,0.368,0.6005543711261278,7,224,True,0.21,1.0
bot->ton,45,statico,8,0.421,0.7603935185848929,0,0,True,0.22175,1.0
bot->ton,45,ogni_batch,8,0.421,0.7779861563120967,8,256,True,0.22175,1.0
bot->ton,45,su_innesco,8,0.421,0.787047062230646,4,128,True,0.22175,1.0
bot->ton,45,oracolo,8,0.421,0.8202258918253997,8,256,True,0.22175,1.0
bot->ton,45,stat_13x13,8,0.421,0.7369834064991928,8,256,True,0.22175,1.0
bot->ton,45,martingala,8,0.421,0.7779861563120967,8,256,True,0.22175,1.0
bot->ton,45,stat_13x13_adaptive,8,0.421,0.6078599057780479,8,256,True,0.22175,1.0
bot->ton,45,statico,9,0.474,0.7395658528798476,0,0,True,0.2407,1.0
bot->ton,45,ogni_batch,9,0.474,0.7854446229210523,9,288,True,0.2407,1.0
bot->ton,45,su_innesco,9,0.474,0.8355079765741138,5,160,True,0.2407,1.0
bot->ton,45,oracolo,9,0.474,0.8499703185641169,9,288,True,0.2407,1.0
bot->ton,45,stat_13x13,9,0.474,0.7268966188105477,9,288,True,0.2407,1.0
bot->ton,45,martingala,9,0.474,0.7854446229210523,9,288,True,0.2407,1.0
bot->ton,45,stat_13x13_adaptive,9,0.474,0.6852525665712205,9,288,True,0.2407,1.0
bot->ton,45,statico,10,0.526,0.7267929788238713,0,0,True,0.26535,1.0
bot->ton,45,ogni_batch,10,0.526,0.7872825178889252,10,320,True,0.26535,1.0
bot->ton,45,su_innesco,10,0.526,0.8149259017107987,6,192,True,0.26535,1.0
bot->ton,45,oracolo,10,0.526,0.874520086448004,10,320,True,0.26535,1.0
bot->ton,45,stat_13x13,10,0.526,0.7218017870763866,10,320,True,0.26535,1.0
bot->ton,45,martingala,10,0.526,0.7837265264610802,9,288,True,0.26535,1.0
bot->ton,45,stat_13x13_adaptive,10,0.526,0.7128137372416549,10,320,True,0.26535,1.0
bot->ton,45,statico,11,0.579,0.7082729071444491,0,0,True,0.28605,1.0
bot->ton,45,ogni_batch,11,0.579,0.822621185868869,11,352,True,0.28605,1.0
bot->ton,45,su_innesco,11,0.579,0.9200097315797644,7,224,True,0.28605,1.0
bot->ton,45,oracolo,11,0.579,0.863037084231789,11,352,True,0.28605,1.0
bot->ton,45,stat_13x13,11,0.579,0.6883297324432328,11,352,True,0.28605,1.0
bot->ton,45,martingala,11,0.579,0.7890592390055389,9,288,True,0.28605,1.0
bot->ton,45,stat_13x13_adaptive,11,0.579,0.6523023285441891,11,352,True,0.28605,1.0
bot->ton,45,statico,12,0.632,0.6882455877153789,0,0,True,0.3125,1.0
bot->ton,45,ogni_batch,12,0.632,0.8298033679656717,12,384,True,0.3125,1.0
bot->ton,45,su_innesco,12,0.632,0.930991720577855,8,256,True,0.3125,1.0
bot->ton,45,oracolo,12,0.632,0.8717331481642313,12,384,True,0.3125,1.0
bot->ton,45,stat_13x13,12,0.632,0.7154529545200401,12,384,True,0.3125,1.0
bot->ton,45,martingala,12,0.632,0.7812158398384218,9,288,True,0.3125,1.0
bot->ton,45,stat_13x13_adaptive,12,0.632,0.7120806415550172,12,384,True,0.3125,1.0
bot->ton,45,statico,13,0.684,0.6720141974417524,0,0,True,0.32765,1.0
bot->ton,45,ogni_batch,13,0.684,0.8624754487096623,13,416,True,0.32765,1.0
bot->ton,45,su_innesco,13,0.684,0.842034141782479,9,288,True,0.32765,1.0
bot->ton,45,oracolo,13,0.684,0.904873781425249,13,416,True,0.32765,1.0
bot->ton,45,stat_13x13,13,0.684,0.722618037344908,13,416,True,0.32765,1.0
bot->ton,45,martingala,13,0.684,0.7828774920314119,9,288,True,0.32765,1.0
bot->ton,45,stat_13x13_adaptive,13,0.684,0.6833387054762505,13,416,True,0.32765,1.0
bot->ton,45,statico,14,0.737,0.6584946249111423,0,0,True,0.34385,1.0
bot->ton,45,ogni_batch,14,0.737,0.8560646700740369,14,448,True,0.34385,1.0
bot->ton,45,su_innesco,14,0.737,0.9156197051391604,10,320,True,0.34385,1.0
bot->ton,45,oracolo,14,0.737,0.90565029193845,14,448,True,0.34385,1.0
bot->ton,45,stat_13x13,14,0.737,0.7304658577769171,14,448,True,0.34385,1.0
bot->ton,45,martingala,14,0.737,0.7969248193866121,9,288,True,0.34385,1.0
bot->ton,45,stat_13x13_adaptive,14,0.737,0.7293701912009662,14,448,True,0.34385,1.0
bot->ton,45,statico,15,0.789,0.6392689064015085,0,0,True,0.3732,1.0
bot->ton,45,ogni_batch,15,0.789,0.8613782797874692,15,480,True,0.3732,1.0
bot->ton,45,su_innesco,15,0.789,0.9227070092664122,11,352,True,0.3732,1.0
bot->ton,45,oracolo,15,0.789,0.9107115542689564,15,480,True,0.3732,1.0
bot->ton,45,stat_13x13,15,0.789,0.7124780280441357,15,480,True,0.3732,1.0
bot->ton,45,martingala,15,0.789,0.7889125034577795,9,288,True,0.3732,1.0
bot->ton,45,stat_13x13_adaptive,15,0.789,0.7267070804294402,15,480,True,0.3732,1.0
bot->ton,45,statico,16,0.842,0.61257557183009,0,0,True,0.3937,1.0
bot->ton,45,ogni_batch,16,0.842,0.862066305662037,16,512,True,0.3937,1.0
bot->ton,45,su_innesco,16,0.842,0.9275261747771522,12,384,True,0.3937,1.0
bot->ton,45,oracolo,16,0.842,0.9223280062267294,16,512,True,0.3937,1.0
bot->ton,45,stat_13x13,16,0.842,0.7192694390242707,16,512,True,0.3937,1.0
bot->ton,45,martingala,16,0.842,0.7849933219169529,9,288,True,0.3937,1.0
bot->ton,45,stat_13x13_adaptive,16,0.842,0.7177930865686021,16,512,True,0.3937,1.0
bot->ton,45,statico,17,0.895,0.5958041636433009,0,0,True,0.40985,1.0
bot->ton,45,ogni_batch,17,0.895,0.9168875996999231,17,544,True,0.40985,1.0
bot->ton,45,su_innesco,17,0.895,0.9203010385280607,13,416,True,0.40985,1.0
bot->ton,45,oracolo,17,0.895,0.9232427838415989,17,544,True,0.40985,1.0
bot->ton,45,stat_13x13,17,0.895,0.8003545050992069,17,544,True,0.40985,1.0
bot->ton,45,martingala,17,0.895,0.7903405966575536,9,288,True,0.40985,1.0
bot->ton,45,stat_13x13_adaptive,17,0.895,0.7334662786746937,17,544,True,0.40985,1.0
bot->ton,45,statico,18,0.947,0.5733103162716114,0,0,True,0.43545,1.0
bot->ton,45,ogni_batch,18,0.947,0.9026959491631947,18,576,True,0.43545,1.0
bot->ton,45,su_innesco,18,0.947,0.9199964333662201,14,448,True,0.43545,1.0
bot->ton,45,oracolo,18,0.947,0.9245924814060335,18,576,True,0.43545,1.0
bot->ton,45,stat_13x13,18,0.947,0.7219477574790109,18,576,True,0.43545,1.0
bot->ton,45,martingala,18,0.947,0.787657569945551,9,288,True,0.43545,1.0
bot->ton,45,stat_13x13_adaptive,18,0.947,0.7177834959436761,18,576,True,0.43545,1.0
bot->ton,45,statico,19,1.0,0.5545553778389352,0,0,True,0.4569,1.0
bot->ton,45,ogni_batch,19,1.0,0.9051872768519598,19,608,True,0.4569,1.0
bot->ton,45,su_innesco,19,1.0,0.909995703167991,15,480,True,0.4569,1.0
bot->ton,45,oracolo,19,1.0,0.9283756162691768,19,608,True,0.4569,1.0
bot->ton,45,stat_13x13,19,1.0,0.8225479774464648,19,608,True,0.4569,1.0
bot->ton,45,martingala,19,1.0,0.7873692580122407,9,288,True,0.4569,1.0
bot->ton,45,stat_13x13_adaptive,19,1.0,0.7313835524476016,19,608,True,0.4569,1.0
bot->ton,46,statico,0,0.0,0.98945,0,0,False,0.01555,1.0
bot->ton,46,ogni_batch,0,0.0,0.98945,0,0,False,0.01555,1.0
bot->ton,46,su_innesco,0,0.0,0.98945,0,0,False,0.01555,1.0
bot->ton,46,oracolo,0,0.0,0.98945,0,0,False,0.01555,1.0
bot->ton,46,stat_13x13,0,0.0,0.98945,0,0,False,0.01555,1.0
bot->ton,46,martingala,0,0.0,0.98945,0,0,False,0.01555,1.0
bot->ton,46,stat_13x13_adaptive,0,0.0,0.98945,0,0,False,0.01555,1.0
bot->ton,46,statico,1,0.053,0.8492002987341952,0,0,False,0.0478,1.0
bot->ton,46,ogni_batch,1,0.053,0.8492002987341952,1,32,False,0.0478,1.0
bot->ton,46,su_innesco,1,0.053,0.8492002987341952,0,0,False,0.0478,1.0
bot->ton,46,oracolo,1,0.053,0.8492002987341952,1,32,False,0.0478,1.0
bot->ton,46,stat_13x13,1,0.053,0.503537976481696,1,32,False,0.0478,1.0
bot->ton,46,martingala,1,0.053,0.8492002987341952,1,32,False,0.0478,1.0
bot->ton,46,stat_13x13_adaptive,1,0.053,0.5054083383349927,1,32,False,0.0478,1.0
bot->ton,46,statico,2,0.105,0.8518304116647667,0,0,False,0.08015,1.0
bot->ton,46,ogni_batch,2,0.105,0.8000123653573503,2,64,False,0.08015,1.0
bot->ton,46,su_innesco,2,0.105,0.8518304116647667,0,0,False,0.08015,1.0
bot->ton,46,oracolo,2,0.105,0.9220160952911702,2,64,False,0.08015,1.0
bot->ton,46,stat_13x13,2,0.105,0.5521132056934848,2,64,False,0.08015,1.0
bot->ton,46,martingala,2,0.105,0.8000123653573503,2,64,False,0.08015,1.0
bot->ton,46,stat_13x13_adaptive,2,0.105,0.5369760179822786,2,64,False,0.08015,1.0
bot->ton,46,statico,3,0.158,0.8506437352566059,0,0,False,0.11,1.0
bot->ton,46,ogni_batch,3,0.158,0.7952502032152577,3,96,False,0.11,1.0
bot->ton,46,su_innesco,3,0.158,0.8506437352566059,0,0,False,0.11,1.0
bot->ton,46,oracolo,3,0.158,0.9069021743844752,3,96,False,0.11,1.0
bot->ton,46,stat_13x13,3,0.158,0.773687597582085,3,96,False,0.11,1.0
bot->ton,46,martingala,3,0.158,0.7952502032152577,3,96,False,0.11,1.0
bot->ton,46,stat_13x13_adaptive,3,0.158,0.5636239121981679,3,96,False,0.11,1.0
bot->ton,46,statico,4,0.211,0.8251869792025418,0,0,True,0.1424,1.0
bot->ton,46,ogni_batch,4,0.211,0.7971519784745043,4,128,True,0.1424,1.0
bot->ton,46,su_innesco,4,0.211,0.8251869792025418,0,0,True,0.1424,1.0
bot->ton,46,oracolo,4,0.211,0.8898897829750837,4,128,True,0.1424,1.0
bot->ton,46,stat_13x13,4,0.211,0.7434275001111674,4,128,True,0.1424,1.0
bot->ton,46,martingala,4,0.211,0.7971519784745043,4,128,True,0.1424,1.0
bot->ton,46,stat_13x13_adaptive,4,0.211,0.8326172118519268,4,128,True,0.1424,1.0
bot->ton,46,statico,5,0.263,0.8156348749105257,0,0,True,0.17415,1.0
bot->ton,46,ogni_batch,5,0.263,0.7931405925382775,5,160,True,0.17415,1.0
bot->ton,46,su_innesco,5,0.263,0.7912620681226976,1,32,True,0.17415,1.0
bot->ton,46,oracolo,5,0.263,0.8861454459749647,5,160,True,0.17415,1.0
bot->ton,46,stat_13x13,5,0.263,0.8093664344698756,5,160,True,0.17415,1.0
bot->ton,46,martingala,5,0.263,0.7931405925382775,5,160,True,0.17415,1.0
bot->ton,46,stat_13x13_adaptive,5,0.263,0.8193727194958013,5,160,True,0.17415,1.0
bot->ton,46,statico,6,0.316,0.8197622169344339,0,0,True,0.2012,1.0
bot->ton,46,ogni_batch,6,0.316,0.8726004522461366,6,192,True,0.2012,1.0
bot->ton,46,su_innesco,6,0.316,0.778571549961791,2,64,True,0.2012,1.0
bot->ton,46,oracolo,6,0.316,0.8995036547376901,6,192,True,0.2012,1.0
bot->ton,46,stat_13x13,6,0.316,0.6270450516595711,6,192,True,0.2012,1.0
bot->ton,46,martingala,6,0.316,0.8726004522461366,6,192,True,0.2012,1.0
bot->ton,46,stat_13x13_adaptive,6,0.316,0.7412298090232464,6,192,True,0.2012,1.0
bot->ton,46,statico,7,0.368,0.7905544942732835,0,0,True,0.2326,1.0
bot->ton,46,ogni_batch,7,0.368,0.8836226081940513,7,224,True,0.2326,1.0
bot->ton,46,su_innesco,7,0.368,0.8331058610577919,3,96,True,0.2326,1.0
bot->ton,46,oracolo,7,0.368,0.8751494699411454,7,224,True,0.2326,1.0
bot->ton,46,stat_13x13,7,0.368,0.6133854683467993,7,224,True,0.2326,1.0
bot->ton,46,martingala,7,0.368,0.8836226081940513,7,224,True,0.2326,1.0
bot->ton,46,stat_13x13_adaptive,7,0.368,0.7330721227371035,7,224,True,0.2326,1.0
bot->ton,46,statico,8,0.421,0.7779010071503314,0,0,True,0.2682,1.0
bot->ton,46,ogni_batch,8,0.421,0.8747116069352401,8,256,True,0.2682,1.0
bot->ton,46,su_innesco,8,0.421,0.8559978490873155,4,128,True,0.2682,1.0
bot->ton,46,oracolo,8,0.421,0.8784098505987676,8,256,True,0.2682,1.0
bot->ton,46,stat_13x13,8,0.421,0.7078705419427973,8,256,True,0.2682,1.0
bot->ton,46,martingala,8,0.421,0.8747116069352401,8,256,True,0.2682,1.0
bot->ton,46,stat_13x13_adaptive,8,0.421,0.731612330688292,8,256,True,0.2682,1.0
bot->ton,46,statico,9,0.474,0.7670495907132675,0,0,True,0.29975,1.0
bot->ton,46,ogni_batch,9,0.474,0.880793691978851,9,288,True,0.29975,1.0
bot->ton,46,su_innesco,9,0.474,0.8663897172274528,5,160,True,0.29975,1.0
bot->ton,46,oracolo,9,0.474,0.9140659386600443,9,288,True,0.29975,1.0
bot->ton,46,stat_13x13,9,0.474,0.686808467409136,9,288,True,0.29975,1.0
bot->ton,46,martingala,9,0.474,0.880793691978851,9,288,True,0.29975,1.0
bot->ton,46,stat_13x13_adaptive,9,0.474,0.7615651967761614,9,288,True,0.29975,1.0
bot->ton,46,statico,10,0.526,0.7654812045064643,0,0,True,0.3224,1.0
bot->ton,46,ogni_batch,10,0.526,0.8756869878628456,10,320,True,0.3224,1.0
bot->ton,46,su_innesco,10,0.526,0.8558934410178001,6,192,True,0.3224,1.0
bot->ton,46,oracolo,10,0.526,0.9146288747864886,10,320,True,0.3224,1.0
bot->ton,46,stat_13x13,10,0.526,0.6951344419092154,10,320,True,0.3224,1.0
bot->ton,46,martingala,10,0.526,0.8711015974777285,9,288,True,0.3224,1.0
bot->ton,46,stat_13x13_adaptive,10,0.526,0.7408841238942893,10,320,True,0.3224,1.0
bot->ton,46,statico,11,0.579,0.7399513889081419,0,0,True,0.36485,1.0
bot->ton,46,ogni_batch,11,0.579,0.8216620631430871,11,352,True,0.36485,1.0
bot->ton,46,su_innesco,11,0.579,0.8722002162677325,7,224,True,0.36485,1.0
bot->ton,46,oracolo,11,0.579,0.9292201843610588,11,352,True,0.36485,1.0
bot->ton,46,stat_13x13,11,0.579,0.6948740128300483,11,352,True,0.36485,1.0
bot->ton,46,martingala,11,0.579,0.8741462646012435,9,288,True,0.36485,1.0
bot->ton,46,stat_13x13_adaptive,11,0.579,0.7213212116873966,11,352,True,0.36485,1.0
bot->ton,46,statico,12,0.632,0.7392223818466264,0,0,True,0.3907,1.0
bot->ton,46,ogni_batch,12,0.632,0.8235422469913047,12,384,True,0.3907,1.0
bot->ton,46,su_innesco,12,0.632,0.8669223065951215,8,256,True,0.3907,1.0
bot->ton,46,oracolo,12,0.632,0.9294689774627685,12,384,True,0.3907,1.0
bot->ton,46,stat_13x13,12,0.632,0.7184111494273916,12,384,True,0.3907,1.0
bot->ton,46,martingala,12,0.632,0.8678194310754992,9,288,True,0.3907,1.0
bot->ton,46,stat_13x13_adaptive,12,0.632,0.7477769812616366,12,384,True,0.3907,1.0
bot->ton,46,statico,13,0.684,0.7186726385778519,0,0,True,0.42145,1.0
bot->ton,46,ogni_batch,13,0.684,0.8515499145830899,13,416,True,0.42145,1.0
bot->ton,46,su_innesco,13,0.684,0.8643486567657184,9,288,True,0.42145,1.0
bot->ton,46,oracolo,13,0.684,0.9192887382460843,13,416,True,0.42145,1.0
bot->ton,46,stat_13x13,13,0.684,0.7270071800877488,13,416,True,0.42145,1.0
bot->ton,46,martingala,13,0.684,0.866124277498685,9,288,True,0.42145,1.0
bot->ton,46,stat_13x13_adaptive,13,0.684,0.7533736277812108,13,416,True,0.42145,1.0
bot->ton,46,statico,14,0.737,0.7038396526416357,0,0,True,0.4478,1.0
bot->ton,46,ogni_batch,14,0.737,0.8554169330392523,14,448,True,0.4478,1.0
bot->ton,46,su_innesco,14,0.737,0.8628152099242976,10,320,True,0.4478,1.0
bot->ton,46,oracolo,14,0.737,0.918076880732331,14,448,True,0.4478,1.0
bot->ton,46,stat_13x13,14,0.737,0.7184900739146682,14,448,True,0.4478,1.0
bot->ton,46,martingala,14,0.737,0.8679190647293187,9,288,True,0.4478,1.0
bot->ton,46,stat_13x13_adaptive,14,0.737,0.7747394869018464,14,448,True,0.4478,1.0
bot->ton,46,statico,15,0.789,0.6877421938646722,0,0,True,0.4852,1.0
bot->ton,46,ogni_batch,15,0.789,0.8346346172117916,15,480,True,0.4852,1.0
bot->ton,46,su_innesco,15,0.789,0.8222772370869618,11,352,True,0.4852,1.0
bot->ton,46,oracolo,15,0.789,0.9326495446635344,15,480,True,0.4852,1.0
bot->ton,46,stat_13x13,15,0.789,0.7295666144002315,15,480,True,0.4852,1.0
bot->ton,46,martingala,15,0.789,0.8697528666135188,9,288,True,0.4852,1.0
bot->ton,46,stat_13x13_adaptive,15,0.789,0.763155922979903,15,480,True,0.4852,1.0
bot->ton,46,statico,16,0.842,0.6771422812028391,0,0,True,0.51935,1.0
bot->ton,46,ogni_batch,16,0.842,0.8536290547886478,16,512,True,0.51935,1.0
bot->ton,46,su_innesco,16,0.842,0.834378917416752,12,384,True,0.51935,1.0
bot->ton,46,oracolo,16,0.842,0.9373070811234603,16,512,True,0.51935,1.0
bot->ton,46,stat_13x13,16,0.842,0.7385222429717331,16,512,True,0.51935,1.0
bot->ton,46,martingala,16,0.842,0.8666900338788035,9,288,True,0.51935,1.0
bot->ton,46,stat_13x13_adaptive,16,0.842,0.7567344175920216,16,512,True,0.51935,1.0
bot->ton,46,statico,17,0.895,0.6663245461758267,0,0,True,0.5459,1.0
bot->ton,46,ogni_batch,17,0.895,0.8560175325566274,17,544,True,0.5459,1.0
bot->ton,46,su_innesco,17,0.895,0.8543817969230035,13,416,True,0.5459,1.0
bot->ton,46,oracolo,17,0.895,0.9347759364318056,17,544,True,0.5459,1.0
bot->ton,46,stat_13x13,17,0.895,0.7605527915481027,17,544,True,0.5459,1.0
bot->ton,46,martingala,17,0.895,0.858753452523698,9,288,True,0.5459,1.0
bot->ton,46,stat_13x13_adaptive,17,0.895,0.7620759286766767,17,544,True,0.5459,1.0
bot->ton,46,statico,18,0.947,0.6473042980296484,0,0,True,0.5728,1.0
bot->ton,46,ogni_batch,18,0.947,0.813538667435889,18,576,True,0.5728,1.0
bot->ton,46,su_innesco,18,0.947,0.9306311561290661,14,448,True,0.5728,1.0
bot->ton,46,oracolo,18,0.947,0.9446851812231699,18,576,True,0.5728,1.0
bot->ton,46,stat_13x13,18,0.947,0.8207796820287601,18,576,True,0.5728,1.0
bot->ton,46,martingala,18,0.947,0.8557192636612356,9,288,True,0.5728,1.0
bot->ton,46,stat_13x13_adaptive,18,0.947,0.7762981247367773,18,576,True,0.5728,1.0
bot->ton,46,statico,19,1.0,0.6298129822364684,0,0,True,0.6079,1.0
bot->ton,46,ogni_batch,19,1.0,0.9203827119520989,19,608,True,0.6079,1.0
bot->ton,46,su_innesco,19,1.0,0.9403596619479468,15,480,True,0.6079,1.0
bot->ton,46,oracolo,19,1.0,0.9424210901787458,19,608,True,0.6079,1.0
bot->ton,46,stat_13x13,19,1.0,0.8389312792689021,19,608,True,0.6079,1.0
bot->ton,46,martingala,19,1.0,0.8493623870398742,9,288,True,0.6079,1.0
bot->ton,46,stat_13x13_adaptive,19,1.0,0.7499732283834604,19,608,True,0.6079,1.0
bot->ton,47,statico,0,0.0,0.98825,0,0,False,0.03945,1.0
bot->ton,47,ogni_batch,0,0.0,0.98825,0,0,False,0.03945,1.0
bot->ton,47,su_innesco,0,0.0,0.98825,0,0,False,0.03945,1.0
bot->ton,47,oracolo,0,0.0,0.98825,0,0,False,0.03945,1.0
bot->ton,47,stat_13x13,0,0.0,0.98825,0,0,False,0.03945,1.0
bot->ton,47,martingala,0,0.0,0.98825,0,0,False,0.03945,1.0
bot->ton,47,stat_13x13_adaptive,0,0.0,0.98825,0,0,False,0.03945,1.0
bot->ton,47,statico,1,0.053,0.948379746835443,0,0,False,0.0569,1.0
bot->ton,47,ogni_batch,1,0.053,0.948379746835443,1,32,False,0.0569,1.0
bot->ton,47,su_innesco,1,0.053,0.948379746835443,0,0,False,0.0569,1.0
bot->ton,47,oracolo,1,0.053,0.948379746835443,1,32,False,0.0569,1.0
bot->ton,47,stat_13x13,1,0.053,0.499873417721519,1,32,False,0.0569,1.0
bot->ton,47,martingala,1,0.053,0.948379746835443,1,32,False,0.0569,1.0
bot->ton,47,stat_13x13_adaptive,1,0.053,0.4998481012658228,1,32,False,0.0569,1.0
bot->ton,47,statico,2,0.105,0.9386981831541117,0,0,False,0.07245,1.0
bot->ton,47,ogni_batch,2,0.105,0.9386981831541117,2,64,False,0.07245,1.0
bot->ton,47,su_innesco,2,0.105,0.9386981831541117,0,0,False,0.07245,1.0
bot->ton,47,oracolo,2,0.105,0.9248177202708897,2,64,False,0.07245,1.0
bot->ton,47,stat_13x13,2,0.105,0.5175892782492909,2,64,False,0.07245,1.0
bot->ton,47,martingala,2,0.105,0.9386981831541117,2,64,False,0.07245,1.0
bot->ton,47,stat_13x13_adaptive,2,0.105,0.5269454394338713,2,64,False,0.07245,1.0
bot->ton,47,statico,3,0.158,0.9187471798197897,0,0,False,0.09045,1.0
bot->ton,47,ogni_batch,3,0.158,0.9187471798197897,3,96,False,0.09045,1.0
bot->ton,47,su_innesco,3,0.158,0.9187471798197897,0,0,False,0.09045,1.0
bot->ton,47,oracolo,3,0.158,0.9219531234710385,3,96,False,0.09045,1.0
bot->ton,47,stat_13x13,3,0.158,0.5730631684533436,3,96,False,0.09045,1.0
bot->ton,47,martingala,3,0.158,0.9187471798197897,3,96,False,0.09045,1.0
bot->ton,47,stat_13x13_adaptive,3,0.158,0.5630369712704779,3,96,False,0.09045,1.0
bot->ton,47,statico,4,0.211,0.8978858697936508,0,0,False,0.10765,1.0
bot->ton,47,ogni_batch,4,0.211,0.8978858697936508,4,128,False,0.10765,1.0
bot->ton,47,su_innesco,4,0.211,0.8978858697936508,0,0,False,0.10765,1.0
bot->ton,47,oracolo,4,0.211,0.9023175505231618,4,128,False,0.10765,1.0
bot->ton,47,stat_13x13,4,0.211,0.5579039419056578,4,128,False,0.10765,1.0
bot->ton,47,martingala,4,0.211,0.8978858697936508,4,128,False,0.10765,1.0
bot->ton,47,stat_13x13_adaptive,4,0.211,0.5918297466840466,4,128,False,0.10765,1.0
bot->ton,47,statico,5,0.263,0.8836782984398817,0,0,False,0.12645,1.0
bot->ton,47,ogni_batch,5,0.263,0.604704171523357,5,160,False,0.12645,1.0
bot->ton,47,su_innesco,5,0.263,0.8836782984398817,0,0,False,0.12645,1.0
bot->ton,47,oracolo,5,0.263,0.891446667936878,5,160,False,0.12645,1.0
bot->ton,47,stat_13x13,5,0.263,0.6455984376400968,5,160,False,0.12645,1.0
bot->ton,47,martingala,5,0.263,0.604704171523357,5,160,False,0.12645,1.0
bot->ton,47,stat_13x13_adaptive,5,0.263,0.5634267405630772,5,160,False,0.12645,1.0
bot->ton,47,statico,6,0.316,0.8617891450010202,0,0,True,0.13705,1.0
bot->ton,47,ogni_batch,6,0.316,0.597311536319042,6,192,True,0.13705,1.0
bot->ton,47,su_innesco,6,0.316,0.8617891450010202,0,0,True,0.13705,1.0
bot->ton,47,oracolo,6,0.316,0.8738945309928876,6,192,True,0.13705,1.0
bot->ton,47,stat_13x13,6,0.316,0.628700151745589,6,192,True,0.13705,1.0
bot->ton,47,martingala,6,0.316,0.597311536319042,6,192,True,0.13705,1.0
bot->ton,47,stat_13x13_adaptive,6,0.316,0.5641343877364652,6,192,True,0.13705,1.0
bot->ton,47,statico,7,0.368,0.85016357084326,0,0,True,0.1604,1.0
bot->ton,47,ogni_batch,7,0.368,0.838140006517523,7,224,True,0.1604,1.0
bot->ton,47,su_innesco,7,0.368,0.8561682343524082,1,32,True,0.1604,1.0
bot->ton,47,oracolo,7,0.368,0.8650058056575896,7,224,True,0.1604,1.0
bot->ton,47,stat_13x13,7,0.368,0.6403422015939457,7,224,True,0.1604,1.0
bot->ton,47,martingala,7,0.368,0.838140006517523,7,224,True,0.1604,1.0
bot->ton,47,stat_13x13_adaptive,7,0.368,0.566211547405488,7,224,True,0.1604,1.0
bot->ton,47,statico,8,0.421,0.8318284131693048,0,0,True,0.17425,1.0
bot->ton,47,ogni_batch,8,0.421,0.8345629421405307,8,256,True,0.17425,1.0
bot->ton,47,su_innesco,8,0.421,0.8460108378455007,2,64,True,0.17425,1.0
bot->ton,47,oracolo,8,0.421,0.8622518307989129,8,256,True,0.17425,1.0
bot->ton,47,stat_13x13,8,0.421,0.7473374323174906,8,256,True,0.17425,1.0
bot->ton,47,martingala,8,0.421,0.8345629421405307,8,256,True,0.17425,1.0
bot->ton,47,stat_13x13_adaptive,8,0.421,0.6898198331362502,8,256,True,0.17425,1.0
bot->ton,47,statico,9,0.474,0.810453883571198,0,0,True,0.19625,1.0
bot->ton,47,ogni_batch,9,0.474,0.8144360279283133,9,288,True,0.19625,1.0
bot->ton,47,su_innesco,9,0.474,0.8046280598326216,3,96,True,0.19625,1.0
bot->ton,47,oracolo,9,0.474,0.8990263782712832,9,288,True,0.19625,1.0
bot->ton,47,stat_13x13,9,0.474,0.7554788580578148,9,288,True,0.19625,1.0
bot->ton,47,martingala,9,0.474,0.8144360279283133,9,288,True,0.19625,1.0
bot->ton,47,stat_13x13_adaptive,9,0.474,0.6932234474293666,9,288,True,0.19625,1.0
bot->ton,47,statico,10,0.526,0.7875179568312431,0,0,True,0.20845,1.0
bot->ton,47,ogni_batch,10,0.526,0.7648608053778716,10,320,True,0.20845,1.0
bot->ton,47,su_innesco,10,0.526,0.7935295151694395,4,128,True,0.20845,1.0
bot->ton,47,oracolo,10,0.526,0.8849241557719649,10,320,True,0.20845,1.0
bot->ton,47,stat_13x13,10,0.526,0.750877227124461,10,320,True,0.20845,1.0
bot->ton,47,martingala,10,0.526,0.7648608053778716,10,320,True,0.20845,1.0
bot->ton,47,stat_13x13_adaptive,10,0.526,0.6950122836923055,10,320,True,0.20845,1.0
bot->ton,47,statico,11,0.579,0.7699230589198436,0,0,True,0.22555,1.0
bot->ton,47,ogni_batch,11,0.579,0.8465002823207626,11,352,True,0.22555,1.0
bot->ton,47,su_innesco,11,0.579,0.8572292987529067,5,160,True,0.22555,1.0
bot->ton,47,oracolo,11,0.579,0.8838093641382807,11,352,True,0.22555,1.0
bot->ton,47,stat_13x13,11,0.579,0.7662111026053137,11,352,True,0.22555,1.0
bot->ton,47,martingala,11,0.579,0.766133693271354,10,320,True,0.22555,1.0
bot->ton,47,stat_13x13_adaptive,11,0.579,0.7047092011278233,11,352,True,0.22555,1.0
bot->ton,47,statico,12,0.632,0.748908922846512,0,0,True,0.2483,1.0
bot->ton,47,ogni_batch,12,0.632,0.8659137356765654,12,384,True,0.2483,1.0
bot->ton,47,su_innesco,12,0.632,0.8556145133737392,6,192,True,0.2483,1.0
bot->ton,47,oracolo,12,0.632,0.8818093354862362,12,384,True,0.2483,1.0
bot->ton,47,stat_13x13,12,0.632,0.7561445487094283,12,384,True,0.2483,1.0
bot->ton,47,martingala,12,0.632,0.7661502819834789,10,320,True,0.2483,1.0
bot->ton,47,stat_13x13_adaptive,12,0.632,0.661080429644537,12,384,True,0.2483,1.0
bot->ton,47,statico,13,0.684,0.7277582958583884,0,0,True,0.26025,1.0
bot->ton,47,ogni_batch,13,0.684,0.8558754272493492,13,416,True,0.26025,1.0
bot->ton,47,su_innesco,13,0.684,0.848377778632738,7,224,True,0.26025,1.0
bot->ton,47,oracolo,13,0.684,0.8767445924011333,13,416,True,0.26025,1.0
bot->ton,47,stat_13x13,13,0.684,0.794217411225258,13,416,True,0.26025,1.0
bot->ton,47,martingala,13,0.684,0.7654795641685022,10,320,True,0.26025,1.0
bot->ton,47,stat_13x13_adaptive,13,0.684,0.7111341901783146,13,416,True,0.26025,1.0
bot->ton,47,statico,14,0.737,0.7043314948042704,0,0,True,0.27895,1.0
bot->ton,47,ogni_batch,14,0.737,0.8579217396741479,14,448,True,0.27895,1.0
bot->ton,47,su_innesco,14,0.737,0.8542288427462454,8,256,True,0.27895,1.0
bot->ton,47,oracolo,14,0.737,0.9129095649017129,14,448,True,0.27895,1.0
bot->ton,47,stat_13x13,14,0.737,0.7968160615253321,14,448,True,0.27895,1.0
bot->ton,47,martingala,14,0.737,0.7743790648438896,10,320,True,0.27895,1.0
bot->ton,47,stat_13x13_adaptive,14,0.737,0.707114126130543,14,448,True,0.27895,1.0
bot->ton,47,statico,15,0.789,0.6835675355149696,0,0,True,0.2993,1.0
bot->ton,47,ogni_batch,15,0.789,0.8700829289043596,15,480,True,0.2993,1.0
bot->ton,47,su_innesco,15,0.789,0.8586102308228727,9,288,True,0.2993,1.0
bot->ton,47,oracolo,15,0.789,0.9072712386026294,15,480,True,0.2993,1.0
bot->ton,47,stat_13x13,15,0.789,0.8055865464142803,15,480,True,0.2993,1.0
bot->ton,47,martingala,15,0.789,0.7696125840027843,10,320,True,0.2993,1.0
bot->ton,47,stat_13x13_adaptive,15,0.789,0.7076010746701119,15,480,True,0.2993,1.0
bot->ton,47,statico,16,0.842,0.6602225565573927,0,0,True,0.3114,1.0
bot->ton,47,ogni_batch,16,0.842,0.8648589658076773,16,512,True,0.3114,1.0
bot->ton,47,su_innesco,16,0.842,0.8624464070569926,10,320,True,0.3114,1.0
bot->ton,47,oracolo,16,0.842,0.9050020330516104,16,512,True,0.3114,1.0
bot->ton,47,stat_13x13,16,0.842,0.8293773328766478,16,512,True,0.3114,1.0
bot->ton,47,martingala,16,0.842,0.7691454247825987,10,320,True,0.3114,1.0
bot->ton,47,stat_13x13_adaptive,16,0.842,0.7147912141123827,16,512,True,0.3114,1.0
bot->ton,47,statico,17,0.895,0.6364380003437407,0,0,True,0.33055,1.0
bot->ton,47,ogni_batch,17,0.895,0.8729246655292482,17,544,True,0.33055,1.0
bot->ton,47,su_innesco,17,0.895,0.8732211133006691,11,352,True,0.33055,1.0
bot->ton,47,oracolo,17,0.895,0.8986079644948631,17,544,True,0.33055,1.0
bot->ton,47,stat_13x13,17,0.895,0.8331260853841226,17,544,True,0.33055,1.0
bot->ton,47,martingala,17,0.895,0.7724108074819622,10,320,True,0.33055,1.0
bot->ton,47,stat_13x13_adaptive,17,0.895,0.7354479737781485,17,544,True,0.33055,1.0
bot->ton,47,statico,18,0.947,0.6077326732131922,0,0,True,0.3548,1.0
bot->ton,47,ogni_batch,18,0.947,0.86818556265127,18,576,True,0.3548,1.0
bot->ton,47,su_innesco,18,0.947,0.8696128309713352,12,384,True,0.3548,1.0
bot->ton,47,oracolo,18,0.947,0.9109350395853382,18,576,True,0.3548,1.0
bot->ton,47,stat_13x13,18,0.947,0.8357208468200508,18,576,True,0.3548,1.0
bot->ton,47,martingala,18,0.947,0.7730987373516461,10,320,True,0.3548,1.0
bot->ton,47,stat_13x13_adaptive,18,0.947,0.717776541495349,18,576,True,0.3548,1.0
bot->ton,47,statico,19,1.0,0.5827820300585431,0,0,True,0.36765,1.0
bot->ton,47,ogni_batch,19,1.0,0.8651030432232221,19,608,True,0.36765,1.0
bot->ton,47,su_innesco,19,1.0,0.8699430529313779,13,416,True,0.36765,1.0
bot->ton,47,oracolo,19,1.0,0.9143381504332289,19,608,True,0.36765,1.0
bot->ton,47,stat_13x13,19,1.0,0.837545418003125,19,608,True,0.36765,1.0
bot->ton,47,martingala,19,1.0,0.7776052138754325,10,320,True,0.36765,1.0
bot->ton,47,stat_13x13_adaptive,19,1.0,0.8336089306737717,19,608,True,0.36765,1.0
bot->ton,48,statico,0,0.0,0.9905,0,0,False,0.04045,1.0
bot->ton,48,ogni_batch,0,0.0,0.9905,0,0,False,0.04045,1.0
bot->ton,48,su_innesco,0,0.0,0.9905,0,0,False,0.04045,1.0
bot->ton,48,oracolo,0,0.0,0.9905,0,0,False,0.04045,1.0
bot->ton,48,stat_13x13,0,0.0,0.9905,0,0,False,0.04045,1.0
bot->ton,48,martingala,0,0.0,0.9905,0,0,False,0.04045,1.0
bot->ton,48,stat_13x13_adaptive,0,0.0,0.9905,0,0,False,0.04045,1.0
bot->ton,48,statico,1,0.053,0.8944278522519356,0,0,False,0.07205,1.0
bot->ton,48,ogni_batch,1,0.053,0.8944278522519356,1,32,False,0.07205,1.0
bot->ton,48,su_innesco,1,0.053,0.8944278522519356,0,0,False,0.07205,1.0
bot->ton,48,oracolo,1,0.053,0.8944278522519356,1,32,False,0.07205,1.0
bot->ton,48,stat_13x13,1,0.053,0.5,1,32,False,0.07205,1.0
bot->ton,48,martingala,1,0.053,0.8944278522519356,1,32,False,0.07205,1.0
bot->ton,48,stat_13x13_adaptive,1,0.053,0.5,1,32,False,0.07205,1.0
bot->ton,48,statico,2,0.105,0.8490951550028694,0,0,False,0.10745,1.0
bot->ton,48,ogni_batch,2,0.105,0.8490951550028694,2,64,False,0.10745,1.0
bot->ton,48,su_innesco,2,0.105,0.8490951550028694,0,0,False,0.10745,1.0
bot->ton,48,oracolo,2,0.105,0.9263388676930973,2,64,False,0.10745,1.0
bot->ton,48,stat_13x13,2,0.105,0.7330128852689382,2,64,False,0.10745,1.0
bot->ton,48,martingala,2,0.105,0.8490951550028694,2,64,False,0.10745,1.0
bot->ton,48,stat_13x13_adaptive,2,0.105,0.5475170352848839,2,64,False,0.10745,1.0
bot->ton,48,statico,3,0.158,0.8372578202471597,0,0,False,0.14215,1.0
bot->ton,48,ogni_batch,3,0.158,0.8372578202471597,3,96,False,0.14215,1.0
bot->ton,48,su_innesco,3,0.158,0.8372578202471597,0,0,False,0.14215,1.0
bot->ton,48,oracolo,3,0.158,0.910429087537622,3,96,False,0.14215,1.0
bot->ton,48,stat_13x13,3,0.158,0.5658157298984487,3,96,False,0.14215,1.0
bot->ton,48,martingala,3,0.158,0.8372578202471597,3,96,False,0.14215,1.0
bot->ton,48,stat_13x13_adaptive,3,0.158,0.6191354463845353,3,96,False,0.14215,1.0
bot->ton,48,statico,4,0.211,0.8412548096247425,0,0,True,0.174,1.0
bot->ton,48,ogni_batch,4,0.211,0.8397010817677621,4,128,True,0.174,1.0
bot->ton,48,su_innesco,4,0.211,0.8412548096247425,0,0,True,0.174,1.0
bot->ton,48,oracolo,4,0.211,0.8997784499166899,4,128,True,0.174,1.0
bot->ton,48,stat_13x13,4,0.211,0.6833579790726285,4,128,True,0.174,1.0
bot->ton,48,martingala,4,0.211,0.8397010817677621,4,128,True,0.174,1.0
bot->ton,48,stat_13x13_adaptive,4,0.211,0.7152024249314903,4,128,True,0.174,1.0
bot->ton,48,statico,5,0.263,0.8392966160293687,0,0,True,0.20575,1.0
bot->ton,48,ogni_batch,5,0.263,0.8495461710071874,5,160,True,0.20575,1.0
bot->ton,48,su_innesco,5,0.263,0.7909242796486958,1,32,True,0.20575,1.0
bot->ton,48,oracolo,5,0.263,0.8975701172302466,5,160,True,0.20575,1.0
bot->ton,48,stat_13x13,5,0.263,0.778532356686581,5,160,True,0.20575,1.0
bot->ton,48,martingala,5,0.263,0.830560412588949,4,128,True,0.20575,1.0
bot->ton,48,stat_13x13_adaptive,5,0.263,0.8245976904396185,5,160,True,0.20575,1.0
bot->ton,48,statico,6,0.316,0.8283576868184901,0,0,True,0.24115,1.0
bot->ton,48,ogni_batch,6,0.316,0.8228156530100974,6,192,True,0.24115,1.0
bot->ton,48,su_innesco,6,0.316,0.7821222166478137,2,64,True,0.24115,1.0
bot->ton,48,oracolo,6,0.316,0.9069647791445405,6,192,True,0.24115,1.0
bot->ton,48,stat_13x13,6,0.316,0.7237813688394007,6,192,True,0.24115,1.0
bot->ton,48,martingala,6,0.316,0.8390831239212271,4,128,True,0.24115,1.0
bot->ton,48,stat_13x13_adaptive,6,0.316,0.8284753477947632,6,192,True,0.24115,1.0
bot->ton,48,statico,7,0.368,0.8125697451095606,0,0,True,0.2748,1.0
bot->ton,48,ogni_batch,7,0.368,0.8538370813074886,7,224,True,0.2748,1.0
bot->ton,48,su_innesco,7,0.368,0.7801704584287361,3,96,True,0.2748,1.0
bot->ton,48,oracolo,7,0.368,0.8871381331751172,7,224,True,0.2748,1.0
bot->ton,48,stat_13x13,7,0.368,0.7313988663103121,7,224,True,0.2748,1.0
bot->ton,48,martingala,7,0.368,0.8408897610444827,4,128,True,0.2748,1.0
bot->ton,48,stat_13x13_adaptive,7,0.368,0.8090193449861918,7,224,True,0.2748,1.0
bot->ton,48,statico,8,0.421,0.8017639105329226,0,0,True,0.30915,1.0
bot->ton,48,ogni_batch,8,0.421,0.863896132918892,8,256,True,0.30915,1.0
bot->ton,48,su_innesco,8,0.421,0.864543571027822,4,128,True,0.30915,1.0
bot->ton,48,oracolo,8,0.421,0.8986059312502677,8,256,True,0.30915,1.0
bot->ton,48,stat_13x13,8,0.421,0.7309586647947786,8,256,True,0.30915,1.0
bot->ton,48,martingala,8,0.421,0.8435887271239753,4,128,True,0.30915,1.0
bot->ton,48,stat_13x13_adaptive,8,0.421,0.8153481951264587,8,256,True,0.30915,1.0
bot->ton,48,statico,9,0.474,0.804547185637064,0,0,True,0.34235,1.0
bot->ton,48,ogni_batch,9,0.474,0.8715898378971865,9,288,True,0.34235,1.0
bot->ton,48,su_innesco,9,0.474,0.8674985808148822,5,160,True,0.34235,1.0
bot->ton,48,oracolo,9,0.474,0.9049624758067851,9,288,True,0.34235,1.0
bot->ton,48,stat_13x13,9,0.474,0.7254752140454794,9,288,True,0.34235,1.0
bot->ton,48,martingala,9,0.474,0.8450254884565016,4,128,True,0.34235,1.0
bot->ton,48,stat_13x13_adaptive,9,0.474,0.8007261129130532,9,288,True,0.34235,1.0
bot->ton,48,statico,10,0.526,0.7914328285738155,0,0,True,0.3682,1.0
bot->ton,48,ogni_batch,10,0.526,0.8789107446287423,10,320,True,0.3682,1.0
bot->ton,48,su_innesco,10,0.526,0.8477448265308234,6,192,True,0.3682,1.0
bot->ton,48,oracolo,10,0.526,0.9004267138326078,10,320,True,0.3682,1.0
bot->ton,48,stat_13x13,10,0.526,0.7416259579034101,10,320,True,0.3682,1.0
bot->ton,48,martingala,10,0.526,0.835869185572414,4,128,True,0.3682,1.0
bot->ton,48,stat_13x13_adaptive,10,0.526,0.8257717034853349,10,320,True,0.3682,1.0
bot->ton,48,statico,11,0.579,0.7842481340581737,0,0,True,0.40885,1.0
bot->ton,48,ogni_batch,11,0.579,0.8754808783145119,11,352,True,0.40885,1.0
bot->ton,48,su_innesco,11,0.579,0.8489877602627225,7,224,True,0.40885,1.0
bot->ton,48,oracolo,11,0.579,0.9119987597129535,11,352,True,0.40885,1.0
bot->ton,48,stat_13x13,11,0.579,0.7350214650716921,11,352,True,0.40885,1.0
bot->ton,48,martingala,11,0.579,0.8324813778887039,4,128,True,0.40885,1.0
bot->ton,48,stat_13x13_adaptive,11,0.579,0.8231636239444249,11,352,True,0.40885,1.0
bot->ton,48,statico,12,0.632,0.7779778910394873,0,0,True,0.44255,1.0
bot->ton,48,ogni_batch,12,0.632,0.8762388948124011,12,384,True,0.44255,1.0
bot->ton,48,su_innesco,12,0.632,0.8711469110141461,8,256,True,0.44255,1.0
bot->ton,48,oracolo,12,0.632,0.9133131518509758,12,384,True,0.44255,1.0
bot->ton,48,stat_13x13,12,0.632,0.7338890250937237,12,384,True,0.44255,1.0
bot->ton,48,martingala,12,0.632,0.8351740557989268,4,128,True,0.44255,1.0
bot->ton,48,stat_13x13_adaptive,12,0.632,0.8262070444501483,12,384,True,0.44255,1.0
bot->ton,48,statico,13,0.684,0.7687160928681247,0,0,True,0.4766,1.0
bot->ton,48,ogni_batch,13,0.684,0.8692995987031831,13,416,True,0.4766,1.0
bot->ton,48,su_innesco,13,0.684,0.8668225640072778,9,288,True,0.4766,1.0
bot->ton,48,oracolo,13,0.684,0.9184448730343382,13,416,True,0.4766,1.0
bot->ton,48,stat_13x13,13,0.684,0.7214883439156972,13,416,True,0.4766,1.0
bot->ton,48,martingala,13,0.684,0.8250314575106048,4,128,True,0.4766,1.0
bot->ton,48,stat_13x13_adaptive,13,0.684,0.8149771882334207,13,416,True,0.4766,1.0
bot->ton,48,statico,14,0.737,0.7534759605638586,0,0,True,0.50835,1.0
bot->ton,48,ogni_batch,14,0.737,0.8738897557462642,14,448,True,0.50835,1.0
bot->ton,48,su_innesco,14,0.737,0.8695669037971764,10,320,True,0.50835,1.0
bot->ton,48,oracolo,14,0.737,0.9090765751875551,14,448,True,0.50835,1.0
bot->ton,48,stat_13x13,14,0.737,0.736705105077034,14,448,True,0.50835,1.0
bot->ton,48,martingala,14,0.737,0.8364209826622686,4,128,True,0.50835,1.0
bot->ton,48,stat_13x13_adaptive,14,0.737,0.8269829385506287,14,448,True,0.50835,1.0
bot->ton,48,statico,15,0.789,0.7439351781748436,0,0,True,0.54025,1.0
bot->ton,48,ogni_batch,15,0.789,0.8797850839558516,15,480,True,0.54025,1.0
bot->ton,48,su_innesco,15,0.789,0.8741343104347534,11,352,True,0.54025,1.0
bot->ton,48,oracolo,15,0.789,0.9121965223097113,15,480,True,0.54025,1.0
bot->ton,48,stat_13x13,15,0.789,0.74355924860354,15,480,True,0.54025,1.0
bot->ton,48,martingala,15,0.789,0.8338959132512282,4,128,True,0.54025,1.0
bot->ton,48,stat_13x13_adaptive,15,0.789,0.8271828100814321,15,480,True,0.54025,1.0
bot->ton,48,statico,16,0.842,0.7370883770625847,0,0,True,0.5769,1.0
bot->ton,48,ogni_batch,16,0.842,0.941153572360197,16,512,True,0.5769,1.0
bot->ton,48,su_innesco,16,0.842,0.8747601777387952,12,384,True,0.5769,1.0
bot->ton,48,oracolo,16,0.842,0.9250569783285154,16,512,True,0.5769,1.0
bot->ton,48,stat_13x13,16,0.842,0.7357606072974908,16,512,True,0.5769,1.0
bot->ton,48,martingala,16,0.842,0.8365618012555391,4,128,True,0.5769,1.0
bot->ton,48,stat_13x13_adaptive,16,0.842,0.823649014628584,16,512,True,0.5769,1.0
bot->ton,48,statico,17,0.895,0.7252815127391248,0,0,True,0.616,1.0
bot->ton,48,ogni_batch,17,0.895,0.9362097507744584,17,544,True,0.616,1.0
bot->ton,48,su_innesco,17,0.895,0.8704081649791457,13,416,True,0.616,1.0
bot->ton,48,oracolo,17,0.895,0.9291638344037347,17,544,True,0.616,1.0
bot->ton,48,stat_13x13,17,0.895,0.7309810194994855,17,544,True,0.616,1.0
bot->ton,48,martingala,17,0.895,0.829794624246986,4,128,True,0.616,1.0
bot->ton,48,stat_13x13_adaptive,17,0.895,0.8203914713235028,17,544,True,0.616,1.0
bot->ton,48,statico,18,0.947,0.7085333825873023,0,0,True,0.64245,1.0
bot->ton,48,ogni_batch,18,0.947,0.9237308453167787,18,576,True,0.64245,1.0
bot->ton,48,su_innesco,18,0.947,0.9339814676470406,14,448,True,0.64245,1.0
bot->ton,48,oracolo,18,0.947,0.9254508970628188,18,576,True,0.64245,1.0
bot->ton,48,stat_13x13,18,0.947,0.7374723210994785,18,576,True,0.64245,1.0
bot->ton,48,martingala,18,0.947,0.8234484945783846,4,128,True,0.64245,1.0
bot->ton,48,stat_13x13_adaptive,18,0.947,0.8202493551290786,18,576,True,0.64245,1.0
bot->ton,48,statico,19,1.0,0.703609766914979,0,0,True,0.66635,1.0
bot->ton,48,ogni_batch,19,1.0,0.9298520983024905,19,608,True,0.66635,1.0
bot->ton,48,su_innesco,19,1.0,0.9390104635045369,15,480,True,0.66635,1.0
bot->ton,48,oracolo,19,1.0,0.9310520492287517,19,608,True,0.66635,1.0
bot->ton,48,stat_13x13,19,1.0,0.7330717874749646,19,608,True,0.66635,1.0
bot->ton,48,martingala,19,1.0,0.8227701474788848,4,128,True,0.66635,1.0
bot->ton,48,stat_13x13_adaptive,19,1.0,0.8149330653725264,19,608,True,0.66635,1.0
bot->ton,49,statico,0,0.0,0.98895,0,0,False,0.04195,1.0
bot->ton,49,ogni_batch,0,0.0,0.98895,0,0,False,0.04195,1.0
bot->ton,49,su_innesco,0,0.0,0.98895,0,0,False,0.04195,1.0
bot->ton,49,oracolo,0,0.0,0.98895,0,0,False,0.04195,1.0
bot->ton,49,stat_13x13,0,0.0,0.98895,0,0,False,0.04195,1.0
bot->ton,49,martingala,0,0.0,0.98895,0,0,False,0.04195,1.0
bot->ton,49,stat_13x13_adaptive,0,0.0,0.98895,0,0,False,0.04195,1.0
bot->ton,49,statico,1,0.053,0.9617172404036897,0,0,False,0.068,1.0
bot->ton,49,ogni_batch,1,0.053,0.9617172404036897,1,32,False,0.068,1.0
bot->ton,49,su_innesco,1,0.053,0.9617172404036897,0,0,False,0.068,1.0
bot->ton,49,oracolo,1,0.053,0.9617172404036897,1,32,False,0.068,1.0
bot->ton,49,stat_13x13,1,0.053,0.5190563802321955,1,32,False,0.068,1.0
bot->ton,49,martingala,1,0.053,0.9617172404036897,1,32,False,0.068,1.0
bot->ton,49,stat_13x13_adaptive,1,0.053,0.5143494539129541,1,32,False,0.068,1.0
bot->ton,49,statico,2,0.105,0.9556370181754325,0,0,False,0.0938,1.0
bot->ton,49,ogni_batch,2,0.105,0.9556370181754325,2,64,False,0.0938,1.0
bot->ton,49,su_innesco,2,0.105,0.9556370181754325,0,0,False,0.0938,1.0
bot->ton,49,oracolo,2,0.105,0.9425770308123249,2,64,False,0.0938,1.0
bot->ton,49,stat_13x13,2,0.105,0.5749652657621132,2,64,False,0.0938,1.0
bot->ton,49,martingala,2,0.105,0.9556370181754325,2,64,False,0.0938,1.0
bot->ton,49,stat_13x13_adaptive,2,0.105,0.5,2,64,False,0.0938,1.0
bot->ton,49,statico,3,0.158,0.937331963750798,0,0,False,0.12655,1.0
bot->ton,49,ogni_batch,3,0.158,0.7364355410109102,3,96,False,0.12655,1.0
bot->ton,49,su_innesco,3,0.158,0.937331963750798,0,0,False,0.12655,1.0
bot->ton,49,oracolo,3,0.158,0.9183496530448263,3,96,False,0.12655,1.0
bot->ton,49,stat_13x13,3,0.158,0.6775985505825027,3,96,False,0.12655,1.0
bot->ton,49,martingala,3,0.158,0.7364355410109102,3,96,False,0.12655,1.0
bot->ton,49,stat_13x13_adaptive,3,0.158,0.5247106412777723,3,96,False,0.12655,1.0
bot->ton,49,statico,4,0.211,0.9265446593561677,0,0,True,0.15405,1.0
bot->ton,49,ogni_batch,4,0.211,0.7455655681208455,4,128,True,0.15405,1.0
bot->ton,49,su_innesco,4,0.211,0.9265446593561677,0,0,True,0.15405,1.0
bot->ton,49,oracolo,4,0.211,0.9069570541960186,4,128,True,0.15405,1.0
bot->ton,49,stat_13x13,4,0.211,0.7230233086861357,4,128,True,0.15405,1.0
bot->ton,49,martingala,4,0.211,0.7455655681208455,4,128,True,0.15405,1.0
bot->ton,49,stat_13x13_adaptive,4,0.211,0.6243705941591138,4,128,True,0.15405,1.0
bot->ton,49,statico,5,0.263,0.9056009566866335,0,0,True,0.17875,1.0
bot->ton,49,ogni_batch,5,0.263,0.8226642750924114,5,160,True,0.17875,1.0
bot->ton,49,su_innesco,5,0.263,0.8110888262634,1,32,True,0.17875,1.0
bot->ton,49,oracolo,5,0.263,0.9126453634775988,5,160,True,0.17875,1.0
bot->ton,49,stat_13x13,5,0.263,0.827120786811306,5,160,True,0.17875,1.0
bot->ton,49,martingala,5,0.263,0.8226642750924114,5,160,True,0.17875,1.0
bot->ton,49,stat_13x13_adaptive,5,0.263,0.7245024007046286,5,160,True,0.17875,1.0
bot->ton,49,statico,6,0.316,0.9067428293688047,0,0,True,0.20815,1.0
bot->ton,49,ogni_batch,6,0.316,0.8309723709866499,6,192,True,0.20815,1.0
bot->ton,49,su_innesco,6,0.316,0.8107693337739684,2,64,True,0.20815,1.0
bot->ton,49,oracolo,6,0.316,0.910111092678619,6,192,True,0.20815,1.0
bot->ton,49,stat_13x13,6,0.316,0.7476517352333565,6,192,True,0.20815,1.0
bot->ton,49,martingala,6,0.316,0.8309723709866499,6,192,True,0.20815,1.0
bot->ton,49,stat_13x13_adaptive,6,0.316,0.7473307820890263,6,192,True,0.20815,1.0
bot->ton,49,statico,7,0.368,0.8938230008899626,0,0,True,0.23395,1.0
bot->ton,49,ogni_batch,7,0.368,0.8663327002437767,7,224,True,0.23395,1.0
bot->ton,49,su_innesco,7,0.368,0.8510366352117263,3,96,True,0.23395,1.0
bot->ton,49,oracolo,7,0.368,0.9179758158021325,7,224,True,0.23395,1.0
bot->ton,49,stat_13x13,7,0.368,0.7642628901542261,7,224,True,0.23395,1.0
bot->ton,49,martingala,7,0.368,0.8663327002437767,7,224,True,0.23395,1.0
bot->ton,49,stat_13x13_adaptive,7,0.368,0.7426565147542197,7,224,True,0.23395,1.0
bot->ton,49,statico,8,0.421,0.8719042068422002,0,0,True,0.2619,1.0
bot->ton,49,ogni_batch,8,0.421,0.8769057444309316,8,256,True,0.2619,1.0
bot->ton,49,su_innesco,8,0.421,0.8624589396666342,4,128,True,0.2619,1.0
bot->ton,49,oracolo,8,0.421,0.8705566224838575,8,256,True,0.2619,1.0
bot->ton,49,stat_13x13,8,0.421,0.7668178195054334,8,256,True,0.2619,1.0
bot->ton,49,martingala,8,0.421,0.8769057444309316,8,256,True,0.2619,1.0
bot->ton,49,stat_13x13_adaptive,8,0.421,0.7720473282016647,8,256,True,0.2619,1.0
bot->ton,49,statico,9,0.474,0.8669874893640999,0,0,True,0.2912,1.0
bot->ton,49,ogni_batch,9,0.474,0.8737812541909225,9,288,True,0.2912,1.0
bot->ton,49,su_innesco,9,0.474,0.8592199331749604,5,160,True,0.2912,1.0
bot->ton,49,oracolo,9,0.474,0.8811970224581557,9,288,True,0.2912,1.0
bot->ton,49,stat_13x13,9,0.474,0.768729505688489,9,288,True,0.2912,1.0
bot->ton,49,martingala,9,0.474,0.8737812541909225,9,288,True,0.2912,1.0
bot->ton,49,stat_13x13_adaptive,9,0.474,0.7770288784547528,9,288,True,0.2912,1.0
bot->ton,49,statico,10,0.526,0.8517935806703365,0,0,True,0.31305,1.0
bot->ton,49,ogni_batch,10,0.526,0.8658786369323025,10,320,True,0.31305,1.0
bot->ton,49,su_innesco,10,0.526,0.8532558106900794,6,192,True,0.31305,1.0
bot->ton,49,oracolo,10,0.526,0.9024546268374238,10,320,True,0.31305,1.0
bot->ton,49,stat_13x13,10,0.526,0.7676385122359386,10,320,True,0.31305,1.0
bot->ton,49,martingala,10,0.526,0.8628487970233493,9,288,True,0.31305,1.0
bot->ton,49,stat_13x13_adaptive,10,0.526,0.777515300095602,10,320,True,0.31305,1.0
bot->ton,49,statico,11,0.579,0.8426889409722614,0,0,True,0.34175,1.0
bot->ton,49,ogni_batch,11,0.579,0.8634560975758798,11,352,True,0.34175,1.0
bot->ton,49,su_innesco,11,0.579,0.8566104238232126,7,224,True,0.34175,1.0
bot->ton,49,oracolo,11,0.579,0.8519338442392417,11,352,True,0.34175,1.0
bot->ton,49,stat_13x13,11,0.579,0.7676764328431285,11,352,True,0.34175,1.0
bot->ton,49,martingala,11,0.579,0.8678136225559341,9,288,True,0.34175,1.0
bot->ton,49,stat_13x13_adaptive,11,0.579,0.8371690410138561,11,352,True,0.34175,1.0
bot->ton,49,statico,12,0.632,0.8308320703360581,0,0,True,0.37305,1.0
bot->ton,49,ogni_batch,12,0.632,0.874882193003963,12,384,True,0.37305,1.0
bot->ton,49,su_innesco,12,0.632,0.8675402079020669,8,256,True,0.37305,1.0
bot->ton,49,oracolo,12,0.632,0.8609616446970365,12,384,True,0.37305,1.0
bot->ton,49,stat_13x13,12,0.632,0.773897267884534,12,384,True,0.37305,1.0
bot->ton,49,martingala,12,0.632,0.86736012503698,9,288,True,0.37305,1.0
bot->ton,49,stat_13x13_adaptive,12,0.632,0.8300998725246247,12,384,True,0.37305,1.0
bot->ton,49,statico,13,0.684,0.8161806026634897,0,0,True,0.4042,1.0
bot->ton,49,ogni_batch,13,0.684,0.9325692504421437,13,416,True,0.4042,1.0
bot->ton,49,su_innesco,13,0.684,0.9170926509675255,9,288,True,0.4042,1.0
bot->ton,49,oracolo,13,0.684,0.8577980143102264,13,416,True,0.4042,1.0
bot->ton,49,stat_13x13,13,0.684,0.7689125233092992,13,416,True,0.4042,1.0
bot->ton,49,martingala,13,0.684,0.8627319423663276,9,288,True,0.4042,1.0
bot->ton,49,stat_13x13_adaptive,13,0.684,0.8128644599968349,13,416,True,0.4042,1.0
bot->ton,49,statico,14,0.737,0.7909626194028243,0,0,True,0.42425,1.0
bot->ton,49,ogni_batch,14,0.737,0.9293619928561723,14,448,True,0.42425,1.0
bot->ton,49,su_innesco,14,0.737,0.9132436450326027,10,320,True,0.42425,1.0
bot->ton,49,oracolo,14,0.737,0.8562602308730338,14,448,True,0.42425,1.0
bot->ton,49,stat_13x13,14,0.737,0.763999315546544,14,448,True,0.42425,1.0
bot->ton,49,martingala,14,0.737,0.8529466595469437,9,288,True,0.42425,1.0
bot->ton,49,stat_13x13_adaptive,14,0.737,0.8138616532589069,14,448,True,0.42425,1.0
bot->ton,49,statico,15,0.789,0.786128442029804,0,0,True,0.4607,1.0
bot->ton,49,ogni_batch,15,0.789,0.9189800913956727,15,480,True,0.4607,1.0
bot->ton,49,su_innesco,15,0.789,0.9127742572456401,11,352,True,0.4607,1.0
bot->ton,49,oracolo,15,0.789,0.8668185606199751,15,480,True,0.4607,1.0
bot->ton,49,stat_13x13,15,0.789,0.7647675404383192,15,480,True,0.4607,1.0
bot->ton,49,martingala,15,0.789,0.8580076701961041,9,288,True,0.4607,1.0
bot->ton,49,stat_13x13_adaptive,15,0.789,0.8257811321871584,15,480,True,0.4607,1.0
bot->ton,49,statico,16,0.842,0.7669521138777533,0,0,True,0.4902,1.0
bot->ton,49,ogni_batch,16,0.842,0.9192414946141444,16,512,True,0.4902,1.0
bot->ton,49,su_innesco,16,0.842,0.9080552575612143,12,384,True,0.4902,1.0
bot->ton,49,oracolo,16,0.842,0.8596201983701277,16,512,True,0.4902,1.0
bot->ton,49,stat_13x13,16,0.842,0.76171588278471,16,512,True,0.4902,1.0
bot->ton,49,martingala,16,0.842,0.8528706265409445,9,288,True,0.4902,1.0
bot->ton,49,stat_13x13_adaptive,16,0.842,0.8050205772934586,16,512,True,0.4902,1.0
bot->ton,49,statico,17,0.895,0.7564857613329766,0,0,True,0.5167,1.0
bot->ton,49,ogni_batch,17,0.895,0.910314130070795,17,544,True,0.5167,1.0
bot->ton,49,su_innesco,17,0.895,0.9116610100058931,13,416,True,0.5167,1.0
bot->ton,49,oracolo,17,0.895,0.869552119074096,17,544,True,0.5167,1.0
bot->ton,49,stat_13x13,17,0.895,0.8511451490722947,17,544,True,0.5167,1.0
bot->ton,49,martingala,17,0.895,0.8518174440119659,9,288,True,0.5167,1.0
bot->ton,49,stat_13x13_adaptive,17,0.895,0.8329520836615065,17,544,True,0.5167,1.0
bot->ton,49,statico,18,0.947,0.7330260570304818,0,0,True,0.5393,1.0
bot->ton,49,ogni_batch,18,0.947,0.8984813404678603,18,576,True,0.5393,1.0
bot->ton,49,su_innesco,18,0.947,0.9131760078662734,14,448,True,0.5393,1.0
bot->ton,49,oracolo,18,0.947,0.8626692163453843,18,576,True,0.5393,1.0
bot->ton,49,stat_13x13,18,0.947,0.7675667718552057,18,576,True,0.5393,1.0
bot->ton,49,martingala,18,0.947,0.8454514532025337,9,288,True,0.5393,1.0
bot->ton,49,stat_13x13_adaptive,18,0.947,0.8335394228350599,18,576,True,0.5393,1.0
bot->ton,49,statico,19,1.0,0.7222390915405408,0,0,True,0.57025,1.0
bot->ton,49,ogni_batch,19,1.0,0.8920240018635799,19,608,True,0.57025,1.0
bot->ton,49,su_innesco,19,1.0,0.8352263391183452,15,480,True,0.57025,1.0
bot->ton,49,oracolo,19,1.0,0.8601646315059027,19,608,True,0.57025,1.0
bot->ton,49,stat_13x13,19,1.0,0.7713727090608751,19,608,True,0.57025,1.0
bot->ton,49,martingala,19,1.0,0.8450907824554321,9,288,True,0.57025,1.0
bot->ton,49,stat_13x13_adaptive,19,1.0,0.8368571113035201,19,608,True,0.57025,1.0
bot->ton,50,statico,0,0.0,0.9676,0,0,False,0.0618,1.0
bot->ton,50,ogni_batch,0,0.0,0.9676,0,0,False,0.0618,1.0
bot->ton,50,su_innesco,0,0.0,0.9676,0,0,False,0.0618,1.0
bot->ton,50,oracolo,0,0.0,0.9676,0,0,False,0.0618,1.0
bot->ton,50,stat_13x13,0,0.0,0.9676,0,0,False,0.0618,1.0
bot->ton,50,martingala,0,0.0,0.9676,0,0,False,0.0618,1.0
bot->ton,50,stat_13x13_adaptive,0,0.0,0.9676,0,0,False,0.0618,1.0
bot->ton,50,statico,1,0.053,0.8434488099392421,0,0,False,0.08245,1.0
bot->ton,50,ogni_batch,1,0.053,0.8434488099392421,1,32,False,0.08245,1.0
bot->ton,50,su_innesco,1,0.053,0.8434488099392421,0,0,False,0.08245,1.0
bot->ton,50,oracolo,1,0.053,0.8434488099392421,1,32,False,0.08245,1.0
bot->ton,50,stat_13x13,1,0.053,0.5,1,32,False,0.08245,1.0
bot->ton,50,martingala,1,0.053,0.8434488099392421,1,32,False,0.08245,1.0
bot->ton,50,stat_13x13_adaptive,1,0.053,0.5,1,32,False,0.08245,1.0
bot->ton,50,statico,2,0.105,0.8450417401325123,0,0,False,0.1079,1.0
bot->ton,50,ogni_batch,2,0.105,0.8450417401325123,2,64,False,0.1079,1.0
bot->ton,50,su_innesco,2,0.105,0.8450417401325123,0,0,False,0.1079,1.0
bot->ton,50,oracolo,2,0.105,0.9347869377211441,2,64,False,0.1079,1.0
bot->ton,50,stat_13x13,2,0.105,0.5956205089046577,2,64,False,0.1079,1.0
bot->ton,50,martingala,2,0.105,0.8450417401325123,2,64,False,0.1079,1.0
bot->ton,50,stat_13x13_adaptive,2,0.105,0.5893061529267516,2,64,False,0.1079,1.0
bot->ton,50,statico,3,0.158,0.8111300809049955,0,0,False,0.131,1.0
bot->ton,50,ogni_batch,3,0.158,0.8111300809049955,3,96,False,0.131,1.0
bot->ton,50,su_innesco,3,0.158,0.8111300809049955,0,0,False,0.131,1.0
bot->ton,50,oracolo,3,0.158,0.9179756132583315,3,96,False,0.131,1.0
bot->ton,50,stat_13x13,3,0.158,0.5070644735841112,3,96,False,0.131,1.0
bot->ton,50,martingala,3,0.158,0.8111300809049955,3,96,False,0.131,1.0
bot->ton,50,stat_13x13_adaptive,3,0.158,0.6115996671852261,3,96,False,0.131,1.0
bot->ton,50,statico,4,0.211,0.8004617442085826,0,0,True,0.15145,1.0
bot->ton,50,ogni_batch,4,0.211,0.48955516264827337,4,128,True,0.15145,1.0
bot->ton,50,su_innesco,4,0.211,0.8004617442085826,0,0,True,0.15145,1.0
bot->ton,50,oracolo,4,0.211,0.9078907282699326,4,128,True,0.15145,1.0
bot->ton,50,stat_13x13,4,0.211,0.6316588631684847,4,128,True,0.15145,1.0
bot->ton,50,martingala,4,0.211,0.48955516264827337,4,128,True,0.15145,1.0
bot->ton,50,stat_13x13_adaptive,4,0.211,0.5977732996940904,4,128,True,0.15145,1.0
bot->ton,50,statico,5,0.263,0.7776755941895999,0,0,True,0.17285,1.0
bot->ton,50,ogni_batch,5,0.263,0.6047196470292306,5,160,True,0.17285,1.0
bot->ton,50,su_innesco,5,0.263,0.5822065780567468,1,32,True,0.17285,1.0
bot->ton,50,oracolo,5,0.263,0.8859242429287049,5,160,True,0.17285,1.0
bot->ton,50,stat_13x13,5,0.263,0.6328189619813136,5,160,True,0.17285,1.0
bot->ton,50,martingala,5,0.263,0.6047196470292306,5,160,True,0.17285,1.0
bot->ton,50,stat_13x13_adaptive,5,0.263,0.5997395880090205,5,160,True,0.17285,1.0
bot->ton,50,statico,6,0.316,0.7674015649201285,0,0,True,0.19605,1.0
bot->ton,50,ogni_batch,6,0.316,0.6319680740255857,6,192,True,0.19605,1.0
bot->ton,50,su_innesco,6,0.316,0.6266853136856858,2,64,True,0.19605,1.0
bot->ton,50,oracolo,6,0.316,0.8776837194788714,6,192,True,0.19605,1.0
bot->ton,50,stat_13x13,6,0.316,0.662003662579024,6,192,True,0.19605,1.0
bot->ton,50,martingala,6,0.316,0.6319680740255857,6,192,True,0.19605,1.0
bot->ton,50,stat_13x13_adaptive,6,0.316,0.5227600261139618,6,192,True,0.19605,1.0
bot->ton,50,statico,7,0.368,0.7555361343287745,0,0,True,0.21715,1.0
bot->ton,50,ogni_batch,7,0.368,0.7356310297485674,7,224,True,0.21715,1.0
bot->ton,50,su_innesco,7,0.368,0.6340631789035891,3,96,True,0.21715,1.0
bot->ton,50,oracolo,7,0.368,0.8749435183205184,7,224,True,0.21715,1.0
bot->ton,50,stat_13x13,7,0.368,0.6895147069305887,7,224,True,0.21715,1.0
bot->ton,50,martingala,7,0.368,0.7356310297485674,7,224,True,0.21715,1.0
bot->ton,50,stat_13x13_adaptive,7,0.368,0.607248559678434,7,224,True,0.21715,1.0
bot->ton,50,statico,8,0.421,0.7357857629943241,0,0,True,0.2434,1.0
bot->ton,50,ogni_batch,8,0.421,0.8083195900818851,8,256,True,0.2434,1.0
bot->ton,50,su_innesco,8,0.421,0.6952881843592227,4,128,True,0.2434,1.0
bot->ton,50,oracolo,8,0.421,0.8570053432302978,8,256,True,0.2434,1.0
bot->ton,50,stat_13x13,8,0.421,0.6918766444039668,8,256,True,0.2434,1.0
bot->ton,50,martingala,8,0.421,0.8083195900818851,8,256,True,0.2434,1.0
bot->ton,50,stat_13x13_adaptive,8,0.421,0.5866694335501257,8,256,True,0.2434,1.0
bot->ton,50,statico,9,0.474,0.7217151158072381,0,0,True,0.2666,1.0
bot->ton,50,ogni_batch,9,0.474,0.808222714963216,9,288,True,0.2666,1.0
bot->ton,50,su_innesco,9,0.474,0.8055743639974499,5,160,True,0.2666,1.0
bot->ton,50,oracolo,9,0.474,0.8613081236884235,9,288,True,0.2666,1.0
bot->ton,50,stat_13x13,9,0.474,0.6795736062356297,9,288,True,0.2666,1.0
bot->ton,50,martingala,9,0.474,0.808222714963216,9,288,True,0.2666,1.0
bot->ton,50,stat_13x13_adaptive,9,0.474,0.6077628356130358,9,288,True,0.2666,1.0
bot->ton,50,statico,10,0.526,0.7011299691581107,0,0,True,0.2887,1.0
bot->ton,50,ogni_batch,10,0.526,0.8404049466195255,10,320,True,0.2887,1.0
bot->ton,50,su_innesco,10,0.526,0.8373742617440096,6,192,True,0.2887,1.0
bot->ton,50,oracolo,10,0.526,0.8432525630102335,10,320,True,0.2887,1.0
bot->ton,50,stat_13x13,10,0.526,0.6883335472352474,10,320,True,0.2887,1.0
bot->ton,50,martingala,10,0.526,0.8404049466195255,10,320,True,0.2887,1.0
bot->ton,50,stat_13x13_adaptive,10,0.526,0.565399064031075,10,320,True,0.2887,1.0
bot->ton,50,statico,11,0.579,0.6860352785991497,0,0,True,0.31255,1.0
bot->ton,50,ogni_batch,11,0.579,0.8746223981096726,11,352,True,0.31255,1.0
bot->ton,50,su_innesco,11,0.579,0.930103675552199,7,224,True,0.31255,1.0
bot->ton,50,oracolo,11,0.579,0.8854231227173641,11,352,True,0.31255,1.0
bot->ton,50,stat_13x13,11,0.579,0.6343542661750223,11,352,True,0.31255,1.0
bot->ton,50,martingala,11,0.579,0.8381552167732284,10,320,True,0.31255,1.0
bot->ton,50,stat_13x13_adaptive,11,0.579,0.7070579563250547,11,352,True,0.31255,1.0
bot->ton,50,statico,12,0.632,0.6669382844541989,0,0,True,0.3333,1.0
bot->ton,50,ogni_batch,12,0.632,0.9105471881497841,12,384,True,0.3333,1.0
bot->ton,50,su_innesco,12,0.632,0.9251781623685758,8,256,True,0.3333,1.0
bot->ton,50,oracolo,12,0.632,0.8997518199511145,12,384,True,0.3333,1.0
bot->ton,50,stat_13x13,12,0.632,0.6947409759772528,12,384,True,0.3333,1.0
bot->ton,50,martingala,12,0.632,0.8246546246395654,10,320,True,0.3333,1.0
bot->ton,50,stat_13x13_adaptive,12,0.632,0.7573336851161716,12,384,True,0.3333,1.0
bot->ton,50,statico,13,0.684,0.6449788450005239,0,0,True,0.3562,1.0
bot->ton,50,ogni_batch,13,0.684,0.9210000434246453,13,416,True,0.3562,1.0
bot->ton,50,su_innesco,13,0.684,0.9223563540653027,9,288,True,0.3562,1.0
bot->ton,50,oracolo,13,0.684,0.898084490855495,13,416,True,0.3562,1.0
bot->ton,50,stat_13x13,13,0.684,0.7105161135020429,13,416,True,0.3562,1.0
bot->ton,50,martingala,13,0.684,0.8236487594324553,10,320,True,0.3562,1.0
bot->ton,50,stat_13x13_adaptive,13,0.684,0.7239169386148214,13,416,True,0.3562,1.0
bot->ton,50,statico,14,0.737,0.6250042549356727,0,0,True,0.3755,1.0
bot->ton,50,ogni_batch,14,0.737,0.9241511306829184,14,448,True,0.3755,1.0
bot->ton,50,su_innesco,14,0.737,0.9229401847635192,10,320,True,0.3755,1.0
bot->ton,50,oracolo,14,0.737,0.9051662042794442,14,448,True,0.3755,1.0
bot->ton,50,stat_13x13,14,0.737,0.7563433458315562,14,448,True,0.3755,1.0
bot->ton,50,martingala,14,0.737,0.8102226575377212,10,320,True,0.3755,1.0
bot->ton,50,stat_13x13_adaptive,14,0.737,0.7703243801532534,14,448,True,0.3755,1.0
bot->ton,50,statico,15,0.789,0.6086511943343003,0,0,True,0.408,1.0
bot->ton,50,ogni_batch,15,0.789,0.9292474507605463,15,480,True,0.408,1.0
bot->ton,50,su_innesco,15,0.789,0.9210767879320427,11,352,True,0.408,1.0
bot->ton,50,oracolo,15,0.789,0.9174798879625926,15,480,True,0.408,1.0
bot->ton,50,stat_13x13,15,0.789,0.753073102518637,15,480,True,0.408,1.0
bot->ton,50,martingala,15,0.789,0.8094673157739474,10,320,True,0.408,1.0
bot->ton,50,stat_13x13_adaptive,15,0.789,0.76805116378437,15,480,True,0.408,1.0
bot->ton,50,statico,16,0.842,0.5831522335202084,0,0,True,0.42575,1.0
bot->ton,50,ogni_batch,16,0.842,0.9300802391916314,16,512,True,0.42575,1.0
bot->ton,50,su_innesco,16,0.842,0.9254237274665047,12,384,True,0.42575,1.0
bot->ton,50,oracolo,16,0.842,0.9156993351019441,16,512,True,0.42575,1.0
bot->ton,50,stat_13x13,16,0.842,0.7592140755564527,16,512,True,0.42575,1.0
bot->ton,50,martingala,16,0.842,0.7985109335435745,10,320,True,0.42575,1.0
bot->ton,50,stat_13x13_adaptive,16,0.842,0.7790842432035912,16,512,True,0.42575,1.0
bot->ton,50,statico,17,0.895,0.5617216732717472,0,0,True,0.45315,1.0
bot->ton,50,ogni_batch,17,0.895,0.9251080436531784,17,544,True,0.45315,1.0
bot->ton,50,su_innesco,17,0.895,0.9312062616868029,13,416,True,0.45315,1.0
bot->ton,50,oracolo,17,0.895,0.9188409848501583,17,544,True,0.45315,1.0
bot->ton,50,stat_13x13,17,0.895,0.7440670809653556,17,544,True,0.45315,1.0
bot->ton,50,martingala,17,0.895,0.7866133521735864,10,320,True,0.45315,1.0
bot->ton,50,stat_13x13_adaptive,17,0.895,0.7806451930902925,17,544,True,0.45315,1.0
bot->ton,50,statico,18,0.947,0.5419923752497234,0,0,True,0.4747,1.0
bot->ton,50,ogni_batch,18,0.947,0.9294951499548152,18,576,True,0.4747,1.0
bot->ton,50,su_innesco,18,0.947,0.9320338890173689,14,448,True,0.4747,1.0
bot->ton,50,oracolo,18,0.947,0.8632319997102232,18,576,True,0.4747,1.0
bot->ton,50,stat_13x13,18,0.947,0.758234953203844,18,576,True,0.4747,1.0
bot->ton,50,martingala,18,0.947,0.7832168769869907,10,320,True,0.4747,1.0
bot->ton,50,stat_13x13_adaptive,18,0.947,0.7947604628440286,18,576,True,0.4747,1.0
bot->ton,50,statico,19,1.0,0.5190554875652347,0,0,True,0.49115,1.0
bot->ton,50,ogni_batch,19,1.0,0.9278800525796729,19,608,True,0.49115,1.0
bot->ton,50,su_innesco,19,1.0,0.9187257533975304,15,480,True,0.49115,1.0
bot->ton,50,oracolo,19,1.0,0.8538233623072164,19,608,True,0.49115,1.0
bot->ton,50,stat_13x13,19,1.0,0.7589271641501587,19,608,True,0.49115,1.0
bot->ton,50,martingala,19,1.0,0.7744482929601297,10,320,True,0.49115,1.0
bot->ton,50,stat_13x13_adaptive,19,1.0,0.7787001020932856,19,608,True,0.49115,1.0
bot->ton,51,statico,0,0.0,0.9935,0,0,False,0.0737,1.0
bot->ton,51,ogni_batch,0,0.0,0.9935,0,0,False,0.0737,1.0
bot->ton,51,su_innesco,0,0.0,0.9935,0,0,False,0.0737,1.0
bot->ton,51,oracolo,0,0.0,0.9935,0,0,False,0.0737,1.0
bot->ton,51,stat_13x13,0,0.0,0.9935,0,0,False,0.0737,1.0
bot->ton,51,martingala,0,0.0,0.9935,0,0,False,0.0737,1.0
bot->ton,51,stat_13x13_adaptive,0,0.0,0.9935,0,0,False,0.0737,1.0
bot->ton,51,statico,1,0.053,0.8276111880062986,0,0,False,0.11205,1.0
bot->ton,51,ogni_batch,1,0.053,0.8276111880062986,1,32,False,0.11205,1.0
bot->ton,51,su_innesco,1,0.053,0.8276111880062986,0,0,False,0.11205,1.0
bot->ton,51,oracolo,1,0.053,0.8276111880062986,1,32,False,0.11205,1.0
bot->ton,51,stat_13x13,1,0.053,0.5020414454827236,1,32,False,0.11205,1.0
bot->ton,51,martingala,1,0.053,0.8276111880062986,1,32,False,0.11205,1.0
bot->ton,51,stat_13x13_adaptive,1,0.053,0.5020161431194828,1,32,False,0.11205,1.0
bot->ton,51,statico,2,0.105,0.8642879052329584,0,0,True,0.15235,1.0
bot->ton,51,ogni_batch,2,0.105,0.589489865321044,2,64,True,0.15235,1.0
bot->ton,51,su_innesco,2,0.105,0.8642879052329584,0,0,True,0.15235,1.0
bot->ton,51,oracolo,2,0.105,0.918856095727248,2,64,True,0.15235,1.0
bot->ton,51,stat_13x13,2,0.105,0.5,2,64,True,0.15235,1.0
bot->ton,51,martingala,2,0.105,0.589489865321044,2,64,True,0.15235,1.0
bot->ton,51,stat_13x13_adaptive,2,0.105,0.5,2,64,True,0.15235,1.0
bot->ton,51,statico,3,0.158,0.8383512449880031,0,0,True,0.18745,1.0
bot->ton,51,ogni_batch,3,0.158,0.5793926810277705,3,96,True,0.18745,1.0
bot->ton,51,su_innesco,3,0.158,0.8383512449880031,1,32,True,0.18745,1.0
bot->ton,51,oracolo,3,0.158,0.9145692639890111,3,96,True,0.18745,1.0
bot->ton,51,stat_13x13,3,0.158,0.5,3,96,True,0.18745,1.0
bot->ton,51,martingala,3,0.158,0.5793926810277705,3,96,True,0.18745,1.0
bot->ton,51,stat_13x13_adaptive,3,0.158,0.499974046197768,3,96,True,0.18745,1.0
bot->ton,51,statico,4,0.211,0.8178813473556823,0,0,True,0.2181,1.0
bot->ton,51,ogni_batch,4,0.211,0.5992575112338562,4,128,True,0.2181,1.0
bot->ton,51,su_innesco,4,0.211,0.6032402089180888,2,64,True,0.2181,1.0
bot->ton,51,oracolo,4,0.211,0.8959394453339953,4,128,True,0.2181,1.0
bot->ton,51,stat_13x13,4,0.211,0.5009587727708533,4,128,True,0.2181,1.0
bot->ton,51,martingala,4,0.211,0.5992575112338562,4,128,True,0.2181,1.0
bot->ton,51,stat_13x13_adaptive,4,0.211,0.4979427124545023,4,128,True,0.2181,1.0
bot->ton,51,statico,5,0.263,0.8132311805841217,0,0,True,0.2624,1.0
bot->ton,51,ogni_batch,5,0.263,0.5957363225010284,5,160,True,0.2624,1.0
bot->ton,51,su_innesco,5,0.263,0.615909090909091,3,96,True,0.2624,1.0
bot->ton,51,oracolo,5,0.263,0.8918346359522831,5,160,True,0.2624,1.0
bot->ton,51,stat_13x13,5,0.263,0.6175462772521596,5,160,True,0.2624,1.0
bot->ton,51,martingala,5,0.263,0.5957363225010284,5,160,True,0.2624,1.0
bot->ton,51,stat_13x13_adaptive,5,0.263,0.5023981900452489,5,160,True,0.2624,1.0
bot->ton,51,statico,6,0.316,0.8017891835559958,0,0,True,0.2966,1.0
bot->ton,51,ogni_batch,6,0.316,0.595864664324407,6,192,True,0.2966,1.0
bot->ton,51,su_innesco,6,0.316,0.6274253639111305,4,128,True,0.2966,1.0
bot->ton,51,oracolo,6,0.316,0.8727600223656823,6,192,True,0.2966,1.0
bot->ton,51,stat_13x13,6,0.316,0.6979318136488621,6,192,True,0.2966,1.0
bot->ton,51,martingala,6,0.316,0.595864664324407,6,192,True,0.2966,1.0
bot->ton,51,stat_13x13_adaptive,6,0.316,0.5014780471395395,6,192,True,0.2966,1.0
bot->ton,51,statico,7,0.368,0.7815576632131688,0,0,True,0.3322,1.0
bot->ton,51,ogni_batch,7,0.368,0.6087691974452322,7,224,True,0.3322,1.0
bot->ton,51,su_innesco,7,0.368,0.6244452243738664,5,160,True,0.3322,1.0
bot->ton,51,oracolo,7,0.368,0.8613956682990971,7,224,True,0.3322,1.0
bot->ton,51,stat_13x13,7,0.368,0.7040978268061373,7,224,True,0.3322,1.0
bot->ton,51,martingala,7,0.368,0.6087691974452322,7,224,True,0.3322,1.0
bot->ton,51,stat_13x13_adaptive,7,0.368,0.5064353110150307,7,224,True,0.3322,1.0
bot->ton,51,statico,8,0.421,0.7739164579740399,0,0,True,0.36985,1.0
bot->ton,51,ogni_batch,8,0.421,0.6148535539593506,8,256,True,0.36985,1.0
bot->ton,51,su_innesco,8,0.421,0.6391963035036297,6,192,True,0.36985,1.0
bot->ton,51,oracolo,8,0.421,0.8447669335741546,8,256,True,0.36985,1.0
bot->ton,51,stat_13x13,8,0.421,0.8218368355865544,8,256,True,0.36985,1.0
bot->ton,51,martingala,8,0.421,0.6148535539593506,8,256,True,0.36985,1.0
bot->ton,51,stat_13x13_adaptive,8,0.421,0.6243792694115939,8,256,True,0.36985,1.0
bot->ton,51,statico,9,0.474,0.7514007974943742,0,0,True,0.4076,1.0
bot->ton,51,ogni_batch,9,0.474,0.7436017300326376,9,288,True,0.4076,1.0
bot->ton,51,su_innesco,9,0.474,0.757050860874488,7,224,True,0.4076,1.0
bot->ton,51,oracolo,9,0.474,0.8423770714710288,9,288,True,0.4076,1.0
bot->ton,51,stat_13x13,9,0.474,0.8138950140842452,9,288,True,0.4076,1.0
bot->ton,51,martingala,9,0.474,0.7436017300326376,9,288,True,0.4076,1.0
bot->ton,51,stat_13x13_adaptive,9,0.474,0.6131327454762115,9,288,True,0.4076,1.0
bot->ton,51,statico,10,0.526,0.7307568476221984,0,0,True,0.44305,1.0
bot->ton,51,ogni_batch,10,0.526,0.8797351292954185,10,320,True,0.44305,1.0
bot->ton,51,su_innesco,10,0.526,0.9156131797327811,8,256,True,0.44305,1.0
bot->ton,51,oracolo,10,0.526,0.8546832252128325,10,320,True,0.44305,1.0
bot->ton,51,stat_13x13,10,0.526,0.824220025705271,10,320,True,0.44305,1.0
bot->ton,51,martingala,10,0.526,0.7481332970877625,9,288,True,0.44305,1.0
bot->ton,51,stat_13x13_adaptive,10,0.526,0.6400594064264183,10,320,True,0.44305,1.0
bot->ton,51,statico,11,0.579,0.7201955548082928,0,0,True,0.47895,1.0
bot->ton,51,ogni_batch,11,0.579,0.8739109243077721,11,352,True,0.47895,1.0
bot->ton,51,su_innesco,11,0.579,0.8573750413566952,9,288,True,0.47895,1.0
bot->ton,51,oracolo,11,0.579,0.8575436784379894,11,352,True,0.47895,1.0
bot->ton,51,stat_13x13,11,0.579,0.8132645504352001,11,352,True,0.47895,1.0
bot->ton,51,martingala,11,0.579,0.7460239198628542,9,288,True,0.47895,1.0
bot->ton,51,stat_13x13_adaptive,11,0.579,0.6838825411856397,11,352,True,0.47895,1.0
bot->ton,51,statico,12,0.632,0.7028383273729755,0,0,True,0.5162,1.0
bot->ton,51,ogni_batch,12,0.632,0.8401635565967647,12,384,True,0.5162,1.0
bot->ton,51,su_innesco,12,0.632,0.8512298952361381,10,320,True,0.5162,1.0
bot->ton,51,oracolo,12,0.632,0.8556118103032755,12,384,True,0.5162,1.0
bot->ton,51,stat_13x13,12,0.632,0.8027619136067392,12,384,True,0.5162,1.0
bot->ton,51,martingala,12,0.632,0.7424949528913514,9,288,True,0.5162,1.0
bot->ton,51,stat_13x13_adaptive,12,0.632,0.6903794976258123,12,384,True,0.5162,1.0
bot->ton,51,statico,13,0.684,0.6764225845457092,0,0,True,0.5532,1.0
bot->ton,51,ogni_batch,13,0.684,0.8689808077025867,13,416,True,0.5532,1.0
bot->ton,51,su_innesco,13,0.684,0.8988423414327545,11,352,True,0.5532,1.0
bot->ton,51,oracolo,13,0.684,0.9109481714621215,13,416,True,0.5532,1.0
bot->ton,51,stat_13x13,13,0.684,0.802755567792683,13,416,True,0.5532,1.0
bot->ton,51,martingala,13,0.684,0.7451660011812185,9,288,True,0.5532,1.0
bot->ton,51,stat_13x13_adaptive,13,0.684,0.6816807074201745,13,416,True,0.5532,1.0
bot->ton,51,statico,14,0.737,0.6690779220779222,0,0,True,0.59145,1.0
bot->ton,51,ogni_batch,14,0.737,0.8614978354978355,14,448,True,0.59145,1.0
bot->ton,51,su_innesco,14,0.737,0.8892727272727272,12,384,True,0.59145,1.0
bot->ton,51,oracolo,14,0.737,0.9172683982683982,14,448,True,0.59145,1.0
bot->ton,51,stat_13x13,14,0.737,0.7879047619047619,14,448,True,0.59145,1.0
bot->ton,51,martingala,14,0.737,0.7493116883116884,9,288,True,0.59145,1.0
bot->ton,51,stat_13x13_adaptive,14,0.737,0.6955930735930735,14,448,True,0.59145,1.0
bot->ton,51,statico,15,0.789,0.6484777787304287,0,0,True,0.62235,1.0
bot->ton,51,ogni_batch,15,0.789,0.8345761983515467,15,480,True,0.62235,1.0
bot->ton,51,su_innesco,15,0.789,0.8210473225288955,13,416,True,0.62235,1.0
bot->ton,51,oracolo,15,0.789,0.9147718527486444,15,480,True,0.62235,1.0
bot->ton,51,stat_13x13,15,0.789,0.7926065198505463,15,480,True,0.62235,1.0
bot->ton,51,martingala,15,0.789,0.7446059589343211,9,288,True,0.62235,1.0
bot->ton,51,stat_13x13_adaptive,15,0.789,0.6921397611096017,15,480,True,0.62235,1.0
bot->ton,51,statico,16,0.842,0.6403500788966923,0,0,True,0.66175,1.0
bot->ton,51,ogni_batch,16,0.842,0.8245829558626359,16,512,True,0.66175,1.0
bot->ton,51,su_innesco,16,0.842,0.8862888444555528,14,448,True,0.66175,1.0
bot->ton,51,oracolo,16,0.842,0.9169615128750346,16,512,True,0.66175,1.0
bot->ton,51,stat_13x13,16,0.842,0.8195834862605671,16,512,True,0.66175,1.0
bot->ton,51,martingala,16,0.842,0.7317569068693788,9,288,True,0.66175,1.0
bot->ton,51,stat_13x13_adaptive,16,0.842,0.7006282400871253,16,512,True,0.66175,1.0
bot->ton,51,statico,17,0.895,0.6227174058568594,0,0,True,0.70095,1.0
bot->ton,51,ogni_batch,17,0.895,0.8440555148557598,17,544,True,0.70095,1.0
bot->ton,51,su_innesco,17,0.895,0.852083837902157,15,480,True,0.70095,1.0
bot->ton,51,oracolo,17,0.895,0.9179586887879667,17,544,True,0.70095,1.0
bot->ton,51,stat_13x13,17,0.895,0.8205406019324296,17,544,True,0.70095,1.0
bot->ton,51,martingala,17,0.895,0.7391480972803677,9,288,True,0.70095,1.0
bot->ton,51,stat_13x13_adaptive,17,0.895,0.7120066069056605,17,544,True,0.70095,1.0
bot->ton,51,statico,18,0.947,0.6000211988444039,0,0,True,0.73595,1.0
bot->ton,51,ogni_batch,18,0.947,0.839065572812577,18,576,True,0.73595,1.0
bot->ton,51,su_innesco,18,0.947,0.8470081797787636,16,512,True,0.73595,1.0
bot->ton,51,oracolo,18,0.947,0.9205436432154968,18,576,True,0.73595,1.0
bot->ton,51,stat_13x13,18,0.947,0.7970779914893684,18,576,True,0.73595,1.0
bot->ton,51,martingala,18,0.947,0.7340162619077895,9,288,True,0.73595,1.0
bot->ton,51,stat_13x13_adaptive,18,0.947,0.728358237656934,18,576,True,0.73595,1.0
bot->ton,51,statico,19,1.0,0.574424241030174,0,0,True,0.77375,1.0
bot->ton,51,ogni_batch,19,1.0,0.839271647493365,19,608,True,0.77375,1.0
bot->ton,51,su_innesco,19,1.0,0.839271647493365,17,544,True,0.77375,1.0
bot->ton,51,oracolo,19,1.0,0.9194465308084627,19,608,True,0.77375,1.0
bot->ton,51,stat_13x13,19,1.0,0.8218716650696329,19,608,True,0.77375,1.0
bot->ton,51,martingala,19,1.0,0.7280329531360239,9,288,True,0.77375,1.0
bot->ton,51,stat_13x13_adaptive,19,1.0,0.7124173140876319,19,608,True,0.77375,1.0
ton->unsw,42,statico,0,0.0,0.9694,0,0,False,0.0451,1.0
ton->unsw,42,ogni_batch,0,0.0,0.9694,0,0,False,0.0451,1.0
ton->unsw,42,su_innesco,0,0.0,0.9694,0,0,False,0.0451,1.0
ton->unsw,42,oracolo,0,0.0,0.9694,0,0,False,0.0451,1.0
ton->unsw,42,stat_13x13,0,0.0,0.9694,0,0,False,0.0451,1.0
ton->unsw,42,martingala,0,0.0,0.9694,0,0,False,0.0451,1.0
ton->unsw,42,stat_13x13_adaptive,0,0.0,0.9694,0,0,False,0.0451,1.0
ton->unsw,42,statico,1,0.053,0.5252965943538063,0,0,False,0.0471,1.0
ton->unsw,42,ogni_batch,1,0.053,0.5252965943538063,1,32,False,0.0471,1.0
ton->unsw,42,su_innesco,1,0.053,0.5252965943538063,0,0,False,0.0471,1.0
ton->unsw,42,oracolo,1,0.053,0.5252965943538063,1,32,False,0.0471,1.0
ton->unsw,42,stat_13x13,1,0.053,0.5,1,32,False,0.0471,1.0
ton->unsw,42,martingala,1,0.053,0.5252965943538063,1,32,False,0.0471,1.0
ton->unsw,42,stat_13x13_adaptive,1,0.053,0.5,1,32,False,0.0471,1.0
ton->unsw,42,statico,2,0.105,0.504822700712399,0,0,False,0.04695,1.0
ton->unsw,42,ogni_batch,2,0.105,0.504822700712399,2,64,False,0.04695,1.0
ton->unsw,42,su_innesco,2,0.105,0.504822700712399,0,0,False,0.04695,1.0
ton->unsw,42,oracolo,2,0.105,0.739123909389258,2,64,False,0.04695,1.0
ton->unsw,42,stat_13x13,2,0.105,0.501230022145735,2,64,False,0.04695,1.0
ton->unsw,42,martingala,2,0.105,0.504822700712399,2,64,False,0.04695,1.0
ton->unsw,42,stat_13x13_adaptive,2,0.105,0.5,2,64,False,0.04695,1.0
ton->unsw,42,statico,3,0.158,0.49710130789512325,0,0,False,0.04545,1.0
ton->unsw,42,ogni_batch,3,0.158,0.4324043719120702,3,96,False,0.04545,1.0
ton->unsw,42,su_innesco,3,0.158,0.49710130789512325,0,0,False,0.04545,1.0
ton->unsw,42,oracolo,3,0.158,0.7762193326238931,3,96,False,0.04545,1.0
ton->unsw,42,stat_13x13,3,0.158,0.5008110101712492,3,96,False,0.04545,1.0
ton->unsw,42,martingala,3,0.158,0.4324043719120702,3,96,False,0.04545,1.0
ton->unsw,42,stat_13x13_adaptive,3,0.158,0.5,3,96,False,0.04545,1.0
ton->unsw,42,statico,4,0.211,0.49092810892606503,0,0,False,0.04285,1.0
ton->unsw,42,ogni_batch,4,0.211,0.5554047117752039,4,128,False,0.04285,1.0
ton->unsw,42,su_innesco,4,0.211,0.49092810892606503,0,0,False,0.04285,1.0
ton->unsw,42,oracolo,4,0.211,0.7486539026937509,4,128,False,0.04285,1.0
ton->unsw,42,stat_13x13,4,0.211,0.5263845797620488,4,128,False,0.04285,1.0
ton->unsw,42,martingala,4,0.211,0.5554047117752039,4,128,False,0.04285,1.0
ton->unsw,42,stat_13x13_adaptive,4,0.211,0.5203209729138751,4,128,False,0.04285,1.0
ton->unsw,42,statico,5,0.263,0.46865708021126007,0,0,False,0.0456,1.0
ton->unsw,42,ogni_batch,5,0.263,0.5396691439936993,5,160,False,0.0456,1.0
ton->unsw,42,su_innesco,5,0.263,0.46865708021126007,0,0,False,0.0456,1.0
ton->unsw,42,oracolo,5,0.263,0.7194193955375836,5,160,False,0.0456,1.0
ton->unsw,42,stat_13x13,5,0.263,0.5777749423012501,5,160,False,0.0456,1.0
ton->unsw,42,martingala,5,0.263,0.5396691439936993,5,160,False,0.0456,1.0
ton->unsw,42,stat_13x13_adaptive,5,0.263,0.5214052898560442,5,160,False,0.0456,1.0
ton->unsw,42,statico,6,0.316,0.4549111858074073,0,0,False,0.043,1.0
ton->unsw,42,ogni_batch,6,0.316,0.561635061864997,6,192,False,0.043,1.0
ton->unsw,42,su_innesco,6,0.316,0.4549111858074073,0,0,False,0.043,1.0
ton->unsw,42,oracolo,6,0.316,0.7118550779485127,6,192,False,0.043,1.0
ton->unsw,42,stat_13x13,6,0.316,0.5876115620947828,6,192,False,0.043,1.0
ton->unsw,42,martingala,6,0.316,0.561635061864997,6,192,False,0.043,1.0
ton->unsw,42,stat_13x13_adaptive,6,0.316,0.5324544004261863,6,192,False,0.043,1.0
ton->unsw,42,statico,7,0.368,0.43877649221501636,0,0,False,0.04435,1.0
ton->unsw,42,ogni_batch,7,0.368,0.5761220294792996,7,224,False,0.04435,1.0
ton->unsw,42,su_innesco,7,0.368,0.43877649221501636,0,0,False,0.04435,1.0
ton->unsw,42,oracolo,7,0.368,0.6856416055981881,7,224,False,0.04435,1.0
ton->unsw,42,stat_13x13,7,0.368,0.5964640205209196,7,224,False,0.04435,1.0
ton->unsw,42,martingala,7,0.368,0.5761220294792996,7,224,False,0.04435,1.0
ton->unsw,42,stat_13x13_adaptive,7,0.368,0.5926121600862242,7,224,False,0.04435,1.0
ton->unsw,42,statico,8,0.421,0.4285608679150826,0,0,False,0.04255,1.0
ton->unsw,42,ogni_batch,8,0.421,0.5636038666953268,8,256,False,0.04255,1.0
ton->unsw,42,su_innesco,8,0.421,0.4285608679150826,0,0,False,0.04255,1.0
ton->unsw,42,oracolo,8,0.421,0.6851428612563712,8,256,False,0.04255,1.0
ton->unsw,42,stat_13x13,8,0.421,0.5370198369668023,8,256,False,0.04255,1.0
ton->unsw,42,martingala,8,0.421,0.5636038666953268,8,256,False,0.04255,1.0
ton->unsw,42,stat_13x13_adaptive,8,0.421,0.5361097318643421,8,256,False,0.04255,1.0
ton->unsw,42,statico,9,0.474,0.4164399647648031,0,0,False,0.04335,1.0
ton->unsw,42,ogni_batch,9,0.474,0.5437747491237511,9,288,False,0.04335,1.0
ton->unsw,42,su_innesco,9,0.474,0.4164399647648031,0,0,False,0.04335,1.0
ton->unsw,42,oracolo,9,0.474,0.6258537897352671,9,288,False,0.04335,1.0
ton->unsw,42,stat_13x13,9,0.474,0.5354666585570955,9,288,False,0.04335,1.0
ton->unsw,42,martingala,9,0.474,0.544535100428546,8,256,False,0.04335,1.0
ton->unsw,42,stat_13x13_adaptive,9,0.474,0.5365257196166001,9,288,False,0.04335,1.0
ton->unsw,42,statico,10,0.526,0.39734541752385955,0,0,False,0.0429,1.0
ton->unsw,42,ogni_batch,10,0.526,0.5615894909368571,10,320,False,0.0429,1.0
ton->unsw,42,su_innesco,10,0.526,0.39734541752385955,0,0,False,0.0429,1.0
ton->unsw,42,oracolo,10,0.526,0.700462519393229,10,320,False,0.0429,1.0
ton->unsw,42,stat_13x13,10,0.526,0.540041485703725,10,320,False,0.0429,1.0
ton->unsw,42,martingala,10,0.526,0.5218734548237061,8,256,False,0.0429,1.0
ton->unsw,42,stat_13x13_adaptive,10,0.526,0.5355255585331018,10,320,False,0.0429,1.0
ton->unsw,42,statico,11,0.579,0.38187805592713875,0,0,False,0.04315,1.0
ton->unsw,42,ogni_batch,11,0.579,0.6190549222530819,11,352,False,0.04315,1.0
ton->unsw,42,su_innesco,11,0.579,0.38187805592713875,0,0,False,0.04315,1.0
ton->unsw,42,oracolo,11,0.579,0.6877728799129377,11,352,False,0.04315,1.0
ton->unsw,42,stat_13x13,11,0.579,0.5683150936408665,11,352,False,0.04315,1.0
ton->unsw,42,martingala,11,0.579,0.5067822013554395,8,256,False,0.04315,1.0
ton->unsw,42,stat_13x13_adaptive,11,0.579,0.5382646522454893,11,352,False,0.04315,1.0
ton->unsw,42,statico,12,0.632,0.3642318110778701,0,0,False,0.04205,1.0
ton->unsw,42,ogni_batch,12,0.632,0.5830313795724731,12,384,False,0.04205,1.0
ton->unsw,42,su_innesco,12,0.632,0.3642318110778701,0,0,False,0.04205,1.0
ton->unsw,42,oracolo,12,0.632,0.7005511530933315,12,384,False,0.04205,1.0
ton->unsw,42,stat_13x13,12,0.632,0.528072608898359,12,384,False,0.04205,1.0
ton->unsw,42,martingala,12,0.632,0.491523413326023,8,256,False,0.04205,1.0
ton->unsw,42,stat_13x13_adaptive,12,0.632,0.6367715668401435,12,384,False,0.04205,1.0
ton->unsw,42,statico,13,0.684,0.3454544504572213,0,0,False,0.0418,1.0
ton->unsw,42,ogni_batch,13,0.684,0.6080005031018909,13,416,False,0.0418,1.0
ton->unsw,42,su_innesco,13,0.684,0.3454544504572213,0,0,False,0.0418,1.0
ton->unsw,42,oracolo,13,0.684,0.6981417553737713,13,416,False,0.0418,1.0
ton->unsw,42,stat_13x13,13,0.684,0.5918867321210781,13,416,False,0.0418,1.0
ton->unsw,42,martingala,13,0.684,0.4657774846987275,8,256,False,0.0418,1.0
ton->unsw,42,stat_13x13_adaptive,13,0.684,0.6367233396707008,13,416,False,0.0418,1.0
ton->unsw,42,statico,14,0.737,0.3276373475396212,0,0,False,0.0432,1.0
ton->unsw,42,ogni_batch,14,0.737,0.6990996621142911,14,448,False,0.0432,1.0
ton->unsw,42,su_innesco,14,0.737,0.3276373475396212,0,0,False,0.0432,1.0
ton->unsw,42,oracolo,14,0.737,0.7033173907276868,14,448,False,0.0432,1.0
ton->unsw,42,stat_13x13,14,0.737,0.5873780941583278,14,448,False,0.0432,1.0
ton->unsw,42,martingala,14,0.737,0.4429610968688895,8,256,False,0.0432,1.0
ton->unsw,42,stat_13x13_adaptive,14,0.737,0.6416800422404199,14,448,False,0.0432,1.0
ton->unsw,42,statico,15,0.789,0.3097565457959958,0,0,False,0.0409,1.0
ton->unsw,42,ogni_batch,15,0.789,0.6900562859180043,15,480,False,0.0409,1.0
ton->unsw,42,su_innesco,15,0.789,0.3097565457959958,0,0,False,0.0409,1.0
ton->unsw,42,oracolo,15,0.789,0.712895812862376,15,480,False,0.0409,1.0
ton->unsw,42,stat_13x13,15,0.789,0.5869930519115802,15,480,False,0.0409,1.0
ton->unsw,42,martingala,15,0.789,0.42727600431796076,8,256,False,0.0409,1.0
ton->unsw,42,stat_13x13_adaptive,15,0.789,0.5947022913610565,15,480,False,0.0409,1.0
ton->unsw,42,statico,16,0.842,0.28125847735229287,0,0,False,0.0405,1.0
ton->unsw,42,ogni_batch,16,0.842,0.7106736807823004,16,512,False,0.0405,1.0
ton->unsw,42,su_innesco,16,0.842,0.28125847735229287,0,0,False,0.0405,1.0
ton->unsw,42,oracolo,16,0.842,0.7238139546569804,16,512,False,0.0405,1.0
ton->unsw,42,stat_13x13,16,0.842,0.5939675066628683,16,512,False,0.0405,1.0
ton->unsw,42,martingala,16,0.842,0.39464563817319154,8,256,False,0.0405,1.0
ton->unsw,42,stat_13x13_adaptive,16,0.842,0.6034937364881867,16,512,False,0.0405,1.0
ton->unsw,42,statico,17,0.895,0.2604602442278229,0,0,False,0.03905,1.0
ton->unsw,42,ogni_batch,17,0.895,0.7227137649860678,17,544,False,0.03905,1.0
ton->unsw,42,su_innesco,17,0.895,0.2604602442278229,0,0,False,0.03905,1.0
ton->unsw,42,oracolo,17,0.895,0.714296334232432,17,544,False,0.03905,1.0
ton->unsw,42,stat_13x13,17,0.895,0.5974069447579224,17,544,False,0.03905,1.0
ton->unsw,42,martingala,17,0.895,0.3687931403367367,8,256,False,0.03905,1.0
ton->unsw,42,stat_13x13_adaptive,17,0.895,0.6673545205172092,17,544,False,0.03905,1.0
ton->unsw,42,statico,18,0.947,0.23830771370939696,0,0,False,0.04025,1.0
ton->unsw,42,ogni_batch,18,0.947,0.7169494706602587,18,576,False,0.04025,1.0
ton->unsw,42,su_innesco,18,0.947,0.23830771370939696,0,0,False,0.04025,1.0
ton->unsw,42,oracolo,18,0.947,0.7182003111230348,18,576,False,0.04025,1.0
ton->unsw,42,stat_13x13,18,0.947,0.5989129462733135,18,576,False,0.04025,1.0
ton->unsw,42,martingala,18,0.947,0.346331221273838,8,256,False,0.04025,1.0
ton->unsw,42,stat_13x13_adaptive,18,0.947,0.6703113769678422,18,576,False,0.04025,1.0
ton->unsw,42,statico,19,1.0,0.2106981098491314,0,0,False,0.04235,1.0
ton->unsw,42,ogni_batch,19,1.0,0.7348710981589851,19,608,False,0.04235,1.0
ton->unsw,42,su_innesco,19,1.0,0.2106981098491314,0,0,False,0.04235,1.0
ton->unsw,42,oracolo,19,1.0,0.7329264958148313,19,608,False,0.04235,1.0
ton->unsw,42,stat_13x13,19,1.0,0.6337828994701704,19,608,False,0.04235,1.0
ton->unsw,42,martingala,19,1.0,0.3093055431584709,8,256,False,0.04235,1.0
ton->unsw,42,stat_13x13_adaptive,19,1.0,0.6870256157697181,19,608,False,0.04235,1.0
ton->unsw,43,statico,0,0.0,0.9695,0,0,False,0.04965,1.0
ton->unsw,43,ogni_batch,0,0.0,0.9695,0,0,False,0.04965,1.0
ton->unsw,43,su_innesco,0,0.0,0.9695,0,0,False,0.04965,1.0
ton->unsw,43,oracolo,0,0.0,0.9695,0,0,False,0.04965,1.0
ton->unsw,43,stat_13x13,0,0.0,0.9695,0,0,False,0.04965,1.0
ton->unsw,43,martingala,0,0.0,0.9695,0,0,False,0.04965,1.0
ton->unsw,43,stat_13x13_adaptive,0,0.0,0.9695,0,0,False,0.04965,1.0
ton->unsw,43,statico,1,0.053,0.5424251688391095,0,0,False,0.04985,1.0
ton->unsw,43,ogni_batch,1,0.053,0.5424251688391095,1,32,False,0.04985,1.0
ton->unsw,43,su_innesco,1,0.053,0.5424251688391095,0,0,False,0.04985,1.0
ton->unsw,43,oracolo,1,0.053,0.5424251688391095,1,32,False,0.04985,1.0
ton->unsw,43,stat_13x13,1,0.053,0.5,1,32,False,0.04985,1.0
ton->unsw,43,martingala,1,0.053,0.5424251688391095,1,32,False,0.04985,1.0
ton->unsw,43,stat_13x13_adaptive,1,0.053,0.5,1,32,False,0.04985,1.0
ton->unsw,43,statico,2,0.105,0.5258242522657998,0,0,False,0.04895,1.0
ton->unsw,43,ogni_batch,2,0.105,0.5804823927270467,2,64,False,0.04895,1.0
ton->unsw,43,su_innesco,2,0.105,0.5258242522657998,0,0,False,0.04895,1.0
ton->unsw,43,oracolo,2,0.105,0.7145375086882365,2,64,False,0.04895,1.0
ton->unsw,43,stat_13x13,2,0.105,0.508008363661099,2,64,False,0.04895,1.0
ton->unsw,43,martingala,2,0.105,0.5804823927270467,2,64,False,0.04895,1.0
ton->unsw,43,stat_13x13_adaptive,2,0.105,0.49997403676394225,2,64,False,0.04895,1.0
ton->unsw,43,statico,3,0.158,0.5123591016242233,0,0,False,0.048,1.0
ton->unsw,43,ogni_batch,3,0.158,0.5569067787234195,3,96,False,0.048,1.0
ton->unsw,43,su_innesco,3,0.158,0.5123591016242233,0,0,False,0.048,1.0
ton->unsw,43,oracolo,3,0.158,0.7304731157775539,3,96,False,0.048,1.0
ton->unsw,43,stat_13x13,3,0.158,0.5119199004917172,3,96,False,0.048,1.0
ton->unsw,43,martingala,3,0.158,0.5569067787234195,3,96,False,0.048,1.0
ton->unsw,43,stat_13x13_adaptive,3,0.158,0.5071450354553693,3,96,False,0.048,1.0
ton->unsw,43,statico,4,0.211,0.4922015423902101,0,0,False,0.0504,1.0
ton->unsw,43,ogni_batch,4,0.211,0.6319893699941501,4,128,False,0.0504,1.0
ton->unsw,43,su_innesco,4,0.211,0.4922015423902101,0,0,False,0.0504,1.0
ton->unsw,43,oracolo,4,0.211,0.6923152733871036,4,128,False,0.0504,1.0
ton->unsw,43,stat_13x13,4,0.211,0.4821169163772778,4,128,False,0.0504,1.0
ton->unsw,43,martingala,4,0.211,0.6319893699941501,4,128,False,0.0504,1.0
ton->unsw,43,stat_13x13_adaptive,4,0.211,0.5920860363514321,4,128,False,0.0504,1.0
ton->unsw,43,statico,5,0.263,0.48598631695597094,0,0,False,0.0499,1.0
ton->unsw,43,ogni_batch,5,0.263,0.6026130936639442,5,160,False,0.0499,1.0
ton->unsw,43,su_innesco,5,0.263,0.48598631695597094,0,0,False,0.0499,1.0
ton->unsw,43,oracolo,5,0.263,0.6690943739498991,5,160,False,0.0499,1.0
ton->unsw,43,stat_13x13,5,0.263,0.5073867989497922,5,160,False,0.0499,1.0
ton->unsw,43,martingala,5,0.263,0.6026130936639442,5,160,False,0.0499,1.0
ton->unsw,43,stat_13x13_adaptive,5,0.263,0.5606800589601438,5,160,False,0.0499,1.0
ton->unsw,43,statico,6,0.316,0.46762325787644965,0,0,False,0.04925,1.0
ton->unsw,43,ogni_batch,6,0.316,0.6257237188472745,6,192,False,0.04925,1.0
ton->unsw,43,su_innesco,6,0.316,0.46762325787644965,0,0,False,0.04925,1.0
ton->unsw,43,oracolo,6,0.316,0.6496060340483387,6,192,False,0.04925,1.0
ton->unsw,43,stat_13x13,6,0.316,0.504017126609558,6,192,False,0.04925,1.0
ton->unsw,43,martingala,6,0.316,0.6257237188472745,6,192,False,0.04925,1.0
ton->unsw,43,stat_13x13_adaptive,6,0.316,0.5739984414256578,6,192,False,0.04925,1.0
ton->unsw,43,statico,7,0.368,0.45552158944072985,0,0,False,0.05305,1.0
ton->unsw,43,ogni_batch,7,0.368,0.6909620504548568,7,224,False,0.05305,1.0
ton->unsw,43,su_innesco,7,0.368,0.45552158944072985,0,0,False,0.05305,1.0
ton->unsw,43,oracolo,7,0.368,0.6145794850447919,7,224,False,0.05305,1.0
ton->unsw,43,stat_13x13,7,0.368,0.5118421052631579,7,224,False,0.05305,1.0
ton->unsw,43,martingala,7,0.368,0.6909620504548568,7,224,False,0.05305,1.0
ton->unsw,43,stat_13x13_adaptive,7,0.368,0.5651201966854853,7,224,False,0.05305,1.0
ton->unsw,43,statico,8,0.421,0.44091544141220024,0,0,False,0.0499,1.0
ton->unsw,43,ogni_batch,8,0.421,0.684667361370267,8,256,False,0.0499,1.0
ton->unsw,43,su_innesco,8,0.421,0.44091544141220024,0,0,False,0.0499,1.0
ton->unsw,43,oracolo,8,0.421,0.6585842839557237,8,256,False,0.0499,1.0
ton->unsw,43,stat_13x13,8,0.421,0.5189138277737835,8,256,False,0.0499,1.0
ton->unsw,43,martingala,8,0.421,0.6900203748445475,7,224,False,0.0499,1.0
ton->unsw,43,stat_13x13_adaptive,8,0.421,0.5717944082789393,8,256,False,0.0499,1.0
ton->unsw,43,statico,9,0.474,0.4337614310626204,0,0,False,0.05045,1.0
ton->unsw,43,ogni_batch,9,0.474,0.6730054033655664,9,288,False,0.05045,1.0
ton->unsw,43,su_innesco,9,0.474,0.4337614310626204,0,0,False,0.05045,1.0
ton->unsw,43,oracolo,9,0.474,0.6360149077823624,9,288,False,0.05045,1.0
ton->unsw,43,stat_13x13,9,0.474,0.528981288278106,9,288,False,0.05045,1.0
ton->unsw,43,martingala,9,0.474,0.679509348796628,7,224,False,0.05045,1.0
ton->unsw,43,stat_13x13_adaptive,9,0.474,0.5507407286299134,9,288,False,0.05045,1.0
ton->unsw,43,statico,10,0.526,0.4112627367936375,0,0,False,0.0486,1.0
ton->unsw,43,ogni_batch,10,0.526,0.5956290537497388,10,320,False,0.0486,1.0
ton->unsw,43,su_innesco,10,0.526,0.4112627367936375,0,0,False,0.0486,1.0
ton->unsw,43,oracolo,10,0.526,0.7299144226536083,10,320,False,0.0486,1.0
ton->unsw,43,stat_13x13,10,0.526,0.5589801315659529,10,320,False,0.0486,1.0
ton->unsw,43,martingala,10,0.526,0.6902364346415308,7,224,False,0.0486,1.0
ton->unsw,43,stat_13x13_adaptive,10,0.526,0.555150301527999,10,320,False,0.0486,1.0
ton->unsw,43,statico,11,0.579,0.3990066036032398,0,0,False,0.0496,1.0
ton->unsw,43,ogni_batch,11,0.579,0.6826436977288368,11,352,False,0.0496,1.0
ton->unsw,43,su_innesco,11,0.579,0.3990066036032398,0,0,False,0.0496,1.0
ton->unsw,43,oracolo,11,0.579,0.7167726067840094,11,352,False,0.0496,1.0
ton->unsw,43,stat_13x13,11,0.579,0.5597815952947595,11,352,False,0.0496,1.0
ton->unsw,43,martingala,11,0.579,0.6814070093397389,7,224,False,0.0496,1.0
ton->unsw,43,stat_13x13_adaptive,11,0.579,0.5464877632839323,11,352,False,0.0496,1.0
ton->unsw,43,statico,12,0.632,0.38038193073049226,0,0,False,0.0541,1.0
ton->unsw,43,ogni_batch,12,0.632,0.722319339160836,12,384,False,0.0541,1.0
ton->unsw,43,su_innesco,12,0.632,0.38038193073049226,0,0,False,0.0541,1.0
ton->unsw,43,oracolo,12,0.632,0.7078941257938172,12,384,False,0.0541,1.0
ton->unsw,43,stat_13x13,12,0.632,0.5641454343150015,12,384,False,0.0541,1.0
ton->unsw,43,martingala,12,0.632,0.6827383698336672,7,224,False,0.0541,1.0
ton->unsw,43,stat_13x13_adaptive,12,0.632,0.5515566181601658,12,384,False,0.0541,1.0
ton->unsw,43,statico,13,0.684,0.3638591538407624,0,0,False,0.0523,1.0
ton->unsw,43,ogni_batch,13,0.684,0.7191196604486767,13,416,False,0.0523,1.0
ton->unsw,43,su_innesco,13,0.684,0.3638591538407624,0,0,False,0.0523,1.0
ton->unsw,43,oracolo,13,0.684,0.7263054574040122,13,416,False,0.0523,1.0
ton->unsw,43,stat_13x13,13,0.684,0.5639001296931572,13,416,False,0.0523,1.0
ton->unsw,43,martingala,13,0.684,0.6760253947103433,7,224,False,0.0523,1.0
ton->unsw,43,stat_13x13_adaptive,13,0.684,0.5523297107033717,13,416,False,0.0523,1.0
ton->unsw,43,statico,14,0.737,0.3451255535369402,0,0,False,0.0527,1.0
ton->unsw,43,ogni_batch,14,0.737,0.7206775847889153,14,448,False,0.0527,1.0
ton->unsw,43,su_innesco,14,0.737,0.3451255535369402,0,0,False,0.0527,1.0
ton->unsw,43,oracolo,14,0.737,0.7261888219712455,14,448,False,0.0527,1.0
ton->unsw,43,stat_13x13,14,0.737,0.5784799994715193,14,448,False,0.0527,1.0
ton->unsw,43,martingala,14,0.737,0.6812443846547818,7,224,False,0.0527,1.0
ton->unsw,43,stat_13x13_adaptive,14,0.737,0.5725045728859653,14,448,False,0.0527,1.0
ton->unsw,43,statico,15,0.789,0.3251469378346588,0,0,False,0.05455,1.0
ton->unsw,43,ogni_batch,15,0.789,0.7215258575056056,15,480,False,0.05455,1.0
ton->unsw,43,su_innesco,15,0.789,0.3251469378346588,0,0,False,0.05455,1.0
ton->unsw,43,oracolo,15,0.789,0.707140147701641,15,480,False,0.05455,1.0
ton->unsw,43,stat_13x13,15,0.789,0.6046507460855299,15,480,False,0.05455,1.0
ton->unsw,43,martingala,15,0.789,0.6807457302004818,7,224,False,0.05455,1.0
ton->unsw,43,stat_13x13_adaptive,15,0.789,0.5551123554727871,15,480,False,0.05455,1.0
ton->unsw,43,statico,16,0.842,0.30399652147610406,0,0,False,0.05415,1.0
ton->unsw,43,ogni_batch,16,0.842,0.6922120765275257,16,512,False,0.05415,1.0
ton->unsw,43,su_innesco,16,0.842,0.30399652147610406,0,0,False,0.05415,1.0
ton->unsw,43,oracolo,16,0.842,0.6898177555958862,16,512,False,0.05415,1.0
ton->unsw,43,stat_13x13,16,0.842,0.6142231926799758,16,512,False,0.05415,1.0
ton->unsw,43,martingala,16,0.842,0.6777497353297035,7,224,False,0.05415,1.0
ton->unsw,43,stat_13x13_adaptive,16,0.842,0.566882183908046,16,512,False,0.05415,1.0
ton->unsw,43,statico,17,0.895,0.2757488839998023,0,0,False,0.05555,1.0
ton->unsw,43,ogni_batch,17,0.895,0.7552144539175624,17,544,False,0.05555,1.0
ton->unsw,43,su_innesco,17,0.895,0.2757488839998023,0,0,False,0.05555,1.0
ton->unsw,43,oracolo,17,0.895,0.7113252009462614,17,544,False,0.05555,1.0
ton->unsw,43,stat_13x13,17,0.895,0.6388432822954804,17,544,False,0.05555,1.0
ton->unsw,43,martingala,17,0.895,0.6778167730934637,7,224,False,0.05555,1.0
ton->unsw,43,stat_13x13_adaptive,17,0.895,0.5946712587998874,17,544,False,0.05555,1.0
ton->unsw,43,statico,18,0.947,0.2581608082866662,0,0,False,0.05395,1.0
ton->unsw,43,ogni_batch,18,0.947,0.7440997826646545,18,576,False,0.05395,1.0
ton->unsw,43,su_innesco,18,0.947,0.2581608082866662,0,0,False,0.05395,1.0
ton->unsw,43,oracolo,18,0.947,0.7127289884477509,18,576,False,0.05395,1.0
ton->unsw,43,stat_13x13,18,0.947,0.6297936493941452,18,576,False,0.05395,1.0
ton->unsw,43,martingala,18,0.947,0.6750067324107122,7,224,False,0.05395,1.0
ton->unsw,43,stat_13x13_adaptive,18,0.947,0.6094027828362023,18,576,False,0.05395,1.0
ton->unsw,43,statico,19,1.0,0.23069669418349625,0,0,False,0.05595,1.0
ton->unsw,43,ogni_batch,19,1.0,0.7504531771789028,19,608,False,0.05595,1.0
ton->unsw,43,su_innesco,19,1.0,0.23069669418349625,0,0,False,0.05595,1.0
ton->unsw,43,oracolo,19,1.0,0.7239571977536121,19,608,False,0.05595,1.0
ton->unsw,43,stat_13x13,19,1.0,0.6508239065129775,19,608,False,0.05595,1.0
ton->unsw,43,martingala,19,1.0,0.676029073624427,7,224,False,0.05595,1.0
ton->unsw,43,stat_13x13_adaptive,19,1.0,0.6236277195251885,19,608,False,0.05595,1.0
ton->unsw,44,statico,0,0.0,0.9697,0,0,False,0.0435,1.0
ton->unsw,44,ogni_batch,0,0.0,0.9697,0,0,False,0.0435,1.0
ton->unsw,44,su_innesco,0,0.0,0.9697,0,0,False,0.0435,1.0
ton->unsw,44,oracolo,0,0.0,0.9697,0,0,False,0.0435,1.0
ton->unsw,44,stat_13x13,0,0.0,0.9697,0,0,False,0.0435,1.0
ton->unsw,44,martingala,0,0.0,0.9697,0,0,False,0.0435,1.0
ton->unsw,44,stat_13x13_adaptive,0,0.0,0.9697,0,0,False,0.0435,1.0
ton->unsw,44,statico,1,0.053,0.5228682368134856,0,0,False,0.04535,1.0
ton->unsw,44,ogni_batch,1,0.053,0.5228682368134856,1,32,False,0.04535,1.0
ton->unsw,44,su_innesco,1,0.053,0.5228682368134856,0,0,False,0.04535,1.0
ton->unsw,44,oracolo,1,0.053,0.5228682368134856,1,32,False,0.04535,1.0
ton->unsw,44,stat_13x13,1,0.053,0.4999745106035889,1,32,False,0.04535,1.0
ton->unsw,44,martingala,1,0.053,0.5228682368134856,1,32,False,0.04535,1.0
ton->unsw,44,stat_13x13_adaptive,1,0.053,0.4999745106035889,1,32,False,0.04535,1.0
ton->unsw,44,statico,2,0.105,0.5092315162253565,0,0,False,0.0476,1.0
ton->unsw,44,ogni_batch,2,0.105,0.503654140403559,2,64,False,0.0476,1.0
ton->unsw,44,su_innesco,2,0.105,0.5092315162253565,0,0,False,0.0476,1.0
ton->unsw,44,oracolo,2,0.105,0.6620342895323456,2,64,False,0.0476,1.0
ton->unsw,44,stat_13x13,2,0.105,0.5,2,64,False,0.0476,1.0
ton->unsw,44,martingala,2,0.105,0.503654140403559,2,64,False,0.0476,1.0
ton->unsw,44,stat_13x13_adaptive,2,0.105,0.5,2,64,False,0.0476,1.0
ton->unsw,44,statico,3,0.158,0.48951315697695763,0,0,False,0.05195,1.0
ton->unsw,44,ogni_batch,3,0.158,0.5040648170354586,3,96,False,0.05195,1.0
ton->unsw,44,su_innesco,3,0.158,0.48951315697695763,0,0,False,0.05195,1.0
ton->unsw,44,oracolo,3,0.158,0.7251072897029232,3,96,False,0.05195,1.0
ton->unsw,44,stat_13x13,3,0.158,0.5,3,96,False,0.05195,1.0
ton->unsw,44,martingala,3,0.158,0.5040648170354586,3,96,False,0.05195,1.0
ton->unsw,44,stat_13x13_adaptive,3,0.158,0.5,3,96,False,0.05195,1.0
ton->unsw,44,statico,4,0.211,0.48308705926853374,0,0,False,0.0521,1.0
ton->unsw,44,ogni_batch,4,0.211,0.49648505943401977,4,128,False,0.0521,1.0
ton->unsw,44,su_innesco,4,0.211,0.48308705926853374,0,0,False,0.0521,1.0
ton->unsw,44,oracolo,4,0.211,0.7090645404445026,4,128,False,0.0521,1.0
ton->unsw,44,stat_13x13,4,0.211,0.5,4,128,False,0.0521,1.0
ton->unsw,44,martingala,4,0.211,0.49648505943401977,4,128,False,0.0521,1.0
ton->unsw,44,stat_13x13_adaptive,4,0.211,0.5,4,128,False,0.0521,1.0
ton->unsw,44,statico,5,0.263,0.4781444083472693,0,0,False,0.05165,1.0
ton->unsw,44,ogni_batch,5,0.263,0.4965528861486646,5,160,False,0.05165,1.0
ton->unsw,44,su_innesco,5,0.263,0.4781444083472693,0,0,False,0.05165,1.0
ton->unsw,44,oracolo,5,0.263,0.7275661374582716,5,160,False,0.05165,1.0
ton->unsw,44,stat_13x13,5,0.263,0.5002041395228387,5,160,False,0.05165,1.0
ton->unsw,44,martingala,5,0.263,0.4965528861486646,5,160,False,0.05165,1.0
ton->unsw,44,stat_13x13_adaptive,5,0.263,0.5002041395228387,5,160,False,0.05165,1.0
ton->unsw,44,statico,6,0.316,0.46724224269187214,0,0,False,0.0523,1.0
ton->unsw,44,ogni_batch,6,0.316,0.6078318289959661,6,192,False,0.0523,1.0
ton->unsw,44,su_innesco,6,0.316,0.46724224269187214,0,0,False,0.0523,1.0
ton->unsw,44,oracolo,6,0.316,0.717784339332556,6,192,False,0.0523,1.0
ton->unsw,44,stat_13x13,6,0.316,0.5492047666273214,6,192,False,0.0523,1.0
ton->unsw,44,martingala,6,0.316,0.4935118027001969,5,160,False,0.0523,1.0
ton->unsw,44,stat_13x13_adaptive,6,0.316,0.5171911772899984,6,192,False,0.0523,1.0
ton->unsw,44,statico,7,0.368,0.4453812248756778,0,0,False,0.05515,1.0
ton->unsw,44,ogni_batch,7,0.368,0.6178212849977136,7,224,False,0.05515,1.0
ton->unsw,44,su_innesco,7,0.368,0.4453812248756778,0,0,False,0.05515,1.0
ton->unsw,44,oracolo,7,0.368,0.70794975614118,7,224,False,0.05515,1.0
ton->unsw,44,stat_13x13,7,0.368,0.5815632539883534,7,224,False,0.05515,1.0
ton->unsw,44,martingala,7,0.368,0.4788044041090002,5,160,False,0.05515,1.0
ton->unsw,44,stat_13x13_adaptive,7,0.368,0.544508082595626,7,224,False,0.05515,1.0
ton->unsw,44,statico,8,0.421,0.4354269783003546,0,0,False,0.05685,1.0
ton->unsw,44,ogni_batch,8,0.421,0.6870862649401477,8,256,False,0.05685,1.0
ton->unsw,44,su_innesco,8,0.421,0.4354269783003546,0,0,False,0.05685,1.0
ton->unsw,44,oracolo,8,0.421,0.6971609795627425,8,256,False,0.05685,1.0
ton->unsw,44,stat_13x13,8,0.421,0.6431711530372404,8,256,False,0.05685,1.0
ton->unsw,44,martingala,8,0.421,0.46658506702390856,5,160,False,0.05685,1.0
ton->unsw,44,stat_13x13_adaptive,8,0.421,0.6501860017897511,8,256,False,0.05685,1.0
ton->unsw,44,statico,9,0.474,0.41827653602988935,0,0,False,0.0571,1.0
ton->unsw,44,ogni_batch,9,0.474,0.6936834440960911,9,288,False,0.0571,1.0
ton->unsw,44,su_innesco,9,0.474,0.41827653602988935,0,0,False,0.0571,1.0
ton->unsw,44,oracolo,9,0.474,0.68585138069672,9,288,False,0.0571,1.0
ton->unsw,44,stat_13x13,9,0.474,0.6094813672553678,9,288,False,0.0571,1.0
ton->unsw,44,martingala,9,0.474,0.45511104083509474,5,160,False,0.0571,1.0
ton->unsw,44,stat_13x13_adaptive,9,0.474,0.6265501749475555,9,288,False,0.0571,1.0
ton->unsw,44,statico,10,0.526,0.40555709443079724,0,0,False,0.06085,1.0
ton->unsw,44,ogni_batch,10,0.526,0.6674375991376145,10,320,False,0.06085,1.0
ton->unsw,44,su_innesco,10,0.526,0.40555709443079724,0,0,False,0.06085,1.0
ton->unsw,44,oracolo,10,0.526,0.6873918898669711,10,320,False,0.06085,1.0
ton->unsw,44,stat_13x13,10,0.526,0.6398867209169273,10,320,False,0.06085,1.0
ton->unsw,44,martingala,10,0.526,0.446085027827482,5,160,False,0.06085,1.0
ton->unsw,44,stat_13x13_adaptive,10,0.526,0.6430446208867042,10,320,False,0.06085,1.0
ton->unsw,44,statico,11,0.579,0.3871033934522551,0,0,False,0.0613,1.0
ton->unsw,44,ogni_batch,11,0.579,0.6710219777731228,11,352,False,0.0613,1.0
ton->unsw,44,su_innesco,11,0.579,0.3871033934522551,0,0,False,0.0613,1.0
ton->unsw,44,oracolo,11,0.579,0.6614913161876541,11,352,False,0.0613,1.0
ton->unsw,44,stat_13x13,11,0.579,0.6265900076774269,11,352,False,0.0613,1.0
ton->unsw,44,martingala,11,0.579,0.43692457758767317,5,160,False,0.0613,1.0
ton->unsw,44,stat_13x13_adaptive,11,0.579,0.6423695323563301,11,352,False,0.0613,1.0
ton->unsw,44,statico,12,0.632,0.36738679759956355,0,0,False,0.06895,1.0
ton->unsw,44,ogni_batch,12,0.632,0.6393716606482565,12,384,False,0.06895,1.0
ton->unsw,44,su_innesco,12,0.632,0.36738679759956355,0,0,False,0.06895,1.0
ton->unsw,44,oracolo,12,0.632,0.6714945574520043,12,384,False,0.06895,1.0
ton->unsw,44,stat_13x13,12,0.632,0.6411657530806467,12,384,False,0.06895,1.0
ton->unsw,44,martingala,12,0.632,0.42168463530165656,5,160,False,0.06895,1.0
ton->unsw,44,stat_13x13_adaptive,12,0.632,0.6440582270369505,12,384,False,0.06895,1.0
ton->unsw,44,statico,13,0.684,0.35077862394063597,0,0,False,0.0648,1.0
ton->unsw,44,ogni_batch,13,0.684,0.637790346770873,13,416,False,0.0648,1.0
ton->unsw,44,su_innesco,13,0.684,0.35077862394063597,0,0,False,0.0648,1.0
ton->unsw,44,oracolo,13,0.684,0.7269758029675039,13,416,False,0.0648,1.0
ton->unsw,44,stat_13x13,13,0.684,0.6235675244450674,13,416,False,0.0648,1.0
ton->unsw,44,martingala,13,0.684,0.4091840413066353,5,160,False,0.0648,1.0
ton->unsw,44,stat_13x13_adaptive,13,0.684,0.6683351561171278,13,416,False,0.0648,1.0
ton->unsw,44,statico,14,0.737,0.33283666037429815,0,0,False,0.0651,1.0
ton->unsw,44,ogni_batch,14,0.737,0.7443050048864139,14,448,False,0.0651,1.0
ton->unsw,44,su_innesco,14,0.737,0.33283666037429815,0,0,False,0.0651,1.0
ton->unsw,44,oracolo,14,0.737,0.7233025638252113,14,448,False,0.0651,1.0
ton->unsw,44,stat_13x13,14,0.737,0.6200957153897713,14,448,False,0.0651,1.0
ton->unsw,44,martingala,14,0.737,0.3979289629525491,5,160,False,0.0651,1.0
ton->unsw,44,stat_13x13_adaptive,14,0.737,0.6509586507675478,14,448,False,0.0651,1.0
ton->unsw,44,statico,15,0.789,0.31221769579685377,0,0,False,0.0692,1.0
ton->unsw,44,ogni_batch,15,0.789,0.7300182295030297,15,480,False,0.0692,1.0
ton->unsw,44,su_innesco,15,0.789,0.31221769579685377,0,0,False,0.0692,1.0
ton->unsw,44,oracolo,15,0.789,0.7314121380910283,15,480,False,0.0692,1.0
ton->unsw,44,stat_13x13,15,0.789,0.6639994241080451,15,480,False,0.0692,1.0
ton->unsw,44,martingala,15,0.789,0.3851853635052326,5,160,False,0.0692,1.0
ton->unsw,44,stat_13x13_adaptive,15,0.789,0.662664195494362,15,480,False,0.0692,1.0
ton->unsw,44,statico,16,0.842,0.2896082610528303,0,0,False,0.06995,1.0
ton->unsw,44,ogni_batch,16,0.842,0.7243297084959064,16,512,False,0.06995,1.0
ton->unsw,44,su_innesco,16,0.842,0.2896082610528303,0,0,False,0.06995,1.0
ton->unsw,44,oracolo,16,0.842,0.7173064201443624,16,512,False,0.06995,1.0
ton->unsw,44,stat_13x13,16,0.842,0.6703526823671605,16,512,False,0.06995,1.0
ton->unsw,44,martingala,16,0.842,0.3692644019047904,5,160,False,0.06995,1.0
ton->unsw,44,stat_13x13_adaptive,16,0.842,0.671566259065776,16,512,False,0.06995,1.0
ton->unsw,44,statico,17,0.895,0.2665486598309048,0,0,False,0.0701,1.0
ton->unsw,44,ogni_batch,17,0.895,0.7245540564849793,17,544,False,0.0701,1.0
ton->unsw,44,su_innesco,17,0.895,0.2665486598309048,0,0,False,0.0701,1.0
ton->unsw,44,oracolo,17,0.895,0.710527073214607,17,544,False,0.0701,1.0
ton->unsw,44,stat_13x13,17,0.895,0.6787465371469689,17,544,False,0.0701,1.0
ton->unsw,44,martingala,17,0.895,0.3546753013131858,5,160,False,0.0701,1.0
ton->unsw,44,stat_13x13_adaptive,17,0.895,0.6788616657672243,17,544,False,0.0701,1.0
ton->unsw,44,statico,18,0.947,0.24728386809269165,0,0,False,0.0746,1.0
ton->unsw,44,ogni_batch,18,0.947,0.7255080213903744,18,576,False,0.0746,1.0
ton->unsw,44,su_innesco,18,0.947,0.24728386809269165,0,0,False,0.0746,1.0
ton->unsw,44,oracolo,18,0.947,0.7152606951871658,18,576,False,0.0746,1.0
ton->unsw,44,stat_13x13,18,0.947,0.6798395721925133,18,576,False,0.0746,1.0
ton->unsw,44,martingala,18,0.947,0.3390196078431373,5,160,False,0.0746,1.0
ton->unsw,44,stat_13x13_adaptive,18,0.947,0.6768382352941177,18,576,False,0.0746,1.0
ton->unsw,44,statico,19,1.0,0.21631896624517472,0,0,False,0.07705,1.0
ton->unsw,44,ogni_batch,19,1.0,0.7333556074001915,19,608,False,0.07705,1.0
ton->unsw,44,su_innesco,19,1.0,0.21631896624517472,0,0,False,0.07705,1.0
ton->unsw,44,oracolo,19,1.0,0.739159808380018,19,608,False,0.07705,1.0
ton->unsw,44,stat_13x13,19,1.0,0.6973427844293453,19,608,False,0.07705,1.0
ton->unsw,44,martingala,19,1.0,0.3192314721266896,5,160,False,0.07705,1.0
ton->unsw,44,stat_13x13_adaptive,19,1.0,0.7079433511296653,19,608,False,0.07705,1.0
ton->unsw,45,statico,0,0.0,0.96815,0,0,False,0.0499,1.0
ton->unsw,45,ogni_batch,0,0.0,0.96815,0,0,False,0.0499,1.0
ton->unsw,45,su_innesco,0,0.0,0.96815,0,0,False,0.0499,1.0
ton->unsw,45,oracolo,0,0.0,0.96815,0,0,False,0.0499,1.0
ton->unsw,45,stat_13x13,0,0.0,0.96815,0,0,False,0.0499,1.0
ton->unsw,45,martingala,0,0.0,0.96815,0,0,False,0.0499,1.0
ton->unsw,45,stat_13x13_adaptive,0,0.0,0.96815,0,0,False,0.0499,1.0
ton->unsw,45,statico,1,0.053,0.520034665579119,0,0,False,0.0503,1.0
ton->unsw,45,ogni_batch,1,0.053,0.520034665579119,1,32,False,0.0503,1.0
ton->unsw,45,su_innesco,1,0.053,0.520034665579119,0,0,False,0.0503,1.0
ton->unsw,45,oracolo,1,0.053,0.520034665579119,1,32,False,0.0503,1.0
ton->unsw,45,stat_13x13,1,0.053,0.5,1,32,False,0.0503,1.0
ton->unsw,45,martingala,1,0.053,0.520034665579119,1,32,False,0.0503,1.0
ton->unsw,45,stat_13x13_adaptive,1,0.053,0.5,1,32,False,0.0503,1.0
ton->unsw,45,statico,2,0.105,0.502958022983522,0,0,False,0.0518,1.0
ton->unsw,45,ogni_batch,2,0.105,0.502958022983522,2,64,False,0.0518,1.0
ton->unsw,45,su_innesco,2,0.105,0.502958022983522,0,0,False,0.0518,1.0
ton->unsw,45,oracolo,2,0.105,0.7612401260153578,2,64,False,0.0518,1.0
ton->unsw,45,stat_13x13,2,0.105,0.5,2,64,False,0.0518,1.0
ton->unsw,45,martingala,2,0.105,0.502958022983522,2,64,False,0.0518,1.0
ton->unsw,45,stat_13x13_adaptive,2,0.105,0.5,2,64,False,0.0518,1.0
ton->unsw,45,statico,3,0.158,0.49302386931710995,0,0,False,0.05275,1.0
ton->unsw,45,ogni_batch,3,0.158,0.49302386931710995,3,96,False,0.05275,1.0
ton->unsw,45,su_innesco,3,0.158,0.49302386931710995,0,0,False,0.05275,1.0
ton->unsw,45,oracolo,3,0.158,0.6951083816732693,3,96,False,0.05275,1.0
ton->unsw,45,stat_13x13,3,0.158,0.5,3,96,False,0.05275,1.0
ton->unsw,45,martingala,3,0.158,0.49302386931710995,3,96,False,0.05275,1.0
ton->unsw,45,stat_13x13_adaptive,3,0.158,0.5,3,96,False,0.05275,1.0
ton->unsw,45,statico,4,0.211,0.4844295830055075,0,0,False,0.0518,1.0
ton->unsw,45,ogni_batch,4,0.211,0.4844295830055075,4,128,False,0.0518,1.0
ton->unsw,45,su_innesco,4,0.211,0.4844295830055075,0,0,False,0.0518,1.0
ton->unsw,45,oracolo,4,0.211,0.8093705743509048,4,128,False,0.0518,1.0
ton->unsw,45,stat_13x13,4,0.211,0.5,4,128,False,0.0518,1.0
ton->unsw,45,martingala,4,0.211,0.4844295830055075,4,128,False,0.0518,1.0
ton->unsw,45,stat_13x13_adaptive,4,0.211,0.5,4,128,False,0.0518,1.0
ton->unsw,45,statico,5,0.263,0.4658756814017968,0,0,False,0.0545,1.0
ton->unsw,45,ogni_batch,5,0.263,0.536451905900848,5,160,False,0.0545,1.0
ton->unsw,45,su_innesco,5,0.263,0.4658756814017968,0,0,False,0.0545,1.0
ton->unsw,45,oracolo,5,0.263,0.7894252745871344,5,160,False,0.0545,1.0
ton->unsw,45,stat_13x13,5,0.263,0.5447028780519881,5,160,False,0.0545,1.0
ton->unsw,45,martingala,5,0.263,0.536451905900848,5,160,False,0.0545,1.0
ton->unsw,45,stat_13x13_adaptive,5,0.263,0.500617524680671,5,160,False,0.0545,1.0
ton->unsw,45,statico,6,0.316,0.4568488323434621,0,0,False,0.0564,1.0
ton->unsw,45,ogni_batch,6,0.316,0.5590992293931808,6,192,False,0.0564,1.0
ton->unsw,45,su_innesco,6,0.316,0.4568488323434621,0,0,False,0.0564,1.0
ton->unsw,45,oracolo,6,0.316,0.756128759124802,6,192,False,0.0564,1.0
ton->unsw,45,stat_13x13,6,0.316,0.5625103086097999,6,192,False,0.0564,1.0
ton->unsw,45,martingala,6,0.316,0.5590992293931808,6,192,False,0.0564,1.0
ton->unsw,45,stat_13x13_adaptive,6,0.316,0.5929561299826986,6,192,False,0.0564,1.0
ton->unsw,45,statico,7,0.368,0.44454575490852416,0,0,False,0.05795,1.0
ton->unsw,45,ogni_batch,7,0.368,0.5910746396300282,7,224,False,0.05795,1.0
ton->unsw,45,su_innesco,7,0.368,0.44454575490852416,0,0,False,0.05795,1.0
ton->unsw,45,oracolo,7,0.368,0.7306203306207295,7,224,False,0.05795,1.0
ton->unsw,45,stat_13x13,7,0.368,0.5737356432633918,7,224,False,0.05795,1.0
ton->unsw,45,martingala,7,0.368,0.5910746396300282,7,224,False,0.05795,1.0
ton->unsw,45,stat_13x13_adaptive,7,0.368,0.6019144374575257,7,224,False,0.05795,1.0
ton->unsw,45,statico,8,0.421,0.4252554933268618,0,0,False,0.06105,1.0
ton->unsw,45,ogni_batch,8,0.421,0.6899239327401305,8,256,False,0.06105,1.0
ton->unsw,45,su_innesco,8,0.421,0.4252554933268618,0,0,False,0.06105,1.0
ton->unsw,45,oracolo,8,0.421,0.7097938347952513,8,256,False,0.06105,1.0
ton->unsw,45,stat_13x13,8,0.421,0.5900237835108755,8,256,False,0.06105,1.0
ton->unsw,45,martingala,8,0.421,0.6899239327401305,8,256,False,0.06105,1.0
ton->unsw,45,stat_13x13_adaptive,8,0.421,0.5771607867318478,8,256,False,0.06105,1.0
ton->unsw,45,statico,9,0.474,0.4153293918918919,0,0,False,0.0642,1.0
ton->unsw,45,ogni_batch,9,0.474,0.6780059223108288,9,288,False,0.0642,1.0
ton->unsw,45,su_innesco,9,0.474,0.4153293918918919,0,0,False,0.0642,1.0
ton->unsw,45,oracolo,9,0.474,0.7166075036986252,9,288,False,0.0642,1.0
ton->unsw,45,stat_13x13,9,0.474,0.5817683713419695,9,288,False,0.0642,1.0
ton->unsw,45,martingala,9,0.474,0.6797297861112114,8,256,False,0.0642,1.0
ton->unsw,45,stat_13x13_adaptive,9,0.474,0.5844481831631364,9,288,False,0.0642,1.0
ton->unsw,45,statico,10,0.526,0.39284414167434,0,0,False,0.0645,1.0
ton->unsw,45,ogni_batch,10,0.526,0.7152860595225103,10,320,False,0.0645,1.0
ton->unsw,45,su_innesco,10,0.526,0.39284414167434,0,0,False,0.0645,1.0
ton->unsw,45,oracolo,10,0.526,0.6778877524325183,10,320,False,0.0645,1.0
ton->unsw,45,stat_13x13,10,0.526,0.5979958136934266,10,320,False,0.0645,1.0
ton->unsw,45,martingala,10,0.526,0.6844722103364241,8,256,False,0.0645,1.0
ton->unsw,45,stat_13x13_adaptive,10,0.526,0.5851996888640254,10,320,False,0.0645,1.0
ton->unsw,45,statico,11,0.579,0.37984166586955914,0,0,False,0.0663,1.0
ton->unsw,45,ogni_batch,11,0.579,0.7393977144673296,11,352,False,0.0663,1.0
ton->unsw,45,su_innesco,11,0.579,0.37984166586955914,0,0,False,0.0663,1.0
ton->unsw,45,oracolo,11,0.579,0.6771975300973183,11,352,False,0.0663,1.0
ton->unsw,45,stat_13x13,11,0.579,0.6275470823769631,11,352,False,0.0663,1.0
ton->unsw,45,martingala,11,0.579,0.6734279674597219,8,256,False,0.0663,1.0
ton->unsw,45,stat_13x13_adaptive,11,0.579,0.581981204014678,11,352,False,0.0663,1.0
ton->unsw,45,statico,12,0.632,0.3651078608368146,0,0,False,0.0678,1.0
ton->unsw,45,ogni_batch,12,0.632,0.706182881858461,12,384,False,0.0678,1.0
ton->unsw,45,su_innesco,12,0.632,0.3651078608368146,0,0,False,0.0678,1.0
ton->unsw,45,oracolo,12,0.632,0.7556187395813272,12,384,False,0.0678,1.0
ton->unsw,45,stat_13x13,12,0.632,0.6381050996120947,12,384,False,0.0678,1.0
ton->unsw,45,martingala,12,0.632,0.667469850070919,8,256,False,0.0678,1.0
ton->unsw,45,stat_13x13_adaptive,12,0.632,0.5806134487272576,12,384,False,0.0678,1.0
ton->unsw,45,statico,13,0.684,0.34323780117986735,0,0,False,0.0674,1.0
ton->unsw,45,ogni_batch,13,0.684,0.7171896991583955,13,416,False,0.0674,1.0
ton->unsw,45,su_innesco,13,0.684,0.34323780117986735,0,0,False,0.0674,1.0
ton->unsw,45,oracolo,13,0.684,0.7244135901797129,13,416,False,0.0674,1.0
ton->unsw,45,stat_13x13,13,0.684,0.6620829314546434,13,416,False,0.0674,1.0
ton->unsw,45,martingala,13,0.684,0.675402468884744,8,256,False,0.0674,1.0
ton->unsw,45,stat_13x13_adaptive,13,0.684,0.5934662318782887,13,416,False,0.0674,1.0
ton->unsw,45,statico,14,0.737,0.3262380065522289,0,0,False,0.0708,1.0
ton->unsw,45,ogni_batch,14,0.737,0.7707944693261881,14,448,False,0.0708,1.0
ton->unsw,45,su_innesco,14,0.737,0.3262380065522289,0,0,False,0.0708,1.0
ton->unsw,45,oracolo,14,0.737,0.7288703592283797,14,448,False,0.0708,1.0
ton->unsw,45,stat_13x13,14,0.737,0.6575853547985947,14,448,False,0.0708,1.0
ton->unsw,45,martingala,14,0.737,0.658813128843579,8,256,False,0.0708,1.0
ton->unsw,45,stat_13x13_adaptive,14,0.737,0.58640333809859,14,448,False,0.0708,1.0
ton->unsw,45,statico,15,0.789,0.3065247460009909,0,0,False,0.0709,1.0
ton->unsw,45,ogni_batch,15,0.789,0.7417758906762841,15,480,False,0.0709,1.0
ton->unsw,45,su_innesco,15,0.789,0.3065247460009909,0,0,False,0.0709,1.0
ton->unsw,45,oracolo,15,0.789,0.7182106253198199,15,480,False,0.0709,1.0
ton->unsw,45,stat_13x13,15,0.789,0.650621496335641,15,480,False,0.0709,1.0
ton->unsw,45,martingala,15,0.789,0.6596310854046465,8,256,False,0.0709,1.0
ton->unsw,45,stat_13x13_adaptive,15,0.789,0.594176399085595,15,480,False,0.0709,1.0
ton->unsw,45,statico,16,0.842,0.28338837704395303,0,0,False,0.0752,1.0
ton->unsw,45,ogni_batch,16,0.842,0.72762545654471,16,512,False,0.0752,1.0
ton->unsw,45,su_innesco,16,0.842,0.28338837704395303,0,0,False,0.0752,1.0
ton->unsw,45,oracolo,16,0.842,0.7087338511941501,16,512,False,0.0752,1.0
ton->unsw,45,stat_13x13,16,0.842,0.6455942870400415,16,512,False,0.0752,1.0
ton->unsw,45,martingala,16,0.842,0.6530213930747556,8,256,False,0.0752,1.0
ton->unsw,45,stat_13x13_adaptive,16,0.842,0.5799484543112949,16,512,False,0.0752,1.0
ton->unsw,45,statico,17,0.895,0.2655117094151585,0,0,False,0.07145,1.0
ton->unsw,45,ogni_batch,17,0.895,0.726919845271043,17,544,False,0.07145,1.0
ton->unsw,45,su_innesco,17,0.895,0.2655117094151585,0,0,False,0.07145,1.0
ton->unsw,45,oracolo,17,0.895,0.7174977571130432,17,544,False,0.07145,1.0
ton->unsw,45,stat_13x13,17,0.895,0.7357088282851771,17,544,False,0.07145,1.0
ton->unsw,45,martingala,17,0.895,0.6494357415454699,8,256,False,0.07145,1.0
ton->unsw,45,stat_13x13_adaptive,17,0.895,0.7120540914078975,17,544,False,0.07145,1.0
ton->unsw,45,statico,18,0.947,0.24095309990237465,0,0,False,0.07345,1.0
ton->unsw,45,ogni_batch,18,0.947,0.7280532508431283,18,576,False,0.07345,1.0
ton->unsw,45,su_innesco,18,0.947,0.24095309990237465,0,0,False,0.07345,1.0
ton->unsw,45,oracolo,18,0.947,0.723615531137244,18,576,False,0.07345,1.0
ton->unsw,45,stat_13x13,18,0.947,0.6651882108907267,18,576,False,0.07345,1.0
ton->unsw,45,martingala,18,0.947,0.6434756506564259,8,256,False,0.07345,1.0
ton->unsw,45,stat_13x13_adaptive,18,0.947,0.6443311524408624,18,576,False,0.07345,1.0
ton->unsw,45,statico,19,1.0,0.21152222622817873,0,0,False,0.08075,1.0
ton->unsw,45,ogni_batch,19,1.0,0.7376881545329936,19,608,False,0.08075,1.0
ton->unsw,45,su_innesco,19,1.0,0.21152222622817873,0,0,False,0.08075,1.0
ton->unsw,45,oracolo,19,1.0,0.7346603674469824,19,608,False,0.08075,1.0
ton->unsw,45,stat_13x13,19,1.0,0.7053547098902415,19,608,False,0.08075,1.0
ton->unsw,45,martingala,19,1.0,0.6386492931386812,8,256,False,0.08075,1.0
ton->unsw,45,stat_13x13_adaptive,19,1.0,0.6862173424184577,19,608,False,0.08075,1.0
ton->unsw,46,statico,0,0.0,0.9703,0,0,False,0.0477,1.0
ton->unsw,46,ogni_batch,0,0.0,0.9703,0,0,False,0.0477,1.0
ton->unsw,46,su_innesco,0,0.0,0.9703,0,0,False,0.0477,1.0
ton->unsw,46,oracolo,0,0.0,0.9703,0,0,False,0.0477,1.0
ton->unsw,46,stat_13x13,0,0.0,0.9703,0,0,False,0.0477,1.0
ton->unsw,46,martingala,0,0.0,0.9703,0,0,False,0.0477,1.0
ton->unsw,46,stat_13x13_adaptive,0,0.0,0.9703,0,0,False,0.0477,1.0
ton->unsw,46,statico,1,0.053,0.5227768794435105,0,0,False,0.04795,1.0
ton->unsw,46,ogni_batch,1,0.053,0.5227768794435105,1,32,False,0.04795,1.0
ton->unsw,46,su_innesco,1,0.053,0.5227768794435105,0,0,False,0.04795,1.0
ton->unsw,46,oracolo,1,0.053,0.5227768794435105,1,32,False,0.04795,1.0
ton->unsw,46,stat_13x13,1,0.053,0.5,1,32,False,0.04795,1.0
ton->unsw,46,martingala,1,0.053,0.5227768794435105,1,32,False,0.04795,1.0
ton->unsw,46,stat_13x13_adaptive,1,0.053,0.5,1,32,False,0.04795,1.0
ton->unsw,46,statico,2,0.105,0.5240864144638927,0,0,False,0.04795,1.0
ton->unsw,46,ogni_batch,2,0.105,0.6120499174981374,2,64,False,0.04795,1.0
ton->unsw,46,su_innesco,2,0.105,0.5240864144638927,0,0,False,0.04795,1.0
ton->unsw,46,oracolo,2,0.105,0.7681432693449232,2,64,False,0.04795,1.0
ton->unsw,46,stat_13x13,2,0.105,0.5234640802891952,2,64,False,0.04795,1.0
ton->unsw,46,martingala,2,0.105,0.6120499174981374,2,64,False,0.04795,1.0
ton->unsw,46,stat_13x13_adaptive,2,0.105,0.5,2,64,False,0.04795,1.0
ton->unsw,46,statico,3,0.158,0.4961442577812506,0,0,False,0.04575,1.0
ton->unsw,46,ogni_batch,3,0.158,0.6239614146713549,3,96,False,0.04575,1.0
ton->unsw,46,su_innesco,3,0.158,0.4961442577812506,0,0,False,0.04575,1.0
ton->unsw,46,oracolo,3,0.158,0.7580524083272869,3,96,False,0.04575,1.0
ton->unsw,46,stat_13x13,3,0.158,0.5284171457275214,3,96,False,0.04575,1.0
ton->unsw,46,martingala,3,0.158,0.6239614146713549,3,96,False,0.04575,1.0
ton->unsw,46,stat_13x13_adaptive,3,0.158,0.507403118081524,3,96,False,0.04575,1.0
ton->unsw,46,statico,4,0.211,0.4905405603020647,0,0,False,0.04375,1.0
ton->unsw,46,ogni_batch,4,0.211,0.6239633096039152,4,128,False,0.04375,1.0
ton->unsw,46,su_innesco,4,0.211,0.4905405603020647,0,0,False,0.04375,1.0
ton->unsw,46,oracolo,4,0.211,0.7277152394758488,4,128,False,0.04375,1.0
ton->unsw,46,stat_13x13,4,0.211,0.5710469762598532,4,128,False,0.04375,1.0
ton->unsw,46,martingala,4,0.211,0.6239633096039152,4,128,False,0.04375,1.0
ton->unsw,46,stat_13x13_adaptive,4,0.211,0.5210933059331618,4,128,False,0.04375,1.0
ton->unsw,46,statico,5,0.263,0.47631925814067416,0,0,False,0.043,1.0
ton->unsw,46,ogni_batch,5,0.263,0.5964583473526839,5,160,False,0.043,1.0
ton->unsw,46,su_innesco,5,0.263,0.47631925814067416,0,0,False,0.043,1.0
ton->unsw,46,oracolo,5,0.263,0.7090708688169958,5,160,False,0.043,1.0
ton->unsw,46,stat_13x13,5,0.263,0.5602406002901593,5,160,False,0.043,1.0
ton->unsw,46,martingala,5,0.263,0.5964583473526839,5,160,False,0.043,1.0
ton->unsw,46,stat_13x13_adaptive,5,0.263,0.542551807284478,5,160,False,0.043,1.0
ton->unsw,46,statico,6,0.316,0.46380535231118036,0,0,False,0.04295,1.0
ton->unsw,46,ogni_batch,6,0.316,0.6326407481451699,6,192,False,0.04295,1.0
ton->unsw,46,su_innesco,6,0.316,0.46380535231118036,0,0,False,0.04295,1.0
ton->unsw,46,oracolo,6,0.316,0.7002892256497386,6,192,False,0.04295,1.0
ton->unsw,46,stat_13x13,6,0.316,0.5880327406152978,6,192,False,0.04295,1.0
ton->unsw,46,martingala,6,0.316,0.6326407481451699,6,192,False,0.04295,1.0
ton->unsw,46,stat_13x13_adaptive,6,0.316,0.5503849857116476,6,192,False,0.04295,1.0
ton->unsw,46,statico,7,0.368,0.44623503368792766,0,0,False,0.04005,1.0
ton->unsw,46,ogni_batch,7,0.368,0.5987018947812262,7,224,False,0.04005,1.0
ton->unsw,46,su_innesco,7,0.368,0.44623503368792766,0,0,False,0.04005,1.0
ton->unsw,46,oracolo,7,0.368,0.6988696755944799,7,224,False,0.04005,1.0
ton->unsw,46,stat_13x13,7,0.368,0.5923571886611794,7,224,False,0.04005,1.0
ton->unsw,46,martingala,7,0.368,0.5987018947812262,7,224,False,0.04005,1.0
ton->unsw,46,stat_13x13_adaptive,7,0.368,0.5183860539885277,7,224,False,0.04005,1.0
ton->unsw,46,statico,8,0.421,0.43864234616498976,0,0,False,0.0406,1.0
ton->unsw,46,ogni_batch,8,0.421,0.634672856382993,8,256,False,0.0406,1.0
ton->unsw,46,su_innesco,8,0.421,0.43864234616498976,0,0,False,0.0406,1.0
ton->unsw,46,oracolo,8,0.421,0.6799216731931512,8,256,False,0.0406,1.0
ton->unsw,46,stat_13x13,8,0.421,0.597178563916922,8,256,False,0.0406,1.0
ton->unsw,46,martingala,8,0.421,0.5881038855332945,7,224,False,0.0406,1.0
ton->unsw,46,stat_13x13_adaptive,8,0.421,0.5565534922581336,8,256,False,0.0406,1.0
ton->unsw,46,statico,9,0.474,0.42115803842865596,0,0,False,0.03915,1.0
ton->unsw,46,ogni_batch,9,0.474,0.6522209795516112,9,288,False,0.03915,1.0
ton->unsw,46,su_innesco,9,0.474,0.42115803842865596,0,0,False,0.03915,1.0
ton->unsw,46,oracolo,9,0.474,0.6811677788999122,9,288,False,0.03915,1.0
ton->unsw,46,stat_13x13,9,0.474,0.5673963697372685,9,288,False,0.03915,1.0
ton->unsw,46,martingala,9,0.474,0.5708298212821548,7,224,False,0.03915,1.0
ton->unsw,46,stat_13x13_adaptive,9,0.474,0.5556243257507467,9,288,False,0.03915,1.0
ton->unsw,46,statico,10,0.526,0.407871712976663,0,0,False,0.03755,1.0
ton->unsw,46,ogni_batch,10,0.526,0.5957373034418718,10,320,False,0.03755,1.0
ton->unsw,46,su_innesco,10,0.526,0.407871712976663,0,0,False,0.03755,1.0
ton->unsw,46,oracolo,10,0.526,0.6820845110664394,10,320,False,0.03755,1.0
ton->unsw,46,stat_13x13,10,0.526,0.6488639679996735,10,320,False,0.03755,1.0
ton->unsw,46,martingala,10,0.526,0.5562242471861958,7,224,False,0.03755,1.0
ton->unsw,46,stat_13x13_adaptive,10,0.526,0.5664384330452352,10,320,False,0.03755,1.0
ton->unsw,46,statico,11,0.579,0.3933553391500976,0,0,False,0.03425,1.0
ton->unsw,46,ogni_batch,11,0.579,0.6047894532259998,11,352,False,0.03425,1.0
ton->unsw,46,su_innesco,11,0.579,0.3933553391500976,0,0,False,0.03425,1.0
ton->unsw,46,oracolo,11,0.579,0.6616845551187331,11,352,False,0.03425,1.0
ton->unsw,46,stat_13x13,11,0.579,0.6527688250456753,11,352,False,0.03425,1.0
ton->unsw,46,martingala,11,0.579,0.5507190171529246,7,224,False,0.03425,1.0
ton->unsw,46,stat_13x13_adaptive,11,0.579,0.586275333907444,11,352,False,0.03425,1.0
ton->unsw,46,statico,12,0.632,0.37118328724667965,0,0,False,0.0341,1.0
ton->unsw,46,ogni_batch,12,0.632,0.6074939738005347,12,384,False,0.0341,1.0
ton->unsw,46,su_innesco,12,0.632,0.37118328724667965,0,0,False,0.0341,1.0
ton->unsw,46,oracolo,12,0.632,0.6542853577636412,12,384,False,0.0341,1.0
ton->unsw,46,stat_13x13,12,0.632,0.6433929825139443,12,384,False,0.0341,1.0
ton->unsw,46,martingala,12,0.632,0.5269405203509759,7,224,False,0.0341,1.0
ton->unsw,46,stat_13x13_adaptive,12,0.632,0.5863359760865824,12,384,False,0.0341,1.0
ton->unsw,46,statico,13,0.684,0.3527512642006821,0,0,False,0.03235,1.0
ton->unsw,46,ogni_batch,13,0.684,0.6224556102682157,13,416,False,0.03235,1.0
ton->unsw,46,su_innesco,13,0.684,0.3527512642006821,0,0,False,0.03235,1.0
ton->unsw,46,oracolo,13,0.684,0.7107937481407318,13,416,False,0.03235,1.0
ton->unsw,46,stat_13x13,13,0.684,0.645781281787446,13,416,False,0.03235,1.0
ton->unsw,46,martingala,13,0.684,0.5136005025974433,7,224,False,0.03235,1.0
ton->unsw,46,stat_13x13_adaptive,13,0.684,0.5789941489790501,13,416,False,0.03235,1.0
ton->unsw,46,statico,14,0.737,0.33192878763727784,0,0,False,0.0334,1.0
ton->unsw,46,ogni_batch,14,0.737,0.6208049780710255,14,448,False,0.0334,1.0
ton->unsw,46,su_innesco,14,0.737,0.33192878763727784,0,0,False,0.0334,1.0
ton->unsw,46,oracolo,14,0.737,0.7028601259659601,14,448,False,0.0334,1.0
ton->unsw,46,stat_13x13,14,0.737,0.6900275917350371,14,448,False,0.0334,1.0
ton->unsw,46,martingala,14,0.737,0.5023493934854901,7,224,False,0.0334,1.0
ton->unsw,46,stat_13x13_adaptive,14,0.737,0.6674892553281936,14,448,False,0.0334,1.0
ton->unsw,46,statico,15,0.789,0.31302426186390314,0,0,False,0.03115,1.0
ton->unsw,46,ogni_batch,15,0.789,0.7042810741340839,15,480,False,0.03115,1.0
ton->unsw,46,su_innesco,15,0.789,0.31302426186390314,0,0,False,0.03115,1.0
ton->unsw,46,oracolo,15,0.789,0.7019461921880203,15,480,False,0.03115,1.0
ton->unsw,46,stat_13x13,15,0.789,0.592932036590059,15,480,False,0.03115,1.0
ton->unsw,46,martingala,15,0.789,0.47572714638987634,7,224,False,0.03115,1.0
ton->unsw,46,stat_13x13_adaptive,15,0.789,0.5832938776199867,15,480,False,0.03115,1.0
ton->unsw,46,statico,16,0.842,0.2948362866798447,0,0,False,0.03,1.0
ton->unsw,46,ogni_batch,16,0.842,0.708102720564245,16,512,False,0.03,1.0
ton->unsw,46,su_innesco,16,0.842,0.2948362866798447,0,0,False,0.03,1.0
ton->unsw,46,oracolo,16,0.842,0.7230334762406528,16,512,False,0.03,1.0
ton->unsw,46,stat_13x13,16,0.842,0.5768360225208093,16,512,False,0.03,1.0
ton->unsw,46,martingala,16,0.842,0.46205862198791503,7,224,False,0.03,1.0
ton->unsw,46,stat_13x13_adaptive,16,0.842,0.5797295264378737,16,512,False,0.03,1.0
ton->unsw,46,statico,17,0.895,0.26788770522093025,0,0,False,0.0281,1.0
ton->unsw,46,ogni_batch,17,0.895,0.7231664998467664,17,544,False,0.0281,1.0
ton->unsw,46,su_innesco,17,0.895,0.26788770522093025,0,0,False,0.0281,1.0
ton->unsw,46,oracolo,17,0.895,0.7359072519943863,17,544,False,0.0281,1.0
ton->unsw,46,stat_13x13,17,0.895,0.7249597552627673,17,544,False,0.0281,1.0
ton->unsw,46,martingala,17,0.895,0.44476030412724066,7,224,False,0.0281,1.0
ton->unsw,46,stat_13x13_adaptive,17,0.895,0.666641543497203,17,544,False,0.0281,1.0
ton->unsw,46,statico,18,0.947,0.24576153239528747,0,0,False,0.0254,1.0
ton->unsw,46,ogni_batch,18,0.947,0.7385120962883629,18,576,False,0.0254,1.0
ton->unsw,46,su_innesco,18,0.947,0.24576153239528747,0,0,False,0.0254,1.0
ton->unsw,46,oracolo,18,0.947,0.7291596248892873,18,576,False,0.0254,1.0
ton->unsw,46,stat_13x13,18,0.947,0.6120566346091464,18,576,False,0.0254,1.0
ton->unsw,46,martingala,18,0.947,0.4319325950189965,7,224,False,0.0254,1.0
ton->unsw,46,stat_13x13_adaptive,18,0.947,0.6125380361172603,18,576,False,0.0254,1.0
ton->unsw,46,statico,19,1.0,0.21584451281156433,0,0,False,0.0269,1.0
ton->unsw,46,ogni_batch,19,1.0,0.7444973354826737,19,608,False,0.0269,1.0
ton->unsw,46,su_innesco,19,1.0,0.21584451281156433,0,0,False,0.0269,1.0
ton->unsw,46,oracolo,19,1.0,0.7463795663096435,19,608,False,0.0269,1.0
ton->unsw,46,stat_13x13,19,1.0,0.6313662264119588,19,608,False,0.0269,1.0
ton->unsw,46,martingala,19,1.0,0.3998628272135297,7,224,False,0.0269,1.0
ton->unsw,46,stat_13x13_adaptive,19,1.0,0.6097602142138981,19,608,False,0.0269,1.0
ton->unsw,47,statico,0,0.0,0.96775,0,0,False,0.04685,1.0
ton->unsw,47,ogni_batch,0,0.0,0.96775,0,0,False,0.04685,1.0
ton->unsw,47,su_innesco,0,0.0,0.96775,0,0,False,0.04685,1.0
ton->unsw,47,oracolo,0,0.0,0.96775,0,0,False,0.04685,1.0
ton->unsw,47,stat_13x13,0,0.0,0.96775,0,0,False,0.04685,1.0
ton->unsw,47,martingala,0,0.0,0.96775,0,0,False,0.04685,1.0
ton->unsw,47,stat_13x13_adaptive,0,0.0,0.96775,0,0,False,0.04685,1.0
ton->unsw,47,statico,1,0.053,0.5166300547819771,0,0,False,0.04575,1.0
ton->unsw,47,ogni_batch,1,0.053,0.5166300547819771,1,32,False,0.04575,1.0
ton->unsw,47,su_innesco,1,0.053,0.5166300547819771,0,0,False,0.04575,1.0
ton->unsw,47,oracolo,1,0.053,0.5166300547819771,1,32,False,0.04575,1.0
ton->unsw,47,stat_13x13,1,0.053,0.49994903939254953,1,32,False,0.04575,1.0
ton->unsw,47,martingala,1,0.053,0.5166300547819771,1,32,False,0.04575,1.0
ton->unsw,47,stat_13x13_adaptive,1,0.053,0.49994903939254953,1,32,False,0.04575,1.0
ton->unsw,47,statico,2,0.105,0.5112548674923496,0,0,False,0.04185,1.0
ton->unsw,47,ogni_batch,2,0.105,0.49901535898740834,2,64,False,0.04185,1.0
ton->unsw,47,su_innesco,2,0.105,0.5112548674923496,0,0,False,0.04185,1.0
ton->unsw,47,oracolo,2,0.105,0.74384873350429,2,64,False,0.04185,1.0
ton->unsw,47,stat_13x13,2,0.105,0.5,2,64,False,0.04185,1.0
ton->unsw,47,martingala,2,0.105,0.49901535898740834,2,64,False,0.04185,1.0
ton->unsw,47,stat_13x13_adaptive,2,0.105,0.5,2,64,False,0.04185,1.0
ton->unsw,47,statico,3,0.158,0.5083727367085689,0,0,False,0.04085,1.0
ton->unsw,47,ogni_batch,3,0.158,0.5323815015569139,3,96,False,0.04085,1.0
ton->unsw,47,su_innesco,3,0.158,0.5083727367085689,0,0,False,0.04085,1.0
ton->unsw,47,oracolo,3,0.158,0.6795952023988006,3,96,False,0.04085,1.0
ton->unsw,47,stat_13x13,3,0.158,0.5,3,96,False,0.04085,1.0
ton->unsw,47,martingala,3,0.158,0.5323815015569139,3,96,False,0.04085,1.0
ton->unsw,47,stat_13x13_adaptive,3,0.158,0.5,3,96,False,0.04085,1.0
ton->unsw,47,statico,4,0.211,0.48903443044209627,0,0,False,0.04155,1.0
ton->unsw,47,ogni_batch,4,0.211,0.5205010873504893,4,128,False,0.04155,1.0
ton->unsw,47,su_innesco,4,0.211,0.48903443044209627,0,0,False,0.04155,1.0
ton->unsw,47,oracolo,4,0.211,0.6942767725207015,4,128,False,0.04155,1.0
ton->unsw,47,stat_13x13,4,0.211,0.563661118391093,4,128,False,0.04155,1.0
ton->unsw,47,martingala,4,0.211,0.5205010873504893,4,128,False,0.04155,1.0
ton->unsw,47,stat_13x13_adaptive,4,0.211,0.5014910409754556,4,128,False,0.04155,1.0
ton->unsw,47,statico,5,0.263,0.4813271890336725,0,0,False,0.0403,1.0
ton->unsw,47,ogni_batch,5,0.263,0.5532710490492363,5,160,False,0.0403,1.0
ton->unsw,47,su_innesco,5,0.263,0.4813271890336725,0,0,False,0.0403,1.0
ton->unsw,47,oracolo,5,0.263,0.6963102291130436,5,160,False,0.0403,1.0
ton->unsw,47,stat_13x13,5,0.263,0.545831384229776,5,160,False,0.0403,1.0
ton->unsw,47,martingala,5,0.263,0.5532710490492363,5,160,False,0.0403,1.0
ton->unsw,47,stat_13x13_adaptive,5,0.263,0.48670860049650466,5,160,False,0.0403,1.0
ton->unsw,47,statico,6,0.316,0.4619428101604462,0,0,False,0.03975,1.0
ton->unsw,47,ogni_batch,6,0.316,0.5830734618727114,6,192,False,0.03975,1.0
ton->unsw,47,su_innesco,6,0.316,0.4619428101604462,0,0,False,0.03975,1.0
ton->unsw,47,oracolo,6,0.316,0.6761364963991605,6,192,False,0.03975,1.0
ton->unsw,47,stat_13x13,6,0.316,0.4707163380709347,6,192,False,0.03975,1.0
ton->unsw,47,martingala,6,0.316,0.5830734618727114,6,192,False,0.03975,1.0
ton->unsw,47,stat_13x13_adaptive,6,0.316,0.5021535687576963,6,192,False,0.03975,1.0
ton->unsw,47,statico,7,0.368,0.44949039369303895,0,0,False,0.0378,1.0
ton->unsw,47,ogni_batch,7,0.368,0.5597060619386327,7,224,False,0.0378,1.0
ton->unsw,47,su_innesco,7,0.368,0.44949039369303895,0,0,False,0.0378,1.0
ton->unsw,47,oracolo,7,0.368,0.6649540125965645,7,224,False,0.0378,1.0
ton->unsw,47,stat_13x13,7,0.368,0.46460731322379595,7,224,False,0.0378,1.0
ton->unsw,47,martingala,7,0.368,0.5752122462688837,6,192,False,0.0378,1.0
ton->unsw,47,stat_13x13_adaptive,7,0.368,0.5011478912388854,7,224,False,0.0378,1.0
ton->unsw,47,statico,8,0.421,0.43500120895594563,0,0,False,0.0337,1.0
ton->unsw,47,ogni_batch,8,0.421,0.6473596402147106,8,256,False,0.0337,1.0
ton->unsw,47,su_innesco,8,0.421,0.43500120895594563,0,0,False,0.0337,1.0
ton->unsw,47,oracolo,8,0.421,0.6669674549059432,8,256,False,0.0337,1.0
ton->unsw,47,stat_13x13,8,0.421,0.5233855602301852,8,256,False,0.0337,1.0
ton->unsw,47,martingala,8,0.421,0.562113254992988,6,192,False,0.0337,1.0
ton->unsw,47,stat_13x13_adaptive,8,0.421,0.5007016780308525,8,256,False,0.0337,1.0
ton->unsw,47,statico,9,0.474,0.41688644112608164,0,0,False,0.03275,1.0
ton->unsw,47,ogni_batch,9,0.474,0.6135496360867227,9,288,False,0.03275,1.0
ton->unsw,47,su_innesco,9,0.474,0.41688644112608164,0,0,False,0.03275,1.0
ton->unsw,47,oracolo,9,0.474,0.6247913610663064,9,288,False,0.03275,1.0
ton->unsw,47,stat_13x13,9,0.474,0.53993682898611,9,288,False,0.03275,1.0
ton->unsw,47,martingala,9,0.474,0.5366450816495416,6,192,False,0.03275,1.0
ton->unsw,47,stat_13x13_adaptive,9,0.474,0.5204295004495745,9,288,False,0.03275,1.0
ton->unsw,47,statico,10,0.526,0.4028085682433509,0,0,False,0.03165,1.0
ton->unsw,47,ogni_batch,10,0.526,0.6732473323777672,10,320,False,0.03165,1.0
ton->unsw,47,su_innesco,10,0.526,0.4028085682433509,0,0,False,0.03165,1.0
ton->unsw,47,oracolo,10,0.526,0.6256816372033763,10,320,False,0.03165,1.0
ton->unsw,47,stat_13x13,10,0.526,0.5521340977862716,10,320,False,0.03165,1.0
ton->unsw,47,martingala,10,0.526,0.5330450708711578,6,192,False,0.03165,1.0
ton->unsw,47,stat_13x13_adaptive,10,0.526,0.5381398311833094,10,320,False,0.03165,1.0
ton->unsw,47,statico,11,0.579,0.3917462752575565,0,0,False,0.03325,1.0
ton->unsw,47,ogni_batch,11,0.579,0.6634386016436782,11,352,False,0.03325,1.0
ton->unsw,47,su_innesco,11,0.579,0.3917462752575565,0,0,False,0.03325,1.0
ton->unsw,47,oracolo,11,0.579,0.6014073613287956,11,352,False,0.03325,1.0
ton->unsw,47,stat_13x13,11,0.579,0.49517435179199887,11,352,False,0.03325,1.0
ton->unsw,47,martingala,11,0.579,0.5177598612328669,6,192,False,0.03325,1.0
ton->unsw,47,stat_13x13_adaptive,11,0.579,0.5,11,352,False,0.03325,1.0
ton->unsw,47,statico,12,0.632,0.3637206560440183,0,0,False,0.0284,1.0
ton->unsw,47,ogni_batch,12,0.632,0.7275762160398163,12,384,False,0.0284,1.0
ton->unsw,47,su_innesco,12,0.632,0.3637206560440183,0,0,False,0.0284,1.0
ton->unsw,47,oracolo,12,0.632,0.7186728440186143,12,384,False,0.0284,1.0
ton->unsw,47,stat_13x13,12,0.632,0.5355557649328423,12,384,False,0.0284,1.0
ton->unsw,47,martingala,12,0.632,0.496380011111436,6,192,False,0.0284,1.0
ton->unsw,47,stat_13x13_adaptive,12,0.632,0.5238543903709552,12,384,False,0.0284,1.0
ton->unsw,47,statico,13,0.684,0.35508045919400244,0,0,False,0.02955,1.0
ton->unsw,47,ogni_batch,13,0.684,0.6902316063335073,13,416,False,0.02955,1.0
ton->unsw,47,su_innesco,13,0.684,0.35508045919400244,0,0,False,0.02955,1.0
ton->unsw,47,oracolo,13,0.684,0.7465041030998205,13,416,False,0.02955,1.0
ton->unsw,47,stat_13x13,13,0.684,0.5679988465499886,13,416,False,0.02955,1.0
ton->unsw,47,martingala,13,0.684,0.4814587560585289,6,192,False,0.02955,1.0
ton->unsw,47,stat_13x13_adaptive,13,0.684,0.5698418969751459,13,416,False,0.02955,1.0
ton->unsw,47,statico,14,0.737,0.3377980771233355,0,0,False,0.0309,1.0
ton->unsw,47,ogni_batch,14,0.737,0.698138381027108,14,448,False,0.0309,1.0
ton->unsw,47,su_innesco,14,0.737,0.3377980771233355,0,0,False,0.0309,1.0
ton->unsw,47,oracolo,14,0.737,0.7244561831749772,14,448,False,0.0309,1.0
ton->unsw,47,stat_13x13,14,0.737,0.5908005591949179,14,448,False,0.0309,1.0
ton->unsw,47,martingala,14,0.737,0.4677987239075478,6,192,False,0.0309,1.0
ton->unsw,47,stat_13x13_adaptive,14,0.737,0.5406729663681646,14,448,False,0.0309,1.0
ton->unsw,47,statico,15,0.789,0.3209666629120056,0,0,False,0.02715,1.0
ton->unsw,47,ogni_batch,15,0.789,0.7007437357782434,15,480,False,0.02715,1.0
ton->unsw,47,su_innesco,15,0.789,0.3209666629120056,0,0,False,0.02715,1.0
ton->unsw,47,oracolo,15,0.789,0.7206545371558912,15,480,False,0.02715,1.0
ton->unsw,47,stat_13x13,15,0.789,0.6008446227386968,15,480,False,0.02715,1.0
ton->unsw,47,martingala,15,0.789,0.4472485765532368,6,192,False,0.02715,1.0
ton->unsw,47,stat_13x13_adaptive,15,0.789,0.5616353524023182,15,480,False,0.02715,1.0
ton->unsw,47,statico,16,0.842,0.2953807635494488,0,0,False,0.02645,1.0
ton->unsw,47,ogni_batch,16,0.842,0.7175215332960401,16,512,False,0.02645,1.0
ton->unsw,47,su_innesco,16,0.842,0.2953807635494488,0,0,False,0.02645,1.0
ton->unsw,47,oracolo,16,0.842,0.7414413796447523,16,512,False,0.02645,1.0
ton->unsw,47,stat_13x13,16,0.842,0.660061309134517,16,512,False,0.02645,1.0
ton->unsw,47,martingala,16,0.842,0.43078365468197666,6,192,False,0.02645,1.0
ton->unsw,47,stat_13x13_adaptive,16,0.842,0.5811897803917209,16,512,False,0.02645,1.0
ton->unsw,47,statico,17,0.895,0.2695131024970964,0,0,False,0.02575,1.0
ton->unsw,47,ogni_batch,17,0.895,0.7111770470383275,17,544,False,0.02575,1.0
ton->unsw,47,su_innesco,17,0.895,0.2695131024970964,0,0,False,0.02575,1.0
ton->unsw,47,oracolo,17,0.895,0.7454359030197445,17,544,False,0.02575,1.0
ton->unsw,47,stat_13x13,17,0.895,0.6656649245063879,17,544,False,0.02575,1.0
ton->unsw,47,martingala,17,0.895,0.4118321718931475,6,192,False,0.02575,1.0
ton->unsw,47,stat_13x13_adaptive,17,0.895,0.5706464140534263,17,544,False,0.02575,1.0
ton->unsw,47,statico,18,0.947,0.24748580495560493,0,0,False,0.0234,1.0
ton->unsw,47,ogni_batch,18,0.947,0.7214695764477038,18,576,False,0.0234,1.0
ton->unsw,47,su_innesco,18,0.947,0.24748580495560493,0,0,False,0.0234,1.0
ton->unsw,47,oracolo,18,0.947,0.7461247475828341,18,576,False,0.0234,1.0
ton->unsw,47,stat_13x13,18,0.947,0.6923823165662648,18,576,False,0.0234,1.0
ton->unsw,47,martingala,18,0.947,0.38324046253348787,6,192,False,0.0234,1.0
ton->unsw,47,stat_13x13_adaptive,18,0.947,0.5915138478935394,18,576,False,0.0234,1.0
ton->unsw,47,statico,19,1.0,0.22762216202501356,0,0,False,0.02355,1.0
ton->unsw,47,ogni_batch,19,1.0,0.7377800197268178,19,608,False,0.02355,1.0
ton->unsw,47,su_innesco,19,1.0,0.22762216202501356,0,0,False,0.02355,1.0
ton->unsw,47,oracolo,19,1.0,0.7302679449081066,19,608,False,0.02355,1.0
ton->unsw,47,stat_13x13,19,1.0,0.696492316571974,19,608,False,0.02355,1.0
ton->unsw,47,martingala,19,1.0,0.36543530547264114,6,192,False,0.02355,1.0
ton->unsw,47,stat_13x13_adaptive,19,1.0,0.6355251345813547,19,608,False,0.02355,1.0
ton->unsw,48,statico,0,0.0,0.96935,0,0,False,0.04295,1.0
ton->unsw,48,ogni_batch,0,0.0,0.96935,0,0,False,0.04295,1.0
ton->unsw,48,su_innesco,0,0.0,0.96935,0,0,False,0.04295,1.0
ton->unsw,48,oracolo,0,0.0,0.96935,0,0,False,0.04295,1.0
ton->unsw,48,stat_13x13,0,0.0,0.96935,0,0,False,0.04295,1.0
ton->unsw,48,martingala,0,0.0,0.96935,0,0,False,0.04295,1.0
ton->unsw,48,stat_13x13_adaptive,0,0.0,0.96935,0,0,False,0.04295,1.0
ton->unsw,48,statico,1,0.053,0.5068603422634644,0,0,False,0.04385,1.0
ton->unsw,48,ogni_batch,1,0.053,0.5068603422634644,1,32,False,0.04385,1.0
ton->unsw,48,su_innesco,1,0.053,0.5068603422634644,0,0,False,0.04385,1.0
ton->unsw,48,oracolo,1,0.053,0.5068603422634644,1,32,False,0.04385,1.0
ton->unsw,48,stat_13x13,1,0.053,0.4999745456396681,1,32,False,0.04385,1.0
ton->unsw,48,martingala,1,0.053,0.5068603422634644,1,32,False,0.04385,1.0
ton->unsw,48,stat_13x13_adaptive,1,0.053,0.4999745456396681,1,32,False,0.04385,1.0
ton->unsw,48,statico,2,0.105,0.5051665514061779,0,0,False,0.04385,1.0
ton->unsw,48,ogni_batch,2,0.105,0.5051665514061779,2,64,False,0.04385,1.0
ton->unsw,48,su_innesco,2,0.105,0.5051665514061779,0,0,False,0.04385,1.0
ton->unsw,48,oracolo,2,0.105,0.7633298755186722,2,64,False,0.04385,1.0
ton->unsw,48,stat_13x13,2,0.105,0.5,2,64,False,0.04385,1.0
ton->unsw,48,martingala,2,0.105,0.5051665514061779,2,64,False,0.04385,1.0
ton->unsw,48,stat_13x13_adaptive,2,0.105,0.5,2,64,False,0.04385,1.0
ton->unsw,48,statico,3,0.158,0.49305776622335407,0,0,False,0.04,1.0
ton->unsw,48,ogni_batch,3,0.158,0.49305776622335407,3,96,False,0.04,1.0
ton->unsw,48,su_innesco,3,0.158,0.49305776622335407,0,0,False,0.04,1.0
ton->unsw,48,oracolo,3,0.158,0.8186552360403697,3,96,False,0.04,1.0
ton->unsw,48,stat_13x13,3,0.158,0.5,3,96,False,0.04,1.0
ton->unsw,48,martingala,3,0.158,0.49305776622335407,3,96,False,0.04,1.0
ton->unsw,48,stat_13x13_adaptive,3,0.158,0.5,3,96,False,0.04,1.0
ton->unsw,48,statico,4,0.211,0.4772919670252811,0,0,False,0.03785,1.0
ton->unsw,48,ogni_batch,4,0.211,0.4772919670252811,4,128,False,0.03785,1.0
ton->unsw,48,su_innesco,4,0.211,0.4772919670252811,0,0,False,0.03785,1.0
ton->unsw,48,oracolo,4,0.211,0.8029502705329945,4,128,False,0.03785,1.0
ton->unsw,48,stat_13x13,4,0.211,0.5,4,128,False,0.03785,1.0
ton->unsw,48,martingala,4,0.211,0.4772919670252811,4,128,False,0.03785,1.0
ton->unsw,48,stat_13x13_adaptive,4,0.211,0.5,4,128,False,0.03785,1.0
ton->unsw,48,statico,5,0.263,0.4692245374502941,0,0,False,0.0364,1.0
ton->unsw,48,ogni_batch,5,0.263,0.4692245374502941,5,160,False,0.0364,1.0
ton->unsw,48,su_innesco,5,0.263,0.4692245374502941,0,0,False,0.0364,1.0
ton->unsw,48,oracolo,5,0.263,0.7936834878430016,5,160,False,0.0364,1.0
ton->unsw,48,stat_13x13,5,0.263,0.5292302792035868,5,160,False,0.0364,1.0
ton->unsw,48,martingala,5,0.263,0.4692245374502941,5,160,False,0.0364,1.0
ton->unsw,48,stat_13x13_adaptive,5,0.263,0.4228612662293505,5,160,False,0.0364,1.0
ton->unsw,48,statico,6,0.316,0.4568507155965881,0,0,False,0.03665,1.0
ton->unsw,48,ogni_batch,6,0.316,0.61973481821376,6,192,False,0.03665,1.0
ton->unsw,48,su_innesco,6,0.316,0.4568507155965881,0,0,False,0.03665,1.0
ton->unsw,48,oracolo,6,0.316,0.7604428077674973,6,192,False,0.03665,1.0
ton->unsw,48,stat_13x13,6,0.316,0.514500964377104,6,192,False,0.03665,1.0
ton->unsw,48,martingala,6,0.316,0.4568507155965881,5,160,False,0.03665,1.0
ton->unsw,48,stat_13x13_adaptive,6,0.316,0.4760284939509689,6,192,False,0.03665,1.0
ton->unsw,48,statico,7,0.368,0.4408274418317389,0,0,False,0.03655,1.0
ton->unsw,48,ogni_batch,7,0.368,0.7144298604027938,7,224,False,0.03655,1.0
ton->unsw,48,su_innesco,7,0.368,0.4408274418317389,0,0,False,0.03655,1.0
ton->unsw,48,oracolo,7,0.368,0.7411441495143893,7,224,False,0.03655,1.0
ton->unsw,48,stat_13x13,7,0.368,0.4992302915301318,7,224,False,0.03655,1.0
ton->unsw,48,martingala,7,0.368,0.4408274418317389,5,160,False,0.03655,1.0
ton->unsw,48,stat_13x13_adaptive,7,0.368,0.508937669032501,7,224,False,0.03655,1.0
ton->unsw,48,statico,8,0.421,0.42910854693000977,0,0,False,0.03235,1.0
ton->unsw,48,ogni_batch,8,0.421,0.7098356913353168,8,256,False,0.03235,1.0
ton->unsw,48,su_innesco,8,0.421,0.42910854693000977,0,0,False,0.03235,1.0
ton->unsw,48,oracolo,8,0.421,0.7178953168056822,8,256,False,0.03235,1.0
ton->unsw,48,stat_13x13,8,0.421,0.6017692055429011,8,256,False,0.03235,1.0
ton->unsw,48,martingala,8,0.421,0.42910854693000977,5,160,False,0.03235,1.0
ton->unsw,48,stat_13x13_adaptive,8,0.421,0.5774729576764391,8,256,False,0.03235,1.0
ton->unsw,48,statico,9,0.474,0.4188820628529622,0,0,False,0.03035,1.0
ton->unsw,48,ogni_batch,9,0.474,0.7053339261959009,9,288,False,0.03035,1.0
ton->unsw,48,su_innesco,9,0.474,0.4188820628529622,0,0,False,0.03035,1.0
ton->unsw,48,oracolo,9,0.474,0.7204182568696914,9,288,False,0.03035,1.0
ton->unsw,48,stat_13x13,9,0.474,0.563974192895427,9,288,False,0.03035,1.0
ton->unsw,48,martingala,9,0.474,0.4188820628529622,5,160,False,0.03035,1.0
ton->unsw,48,stat_13x13_adaptive,9,0.474,0.5497511378129575,9,288,False,0.03035,1.0
ton->unsw,48,statico,10,0.526,0.3970468728376087,0,0,False,0.02855,1.0
ton->unsw,48,ogni_batch,10,0.526,0.7649874945306954,10,320,False,0.02855,1.0
ton->unsw,48,su_innesco,10,0.526,0.3970468728376087,0,0,False,0.02855,1.0
ton->unsw,48,oracolo,10,0.526,0.7071420796227332,10,320,False,0.02855,1.0
ton->unsw,48,stat_13x13,10,0.526,0.6377158949223845,10,320,False,0.02855,1.0
ton->unsw,48,martingala,10,0.526,0.3970468728376087,5,160,False,0.02855,1.0
ton->unsw,48,stat_13x13_adaptive,10,0.526,0.5910973811912544,10,320,False,0.02855,1.0
ton->unsw,48,statico,11,0.579,0.3787870795823956,0,0,False,0.02825,1.0
ton->unsw,48,ogni_batch,11,0.579,0.742192139831833,11,352,False,0.02825,1.0
ton->unsw,48,su_innesco,11,0.579,0.3787870795823956,0,0,False,0.02825,1.0
ton->unsw,48,oracolo,11,0.579,0.6716811038697175,11,352,False,0.02825,1.0
ton->unsw,48,stat_13x13,11,0.579,0.6161254669136034,11,352,False,0.02825,1.0
ton->unsw,48,martingala,11,0.579,0.3787870795823956,5,160,False,0.02825,1.0
ton->unsw,48,stat_13x13_adaptive,11,0.579,0.5542337732870718,11,352,False,0.02825,1.0
ton->unsw,48,statico,12,0.632,0.3633605876242084,0,0,False,0.0275,1.0
ton->unsw,48,ogni_batch,12,0.632,0.7425998898451516,12,384,False,0.0275,1.0
ton->unsw,48,su_innesco,12,0.632,0.3633605876242084,0,0,False,0.0275,1.0
ton->unsw,48,oracolo,12,0.632,0.6589654930061088,12,384,False,0.0275,1.0
ton->unsw,48,stat_13x13,12,0.632,0.6176948340913179,12,384,False,0.0275,1.0
ton->unsw,48,martingala,12,0.632,0.3633605876242084,5,160,False,0.0275,1.0
ton->unsw,48,stat_13x13_adaptive,12,0.632,0.5871400702960653,12,384,False,0.0275,1.0
ton->unsw,48,statico,13,0.684,0.3491487039524412,0,0,False,0.0264,1.0
ton->unsw,48,ogni_batch,13,0.684,0.7537837537218968,13,416,False,0.0264,1.0
ton->unsw,48,su_innesco,13,0.684,0.3491487039524412,0,0,False,0.0264,1.0
ton->unsw,48,oracolo,13,0.684,0.7580536179301707,13,416,False,0.0264,1.0
ton->unsw,48,stat_13x13,13,0.684,0.739023075622648,13,416,False,0.0264,1.0
ton->unsw,48,martingala,13,0.684,0.3491487039524412,5,160,False,0.0264,1.0
ton->unsw,48,stat_13x13_adaptive,13,0.684,0.6710634240595654,13,416,False,0.0264,1.0
ton->unsw,48,statico,14,0.737,0.32701652625061434,0,0,False,0.0242,1.0
ton->unsw,48,ogni_batch,14,0.737,0.7246203239322885,14,448,False,0.0242,1.0
ton->unsw,48,su_innesco,14,0.737,0.32701652625061434,0,0,False,0.0242,1.0
ton->unsw,48,oracolo,14,0.737,0.755802291043298,14,448,False,0.0242,1.0
ton->unsw,48,stat_13x13,14,0.737,0.6535642797426833,14,448,False,0.0242,1.0
ton->unsw,48,martingala,14,0.737,0.32701652625061434,5,160,False,0.0242,1.0
ton->unsw,48,stat_13x13_adaptive,14,0.737,0.5601600337809157,14,448,False,0.0242,1.0
ton->unsw,48,statico,15,0.789,0.3045765253314354,0,0,False,0.0209,1.0
ton->unsw,48,ogni_batch,15,0.789,0.7520730495426196,15,480,False,0.0209,1.0
ton->unsw,48,su_innesco,15,0.789,0.3045765253314354,0,0,False,0.0209,1.0
ton->unsw,48,oracolo,15,0.789,0.7553763609350438,15,480,False,0.0209,1.0
ton->unsw,48,stat_13x13,15,0.789,0.6670061993377882,15,480,False,0.0209,1.0
ton->unsw,48,martingala,15,0.789,0.3045765253314354,5,160,False,0.0209,1.0
ton->unsw,48,stat_13x13_adaptive,15,0.789,0.5639505097616326,15,480,False,0.0209,1.0
ton->unsw,48,statico,16,0.842,0.28812602397878184,0,0,False,0.01915,1.0
ton->unsw,48,ogni_batch,16,0.842,0.7403142273298591,16,512,False,0.01915,1.0
ton->unsw,48,su_innesco,16,0.842,0.28812602397878184,0,0,False,0.01915,1.0
ton->unsw,48,oracolo,16,0.842,0.7379894836327261,16,512,False,0.01915,1.0
ton->unsw,48,stat_13x13,16,0.842,0.6504208111757291,16,512,False,0.01915,1.0
ton->unsw,48,martingala,16,0.842,0.28812602397878184,5,160,False,0.01915,1.0
ton->unsw,48,stat_13x13_adaptive,16,0.842,0.5764085032054282,16,512,False,0.01915,1.0
ton->unsw,48,statico,17,0.895,0.2664856656762509,0,0,False,0.01925,1.0
ton->unsw,48,ogni_batch,17,0.895,0.7133307304793572,17,544,False,0.01925,1.0
ton->unsw,48,su_innesco,17,0.895,0.2664856656762509,0,0,False,0.01925,1.0
ton->unsw,48,oracolo,17,0.895,0.7306478269269023,17,544,False,0.01925,1.0
ton->unsw,48,stat_13x13,17,0.895,0.6828869863477809,17,544,False,0.01925,1.0
ton->unsw,48,martingala,17,0.895,0.2664856656762509,5,160,False,0.01925,1.0
ton->unsw,48,stat_13x13_adaptive,17,0.895,0.6120907853272151,17,544,False,0.01925,1.0
ton->unsw,48,statico,18,0.947,0.24560747261610189,0,0,False,0.0172,1.0
ton->unsw,48,ogni_batch,18,0.947,0.7463372430969639,18,576,False,0.0172,1.0
ton->unsw,48,su_innesco,18,0.947,0.24560747261610189,0,0,False,0.0172,1.0
ton->unsw,48,oracolo,18,0.947,0.7254970985503526,18,576,False,0.0172,1.0
ton->unsw,48,stat_13x13,18,0.947,0.6953545014448511,18,576,False,0.0172,1.0
ton->unsw,48,martingala,18,0.947,0.24560747261610189,5,160,False,0.0172,1.0
ton->unsw,48,stat_13x13_adaptive,18,0.947,0.5768474654145228,18,576,False,0.0172,1.0
ton->unsw,48,statico,19,1.0,0.2196139021802319,0,0,False,0.0161,1.0
ton->unsw,48,ogni_batch,19,1.0,0.7488963866649874,19,608,False,0.0161,1.0
ton->unsw,48,su_innesco,19,1.0,0.2196139021802319,0,0,False,0.0161,1.0
ton->unsw,48,oracolo,19,1.0,0.7250881798585227,19,608,False,0.0161,1.0
ton->unsw,48,stat_13x13,19,1.0,0.6989006688218473,19,608,False,0.0161,1.0
ton->unsw,48,martingala,19,1.0,0.2196139021802319,5,160,False,0.0161,1.0
ton->unsw,48,stat_13x13_adaptive,19,1.0,0.5891380297358912,19,608,False,0.0161,1.0
ton->unsw,49,statico,0,0.0,0.9662,0,0,False,0.04355,1.0
ton->unsw,49,ogni_batch,0,0.0,0.9662,0,0,False,0.04355,1.0
ton->unsw,49,su_innesco,0,0.0,0.9662,0,0,False,0.04355,1.0
ton->unsw,49,oracolo,0,0.0,0.9662,0,0,False,0.04355,1.0
ton->unsw,49,stat_13x13,0,0.0,0.9662,0,0,False,0.04355,1.0
ton->unsw,49,martingala,0,0.0,0.9662,0,0,False,0.04355,1.0
ton->unsw,49,stat_13x13_adaptive,0,0.0,0.9662,0,0,False,0.04355,1.0
ton->unsw,49,statico,1,0.053,0.5085860116703959,0,0,False,0.04655,1.0
ton->unsw,49,ogni_batch,1,0.053,0.5085860116703959,1,32,False,0.04655,1.0
ton->unsw,49,su_innesco,1,0.053,0.5085860116703959,0,0,False,0.04655,1.0
ton->unsw,49,oracolo,1,0.053,0.5085860116703959,1,32,False,0.04655,1.0
ton->unsw,49,stat_13x13,1,0.053,0.49994897438514135,1,32,False,0.04655,1.0
ton->unsw,49,martingala,1,0.053,0.5085860116703959,1,32,False,0.04655,1.0
ton->unsw,49,stat_13x13_adaptive,1,0.053,0.5021303828850441,1,32,False,0.04655,1.0
ton->unsw,49,statico,2,0.105,0.4995207824647077,0,0,False,0.04775,1.0
ton->unsw,49,ogni_batch,2,0.105,0.4995207824647077,2,64,False,0.04775,1.0
ton->unsw,49,su_innesco,2,0.105,0.4995207824647077,0,0,False,0.04775,1.0
ton->unsw,49,oracolo,2,0.105,0.7248266958547332,2,64,False,0.04775,1.0
ton->unsw,49,stat_13x13,2,0.105,0.5,2,64,False,0.04775,1.0
ton->unsw,49,martingala,2,0.105,0.4995207824647077,2,64,False,0.04775,1.0
ton->unsw,49,stat_13x13_adaptive,2,0.105,0.5,2,64,False,0.04775,1.0
ton->unsw,49,statico,3,0.158,0.48521188120578757,0,0,False,0.0464,1.0
ton->unsw,49,ogni_batch,3,0.158,0.6204524661286612,3,96,False,0.0464,1.0
ton->unsw,49,su_innesco,3,0.158,0.48521188120578757,0,0,False,0.0464,1.0
ton->unsw,49,oracolo,3,0.158,0.7546192118372428,3,96,False,0.0464,1.0
ton->unsw,49,stat_13x13,3,0.158,0.6644799900957885,3,96,False,0.0464,1.0
ton->unsw,49,martingala,3,0.158,0.6204524661286612,3,96,False,0.0464,1.0
ton->unsw,49,stat_13x13_adaptive,3,0.158,0.5,3,96,False,0.0464,1.0
ton->unsw,49,statico,4,0.211,0.47654208845135115,0,0,False,0.0445,1.0
ton->unsw,49,ogni_batch,4,0.211,0.6259018304386924,4,128,False,0.0445,1.0
ton->unsw,49,su_innesco,4,0.211,0.47654208845135115,0,0,False,0.0445,1.0
ton->unsw,49,oracolo,4,0.211,0.7157629040426772,4,128,False,0.0445,1.0
ton->unsw,49,stat_13x13,4,0.211,0.5120062811934267,4,128,False,0.0445,1.0
ton->unsw,49,martingala,4,0.211,0.6259018304386924,4,128,False,0.0445,1.0
ton->unsw,49,stat_13x13_adaptive,4,0.211,0.5060985223556113,4,128,False,0.0445,1.0
ton->unsw,49,statico,5,0.263,0.46721271128875064,0,0,False,0.04875,1.0
ton->unsw,49,ogni_batch,5,0.263,0.6631351085409011,5,160,False,0.04875,1.0
ton->unsw,49,su_innesco,5,0.263,0.46721271128875064,0,0,False,0.04875,1.0
ton->unsw,49,oracolo,5,0.263,0.7149049250430934,5,160,False,0.04875,1.0
ton->unsw,49,stat_13x13,5,0.263,0.5149619062620274,5,160,False,0.04875,1.0
ton->unsw,49,martingala,5,0.263,0.6631351085409011,5,160,False,0.04875,1.0
ton->unsw,49,stat_13x13_adaptive,5,0.263,0.49986200044159856,5,160,False,0.04875,1.0
ton->unsw,49,statico,6,0.316,0.45226872203081064,0,0,False,0.0476,1.0
ton->unsw,49,ogni_batch,6,0.316,0.7148964397449606,6,192,False,0.0476,1.0
ton->unsw,49,su_innesco,6,0.316,0.45226872203081064,0,0,False,0.0476,1.0
ton->unsw,49,oracolo,6,0.316,0.7199417844837828,6,192,False,0.0476,1.0
ton->unsw,49,stat_13x13,6,0.316,0.5618084432299711,6,192,False,0.0476,1.0
ton->unsw,49,martingala,6,0.316,0.7148964397449606,6,192,False,0.0476,1.0
ton->unsw,49,stat_13x13_adaptive,6,0.316,0.49983069977426636,6,192,False,0.0476,1.0
ton->unsw,49,statico,7,0.368,0.44522980935911566,0,0,False,0.04555,1.0
ton->unsw,49,ogni_batch,7,0.368,0.7123172968054534,7,224,False,0.04555,1.0
ton->unsw,49,su_innesco,7,0.368,0.44522980935911566,0,0,False,0.04555,1.0
ton->unsw,49,oracolo,7,0.368,0.7073494897611405,7,224,False,0.04555,1.0
ton->unsw,49,stat_13x13,7,0.368,0.5244057962351423,7,224,False,0.04555,1.0
ton->unsw,49,martingala,7,0.368,0.7123172968054534,7,224,False,0.04555,1.0
ton->unsw,49,stat_13x13_adaptive,7,0.368,0.49994240958304537,7,224,False,0.04555,1.0
ton->unsw,49,statico,8,0.421,0.42310061201056803,0,0,False,0.04875,1.0
ton->unsw,49,ogni_batch,8,0.421,0.7287231571867581,8,256,False,0.04875,1.0
ton->unsw,49,su_innesco,8,0.421,0.42310061201056803,0,0,False,0.04875,1.0
ton->unsw,49,oracolo,8,0.421,0.7125419897961079,8,256,False,0.04875,1.0
ton->unsw,49,stat_13x13,8,0.421,0.5584389735910193,8,256,False,0.04875,1.0
ton->unsw,49,martingala,8,0.421,0.723268122189068,7,224,False,0.04875,1.0
ton->unsw,49,stat_13x13_adaptive,8,0.421,0.5430537853367668,8,256,False,0.04875,1.0
ton->unsw,49,statico,9,0.474,0.41149299460252675,0,0,False,0.0512,1.0
ton->unsw,49,ogni_batch,9,0.474,0.7690963746471797,9,288,False,0.0512,1.0
ton->unsw,49,su_innesco,9,0.474,0.41149299460252675,0,0,False,0.0512,1.0
ton->unsw,49,oracolo,9,0.474,0.755248284005132,9,288,False,0.0512,1.0
ton->unsw,49,stat_13x13,9,0.474,0.5543888266937075,9,288,False,0.0512,1.0
ton->unsw,49,martingala,9,0.474,0.7123726653228268,7,224,False,0.0512,1.0
ton->unsw,49,stat_13x13_adaptive,9,0.474,0.5242542934618861,9,288,False,0.0512,1.0
ton->unsw,49,statico,10,0.526,0.39421986006854387,0,0,False,0.04805,1.0
ton->unsw,49,ogni_batch,10,0.526,0.7578280389166998,10,320,False,0.04805,1.0
ton->unsw,49,su_innesco,10,0.526,0.39421986006854387,0,0,False,0.04805,1.0
ton->unsw,49,oracolo,10,0.526,0.754543114480013,10,320,False,0.04805,1.0
ton->unsw,49,stat_13x13,10,0.526,0.5759137138383744,10,320,False,0.04805,1.0
ton->unsw,49,martingala,10,0.526,0.7122773427732316,7,224,False,0.04805,1.0
ton->unsw,49,stat_13x13_adaptive,10,0.526,0.5329356187823904,10,320,False,0.04805,1.0
ton->unsw,49,statico,11,0.579,0.3760503694420809,0,0,False,0.051,1.0
ton->unsw,49,ogni_batch,11,0.579,0.7530127396425468,11,352,False,0.051,1.0
ton->unsw,49,su_innesco,11,0.579,0.3760503694420809,0,0,False,0.051,1.0
ton->unsw,49,oracolo,11,0.579,0.7586022754285111,11,352,False,0.051,1.0
ton->unsw,49,stat_13x13,11,0.579,0.6563273672961583,11,352,False,0.051,1.0
ton->unsw,49,martingala,11,0.579,0.7132298957357437,7,224,False,0.051,1.0
ton->unsw,49,stat_13x13_adaptive,11,0.579,0.5279980218474584,11,352,False,0.051,1.0
ton->unsw,49,statico,12,0.632,0.36628395991933776,0,0,False,0.04615,1.0
ton->unsw,49,ogni_batch,12,0.632,0.7497921501137943,12,384,False,0.04615,1.0
ton->unsw,49,su_innesco,12,0.632,0.36628395991933776,0,0,False,0.04615,1.0
ton->unsw,49,oracolo,12,0.632,0.7100090815447648,12,384,False,0.04615,1.0
ton->unsw,49,stat_13x13,12,0.632,0.5901136421847798,12,384,False,0.04615,1.0
ton->unsw,49,martingala,12,0.632,0.7018491710607649,7,224,False,0.04615,1.0
ton->unsw,49,stat_13x13_adaptive,12,0.632,0.5250695745863524,12,384,False,0.04615,1.0
ton->unsw,49,statico,13,0.684,0.3414183957944787,0,0,False,0.05025,1.0
ton->unsw,49,ogni_batch,13,0.684,0.7524535433241967,13,416,False,0.05025,1.0
ton->unsw,49,su_innesco,13,0.684,0.3414183957944787,0,0,False,0.05025,1.0
ton->unsw,49,oracolo,13,0.684,0.7261263564541259,13,416,False,0.05025,1.0
ton->unsw,49,stat_13x13,13,0.684,0.6227116621866036,13,416,False,0.05025,1.0
ton->unsw,49,martingala,13,0.684,0.7040282541063285,7,224,False,0.05025,1.0
ton->unsw,49,stat_13x13_adaptive,13,0.684,0.5278483032630953,13,416,False,0.05025,1.0
ton->unsw,49,statico,14,0.737,0.3245251839972104,0,0,False,0.04905,1.0
ton->unsw,49,ogni_batch,14,0.737,0.7587570621468926,14,448,False,0.04905,1.0
ton->unsw,49,su_innesco,14,0.737,0.3245251839972104,0,0,False,0.04905,1.0
ton->unsw,49,oracolo,14,0.737,0.7256921769296151,14,448,False,0.04905,1.0
ton->unsw,49,stat_13x13,14,0.737,0.7099087994318233,14,448,False,0.04905,1.0
ton->unsw,49,martingala,14,0.737,0.7059684836271007,7,224,False,0.04905,1.0
ton->unsw,49,stat_13x13_adaptive,14,0.737,0.6677307160283011,14,448,False,0.04905,1.0
ton->unsw,49,statico,15,0.789,0.3019567421992103,0,0,False,0.05065,1.0
ton->unsw,49,ogni_batch,15,0.789,0.760267193407142,15,480,False,0.05065,1.0
ton->unsw,49,su_innesco,15,0.789,0.3019567421992103,0,0,False,0.05065,1.0
ton->unsw,49,oracolo,15,0.789,0.7247311559182796,15,480,False,0.05065,1.0
ton->unsw,49,stat_13x13,15,0.789,0.6887631593936129,15,480,False,0.05065,1.0
ton->unsw,49,martingala,15,0.789,0.7054231785733498,7,224,False,0.05065,1.0
ton->unsw,49,stat_13x13_adaptive,15,0.789,0.5740067214540123,15,480,False,0.05065,1.0
ton->unsw,49,statico,16,0.842,0.28799552225084407,0,0,False,0.0544,1.0
ton->unsw,49,ogni_batch,16,0.842,0.7483565403936268,16,512,False,0.0544,1.0
ton->unsw,49,su_innesco,16,0.842,0.28799552225084407,0,0,False,0.0544,1.0
ton->unsw,49,oracolo,16,0.842,0.7234064778439062,16,512,False,0.0544,1.0
ton->unsw,49,stat_13x13,16,0.842,0.7016017038284901,16,512,False,0.0544,1.0
ton->unsw,49,martingala,16,0.842,0.6831461460237626,7,224,False,0.0544,1.0
ton->unsw,49,stat_13x13_adaptive,16,0.842,0.5898447952328016,16,512,False,0.0544,1.0
ton->unsw,49,statico,17,0.895,0.26309395706440114,0,0,False,0.05245,1.0
ton->unsw,49,ogni_batch,17,0.895,0.7415118896742083,17,544,False,0.05245,1.0
ton->unsw,49,su_innesco,17,0.895,0.26309395706440114,0,0,False,0.05245,1.0
ton->unsw,49,oracolo,17,0.895,0.7211392292635268,17,544,False,0.05245,1.0
ton->unsw,49,stat_13x13,17,0.895,0.7309194726935466,17,544,False,0.05245,1.0
ton->unsw,49,martingala,17,0.895,0.6892899559211523,7,224,False,0.05245,1.0
ton->unsw,49,stat_13x13_adaptive,17,0.895,0.7040823321365659,17,544,False,0.05245,1.0
ton->unsw,49,statico,18,0.947,0.23794277011344062,0,0,False,0.05515,1.0
ton->unsw,49,ogni_batch,18,0.947,0.7275623196575263,18,576,False,0.05515,1.0
ton->unsw,49,su_innesco,18,0.947,0.23794277011344062,0,0,False,0.05515,1.0
ton->unsw,49,oracolo,18,0.947,0.7218572912067578,18,576,False,0.05515,1.0
ton->unsw,49,stat_13x13,18,0.947,0.737605491340467,18,576,False,0.05515,1.0
ton->unsw,49,martingala,18,0.947,0.6815427749935947,7,224,False,0.05515,1.0
ton->unsw,49,stat_13x13_adaptive,18,0.947,0.7185048595549971,18,576,False,0.05515,1.0
ton->unsw,49,statico,19,1.0,0.21340137201550718,0,0,False,0.0519,1.0
ton->unsw,49,ogni_batch,19,1.0,0.7279854675293823,19,608,False,0.0519,1.0
ton->unsw,49,su_innesco,19,1.0,0.21340137201550718,0,0,False,0.0519,1.0
ton->unsw,49,oracolo,19,1.0,0.7235665000166807,19,608,False,0.0519,1.0
ton->unsw,49,stat_13x13,19,1.0,0.7278713213764877,19,608,False,0.0519,1.0
ton->unsw,49,martingala,19,1.0,0.6889401647883167,7,224,False,0.0519,1.0
ton->unsw,49,stat_13x13_adaptive,19,1.0,0.6273522382767114,19,608,False,0.0519,1.0
ton->unsw,50,statico,0,0.0,0.9616,0,0,False,0.04585,1.0
ton->unsw,50,ogni_batch,0,0.0,0.9616,0,0,False,0.04585,1.0
ton->unsw,50,su_innesco,0,0.0,0.9616,0,0,False,0.04585,1.0
ton->unsw,50,oracolo,0,0.0,0.9616,0,0,False,0.04585,1.0
ton->unsw,50,stat_13x13,0,0.0,0.9616,0,0,False,0.04585,1.0
ton->unsw,50,martingala,0,0.0,0.9616,0,0,False,0.04585,1.0
ton->unsw,50,stat_13x13_adaptive,0,0.0,0.9616,0,0,False,0.04585,1.0
ton->unsw,50,statico,1,0.053,0.5022655633724905,0,0,False,0.05265,1.0
ton->unsw,50,ogni_batch,1,0.053,0.5022655633724905,1,32,False,0.05265,1.0
ton->unsw,50,su_innesco,1,0.053,0.5022655633724905,0,0,False,0.05265,1.0
ton->unsw,50,oracolo,1,0.053,0.5022655633724905,1,32,False,0.05265,1.0
ton->unsw,50,stat_13x13,1,0.053,0.4863796357700352,1,32,False,0.05265,1.0
ton->unsw,50,martingala,1,0.053,0.5022655633724905,1,32,False,0.05265,1.0
ton->unsw,50,stat_13x13_adaptive,1,0.053,0.4835484364638066,1,32,False,0.05265,1.0
ton->unsw,50,statico,2,0.105,0.49933198670764034,0,0,False,0.05175,1.0
ton->unsw,50,ogni_batch,2,0.105,0.49933198670764034,2,64,False,0.05175,1.0
ton->unsw,50,su_innesco,2,0.105,0.49933198670764034,0,0,False,0.05175,1.0
ton->unsw,50,oracolo,2,0.105,0.6565770341395483,2,64,False,0.05175,1.0
ton->unsw,50,stat_13x13,2,0.105,0.5,2,64,False,0.05175,1.0
ton->unsw,50,martingala,2,0.105,0.49933198670764034,2,64,False,0.05175,1.0
ton->unsw,50,stat_13x13_adaptive,2,0.105,0.5,2,64,False,0.05175,1.0
ton->unsw,50,statico,3,0.158,0.49091007651151247,0,0,False,0.0532,1.0
ton->unsw,50,ogni_batch,3,0.158,0.5848167814463943,3,96,False,0.0532,1.0
ton->unsw,50,su_innesco,3,0.158,0.49091007651151247,0,0,False,0.0532,1.0
ton->unsw,50,oracolo,3,0.158,0.7582788348833898,3,96,False,0.0532,1.0
ton->unsw,50,stat_13x13,3,0.158,0.49970857839241245,3,96,False,0.0532,1.0
ton->unsw,50,martingala,3,0.158,0.5848167814463943,3,96,False,0.0532,1.0
ton->unsw,50,stat_13x13_adaptive,3,0.158,0.5,3,96,False,0.0532,1.0
ton->unsw,50,statico,4,0.211,0.4791513120617017,0,0,False,0.0549,1.0
ton->unsw,50,ogni_batch,4,0.211,0.5990374713647104,4,128,False,0.0549,1.0
ton->unsw,50,su_innesco,4,0.211,0.4791513120617017,0,0,False,0.0549,1.0
ton->unsw,50,oracolo,4,0.211,0.7909606109323339,4,128,False,0.0549,1.0
ton->unsw,50,stat_13x13,4,0.211,0.5042488300298789,4,128,False,0.0549,1.0
ton->unsw,50,martingala,4,0.211,0.5990374713647104,4,128,False,0.0549,1.0
ton->unsw,50,stat_13x13_adaptive,4,0.211,0.5,4,128,False,0.0549,1.0
ton->unsw,50,statico,5,0.263,0.4688950445768915,0,0,False,0.05615,1.0
ton->unsw,50,ogni_batch,5,0.263,0.7058357898962521,5,160,False,0.05615,1.0
ton->unsw,50,su_innesco,5,0.263,0.4688950445768915,0,0,False,0.05615,1.0
ton->unsw,50,oracolo,5,0.263,0.7572321861896085,5,160,False,0.05615,1.0
ton->unsw,50,stat_13x13,5,0.263,0.5105714897668701,5,160,False,0.05615,1.0
ton->unsw,50,martingala,5,0.263,0.7058357898962521,5,160,False,0.05615,1.0
ton->unsw,50,stat_13x13_adaptive,5,0.263,0.49997236194792993,5,160,False,0.05615,1.0
ton->unsw,50,statico,6,0.316,0.458086637667841,0,0,False,0.05715,1.0
ton->unsw,50,ogni_batch,6,0.316,0.6537115695189843,6,192,False,0.05715,1.0
ton->unsw,50,su_innesco,6,0.316,0.458086637667841,0,0,False,0.05715,1.0
ton->unsw,50,oracolo,6,0.316,0.7402463228441847,6,192,False,0.05715,1.0
ton->unsw,50,stat_13x13,6,0.316,0.5027649724661918,6,192,False,0.05715,1.0
ton->unsw,50,martingala,6,0.316,0.6537115695189843,6,192,False,0.05715,1.0
ton->unsw,50,stat_13x13_adaptive,6,0.316,0.4999717817032564,6,192,False,0.05715,1.0
ton->unsw,50,statico,7,0.368,0.44284517758119885,0,0,False,0.06045,1.0
ton->unsw,50,ogni_batch,7,0.368,0.6695373014039256,7,224,False,0.06045,1.0
ton->unsw,50,su_innesco,7,0.368,0.44284517758119885,0,0,False,0.06045,1.0
ton->unsw,50,oracolo,7,0.368,0.7330777302834257,7,224,False,0.06045,1.0
ton->unsw,50,stat_13x13,7,0.368,0.5519829350409295,7,224,False,0.06045,1.0
ton->unsw,50,martingala,7,0.368,0.6695373014039256,7,224,False,0.06045,1.0
ton->unsw,50,stat_13x13_adaptive,7,0.368,0.49702518484288355,7,224,False,0.06045,1.0
ton->unsw,50,statico,8,0.421,0.42457011552168555,0,0,False,0.0636,1.0
ton->unsw,50,ogni_batch,8,0.421,0.6459746799304671,8,256,False,0.0636,1.0
ton->unsw,50,su_innesco,8,0.421,0.42457011552168555,0,0,False,0.0636,1.0
ton->unsw,50,oracolo,8,0.421,0.7062714592982287,8,256,False,0.0636,1.0
ton->unsw,50,stat_13x13,8,0.421,0.5646620219795349,8,256,False,0.0636,1.0
ton->unsw,50,martingala,8,0.421,0.6671325636258216,7,224,False,0.0636,1.0
ton->unsw,50,stat_13x13_adaptive,8,0.421,0.49961724178541983,8,256,False,0.0636,1.0
ton->unsw,50,statico,9,0.474,0.4105456839171568,0,0,False,0.0644,1.0
ton->unsw,50,ogni_batch,9,0.474,0.7150399137152921,9,288,False,0.0644,1.0
ton->unsw,50,su_innesco,9,0.474,0.4105456839171568,0,0,False,0.0644,1.0
ton->unsw,50,oracolo,9,0.474,0.7188153095534273,9,288,False,0.0644,1.0
ton->unsw,50,stat_13x13,9,0.474,0.5304354175500703,9,288,False,0.0644,1.0
ton->unsw,50,martingala,9,0.474,0.6591703014510399,7,224,False,0.0644,1.0
ton->unsw,50,stat_13x13_adaptive,9,0.474,0.5058100539983215,9,288,False,0.0644,1.0
ton->unsw,50,statico,10,0.526,0.3927419028963255,0,0,False,0.06595,1.0
ton->unsw,50,ogni_batch,10,0.526,0.7728161414382446,10,320,False,0.06595,1.0
ton->unsw,50,su_innesco,10,0.526,0.3927419028963255,0,0,False,0.06595,1.0
ton->unsw,50,oracolo,10,0.526,0.7163771987749953,10,320,False,0.06595,1.0
ton->unsw,50,stat_13x13,10,0.526,0.5796426114835972,10,320,False,0.06595,1.0
ton->unsw,50,martingala,10,0.526,0.6656362725983405,7,224,False,0.06595,1.0
ton->unsw,50,stat_13x13_adaptive,10,0.526,0.5961922147392693,10,320,False,0.06595,1.0
ton->unsw,50,statico,11,0.579,0.3820916353678361,0,0,False,0.06385,1.0
ton->unsw,50,ogni_batch,11,0.579,0.7371853792119551,11,352,False,0.06385,1.0
ton->unsw,50,su_innesco,11,0.579,0.3820916353678361,0,0,False,0.06385,1.0
ton->unsw,50,oracolo,11,0.579,0.7457061784267162,11,352,False,0.06385,1.0
ton->unsw,50,stat_13x13,11,0.579,0.5707873603364646,11,352,False,0.06385,1.0
ton->unsw,50,martingala,11,0.579,0.661633866800609,7,224,False,0.06385,1.0
ton->unsw,50,stat_13x13_adaptive,11,0.579,0.6016114990704241,11,352,False,0.06385,1.0
ton->unsw,50,statico,12,0.632,0.3595848794696869,0,0,False,0.06885,1.0
ton->unsw,50,ogni_batch,12,0.632,0.7556907901465058,12,384,False,0.06885,1.0
ton->unsw,50,su_innesco,12,0.632,0.3595848794696869,0,0,False,0.06885,1.0
ton->unsw,50,oracolo,12,0.632,0.725059142633911,12,384,False,0.06885,1.0
ton->unsw,50,stat_13x13,12,0.632,0.5755766259991769,12,384,False,0.06885,1.0
ton->unsw,50,martingala,12,0.632,0.663334276957058,7,224,False,0.06885,1.0
ton->unsw,50,stat_13x13_adaptive,12,0.632,0.583194998209865,12,384,False,0.06885,1.0
ton->unsw,50,statico,13,0.684,0.3483878038939343,0,0,False,0.06965,1.0
ton->unsw,50,ogni_batch,13,0.684,0.7602768062879692,13,416,False,0.06965,1.0
ton->unsw,50,su_innesco,13,0.684,0.3483878038939343,0,0,False,0.06965,1.0
ton->unsw,50,oracolo,13,0.684,0.7232663447577437,13,416,False,0.06965,1.0
ton->unsw,50,stat_13x13,13,0.684,0.5723288930624139,13,416,False,0.06965,1.0
ton->unsw,50,martingala,13,0.684,0.6537084543439132,7,224,False,0.06965,1.0
ton->unsw,50,stat_13x13_adaptive,13,0.684,0.5832431022850846,13,416,False,0.06965,1.0
ton->unsw,50,statico,14,0.737,0.3230095115369551,0,0,False,0.074,1.0
ton->unsw,50,ogni_batch,14,0.737,0.755117527813153,14,448,False,0.074,1.0
ton->unsw,50,su_innesco,14,0.737,0.3230095115369551,0,0,False,0.074,1.0
ton->unsw,50,oracolo,14,0.737,0.7314985843203071,14,448,False,0.074,1.0
ton->unsw,50,stat_13x13,14,0.737,0.6641112661883946,14,448,False,0.074,1.0
ton->unsw,50,martingala,14,0.737,0.6523862230936845,7,224,False,0.074,1.0
ton->unsw,50,stat_13x13_adaptive,14,0.737,0.617798072426162,14,448,False,0.074,1.0
ton->unsw,50,statico,15,0.789,0.30452594234863156,0,0,False,0.074,1.0
ton->unsw,50,ogni_batch,15,0.789,0.7476296350887535,15,480,False,0.074,1.0
ton->unsw,50,su_innesco,15,0.789,0.30452594234863156,0,0,False,0.074,1.0
ton->unsw,50,oracolo,15,0.789,0.7299816533943382,15,480,False,0.074,1.0
ton->unsw,50,stat_13x13,15,0.789,0.5799047406247663,15,480,False,0.074,1.0
ton->unsw,50,martingala,15,0.789,0.6540904396638889,7,224,False,0.074,1.0
ton->unsw,50,stat_13x13_adaptive,15,0.789,0.5874136289625578,15,480,False,0.074,1.0
ton->unsw,50,statico,16,0.842,0.2864255300106791,0,0,False,0.0767,1.0
ton->unsw,50,ogni_batch,16,0.842,0.7353113168050094,16,512,False,0.0767,1.0
ton->unsw,50,su_innesco,16,0.842,0.2864255300106791,0,0,False,0.0767,1.0
ton->unsw,50,oracolo,16,0.842,0.7317001070943159,16,512,False,0.0767,1.0
ton->unsw,50,stat_13x13,16,0.842,0.5989177558128247,16,512,False,0.0767,1.0
ton->unsw,50,martingala,16,0.842,0.6448587143827968,7,224,False,0.0767,1.0
ton->unsw,50,stat_13x13_adaptive,16,0.842,0.5963801438643755,16,512,False,0.0767,1.0
ton->unsw,50,statico,17,0.895,0.25904294414247964,0,0,False,0.07755,1.0
ton->unsw,50,ogni_batch,17,0.895,0.7294754988532735,17,544,False,0.07755,1.0
ton->unsw,50,su_innesco,17,0.895,0.25904294414247964,0,0,False,0.07755,1.0
ton->unsw,50,oracolo,17,0.895,0.7286233187035882,17,544,False,0.07755,1.0
ton->unsw,50,stat_13x13,17,0.895,0.5887632878528524,17,544,False,0.07755,1.0
ton->unsw,50,martingala,17,0.895,0.6466106549698832,7,224,False,0.07755,1.0
ton->unsw,50,stat_13x13_adaptive,17,0.895,0.5816934285040134,17,544,False,0.07755,1.0
ton->unsw,50,statico,18,0.947,0.23867396515974096,0,0,False,0.0839,1.0
ton->unsw,50,ogni_batch,18,0.947,0.7447313163028388,18,576,False,0.0839,1.0
ton->unsw,50,su_innesco,18,0.947,0.23867396515974096,0,0,False,0.0839,1.0
ton->unsw,50,oracolo,18,0.947,0.7295604610284604,18,576,False,0.0839,1.0
ton->unsw,50,stat_13x13,18,0.947,0.6095240560889179,18,576,False,0.0839,1.0
ton->unsw,50,martingala,18,0.947,0.6353471005880206,7,224,False,0.0839,1.0
ton->unsw,50,stat_13x13_adaptive,18,0.947,0.6717154277636774,18,576,False,0.0839,1.0
ton->unsw,50,statico,19,1.0,0.21439612534477837,0,0,False,0.0815,1.0
ton->unsw,50,ogni_batch,19,1.0,0.7303955607691505,19,608,False,0.0815,1.0
ton->unsw,50,su_innesco,19,1.0,0.21439612534477837,0,0,False,0.0815,1.0
ton->unsw,50,oracolo,19,1.0,0.7334168874147,19,608,False,0.0815,1.0
ton->unsw,50,stat_13x13,19,1.0,0.6293924882745974,19,608,False,0.0815,1.0
ton->unsw,50,martingala,19,1.0,0.6424606594851816,7,224,False,0.0815,1.0
ton->unsw,50,stat_13x13_adaptive,19,1.0,0.6221154956476163,19,608,False,0.0815,1.0
ton->unsw,51,statico,0,0.0,0.96955,0,0,False,0.0504,1.0
ton->unsw,51,ogni_batch,0,0.0,0.96955,0,0,False,0.0504,1.0
ton->unsw,51,su_innesco,0,0.0,0.96955,0,0,False,0.0504,1.0
ton->unsw,51,oracolo,0,0.0,0.96955,0,0,False,0.0504,1.0
ton->unsw,51,stat_13x13,0,0.0,0.96955,0,0,False,0.0504,1.0
ton->unsw,51,martingala,0,0.0,0.96955,0,0,False,0.0504,1.0
ton->unsw,51,stat_13x13_adaptive,0,0.0,0.96955,0,0,False,0.0504,1.0
ton->unsw,51,statico,1,0.053,0.5123021992855902,0,0,False,0.0496,1.0
ton->unsw,51,ogni_batch,1,0.053,0.5123021992855902,1,32,False,0.0496,1.0
ton->unsw,51,su_innesco,1,0.053,0.5123021992855902,0,0,False,0.0496,1.0
ton->unsw,51,oracolo,1,0.053,0.5123021992855902,1,32,False,0.0496,1.0
ton->unsw,51,stat_13x13,1,0.053,0.3718154157625594,1,32,False,0.0496,1.0
ton->unsw,51,martingala,1,0.053,0.5123021992855902,1,32,False,0.0496,1.0
ton->unsw,51,stat_13x13_adaptive,1,0.053,0.37298804755617615,1,32,False,0.0496,1.0
ton->unsw,51,statico,2,0.105,0.5096390120521194,0,0,False,0.046,1.0
ton->unsw,51,ogni_batch,2,0.105,0.5933623572724567,2,64,False,0.046,1.0
ton->unsw,51,su_innesco,2,0.105,0.5096390120521194,0,0,False,0.046,1.0
ton->unsw,51,oracolo,2,0.105,0.802339299485488,2,64,False,0.046,1.0
ton->unsw,51,stat_13x13,2,0.105,0.5179462454083842,2,64,False,0.046,1.0
ton->unsw,51,martingala,2,0.105,0.5933623572724567,2,64,False,0.046,1.0
ton->unsw,51,stat_13x13_adaptive,2,0.105,0.5,2,64,False,0.046,1.0
ton->unsw,51,statico,3,0.158,0.48628692320815253,0,0,False,0.04555,1.0
ton->unsw,51,ogni_batch,3,0.158,0.5736347342486628,3,96,False,0.04555,1.0
ton->unsw,51,su_innesco,3,0.158,0.48628692320815253,0,0,False,0.04555,1.0
ton->unsw,51,oracolo,3,0.158,0.7447091664849101,3,96,False,0.04555,1.0
ton->unsw,51,stat_13x13,3,0.158,0.5248813524973217,3,96,False,0.04555,1.0
ton->unsw,51,martingala,3,0.158,0.5736347342486628,3,96,False,0.04555,1.0
ton->unsw,51,stat_13x13_adaptive,3,0.158,0.5,3,96,False,0.04555,1.0
ton->unsw,51,statico,4,0.211,0.48358763216407863,0,0,False,0.04355,1.0
ton->unsw,51,ogni_batch,4,0.211,0.5870012825036836,4,128,False,0.04355,1.0
ton->unsw,51,su_innesco,4,0.211,0.48358763216407863,0,0,False,0.04355,1.0
ton->unsw,51,oracolo,4,0.211,0.7439234498155798,4,128,False,0.04355,1.0
ton->unsw,51,stat_13x13,4,0.211,0.5783442405810986,4,128,False,0.04355,1.0
ton->unsw,51,martingala,4,0.211,0.5870012825036836,4,128,False,0.04355,1.0
ton->unsw,51,stat_13x13_adaptive,4,0.211,0.4999458757306776,4,128,False,0.04355,1.0
ton->unsw,51,statico,5,0.263,0.47024717171792835,0,0,False,0.04455,1.0
ton->unsw,51,ogni_batch,5,0.263,0.5646642818391066,5,160,False,0.04455,1.0
ton->unsw,51,su_innesco,5,0.263,0.47024717171792835,0,0,False,0.04455,1.0
ton->unsw,51,oracolo,5,0.263,0.7472308986999967,5,160,False,0.04455,1.0
ton->unsw,51,stat_13x13,5,0.263,0.5253447376552953,5,160,False,0.04455,1.0
ton->unsw,51,martingala,5,0.263,0.5880092682260428,4,128,False,0.04455,1.0
ton->unsw,51,stat_13x13_adaptive,5,0.263,0.4999724457180646,5,160,False,0.04455,1.0
ton->unsw,51,statico,6,0.316,0.46251584691072983,0,0,False,0.0416,1.0
ton->unsw,51,ogni_batch,6,0.316,0.710979756192464,6,192,False,0.0416,1.0
ton->unsw,51,su_innesco,6,0.316,0.46251584691072983,0,0,False,0.0416,1.0
ton->unsw,51,oracolo,6,0.316,0.7648619734949091,6,192,False,0.0416,1.0
ton->unsw,51,stat_13x13,6,0.316,0.606718540992889,6,192,False,0.0416,1.0
ton->unsw,51,martingala,6,0.316,0.5919483265652284,4,128,False,0.0416,1.0
ton->unsw,51,stat_13x13_adaptive,6,0.316,0.599096547612522,6,192,False,0.0416,1.0
ton->unsw,51,statico,7,0.368,0.4433813254053034,0,0,False,0.04085,1.0
ton->unsw,51,ogni_batch,7,0.368,0.7411904342520578,7,224,False,0.04085,1.0
ton->unsw,51,su_innesco,7,0.368,0.4433813254053034,0,0,False,0.04085,1.0
ton->unsw,51,oracolo,7,0.368,0.7355888161530055,7,224,False,0.04085,1.0
ton->unsw,51,stat_13x13,7,0.368,0.7148034207618232,7,224,False,0.04085,1.0
ton->unsw,51,martingala,7,0.368,0.5893354850017705,4,128,False,0.04085,1.0
ton->unsw,51,stat_13x13_adaptive,7,0.368,0.7132637172926664,7,224,False,0.04085,1.0
ton->unsw,51,statico,8,0.421,0.42826545383861364,0,0,False,0.0413,1.0
ton->unsw,51,ogni_batch,8,0.421,0.737691064717183,8,256,False,0.0413,1.0
ton->unsw,51,su_innesco,8,0.421,0.42826545383861364,0,0,False,0.0413,1.0
ton->unsw,51,oracolo,8,0.421,0.6957990030447307,8,256,False,0.0413,1.0
ton->unsw,51,stat_13x13,8,0.421,0.5239341029533158,8,256,False,0.0413,1.0
ton->unsw,51,martingala,8,0.421,0.5939185508842935,4,128,False,0.0413,1.0
ton->unsw,51,stat_13x13_adaptive,8,0.421,0.6545402302864498,8,256,False,0.0413,1.0
ton->unsw,51,statico,9,0.474,0.41409778169103756,0,0,False,0.04075,1.0
ton->unsw,51,ogni_batch,9,0.474,0.7717093465492986,9,288,False,0.04075,1.0
ton->unsw,51,su_innesco,9,0.474,0.41409778169103756,0,0,False,0.04075,1.0
ton->unsw,51,oracolo,9,0.474,0.7080057777749885,9,288,False,0.04075,1.0
ton->unsw,51,stat_13x13,9,0.474,0.5723155900393132,9,288,False,0.04075,1.0
ton->unsw,51,martingala,9,0.474,0.5893449089383057,4,128,False,0.04075,1.0
ton->unsw,51,stat_13x13_adaptive,9,0.474,0.6066571502256247,9,288,False,0.04075,1.0
ton->unsw,51,statico,10,0.526,0.3960225277529519,0,0,False,0.03755,1.0
ton->unsw,51,ogni_batch,10,0.526,0.7569926309017774,10,320,False,0.03755,1.0
ton->unsw,51,su_innesco,10,0.526,0.3960225277529519,0,0,False,0.03755,1.0
ton->unsw,51,oracolo,10,0.526,0.6836116464883618,10,320,False,0.03755,1.0
ton->unsw,51,stat_13x13,10,0.526,0.6064027397803775,10,320,False,0.03755,1.0
ton->unsw,51,martingala,10,0.526,0.5846218670769571,4,128,False,0.03755,1.0
ton->unsw,51,stat_13x13_adaptive,10,0.526,0.6175939635381256,10,320,False,0.03755,1.0
ton->unsw,51,statico,11,0.579,0.38262150081765267,0,0,False,0.0387,1.0
ton->unsw,51,ogni_batch,11,0.579,0.7459917468716944,11,352,False,0.0387,1.0
ton->unsw,51,su_innesco,11,0.579,0.38262150081765267,0,0,False,0.0387,1.0
ton->unsw,51,oracolo,11,0.579,0.7022195381403109,11,352,False,0.0387,1.0
ton->unsw,51,stat_13x13,11,0.579,0.6867066964757427,11,352,False,0.0387,1.0
ton->unsw,51,martingala,11,0.579,0.5843228265050899,4,128,False,0.0387,1.0
ton->unsw,51,stat_13x13_adaptive,11,0.579,0.6562542550259463,11,352,False,0.0387,1.0
ton->unsw,51,statico,12,0.632,0.36412333219181964,0,0,False,0.0361,1.0
ton->unsw,51,ogni_batch,12,0.632,0.6728785250760532,12,384,False,0.0361,1.0
ton->unsw,51,su_innesco,12,0.632,0.36412333219181964,0,0,False,0.0361,1.0
ton->unsw,51,oracolo,12,0.632,0.6817668702407619,12,384,False,0.0361,1.0
ton->unsw,51,stat_13x13,12,0.632,0.7036627127144103,12,384,False,0.0361,1.0
ton->unsw,51,martingala,12,0.632,0.5899473656054812,4,128,False,0.0361,1.0
ton->unsw,51,stat_13x13_adaptive,12,0.632,0.6494984317191617,12,384,False,0.0361,1.0
ton->unsw,51,statico,13,0.684,0.34851792390990904,0,0,False,0.0341,1.0
ton->unsw,51,ogni_batch,13,0.684,0.752301307855135,13,416,False,0.0341,1.0
ton->unsw,51,su_innesco,13,0.684,0.34851792390990904,0,0,False,0.0341,1.0
ton->unsw,51,oracolo,13,0.684,0.7620476279717456,13,416,False,0.0341,1.0
ton->unsw,51,stat_13x13,13,0.684,0.686827147668548,13,416,False,0.0341,1.0
ton->unsw,51,martingala,13,0.684,0.5805510844292603,4,128,False,0.0341,1.0
ton->unsw,51,stat_13x13_adaptive,13,0.684,0.6572710581154873,13,416,False,0.0341,1.0
ton->unsw,51,statico,14,0.737,0.3286579863719702,0,0,False,0.0332,1.0
ton->unsw,51,ogni_batch,14,0.737,0.7415686931361465,14,448,False,0.0332,1.0
ton->unsw,51,su_innesco,14,0.737,0.3286579863719702,0,0,False,0.0332,1.0
ton->unsw,51,oracolo,14,0.737,0.7696792244388229,14,448,False,0.0332,1.0
ton->unsw,51,stat_13x13,14,0.737,0.7088744148888566,14,448,False,0.0332,1.0
ton->unsw,51,martingala,14,0.737,0.5888427792707469,4,128,False,0.0332,1.0
ton->unsw,51,stat_13x13_adaptive,14,0.737,0.647475257219005,14,448,False,0.0332,1.0
ton->unsw,51,statico,15,0.789,0.3069687837306203,0,0,False,0.0307,1.0
ton->unsw,51,ogni_batch,15,0.789,0.7258962760028975,15,480,False,0.0307,1.0
ton->unsw,51,su_innesco,15,0.789,0.3069687837306203,0,0,False,0.0307,1.0
ton->unsw,51,oracolo,15,0.789,0.7460535344983005,15,480,False,0.0307,1.0
ton->unsw,51,stat_13x13,15,0.789,0.6927849068249327,15,480,False,0.0307,1.0
ton->unsw,51,martingala,15,0.789,0.5831163967124098,4,128,False,0.0307,1.0
ton->unsw,51,stat_13x13_adaptive,15,0.789,0.663407922668969,15,480,False,0.0307,1.0
ton->unsw,51,statico,16,0.842,0.2864264182936846,0,0,False,0.02965,1.0
ton->unsw,51,ogni_batch,16,0.842,0.7420378688862836,16,512,False,0.02965,1.0
ton->unsw,51,su_innesco,16,0.842,0.2864264182936846,0,0,False,0.02965,1.0
ton->unsw,51,oracolo,16,0.842,0.7543552282975445,16,512,False,0.02965,1.0
ton->unsw,51,stat_13x13,16,0.842,0.6984019947277036,16,512,False,0.02965,1.0
ton->unsw,51,martingala,16,0.842,0.5847190731061633,4,128,False,0.02965,1.0
ton->unsw,51,stat_13x13_adaptive,16,0.842,0.6611614607199924,16,512,False,0.02965,1.0
ton->unsw,51,statico,17,0.895,0.2682820850919498,0,0,False,0.03175,1.0
ton->unsw,51,ogni_batch,17,0.895,0.7481720514859773,17,544,False,0.03175,1.0
ton->unsw,51,su_innesco,17,0.895,0.2682820850919498,0,0,False,0.03175,1.0
ton->unsw,51,oracolo,17,0.895,0.7254249598284652,17,544,False,0.03175,1.0
ton->unsw,51,stat_13x13,17,0.895,0.7010048448503896,17,544,False,0.03175,1.0
ton->unsw,51,martingala,17,0.895,0.5855132104003178,4,128,False,0.03175,1.0
ton->unsw,51,stat_13x13_adaptive,17,0.895,0.6574859178404309,17,544,False,0.03175,1.0
ton->unsw,51,statico,18,0.947,0.2441868286745157,0,0,False,0.02905,1.0
ton->unsw,51,ogni_batch,18,0.947,0.737587686204491,18,576,False,0.02905,1.0
ton->unsw,51,su_innesco,18,0.947,0.2441868286745157,0,0,False,0.02905,1.0
ton->unsw,51,oracolo,18,0.947,0.730462009825214,18,576,False,0.02905,1.0
ton->unsw,51,stat_13x13,18,0.947,0.7054728314073326,18,576,False,0.02905,1.0
ton->unsw,51,martingala,18,0.947,0.5827558359728002,4,128,False,0.02905,1.0
ton->unsw,51,stat_13x13_adaptive,18,0.947,0.6674806561042013,18,576,False,0.02905,1.0
ton->unsw,51,statico,19,1.0,0.22017532394353898,0,0,False,0.02905,1.0
ton->unsw,51,ogni_batch,19,1.0,0.7569130193827207,19,608,False,0.02905,1.0
ton->unsw,51,su_innesco,19,1.0,0.22017532394353898,0,0,False,0.02905,1.0
ton->unsw,51,oracolo,19,1.0,0.7400744769301337,19,608,False,0.02905,1.0
ton->unsw,51,stat_13x13,19,1.0,0.7465328552300438,19,608,False,0.02905,1.0
ton->unsw,51,martingala,19,1.0,0.5806314958227813,4,128,False,0.02905,1.0
ton->unsw,51,stat_13x13_adaptive,19,1.0,0.6880292264784669,19,608,False,0.02905,1.0
unsw->ton,42,statico,0,0.0,0.8024,0,0,False,0.0,1.0
unsw->ton,42,ogni_batch,0,0.0,0.8024,0,0,False,0.0,1.0
unsw->ton,42,su_innesco,0,0.0,0.8024,0,0,False,0.0,1.0
unsw->ton,42,oracolo,0,0.0,0.8024,0,0,False,0.0,1.0
unsw->ton,42,stat_13x13,0,0.0,0.8024,0,0,False,0.0,1.0
unsw->ton,42,martingala,0,0.0,0.8024,0,0,False,0.0,1.0
unsw->ton,42,stat_13x13_adaptive,0,0.0,0.8024,0,0,False,0.0,1.0
unsw->ton,42,statico,1,0.053,0.6245806766194075,0,0,False,0.0,1.0
unsw->ton,42,ogni_batch,1,0.053,0.6245806766194075,1,32,False,0.0,1.0
unsw->ton,42,su_innesco,1,0.053,0.6245806766194075,0,0,False,0.0,1.0
unsw->ton,42,oracolo,1,0.053,0.6245806766194075,1,32,False,0.0,1.0
unsw->ton,42,stat_13x13,1,0.053,0.520166259786091,1,32,False,0.0,1.0
unsw->ton,42,martingala,1,0.053,0.6245806766194075,1,32,False,0.0,1.0
unsw->ton,42,stat_13x13_adaptive,1,0.053,0.5208243876654005,1,32,False,0.0,1.0
unsw->ton,42,statico,2,0.105,0.6018996930323639,0,0,False,0.0,1.0
unsw->ton,42,ogni_batch,2,0.105,0.6018996930323639,2,64,False,0.0,1.0
unsw->ton,42,su_innesco,2,0.105,0.6018996930323639,0,0,False,0.0,1.0
unsw->ton,42,oracolo,2,0.105,0.9003355804599222,2,64,False,0.0,1.0
unsw->ton,42,stat_13x13,2,0.105,0.5,2,64,False,0.0,1.0
unsw->ton,42,martingala,2,0.105,0.6018996930323639,2,64,False,0.0,1.0
unsw->ton,42,stat_13x13_adaptive,2,0.105,0.5,2,64,False,0.0,1.0
unsw->ton,42,statico,3,0.158,0.590085074953496,0,0,False,0.0,1.0
unsw->ton,42,ogni_batch,3,0.158,0.5984681037312616,3,96,False,0.0,1.0
unsw->ton,42,su_innesco,3,0.158,0.590085074953496,0,0,False,0.0,1.0
unsw->ton,42,oracolo,3,0.158,0.8946602472918262,3,96,False,0.0,1.0
unsw->ton,42,stat_13x13,3,0.158,0.49997401247401246,3,96,False,0.0,1.0
unsw->ton,42,martingala,3,0.158,0.5984681037312616,3,96,False,0.0,1.0
unsw->ton,42,stat_13x13_adaptive,3,0.158,0.5,3,96,False,0.0,1.0
unsw->ton,42,statico,4,0.211,0.5844120812425855,0,0,False,0.0,1.0
unsw->ton,42,ogni_batch,4,0.211,0.6712108386401753,4,128,False,0.0,1.0
unsw->ton,42,su_innesco,4,0.211,0.5844120812425855,0,0,False,0.0,1.0
unsw->ton,42,oracolo,4,0.211,0.8750294040365523,4,128,False,0.0,1.0
unsw->ton,42,stat_13x13,4,0.211,0.4998684625907608,4,128,False,0.0,1.0
unsw->ton,42,martingala,4,0.211,0.6712108386401753,4,128,False,0.0,1.0
unsw->ton,42,stat_13x13_adaptive,4,0.211,0.5,4,128,False,0.0,1.0
unsw->ton,42,statico,5,0.263,0.5560647224705964,0,0,False,0.0,1.0
unsw->ton,42,ogni_batch,5,0.263,0.7510695371070912,5,160,False,0.0,1.0
unsw->ton,42,su_innesco,5,0.263,0.5560647224705964,0,0,False,0.0,1.0
unsw->ton,42,oracolo,5,0.263,0.861180273746475,5,160,False,0.0,1.0
unsw->ton,42,stat_13x13,5,0.263,0.6801920696058876,5,160,False,0.0,1.0
unsw->ton,42,martingala,5,0.263,0.7510695371070912,5,160,False,0.0,1.0
unsw->ton,42,stat_13x13_adaptive,5,0.263,0.5085244858656028,5,160,False,0.0,1.0
unsw->ton,42,statico,6,0.316,0.5404180245024215,0,0,False,0.0,1.0
unsw->ton,42,ogni_batch,6,0.316,0.7626557634897124,6,192,False,0.0,1.0
unsw->ton,42,su_innesco,6,0.316,0.5404180245024215,0,0,False,0.0,1.0
unsw->ton,42,oracolo,6,0.316,0.8739663588929385,6,192,False,0.0,1.0
unsw->ton,42,stat_13x13,6,0.316,0.5933181577945226,6,192,False,0.0,1.0
unsw->ton,42,martingala,6,0.316,0.7626557634897124,6,192,False,0.0,1.0
unsw->ton,42,stat_13x13_adaptive,6,0.316,0.7158363605282582,6,192,False,0.0,1.0
unsw->ton,42,statico,7,0.368,0.5254749405144087,0,0,False,0.0,1.0
unsw->ton,42,ogni_batch,7,0.368,0.7689821983860206,7,224,False,0.0,1.0
unsw->ton,42,su_innesco,7,0.368,0.5254749405144087,0,0,False,0.0,1.0
unsw->ton,42,oracolo,7,0.368,0.8608395966310383,7,224,False,0.0,1.0
unsw->ton,42,stat_13x13,7,0.368,0.7066680515164104,7,224,False,0.0,1.0
unsw->ton,42,martingala,7,0.368,0.7689821983860206,7,224,False,0.0,1.0
unsw->ton,42,stat_13x13_adaptive,7,0.368,0.5517373569513162,7,224,False,0.0,1.0
unsw->ton,42,statico,8,0.421,0.5202579660273245,0,0,False,0.0,1.0
unsw->ton,42,ogni_batch,8,0.421,0.7731277393194319,8,256,False,0.0,1.0
unsw->ton,42,su_innesco,8,0.421,0.5202579660273245,0,0,False,0.0,1.0
unsw->ton,42,oracolo,8,0.421,0.8516497819126084,8,256,False,0.0,1.0
unsw->ton,42,stat_13x13,8,0.421,0.7097377096132697,8,256,False,0.0,1.0
unsw->ton,42,martingala,8,0.421,0.7731277393194319,8,256,False,0.0,1.0
unsw->ton,42,stat_13x13_adaptive,8,0.421,0.582407828713041,8,256,False,0.0,1.0
unsw->ton,42,statico,9,0.474,0.5034499537180284,0,0,False,0.0,1.0
unsw->ton,42,ogni_batch,9,0.474,0.772706924821436,9,288,False,0.0,1.0
unsw->ton,42,su_innesco,9,0.474,0.5034499537180284,0,0,False,0.0,1.0
unsw->ton,42,oracolo,9,0.474,0.8494428402655185,9,288,False,0.0,1.0
unsw->ton,42,stat_13x13,9,0.474,0.6949286092844639,9,288,False,0.0,1.0
unsw->ton,42,martingala,9,0.474,0.772706924821436,9,288,False,0.0,1.0
unsw->ton,42,stat_13x13_adaptive,9,0.474,0.5811374458887971,9,288,False,0.0,1.0
unsw->ton,42,statico,10,0.526,0.4835719735668942,0,0,False,0.0,1.0
unsw->ton,42,ogni_batch,10,0.526,0.7477812852685868,10,320,False,0.0,1.0
unsw->ton,42,su_innesco,10,0.526,0.4835719735668942,0,0,False,0.0,1.0
unsw->ton,42,oracolo,10,0.526,0.8436721020330602,10,320,False,0.0,1.0
unsw->ton,42,stat_13x13,10,0.526,0.6020951075922203,10,320,False,0.0,1.0
unsw->ton,42,martingala,10,0.526,0.7477812852685868,10,320,False,0.0,1.0
unsw->ton,42,stat_13x13_adaptive,10,0.526,0.6105158552392953,10,320,False,0.0,1.0
unsw->ton,42,statico,11,0.579,0.4604749945398928,0,0,False,0.0,1.0
unsw->ton,42,ogni_batch,11,0.579,0.7375434016869185,11,352,False,0.0,1.0
unsw->ton,42,su_innesco,11,0.579,0.4604749945398928,0,0,False,0.0,1.0
unsw->ton,42,oracolo,11,0.579,0.833799970318037,11,352,False,0.0,1.0
unsw->ton,42,stat_13x13,11,0.579,0.6574035337817761,11,352,False,0.0,1.0
unsw->ton,42,martingala,11,0.579,0.7375434016869185,11,352,False,0.0,1.0
unsw->ton,42,stat_13x13_adaptive,11,0.579,0.5782830653503485,11,352,False,0.0,1.0
unsw->ton,42,statico,12,0.632,0.44231622992137076,0,0,False,0.0,1.0
unsw->ton,42,ogni_batch,12,0.632,0.7266852402895649,12,384,False,0.0,1.0
unsw->ton,42,su_innesco,12,0.632,0.44231622992137076,0,0,False,0.0,1.0
unsw->ton,42,oracolo,12,0.632,0.8345448320010465,12,384,False,0.0,1.0
unsw->ton,42,stat_13x13,12,0.632,0.6461938641016999,12,384,False,0.0,1.0
unsw->ton,42,martingala,12,0.632,0.7266852402895649,12,384,False,0.0,1.0
unsw->ton,42,stat_13x13_adaptive,12,0.632,0.6390239132512665,12,384,False,0.0,1.0
unsw->ton,42,statico,13,0.684,0.4173093944548357,0,0,False,0.0,1.0
unsw->ton,42,ogni_batch,13,0.684,0.7063715901681602,13,416,False,0.0,1.0
unsw->ton,42,su_innesco,13,0.684,0.4173093944548357,0,0,False,0.0,1.0
unsw->ton,42,oracolo,13,0.684,0.8405574242009348,13,416,False,0.0,1.0
unsw->ton,42,stat_13x13,13,0.684,0.6778619262835007,13,416,False,0.0,1.0
unsw->ton,42,martingala,13,0.684,0.7063715901681602,13,416,False,0.0,1.0
unsw->ton,42,stat_13x13_adaptive,13,0.684,0.6442645520201439,13,416,False,0.0,1.0
unsw->ton,42,statico,14,0.737,0.40078477974550564,0,0,False,0.0,1.0
unsw->ton,42,ogni_batch,14,0.737,0.7374367415431835,14,448,False,0.0,1.0
unsw->ton,42,su_innesco,14,0.737,0.40078477974550564,0,0,False,0.0,1.0
unsw->ton,42,oracolo,14,0.737,0.8264057495040953,14,448,False,0.0,1.0
unsw->ton,42,stat_13x13,14,0.737,0.6889625071346568,14,448,False,0.0,1.0
unsw->ton,42,martingala,14,0.737,0.7374367415431835,14,448,False,0.0,1.0
unsw->ton,42,stat_13x13_adaptive,14,0.737,0.7047400991332665,14,448,False,0.0,1.0
unsw->ton,42,statico,15,0.789,0.3801736244802031,0,0,False,0.0,1.0
unsw->ton,42,ogni_batch,15,0.789,0.7293365996303609,15,480,False,0.0,1.0
unsw->ton,42,su_innesco,15,0.789,0.3801736244802031,0,0,False,0.0,1.0
unsw->ton,42,oracolo,15,0.789,0.7052892981467177,15,480,False,0.0,1.0
unsw->ton,42,stat_13x13,15,0.789,0.6823411830931575,15,480,False,0.0,1.0
unsw->ton,42,martingala,15,0.789,0.7293365996303609,15,480,False,0.0,1.0
unsw->ton,42,stat_13x13_adaptive,15,0.789,0.6764264881561814,15,480,False,0.0,1.0
unsw->ton,42,statico,16,0.842,0.34947481965886873,0,0,False,0.0,1.0
unsw->ton,42,ogni_batch,16,0.842,0.7244347063978965,16,512,False,0.0,1.0
unsw->ton,42,su_innesco,16,0.842,0.34947481965886873,0,0,False,0.0,1.0
unsw->ton,42,oracolo,16,0.842,0.8011838468280186,16,512,False,0.0,1.0
unsw->ton,42,stat_13x13,16,0.842,0.6948913137694908,16,512,False,0.0,1.0
unsw->ton,42,martingala,16,0.842,0.7244347063978965,16,512,False,0.0,1.0
unsw->ton,42,stat_13x13_adaptive,16,0.842,0.5972651712879583,16,512,False,0.0,1.0
unsw->ton,42,statico,17,0.895,0.3295697474219024,0,0,False,0.0,1.0
unsw->ton,42,ogni_batch,17,0.895,0.7510042391729195,17,544,False,0.0,1.0
unsw->ton,42,su_innesco,17,0.895,0.3295697474219024,0,0,False,0.0,1.0
unsw->ton,42,oracolo,17,0.895,0.8237862590756555,17,544,False,0.0,1.0
unsw->ton,42,stat_13x13,17,0.895,0.692950739162655,17,544,False,0.0,1.0
unsw->ton,42,martingala,17,0.895,0.7510042391729195,17,544,False,0.0,1.0
unsw->ton,42,stat_13x13_adaptive,17,0.895,0.7460766613453155,17,544,False,0.0,1.0
unsw->ton,42,statico,18,0.947,0.30819450266569287,0,0,False,0.0,1.0
unsw->ton,42,ogni_batch,18,0.947,0.9168303824163666,18,576,False,0.0,1.0
unsw->ton,42,su_innesco,18,0.947,0.30819450266569287,0,0,False,0.0,1.0
unsw->ton,42,oracolo,18,0.947,0.8339626270003501,18,576,False,0.0,1.0
unsw->ton,42,stat_13x13,18,0.947,0.6856186553844691,18,576,False,0.0,1.0
unsw->ton,42,martingala,18,0.947,0.9168303824163666,18,576,False,0.0,1.0
unsw->ton,42,stat_13x13_adaptive,18,0.947,0.6700858265232479,18,576,False,0.0,1.0
unsw->ton,42,statico,19,1.0,0.27873966727139077,0,0,False,0.0,1.0
unsw->ton,42,ogni_batch,19,1.0,0.8524773692447092,19,608,False,0.0,1.0
unsw->ton,42,su_innesco,19,1.0,0.27873966727139077,0,0,False,0.0,1.0
unsw->ton,42,oracolo,19,1.0,0.8907674019466504,19,608,False,0.0,1.0
unsw->ton,42,stat_13x13,19,1.0,0.7019918776517439,19,608,False,0.0,1.0
unsw->ton,42,martingala,19,1.0,0.8524773692447092,19,608,False,0.0,1.0
unsw->ton,42,stat_13x13_adaptive,19,1.0,0.7400679811958866,19,608,False,0.0,1.0
unsw->ton,43,statico,0,0.0,0.80775,0,0,False,0.0,1.0
unsw->ton,43,ogni_batch,0,0.0,0.80775,0,0,False,0.0,1.0
unsw->ton,43,su_innesco,0,0.0,0.80775,0,0,False,0.0,1.0
unsw->ton,43,oracolo,0,0.0,0.80775,0,0,False,0.0,1.0
unsw->ton,43,stat_13x13,0,0.0,0.80775,0,0,False,0.0,1.0
unsw->ton,43,martingala,0,0.0,0.80775,0,0,False,0.0,1.0
unsw->ton,43,stat_13x13_adaptive,0,0.0,0.80775,0,0,False,0.0,1.0
unsw->ton,43,statico,1,0.053,0.6333430442320023,0,0,False,0.0,1.0
unsw->ton,43,ogni_batch,1,0.053,0.6333430442320023,1,32,False,0.0,1.0
unsw->ton,43,su_innesco,1,0.053,0.6333430442320023,0,0,False,0.0,1.0
unsw->ton,43,oracolo,1,0.053,0.6333430442320023,1,32,False,0.0,1.0
unsw->ton,43,stat_13x13,1,0.053,0.49747104344747356,1,32,False,0.0,1.0
unsw->ton,43,martingala,1,0.053,0.6333430442320023,1,32,False,0.0,1.0
unsw->ton,43,stat_13x13_adaptive,1,0.053,0.49742046431642306,1,32,False,0.0,1.0
unsw->ton,43,statico,2,0.105,0.6071177480312214,0,0,False,0.0,1.0
unsw->ton,43,ogni_batch,2,0.105,0.6071177480312214,2,64,False,0.0,1.0
unsw->ton,43,su_innesco,2,0.105,0.6071177480312214,0,0,False,0.0,1.0
unsw->ton,43,oracolo,2,0.105,0.7382058890209298,2,64,False,0.0,1.0
unsw->ton,43,stat_13x13,2,0.105,0.5,2,64,False,0.0,1.0
unsw->ton,43,martingala,2,0.105,0.6071177480312214,2,64,False,0.0,1.0
unsw->ton,43,stat_13x13_adaptive,2,0.105,0.5117703187166628,2,64,False,0.0,1.0
unsw->ton,43,statico,3,0.158,0.6119824597632871,0,0,False,0.0,1.0
unsw->ton,43,ogni_batch,3,0.158,0.6119824597632871,3,96,False,0.0,1.0
unsw->ton,43,su_innesco,3,0.158,0.6119824597632871,0,0,False,0.0,1.0
unsw->ton,43,oracolo,3,0.158,0.8397177842335327,3,96,False,0.0,1.0
unsw->ton,43,stat_13x13,3,0.158,0.5,3,96,False,0.0,1.0
unsw->ton,43,martingala,3,0.158,0.6119824597632871,3,96,False,0.0,1.0
unsw->ton,43,stat_13x13_adaptive,3,0.158,0.5122252087630428,3,96,False,0.0,1.0
unsw->ton,43,statico,4,0.211,0.5793645764333497,0,0,False,0.0,1.0
unsw->ton,43,ogni_batch,4,0.211,0.5793645764333497,4,128,False,0.0,1.0
unsw->ton,43,su_innesco,4,0.211,0.5793645764333497,0,0,False,0.0,1.0
unsw->ton,43,oracolo,4,0.211,0.7739001579581586,4,128,False,0.0,1.0
unsw->ton,43,stat_13x13,4,0.211,0.5,4,128,False,0.0,1.0
unsw->ton,43,martingala,4,0.211,0.5793645764333497,4,128,False,0.0,1.0
unsw->ton,43,stat_13x13_adaptive,4,0.211,0.5143823175119502,4,128,False,0.0,1.0
unsw->ton,43,statico,5,0.263,0.5743042120085987,0,0,False,0.0,1.0
unsw->ton,43,ogni_batch,5,0.263,0.5743042120085987,5,160,False,0.0,1.0
unsw->ton,43,su_innesco,5,0.263,0.5743042120085987,0,0,False,0.0,1.0
unsw->ton,43,oracolo,5,0.263,0.8153398537986636,5,160,False,0.0,1.0
unsw->ton,43,stat_13x13,5,0.263,0.5,5,160,False,0.0,1.0
unsw->ton,43,martingala,5,0.263,0.5743042120085987,5,160,False,0.0,1.0
unsw->ton,43,stat_13x13_adaptive,5,0.263,0.5072499133976797,5,160,False,0.0,1.0
unsw->ton,43,statico,6,0.316,0.5574512550998596,0,0,False,0.0,1.0
unsw->ton,43,ogni_batch,6,0.316,0.5574512550998596,6,192,False,0.0,1.0
unsw->ton,43,su_innesco,6,0.316,0.5574512550998596,0,0,False,0.0,1.0
unsw->ton,43,oracolo,6,0.316,0.8104429210695068,6,192,False,0.0,1.0
unsw->ton,43,stat_13x13,6,0.316,0.49994598098530685,6,192,False,0.0,1.0
unsw->ton,43,martingala,6,0.316,0.5574512550998596,6,192,False,0.0,1.0
unsw->ton,43,stat_13x13_adaptive,6,0.316,0.5016522267451046,6,192,False,0.0,1.0
unsw->ton,43,statico,7,0.368,0.5402352209036629,0,0,False,0.0,1.0
unsw->ton,43,ogni_batch,7,0.368,0.5402352209036629,7,224,False,0.0,1.0
unsw->ton,43,su_innesco,7,0.368,0.5402352209036629,0,0,False,0.0,1.0
unsw->ton,43,oracolo,7,0.368,0.8042966278206779,7,224,False,0.0,1.0
unsw->ton,43,stat_13x13,7,0.368,0.5,7,224,False,0.0,1.0
unsw->ton,43,martingala,7,0.368,0.5402352209036629,7,224,False,0.0,1.0
unsw->ton,43,stat_13x13_adaptive,7,0.368,0.5237844460360191,7,224,False,0.0,1.0
unsw->ton,43,statico,8,0.421,0.5302531727479532,0,0,False,0.0,1.0
unsw->ton,43,ogni_batch,8,0.421,0.5302531727479532,8,256,False,0.0,1.0
unsw->ton,43,su_innesco,8,0.421,0.5302531727479532,0,0,False,0.0,1.0
unsw->ton,43,oracolo,8,0.421,0.7979668562694299,8,256,False,0.0,1.0
unsw->ton,43,stat_13x13,8,0.421,0.5,8,256,False,0.0,1.0
unsw->ton,43,martingala,8,0.421,0.5302531727479532,8,256,False,0.0,1.0
unsw->ton,43,stat_13x13_adaptive,8,0.421,0.5160420479306922,8,256,False,0.0,1.0
unsw->ton,43,statico,9,0.474,0.5173651435462459,0,0,False,0.0,1.0
unsw->ton,43,ogni_batch,9,0.474,0.5173651435462459,9,288,False,0.0,1.0
unsw->ton,43,su_innesco,9,0.474,0.5173651435462459,0,0,False,0.0,1.0
unsw->ton,43,oracolo,9,0.474,0.7856846441492111,9,288,False,0.0,1.0
unsw->ton,43,stat_13x13,9,0.474,0.4997192918452761,9,288,False,0.0,1.0
unsw->ton,43,martingala,9,0.474,0.5173651435462459,9,288,False,0.0,1.0
unsw->ton,43,stat_13x13_adaptive,9,0.474,0.5262996686225032,9,288,False,0.0,1.0
unsw->ton,43,statico,10,0.526,0.4932947702499497,0,0,False,0.0,1.0
unsw->ton,43,ogni_batch,10,0.526,0.7500539321507103,10,320,False,0.0,1.0
unsw->ton,43,su_innesco,10,0.526,0.4932947702499497,0,0,False,0.0,1.0
unsw->ton,43,oracolo,10,0.526,0.7883970927151569,10,320,False,0.0,1.0
unsw->ton,43,stat_13x13,10,0.526,0.46254929571814285,10,320,False,0.0,1.0
unsw->ton,43,martingala,10,0.526,0.7500539321507103,10,320,False,0.0,1.0
unsw->ton,43,stat_13x13_adaptive,10,0.526,0.5276109816982637,10,320,False,0.0,1.0
unsw->ton,43,statico,11,0.579,0.47786903658315116,0,0,False,0.0,1.0
unsw->ton,43,ogni_batch,11,0.579,0.7364493598433217,11,352,False,0.0,1.0
unsw->ton,43,su_innesco,11,0.579,0.47786903658315116,0,0,False,0.0,1.0
unsw->ton,43,oracolo,11,0.579,0.8164093409668092,11,352,False,0.0,1.0
unsw->ton,43,stat_13x13,11,0.579,0.5718755999949247,11,352,False,0.0,1.0
unsw->ton,43,martingala,11,0.579,0.7364493598433217,11,352,False,0.0,1.0
unsw->ton,43,stat_13x13_adaptive,11,0.579,0.5357789928872577,11,352,False,0.0,1.0
unsw->ton,43,statico,12,0.632,0.46020371735613375,0,0,False,0.0,1.0
unsw->ton,43,ogni_batch,12,0.632,0.7708971646155356,12,384,False,0.0,1.0
unsw->ton,43,su_innesco,12,0.632,0.46020371735613375,0,0,False,0.0,1.0
unsw->ton,43,oracolo,12,0.632,0.8116040361326616,12,384,False,0.0,1.0
unsw->ton,43,stat_13x13,12,0.632,0.5853849206339761,12,384,False,0.0,1.0
unsw->ton,43,martingala,12,0.632,0.7708971646155356,12,384,False,0.0,1.0
unsw->ton,43,stat_13x13_adaptive,12,0.632,0.5364271256337702,12,384,False,0.0,1.0
unsw->ton,43,statico,13,0.684,0.45094742639153795,0,0,False,0.0,1.0
unsw->ton,43,ogni_batch,13,0.684,0.6724507389846446,13,416,False,0.0,1.0
unsw->ton,43,su_innesco,13,0.684,0.45094742639153795,0,0,False,0.0,1.0
unsw->ton,43,oracolo,13,0.684,0.7958101137740843,13,416,False,0.0,1.0
unsw->ton,43,stat_13x13,13,0.684,0.5763578364971251,13,416,False,0.0,1.0
unsw->ton,43,martingala,13,0.684,0.6724507389846446,13,416,False,0.0,1.0
unsw->ton,43,stat_13x13_adaptive,13,0.684,0.5310096870468798,13,416,False,0.0,1.0
unsw->ton,43,statico,14,0.737,0.42537817334374134,0,0,False,0.0,1.0
unsw->ton,43,ogni_batch,14,0.737,0.7906230247362921,14,448,False,0.0,1.0
unsw->ton,43,su_innesco,14,0.737,0.42537817334374134,0,0,False,0.0,1.0
unsw->ton,43,oracolo,14,0.737,0.8136252001196411,14,448,False,0.0,1.0
unsw->ton,43,stat_13x13,14,0.737,0.6023483387277702,14,448,False,0.0,1.0
unsw->ton,43,martingala,14,0.737,0.7906230247362921,14,448,False,0.0,1.0
unsw->ton,43,stat_13x13_adaptive,14,0.737,0.5231562462784887,14,448,False,0.0,1.0
unsw->ton,43,statico,15,0.789,0.40527923754324024,0,0,False,0.0,1.0
unsw->ton,43,ogni_batch,15,0.789,0.7832528903356157,15,480,False,0.0,1.0
unsw->ton,43,su_innesco,15,0.789,0.40527923754324024,0,0,False,0.0,1.0
unsw->ton,43,oracolo,15,0.789,0.8219475708935806,15,480,False,0.0,1.0
unsw->ton,43,stat_13x13,15,0.789,0.5284111062357779,15,480,False,0.0,1.0
unsw->ton,43,martingala,15,0.789,0.7832528903356157,15,480,False,0.0,1.0
unsw->ton,43,stat_13x13_adaptive,15,0.789,0.5361381238584066,15,480,False,0.0,1.0
unsw->ton,43,statico,16,0.842,0.39400527042435707,0,0,False,0.0,1.0
unsw->ton,43,ogni_batch,16,0.842,0.8109560796517887,16,512,False,0.0,1.0
unsw->ton,43,su_innesco,16,0.842,0.39400527042435707,0,0,False,0.0,1.0
unsw->ton,43,oracolo,16,0.842,0.830187271421626,16,512,False,0.0,1.0
unsw->ton,43,stat_13x13,16,0.842,0.6003992374148965,16,512,False,0.0,1.0
unsw->ton,43,martingala,16,0.842,0.8109560796517887,16,512,False,0.0,1.0
unsw->ton,43,stat_13x13_adaptive,16,0.842,0.5352775749151354,16,512,False,0.0,1.0
unsw->ton,43,statico,17,0.895,0.3699530077845107,0,0,False,0.0,1.0
unsw->ton,43,ogni_batch,17,0.895,0.8145555978808754,17,544,False,0.0,1.0
unsw->ton,43,su_innesco,17,0.895,0.3699530077845107,0,0,False,0.0,1.0
unsw->ton,43,oracolo,17,0.895,0.8428479420923563,17,544,False,0.0,1.0
unsw->ton,43,stat_13x13,17,0.895,0.6126830335480034,17,544,False,0.0,1.0
unsw->ton,43,martingala,17,0.895,0.8145555978808754,17,544,False,0.0,1.0
unsw->ton,43,stat_13x13_adaptive,17,0.895,0.5387433499963568,17,544,False,0.0,1.0
unsw->ton,43,statico,18,0.947,0.34393433142422664,0,0,False,0.0,1.0
unsw->ton,43,ogni_batch,18,0.947,0.8181020861030983,18,576,False,0.0,1.0
unsw->ton,43,su_innesco,18,0.947,0.34393433142422664,0,0,False,0.0,1.0
unsw->ton,43,oracolo,18,0.947,0.8424590512448313,18,576,False,0.0,1.0
unsw->ton,43,stat_13x13,18,0.947,0.6029940410594286,18,576,False,0.0,1.0
unsw->ton,43,martingala,18,0.947,0.8181020861030983,18,576,False,0.0,1.0
unsw->ton,43,stat_13x13_adaptive,18,0.947,0.5539972354180751,18,576,False,0.0,1.0
unsw->ton,43,statico,19,1.0,0.332149828494124,0,0,False,0.0,1.0
unsw->ton,43,ogni_batch,19,1.0,0.8564160156428369,19,608,False,0.0,1.0
unsw->ton,43,su_innesco,19,1.0,0.332149828494124,0,0,False,0.0,1.0
unsw->ton,43,oracolo,19,1.0,0.8529749667783988,19,608,False,0.0,1.0
unsw->ton,43,stat_13x13,19,1.0,0.6305267563059052,19,608,False,0.0,1.0
unsw->ton,43,martingala,19,1.0,0.8564160156428369,19,608,False,0.0,1.0
unsw->ton,43,stat_13x13_adaptive,19,1.0,0.712214244277967,19,608,False,0.0,1.0
unsw->ton,44,statico,0,0.0,0.81065,0,0,False,0.0,1.0
unsw->ton,44,ogni_batch,0,0.0,0.81065,0,0,False,0.0,1.0
unsw->ton,44,su_innesco,0,0.0,0.81065,0,0,False,0.0,1.0
unsw->ton,44,oracolo,0,0.0,0.81065,0,0,False,0.0,1.0
unsw->ton,44,stat_13x13,0,0.0,0.81065,0,0,False,0.0,1.0
unsw->ton,44,martingala,0,0.0,0.81065,0,0,False,0.0,1.0
unsw->ton,44,stat_13x13_adaptive,0,0.0,0.81065,0,0,False,0.0,1.0
unsw->ton,44,statico,1,0.053,0.6356742271647722,0,0,False,0.0,1.0
unsw->ton,44,ogni_batch,1,0.053,0.6356742271647722,1,32,False,0.0,1.0
unsw->ton,44,su_innesco,1,0.053,0.6356742271647722,0,0,False,0.0,1.0
unsw->ton,44,oracolo,1,0.053,0.6356742271647722,1,32,False,0.0,1.0
unsw->ton,44,stat_13x13,1,0.053,0.5299204047813614,1,32,False,0.0,1.0
unsw->ton,44,martingala,1,0.053,0.6356742271647722,0,0,False,0.0,1.0
unsw->ton,44,stat_13x13_adaptive,1,0.053,0.547232843117159,1,32,False,0.0,1.0
unsw->ton,44,statico,2,0.105,0.5982542304587491,0,0,False,0.0,1.0
unsw->ton,44,ogni_batch,2,0.105,0.5982542304587491,2,64,False,0.0,1.0
unsw->ton,44,su_innesco,2,0.105,0.5982542304587491,0,0,False,0.0,1.0
unsw->ton,44,oracolo,2,0.105,0.7280616498301831,2,64,False,0.0,1.0
unsw->ton,44,stat_13x13,2,0.105,0.4967979917003945,2,64,False,0.0,1.0
unsw->ton,44,martingala,2,0.105,0.5982542304587491,1,32,False,0.0,1.0
unsw->ton,44,stat_13x13_adaptive,2,0.105,0.5334961222814084,2,64,False,0.0,1.0
unsw->ton,44,statico,3,0.158,0.6007058010482669,0,0,False,0.0,1.0
unsw->ton,44,ogni_batch,3,0.158,0.6007058010482669,3,96,False,0.0,1.0
unsw->ton,44,su_innesco,3,0.158,0.6007058010482669,0,0,False,0.0,1.0
unsw->ton,44,oracolo,3,0.158,0.7516955076886584,3,96,False,0.0,1.0
unsw->ton,44,stat_13x13,3,0.158,0.548402225628253,3,96,False,0.0,1.0
unsw->ton,44,martingala,3,0.158,0.6007058010482669,2,64,False,0.0,1.0
unsw->ton,44,stat_13x13_adaptive,3,0.158,0.5269276955920792,3,96,False,0.0,1.0
unsw->ton,44,statico,4,0.211,0.5749207703471256,0,0,False,0.0,1.0
unsw->ton,44,ogni_batch,4,0.211,0.7067638726394286,4,128,False,0.0,1.0
unsw->ton,44,su_innesco,4,0.211,0.5749207703471256,0,0,False,0.0,1.0
unsw->ton,44,oracolo,4,0.211,0.7218329226198468,4,128,False,0.0,1.0
unsw->ton,44,stat_13x13,4,0.211,0.6617028389448365,4,128,False,0.0,1.0
unsw->ton,44,martingala,4,0.211,0.7076333003978857,3,96,False,0.0,1.0
unsw->ton,44,stat_13x13_adaptive,4,0.211,0.5245764020921124,4,128,False,0.0,1.0
unsw->ton,44,statico,5,0.263,0.5726743333985445,0,0,False,0.0,1.0
unsw->ton,44,ogni_batch,5,0.263,0.7302160792784883,5,160,False,0.0,1.0
unsw->ton,44,su_innesco,5,0.263,0.5726743333985445,0,0,False,0.0,1.0
unsw->ton,44,oracolo,5,0.263,0.6991024729538776,5,160,False,0.0,1.0
unsw->ton,44,stat_13x13,5,0.263,0.6834127056619799,5,160,False,0.0,1.0
unsw->ton,44,martingala,5,0.263,0.7349345378523017,4,128,False,0.0,1.0
unsw->ton,44,stat_13x13_adaptive,5,0.263,0.6093244621279305,5,160,False,0.0,1.0
unsw->ton,44,statico,6,0.316,0.5608875912664544,0,0,False,0.0,1.0
unsw->ton,44,ogni_batch,6,0.316,0.7675574691967862,6,192,False,0.0,1.0
unsw->ton,44,su_innesco,6,0.316,0.5608875912664544,0,0,False,0.0,1.0
unsw->ton,44,oracolo,6,0.316,0.6900989100804524,6,192,False,0.0,1.0
unsw->ton,44,stat_13x13,6,0.316,0.5736738349941857,6,192,False,0.0,1.0
unsw->ton,44,martingala,6,0.316,0.6896326233941708,5,160,False,0.0,1.0
unsw->ton,44,stat_13x13_adaptive,6,0.316,0.6040660543723236,6,192,False,0.0,1.0
unsw->ton,44,statico,7,0.368,0.5542769034195849,0,0,False,0.0,1.0
unsw->ton,44,ogni_batch,7,0.368,0.7243754428141482,7,224,False,0.0,1.0
unsw->ton,44,su_innesco,7,0.368,0.5542769034195849,0,0,False,0.0,1.0
unsw->ton,44,oracolo,7,0.368,0.668393894160606,7,224,False,0.0,1.0
unsw->ton,44,stat_13x13,7,0.368,0.6670831138186274,7,224,False,0.0,1.0
unsw->ton,44,martingala,7,0.368,0.7013078534792324,6,192,False,0.0,1.0
unsw->ton,44,stat_13x13_adaptive,7,0.368,0.595450292787201,7,224,False,0.0,1.0
unsw->ton,44,statico,8,0.421,0.5268947779338102,0,0,False,0.0,1.0
unsw->ton,44,ogni_batch,8,0.421,0.7175772226748651,8,256,False,0.0,1.0
unsw->ton,44,su_innesco,8,0.421,0.5268947779338102,0,0,False,0.0,1.0
unsw->ton,44,oracolo,8,0.421,0.683558672051457,8,256,False,0.0,1.0
unsw->ton,44,stat_13x13,8,0.421,0.564594245912553,8,256,False,0.0,1.0
unsw->ton,44,martingala,8,0.421,0.6997755018309516,7,224,False,0.0,1.0
unsw->ton,44,stat_13x13_adaptive,8,0.421,0.5931639757449251,8,256,False,0.0,1.0
unsw->ton,44,statico,9,0.474,0.5238469618477213,0,0,False,0.0,1.0
unsw->ton,44,ogni_batch,9,0.474,0.7383221676747402,9,288,False,0.0,1.0
unsw->ton,44,su_innesco,9,0.474,0.5238469618477213,0,0,False,0.0,1.0
unsw->ton,44,oracolo,9,0.474,0.6970107925110773,9,288,False,0.0,1.0
unsw->ton,44,stat_13x13,9,0.474,0.5972482425491729,9,288,False,0.0,1.0
unsw->ton,44,martingala,9,0.474,0.7139327446807986,8,256,False,0.0,1.0
unsw->ton,44,stat_13x13_adaptive,9,0.474,0.6043939352843852,9,288,False,0.0,1.0
unsw->ton,44,statico,10,0.526,0.4973026315412888,0,0,False,0.0,1.0
unsw->ton,44,ogni_batch,10,0.526,0.7117077342345359,10,320,False,0.0,1.0
unsw->ton,44,su_innesco,10,0.526,0.4973026315412888,0,0,False,0.0,1.0
unsw->ton,44,oracolo,10,0.526,0.8056356643592812,10,320,False,0.0,1.0
unsw->ton,44,stat_13x13,10,0.526,0.6089492896103547,10,320,False,0.0,1.0
unsw->ton,44,martingala,10,0.526,0.6979307944652515,9,288,False,0.0,1.0
unsw->ton,44,stat_13x13_adaptive,10,0.526,0.5966481377493633,10,320,False,0.0,1.0
unsw->ton,44,statico,11,0.579,0.48398523336407884,0,0,False,0.0,1.0
unsw->ton,44,ogni_batch,11,0.579,0.7826666342674107,11,352,False,0.0,1.0
unsw->ton,44,su_innesco,11,0.579,0.48398523336407884,0,0,False,0.0,1.0
unsw->ton,44,oracolo,11,0.579,0.7039378342649807,11,352,False,0.0,1.0
unsw->ton,44,stat_13x13,11,0.579,0.5537923413558616,11,352,False,0.0,1.0
unsw->ton,44,martingala,11,0.579,0.7089969696570843,10,320,False,0.0,1.0
unsw->ton,44,stat_13x13_adaptive,11,0.579,0.5766172797382141,11,352,False,0.0,1.0
unsw->ton,44,statico,12,0.632,0.47213447816675436,0,0,False,0.0,1.0
unsw->ton,44,ogni_batch,12,0.632,0.7653729279877356,12,384,False,0.0,1.0
unsw->ton,44,su_innesco,12,0.632,0.47213447816675436,0,0,False,0.0,1.0
unsw->ton,44,oracolo,12,0.632,0.8199204535010822,12,384,False,0.0,1.0
unsw->ton,44,stat_13x13,12,0.632,0.5991472411952311,12,384,False,0.0,1.0
unsw->ton,44,martingala,12,0.632,0.6869613550280701,11,352,False,0.0,1.0
unsw->ton,44,stat_13x13_adaptive,12,0.632,0.6020964061329803,12,384,False,0.0,1.0
unsw->ton,44,statico,13,0.684,0.443251982495104,0,0,False,0.0,1.0
unsw->ton,44,ogni_batch,13,0.684,0.7497021374686862,13,416,False,0.0,1.0
unsw->ton,44,su_innesco,13,0.684,0.443251982495104,0,0,False,0.0,1.0
unsw->ton,44,oracolo,13,0.684,0.8147766916664163,13,416,False,0.0,1.0
unsw->ton,44,stat_13x13,13,0.684,0.5865234192773682,13,416,False,0.0,1.0
unsw->ton,44,martingala,13,0.684,0.7765620135803393,12,384,False,0.0,1.0
unsw->ton,44,stat_13x13_adaptive,13,0.684,0.579003027674546,13,416,False,0.0,1.0
unsw->ton,44,statico,14,0.737,0.42481569086694326,0,0,False,0.0,1.0
unsw->ton,44,ogni_batch,14,0.737,0.741342139767323,14,448,False,0.0,1.0
unsw->ton,44,su_innesco,14,0.737,0.42481569086694326,0,0,False,0.0,1.0
unsw->ton,44,oracolo,14,0.737,0.8235560885778809,14,448,False,0.0,1.0
unsw->ton,44,stat_13x13,14,0.737,0.691420159809519,14,448,False,0.0,1.0
unsw->ton,44,martingala,14,0.737,0.7697787017500566,13,416,False,0.0,1.0
unsw->ton,44,stat_13x13_adaptive,14,0.737,0.5825372045180384,14,448,False,0.0,1.0
unsw->ton,44,statico,15,0.789,0.4091446906330042,0,0,False,0.0,1.0
unsw->ton,44,ogni_batch,15,0.789,0.7545612251214855,15,480,False,0.0,1.0
unsw->ton,44,su_innesco,15,0.789,0.4091446906330042,0,0,False,0.0,1.0
unsw->ton,44,oracolo,15,0.789,0.854290901422306,15,480,False,0.0,1.0
unsw->ton,44,stat_13x13,15,0.789,0.6970184338038787,15,480,False,0.0,1.0
unsw->ton,44,martingala,15,0.789,0.7754371771744462,14,448,False,0.0,1.0
unsw->ton,44,stat_13x13_adaptive,15,0.789,0.631266182172654,15,480,False,0.0,1.0
unsw->ton,44,statico,16,0.842,0.39673186855954656,0,0,False,0.0,1.0
unsw->ton,44,ogni_batch,16,0.842,0.7454328073976318,16,512,False,0.0,1.0
unsw->ton,44,su_innesco,16,0.842,0.39673186855954656,0,0,False,0.0,1.0
unsw->ton,44,oracolo,16,0.842,0.8024270490600226,16,512,False,0.0,1.0
unsw->ton,44,stat_13x13,16,0.842,0.6884257364110143,16,512,False,0.0,1.0
unsw->ton,44,martingala,16,0.842,0.7713343858165485,15,480,False,0.0,1.0
unsw->ton,44,stat_13x13_adaptive,16,0.842,0.624961597868297,16,512,False,0.0,1.0
unsw->ton,44,statico,17,0.895,0.3684668409108961,0,0,False,0.0,1.0
unsw->ton,44,ogni_batch,17,0.895,0.7904056423193259,17,544,False,0.0,1.0
unsw->ton,44,su_innesco,17,0.895,0.3684668409108961,0,0,False,0.0,1.0
unsw->ton,44,oracolo,17,0.895,0.7776836753508621,17,544,False,0.0,1.0
unsw->ton,44,stat_13x13,17,0.895,0.6954617723809333,17,544,False,0.0,1.0
unsw->ton,44,martingala,17,0.895,0.7761932291386247,16,512,False,0.0,1.0
unsw->ton,44,stat_13x13_adaptive,17,0.895,0.6278736630421758,17,544,False,0.0,1.0
unsw->ton,44,statico,18,0.947,0.34905174743006057,0,0,False,0.0,1.0
unsw->ton,44,ogni_batch,18,0.947,0.7897281278624211,18,576,False,0.0,1.0
unsw->ton,44,su_innesco,18,0.947,0.34905174743006057,0,0,False,0.0,1.0
unsw->ton,44,oracolo,18,0.947,0.778986359579954,18,576,False,0.0,1.0
unsw->ton,44,stat_13x13,18,0.947,0.6991187859543946,18,576,False,0.0,1.0
unsw->ton,44,martingala,18,0.947,0.8163088682760242,17,544,False,0.0,1.0
unsw->ton,44,stat_13x13_adaptive,18,0.947,0.6385488268804251,18,576,False,0.0,1.0
unsw->ton,44,statico,19,1.0,0.3281952437016667,0,0,False,0.0,1.0
unsw->ton,44,ogni_batch,19,1.0,0.7891317209683975,19,608,False,0.0,1.0
unsw->ton,44,su_innesco,19,1.0,0.3281952437016667,0,0,False,0.0,1.0
unsw->ton,44,oracolo,19,1.0,0.7787699226038272,19,608,False,0.0,1.0
unsw->ton,44,stat_13x13,19,1.0,0.6956787864872789,19,608,False,0.0,1.0
unsw->ton,44,martingala,19,1.0,0.7891317209683975,18,576,False,0.0,1.0
unsw->ton,44,stat_13x13_adaptive,19,1.0,0.6381342933855575,19,608,False,0.0,1.0
unsw->ton,45,statico,0,0.0,0.8093,0,0,False,0.0,1.0
unsw->ton,45,ogni_batch,0,0.0,0.8093,0,0,False,0.0,1.0
unsw->ton,45,su_innesco,0,0.0,0.8093,0,0,False,0.0,1.0
unsw->ton,45,oracolo,0,0.0,0.8093,0,0,False,0.0,1.0
unsw->ton,45,stat_13x13,0,0.0,0.8093,0,0,False,0.0,1.0
unsw->ton,45,martingala,0,0.0,0.8093,0,0,False,0.0,1.0
unsw->ton,45,stat_13x13_adaptive,0,0.0,0.8093,0,0,False,0.0,1.0
unsw->ton,45,statico,1,0.053,0.6264784379828627,0,0,False,0.0,1.0
unsw->ton,45,ogni_batch,1,0.053,0.6264784379828627,1,32,False,0.0,1.0
unsw->ton,45,su_innesco,1,0.053,0.6264784379828627,0,0,False,0.0,1.0
unsw->ton,45,oracolo,1,0.053,0.6264784379828627,1,32,False,0.0,1.0
unsw->ton,45,stat_13x13,1,0.053,0.5127405534485181,1,32,False,0.0,1.0
unsw->ton,45,martingala,1,0.053,0.6264784379828627,1,32,False,0.0,1.0
unsw->ton,45,stat_13x13_adaptive,1,0.053,0.5080179800533783,1,32,False,0.0,1.0
unsw->ton,45,statico,2,0.105,0.6322086331894691,0,0,False,0.0,1.0
unsw->ton,45,ogni_batch,2,0.105,0.7392356023211657,2,64,False,0.0,1.0
unsw->ton,45,su_innesco,2,0.105,0.6322086331894691,0,0,False,0.0,1.0
unsw->ton,45,oracolo,2,0.105,0.7461520893658804,2,64,False,0.0,1.0
unsw->ton,45,stat_13x13,2,0.105,0.7347294251597427,2,64,False,0.0,1.0
unsw->ton,45,martingala,2,0.105,0.7392356023211657,2,64,False,0.0,1.0
unsw->ton,45,stat_13x13_adaptive,2,0.105,0.6237480641671292,2,64,False,0.0,1.0
unsw->ton,45,statico,3,0.158,0.5861305067306958,0,0,False,0.0,1.0
unsw->ton,45,ogni_batch,3,0.158,0.7189590422430838,3,96,False,0.0,1.0
unsw->ton,45,su_innesco,3,0.158,0.5861305067306958,0,0,False,0.0,1.0
unsw->ton,45,oracolo,3,0.158,0.8458738181639294,3,96,False,0.0,1.0
unsw->ton,45,stat_13x13,3,0.158,0.7386062001320914,3,96,False,0.0,1.0
unsw->ton,45,martingala,3,0.158,0.7189590422430838,3,96,False,0.0,1.0
unsw->ton,45,stat_13x13_adaptive,3,0.158,0.6171210928627725,3,96,False,0.0,1.0
unsw->ton,45,statico,4,0.211,0.5896440941767621,0,0,False,0.0,1.0
unsw->ton,45,ogni_batch,4,0.211,0.7113915207545388,4,128,False,0.0,1.0
unsw->ton,45,su_innesco,4,0.211,0.5896440941767621,0,0,False,0.0,1.0
unsw->ton,45,oracolo,4,0.211,0.8648506317289193,4,128,False,0.0,1.0
unsw->ton,45,stat_13x13,4,0.211,0.6982957409827797,4,128,False,0.0,1.0
unsw->ton,45,martingala,4,0.211,0.7113915207545388,4,128,False,0.0,1.0
unsw->ton,45,stat_13x13_adaptive,4,0.211,0.5946255243763963,4,128,False,0.0,1.0
unsw->ton,45,statico,5,0.263,0.5521653835726242,0,0,False,0.0,1.0
unsw->ton,45,ogni_batch,5,0.263,0.7283072046146885,5,160,False,0.0,1.0
unsw->ton,45,su_innesco,5,0.263,0.5521653835726242,0,0,False,0.0,1.0
unsw->ton,45,oracolo,5,0.263,0.8481843696941702,5,160,False,0.0,1.0
unsw->ton,45,stat_13x13,5,0.263,0.59388290334881,5,160,False,0.0,1.0
unsw->ton,45,martingala,5,0.263,0.7283072046146885,5,160,False,0.0,1.0
unsw->ton,45,stat_13x13_adaptive,5,0.263,0.5089253326108049,5,160,False,0.0,1.0
unsw->ton,45,statico,6,0.316,0.5394180136291957,0,0,False,0.0,1.0
unsw->ton,45,ogni_batch,6,0.316,0.7149267618457611,6,192,False,0.0,1.0
unsw->ton,45,su_innesco,6,0.316,0.5394180136291957,0,0,False,0.0,1.0
unsw->ton,45,oracolo,6,0.316,0.8712876398588271,6,192,False,0.0,1.0
unsw->ton,45,stat_13x13,6,0.316,0.7224142543365623,6,192,False,0.0,1.0
unsw->ton,45,martingala,6,0.316,0.7149267618457611,6,192,False,0.0,1.0
unsw->ton,45,stat_13x13_adaptive,6,0.316,0.5112884377111963,6,192,False,0.0,1.0
unsw->ton,45,statico,7,0.368,0.5251028471988247,0,0,False,0.0,1.0
unsw->ton,45,ogni_batch,7,0.368,0.7132181429614737,7,224,False,0.0,1.0
unsw->ton,45,su_innesco,7,0.368,0.5251028471988247,0,0,False,0.0,1.0
unsw->ton,45,oracolo,7,0.368,0.8609634214729834,7,224,False,0.0,1.0
unsw->ton,45,stat_13x13,7,0.368,0.6193003925492485,7,224,False,0.0,1.0
unsw->ton,45,martingala,7,0.368,0.7132181429614737,7,224,False,0.0,1.0
unsw->ton,45,stat_13x13_adaptive,7,0.368,0.5358762256867033,7,224,False,0.0,1.0
unsw->ton,45,statico,8,0.421,0.517486895622663,0,0,False,0.0,1.0
unsw->ton,45,ogni_batch,8,0.421,0.6973449804535773,8,256,False,0.0,1.0
unsw->ton,45,su_innesco,8,0.421,0.517486895622663,0,0,False,0.0,1.0
unsw->ton,45,oracolo,8,0.421,0.8429722793012193,8,256,False,0.0,1.0
unsw->ton,45,stat_13x13,8,0.421,0.6435420276580305,8,256,False,0.0,1.0
unsw->ton,45,martingala,8,0.421,0.6973449804535773,8,256,False,0.0,1.0
unsw->ton,45,stat_13x13_adaptive,8,0.421,0.5339561823698253,8,256,False,0.0,1.0
unsw->ton,45,statico,9,0.474,0.4864246091528569,0,0,False,0.0,1.0
unsw->ton,45,ogni_batch,9,0.474,0.7309968971675429,9,288,False,0.0,1.0
unsw->ton,45,su_innesco,9,0.474,0.4864246091528569,0,0,False,0.0,1.0
unsw->ton,45,oracolo,9,0.474,0.8514830740988317,9,288,False,0.0,1.0
unsw->ton,45,stat_13x13,9,0.474,0.7080094980594827,9,288,False,0.0,1.0
unsw->ton,45,martingala,9,0.474,0.7309968971675429,9,288,False,0.0,1.0
unsw->ton,45,stat_13x13_adaptive,9,0.474,0.6337398110365057,9,288,False,0.0,1.0
unsw->ton,45,statico,10,0.526,0.4722352152127601,0,0,False,0.0,1.0
unsw->ton,45,ogni_batch,10,0.526,0.7311725688607396,10,320,False,0.0,1.0
unsw->ton,45,su_innesco,10,0.526,0.4722352152127601,0,0,False,0.0,1.0
unsw->ton,45,oracolo,10,0.526,0.8378854170171157,10,320,False,0.0,1.0
unsw->ton,45,stat_13x13,10,0.526,0.7012337341927157,10,320,False,0.0,1.0
unsw->ton,45,martingala,10,0.526,0.7311725688607396,10,320,False,0.0,1.0
unsw->ton,45,stat_13x13_adaptive,10,0.526,0.6372825814461542,10,320,False,0.0,1.0
unsw->ton,45,statico,11,0.579,0.4615934119327266,0,0,False,0.0,1.0
unsw->ton,45,ogni_batch,11,0.579,0.7252784218353905,11,352,False,0.0,1.0
unsw->ton,45,su_innesco,11,0.579,0.4615934119327266,0,0,False,0.0,1.0
unsw->ton,45,oracolo,11,0.579,0.8115868890536562,11,352,False,0.0,1.0
unsw->ton,45,stat_13x13,11,0.579,0.7464424674696106,11,352,False,0.0,1.0
unsw->ton,45,martingala,11,0.579,0.7252784218353905,11,352,False,0.0,1.0
unsw->ton,45,stat_13x13_adaptive,11,0.579,0.5451412924819455,11,352,False,0.0,1.0
unsw->ton,45,statico,12,0.632,0.43714949220980504,0,0,False,0.0,1.0
unsw->ton,45,ogni_batch,12,0.632,0.8251632091728527,12,384,False,0.0,1.0
unsw->ton,45,su_innesco,12,0.632,0.43714949220980504,0,0,False,0.0,1.0
unsw->ton,45,oracolo,12,0.632,0.7037116225834081,12,384,False,0.0,1.0
unsw->ton,45,stat_13x13,12,0.632,0.7096629262174728,12,384,False,0.0,1.0
unsw->ton,45,martingala,12,0.632,0.8251632091728527,12,384,False,0.0,1.0
unsw->ton,45,stat_13x13_adaptive,12,0.632,0.6106489364956359,12,384,False,0.0,1.0
unsw->ton,45,statico,13,0.684,0.41615551215956287,0,0,False,0.0,1.0
unsw->ton,45,ogni_batch,13,0.684,0.8321313660772576,13,416,False,0.0,1.0
unsw->ton,45,su_innesco,13,0.684,0.41615551215956287,0,0,False,0.0,1.0
unsw->ton,45,oracolo,13,0.684,0.7024339088777704,13,416,False,0.0,1.0
unsw->ton,45,stat_13x13,13,0.684,0.713442978357199,13,416,False,0.0,1.0
unsw->ton,45,martingala,13,0.684,0.8321313660772576,13,416,False,0.0,1.0
unsw->ton,45,stat_13x13_adaptive,13,0.684,0.5687121380816149,13,416,False,0.0,1.0
unsw->ton,45,statico,14,0.737,0.39132805185904446,0,0,False,0.0,1.0
unsw->ton,45,ogni_batch,14,0.737,0.8140154240665456,14,448,False,0.0,1.0
unsw->ton,45,su_innesco,14,0.737,0.39132805185904446,0,0,False,0.0,1.0
unsw->ton,45,oracolo,14,0.737,0.6788867130738756,14,448,False,0.0,1.0
unsw->ton,45,stat_13x13,14,0.737,0.7028751771652062,14,448,False,0.0,1.0
unsw->ton,45,martingala,14,0.737,0.8140154240665456,14,448,False,0.0,1.0
unsw->ton,45,stat_13x13_adaptive,14,0.737,0.5675628019455428,14,448,False,0.0,1.0
unsw->ton,45,statico,15,0.789,0.36936104217437227,0,0,False,0.0,1.0
unsw->ton,45,ogni_batch,15,0.789,0.8354861358266392,15,480,False,0.0,1.0
unsw->ton,45,su_innesco,15,0.789,0.36936104217437227,0,0,False,0.0,1.0
unsw->ton,45,oracolo,15,0.789,0.8023306974879832,15,480,False,0.0,1.0
unsw->ton,45,stat_13x13,15,0.789,0.71007472009277,15,480,False,0.0,1.0
unsw->ton,45,martingala,15,0.789,0.8354861358266392,15,480,False,0.0,1.0
unsw->ton,45,stat_13x13_adaptive,15,0.789,0.5460572758182141,15,480,False,0.0,1.0
unsw->ton,45,statico,16,0.842,0.35404761904761906,0,0,False,0.0,1.0
unsw->ton,45,ogni_batch,16,0.842,0.8134774645644212,16,512,False,0.0,1.0
unsw->ton,45,su_innesco,16,0.842,0.35404761904761906,0,0,False,0.0,1.0
unsw->ton,45,oracolo,16,0.842,0.7137123745819398,16,512,False,0.0,1.0
unsw->ton,45,stat_13x13,16,0.842,0.7107548972766364,16,512,False,0.0,1.0
unsw->ton,45,martingala,16,0.842,0.8134774645644212,16,512,False,0.0,1.0
unsw->ton,45,stat_13x13_adaptive,16,0.842,0.562742474916388,16,512,False,0.0,1.0
unsw->ton,45,statico,17,0.895,0.3257354926766191,0,0,False,0.0,1.0
unsw->ton,45,ogni_batch,17,0.895,0.8131132564698343,17,544,False,0.0,1.0
unsw->ton,45,su_innesco,17,0.895,0.3257354926766191,0,0,False,0.0,1.0
unsw->ton,45,oracolo,17,0.895,0.90843169229658,17,544,False,0.0,1.0
unsw->ton,45,stat_13x13,17,0.895,0.7404324400863087,17,544,False,0.0,1.0
unsw->ton,45,martingala,17,0.895,0.8131132564698343,17,544,False,0.0,1.0
unsw->ton,45,stat_13x13_adaptive,17,0.895,0.5521040030992774,17,544,False,0.0,1.0
unsw->ton,45,statico,18,0.947,0.3096914806268314,0,0,False,0.0,1.0
unsw->ton,45,ogni_batch,18,0.947,0.8270904753176251,18,576,False,0.0,1.0
unsw->ton,45,su_innesco,18,0.947,0.3096914806268314,0,0,False,0.0,1.0
unsw->ton,45,oracolo,18,0.947,0.8696103628704939,18,576,False,0.0,1.0
unsw->ton,45,stat_13x13,18,0.947,0.7366717973569831,18,576,False,0.0,1.0
unsw->ton,45,martingala,18,0.947,0.8270904753176251,18,576,False,0.0,1.0
unsw->ton,45,stat_13x13_adaptive,18,0.947,0.591373302020698,18,576,False,0.0,1.0
unsw->ton,45,statico,19,1.0,0.2756266468132002,0,0,False,0.0,1.0
unsw->ton,45,ogni_batch,19,1.0,0.8068777499544779,19,608,False,0.0,1.0
unsw->ton,45,su_innesco,19,1.0,0.2756266468132002,0,0,False,0.0,1.0
unsw->ton,45,oracolo,19,1.0,0.8681923419052759,19,608,False,0.0,1.0
unsw->ton,45,stat_13x13,19,1.0,0.742948077994489,19,608,False,0.0,1.0
unsw->ton,45,martingala,19,1.0,0.8068777499544779,19,608,False,0.0,1.0
unsw->ton,45,stat_13x13_adaptive,19,1.0,0.5853399909590291,19,608,False,0.0,1.0
unsw->ton,46,statico,0,0.0,0.8119,0,0,False,0.0,1.0
unsw->ton,46,ogni_batch,0,0.0,0.8119,0,0,False,0.0,1.0
unsw->ton,46,su_innesco,0,0.0,0.8119,0,0,False,0.0,1.0
unsw->ton,46,oracolo,0,0.0,0.8119,0,0,False,0.0,1.0
unsw->ton,46,stat_13x13,0,0.0,0.8119,0,0,False,0.0,1.0
unsw->ton,46,martingala,0,0.0,0.8119,0,0,False,0.0,1.0
unsw->ton,46,stat_13x13_adaptive,0,0.0,0.8119,0,0,False,0.0,1.0
unsw->ton,46,statico,1,0.053,0.6809379338886457,0,0,False,0.0,1.0
unsw->ton,46,ogni_batch,1,0.053,0.6809379338886457,1,32,False,0.0,1.0
unsw->ton,46,su_innesco,1,0.053,0.6809379338886457,0,0,False,0.0,1.0
unsw->ton,46,oracolo,1,0.053,0.6809379338886457,1,32,False,0.0,1.0
unsw->ton,46,stat_13x13,1,0.053,0.49527481268527823,1,32,False,0.0,1.0
unsw->ton,46,martingala,1,0.053,0.6809379338886457,0,0,False,0.0,1.0
unsw->ton,46,stat_13x13_adaptive,1,0.053,0.4958320286317855,1,32,False,0.0,1.0
unsw->ton,46,statico,2,0.105,0.6497194613972115,0,0,False,0.0,1.0
unsw->ton,46,ogni_batch,2,0.105,0.700914229402727,2,64,False,0.0,1.0
unsw->ton,46,su_innesco,2,0.105,0.6497194613972115,0,0,False,0.0,1.0
unsw->ton,46,oracolo,2,0.105,0.731264733711495,2,64,False,0.0,1.0
unsw->ton,46,stat_13x13,2,0.105,0.5,2,64,False,0.0,1.0
unsw->ton,46,martingala,2,0.105,0.6977001628396128,1,32,False,0.0,1.0
unsw->ton,46,stat_13x13_adaptive,2,0.105,0.5,2,64,False,0.0,1.0
unsw->ton,46,statico,3,0.158,0.638372302237217,0,0,False,0.0,1.0
unsw->ton,46,ogni_batch,3,0.158,0.7116945108761243,3,96,False,0.0,1.0
unsw->ton,46,su_innesco,3,0.158,0.638372302237217,0,0,False,0.0,1.0
unsw->ton,46,oracolo,3,0.158,0.7396814367313753,3,96,False,0.0,1.0
unsw->ton,46,stat_13x13,3,0.158,0.5,3,96,False,0.0,1.0
unsw->ton,46,martingala,3,0.158,0.7007279606830717,2,64,False,0.0,1.0
unsw->ton,46,stat_13x13_adaptive,3,0.158,0.5,3,96,False,0.0,1.0
unsw->ton,46,statico,4,0.211,0.6403667149501447,0,0,False,0.0,1.0
unsw->ton,46,ogni_batch,4,0.211,0.82674189415878,4,128,False,0.0,1.0
unsw->ton,46,su_innesco,4,0.211,0.6403667149501447,0,0,False,0.0,1.0
unsw->ton,46,oracolo,4,0.211,0.7395670095784396,4,128,False,0.0,1.0
unsw->ton,46,stat_13x13,4,0.211,0.5083718824956153,4,128,False,0.0,1.0
unsw->ton,46,martingala,4,0.211,0.8595428429373373,3,96,False,0.0,1.0
unsw->ton,46,stat_13x13_adaptive,4,0.211,0.6993630003595961,4,128,False,0.0,1.0
unsw->ton,46,statico,5,0.263,0.629797497971544,0,0,False,0.0,1.0
unsw->ton,46,ogni_batch,5,0.263,0.85397060283144,5,160,False,0.0,1.0
unsw->ton,46,su_innesco,5,0.263,0.629797497971544,0,0,False,0.0,1.0
unsw->ton,46,oracolo,5,0.263,0.7384620069671998,5,160,False,0.0,1.0
unsw->ton,46,stat_13x13,5,0.263,0.5274060194995527,5,160,False,0.0,1.0
unsw->ton,46,martingala,5,0.263,0.7431954758317016,4,128,False,0.0,1.0
unsw->ton,46,stat_13x13_adaptive,5,0.263,0.591987355899805,5,160,False,0.0,1.0
unsw->ton,46,statico,6,0.316,0.5959326684662037,0,0,False,0.0,1.0
unsw->ton,46,ogni_batch,6,0.316,0.8215353187767727,6,192,False,0.0,1.0
unsw->ton,46,su_innesco,6,0.316,0.5959326684662037,0,0,False,0.0,1.0
unsw->ton,46,oracolo,6,0.316,0.7380880834472354,6,192,False,0.0,1.0
unsw->ton,46,stat_13x13,6,0.316,0.582685837689083,6,192,False,0.0,1.0
unsw->ton,46,martingala,6,0.316,0.7405859141579609,5,160,False,0.0,1.0
unsw->ton,46,stat_13x13_adaptive,6,0.316,0.7104300744770239,6,192,False,0.0,1.0
unsw->ton,46,statico,7,0.368,0.5713423561272086,0,0,False,0.0,1.0
unsw->ton,46,ogni_batch,7,0.368,0.7187433676663613,7,224,False,0.0,1.0
unsw->ton,46,su_innesco,7,0.368,0.5713423561272086,0,0,False,0.0,1.0
unsw->ton,46,oracolo,7,0.368,0.7258335690153488,7,224,False,0.0,1.0
unsw->ton,46,stat_13x13,7,0.368,0.5589031802165696,7,224,False,0.0,1.0
unsw->ton,46,martingala,7,0.368,0.7136033242041804,6,192,False,0.0,1.0
unsw->ton,46,stat_13x13_adaptive,7,0.368,0.6846262002660588,7,224,False,0.0,1.0
unsw->ton,46,statico,8,0.421,0.5556497836293816,0,0,False,0.0,1.0
unsw->ton,46,ogni_batch,8,0.421,0.8259791145986869,8,256,False,0.0,1.0
unsw->ton,46,su_innesco,8,0.421,0.5556497836293816,0,0,False,0.0,1.0
unsw->ton,46,oracolo,8,0.421,0.7126643906680535,8,256,False,0.0,1.0
unsw->ton,46,stat_13x13,8,0.421,0.5871070961662231,8,256,False,0.0,1.0
unsw->ton,46,martingala,8,0.421,0.7139190838698447,7,224,False,0.0,1.0
unsw->ton,46,stat_13x13_adaptive,8,0.421,0.6790904951529394,8,256,False,0.0,1.0
unsw->ton,46,statico,9,0.474,0.5467567850681787,0,0,False,0.0,1.0
unsw->ton,46,ogni_batch,9,0.474,0.7960981045350026,9,288,False,0.0,1.0
unsw->ton,46,su_innesco,9,0.474,0.5467567850681787,0,0,False,0.0,1.0
unsw->ton,46,oracolo,9,0.474,0.7040769544235335,9,288,False,0.0,1.0
unsw->ton,46,stat_13x13,9,0.474,0.5727822254057977,9,288,False,0.0,1.0
unsw->ton,46,martingala,9,0.474,0.7082068639588484,8,256,False,0.0,1.0
unsw->ton,46,stat_13x13_adaptive,9,0.474,0.6844407643563586,9,288,False,0.0,1.0
unsw->ton,46,statico,10,0.526,0.5138646201808911,0,0,False,0.0,1.0
unsw->ton,46,ogni_batch,10,0.526,0.800297862299138,10,320,False,0.0,1.0
unsw->ton,46,su_innesco,10,0.526,0.5138646201808911,0,0,False,0.0,1.0
unsw->ton,46,oracolo,10,0.526,0.8138886275101929,10,320,False,0.0,1.0
unsw->ton,46,stat_13x13,10,0.526,0.5142903331338345,10,320,False,0.0,1.0
unsw->ton,46,martingala,10,0.526,0.7688950811325551,9,288,False,0.0,1.0
unsw->ton,46,stat_13x13_adaptive,10,0.526,0.6852551141173309,10,320,False,0.0,1.0
unsw->ton,46,statico,11,0.579,0.5089443467635913,0,0,False,0.0,1.0
unsw->ton,46,ogni_batch,11,0.579,0.8022256909546035,11,352,False,0.0,1.0
unsw->ton,46,su_innesco,11,0.579,0.5089443467635913,0,0,False,0.0,1.0
unsw->ton,46,oracolo,11,0.579,0.794149327861583,11,352,False,0.0,1.0
unsw->ton,46,stat_13x13,11,0.579,0.5837902216203604,11,352,False,0.0,1.0
unsw->ton,46,martingala,11,0.579,0.8055335183879002,10,320,False,0.0,1.0
unsw->ton,46,stat_13x13_adaptive,11,0.579,0.6734314740368434,11,352,False,0.0,1.0
unsw->ton,46,statico,12,0.632,0.49273730187990394,0,0,False,0.0,1.0
unsw->ton,46,ogni_batch,12,0.632,0.8011390377971134,12,384,False,0.0,1.0
unsw->ton,46,su_innesco,12,0.632,0.49273730187990394,0,0,False,0.0,1.0
unsw->ton,46,oracolo,12,0.632,0.7807892512278318,12,384,False,0.0,1.0
unsw->ton,46,stat_13x13,12,0.632,0.503519913144889,12,384,False,0.0,1.0
unsw->ton,46,martingala,12,0.632,0.7905162861519159,11,352,False,0.0,1.0
unsw->ton,46,stat_13x13_adaptive,12,0.632,0.6678315122486148,12,384,False,0.0,1.0
unsw->ton,46,statico,13,0.684,0.4708138370964551,0,0,False,0.0,1.0
unsw->ton,46,ogni_batch,13,0.684,0.7729086014124216,13,416,False,0.0,1.0
unsw->ton,46,su_innesco,13,0.684,0.4708138370964551,0,0,False,0.0,1.0
unsw->ton,46,oracolo,13,0.684,0.8221882320759468,13,416,False,0.0,1.0
unsw->ton,46,stat_13x13,13,0.684,0.5164828591910232,13,416,False,0.0,1.0
unsw->ton,46,martingala,13,0.684,0.7269305992626048,12,384,False,0.0,1.0
unsw->ton,46,stat_13x13_adaptive,13,0.684,0.6539972927479422,13,416,False,0.0,1.0
unsw->ton,46,statico,14,0.737,0.44970002011658505,0,0,False,0.0,1.0
unsw->ton,46,ogni_batch,14,0.737,0.75746460374399,14,448,False,0.0,1.0
unsw->ton,46,su_innesco,14,0.737,0.44970002011658505,0,0,False,0.0,1.0
unsw->ton,46,oracolo,14,0.737,0.7877251719170704,14,448,False,0.0,1.0
unsw->ton,46,stat_13x13,14,0.737,0.5109628503472105,14,448,False,0.0,1.0
unsw->ton,46,martingala,14,0.737,0.7268734881004186,13,416,False,0.0,1.0
unsw->ton,46,stat_13x13_adaptive,14,0.737,0.6618863100645946,14,448,False,0.0,1.0
unsw->ton,46,statico,15,0.789,0.4325716465720807,0,0,False,0.0,1.0
unsw->ton,46,ogni_batch,15,0.789,0.7523417921344988,15,480,False,0.0,1.0
unsw->ton,46,su_innesco,15,0.789,0.4325716465720807,0,0,False,0.0,1.0
unsw->ton,46,oracolo,15,0.789,0.7849797080858509,15,480,False,0.0,1.0
unsw->ton,46,stat_13x13,15,0.789,0.5708482151666436,15,480,False,0.0,1.0
unsw->ton,46,martingala,15,0.789,0.7250950464050094,14,448,False,0.0,1.0
unsw->ton,46,stat_13x13_adaptive,15,0.789,0.6655861304602351,15,480,False,0.0,1.0
unsw->ton,46,statico,16,0.842,0.4030712835101248,0,0,False,0.0,1.0
unsw->ton,46,ogni_batch,16,0.842,0.7896219157263219,16,512,False,0.0,1.0
unsw->ton,46,su_innesco,16,0.842,0.4030712835101248,0,0,False,0.0,1.0
unsw->ton,46,oracolo,16,0.842,0.7934693117105625,16,512,False,0.0,1.0
unsw->ton,46,stat_13x13,16,0.842,0.5164317793366561,16,512,False,0.0,1.0
unsw->ton,46,martingala,16,0.842,0.7772506950070979,15,480,False,0.0,1.0
unsw->ton,46,stat_13x13_adaptive,16,0.842,0.7801570046924171,16,512,False,0.0,1.0
unsw->ton,46,statico,17,0.895,0.3802119648252502,0,0,False,0.0,1.0
unsw->ton,46,ogni_batch,17,0.895,0.8149666760013868,17,544,False,0.0,1.0
unsw->ton,46,su_innesco,17,0.895,0.3802119648252502,0,0,False,0.0,1.0
unsw->ton,46,oracolo,17,0.895,0.7983605183246273,17,544,False,0.0,1.0
unsw->ton,46,stat_13x13,17,0.895,0.5109569850377771,17,544,False,0.0,1.0
unsw->ton,46,martingala,17,0.895,0.770020831666419,16,512,False,0.0,1.0
unsw->ton,46,stat_13x13_adaptive,17,0.895,0.6987328593581523,17,544,False,0.0,1.0
unsw->ton,46,statico,18,0.947,0.36117460950086044,0,0,False,0.0,1.0
unsw->ton,46,ogni_batch,18,0.947,0.8132569433468522,18,576,False,0.0,1.0
unsw->ton,46,su_innesco,18,0.947,0.36117460950086044,0,0,False,0.0,1.0
unsw->ton,46,oracolo,18,0.947,0.8147182011914427,18,576,False,0.0,1.0
unsw->ton,46,stat_13x13,18,0.947,0.5081717095334766,18,576,False,0.0,1.0
unsw->ton,46,martingala,18,0.947,0.7949609514845527,17,544,False,0.0,1.0
unsw->ton,46,stat_13x13_adaptive,18,0.947,0.688631319444065,18,576,False,0.0,1.0
unsw->ton,46,statico,19,1.0,0.33041572300169786,0,0,False,0.0,1.0
unsw->ton,46,ogni_batch,19,1.0,0.864444255912628,19,608,False,0.0,1.0
unsw->ton,46,su_innesco,19,1.0,0.33041572300169786,0,0,False,0.0,1.0
unsw->ton,46,oracolo,19,1.0,0.8859157076547481,19,608,False,0.0,1.0
unsw->ton,46,stat_13x13,19,1.0,0.5128421205828806,19,608,False,0.0,1.0
unsw->ton,46,martingala,19,1.0,0.8321211312322843,18,576,False,0.0,1.0
unsw->ton,46,stat_13x13_adaptive,19,1.0,0.7079532721593572,19,608,False,0.0,1.0
unsw->ton,47,statico,0,0.0,0.8064,0,0,False,0.0,1.0
unsw->ton,47,ogni_batch,0,0.0,0.8064,0,0,False,0.0,1.0
unsw->ton,47,su_innesco,0,0.0,0.8064,0,0,False,0.0,1.0
unsw->ton,47,oracolo,0,0.0,0.8064,0,0,False,0.0,1.0
unsw->ton,47,stat_13x13,0,0.0,0.8064,0,0,False,0.0,1.0
unsw->ton,47,martingala,0,0.0,0.8064,0,0,False,0.0,1.0
unsw->ton,47,stat_13x13_adaptive,0,0.0,0.8064,0,0,False,0.0,1.0
unsw->ton,47,statico,1,0.053,0.6288965602058725,0,0,False,0.0,1.0
unsw->ton,47,ogni_batch,1,0.053,0.6288965602058725,1,32,False,0.0,1.0
unsw->ton,47,su_innesco,1,0.053,0.6288965602058725,0,0,False,0.0,1.0
unsw->ton,47,oracolo,1,0.053,0.6288965602058725,1,32,False,0.0,1.0
unsw->ton,47,stat_13x13,1,0.053,0.5045432958009466,1,32,False,0.0,1.0
unsw->ton,47,martingala,1,0.053,0.6288965602058725,1,32,False,0.0,1.0
unsw->ton,47,stat_13x13_adaptive,1,0.053,0.5047712824257313,1,32,False,0.0,1.0
unsw->ton,47,statico,2,0.105,0.5941230331486755,0,0,False,0.0,1.0
unsw->ton,47,ogni_batch,2,0.105,0.5941230331486755,2,64,False,0.0,1.0
unsw->ton,47,su_innesco,2,0.105,0.5941230331486755,0,0,False,0.0,1.0
unsw->ton,47,oracolo,2,0.105,0.8684921759635429,2,64,False,0.0,1.0
unsw->ton,47,stat_13x13,2,0.105,0.5341422259865242,2,64,False,0.0,1.0
unsw->ton,47,martingala,2,0.105,0.5941230331486755,2,64,False,0.0,1.0
unsw->ton,47,stat_13x13_adaptive,2,0.105,0.4997950609693616,2,64,False,0.0,1.0
unsw->ton,47,statico,3,0.158,0.586073424137613,0,0,False,0.0,1.0
unsw->ton,47,ogni_batch,3,0.158,0.586073424137613,3,96,False,0.0,1.0
unsw->ton,47,su_innesco,3,0.158,0.586073424137613,0,0,False,0.0,1.0
unsw->ton,47,oracolo,3,0.158,0.862959025855776,3,96,False,0.0,1.0
unsw->ton,47,stat_13x13,3,0.158,0.5381467416122334,3,96,False,0.0,1.0
unsw->ton,47,martingala,3,0.158,0.586073424137613,3,96,False,0.0,1.0
unsw->ton,47,stat_13x13_adaptive,3,0.158,0.5,3,96,False,0.0,1.0
unsw->ton,47,statico,4,0.211,0.5880320941114379,0,0,False,0.0,1.0
unsw->ton,47,ogni_batch,4,0.211,0.5880320941114379,4,128,False,0.0,1.0
unsw->ton,47,su_innesco,4,0.211,0.5880320941114379,0,0,False,0.0,1.0
unsw->ton,47,oracolo,4,0.211,0.8674703724744697,4,128,False,0.0,1.0
unsw->ton,47,stat_13x13,4,0.211,0.5230931605881618,4,128,False,0.0,1.0
unsw->ton,47,martingala,4,0.211,0.5880320941114379,4,128,False,0.0,1.0
unsw->ton,47,stat_13x13_adaptive,4,0.211,0.5372737497144447,4,128,False,0.0,1.0
unsw->ton,47,statico,5,0.263,0.5575915971324659,0,0,False,0.0,1.0
unsw->ton,47,ogni_batch,5,0.263,0.5575915971324659,5,160,False,0.0,1.0
unsw->ton,47,su_innesco,5,0.263,0.5575915971324659,0,0,False,0.0,1.0
unsw->ton,47,oracolo,5,0.263,0.8522334589964307,5,160,False,0.0,1.0
unsw->ton,47,stat_13x13,5,0.263,0.5420113352207325,5,160,False,0.0,1.0
unsw->ton,47,martingala,5,0.263,0.5575915971324659,5,160,False,0.0,1.0
unsw->ton,47,stat_13x13_adaptive,5,0.263,0.5158478605388273,5,160,False,0.0,1.0
unsw->ton,47,statico,6,0.316,0.5407027536040485,0,0,False,0.0,1.0
unsw->ton,47,ogni_batch,6,0.316,0.7093076086418868,6,192,False,0.0,1.0
unsw->ton,47,su_innesco,6,0.316,0.5407027536040485,0,0,False,0.0,1.0
unsw->ton,47,oracolo,6,0.316,0.8438880616202782,6,192,False,0.0,1.0
unsw->ton,47,stat_13x13,6,0.316,0.536438183813144,6,192,False,0.0,1.0
unsw->ton,47,martingala,6,0.316,0.7093076086418868,6,192,False,0.0,1.0
unsw->ton,47,stat_13x13_adaptive,6,0.316,0.5232190750226977,6,192,False,0.0,1.0
unsw->ton,47,statico,7,0.368,0.5220945080007126,0,0,False,0.0,1.0
unsw->ton,47,ogni_batch,7,0.368,0.7765592344680854,7,224,False,0.0,1.0
unsw->ton,47,su_innesco,7,0.368,0.5220945080007126,0,0,False,0.0,1.0
unsw->ton,47,oracolo,7,0.368,0.8408324759319384,7,224,False,0.0,1.0
unsw->ton,47,stat_13x13,7,0.368,0.563860747026171,7,224,False,0.0,1.0
unsw->ton,47,martingala,7,0.368,0.7765592344680854,7,224,False,0.0,1.0
unsw->ton,47,stat_13x13_adaptive,7,0.368,0.5952551367565035,7,224,False,0.0,1.0
unsw->ton,47,statico,8,0.421,0.5206890782330703,0,0,False,0.0,1.0
unsw->ton,47,ogni_batch,8,0.421,0.7509217392747214,8,256,False,0.0,1.0
unsw->ton,47,su_innesco,8,0.421,0.5206890782330703,0,0,False,0.0,1.0
unsw->ton,47,oracolo,8,0.421,0.8346917441696464,8,256,False,0.0,1.0
unsw->ton,47,stat_13x13,8,0.421,0.557072890135205,8,256,False,0.0,1.0
unsw->ton,47,martingala,8,0.421,0.7509217392747214,8,256,False,0.0,1.0
unsw->ton,47,stat_13x13_adaptive,8,0.421,0.5424345753168566,8,256,False,0.0,1.0
unsw->ton,47,statico,9,0.474,0.49380177081578447,0,0,False,0.0,1.0
unsw->ton,47,ogni_batch,9,0.474,0.7611526204830185,9,288,False,0.0,1.0
unsw->ton,47,su_innesco,9,0.474,0.49380177081578447,0,0,False,0.0,1.0
unsw->ton,47,oracolo,9,0.474,0.8350143513700323,9,288,False,0.0,1.0
unsw->ton,47,stat_13x13,9,0.474,0.60138036483812,9,288,False,0.0,1.0
unsw->ton,47,martingala,9,0.474,0.7611526204830185,9,288,False,0.0,1.0
unsw->ton,47,stat_13x13_adaptive,9,0.474,0.5222244505464227,9,288,False,0.0,1.0
unsw->ton,47,statico,10,0.526,0.4720687617977204,0,0,False,0.0,1.0
unsw->ton,47,ogni_batch,10,0.526,0.780594533062436,10,320,False,0.0,1.0
unsw->ton,47,su_innesco,10,0.526,0.4720687617977204,0,0,False,0.0,1.0
unsw->ton,47,oracolo,10,0.526,0.8198144065476447,10,320,False,0.0,1.0
unsw->ton,47,stat_13x13,10,0.526,0.5593244859436015,10,320,False,0.0,1.0
unsw->ton,47,martingala,10,0.526,0.780594533062436,10,320,False,0.0,1.0
unsw->ton,47,stat_13x13_adaptive,10,0.526,0.6120154469084569,10,320,False,0.0,1.0
unsw->ton,47,statico,11,0.579,0.4648271626601158,0,0,False,0.0,1.0
unsw->ton,47,ogni_batch,11,0.579,0.763546445073906,11,352,False,0.0,1.0
unsw->ton,47,su_innesco,11,0.579,0.4648271626601158,0,0,False,0.0,1.0
unsw->ton,47,oracolo,11,0.579,0.8188734030197444,11,352,False,0.0,1.0
unsw->ton,47,stat_13x13,11,0.579,0.5446155967212293,11,352,False,0.0,1.0
unsw->ton,47,martingala,11,0.579,0.763546445073906,11,352,False,0.0,1.0
unsw->ton,47,stat_13x13_adaptive,11,0.579,0.514156201171467,11,352,False,0.0,1.0
unsw->ton,47,statico,12,0.632,0.4380196067705722,0,0,False,0.0,1.0
unsw->ton,47,ogni_batch,12,0.632,0.8036721619464147,12,384,False,0.0,1.0
unsw->ton,47,su_innesco,12,0.632,0.4380196067705722,0,0,False,0.0,1.0
unsw->ton,47,oracolo,12,0.632,0.8350535271072794,12,384,False,0.0,1.0
unsw->ton,47,stat_13x13,12,0.632,0.5517689804422393,12,384,False,0.0,1.0
unsw->ton,47,martingala,12,0.632,0.8036721619464147,12,384,False,0.0,1.0
unsw->ton,47,stat_13x13_adaptive,12,0.632,0.5133827170212127,12,384,False,0.0,1.0
unsw->ton,47,statico,13,0.684,0.4172419686752568,0,0,False,0.0,1.0
unsw->ton,47,ogni_batch,13,0.684,0.8087420006205206,13,416,False,0.0,1.0
unsw->ton,47,su_innesco,13,0.684,0.4172419686752568,0,0,False,0.0,1.0
unsw->ton,47,oracolo,13,0.684,0.8393384501566066,13,416,False,0.0,1.0
unsw->ton,47,stat_13x13,13,0.684,0.5736826855703836,13,416,False,0.0,1.0
unsw->ton,47,martingala,13,0.684,0.8087420006205206,13,416,False,0.0,1.0
unsw->ton,47,stat_13x13_adaptive,13,0.684,0.5249354077345548,13,416,False,0.0,1.0
unsw->ton,47,statico,14,0.737,0.3933444135253492,0,0,False,0.0,1.0
unsw->ton,47,ogni_batch,14,0.737,0.8050220332527984,14,448,False,0.0,1.0
unsw->ton,47,su_innesco,14,0.737,0.3933444135253492,0,0,False,0.0,1.0
unsw->ton,47,oracolo,14,0.737,0.8200744195202352,14,448,False,0.0,1.0
unsw->ton,47,stat_13x13,14,0.737,0.5926412447437506,14,448,False,0.0,1.0
unsw->ton,47,martingala,14,0.737,0.8050220332527984,14,448,False,0.0,1.0
unsw->ton,47,stat_13x13_adaptive,14,0.737,0.571513267896127,14,448,False,0.0,1.0
unsw->ton,47,statico,15,0.789,0.3741763385721462,0,0,False,0.0,1.0
unsw->ton,47,ogni_batch,15,0.789,0.7509303296602927,15,480,False,0.0,1.0
unsw->ton,47,su_innesco,15,0.789,0.3741763385721462,0,0,False,0.0,1.0
unsw->ton,47,oracolo,15,0.789,0.8294347236085831,15,480,False,0.0,1.0
unsw->ton,47,stat_13x13,15,0.789,0.562942249101312,15,480,False,0.0,1.0
unsw->ton,47,martingala,15,0.789,0.7509303296602927,15,480,False,0.0,1.0
unsw->ton,47,stat_13x13_adaptive,15,0.789,0.5117388879102812,15,480,False,0.0,1.0
unsw->ton,47,statico,16,0.842,0.3503285642477963,0,0,False,0.0,1.0
unsw->ton,47,ogni_batch,16,0.842,0.745206267036097,16,512,False,0.0,1.0
unsw->ton,47,su_innesco,16,0.842,0.3503285642477963,0,0,False,0.0,1.0
unsw->ton,47,oracolo,16,0.842,0.7054935155557189,16,512,False,0.0,1.0
unsw->ton,47,stat_13x13,16,0.842,0.5249540510664035,16,512,False,0.0,1.0
unsw->ton,47,martingala,16,0.842,0.745206267036097,16,512,False,0.0,1.0
unsw->ton,47,stat_13x13_adaptive,16,0.842,0.552159574337661,16,512,False,0.0,1.0
unsw->ton,47,statico,17,0.895,0.32512434845947913,0,0,False,0.0,1.0
unsw->ton,47,ogni_batch,17,0.895,0.7501262877089423,17,544,False,0.0,1.0
unsw->ton,47,su_innesco,17,0.895,0.32512434845947913,0,0,False,0.0,1.0
unsw->ton,47,oracolo,17,0.895,0.7538231593684668,17,544,False,0.0,1.0
unsw->ton,47,stat_13x13,17,0.895,0.5394751728769949,17,544,False,0.0,1.0
unsw->ton,47,martingala,17,0.895,0.7501262877089423,17,544,False,0.0,1.0
unsw->ton,47,stat_13x13_adaptive,17,0.895,0.5442601053816538,17,544,False,0.0,1.0
unsw->ton,47,statico,18,0.947,0.303021280809351,0,0,False,0.0,1.0
unsw->ton,47,ogni_batch,18,0.947,0.8386673536442537,18,576,False,0.0,1.0
unsw->ton,47,su_innesco,18,0.947,0.303021280809351,0,0,False,0.0,1.0
unsw->ton,47,oracolo,18,0.947,0.8737808927371733,18,576,False,0.0,1.0
unsw->ton,47,stat_13x13,18,0.947,0.5557957435540152,18,576,False,0.0,1.0
unsw->ton,47,martingala,18,0.947,0.8386673536442537,18,576,False,0.0,1.0
unsw->ton,47,stat_13x13_adaptive,18,0.947,0.6220995972834524,18,576,False,0.0,1.0
unsw->ton,47,statico,19,1.0,0.28735804543896254,0,0,False,0.0,1.0
unsw->ton,47,ogni_batch,19,1.0,0.806867996688724,19,608,False,0.0,1.0
unsw->ton,47,su_innesco,19,1.0,0.28735804543896254,0,0,False,0.0,1.0
unsw->ton,47,oracolo,19,1.0,0.8666384165733856,19,608,False,0.0,1.0
unsw->ton,47,stat_13x13,19,1.0,0.561439421716354,19,608,False,0.0,1.0
unsw->ton,47,martingala,19,1.0,0.806867996688724,19,608,False,0.0,1.0
unsw->ton,47,stat_13x13_adaptive,19,1.0,0.615078110619321,19,608,False,0.0,1.0
unsw->ton,48,statico,0,0.0,0.81285,0,0,False,0.0,1.0
unsw->ton,48,ogni_batch,0,0.0,0.81285,0,0,False,0.0,1.0
unsw->ton,48,su_innesco,0,0.0,0.81285,0,0,False,0.0,1.0
unsw->ton,48,oracolo,0,0.0,0.81285,0,0,False,0.0,1.0
unsw->ton,48,stat_13x13,0,0.0,0.81285,0,0,False,0.0,1.0
unsw->ton,48,martingala,0,0.0,0.81285,0,0,False,0.0,1.0
unsw->ton,48,stat_13x13_adaptive,0,0.0,0.81285,0,0,False,0.0,1.0
unsw->ton,48,statico,1,0.053,0.6038848933734078,0,0,False,0.0,1.0
unsw->ton,48,ogni_batch,1,0.053,0.6038848933734078,1,32,False,0.0,1.0
unsw->ton,48,su_innesco,1,0.053,0.6038848933734078,0,0,False,0.0,1.0
unsw->ton,48,oracolo,1,0.053,0.6038848933734078,1,32,False,0.0,1.0
unsw->ton,48,stat_13x13,1,0.053,0.49619829683698297,1,32,False,0.0,1.0
unsw->ton,48,martingala,1,0.053,0.6038848933734078,1,32,False,0.0,1.0
unsw->ton,48,stat_13x13_adaptive,1,0.053,0.4949310624493106,1,32,False,0.0,1.0
unsw->ton,48,statico,2,0.105,0.610683140140572,0,0,False,0.0,1.0
unsw->ton,48,ogni_batch,2,0.105,0.610683140140572,2,64,False,0.0,1.0
unsw->ton,48,su_innesco,2,0.105,0.610683140140572,0,0,False,0.0,1.0
unsw->ton,48,oracolo,2,0.105,0.8752678388802595,2,64,False,0.0,1.0
unsw->ton,48,stat_13x13,2,0.105,0.5,2,64,False,0.0,1.0
unsw->ton,48,martingala,2,0.105,0.610683140140572,2,64,False,0.0,1.0
unsw->ton,48,stat_13x13_adaptive,2,0.105,0.5,2,64,False,0.0,1.0
unsw->ton,48,statico,3,0.158,0.5899842166965454,0,0,False,0.0,1.0
unsw->ton,48,ogni_batch,3,0.158,0.5899842166965454,3,96,False,0.0,1.0
unsw->ton,48,su_innesco,3,0.158,0.5899842166965454,0,0,False,0.0,1.0
unsw->ton,48,oracolo,3,0.158,0.860660458263198,3,96,False,0.0,1.0
unsw->ton,48,stat_13x13,3,0.158,0.5,3,96,False,0.0,1.0
unsw->ton,48,martingala,3,0.158,0.5899842166965454,3,96,False,0.0,1.0
unsw->ton,48,stat_13x13_adaptive,3,0.158,0.5,3,96,False,0.0,1.0
unsw->ton,48,statico,4,0.211,0.5694969840823915,0,0,False,0.0,1.0
unsw->ton,48,ogni_batch,4,0.211,0.6000966009734314,4,128,False,0.0,1.0
unsw->ton,48,su_innesco,4,0.211,0.5694969840823915,0,0,False,0.0,1.0
unsw->ton,48,oracolo,4,0.211,0.8670413510394785,4,128,False,0.0,1.0
unsw->ton,48,stat_13x13,4,0.211,0.5,4,128,False,0.0,1.0
unsw->ton,48,martingala,4,0.211,0.6000966009734314,4,128,False,0.0,1.0
unsw->ton,48,stat_13x13_adaptive,4,0.211,0.5,4,128,False,0.0,1.0
unsw->ton,48,statico,5,0.263,0.5566688846438026,0,0,False,0.0,1.0
unsw->ton,48,ogni_batch,5,0.263,0.6130152485065736,5,160,False,0.0,1.0
unsw->ton,48,su_innesco,5,0.263,0.5566688846438026,0,0,False,0.0,1.0
unsw->ton,48,oracolo,5,0.263,0.8394756295019244,5,160,False,0.0,1.0
unsw->ton,48,stat_13x13,5,0.263,0.5,5,160,False,0.0,1.0
unsw->ton,48,martingala,5,0.263,0.6130152485065736,5,160,False,0.0,1.0
unsw->ton,48,stat_13x13_adaptive,5,0.263,0.5,5,160,False,0.0,1.0
unsw->ton,48,statico,6,0.316,0.5451707787458397,0,0,False,0.0,1.0
unsw->ton,48,ogni_batch,6,0.316,0.62901454832646,6,192,False,0.0,1.0
unsw->ton,48,su_innesco,6,0.316,0.5451707787458397,0,0,False,0.0,1.0
unsw->ton,48,oracolo,6,0.316,0.871805455294838,6,192,False,0.0,1.0
unsw->ton,48,stat_13x13,6,0.316,0.5,6,192,False,0.0,1.0
unsw->ton,48,martingala,6,0.316,0.62901454832646,6,192,False,0.0,1.0
unsw->ton,48,stat_13x13_adaptive,6,0.316,0.5,6,192,False,0.0,1.0
unsw->ton,48,statico,7,0.368,0.5316530301410917,0,0,False,0.0,1.0
unsw->ton,48,ogni_batch,7,0.368,0.7380584270942578,7,224,False,0.0,1.0
unsw->ton,48,su_innesco,7,0.368,0.5316530301410917,0,0,False,0.0,1.0
unsw->ton,48,oracolo,7,0.368,0.8596396775260142,7,224,False,0.0,1.0
unsw->ton,48,stat_13x13,7,0.368,0.5978443729286312,7,224,False,0.0,1.0
unsw->ton,48,martingala,7,0.368,0.7380584270942578,7,224,False,0.0,1.0
unsw->ton,48,stat_13x13_adaptive,7,0.368,0.6840206945337466,7,224,False,0.0,1.0
unsw->ton,48,statico,8,0.421,0.5183271285684358,0,0,False,0.0,1.0
unsw->ton,48,ogni_batch,8,0.421,0.7229428055002822,8,256,False,0.0,1.0
unsw->ton,48,su_innesco,8,0.421,0.5183271285684358,0,0,False,0.0,1.0
unsw->ton,48,oracolo,8,0.421,0.8473968871080785,8,256,False,0.0,1.0
unsw->ton,48,stat_13x13,8,0.421,0.7199254036229146,8,256,False,0.0,1.0
unsw->ton,48,martingala,8,0.421,0.7229428055002822,8,256,False,0.0,1.0
unsw->ton,48,stat_13x13_adaptive,8,0.421,0.7592177472283876,8,256,False,0.0,1.0
unsw->ton,48,statico,9,0.474,0.48298832875034503,0,0,False,0.0,1.0
unsw->ton,48,ogni_batch,9,0.474,0.7207233131871023,9,288,False,0.0,1.0
unsw->ton,48,su_innesco,9,0.474,0.48298832875034503,0,0,False,0.0,1.0
unsw->ton,48,oracolo,9,0.474,0.7279786631681193,9,288,False,0.0,1.0
unsw->ton,48,stat_13x13,9,0.474,0.5314271794904304,9,288,False,0.0,1.0
unsw->ton,48,martingala,9,0.474,0.7207233131871023,9,288,False,0.0,1.0
unsw->ton,48,stat_13x13_adaptive,9,0.474,0.5247395585700271,9,288,False,0.0,1.0
unsw->ton,48,statico,10,0.526,0.4777862223129788,0,0,False,0.0,1.0
unsw->ton,48,ogni_batch,10,0.526,0.7159655194108583,10,320,False,0.0,1.0
unsw->ton,48,su_innesco,10,0.526,0.4777862223129788,0,0,False,0.0,1.0
unsw->ton,48,oracolo,10,0.526,0.7084495318885395,10,320,False,0.0,1.0
unsw->ton,48,stat_13x13,10,0.526,0.6100096134965565,10,320,False,0.0,1.0
unsw->ton,48,martingala,10,0.526,0.7159655194108583,10,320,False,0.0,1.0
unsw->ton,48,stat_13x13_adaptive,10,0.526,0.6240843570768557,10,320,False,0.0,1.0
unsw->ton,48,statico,11,0.579,0.4572398281756127,0,0,False,0.0,1.0
unsw->ton,48,ogni_batch,11,0.579,0.7178474437373703,11,352,False,0.0,1.0
unsw->ton,48,su_innesco,11,0.579,0.4572398281756127,0,0,False,0.0,1.0
unsw->ton,48,oracolo,11,0.579,0.7367010043475891,11,352,False,0.0,1.0
unsw->ton,48,stat_13x13,11,0.579,0.501285262864379,11,352,False,0.0,1.0
unsw->ton,48,martingala,11,0.579,0.7178474437373703,11,352,False,0.0,1.0
unsw->ton,48,stat_13x13_adaptive,11,0.579,0.4741408301138727,11,352,False,0.0,1.0
unsw->ton,48,statico,12,0.632,0.4361917934753088,0,0,False,0.0,1.0
unsw->ton,48,ogni_batch,12,0.632,0.7314226230704919,12,384,False,0.0,1.0
unsw->ton,48,su_innesco,12,0.632,0.4361917934753088,0,0,False,0.0,1.0
unsw->ton,48,oracolo,12,0.632,0.7231259360857955,12,384,False,0.0,1.0
unsw->ton,48,stat_13x13,12,0.632,0.509247463382668,12,384,False,0.0,1.0
unsw->ton,48,martingala,12,0.632,0.7314226230704919,12,384,False,0.0,1.0
unsw->ton,48,stat_13x13_adaptive,12,0.632,0.503242500411177,12,384,False,0.0,1.0
unsw->ton,48,statico,13,0.684,0.4164594523555537,0,0,False,0.0,1.0
unsw->ton,48,ogni_batch,13,0.684,0.7134901032012481,13,416,False,0.0,1.0
unsw->ton,48,su_innesco,13,0.684,0.4164594523555537,0,0,False,0.0,1.0
unsw->ton,48,oracolo,13,0.684,0.7106854815950212,13,416,False,0.0,1.0
unsw->ton,48,stat_13x13,13,0.684,0.5340079214592335,13,416,False,0.0,1.0
unsw->ton,48,martingala,13,0.684,0.7134901032012481,13,416,False,0.0,1.0
unsw->ton,48,stat_13x13_adaptive,13,0.684,0.5199024059558863,13,416,False,0.0,1.0
unsw->ton,48,statico,14,0.737,0.3972011188386918,0,0,False,0.0,1.0
unsw->ton,48,ogni_batch,14,0.737,0.7244364820374641,14,448,False,0.0,1.0
unsw->ton,48,su_innesco,14,0.737,0.3972011188386918,0,0,False,0.0,1.0
unsw->ton,48,oracolo,14,0.737,0.7083775723698591,14,448,False,0.0,1.0
unsw->ton,48,stat_13x13,14,0.737,0.5395108036188275,14,448,False,0.0,1.0
unsw->ton,48,martingala,14,0.737,0.7244364820374641,14,448,False,0.0,1.0
unsw->ton,48,stat_13x13_adaptive,14,0.737,0.520214823274343,14,448,False,0.0,1.0
unsw->ton,48,statico,15,0.789,0.37958616210758045,0,0,False,0.0,1.0
unsw->ton,48,ogni_batch,15,0.789,0.7172792386155877,15,480,False,0.0,1.0
unsw->ton,48,su_innesco,15,0.789,0.37958616210758045,0,0,False,0.0,1.0
unsw->ton,48,oracolo,15,0.789,0.7021567631683965,15,480,False,0.0,1.0
unsw->ton,48,stat_13x13,15,0.789,0.5518414629344813,15,480,False,0.0,1.0
unsw->ton,48,martingala,15,0.789,0.7172792386155877,15,480,False,0.0,1.0
unsw->ton,48,stat_13x13_adaptive,15,0.789,0.5238199025952319,15,480,False,0.0,1.0
unsw->ton,48,statico,16,0.842,0.3480591320733732,0,0,False,0.0,1.0
unsw->ton,48,ogni_batch,16,0.842,0.7263940324995501,16,512,False,0.0,1.0
unsw->ton,48,su_innesco,16,0.842,0.3480591320733732,0,0,False,0.0,1.0
unsw->ton,48,oracolo,16,0.842,0.6988234076267359,16,512,False,0.0,1.0
unsw->ton,48,stat_13x13,16,0.842,0.6121663126393696,16,512,False,0.0,1.0
unsw->ton,48,martingala,16,0.842,0.7263940324995501,16,512,False,0.0,1.0
unsw->ton,48,stat_13x13_adaptive,16,0.842,0.583511861587593,16,512,False,0.0,1.0
unsw->ton,48,statico,17,0.895,0.32852478156256926,0,0,False,0.0,1.0
unsw->ton,48,ogni_batch,17,0.895,0.7051308698722107,17,544,False,0.0,1.0
unsw->ton,48,su_innesco,17,0.895,0.32852478156256926,0,0,False,0.0,1.0
unsw->ton,48,oracolo,17,0.895,0.8007771972415868,17,544,False,0.0,1.0
unsw->ton,48,stat_13x13,17,0.895,0.6258615494894967,17,544,False,0.0,1.0
unsw->ton,48,martingala,17,0.895,0.7051308698722107,17,544,False,0.0,1.0
unsw->ton,48,stat_13x13_adaptive,17,0.895,0.6615490229371543,17,544,False,0.0,1.0
unsw->ton,48,statico,18,0.947,0.3047324175186999,0,0,False,0.0,1.0
unsw->ton,48,ogni_batch,18,0.947,0.7101191939253982,18,576,False,0.0,1.0
unsw->ton,48,su_innesco,18,0.947,0.3047324175186999,0,0,False,0.0,1.0
unsw->ton,48,oracolo,18,0.947,0.8029505524997897,18,576,False,0.0,1.0
unsw->ton,48,stat_13x13,18,0.947,0.6155136295549551,18,576,False,0.0,1.0
unsw->ton,48,martingala,18,0.947,0.7101191939253982,18,576,False,0.0,1.0
unsw->ton,48,stat_13x13_adaptive,18,0.947,0.708581624566424,18,576,False,0.0,1.0
unsw->ton,48,statico,19,1.0,0.27738386608929644,0,0,False,0.0,1.0
unsw->ton,48,ogni_batch,19,1.0,0.7186322220059655,19,608,False,0.0,1.0
unsw->ton,48,su_innesco,19,1.0,0.27738386608929644,0,0,False,0.0,1.0
unsw->ton,48,oracolo,19,1.0,0.7790100652241141,19,608,False,0.0,1.0
unsw->ton,48,stat_13x13,19,1.0,0.7392186140474934,19,608,False,0.0,1.0
unsw->ton,48,martingala,19,1.0,0.7186322220059655,19,608,False,0.0,1.0
unsw->ton,48,stat_13x13_adaptive,19,1.0,0.7155567209256314,19,608,False,0.0,1.0
unsw->ton,49,statico,0,0.0,0.8146,0,0,False,0.0,1.0
unsw->ton,49,ogni_batch,0,0.0,0.8146,0,0,False,0.0,1.0
unsw->ton,49,su_innesco,0,0.0,0.8146,0,0,False,0.0,1.0
unsw->ton,49,oracolo,0,0.0,0.8146,0,0,False,0.0,1.0
unsw->ton,49,stat_13x13,0,0.0,0.8146,0,0,False,0.0,1.0
unsw->ton,49,martingala,0,0.0,0.8146,0,0,False,0.0,1.0
unsw->ton,49,stat_13x13_adaptive,0,0.0,0.8146,0,0,False,0.0,1.0
unsw->ton,49,statico,1,0.053,0.6598336366577192,0,0,False,0.0,1.0
unsw->ton,49,ogni_batch,1,0.053,0.6598336366577192,1,32,False,0.0,1.0
unsw->ton,49,su_innesco,1,0.053,0.6598336366577192,0,0,False,0.0,1.0
unsw->ton,49,oracolo,1,0.053,0.6598336366577192,1,32,False,0.0,1.0
unsw->ton,49,stat_13x13,1,0.053,0.4978814623116364,1,32,False,0.0,1.0
unsw->ton,49,martingala,1,0.053,0.6598336366577192,1,32,False,0.0,1.0
unsw->ton,49,stat_13x13_adaptive,1,0.053,0.49574769666902907,1,32,False,0.0,1.0
unsw->ton,49,statico,2,0.105,0.6687176722554385,0,0,False,0.0,1.0
unsw->ton,49,ogni_batch,2,0.105,0.6938206961073575,2,64,False,0.0,1.0
unsw->ton,49,su_innesco,2,0.105,0.6687176722554385,0,0,False,0.0,1.0
unsw->ton,49,oracolo,2,0.105,0.8592549952990438,2,64,False,0.0,1.0
unsw->ton,49,stat_13x13,2,0.105,0.5,2,64,False,0.0,1.0
unsw->ton,49,martingala,2,0.105,0.6938206961073575,2,64,False,0.0,1.0
unsw->ton,49,stat_13x13_adaptive,2,0.105,0.4986410953284447,2,64,False,0.0,1.0
unsw->ton,49,statico,3,0.158,0.6525504419161794,0,0,False,0.0,1.0
unsw->ton,49,ogni_batch,3,0.158,0.7352001297183455,3,96,False,0.0,1.0
unsw->ton,49,su_innesco,3,0.158,0.6525504419161794,0,0,False,0.0,1.0
unsw->ton,49,oracolo,3,0.158,0.8949197665546276,3,96,False,0.0,1.0
unsw->ton,49,stat_13x13,3,0.158,0.5796221322537112,3,96,False,0.0,1.0
unsw->ton,49,martingala,3,0.158,0.7352001297183455,3,96,False,0.0,1.0
unsw->ton,49,stat_13x13_adaptive,3,0.158,0.4974816968689963,3,96,False,0.0,1.0
unsw->ton,49,statico,4,0.211,0.6318914477628329,0,0,False,0.0,1.0
unsw->ton,49,ogni_batch,4,0.211,0.7446942456258149,4,128,False,0.0,1.0
unsw->ton,49,su_innesco,4,0.211,0.6318914477628329,0,0,False,0.0,1.0
unsw->ton,49,oracolo,4,0.211,0.8716774430500847,4,128,False,0.0,1.0
unsw->ton,49,stat_13x13,4,0.211,0.526277673512815,4,128,False,0.0,1.0
unsw->ton,49,martingala,4,0.211,0.7446942456258149,4,128,False,0.0,1.0
unsw->ton,49,stat_13x13_adaptive,4,0.211,0.6336392286440183,4,128,False,0.0,1.0
unsw->ton,49,statico,5,0.263,0.6088921036410174,0,0,False,0.0,1.0
unsw->ton,49,ogni_batch,5,0.263,0.7700519607979286,5,160,False,0.0,1.0
unsw->ton,49,su_innesco,5,0.263,0.6088921036410174,0,0,False,0.0,1.0
unsw->ton,49,oracolo,5,0.263,0.7952388750858614,5,160,False,0.0,1.0
unsw->ton,49,stat_13x13,5,0.263,0.5925687222077582,5,160,False,0.0,1.0
unsw->ton,49,martingala,5,0.263,0.7700519607979286,5,160,False,0.0,1.0
unsw->ton,49,stat_13x13_adaptive,5,0.263,0.6295489573205999,5,160,False,0.0,1.0
unsw->ton,49,statico,6,0.316,0.5798883404705091,0,0,False,0.0,1.0
unsw->ton,49,ogni_batch,6,0.316,0.7488353325459676,6,192,False,0.0,1.0
unsw->ton,49,su_innesco,6,0.316,0.5798883404705091,0,0,False,0.0,1.0
unsw->ton,49,oracolo,6,0.316,0.71669804524407,6,192,False,0.0,1.0
unsw->ton,49,stat_13x13,6,0.316,0.5676623897174679,6,192,False,0.0,1.0
unsw->ton,49,martingala,6,0.316,0.7488353325459676,6,192,False,0.0,1.0
unsw->ton,49,stat_13x13_adaptive,6,0.316,0.6435955118368207,6,192,False,0.0,1.0
unsw->ton,49,statico,7,0.368,0.5863588773642315,0,0,False,0.0,1.0
unsw->ton,49,ogni_batch,7,0.368,0.7536688077766269,7,224,False,0.0,1.0
unsw->ton,49,su_innesco,7,0.368,0.5863588773642315,0,0,False,0.0,1.0
unsw->ton,49,oracolo,7,0.368,0.8461175343593467,7,224,False,0.0,1.0
unsw->ton,49,stat_13x13,7,0.368,0.6061252608723819,7,224,False,0.0,1.0
unsw->ton,49,martingala,7,0.368,0.7536688077766269,7,224,False,0.0,1.0
unsw->ton,49,stat_13x13_adaptive,7,0.368,0.6259461120722817,7,224,False,0.0,1.0
unsw->ton,49,statico,8,0.421,0.5552689788250325,0,0,False,0.0,1.0
unsw->ton,49,ogni_batch,8,0.421,0.7694223873446138,8,256,False,0.0,1.0
unsw->ton,49,su_innesco,8,0.421,0.5552689788250325,0,0,False,0.0,1.0
unsw->ton,49,oracolo,8,0.421,0.842112348492673,8,256,False,0.0,1.0
unsw->ton,49,stat_13x13,8,0.421,0.5688850735111116,8,256,False,0.0,1.0
unsw->ton,49,martingala,8,0.421,0.7694223873446138,8,256,False,0.0,1.0
unsw->ton,49,stat_13x13_adaptive,8,0.421,0.6469940705177059,8,256,False,0.0,1.0
unsw->ton,49,statico,9,0.474,0.5378750374115968,0,0,False,0.0,1.0
unsw->ton,49,ogni_batch,9,0.474,0.7525091449451142,9,288,False,0.0,1.0
unsw->ton,49,su_innesco,9,0.474,0.5378750374115968,0,0,False,0.0,1.0
unsw->ton,49,oracolo,9,0.474,0.8465649205504571,9,288,False,0.0,1.0
unsw->ton,49,stat_13x13,9,0.474,0.6325749672006539,9,288,False,0.0,1.0
unsw->ton,49,martingala,9,0.474,0.7525091449451142,9,288,False,0.0,1.0
unsw->ton,49,stat_13x13_adaptive,9,0.474,0.6693959844818911,9,288,False,0.0,1.0
unsw->ton,49,statico,10,0.526,0.5161891556643716,0,0,False,0.0,1.0
unsw->ton,49,ogni_batch,10,0.526,0.8545144220967973,10,320,False,0.0,1.0
unsw->ton,49,su_innesco,10,0.526,0.5161891556643716,0,0,False,0.0,1.0
unsw->ton,49,oracolo,10,0.526,0.8212420260291253,10,320,False,0.0,1.0
unsw->ton,49,stat_13x13,10,0.526,0.6245773689707621,10,320,False,0.0,1.0
unsw->ton,49,martingala,10,0.526,0.8545144220967973,10,320,False,0.0,1.0
unsw->ton,49,stat_13x13_adaptive,10,0.526,0.6580683805249203,10,320,False,0.0,1.0
unsw->ton,49,statico,11,0.579,0.5002403795285255,0,0,False,0.0,1.0
unsw->ton,49,ogni_batch,11,0.579,0.8014554368757406,11,352,False,0.0,1.0
unsw->ton,49,su_innesco,11,0.579,0.5002403795285255,0,0,False,0.0,1.0
unsw->ton,49,oracolo,11,0.579,0.8462549729134925,11,352,False,0.0,1.0
unsw->ton,49,stat_13x13,11,0.579,0.6587109970162519,11,352,False,0.0,1.0
unsw->ton,49,martingala,11,0.579,0.8014554368757406,11,352,False,0.0,1.0
unsw->ton,49,stat_13x13_adaptive,11,0.579,0.6323836523404436,11,352,False,0.0,1.0
unsw->ton,49,statico,12,0.632,0.48681698259444134,0,0,False,0.0,1.0
unsw->ton,49,ogni_batch,12,0.632,0.796541847102431,12,384,False,0.0,1.0
unsw->ton,49,su_innesco,12,0.632,0.48681698259444134,0,0,False,0.0,1.0
unsw->ton,49,oracolo,12,0.632,0.837993935116148,12,384,False,0.0,1.0
unsw->ton,49,stat_13x13,12,0.632,0.6749286285277257,12,384,False,0.0,1.0
unsw->ton,49,martingala,12,0.632,0.796541847102431,12,384,False,0.0,1.0
unsw->ton,49,stat_13x13_adaptive,12,0.632,0.6763800056396042,12,384,False,0.0,1.0
unsw->ton,49,statico,13,0.684,0.4588268847863643,0,0,False,0.0,1.0
unsw->ton,49,ogni_batch,13,0.684,0.7806174132973671,13,416,False,0.0,1.0
unsw->ton,49,su_innesco,13,0.684,0.4588268847863643,0,0,False,0.0,1.0
unsw->ton,49,oracolo,13,0.684,0.8321746885410203,13,416,False,0.0,1.0
unsw->ton,49,stat_13x13,13,0.684,0.6604592994808774,13,416,False,0.0,1.0
unsw->ton,49,martingala,13,0.684,0.7806174132973671,13,416,False,0.0,1.0
unsw->ton,49,stat_13x13_adaptive,13,0.684,0.6407345559873974,13,416,False,0.0,1.0
unsw->ton,49,statico,14,0.737,0.44483315304143634,0,0,False,0.0,1.0
unsw->ton,49,ogni_batch,14,0.737,0.8376773786437652,14,448,False,0.0,1.0
unsw->ton,49,su_innesco,14,0.737,0.44483315304143634,0,0,False,0.0,1.0
unsw->ton,49,oracolo,14,0.737,0.8297318927571029,14,448,False,0.0,1.0
unsw->ton,49,stat_13x13,14,0.737,0.6617133116983057,14,448,False,0.0,1.0
unsw->ton,49,martingala,14,0.737,0.8376773786437652,14,448,False,0.0,1.0
unsw->ton,49,stat_13x13_adaptive,14,0.737,0.6786302433061137,14,448,False,0.0,1.0
unsw->ton,49,statico,15,0.789,0.4137362754653638,0,0,False,0.0,1.0
unsw->ton,49,ogni_batch,15,0.789,0.8600989093264357,15,480,False,0.0,1.0
unsw->ton,49,su_innesco,15,0.789,0.4137362754653638,0,0,False,0.0,1.0
unsw->ton,49,oracolo,15,0.789,0.83341546707153,15,480,False,0.0,1.0
unsw->ton,49,stat_13x13,15,0.789,0.6482585564871856,15,480,False,0.0,1.0
unsw->ton,49,martingala,15,0.789,0.8600989093264357,15,480,False,0.0,1.0
unsw->ton,49,stat_13x13_adaptive,15,0.789,0.6808221756407212,15,480,False,0.0,1.0
unsw->ton,49,statico,16,0.842,0.39840537762569783,0,0,False,0.0,1.0
unsw->ton,49,ogni_batch,16,0.842,0.8650430676178409,16,512,False,0.0,1.0
unsw->ton,49,su_innesco,16,0.842,0.39840537762569783,0,0,False,0.0,1.0
unsw->ton,49,oracolo,16,0.842,0.8687348785789011,16,512,False,0.0,1.0
unsw->ton,49,stat_13x13,16,0.842,0.6511635328496113,16,512,False,0.0,1.0
unsw->ton,49,martingala,16,0.842,0.8650430676178409,16,512,False,0.0,1.0
unsw->ton,49,stat_13x13_adaptive,16,0.842,0.6684588292722533,16,512,False,0.0,1.0
unsw->ton,49,statico,17,0.895,0.3740607665809822,0,0,False,0.0,1.0
unsw->ton,49,ogni_batch,17,0.895,0.8752318518154097,17,544,False,0.0,1.0
unsw->ton,49,su_innesco,17,0.895,0.3740607665809822,0,0,False,0.0,1.0
unsw->ton,49,oracolo,17,0.895,0.9139761764424837,17,544,False,0.0,1.0
unsw->ton,49,stat_13x13,17,0.895,0.652233216080925,17,544,False,0.0,1.0
unsw->ton,49,martingala,17,0.895,0.8752318518154097,17,544,False,0.0,1.0
unsw->ton,49,stat_13x13_adaptive,17,0.895,0.6822106328507945,17,544,False,0.0,1.0
unsw->ton,49,statico,18,0.947,0.35122545276935757,0,0,False,0.0,1.0
unsw->ton,49,ogni_batch,18,0.947,0.927409977694099,18,576,False,0.0,1.0
unsw->ton,49,su_innesco,18,0.947,0.35122545276935757,0,0,False,0.0,1.0
unsw->ton,49,oracolo,18,0.947,0.9086039625012499,18,576,False,0.0,1.0
unsw->ton,49,stat_13x13,18,0.947,0.6582080769815304,18,576,False,0.0,1.0
unsw->ton,49,martingala,18,0.947,0.927409977694099,18,576,False,0.0,1.0
unsw->ton,49,stat_13x13_adaptive,18,0.947,0.6807717646787015,18,576,False,0.0,1.0
unsw->ton,49,statico,19,1.0,0.31877890652410434,0,0,False,0.0,1.0
unsw->ton,49,ogni_batch,19,1.0,0.9437023025316261,19,608,False,0.0,1.0
unsw->ton,49,su_innesco,19,1.0,0.31877890652410434,0,0,False,0.0,1.0
unsw->ton,49,oracolo,19,1.0,0.9087746272845308,19,608,False,0.0,1.0
unsw->ton,49,stat_13x13,19,1.0,0.752777569665747,19,608,False,0.0,1.0
unsw->ton,49,martingala,19,1.0,0.9437023025316261,19,608,False,0.0,1.0
unsw->ton,49,stat_13x13_adaptive,19,1.0,0.7877822806578302,19,608,False,0.0,1.0
unsw->ton,50,statico,0,0.0,0.81295,0,0,False,0.0,1.0
unsw->ton,50,ogni_batch,0,0.0,0.81295,0,0,False,0.0,1.0
unsw->ton,50,su_innesco,0,0.0,0.81295,0,0,False,0.0,1.0
unsw->ton,50,oracolo,0,0.0,0.81295,0,0,False,0.0,1.0
unsw->ton,50,stat_13x13,0,0.0,0.81295,0,0,False,0.0,1.0
unsw->ton,50,martingala,0,0.0,0.81295,0,0,False,0.0,1.0
unsw->ton,50,stat_13x13_adaptive,0,0.0,0.81295,0,0,False,0.0,1.0
unsw->ton,50,statico,1,0.053,0.6266986725681518,0,0,False,0.0,1.0
unsw->ton,50,ogni_batch,1,0.053,0.6266986725681518,1,32,False,0.0,1.0
unsw->ton,50,su_innesco,1,0.053,0.6266986725681518,0,0,False,0.0,1.0
unsw->ton,50,oracolo,1,0.053,0.6266986725681518,1,32,False,0.0,1.0
unsw->ton,50,stat_13x13,1,0.053,0.4937250139162998,1,32,False,0.0,1.0
unsw->ton,50,martingala,1,0.053,0.6266986725681518,0,0,False,0.0,1.0
unsw->ton,50,stat_13x13_adaptive,1,0.053,0.4937250139162998,1,32,False,0.0,1.0
unsw->ton,50,statico,2,0.105,0.6153620140761988,0,0,False,0.0,1.0
unsw->ton,50,ogni_batch,2,0.105,0.6153620140761988,2,64,False,0.0,1.0
unsw->ton,50,su_innesco,2,0.105,0.6153620140761988,0,0,False,0.0,1.0
unsw->ton,50,oracolo,2,0.105,0.7934164351403643,2,64,False,0.0,1.0
unsw->ton,50,stat_13x13,2,0.105,0.5,2,64,False,0.0,1.0
unsw->ton,50,martingala,2,0.105,0.6153620140761988,1,32,False,0.0,1.0
unsw->ton,50,stat_13x13_adaptive,2,0.105,0.5,2,64,False,0.0,1.0
unsw->ton,50,statico,3,0.158,0.5974398206524112,0,0,False,0.0,1.0
unsw->ton,50,ogni_batch,3,0.158,0.5974398206524112,3,96,False,0.0,1.0
unsw->ton,50,su_innesco,3,0.158,0.5974398206524112,0,0,False,0.0,1.0
unsw->ton,50,oracolo,3,0.158,0.7350734980801299,3,96,False,0.0,1.0
unsw->ton,50,stat_13x13,3,0.158,0.5,3,96,False,0.0,1.0
unsw->ton,50,martingala,3,0.158,0.5974398206524112,2,64,False,0.0,1.0
unsw->ton,50,stat_13x13_adaptive,3,0.158,0.5,3,96,False,0.0,1.0
unsw->ton,50,statico,4,0.211,0.5900097045728113,0,0,False,0.0,1.0
unsw->ton,50,ogni_batch,4,0.211,0.5900097045728113,4,128,False,0.0,1.0
unsw->ton,50,su_innesco,4,0.211,0.5900097045728113,0,0,False,0.0,1.0
unsw->ton,50,oracolo,4,0.211,0.7431005207704237,4,128,False,0.0,1.0
unsw->ton,50,stat_13x13,4,0.211,0.5005291005291005,4,128,False,0.0,1.0
unsw->ton,50,martingala,4,0.211,0.5900097045728113,3,96,False,0.0,1.0
unsw->ton,50,stat_13x13_adaptive,4,0.211,0.5,4,128,False,0.0,1.0
unsw->ton,50,statico,5,0.263,0.5591327919144486,0,0,False,0.0,1.0
unsw->ton,50,ogni_batch,5,0.263,0.517363802253036,5,160,False,0.0,1.0
unsw->ton,50,su_innesco,5,0.263,0.5591327919144486,0,0,False,0.0,1.0
unsw->ton,50,oracolo,5,0.263,0.7193730997713413,5,160,False,0.0,1.0
unsw->ton,50,stat_13x13,5,0.263,0.49997327775105554,5,160,False,0.0,1.0
unsw->ton,50,martingala,5,0.263,0.5134184456656657,4,128,False,0.0,1.0
unsw->ton,50,stat_13x13_adaptive,5,0.263,0.5002810085992571,5,160,False,0.0,1.0
unsw->ton,50,statico,6,0.316,0.5383346218358737,0,0,False,0.0,1.0
unsw->ton,50,ogni_batch,6,0.316,0.5089231546774067,6,192,False,0.0,1.0
unsw->ton,50,su_innesco,6,0.316,0.5383346218358737,0,0,False,0.0,1.0
unsw->ton,50,oracolo,6,0.316,0.7217430110507246,6,192,False,0.0,1.0
unsw->ton,50,stat_13x13,6,0.316,0.5004689441559093,6,192,False,0.0,1.0
unsw->ton,50,martingala,6,0.316,0.5064025508966221,5,160,False,0.0,1.0
unsw->ton,50,stat_13x13_adaptive,6,0.316,0.5,6,192,False,0.0,1.0
unsw->ton,50,statico,7,0.368,0.5341560244419286,0,0,False,0.0,1.0
unsw->ton,50,ogni_batch,7,0.368,0.5354389995907864,7,224,False,0.0,1.0
unsw->ton,50,su_innesco,7,0.368,0.5341560244419286,0,0,False,0.0,1.0
unsw->ton,50,oracolo,7,0.368,0.7229623214582568,7,224,False,0.0,1.0
unsw->ton,50,stat_13x13,7,0.368,0.49958910863967565,7,224,False,0.0,1.0
unsw->ton,50,martingala,7,0.368,0.5341581412262691,6,192,False,0.0,1.0
unsw->ton,50,stat_13x13_adaptive,7,0.368,0.5,7,224,False,0.0,1.0
unsw->ton,50,statico,8,0.421,0.5088723881889529,0,0,False,0.0,1.0
unsw->ton,50,ogni_batch,8,0.421,0.5588052910976362,8,256,False,0.0,1.0
unsw->ton,50,su_innesco,8,0.421,0.5088723881889529,0,0,False,0.0,1.0
unsw->ton,50,oracolo,8,0.421,0.7059333619471782,8,256,False,0.0,1.0
unsw->ton,50,stat_13x13,8,0.421,0.5631515753123666,8,256,False,0.0,1.0
unsw->ton,50,martingala,8,0.421,0.5675300834951396,7,224,False,0.0,1.0
unsw->ton,50,stat_13x13_adaptive,8,0.421,0.4981715263452922,8,256,False,0.0,1.0
unsw->ton,50,statico,9,0.474,0.49717346535324247,0,0,False,0.0,1.0
unsw->ton,50,ogni_batch,9,0.474,0.670559126479372,9,288,False,0.0,1.0
unsw->ton,50,su_innesco,9,0.474,0.49717346535324247,0,0,False,0.0,1.0
unsw->ton,50,oracolo,9,0.474,0.6924326134116914,9,288,False,0.0,1.0
unsw->ton,50,stat_13x13,9,0.474,0.4673452516156909,9,288,False,0.0,1.0
unsw->ton,50,martingala,9,0.474,0.6732713919046247,8,256,False,0.0,1.0
unsw->ton,50,stat_13x13_adaptive,9,0.474,0.49854068522038103,9,288,False,0.0,1.0
unsw->ton,50,statico,10,0.526,0.4767081331159503,0,0,False,0.0,1.0
unsw->ton,50,ogni_batch,10,0.526,0.7311200352425158,10,320,False,0.0,1.0
unsw->ton,50,su_innesco,10,0.526,0.4767081331159503,0,0,False,0.0,1.0
unsw->ton,50,oracolo,10,0.526,0.7983531437055369,10,320,False,0.0,1.0
unsw->ton,50,stat_13x13,10,0.526,0.498193588903483,10,320,False,0.0,1.0
unsw->ton,50,martingala,10,0.526,0.684317660899903,9,288,False,0.0,1.0
unsw->ton,50,stat_13x13_adaptive,10,0.526,0.4986328434476606,10,320,False,0.0,1.0
unsw->ton,50,statico,11,0.579,0.45159465118395475,0,0,False,0.0,1.0
unsw->ton,50,ogni_batch,11,0.579,0.6966478384828427,11,352,False,0.0,1.0
unsw->ton,50,su_innesco,11,0.579,0.45159465118395475,0,0,False,0.0,1.0
unsw->ton,50,oracolo,11,0.579,0.7974430841909812,11,352,False,0.0,1.0
unsw->ton,50,stat_13x13,11,0.579,0.4979155319273205,11,352,False,0.0,1.0
unsw->ton,50,martingala,11,0.579,0.7016612074667999,10,320,False,0.0,1.0
unsw->ton,50,stat_13x13_adaptive,11,0.579,0.5006269364143007,11,352,False,0.0,1.0
unsw->ton,50,statico,12,0.632,0.4304028551613257,0,0,False,0.0,1.0
unsw->ton,50,ogni_batch,12,0.632,0.6947021684484356,12,384,False,0.0,1.0
unsw->ton,50,su_innesco,12,0.632,0.4304028551613257,0,0,False,0.0,1.0
unsw->ton,50,oracolo,12,0.632,0.7773722000106527,12,384,False,0.0,1.0
unsw->ton,50,stat_13x13,12,0.632,0.4996944333446309,12,384,False,0.0,1.0
unsw->ton,50,martingala,12,0.632,0.7028950649233603,11,352,False,0.0,1.0
unsw->ton,50,stat_13x13_adaptive,12,0.632,0.5,12,384,False,0.0,1.0
unsw->ton,50,statico,13,0.684,0.41803018974081835,0,0,False,0.0,1.0
unsw->ton,50,ogni_batch,13,0.684,0.7466871238312396,13,416,False,0.0,1.0
unsw->ton,50,su_innesco,13,0.684,0.41803018974081835,0,0,False,0.0,1.0
unsw->ton,50,oracolo,13,0.684,0.791257893528972,13,416,False,0.0,1.0
unsw->ton,50,stat_13x13,13,0.684,0.4988567801064562,13,416,False,0.0,1.0
unsw->ton,50,martingala,13,0.684,0.6948563433250172,12,384,False,0.0,1.0
unsw->ton,50,stat_13x13_adaptive,13,0.684,0.4999231930944114,13,416,False,0.0,1.0
unsw->ton,50,statico,14,0.737,0.39421012727702975,0,0,False,0.0,1.0
unsw->ton,50,ogni_batch,14,0.737,0.7221885064790927,14,448,False,0.0,1.0
unsw->ton,50,su_innesco,14,0.737,0.39421012727702975,0,0,False,0.0,1.0
unsw->ton,50,oracolo,14,0.737,0.785735312732517,14,448,False,0.0,1.0
unsw->ton,50,stat_13x13,14,0.737,0.4981081639805738,14,448,False,0.0,1.0
unsw->ton,50,martingala,14,0.737,0.6669009602447137,13,416,False,0.0,1.0
unsw->ton,50,stat_13x13_adaptive,14,0.737,0.4993977122872133,14,448,False,0.0,1.0
unsw->ton,50,statico,15,0.789,0.37487549908605644,0,0,False,0.0,1.0
unsw->ton,50,ogni_batch,15,0.789,0.619081509630982,15,480,False,0.0,1.0
unsw->ton,50,su_innesco,15,0.789,0.37487549908605644,0,0,False,0.0,1.0
unsw->ton,50,oracolo,15,0.789,0.7970061947757308,15,480,False,0.0,1.0
unsw->ton,50,stat_13x13,15,0.789,0.4973722208813975,15,480,False,0.0,1.0
unsw->ton,50,martingala,15,0.789,0.6513836739803508,14,448,False,0.0,1.0
unsw->ton,50,stat_13x13_adaptive,15,0.789,0.4987232307823463,15,480,False,0.0,1.0
unsw->ton,50,statico,16,0.842,0.35701269100296024,0,0,False,0.0,1.0
unsw->ton,50,ogni_batch,16,0.842,0.7834638125607585,16,512,False,0.0,1.0
unsw->ton,50,su_innesco,16,0.842,0.35701269100296024,0,0,False,0.0,1.0
unsw->ton,50,oracolo,16,0.842,0.8068620959018408,16,512,False,0.0,1.0
unsw->ton,50,stat_13x13,16,0.842,0.49906739052503213,16,512,False,0.0,1.0
unsw->ton,50,martingala,16,0.842,0.8278316027420206,15,480,False,0.0,1.0
unsw->ton,50,stat_13x13_adaptive,16,0.842,0.49897095956631116,16,512,False,0.0,1.0
unsw->ton,50,statico,17,0.895,0.32860348317944227,0,0,False,0.0,1.0
unsw->ton,50,ogni_batch,17,0.895,0.8366835638936619,17,544,False,0.0,1.0
unsw->ton,50,su_innesco,17,0.895,0.32860348317944227,0,0,False,0.0,1.0
unsw->ton,50,oracolo,17,0.895,0.8388749541779836,17,544,False,0.0,1.0
unsw->ton,50,stat_13x13,17,0.895,0.4997146661594065,17,544,False,0.0,1.0
unsw->ton,50,martingala,17,0.895,0.8356539451149964,16,512,False,0.0,1.0
unsw->ton,50,stat_13x13_adaptive,17,0.895,0.5,17,544,False,0.0,1.0
unsw->ton,50,statico,18,0.947,0.3019207379677455,0,0,False,0.0,1.0
unsw->ton,50,ogni_batch,18,0.947,0.7944103164995929,18,576,False,0.0,1.0
unsw->ton,50,su_innesco,18,0.947,0.3019207379677455,0,0,False,0.0,1.0
unsw->ton,50,oracolo,18,0.947,0.858308096364297,18,576,False,0.0,1.0
unsw->ton,50,stat_13x13,18,0.947,0.5000146467757708,18,576,False,0.0,1.0
unsw->ton,50,martingala,18,0.947,0.7874340715595514,17,544,False,0.0,1.0
unsw->ton,50,stat_13x13_adaptive,18,0.947,0.5,18,576,False,0.0,1.0
unsw->ton,50,statico,19,1.0,0.28604612850241184,0,0,False,0.0,1.0
unsw->ton,50,ogni_batch,19,1.0,0.8584276617493974,19,608,False,0.0,1.0
unsw->ton,50,su_innesco,19,1.0,0.28604612850241184,0,0,False,0.0,1.0
unsw->ton,50,oracolo,19,1.0,0.8748287543449103,19,608,False,0.0,1.0
unsw->ton,50,stat_13x13,19,1.0,0.5153000429893195,19,608,False,0.0,1.0
unsw->ton,50,martingala,19,1.0,0.8098973306203667,18,576,False,0.0,1.0
unsw->ton,50,stat_13x13_adaptive,19,1.0,0.5000720642947365,19,608,False,0.0,1.0
unsw->ton,51,statico,0,0.0,0.8149,0,0,False,0.0,1.0
unsw->ton,51,ogni_batch,0,0.0,0.8149,0,0,False,0.0,1.0
unsw->ton,51,su_innesco,0,0.0,0.8149,0,0,False,0.0,1.0
unsw->ton,51,oracolo,0,0.0,0.8149,0,0,False,0.0,1.0
unsw->ton,51,stat_13x13,0,0.0,0.8149,0,0,False,0.0,1.0
unsw->ton,51,martingala,0,0.0,0.8149,0,0,False,0.0,1.0
unsw->ton,51,stat_13x13_adaptive,0,0.0,0.8149,0,0,False,0.0,1.0
unsw->ton,51,statico,1,0.053,0.6542401708300092,0,0,False,0.0,1.0
unsw->ton,51,ogni_batch,1,0.053,0.6542401708300092,1,32,False,0.0,1.0
unsw->ton,51,su_innesco,1,0.053,0.6542401708300092,0,0,False,0.0,1.0
unsw->ton,51,oracolo,1,0.053,0.6542401708300092,1,32,False,0.0,1.0
unsw->ton,51,stat_13x13,1,0.053,0.5231320895167711,1,32,False,0.0,1.0
unsw->ton,51,martingala,1,0.053,0.6542401708300092,0,0,False,0.0,1.0
unsw->ton,51,stat_13x13_adaptive,1,0.053,0.5130490039055968,1,32,False,0.0,1.0
unsw->ton,51,statico,2,0.105,0.607475269427697,0,0,False,0.0,1.0
unsw->ton,51,ogni_batch,2,0.105,0.7259841984151918,2,64,False,0.0,1.0
unsw->ton,51,su_innesco,2,0.105,0.607475269427697,0,0,False,0.0,1.0
unsw->ton,51,oracolo,2,0.105,0.8919637022201815,2,64,False,0.0,1.0
unsw->ton,51,stat_13x13,2,0.105,0.5363576860629321,2,64,False,0.0,1.0
unsw->ton,51,martingala,2,0.105,0.7435959205020173,1,32,False,0.0,1.0
unsw->ton,51,stat_13x13_adaptive,2,0.105,0.5466926093844687,2,64,False,0.0,1.0
unsw->ton,51,statico,3,0.158,0.598765698744764,0,0,False,0.0,1.0
unsw->ton,51,ogni_batch,3,0.158,0.6611694195014443,3,96,False,0.0,1.0
unsw->ton,51,su_innesco,3,0.158,0.598765698744764,0,0,False,0.0,1.0
unsw->ton,51,oracolo,3,0.158,0.7788598138485914,3,96,False,0.0,1.0
unsw->ton,51,stat_13x13,3,0.158,0.6353184566276584,3,96,False,0.0,1.0
unsw->ton,51,martingala,3,0.158,0.7276087411902279,2,64,False,0.0,1.0
unsw->ton,51,stat_13x13_adaptive,3,0.158,0.5,3,96,False,0.0,1.0
unsw->ton,51,statico,4,0.211,0.581881475341898,0,0,False,0.0,1.0
unsw->ton,51,ogni_batch,4,0.211,0.8559883961873187,4,128,False,0.0,1.0
unsw->ton,51,su_innesco,4,0.211,0.581881475341898,0,0,False,0.0,1.0
unsw->ton,51,oracolo,4,0.211,0.770891007045172,4,128,False,0.0,1.0
unsw->ton,51,stat_13x13,4,0.211,0.5648943224202237,4,128,False,0.0,1.0
unsw->ton,51,martingala,4,0.211,0.8634148363033569,3,96,False,0.0,1.0
unsw->ton,51,stat_13x13_adaptive,4,0.211,0.4932836027075563,4,128,False,0.0,1.0
unsw->ton,51,statico,5,0.263,0.5531623141933205,0,0,False,0.0,1.0
unsw->ton,51,ogni_batch,5,0.263,0.856854805837115,5,160,False,0.0,1.0
unsw->ton,51,su_innesco,5,0.263,0.5531623141933205,0,0,False,0.0,1.0
unsw->ton,51,oracolo,5,0.263,0.7491051387265959,5,160,False,0.0,1.0
unsw->ton,51,stat_13x13,5,0.263,0.5511166064295225,5,160,False,0.0,1.0
unsw->ton,51,martingala,5,0.263,0.8575037365145792,4,128,False,0.0,1.0
unsw->ton,51,stat_13x13_adaptive,5,0.263,0.5156553167205631,5,160,False,0.0,1.0
unsw->ton,51,statico,6,0.316,0.5411349374254001,0,0,False,0.0,1.0
unsw->ton,51,ogni_batch,6,0.316,0.8600109234548136,6,192,False,0.0,1.0
unsw->ton,51,su_innesco,6,0.316,0.5411349374254001,0,0,False,0.0,1.0
unsw->ton,51,oracolo,6,0.316,0.8435162982234198,6,192,False,0.0,1.0
unsw->ton,51,stat_13x13,6,0.316,0.5468746649703744,6,192,False,0.0,1.0
unsw->ton,51,martingala,6,0.316,0.8574387893429012,5,160,False,0.0,1.0
unsw->ton,51,stat_13x13_adaptive,6,0.316,0.5194780268214295,6,192,False,0.0,1.0
unsw->ton,51,statico,7,0.368,0.5344807202094651,0,0,False,0.0,1.0
unsw->ton,51,ogni_batch,7,0.368,0.8443542251850649,7,224,False,0.0,1.0
unsw->ton,51,su_innesco,7,0.368,0.5344807202094651,0,0,False,0.0,1.0
unsw->ton,51,oracolo,7,0.368,0.8687142401497269,7,224,False,0.0,1.0
unsw->ton,51,stat_13x13,7,0.368,0.6552533536339205,7,224,False,0.0,1.0
unsw->ton,51,martingala,7,0.368,0.8518876461800242,6,192,False,0.0,1.0
unsw->ton,51,stat_13x13_adaptive,7,0.368,0.5354859703785949,7,224,False,0.0,1.0
unsw->ton,51,statico,8,0.421,0.5142201677723084,0,0,False,0.0,1.0
unsw->ton,51,ogni_batch,8,0.421,0.7481057277345844,8,256,False,0.0,1.0
unsw->ton,51,su_innesco,8,0.421,0.5142201677723084,0,0,False,0.0,1.0
unsw->ton,51,oracolo,8,0.421,0.8568578801180936,8,256,False,0.0,1.0
unsw->ton,51,stat_13x13,8,0.421,0.5271312529231518,8,256,False,0.0,1.0
unsw->ton,51,martingala,8,0.421,0.7396499278868505,7,224,False,0.0,1.0
unsw->ton,51,stat_13x13_adaptive,8,0.421,0.530341424128088,8,256,False,0.0,1.0
unsw->ton,51,statico,9,0.474,0.4789120053717884,0,0,False,0.0,1.0
unsw->ton,51,ogni_batch,9,0.474,0.8175362455123313,9,288,False,0.0,1.0
unsw->ton,51,su_innesco,9,0.474,0.4789120053717884,0,0,False,0.0,1.0
unsw->ton,51,oracolo,9,0.474,0.8540638134649656,9,288,False,0.0,1.0
unsw->ton,51,stat_13x13,9,0.474,0.5556503434514242,9,288,False,0.0,1.0
unsw->ton,51,martingala,9,0.474,0.7727911675814675,8,256,False,0.0,1.0
unsw->ton,51,stat_13x13_adaptive,9,0.474,0.5128429367626334,9,288,False,0.0,1.0
unsw->ton,51,statico,10,0.526,0.47141668568880934,0,0,False,0.0,1.0
unsw->ton,51,ogni_batch,10,0.526,0.7331101433195314,10,320,False,0.0,1.0
unsw->ton,51,su_innesco,10,0.526,0.47141668568880934,0,0,False,0.0,1.0
unsw->ton,51,oracolo,10,0.526,0.8381693202438474,10,320,False,0.0,1.0
unsw->ton,51,stat_13x13,10,0.526,0.5633871038410092,10,320,False,0.0,1.0
unsw->ton,51,martingala,10,0.526,0.8266889293756393,9,288,False,0.0,1.0
unsw->ton,51,stat_13x13_adaptive,10,0.526,0.5215115102492994,10,320,False,0.0,1.0
unsw->ton,51,statico,11,0.579,0.4529631336235267,0,0,False,0.0,1.0
unsw->ton,51,ogni_batch,11,0.579,0.8216714988237617,11,352,False,0.0,1.0
unsw->ton,51,su_innesco,11,0.579,0.4529631336235267,0,0,False,0.0,1.0
unsw->ton,51,oracolo,11,0.579,0.8415801971815672,11,352,False,0.0,1.0
unsw->ton,51,stat_13x13,11,0.579,0.5895681355263039,11,352,False,0.0,1.0
unsw->ton,51,martingala,11,0.579,0.8252100312519959,10,320,False,0.0,1.0
unsw->ton,51,stat_13x13_adaptive,11,0.579,0.6204132906224483,11,352,False,0.0,1.0
unsw->ton,51,statico,12,0.632,0.43150162970111133,0,0,False,0.0,1.0
unsw->ton,51,ogni_batch,12,0.632,0.826990656284791,12,384,False,0.0,1.0
unsw->ton,51,su_innesco,12,0.632,0.43150162970111133,0,0,False,0.0,1.0
unsw->ton,51,oracolo,12,0.632,0.819848901355513,12,384,False,0.0,1.0
unsw->ton,51,stat_13x13,12,0.632,0.5658153119753795,12,384,False,0.0,1.0
unsw->ton,51,martingala,12,0.632,0.8043623705229874,11,352,False,0.0,1.0
unsw->ton,51,stat_13x13_adaptive,12,0.632,0.637933373239798,12,384,False,0.0,1.0
unsw->ton,51,statico,13,0.684,0.4161075788652774,0,0,False,0.0,1.0
unsw->ton,51,ogni_batch,13,0.684,0.8530521785133931,13,416,False,0.0,1.0
unsw->ton,51,su_innesco,13,0.684,0.4161075788652774,0,0,False,0.0,1.0
unsw->ton,51,oracolo,13,0.684,0.838506372548234,13,416,False,0.0,1.0
unsw->ton,51,stat_13x13,13,0.684,0.5743027959741074,13,416,False,0.0,1.0
unsw->ton,51,martingala,13,0.684,0.8442456327013126,12,384,False,0.0,1.0
unsw->ton,51,stat_13x13_adaptive,13,0.684,0.6252233629653691,13,416,False,0.0,1.0
unsw->ton,51,statico,14,0.737,0.39614523211921704,0,0,False,0.0,1.0
unsw->ton,51,ogni_batch,14,0.737,0.8636163530676981,14,448,False,0.0,1.0
unsw->ton,51,su_innesco,14,0.737,0.39614523211921704,0,0,False,0.0,1.0
unsw->ton,51,oracolo,14,0.737,0.8213640035355053,14,448,False,0.0,1.0
unsw->ton,51,stat_13x13,14,0.737,0.6081701485970595,14,448,False,0.0,1.0
unsw->ton,51,martingala,14,0.737,0.8478118922256933,13,416,False,0.0,1.0
unsw->ton,51,stat_13x13_adaptive,14,0.737,0.6529232864454658,14,448,False,0.0,1.0
unsw->ton,51,statico,15,0.789,0.3834843757462725,0,0,False,0.0,1.0
unsw->ton,51,ogni_batch,15,0.789,0.8681506443398053,15,480,False,0.0,1.0
unsw->ton,51,su_innesco,15,0.789,0.3834843757462725,0,0,False,0.0,1.0
unsw->ton,51,oracolo,15,0.789,0.8183064395411039,15,480,False,0.0,1.0
unsw->ton,51,stat_13x13,15,0.789,0.5672752521242453,15,480,False,0.0,1.0
unsw->ton,51,martingala,15,0.789,0.8506163168712859,14,448,False,0.0,1.0
unsw->ton,51,stat_13x13_adaptive,15,0.789,0.6512502410801432,15,480,False,0.0,1.0
unsw->ton,51,statico,16,0.842,0.3458194226472066,0,0,False,0.0,1.0
unsw->ton,51,ogni_batch,16,0.842,0.8722405666025114,16,512,False,0.0,1.0
unsw->ton,51,su_innesco,16,0.842,0.3458194226472066,0,0,False,0.0,1.0
unsw->ton,51,oracolo,16,0.842,0.8185318912424591,16,512,False,0.0,1.0
unsw->ton,51,stat_13x13,16,0.842,0.5700620589009665,16,512,False,0.0,1.0
unsw->ton,51,martingala,16,0.842,0.8572643870991864,15,480,False,0.0,1.0
unsw->ton,51,stat_13x13_adaptive,16,0.842,0.6635853078395215,16,512,False,0.0,1.0
unsw->ton,51,statico,17,0.895,0.32285205274213263,0,0,False,0.0,1.0
unsw->ton,51,ogni_batch,17,0.895,0.8604843227156604,17,544,False,0.0,1.0
unsw->ton,51,su_innesco,17,0.895,0.32285205274213263,0,0,False,0.0,1.0
unsw->ton,51,oracolo,17,0.895,0.8327754274398592,17,544,False,0.0,1.0
unsw->ton,51,stat_13x13,17,0.895,0.6982234206882069,17,544,False,0.0,1.0
unsw->ton,51,martingala,17,0.895,0.8604843227156604,16,512,False,0.0,1.0
unsw->ton,51,stat_13x13_adaptive,17,0.895,0.663941106060984,17,544,False,0.0,1.0
unsw->ton,51,statico,18,0.947,0.30391596609462934,0,0,False,0.0,1.0
unsw->ton,51,ogni_batch,18,0.947,0.892847217397346,18,576,False,0.0,1.0
unsw->ton,51,su_innesco,18,0.947,0.30391596609462934,0,0,False,0.0,1.0
unsw->ton,51,oracolo,18,0.947,0.8705183654091109,18,576,False,0.0,1.0
unsw->ton,51,stat_13x13,18,0.947,0.5794541327960351,18,576,False,0.0,1.0
unsw->ton,51,martingala,18,0.947,0.892847217397346,17,544,False,0.0,1.0
unsw->ton,51,stat_13x13_adaptive,18,0.947,0.703631394891035,18,576,False,0.0,1.0
unsw->ton,51,statico,19,1.0,0.2765745567623995,0,0,False,0.0,1.0
unsw->ton,51,ogni_batch,19,1.0,0.8337872388465497,19,608,False,0.0,1.0
unsw->ton,51,su_innesco,19,1.0,0.2765745567623995,0,0,False,0.0,1.0
unsw->ton,51,oracolo,19,1.0,0.8407535449935964,19,608,False,0.0,1.0
unsw->ton,51,stat_13x13,19,1.0,0.6040741460689143,19,608,False,0.0,1.0
unsw->ton,51,martingala,19,1.0,0.8337872388465497,18,576,False,0.0,1.0
unsw->ton,51,stat_13x13_adaptive,19,1.0,0.6760027628111969,19,608,False,0.0,1.0
bot->unsw,42,statico,0,0.0,0.96205,0,0,False,0.04355,1.0
bot->unsw,42,ogni_batch,0,0.0,0.96205,0,0,False,0.04355,1.0
bot->unsw,42,su_innesco,0,0.0,0.96205,0,0,False,0.04355,1.0
bot->unsw,42,oracolo,0,0.0,0.96205,0,0,False,0.04355,1.0
bot->unsw,42,stat_13x13,0,0.0,0.96205,0,0,False,0.04355,1.0
bot->unsw,42,martingala,0,0.0,0.96205,0,0,False,0.04355,1.0
bot->unsw,42,stat_13x13_adaptive,0,0.0,0.96205,0,0,False,0.04355,1.0
bot->unsw,42,statico,1,0.053,0.8147474602666527,0,0,False,0.0517,1.0
bot->unsw,42,ogni_batch,1,0.053,0.8147474602666527,1,32,False,0.0517,1.0
bot->unsw,42,su_innesco,1,0.053,0.8147474602666527,0,0,False,0.0517,1.0
bot->unsw,42,oracolo,1,0.053,0.8147474602666527,1,32,False,0.0517,1.0
bot->unsw,42,stat_13x13,1,0.053,0.5504648974322743,1,32,False,0.0517,1.0
bot->unsw,42,martingala,1,0.053,0.8147474602666527,1,32,False,0.0517,1.0
bot->unsw,42,stat_13x13_adaptive,1,0.053,0.5504648974322743,1,32,False,0.0517,1.0
bot->unsw,42,statico,2,0.105,0.7935213117082538,0,0,False,0.06215,1.0
bot->unsw,42,ogni_batch,2,0.105,0.7169719964610581,2,64,False,0.06215,1.0
bot->unsw,42,su_innesco,2,0.105,0.7935213117082538,0,0,False,0.06215,1.0
bot->unsw,42,oracolo,2,0.105,0.9166818376227088,2,64,False,0.06215,1.0
bot->unsw,42,stat_13x13,2,0.105,0.54885217760262,2,64,False,0.06215,1.0
bot->unsw,42,martingala,2,0.105,0.7169719964610581,2,64,False,0.06215,1.0
bot->unsw,42,stat_13x13_adaptive,2,0.105,0.554748564723529,2,64,False,0.06215,1.0
bot->unsw,42,statico,3,0.158,0.7853660425500295,0,0,False,0.07125,1.0
bot->unsw,42,ogni_batch,3,0.158,0.7366622344809397,3,96,False,0.07125,1.0
bot->unsw,42,su_innesco,3,0.158,0.7853660425500295,0,0,False,0.07125,1.0
bot->unsw,42,oracolo,3,0.158,0.9016392046688417,3,96,False,0.07125,1.0
bot->unsw,42,stat_13x13,3,0.158,0.6937475497985822,3,96,False,0.07125,1.0
bot->unsw,42,martingala,3,0.158,0.7366622344809397,3,96,False,0.07125,1.0
bot->unsw,42,stat_13x13_adaptive,3,0.158,0.5428271779136056,3,96,False,0.07125,1.0
bot->unsw,42,statico,4,0.211,0.7780803868429464,0,0,False,0.08045,1.0
bot->unsw,42,ogni_batch,4,0.211,0.7887775506114812,4,128,False,0.08045,1.0
bot->unsw,42,su_innesco,4,0.211,0.7780803868429464,0,0,False,0.08045,1.0
bot->unsw,42,oracolo,4,0.211,0.9061545719645583,4,128,False,0.08045,1.0
bot->unsw,42,stat_13x13,4,0.211,0.7574825104553798,4,128,False,0.08045,1.0
bot->unsw,42,martingala,4,0.211,0.7887775506114812,4,128,False,0.08045,1.0
bot->unsw,42,stat_13x13_adaptive,4,0.211,0.6105244645071222,4,128,False,0.08045,1.0
bot->unsw,42,statico,5,0.263,0.7528317521133613,0,0,False,0.091,1.0
bot->unsw,42,ogni_batch,5,0.263,0.7709620925317764,5,160,False,0.091,1.0
bot->unsw,42,su_innesco,5,0.263,0.7528317521133613,0,0,False,0.091,1.0
bot->unsw,42,oracolo,5,0.263,0.8917638774858603,5,160,False,0.091,1.0
bot->unsw,42,stat_13x13,5,0.263,0.735087214164082,5,160,False,0.091,1.0
bot->unsw,42,martingala,5,0.263,0.7709620925317764,5,160,False,0.091,1.0
bot->unsw,42,stat_13x13_adaptive,5,0.263,0.6594480744085629,5,160,False,0.091,1.0
bot->unsw,42,statico,6,0.316,0.7400511147546118,0,0,False,0.09765,1.0
bot->unsw,42,ogni_batch,6,0.316,0.7515836578953603,6,192,False,0.09765,1.0
bot->unsw,42,su_innesco,6,0.316,0.7400511147546118,0,0,False,0.09765,1.0
bot->unsw,42,oracolo,6,0.316,0.8747322087203884,6,192,False,0.09765,1.0
bot->unsw,42,stat_13x13,6,0.316,0.7526232502462575,6,192,False,0.09765,1.0
bot->unsw,42,martingala,6,0.316,0.7515836578953603,6,192,False,0.09765,1.0
bot->unsw,42,stat_13x13_adaptive,6,0.316,0.7105000082320093,6,192,False,0.09765,1.0
bot->unsw,42,statico,7,0.368,0.7277249358706638,0,0,False,0.1095,1.0
bot->unsw,42,ogni_batch,7,0.368,0.7669463300796255,7,224,False,0.1095,1.0
bot->unsw,42,su_innesco,7,0.368,0.7277249358706638,0,0,False,0.1095,1.0
bot->unsw,42,oracolo,7,0.368,0.862395353611896,7,224,False,0.1095,1.0
bot->unsw,42,stat_13x13,7,0.368,0.762202948859497,7,224,False,0.1095,1.0
bot->unsw,42,martingala,7,0.368,0.7669463300796255,7,224,False,0.1095,1.0
bot->unsw,42,stat_13x13_adaptive,7,0.368,0.738069467544002,7,224,False,0.1095,1.0
bot->unsw,42,statico,8,0.421,0.7001332566907101,0,0,False,0.11715,1.0
bot->unsw,42,ogni_batch,8,0.421,0.7717362249539821,8,256,False,0.11715,1.0
bot->unsw,42,su_innesco,8,0.421,0.7001332566907101,0,0,False,0.11715,1.0
bot->unsw,42,oracolo,8,0.421,0.8516979377725753,8,256,False,0.11715,1.0
bot->unsw,42,stat_13x13,8,0.421,0.7588017411968166,8,256,False,0.11715,1.0
bot->unsw,42,martingala,8,0.421,0.7717362249539821,8,256,False,0.11715,1.0
bot->unsw,42,stat_13x13_adaptive,8,0.421,0.7583494749648563,8,256,False,0.11715,1.0
bot->unsw,42,statico,9,0.474,0.6734071370279415,0,0,False,0.1286,1.0
bot->unsw,42,ogni_batch,9,0.474,0.7750811644917779,9,288,False,0.1286,1.0
bot->unsw,42,su_innesco,9,0.474,0.6734071370279415,0,0,False,0.1286,1.0
bot->unsw,42,oracolo,9,0.474,0.8930589163187614,9,288,False,0.1286,1.0
bot->unsw,42,stat_13x13,9,0.474,0.7638510165254351,9,288,False,0.1286,1.0
bot->unsw,42,martingala,9,0.474,0.7750811644917779,9,288,False,0.1286,1.0
bot->unsw,42,stat_13x13_adaptive,9,0.474,0.754817300416208,9,288,False,0.1286,1.0
bot->unsw,42,statico,10,0.526,0.6618381730468662,0,0,False,0.1388,1.0
bot->unsw,42,ogni_batch,10,0.526,0.7576679832064216,10,320,False,0.1388,1.0
bot->unsw,42,su_innesco,10,0.526,0.6618381730468662,0,0,False,0.1388,1.0
bot->unsw,42,oracolo,10,0.526,0.8669383532289836,10,320,False,0.1388,1.0
bot->unsw,42,stat_13x13,10,0.526,0.7569715494808095,10,320,False,0.1388,1.0
bot->unsw,42,martingala,10,0.526,0.7586307082498277,9,288,False,0.1388,1.0
bot->unsw,42,stat_13x13_adaptive,10,0.526,0.7691052719885314,10,320,False,0.1388,1.0
bot->unsw,42,statico,11,0.579,0.6339645496837484,0,0,True,0.146,1.0
bot->unsw,42,ogni_batch,11,0.579,0.7626260359601977,11,352,True,0.146,1.0
bot->unsw,42,su_innesco,11,0.579,0.6339645496837484,0,0,True,0.146,1.0
bot->unsw,42,oracolo,11,0.579,0.8687972833075899,11,352,True,0.146,1.0
bot->unsw,42,stat_13x13,11,0.579,0.7524712467517221,11,352,True,0.146,1.0
bot->unsw,42,martingala,11,0.579,0.7478928319979333,9,288,True,0.146,1.0
bot->unsw,42,stat_13x13_adaptive,11,0.579,0.7577758940656566,11,352,True,0.146,1.0
bot->unsw,42,statico,12,0.632,0.6145985809595,0,0,True,0.15605,1.0
bot->unsw,42,ogni_batch,12,0.632,0.8322385620743726,12,384,True,0.15605,1.0
bot->unsw,42,su_innesco,12,0.632,0.8485492804326107,1,32,True,0.15605,1.0
bot->unsw,42,oracolo,12,0.632,0.8688914353290971,12,384,True,0.15605,1.0
bot->unsw,42,stat_13x13,12,0.632,0.7605241077179155,12,384,True,0.15605,1.0
bot->unsw,42,martingala,12,0.632,0.7457416378969013,9,288,True,0.15605,1.0
bot->unsw,42,stat_13x13_adaptive,12,0.632,0.7514681928533562,12,384,True,0.15605,1.0
bot->unsw,42,statico,13,0.684,0.592221599091614,0,0,True,0.1644,1.0
bot->unsw,42,ogni_batch,13,0.684,0.8289210060789853,13,416,True,0.1644,1.0
bot->unsw,42,su_innesco,13,0.684,0.8330810519829401,2,64,True,0.1644,1.0
bot->unsw,42,oracolo,13,0.684,0.8423462252132492,13,416,True,0.1644,1.0
bot->unsw,42,stat_13x13,13,0.684,0.7801876488589786,13,416,True,0.1644,1.0
bot->unsw,42,martingala,13,0.684,0.7357930548631882,9,288,True,0.1644,1.0
bot->unsw,42,stat_13x13_adaptive,13,0.684,0.7631110574526421,13,416,True,0.1644,1.0
bot->unsw,42,statico,14,0.737,0.5748851395369002,0,0,True,0.1746,1.0
bot->unsw,42,ogni_batch,14,0.737,0.8078107998391016,14,448,True,0.1746,1.0
bot->unsw,42,su_innesco,14,0.737,0.8196034994363821,3,96,True,0.1746,1.0
bot->unsw,42,oracolo,14,0.737,0.8304341454663715,14,448,True,0.1746,1.0
bot->unsw,42,stat_13x13,14,0.737,0.7792065951851186,14,448,True,0.1746,1.0
bot->unsw,42,martingala,14,0.737,0.7273102312780071,9,288,True,0.1746,1.0
bot->unsw,42,stat_13x13_adaptive,14,0.737,0.7639387319553168,14,448,True,0.1746,1.0
bot->unsw,42,statico,15,0.789,0.5405872320593943,0,0,True,0.17965,1.0
bot->unsw,42,ogni_batch,15,0.789,0.8084134218563204,15,480,True,0.17965,1.0
bot->unsw,42,su_innesco,15,0.789,0.8132640288726911,4,128,True,0.17965,1.0
bot->unsw,42,oracolo,15,0.789,0.8272711932969259,15,480,True,0.17965,1.0
bot->unsw,42,stat_13x13,15,0.789,0.782885134687797,15,480,True,0.17965,1.0
bot->unsw,42,martingala,15,0.789,0.7204082746158653,9,288,True,0.17965,1.0
bot->unsw,42,stat_13x13_adaptive,15,0.789,0.7699257645662656,15,480,True,0.17965,1.0
bot->unsw,42,statico,16,0.842,0.5201143943177562,0,0,True,0.19235,1.0
bot->unsw,42,ogni_batch,16,0.842,0.7951184803714713,16,512,True,0.19235,1.0
bot->unsw,42,su_innesco,16,0.842,0.8037351893603528,5,160,True,0.19235,1.0
bot->unsw,42,oracolo,16,0.842,0.807414251244182,16,512,True,0.19235,1.0
bot->unsw,42,stat_13x13,16,0.842,0.7862574149298802,16,512,True,0.19235,1.0
bot->unsw,42,martingala,16,0.842,0.7179935521028322,9,288,True,0.19235,1.0
bot->unsw,42,stat_13x13_adaptive,16,0.842,0.773330773498985,16,512,True,0.19235,1.0
bot->unsw,42,statico,17,0.895,0.48897763413172063,0,0,True,0.19735,1.0
bot->unsw,42,ogni_batch,17,0.895,0.7891434070298635,17,544,True,0.19735,1.0
bot->unsw,42,su_innesco,17,0.895,0.7802900970349131,6,192,True,0.19735,1.0
bot->unsw,42,oracolo,17,0.895,0.799711659988011,17,544,True,0.19735,1.0
bot->unsw,42,stat_13x13,17,0.895,0.7772744587926448,17,544,True,0.19735,1.0
bot->unsw,42,martingala,17,0.895,0.7005242092658597,9,288,True,0.19735,1.0
bot->unsw,42,stat_13x13_adaptive,17,0.895,0.7823852361350221,17,544,True,0.19735,1.0
bot->unsw,42,statico,18,0.947,0.4602986689114626,0,0,True,0.20585,1.0
bot->unsw,42,ogni_batch,18,0.947,0.763985895246508,18,576,True,0.20585,1.0
bot->unsw,42,su_innesco,18,0.947,0.7627318198696273,7,224,True,0.20585,1.0
bot->unsw,42,oracolo,18,0.947,0.7679856817071273,18,576,True,0.20585,1.0
bot->unsw,42,stat_13x13,18,0.947,0.7632107664806663,18,576,True,0.20585,1.0
bot->unsw,42,martingala,18,0.947,0.6777261471442271,9,288,True,0.20585,1.0
bot->unsw,42,stat_13x13_adaptive,18,0.947,0.7767424415798743,18,576,True,0.20585,1.0
bot->unsw,42,statico,19,1.0,0.4296372689005469,0,0,True,0.21475,1.0
bot->unsw,42,ogni_batch,19,1.0,0.7573679783421403,19,608,True,0.21475,1.0
bot->unsw,42,su_innesco,19,1.0,0.7573679783421403,8,256,True,0.21475,1.0
bot->unsw,42,oracolo,19,1.0,0.7595182594170073,19,608,True,0.21475,1.0
bot->unsw,42,stat_13x13,19,1.0,0.7512429138908823,19,608,True,0.21475,1.0
bot->unsw,42,martingala,19,1.0,0.6762199880241551,9,288,True,0.21475,1.0
bot->unsw,42,stat_13x13_adaptive,19,1.0,0.7702388949862006,19,608,True,0.21475,1.0
bot->unsw,43,statico,0,0.0,0.9782,0,0,False,0.0928,1.0
bot->unsw,43,ogni_batch,0,0.0,0.9782,0,0,False,0.0928,1.0
bot->unsw,43,su_innesco,0,0.0,0.9782,0,0,False,0.0928,1.0
bot->unsw,43,oracolo,0,0.0,0.9782,0,0,False,0.0928,1.0
bot->unsw,43,stat_13x13,0,0.0,0.9782,0,0,False,0.0928,1.0
bot->unsw,43,martingala,0,0.0,0.9782,0,0,False,0.0928,1.0
bot->unsw,43,stat_13x13_adaptive,0,0.0,0.9782,0,0,False,0.0928,1.0
bot->unsw,43,statico,1,0.053,0.7910428813833735,0,0,False,0.12215,1.0
bot->unsw,43,ogni_batch,1,0.053,0.7910428813833735,1,32,False,0.12215,1.0
bot->unsw,43,su_innesco,1,0.053,0.7910428813833735,0,0,False,0.12215,1.0
bot->unsw,43,oracolo,1,0.053,0.7910428813833735,1,32,False,0.12215,1.0
bot->unsw,43,stat_13x13,1,0.053,0.4994646135019376,1,32,False,0.12215,1.0
bot->unsw,43,martingala,1,0.053,0.7910428813833735,1,32,False,0.12215,1.0
bot->unsw,43,stat_13x13_adaptive,1,0.053,0.48355598613094025,1,32,False,0.12215,1.0
bot->unsw,43,statico,2,0.105,0.7755239179285685,0,0,False,0.14625,1.0
bot->unsw,43,ogni_batch,2,0.105,0.792334826919437,2,64,False,0.14625,1.0
bot->unsw,43,su_innesco,2,0.105,0.7755239179285685,0,0,False,0.14625,1.0
bot->unsw,43,oracolo,2,0.105,0.8266693953526176,2,64,False,0.14625,1.0
bot->unsw,43,stat_13x13,2,0.105,0.5,2,64,False,0.14625,1.0
bot->unsw,43,martingala,2,0.105,0.792334826919437,2,64,False,0.14625,1.0
bot->unsw,43,stat_13x13_adaptive,2,0.105,0.49984383946697203,2,64,False,0.14625,1.0
bot->unsw,43,statico,3,0.158,0.7688379535055967,0,0,True,0.17215,1.0
bot->unsw,43,ogni_batch,3,0.158,0.7959773590653335,3,96,True,0.17215,1.0
bot->unsw,43,su_innesco,3,0.158,0.7688379535055967,0,0,True,0.17215,1.0
bot->unsw,43,oracolo,3,0.158,0.9299701943638079,3,96,True,0.17215,1.0
bot->unsw,43,stat_13x13,3,0.158,0.5,3,96,True,0.17215,1.0
bot->unsw,43,martingala,3,0.158,0.7959773590653335,3,96,True,0.17215,1.0
bot->unsw,43,stat_13x13_adaptive,3,0.158,0.5,3,96,True,0.17215,1.0
bot->unsw,43,statico,4,0.211,0.7384974606945478,0,0,True,0.20055,1.0
bot->unsw,43,ogni_batch,4,0.211,0.8088723813119651,4,128,True,0.20055,1.0
bot->unsw,43,su_innesco,4,0.211,0.7260576525587619,1,32,True,0.20055,1.0
bot->unsw,43,oracolo,4,0.211,0.9016023779002427,4,128,True,0.20055,1.0
bot->unsw,43,stat_13x13,4,0.211,0.7671251797325644,4,128,True,0.20055,1.0
bot->unsw,43,martingala,4,0.211,0.8088723813119651,4,128,True,0.20055,1.0
bot->unsw,43,stat_13x13_adaptive,4,0.211,0.6132979233760429,4,128,True,0.20055,1.0
bot->unsw,43,statico,5,0.263,0.7315580135386658,0,0,True,0.2258,1.0
bot->unsw,43,ogni_batch,5,0.263,0.8029492833517089,5,160,True,0.2258,1.0
bot->unsw,43,su_innesco,5,0.263,0.7564033028654076,2,64,True,0.2258,1.0
bot->unsw,43,oracolo,5,0.263,0.8894043935460161,5,160,True,0.2258,1.0
bot->unsw,43,stat_13x13,5,0.263,0.49586193406124407,5,160,True,0.2258,1.0
bot->unsw,43,martingala,5,0.263,0.8029492833517089,5,160,True,0.2258,1.0
bot->unsw,43,stat_13x13_adaptive,5,0.263,0.63606388780216,5,160,True,0.2258,1.0
bot->unsw,43,statico,6,0.316,0.7085309141614983,0,0,True,0.25785,1.0
bot->unsw,43,ogni_batch,6,0.316,0.847153329765141,6,192,True,0.25785,1.0
bot->unsw,43,su_innesco,6,0.316,0.7760333281688443,3,96,True,0.25785,1.0
bot->unsw,43,oracolo,6,0.316,0.8706316052640228,6,192,True,0.25785,1.0
bot->unsw,43,stat_13x13,6,0.316,0.5061374278340915,6,192,True,0.25785,1.0
bot->unsw,43,martingala,6,0.316,0.847153329765141,6,192,True,0.25785,1.0
bot->unsw,43,stat_13x13_adaptive,6,0.316,0.6696086647605007,6,192,True,0.25785,1.0
bot->unsw,43,statico,7,0.368,0.6858697198745269,0,0,True,0.28725,1.0
bot->unsw,43,ogni_batch,7,0.368,0.8809022373700559,7,224,True,0.28725,1.0
bot->unsw,43,su_innesco,7,0.368,0.8339951754587582,4,128,True,0.28725,1.0
bot->unsw,43,oracolo,7,0.368,0.8444862542165483,7,224,True,0.28725,1.0
bot->unsw,43,stat_13x13,7,0.368,0.8102036639369921,7,224,True,0.28725,1.0
bot->unsw,43,martingala,7,0.368,0.8809022373700559,7,224,True,0.28725,1.0
bot->unsw,43,stat_13x13_adaptive,7,0.368,0.7526942129584027,7,224,True,0.28725,1.0
bot->unsw,43,statico,8,0.421,0.6771196379061231,0,0,True,0.3157,1.0
bot->unsw,43,ogni_batch,8,0.421,0.8926241921469853,8,256,True,0.3157,1.0
bot->unsw,43,su_innesco,8,0.421,0.8271597254764136,5,160,True,0.3157,1.0
bot->unsw,43,oracolo,8,0.421,0.8223333528584817,8,256,True,0.3157,1.0
bot->unsw,43,stat_13x13,8,0.421,0.8746238358130272,8,256,True,0.3157,1.0
bot->unsw,43,martingala,8,0.421,0.8926241921469853,8,256,True,0.3157,1.0
bot->unsw,43,stat_13x13_adaptive,8,0.421,0.7619344418736332,8,256,True,0.3157,1.0
bot->unsw,43,statico,9,0.474,0.6568998330738702,0,0,True,0.3402,1.0
bot->unsw,43,ogni_batch,9,0.474,0.879163955791765,9,288,True,0.3402,1.0
bot->unsw,43,su_innesco,9,0.474,0.7927736654632425,6,192,True,0.3402,1.0
bot->unsw,43,oracolo,9,0.474,0.8017249260281318,9,288,True,0.3402,1.0
bot->unsw,43,stat_13x13,9,0.474,0.5758929802830286,9,288,True,0.3402,1.0
bot->unsw,43,martingala,9,0.474,0.8856598282048631,8,256,True,0.3402,1.0
bot->unsw,43,stat_13x13_adaptive,9,0.474,0.7318209105229663,9,288,True,0.3402,1.0
bot->unsw,43,statico,10,0.526,0.6342529412616711,0,0,True,0.36875,1.0
bot->unsw,43,ogni_batch,10,0.526,0.841339963194812,10,320,True,0.36875,1.0
bot->unsw,43,su_innesco,10,0.526,0.7813392285979157,7,224,True,0.36875,1.0
bot->unsw,43,oracolo,10,0.526,0.7942956569994971,10,320,True,0.36875,1.0
bot->unsw,43,stat_13x13,10,0.526,0.7745832916293172,10,320,True,0.36875,1.0
bot->unsw,43,martingala,10,0.526,0.8801311284687864,8,256,True,0.36875,1.0
bot->unsw,43,stat_13x13_adaptive,10,0.526,0.7410446078282049,10,320,True,0.36875,1.0
bot->unsw,43,statico,11,0.579,0.6173220756272779,0,0,True,0.3947,1.0
bot->unsw,43,ogni_batch,11,0.579,0.8654142449793781,11,352,True,0.3947,1.0
bot->unsw,43,su_innesco,11,0.579,0.8226148670163642,8,256,True,0.3947,1.0
bot->unsw,43,oracolo,11,0.579,0.7633290914852927,11,352,True,0.3947,1.0
bot->unsw,43,stat_13x13,11,0.579,0.8080467441833235,11,352,True,0.3947,1.0
bot->unsw,43,martingala,11,0.579,0.8649370276316928,8,256,True,0.3947,1.0
bot->unsw,43,stat_13x13_adaptive,11,0.579,0.7387930790264222,11,352,True,0.3947,1.0
bot->unsw,43,statico,12,0.632,0.5948785372366407,0,0,True,0.42955,1.0
bot->unsw,43,ogni_batch,12,0.632,0.8358721746429747,12,384,True,0.42955,1.0
bot->unsw,43,su_innesco,12,0.632,0.7802798718073962,9,288,True,0.42955,1.0
bot->unsw,43,oracolo,12,0.632,0.7377175891251568,12,384,True,0.42955,1.0
bot->unsw,43,stat_13x13,12,0.632,0.7893938756643908,12,384,True,0.42955,1.0
bot->unsw,43,martingala,12,0.632,0.8550724588520919,8,256,True,0.42955,1.0
bot->unsw,43,stat_13x13_adaptive,12,0.632,0.7427435994152999,12,384,True,0.42955,1.0
bot->unsw,43,statico,13,0.684,0.5696545969069288,0,0,True,0.45175,1.0
bot->unsw,43,ogni_batch,13,0.684,0.8284866685242067,13,416,True,0.45175,1.0
bot->unsw,43,su_innesco,13,0.684,0.8288716854465119,10,320,True,0.45175,1.0
bot->unsw,43,oracolo,13,0.684,0.8116995820373768,13,416,True,0.45175,1.0
bot->unsw,43,stat_13x13,13,0.684,0.7984596466660411,13,416,True,0.45175,1.0
bot->unsw,43,martingala,13,0.684,0.8473033748684475,8,256,True,0.45175,1.0
bot->unsw,43,stat_13x13_adaptive,13,0.684,0.7566316415704072,13,416,True,0.45175,1.0
bot->unsw,43,statico,14,0.737,0.5518290539536714,0,0,True,0.4762,1.0
bot->unsw,43,ogni_batch,14,0.737,0.8164260823521057,14,448,True,0.4762,1.0
bot->unsw,43,su_innesco,14,0.737,0.8164260823521057,11,352,True,0.4762,1.0
bot->unsw,43,oracolo,14,0.737,0.8120882108422112,14,448,True,0.4762,1.0
bot->unsw,43,stat_13x13,14,0.737,0.7921561635797709,14,448,True,0.4762,1.0
bot->unsw,43,martingala,14,0.737,0.8346940904592093,8,256,True,0.4762,1.0
bot->unsw,43,stat_13x13_adaptive,14,0.737,0.7501812528337606,14,448,True,0.4762,1.0
bot->unsw,43,statico,15,0.789,0.5172291392494217,0,0,True,0.5021,1.0
bot->unsw,43,ogni_batch,15,0.789,0.8065932980701602,15,480,True,0.5021,1.0
bot->unsw,43,su_innesco,15,0.789,0.8065932980701602,12,384,True,0.5021,1.0
bot->unsw,43,oracolo,15,0.789,0.8044026466845952,15,480,True,0.5021,1.0
bot->unsw,43,stat_13x13,15,0.789,0.7928024853320812,15,480,True,0.5021,1.0
bot->unsw,43,martingala,15,0.789,0.8244467787404004,8,256,True,0.5021,1.0
bot->unsw,43,stat_13x13_adaptive,15,0.789,0.7509533975164769,15,480,True,0.5021,1.0
bot->unsw,43,statico,16,0.842,0.4966521691343465,0,0,True,0.5281,1.0
bot->unsw,43,ogni_batch,16,0.842,0.7919198450800523,16,512,True,0.5281,1.0
bot->unsw,43,su_innesco,16,0.842,0.7919198450800523,13,416,True,0.5281,1.0
bot->unsw,43,oracolo,16,0.842,0.7907434985290456,16,512,True,0.5281,1.0
bot->unsw,43,stat_13x13,16,0.842,0.7777027569053965,16,512,True,0.5281,1.0
bot->unsw,43,martingala,16,0.842,0.8124733999539532,8,256,True,0.5281,1.0
bot->unsw,43,stat_13x13_adaptive,16,0.842,0.7516582440419481,16,512,True,0.5281,1.0
bot->unsw,43,statico,17,0.895,0.4703351009463277,0,0,True,0.56045,1.0
bot->unsw,43,ogni_batch,17,0.895,0.7813300141530084,17,544,True,0.56045,1.0
bot->unsw,43,su_innesco,17,0.895,0.7813300141530084,14,448,True,0.56045,1.0
bot->unsw,43,oracolo,17,0.895,0.7860835231068908,17,544,True,0.56045,1.0
bot->unsw,43,stat_13x13,17,0.895,0.768056410659891,17,544,True,0.56045,1.0
bot->unsw,43,martingala,17,0.895,0.7981813008259804,8,256,True,0.56045,1.0
bot->unsw,43,stat_13x13_adaptive,17,0.895,0.7449779699447103,17,544,True,0.56045,1.0
bot->unsw,43,statico,18,0.947,0.42993281484908596,0,0,True,0.5902,1.0
bot->unsw,43,ogni_batch,18,0.947,0.774417598286808,18,576,True,0.5902,1.0
bot->unsw,43,su_innesco,18,0.947,0.774417598286808,15,480,True,0.5902,1.0
bot->unsw,43,oracolo,18,0.947,0.7743235598692819,18,576,True,0.5902,1.0
bot->unsw,43,stat_13x13,18,0.947,0.7678534257198026,18,576,True,0.5902,1.0
bot->unsw,43,martingala,18,0.947,0.7919973839858506,8,256,True,0.5902,1.0
bot->unsw,43,stat_13x13_adaptive,18,0.947,0.7456638359170238,18,576,True,0.5902,1.0
bot->unsw,43,statico,19,1.0,0.3999418600702298,0,0,True,0.6119,1.0
bot->unsw,43,ogni_batch,19,1.0,0.7544394862494991,19,608,True,0.6119,1.0
bot->unsw,43,su_innesco,19,1.0,0.7544394862494991,16,512,True,0.6119,1.0
bot->unsw,43,oracolo,19,1.0,0.7701001827060877,19,608,True,0.6119,1.0
bot->unsw,43,stat_13x13,19,1.0,0.7676512419259531,19,608,True,0.6119,1.0
bot->unsw,43,martingala,19,1.0,0.7754534031555854,8,256,True,0.6119,1.0
bot->unsw,43,stat_13x13_adaptive,19,1.0,0.7438975487499236,19,608,True,0.6119,1.0
bot->unsw,44,statico,0,0.0,0.96665,0,0,False,0.0712,1.0
bot->unsw,44,ogni_batch,0,0.0,0.96665,0,0,False,0.0712,1.0
bot->unsw,44,su_innesco,0,0.0,0.96665,0,0,False,0.0712,1.0
bot->unsw,44,oracolo,0,0.0,0.96665,0,0,False,0.0712,1.0
bot->unsw,44,stat_13x13,0,0.0,0.96665,0,0,False,0.0712,1.0
bot->unsw,44,martingala,0,0.0,0.96665,0,0,False,0.0712,1.0
bot->unsw,44,stat_13x13_adaptive,0,0.0,0.96665,0,0,False,0.0712,1.0
bot->unsw,44,statico,1,0.053,0.8290699749128255,0,0,False,0.09135,1.0
bot->unsw,44,ogni_batch,1,0.053,0.8290699749128255,1,32,False,0.09135,1.0
bot->unsw,44,su_innesco,1,0.053,0.8290699749128255,0,0,False,0.09135,1.0
bot->unsw,44,oracolo,1,0.053,0.8290699749128255,1,32,False,0.09135,1.0
bot->unsw,44,stat_13x13,1,0.053,0.5007461293817317,1,32,False,0.09135,1.0
bot->unsw,44,martingala,1,0.053,0.8290699749128255,0,0,False,0.09135,1.0
bot->unsw,44,stat_13x13_adaptive,1,0.053,0.4995408631772268,1,32,False,0.09135,1.0
bot->unsw,44,statico,2,0.105,0.8011504078451956,0,0,False,0.11385,1.0
bot->unsw,44,ogni_batch,2,0.105,0.9165834329532556,2,64,False,0.11385,1.0
bot->unsw,44,su_innesco,2,0.105,0.8011504078451956,0,0,False,0.11385,1.0
bot->unsw,44,oracolo,2,0.105,0.9460333582074612,2,64,False,0.11385,1.0
bot->unsw,44,stat_13x13,2,0.105,0.5581495129799342,2,64,False,0.11385,1.0
bot->unsw,44,martingala,2,0.105,0.8011504078451956,0,0,False,0.11385,1.0
bot->unsw,44,stat_13x13_adaptive,2,0.105,0.5599744155745499,2,64,False,0.11385,1.0
bot->unsw,44,statico,3,0.158,0.7927103105189375,0,0,False,0.13905,1.0
bot->unsw,44,ogni_batch,3,0.158,0.8938142323064922,3,96,False,0.13905,1.0
bot->unsw,44,su_innesco,3,0.158,0.7927103105189375,0,0,False,0.13905,1.0
bot->unsw,44,oracolo,3,0.158,0.9302157015994086,3,96,False,0.13905,1.0
bot->unsw,44,stat_13x13,3,0.158,0.5574008679730778,3,96,False,0.13905,1.0
bot->unsw,44,martingala,3,0.158,0.7927103105189375,0,0,False,0.13905,1.0
bot->unsw,44,stat_13x13_adaptive,3,0.158,0.5587691625088756,3,96,False,0.13905,1.0
bot->unsw,44,statico,4,0.211,0.7757225149096408,0,0,True,0.16145,1.0
bot->unsw,44,ogni_batch,4,0.211,0.8422406809839501,4,128,True,0.16145,1.0
bot->unsw,44,su_innesco,4,0.211,0.7757225149096408,0,0,True,0.16145,1.0
bot->unsw,44,oracolo,4,0.211,0.9128272565318345,4,128,True,0.16145,1.0
bot->unsw,44,stat_13x13,4,0.211,0.6543193204983321,4,128,True,0.16145,1.0
bot->unsw,44,martingala,4,0.211,0.7757225149096408,0,0,True,0.16145,1.0
bot->unsw,44,stat_13x13_adaptive,4,0.211,0.5741337671517449,4,128,True,0.16145,1.0
bot->unsw,44,statico,5,0.263,0.7641455764250793,0,0,True,0.1819,1.0
bot->unsw,44,ogni_batch,5,0.263,0.8363712059481694,5,160,True,0.1819,1.0
bot->unsw,44,su_innesco,5,0.263,0.6543932526594701,1,32,True,0.1819,1.0
bot->unsw,44,oracolo,5,0.263,0.8805423988337251,5,160,True,0.1819,1.0
bot->unsw,44,stat_13x13,5,0.263,0.6841985102799393,5,160,True,0.1819,1.0
bot->unsw,44,martingala,5,0.263,0.7641455764250793,0,0,True,0.1819,1.0
bot->unsw,44,stat_13x13_adaptive,5,0.263,0.5732922932093386,5,160,True,0.1819,1.0
bot->unsw,44,statico,6,0.316,0.7400716155393509,0,0,True,0.20635,1.0
bot->unsw,44,ogni_batch,6,0.316,0.8389462057017597,6,192,True,0.20635,1.0
bot->unsw,44,su_innesco,6,0.316,0.6981039633915602,2,64,True,0.20635,1.0
bot->unsw,44,oracolo,6,0.316,0.8545780406842571,6,192,True,0.20635,1.0
bot->unsw,44,stat_13x13,6,0.316,0.7042335222149795,6,192,True,0.20635,1.0
bot->unsw,44,martingala,6,0.316,0.7400716155393509,0,0,True,0.20635,1.0
bot->unsw,44,stat_13x13_adaptive,6,0.316,0.5727366683449218,6,192,True,0.20635,1.0
bot->unsw,44,statico,7,0.368,0.7233493057352518,0,0,True,0.22725,1.0
bot->unsw,44,ogni_batch,7,0.368,0.831653343510789,7,224,True,0.22725,1.0
bot->unsw,44,su_innesco,7,0.368,0.7800891082865332,3,96,True,0.22725,1.0
bot->unsw,44,oracolo,7,0.368,0.8342758473372051,7,224,True,0.22725,1.0
bot->unsw,44,stat_13x13,7,0.368,0.7077584529772951,7,224,True,0.22725,1.0
bot->unsw,44,martingala,7,0.368,0.7233493057352518,0,0,True,0.22725,1.0
bot->unsw,44,stat_13x13_adaptive,7,0.368,0.6344859634893738,7,224,True,0.22725,1.0
bot->unsw,44,statico,8,0.421,0.7102200946308156,0,0,True,0.2492,1.0
bot->unsw,44,ogni_batch,8,0.421,0.8817543898570518,8,256,True,0.2492,1.0
bot->unsw,44,su_innesco,8,0.421,0.8341649353146802,4,128,True,0.2492,1.0
bot->unsw,44,oracolo,8,0.421,0.8167827483615782,8,256,True,0.2492,1.0
bot->unsw,44,stat_13x13,8,0.421,0.7440047345590417,8,256,True,0.2492,1.0
bot->unsw,44,martingala,8,0.421,0.7102200946308156,0,0,True,0.2492,1.0
bot->unsw,44,stat_13x13_adaptive,8,0.421,0.6947445175797582,8,256,True,0.2492,1.0
bot->unsw,44,statico,9,0.474,0.6903696168227855,0,0,True,0.27505,1.0
bot->unsw,44,ogni_batch,9,0.474,0.8715092766619968,9,288,True,0.27505,1.0
bot->unsw,44,su_innesco,9,0.474,0.8017053427832681,5,160,True,0.27505,1.0
bot->unsw,44,oracolo,9,0.474,0.8336556256431034,9,288,True,0.27505,1.0
bot->unsw,44,stat_13x13,9,0.474,0.7520194028147325,9,288,True,0.27505,1.0
bot->unsw,44,martingala,9,0.474,0.6903696168227855,0,0,True,0.27505,1.0
bot->unsw,44,stat_13x13_adaptive,9,0.474,0.7158167982687824,9,288,True,0.27505,1.0
bot->unsw,44,statico,10,0.526,0.666698176267934,0,0,True,0.29555,1.0
bot->unsw,44,ogni_batch,10,0.526,0.8041340365356927,10,320,True,0.29555,1.0
bot->unsw,44,su_innesco,10,0.526,0.7875809871578573,6,192,True,0.29555,1.0
bot->unsw,44,oracolo,10,0.526,0.807194221560799,10,320,True,0.29555,1.0
bot->unsw,44,stat_13x13,10,0.526,0.7473787128806604,10,320,True,0.29555,1.0
bot->unsw,44,martingala,10,0.526,0.666698176267934,0,0,True,0.29555,1.0
bot->unsw,44,stat_13x13_adaptive,10,0.526,0.7573463630784796,10,320,True,0.29555,1.0
bot->unsw,44,statico,11,0.579,0.6523399768021447,0,0,True,0.31235,1.0
bot->unsw,44,ogni_batch,11,0.579,0.8386933299533832,11,352,True,0.31235,1.0
bot->unsw,44,su_innesco,11,0.579,0.8416883440356899,7,224,True,0.31235,1.0
bot->unsw,44,oracolo,11,0.579,0.871976430743201,11,352,True,0.31235,1.0
bot->unsw,44,stat_13x13,11,0.579,0.7484451246921568,11,352,True,0.31235,1.0
bot->unsw,44,martingala,11,0.579,0.6523399768021447,0,0,True,0.31235,1.0
bot->unsw,44,stat_13x13_adaptive,11,0.579,0.7304012020438873,11,352,True,0.31235,1.0
bot->unsw,44,statico,12,0.632,0.6347367555304807,0,0,True,0.3421,1.0
bot->unsw,44,ogni_batch,12,0.632,0.7631115997151972,12,384,True,0.3421,1.0
bot->unsw,44,su_innesco,12,0.632,0.8460188719814616,8,256,True,0.3421,1.0
bot->unsw,44,oracolo,12,0.632,0.8435135790789452,12,384,True,0.3421,1.0
bot->unsw,44,stat_13x13,12,0.632,0.7572138753684892,12,384,True,0.3421,1.0
bot->unsw,44,martingala,12,0.632,0.6347367555304807,0,0,True,0.3421,1.0
bot->unsw,44,stat_13x13_adaptive,12,0.632,0.7472174956279383,12,384,True,0.3421,1.0
bot->unsw,44,statico,13,0.684,0.6111214742421016,0,0,True,0.36465,1.0
bot->unsw,44,ogni_batch,13,0.684,0.8302404481219376,13,416,True,0.36465,1.0
bot->unsw,44,su_innesco,13,0.684,0.8302404481219376,9,288,True,0.36465,1.0
bot->unsw,44,oracolo,13,0.684,0.8450690231800624,13,416,True,0.36465,1.0
bot->unsw,44,stat_13x13,13,0.684,0.7426584452701301,13,416,True,0.36465,1.0
bot->unsw,44,martingala,13,0.684,0.6111214742421016,0,0,True,0.36465,1.0
bot->unsw,44,stat_13x13_adaptive,13,0.684,0.7415409716982115,13,416,True,0.36465,1.0
bot->unsw,44,statico,14,0.737,0.5765010277451192,0,0,True,0.3864,1.0
bot->unsw,44,ogni_batch,14,0.737,0.8439702153865841,14,448,True,0.3864,1.0
bot->unsw,44,su_innesco,14,0.737,0.8439702153865841,10,320,True,0.3864,1.0
bot->unsw,44,oracolo,14,0.737,0.845204149370956,14,448,True,0.3864,1.0
bot->unsw,44,stat_13x13,14,0.737,0.7683081795714662,14,448,True,0.3864,1.0
bot->unsw,44,martingala,14,0.737,0.5765010277451192,0,0,True,0.3864,1.0
bot->unsw,44,stat_13x13_adaptive,14,0.737,0.7436195823435787,14,448,True,0.3864,1.0
bot->unsw,44,statico,15,0.789,0.5577791195187363,0,0,True,0.40365,1.0
bot->unsw,44,ogni_batch,15,0.789,0.8240846712389154,15,480,True,0.40365,1.0
bot->unsw,44,su_innesco,15,0.789,0.8240846712389154,11,352,True,0.40365,1.0
bot->unsw,44,oracolo,15,0.789,0.8254239920790054,15,480,True,0.40365,1.0
bot->unsw,44,stat_13x13,15,0.789,0.7726937605625901,15,480,True,0.40365,1.0
bot->unsw,44,martingala,15,0.789,0.5577791195187363,0,0,True,0.40365,1.0
bot->unsw,44,stat_13x13_adaptive,15,0.789,0.7770085468659095,15,480,True,0.40365,1.0
bot->unsw,44,statico,16,0.842,0.5254485403120532,0,0,True,0.4284,1.0
bot->unsw,44,ogni_batch,16,0.842,0.8073912890977347,16,512,True,0.4284,1.0
bot->unsw,44,su_innesco,16,0.842,0.8073912890977347,12,384,True,0.4284,1.0
bot->unsw,44,oracolo,16,0.842,0.7940498475370563,16,512,True,0.4284,1.0
bot->unsw,44,stat_13x13,16,0.842,0.7400807710226032,16,512,True,0.4284,1.0
bot->unsw,44,martingala,16,0.842,0.5254485403120532,0,0,True,0.4284,1.0
bot->unsw,44,stat_13x13_adaptive,16,0.842,0.7188744988516319,16,512,True,0.4284,1.0
bot->unsw,44,statico,17,0.895,0.5054920921908101,0,0,True,0.4527,1.0
bot->unsw,44,ogni_batch,17,0.895,0.7856006647673315,17,544,True,0.4527,1.0
bot->unsw,44,su_innesco,17,0.895,0.7856006647673315,13,416,True,0.4527,1.0
bot->unsw,44,oracolo,17,0.895,0.7888998465921543,17,544,True,0.4527,1.0
bot->unsw,44,stat_13x13,17,0.895,0.7617019139455037,17,544,True,0.4527,1.0
bot->unsw,44,martingala,17,0.895,0.5054920921908101,0,0,True,0.4527,1.0
bot->unsw,44,stat_13x13_adaptive,17,0.895,0.7616558002775952,17,544,True,0.4527,1.0
bot->unsw,44,statico,18,0.947,0.4740683938802191,0,0,True,0.4775,1.0
bot->unsw,44,ogni_batch,18,0.947,0.7756399041377275,18,576,True,0.4775,1.0
bot->unsw,44,su_innesco,18,0.947,0.7756399041377275,14,448,True,0.4775,1.0
bot->unsw,44,oracolo,18,0.947,0.7796111182527166,18,576,True,0.4775,1.0
bot->unsw,44,stat_13x13,18,0.947,0.763305766440346,18,576,True,0.4775,1.0
bot->unsw,44,martingala,18,0.947,0.4740683938802191,0,0,True,0.4775,1.0
bot->unsw,44,stat_13x13_adaptive,18,0.947,0.7773734251204456,18,576,True,0.4775,1.0
bot->unsw,44,statico,19,1.0,0.44895261085833377,0,0,True,0.4881,1.0
bot->unsw,44,ogni_batch,19,1.0,0.7666249546300474,19,608,True,0.4881,1.0
bot->unsw,44,su_innesco,19,1.0,0.7666249546300474,15,480,True,0.4881,1.0
bot->unsw,44,oracolo,19,1.0,0.7408934798908771,19,608,True,0.4881,1.0
bot->unsw,44,stat_13x13,19,1.0,0.7566071082185084,19,608,True,0.4881,1.0
bot->unsw,44,martingala,19,1.0,0.44895261085833377,0,0,True,0.4881,1.0
bot->unsw,44,stat_13x13_adaptive,19,1.0,0.7605830201016923,19,608,True,0.4881,1.0
bot->unsw,45,statico,0,0.0,0.9909,0,0,False,0.05275,1.0
bot->unsw,45,ogni_batch,0,0.0,0.9909,0,0,False,0.05275,1.0
bot->unsw,45,su_innesco,0,0.0,0.9909,0,0,False,0.05275,1.0
bot->unsw,45,oracolo,0,0.0,0.9909,0,0,False,0.05275,1.0
bot->unsw,45,stat_13x13,0,0.0,0.9909,0,0,False,0.05275,1.0
bot->unsw,45,martingala,0,0.0,0.9909,0,0,False,0.05275,1.0
bot->unsw,45,stat_13x13_adaptive,0,0.0,0.9909,0,0,False,0.05275,1.0
bot->unsw,45,statico,1,0.053,0.854278395932561,0,0,False,0.0713,1.0
bot->unsw,45,ogni_batch,1,0.053,0.854278395932561,1,32,False,0.0713,1.0
bot->unsw,45,su_innesco,1,0.053,0.854278395932561,0,0,False,0.0713,1.0
bot->unsw,45,oracolo,1,0.053,0.854278395932561,1,32,False,0.0713,1.0
bot->unsw,45,stat_13x13,1,0.053,0.49992348109983165,1,32,False,0.0713,1.0
bot->unsw,45,martingala,1,0.053,0.854278395932561,1,32,False,0.0713,1.0
bot->unsw,45,stat_13x13_adaptive,1,0.053,0.4998469621996633,1,32,False,0.0713,1.0
bot->unsw,45,statico,2,0.105,0.8301142380077974,0,0,False,0.08195,1.0
bot->unsw,45,ogni_batch,2,0.105,0.7386967145230448,2,64,False,0.08195,1.0
bot->unsw,45,su_innesco,2,0.105,0.8301142380077974,0,0,False,0.08195,1.0
bot->unsw,45,oracolo,2,0.105,0.9494055447538522,2,64,False,0.08195,1.0
bot->unsw,45,stat_13x13,2,0.105,0.5005914341067241,2,64,False,0.08195,1.0
bot->unsw,45,martingala,2,0.105,0.7386967145230448,2,64,False,0.08195,1.0
bot->unsw,45,stat_13x13_adaptive,2,0.105,0.5004096442557918,2,64,False,0.08195,1.0
bot->unsw,45,statico,3,0.158,0.825609756097561,0,0,False,0.09765,1.0
bot->unsw,45,ogni_batch,3,0.158,0.7775218135476549,3,96,False,0.09765,1.0
bot->unsw,45,su_innesco,3,0.158,0.825609756097561,0,0,False,0.09765,1.0
bot->unsw,45,oracolo,3,0.158,0.9198959089133225,3,96,False,0.09765,1.0
bot->unsw,45,stat_13x13,3,0.158,0.5012097449349779,3,96,False,0.09765,1.0
bot->unsw,45,martingala,3,0.158,0.7775218135476549,3,96,False,0.09765,1.0
bot->unsw,45,stat_13x13_adaptive,3,0.158,0.5005325482316608,3,96,False,0.09765,1.0
bot->unsw,45,statico,4,0.211,0.8034583851329848,0,0,False,0.11315,1.0
bot->unsw,45,ogni_batch,4,0.211,0.7841560033792834,4,128,False,0.11315,1.0
bot->unsw,45,su_innesco,4,0.211,0.8034583851329848,0,0,False,0.11315,1.0
bot->unsw,45,oracolo,4,0.211,0.9108253258512886,4,128,False,0.11315,1.0
bot->unsw,45,stat_13x13,4,0.211,0.6951181261003849,4,128,False,0.11315,1.0
bot->unsw,45,martingala,4,0.211,0.7841560033792834,4,128,False,0.11315,1.0
bot->unsw,45,stat_13x13_adaptive,4,0.211,0.6120220408948233,4,128,False,0.11315,1.0
bot->unsw,45,statico,5,0.263,0.7763048706391317,0,0,False,0.1217,1.0
bot->unsw,45,ogni_batch,5,0.263,0.8661531179563402,5,160,False,0.1217,1.0
bot->unsw,45,su_innesco,5,0.263,0.7763048706391317,0,0,False,0.1217,1.0
bot->unsw,45,oracolo,5,0.263,0.8923214948867633,5,160,False,0.1217,1.0
bot->unsw,45,stat_13x13,5,0.263,0.7295915463984546,5,160,False,0.1217,1.0
bot->unsw,45,martingala,5,0.263,0.8661531179563402,5,160,False,0.1217,1.0
bot->unsw,45,stat_13x13_adaptive,5,0.263,0.7183910310913666,5,160,False,0.1217,1.0
bot->unsw,45,statico,6,0.316,0.7652641879140831,0,0,False,0.13235,1.0
bot->unsw,45,ogni_batch,6,0.316,0.8059582556825556,6,192,False,0.13235,1.0
bot->unsw,45,su_innesco,6,0.316,0.7652641879140831,0,0,False,0.13235,1.0
bot->unsw,45,oracolo,6,0.316,0.8967625824190193,6,192,False,0.13235,1.0
bot->unsw,45,stat_13x13,6,0.316,0.7300398978706636,6,192,False,0.13235,1.0
bot->unsw,45,martingala,6,0.316,0.8059582556825556,6,192,False,0.13235,1.0
bot->unsw,45,stat_13x13_adaptive,6,0.316,0.7325560988584097,6,192,False,0.13235,1.0
bot->unsw,45,statico,7,0.368,0.7469885433461426,0,0,True,0.1485,1.0
bot->unsw,45,ogni_batch,7,0.368,0.8878167543425883,7,224,True,0.1485,1.0
bot->unsw,45,su_innesco,7,0.368,0.7469885433461426,0,0,True,0.1485,1.0
bot->unsw,45,oracolo,7,0.368,0.8841180768952133,7,224,True,0.1485,1.0
bot->unsw,45,stat_13x13,7,0.368,0.7364047719935716,7,224,True,0.1485,1.0
bot->unsw,45,martingala,7,0.368,0.8878167543425883,7,224,True,0.1485,1.0
bot->unsw,45,stat_13x13_adaptive,7,0.368,0.729761333707507,7,224,True,0.1485,1.0
bot->unsw,45,statico,8,0.421,0.7326441723280993,0,0,True,0.1642,1.0
bot->unsw,45,ogni_batch,8,0.421,0.8712160451297895,8,256,True,0.1642,1.0
bot->unsw,45,su_innesco,8,0.421,0.8549079884315898,1,32,True,0.1642,1.0
bot->unsw,45,oracolo,8,0.421,0.8505245688538382,8,256,True,0.1642,1.0
bot->unsw,45,stat_13x13,8,0.421,0.7405383654687147,8,256,True,0.1642,1.0
bot->unsw,45,martingala,8,0.421,0.8712160451297895,8,256,True,0.1642,1.0
bot->unsw,45,stat_13x13_adaptive,8,0.421,0.737442635137866,8,256,True,0.1642,1.0
bot->unsw,45,statico,9,0.474,0.7156631797069459,0,0,True,0.1783,1.0
bot->unsw,45,ogni_batch,9,0.474,0.8681696464913294,9,288,True,0.1783,1.0
bot->unsw,45,su_innesco,9,0.474,0.8364167064279682,2,64,True,0.1783,1.0
bot->unsw,45,oracolo,9,0.474,0.8420871261165419,9,288,True,0.1783,1.0
bot->unsw,45,stat_13x13,9,0.474,0.7572167046901903,9,288,True,0.1783,1.0
bot->unsw,45,martingala,9,0.474,0.8681696464913294,9,288,True,0.1783,1.0
bot->unsw,45,stat_13x13_adaptive,9,0.474,0.7681737877278869,9,288,True,0.1783,1.0
bot->unsw,45,statico,10,0.526,0.6879091185909969,0,0,True,0.1937,1.0
bot->unsw,45,ogni_batch,10,0.526,0.8545591919927438,10,320,True,0.1937,1.0
bot->unsw,45,su_innesco,10,0.526,0.842732318161914,3,96,True,0.1937,1.0
bot->unsw,45,oracolo,10,0.526,0.8190453192793231,10,320,True,0.1937,1.0
bot->unsw,45,stat_13x13,10,0.526,0.7499631422507286,10,320,True,0.1937,1.0
bot->unsw,45,martingala,10,0.526,0.8560735942674378,9,288,True,0.1937,1.0
bot->unsw,45,stat_13x13_adaptive,10,0.526,0.7586578998593552,10,320,True,0.1937,1.0
bot->unsw,45,statico,11,0.579,0.6661987234183135,0,0,True,0.2047,1.0
bot->unsw,45,ogni_batch,11,0.579,0.838757951105,11,352,True,0.2047,1.0
bot->unsw,45,su_innesco,11,0.579,0.8412580280006485,4,128,True,0.2047,1.0
bot->unsw,45,oracolo,11,0.579,0.7949250390838747,11,352,True,0.2047,1.0
bot->unsw,45,stat_13x13,11,0.579,0.7418743323843842,11,352,True,0.2047,1.0
bot->unsw,45,martingala,11,0.579,0.8448362768228161,9,288,True,0.2047,1.0
bot->unsw,45,stat_13x13_adaptive,11,0.579,0.7516696988234777,11,352,True,0.2047,1.0
bot->unsw,45,statico,12,0.632,0.6442425529170205,0,0,True,0.21995,1.0
bot->unsw,45,ogni_batch,12,0.632,0.8312018040341278,12,384,True,0.21995,1.0
bot->unsw,45,su_innesco,12,0.632,0.8194517977632771,5,160,True,0.21995,1.0
bot->unsw,45,oracolo,12,0.632,0.8648011334114503,12,384,True,0.21995,1.0
bot->unsw,45,stat_13x13,12,0.632,0.7594363983459287,12,384,True,0.21995,1.0
bot->unsw,45,martingala,12,0.632,0.8421628029268747,9,288,True,0.21995,1.0
bot->unsw,45,stat_13x13_adaptive,12,0.632,0.7610901112269726,12,384,True,0.21995,1.0
bot->unsw,45,statico,13,0.684,0.6165709714872053,0,0,True,0.2284,1.0
bot->unsw,45,ogni_batch,13,0.684,0.840199298833294,13,416,True,0.2284,1.0
bot->unsw,45,su_innesco,13,0.684,0.8365641398495801,6,192,True,0.2284,1.0
bot->unsw,45,oracolo,13,0.684,0.8541748648203575,13,416,True,0.2284,1.0
bot->unsw,45,stat_13x13,13,0.684,0.7677542313785487,13,416,True,0.2284,1.0
bot->unsw,45,martingala,13,0.684,0.8325195782010535,9,288,True,0.2284,1.0
bot->unsw,45,stat_13x13_adaptive,13,0.684,0.7681116910802633,13,416,True,0.2284,1.0
bot->unsw,45,statico,14,0.737,0.5994908944880808,0,0,True,0.24355,1.0
bot->unsw,45,ogni_batch,14,0.737,0.7893517516493446,14,448,True,0.24355,1.0
bot->unsw,45,su_innesco,14,0.737,0.8113393035511385,7,224,True,0.24355,1.0
bot->unsw,45,oracolo,14,0.737,0.8348648058739285,14,448,True,0.24355,1.0
bot->unsw,45,stat_13x13,14,0.737,0.7616344002173723,14,448,True,0.24355,1.0
bot->unsw,45,martingala,14,0.737,0.8152000186562955,9,288,True,0.24355,1.0
bot->unsw,45,stat_13x13_adaptive,14,0.737,0.7675404234979091,14,448,True,0.24355,1.0
bot->unsw,45,statico,15,0.789,0.5616141989378118,0,0,True,0.25655,1.0
bot->unsw,45,ogni_batch,15,0.789,0.7864039102791232,15,480,True,0.25655,1.0
bot->unsw,45,su_innesco,15,0.789,0.7864039102791232,8,256,True,0.25655,1.0
bot->unsw,45,oracolo,15,0.789,0.8072941302442787,15,480,True,0.25655,1.0
bot->unsw,45,stat_13x13,15,0.789,0.7445816405610708,15,480,True,0.25655,1.0
bot->unsw,45,martingala,15,0.789,0.8110077132329199,9,288,True,0.25655,1.0
bot->unsw,45,stat_13x13_adaptive,15,0.789,0.7534045829942981,15,480,True,0.25655,1.0
bot->unsw,45,statico,16,0.842,0.5439353864187115,0,0,True,0.2726,1.0
bot->unsw,45,ogni_batch,16,0.842,0.7826089301597147,16,512,True,0.2726,1.0
bot->unsw,45,su_innesco,16,0.842,0.7826089301597147,9,288,True,0.2726,1.0
bot->unsw,45,oracolo,16,0.842,0.7974424466903388,16,512,True,0.2726,1.0
bot->unsw,45,stat_13x13,16,0.842,0.7604700347202484,16,512,True,0.2726,1.0
bot->unsw,45,martingala,16,0.842,0.7949104922238237,9,288,True,0.2726,1.0
bot->unsw,45,stat_13x13_adaptive,16,0.842,0.7559006787398652,16,512,True,0.2726,1.0
bot->unsw,45,statico,17,0.895,0.5084358951975063,0,0,True,0.2763,1.0
bot->unsw,45,ogni_batch,17,0.895,0.788340559351645,17,544,True,0.2763,1.0
bot->unsw,45,su_innesco,17,0.895,0.788340559351645,10,320,True,0.2763,1.0
bot->unsw,45,oracolo,17,0.895,0.7902226579612011,17,544,True,0.2763,1.0
bot->unsw,45,stat_13x13,17,0.895,0.7720774894404292,17,544,True,0.2763,1.0
bot->unsw,45,martingala,17,0.895,0.7818230039007861,9,288,True,0.2763,1.0
bot->unsw,45,stat_13x13_adaptive,17,0.895,0.768224362222729,17,544,True,0.2763,1.0
bot->unsw,45,statico,18,0.947,0.47594912121088484,0,0,True,0.30285,1.0
bot->unsw,45,ogni_batch,18,0.947,0.7687460998980696,18,576,True,0.30285,1.0
bot->unsw,45,su_innesco,18,0.947,0.7687460998980696,11,352,True,0.30285,1.0
bot->unsw,45,oracolo,18,0.947,0.7744738295543521,18,576,True,0.30285,1.0
bot->unsw,45,stat_13x13,18,0.947,0.7635585338071831,18,576,True,0.30285,1.0
bot->unsw,45,martingala,18,0.947,0.771763319427643,9,288,True,0.30285,1.0
bot->unsw,45,stat_13x13_adaptive,18,0.947,0.7619680252135794,18,576,True,0.30285,1.0
bot->unsw,45,statico,19,1.0,0.44201110991263076,0,0,True,0.3095,1.0
bot->unsw,45,ogni_batch,19,1.0,0.7599579333405242,19,608,True,0.3095,1.0
bot->unsw,45,su_innesco,19,1.0,0.7599579333405242,12,384,True,0.3095,1.0
bot->unsw,45,oracolo,19,1.0,0.7756007981878977,19,608,True,0.3095,1.0
bot->unsw,45,stat_13x13,19,1.0,0.770103009384101,19,608,True,0.3095,1.0
bot->unsw,45,martingala,19,1.0,0.7569372236004746,9,288,True,0.3095,1.0
bot->unsw,45,stat_13x13_adaptive,19,1.0,0.7598344299428325,19,608,True,0.3095,1.0
bot->unsw,46,statico,0,0.0,0.98945,0,0,False,0.01555,1.0
bot->unsw,46,ogni_batch,0,0.0,0.98945,0,0,False,0.01555,1.0
bot->unsw,46,su_innesco,0,0.0,0.98945,0,0,False,0.01555,1.0
bot->unsw,46,oracolo,0,0.0,0.98945,0,0,False,0.01555,1.0
bot->unsw,46,stat_13x13,0,0.0,0.98945,0,0,False,0.01555,1.0
bot->unsw,46,martingala,0,0.0,0.98945,0,0,False,0.01555,1.0
bot->unsw,46,stat_13x13_adaptive,0,0.0,0.98945,0,0,False,0.01555,1.0
bot->unsw,46,statico,1,0.053,0.7641715048876853,0,0,False,0.04015,1.0
bot->unsw,46,ogni_batch,1,0.053,0.7641715048876853,1,32,False,0.04015,1.0
bot->unsw,46,su_innesco,1,0.053,0.7641715048876853,0,0,False,0.04015,1.0
bot->unsw,46,oracolo,1,0.053,0.7641715048876853,1,32,False,0.04015,1.0
bot->unsw,46,stat_13x13,1,0.053,0.499617425015303,1,32,False,0.04015,1.0
bot->unsw,46,martingala,1,0.053,0.7641715048876853,1,32,False,0.04015,1.0
bot->unsw,46,stat_13x13_adaptive,1,0.053,0.5007525262830302,1,32,False,0.04015,1.0
bot->unsw,46,statico,2,0.105,0.7544199843553634,0,0,False,0.06515,1.0
bot->unsw,46,ogni_batch,2,0.105,0.8076508639746768,2,64,False,0.06515,1.0
bot->unsw,46,su_innesco,2,0.105,0.7544199843553634,0,0,False,0.06515,1.0
bot->unsw,46,oracolo,2,0.105,0.9338132973030929,2,64,False,0.06515,1.0
bot->unsw,46,stat_13x13,2,0.105,0.5106809078771696,2,64,False,0.06515,1.0
bot->unsw,46,martingala,2,0.105,0.8076508639746768,2,64,False,0.06515,1.0
bot->unsw,46,stat_13x13_adaptive,2,0.105,0.5,2,64,False,0.06515,1.0
bot->unsw,46,statico,3,0.158,0.7412362030905078,0,0,False,0.08905,1.0
bot->unsw,46,ogni_batch,3,0.158,0.7657954378219278,3,96,False,0.08905,1.0
bot->unsw,46,su_innesco,3,0.158,0.7412362030905078,0,0,False,0.08905,1.0
bot->unsw,46,oracolo,3,0.158,0.9137689477557027,3,96,False,0.08905,1.0
bot->unsw,46,stat_13x13,3,0.158,0.6828020603384842,3,96,False,0.08905,1.0
bot->unsw,46,martingala,3,0.158,0.7657954378219278,3,96,False,0.08905,1.0
bot->unsw,46,stat_13x13_adaptive,3,0.158,0.5,3,96,False,0.08905,1.0
bot->unsw,46,statico,4,0.211,0.721585909348229,0,0,False,0.11525,1.0
bot->unsw,46,ogni_batch,4,0.211,0.8735969781694912,4,128,False,0.11525,1.0
bot->unsw,46,su_innesco,4,0.211,0.721585909348229,0,0,False,0.11525,1.0
bot->unsw,46,oracolo,4,0.211,0.8975870704253897,4,128,False,0.11525,1.0
bot->unsw,46,stat_13x13,4,0.211,0.7667211403938659,4,128,False,0.11525,1.0
bot->unsw,46,martingala,4,0.211,0.8735969781694912,4,128,False,0.11525,1.0
bot->unsw,46,stat_13x13_adaptive,4,0.211,0.6883653322711564,4,128,False,0.11525,1.0
bot->unsw,46,statico,5,0.263,0.7018379692771184,0,0,True,0.14,1.0
bot->unsw,46,ogni_batch,5,0.263,0.8678439114029228,5,160,True,0.14,1.0
bot->unsw,46,su_innesco,5,0.263,0.7018379692771184,0,0,True,0.14,1.0
bot->unsw,46,oracolo,5,0.263,0.8786831788429972,5,160,True,0.14,1.0
bot->unsw,46,stat_13x13,5,0.263,0.8051767833316987,5,160,True,0.14,1.0
bot->unsw,46,martingala,5,0.263,0.8678439114029228,5,160,True,0.14,1.0
bot->unsw,46,stat_13x13_adaptive,5,0.263,0.6788728373974562,5,160,True,0.14,1.0
bot->unsw,46,statico,6,0.316,0.6875882967902351,0,0,True,0.16895,1.0
bot->unsw,46,ogni_batch,6,0.316,0.8789553037723528,6,192,True,0.16895,1.0
bot->unsw,46,su_innesco,6,0.316,0.7049242923699015,1,32,True,0.16895,1.0
bot->unsw,46,oracolo,6,0.316,0.8845058362216194,6,192,True,0.16895,1.0
bot->unsw,46,stat_13x13,6,0.316,0.789693135297368,6,192,True,0.16895,1.0
bot->unsw,46,martingala,6,0.316,0.8789553037723528,6,192,True,0.16895,1.0
bot->unsw,46,stat_13x13_adaptive,6,0.316,0.6637434542646172,6,192,True,0.16895,1.0
bot->unsw,46,statico,7,0.368,0.6671421423033723,0,0,True,0.1921,1.0
bot->unsw,46,ogni_batch,7,0.368,0.8823783016456954,7,224,True,0.1921,1.0
bot->unsw,46,su_innesco,7,0.368,0.7773735662176063,2,64,True,0.1921,1.0
bot->unsw,46,oracolo,7,0.368,0.8675728407629086,7,224,True,0.1921,1.0
bot->unsw,46,stat_13x13,7,0.368,0.7981986044983346,7,224,True,0.1921,1.0
bot->unsw,46,martingala,7,0.368,0.8823783016456954,7,224,True,0.1921,1.0
bot->unsw,46,stat_13x13_adaptive,7,0.368,0.6263880388025918,7,224,True,0.1921,1.0
bot->unsw,46,statico,8,0.421,0.6522720438134666,0,0,True,0.2205,1.0
bot->unsw,46,ogni_batch,8,0.421,0.8831502128509603,8,256,True,0.2205,1.0
bot->unsw,46,su_innesco,8,0.421,0.849624788632457,3,96,True,0.2205,1.0
bot->unsw,46,oracolo,8,0.421,0.8473110460375051,8,256,True,0.2205,1.0
bot->unsw,46,stat_13x13,8,0.421,0.754027555524075,8,256,True,0.2205,1.0
bot->unsw,46,martingala,8,0.421,0.8831502128509603,8,256,True,0.2205,1.0
bot->unsw,46,stat_13x13_adaptive,8,0.421,0.6282679449218822,8,256,True,0.2205,1.0
bot->unsw,46,statico,9,0.474,0.6395661080761849,0,0,True,0.23645,1.0
bot->unsw,46,ogni_batch,9,0.474,0.8698061812527684,9,288,True,0.23645,1.0
bot->unsw,46,su_innesco,9,0.474,0.8475403255573601,4,128,True,0.23645,1.0
bot->unsw,46,oracolo,9,0.474,0.8860526170087111,9,288,True,0.23645,1.0
bot->unsw,46,stat_13x13,9,0.474,0.7560765170530046,9,288,True,0.23645,1.0
bot->unsw,46,martingala,9,0.474,0.8698061812527684,9,288,True,0.23645,1.0
bot->unsw,46,stat_13x13_adaptive,9,0.474,0.6729875286062306,9,288,True,0.23645,1.0
bot->unsw,46,statico,10,0.526,0.623584472517717,0,0,True,0.26265,1.0
bot->unsw,46,ogni_batch,10,0.526,0.8499072458329902,10,320,True,0.26265,1.0
bot->unsw,46,su_innesco,10,0.526,0.8337268108226839,5,160,True,0.26265,1.0
bot->unsw,46,oracolo,10,0.526,0.8723900576481702,10,320,True,0.26265,1.0
bot->unsw,46,stat_13x13,10,0.526,0.7552749880768249,10,320,True,0.26265,1.0
bot->unsw,46,martingala,10,0.526,0.855140540930811,9,288,True,0.26265,1.0
bot->unsw,46,stat_13x13_adaptive,10,0.526,0.6806388355862796,10,320,True,0.26265,1.0
bot->unsw,46,statico,11,0.579,0.5976611953378977,0,0,True,0.2864,1.0
bot->unsw,46,ogni_batch,11,0.579,0.861461302239729,11,352,True,0.2864,1.0
bot->unsw,46,su_innesco,11,0.579,0.8454200003828307,6,192,True,0.2864,1.0
bot->unsw,46,oracolo,11,0.579,0.8726552529820208,11,352,True,0.2864,1.0
bot->unsw,46,stat_13x13,11,0.579,0.7234790113082851,11,352,True,0.2864,1.0
bot->unsw,46,martingala,11,0.579,0.8580880006571119,9,288,True,0.2864,1.0
bot->unsw,46,stat_13x13_adaptive,11,0.579,0.7204936589429367,11,352,True,0.2864,1.0
bot->unsw,46,statico,12,0.632,0.5762028948281595,0,0,True,0.31445,1.0
bot->unsw,46,ogni_batch,12,0.632,0.8227074459295665,12,384,True,0.31445,1.0
bot->unsw,46,su_innesco,12,0.632,0.8336195113191296,7,224,True,0.31445,1.0
bot->unsw,46,oracolo,12,0.632,0.8595499747996276,12,384,True,0.31445,1.0
bot->unsw,46,stat_13x13,12,0.632,0.7288499390982013,12,384,True,0.31445,1.0
bot->unsw,46,martingala,12,0.632,0.841909052633238,9,288,True,0.31445,1.0
bot->unsw,46,stat_13x13_adaptive,12,0.632,0.7178775996004293,12,384,True,0.31445,1.0
bot->unsw,46,statico,13,0.684,0.5571049717935623,0,0,True,0.3415,1.0
bot->unsw,46,ogni_batch,13,0.684,0.8338229133651525,13,416,True,0.3415,1.0
bot->unsw,46,su_innesco,13,0.684,0.8259024658009159,8,256,True,0.3415,1.0
bot->unsw,46,oracolo,13,0.684,0.8331695322039429,13,416,True,0.3415,1.0
bot->unsw,46,stat_13x13,13,0.684,0.7298352542658042,13,416,True,0.3415,1.0
bot->unsw,46,martingala,13,0.684,0.8336714508704951,9,288,True,0.3415,1.0
bot->unsw,46,stat_13x13_adaptive,13,0.684,0.7188842291217554,13,416,True,0.3415,1.0
bot->unsw,46,statico,14,0.737,0.5296338626736654,0,0,True,0.3636,1.0
bot->unsw,46,ogni_batch,14,0.737,0.8281619607350499,14,448,True,0.3636,1.0
bot->unsw,46,su_innesco,14,0.737,0.820152270530925,9,288,True,0.3636,1.0
bot->unsw,46,oracolo,14,0.737,0.8484132619171365,14,448,True,0.3636,1.0
bot->unsw,46,stat_13x13,14,0.737,0.7440118734148322,14,448,True,0.3636,1.0
bot->unsw,46,martingala,14,0.737,0.8262510355676964,9,288,True,0.3636,1.0
bot->unsw,46,stat_13x13_adaptive,14,0.737,0.7210968334823565,14,448,True,0.3636,1.0
bot->unsw,46,statico,15,0.789,0.5012685137160017,0,0,True,0.38625,1.0
bot->unsw,46,ogni_batch,15,0.789,0.8156255300958504,15,480,True,0.38625,1.0
bot->unsw,46,su_innesco,15,0.789,0.8104619044668808,10,320,True,0.38625,1.0
bot->unsw,46,oracolo,15,0.789,0.8336736908304231,15,480,True,0.38625,1.0
bot->unsw,46,stat_13x13,15,0.789,0.7237054365579085,15,480,True,0.38625,1.0
bot->unsw,46,martingala,15,0.789,0.8150223485598825,9,288,True,0.38625,1.0
bot->unsw,46,stat_13x13_adaptive,15,0.789,0.7036089084415391,15,480,True,0.38625,1.0
bot->unsw,46,statico,16,0.842,0.4719258436136521,0,0,True,0.4119,1.0
bot->unsw,46,ogni_batch,16,0.842,0.8051510770169823,16,512,True,0.4119,1.0
bot->unsw,46,su_innesco,16,0.842,0.8009020055973923,11,352,True,0.4119,1.0
bot->unsw,46,oracolo,16,0.842,0.8227854208462664,16,512,True,0.4119,1.0
bot->unsw,46,stat_13x13,16,0.842,0.7355523029745381,16,512,True,0.4119,1.0
bot->unsw,46,martingala,16,0.842,0.8030713275920759,9,288,True,0.4119,1.0
bot->unsw,46,stat_13x13_adaptive,16,0.842,0.7195417059870253,16,512,True,0.4119,1.0
bot->unsw,46,statico,17,0.895,0.4399823747090591,0,0,True,0.44055,1.0
bot->unsw,46,ogni_batch,17,0.895,0.7914416270053137,17,544,True,0.44055,1.0
bot->unsw,46,su_innesco,17,0.895,0.790652751348567,12,384,True,0.44055,1.0
bot->unsw,46,oracolo,17,0.895,0.8034315720372318,17,544,True,0.44055,1.0
bot->unsw,46,stat_13x13,17,0.895,0.7371513601144546,17,544,True,0.44055,1.0
bot->unsw,46,martingala,17,0.895,0.7908311360460742,9,288,True,0.44055,1.0
bot->unsw,46,stat_13x13_adaptive,17,0.895,0.7307072863433628,17,544,True,0.44055,1.0
bot->unsw,46,statico,18,0.947,0.4182245382010422,0,0,True,0.4671,1.0
bot->unsw,46,ogni_batch,18,0.947,0.7983561692602762,18,576,True,0.4671,1.0
bot->unsw,46,su_innesco,18,0.947,0.7977516364882364,13,416,True,0.4671,1.0
bot->unsw,46,oracolo,18,0.947,0.8020263084118388,18,576,True,0.4671,1.0
bot->unsw,46,stat_13x13,18,0.947,0.7871011129455008,18,576,True,0.4671,1.0
bot->unsw,46,martingala,18,0.947,0.780864991389246,9,288,True,0.4671,1.0
bot->unsw,46,stat_13x13_adaptive,18,0.947,0.7817423092840392,18,576,True,0.4671,1.0
bot->unsw,46,statico,19,1.0,0.3824736964893404,0,0,True,0.49675,1.0
bot->unsw,46,ogni_batch,19,1.0,0.7867217006970022,19,608,True,0.49675,1.0
bot->unsw,46,su_innesco,19,1.0,0.7867217006970022,14,448,True,0.49675,1.0
bot->unsw,46,oracolo,19,1.0,0.7880135335030221,19,608,True,0.49675,1.0
bot->unsw,46,stat_13x13,19,1.0,0.7279258712872949,19,608,True,0.49675,1.0
bot->unsw,46,martingala,19,1.0,0.7659134011222855,9,288,True,0.49675,1.0
bot->unsw,46,stat_13x13_adaptive,19,1.0,0.7183136867905346,19,608,True,0.49675,1.0
bot->unsw,47,statico,0,0.0,0.98825,0,0,False,0.03945,1.0
bot->unsw,47,ogni_batch,0,0.0,0.98825,0,0,False,0.03945,1.0
bot->unsw,47,su_innesco,0,0.0,0.98825,0,0,False,0.03945,1.0
bot->unsw,47,oracolo,0,0.0,0.98825,0,0,False,0.03945,1.0
bot->unsw,47,stat_13x13,0,0.0,0.98825,0,0,False,0.03945,1.0
bot->unsw,47,martingala,0,0.0,0.98825,0,0,False,0.03945,1.0
bot->unsw,47,stat_13x13_adaptive,0,0.0,0.98825,0,0,False,0.03945,1.0
bot->unsw,47,statico,1,0.053,0.8904318521586825,0,0,False,0.05865,1.0
bot->unsw,47,ogni_batch,1,0.053,0.8904318521586825,1,32,False,0.05865,1.0
bot->unsw,47,su_innesco,1,0.053,0.8904318521586825,0,0,False,0.05865,1.0
bot->unsw,47,oracolo,1,0.053,0.8904318521586825,1,32,False,0.05865,1.0
bot->unsw,47,stat_13x13,1,0.053,0.49941362431164593,1,32,False,0.05865,1.0
bot->unsw,47,martingala,1,0.053,0.8904318521586825,1,32,False,0.05865,1.0
bot->unsw,47,stat_13x13_adaptive,1,0.053,0.49941362431164593,1,32,False,0.05865,1.0
bot->unsw,47,statico,2,0.105,0.8470144710840106,0,0,False,0.08125,1.0
bot->unsw,47,ogni_batch,2,0.105,0.8470144710840106,2,64,False,0.08125,1.0
bot->unsw,47,su_innesco,2,0.105,0.8470144710840106,0,0,False,0.08125,1.0
bot->unsw,47,oracolo,2,0.105,0.9344663405782968,2,64,False,0.08125,1.0
bot->unsw,47,stat_13x13,2,0.105,0.5575577122805876,2,64,False,0.08125,1.0
bot->unsw,47,martingala,2,0.105,0.8470144710840106,2,64,False,0.08125,1.0
bot->unsw,47,stat_13x13_adaptive,2,0.105,0.4998701501064769,2,64,False,0.08125,1.0
bot->unsw,47,statico,3,0.158,0.8385894375697999,0,0,False,0.09945,1.0
bot->unsw,47,ogni_batch,3,0.158,0.8987631713407417,3,96,False,0.09945,1.0
bot->unsw,47,su_innesco,3,0.158,0.8385894375697999,0,0,False,0.09945,1.0
bot->unsw,47,oracolo,3,0.158,0.9214901162274258,3,96,False,0.09945,1.0
bot->unsw,47,stat_13x13,3,0.158,0.9218446671965952,3,96,False,0.09945,1.0
bot->unsw,47,martingala,3,0.158,0.8987631713407417,3,96,False,0.09945,1.0
bot->unsw,47,stat_13x13_adaptive,3,0.158,0.8012125908869012,3,96,False,0.09945,1.0
bot->unsw,47,statico,4,0.211,0.8207941447022602,0,0,False,0.1193,1.0
bot->unsw,47,ogni_batch,4,0.211,0.8998460614252459,4,128,False,0.1193,1.0
bot->unsw,47,su_innesco,4,0.211,0.8207941447022602,0,0,False,0.1193,1.0
bot->unsw,47,oracolo,4,0.211,0.9141669247953743,4,128,False,0.1193,1.0
bot->unsw,47,stat_13x13,4,0.211,0.8777877900428024,4,128,False,0.1193,1.0
bot->unsw,47,martingala,4,0.211,0.8998460614252459,4,128,False,0.1193,1.0
bot->unsw,47,stat_13x13_adaptive,4,0.211,0.719936805399114,4,128,False,0.1193,1.0
bot->unsw,47,statico,5,0.263,0.8112329950829513,0,0,True,0.14465,1.0
bot->unsw,47,ogni_batch,5,0.263,0.9099281745032549,5,160,True,0.14465,1.0
bot->unsw,47,su_innesco,5,0.263,0.8112329950829513,0,0,True,0.14465,1.0
bot->unsw,47,oracolo,5,0.263,0.8957751842306423,5,160,True,0.14465,1.0
bot->unsw,47,stat_13x13,5,0.263,0.8441154980825651,5,160,True,0.14465,1.0
bot->unsw,47,martingala,5,0.263,0.9099281745032549,5,160,True,0.14465,1.0
bot->unsw,47,stat_13x13_adaptive,5,0.263,0.7555646786004813,5,160,True,0.14465,1.0
bot->unsw,47,statico,6,0.316,0.7943684318652318,0,0,True,0.1596,1.0
bot->unsw,47,ogni_batch,6,0.316,0.8894508446720081,6,192,True,0.1596,1.0
bot->unsw,47,su_innesco,6,0.316,0.7563586655920606,1,32,True,0.1596,1.0
bot->unsw,47,oracolo,6,0.316,0.8841628344316439,6,192,True,0.1596,1.0
bot->unsw,47,stat_13x13,6,0.316,0.8855882678297697,6,192,True,0.1596,1.0
bot->unsw,47,martingala,6,0.316,0.8894508446720081,6,192,True,0.1596,1.0
bot->unsw,47,stat_13x13_adaptive,6,0.316,0.7692242292071619,6,192,True,0.1596,1.0
bot->unsw,47,statico,7,0.368,0.7843891759651272,0,0,True,0.17995,1.0
bot->unsw,47,ogni_batch,7,0.368,0.8639343996576697,7,224,True,0.17995,1.0
bot->unsw,47,su_innesco,7,0.368,0.6072926729643341,2,64,True,0.17995,1.0
bot->unsw,47,oracolo,7,0.368,0.872534584222117,7,224,True,0.17995,1.0
bot->unsw,47,stat_13x13,7,0.368,0.7848492903777953,7,224,True,0.17995,1.0
bot->unsw,47,martingala,7,0.368,0.8639343996576697,7,224,True,0.17995,1.0
bot->unsw,47,stat_13x13_adaptive,7,0.368,0.7793415328358306,7,224,True,0.17995,1.0
bot->unsw,47,statico,8,0.421,0.751273403356667,0,0,True,0.2031,1.0
bot->unsw,47,ogni_batch,8,0.421,0.8558035074118715,8,256,True,0.2031,1.0
bot->unsw,47,su_innesco,8,0.421,0.7699327053844277,3,96,True,0.2031,1.0
bot->unsw,47,oracolo,8,0.421,0.8586545847197051,8,256,True,0.2031,1.0
bot->unsw,47,stat_13x13,8,0.421,0.7705103278876694,8,256,True,0.2031,1.0
bot->unsw,47,martingala,8,0.421,0.8558035074118715,8,256,True,0.2031,1.0
bot->unsw,47,stat_13x13_adaptive,8,0.421,0.8006613276433734,8,256,True,0.2031,1.0
bot->unsw,47,statico,9,0.474,0.7289686096847645,0,0,True,0.22335,1.0
bot->unsw,47,ogni_batch,9,0.474,0.8244079373183302,9,288,True,0.22335,1.0
bot->unsw,47,su_innesco,9,0.474,0.7815997151786327,4,128,True,0.22335,1.0
bot->unsw,47,oracolo,9,0.474,0.8373951201606638,9,288,True,0.22335,1.0
bot->unsw,47,stat_13x13,9,0.474,0.848965515691948,9,288,True,0.22335,1.0
bot->unsw,47,martingala,9,0.474,0.8244079373183302,9,288,True,0.22335,1.0
bot->unsw,47,stat_13x13_adaptive,9,0.474,0.8101685896215977,9,288,True,0.22335,1.0
bot->unsw,47,statico,10,0.526,0.7082265523656952,0,0,True,0.23985,1.0
bot->unsw,47,ogni_batch,10,0.526,0.8025523448598902,10,320,True,0.23985,1.0
bot->unsw,47,su_innesco,10,0.526,0.740300712696241,5,160,True,0.23985,1.0
bot->unsw,47,oracolo,10,0.526,0.8194930280162906,10,320,True,0.23985,1.0
bot->unsw,47,stat_13x13,10,0.526,0.6892629470235215,10,320,True,0.23985,1.0
bot->unsw,47,martingala,10,0.526,0.8025523448598902,10,320,True,0.23985,1.0
bot->unsw,47,stat_13x13_adaptive,10,0.526,0.7412598765160583,10,320,True,0.23985,1.0
bot->unsw,47,statico,11,0.579,0.6858561873826723,0,0,True,0.26625,1.0
bot->unsw,47,ogni_batch,11,0.579,0.7694094148870512,11,352,True,0.26625,1.0
bot->unsw,47,su_innesco,11,0.579,0.8098810390663432,6,192,True,0.26625,1.0
bot->unsw,47,oracolo,11,0.579,0.8032738265599866,11,352,True,0.26625,1.0
bot->unsw,47,stat_13x13,11,0.579,0.7082790853886468,11,352,True,0.26625,1.0
bot->unsw,47,martingala,11,0.579,0.7865054878790816,10,320,True,0.26625,1.0
bot->unsw,47,stat_13x13_adaptive,11,0.579,0.7542194902703059,11,352,True,0.26625,1.0
bot->unsw,47,statico,12,0.632,0.6555245528404277,0,0,True,0.28415,1.0
bot->unsw,47,ogni_batch,12,0.632,0.7357347571345016,12,384,True,0.28415,1.0
bot->unsw,47,su_innesco,12,0.632,0.7365250863787365,7,224,True,0.28415,1.0
bot->unsw,47,oracolo,12,0.632,0.7870244251806482,12,384,True,0.28415,1.0
bot->unsw,47,stat_13x13,12,0.632,0.7112356290965787,12,384,True,0.28415,1.0
bot->unsw,47,martingala,12,0.632,0.7644710141731996,10,320,True,0.28415,1.0
bot->unsw,47,stat_13x13_adaptive,12,0.632,0.7533684846639199,12,384,True,0.28415,1.0
bot->unsw,47,statico,13,0.684,0.6315253458374875,0,0,True,0.3035,1.0
bot->unsw,47,ogni_batch,13,0.684,0.7125600195939958,13,416,True,0.3035,1.0
bot->unsw,47,su_innesco,13,0.684,0.8113909140633655,8,256,True,0.3035,1.0
bot->unsw,47,oracolo,13,0.684,0.7525275735294117,13,416,True,0.3035,1.0
bot->unsw,47,stat_13x13,13,0.684,0.737856093178797,13,416,True,0.3035,1.0
bot->unsw,47,martingala,13,0.684,0.7423898010828625,10,320,True,0.3035,1.0
bot->unsw,47,stat_13x13_adaptive,13,0.684,0.7630366279633323,13,416,True,0.3035,1.0
bot->unsw,47,statico,14,0.737,0.6002056067600322,0,0,True,0.3315,1.0
bot->unsw,47,ogni_batch,14,0.737,0.7155660149632875,14,448,True,0.3315,1.0
bot->unsw,47,su_innesco,14,0.737,0.7904684349199633,9,288,True,0.3315,1.0
bot->unsw,47,oracolo,14,0.737,0.8348274949952321,14,448,True,0.3315,1.0
bot->unsw,47,stat_13x13,14,0.737,0.773668941674904,14,448,True,0.3315,1.0
bot->unsw,47,martingala,14,0.737,0.7287342496113939,10,320,True,0.3315,1.0
bot->unsw,47,stat_13x13_adaptive,14,0.737,0.7609910667757448,14,448,True,0.3315,1.0
bot->unsw,47,statico,15,0.789,0.5785225450574367,0,0,True,0.3442,1.0
bot->unsw,47,ogni_batch,15,0.789,0.8064365409998904,15,480,True,0.3442,1.0
bot->unsw,47,su_innesco,15,0.789,0.7882428041957255,10,320,True,0.3442,1.0
bot->unsw,47,oracolo,15,0.789,0.8063053167485374,15,480,True,0.3442,1.0
bot->unsw,47,stat_13x13,15,0.789,0.7735684116494774,15,480,True,0.3442,1.0
bot->unsw,47,martingala,15,0.789,0.6980531682164288,10,320,True,0.3442,1.0
bot->unsw,47,stat_13x13_adaptive,15,0.789,0.7632537955975032,15,480,True,0.3442,1.0
bot->unsw,47,statico,16,0.842,0.5473855195993449,0,0,True,0.3675,1.0
bot->unsw,47,ogni_batch,16,0.842,0.7949407708243477,16,512,True,0.3675,1.0
bot->unsw,47,su_innesco,16,0.842,0.785298424775363,11,352,True,0.3675,1.0
bot->unsw,47,oracolo,16,0.842,0.7971075737938009,16,512,True,0.3675,1.0
bot->unsw,47,stat_13x13,16,0.842,0.7717154649269485,16,512,True,0.3675,1.0
bot->unsw,47,martingala,16,0.842,0.6793339781730947,10,320,True,0.3675,1.0
bot->unsw,47,stat_13x13_adaptive,16,0.842,0.7605005533125386,16,512,True,0.3675,1.0
bot->unsw,47,statico,17,0.895,0.5126153007650438,0,0,True,0.38615,1.0
bot->unsw,47,ogni_batch,17,0.895,0.7885429878715804,17,544,True,0.38615,1.0
bot->unsw,47,su_innesco,17,0.895,0.7932869971263707,12,384,True,0.38615,1.0
bot->unsw,47,oracolo,17,0.895,0.7891300835702264,17,544,True,0.38615,1.0
bot->unsw,47,stat_13x13,17,0.895,0.7647673026360218,17,544,True,0.38615,1.0
bot->unsw,47,martingala,17,0.895,0.6536045214810093,10,320,True,0.38615,1.0
bot->unsw,47,stat_13x13_adaptive,17,0.895,0.7542061812931277,17,544,True,0.38615,1.0
bot->unsw,47,statico,18,0.947,0.4847155947172261,0,0,True,0.41045,1.0
bot->unsw,47,ogni_batch,18,0.947,0.7619514424826257,18,576,True,0.41045,1.0
bot->unsw,47,su_innesco,18,0.947,0.7619514424826257,13,416,True,0.41045,1.0
bot->unsw,47,oracolo,18,0.947,0.7835676510839187,18,576,True,0.41045,1.0
bot->unsw,47,stat_13x13,18,0.947,0.7678178770174144,18,576,True,0.41045,1.0
bot->unsw,47,martingala,18,0.947,0.6298172613844282,10,320,True,0.41045,1.0
bot->unsw,47,stat_13x13_adaptive,18,0.947,0.7522723909362281,18,576,True,0.41045,1.0
bot->unsw,47,statico,19,1.0,0.4459019710385278,0,0,True,0.43085,1.0
bot->unsw,47,ogni_batch,19,1.0,0.7584597050000872,19,608,True,0.43085,1.0
bot->unsw,47,su_innesco,19,1.0,0.7584597050000872,14,448,True,0.43085,1.0
bot->unsw,47,oracolo,19,1.0,0.7711548252673281,19,608,True,0.43085,1.0
bot->unsw,47,stat_13x13,19,1.0,0.7647963124233201,19,608,True,0.43085,1.0
bot->unsw,47,martingala,19,1.0,0.6022329660077989,10,320,True,0.43085,1.0
bot->unsw,47,stat_13x13_adaptive,19,1.0,0.7646787058052735,19,608,True,0.43085,1.0
bot->unsw,48,statico,0,0.0,0.9905,0,0,False,0.04045,1.0
bot->unsw,48,ogni_batch,0,0.0,0.9905,0,0,False,0.04045,1.0
bot->unsw,48,su_innesco,0,0.0,0.9905,0,0,False,0.04045,1.0
bot->unsw,48,oracolo,0,0.0,0.9905,0,0,False,0.04045,1.0
bot->unsw,48,stat_13x13,0,0.0,0.9905,0,0,False,0.04045,1.0
bot->unsw,48,martingala,0,0.0,0.9905,0,0,False,0.04045,1.0
bot->unsw,48,stat_13x13_adaptive,0,0.0,0.9905,0,0,False,0.04045,1.0
bot->unsw,48,statico,1,0.053,0.8592154540081365,0,0,False,0.06445,1.0
bot->unsw,48,ogni_batch,1,0.053,0.8592154540081365,1,32,False,0.06445,1.0
bot->unsw,48,su_innesco,1,0.053,0.8592154540081365,0,0,False,0.06445,1.0
bot->unsw,48,oracolo,1,0.053,0.8592154540081365,1,32,False,0.06445,1.0
bot->unsw,48,stat_13x13,1,0.053,0.5,1,32,False,0.06445,1.0
bot->unsw,48,martingala,1,0.053,0.8592154540081365,1,32,False,0.06445,1.0
bot->unsw,48,stat_13x13_adaptive,1,0.053,0.5,1,32,False,0.06445,1.0
bot->unsw,48,statico,2,0.105,0.8565980900038977,0,0,False,0.089,1.0
bot->unsw,48,ogni_batch,2,0.105,0.8548788986601631,2,64,False,0.089,1.0
bot->unsw,48,su_innesco,2,0.105,0.8565980900038977,0,0,False,0.089,1.0
bot->unsw,48,oracolo,2,0.105,0.9503788740993134,2,64,False,0.089,1.0
bot->unsw,48,stat_13x13,2,0.105,0.5589517279494497,2,64,False,0.089,1.0
bot->unsw,48,martingala,2,0.105,0.8548788986601631,2,64,False,0.089,1.0
bot->unsw,48,stat_13x13_adaptive,2,0.105,0.5,2,64,False,0.089,1.0
bot->unsw,48,statico,3,0.158,0.82732397128034,0,0,False,0.1158,1.0
bot->unsw,48,ogni_batch,3,0.158,0.880800780910162,3,96,False,0.1158,1.0
bot->unsw,48,su_innesco,3,0.158,0.82732397128034,0,0,False,0.1158,1.0
bot->unsw,48,oracolo,3,0.158,0.924959929710879,3,96,False,0.1158,1.0
bot->unsw,48,stat_13x13,3,0.158,0.5762248148152187,3,96,False,0.1158,1.0
bot->unsw,48,martingala,3,0.158,0.880800780910162,3,96,False,0.1158,1.0
bot->unsw,48,stat_13x13_adaptive,3,0.158,0.6057574250635693,3,96,False,0.1158,1.0
bot->unsw,48,statico,4,0.211,0.809793436969507,0,0,False,0.1392,1.0
bot->unsw,48,ogni_batch,4,0.211,0.8674936503741765,4,128,False,0.1392,1.0
bot->unsw,48,su_innesco,4,0.211,0.809793436969507,0,0,False,0.1392,1.0
bot->unsw,48,oracolo,4,0.211,0.9051311343346928,4,128,False,0.1392,1.0
bot->unsw,48,stat_13x13,4,0.211,0.6037746783715972,4,128,False,0.1392,1.0
bot->unsw,48,martingala,4,0.211,0.8674936503741765,4,128,False,0.1392,1.0
bot->unsw,48,stat_13x13_adaptive,4,0.211,0.6034906048755795,4,128,False,0.1392,1.0
bot->unsw,48,statico,5,0.263,0.7912485689821382,0,0,True,0.15885,1.0
bot->unsw,48,ogni_batch,5,0.263,0.8564083098648315,5,160,True,0.15885,1.0
bot->unsw,48,su_innesco,5,0.263,0.7912485689821382,0,0,True,0.15885,1.0
bot->unsw,48,oracolo,5,0.263,0.8966876612490314,5,160,True,0.15885,1.0
bot->unsw,48,stat_13x13,5,0.263,0.604448598461628,5,160,True,0.15885,1.0
bot->unsw,48,martingala,5,0.263,0.8556891079135409,4,128,True,0.15885,1.0
bot->unsw,48,stat_13x13_adaptive,5,0.263,0.5864811022742215,5,160,True,0.15885,1.0
bot->unsw,48,statico,6,0.316,0.7793888917046617,0,0,True,0.1861,1.0
bot->unsw,48,ogni_batch,6,0.316,0.8829662979528888,6,192,True,0.1861,1.0
bot->unsw,48,su_innesco,6,0.316,0.762504828927534,1,32,True,0.1861,1.0
bot->unsw,48,oracolo,6,0.316,0.8796769096122887,6,192,True,0.1861,1.0
bot->unsw,48,stat_13x13,6,0.316,0.7518207414552175,6,192,True,0.1861,1.0
bot->unsw,48,martingala,6,0.316,0.8307852433138858,4,128,True,0.1861,1.0
bot->unsw,48,stat_13x13_adaptive,6,0.316,0.6878344790823856,6,192,True,0.1861,1.0
bot->unsw,48,statico,7,0.368,0.758203920265948,0,0,True,0.21535,1.0
bot->unsw,48,ogni_batch,7,0.368,0.8648443619829259,7,224,True,0.21535,1.0
bot->unsw,48,su_innesco,7,0.368,0.8657031963268236,2,64,True,0.21535,1.0
bot->unsw,48,oracolo,7,0.368,0.8585261111413385,7,224,True,0.21535,1.0
bot->unsw,48,stat_13x13,7,0.368,0.7974959603025367,7,224,True,0.21535,1.0
bot->unsw,48,martingala,7,0.368,0.8230735951697705,4,128,True,0.21535,1.0
bot->unsw,48,stat_13x13_adaptive,7,0.368,0.7984369076097477,7,224,True,0.21535,1.0
bot->unsw,48,statico,8,0.421,0.7374149280720332,0,0,True,0.23755,1.0
bot->unsw,48,ogni_batch,8,0.421,0.8666364244443383,8,256,True,0.23755,1.0
bot->unsw,48,su_innesco,8,0.421,0.874736468192872,3,96,True,0.23755,1.0
bot->unsw,48,oracolo,8,0.421,0.8641198255169573,8,256,True,0.23755,1.0
bot->unsw,48,stat_13x13,8,0.421,0.7831026129264413,8,256,True,0.23755,1.0
bot->unsw,48,martingala,8,0.421,0.8047093991306262,4,128,True,0.23755,1.0
bot->unsw,48,stat_13x13_adaptive,8,0.421,0.7978056594658351,8,256,True,0.23755,1.0
bot->unsw,48,statico,9,0.474,0.7174487046552918,0,0,True,0.26015,1.0
bot->unsw,48,ogni_batch,9,0.474,0.8668288688771122,9,288,True,0.26015,1.0
bot->unsw,48,su_innesco,9,0.474,0.8627997045391542,4,128,True,0.26015,1.0
bot->unsw,48,oracolo,9,0.474,0.8503153195967301,9,288,True,0.26015,1.0
bot->unsw,48,stat_13x13,9,0.474,0.80222909878851,9,288,True,0.26015,1.0
bot->unsw,48,martingala,9,0.474,0.7905806073140077,4,128,True,0.26015,1.0
bot->unsw,48,stat_13x13_adaptive,9,0.474,0.7846909943678573,9,288,True,0.26015,1.0
bot->unsw,48,statico,10,0.526,0.6894579112298262,0,0,True,0.288,1.0
bot->unsw,48,ogni_batch,10,0.526,0.862566388229145,10,320,True,0.288,1.0
bot->unsw,48,su_innesco,10,0.526,0.8566193167615967,5,160,True,0.288,1.0
bot->unsw,48,oracolo,10,0.526,0.8199342054131945,10,320,True,0.288,1.0
bot->unsw,48,stat_13x13,10,0.526,0.7929604970132977,10,320,True,0.288,1.0
bot->unsw,48,martingala,10,0.526,0.7705367804846067,4,128,True,0.288,1.0
bot->unsw,48,stat_13x13_adaptive,10,0.526,0.7803806198585828,10,320,True,0.288,1.0
bot->unsw,48,statico,11,0.579,0.6667758324525861,0,0,True,0.31305,1.0
bot->unsw,48,ogni_batch,11,0.579,0.8501024569046767,11,352,True,0.31305,1.0
bot->unsw,48,su_innesco,11,0.579,0.847217637970261,6,192,True,0.31305,1.0
bot->unsw,48,oracolo,11,0.579,0.7867132184308981,11,352,True,0.31305,1.0
bot->unsw,48,stat_13x13,11,0.579,0.7632775609884774,11,352,True,0.31305,1.0
bot->unsw,48,martingala,11,0.579,0.7530454655443817,4,128,True,0.31305,1.0
bot->unsw,48,stat_13x13_adaptive,11,0.579,0.7654258601323545,11,352,True,0.31305,1.0
bot->unsw,48,statico,12,0.632,0.6425895495741782,0,0,True,0.33365,1.0
bot->unsw,48,ogni_batch,12,0.632,0.8405570514529818,12,384,True,0.33365,1.0
bot->unsw,48,su_innesco,12,0.632,0.8333550598129156,7,224,True,0.33365,1.0
bot->unsw,48,oracolo,12,0.632,0.8492920380012343,12,384,True,0.33365,1.0
bot->unsw,48,stat_13x13,12,0.632,0.7821137112062142,12,384,True,0.33365,1.0
bot->unsw,48,martingala,12,0.632,0.73193237641373,4,128,True,0.33365,1.0
bot->unsw,48,stat_13x13_adaptive,12,0.632,0.7764293206557755,12,384,True,0.33365,1.0
bot->unsw,48,statico,13,0.684,0.6203839534185669,0,0,True,0.3642,1.0
bot->unsw,48,ogni_batch,13,0.684,0.8300774019579626,13,416,True,0.3642,1.0
bot->unsw,48,su_innesco,13,0.684,0.8259722545889425,8,256,True,0.3642,1.0
bot->unsw,48,oracolo,13,0.684,0.8419344962484112,13,416,True,0.3642,1.0
bot->unsw,48,stat_13x13,13,0.684,0.7577141889314757,13,416,True,0.3642,1.0
bot->unsw,48,martingala,13,0.684,0.7099513328128859,4,128,True,0.3642,1.0
bot->unsw,48,stat_13x13_adaptive,13,0.684,0.769347452266397,13,416,True,0.3642,1.0
bot->unsw,48,statico,14,0.737,0.5880087736298295,0,0,True,0.3822,1.0
bot->unsw,48,ogni_batch,14,0.737,0.8263786898610563,14,448,True,0.3822,1.0
bot->unsw,48,su_innesco,14,0.737,0.8138517748853694,9,288,True,0.3822,1.0
bot->unsw,48,oracolo,14,0.737,0.8100811909438077,14,448,True,0.3822,1.0
bot->unsw,48,stat_13x13,14,0.737,0.7834825296517636,14,448,True,0.3822,1.0
bot->unsw,48,martingala,14,0.737,0.690982183000121,4,128,True,0.3822,1.0
bot->unsw,48,stat_13x13_adaptive,14,0.737,0.7557924611000095,14,448,True,0.3822,1.0
bot->unsw,48,statico,15,0.789,0.5676388212749248,0,0,True,0.41125,1.0
bot->unsw,48,ogni_batch,15,0.789,0.8243531666251693,15,480,True,0.41125,1.0
bot->unsw,48,su_innesco,15,0.789,0.8060754708099678,10,320,True,0.41125,1.0
bot->unsw,48,oracolo,15,0.789,0.8050311602308495,15,480,True,0.41125,1.0
bot->unsw,48,stat_13x13,15,0.789,0.7793237530023697,15,480,True,0.41125,1.0
bot->unsw,48,martingala,15,0.789,0.6699722153059846,4,128,True,0.41125,1.0
bot->unsw,48,stat_13x13_adaptive,15,0.789,0.756187513858282,15,480,True,0.41125,1.0
bot->unsw,48,statico,16,0.842,0.534658549295992,0,0,True,0.42965,1.0
bot->unsw,48,ogni_batch,16,0.842,0.8134123583941424,16,512,True,0.42965,1.0
bot->unsw,48,su_innesco,16,0.842,0.8134123583941424,11,352,True,0.42965,1.0
bot->unsw,48,oracolo,16,0.842,0.7942783101908734,16,512,True,0.42965,1.0
bot->unsw,48,stat_13x13,16,0.842,0.7842423530165921,16,512,True,0.42965,1.0
bot->unsw,48,martingala,16,0.842,0.6435486015401399,4,128,True,0.42965,1.0
bot->unsw,48,stat_13x13_adaptive,16,0.842,0.7848486629130653,16,512,True,0.42965,1.0
bot->unsw,48,statico,17,0.895,0.5084681301840077,0,0,True,0.4586,1.0
bot->unsw,48,ogni_batch,17,0.895,0.784104032673285,17,544,True,0.4586,1.0
bot->unsw,48,su_innesco,17,0.895,0.784104032673285,12,384,True,0.4586,1.0
bot->unsw,48,oracolo,17,0.895,0.7985243365116955,17,544,True,0.4586,1.0
bot->unsw,48,stat_13x13,17,0.895,0.7786045519643382,17,544,True,0.4586,1.0
bot->unsw,48,martingala,17,0.895,0.6216341412005254,4,128,True,0.4586,1.0
bot->unsw,48,stat_13x13_adaptive,17,0.895,0.7740735657722466,17,544,True,0.4586,1.0
bot->unsw,48,statico,18,0.947,0.4690138499959462,0,0,True,0.48775,1.0
bot->unsw,48,ogni_batch,18,0.947,0.7821993795655472,18,576,True,0.48775,1.0
bot->unsw,48,su_innesco,18,0.947,0.7821993795655472,13,416,True,0.48775,1.0
bot->unsw,48,oracolo,18,0.947,0.7804736140249549,18,576,True,0.48775,1.0
bot->unsw,48,stat_13x13,18,0.947,0.7768943309193106,18,576,True,0.48775,1.0
bot->unsw,48,martingala,18,0.947,0.5964788442881269,4,128,True,0.48775,1.0
bot->unsw,48,stat_13x13_adaptive,18,0.947,0.7752234076886257,18,576,True,0.48775,1.0
bot->unsw,48,statico,19,1.0,0.43641368591951646,0,0,True,0.50935,1.0
bot->unsw,48,ogni_batch,19,1.0,0.7784856909170048,19,608,True,0.50935,1.0
bot->unsw,48,su_innesco,19,1.0,0.7784856909170048,14,448,True,0.50935,1.0
bot->unsw,48,oracolo,19,1.0,0.7784367603596467,19,608,True,0.50935,1.0
bot->unsw,48,stat_13x13,19,1.0,0.7820395201574635,19,608,True,0.50935,1.0
bot->unsw,48,martingala,19,1.0,0.5687795570861413,4,128,True,0.50935,1.0
bot->unsw,48,stat_13x13_adaptive,19,1.0,0.7703606232254175,19,608,True,0.50935,1.0
bot->unsw,49,statico,0,0.0,0.98895,0,0,False,0.04195,1.0
bot->unsw,49,ogni_batch,0,0.0,0.98895,0,0,False,0.04195,1.0
bot->unsw,49,su_innesco,0,0.0,0.98895,0,0,False,0.04195,1.0
bot->unsw,49,oracolo,0,0.0,0.98895,0,0,False,0.04195,1.0
bot->unsw,49,stat_13x13,0,0.0,0.98895,0,0,False,0.04195,1.0
bot->unsw,49,martingala,0,0.0,0.98895,0,0,False,0.04195,1.0
bot->unsw,49,stat_13x13_adaptive,0,0.0,0.98895,0,0,False,0.04195,1.0
bot->unsw,49,statico,1,0.053,0.8261751017434411,0,0,False,0.05945,1.0
bot->unsw,49,ogni_batch,1,0.053,0.8261751017434411,1,32,False,0.05945,1.0
bot->unsw,49,su_innesco,1,0.053,0.8261751017434411,0,0,False,0.05945,1.0
bot->unsw,49,oracolo,1,0.053,0.8261751017434411,1,32,False,0.05945,1.0
bot->unsw,49,stat_13x13,1,0.053,0.5021063256603747,1,32,False,0.05945,1.0
bot->unsw,49,martingala,1,0.053,0.8261751017434411,1,32,False,0.05945,1.0
bot->unsw,49,stat_13x13_adaptive,1,0.053,0.4924910883682006,1,32,False,0.05945,1.0
bot->unsw,49,statico,2,0.105,0.8263440817213807,0,0,False,0.0811,1.0
bot->unsw,49,ogni_batch,2,0.105,0.7922870579700787,2,64,False,0.0811,1.0
bot->unsw,49,su_innesco,2,0.105,0.8263440817213807,0,0,False,0.0811,1.0
bot->unsw,49,oracolo,2,0.105,0.9240471000914985,2,64,False,0.0811,1.0
bot->unsw,49,stat_13x13,2,0.105,0.5,2,64,False,0.0811,1.0
bot->unsw,49,martingala,2,0.105,0.7922870579700787,2,64,False,0.0811,1.0
bot->unsw,49,stat_13x13_adaptive,2,0.105,0.49992187093077767,2,64,False,0.0811,1.0
bot->unsw,49,statico,3,0.158,0.7960429987970498,0,0,False,0.0983,1.0
bot->unsw,49,ogni_batch,3,0.158,0.8459200369272006,3,96,False,0.0983,1.0
bot->unsw,49,su_innesco,3,0.158,0.7960429987970498,0,0,False,0.0983,1.0
bot->unsw,49,oracolo,3,0.158,0.9343865876053127,3,96,False,0.0983,1.0
bot->unsw,49,stat_13x13,3,0.158,0.5,3,96,False,0.0983,1.0
bot->unsw,49,martingala,3,0.158,0.8459200369272006,3,96,False,0.0983,1.0
bot->unsw,49,stat_13x13_adaptive,3,0.158,0.5,3,96,False,0.0983,1.0
bot->unsw,49,statico,4,0.211,0.7707011336783847,0,0,False,0.1181,1.0
bot->unsw,49,ogni_batch,4,0.211,0.8323746069213045,4,128,False,0.1181,1.0
bot->unsw,49,su_innesco,4,0.211,0.7707011336783847,0,0,False,0.1181,1.0
bot->unsw,49,oracolo,4,0.211,0.9094667300965051,4,128,False,0.1181,1.0
bot->unsw,49,stat_13x13,4,0.211,0.5,4,128,False,0.1181,1.0
bot->unsw,49,martingala,4,0.211,0.8323746069213045,4,128,False,0.1181,1.0
bot->unsw,49,stat_13x13_adaptive,4,0.211,0.5459349012288232,4,128,False,0.1181,1.0
bot->unsw,49,statico,5,0.263,0.7559922217890491,0,0,True,0.1357,1.0
bot->unsw,49,ogni_batch,5,0.263,0.7993619788480643,5,160,True,0.1357,1.0
bot->unsw,49,su_innesco,5,0.263,0.7559922217890491,0,0,True,0.1357,1.0
bot->unsw,49,oracolo,5,0.263,0.9115752029998525,5,160,True,0.1357,1.0
bot->unsw,49,stat_13x13,5,0.263,0.6733558923469827,5,160,True,0.1357,1.0
bot->unsw,49,martingala,5,0.263,0.7993619788480643,5,160,True,0.1357,1.0
bot->unsw,49,stat_13x13_adaptive,5,0.263,0.9122037940609968,5,160,True,0.1357,1.0
bot->unsw,49,statico,6,0.316,0.7354418812811845,0,0,True,0.15995,1.0
bot->unsw,49,ogni_batch,6,0.316,0.8003619528884592,6,192,True,0.15995,1.0
bot->unsw,49,su_innesco,6,0.316,0.7792812624482194,1,32,True,0.15995,1.0
bot->unsw,49,oracolo,6,0.316,0.886359270764614,6,192,True,0.15995,1.0
bot->unsw,49,stat_13x13,6,0.316,0.8344103421183976,6,192,True,0.15995,1.0
bot->unsw,49,martingala,6,0.316,0.8003619528884592,6,192,True,0.15995,1.0
bot->unsw,49,stat_13x13_adaptive,6,0.316,0.8817399481366837,6,192,True,0.15995,1.0
bot->unsw,49,statico,7,0.368,0.7148545718462447,0,0,True,0.182,1.0
bot->unsw,49,ogni_batch,7,0.368,0.8466527680352974,7,224,True,0.182,1.0
bot->unsw,49,su_innesco,7,0.368,0.8646114763376356,2,64,True,0.182,1.0
bot->unsw,49,oracolo,7,0.368,0.8715044638600012,7,224,True,0.182,1.0
bot->unsw,49,stat_13x13,7,0.368,0.892353346453074,7,224,True,0.182,1.0
bot->unsw,49,martingala,7,0.368,0.8466527680352974,7,224,True,0.182,1.0
bot->unsw,49,stat_13x13_adaptive,7,0.368,0.9005315255060946,7,224,True,0.182,1.0
bot->unsw,49,statico,8,0.421,0.6967994350746494,0,0,True,0.19915,1.0
bot->unsw,49,ogni_batch,8,0.421,0.8030766888969336,8,256,True,0.19915,1.0
bot->unsw,49,su_innesco,8,0.421,0.8215842644105038,3,96,True,0.19915,1.0
bot->unsw,49,oracolo,8,0.421,0.8565482368967952,8,256,True,0.19915,1.0
bot->unsw,49,stat_13x13,8,0.421,0.855904968117535,8,256,True,0.19915,1.0
bot->unsw,49,martingala,8,0.421,0.8030766888969336,8,256,True,0.19915,1.0
bot->unsw,49,stat_13x13_adaptive,8,0.421,0.8787190940025862,8,256,True,0.19915,1.0
bot->unsw,49,statico,9,0.474,0.6814804764664741,0,0,True,0.21895,1.0
bot->unsw,49,ogni_batch,9,0.474,0.8283035645132297,9,288,True,0.21895,1.0
bot->unsw,49,su_innesco,9,0.474,0.8368224387742248,4,128,True,0.21895,1.0
bot->unsw,49,oracolo,9,0.474,0.8300776212258747,9,288,True,0.21895,1.0
bot->unsw,49,stat_13x13,9,0.474,0.8304775984353711,9,288,True,0.21895,1.0
bot->unsw,49,martingala,9,0.474,0.8283035645132297,9,288,True,0.21895,1.0
bot->unsw,49,stat_13x13_adaptive,9,0.474,0.8362553763538744,9,288,True,0.21895,1.0
bot->unsw,49,statico,10,0.526,0.6685470783822356,0,0,True,0.23465,1.0
bot->unsw,49,ogni_batch,10,0.526,0.781460039359297,10,320,True,0.23465,1.0
bot->unsw,49,su_innesco,10,0.526,0.8610370810502296,5,160,True,0.23465,1.0
bot->unsw,49,oracolo,10,0.526,0.8028445621731672,10,320,True,0.23465,1.0
bot->unsw,49,stat_13x13,10,0.526,0.7046785433204814,10,320,True,0.23465,1.0
bot->unsw,49,martingala,10,0.526,0.8106965429509219,9,288,True,0.23465,1.0
bot->unsw,49,stat_13x13_adaptive,10,0.526,0.7645024736083563,10,320,True,0.23465,1.0
bot->unsw,49,statico,11,0.579,0.6416513025572264,0,0,True,0.26,1.0
bot->unsw,49,ogni_batch,11,0.579,0.8015485825112537,11,352,True,0.26,1.0
bot->unsw,49,su_innesco,11,0.579,0.8390497797145867,6,192,True,0.26,1.0
bot->unsw,49,oracolo,11,0.579,0.864493942151135,11,352,True,0.26,1.0
bot->unsw,49,stat_13x13,11,0.579,0.784777559620726,11,352,True,0.26,1.0
bot->unsw,49,martingala,11,0.579,0.7952674552245953,9,288,True,0.26,1.0
bot->unsw,49,stat_13x13_adaptive,11,0.579,0.7697448759697347,11,352,True,0.26,1.0
bot->unsw,49,statico,12,0.632,0.6132459619392256,0,0,True,0.27605,1.0
bot->unsw,49,ogni_batch,12,0.632,0.8348197809374385,12,384,True,0.27605,1.0
bot->unsw,49,su_innesco,12,0.632,0.8310531456721761,7,224,True,0.27605,1.0
bot->unsw,49,oracolo,12,0.632,0.8633197172966371,12,384,True,0.27605,1.0
bot->unsw,49,stat_13x13,12,0.632,0.7749803428565323,12,384,True,0.27605,1.0
bot->unsw,49,martingala,12,0.632,0.7842739630297747,9,288,True,0.27605,1.0
bot->unsw,49,stat_13x13_adaptive,12,0.632,0.8095605087934743,12,384,True,0.27605,1.0
bot->unsw,49,statico,13,0.684,0.5937163675213692,0,0,True,0.29765,1.0
bot->unsw,49,ogni_batch,13,0.684,0.8217006882626585,13,416,True,0.29765,1.0
bot->unsw,49,su_innesco,13,0.684,0.8236772289127692,8,256,True,0.29765,1.0
bot->unsw,49,oracolo,13,0.684,0.8495600362349878,13,416,True,0.29765,1.0
bot->unsw,49,stat_13x13,13,0.684,0.7629183659910246,13,416,True,0.29765,1.0
bot->unsw,49,martingala,13,0.684,0.7640569134776397,9,288,True,0.29765,1.0
bot->unsw,49,stat_13x13_adaptive,13,0.684,0.7949664583137515,13,416,True,0.29765,1.0
bot->unsw,49,statico,14,0.737,0.5665272646119571,0,0,True,0.3135,1.0
bot->unsw,49,ogni_batch,14,0.737,0.7979803328000246,14,448,True,0.3135,1.0
bot->unsw,49,su_innesco,14,0.737,0.8155508747159204,9,288,True,0.3135,1.0
bot->unsw,49,oracolo,14,0.737,0.8350978564056524,14,448,True,0.3135,1.0
bot->unsw,49,stat_13x13,14,0.737,0.7762382163698938,14,448,True,0.3135,1.0
bot->unsw,49,martingala,14,0.737,0.7456731009027882,9,288,True,0.3135,1.0
bot->unsw,49,stat_13x13_adaptive,14,0.737,0.7883770019861596,14,448,True,0.3135,1.0
bot->unsw,49,statico,15,0.789,0.5427144818580032,0,0,True,0.33305,1.0
bot->unsw,49,ogni_batch,15,0.789,0.7864790093512843,15,480,True,0.33305,1.0
bot->unsw,49,su_innesco,15,0.789,0.8059904592266952,10,320,True,0.33305,1.0
bot->unsw,49,oracolo,15,0.789,0.796669473473113,15,480,True,0.33305,1.0
bot->unsw,49,stat_13x13,15,0.789,0.7721154438307105,15,480,True,0.33305,1.0
bot->unsw,49,martingala,15,0.789,0.7316083119368623,9,288,True,0.33305,1.0
bot->unsw,49,stat_13x13_adaptive,15,0.789,0.7966094686095611,15,480,True,0.33305,1.0
bot->unsw,49,statico,16,0.842,0.5134644342216389,0,0,True,0.3519,1.0
bot->unsw,49,ogni_batch,16,0.842,0.7866526829245142,16,512,True,0.3519,1.0
bot->unsw,49,su_innesco,16,0.842,0.7930681827022757,11,352,True,0.3519,1.0
bot->unsw,49,oracolo,16,0.842,0.7930429891103592,16,512,True,0.3519,1.0
bot->unsw,49,stat_13x13,16,0.842,0.7755796388506863,16,512,True,0.3519,1.0
bot->unsw,49,martingala,16,0.842,0.7180995203312464,9,288,True,0.3519,1.0
bot->unsw,49,stat_13x13_adaptive,16,0.842,0.7776568469624704,16,512,True,0.3519,1.0
bot->unsw,49,statico,17,0.895,0.4812162277131905,0,0,True,0.3766,1.0
bot->unsw,49,ogni_batch,17,0.895,0.781143130256245,17,544,True,0.3766,1.0
bot->unsw,49,su_innesco,17,0.895,0.781143130256245,12,384,True,0.3766,1.0
bot->unsw,49,oracolo,17,0.895,0.7919530175391021,17,544,True,0.3766,1.0
bot->unsw,49,stat_13x13,17,0.895,0.778672340855047,17,544,True,0.3766,1.0
bot->unsw,49,martingala,17,0.895,0.6949316817415021,9,288,True,0.3766,1.0
bot->unsw,49,stat_13x13_adaptive,17,0.895,0.7793495602324497,17,544,True,0.3766,1.0
bot->unsw,49,statico,18,0.947,0.4495462745752065,0,0,True,0.4061,1.0
bot->unsw,49,ogni_batch,18,0.947,0.7574386565836715,18,576,True,0.4061,1.0
bot->unsw,49,su_innesco,18,0.947,0.7574386565836715,13,416,True,0.4061,1.0
bot->unsw,49,oracolo,18,0.947,0.7818671037047793,18,576,True,0.4061,1.0
bot->unsw,49,stat_13x13,18,0.947,0.7659707958745097,18,576,True,0.4061,1.0
bot->unsw,49,martingala,18,0.947,0.6762773546676657,9,288,True,0.4061,1.0
bot->unsw,49,stat_13x13_adaptive,18,0.947,0.7660182490027381,18,576,True,0.4061,1.0
bot->unsw,49,statico,19,1.0,0.4186950773768722,0,0,True,0.4128,1.0
bot->unsw,49,ogni_batch,19,1.0,0.7475520223863481,19,608,True,0.4128,1.0
bot->unsw,49,su_innesco,19,1.0,0.7475520223863481,14,448,True,0.4128,1.0
bot->unsw,49,oracolo,19,1.0,0.7661054160116874,19,608,True,0.4128,1.0
bot->unsw,49,stat_13x13,19,1.0,0.7554412042779753,19,608,True,0.4128,1.0
bot->unsw,49,martingala,19,1.0,0.6548270563109156,9,288,True,0.4128,1.0
bot->unsw,49,stat_13x13_adaptive,19,1.0,0.7575631988848645,19,608,True,0.4128,1.0
bot->unsw,50,statico,0,0.0,0.9676,0,0,False,0.0618,1.0
bot->unsw,50,ogni_batch,0,0.0,0.9676,0,0,False,0.0618,1.0
bot->unsw,50,su_innesco,0,0.0,0.9676,0,0,False,0.0618,1.0
bot->unsw,50,oracolo,0,0.0,0.9676,0,0,False,0.0618,1.0
bot->unsw,50,stat_13x13,0,0.0,0.9676,0,0,False,0.0618,1.0
bot->unsw,50,martingala,0,0.0,0.9676,0,0,False,0.0618,1.0
bot->unsw,50,stat_13x13_adaptive,0,0.0,0.9676,0,0,False,0.0618,1.0
bot->unsw,50,statico,1,0.053,0.8417961515185342,0,0,False,0.0799,1.0
bot->unsw,50,ogni_batch,1,0.053,0.8417961515185342,1,32,False,0.0799,1.0
bot->unsw,50,su_innesco,1,0.053,0.8417961515185342,0,0,False,0.0799,1.0
bot->unsw,50,oracolo,1,0.053,0.8417961515185342,1,32,False,0.0799,1.0
bot->unsw,50,stat_13x13,1,0.053,0.49989796438957196,1,32,False,0.0799,1.0
bot->unsw,50,martingala,1,0.053,0.8417961515185342,1,32,False,0.0799,1.0
bot->unsw,50,stat_13x13_adaptive,1,0.053,0.4997704198765369,1,32,False,0.0799,1.0
bot->unsw,50,statico,2,0.105,0.8117476114033231,0,0,False,0.1024,1.0
bot->unsw,50,ogni_batch,2,0.105,0.8673122286858719,2,64,False,0.1024,1.0
bot->unsw,50,su_innesco,2,0.105,0.8117476114033231,0,0,False,0.1024,1.0
bot->unsw,50,oracolo,2,0.105,0.916252436772947,2,64,False,0.1024,1.0
bot->unsw,50,stat_13x13,2,0.105,0.5,2,64,False,0.1024,1.0
bot->unsw,50,martingala,2,0.105,0.8673122286858719,2,64,False,0.1024,1.0
bot->unsw,50,stat_13x13_adaptive,2,0.105,0.5,2,64,False,0.1024,1.0
bot->unsw,50,statico,3,0.158,0.8050094477465208,0,0,False,0.1236,1.0
bot->unsw,50,ogni_batch,3,0.158,0.8685087141744758,3,96,False,0.1236,1.0
bot->unsw,50,su_innesco,3,0.158,0.8050094477465208,0,0,False,0.1236,1.0
bot->unsw,50,oracolo,3,0.158,0.9079532438014666,3,96,False,0.1236,1.0
bot->unsw,50,stat_13x13,3,0.158,0.5005950877730978,3,96,False,0.1236,1.0
bot->unsw,50,martingala,3,0.158,0.8685087141744758,3,96,False,0.1236,1.0
bot->unsw,50,stat_13x13_adaptive,3,0.158,0.5764194543907594,3,96,False,0.1236,1.0
bot->unsw,50,statico,4,0.211,0.7962443024225665,0,0,True,0.1425,1.0
bot->unsw,50,ogni_batch,4,0.211,0.879091052385592,4,128,True,0.1425,1.0
bot->unsw,50,su_innesco,4,0.211,0.7962443024225665,0,0,True,0.1425,1.0
bot->unsw,50,oracolo,4,0.211,0.90991792091454,4,128,True,0.1425,1.0
bot->unsw,50,stat_13x13,4,0.211,0.5,4,128,True,0.1425,1.0
bot->unsw,50,martingala,4,0.211,0.879091052385592,4,128,True,0.1425,1.0
bot->unsw,50,stat_13x13_adaptive,4,0.211,0.5830377278497983,4,128,True,0.1425,1.0
bot->unsw,50,statico,5,0.263,0.7749535792333442,0,0,True,0.1676,1.0
bot->unsw,50,ogni_batch,5,0.263,0.8693503390388069,5,160,True,0.1676,1.0
bot->unsw,50,su_innesco,5,0.263,0.8072240313290694,1,32,True,0.1676,1.0
bot->unsw,50,oracolo,5,0.263,0.8954721723371815,5,160,True,0.1676,1.0
bot->unsw,50,stat_13x13,5,0.263,0.7895436455305254,5,160,True,0.1676,1.0
bot->unsw,50,martingala,5,0.263,0.8693503390388069,5,160,True,0.1676,1.0
bot->unsw,50,stat_13x13_adaptive,5,0.263,0.6973082211507617,5,160,True,0.1676,1.0
bot->unsw,50,statico,6,0.316,0.750874334107144,0,0,True,0.18925,1.0
bot->unsw,50,ogni_batch,6,0.316,0.8661281567957844,6,192,True,0.18925,1.0
bot->unsw,50,su_innesco,6,0.316,0.8742823465648561,2,64,True,0.18925,1.0
bot->unsw,50,oracolo,6,0.316,0.8761625146288587,6,192,True,0.18925,1.0
bot->unsw,50,stat_13x13,6,0.316,0.7453907104349328,6,192,True,0.18925,1.0
bot->unsw,50,martingala,6,0.316,0.8661281567957844,6,192,True,0.18925,1.0
bot->unsw,50,stat_13x13_adaptive,6,0.316,0.7081782514437005,6,192,True,0.18925,1.0
bot->unsw,50,statico,7,0.368,0.7373142472121557,0,0,True,0.21,1.0
bot->unsw,50,ogni_batch,7,0.368,0.8591239805554423,7,224,True,0.21,1.0
bot->unsw,50,su_innesco,7,0.368,0.8616005438723893,3,96,True,0.21,1.0
bot->unsw,50,oracolo,7,0.368,0.8590166765755574,7,224,True,0.21,1.0
bot->unsw,50,stat_13x13,7,0.368,0.8373818399639453,7,224,True,0.21,1.0
bot->unsw,50,martingala,7,0.368,0.8591239805554423,7,224,True,0.21,1.0
bot->unsw,50,stat_13x13_adaptive,7,0.368,0.7384596769327617,7,224,True,0.21,1.0
bot->unsw,50,statico,8,0.421,0.7232664180650629,0,0,True,0.22745,1.0
bot->unsw,50,ogni_batch,8,0.421,0.8644709053643455,8,256,True,0.22745,1.0
bot->unsw,50,su_innesco,8,0.421,0.869388048132915,4,128,True,0.22745,1.0
bot->unsw,50,oracolo,8,0.421,0.8313496119392213,8,256,True,0.22745,1.0
bot->unsw,50,stat_13x13,8,0.421,0.8539289335646674,8,256,True,0.22745,1.0
bot->unsw,50,martingala,8,0.421,0.8644709053643455,8,256,True,0.22745,1.0
bot->unsw,50,stat_13x13_adaptive,8,0.421,0.736207999571953,8,256,True,0.22745,1.0
bot->unsw,50,statico,9,0.474,0.6986319297501777,0,0,True,0.25165,1.0
bot->unsw,50,ogni_batch,9,0.474,0.8576269471734583,9,288,True,0.25165,1.0
bot->unsw,50,su_innesco,9,0.474,0.8177592634938793,5,160,True,0.25165,1.0
bot->unsw,50,oracolo,9,0.474,0.8065118481851419,9,288,True,0.25165,1.0
bot->unsw,50,stat_13x13,9,0.474,0.8199300080996663,9,288,True,0.25165,1.0
bot->unsw,50,martingala,9,0.474,0.8576269471734583,9,288,True,0.25165,1.0
bot->unsw,50,stat_13x13_adaptive,9,0.474,0.7462937964421918,9,288,True,0.25165,1.0
bot->unsw,50,statico,10,0.526,0.6832510588082653,0,0,True,0.2692,1.0
bot->unsw,50,ogni_batch,10,0.526,0.8639388259559136,10,320,True,0.2692,1.0
bot->unsw,50,su_innesco,10,0.526,0.8661810384507265,6,192,True,0.2692,1.0
bot->unsw,50,oracolo,10,0.526,0.8069380387359585,10,320,True,0.2692,1.0
bot->unsw,50,stat_13x13,10,0.526,0.8090950420073748,10,320,True,0.2692,1.0
bot->unsw,50,martingala,10,0.526,0.8639388259559136,10,320,True,0.2692,1.0
bot->unsw,50,stat_13x13_adaptive,10,0.526,0.7355065804174274,10,320,True,0.2692,1.0
bot->unsw,50,statico,11,0.579,0.6637514436049845,0,0,True,0.2966,1.0
bot->unsw,50,ogni_batch,11,0.579,0.8568937833136672,11,352,True,0.2966,1.0
bot->unsw,50,su_innesco,11,0.579,0.8439804906006108,7,224,True,0.2966,1.0
bot->unsw,50,oracolo,11,0.579,0.7893265986001197,11,352,True,0.2966,1.0
bot->unsw,50,stat_13x13,11,0.579,0.8030819988805002,11,352,True,0.2966,1.0
bot->unsw,50,martingala,11,0.579,0.8547045794950214,10,320,True,0.2966,1.0
bot->unsw,50,stat_13x13_adaptive,11,0.579,0.7431752866546834,11,352,True,0.2966,1.0
bot->unsw,50,statico,12,0.632,0.634353904362338,0,0,True,0.3149,1.0
bot->unsw,50,ogni_batch,12,0.632,0.8448696386632678,12,384,True,0.3149,1.0
bot->unsw,50,su_innesco,12,0.632,0.8315024461490874,8,256,True,0.3149,1.0
bot->unsw,50,oracolo,12,0.632,0.8366584645815627,12,384,True,0.3149,1.0
bot->unsw,50,stat_13x13,12,0.632,0.8022846005111159,12,384,True,0.3149,1.0
bot->unsw,50,martingala,12,0.632,0.8448093569017332,10,320,True,0.3149,1.0
bot->unsw,50,stat_13x13_adaptive,12,0.632,0.7756940835905292,12,384,True,0.3149,1.0
bot->unsw,50,statico,13,0.684,0.6067513141375818,0,0,True,0.3381,1.0
bot->unsw,50,ogni_batch,13,0.684,0.8317126827814403,13,416,True,0.3381,1.0
bot->unsw,50,su_innesco,13,0.684,0.8271556556651958,9,288,True,0.3381,1.0
bot->unsw,50,oracolo,13,0.684,0.8282717628721368,13,416,True,0.3381,1.0
bot->unsw,50,stat_13x13,13,0.684,0.7926097793323219,13,416,True,0.3381,1.0
bot->unsw,50,martingala,13,0.684,0.8335622117539827,10,320,True,0.3381,1.0
bot->unsw,50,stat_13x13_adaptive,13,0.684,0.7362361037586025,13,416,True,0.3381,1.0
bot->unsw,50,statico,14,0.737,0.5867454254848254,0,0,True,0.3596,1.0
bot->unsw,50,ogni_batch,14,0.737,0.8256237581677781,14,448,True,0.3596,1.0
bot->unsw,50,su_innesco,14,0.737,0.8259564485455047,10,320,True,0.3596,1.0
bot->unsw,50,oracolo,14,0.737,0.8400012866734201,14,448,True,0.3596,1.0
bot->unsw,50,stat_13x13,14,0.737,0.7880147090306117,14,448,True,0.3596,1.0
bot->unsw,50,martingala,14,0.737,0.8252182106784105,10,320,True,0.3596,1.0
bot->unsw,50,stat_13x13_adaptive,14,0.737,0.7560274181678723,14,448,True,0.3596,1.0
bot->unsw,50,statico,15,0.789,0.5592813237775462,0,0,True,0.37705,1.0
bot->unsw,50,ogni_batch,15,0.789,0.8103623012646093,15,480,True,0.37705,1.0
bot->unsw,50,su_innesco,15,0.789,0.8197617574421783,11,352,True,0.37705,1.0
bot->unsw,50,oracolo,15,0.789,0.7986121397678361,15,480,True,0.37705,1.0
bot->unsw,50,stat_13x13,15,0.789,0.7750961171245621,15,480,True,0.37705,1.0
bot->unsw,50,martingala,15,0.789,0.8099086659814803,10,320,True,0.37705,1.0
bot->unsw,50,stat_13x13_adaptive,15,0.789,0.7483013370864204,15,480,True,0.37705,1.0
bot->unsw,50,statico,16,0.842,0.5358557205345228,0,0,True,0.40235,1.0
bot->unsw,50,ogni_batch,16,0.842,0.8143500971453428,16,512,True,0.40235,1.0
bot->unsw,50,su_innesco,16,0.842,0.8081348109478257,12,384,True,0.40235,1.0
bot->unsw,50,oracolo,16,0.842,0.7918837305603912,16,512,True,0.40235,1.0
bot->unsw,50,stat_13x13,16,0.842,0.7791515852266258,16,512,True,0.40235,1.0
bot->unsw,50,martingala,16,0.842,0.8041564073006501,10,320,True,0.40235,1.0
bot->unsw,50,stat_13x13_adaptive,16,0.842,0.7584999014298801,16,512,True,0.40235,1.0
bot->unsw,50,statico,17,0.895,0.5083799660418548,0,0,True,0.42035,1.0
bot->unsw,50,ogni_batch,17,0.895,0.7762789181104095,17,544,True,0.42035,1.0
bot->unsw,50,su_innesco,17,0.895,0.7679307930488308,13,416,True,0.42035,1.0
bot->unsw,50,oracolo,17,0.895,0.7793291375992606,17,544,True,0.42035,1.0
bot->unsw,50,stat_13x13,17,0.895,0.773024263170146,17,544,True,0.42035,1.0
bot->unsw,50,martingala,17,0.895,0.7906719963674629,10,320,True,0.42035,1.0
bot->unsw,50,stat_13x13_adaptive,17,0.895,0.7691491809810089,17,544,True,0.42035,1.0
bot->unsw,50,statico,18,0.947,0.473827290887578,0,0,True,0.44555,1.0
bot->unsw,50,ogni_batch,18,0.947,0.7788110477729561,18,576,True,0.44555,1.0
bot->unsw,50,su_innesco,18,0.947,0.7788110477729561,14,448,True,0.44555,1.0
bot->unsw,50,oracolo,18,0.947,0.7648420225679758,18,576,True,0.44555,1.0
bot->unsw,50,stat_13x13,18,0.947,0.7588567047923104,18,576,True,0.44555,1.0
bot->unsw,50,martingala,18,0.947,0.7762879657564794,10,320,True,0.44555,1.0
bot->unsw,50,stat_13x13_adaptive,18,0.947,0.75599899380038,18,576,True,0.44555,1.0
bot->unsw,50,statico,19,1.0,0.44108256856397876,0,0,True,0.46695,1.0
bot->unsw,50,ogni_batch,19,1.0,0.7658907676034818,19,608,True,0.46695,1.0
bot->unsw,50,su_innesco,19,1.0,0.7658907676034818,15,480,True,0.46695,1.0
bot->unsw,50,oracolo,19,1.0,0.7599545230769338,19,608,True,0.46695,1.0
bot->unsw,50,stat_13x13,19,1.0,0.7547196552486589,19,608,True,0.46695,1.0
bot->unsw,50,martingala,19,1.0,0.7647037368422063,10,320,True,0.46695,1.0
bot->unsw,50,stat_13x13_adaptive,19,1.0,0.7542581061014189,19,608,True,0.46695,1.0
bot->unsw,51,statico,0,0.0,0.9935,0,0,False,0.0737,1.0
bot->unsw,51,ogni_batch,0,0.0,0.9935,0,0,False,0.0737,1.0
bot->unsw,51,su_innesco,0,0.0,0.9935,0,0,False,0.0737,1.0
bot->unsw,51,oracolo,0,0.0,0.9935,0,0,False,0.0737,1.0
bot->unsw,51,stat_13x13,0,0.0,0.9935,0,0,False,0.0737,1.0
bot->unsw,51,martingala,0,0.0,0.9935,0,0,False,0.0737,1.0
bot->unsw,51,stat_13x13_adaptive,0,0.0,0.9935,0,0,False,0.0737,1.0
bot->unsw,51,statico,1,0.053,0.8426512556839341,0,0,False,0.09925,1.0
bot->unsw,51,ogni_batch,1,0.053,0.8426512556839341,1,32,False,0.09925,1.0
bot->unsw,51,su_innesco,1,0.053,0.8426512556839341,0,0,False,0.09925,1.0
bot->unsw,51,oracolo,1,0.053,0.8426512556839341,1,32,False,0.09925,1.0
bot->unsw,51,stat_13x13,1,0.053,0.4999236019150453,1,32,False,0.09925,1.0
bot->unsw,51,martingala,1,0.053,0.8426512556839341,1,32,False,0.09925,1.0
bot->unsw,51,stat_13x13_adaptive,1,0.053,0.4998981358867271,1,32,False,0.09925,1.0
bot->unsw,51,statico,2,0.105,0.834373363067954,0,0,False,0.1259,1.0
bot->unsw,51,ogni_batch,2,0.105,0.766027146743343,2,64,False,0.1259,1.0
bot->unsw,51,su_innesco,2,0.105,0.834373363067954,0,0,False,0.1259,1.0
bot->unsw,51,oracolo,2,0.105,0.955636830010353,2,64,False,0.1259,1.0
bot->unsw,51,stat_13x13,2,0.105,0.5053030368605949,2,64,False,0.1259,1.0
bot->unsw,51,martingala,2,0.105,0.766027146743343,2,64,False,0.1259,1.0
bot->unsw,51,stat_13x13_adaptive,2,0.105,0.5,2,64,False,0.1259,1.0
bot->unsw,51,statico,3,0.158,0.812285095949981,0,0,False,0.1488,1.0
bot->unsw,51,ogni_batch,3,0.158,0.7930012156517745,3,96,False,0.1488,1.0
bot->unsw,51,su_innesco,3,0.158,0.812285095949981,0,0,False,0.1488,1.0
bot->unsw,51,oracolo,3,0.158,0.9407259361305933,3,96,False,0.1488,1.0
bot->unsw,51,stat_13x13,3,0.158,0.5051107325383305,3,96,False,0.1488,1.0
bot->unsw,51,martingala,3,0.158,0.7930012156517745,3,96,False,0.1488,1.0
bot->unsw,51,stat_13x13_adaptive,3,0.158,0.5048726515632899,3,96,False,0.1488,1.0
bot->unsw,51,statico,4,0.211,0.7941828230043804,0,0,True,0.1748,1.0
bot->unsw,51,ogni_batch,4,0.211,0.8886090208059485,4,128,True,0.1748,1.0
bot->unsw,51,su_innesco,4,0.211,0.7941828230043804,0,0,True,0.1748,1.0
bot->unsw,51,oracolo,4,0.211,0.9309736066389922,4,128,True,0.1748,1.0
bot->unsw,51,stat_13x13,4,0.211,0.582355416745762,4,128,True,0.1748,1.0
bot->unsw,51,martingala,4,0.211,0.8886090208059485,4,128,True,0.1748,1.0
bot->unsw,51,stat_13x13_adaptive,4,0.211,0.5229354331498322,4,128,True,0.1748,1.0
bot->unsw,51,statico,5,0.263,0.7768146316702962,0,0,True,0.19785,1.0
bot->unsw,51,ogni_batch,5,0.263,0.8879094084840735,5,160,True,0.19785,1.0
bot->unsw,51,su_innesco,5,0.263,0.7490055735153726,1,32,True,0.19785,1.0
bot->unsw,51,oracolo,5,0.263,0.8992581935089796,5,160,True,0.19785,1.0
bot->unsw,51,stat_13x13,5,0.263,0.571690471630885,5,160,True,0.19785,1.0
bot->unsw,51,martingala,5,0.263,0.8879094084840735,5,160,True,0.19785,1.0
bot->unsw,51,stat_13x13_adaptive,5,0.263,0.5778523064700192,5,160,True,0.19785,1.0
bot->unsw,51,statico,6,0.316,0.763926324088215,0,0,True,0.21705,1.0
bot->unsw,51,ogni_batch,6,0.316,0.8704348726355962,6,192,True,0.21705,1.0
bot->unsw,51,su_innesco,6,0.316,0.7481853265955447,2,64,True,0.21705,1.0
bot->unsw,51,oracolo,6,0.316,0.8752467900781422,6,192,True,0.21705,1.0
bot->unsw,51,stat_13x13,6,0.316,0.6189629695713594,6,192,True,0.21705,1.0
bot->unsw,51,martingala,6,0.316,0.8704348726355962,6,192,True,0.21705,1.0
bot->unsw,51,stat_13x13_adaptive,6,0.316,0.5829863890885603,6,192,True,0.21705,1.0
bot->unsw,51,statico,7,0.368,0.7445244849158643,0,0,True,0.2443,1.0
bot->unsw,51,ogni_batch,7,0.368,0.8660620784429699,7,224,True,0.2443,1.0
bot->unsw,51,su_innesco,7,0.368,0.7727253135259786,3,96,True,0.2443,1.0
bot->unsw,51,oracolo,7,0.368,0.8583413985345303,7,224,True,0.2443,1.0
bot->unsw,51,stat_13x13,7,0.368,0.6159229698271714,7,224,True,0.2443,1.0
bot->unsw,51,martingala,7,0.368,0.8660620784429699,7,224,True,0.2443,1.0
bot->unsw,51,stat_13x13_adaptive,7,0.368,0.5788131631324059,7,224,True,0.2443,1.0
bot->unsw,51,statico,8,0.421,0.7272147200222433,0,0,True,0.2755,1.0
bot->unsw,51,ogni_batch,8,0.421,0.8626316474424991,8,256,True,0.2755,1.0
bot->unsw,51,su_innesco,8,0.421,0.7727315104232468,4,128,True,0.2755,1.0
bot->unsw,51,oracolo,8,0.421,0.8381470741001896,8,256,True,0.2755,1.0
bot->unsw,51,stat_13x13,8,0.421,0.6034449877179792,8,256,True,0.2755,1.0
bot->unsw,51,martingala,8,0.421,0.8626316474424991,8,256,True,0.2755,1.0
bot->unsw,51,stat_13x13_adaptive,8,0.421,0.6513316668234537,8,256,True,0.2755,1.0
bot->unsw,51,statico,9,0.474,0.7065000615397441,0,0,True,0.29305,1.0
bot->unsw,51,ogni_batch,9,0.474,0.8491228192469282,9,288,True,0.29305,1.0
bot->unsw,51,su_innesco,9,0.474,0.8504378968222115,5,160,True,0.29305,1.0
bot->unsw,51,oracolo,9,0.474,0.8722020891968598,9,288,True,0.29305,1.0
bot->unsw,51,stat_13x13,9,0.474,0.608603953301896,9,288,True,0.29305,1.0
bot->unsw,51,martingala,9,0.474,0.8491228192469282,9,288,True,0.29305,1.0
bot->unsw,51,stat_13x13_adaptive,9,0.474,0.6758289769672369,9,288,True,0.29305,1.0
bot->unsw,51,statico,10,0.526,0.6936053238706921,0,0,True,0.31785,1.0
bot->unsw,51,ogni_batch,10,0.526,0.8332452412032703,10,320,True,0.31785,1.0
bot->unsw,51,su_innesco,10,0.526,0.8356485393880962,6,192,True,0.31785,1.0
bot->unsw,51,oracolo,10,0.526,0.8648963087973456,10,320,True,0.31785,1.0
bot->unsw,51,stat_13x13,10,0.526,0.659135931471341,10,320,True,0.31785,1.0
bot->unsw,51,martingala,10,0.526,0.8347432641843698,9,288,True,0.31785,1.0
bot->unsw,51,stat_13x13_adaptive,10,0.526,0.7012230710693107,10,320,True,0.31785,1.0
bot->unsw,51,statico,11,0.579,0.6705307649812469,0,0,True,0.33985,1.0
bot->unsw,51,ogni_batch,11,0.579,0.8280569404910093,11,352,True,0.33985,1.0
bot->unsw,51,su_innesco,11,0.579,0.8462586470074136,7,224,True,0.33985,1.0
bot->unsw,51,oracolo,11,0.579,0.8722381549480289,11,352,True,0.33985,1.0
bot->unsw,51,stat_13x13,11,0.579,0.6719313869065421,11,352,True,0.33985,1.0
bot->unsw,51,martingala,11,0.579,0.8306119978598923,9,288,True,0.33985,1.0
bot->unsw,51,stat_13x13_adaptive,11,0.579,0.7326972909666964,11,352,True,0.33985,1.0
bot->unsw,51,statico,12,0.632,0.634166178004845,0,0,True,0.36635,1.0
bot->unsw,51,ogni_batch,12,0.632,0.8418083606991827,12,384,True,0.36635,1.0
bot->unsw,51,su_innesco,12,0.632,0.8454273429772048,8,256,True,0.36635,1.0
bot->unsw,51,oracolo,12,0.632,0.8571437734061425,12,384,True,0.36635,1.0
bot->unsw,51,stat_13x13,12,0.632,0.6497756393338027,12,384,True,0.36635,1.0
bot->unsw,51,martingala,12,0.632,0.8183804247564661,9,288,True,0.36635,1.0
bot->unsw,51,stat_13x13_adaptive,12,0.632,0.7385154020780192,12,384,True,0.36635,1.0
bot->unsw,51,statico,13,0.684,0.6114547017878675,0,0,True,0.3905,1.0
bot->unsw,51,ogni_batch,13,0.684,0.8289256381091106,13,416,True,0.3905,1.0
bot->unsw,51,su_innesco,13,0.684,0.8306063155102787,9,288,True,0.3905,1.0
bot->unsw,51,oracolo,13,0.684,0.8423259062562523,13,416,True,0.3905,1.0
bot->unsw,51,stat_13x13,13,0.684,0.7472378919492548,13,416,True,0.3905,1.0
bot->unsw,51,martingala,13,0.684,0.8121469880833369,9,288,True,0.3905,1.0
bot->unsw,51,stat_13x13_adaptive,13,0.684,0.7278442701693422,13,416,True,0.3905,1.0
bot->unsw,51,statico,14,0.737,0.5887282439170312,0,0,True,0.41105,1.0
bot->unsw,51,ogni_batch,14,0.737,0.8201089319562822,14,448,True,0.41105,1.0
bot->unsw,51,su_innesco,14,0.737,0.8221251683430859,10,320,True,0.41105,1.0
bot->unsw,51,oracolo,14,0.737,0.8324884081660044,14,448,True,0.41105,1.0
bot->unsw,51,stat_13x13,14,0.737,0.75344497337485,14,448,True,0.41105,1.0
bot->unsw,51,martingala,14,0.737,0.7998187191783959,9,288,True,0.41105,1.0
bot->unsw,51,stat_13x13_adaptive,14,0.737,0.7537505082003819,14,448,True,0.41105,1.0
bot->unsw,51,statico,15,0.789,0.572113870165748,0,0,True,0.43735,1.0
bot->unsw,51,ogni_batch,15,0.789,0.8104576321507239,15,480,True,0.43735,1.0
bot->unsw,51,su_innesco,15,0.789,0.8133428366562478,11,352,True,0.43735,1.0
bot->unsw,51,oracolo,15,0.789,0.8071377200215148,15,480,True,0.43735,1.0
bot->unsw,51,stat_13x13,15,0.789,0.7590566549248356,15,480,True,0.43735,1.0
bot->unsw,51,martingala,15,0.789,0.7943111872636966,9,288,True,0.43735,1.0
bot->unsw,51,stat_13x13_adaptive,15,0.789,0.7575955214877081,15,480,True,0.43735,1.0
bot->unsw,51,statico,16,0.842,0.5342736345977457,0,0,True,0.4628,1.0
bot->unsw,51,ogni_batch,16,0.842,0.8084348118697611,16,512,True,0.4628,1.0
bot->unsw,51,su_innesco,16,0.842,0.8061991382562588,12,384,True,0.4628,1.0
bot->unsw,51,oracolo,16,0.842,0.8168586964314581,16,512,True,0.4628,1.0
bot->unsw,51,stat_13x13,16,0.842,0.7609344490100632,16,512,True,0.4628,1.0
bot->unsw,51,martingala,16,0.842,0.7873720578531451,9,288,True,0.4628,1.0
bot->unsw,51,stat_13x13_adaptive,16,0.842,0.7528107451451412,16,512,True,0.4628,1.0
bot->unsw,51,statico,17,0.895,0.5130812510220428,0,0,True,0.4892,1.0
bot->unsw,51,ogni_batch,17,0.895,0.8052183043594765,17,544,True,0.4892,1.0
bot->unsw,51,su_innesco,17,0.895,0.8016296716835232,13,416,True,0.4892,1.0
bot->unsw,51,oracolo,17,0.895,0.7992181223782058,17,544,True,0.4892,1.0
bot->unsw,51,stat_13x13,17,0.895,0.75840791283763,17,544,True,0.4892,1.0
bot->unsw,51,martingala,17,0.895,0.7680529773953886,9,288,True,0.4892,1.0
bot->unsw,51,stat_13x13_adaptive,17,0.895,0.7552253228688801,17,544,True,0.4892,1.0
bot->unsw,51,statico,18,0.947,0.4774613394743644,0,0,True,0.51275,1.0
bot->unsw,51,ogni_batch,18,0.947,0.7874892237394937,18,576,True,0.51275,1.0
bot->unsw,51,su_innesco,18,0.947,0.7866590116074899,14,448,True,0.51275,1.0
bot->unsw,51,oracolo,18,0.947,0.7791408394664918,18,576,True,0.51275,1.0
bot->unsw,51,stat_13x13,18,0.947,0.7501520573922449,18,576,True,0.51275,1.0
bot->unsw,51,martingala,18,0.947,0.7491734146004464,9,288,True,0.51275,1.0
bot->unsw,51,stat_13x13_adaptive,18,0.947,0.7480990835689383,18,576,True,0.51275,1.0
bot->unsw,51,statico,19,1.0,0.44760437699449557,0,0,True,0.53205,1.0
bot->unsw,51,ogni_batch,19,1.0,0.7691697038092893,19,608,True,0.53205,1.0
bot->unsw,51,su_innesco,19,1.0,0.7873647059112516,15,480,True,0.53205,1.0
bot->unsw,51,oracolo,19,1.0,0.7749800155664526,19,608,True,0.53205,1.0
bot->unsw,51,stat_13x13,19,1.0,0.7570194664875612,19,608,True,0.53205,1.0
bot->unsw,51,martingala,19,1.0,0.7431786671523288,9,288,True,0.53205,1.0
bot->unsw,51,stat_13x13_adaptive,19,1.0,0.7501805880441503,19,608,True,0.53205,1.0
unsw->bot,42,statico,0,0.0,0.80665,0,0,False,0.0,1.0
unsw->bot,42,ogni_batch,0,0.0,0.80665,0,0,False,0.0,1.0
unsw->bot,42,su_innesco,0,0.0,0.80665,0,0,False,0.0,1.0
unsw->bot,42,oracolo,0,0.0,0.80665,0,0,False,0.0,1.0
unsw->bot,42,stat_13x13,0,0.0,0.80665,0,0,False,0.0,1.0
unsw->bot,42,martingala,0,0.0,0.80665,0,0,False,0.0,1.0
unsw->bot,42,stat_13x13_adaptive,0,0.0,0.80665,0,0,False,0.0,1.0
unsw->bot,42,statico,1,0.053,0.7918,0,0,False,0.0,1.0
unsw->bot,42,ogni_batch,1,0.053,0.7918,1,32,False,0.0,1.0
unsw->bot,42,su_innesco,1,0.053,0.7918,0,0,False,0.0,1.0
unsw->bot,42,oracolo,1,0.053,0.7918,1,32,False,0.0,1.0
unsw->bot,42,stat_13x13,1,0.053,1.0,1,32,False,0.0,1.0
unsw->bot,42,martingala,1,0.053,0.7918,1,32,False,0.0,1.0
unsw->bot,42,stat_13x13_adaptive,1,0.053,0.997,1,32,False,0.0,1.0
unsw->bot,42,statico,2,0.105,0.78485,0,0,False,0.0,1.0
unsw->bot,42,ogni_batch,2,0.105,0.78485,2,64,False,0.0,1.0
unsw->bot,42,su_innesco,2,0.105,0.78485,0,0,False,0.0,1.0
unsw->bot,42,oracolo,2,0.105,0.78485,2,64,False,0.0,1.0
unsw->bot,42,stat_13x13,2,0.105,0.9978,2,64,False,0.0,1.0
unsw->bot,42,martingala,2,0.105,0.78485,2,64,False,0.0,1.0
unsw->bot,42,stat_13x13_adaptive,2,0.105,0.987,2,64,False,0.0,1.0
unsw->bot,42,statico,3,0.158,0.7802,0,0,False,0.0,1.0
unsw->bot,42,ogni_batch,3,0.158,0.7802,3,96,False,0.0,1.0
unsw->bot,42,su_innesco,3,0.158,0.7802,0,0,False,0.0,1.0
unsw->bot,42,oracolo,3,0.158,0.7802,3,96,False,0.0,1.0
unsw->bot,42,stat_13x13,3,0.158,0.99995,3,96,False,0.0,1.0
unsw->bot,42,martingala,3,0.158,0.7802,2,64,False,0.0,1.0
unsw->bot,42,stat_13x13_adaptive,3,0.158,0.9989,3,96,False,0.0,1.0
unsw->bot,42,statico,4,0.211,0.7618,0,0,False,0.0,1.0
unsw->bot,42,ogni_batch,4,0.211,0.7618,4,128,False,0.0,1.0
unsw->bot,42,su_innesco,4,0.211,0.7618,0,0,False,0.0,1.0
unsw->bot,42,oracolo,4,0.211,0.7618,4,128,False,0.0,1.0
unsw->bot,42,stat_13x13,4,0.211,1.0,4,128,False,0.0,1.0
unsw->bot,42,martingala,4,0.211,0.7618,2,64,False,0.0,1.0
unsw->bot,42,stat_13x13_adaptive,4,0.211,1.0,4,128,False,0.0,1.0
unsw->bot,42,statico,5,0.263,0.75395,0,0,False,0.0,1.0
unsw->bot,42,ogni_batch,5,0.263,0.75395,5,160,False,0.0,1.0
unsw->bot,42,su_innesco,5,0.263,0.75395,0,0,False,0.0,1.0
unsw->bot,42,oracolo,5,0.263,0.75395,5,160,False,0.0,1.0
unsw->bot,42,stat_13x13,5,0.263,1.0,5,160,False,0.0,1.0
unsw->bot,42,martingala,5,0.263,0.75395,2,64,False,0.0,1.0
unsw->bot,42,stat_13x13_adaptive,5,0.263,1.0,5,160,False,0.0,1.0
unsw->bot,42,statico,6,0.316,0.8725186259312966,0,0,False,0.0,1.0
unsw->bot,42,ogni_batch,6,0.316,0.8725186259312966,6,192,False,0.0,1.0
unsw->bot,42,su_innesco,6,0.316,0.8725186259312966,0,0,False,0.0,1.0
unsw->bot,42,oracolo,6,0.316,0.8725186259312966,6,192,False,0.0,1.0
unsw->bot,42,stat_13x13,6,0.316,0.5,6,192,False,0.0,1.0
unsw->bot,42,martingala,6,0.316,0.8725186259312966,2,64,False,0.0,1.0
unsw->bot,42,stat_13x13_adaptive,6,0.316,0.5,6,192,False,0.0,1.0
unsw->bot,42,statico,7,0.368,0.7316,0,0,False,0.0,1.0
unsw->bot,42,ogni_batch,7,0.368,0.7316,7,224,False,0.0,1.0
unsw->bot,42,su_innesco,7,0.368,0.7316,0,0,False,0.0,1.0
unsw->bot,42,oracolo,7,0.368,0.99405,7,224,False,0.0,1.0
unsw->bot,42,stat_13x13,7,0.368,1.0,7,224,False,0.0,1.0
unsw->bot,42,martingala,7,0.368,0.7316,2,64,False,0.0,1.0
unsw->bot,42,stat_13x13_adaptive,7,0.368,1.0,7,224,False,0.0,1.0
unsw->bot,42,statico,8,0.421,0.72285,0,0,False,0.0,1.0
unsw->bot,42,ogni_batch,8,0.421,0.72285,8,256,False,0.0,1.0
unsw->bot,42,su_innesco,8,0.421,0.72285,0,0,False,0.0,1.0
unsw->bot,42,oracolo,8,0.421,0.9943,8,256,False,0.0,1.0
unsw->bot,42,stat_13x13,8,0.421,1.0,8,256,False,0.0,1.0
unsw->bot,42,martingala,8,0.421,0.72285,2,64,False,0.0,1.0
unsw->bot,42,stat_13x13_adaptive,8,0.421,1.0,8,256,False,0.0,1.0
unsw->bot,42,statico,9,0.474,0.8551355135513552,0,0,False,0.0,1.0
unsw->bot,42,ogni_batch,9,0.474,0.8551355135513552,9,288,False,0.0,1.0
unsw->bot,42,su_innesco,9,0.474,0.8551355135513552,0,0,False,0.0,1.0
unsw->bot,42,oracolo,9,0.474,0.9963496349634964,9,288,False,0.0,1.0
unsw->bot,42,stat_13x13,9,0.474,0.5,9,288,False,0.0,1.0
unsw->bot,42,martingala,9,0.474,0.8551355135513552,2,64,False,0.0,1.0
unsw->bot,42,stat_13x13_adaptive,9,0.474,0.5,9,288,False,0.0,1.0
unsw->bot,42,statico,10,0.526,0.5964192838567713,0,0,False,0.0,1.0
unsw->bot,42,ogni_batch,10,0.526,0.5964192838567713,10,320,False,0.0,1.0
unsw->bot,42,su_innesco,10,0.526,0.5964192838567713,0,0,False,0.0,1.0
unsw->bot,42,oracolo,10,0.526,0.6211992398479695,10,320,False,0.0,1.0
unsw->bot,42,stat_13x13,10,0.526,0.5,10,320,False,0.0,1.0
unsw->bot,42,martingala,10,0.526,0.5964192838567713,2,64,False,0.0,1.0
unsw->bot,42,stat_13x13_adaptive,10,0.526,0.5,10,320,False,0.0,1.0
unsw->bot,42,statico,11,0.579,0.8448017202580387,0,0,False,0.0,1.0
unsw->bot,42,ogni_batch,11,0.579,0.8448017202580387,11,352,False,0.0,1.0
unsw->bot,42,su_innesco,11,0.579,0.8448017202580387,0,0,False,0.0,1.0
unsw->bot,42,oracolo,11,0.579,0.6405127435782034,11,352,False,0.0,1.0
unsw->bot,42,stat_13x13,11,0.579,0.5,11,352,False,0.0,1.0
unsw->bot,42,martingala,11,0.579,0.8448017202580387,2,64,False,0.0,1.0
unsw->bot,42,stat_13x13_adaptive,11,0.579,0.5,11,352,False,0.0,1.0
unsw->bot,42,statico,12,0.632,0.33581679083954197,0,0,False,0.0,1.0
unsw->bot,42,ogni_batch,12,0.632,0.33581679083954197,12,384,False,0.0,1.0
unsw->bot,42,su_innesco,12,0.632,0.33581679083954197,0,0,False,0.0,1.0
unsw->bot,42,oracolo,12,0.632,0.47787389369468475,12,384,False,0.0,1.0
unsw->bot,42,stat_13x13,12,0.632,0.5,12,384,False,0.0,1.0
unsw->bot,42,martingala,12,0.632,0.33581679083954197,2,64,False,0.0,1.0
unsw->bot,42,stat_13x13_adaptive,12,0.632,0.5,12,384,False,0.0,1.0
unsw->bot,42,statico,13,0.684,0.6637,0,0,False,0.0,1.0
unsw->bot,42,ogni_batch,13,0.684,0.6637,13,416,False,0.0,1.0
unsw->bot,42,su_innesco,13,0.684,0.6637,0,0,False,0.0,1.0
unsw->bot,42,oracolo,13,0.684,0.94,13,416,False,0.0,1.0
unsw->bot,42,stat_13x13,13,0.684,1.0,13,416,False,0.0,1.0
unsw->bot,42,martingala,13,0.684,0.6637,2,64,False,0.0,1.0
unsw->bot,42,stat_13x13_adaptive,13,0.684,1.0,13,416,False,0.0,1.0
unsw->bot,42,statico,14,0.737,0.8289414470723536,0,0,False,0.0,1.0
unsw->bot,42,ogni_batch,14,0.737,0.8289414470723536,14,448,False,0.0,1.0
unsw->bot,42,su_innesco,14,0.737,0.8289414470723536,0,0,False,0.0,1.0
unsw->bot,42,oracolo,14,0.737,0.9624481224061203,14,448,False,0.0,1.0
unsw->bot,42,stat_13x13,14,0.737,0.5,14,448,False,0.0,1.0
unsw->bot,42,martingala,14,0.737,0.8289414470723536,2,64,False,0.0,1.0
unsw->bot,42,stat_13x13_adaptive,14,0.737,0.5,14,448,False,0.0,1.0
unsw->bot,42,statico,15,0.789,0.5753075307530753,0,0,False,0.0,1.0
unsw->bot,42,ogni_batch,15,0.789,0.5753075307530753,15,480,False,0.0,1.0
unsw->bot,42,su_innesco,15,0.789,0.5753075307530753,0,0,False,0.0,1.0
unsw->bot,42,oracolo,15,0.789,0.721972197219722,15,480,False,0.0,1.0
unsw->bot,42,stat_13x13,15,0.789,0.5,15,480,False,0.0,1.0
unsw->bot,42,martingala,15,0.789,0.5753075307530753,2,64,False,0.0,1.0
unsw->bot,42,stat_13x13_adaptive,15,0.789,0.5,15,480,False,0.0,1.0
unsw->bot,42,statico,16,0.842,0.6183545886471618,0,0,False,0.0,1.0
unsw->bot,42,ogni_batch,16,0.842,0.6183545886471618,16,512,False,0.0,1.0
unsw->bot,42,su_innesco,16,0.842,0.6183545886471618,0,0,False,0.0,1.0
unsw->bot,42,oracolo,16,0.842,0.5801200300075019,16,512,False,0.0,1.0
unsw->bot,42,stat_13x13,16,0.842,0.5,16,512,False,0.0,1.0
unsw->bot,42,martingala,16,0.842,0.6183545886471618,2,64,False,0.0,1.0
unsw->bot,42,stat_13x13_adaptive,16,0.842,0.5,16,512,False,0.0,1.0
unsw->bot,42,statico,17,0.895,0.5587308730873087,0,0,False,0.0,1.0
unsw->bot,42,ogni_batch,17,0.895,0.5587308730873087,17,544,False,0.0,1.0
unsw->bot,42,su_innesco,17,0.895,0.5587308730873087,0,0,False,0.0,1.0
unsw->bot,42,oracolo,17,0.895,0.7155465546554656,17,544,False,0.0,1.0
unsw->bot,42,stat_13x13,17,0.895,0.74997499749975,17,544,False,0.0,1.0
unsw->bot,42,martingala,17,0.895,0.5587308730873087,2,64,False,0.0,1.0
unsw->bot,42,stat_13x13_adaptive,17,0.895,0.5,17,544,False,0.0,1.0
unsw->bot,42,statico,18,0.947,0.6397793002283676,0,0,False,0.0,1.0
unsw->bot,42,ogni_batch,18,0.947,0.6397793002283676,18,576,False,0.0,1.0
unsw->bot,42,su_innesco,18,0.947,0.6397793002283676,0,0,False,0.0,1.0
unsw->bot,42,oracolo,18,0.947,0.9752212831924789,18,576,False,0.0,1.0
unsw->bot,42,stat_13x13,18,0.947,0.5,18,576,False,0.0,1.0
unsw->bot,42,martingala,18,0.947,0.6397793002283676,2,64,False,0.0,1.0
unsw->bot,42,stat_13x13_adaptive,18,0.947,0.5,18,576,False,0.0,1.0
unsw->bot,42,statico,19,1.0,0.7992399619980999,0,0,False,0.0,1.0
unsw->bot,42,ogni_batch,19,1.0,0.7992399619980999,19,608,False,0.0,1.0
unsw->bot,42,su_innesco,19,1.0,0.7992399619980999,0,0,False,0.0,1.0
unsw->bot,42,oracolo,19,1.0,0.9908745437271864,19,608,False,0.0,1.0
unsw->bot,42,stat_13x13,19,1.0,0.5,19,608,False,0.0,1.0
unsw->bot,42,martingala,19,1.0,0.7992399619980999,2,64,False,0.0,1.0
unsw->bot,42,stat_13x13_adaptive,19,1.0,0.5,19,608,False,0.0,1.0
unsw->bot,43,statico,0,0.0,0.8142,0,0,False,0.0,1.0
unsw->bot,43,ogni_batch,0,0.0,0.8142,0,0,False,0.0,1.0
unsw->bot,43,su_innesco,0,0.0,0.8142,0,0,False,0.0,1.0
unsw->bot,43,oracolo,0,0.0,0.8142,0,0,False,0.0,1.0
unsw->bot,43,stat_13x13,0,0.0,0.8142,0,0,False,0.0,1.0
unsw->bot,43,martingala,0,0.0,0.8142,0,0,False,0.0,1.0
unsw->bot,43,stat_13x13_adaptive,0,0.0,0.8142,0,0,False,0.0,1.0
unsw->bot,43,statico,1,0.053,0.8029,0,0,False,0.0,1.0
unsw->bot,43,ogni_batch,1,0.053,0.8029,1,32,False,0.0,1.0
unsw->bot,43,su_innesco,1,0.053,0.8029,0,0,False,0.0,1.0
unsw->bot,43,oracolo,1,0.053,0.8029,1,32,False,0.0,1.0
unsw->bot,43,stat_13x13,1,0.053,0.9951,1,32,False,0.0,1.0
unsw->bot,43,martingala,1,0.053,0.8029,1,32,False,0.0,1.0
unsw->bot,43,stat_13x13_adaptive,1,0.053,0.9951,1,32,False,0.0,1.0
unsw->bot,43,statico,2,0.105,0.7919,0,0,False,0.0,1.0
unsw->bot,43,ogni_batch,2,0.105,0.7919,2,64,False,0.0,1.0
unsw->bot,43,su_innesco,2,0.105,0.7919,0,0,False,0.0,1.0
unsw->bot,43,oracolo,2,0.105,0.7919,2,64,False,0.0,1.0
unsw->bot,43,stat_13x13,2,0.105,1.0,2,64,False,0.0,1.0
unsw->bot,43,martingala,2,0.105,0.7919,2,64,False,0.0,1.0
unsw->bot,43,stat_13x13_adaptive,2,0.105,1.0,2,64,False,0.0,1.0
unsw->bot,43,statico,3,0.158,0.77705,0,0,False,0.0,1.0
unsw->bot,43,ogni_batch,3,0.158,0.77705,3,96,False,0.0,1.0
unsw->bot,43,su_innesco,3,0.158,0.77705,0,0,False,0.0,1.0
unsw->bot,43,oracolo,3,0.158,0.77705,3,96,False,0.0,1.0
unsw->bot,43,stat_13x13,3,0.158,1.0,3,96,False,0.0,1.0
unsw->bot,43,martingala,3,0.158,0.77705,3,96,False,0.0,1.0
unsw->bot,43,stat_13x13_adaptive,3,0.158,1.0,3,96,False,0.0,1.0
unsw->bot,43,statico,4,0.211,0.77175,0,0,False,0.0,1.0
unsw->bot,43,ogni_batch,4,0.211,0.77175,4,128,False,0.0,1.0
unsw->bot,43,su_innesco,4,0.211,0.77175,0,0,False,0.0,1.0
unsw->bot,43,oracolo,4,0.211,0.77175,4,128,False,0.0,1.0
unsw->bot,43,stat_13x13,4,0.211,1.0,4,128,False,0.0,1.0
unsw->bot,43,martingala,4,0.211,0.77175,3,96,False,0.0,1.0
unsw->bot,43,stat_13x13_adaptive,4,0.211,1.0,4,128,False,0.0,1.0
unsw->bot,43,statico,5,0.263,0.3790189509475474,0,0,False,0.0,1.0
unsw->bot,43,ogni_batch,5,0.263,0.3790189509475474,5,160,False,0.0,1.0
unsw->bot,43,su_innesco,5,0.263,0.3790189509475474,0,0,False,0.0,1.0
unsw->bot,43,oracolo,5,0.263,0.3790189509475474,5,160,False,0.0,1.0
unsw->bot,43,stat_13x13,5,0.263,0.5,5,160,False,0.0,1.0
unsw->bot,43,martingala,5,0.263,0.3790189509475474,3,96,False,0.0,1.0
unsw->bot,43,stat_13x13_adaptive,5,0.263,0.5,5,160,False,0.0,1.0
unsw->bot,43,statico,6,0.316,0.7047140404393992,0,0,False,0.0,1.0
unsw->bot,43,ogni_batch,6,0.316,0.7047140404393992,6,192,False,0.0,1.0
unsw->bot,43,su_innesco,6,0.316,0.7047140404393992,0,0,False,0.0,1.0
unsw->bot,43,oracolo,6,0.316,0.4825723858578787,6,192,False,0.0,1.0
unsw->bot,43,stat_13x13,6,0.316,0.5,6,192,False,0.0,1.0
unsw->bot,43,martingala,6,0.316,0.7047140404393992,3,96,False,0.0,1.0
unsw->bot,43,stat_13x13_adaptive,6,0.316,0.5,6,192,False,0.0,1.0
unsw->bot,43,statico,7,0.368,0.8674933746687334,0,0,False,0.0,1.0
unsw->bot,43,ogni_batch,7,0.368,0.8674933746687334,7,224,False,0.0,1.0
unsw->bot,43,su_innesco,7,0.368,0.8674933746687334,0,0,False,0.0,1.0
unsw->bot,43,oracolo,7,0.368,0.9687484374218711,7,224,False,0.0,1.0
unsw->bot,43,stat_13x13,7,0.368,0.5,7,224,False,0.0,1.0
unsw->bot,43,martingala,7,0.368,0.8674933746687334,3,96,False,0.0,1.0
unsw->bot,43,stat_13x13_adaptive,7,0.368,0.5,7,224,False,0.0,1.0
unsw->bot,43,statico,8,0.421,0.72605,0,0,False,0.0,1.0
unsw->bot,43,ogni_batch,8,0.421,0.72605,8,256,False,0.0,1.0
unsw->bot,43,su_innesco,8,0.421,0.72605,0,0,False,0.0,1.0
unsw->bot,43,oracolo,8,0.421,0.95205,8,256,False,0.0,1.0
unsw->bot,43,stat_13x13,8,0.421,1.0,8,256,False,0.0,1.0
unsw->bot,43,martingala,8,0.421,0.72605,3,96,False,0.0,1.0
unsw->bot,43,stat_13x13_adaptive,8,0.421,1.0,8,256,False,0.0,1.0
unsw->bot,43,statico,9,0.474,0.7115,0,0,False,0.0,1.0
unsw->bot,43,ogni_batch,9,0.474,0.7115,9,288,False,0.0,1.0
unsw->bot,43,su_innesco,9,0.474,0.7115,0,0,False,0.0,1.0
unsw->bot,43,oracolo,9,0.474,0.9429,9,288,False,0.0,1.0
unsw->bot,43,stat_13x13,9,0.474,1.0,9,288,False,0.0,1.0
unsw->bot,43,martingala,9,0.474,0.7115,3,96,False,0.0,1.0
unsw->bot,43,stat_13x13_adaptive,9,0.474,1.0,9,288,False,0.0,1.0
unsw->bot,43,statico,10,0.526,0.6998,0,0,False,0.0,1.0
unsw->bot,43,ogni_batch,10,0.526,0.6998,10,320,False,0.0,1.0
unsw->bot,43,su_innesco,10,0.526,0.6998,0,0,False,0.0,1.0
unsw->bot,43,oracolo,10,0.526,0.9314,10,320,False,0.0,1.0
unsw->bot,43,stat_13x13,10,0.526,1.0,10,320,False,0.0,1.0
unsw->bot,43,martingala,10,0.526,0.6998,3,96,False,0.0,1.0
unsw->bot,43,stat_13x13_adaptive,10,0.526,1.0,10,320,False,0.0,1.0
unsw->bot,43,statico,11,0.579,0.6884,0,0,False,0.0,1.0
unsw->bot,43,ogni_batch,11,0.579,0.6884,11,352,False,0.0,1.0
unsw->bot,43,su_innesco,11,0.579,0.6884,0,0,False,0.0,1.0
unsw->bot,43,oracolo,11,0.579,0.93465,11,352,False,0.0,1.0
unsw->bot,43,stat_13x13,11,0.579,1.0,11,352,False,0.0,1.0
unsw->bot,43,martingala,11,0.579,0.6884,3,96,False,0.0,1.0
unsw->bot,43,stat_13x13_adaptive,11,0.579,1.0,11,352,False,0.0,1.0
unsw->bot,43,statico,12,0.632,0.8417670883544177,0,0,False,0.0,1.0
unsw->bot,43,ogni_batch,12,0.632,0.8417670883544177,12,384,False,0.0,1.0
unsw->bot,43,su_innesco,12,0.632,0.8417670883544177,0,0,False,0.0,1.0
unsw->bot,43,oracolo,12,0.632,0.9734486724336217,12,384,False,0.0,1.0
unsw->bot,43,stat_13x13,12,0.632,0.5,12,384,False,0.0,1.0
unsw->bot,43,martingala,12,0.632,0.8417670883544177,3,96,False,0.0,1.0
unsw->bot,43,stat_13x13_adaptive,12,0.632,0.5,12,384,False,0.0,1.0
unsw->bot,43,statico,13,0.684,0.66825,0,0,False,0.0,1.0
unsw->bot,43,ogni_batch,13,0.684,0.66825,13,416,False,0.0,1.0
unsw->bot,43,su_innesco,13,0.684,0.66825,0,0,False,0.0,1.0
unsw->bot,43,oracolo,13,0.684,0.9375,13,416,False,0.0,1.0
unsw->bot,43,stat_13x13,13,0.684,1.0,13,416,False,0.0,1.0
unsw->bot,43,martingala,13,0.684,0.66825,3,96,False,0.0,1.0
unsw->bot,43,stat_13x13_adaptive,13,0.684,1.0,13,416,False,0.0,1.0
unsw->bot,43,statico,14,0.737,0.8276163808190409,0,0,False,0.0,1.0
unsw->bot,43,ogni_batch,14,0.737,0.8276163808190409,14,448,False,0.0,1.0
unsw->bot,43,su_innesco,14,0.737,0.8276163808190409,0,0,False,0.0,1.0
unsw->bot,43,oracolo,14,0.737,0.9951247562378118,14,448,False,0.0,1.0
unsw->bot,43,stat_13x13,14,0.737,0.5,14,448,False,0.0,1.0
unsw->bot,43,martingala,14,0.737,0.8276163808190409,3,96,False,0.0,1.0
unsw->bot,43,stat_13x13_adaptive,14,0.737,0.5,14,448,False,0.0,1.0
unsw->bot,43,statico,15,0.789,0.6453,0,0,False,0.0,1.0
unsw->bot,43,ogni_batch,15,0.789,0.6453,15,480,False,0.0,1.0
unsw->bot,43,su_innesco,15,0.789,0.6453,0,0,False,0.0,1.0
unsw->bot,43,oracolo,15,0.789,0.99125,15,480,False,0.0,1.0
unsw->bot,43,stat_13x13,15,0.789,1.0,15,480,False,0.0,1.0
unsw->bot,43,martingala,15,0.789,0.6453,3,96,False,0.0,1.0
unsw->bot,43,stat_13x13_adaptive,15,0.789,1.0,15,480,False,0.0,1.0
unsw->bot,43,statico,16,0.842,0.6324,0,0,False,0.0,1.0
unsw->bot,43,ogni_batch,16,0.842,0.6324,16,512,False,0.0,1.0
unsw->bot,43,su_innesco,16,0.842,0.6324,0,0,False,0.0,1.0
unsw->bot,43,oracolo,16,0.842,0.99135,16,512,False,0.0,1.0
unsw->bot,43,stat_13x13,16,0.842,1.0,16,512,False,0.0,1.0
unsw->bot,43,martingala,16,0.842,0.6324,3,96,False,0.0,1.0
unsw->bot,43,stat_13x13_adaptive,16,0.842,1.0,16,512,False,0.0,1.0
unsw->bot,43,statico,17,0.895,0.62465,0,0,False,0.0,1.0
unsw->bot,43,ogni_batch,17,0.895,0.62465,17,544,False,0.0,1.0
unsw->bot,43,su_innesco,17,0.895,0.62465,0,0,False,0.0,1.0
unsw->bot,43,oracolo,17,0.895,0.98655,17,544,False,0.0,1.0
unsw->bot,43,stat_13x13,17,0.895,1.0,17,544,False,0.0,1.0
unsw->bot,43,martingala,17,0.895,0.62465,3,96,False,0.0,1.0
unsw->bot,43,stat_13x13_adaptive,17,0.895,1.0,17,544,False,0.0,1.0
unsw->bot,43,statico,18,0.947,0.8039901995099755,0,0,False,0.0,1.0
unsw->bot,43,ogni_batch,18,0.947,0.8039901995099755,18,576,False,0.0,1.0
unsw->bot,43,su_innesco,18,0.947,0.8039901995099755,0,0,False,0.0,1.0
unsw->bot,43,oracolo,18,0.947,0.4926246312315616,18,576,False,0.0,1.0
unsw->bot,43,stat_13x13,18,0.947,0.5,18,576,False,0.0,1.0
unsw->bot,43,martingala,18,0.947,0.8039901995099755,3,96,False,0.0,1.0
unsw->bot,43,stat_13x13_adaptive,18,0.947,0.5,18,576,False,0.0,1.0
unsw->bot,43,statico,19,1.0,0.8007800780078007,0,0,False,0.0,1.0
unsw->bot,43,ogni_batch,19,1.0,0.8007800780078007,19,608,False,0.0,1.0
unsw->bot,43,su_innesco,19,1.0,0.8007800780078007,0,0,False,0.0,1.0
unsw->bot,43,oracolo,19,1.0,0.7430743074307431,19,608,False,0.0,1.0
unsw->bot,43,stat_13x13,19,1.0,0.5,19,608,False,0.0,1.0
unsw->bot,43,martingala,19,1.0,0.8007800780078007,3,96,False,0.0,1.0
unsw->bot,43,stat_13x13_adaptive,19,1.0,0.5,19,608,False,0.0,1.0
unsw->bot,44,statico,0,0.0,0.81035,0,0,False,0.0,1.0
unsw->bot,44,ogni_batch,0,0.0,0.81035,0,0,False,0.0,1.0
unsw->bot,44,su_innesco,0,0.0,0.81035,0,0,False,0.0,1.0
unsw->bot,44,oracolo,0,0.0,0.81035,0,0,False,0.0,1.0
unsw->bot,44,stat_13x13,0,0.0,0.81035,0,0,False,0.0,1.0
unsw->bot,44,martingala,0,0.0,0.81035,0,0,False,0.0,1.0
unsw->bot,44,stat_13x13_adaptive,0,0.0,0.81035,0,0,False,0.0,1.0
unsw->bot,44,statico,1,0.053,0.79935,0,0,False,0.0,1.0
unsw->bot,44,ogni_batch,1,0.053,0.79935,1,32,False,0.0,1.0
unsw->bot,44,su_innesco,1,0.053,0.79935,0,0,False,0.0,1.0
unsw->bot,44,oracolo,1,0.053,0.79935,1,32,False,0.0,1.0
unsw->bot,44,stat_13x13,1,0.053,0.9986,1,32,False,0.0,1.0
unsw->bot,44,martingala,1,0.053,0.79935,0,0,False,0.0,1.0
unsw->bot,44,stat_13x13_adaptive,1,0.053,0.99855,1,32,False,0.0,1.0
unsw->bot,44,statico,2,0.105,0.78965,0,0,False,0.0,1.0
unsw->bot,44,ogni_batch,2,0.105,0.78965,2,64,False,0.0,1.0
unsw->bot,44,su_innesco,2,0.105,0.78965,0,0,False,0.0,1.0
unsw->bot,44,oracolo,2,0.105,0.78965,2,64,False,0.0,1.0
unsw->bot,44,stat_13x13,2,0.105,1.0,2,64,False,0.0,1.0
unsw->bot,44,martingala,2,0.105,0.78965,0,0,False,0.0,1.0
unsw->bot,44,stat_13x13_adaptive,2,0.105,1.0,2,64,False,0.0,1.0
unsw->bot,44,statico,3,0.158,0.7873,0,0,False,0.0,1.0
unsw->bot,44,ogni_batch,3,0.158,0.7873,3,96,False,0.0,1.0
unsw->bot,44,su_innesco,3,0.158,0.7873,0,0,False,0.0,1.0
unsw->bot,44,oracolo,3,0.158,0.7873,3,96,False,0.0,1.0
unsw->bot,44,stat_13x13,3,0.158,1.0,3,96,False,0.0,1.0
unsw->bot,44,martingala,3,0.158,0.7873,0,0,False,0.0,1.0
unsw->bot,44,stat_13x13_adaptive,3,0.158,1.0,3,96,False,0.0,1.0
unsw->bot,44,statico,4,0.211,0.7797,0,0,False,0.0,1.0
unsw->bot,44,ogni_batch,4,0.211,0.7797,4,128,False,0.0,1.0
unsw->bot,44,su_innesco,4,0.211,0.7797,0,0,False,0.0,1.0
unsw->bot,44,oracolo,4,0.211,0.7797,4,128,False,0.0,1.0
unsw->bot,44,stat_13x13,4,0.211,1.0,4,128,False,0.0,1.0
unsw->bot,44,martingala,4,0.211,0.7797,0,0,False,0.0,1.0
unsw->bot,44,stat_13x13_adaptive,4,0.211,1.0,4,128,False,0.0,1.0
unsw->bot,44,statico,5,0.263,0.7756,0,0,False,0.0,1.0
unsw->bot,44,ogni_batch,5,0.263,0.7756,5,160,False,0.0,1.0
unsw->bot,44,su_innesco,5,0.263,0.7756,0,0,False,0.0,1.0
unsw->bot,44,oracolo,5,0.263,0.7756,5,160,False,0.0,1.0
unsw->bot,44,stat_13x13,5,0.263,1.0,5,160,False,0.0,1.0
unsw->bot,44,martingala,5,0.263,0.7756,0,0,False,0.0,1.0
unsw->bot,44,stat_13x13_adaptive,5,0.263,1.0,5,160,False,0.0,1.0
unsw->bot,44,statico,6,0.316,0.8802440122006101,0,0,False,0.0,1.0
unsw->bot,44,ogni_batch,6,0.316,0.8802440122006101,6,192,False,0.0,1.0
unsw->bot,44,su_innesco,6,0.316,0.8802440122006101,0,0,False,0.0,1.0
unsw->bot,44,oracolo,6,0.316,0.8802440122006101,6,192,False,0.0,1.0
unsw->bot,44,stat_13x13,6,0.316,0.5,6,192,False,0.0,1.0
unsw->bot,44,martingala,6,0.316,0.8802440122006101,0,0,False,0.0,1.0
unsw->bot,44,stat_13x13_adaptive,6,0.316,0.5,6,192,False,0.0,1.0
unsw->bot,44,statico,7,0.368,0.8797259451890378,0,0,False,0.0,1.0
unsw->bot,44,ogni_batch,7,0.368,0.8797259451890378,7,224,False,0.0,1.0
unsw->bot,44,su_innesco,7,0.368,0.8797259451890378,0,0,False,0.0,1.0
unsw->bot,44,oracolo,7,0.368,0.6227745549109822,7,224,False,0.0,1.0
unsw->bot,44,stat_13x13,7,0.368,0.5,7,224,False,0.0,1.0
unsw->bot,44,martingala,7,0.368,0.8797259451890378,0,0,False,0.0,1.0
unsw->bot,44,stat_13x13_adaptive,7,0.368,0.5,7,224,False,0.0,1.0
unsw->bot,44,statico,8,0.421,0.8698119811981198,0,0,False,0.0,1.0
unsw->bot,44,ogni_batch,8,0.421,0.8698119811981198,8,256,False,0.0,1.0
unsw->bot,44,su_innesco,8,0.421,0.8698119811981198,0,0,False,0.0,1.0
unsw->bot,44,oracolo,8,0.421,0.9934243424342435,8,256,False,0.0,1.0
unsw->bot,44,stat_13x13,8,0.421,0.5,8,256,False,0.0,1.0
unsw->bot,44,martingala,8,0.421,0.8698119811981198,0,0,False,0.0,1.0
unsw->bot,44,stat_13x13_adaptive,8,0.421,0.5,8,256,False,0.0,1.0
unsw->bot,44,statico,9,0.474,0.8693619361936193,0,0,False,0.0,1.0
unsw->bot,44,ogni_batch,9,0.474,0.8693619361936193,9,288,False,0.0,1.0
unsw->bot,44,su_innesco,9,0.474,0.8693619361936193,0,0,False,0.0,1.0
unsw->bot,44,oracolo,9,0.474,0.9937743774377438,9,288,False,0.0,1.0
unsw->bot,44,stat_13x13,9,0.474,0.5,9,288,False,0.0,1.0
unsw->bot,44,martingala,9,0.474,0.8693619361936193,0,0,False,0.0,1.0
unsw->bot,44,stat_13x13_adaptive,9,0.474,0.5,9,288,False,0.0,1.0
unsw->bot,44,statico,10,0.526,0.6161616161616161,0,0,False,0.0,1.0
unsw->bot,44,ogni_batch,10,0.526,0.6161616161616161,10,320,False,0.0,1.0
unsw->bot,44,su_innesco,10,0.526,0.6161616161616161,0,0,False,0.0,1.0
unsw->bot,44,oracolo,10,0.526,0.744024402440244,10,320,False,0.0,1.0
unsw->bot,44,stat_13x13,10,0.526,0.5,10,320,False,0.0,1.0
unsw->bot,44,martingala,10,0.526,0.6161616161616161,0,0,False,0.0,1.0
unsw->bot,44,stat_13x13_adaptive,10,0.526,0.5,10,320,False,0.0,1.0
unsw->bot,44,statico,11,0.579,0.8615680784039201,0,0,False,0.0,1.0
unsw->bot,44,ogni_batch,11,0.579,0.8615680784039201,11,352,False,0.0,1.0
unsw->bot,44,su_innesco,11,0.579,0.8615680784039201,0,0,False,0.0,1.0
unsw->bot,44,oracolo,11,0.579,0.984449222461123,11,352,False,0.0,1.0
unsw->bot,44,stat_13x13,11,0.579,0.5,11,352,False,0.0,1.0
unsw->bot,44,martingala,11,0.579,0.8615680784039201,0,0,False,0.0,1.0
unsw->bot,44,stat_13x13_adaptive,11,0.579,0.5,11,352,False,0.0,1.0
unsw->bot,44,statico,12,0.632,0.7134,0,0,False,0.0,1.0
unsw->bot,44,ogni_batch,12,0.632,0.7134,12,384,False,0.0,1.0
unsw->bot,44,su_innesco,12,0.632,0.7134,0,0,False,0.0,1.0
unsw->bot,44,oracolo,12,0.632,0.9648,12,384,False,0.0,1.0
unsw->bot,44,stat_13x13,12,0.632,1.0,12,384,False,0.0,1.0
unsw->bot,44,martingala,12,0.632,0.7134,0,0,False,0.0,1.0
unsw->bot,44,stat_13x13_adaptive,12,0.632,1.0,12,384,False,0.0,1.0
unsw->bot,44,statico,13,0.684,0.8516675833791689,0,0,False,0.0,1.0
unsw->bot,44,ogni_batch,13,0.684,0.8516675833791689,13,416,False,0.0,1.0
unsw->bot,44,su_innesco,13,0.684,0.8516675833791689,0,0,False,0.0,1.0
unsw->bot,44,oracolo,13,0.684,0.4831491574578729,13,416,False,0.0,1.0
unsw->bot,44,stat_13x13,13,0.684,0.5,13,416,False,0.0,1.0
unsw->bot,44,martingala,13,0.684,0.8516675833791689,0,0,False,0.0,1.0
unsw->bot,44,stat_13x13_adaptive,13,0.684,0.5,13,416,False,0.0,1.0
unsw->bot,44,statico,14,0.737,0.5995349534953496,0,0,False,0.0,1.0
unsw->bot,44,ogni_batch,14,0.737,0.5995349534953496,14,448,False,0.0,1.0
unsw->bot,44,su_innesco,14,0.737,0.5995349534953496,0,0,False,0.0,1.0
unsw->bot,44,oracolo,14,0.737,0.7303480348034803,14,448,False,0.0,1.0
unsw->bot,44,stat_13x13,14,0.737,0.5,14,448,False,0.0,1.0
unsw->bot,44,martingala,14,0.737,0.5995349534953496,0,0,False,0.0,1.0
unsw->bot,44,stat_13x13_adaptive,14,0.737,0.5,14,448,False,0.0,1.0
unsw->bot,44,statico,15,0.789,0.8442688537707541,0,0,False,0.0,1.0
unsw->bot,44,ogni_batch,15,0.789,0.8442688537707541,15,480,False,0.0,1.0
unsw->bot,44,su_innesco,15,0.789,0.8442688537707541,0,0,False,0.0,1.0
unsw->bot,44,oracolo,15,0.789,0.7350470094018804,15,480,False,0.0,1.0
unsw->bot,44,stat_13x13,15,0.789,0.5,15,480,False,0.0,1.0
unsw->bot,44,martingala,15,0.789,0.8442688537707541,0,0,False,0.0,1.0
unsw->bot,44,stat_13x13_adaptive,15,0.789,0.5,15,480,False,0.0,1.0
unsw->bot,44,statico,16,0.842,0.8402090209020903,0,0,False,0.0,1.0
unsw->bot,44,ogni_batch,16,0.842,0.8402090209020903,16,512,False,0.0,1.0
unsw->bot,44,su_innesco,16,0.842,0.8402090209020903,0,0,False,0.0,1.0
unsw->bot,44,oracolo,16,0.842,0.9722222222222222,16,512,False,0.0,1.0
unsw->bot,44,stat_13x13,16,0.842,0.5,16,512,False,0.0,1.0
unsw->bot,44,martingala,16,0.842,0.8402090209020903,0,0,False,0.0,1.0
unsw->bot,44,stat_13x13_adaptive,16,0.842,0.5,16,512,False,0.0,1.0
unsw->bot,44,statico,17,0.895,0.66815,0,0,False,0.0,1.0
unsw->bot,44,ogni_batch,17,0.895,0.66815,17,544,False,0.0,1.0
unsw->bot,44,su_innesco,17,0.895,0.66815,0,0,False,0.0,1.0
unsw->bot,44,oracolo,17,0.895,0.95095,17,544,False,0.0,1.0
unsw->bot,44,stat_13x13,17,0.895,1.0,17,544,False,0.0,1.0
unsw->bot,44,martingala,17,0.895,0.66815,0,0,False,0.0,1.0
unsw->bot,44,stat_13x13_adaptive,17,0.895,1.0,17,544,False,0.0,1.0
unsw->bot,44,statico,18,0.947,0.67065,0,0,False,0.0,1.0
unsw->bot,44,ogni_batch,18,0.947,0.67065,18,576,False,0.0,1.0
unsw->bot,44,su_innesco,18,0.947,0.67065,0,0,False,0.0,1.0
unsw->bot,44,oracolo,18,0.947,0.96325,18,576,False,0.0,1.0
unsw->bot,44,stat_13x13,18,0.947,1.0,18,576,False,0.0,1.0
unsw->bot,44,martingala,18,0.947,0.67065,0,0,False,0.0,1.0
unsw->bot,44,stat_13x13_adaptive,18,0.947,1.0,18,576,False,0.0,1.0
unsw->bot,44,statico,19,1.0,0.630207551887972,0,0,False,0.0,1.0
unsw->bot,44,ogni_batch,19,1.0,0.630207551887972,19,608,False,0.0,1.0
unsw->bot,44,su_innesco,19,1.0,0.630207551887972,0,0,False,0.0,1.0
unsw->bot,44,oracolo,19,1.0,0.790622655663916,19,608,False,0.0,1.0
unsw->bot,44,stat_13x13,19,1.0,0.5,19,608,False,0.0,1.0
unsw->bot,44,martingala,19,1.0,0.630207551887972,0,0,False,0.0,1.0
unsw->bot,44,stat_13x13_adaptive,19,1.0,0.5,19,608,False,0.0,1.0
unsw->bot,45,statico,0,0.0,0.81245,0,0,False,0.0,1.0
unsw->bot,45,ogni_batch,0,0.0,0.81245,0,0,False,0.0,1.0
unsw->bot,45,su_innesco,0,0.0,0.81245,0,0,False,0.0,1.0
unsw->bot,45,oracolo,0,0.0,0.81245,0,0,False,0.0,1.0
unsw->bot,45,stat_13x13,0,0.0,0.81245,0,0,False,0.0,1.0
unsw->bot,45,martingala,0,0.0,0.81245,0,0,False,0.0,1.0
unsw->bot,45,stat_13x13_adaptive,0,0.0,0.81245,0,0,False,0.0,1.0
unsw->bot,45,statico,1,0.053,0.79845,0,0,False,0.0,1.0
unsw->bot,45,ogni_batch,1,0.053,0.79845,1,32,False,0.0,1.0
unsw->bot,45,su_innesco,1,0.053,0.79845,0,0,False,0.0,1.0
unsw->bot,45,oracolo,1,0.053,0.79845,1,32,False,0.0,1.0
unsw->bot,45,stat_13x13,1,0.053,0.99855,1,32,False,0.0,1.0
unsw->bot,45,martingala,1,0.053,0.79845,1,32,False,0.0,1.0
unsw->bot,45,stat_13x13_adaptive,1,0.053,0.99855,1,32,False,0.0,1.0
unsw->bot,45,statico,2,0.105,0.8991199559977998,0,0,False,0.0,1.0
unsw->bot,45,ogni_batch,2,0.105,0.8991199559977998,2,64,False,0.0,1.0
unsw->bot,45,su_innesco,2,0.105,0.8991199559977998,0,0,False,0.0,1.0
unsw->bot,45,oracolo,2,0.105,0.8991199559977998,2,64,False,0.0,1.0
unsw->bot,45,stat_13x13,2,0.105,0.5,2,64,False,0.0,1.0
unsw->bot,45,martingala,2,0.105,0.8991199559977998,1,32,False,0.0,1.0
unsw->bot,45,stat_13x13_adaptive,2,0.105,0.5,2,64,False,0.0,1.0
unsw->bot,45,statico,3,0.158,0.895294764738237,0,0,False,0.0,1.0
unsw->bot,45,ogni_batch,3,0.158,0.895294764738237,3,96,False,0.0,1.0
unsw->bot,45,su_innesco,3,0.158,0.895294764738237,0,0,False,0.0,1.0
unsw->bot,45,oracolo,3,0.158,0.4990499524976249,3,96,False,0.0,1.0
unsw->bot,45,stat_13x13,3,0.158,0.5,3,96,False,0.0,1.0
unsw->bot,45,martingala,3,0.158,0.895294764738237,1,32,False,0.0,1.0
unsw->bot,45,stat_13x13_adaptive,3,0.158,0.5,3,96,False,0.0,1.0
unsw->bot,45,statico,4,0.211,0.3900695034751738,0,0,False,0.0,1.0
unsw->bot,45,ogni_batch,4,0.211,0.3900695034751738,4,128,False,0.0,1.0
unsw->bot,45,su_innesco,4,0.211,0.3900695034751738,0,0,False,0.0,1.0
unsw->bot,45,oracolo,4,0.211,0.49789989499474974,4,128,False,0.0,1.0
unsw->bot,45,stat_13x13,4,0.211,0.5,4,128,False,0.0,1.0
unsw->bot,45,martingala,4,0.211,0.3900695034751738,1,32,False,0.0,1.0
unsw->bot,45,stat_13x13_adaptive,4,0.211,0.5,4,128,False,0.0,1.0
unsw->bot,45,statico,5,0.263,0.77395,0,0,False,0.0,1.0
unsw->bot,45,ogni_batch,5,0.263,0.77395,5,160,False,0.0,1.0
unsw->bot,45,su_innesco,5,0.263,0.77395,0,0,False,0.0,1.0
unsw->bot,45,oracolo,5,0.263,0.80165,5,160,False,0.0,1.0
unsw->bot,45,stat_13x13,5,0.263,1.0,5,160,False,0.0,1.0
unsw->bot,45,martingala,5,0.263,0.77395,1,32,False,0.0,1.0
unsw->bot,45,stat_13x13_adaptive,5,0.263,1.0,5,160,False,0.0,1.0
unsw->bot,45,statico,6,0.316,0.77245,0,0,False,0.0,1.0
unsw->bot,45,ogni_batch,6,0.316,0.77245,6,192,False,0.0,1.0
unsw->bot,45,su_innesco,6,0.316,0.77245,0,0,False,0.0,1.0
unsw->bot,45,oracolo,6,0.316,0.8022,6,192,False,0.0,1.0
unsw->bot,45,stat_13x13,6,0.316,1.0,6,192,False,0.0,1.0
unsw->bot,45,martingala,6,0.316,0.77245,1,32,False,0.0,1.0
unsw->bot,45,stat_13x13_adaptive,6,0.316,1.0,6,192,False,0.0,1.0
unsw->bot,45,statico,7,0.368,0.8786689334466724,0,0,False,0.0,1.0
unsw->bot,45,ogni_batch,7,0.368,0.8786689334466724,7,224,False,0.0,1.0
unsw->bot,45,su_innesco,7,0.368,0.8786689334466724,0,0,False,0.0,1.0
unsw->bot,45,oracolo,7,0.368,0.9671233561678083,7,224,False,0.0,1.0
unsw->bot,45,stat_13x13,7,0.368,0.5,7,224,False,0.0,1.0
unsw->bot,45,martingala,7,0.368,0.8786689334466724,1,32,False,0.0,1.0
unsw->bot,45,stat_13x13_adaptive,7,0.368,0.5,7,224,False,0.0,1.0
unsw->bot,45,statico,8,0.421,0.8790439521976099,0,0,False,0.0,1.0
unsw->bot,45,ogni_batch,8,0.421,0.8790439521976099,8,256,False,0.0,1.0
unsw->bot,45,su_innesco,8,0.421,0.8790439521976099,0,0,False,0.0,1.0
unsw->bot,45,oracolo,8,0.421,0.4865743287164358,8,256,False,0.0,1.0
unsw->bot,45,stat_13x13,8,0.421,0.5,8,256,False,0.0,1.0
unsw->bot,45,martingala,8,0.421,0.8790439521976099,1,32,False,0.0,1.0
unsw->bot,45,stat_13x13_adaptive,8,0.421,0.5,8,256,False,0.0,1.0
unsw->bot,45,statico,9,0.474,0.8757937896894845,0,0,False,0.0,1.0
unsw->bot,45,ogni_batch,9,0.474,0.8757937896894845,9,288,False,0.0,1.0
unsw->bot,45,su_innesco,9,0.474,0.8757937896894845,0,0,False,0.0,1.0
unsw->bot,45,oracolo,9,0.474,0.9876993849692485,9,288,False,0.0,1.0
unsw->bot,45,stat_13x13,9,0.474,0.5,9,288,False,0.0,1.0
unsw->bot,45,martingala,9,0.474,0.8757937896894845,1,32,False,0.0,1.0
unsw->bot,45,stat_13x13_adaptive,9,0.474,0.5,9,288,False,0.0,1.0
unsw->bot,45,statico,10,0.526,0.8693684684234212,0,0,False,0.0,1.0
unsw->bot,45,ogni_batch,10,0.526,0.8693684684234212,10,320,False,0.0,1.0
unsw->bot,45,su_innesco,10,0.526,0.8693684684234212,0,0,False,0.0,1.0
unsw->bot,45,oracolo,10,0.526,0.9828241412070604,10,320,False,0.0,1.0
unsw->bot,45,stat_13x13,10,0.526,0.5,10,320,False,0.0,1.0
unsw->bot,45,martingala,10,0.526,0.8693684684234212,1,32,False,0.0,1.0
unsw->bot,45,stat_13x13_adaptive,10,0.526,0.5,10,320,False,0.0,1.0
unsw->bot,45,statico,11,0.579,0.6687171792948237,0,0,False,0.0,1.0
unsw->bot,45,ogni_batch,11,0.579,0.6687171792948237,11,352,False,0.0,1.0
unsw->bot,45,su_innesco,11,0.579,0.6687171792948237,0,0,False,0.0,1.0
unsw->bot,45,oracolo,11,0.579,0.7838959739934983,11,352,False,0.0,1.0
unsw->bot,45,stat_13x13,11,0.579,0.5,11,352,False,0.0,1.0
unsw->bot,45,martingala,11,0.579,0.6687171792948237,1,32,False,0.0,1.0
unsw->bot,45,stat_13x13_adaptive,11,0.579,0.5,11,352,False,0.0,1.0
unsw->bot,45,statico,12,0.632,0.868248649729946,0,0,False,0.0,1.0
unsw->bot,45,ogni_batch,12,0.632,0.868248649729946,12,384,False,0.0,1.0
unsw->bot,45,su_innesco,12,0.632,0.868248649729946,0,0,False,0.0,1.0
unsw->bot,45,oracolo,12,0.632,0.9853970794158832,12,384,False,0.0,1.0
unsw->bot,45,stat_13x13,12,0.632,0.5,12,384,False,0.0,1.0
unsw->bot,45,martingala,12,0.632,0.868248649729946,1,32,False,0.0,1.0
unsw->bot,45,stat_13x13_adaptive,12,0.632,0.5,12,384,False,0.0,1.0
unsw->bot,45,statico,13,0.684,0.6981380540414395,0,0,False,0.0,1.0
unsw->bot,45,ogni_batch,13,0.684,0.6981380540414395,13,416,False,0.0,1.0
unsw->bot,45,su_innesco,13,0.684,0.6981380540414395,0,0,False,0.0,1.0
unsw->bot,45,oracolo,13,0.684,0.66321614908903,13,416,False,0.0,1.0
unsw->bot,45,stat_13x13,13,0.684,0.5,13,416,False,0.0,1.0
unsw->bot,45,martingala,13,0.684,0.6981380540414395,1,32,False,0.0,1.0
unsw->bot,45,stat_13x13_adaptive,13,0.684,0.5,13,416,False,0.0,1.0
unsw->bot,45,statico,14,0.737,0.8591429571478574,0,0,False,0.0,1.0
unsw->bot,45,ogni_batch,14,0.737,0.8591429571478574,14,448,False,0.0,1.0
unsw->bot,45,su_innesco,14,0.737,0.8591429571478574,0,0,False,0.0,1.0
unsw->bot,45,oracolo,14,0.737,0.9846742337116856,14,448,False,0.0,1.0
unsw->bot,45,stat_13x13,14,0.737,0.5,14,448,False,0.0,1.0
unsw->bot,45,martingala,14,0.737,0.8591429571478574,1,32,False,0.0,1.0
unsw->bot,45,stat_13x13_adaptive,14,0.737,0.5,14,448,False,0.0,1.0
unsw->bot,45,statico,15,0.789,0.6055605560556055,0,0,False,0.0,1.0
unsw->bot,45,ogni_batch,15,0.789,0.6055605560556055,15,480,False,0.0,1.0
unsw->bot,45,su_innesco,15,0.789,0.6055605560556055,0,0,False,0.0,1.0
unsw->bot,45,oracolo,15,0.789,0.7382238223822382,15,480,False,0.0,1.0
unsw->bot,45,stat_13x13,15,0.789,0.5,15,480,False,0.0,1.0
unsw->bot,45,martingala,15,0.789,0.6055605560556055,1,32,False,0.0,1.0
unsw->bot,45,stat_13x13_adaptive,15,0.789,0.5,15,480,False,0.0,1.0
unsw->bot,45,statico,16,0.842,0.6015601560156015,0,0,False,0.0,1.0
unsw->bot,45,ogni_batch,16,0.842,0.6015601560156015,16,512,False,0.0,1.0
unsw->bot,45,su_innesco,16,0.842,0.6015601560156015,0,0,False,0.0,1.0
unsw->bot,45,oracolo,16,0.842,0.7307980798079807,16,512,False,0.0,1.0
unsw->bot,45,stat_13x13,16,0.842,0.5,16,512,False,0.0,1.0
unsw->bot,45,martingala,16,0.842,0.6015601560156015,1,32,False,0.0,1.0
unsw->bot,45,stat_13x13_adaptive,16,0.842,0.5,16,512,False,0.0,1.0
unsw->bot,45,statico,17,0.895,0.69465,0,0,False,0.0,1.0
unsw->bot,45,ogni_batch,17,0.895,0.69465,17,544,False,0.0,1.0
unsw->bot,45,su_innesco,17,0.895,0.69465,0,0,False,0.0,1.0
unsw->bot,45,oracolo,17,0.895,0.95245,17,544,False,0.0,1.0
unsw->bot,45,stat_13x13,17,0.895,1.0,17,544,False,0.0,1.0
unsw->bot,45,martingala,17,0.895,0.69465,1,32,False,0.0,1.0
unsw->bot,45,stat_13x13_adaptive,17,0.895,1.0,17,544,False,0.0,1.0
unsw->bot,45,statico,18,0.947,0.8477369342335583,0,0,False,0.0,1.0
unsw->bot,45,ogni_batch,18,0.947,0.8477369342335583,18,576,False,0.0,1.0
unsw->bot,45,su_innesco,18,0.947,0.8477369342335583,0,0,False,0.0,1.0
unsw->bot,45,oracolo,18,0.947,0.8826956739184797,18,576,False,0.0,1.0
unsw->bot,45,stat_13x13,18,0.947,0.5,18,576,False,0.0,1.0
unsw->bot,45,martingala,18,0.947,0.8477369342335583,1,32,False,0.0,1.0
unsw->bot,45,stat_13x13_adaptive,18,0.947,0.5,18,576,False,0.0,1.0
unsw->bot,45,statico,19,1.0,0.8404670233511675,0,0,False,0.0,1.0
unsw->bot,45,ogni_batch,19,1.0,0.8404670233511675,19,608,False,0.0,1.0
unsw->bot,45,su_innesco,19,1.0,0.8404670233511675,0,0,False,0.0,1.0
unsw->bot,45,oracolo,19,1.0,0.9756737836891844,19,608,False,0.0,1.0
unsw->bot,45,stat_13x13,19,1.0,0.5,19,608,False,0.0,1.0
unsw->bot,45,martingala,19,1.0,0.8404670233511675,1,32,False,0.0,1.0
unsw->bot,45,stat_13x13_adaptive,19,1.0,0.5,19,608,False,0.0,1.0
unsw->bot,46,statico,0,0.0,0.81225,0,0,False,0.0,1.0
unsw->bot,46,ogni_batch,0,0.0,0.81225,0,0,False,0.0,1.0
unsw->bot,46,su_innesco,0,0.0,0.81225,0,0,False,0.0,1.0
unsw->bot,46,oracolo,0,0.0,0.81225,0,0,False,0.0,1.0
unsw->bot,46,stat_13x13,0,0.0,0.81225,0,0,False,0.0,1.0
unsw->bot,46,martingala,0,0.0,0.81225,0,0,False,0.0,1.0
unsw->bot,46,stat_13x13_adaptive,0,0.0,0.81225,0,0,False,0.0,1.0
unsw->bot,46,statico,1,0.053,0.80795,0,0,False,0.0,1.0
unsw->bot,46,ogni_batch,1,0.053,0.80795,1,32,False,0.0,1.0
unsw->bot,46,su_innesco,1,0.053,0.80795,0,0,False,0.0,1.0
unsw->bot,46,oracolo,1,0.053,0.80795,1,32,False,0.0,1.0
unsw->bot,46,stat_13x13,1,0.053,0.42765,1,32,False,0.0,1.0
unsw->bot,46,martingala,1,0.053,0.80795,0,0,False,0.0,1.0
unsw->bot,46,stat_13x13_adaptive,1,0.053,0.9918,1,32,False,0.0,1.0
unsw->bot,46,statico,2,0.105,0.9026701335066754,0,0,False,0.0,1.0
unsw->bot,46,ogni_batch,2,0.105,0.9026701335066754,2,64,False,0.0,1.0
unsw->bot,46,su_innesco,2,0.105,0.9026701335066754,0,0,False,0.0,1.0
unsw->bot,46,oracolo,2,0.105,0.9026701335066754,2,64,False,0.0,1.0
unsw->bot,46,stat_13x13,2,0.105,0.5,2,64,False,0.0,1.0
unsw->bot,46,martingala,2,0.105,0.9026701335066754,0,0,False,0.0,1.0
unsw->bot,46,stat_13x13_adaptive,2,0.105,0.49959997999899997,2,64,False,0.0,1.0
unsw->bot,46,statico,3,0.158,0.9034701735086754,0,0,False,0.0,1.0
unsw->bot,46,ogni_batch,3,0.158,0.9034701735086754,3,96,False,0.0,1.0
unsw->bot,46,su_innesco,3,0.158,0.9034701735086754,0,0,False,0.0,1.0
unsw->bot,46,oracolo,3,0.158,0.9978498924946247,3,96,False,0.0,1.0
unsw->bot,46,stat_13x13,3,0.158,0.5,3,96,False,0.0,1.0
unsw->bot,46,martingala,3,0.158,0.9034701735086754,0,0,False,0.0,1.0
unsw->bot,46,stat_13x13_adaptive,3,0.158,0.5,3,96,False,0.0,1.0
unsw->bot,46,statico,4,0.211,0.7333433348335583,0,0,False,0.0,1.0
unsw->bot,46,ogni_batch,4,0.211,0.7333433348335583,4,128,False,0.0,1.0
unsw->bot,46,su_innesco,4,0.211,0.7333433348335583,0,0,False,0.0,1.0
unsw->bot,46,oracolo,4,0.211,0.6633661715924055,4,128,False,0.0,1.0
unsw->bot,46,stat_13x13,4,0.211,0.5,4,128,False,0.0,1.0
unsw->bot,46,martingala,4,0.211,0.7333433348335583,0,0,False,0.0,1.0
unsw->bot,46,stat_13x13_adaptive,4,0.211,0.5,4,128,False,0.0,1.0
unsw->bot,46,statico,5,0.263,0.8004,0,0,False,0.0,1.0
unsw->bot,46,ogni_batch,5,0.263,0.8004,5,160,False,0.0,1.0
unsw->bot,46,su_innesco,5,0.263,0.8004,0,0,False,0.0,1.0
unsw->bot,46,oracolo,5,0.263,0.97625,5,160,False,0.0,1.0
unsw->bot,46,stat_13x13,5,0.263,1.0,5,160,False,0.0,1.0
unsw->bot,46,martingala,5,0.263,0.8004,0,0,False,0.0,1.0
unsw->bot,46,stat_13x13_adaptive,5,0.263,1.0,5,160,False,0.0,1.0
unsw->bot,46,statico,6,0.316,0.79855,0,0,False,0.0,1.0
unsw->bot,46,ogni_batch,6,0.316,0.79855,6,192,False,0.0,1.0
unsw->bot,46,su_innesco,6,0.316,0.79855,0,0,False,0.0,1.0
unsw->bot,46,oracolo,6,0.316,0.9777,6,192,False,0.0,1.0
unsw->bot,46,stat_13x13,6,0.316,1.0,6,192,False,0.0,1.0
unsw->bot,46,martingala,6,0.316,0.79855,0,0,False,0.0,1.0
unsw->bot,46,stat_13x13_adaptive,6,0.316,1.0,6,192,False,0.0,1.0
unsw->bot,46,statico,7,0.368,0.79605,0,0,False,0.0,1.0
unsw->bot,46,ogni_batch,7,0.368,0.79605,7,224,False,0.0,1.0
unsw->bot,46,su_innesco,7,0.368,0.79605,0,0,False,0.0,1.0
unsw->bot,46,oracolo,7,0.368,0.9733,7,224,False,0.0,1.0
unsw->bot,46,stat_13x13,7,0.368,1.0,7,224,False,0.0,1.0
unsw->bot,46,martingala,7,0.368,0.79605,0,0,False,0.0,1.0
unsw->bot,46,stat_13x13_adaptive,7,0.368,1.0,7,224,False,0.0,1.0
unsw->bot,46,statico,8,0.421,0.6487898789878987,0,0,False,0.0,1.0
unsw->bot,46,ogni_batch,8,0.421,0.6487898789878987,8,256,False,0.0,1.0
unsw->bot,46,su_innesco,8,0.421,0.6487898789878987,0,0,False,0.0,1.0
unsw->bot,46,oracolo,8,0.421,0.7370987098709871,8,256,False,0.0,1.0
unsw->bot,46,stat_13x13,8,0.421,0.5,8,256,False,0.0,1.0
unsw->bot,46,martingala,8,0.421,0.6487898789878987,0,0,False,0.0,1.0
unsw->bot,46,stat_13x13_adaptive,8,0.421,0.5,8,256,False,0.0,1.0
unsw->bot,46,statico,9,0.474,0.8943894389438944,0,0,False,0.0,1.0
unsw->bot,46,ogni_batch,9,0.474,0.8943894389438944,9,288,False,0.0,1.0
unsw->bot,46,su_innesco,9,0.474,0.8943894389438944,0,0,False,0.0,1.0
unsw->bot,46,oracolo,9,0.474,0.9856735673567356,9,288,False,0.0,1.0
unsw->bot,46,stat_13x13,9,0.474,0.5,9,288,False,0.0,1.0
unsw->bot,46,martingala,9,0.474,0.8943894389438944,0,0,False,0.0,1.0
unsw->bot,46,stat_13x13_adaptive,9,0.474,0.5,9,288,False,0.0,1.0
unsw->bot,46,statico,10,0.526,0.39324466223311166,0,0,False,0.0,1.0
unsw->bot,46,ogni_batch,10,0.526,0.39324466223311166,10,320,False,0.0,1.0
unsw->bot,46,su_innesco,10,0.526,0.39324466223311166,0,0,False,0.0,1.0
unsw->bot,46,oracolo,10,0.526,0.48534926746337315,10,320,False,0.0,1.0
unsw->bot,46,stat_13x13,10,0.526,0.5,10,320,False,0.0,1.0
unsw->bot,46,martingala,10,0.526,0.39324466223311166,0,0,False,0.0,1.0
unsw->bot,46,stat_13x13_adaptive,10,0.526,0.5,10,320,False,0.0,1.0
unsw->bot,46,statico,11,0.579,0.7271424046940373,0,0,False,0.0,1.0
unsw->bot,46,ogni_batch,11,0.579,0.7271424046940373,11,352,False,0.0,1.0
unsw->bot,46,su_innesco,11,0.579,0.7271424046940373,0,0,False,0.0,1.0
unsw->bot,46,oracolo,11,0.579,0.478221733259989,11,352,False,0.0,1.0
unsw->bot,46,stat_13x13,11,0.579,0.5,11,352,False,0.0,1.0
unsw->bot,46,martingala,11,0.579,0.7271424046940373,0,0,False,0.0,1.0
unsw->bot,46,stat_13x13_adaptive,11,0.579,0.5,11,352,False,0.0,1.0
unsw->bot,46,statico,12,0.632,0.8924946247312366,0,0,False,0.0,1.0
unsw->bot,46,ogni_batch,12,0.632,0.8924946247312366,12,384,False,0.0,1.0
unsw->bot,46,su_innesco,12,0.632,0.8924946247312366,0,0,False,0.0,1.0
unsw->bot,46,oracolo,12,0.632,0.9587479373968699,12,384,False,0.0,1.0
unsw->bot,46,stat_13x13,12,0.632,0.5,12,384,False,0.0,1.0
unsw->bot,46,martingala,12,0.632,0.8924946247312366,0,0,False,0.0,1.0
unsw->bot,46,stat_13x13_adaptive,12,0.632,0.5,12,384,False,0.0,1.0
unsw->bot,46,statico,13,0.684,0.7812,0,0,False,0.0,1.0
unsw->bot,46,ogni_batch,13,0.684,0.7812,13,416,False,0.0,1.0
unsw->bot,46,su_innesco,13,0.684,0.7812,0,0,False,0.0,1.0
unsw->bot,46,oracolo,13,0.684,0.934,13,416,False,0.0,1.0
unsw->bot,46,stat_13x13,13,0.684,1.0,13,416,False,0.0,1.0
unsw->bot,46,martingala,13,0.684,0.7812,0,0,False,0.0,1.0
unsw->bot,46,stat_13x13_adaptive,13,0.684,0.99995,13,416,False,0.0,1.0
unsw->bot,46,statico,14,0.737,0.6408640864086408,0,0,False,0.0,1.0
unsw->bot,46,ogni_batch,14,0.737,0.6408640864086408,14,448,False,0.0,1.0
unsw->bot,46,su_innesco,14,0.737,0.6408640864086408,0,0,False,0.0,1.0
unsw->bot,46,oracolo,14,0.737,0.975022502250225,14,448,False,0.0,1.0
unsw->bot,46,stat_13x13,14,0.737,0.5,14,448,False,0.0,1.0
unsw->bot,46,martingala,14,0.737,0.6408640864086408,0,0,False,0.0,1.0
unsw->bot,46,stat_13x13_adaptive,14,0.737,0.5,14,448,False,0.0,1.0
unsw->bot,46,statico,15,0.789,0.38771938596929845,0,0,False,0.0,1.0
unsw->bot,46,ogni_batch,15,0.789,0.38771938596929845,15,480,False,0.0,1.0
unsw->bot,46,su_innesco,15,0.789,0.38771938596929845,0,0,False,0.0,1.0
unsw->bot,46,oracolo,15,0.789,0.4622981149057453,15,480,False,0.0,1.0
unsw->bot,46,stat_13x13,15,0.789,0.5,15,480,False,0.0,1.0
unsw->bot,46,martingala,15,0.789,0.38771938596929845,0,0,False,0.0,1.0
unsw->bot,46,stat_13x13_adaptive,15,0.789,0.5,15,480,False,0.0,1.0
unsw->bot,46,statico,16,0.842,0.8870443522176108,0,0,False,0.0,1.0
unsw->bot,46,ogni_batch,16,0.842,0.8870443522176108,16,512,False,0.0,1.0
unsw->bot,46,su_innesco,16,0.842,0.8870443522176108,0,0,False,0.0,1.0
unsw->bot,46,oracolo,16,0.842,0.9620231011550577,16,512,False,0.0,1.0
unsw->bot,46,stat_13x13,16,0.842,0.5,16,512,False,0.0,1.0
unsw->bot,46,martingala,16,0.842,0.8870443522176108,0,0,False,0.0,1.0
unsw->bot,46,stat_13x13_adaptive,16,0.842,0.5,16,512,False,0.0,1.0
unsw->bot,46,statico,17,0.895,0.8897694884744237,0,0,False,0.0,1.0
unsw->bot,46,ogni_batch,17,0.895,0.8897694884744237,17,544,False,0.0,1.0
unsw->bot,46,su_innesco,17,0.895,0.8897694884744237,0,0,False,0.0,1.0
unsw->bot,46,oracolo,17,0.895,0.9612230611530577,17,544,False,0.0,1.0
unsw->bot,46,stat_13x13,17,0.895,0.5,17,544,False,0.0,1.0
unsw->bot,46,martingala,17,0.895,0.8897694884744237,0,0,False,0.0,1.0
unsw->bot,46,stat_13x13_adaptive,17,0.895,0.5,17,544,False,0.0,1.0
unsw->bot,46,statico,18,0.947,0.8881694084704235,0,0,False,0.0,1.0
unsw->bot,46,ogni_batch,18,0.947,0.8881694084704235,18,576,False,0.0,1.0
unsw->bot,46,su_innesco,18,0.947,0.8881694084704235,0,0,False,0.0,1.0
unsw->bot,46,oracolo,18,0.947,0.9664483224161209,18,576,False,0.0,1.0
unsw->bot,46,stat_13x13,18,0.947,0.5,18,576,False,0.0,1.0
unsw->bot,46,martingala,18,0.947,0.8881694084704235,0,0,False,0.0,1.0
unsw->bot,46,stat_13x13_adaptive,18,0.947,0.5,18,576,False,0.0,1.0
unsw->bot,46,statico,19,1.0,0.8821132113211321,0,0,False,0.0,1.0
unsw->bot,46,ogni_batch,19,1.0,0.8821132113211321,19,608,False,0.0,1.0
unsw->bot,46,su_innesco,19,1.0,0.8821132113211321,0,0,False,0.0,1.0
unsw->bot,46,oracolo,19,1.0,0.9859485948594859,19,608,False,0.0,1.0
unsw->bot,46,stat_13x13,19,1.0,0.5,19,608,False,0.0,1.0
unsw->bot,46,martingala,19,1.0,0.8821132113211321,0,0,False,0.0,1.0
unsw->bot,46,stat_13x13_adaptive,19,1.0,0.5,19,608,False,0.0,1.0
unsw->bot,47,statico,0,0.0,0.8062,0,0,False,0.0,1.0
unsw->bot,47,ogni_batch,0,0.0,0.8062,0,0,False,0.0,1.0
unsw->bot,47,su_innesco,0,0.0,0.8062,0,0,False,0.0,1.0
unsw->bot,47,oracolo,0,0.0,0.8062,0,0,False,0.0,1.0
unsw->bot,47,stat_13x13,0,0.0,0.8062,0,0,False,0.0,1.0
unsw->bot,47,martingala,0,0.0,0.8062,0,0,False,0.0,1.0
unsw->bot,47,stat_13x13_adaptive,0,0.0,0.8062,0,0,False,0.0,1.0
unsw->bot,47,statico,1,0.053,0.80065,0,0,False,0.0,1.0
unsw->bot,47,ogni_batch,1,0.053,0.80065,1,32,False,0.0,1.0
unsw->bot,47,su_innesco,1,0.053,0.80065,0,0,False,0.0,1.0
unsw->bot,47,oracolo,1,0.053,0.80065,1,32,False,0.0,1.0
unsw->bot,47,stat_13x13,1,0.053,0.9943,1,32,False,0.0,1.0
unsw->bot,47,martingala,1,0.053,0.80065,1,32,False,0.0,1.0
unsw->bot,47,stat_13x13_adaptive,1,0.053,0.99345,1,32,False,0.0,1.0
unsw->bot,47,statico,2,0.105,0.7897,0,0,False,0.0,1.0
unsw->bot,47,ogni_batch,2,0.105,0.7897,2,64,False,0.0,1.0
unsw->bot,47,su_innesco,2,0.105,0.7897,0,0,False,0.0,1.0
unsw->bot,47,oracolo,2,0.105,0.7897,2,64,False,0.0,1.0
unsw->bot,47,stat_13x13,2,0.105,1.0,2,64,False,0.0,1.0
unsw->bot,47,martingala,2,0.105,0.7897,1,32,False,0.0,1.0
unsw->bot,47,stat_13x13_adaptive,2,0.105,1.0,2,64,False,0.0,1.0
unsw->bot,47,statico,3,0.158,0.7896,0,0,False,0.0,1.0
unsw->bot,47,ogni_batch,3,0.158,0.7896,3,96,False,0.0,1.0
unsw->bot,47,su_innesco,3,0.158,0.7896,0,0,False,0.0,1.0
unsw->bot,47,oracolo,3,0.158,0.7896,3,96,False,0.0,1.0
unsw->bot,47,stat_13x13,3,0.158,1.0,3,96,False,0.0,1.0
unsw->bot,47,martingala,3,0.158,0.7896,1,32,False,0.0,1.0
unsw->bot,47,stat_13x13_adaptive,3,0.158,1.0,3,96,False,0.0,1.0
unsw->bot,47,statico,4,0.211,0.8906890689068907,0,0,False,0.0,1.0
unsw->bot,47,ogni_batch,4,0.211,0.8906890689068907,4,128,False,0.0,1.0
unsw->bot,47,su_innesco,4,0.211,0.8906890689068907,0,0,False,0.0,1.0
unsw->bot,47,oracolo,4,0.211,0.8906890689068907,4,128,False,0.0,1.0
unsw->bot,47,stat_13x13,4,0.211,0.5,4,128,False,0.0,1.0
unsw->bot,47,martingala,4,0.211,0.8906890689068907,1,32,False,0.0,1.0
unsw->bot,47,stat_13x13_adaptive,4,0.211,0.5,4,128,False,0.0,1.0
unsw->bot,47,statico,5,0.263,0.76875,0,0,False,0.0,1.0
unsw->bot,47,ogni_batch,5,0.263,0.76875,5,160,False,0.0,1.0
unsw->bot,47,su_innesco,5,0.263,0.76875,0,0,False,0.0,1.0
unsw->bot,47,oracolo,5,0.263,0.9933,5,160,False,0.0,1.0
unsw->bot,47,stat_13x13,5,0.263,1.0,5,160,False,0.0,1.0
unsw->bot,47,martingala,5,0.263,0.76875,1,32,False,0.0,1.0
unsw->bot,47,stat_13x13_adaptive,5,0.263,1.0,5,160,False,0.0,1.0
unsw->bot,47,statico,6,0.316,0.76755,0,0,False,0.0,1.0
unsw->bot,47,ogni_batch,6,0.316,0.76755,6,192,False,0.0,1.0
unsw->bot,47,su_innesco,6,0.316,0.76755,0,0,False,0.0,1.0
unsw->bot,47,oracolo,6,0.316,0.9929,6,192,False,0.0,1.0
unsw->bot,47,stat_13x13,6,0.316,1.0,6,192,False,0.0,1.0
unsw->bot,47,martingala,6,0.316,0.76755,1,32,False,0.0,1.0
unsw->bot,47,stat_13x13_adaptive,6,0.316,1.0,6,192,False,0.0,1.0
unsw->bot,47,statico,7,0.368,0.6291379137913791,0,0,False,0.0,1.0
unsw->bot,47,ogni_batch,7,0.368,0.6291379137913791,7,224,False,0.0,1.0
unsw->bot,47,su_innesco,7,0.368,0.6291379137913791,0,0,False,0.0,1.0
unsw->bot,47,oracolo,7,0.368,0.746974697469747,7,224,False,0.0,1.0
unsw->bot,47,stat_13x13,7,0.368,0.5,7,224,False,0.0,1.0
unsw->bot,47,martingala,7,0.368,0.6291379137913791,1,32,False,0.0,1.0
unsw->bot,47,stat_13x13_adaptive,7,0.368,0.5,7,224,False,0.0,1.0
unsw->bot,47,statico,8,0.421,0.8732436621831092,0,0,False,0.0,1.0
unsw->bot,47,ogni_batch,8,0.421,0.9961998099904995,8,256,False,0.0,1.0
unsw->bot,47,su_innesco,8,0.421,0.8732436621831092,0,0,False,0.0,1.0
unsw->bot,47,oracolo,8,0.421,0.9785739286964348,8,256,False,0.0,1.0
unsw->bot,47,stat_13x13,8,0.421,0.5,8,256,False,0.0,1.0
unsw->bot,47,martingala,8,0.421,0.8732436621831092,1,32,False,0.0,1.0
unsw->bot,47,stat_13x13_adaptive,8,0.421,0.5,8,256,False,0.0,1.0
unsw->bot,47,statico,9,0.474,0.8724622462246225,0,0,False,0.0,1.0
unsw->bot,47,ogni_batch,9,0.474,0.7465996599659965,9,288,False,0.0,1.0
unsw->bot,47,su_innesco,9,0.474,0.8724622462246225,0,0,False,0.0,1.0
unsw->bot,47,oracolo,9,0.474,0.7391739173917391,9,288,False,0.0,1.0
unsw->bot,47,stat_13x13,9,0.474,0.5,9,288,False,0.0,1.0
unsw->bot,47,martingala,9,0.474,0.8724622462246225,1,32,False,0.0,1.0
unsw->bot,47,stat_13x13_adaptive,9,0.474,0.5,9,288,False,0.0,1.0
unsw->bot,47,statico,10,0.526,0.8667800170025504,0,0,False,0.0,1.0
unsw->bot,47,ogni_batch,10,0.526,0.8289826807354437,10,320,False,0.0,1.0
unsw->bot,47,su_innesco,10,0.526,0.8667800170025504,0,0,False,0.0,1.0
unsw->bot,47,oracolo,10,0.526,0.9918737810671601,10,320,False,0.0,1.0
unsw->bot,47,stat_13x13,10,0.526,0.6666666666666666,10,320,False,0.0,1.0
unsw->bot,47,martingala,10,0.526,0.8667800170025504,1,32,False,0.0,1.0
unsw->bot,47,stat_13x13_adaptive,10,0.526,0.5,10,320,False,0.0,1.0
unsw->bot,47,statico,11,0.579,0.8652182609130457,0,0,False,0.0,1.0
unsw->bot,47,ogni_batch,11,0.579,0.9966248312415621,11,352,False,0.0,1.0
unsw->bot,47,su_innesco,11,0.579,0.8652182609130457,0,0,False,0.0,1.0
unsw->bot,47,oracolo,11,0.579,0.992299614980749,11,352,False,0.0,1.0
unsw->bot,47,stat_13x13,11,0.579,1.0,11,352,False,0.0,1.0
unsw->bot,47,martingala,11,0.579,0.8652182609130457,1,32,False,0.0,1.0
unsw->bot,47,stat_13x13_adaptive,11,0.579,1.0,11,352,False,0.0,1.0
unsw->bot,47,statico,12,0.632,0.8593429671483575,0,0,False,0.0,1.0
unsw->bot,47,ogni_batch,12,0.632,0.99969998499925,12,384,False,0.0,1.0
unsw->bot,47,su_innesco,12,0.632,0.8593429671483575,0,0,False,0.0,1.0
unsw->bot,47,oracolo,12,0.632,0.9927746387319366,12,384,False,0.0,1.0
unsw->bot,47,stat_13x13,12,0.632,0.5,12,384,False,0.0,1.0
unsw->bot,47,martingala,12,0.632,0.8593429671483575,1,32,False,0.0,1.0
unsw->bot,47,stat_13x13_adaptive,12,0.632,0.5,12,384,False,0.0,1.0
unsw->bot,47,statico,13,0.684,0.8572178608930446,0,0,False,0.0,1.0
unsw->bot,47,ogni_batch,13,0.684,0.49989999499974996,13,416,False,0.0,1.0
unsw->bot,47,su_innesco,13,0.684,0.8572178608930446,0,0,False,0.0,1.0
unsw->bot,47,oracolo,13,0.684,0.4935746787339367,13,416,False,0.0,1.0
unsw->bot,47,stat_13x13,13,0.684,0.5,13,416,False,0.0,1.0
unsw->bot,47,martingala,13,0.684,0.8572178608930446,1,32,False,0.0,1.0
unsw->bot,47,stat_13x13_adaptive,13,0.684,0.5,13,416,False,0.0,1.0
unsw->bot,47,statico,14,0.737,0.8518425921296064,0,0,False,0.0,1.0
unsw->bot,47,ogni_batch,14,0.737,0.9998749937496875,14,448,False,0.0,1.0
unsw->bot,47,su_innesco,14,0.737,0.8518425921296064,0,0,False,0.0,1.0
unsw->bot,47,oracolo,14,0.737,0.9944747237361868,14,448,False,0.0,1.0
unsw->bot,47,stat_13x13,14,0.737,0.5,14,448,False,0.0,1.0
unsw->bot,47,martingala,14,0.737,0.8518425921296064,1,32,False,0.0,1.0
unsw->bot,47,stat_13x13_adaptive,14,0.737,0.5,14,448,False,0.0,1.0
unsw->bot,47,statico,15,0.789,0.8493849384938494,0,0,False,0.0,1.0
unsw->bot,47,ogni_batch,15,0.789,0.999899989999,15,480,False,0.0,1.0
unsw->bot,47,su_innesco,15,0.789,0.8493849384938494,0,0,False,0.0,1.0
unsw->bot,47,oracolo,15,0.789,0.9950995099509952,15,480,False,0.0,1.0
unsw->bot,47,stat_13x13,15,0.789,0.5,15,480,False,0.0,1.0
unsw->bot,47,martingala,15,0.789,0.8493849384938494,1,32,False,0.0,1.0
unsw->bot,47,stat_13x13_adaptive,15,0.789,0.75,15,480,False,0.0,1.0
unsw->bot,47,statico,16,0.842,0.6004600460046005,0,0,False,0.0,1.0
unsw->bot,47,ogni_batch,16,0.842,0.75,16,512,False,0.0,1.0
unsw->bot,47,su_innesco,16,0.842,0.6004600460046005,0,0,False,0.0,1.0
unsw->bot,47,oracolo,16,0.842,0.7394989498949895,16,512,False,0.0,1.0
unsw->bot,47,stat_13x13,16,0.842,0.5,16,512,False,0.0,1.0
unsw->bot,47,martingala,16,0.842,0.6004600460046005,1,32,False,0.0,1.0
unsw->bot,47,stat_13x13_adaptive,16,0.842,0.5,16,512,False,0.0,1.0
unsw->bot,47,statico,17,0.895,0.69,0,0,False,0.0,1.0
unsw->bot,47,ogni_batch,17,0.895,1.0,17,544,False,0.0,1.0
unsw->bot,47,su_innesco,17,0.895,0.69,0,0,False,0.0,1.0
unsw->bot,47,oracolo,17,0.895,0.99315,17,544,False,0.0,1.0
unsw->bot,47,stat_13x13,17,0.895,1.0,17,544,False,0.0,1.0
unsw->bot,47,martingala,17,0.895,0.69,1,32,False,0.0,1.0
unsw->bot,47,stat_13x13_adaptive,17,0.895,1.0,17,544,False,0.0,1.0
unsw->bot,47,statico,18,0.947,0.7159181836367273,0,0,False,0.0,1.0
unsw->bot,47,ogni_batch,18,0.947,0.625,18,576,False,0.0,1.0
unsw->bot,47,su_innesco,18,0.947,0.7159181836367273,0,0,False,0.0,1.0
unsw->bot,47,oracolo,18,0.947,0.6123974794958992,18,576,False,0.0,1.0
unsw->bot,47,stat_13x13,18,0.947,0.5,18,576,False,0.0,1.0
unsw->bot,47,martingala,18,0.947,0.7159181836367273,1,32,False,0.0,1.0
unsw->bot,47,stat_13x13_adaptive,18,0.947,0.5,18,576,False,0.0,1.0
unsw->bot,47,statico,19,1.0,0.6711340034338484,0,0,False,0.0,1.0
unsw->bot,47,ogni_batch,19,1.0,0.6666666666666666,19,608,False,0.0,1.0
unsw->bot,47,su_innesco,19,1.0,0.6711340034338484,0,0,False,0.0,1.0
unsw->bot,47,oracolo,19,1.0,0.9782967445116768,19,608,False,0.0,1.0
unsw->bot,47,stat_13x13,19,1.0,0.5,19,608,False,0.0,1.0
unsw->bot,47,martingala,19,1.0,0.6711340034338484,1,32,False,0.0,1.0
unsw->bot,47,stat_13x13_adaptive,19,1.0,0.5,19,608,False,0.0,1.0
unsw->bot,48,statico,0,0.0,0.81625,0,0,False,0.0,1.0
unsw->bot,48,ogni_batch,0,0.0,0.81625,0,0,False,0.0,1.0
unsw->bot,48,su_innesco,0,0.0,0.81625,0,0,False,0.0,1.0
unsw->bot,48,oracolo,0,0.0,0.81625,0,0,False,0.0,1.0
unsw->bot,48,stat_13x13,0,0.0,0.81625,0,0,False,0.0,1.0
unsw->bot,48,martingala,0,0.0,0.81625,0,0,False,0.0,1.0
unsw->bot,48,stat_13x13_adaptive,0,0.0,0.81625,0,0,False,0.0,1.0
unsw->bot,48,statico,1,0.053,0.9007450372518626,0,0,False,0.0,1.0
unsw->bot,48,ogni_batch,1,0.053,0.9007450372518626,1,32,False,0.0,1.0
unsw->bot,48,su_innesco,1,0.053,0.9007450372518626,0,0,False,0.0,1.0
unsw->bot,48,oracolo,1,0.053,0.9007450372518626,1,32,False,0.0,1.0
unsw->bot,48,stat_13x13,1,0.053,0.4992749637481874,1,32,False,0.0,1.0
unsw->bot,48,martingala,1,0.053,0.9007450372518626,1,32,False,0.0,1.0
unsw->bot,48,stat_13x13_adaptive,1,0.053,0.4973248662433122,1,32,False,0.0,1.0
unsw->bot,48,statico,2,0.105,0.7968,0,0,False,0.0,1.0
unsw->bot,48,ogni_batch,2,0.105,0.7968,2,64,False,0.0,1.0
unsw->bot,48,su_innesco,2,0.105,0.7968,0,0,False,0.0,1.0
unsw->bot,48,oracolo,2,0.105,0.99805,2,64,False,0.0,1.0
unsw->bot,48,stat_13x13,2,0.105,1.0,2,64,False,0.0,1.0
unsw->bot,48,martingala,2,0.105,0.7968,1,32,False,0.0,1.0
unsw->bot,48,stat_13x13_adaptive,2,0.105,0.7,2,64,False,0.0,1.0
unsw->bot,48,statico,3,0.158,0.78525,0,0,False,0.0,1.0
unsw->bot,48,ogni_batch,3,0.158,0.78525,3,96,False,0.0,1.0
unsw->bot,48,su_innesco,3,0.158,0.78525,0,0,False,0.0,1.0
unsw->bot,48,oracolo,3,0.158,0.997,3,96,False,0.0,1.0
unsw->bot,48,stat_13x13,3,0.158,1.0,3,96,False,0.0,1.0
unsw->bot,48,martingala,3,0.158,0.78525,1,32,False,0.0,1.0
unsw->bot,48,stat_13x13_adaptive,3,0.158,1.0,3,96,False,0.0,1.0
unsw->bot,48,statico,4,0.211,0.78175,0,0,False,0.0,1.0
unsw->bot,48,ogni_batch,4,0.211,0.78175,4,128,False,0.0,1.0
unsw->bot,48,su_innesco,4,0.211,0.78175,0,0,False,0.0,1.0
unsw->bot,48,oracolo,4,0.211,0.99625,4,128,False,0.0,1.0
unsw->bot,48,stat_13x13,4,0.211,1.0,4,128,False,0.0,1.0
unsw->bot,48,martingala,4,0.211,0.78175,1,32,False,0.0,1.0
unsw->bot,48,stat_13x13_adaptive,4,0.211,1.0,4,128,False,0.0,1.0
unsw->bot,48,statico,5,0.263,0.7741,0,0,False,0.0,1.0
unsw->bot,48,ogni_batch,5,0.263,0.7741,5,160,False,0.0,1.0
unsw->bot,48,su_innesco,5,0.263,0.7741,0,0,False,0.0,1.0
unsw->bot,48,oracolo,5,0.263,0.9956,5,160,False,0.0,1.0
unsw->bot,48,stat_13x13,5,0.263,1.0,5,160,False,0.0,1.0
unsw->bot,48,martingala,5,0.263,0.7741,1,32,False,0.0,1.0
unsw->bot,48,stat_13x13_adaptive,5,0.263,1.0,5,160,False,0.0,1.0
unsw->bot,48,statico,6,0.316,0.76225,0,0,False,0.0,1.0
unsw->bot,48,ogni_batch,6,0.316,0.76225,6,192,False,0.0,1.0
unsw->bot,48,su_innesco,6,0.316,0.76225,0,0,False,0.0,1.0
unsw->bot,48,oracolo,6,0.316,0.9955,6,192,False,0.0,1.0
unsw->bot,48,stat_13x13,6,0.316,1.0,6,192,False,0.0,1.0
unsw->bot,48,martingala,6,0.316,0.76225,1,32,False,0.0,1.0
unsw->bot,48,stat_13x13_adaptive,6,0.316,1.0,6,192,False,0.0,1.0
unsw->bot,48,statico,7,0.368,0.7559,0,0,False,0.0,1.0
unsw->bot,48,ogni_batch,7,0.368,0.7559,7,224,False,0.0,1.0
unsw->bot,48,su_innesco,7,0.368,0.7559,0,0,False,0.0,1.0
unsw->bot,48,oracolo,7,0.368,0.99545,7,224,False,0.0,1.0
unsw->bot,48,stat_13x13,7,0.368,1.0,7,224,False,0.0,1.0
unsw->bot,48,martingala,7,0.368,0.7559,1,32,False,0.0,1.0
unsw->bot,48,stat_13x13_adaptive,7,0.368,1.0,7,224,False,0.0,1.0
unsw->bot,48,statico,8,0.421,0.8728186409320466,0,0,False,0.0,1.0
unsw->bot,48,ogni_batch,8,0.421,0.8728186409320466,8,256,False,0.0,1.0
unsw->bot,48,su_innesco,8,0.421,0.8728186409320466,0,0,False,0.0,1.0
unsw->bot,48,oracolo,8,0.421,0.9972498624931246,8,256,False,0.0,1.0
unsw->bot,48,stat_13x13,8,0.421,0.5,8,256,False,0.0,1.0
unsw->bot,48,martingala,8,0.421,0.8728186409320466,1,32,False,0.0,1.0
unsw->bot,48,stat_13x13_adaptive,8,0.421,0.5,8,256,False,0.0,1.0
unsw->bot,48,statico,9,0.474,0.73865,0,0,False,0.0,1.0
unsw->bot,48,ogni_batch,9,0.474,0.73865,9,288,False,0.0,1.0
unsw->bot,48,su_innesco,9,0.474,0.73865,0,0,False,0.0,1.0
unsw->bot,48,oracolo,9,0.474,0.9927,9,288,False,0.0,1.0
unsw->bot,48,stat_13x13,9,0.474,1.0,9,288,False,0.0,1.0
unsw->bot,48,martingala,9,0.474,0.73865,1,32,False,0.0,1.0
unsw->bot,48,stat_13x13_adaptive,9,0.474,1.0,9,288,False,0.0,1.0
unsw->bot,48,statico,10,0.526,0.8639113911391139,0,0,False,0.0,1.0
unsw->bot,48,ogni_batch,10,0.526,0.8639113911391139,10,320,False,0.0,1.0
unsw->bot,48,su_innesco,10,0.526,0.8639113911391139,0,0,False,0.0,1.0
unsw->bot,48,oracolo,10,0.526,0.7467996799679968,10,320,False,0.0,1.0
unsw->bot,48,stat_13x13,10,0.526,0.5,10,320,False,0.0,1.0
unsw->bot,48,martingala,10,0.526,0.8639113911391139,1,32,False,0.0,1.0
unsw->bot,48,stat_13x13_adaptive,10,0.526,0.5,10,320,False,0.0,1.0
unsw->bot,48,statico,11,0.579,0.8585787868180227,0,0,False,0.0,1.0
unsw->bot,48,ogni_batch,11,0.579,0.8585787868180227,11,352,False,0.0,1.0
unsw->bot,48,su_innesco,11,0.579,0.8585787868180227,0,0,False,0.0,1.0
unsw->bot,48,oracolo,11,0.579,0.9937240586087913,11,352,False,0.0,1.0
unsw->bot,48,stat_13x13,11,0.579,0.5,11,352,False,0.0,1.0
unsw->bot,48,martingala,11,0.579,0.8585787868180227,1,32,False,0.0,1.0
unsw->bot,48,stat_13x13_adaptive,11,0.579,0.5,11,352,False,0.0,1.0
unsw->bot,48,statico,12,0.632,0.6073107310731073,0,0,False,0.0,1.0
unsw->bot,48,ogni_batch,12,0.632,0.6073107310731073,12,384,False,0.0,1.0
unsw->bot,48,su_innesco,12,0.632,0.6073107310731073,0,0,False,0.0,1.0
unsw->bot,48,oracolo,12,0.632,0.7437493749374937,12,384,False,0.0,1.0
unsw->bot,48,stat_13x13,12,0.632,0.75,12,384,False,0.0,1.0
unsw->bot,48,martingala,12,0.632,0.6073107310731073,1,32,False,0.0,1.0
unsw->bot,48,stat_13x13_adaptive,12,0.632,0.5,12,384,False,0.0,1.0
unsw->bot,48,statico,13,0.684,0.8526926346317316,0,0,False,0.0,1.0
unsw->bot,48,ogni_batch,13,0.684,0.8526926346317316,13,416,False,0.0,1.0
unsw->bot,48,su_innesco,13,0.684,0.8526926346317316,0,0,False,0.0,1.0
unsw->bot,48,oracolo,13,0.684,0.9971998599929996,13,416,False,0.0,1.0
unsw->bot,48,stat_13x13,13,0.684,0.9985999299964998,13,416,False,0.0,1.0
unsw->bot,48,martingala,13,0.684,0.8526926346317316,1,32,False,0.0,1.0
unsw->bot,48,stat_13x13_adaptive,13,0.684,0.5,13,416,False,0.0,1.0
unsw->bot,48,statico,14,0.737,0.8438921946097304,0,0,False,0.0,1.0
unsw->bot,48,ogni_batch,14,0.737,0.8438921946097304,14,448,False,0.0,1.0
unsw->bot,48,su_innesco,14,0.737,0.8438921946097304,0,0,False,0.0,1.0
unsw->bot,48,oracolo,14,0.737,0.9976498824941247,14,448,False,0.0,1.0
unsw->bot,48,stat_13x13,14,0.737,0.5,14,448,False,0.0,1.0
unsw->bot,48,martingala,14,0.737,0.8438921946097304,1,32,False,0.0,1.0
unsw->bot,48,stat_13x13_adaptive,14,0.737,0.5,14,448,False,0.0,1.0
unsw->bot,48,statico,15,0.789,0.7184686937387478,0,0,False,0.0,1.0
unsw->bot,48,ogni_batch,15,0.789,0.7184686937387478,15,480,False,0.0,1.0
unsw->bot,48,su_innesco,15,0.789,0.7184686937387478,0,0,False,0.0,1.0
unsw->bot,48,oracolo,15,0.789,0.871999399879976,15,480,False,0.0,1.0
unsw->bot,48,stat_13x13,15,0.789,0.5,15,480,False,0.0,1.0
unsw->bot,48,martingala,15,0.789,0.7184686937387478,1,32,False,0.0,1.0
unsw->bot,48,stat_13x13_adaptive,15,0.789,0.5,15,480,False,0.0,1.0
unsw->bot,48,statico,16,0.842,0.5069677118234401,0,0,False,0.0,1.0
unsw->bot,48,ogni_batch,16,0.842,0.5069677118234401,16,512,False,0.0,1.0
unsw->bot,48,su_innesco,16,0.842,0.5069677118234401,0,0,False,0.0,1.0
unsw->bot,48,oracolo,16,0.842,0.6385124435331966,16,512,False,0.0,1.0
unsw->bot,48,stat_13x13,16,0.842,0.4999749962494374,16,512,False,0.0,1.0
unsw->bot,48,martingala,16,0.842,0.5069677118234401,1,32,False,0.0,1.0
unsw->bot,48,stat_13x13_adaptive,16,0.842,0.5,16,512,False,0.0,1.0
unsw->bot,48,statico,17,0.895,0.834200130019503,0,0,False,0.0,1.0
unsw->bot,48,ogni_batch,17,0.895,0.834200130019503,17,544,False,0.0,1.0
unsw->bot,48,su_innesco,17,0.895,0.834200130019503,0,0,False,0.0,1.0
unsw->bot,48,oracolo,17,0.895,0.7932773249320731,17,544,False,0.0,1.0
unsw->bot,48,stat_13x13,17,0.895,0.5,17,544,False,0.0,1.0
unsw->bot,48,martingala,17,0.895,0.834200130019503,1,32,False,0.0,1.0
unsw->bot,48,stat_13x13_adaptive,17,0.895,0.5,17,544,False,0.0,1.0
unsw->bot,48,statico,18,0.947,0.8278327832783279,0,0,False,0.0,1.0
unsw->bot,48,ogni_batch,18,0.947,0.8278327832783279,18,576,False,0.0,1.0
unsw->bot,48,su_innesco,18,0.947,0.8278327832783279,0,0,False,0.0,1.0
unsw->bot,48,oracolo,18,0.947,0.9612461246124613,18,576,False,0.0,1.0
unsw->bot,48,stat_13x13,18,0.947,0.49997499749975,18,576,False,0.0,1.0
unsw->bot,48,martingala,18,0.947,0.8278327832783279,1,32,False,0.0,1.0
unsw->bot,48,stat_13x13_adaptive,18,0.947,0.5,18,576,False,0.0,1.0
unsw->bot,48,statico,19,1.0,0.5774327432743274,0,0,False,0.0,1.0
unsw->bot,48,ogni_batch,19,1.0,0.5774327432743274,19,608,False,0.0,1.0
unsw->bot,48,su_innesco,19,1.0,0.5774327432743274,0,0,False,0.0,1.0
unsw->bot,48,oracolo,19,1.0,0.7197969796979697,19,608,False,0.0,1.0
unsw->bot,48,stat_13x13,19,1.0,0.5,19,608,False,0.0,1.0
unsw->bot,48,martingala,19,1.0,0.5774327432743274,1,32,False,0.0,1.0
unsw->bot,48,stat_13x13_adaptive,19,1.0,0.5,19,608,False,0.0,1.0
unsw->bot,49,statico,0,0.0,0.81835,0,0,False,0.0,1.0
unsw->bot,49,ogni_batch,0,0.0,0.81835,0,0,False,0.0,1.0
unsw->bot,49,su_innesco,0,0.0,0.81835,0,0,False,0.0,1.0
unsw->bot,49,oracolo,0,0.0,0.81835,0,0,False,0.0,1.0
unsw->bot,49,stat_13x13,0,0.0,0.81835,0,0,False,0.0,1.0
unsw->bot,49,martingala,0,0.0,0.81835,0,0,False,0.0,1.0
unsw->bot,49,stat_13x13_adaptive,0,0.0,0.81835,0,0,False,0.0,1.0
unsw->bot,49,statico,1,0.053,0.8028,0,0,False,0.0,1.0
unsw->bot,49,ogni_batch,1,0.053,0.8028,1,32,False,0.0,1.0
unsw->bot,49,su_innesco,1,0.053,0.8028,0,0,False,0.0,1.0
unsw->bot,49,oracolo,1,0.053,0.8028,1,32,False,0.0,1.0
unsw->bot,49,stat_13x13,1,0.053,0.9989,1,32,False,0.0,1.0
unsw->bot,49,martingala,1,0.053,0.8028,1,32,False,0.0,1.0
unsw->bot,49,stat_13x13_adaptive,1,0.053,0.99885,1,32,False,0.0,1.0
unsw->bot,49,statico,2,0.105,0.7941,0,0,False,0.0,1.0
unsw->bot,49,ogni_batch,2,0.105,0.7941,2,64,False,0.0,1.0
unsw->bot,49,su_innesco,2,0.105,0.7941,0,0,False,0.0,1.0
unsw->bot,49,oracolo,2,0.105,0.7941,2,64,False,0.0,1.0
unsw->bot,49,stat_13x13,2,0.105,1.0,2,64,False,0.0,1.0
unsw->bot,49,martingala,2,0.105,0.7941,2,64,False,0.0,1.0
unsw->bot,49,stat_13x13_adaptive,2,0.105,1.0,2,64,False,0.0,1.0
unsw->bot,49,statico,3,0.158,0.7824,0,0,False,0.0,1.0
unsw->bot,49,ogni_batch,3,0.158,0.7824,3,96,False,0.0,1.0
unsw->bot,49,su_innesco,3,0.158,0.7824,0,0,False,0.0,1.0
unsw->bot,49,oracolo,3,0.158,0.7824,3,96,False,0.0,1.0
unsw->bot,49,stat_13x13,3,0.158,1.0,3,96,False,0.0,1.0
unsw->bot,49,martingala,3,0.158,0.7824,2,64,False,0.0,1.0
unsw->bot,49,stat_13x13_adaptive,3,0.158,1.0,3,96,False,0.0,1.0
unsw->bot,49,statico,4,0.211,0.8863943197159858,0,0,False,0.0,1.0
unsw->bot,49,ogni_batch,4,0.211,0.8863943197159858,4,128,False,0.0,1.0
unsw->bot,49,su_innesco,4,0.211,0.8863943197159858,0,0,False,0.0,1.0
unsw->bot,49,oracolo,4,0.211,0.8863943197159858,4,128,False,0.0,1.0
unsw->bot,49,stat_13x13,4,0.211,0.5,4,128,False,0.0,1.0
unsw->bot,49,martingala,4,0.211,0.8863943197159858,2,64,False,0.0,1.0
unsw->bot,49,stat_13x13_adaptive,4,0.211,0.5,4,128,False,0.0,1.0
unsw->bot,49,statico,5,0.263,0.8819940997049853,0,0,False,0.0,1.0
unsw->bot,49,ogni_batch,5,0.263,0.8819940997049853,5,160,False,0.0,1.0
unsw->bot,49,su_innesco,5,0.263,0.8819940997049853,0,0,False,0.0,1.0
unsw->bot,49,oracolo,5,0.263,0.9971748587429372,5,160,False,0.0,1.0
unsw->bot,49,stat_13x13,5,0.263,0.5,5,160,False,0.0,1.0
unsw->bot,49,martingala,5,0.263,0.8819940997049853,2,64,False,0.0,1.0
unsw->bot,49,stat_13x13_adaptive,5,0.263,0.5,5,160,False,0.0,1.0
unsw->bot,49,statico,6,0.316,0.8754875487548754,0,0,False,0.0,1.0
unsw->bot,49,ogni_batch,6,0.316,0.8754875487548754,6,192,False,0.0,1.0
unsw->bot,49,su_innesco,6,0.316,0.8754875487548754,0,0,False,0.0,1.0
unsw->bot,49,oracolo,6,0.316,0.7465746574657466,6,192,False,0.0,1.0
unsw->bot,49,stat_13x13,6,0.316,0.5,6,192,False,0.0,1.0
unsw->bot,49,martingala,6,0.316,0.8754875487548754,2,64,False,0.0,1.0
unsw->bot,49,stat_13x13_adaptive,6,0.316,0.5,6,192,False,0.0,1.0
unsw->bot,49,statico,7,0.368,0.74155,0,0,False,0.0,1.0
unsw->bot,49,ogni_batch,7,0.368,0.74155,7,224,False,0.0,1.0
unsw->bot,49,su_innesco,7,0.368,0.74155,0,0,False,0.0,1.0
unsw->bot,49,oracolo,7,0.368,0.9881,7,224,False,0.0,1.0
unsw->bot,49,stat_13x13,7,0.368,1.0,7,224,False,0.0,1.0
unsw->bot,49,martingala,7,0.368,0.74155,2,64,False,0.0,1.0
unsw->bot,49,stat_13x13_adaptive,7,0.368,1.0,7,224,False,0.0,1.0
unsw->bot,49,statico,8,0.421,0.8636863686368637,0,0,False,0.0,1.0
unsw->bot,49,ogni_batch,8,0.421,0.8636863686368637,8,256,False,0.0,1.0
unsw->bot,49,su_innesco,8,0.421,0.8636863686368637,0,0,False,0.0,1.0
unsw->bot,49,oracolo,8,0.421,0.9933493349334934,8,256,False,0.0,1.0
unsw->bot,49,stat_13x13,8,0.421,0.5,8,256,False,0.0,1.0
unsw->bot,49,martingala,8,0.421,0.8636863686368637,2,64,False,0.0,1.0
unsw->bot,49,stat_13x13_adaptive,8,0.421,0.5,8,256,False,0.0,1.0
unsw->bot,49,statico,9,0.474,0.72185,0,0,False,0.0,1.0
unsw->bot,49,ogni_batch,9,0.474,0.72185,9,288,False,0.0,1.0
unsw->bot,49,su_innesco,9,0.474,0.72185,0,0,False,0.0,1.0
unsw->bot,49,oracolo,9,0.474,0.98405,9,288,False,0.0,1.0
unsw->bot,49,stat_13x13,9,0.474,1.0,9,288,False,0.0,1.0
unsw->bot,49,martingala,9,0.474,0.72185,2,64,False,0.0,1.0
unsw->bot,49,stat_13x13_adaptive,9,0.474,1.0,9,288,False,0.0,1.0
unsw->bot,49,statico,10,0.526,0.3496424821241062,0,0,False,0.0,1.0
unsw->bot,49,ogni_batch,10,0.526,0.3496424821241062,10,320,False,0.0,1.0
unsw->bot,49,su_innesco,10,0.526,0.3496424821241062,0,0,False,0.0,1.0
unsw->bot,49,oracolo,10,0.526,0.49222461123056155,10,320,False,0.0,1.0
unsw->bot,49,stat_13x13,10,0.526,0.5,10,320,False,0.0,1.0
unsw->bot,49,martingala,10,0.526,0.3496424821241062,2,64,False,0.0,1.0
unsw->bot,49,stat_13x13_adaptive,10,0.526,0.5,10,320,False,0.0,1.0
unsw->bot,49,statico,11,0.579,0.8482022303345502,0,0,False,0.0,1.0
unsw->bot,49,ogni_batch,11,0.579,0.8482022303345502,11,352,False,0.0,1.0
unsw->bot,49,su_innesco,11,0.579,0.8482022303345502,0,0,False,0.0,1.0
unsw->bot,49,oracolo,11,0.579,0.9811221683252488,11,352,False,0.0,1.0
unsw->bot,49,stat_13x13,11,0.579,0.5,11,352,False,0.0,1.0
unsw->bot,49,martingala,11,0.579,0.8482022303345502,2,64,False,0.0,1.0
unsw->bot,49,stat_13x13_adaptive,11,0.579,0.5,11,352,False,0.0,1.0
unsw->bot,49,statico,12,0.632,0.5971847184718472,0,0,False,0.0,1.0
unsw->bot,49,ogni_batch,12,0.632,0.5971847184718472,12,384,False,0.0,1.0
unsw->bot,49,su_innesco,12,0.632,0.5971847184718472,0,0,False,0.0,1.0
unsw->bot,49,oracolo,12,0.632,0.7322482248224822,12,384,False,0.0,1.0
unsw->bot,49,stat_13x13,12,0.632,0.5,12,384,False,0.0,1.0
unsw->bot,49,martingala,12,0.632,0.5971847184718472,2,64,False,0.0,1.0
unsw->bot,49,stat_13x13_adaptive,12,0.632,0.5,12,384,False,0.0,1.0
unsw->bot,49,statico,13,0.684,0.8382919145957297,0,0,False,0.0,1.0
unsw->bot,49,ogni_batch,13,0.684,0.8382919145957297,13,416,False,0.0,1.0
unsw->bot,49,su_innesco,13,0.684,0.8382919145957297,0,0,False,0.0,1.0
unsw->bot,49,oracolo,13,0.684,0.9750487524376219,13,416,False,0.0,1.0
unsw->bot,49,stat_13x13,13,0.684,0.5,13,416,False,0.0,1.0
unsw->bot,49,martingala,13,0.684,0.8382919145957297,2,64,False,0.0,1.0
unsw->bot,49,stat_13x13_adaptive,13,0.684,0.5,13,416,False,0.0,1.0
unsw->bot,49,statico,14,0.737,0.6654331483055791,0,0,False,0.0,1.0
unsw->bot,49,ogni_batch,14,0.737,0.6654331483055791,14,448,False,0.0,1.0
unsw->bot,49,su_innesco,14,0.737,0.6654331483055791,0,0,False,0.0,1.0
unsw->bot,49,oracolo,14,0.737,0.9771965794869231,14,448,False,0.0,1.0
unsw->bot,49,stat_13x13,14,0.737,0.5,14,448,False,0.0,1.0
unsw->bot,49,martingala,14,0.737,0.6654331483055791,2,64,False,0.0,1.0
unsw->bot,49,stat_13x13_adaptive,14,0.737,0.5,14,448,False,0.0,1.0
unsw->bot,49,statico,15,0.789,0.6531,0,0,False,0.0,1.0
unsw->bot,49,ogni_batch,15,0.789,0.6531,15,480,False,0.0,1.0
unsw->bot,49,su_innesco,15,0.789,0.6531,0,0,False,0.0,1.0
unsw->bot,49,oracolo,15,0.789,0.96235,15,480,False,0.0,1.0
unsw->bot,49,stat_13x13,15,0.789,1.0,15,480,False,0.0,1.0
unsw->bot,49,martingala,15,0.789,0.6531,2,64,False,0.0,1.0
unsw->bot,49,stat_13x13_adaptive,15,0.789,1.0,15,480,False,0.0,1.0
unsw->bot,49,statico,16,0.842,0.8226572657265727,0,0,False,0.0,1.0
unsw->bot,49,ogni_batch,16,0.842,0.8226572657265727,16,512,False,0.0,1.0
unsw->bot,49,su_innesco,16,0.842,0.8226572657265727,0,0,False,0.0,1.0
unsw->bot,49,oracolo,16,0.842,0.9788228822882288,16,512,False,0.0,1.0
unsw->bot,49,stat_13x13,16,0.842,0.5,16,512,False,0.0,1.0
unsw->bot,49,martingala,16,0.842,0.8226572657265727,2,64,False,0.0,1.0
unsw->bot,49,stat_13x13_adaptive,16,0.842,0.5,16,512,False,0.0,1.0
unsw->bot,49,statico,17,0.895,0.8160040010002501,0,0,False,0.0,1.0
unsw->bot,49,ogni_batch,17,0.895,0.8160040010002501,17,544,False,0.0,1.0
unsw->bot,49,su_innesco,17,0.895,0.8160040010002501,0,0,False,0.0,1.0
unsw->bot,49,oracolo,17,0.895,0.8799199799949988,17,544,False,0.0,1.0
unsw->bot,49,stat_13x13,17,0.895,0.5,17,544,False,0.0,1.0
unsw->bot,49,martingala,17,0.895,0.8160040010002501,2,64,False,0.0,1.0
unsw->bot,49,stat_13x13_adaptive,17,0.895,0.5,17,544,False,0.0,1.0
unsw->bot,49,statico,18,0.947,0.8126312631263126,0,0,False,0.0,1.0
unsw->bot,49,ogni_batch,18,0.947,0.8126312631263126,18,576,False,0.0,1.0
unsw->bot,49,su_innesco,18,0.947,0.8126312631263126,0,0,False,0.0,1.0
unsw->bot,49,oracolo,18,0.947,0.9821232123212321,18,576,False,0.0,1.0
unsw->bot,49,stat_13x13,18,0.947,0.5,18,576,False,0.0,1.0
unsw->bot,49,martingala,18,0.947,0.8126312631263126,2,64,False,0.0,1.0
unsw->bot,49,stat_13x13_adaptive,18,0.947,0.5,18,576,False,0.0,1.0
unsw->bot,49,statico,19,1.0,0.8037803780378038,0,0,False,0.0,1.0
unsw->bot,49,ogni_batch,19,1.0,0.8037803780378038,19,608,False,0.0,1.0
unsw->bot,49,su_innesco,19,1.0,0.8037803780378038,0,0,False,0.0,1.0
unsw->bot,49,oracolo,19,1.0,0.9856235623562356,19,608,False,0.0,1.0
unsw->bot,49,stat_13x13,19,1.0,0.75,19,608,False,0.0,1.0
unsw->bot,49,martingala,19,1.0,0.8037803780378038,2,64,False,0.0,1.0
unsw->bot,49,stat_13x13_adaptive,19,1.0,0.5,19,608,False,0.0,1.0
unsw->bot,50,statico,0,0.0,0.81225,0,0,False,0.0,1.0
unsw->bot,50,ogni_batch,0,0.0,0.81225,0,0,False,0.0,1.0
unsw->bot,50,su_innesco,0,0.0,0.81225,0,0,False,0.0,1.0
unsw->bot,50,oracolo,0,0.0,0.81225,0,0,False,0.0,1.0
unsw->bot,50,stat_13x13,0,0.0,0.81225,0,0,False,0.0,1.0
unsw->bot,50,martingala,0,0.0,0.81225,0,0,False,0.0,1.0
unsw->bot,50,stat_13x13_adaptive,0,0.0,0.81225,0,0,False,0.0,1.0
unsw->bot,50,statico,1,0.053,0.80385,0,0,False,0.0,1.0
unsw->bot,50,ogni_batch,1,0.053,0.80385,1,32,False,0.0,1.0
unsw->bot,50,su_innesco,1,0.053,0.80385,0,0,False,0.0,1.0
unsw->bot,50,oracolo,1,0.053,0.80385,1,32,False,0.0,1.0
unsw->bot,50,stat_13x13,1,0.053,0.9964,1,32,False,0.0,1.0
unsw->bot,50,martingala,1,0.053,0.80385,0,0,False,0.0,1.0
unsw->bot,50,stat_13x13_adaptive,1,0.053,0.9964,1,32,False,0.0,1.0
unsw->bot,50,statico,2,0.105,0.8973448672433622,0,0,False,0.0,1.0
unsw->bot,50,ogni_batch,2,0.105,0.8973448672433622,2,64,False,0.0,1.0
unsw->bot,50,su_innesco,2,0.105,0.8973448672433622,0,0,False,0.0,1.0
unsw->bot,50,oracolo,2,0.105,0.8973448672433622,2,64,False,0.0,1.0
unsw->bot,50,stat_13x13,2,0.105,0.5,2,64,False,0.0,1.0
unsw->bot,50,martingala,2,0.105,0.8973448672433622,0,0,False,0.0,1.0
unsw->bot,50,stat_13x13_adaptive,2,0.105,0.5,2,64,False,0.0,1.0
unsw->bot,50,statico,3,0.158,0.8950697534876744,0,0,False,0.0,1.0
unsw->bot,50,ogni_batch,3,0.158,0.8950697534876744,3,96,False,0.0,1.0
unsw->bot,50,su_innesco,3,0.158,0.8950697534876744,0,0,False,0.0,1.0
unsw->bot,50,oracolo,3,0.158,0.9287714385719286,3,96,False,0.0,1.0
unsw->bot,50,stat_13x13,3,0.158,0.5,3,96,False,0.0,1.0
unsw->bot,50,martingala,3,0.158,0.8950697534876744,0,0,False,0.0,1.0
unsw->bot,50,stat_13x13_adaptive,3,0.158,0.5,3,96,False,0.0,1.0
unsw->bot,50,statico,4,0.211,0.77885,0,0,False,0.0,1.0
unsw->bot,50,ogni_batch,4,0.211,0.77885,4,128,False,0.0,1.0
unsw->bot,50,su_innesco,4,0.211,0.77885,0,0,False,0.0,1.0
unsw->bot,50,oracolo,4,0.211,0.91425,4,128,False,0.0,1.0
unsw->bot,50,stat_13x13,4,0.211,1.0,4,128,False,0.0,1.0
unsw->bot,50,martingala,4,0.211,0.77885,0,0,False,0.0,1.0
unsw->bot,50,stat_13x13_adaptive,4,0.211,1.0,4,128,False,0.0,1.0
unsw->bot,50,statico,5,0.263,0.77005,0,0,False,0.0,1.0
unsw->bot,50,ogni_batch,5,0.263,0.77005,5,160,False,0.0,1.0
unsw->bot,50,su_innesco,5,0.263,0.77005,0,0,False,0.0,1.0
unsw->bot,50,oracolo,5,0.263,0.93355,5,160,False,0.0,1.0
unsw->bot,50,stat_13x13,5,0.263,1.0,5,160,False,0.0,1.0
unsw->bot,50,martingala,5,0.263,0.77005,0,0,False,0.0,1.0
unsw->bot,50,stat_13x13_adaptive,5,0.263,1.0,5,160,False,0.0,1.0
unsw->bot,50,statico,6,0.316,0.762,0,0,False,0.0,1.0
unsw->bot,50,ogni_batch,6,0.316,0.762,6,192,False,0.0,1.0
unsw->bot,50,su_innesco,6,0.316,0.762,0,0,False,0.0,1.0
unsw->bot,50,oracolo,6,0.316,0.9722,6,192,False,0.0,1.0
unsw->bot,50,stat_13x13,6,0.316,1.0,6,192,False,0.0,1.0
unsw->bot,50,martingala,6,0.316,0.762,0,0,False,0.0,1.0
unsw->bot,50,stat_13x13_adaptive,6,0.316,1.0,6,192,False,0.0,1.0
unsw->bot,50,statico,7,0.368,0.7508,0,0,False,0.0,1.0
unsw->bot,50,ogni_batch,7,0.368,0.7508,7,224,False,0.0,1.0
unsw->bot,50,su_innesco,7,0.368,0.7508,0,0,False,0.0,1.0
unsw->bot,50,oracolo,7,0.368,0.9748,7,224,False,0.0,1.0
unsw->bot,50,stat_13x13,7,0.368,1.0,7,224,False,0.0,1.0
unsw->bot,50,martingala,7,0.368,0.7508,0,0,False,0.0,1.0
unsw->bot,50,stat_13x13_adaptive,7,0.368,1.0,7,224,False,0.0,1.0
unsw->bot,50,statico,8,0.421,0.8733186659332967,0,0,False,0.0,1.0
unsw->bot,50,ogni_batch,8,0.421,0.8733186659332967,8,256,False,0.0,1.0
unsw->bot,50,su_innesco,8,0.421,0.8733186659332967,0,0,False,0.0,1.0
unsw->bot,50,oracolo,8,0.421,0.988174408720436,8,256,False,0.0,1.0
unsw->bot,50,stat_13x13,8,0.421,0.5,8,256,False,0.0,1.0
unsw->bot,50,martingala,8,0.421,0.8733186659332967,0,0,False,0.0,1.0
unsw->bot,50,stat_13x13_adaptive,8,0.421,0.5,8,256,False,0.0,1.0
unsw->bot,50,statico,9,0.474,0.7391,0,0,False,0.0,1.0
unsw->bot,50,ogni_batch,9,0.474,0.7391,9,288,False,0.0,1.0
unsw->bot,50,su_innesco,9,0.474,0.7391,0,0,False,0.0,1.0
unsw->bot,50,oracolo,9,0.474,0.9788,9,288,False,0.0,1.0
unsw->bot,50,stat_13x13,9,0.474,1.0,9,288,False,0.0,1.0
unsw->bot,50,martingala,9,0.474,0.7391,0,0,False,0.0,1.0
unsw->bot,50,stat_13x13_adaptive,9,0.474,1.0,9,288,False,0.0,1.0
unsw->bot,50,statico,10,0.526,0.8631181559077954,0,0,False,0.0,1.0
unsw->bot,50,ogni_batch,10,0.526,0.8631181559077954,10,320,False,0.0,1.0
unsw->bot,50,su_innesco,10,0.526,0.8631181559077954,0,0,False,0.0,1.0
unsw->bot,50,oracolo,10,0.526,0.4886244312215611,10,320,False,0.0,1.0
unsw->bot,50,stat_13x13,10,0.526,0.5,10,320,False,0.0,1.0
unsw->bot,50,martingala,10,0.526,0.8631181559077954,0,0,False,0.0,1.0
unsw->bot,50,stat_13x13_adaptive,10,0.526,0.5,10,320,False,0.0,1.0
unsw->bot,50,statico,11,0.579,0.8606180309015451,0,0,False,0.0,1.0
unsw->bot,50,ogni_batch,11,0.579,0.8606180309015451,11,352,False,0.0,1.0
unsw->bot,50,su_innesco,11,0.579,0.8606180309015451,0,0,False,0.0,1.0
unsw->bot,50,oracolo,11,0.579,0.9908995449772489,11,352,False,0.0,1.0
unsw->bot,50,stat_13x13,11,0.579,0.5,11,352,False,0.0,1.0
unsw->bot,50,martingala,11,0.579,0.8606180309015451,0,0,False,0.0,1.0
unsw->bot,50,stat_13x13_adaptive,11,0.579,0.5,11,352,False,0.0,1.0
unsw->bot,50,statico,12,0.632,0.8571892973243311,0,0,False,0.0,1.0
unsw->bot,50,ogni_batch,12,0.632,0.8571892973243311,12,384,False,0.0,1.0
unsw->bot,50,su_innesco,12,0.632,0.8571892973243311,0,0,False,0.0,1.0
unsw->bot,50,oracolo,12,0.632,0.9926231557889472,12,384,False,0.0,1.0
unsw->bot,50,stat_13x13,12,0.632,0.5,12,384,False,0.0,1.0
unsw->bot,50,martingala,12,0.632,0.8571892973243311,0,0,False,0.0,1.0
unsw->bot,50,stat_13x13_adaptive,12,0.632,0.5,12,384,False,0.0,1.0
unsw->bot,50,statico,13,0.684,0.70595,0,0,False,0.0,1.0
unsw->bot,50,ogni_batch,13,0.684,0.70595,13,416,False,0.0,1.0
unsw->bot,50,su_innesco,13,0.684,0.70595,0,0,False,0.0,1.0
unsw->bot,50,oracolo,13,0.684,0.9814,13,416,False,0.0,1.0
unsw->bot,50,stat_13x13,13,0.684,1.0,13,416,False,0.0,1.0
unsw->bot,50,martingala,13,0.684,0.70595,0,0,False,0.0,1.0
unsw->bot,50,stat_13x13_adaptive,13,0.684,1.0,13,416,False,0.0,1.0
unsw->bot,50,statico,14,0.737,0.693,0,0,False,0.0,1.0
unsw->bot,50,ogni_batch,14,0.737,0.693,14,448,False,0.0,1.0
unsw->bot,50,su_innesco,14,0.737,0.693,0,0,False,0.0,1.0
unsw->bot,50,oracolo,14,0.737,0.9799,14,448,False,0.0,1.0
unsw->bot,50,stat_13x13,14,0.737,1.0,14,448,False,0.0,1.0
unsw->bot,50,martingala,14,0.737,0.693,0,0,False,0.0,1.0
unsw->bot,50,stat_13x13_adaptive,14,0.737,1.0,14,448,False,0.0,1.0
unsw->bot,50,statico,15,0.789,0.8426842684268427,0,0,False,0.0,1.0
unsw->bot,50,ogni_batch,15,0.789,0.8426842684268427,15,480,False,0.0,1.0
unsw->bot,50,su_innesco,15,0.789,0.8426842684268427,0,0,False,0.0,1.0
unsw->bot,50,oracolo,15,0.789,0.9887488748874887,15,480,False,0.0,1.0
unsw->bot,50,stat_13x13,15,0.789,0.5,15,480,False,0.0,1.0
unsw->bot,50,martingala,15,0.789,0.8426842684268427,0,0,False,0.0,1.0
unsw->bot,50,stat_13x13_adaptive,15,0.789,0.5,15,480,False,0.0,1.0
unsw->bot,50,statico,16,0.842,0.6746,0,0,False,0.0,1.0
unsw->bot,50,ogni_batch,16,0.842,0.6746,16,512,False,0.0,1.0
unsw->bot,50,su_innesco,16,0.842,0.6746,0,0,False,0.0,1.0
unsw->bot,50,oracolo,16,0.842,0.97835,16,512,False,0.0,1.0
unsw->bot,50,stat_13x13,16,0.842,1.0,16,512,False,0.0,1.0
unsw->bot,50,martingala,16,0.842,0.6746,0,0,False,0.0,1.0
unsw->bot,50,stat_13x13_adaptive,16,0.842,1.0,16,512,False,0.0,1.0
unsw->bot,50,statico,17,0.895,0.5851920384076815,0,0,False,0.0,1.0
unsw->bot,50,ogni_batch,17,0.895,0.5851920384076815,17,544,False,0.0,1.0
unsw->bot,50,su_innesco,17,0.895,0.5851920384076815,0,0,False,0.0,1.0
unsw->bot,50,oracolo,17,0.895,0.7395979195839169,17,544,False,0.0,1.0
unsw->bot,50,stat_13x13,17,0.895,0.5,17,544,False,0.0,1.0
unsw->bot,50,martingala,17,0.895,0.5851920384076815,0,0,False,0.0,1.0
unsw->bot,50,stat_13x13_adaptive,17,0.895,0.5,17,544,False,0.0,1.0
unsw->bot,50,statico,18,0.947,0.8328666433321665,0,0,False,0.0,1.0
unsw->bot,50,ogni_batch,18,0.947,0.8328666433321665,18,576,False,0.0,1.0
unsw->bot,50,su_innesco,18,0.947,0.8328666433321665,0,0,False,0.0,1.0
unsw->bot,50,oracolo,18,0.947,0.4696484824241212,18,576,False,0.0,1.0
unsw->bot,50,stat_13x13,18,0.947,0.5,18,576,False,0.0,1.0
unsw->bot,50,martingala,18,0.947,0.8328666433321665,0,0,False,0.0,1.0
unsw->bot,50,stat_13x13_adaptive,18,0.947,0.5,18,576,False,0.0,1.0
unsw->bot,50,statico,19,1.0,0.6504,0,0,False,0.0,1.0
unsw->bot,50,ogni_batch,19,1.0,0.6504,19,608,False,0.0,1.0
unsw->bot,50,su_innesco,19,1.0,0.6504,0,0,False,0.0,1.0
unsw->bot,50,oracolo,19,1.0,0.963,19,608,False,0.0,1.0
unsw->bot,50,stat_13x13,19,1.0,1.0,19,608,False,0.0,1.0
unsw->bot,50,martingala,19,1.0,0.6504,0,0,False,0.0,1.0
unsw->bot,50,stat_13x13_adaptive,19,1.0,1.0,19,608,False,0.0,1.0
unsw->bot,51,statico,0,0.0,0.8124,0,0,False,0.0,1.0
unsw->bot,51,ogni_batch,0,0.0,0.8124,0,0,False,0.0,1.0
unsw->bot,51,su_innesco,0,0.0,0.8124,0,0,False,0.0,1.0
unsw->bot,51,oracolo,0,0.0,0.8124,0,0,False,0.0,1.0
unsw->bot,51,stat_13x13,0,0.0,0.8124,0,0,False,0.0,1.0
unsw->bot,51,martingala,0,0.0,0.8124,0,0,False,0.0,1.0
unsw->bot,51,stat_13x13_adaptive,0,0.0,0.8124,0,0,False,0.0,1.0
unsw->bot,51,statico,1,0.053,0.809,0,0,False,0.0,1.0
unsw->bot,51,ogni_batch,1,0.053,0.809,1,32,False,0.0,1.0
unsw->bot,51,su_innesco,1,0.053,0.809,0,0,False,0.0,1.0
unsw->bot,51,oracolo,1,0.053,0.809,1,32,False,0.0,1.0
unsw->bot,51,stat_13x13,1,0.053,0.99205,1,32,False,0.0,1.0
unsw->bot,51,martingala,1,0.053,0.809,0,0,False,0.0,1.0
unsw->bot,51,stat_13x13_adaptive,1,0.053,0.9904,1,32,False,0.0,1.0
unsw->bot,51,statico,2,0.105,0.797,0,0,False,0.0,1.0
unsw->bot,51,ogni_batch,2,0.105,0.797,2,64,False,0.0,1.0
unsw->bot,51,su_innesco,2,0.105,0.797,0,0,False,0.0,1.0
unsw->bot,51,oracolo,2,0.105,0.797,2,64,False,0.0,1.0
unsw->bot,51,stat_13x13,2,0.105,1.0,2,64,False,0.0,1.0
unsw->bot,51,martingala,2,0.105,0.797,0,0,False,0.0,1.0
unsw->bot,51,stat_13x13_adaptive,2,0.105,1.0,2,64,False,0.0,1.0
unsw->bot,51,statico,3,0.158,0.78805,0,0,False,0.0,1.0
unsw->bot,51,ogni_batch,3,0.158,0.78805,3,96,False,0.0,1.0
unsw->bot,51,su_innesco,3,0.158,0.78805,0,0,False,0.0,1.0
unsw->bot,51,oracolo,3,0.158,0.78805,3,96,False,0.0,1.0
unsw->bot,51,stat_13x13,3,0.158,1.0,3,96,False,0.0,1.0
unsw->bot,51,martingala,3,0.158,0.78805,0,0,False,0.0,1.0
unsw->bot,51,stat_13x13_adaptive,3,0.158,1.0,3,96,False,0.0,1.0
unsw->bot,51,statico,4,0.211,0.8894194709735487,0,0,False,0.0,1.0
unsw->bot,51,ogni_batch,4,0.211,0.8894194709735487,4,128,False,0.0,1.0
unsw->bot,51,su_innesco,4,0.211,0.8894194709735487,0,0,False,0.0,1.0
unsw->bot,51,oracolo,4,0.211,0.8894194709735487,4,128,False,0.0,1.0
unsw->bot,51,stat_13x13,4,0.211,0.5,4,128,False,0.0,1.0
unsw->bot,51,martingala,4,0.211,0.8894194709735487,0,0,False,0.0,1.0
unsw->bot,51,stat_13x13_adaptive,4,0.211,0.5,4,128,False,0.0,1.0
unsw->bot,51,statico,5,0.263,0.76825,0,0,False,0.0,1.0
unsw->bot,51,ogni_batch,5,0.263,0.76825,5,160,False,0.0,1.0
unsw->bot,51,su_innesco,5,0.263,0.76825,0,0,False,0.0,1.0
unsw->bot,51,oracolo,5,0.263,0.9966,5,160,False,0.0,1.0
unsw->bot,51,stat_13x13,5,0.263,1.0,5,160,False,0.0,1.0
unsw->bot,51,martingala,5,0.263,0.76825,0,0,False,0.0,1.0
unsw->bot,51,stat_13x13_adaptive,5,0.263,1.0,5,160,False,0.0,1.0
unsw->bot,51,statico,6,0.316,0.757,0,0,False,0.0,1.0
unsw->bot,51,ogni_batch,6,0.316,0.757,6,192,False,0.0,1.0
unsw->bot,51,su_innesco,6,0.316,0.757,0,0,False,0.0,1.0
unsw->bot,51,oracolo,6,0.316,0.9966,6,192,False,0.0,1.0
unsw->bot,51,stat_13x13,6,0.316,1.0,6,192,False,0.0,1.0
unsw->bot,51,martingala,6,0.316,0.757,0,0,False,0.0,1.0
unsw->bot,51,stat_13x13_adaptive,6,0.316,1.0,6,192,False,0.0,1.0
unsw->bot,51,statico,7,0.368,0.8729686484324216,0,0,False,0.0,1.0
unsw->bot,51,ogni_batch,7,0.368,0.8729686484324216,7,224,False,0.0,1.0
unsw->bot,51,su_innesco,7,0.368,0.8729686484324216,0,0,False,0.0,1.0
unsw->bot,51,oracolo,7,0.368,0.49804990249512476,7,224,False,0.0,1.0
unsw->bot,51,stat_13x13,7,0.368,0.5,7,224,False,0.0,1.0
unsw->bot,51,martingala,7,0.368,0.8729686484324216,0,0,False,0.0,1.0
unsw->bot,51,stat_13x13_adaptive,7,0.368,0.5,7,224,False,0.0,1.0
unsw->bot,51,statico,8,0.421,0.8693684684234212,0,0,False,0.0,1.0
unsw->bot,51,ogni_batch,8,0.421,0.8693684684234212,8,256,False,0.0,1.0
unsw->bot,51,su_innesco,8,0.421,0.8693684684234212,0,0,False,0.0,1.0
unsw->bot,51,oracolo,8,0.421,0.9905745287264363,8,256,False,0.0,1.0
unsw->bot,51,stat_13x13,8,0.421,0.5,8,256,False,0.0,1.0
unsw->bot,51,martingala,8,0.421,0.8693684684234212,0,0,False,0.0,1.0
unsw->bot,51,stat_13x13_adaptive,8,0.421,0.5,8,256,False,0.0,1.0
unsw->bot,51,statico,9,0.474,0.7326,0,0,False,0.0,1.0
unsw->bot,51,ogni_batch,9,0.474,0.7326,9,288,False,0.0,1.0
unsw->bot,51,su_innesco,9,0.474,0.7326,0,0,False,0.0,1.0
unsw->bot,51,oracolo,9,0.474,0.97905,9,288,False,0.0,1.0
unsw->bot,51,stat_13x13,9,0.474,1.0,9,288,False,0.0,1.0
unsw->bot,51,martingala,9,0.474,0.7326,0,0,False,0.0,1.0
unsw->bot,51,stat_13x13_adaptive,9,0.474,1.0,9,288,False,0.0,1.0
unsw->bot,51,statico,10,0.526,0.863543177158858,0,0,False,0.0,1.0
unsw->bot,51,ogni_batch,10,0.526,0.863543177158858,10,320,False,0.0,1.0
unsw->bot,51,su_innesco,10,0.526,0.863543177158858,0,0,False,0.0,1.0
unsw->bot,51,oracolo,10,0.526,0.9920746037301865,10,320,False,0.0,1.0
unsw->bot,51,stat_13x13,10,0.526,0.5,10,320,False,0.0,1.0
unsw->bot,51,martingala,10,0.526,0.863543177158858,0,0,False,0.0,1.0
unsw->bot,51,stat_13x13_adaptive,10,0.526,0.5,10,320,False,0.0,1.0
unsw->bot,51,statico,11,0.579,0.8565178258912945,0,0,False,0.0,1.0
unsw->bot,51,ogni_batch,11,0.579,0.8565178258912945,11,352,False,0.0,1.0
unsw->bot,51,su_innesco,11,0.579,0.8565178258912945,0,0,False,0.0,1.0
unsw->bot,51,oracolo,11,0.579,0.9910745537276864,11,352,False,0.0,1.0
unsw->bot,51,stat_13x13,11,0.579,0.5,11,352,False,0.0,1.0
unsw->bot,51,martingala,11,0.579,0.8565178258912945,0,0,False,0.0,1.0
unsw->bot,51,stat_13x13_adaptive,11,0.579,0.5,11,352,False,0.0,1.0
unsw->bot,51,statico,12,0.632,0.6840859462252671,0,0,False,0.0,1.0
unsw->bot,51,ogni_batch,12,0.632,0.6840859462252671,12,384,False,0.0,1.0
unsw->bot,51,su_innesco,12,0.632,0.6840859462252671,0,0,False,0.0,1.0
unsw->bot,51,oracolo,12,0.632,0.8246320281375539,12,384,False,0.0,1.0
unsw->bot,51,stat_13x13,12,0.632,0.5,12,384,False,0.0,1.0
unsw->bot,51,martingala,12,0.632,0.6840859462252671,0,0,False,0.0,1.0
unsw->bot,51,stat_13x13_adaptive,12,0.632,0.5,12,384,False,0.0,1.0
unsw->bot,51,statico,13,0.684,0.6882,0,0,False,0.0,1.0
unsw->bot,51,ogni_batch,13,0.684,0.6882,13,416,False,0.0,1.0
unsw->bot,51,su_innesco,13,0.684,0.6882,0,0,False,0.0,1.0
unsw->bot,51,oracolo,13,0.684,0.985,13,416,False,0.0,1.0
unsw->bot,51,stat_13x13,13,0.684,1.0,13,416,False,0.0,1.0
unsw->bot,51,martingala,13,0.684,0.6882,0,0,False,0.0,1.0
unsw->bot,51,stat_13x13_adaptive,13,0.684,0.9999,13,416,False,0.0,1.0
unsw->bot,51,statico,14,0.737,0.8466846684668468,0,0,False,0.0,1.0
unsw->bot,51,ogni_batch,14,0.737,0.8466846684668468,14,448,False,0.0,1.0
unsw->bot,51,su_innesco,14,0.737,0.8466846684668468,0,0,False,0.0,1.0
unsw->bot,51,oracolo,14,0.737,0.9939743974397439,14,448,False,0.0,1.0
unsw->bot,51,stat_13x13,14,0.737,0.5,14,448,False,0.0,1.0
unsw->bot,51,martingala,14,0.737,0.8466846684668468,0,0,False,0.0,1.0
unsw->bot,51,stat_13x13_adaptive,14,0.737,0.75,14,448,False,0.0,1.0
unsw->bot,51,statico,15,0.789,0.8357253588038206,0,0,False,0.0,1.0
unsw->bot,51,ogni_batch,15,0.789,0.8357253588038206,15,480,False,0.0,1.0
unsw->bot,51,su_innesco,15,0.789,0.8357253588038206,0,0,False,0.0,1.0
unsw->bot,51,oracolo,15,0.789,0.8270573919421247,15,480,False,0.0,1.0
unsw->bot,51,stat_13x13,15,0.789,0.5,15,480,False,0.0,1.0
unsw->bot,51,martingala,15,0.789,0.8357253588038206,0,0,False,0.0,1.0
unsw->bot,51,stat_13x13_adaptive,15,0.789,0.5,15,480,False,0.0,1.0
unsw->bot,51,statico,16,0.842,0.67295,0,0,False,0.0,1.0
unsw->bot,51,ogni_batch,16,0.842,0.67295,16,512,False,0.0,1.0
unsw->bot,51,su_innesco,16,0.842,0.67295,0,0,False,0.0,1.0
unsw->bot,51,oracolo,16,0.842,0.9878,16,512,False,0.0,1.0
unsw->bot,51,stat_13x13,16,0.842,1.0,16,512,False,0.0,1.0
unsw->bot,51,martingala,16,0.842,0.67295,0,0,False,0.0,1.0
unsw->bot,51,stat_13x13_adaptive,16,0.842,1.0,16,512,False,0.0,1.0
unsw->bot,51,statico,17,0.895,0.5807580758075808,0,0,False,0.0,1.0
unsw->bot,51,ogni_batch,17,0.895,0.5807580758075808,17,544,False,0.0,1.0
unsw->bot,51,su_innesco,17,0.895,0.5807580758075808,0,0,False,0.0,1.0
unsw->bot,51,oracolo,17,0.895,0.7446994699469947,17,544,False,0.0,1.0
unsw->bot,51,stat_13x13,17,0.895,0.5,17,544,False,0.0,1.0
unsw->bot,51,martingala,17,0.895,0.5807580758075808,0,0,False,0.0,1.0
unsw->bot,51,stat_13x13_adaptive,17,0.895,0.49997499749975,17,544,False,0.0,1.0
unsw->bot,51,statico,18,0.947,0.323841192059603,0,0,False,0.0,1.0
unsw->bot,51,ogni_batch,18,0.947,0.323841192059603,18,576,False,0.0,1.0
unsw->bot,51,su_innesco,18,0.947,0.323841192059603,0,0,False,0.0,1.0
unsw->bot,51,oracolo,18,0.947,0.4809490474523726,18,576,False,0.0,1.0
unsw->bot,51,stat_13x13,18,0.947,0.5,18,576,False,0.0,1.0
unsw->bot,51,martingala,18,0.947,0.323841192059603,0,0,False,0.0,1.0
unsw->bot,51,stat_13x13_adaptive,18,0.947,0.5,18,576,False,0.0,1.0
unsw->bot,51,statico,19,1.0,0.8225822582258226,0,0,False,0.0,1.0
unsw->bot,51,ogni_batch,19,1.0,0.8225822582258226,19,608,False,0.0,1.0
unsw->bot,51,su_innesco,19,1.0,0.8225822582258226,0,0,False,0.0,1.0
unsw->bot,51,oracolo,19,1.0,0.9851485148514851,19,608,False,0.0,1.0
unsw->bot,51,stat_13x13,19,1.0,0.5,19,608,False,0.0,1.0
unsw->bot,51,martingala,19,1.0,0.8225822582258226,0,0,False,0.0,1.0
unsw->bot,51,stat_13x13_adaptive,19,1.0,0.5,19,608,False,0.0,1.0
