exp,seed,politica,batch,frazione_target,bal_acc,adattamenti,etichette,innesco,vuoti,ratio
bot->ton,42,statico,0,0.0,0.9909,0,0,False,0.0453,100.0
bot->ton,42,ogni_batch,0,0.0,0.9909,0,0,False,0.0453,100.0
bot->ton,42,su_innesco,0,0.0,0.9909,0,0,False,0.0453,100.0
bot->ton,42,oracolo,0,0.0,0.9909,0,0,False,0.0453,100.0
bot->ton,42,stat_13x13,0,0.0,0.9909,0,0,False,0.0453,100.0
bot->ton,42,martingala,0,0.0,0.9909,0,0,False,0.0453,100.0
bot->ton,42,stat_13x13_adaptive,0,0.0,0.9909,0,0,False,0.0453,100.0
bot->ton,42,statico,1,0.053,0.9684156006846498,0,0,False,0.07465,100.0
bot->ton,42,ogni_batch,1,0.053,0.9684156006846498,1,32,False,0.07465,100.0
bot->ton,42,su_innesco,1,0.053,0.9684156006846498,0,0,False,0.07465,100.0
bot->ton,42,oracolo,1,0.053,0.9684156006846498,1,32,False,0.07465,100.0
bot->ton,42,stat_13x13,1,0.053,0.5,1,32,False,0.07465,100.0
bot->ton,42,martingala,1,0.053,0.9684156006846498,0,0,False,0.07465,100.0
bot->ton,42,stat_13x13_adaptive,1,0.053,0.5,1,32,False,0.07465,100.0
bot->ton,42,statico,2,0.105,0.9631080464337417,0,0,False,0.1091,100.0
bot->ton,42,ogni_batch,2,0.105,0.9631080464337417,2,64,False,0.1091,100.0
bot->ton,42,su_innesco,2,0.105,0.9631080464337417,0,0,False,0.1091,100.0
bot->ton,42,oracolo,2,0.105,0.9432290756301991,2,64,False,0.1091,100.0
bot->ton,42,stat_13x13,2,0.105,0.5740023157309648,2,64,False,0.1091,100.0
bot->ton,42,martingala,2,0.105,0.9631080464337417,1,32,False,0.1091,100.0
bot->ton,42,stat_13x13_adaptive,2,0.105,0.5869172039363848,2,64,False,0.1091,100.0
bot->ton,42,statico,3,0.158,0.9442029874751277,0,0,False,0.1417,100.0
bot->ton,42,ogni_batch,3,0.158,0.5604190088754384,3,96,False,0.1417,100.0
bot->ton,42,su_innesco,3,0.158,0.9442029874751277,0,0,False,0.1417,100.0
bot->ton,42,oracolo,3,0.158,0.938512794602465,3,96,False,0.1417,100.0
bot->ton,42,stat_13x13,3,0.158,0.5722029038547112,3,96,False,0.1417,100.0
bot->ton,42,martingala,3,0.158,0.5558498182749163,2,64,False,0.1417,100.0
bot->ton,42,stat_13x13_adaptive,3,0.158,0.5937779215493886,3,96,False,0.1417,100.0
bot->ton,42,statico,4,0.211,0.9398545989019687,0,0,True,0.1732,100.0
bot->ton,42,ogni_batch,4,0.211,0.7876931178355484,4,128,True,0.1732,100.0
bot->ton,42,su_innesco,4,0.211,0.9398545989019687,0,0,True,0.1732,100.0
bot->ton,42,oracolo,4,0.211,0.9574865051180184,4,128,True,0.1732,100.0
bot->ton,42,stat_13x13,4,0.211,0.752112952907803,4,128,True,0.1732,100.0
bot->ton,42,martingala,4,0.211,0.7235287033421277,3,96,True,0.1732,100.0
bot->ton,42,stat_13x13_adaptive,4,0.211,0.5042991281672402,4,128,True,0.1732,100.0
bot->ton,42,statico,5,0.263,0.9230725186022186,0,0,True,0.20585,100.0
bot->ton,42,ogni_batch,5,0.263,0.9591547373237514,5,160,True,0.20585,100.0
bot->ton,42,su_innesco,5,0.263,0.9525204796178464,1,32,True,0.20585,100.0
bot->ton,42,oracolo,5,0.263,0.9462510442302237,5,160,True,0.20585,100.0
bot->ton,42,stat_13x13,5,0.263,0.8767214439290373,5,160,True,0.20585,100.0
bot->ton,42,martingala,5,0.263,0.9522820850132546,4,128,True,0.20585,100.0
bot->ton,42,stat_13x13_adaptive,5,0.263,0.7043145411179703,5,160,True,0.20585,100.0
bot->ton,42,statico,6,0.316,0.9133617170692363,0,0,True,0.23825,100.0
bot->ton,42,ogni_batch,6,0.316,0.969001086987382,6,192,True,0.23825,100.0
bot->ton,42,su_innesco,6,0.316,0.9593347359101578,2,64,True,0.23825,100.0
bot->ton,42,oracolo,6,0.316,0.9458303227761519,6,192,True,0.23825,100.0
bot->ton,42,stat_13x13,6,0.316,0.8783917656649889,6,192,True,0.23825,100.0
bot->ton,42,martingala,6,0.316,0.9155747300928052,5,160,True,0.23825,100.0
bot->ton,42,stat_13x13_adaptive,6,0.316,0.7453984104258082,6,192,True,0.23825,100.0
bot->ton,42,statico,7,0.368,0.8990530557708858,0,0,True,0.2735,100.0
bot->ton,42,ogni_batch,7,0.368,0.963693025151487,7,224,True,0.2735,100.0
bot->ton,42,su_innesco,7,0.368,0.9565625717169561,3,96,True,0.2735,100.0
bot->ton,42,oracolo,7,0.368,0.9444221237507151,7,224,True,0.2735,100.0
bot->ton,42,stat_13x13,7,0.368,0.8836984594142363,7,224,True,0.2735,100.0
bot->ton,42,martingala,7,0.368,0.8661250404702603,6,192,True,0.2735,100.0
bot->ton,42,stat_13x13_adaptive,7,0.368,0.8831377990152037,7,224,True,0.2735,100.0
bot->ton,42,statico,8,0.421,0.8898445959467202,0,0,True,0.3033,100.0
bot->ton,42,ogni_batch,8,0.421,0.9023194102924688,8,256,True,0.3033,100.0
bot->ton,42,su_innesco,8,0.421,0.96181525860013,4,128,True,0.3033,100.0
bot->ton,42,oracolo,8,0.421,0.9549932701190544,8,256,True,0.3033,100.0
bot->ton,42,stat_13x13,8,0.421,0.8946295275925119,8,256,True,0.3033,100.0
bot->ton,42,martingala,8,0.421,0.881420457193297,7,224,True,0.3033,100.0
bot->ton,42,stat_13x13_adaptive,8,0.421,0.7992088620607416,8,256,True,0.3033,100.0
bot->ton,42,statico,9,0.474,0.8756513232751044,0,0,True,0.3407,100.0
bot->ton,42,ogni_batch,9,0.474,0.8925354247752993,9,288,True,0.3407,100.0
bot->ton,42,su_innesco,9,0.474,0.9580622708508892,5,160,True,0.3407,100.0
bot->ton,42,oracolo,9,0.474,0.9467053592355223,9,288,True,0.3407,100.0
bot->ton,42,stat_13x13,9,0.474,0.7931589872292617,9,288,True,0.3407,100.0
bot->ton,42,martingala,9,0.474,0.8720738309547786,8,256,True,0.3407,100.0
bot->ton,42,stat_13x13_adaptive,9,0.474,0.7993041970385957,9,288,True,0.3407,100.0
bot->ton,42,statico,10,0.526,0.8582705788187202,0,0,True,0.3764,100.0
bot->ton,42,ogni_batch,10,0.526,0.9563754625731501,10,320,True,0.3764,100.0
bot->ton,42,su_innesco,10,0.526,0.9533634387526382,6,192,True,0.3764,100.0
bot->ton,42,oracolo,10,0.526,0.9472796450689898,10,320,True,0.3764,100.0
bot->ton,42,stat_13x13,10,0.526,0.7926729993708319,10,320,True,0.3764,100.0
bot->ton,42,martingala,10,0.526,0.8709853364393748,9,288,True,0.3764,100.0
bot->ton,42,stat_13x13_adaptive,10,0.526,0.7920989433982928,10,320,True,0.3764,100.0
bot->ton,42,statico,11,0.579,0.8449360217703505,0,0,True,0.4046,100.0
bot->ton,42,ogni_batch,11,0.579,0.9577434512237741,11,352,True,0.4046,100.0
bot->ton,42,su_innesco,11,0.579,0.9521375631085311,7,224,True,0.4046,100.0
bot->ton,42,oracolo,11,0.579,0.9486434660065863,11,352,True,0.4046,100.0
bot->ton,42,stat_13x13,11,0.579,0.7965308469104546,11,352,True,0.4046,100.0
bot->ton,42,martingala,11,0.579,0.8715899247510659,10,320,True,0.4046,100.0
bot->ton,42,stat_13x13_adaptive,11,0.579,0.7886008697640603,11,352,True,0.4046,100.0
bot->ton,42,statico,12,0.632,0.8311297935942066,0,0,True,0.43715,100.0
bot->ton,42,ogni_batch,12,0.632,0.9533614151207667,12,384,True,0.43715,100.0
bot->ton,42,su_innesco,12,0.632,0.9458763522250186,8,256,True,0.43715,100.0
bot->ton,42,oracolo,12,0.632,0.9475407943443204,12,384,True,0.43715,100.0
bot->ton,42,stat_13x13,12,0.632,0.7965068248227498,12,384,True,0.43715,100.0
bot->ton,42,martingala,12,0.632,0.8803410283186341,11,352,True,0.43715,100.0
bot->ton,42,stat_13x13_adaptive,12,0.632,0.7948342953862698,12,384,True,0.43715,100.0
bot->ton,42,statico,13,0.684,0.8180028791285617,0,0,True,0.4689,100.0
bot->ton,42,ogni_batch,13,0.684,0.9526449484165973,13,416,True,0.4689,100.0
bot->ton,42,su_innesco,13,0.684,0.9496060978950949,9,288,True,0.4689,100.0
bot->ton,42,oracolo,13,0.684,0.9506084196205881,13,416,True,0.4689,100.0
bot->ton,42,stat_13x13,13,0.684,0.7915885278890484,13,416,True,0.4689,100.0
bot->ton,42,martingala,13,0.684,0.9464904863577961,12,384,True,0.4689,100.0
bot->ton,42,stat_13x13_adaptive,13,0.684,0.787346596062278,13,416,True,0.4689,100.0
bot->ton,42,statico,14,0.737,0.805590151933752,0,0,True,0.50155,100.0
bot->ton,42,ogni_batch,14,0.737,0.9511263416867667,14,448,True,0.50155,100.0
bot->ton,42,su_innesco,14,0.737,0.9329616754017979,10,320,True,0.50155,100.0
bot->ton,42,oracolo,14,0.737,0.9466234662668225,14,448,True,0.50155,100.0
bot->ton,42,stat_13x13,14,0.737,0.7988685407782203,14,448,True,0.50155,100.0
bot->ton,42,martingala,14,0.737,0.9461523973892796,13,416,True,0.50155,100.0
bot->ton,42,stat_13x13_adaptive,14,0.737,0.791918073104283,14,448,True,0.50155,100.0
bot->ton,42,statico,15,0.789,0.7876922523859002,0,0,True,0.5316,100.0
bot->ton,42,ogni_batch,15,0.789,0.9449855843357156,15,480,True,0.5316,100.0
bot->ton,42,su_innesco,15,0.789,0.9441324394783428,11,352,True,0.5316,100.0
bot->ton,42,oracolo,15,0.789,0.9385641483735521,15,480,True,0.5316,100.0
bot->ton,42,stat_13x13,15,0.789,0.7957519747727393,15,480,True,0.5316,100.0
bot->ton,42,martingala,15,0.789,0.9449805740848736,14,448,True,0.5316,100.0
bot->ton,42,stat_13x13_adaptive,15,0.789,0.790838115908865,15,480,True,0.5316,100.0
bot->ton,42,statico,16,0.842,0.7754912992666637,0,0,True,0.5671,100.0
bot->ton,42,ogni_batch,16,0.842,0.9459827176338869,16,512,True,0.5671,100.0
bot->ton,42,su_innesco,16,0.842,0.9466666827464245,12,384,True,0.5671,100.0
bot->ton,42,oracolo,16,0.842,0.9348773353306284,16,512,True,0.5671,100.0
bot->ton,42,stat_13x13,16,0.842,0.7915415933441532,16,512,True,0.5671,100.0
bot->ton,42,martingala,16,0.842,0.9476945812682076,15,480,True,0.5671,100.0
bot->ton,42,stat_13x13_adaptive,16,0.842,0.7905834210665417,16,512,True,0.5671,100.0
bot->ton,42,statico,17,0.895,0.7555289581983333,0,0,True,0.59615,100.0
bot->ton,42,ogni_batch,17,0.895,0.9423470900643831,17,544,True,0.59615,100.0
bot->ton,42,su_innesco,17,0.895,0.942980287166195,13,416,True,0.59615,100.0
bot->ton,42,oracolo,17,0.895,0.937939934025291,17,544,True,0.59615,100.0
bot->ton,42,stat_13x13,17,0.895,0.7904810355869324,17,544,True,0.59615,100.0
bot->ton,42,martingala,17,0.895,0.9430366555635135,16,512,True,0.59615,100.0
bot->ton,42,stat_13x13_adaptive,17,0.895,0.7886276284725775,17,544,True,0.59615,100.0
bot->ton,42,statico,18,0.947,0.7439117228642664,0,0,True,0.6335,100.0
bot->ton,42,ogni_batch,18,0.947,0.9451247018553629,18,576,True,0.6335,100.0
bot->ton,42,su_innesco,18,0.947,0.9392505332767735,14,448,True,0.6335,100.0
bot->ton,42,oracolo,18,0.947,0.9381004969019049,18,576,True,0.6335,100.0
bot->ton,42,stat_13x13,18,0.947,0.8802273295348793,18,576,True,0.6335,100.0
bot->ton,42,martingala,18,0.947,0.9435867775313962,17,544,True,0.6335,100.0
bot->ton,42,stat_13x13_adaptive,18,0.947,0.8847559308041211,18,576,True,0.6335,100.0
bot->ton,42,statico,19,1.0,0.7284311702580064,0,0,True,0.66645,100.0
bot->ton,42,ogni_batch,19,1.0,0.93487476837679,19,608,True,0.66645,100.0
bot->ton,42,su_innesco,19,1.0,0.9373678365380724,15,480,True,0.66645,100.0
bot->ton,42,oracolo,19,1.0,0.9289597229602098,19,608,True,0.66645,100.0
bot->ton,42,stat_13x13,19,1.0,0.9527353228879245,19,608,True,0.66645,100.0
bot->ton,42,martingala,19,1.0,0.9389711613931647,18,576,True,0.66645,100.0
bot->ton,42,stat_13x13_adaptive,19,1.0,0.8593716706270751,19,608,True,0.66645,100.0
bot->ton,43,statico,0,0.0,0.9901,0,0,False,0.05015,100.0
bot->ton,43,ogni_batch,0,0.0,0.9901,0,0,False,0.05015,100.0
bot->ton,43,su_innesco,0,0.0,0.9901,0,0,False,0.05015,100.0
bot->ton,43,oracolo,0,0.0,0.9901,0,0,False,0.05015,100.0
bot->ton,43,stat_13x13,0,0.0,0.9901,0,0,False,0.05015,100.0
bot->ton,43,martingala,0,0.0,0.9901,0,0,False,0.05015,100.0
bot->ton,43,stat_13x13_adaptive,0,0.0,0.9901,0,0,False,0.05015,100.0
bot->ton,43,statico,1,0.053,0.9719217918954441,0,0,False,0.08725,100.0
bot->ton,43,ogni_batch,1,0.053,0.9719217918954441,1,32,False,0.08725,100.0
bot->ton,43,su_innesco,1,0.053,0.9719217918954441,0,0,False,0.08725,100.0
bot->ton,43,oracolo,1,0.053,0.9719217918954441,1,32,False,0.08725,100.0
bot->ton,43,stat_13x13,1,0.053,0.5036865411308055,1,32,False,0.08725,100.0
bot->ton,43,martingala,1,0.053,0.9719217918954441,0,0,False,0.08725,100.0
bot->ton,43,stat_13x13_adaptive,1,0.053,0.5055804805247448,1,32,False,0.08725,100.0
bot->ton,43,statico,2,0.105,0.9626726246839206,0,0,False,0.1274,100.0
bot->ton,43,ogni_batch,2,0.105,0.9626726246839206,2,64,False,0.1274,100.0
bot->ton,43,su_innesco,2,0.105,0.9626726246839206,0,0,False,0.1274,100.0
bot->ton,43,oracolo,2,0.105,0.9310765796254328,2,64,False,0.1274,100.0
bot->ton,43,stat_13x13,2,0.105,0.6530700906476504,2,64,False,0.1274,100.0
bot->ton,43,martingala,2,0.105,0.9626726246839206,1,32,False,0.1274,100.0
bot->ton,43,stat_13x13_adaptive,2,0.105,0.6541417278821576,2,64,False,0.1274,100.0
bot->ton,43,statico,3,0.158,0.9483211526381023,0,0,True,0.1673,100.0
bot->ton,43,ogni_batch,3,0.158,0.9483211526381023,3,96,True,0.1673,100.0
bot->ton,43,su_innesco,3,0.158,0.9483211526381023,0,0,True,0.1673,100.0
bot->ton,43,oracolo,3,0.158,0.9149600522118115,3,96,True,0.1673,100.0
bot->ton,43,stat_13x13,3,0.158,0.8052143133047382,3,96,True,0.1673,100.0
bot->ton,43,martingala,3,0.158,0.9483211526381023,2,64,True,0.1673,100.0
bot->ton,43,stat_13x13_adaptive,3,0.158,0.8023224229893251,3,96,True,0.1673,100.0
bot->ton,43,statico,4,0.211,0.9369982561270128,0,0,True,0.2046,100.0
bot->ton,43,ogni_batch,4,0.211,0.957501232038235,4,128,True,0.2046,100.0
bot->ton,43,su_innesco,4,0.211,0.8860911970339789,1,32,True,0.2046,100.0
bot->ton,43,oracolo,4,0.211,0.9283821245833681,4,128,True,0.2046,100.0
bot->ton,43,stat_13x13,4,0.211,0.8058008713447771,4,128,True,0.2046,100.0
bot->ton,43,martingala,4,0.211,0.9589482958142822,3,96,True,0.2046,100.0
bot->ton,43,stat_13x13_adaptive,4,0.211,0.7495917156312051,4,128,True,0.2046,100.0
bot->ton,43,statico,5,0.263,0.9255661125203065,0,0,True,0.2461,100.0
bot->ton,43,ogni_batch,5,0.263,0.935573113924016,5,160,True,0.2461,100.0
bot->ton,43,su_innesco,5,0.263,0.9140416545805021,2,64,True,0.2461,100.0
bot->ton,43,oracolo,5,0.263,0.9113511543401502,5,160,True,0.2461,100.0
bot->ton,43,stat_13x13,5,0.263,0.7766833370020414,5,160,True,0.2461,100.0
bot->ton,43,martingala,5,0.263,0.9365266351637787,4,128,True,0.2461,100.0
bot->ton,43,stat_13x13_adaptive,5,0.263,0.7502338372835377,5,160,True,0.2461,100.0
bot->ton,43,statico,6,0.316,0.9125694600886085,0,0,True,0.2904,100.0
bot->ton,43,ogni_batch,6,0.316,0.9503536363295036,6,192,True,0.2904,100.0
bot->ton,43,su_innesco,6,0.316,0.882188884508523,3,96,True,0.2904,100.0
bot->ton,43,oracolo,6,0.316,0.9283980297739731,6,192,True,0.2904,100.0
bot->ton,43,stat_13x13,6,0.316,0.7969759048584516,6,192,True,0.2904,100.0
bot->ton,43,martingala,6,0.316,0.933649189006533,5,160,True,0.2904,100.0
bot->ton,43,stat_13x13_adaptive,6,0.316,0.6870306750769692,6,192,True,0.2904,100.0
bot->ton,43,statico,7,0.368,0.8982074363992172,0,0,True,0.32775,100.0
bot->ton,43,ogni_batch,7,0.368,0.9422348336594912,7,224,True,0.32775,100.0
bot->ton,43,su_innesco,7,0.368,0.8751076320939335,4,128,True,0.32775,100.0
bot->ton,43,oracolo,7,0.368,0.9133933463796478,7,224,True,0.32775,100.0
bot->ton,43,stat_13x13,7,0.368,0.795146771037182,7,224,True,0.32775,100.0
bot->ton,43,martingala,7,0.368,0.9459686888454012,6,192,True,0.32775,100.0
bot->ton,43,stat_13x13_adaptive,7,0.368,0.6875577299412916,7,224,True,0.32775,100.0
bot->ton,43,statico,8,0.421,0.8898271005599133,0,0,True,0.36395,100.0
bot->ton,43,ogni_batch,8,0.421,0.9487402601630701,8,256,True,0.36395,100.0
bot->ton,43,su_innesco,8,0.421,0.9538774218643564,5,160,True,0.36395,100.0
bot->ton,43,oracolo,8,0.421,0.9112593076422122,8,256,True,0.36395,100.0
bot->ton,43,stat_13x13,8,0.421,0.7844468548532461,8,256,True,0.36395,100.0
bot->ton,43,martingala,8,0.421,0.9475863229542698,7,224,True,0.36395,100.0
bot->ton,43,stat_13x13_adaptive,8,0.421,0.714588477461953,8,256,True,0.36395,100.0
bot->ton,43,statico,9,0.474,0.8744507512411382,0,0,True,0.4012,100.0
bot->ton,43,ogni_batch,9,0.474,0.9496345036430769,9,288,True,0.4012,100.0
bot->ton,43,su_innesco,9,0.474,0.9021667043762829,6,192,True,0.4012,100.0
bot->ton,43,oracolo,9,0.474,0.9148719758527292,9,288,True,0.4012,100.0
bot->ton,43,stat_13x13,9,0.474,0.7880709317882229,9,288,True,0.4012,100.0
bot->ton,43,martingala,9,0.474,0.8826712426466248,8,256,True,0.4012,100.0
bot->ton,43,stat_13x13_adaptive,9,0.474,0.7528800719433897,9,288,True,0.4012,100.0
bot->ton,43,statico,10,0.526,0.8636663257863493,0,0,True,0.43825,100.0
bot->ton,43,ogni_batch,10,0.526,0.9420883091553144,10,320,True,0.43825,100.0
bot->ton,43,su_innesco,10,0.526,0.8485487967878939,7,224,True,0.43825,100.0
bot->ton,43,oracolo,10,0.526,0.9211154383498548,10,320,True,0.43825,100.0
bot->ton,43,stat_13x13,10,0.526,0.7817256330206902,10,320,True,0.43825,100.0
bot->ton,43,martingala,10,0.526,0.9458738179342653,9,288,True,0.43825,100.0
bot->ton,43,stat_13x13_adaptive,10,0.526,0.7565408379930962,10,320,True,0.43825,100.0
bot->ton,43,statico,11,0.579,0.8479962712446789,0,0,True,0.4835,100.0
bot->ton,43,ogni_batch,11,0.579,0.8885283506302615,11,352,True,0.4835,100.0
bot->ton,43,su_innesco,11,0.579,0.9422260329903642,8,256,True,0.4835,100.0
bot->ton,43,oracolo,11,0.579,0.9311336222164248,11,352,True,0.4835,100.0
bot->ton,43,stat_13x13,11,0.579,0.7603481444245775,11,352,True,0.4835,100.0
bot->ton,43,martingala,11,0.579,0.8785405677125422,10,320,True,0.4835,100.0
bot->ton,43,stat_13x13_adaptive,11,0.579,0.8298754324232032,11,352,True,0.4835,100.0
bot->ton,43,statico,12,0.632,0.8334489274074031,0,0,True,0.5166,100.0
bot->ton,43,ogni_batch,12,0.632,0.8701101178048107,12,384,True,0.5166,100.0
bot->ton,43,su_innesco,12,0.632,0.8773296420292347,9,288,True,0.5166,100.0
bot->ton,43,oracolo,12,0.632,0.9269645333298655,12,384,True,0.5166,100.0
bot->ton,43,stat_13x13,12,0.632,0.7185574726511645,12,384,True,0.5166,100.0
bot->ton,43,martingala,12,0.632,0.8792892987341004,11,352,True,0.5166,100.0
bot->ton,43,stat_13x13_adaptive,12,0.632,0.8507377550956516,12,384,True,0.5166,100.0
bot->ton,43,statico,13,0.684,0.8216241717797999,0,0,True,0.56005,100.0
bot->ton,43,ogni_batch,13,0.684,0.8988035227754073,13,416,True,0.56005,100.0
bot->ton,43,su_innesco,13,0.684,0.9301884373571947,10,320,True,0.56005,100.0
bot->ton,43,oracolo,13,0.684,0.9334269389581586,13,416,True,0.56005,100.0
bot->ton,43,stat_13x13,13,0.684,0.7712677621021853,13,416,True,0.56005,100.0
bot->ton,43,martingala,13,0.684,0.9205547037037936,12,384,True,0.56005,100.0
bot->ton,43,stat_13x13_adaptive,13,0.684,0.8445349694771302,13,416,True,0.56005,100.0
bot->ton,43,statico,14,0.737,0.804042611385248,0,0,True,0.60055,100.0
bot->ton,43,ogni_batch,14,0.737,0.8992280196847282,14,448,True,0.60055,100.0
bot->ton,43,su_innesco,14,0.737,0.9230336983701865,11,352,True,0.60055,100.0
bot->ton,43,oracolo,14,0.737,0.9295954637603261,14,448,True,0.60055,100.0
bot->ton,43,stat_13x13,14,0.737,0.770936302915658,14,448,True,0.60055,100.0
bot->ton,43,martingala,14,0.737,0.9064281106254078,13,416,True,0.60055,100.0
bot->ton,43,stat_13x13_adaptive,14,0.737,0.8458416879577304,14,448,True,0.60055,100.0
bot->ton,43,statico,15,0.789,0.7895679196945287,0,0,True,0.6367,100.0
bot->ton,43,ogni_batch,15,0.789,0.9128968280724354,15,480,True,0.6367,100.0
bot->ton,43,su_innesco,15,0.789,0.9193738284841269,12,384,True,0.6367,100.0
bot->ton,43,oracolo,15,0.789,0.9358911281164074,15,480,True,0.6367,100.0
bot->ton,43,stat_13x13,15,0.789,0.7690491885290136,15,480,True,0.6367,100.0
bot->ton,43,martingala,15,0.789,0.9099626344442127,14,448,True,0.6367,100.0
bot->ton,43,stat_13x13_adaptive,15,0.789,0.839067101203371,15,480,True,0.6367,100.0
bot->ton,43,statico,16,0.842,0.7736708901635175,0,0,True,0.67815,100.0
bot->ton,43,ogni_batch,16,0.842,0.893646868100153,16,512,True,0.67815,100.0
bot->ton,43,su_innesco,16,0.842,0.916387351104581,13,416,True,0.67815,100.0
bot->ton,43,oracolo,16,0.842,0.9346554213876589,16,512,True,0.67815,100.0
bot->ton,43,stat_13x13,16,0.842,0.7651268108629576,16,512,True,0.67815,100.0
bot->ton,43,martingala,16,0.842,0.9183474374447508,15,480,True,0.67815,100.0
bot->ton,43,stat_13x13_adaptive,16,0.842,0.8520535307034363,16,512,True,0.67815,100.0
bot->ton,43,statico,17,0.895,0.7610285513581077,0,0,True,0.71635,100.0
bot->ton,43,ogni_batch,17,0.895,0.9016643881447964,17,544,True,0.71635,100.0
bot->ton,43,su_innesco,17,0.895,0.9186411547106988,14,448,True,0.71635,100.0
bot->ton,43,oracolo,17,0.895,0.9374224282190722,17,544,True,0.71635,100.0
bot->ton,43,stat_13x13,17,0.895,0.7638384162906263,17,544,True,0.71635,100.0
bot->ton,43,martingala,17,0.895,0.8908337143351415,16,512,True,0.71635,100.0
bot->ton,43,stat_13x13_adaptive,17,0.895,0.834421856435523,17,544,True,0.71635,100.0
bot->ton,43,statico,18,0.947,0.743306828751319,0,0,True,0.75605,100.0
bot->ton,43,ogni_batch,18,0.947,0.9221625870593868,18,576,True,0.75605,100.0
bot->ton,43,su_innesco,18,0.947,0.9257655179196241,15,480,True,0.75605,100.0
bot->ton,43,oracolo,18,0.947,0.9352945867314901,18,576,True,0.75605,100.0
bot->ton,43,stat_13x13,18,0.947,0.8212811831081157,18,576,True,0.75605,100.0
bot->ton,43,martingala,18,0.947,0.9137500272122472,17,544,True,0.75605,100.0
bot->ton,43,stat_13x13_adaptive,18,0.947,0.841710773978508,18,576,True,0.75605,100.0
bot->ton,43,statico,19,1.0,0.7272067362815041,0,0,True,0.79325,100.0
bot->ton,43,ogni_batch,19,1.0,0.9185344506239213,19,608,True,0.79325,100.0
bot->ton,43,su_innesco,19,1.0,0.9201459021512917,16,512,True,0.79325,100.0
bot->ton,43,oracolo,19,1.0,0.9315333587392487,19,608,True,0.79325,100.0
bot->ton,43,stat_13x13,19,1.0,0.760643301002964,19,608,True,0.79325,100.0
bot->ton,43,martingala,19,1.0,0.912998940981971,18,576,True,0.79325,100.0
bot->ton,43,stat_13x13_adaptive,19,1.0,0.8553102854900726,19,608,True,0.79325,100.0
bot->ton,44,statico,0,0.0,0.987,0,0,False,0.05625,100.0
bot->ton,44,ogni_batch,0,0.0,0.987,0,0,False,0.05625,100.0
bot->ton,44,su_innesco,0,0.0,0.987,0,0,False,0.05625,100.0
bot->ton,44,oracolo,0,0.0,0.987,0,0,False,0.05625,100.0
bot->ton,44,stat_13x13,0,0.0,0.987,0,0,False,0.05625,100.0
bot->ton,44,martingala,0,0.0,0.987,0,0,False,0.05625,100.0
bot->ton,44,stat_13x13_adaptive,0,0.0,0.987,0,0,False,0.05625,100.0
bot->ton,44,statico,1,0.053,0.9014547147328555,0,0,False,0.09635,100.0
bot->ton,44,ogni_batch,1,0.053,0.9014547147328555,1,32,False,0.09635,100.0
bot->ton,44,su_innesco,1,0.053,0.9014547147328555,0,0,False,0.09635,100.0
bot->ton,44,oracolo,1,0.053,0.9014547147328555,1,32,False,0.09635,100.0
bot->ton,44,stat_13x13,1,0.053,0.4996962947965175,1,32,False,0.09635,100.0
bot->ton,44,martingala,1,0.053,0.9014547147328555,0,0,False,0.09635,100.0
bot->ton,44,stat_13x13_adaptive,1,0.053,0.5036934203844277,1,32,False,0.09635,100.0
bot->ton,44,statico,2,0.105,0.8905265971850936,0,0,False,0.1316,100.0
bot->ton,44,ogni_batch,2,0.105,0.8905265971850936,2,64,False,0.1316,100.0
bot->ton,44,su_innesco,2,0.105,0.8905265971850936,0,0,False,0.1316,100.0
bot->ton,44,oracolo,2,0.105,0.9439974065921858,2,64,False,0.1316,100.0
bot->ton,44,stat_13x13,2,0.105,0.6245070094918032,2,64,False,0.1316,100.0
bot->ton,44,martingala,2,0.105,0.8905265971850936,1,32,False,0.1316,100.0
bot->ton,44,stat_13x13_adaptive,2,0.105,0.6248047132669995,2,64,False,0.1316,100.0
bot->ton,44,statico,3,0.158,0.8659856637295971,0,0,True,0.1731,100.0
bot->ton,44,ogni_batch,3,0.158,0.5980089014877943,3,96,True,0.1731,100.0
bot->ton,44,su_innesco,3,0.158,0.8659856637295971,0,0,True,0.1731,100.0
bot->ton,44,oracolo,3,0.158,0.9212351491405459,3,96,True,0.1731,100.0
bot->ton,44,stat_13x13,3,0.158,0.5929499043044922,3,96,True,0.1731,100.0
bot->ton,44,martingala,3,0.158,0.5975631500072223,2,64,True,0.1731,100.0
bot->ton,44,stat_13x13_adaptive,3,0.158,0.6015952260580673,3,96,True,0.1731,100.0
bot->ton,44,statico,4,0.211,0.8567463868124412,0,0,True,0.20995,100.0
bot->ton,44,ogni_batch,4,0.211,0.7767667181110596,4,128,True,0.20995,100.0
bot->ton,44,su_innesco,4,0.211,0.8567463868124412,1,32,True,0.20995,100.0
bot->ton,44,oracolo,4,0.211,0.9110298087558142,4,128,True,0.20995,100.0
bot->ton,44,stat_13x13,4,0.211,0.5919431873096945,4,128,True,0.20995,100.0
bot->ton,44,martingala,4,0.211,0.7901512851715435,3,96,True,0.20995,100.0
bot->ton,44,stat_13x13_adaptive,4,0.211,0.6853772444795962,4,128,True,0.20995,100.0
bot->ton,44,statico,5,0.263,0.8444656186447927,0,0,True,0.24945,100.0
bot->ton,44,ogni_batch,5,0.263,0.7907219953237127,5,160,True,0.24945,100.0
bot->ton,44,su_innesco,5,0.263,0.8444656186447927,2,64,True,0.24945,100.0
bot->ton,44,oracolo,5,0.263,0.9023679346262843,5,160,True,0.24945,100.0
bot->ton,44,stat_13x13,5,0.263,0.5910288808907445,5,160,True,0.24945,100.0
bot->ton,44,martingala,5,0.263,0.7913274977416807,4,128,True,0.24945,100.0
bot->ton,44,stat_13x13_adaptive,5,0.263,0.6069582845799054,5,160,True,0.24945,100.0
bot->ton,44,statico,6,0.316,0.8296608322591625,0,0,True,0.2885,100.0
bot->ton,44,ogni_batch,6,0.316,0.8925663117898166,6,192,True,0.2885,100.0
bot->ton,44,su_innesco,6,0.316,0.8728507221771313,3,96,True,0.2885,100.0
bot->ton,44,oracolo,6,0.316,0.9189564539824668,6,192,True,0.2885,100.0
bot->ton,44,stat_13x13,6,0.316,0.6015744804333912,6,192,True,0.2885,100.0
bot->ton,44,martingala,6,0.316,0.7980594790100635,5,160,True,0.2885,100.0
bot->ton,44,stat_13x13_adaptive,6,0.316,0.6223685235225749,6,192,True,0.2885,100.0
bot->ton,44,statico,7,0.368,0.8201203703281662,0,0,True,0.32695,100.0
bot->ton,44,ogni_batch,7,0.368,0.8868674819125288,7,224,True,0.32695,100.0
bot->ton,44,su_innesco,7,0.368,0.8887814284858045,4,128,True,0.32695,100.0
bot->ton,44,oracolo,7,0.368,0.9118280106015884,7,224,True,0.32695,100.0
bot->ton,44,stat_13x13,7,0.368,0.616955884191938,7,224,True,0.32695,100.0
bot->ton,44,martingala,7,0.368,0.8002233692175835,6,192,True,0.32695,100.0
bot->ton,44,stat_13x13_adaptive,7,0.368,0.6077421442719322,7,224,True,0.32695,100.0
bot->ton,44,statico,8,0.421,0.8139299862156106,0,0,True,0.36385,100.0
bot->ton,44,ogni_batch,8,0.421,0.8979524835636573,8,256,True,0.36385,100.0
bot->ton,44,su_innesco,8,0.421,0.9000185337260576,5,160,True,0.36385,100.0
bot->ton,44,oracolo,8,0.421,0.9059179374081355,8,256,True,0.36385,100.0
bot->ton,44,stat_13x13,8,0.421,0.6050332653208808,8,256,True,0.36385,100.0
bot->ton,44,martingala,8,0.421,0.7971174232996554,7,224,True,0.36385,100.0
bot->ton,44,stat_13x13_adaptive,8,0.421,0.6214386630162657,8,256,True,0.36385,100.0
bot->ton,44,statico,9,0.474,0.7947314595418299,0,0,True,0.4015,100.0
bot->ton,44,ogni_batch,9,0.474,0.8900405983897467,9,288,True,0.4015,100.0
bot->ton,44,su_innesco,9,0.474,0.893074591704177,6,192,True,0.4015,100.0
bot->ton,44,oracolo,9,0.474,0.9280951681546342,9,288,True,0.4015,100.0
bot->ton,44,stat_13x13,9,0.474,0.5737412615294516,9,288,True,0.4015,100.0
bot->ton,44,martingala,9,0.474,0.8931788633679218,8,256,True,0.4015,100.0
bot->ton,44,stat_13x13_adaptive,9,0.474,0.6144626489725462,9,288,True,0.4015,100.0
bot->ton,44,statico,10,0.526,0.7815181124010454,0,0,True,0.44645,100.0
bot->ton,44,ogni_batch,10,0.526,0.8854655596313388,10,320,True,0.44645,100.0
bot->ton,44,su_innesco,10,0.526,0.8949575512285054,7,224,True,0.44645,100.0
bot->ton,44,oracolo,10,0.526,0.942127347044911,10,320,True,0.44645,100.0
bot->ton,44,stat_13x13,10,0.526,0.5797249321068001,10,320,True,0.44645,100.0
bot->ton,44,martingala,10,0.526,0.8940159393803933,9,288,True,0.44645,100.0
bot->ton,44,stat_13x13_adaptive,10,0.526,0.637852869336816,10,320,True,0.44645,100.0
bot->ton,44,statico,11,0.579,0.7614763751297641,0,0,True,0.48175,100.0
bot->ton,44,ogni_batch,11,0.579,0.8810398019290557,11,352,True,0.48175,100.0
bot->ton,44,su_innesco,11,0.579,0.8819533561330759,8,256,True,0.48175,100.0
bot->ton,44,oracolo,11,0.579,0.9312725208470543,11,352,True,0.48175,100.0
bot->ton,44,stat_13x13,11,0.579,0.5811446123433637,11,352,True,0.48175,100.0
bot->ton,44,martingala,11,0.579,0.8842691683915367,10,320,True,0.48175,100.0
bot->ton,44,stat_13x13_adaptive,11,0.579,0.6162614327566004,11,352,True,0.48175,100.0
bot->ton,44,statico,12,0.632,0.7492399040764113,0,0,True,0.51905,100.0
bot->ton,44,ogni_batch,12,0.632,0.8900124718552636,12,384,True,0.51905,100.0
bot->ton,44,su_innesco,12,0.632,0.9532794777640818,9,288,True,0.51905,100.0
bot->ton,44,oracolo,12,0.632,0.9301659363387191,12,384,True,0.51905,100.0
bot->ton,44,stat_13x13,12,0.632,0.5871283506674058,12,384,True,0.51905,100.0
bot->ton,44,martingala,12,0.632,0.9533285598660135,11,352,True,0.51905,100.0
bot->ton,44,stat_13x13_adaptive,12,0.632,0.6222208669481989,12,384,True,0.51905,100.0
bot->ton,44,statico,13,0.684,0.7246253766369142,0,0,True,0.56075,100.0
bot->ton,44,ogni_batch,13,0.684,0.876205970032566,13,416,True,0.56075,100.0
bot->ton,44,su_innesco,13,0.684,0.9476539601533811,10,320,True,0.56075,100.0
bot->ton,44,oracolo,13,0.684,0.9297653704654676,13,416,True,0.56075,100.0
bot->ton,44,stat_13x13,13,0.684,0.6057065663591661,13,416,True,0.56075,100.0
bot->ton,44,martingala,13,0.684,0.9478890281864143,12,384,True,0.56075,100.0
bot->ton,44,stat_13x13_adaptive,13,0.684,0.6046192487264405,13,416,True,0.56075,100.0
bot->ton,44,statico,14,0.737,0.7069912359034418,0,0,True,0.5992,100.0
bot->ton,44,ogni_batch,14,0.737,0.9425545643583957,14,448,True,0.5992,100.0
bot->ton,44,su_innesco,14,0.737,0.9433503827013989,11,352,True,0.5992,100.0
bot->ton,44,oracolo,14,0.737,0.9432612589524346,14,448,True,0.5992,100.0
bot->ton,44,stat_13x13,14,0.737,0.6548279029948562,14,448,True,0.5992,100.0
bot->ton,44,martingala,14,0.737,0.9443971395144121,13,416,True,0.5992,100.0
bot->ton,44,stat_13x13_adaptive,14,0.737,0.6088972863871472,14,448,True,0.5992,100.0
bot->ton,44,statico,15,0.789,0.6909411513740467,0,0,True,0.64095,100.0
bot->ton,44,ogni_batch,15,0.789,0.9394185703693939,15,480,True,0.64095,100.0
bot->ton,44,su_innesco,15,0.789,0.9423023073139027,12,384,True,0.64095,100.0
bot->ton,44,oracolo,15,0.789,0.9424673916794986,15,480,True,0.64095,100.0
bot->ton,44,stat_13x13,15,0.789,0.6160439548558714,15,480,True,0.64095,100.0
bot->ton,44,martingala,15,0.789,0.9417818133581943,14,448,True,0.64095,100.0
bot->ton,44,stat_13x13_adaptive,15,0.789,0.6069784945387015,15,480,True,0.64095,100.0
bot->ton,44,statico,16,0.842,0.671702462011461,0,0,True,0.6749,100.0
bot->ton,44,ogni_batch,16,0.842,0.9337929483774386,16,512,True,0.6749,100.0
bot->ton,44,su_innesco,16,0.842,0.9362331285010623,13,416,True,0.6749,100.0
bot->ton,44,oracolo,16,0.842,0.9332894191455798,16,512,True,0.6749,100.0
bot->ton,44,stat_13x13,16,0.842,0.6144324254716373,16,512,True,0.6749,100.0
bot->ton,44,martingala,16,0.842,0.9383576596806387,15,480,True,0.6749,100.0
bot->ton,44,stat_13x13_adaptive,16,0.842,0.8857941878340094,16,512,True,0.6749,100.0
bot->ton,44,statico,17,0.895,0.6553570381597834,0,0,True,0.71745,100.0
bot->ton,44,ogni_batch,17,0.895,0.936900258625744,17,544,True,0.71745,100.0
bot->ton,44,su_innesco,17,0.895,0.9393151183021566,14,448,True,0.71745,100.0
bot->ton,44,oracolo,17,0.895,0.9314309116515254,17,544,True,0.71745,100.0
bot->ton,44,stat_13x13,17,0.895,0.627853925072124,17,544,True,0.71745,100.0
bot->ton,44,martingala,17,0.895,0.9410330167043905,16,512,True,0.71745,100.0
bot->ton,44,stat_13x13_adaptive,17,0.895,0.6704893525284352,17,544,True,0.71745,100.0
bot->ton,44,statico,18,0.947,0.6276457341654347,0,0,True,0.7566,100.0
bot->ton,44,ogni_batch,18,0.947,0.9316275067006263,18,576,True,0.7566,100.0
bot->ton,44,su_innesco,18,0.947,0.9372732968352004,15,480,True,0.7566,100.0
bot->ton,44,oracolo,18,0.947,0.9324847869581749,18,576,True,0.7566,100.0
bot->ton,44,stat_13x13,18,0.947,0.7578396204735801,18,576,True,0.7566,100.0
bot->ton,44,martingala,18,0.947,0.939839873467861,17,544,True,0.7566,100.0
bot->ton,44,stat_13x13_adaptive,18,0.947,0.8899369954162251,18,576,True,0.7566,100.0
bot->ton,44,statico,19,1.0,0.6162303710127689,0,0,True,0.7955,100.0
bot->ton,44,ogni_batch,19,1.0,0.9311038651322322,19,608,True,0.7955,100.0
bot->ton,44,su_innesco,19,1.0,0.9369591548522328,16,512,True,0.7955,100.0
bot->ton,44,oracolo,19,1.0,0.9341833025431037,19,608,True,0.7955,100.0
bot->ton,44,stat_13x13,19,1.0,0.7173711464292141,19,608,True,0.7955,100.0
bot->ton,44,martingala,19,1.0,0.941157263644838,18,576,True,0.7955,100.0
bot->ton,44,stat_13x13_adaptive,19,1.0,0.8924351704203808,19,608,True,0.7955,100.0
bot->ton,45,statico,0,0.0,0.9879,0,0,False,0.05235,100.0
bot->ton,45,ogni_batch,0,0.0,0.9879,0,0,False,0.05235,100.0
bot->ton,45,su_innesco,0,0.0,0.9879,0,0,False,0.05235,100.0
bot->ton,45,oracolo,0,0.0,0.9879,0,0,False,0.05235,100.0
bot->ton,45,stat_13x13,0,0.0,0.9879,0,0,False,0.05235,100.0
bot->ton,45,martingala,0,0.0,0.9879,0,0,False,0.05235,100.0
bot->ton,45,stat_13x13_adaptive,0,0.0,0.9879,0,0,False,0.05235,100.0
bot->ton,45,statico,1,0.053,0.893306951364018,0,0,False,0.0927,100.0
bot->ton,45,ogni_batch,1,0.053,0.893306951364018,1,32,False,0.0927,100.0
bot->ton,45,su_innesco,1,0.053,0.893306951364018,0,0,False,0.0927,100.0
bot->ton,45,oracolo,1,0.053,0.893306951364018,1,32,False,0.0927,100.0
bot->ton,45,stat_13x13,1,0.053,0.4999746912330431,1,32,False,0.0927,100.0
bot->ton,45,martingala,1,0.053,0.893306951364018,0,0,False,0.0927,100.0
bot->ton,45,stat_13x13_adaptive,1,0.053,0.4999746912330431,1,32,False,0.0927,100.0
bot->ton,45,statico,2,0.105,0.8895649323926982,0,0,False,0.13075,100.0
bot->ton,45,ogni_batch,2,0.105,0.8895649323926982,2,64,False,0.13075,100.0
bot->ton,45,su_innesco,2,0.105,0.8895649323926982,0,0,False,0.13075,100.0
bot->ton,45,oracolo,2,0.105,0.8895444992008579,2,64,False,0.13075,100.0
bot->ton,45,stat_13x13,2,0.105,0.6161153927729435,2,64,False,0.13075,100.0
bot->ton,45,martingala,2,0.105,0.8895649323926982,1,32,False,0.13075,100.0
bot->ton,45,stat_13x13_adaptive,2,0.105,0.6308032818975406,2,64,False,0.13075,100.0
bot->ton,45,statico,3,0.158,0.8593858216153889,0,0,True,0.1711,100.0
bot->ton,45,ogni_batch,3,0.158,0.8593858216153889,3,96,True,0.1711,100.0
bot->ton,45,su_innesco,3,0.158,0.8593858216153889,0,0,True,0.1711,100.0
bot->ton,45,oracolo,3,0.158,0.9137297257820477,3,96,True,0.1711,100.0
bot->ton,45,stat_13x13,3,0.158,0.5754431271212233,3,96,True,0.1711,100.0
bot->ton,45,martingala,3,0.158,0.8593858216153889,2,64,True,0.1711,100.0
bot->ton,45,stat_13x13_adaptive,3,0.158,0.784834622979162,3,96,True,0.1711,100.0
bot->ton,45,statico,4,0.211,0.8355243711235139,0,0,True,0.20585,100.0
bot->ton,45,ogni_batch,4,0.211,0.5399011108326374,4,128,True,0.20585,100.0
bot->ton,45,su_innesco,4,0.211,0.5320157478282519,1,32,True,0.20585,100.0
bot->ton,45,oracolo,4,0.211,0.8992953527545169,4,128,True,0.20585,100.0
bot->ton,45,stat_13x13,4,0.211,0.6225698194241256,4,128,True,0.20585,100.0
bot->ton,45,martingala,4,0.211,0.539490096095641,3,96,True,0.20585,100.0
bot->ton,45,stat_13x13_adaptive,4,0.211,0.7977701331650279,4,128,True,0.20585,100.0
bot->ton,45,statico,5,0.263,0.8193743032670598,0,0,True,0.2469,100.0
bot->ton,45,ogni_batch,5,0.263,0.6667796671409852,5,160,True,0.2469,100.0
bot->ton,45,su_innesco,5,0.263,0.6647444896328264,2,64,True,0.2469,100.0
bot->ton,45,oracolo,5,0.263,0.8925426063152033,5,160,True,0.2469,100.0
bot->ton,45,stat_13x13,5,0.263,0.6173931109384814,5,160,True,0.2469,100.0
bot->ton,45,martingala,5,0.263,0.6641525655181355,4,128,True,0.2469,100.0
bot->ton,45,stat_13x13_adaptive,5,0.263,0.8011697143142553,5,160,True,0.2469,100.0
bot->ton,45,statico,6,0.316,0.8044184501034337,0,0,True,0.28605,100.0
bot->ton,45,ogni_batch,6,0.316,0.6811186914941969,6,192,True,0.28605,100.0
bot->ton,45,su_innesco,6,0.316,0.6882744296392787,3,96,True,0.28605,100.0
bot->ton,45,oracolo,6,0.316,0.8842380340106585,6,192,True,0.28605,100.0
bot->ton,45,stat_13x13,6,0.316,0.6564566162477132,6,192,True,0.28605,100.0
bot->ton,45,martingala,6,0.316,0.6869784317561808,5,160,True,0.28605,100.0
bot->ton,45,stat_13x13_adaptive,6,0.316,0.8059694149106558,6,192,True,0.28605,100.0
bot->ton,45,statico,7,0.368,0.7964588086126572,0,0,True,0.32435,100.0
bot->ton,45,ogni_batch,7,0.368,0.8022458173497233,7,224,True,0.32435,100.0
bot->ton,45,su_innesco,7,0.368,0.7452888814048815,4,128,True,0.32435,100.0
bot->ton,45,oracolo,7,0.368,0.9175517915099062,7,224,True,0.32435,100.0
bot->ton,45,stat_13x13,7,0.368,0.6481137610136012,7,224,True,0.32435,100.0
bot->ton,45,martingala,7,0.368,0.7994178621215162,6,192,True,0.32435,100.0
bot->ton,45,stat_13x13_adaptive,7,0.368,0.8034249329707178,7,224,True,0.32435,100.0
bot->ton,45,statico,8,0.421,0.7676791525762642,0,0,True,0.36405,100.0
bot->ton,45,ogni_batch,8,0.421,0.892014174282112,8,256,True,0.36405,100.0
bot->ton,45,su_innesco,8,0.421,0.8746661049604583,5,160,True,0.36405,100.0
bot->ton,45,oracolo,8,0.421,0.923636490859584,8,256,True,0.36405,100.0
bot->ton,45,stat_13x13,8,0.421,0.6428913875176102,8,256,True,0.36405,100.0
bot->ton,45,martingala,8,0.421,0.8891685913422942,7,224,True,0.36405,100.0
bot->ton,45,stat_13x13_adaptive,8,0.421,0.7994557459571343,8,256,True,0.36405,100.0
bot->ton,45,statico,9,0.474,0.7490025477717158,0,0,True,0.40495,100.0
bot->ton,45,ogni_batch,9,0.474,0.8940037909759313,9,288,True,0.40495,100.0
bot->ton,45,su_innesco,9,0.474,0.8788502472860693,6,192,True,0.40495,100.0
bot->ton,45,oracolo,9,0.474,0.9281115170119746,9,288,True,0.40495,100.0
bot->ton,45,stat_13x13,9,0.474,0.6479921056532321,9,288,True,0.40495,100.0
bot->ton,45,martingala,9,0.474,0.8921572143300005,8,256,True,0.40495,100.0
bot->ton,45,stat_13x13_adaptive,9,0.474,0.8002884074394615,9,288,True,0.40495,100.0
bot->ton,45,statico,10,0.526,0.7296219233226824,0,0,True,0.44435,100.0
bot->ton,45,ogni_batch,10,0.526,0.8862392513312076,10,320,True,0.44435,100.0
bot->ton,45,su_innesco,10,0.526,0.9482928655325187,7,224,True,0.44435,100.0
bot->ton,45,oracolo,10,0.526,0.9276672734844039,10,320,True,0.44435,100.0
bot->ton,45,stat_13x13,10,0.526,0.7712140549170847,10,320,True,0.44435,100.0
bot->ton,45,martingala,10,0.526,0.9543556040052923,9,288,True,0.44435,100.0
bot->ton,45,stat_13x13_adaptive,10,0.526,0.7975747115810351,10,320,True,0.44435,100.0
bot->ton,45,statico,11,0.579,0.7036611243753099,0,0,True,0.48335,100.0
bot->ton,45,ogni_batch,11,0.579,0.8825770641904034,11,352,True,0.48335,100.0
bot->ton,45,su_innesco,11,0.579,0.8766595718915431,8,256,True,0.48335,100.0
bot->ton,45,oracolo,11,0.579,0.9389255846476161,11,352,True,0.48335,100.0
bot->ton,45,stat_13x13,11,0.579,0.7724224364463304,11,352,True,0.48335,100.0
bot->ton,45,martingala,11,0.579,0.8830175113990487,10,320,True,0.48335,100.0
bot->ton,45,stat_13x13_adaptive,11,0.579,0.7937249361048107,11,352,True,0.48335,100.0
bot->ton,45,statico,12,0.632,0.6822160329400355,0,0,True,0.51655,100.0
bot->ton,45,ogni_batch,12,0.632,0.8837047020227877,12,384,True,0.51655,100.0
bot->ton,45,su_innesco,12,0.632,0.8702014086541827,9,288,True,0.51655,100.0
bot->ton,45,oracolo,12,0.632,0.9380679970265734,12,384,True,0.51655,100.0
bot->ton,45,stat_13x13,12,0.632,0.7692088084352755,12,384,True,0.51655,100.0
bot->ton,45,martingala,12,0.632,0.8848236564101009,11,352,True,0.51655,100.0
bot->ton,45,stat_13x13_adaptive,12,0.632,0.7925696121791653,12,384,True,0.51655,100.0
bot->ton,45,statico,13,0.684,0.6601121210432431,0,0,True,0.5562,100.0
bot->ton,45,ogni_batch,13,0.684,0.8802976241448539,13,416,True,0.5562,100.0
bot->ton,45,su_innesco,13,0.684,0.8698381888459815,10,320,True,0.5562,100.0
bot->ton,45,oracolo,13,0.684,0.9318906119808126,13,416,True,0.5562,100.0
bot->ton,45,stat_13x13,13,0.684,0.7543939750230961,13,416,True,0.5562,100.0
bot->ton,45,martingala,13,0.684,0.8799435362304657,12,384,True,0.5562,100.0
bot->ton,45,stat_13x13_adaptive,13,0.684,0.788760710423143,13,416,True,0.5562,100.0
bot->ton,45,statico,14,0.737,0.6347139172172096,0,0,True,0.59535,100.0
bot->ton,45,ogni_batch,14,0.737,0.8782622797374808,14,448,True,0.59535,100.0
bot->ton,45,su_innesco,14,0.737,0.864609976164303,11,352,True,0.59535,100.0
bot->ton,45,oracolo,14,0.737,0.9381665015944884,14,448,True,0.59535,100.0
bot->ton,45,stat_13x13,14,0.737,0.7582126492452029,14,448,True,0.59535,100.0
bot->ton,45,martingala,14,0.737,0.8752178408559084,13,416,True,0.59535,100.0
bot->ton,45,stat_13x13_adaptive,14,0.737,0.7835017795143613,14,448,True,0.59535,100.0
bot->ton,45,statico,15,0.789,0.6078060004206431,0,0,True,0.6401,100.0
bot->ton,45,ogni_batch,15,0.789,0.9406538702861587,15,480,True,0.6401,100.0
bot->ton,45,su_innesco,15,0.789,0.9382365956943793,12,384,True,0.6401,100.0
bot->ton,45,oracolo,15,0.789,0.9405828367708788,15,480,True,0.6401,100.0
bot->ton,45,stat_13x13,15,0.789,0.7581691762125295,15,480,True,0.6401,100.0
bot->ton,45,martingala,15,0.789,0.9389448805000055,14,448,True,0.6401,100.0
bot->ton,45,stat_13x13_adaptive,15,0.789,0.7795794605777208,15,480,True,0.6401,100.0
bot->ton,45,statico,16,0.842,0.5842600828207664,0,0,True,0.67,100.0
bot->ton,45,ogni_batch,16,0.842,0.9072620838145469,16,512,True,0.67,100.0
bot->ton,45,su_innesco,16,0.842,0.936442655301511,13,416,True,0.67,100.0
bot->ton,45,oracolo,16,0.842,0.9380624402310218,16,512,True,0.67,100.0
bot->ton,45,stat_13x13,16,0.842,0.7670818367384618,16,512,True,0.67,100.0
bot->ton,45,martingala,16,0.842,0.9350233040361706,15,480,True,0.67,100.0
bot->ton,45,stat_13x13_adaptive,16,0.842,0.7823398820086536,16,512,True,0.67,100.0
bot->ton,45,statico,17,0.895,0.5608744737659914,0,0,True,0.71505,100.0
bot->ton,45,ogni_batch,17,0.895,0.8431985185581099,17,544,True,0.71505,100.0
bot->ton,45,su_innesco,17,0.895,0.937367012309881,14,448,True,0.71505,100.0
bot->ton,45,oracolo,17,0.895,0.9323650315719142,17,544,True,0.71505,100.0
bot->ton,45,stat_13x13,17,0.895,0.7253396929428654,17,544,True,0.71505,100.0
bot->ton,45,martingala,17,0.895,0.9345936508861633,16,512,True,0.71505,100.0
bot->ton,45,stat_13x13_adaptive,17,0.895,0.7810918077755018,17,544,True,0.71505,100.0
bot->ton,45,statico,18,0.947,0.5347038978107006,0,0,True,0.75205,100.0
bot->ton,45,ogni_batch,18,0.947,0.8754341030572624,18,576,True,0.75205,100.0
bot->ton,45,su_innesco,18,0.947,0.8697169581445422,15,480,True,0.75205,100.0
bot->ton,45,oracolo,18,0.947,0.9276930229962179,18,576,True,0.75205,100.0
bot->ton,45,stat_13x13,18,0.947,0.7671101896223114,18,576,True,0.75205,100.0
bot->ton,45,martingala,18,0.947,0.9395874281798869,17,544,True,0.75205,100.0
bot->ton,45,stat_13x13_adaptive,18,0.947,0.7837758040738909,18,576,True,0.75205,100.0
bot->ton,45,statico,19,1.0,0.506260469915746,0,0,True,0.7882,100.0
bot->ton,45,ogni_batch,19,1.0,0.8648099690629651,19,608,True,0.7882,100.0
bot->ton,45,su_innesco,19,1.0,0.868624755616084,16,512,True,0.7882,100.0
bot->ton,45,oracolo,19,1.0,0.9286236783850169,19,608,True,0.7882,100.0
bot->ton,45,stat_13x13,19,1.0,0.7717683122230035,19,608,True,0.7882,100.0
bot->ton,45,martingala,19,1.0,0.9210361693619863,18,576,True,0.7882,100.0
bot->ton,45,stat_13x13_adaptive,19,1.0,0.7837575793999574,19,608,True,0.7882,100.0
bot->ton,46,statico,0,0.0,0.9859,0,0,False,0.0446,100.0
bot->ton,46,ogni_batch,0,0.0,0.9859,0,0,False,0.0446,100.0
bot->ton,46,su_innesco,0,0.0,0.9859,0,0,False,0.0446,100.0
bot->ton,46,oracolo,0,0.0,0.9859,0,0,False,0.0446,100.0
bot->ton,46,stat_13x13,0,0.0,0.9859,0,0,False,0.0446,100.0
bot->ton,46,martingala,0,0.0,0.9859,0,0,False,0.0446,100.0
bot->ton,46,stat_13x13_adaptive,0,0.0,0.9859,0,0,False,0.0446,100.0
bot->ton,46,statico,1,0.053,0.9648607594936709,0,0,False,0.07885,100.0
bot->ton,46,ogni_batch,1,0.053,0.9648607594936709,1,32,False,0.07885,100.0
bot->ton,46,su_innesco,1,0.053,0.9648607594936709,0,0,False,0.07885,100.0
bot->ton,46,oracolo,1,0.053,0.9648607594936709,1,32,False,0.07885,100.0
bot->ton,46,stat_13x13,1,0.053,0.5,1,32,False,0.07885,100.0
bot->ton,46,martingala,1,0.053,0.9648607594936709,0,0,False,0.07885,100.0
bot->ton,46,stat_13x13_adaptive,1,0.053,0.5,1,32,False,0.07885,100.0
bot->ton,46,statico,2,0.105,0.9545513857922971,0,0,False,0.122,100.0
bot->ton,46,ogni_batch,2,0.105,0.7971897006271078,2,64,False,0.122,100.0
bot->ton,46,su_innesco,2,0.105,0.9545513857922971,0,0,False,0.122,100.0
bot->ton,46,oracolo,2,0.105,0.9499937965854597,2,64,False,0.122,100.0
bot->ton,46,stat_13x13,2,0.105,0.5097800855345107,2,64,False,0.122,100.0
bot->ton,46,martingala,2,0.105,0.9460611790318064,1,32,False,0.122,100.0
bot->ton,46,stat_13x13_adaptive,2,0.105,0.5107299077506482,2,64,False,0.122,100.0
bot->ton,46,statico,3,0.158,0.9351775034876435,0,0,True,0.1568,100.0
bot->ton,46,ogni_batch,3,0.158,0.7901454285279396,3,96,True,0.1568,100.0
bot->ton,46,su_innesco,3,0.158,0.9351775034876435,0,0,True,0.1568,100.0
bot->ton,46,oracolo,3,0.158,0.9500235281962053,3,96,True,0.1568,100.0
bot->ton,46,stat_13x13,3,0.158,0.6283758431049673,3,96,True,0.1568,100.0
bot->ton,46,martingala,3,0.158,0.7899376338823336,2,64,True,0.1568,100.0
bot->ton,46,stat_13x13_adaptive,3,0.158,0.6483228781228618,3,96,True,0.1568,100.0
bot->ton,46,statico,4,0.211,0.9238581798528744,0,0,True,0.19425,100.0
bot->ton,46,ogni_batch,4,0.211,0.6725272899719998,4,128,True,0.19425,100.0
bot->ton,46,su_innesco,4,0.211,0.9238581798528744,1,32,True,0.19425,100.0
bot->ton,46,oracolo,4,0.211,0.9589552539454032,4,128,True,0.19425,100.0
bot->ton,46,stat_13x13,4,0.211,0.6046197407262132,4,128,True,0.19425,100.0
bot->ton,46,martingala,4,0.211,0.9030495649765404,3,96,True,0.19425,100.0
bot->ton,46,stat_13x13_adaptive,4,0.211,0.8113070380186141,4,128,True,0.19425,100.0
bot->ton,46,statico,5,0.263,0.908717280982906,0,0,True,0.22875,100.0
bot->ton,46,ogni_batch,5,0.263,0.8075086805555556,5,160,True,0.22875,100.0
bot->ton,46,su_innesco,5,0.263,0.908717280982906,2,64,True,0.22875,100.0
bot->ton,46,oracolo,5,0.263,0.9525040064102565,5,160,True,0.22875,100.0
bot->ton,46,stat_13x13,5,0.263,0.6391225961538461,5,160,True,0.22875,100.0
bot->ton,46,martingala,5,0.263,0.8990184294871795,4,128,True,0.22875,100.0
bot->ton,46,stat_13x13_adaptive,5,0.263,0.7110276442307693,5,160,True,0.22875,100.0
bot->ton,46,statico,6,0.316,0.8885897836038286,0,0,True,0.2713,100.0
bot->ton,46,ogni_batch,6,0.316,0.8938427256626891,6,192,True,0.2713,100.0
bot->ton,46,su_innesco,6,0.316,0.8885897836038286,3,96,True,0.2713,100.0
bot->ton,46,oracolo,6,0.316,0.9393442305645076,6,192,True,0.2713,100.0
bot->ton,46,stat_13x13,6,0.316,0.75982873878582,6,192,True,0.2713,100.0
bot->ton,46,martingala,6,0.316,0.8932811093691025,5,160,True,0.2713,100.0
bot->ton,46,stat_13x13_adaptive,6,0.316,0.732637074296664,6,192,True,0.2713,100.0
bot->ton,46,statico,7,0.368,0.8767372253698714,0,0,True,0.30355,100.0
bot->ton,46,ogni_batch,7,0.368,0.8971031825927089,7,224,True,0.30355,100.0
bot->ton,46,su_innesco,7,0.368,0.8767372253698714,4,128,True,0.30355,100.0
bot->ton,46,oracolo,7,0.368,0.9482174866990618,7,224,True,0.30355,100.0
bot->ton,46,stat_13x13,7,0.368,0.7661615630771372,7,224,True,0.30355,100.0
bot->ton,46,martingala,7,0.368,0.8944054452883893,6,192,True,0.30355,100.0
bot->ton,46,stat_13x13_adaptive,7,0.368,0.7495731827094948,7,224,True,0.30355,100.0
bot->ton,46,statico,8,0.421,0.8606947816504241,0,0,True,0.34235,100.0
bot->ton,46,ogni_batch,8,0.421,0.8944982029042361,8,256,True,0.34235,100.0
bot->ton,46,su_innesco,8,0.421,0.8763967172355012,5,160,True,0.34235,100.0
bot->ton,46,oracolo,8,0.421,0.9487815364189751,8,256,True,0.34235,100.0
bot->ton,46,stat_13x13,8,0.421,0.8671053264973638,8,256,True,0.34235,100.0
bot->ton,46,martingala,8,0.421,0.8913723750064381,7,224,True,0.34235,100.0
bot->ton,46,stat_13x13_adaptive,8,0.421,0.7475955407383785,8,256,True,0.34235,100.0
bot->ton,46,statico,9,0.474,0.8449309880734044,0,0,True,0.3751,100.0
bot->ton,46,ogni_batch,9,0.474,0.89292314503352,9,288,True,0.3751,100.0
bot->ton,46,su_innesco,9,0.474,0.9498284746991291,6,192,True,0.3751,100.0
bot->ton,46,oracolo,9,0.474,0.9369079816116215,9,288,True,0.3751,100.0
bot->ton,46,stat_13x13,9,0.474,0.7795821517342802,9,288,True,0.3751,100.0
bot->ton,46,martingala,9,0.474,0.8912516533465975,8,256,True,0.3751,100.0
bot->ton,46,stat_13x13_adaptive,9,0.474,0.772989307889916,9,288,True,0.3751,100.0
bot->ton,46,statico,10,0.526,0.8267661923582603,0,0,True,0.41215,100.0
bot->ton,46,ogni_batch,10,0.526,0.8939657930454552,10,320,True,0.41215,100.0
bot->ton,46,su_innesco,10,0.526,0.9484246615864182,7,224,True,0.41215,100.0
bot->ton,46,oracolo,10,0.526,0.9412459915071358,10,320,True,0.41215,100.0
bot->ton,46,stat_13x13,10,0.526,0.8031837039938747,10,320,True,0.41215,100.0
bot->ton,46,martingala,10,0.526,0.8654790863364601,9,288,True,0.41215,100.0
bot->ton,46,stat_13x13_adaptive,10,0.526,0.7860755741988328,10,320,True,0.41215,100.0
bot->ton,46,statico,11,0.579,0.810577515018775,0,0,True,0.45345,100.0
bot->ton,46,ogni_batch,11,0.579,0.8937258793245413,11,352,True,0.45345,100.0
bot->ton,46,su_innesco,11,0.579,0.9524811334973013,8,256,True,0.45345,100.0
bot->ton,46,oracolo,11,0.579,0.9443518366602399,11,352,True,0.45345,100.0
bot->ton,46,stat_13x13,11,0.579,0.812397049827482,11,352,True,0.45345,100.0
bot->ton,46,martingala,11,0.579,0.8519634315408349,10,320,True,0.45345,100.0
bot->ton,46,stat_13x13_adaptive,11,0.579,0.7840223825836562,11,352,True,0.45345,100.0
bot->ton,46,statico,12,0.632,0.7925864907927705,0,0,True,0.4894,100.0
bot->ton,46,ogni_batch,12,0.632,0.883982932884008,12,384,True,0.4894,100.0
bot->ton,46,su_innesco,12,0.632,0.952547389975679,9,288,True,0.4894,100.0
bot->ton,46,oracolo,12,0.632,0.9504431848003101,12,384,True,0.4894,100.0
bot->ton,46,stat_13x13,12,0.632,0.8726515401795175,12,384,True,0.4894,100.0
bot->ton,46,martingala,12,0.632,0.831040639633902,11,352,True,0.4894,100.0
bot->ton,46,stat_13x13_adaptive,12,0.632,0.7738463525656225,12,384,True,0.4894,100.0
bot->ton,46,statico,13,0.684,0.7769222312190589,0,0,True,0.52675,100.0
bot->ton,46,ogni_batch,13,0.684,0.88348995225746,13,416,True,0.52675,100.0
bot->ton,46,su_innesco,13,0.684,0.9378133069777259,10,320,True,0.52675,100.0
bot->ton,46,oracolo,13,0.684,0.9474483908907654,13,416,True,0.52675,100.0
bot->ton,46,stat_13x13,13,0.684,0.7902655506740557,13,416,True,0.52675,100.0
bot->ton,46,martingala,13,0.684,0.8327104993370009,12,384,True,0.52675,100.0
bot->ton,46,stat_13x13_adaptive,13,0.684,0.7866234648054904,13,416,True,0.52675,100.0
bot->ton,46,statico,14,0.737,0.7515990026543291,0,0,True,0.5642,100.0
bot->ton,46,ogni_batch,14,0.737,0.9355829988448838,14,448,True,0.5642,100.0
bot->ton,46,su_innesco,14,0.737,0.9407217198168418,11,352,True,0.5642,100.0
bot->ton,46,oracolo,14,0.737,0.9444553634791789,14,448,True,0.5642,100.0
bot->ton,46,stat_13x13,14,0.737,0.8838084143050706,14,448,True,0.5642,100.0
bot->ton,46,martingala,14,0.737,0.8609119685097115,13,416,True,0.5642,100.0
bot->ton,46,stat_13x13_adaptive,14,0.737,0.7810523201555812,14,448,True,0.5642,100.0
bot->ton,46,statico,15,0.789,0.7360972521662165,0,0,True,0.5996,100.0
bot->ton,46,ogni_batch,15,0.789,0.9375221118449601,15,480,True,0.5996,100.0
bot->ton,46,su_innesco,15,0.789,0.9375221118449601,12,384,True,0.5996,100.0
bot->ton,46,oracolo,15,0.789,0.9435732225951093,15,480,True,0.5996,100.0
bot->ton,46,stat_13x13,15,0.789,0.8826914003828339,15,480,True,0.5996,100.0
bot->ton,46,martingala,15,0.789,0.9375221118449601,14,448,True,0.5996,100.0
bot->ton,46,stat_13x13_adaptive,15,0.789,0.7754812508928548,15,480,True,0.5996,100.0
bot->ton,46,statico,16,0.842,0.712376749141719,0,0,True,0.6395,100.0
bot->ton,46,ogni_batch,16,0.842,0.9389104715833323,16,512,True,0.6395,100.0
bot->ton,46,su_innesco,16,0.842,0.9389104715833323,13,416,True,0.6395,100.0
bot->ton,46,oracolo,16,0.842,0.9372372943093363,16,512,True,0.6395,100.0
bot->ton,46,stat_13x13,16,0.842,0.8889598797178957,16,512,True,0.6395,100.0
bot->ton,46,martingala,16,0.842,0.9389104715833323,15,480,True,0.6395,100.0
bot->ton,46,stat_13x13_adaptive,16,0.842,0.7826753091436518,16,512,True,0.6395,100.0
bot->ton,46,statico,17,0.895,0.6997583994284492,0,0,True,0.6736,100.0
bot->ton,46,ogni_batch,17,0.895,0.9389078641726267,17,544,True,0.6736,100.0
bot->ton,46,su_innesco,17,0.895,0.9389078641726267,14,448,True,0.6736,100.0
bot->ton,46,oracolo,17,0.895,0.9377648102726328,17,544,True,0.6736,100.0
bot->ton,46,stat_13x13,17,0.895,0.8921369735313894,17,544,True,0.6736,100.0
bot->ton,46,martingala,17,0.895,0.9389078641726267,16,512,True,0.6736,100.0
bot->ton,46,stat_13x13_adaptive,17,0.895,0.8263572899474295,17,544,True,0.6736,100.0
bot->ton,46,statico,18,0.947,0.6686477284908043,0,0,True,0.71705,100.0
bot->ton,46,ogni_batch,18,0.947,0.866886629843328,18,576,True,0.71705,100.0
bot->ton,46,su_innesco,18,0.947,0.866886629843328,15,480,True,0.71705,100.0
bot->ton,46,oracolo,18,0.947,0.9349556105895116,18,576,True,0.71705,100.0
bot->ton,46,stat_13x13,18,0.947,0.8806555090165182,18,576,True,0.71705,100.0
bot->ton,46,martingala,18,0.947,0.866886629843328,17,544,True,0.71705,100.0
bot->ton,46,stat_13x13_adaptive,18,0.947,0.8602081552637537,18,576,True,0.71705,100.0
bot->ton,46,statico,19,1.0,0.650663166681541,0,0,True,0.74465,100.0
bot->ton,46,ogni_batch,19,1.0,0.8713042020823845,19,608,True,0.74465,100.0
bot->ton,46,su_innesco,19,1.0,0.8713042020823845,16,512,True,0.74465,100.0
bot->ton,46,oracolo,19,1.0,0.9329773281158605,19,608,True,0.74465,100.0
bot->ton,46,stat_13x13,19,1.0,0.8811743905560266,19,608,True,0.74465,100.0
bot->ton,46,martingala,19,1.0,0.8713042020823845,18,576,True,0.74465,100.0
bot->ton,46,stat_13x13_adaptive,19,1.0,0.8661268643638809,19,608,True,0.74465,100.0
bot->ton,47,statico,0,0.0,0.9897,0,0,False,0.04855,100.0
bot->ton,47,ogni_batch,0,0.0,0.9897,0,0,False,0.04855,100.0
bot->ton,47,su_innesco,0,0.0,0.9897,0,0,False,0.04855,100.0
bot->ton,47,oracolo,0,0.0,0.9897,0,0,False,0.04855,100.0
bot->ton,47,stat_13x13,0,0.0,0.9897,0,0,False,0.04855,100.0
bot->ton,47,martingala,0,0.0,0.9897,0,0,False,0.04855,100.0
bot->ton,47,stat_13x13_adaptive,0,0.0,0.9897,0,0,False,0.04855,100.0
bot->ton,47,statico,1,0.053,0.9596636527490205,0,0,False,0.08645,100.0
bot->ton,47,ogni_batch,1,0.053,0.9596636527490205,1,32,False,0.08645,100.0
bot->ton,47,su_innesco,1,0.053,0.9596636527490205,0,0,False,0.08645,100.0
bot->ton,47,oracolo,1,0.053,0.9596636527490205,1,32,False,0.08645,100.0
bot->ton,47,stat_13x13,1,0.053,0.5,1,32,False,0.08645,100.0
bot->ton,47,martingala,1,0.053,0.9596636527490205,0,0,False,0.08645,100.0
bot->ton,47,stat_13x13_adaptive,1,0.053,0.5,1,32,False,0.08645,100.0
bot->ton,47,statico,2,0.105,0.940923076923077,0,0,False,0.12325,100.0
bot->ton,47,ogni_batch,2,0.105,0.940923076923077,2,64,False,0.12325,100.0
bot->ton,47,su_innesco,2,0.105,0.940923076923077,0,0,False,0.12325,100.0
bot->ton,47,oracolo,2,0.105,0.9301025641025641,2,64,False,0.12325,100.0
bot->ton,47,stat_13x13,2,0.105,0.7847948717948718,2,64,False,0.12325,100.0
bot->ton,47,martingala,2,0.105,0.940923076923077,1,32,False,0.12325,100.0
bot->ton,47,stat_13x13_adaptive,2,0.105,0.6407948717948718,2,64,False,0.12325,100.0
bot->ton,47,statico,3,0.158,0.9309526668267563,0,0,True,0.15885,100.0
bot->ton,47,ogni_batch,3,0.158,0.7963459537340911,3,96,True,0.15885,100.0
bot->ton,47,su_innesco,3,0.158,0.9309526668267563,0,0,True,0.15885,100.0
bot->ton,47,oracolo,3,0.158,0.9326416126364097,3,96,True,0.15885,100.0
bot->ton,47,stat_13x13,3,0.158,0.8801275380879959,3,96,True,0.15885,100.0
bot->ton,47,martingala,3,0.158,0.9265488673657248,2,64,True,0.15885,100.0
bot->ton,47,stat_13x13_adaptive,3,0.158,0.8719836441740708,3,96,True,0.15885,100.0
bot->ton,47,statico,4,0.211,0.907791380718693,0,0,True,0.19755,100.0
bot->ton,47,ogni_batch,4,0.211,0.9624834490851043,4,128,True,0.19755,100.0
bot->ton,47,su_innesco,4,0.211,0.907791380718693,1,32,True,0.19755,100.0
bot->ton,47,oracolo,4,0.211,0.9206686125088652,4,128,True,0.19755,100.0
bot->ton,47,stat_13x13,4,0.211,0.8769376210074842,4,128,True,0.19755,100.0
bot->ton,47,martingala,4,0.211,0.9225635028195891,3,96,True,0.19755,100.0
bot->ton,47,stat_13x13_adaptive,4,0.211,0.888630273396912,4,128,True,0.19755,100.0
bot->ton,47,statico,5,0.263,0.8891127113967341,0,0,True,0.2391,100.0
bot->ton,47,ogni_batch,5,0.263,0.963770147423821,5,160,True,0.2391,100.0
bot->ton,47,su_innesco,5,0.263,0.8891127113967341,2,64,True,0.2391,100.0
bot->ton,47,oracolo,5,0.263,0.8870402010596682,5,160,True,0.2391,100.0
bot->ton,47,stat_13x13,5,0.263,0.9498266621539699,5,160,True,0.2391,100.0
bot->ton,47,martingala,5,0.263,0.9264345482274073,4,128,True,0.2391,100.0
bot->ton,47,stat_13x13_adaptive,5,0.263,0.8970593732244849,5,160,True,0.2391,100.0
bot->ton,47,statico,6,0.316,0.8695141823107728,0,0,True,0.2746,100.0
bot->ton,47,ogni_batch,6,0.316,0.958100115621362,6,192,True,0.2746,100.0
bot->ton,47,su_innesco,6,0.316,0.6826676308402237,3,96,True,0.2746,100.0
bot->ton,47,oracolo,6,0.316,0.9157957837738424,6,192,True,0.2746,100.0
bot->ton,47,stat_13x13,6,0.316,0.9526365131910404,6,192,True,0.2746,100.0
bot->ton,47,martingala,6,0.316,0.9276486825890609,5,160,True,0.2746,100.0
bot->ton,47,stat_13x13_adaptive,6,0.316,0.8814345188666207,6,192,True,0.2746,100.0
bot->ton,47,statico,7,0.368,0.8488529225929635,0,0,True,0.30795,100.0
bot->ton,47,ogni_batch,7,0.368,0.9598027596982353,7,224,True,0.30795,100.0
bot->ton,47,su_innesco,7,0.368,0.8790997861010159,4,128,True,0.30795,100.0
bot->ton,47,oracolo,7,0.368,0.9324295158530296,7,224,True,0.30795,100.0
bot->ton,47,stat_13x13,7,0.368,0.6935620601087549,7,224,True,0.30795,100.0
bot->ton,47,martingala,7,0.368,0.8954293324001852,6,192,True,0.30795,100.0
bot->ton,47,stat_13x13_adaptive,7,0.368,0.8450497620387443,7,224,True,0.30795,100.0
bot->ton,47,statico,8,0.421,0.8307623621917726,0,0,True,0.3549,100.0
bot->ton,47,ogni_batch,8,0.421,0.9646626978924141,8,256,True,0.3549,100.0
bot->ton,47,su_innesco,8,0.421,0.8860531270186904,5,160,True,0.3549,100.0
bot->ton,47,oracolo,8,0.421,0.9322970435605991,8,256,True,0.3549,100.0
bot->ton,47,stat_13x13,8,0.421,0.8852378981276016,8,256,True,0.3549,100.0
bot->ton,47,martingala,8,0.421,0.9484491193465384,7,224,True,0.3549,100.0
bot->ton,47,stat_13x13_adaptive,8,0.421,0.8948430599284681,8,256,True,0.3549,100.0
bot->ton,47,statico,9,0.474,0.8101318933030492,0,0,True,0.38715,100.0
bot->ton,47,ogni_batch,9,0.474,0.9623734935856758,9,288,True,0.38715,100.0
bot->ton,47,su_innesco,9,0.474,0.8992267080056788,6,192,True,0.38715,100.0
bot->ton,47,oracolo,9,0.474,0.9451650828694133,9,288,True,0.38715,100.0
bot->ton,47,stat_13x13,9,0.474,0.9598142668766636,9,288,True,0.38715,100.0
bot->ton,47,martingala,9,0.474,0.9465028175703687,8,256,True,0.38715,100.0
bot->ton,47,stat_13x13_adaptive,9,0.474,0.9571713625417826,9,288,True,0.38715,100.0
bot->ton,47,statico,10,0.526,0.7887713426209759,0,0,True,0.42205,100.0
bot->ton,47,ogni_batch,10,0.526,0.9591653320094125,10,320,True,0.42205,100.0
bot->ton,47,su_innesco,10,0.526,0.8920491282840333,7,224,True,0.42205,100.0
bot->ton,47,oracolo,10,0.526,0.9446275934014339,10,320,True,0.42205,100.0
bot->ton,47,stat_13x13,10,0.526,0.86281814723667,10,320,True,0.42205,100.0
bot->ton,47,martingala,10,0.526,0.9515960906538301,9,288,True,0.42205,100.0
bot->ton,47,stat_13x13_adaptive,10,0.526,0.8577992134976699,10,320,True,0.42205,100.0
bot->ton,47,statico,11,0.579,0.7651142449577981,0,0,True,0.46385,100.0
bot->ton,47,ogni_batch,11,0.579,0.9528852857495496,11,352,True,0.46385,100.0
bot->ton,47,su_innesco,11,0.579,0.8801364434695254,8,256,True,0.46385,100.0
bot->ton,47,oracolo,11,0.579,0.9462140838767833,11,352,True,0.46385,100.0
bot->ton,47,stat_13x13,11,0.579,0.9516927429326532,11,352,True,0.46385,100.0
bot->ton,47,martingala,11,0.579,0.9490502244104408,10,320,True,0.46385,100.0
bot->ton,47,stat_13x13_adaptive,11,0.579,0.8837360082376824,11,352,True,0.46385,100.0
bot->ton,47,statico,12,0.632,0.7407276381292571,0,0,True,0.4985,100.0
bot->ton,47,ogni_batch,12,0.632,0.9521265225228019,12,384,True,0.4985,100.0
bot->ton,47,su_innesco,12,0.632,0.8804612930977713,9,288,True,0.4985,100.0
bot->ton,47,oracolo,12,0.632,0.9423081771806119,12,384,True,0.4985,100.0
bot->ton,47,stat_13x13,12,0.632,0.9487888410539167,12,384,True,0.4985,100.0
bot->ton,47,martingala,12,0.632,0.950664439431521,11,352,True,0.4985,100.0
bot->ton,47,stat_13x13_adaptive,12,0.632,0.7885946752291972,12,384,True,0.4985,100.0
bot->ton,47,statico,13,0.684,0.7167079014269757,0,0,True,0.53955,100.0
bot->ton,47,ogni_batch,13,0.684,0.9465133629173097,13,416,True,0.53955,100.0
bot->ton,47,su_innesco,13,0.684,0.8774973329641791,10,320,True,0.53955,100.0
bot->ton,47,oracolo,13,0.684,0.9387321877011896,13,416,True,0.53955,100.0
bot->ton,47,stat_13x13,13,0.684,0.9365024528024477,13,416,True,0.53955,100.0
bot->ton,47,martingala,13,0.684,0.945340925781784,12,384,True,0.53955,100.0
bot->ton,47,stat_13x13_adaptive,13,0.684,0.8790675477678085,13,416,True,0.53955,100.0
bot->ton,47,statico,14,0.737,0.6939023020774846,0,0,True,0.5823,100.0
bot->ton,47,ogni_batch,14,0.737,0.9536074688157128,14,448,True,0.5823,100.0
bot->ton,47,su_innesco,14,0.737,0.8884204731864672,11,352,True,0.5823,100.0
bot->ton,47,oracolo,14,0.737,0.9392696326144159,14,448,True,0.5823,100.0
bot->ton,47,stat_13x13,14,0.737,0.8875857361473506,14,448,True,0.5823,100.0
bot->ton,47,martingala,14,0.737,0.9492054474793847,13,416,True,0.5823,100.0
bot->ton,47,stat_13x13_adaptive,14,0.737,0.7852790346907994,14,448,True,0.5823,100.0
bot->ton,47,statico,15,0.789,0.6682892096877895,0,0,True,0.6127,100.0
bot->ton,47,ogni_batch,15,0.789,0.8754683967729646,15,480,True,0.6127,100.0
bot->ton,47,su_innesco,15,0.789,0.8747971256936005,12,384,True,0.6127,100.0
bot->ton,47,oracolo,15,0.789,0.9330045029660261,15,480,True,0.6127,100.0
bot->ton,47,stat_13x13,15,0.789,0.9520552708355265,15,480,True,0.6127,100.0
bot->ton,47,martingala,15,0.789,0.9428134801675456,14,448,True,0.6127,100.0
bot->ton,47,stat_13x13_adaptive,15,0.789,0.8515542911452458,15,480,True,0.6127,100.0
bot->ton,47,statico,16,0.842,0.6427337823837398,0,0,True,0.6524,100.0
bot->ton,47,ogni_batch,16,0.842,0.9397949912716166,16,512,True,0.6524,100.0
bot->ton,47,su_innesco,16,0.842,0.870022380017591,13,416,True,0.6524,100.0
bot->ton,47,oracolo,16,0.842,0.9245604805506374,16,512,True,0.6524,100.0
bot->ton,47,stat_13x13,16,0.842,0.9475017165810158,16,512,True,0.6524,100.0
bot->ton,47,martingala,16,0.842,0.9363941875252302,15,480,True,0.6524,100.0
bot->ton,47,stat_13x13_adaptive,16,0.842,0.7723325755852026,16,512,True,0.6524,100.0
bot->ton,47,statico,17,0.895,0.615083857316159,0,0,True,0.69,100.0
bot->ton,47,ogni_batch,17,0.895,0.9322405829479536,17,544,True,0.69,100.0
bot->ton,47,su_innesco,17,0.895,0.866795862251289,14,448,True,0.69,100.0
bot->ton,47,oracolo,17,0.895,0.930693786450002,17,544,True,0.69,100.0
bot->ton,47,stat_13x13,17,0.895,0.9484675491701662,17,544,True,0.69,100.0
bot->ton,47,martingala,17,0.895,0.9317862104536372,16,512,True,0.69,100.0
bot->ton,47,stat_13x13_adaptive,17,0.895,0.9383862445511051,17,544,True,0.69,100.0
bot->ton,47,statico,18,0.947,0.585042856536989,0,0,True,0.72755,100.0
bot->ton,47,ogni_batch,18,0.947,0.9301522075064954,18,576,True,0.72755,100.0
bot->ton,47,su_innesco,18,0.947,0.8699638081867201,15,480,True,0.72755,100.0
bot->ton,47,oracolo,18,0.947,0.9271728470875484,18,576,True,0.72755,100.0
bot->ton,47,stat_13x13,18,0.947,0.9358545054028281,18,576,True,0.72755,100.0
bot->ton,47,martingala,18,0.947,0.9317220207785918,17,544,True,0.72755,100.0
bot->ton,47,stat_13x13_adaptive,18,0.947,0.9362462368657571,18,576,True,0.72755,100.0
bot->ton,47,statico,19,1.0,0.5609125305448017,0,0,True,0.76575,100.0
bot->ton,47,ogni_batch,19,1.0,0.91750062629959,19,608,True,0.76575,100.0
bot->ton,47,su_innesco,19,1.0,0.9293594099029906,16,512,True,0.76575,100.0
bot->ton,47,oracolo,19,1.0,0.9291479138055949,19,608,True,0.76575,100.0
bot->ton,47,stat_13x13,19,1.0,0.8841041526968314,19,608,True,0.76575,100.0
bot->ton,47,martingala,19,1.0,0.9268200326121174,18,576,True,0.76575,100.0
bot->ton,47,stat_13x13_adaptive,19,1.0,0.7897896684714901,19,608,True,0.76575,100.0
bot->ton,48,statico,0,0.0,0.99025,0,0,False,0.0418,100.0
bot->ton,48,ogni_batch,0,0.0,0.99025,0,0,False,0.0418,100.0
bot->ton,48,su_innesco,0,0.0,0.99025,0,0,False,0.0418,100.0
bot->ton,48,oracolo,0,0.0,0.99025,0,0,False,0.0418,100.0
bot->ton,48,stat_13x13,0,0.0,0.99025,0,0,False,0.0418,100.0
bot->ton,48,martingala,0,0.0,0.99025,0,0,False,0.0418,100.0
bot->ton,48,stat_13x13_adaptive,0,0.0,0.99025,0,0,False,0.0418,100.0
bot->ton,48,statico,1,0.053,0.9647769437802951,0,0,False,0.073,100.0
bot->ton,48,ogni_batch,1,0.053,0.9647769437802951,1,32,False,0.073,100.0
bot->ton,48,su_innesco,1,0.053,0.9647769437802951,0,0,False,0.073,100.0
bot->ton,48,oracolo,1,0.053,0.9647769437802951,1,32,False,0.073,100.0
bot->ton,48,stat_13x13,1,0.053,0.49997468610773593,1,32,False,0.073,100.0
bot->ton,48,martingala,1,0.053,0.9647769437802951,0,0,False,0.073,100.0
bot->ton,48,stat_13x13_adaptive,1,0.053,0.49997468610773593,1,32,False,0.073,100.0
bot->ton,48,statico,2,0.105,0.9625697663089621,0,0,False,0.1016,100.0
bot->ton,48,ogni_batch,2,0.105,0.9625697663089621,2,64,False,0.1016,100.0
bot->ton,48,su_innesco,2,0.105,0.9625697663089621,0,0,False,0.1016,100.0
bot->ton,48,oracolo,2,0.105,0.9743188492718744,2,64,False,0.1016,100.0
bot->ton,48,stat_13x13,2,0.105,0.5893011918002523,2,64,False,0.1016,100.0
bot->ton,48,martingala,2,0.105,0.9625697663089621,1,32,False,0.1016,100.0
bot->ton,48,stat_13x13_adaptive,2,0.105,0.5902531304948943,2,64,False,0.1016,100.0
bot->ton,48,statico,3,0.158,0.948542871544543,0,0,False,0.1315,100.0
bot->ton,48,ogni_batch,3,0.158,0.948542871544543,3,96,False,0.1315,100.0
bot->ton,48,su_innesco,3,0.158,0.948542871544543,0,0,False,0.1315,100.0
bot->ton,48,oracolo,3,0.158,0.9689865540050583,3,96,False,0.1315,100.0
bot->ton,48,stat_13x13,3,0.158,0.7980420181814967,3,96,False,0.1315,100.0
bot->ton,48,martingala,3,0.158,0.948542871544543,2,64,False,0.1315,100.0
bot->ton,48,stat_13x13_adaptive,3,0.158,0.766221635627244,3,96,False,0.1315,100.0
bot->ton,48,statico,4,0.211,0.9364952406834217,0,0,True,0.16455,100.0
bot->ton,48,ogni_batch,4,0.211,0.49871465805978,4,128,True,0.16455,100.0
bot->ton,48,su_innesco,4,0.211,0.9364952406834217,0,0,True,0.16455,100.0
bot->ton,48,oracolo,4,0.211,0.9676008685708639,4,128,True,0.16455,100.0
bot->ton,48,stat_13x13,4,0.211,0.8016565403986038,4,128,True,0.16455,100.0
bot->ton,48,martingala,4,0.211,0.49860966015973796,3,96,True,0.16455,100.0
bot->ton,48,stat_13x13_adaptive,4,0.211,0.7359066789252451,4,128,True,0.16455,100.0
bot->ton,48,statico,5,0.263,0.9262503206944479,0,0,True,0.1935,100.0
bot->ton,48,ogni_batch,5,0.263,0.7058463655099112,5,160,True,0.1935,100.0
bot->ton,48,su_innesco,5,0.263,0.9225017197680287,1,32,True,0.1935,100.0
bot->ton,48,oracolo,5,0.263,0.9596566384455553,5,160,True,0.1935,100.0
bot->ton,48,stat_13x13,5,0.263,0.7893953746697904,5,160,True,0.1935,100.0
bot->ton,48,martingala,5,0.263,0.7080193347035091,4,128,True,0.1935,100.0
bot->ton,48,stat_13x13_adaptive,5,0.263,0.7440724388848009,5,160,True,0.1935,100.0
bot->ton,48,statico,6,0.316,0.9151902451869032,0,0,True,0.2268,100.0
bot->ton,48,ogni_batch,6,0.316,0.8534527887927185,6,192,True,0.2268,100.0
bot->ton,48,su_innesco,6,0.316,0.92161246456524,2,64,True,0.2268,100.0
bot->ton,48,oracolo,6,0.316,0.9551416884024413,6,192,True,0.2268,100.0
bot->ton,48,stat_13x13,6,0.316,0.7889174709593786,6,192,True,0.2268,100.0
bot->ton,48,martingala,6,0.316,0.8341067678435135,5,160,True,0.2268,100.0
bot->ton,48,stat_13x13_adaptive,6,0.316,0.7153811026275352,6,192,True,0.2268,100.0
bot->ton,48,statico,7,0.368,0.8979630484394174,0,0,True,0.2515,100.0
bot->ton,48,ogni_batch,7,0.368,0.8602957159086508,7,224,True,0.2515,100.0
bot->ton,48,su_innesco,7,0.368,0.9546843026012741,3,96,True,0.2515,100.0
bot->ton,48,oracolo,7,0.368,0.9460935237406923,7,224,True,0.2515,100.0
bot->ton,48,stat_13x13,7,0.368,0.7907568458701725,7,224,True,0.2515,100.0
bot->ton,48,martingala,7,0.368,0.8661187277711104,6,192,True,0.2515,100.0
bot->ton,48,stat_13x13_adaptive,7,0.368,0.8118323910327443,7,224,True,0.2515,100.0
bot->ton,48,statico,8,0.421,0.8926774608590871,0,0,True,0.28655,100.0
bot->ton,48,ogni_batch,8,0.421,0.8683340794107959,8,256,True,0.28655,100.0
bot->ton,48,su_innesco,8,0.421,0.9599252233305461,4,128,True,0.28655,100.0
bot->ton,48,oracolo,8,0.421,0.955622045603633,8,256,True,0.28655,100.0
bot->ton,48,stat_13x13,8,0.421,0.8050852921385958,8,256,True,0.28655,100.0
bot->ton,48,martingala,8,0.421,0.8671421854720418,7,224,True,0.28655,100.0
bot->ton,48,stat_13x13_adaptive,8,0.421,0.8137906084332092,8,256,True,0.28655,100.0
bot->ton,48,statico,9,0.474,0.8824759457587192,0,0,True,0.3168,100.0
bot->ton,48,ogni_batch,9,0.474,0.9617308681826437,9,288,True,0.3168,100.0
bot->ton,48,su_innesco,9,0.474,0.9637209238164552,5,160,True,0.3168,100.0
bot->ton,48,oracolo,9,0.474,0.9574281390983234,9,288,True,0.3168,100.0
bot->ton,48,stat_13x13,9,0.474,0.7986230582385057,9,288,True,0.3168,100.0
bot->ton,48,martingala,9,0.474,0.9622632057310118,8,256,True,0.3168,100.0
bot->ton,48,stat_13x13_adaptive,9,0.474,0.8272365774445081,9,288,True,0.3168,100.0
bot->ton,48,statico,10,0.526,0.8686885261098906,0,0,True,0.34775,100.0
bot->ton,48,ogni_batch,10,0.526,0.9545869603507894,10,320,True,0.34775,100.0
bot->ton,48,su_innesco,10,0.526,0.9545473296808225,6,192,True,0.34775,100.0
bot->ton,48,oracolo,10,0.526,0.9516160506530948,10,320,True,0.34775,100.0
bot->ton,48,stat_13x13,10,0.526,0.8613072558889785,10,320,True,0.34775,100.0
bot->ton,48,martingala,10,0.526,0.9545547459465473,9,288,True,0.34775,100.0
bot->ton,48,stat_13x13_adaptive,10,0.526,0.8245028784381345,10,320,True,0.34775,100.0
bot->ton,48,statico,11,0.579,0.8575862624287682,0,0,True,0.3764,100.0
bot->ton,48,ogni_batch,11,0.579,0.9524813107934773,11,352,True,0.3764,100.0
bot->ton,48,su_innesco,11,0.579,0.9538617663896698,7,224,True,0.3764,100.0
bot->ton,48,oracolo,11,0.579,0.9497000191051521,11,352,True,0.3764,100.0
bot->ton,48,stat_13x13,11,0.579,0.7901160679663283,11,352,True,0.3764,100.0
bot->ton,48,martingala,11,0.579,0.9523701558186857,10,320,True,0.3764,100.0
bot->ton,48,stat_13x13_adaptive,11,0.579,0.8214239273190671,11,352,True,0.3764,100.0
bot->ton,48,statico,12,0.632,0.8404968551530029,0,0,True,0.408,100.0
bot->ton,48,ogni_batch,12,0.632,0.9515397371656429,12,384,True,0.408,100.0
bot->ton,48,su_innesco,12,0.632,0.9531810186693321,8,256,True,0.408,100.0
bot->ton,48,oracolo,12,0.632,0.9461669211944115,12,384,True,0.408,100.0
bot->ton,48,stat_13x13,12,0.632,0.9128623455482012,12,384,True,0.408,100.0
bot->ton,48,martingala,12,0.632,0.948167523431559,11,352,True,0.408,100.0
bot->ton,48,stat_13x13_adaptive,12,0.632,0.7921015847303452,12,384,True,0.408,100.0
bot->ton,48,statico,13,0.684,0.8282960449043955,0,0,True,0.43955,100.0
bot->ton,48,ogni_batch,13,0.684,0.9539455316563374,13,416,True,0.43955,100.0
bot->ton,48,su_innesco,13,0.684,0.9440340735023376,9,288,True,0.43955,100.0
bot->ton,48,oracolo,13,0.684,0.9447518705584286,13,416,True,0.43955,100.0
bot->ton,48,stat_13x13,13,0.684,0.9480009565234959,13,416,True,0.43955,100.0
bot->ton,48,martingala,13,0.684,0.9514960027844187,12,384,True,0.43955,100.0
bot->ton,48,stat_13x13_adaptive,13,0.684,0.8249400412607382,13,416,True,0.43955,100.0
bot->ton,48,statico,14,0.737,0.8100051503923049,0,0,True,0.47205,100.0
bot->ton,48,ogni_batch,14,0.737,0.9487015899234139,14,448,True,0.47205,100.0
bot->ton,48,su_innesco,14,0.737,0.9435568266559495,10,320,True,0.47205,100.0
bot->ton,48,oracolo,14,0.737,0.9474211078002458,14,448,True,0.47205,100.0
bot->ton,48,stat_13x13,14,0.737,0.8505429295182195,14,448,True,0.47205,100.0
bot->ton,48,martingala,14,0.737,0.9490442531562968,13,416,True,0.47205,100.0
bot->ton,48,stat_13x13_adaptive,14,0.737,0.8211760284286928,14,448,True,0.47205,100.0
bot->ton,48,statico,15,0.789,0.8017459083435745,0,0,True,0.49655,100.0
bot->ton,48,ogni_batch,15,0.789,0.9468450547214934,15,480,True,0.49655,100.0
bot->ton,48,su_innesco,15,0.789,0.9418942231042615,11,352,True,0.49655,100.0
bot->ton,48,oracolo,15,0.789,0.9479411453316504,15,480,True,0.49655,100.0
bot->ton,48,stat_13x13,15,0.789,0.955721468429269,15,480,True,0.49655,100.0
bot->ton,48,martingala,15,0.789,0.9479102658850102,14,448,True,0.49655,100.0
bot->ton,48,stat_13x13_adaptive,15,0.789,0.8215157604543795,15,480,True,0.49655,100.0
bot->ton,48,statico,16,0.842,0.78446264811817,0,0,True,0.5281,100.0
bot->ton,48,ogni_batch,16,0.842,0.9429790673000562,16,512,True,0.5281,100.0
bot->ton,48,su_innesco,16,0.842,0.9371119136786421,12,384,True,0.5281,100.0
bot->ton,48,oracolo,16,0.842,0.9385613165499755,16,512,True,0.5281,100.0
bot->ton,48,stat_13x13,16,0.842,0.8567667772635723,16,512,True,0.5281,100.0
bot->ton,48,martingala,16,0.842,0.9419366559027534,15,480,True,0.5281,100.0
bot->ton,48,stat_13x13_adaptive,16,0.842,0.8195781526086903,16,512,True,0.5281,100.0
bot->ton,48,statico,17,0.895,0.7646560335947008,0,0,True,0.5595,100.0
bot->ton,48,ogni_batch,17,0.895,0.9392060107635145,17,544,True,0.5595,100.0
bot->ton,48,su_innesco,17,0.895,0.9322216954846094,13,416,True,0.5595,100.0
bot->ton,48,oracolo,17,0.895,0.9326893462074317,17,544,True,0.5595,100.0
bot->ton,48,stat_13x13,17,0.895,0.8459602836057241,17,544,True,0.5595,100.0
bot->ton,48,martingala,17,0.895,0.9394712634420559,16,512,True,0.5595,100.0
bot->ton,48,stat_13x13_adaptive,17,0.895,0.8134899707550878,17,544,True,0.5595,100.0
bot->ton,48,statico,18,0.947,0.7527770226765459,0,0,True,0.5864,100.0
bot->ton,48,ogni_batch,18,0.947,0.938400743521745,18,576,True,0.5864,100.0
bot->ton,48,su_innesco,18,0.947,0.9400591512449128,14,448,True,0.5864,100.0
bot->ton,48,oracolo,18,0.947,0.9381034866048086,18,576,True,0.5864,100.0
bot->ton,48,stat_13x13,18,0.947,0.9039232777586435,18,576,True,0.5864,100.0
bot->ton,48,martingala,18,0.947,0.9392805315577917,17,544,True,0.5864,100.0
bot->ton,48,stat_13x13_adaptive,18,0.947,0.8509250427554675,18,576,True,0.5864,100.0
bot->ton,48,statico,19,1.0,0.7350490032816601,0,0,True,0.6195,100.0
bot->ton,48,ogni_batch,19,1.0,0.9371496724496748,19,608,True,0.6195,100.0
bot->ton,48,su_innesco,19,1.0,0.9387338161420126,15,480,True,0.6195,100.0
bot->ton,48,oracolo,19,1.0,0.9384187686787167,19,608,True,0.6195,100.0
bot->ton,48,stat_13x13,19,1.0,0.8495789853632232,19,608,True,0.6195,100.0
bot->ton,48,martingala,19,1.0,0.9358274288424546,18,576,True,0.6195,100.0
bot->ton,48,stat_13x13_adaptive,19,1.0,0.8203963860835537,19,608,True,0.6195,100.0
bot->ton,49,statico,0,0.0,0.98675,0,0,False,0.04955,100.0
bot->ton,49,ogni_batch,0,0.0,0.98675,0,0,False,0.04955,100.0
bot->ton,49,su_innesco,0,0.0,0.98675,0,0,False,0.04955,100.0
bot->ton,49,oracolo,0,0.0,0.98675,0,0,False,0.04955,100.0
bot->ton,49,stat_13x13,0,0.0,0.98675,0,0,False,0.04955,100.0
bot->ton,49,martingala,0,0.0,0.98675,0,0,False,0.04955,100.0
bot->ton,49,stat_13x13_adaptive,0,0.0,0.98675,0,0,False,0.04955,100.0
bot->ton,49,statico,1,0.053,0.9508625619209399,0,0,False,0.08995,100.0
bot->ton,49,ogni_batch,1,0.053,0.9508625619209399,1,32,False,0.08995,100.0
bot->ton,49,su_innesco,1,0.053,0.9508625619209399,0,0,False,0.08995,100.0
bot->ton,49,oracolo,1,0.053,0.9508625619209399,1,32,False,0.08995,100.0
bot->ton,49,stat_13x13,1,0.053,0.5035420594092423,1,32,False,0.08995,100.0
bot->ton,49,martingala,1,0.053,0.9508625619209399,0,0,False,0.08995,100.0
bot->ton,49,stat_13x13_adaptive,1,0.053,0.5035673643335806,1,32,False,0.08995,100.0
bot->ton,49,statico,2,0.105,0.9556145263194458,0,0,False,0.13095,100.0
bot->ton,49,ogni_batch,2,0.105,0.9556145263194458,2,64,False,0.13095,100.0
bot->ton,49,su_innesco,2,0.105,0.9556145263194458,0,0,False,0.13095,100.0
bot->ton,49,oracolo,2,0.105,0.953811525414811,2,64,False,0.13095,100.0
bot->ton,49,stat_13x13,2,0.105,0.5981194736532189,2,64,False,0.13095,100.0
bot->ton,49,martingala,2,0.105,0.9556145263194458,1,32,False,0.13095,100.0
bot->ton,49,stat_13x13_adaptive,2,0.105,0.5590925967621618,2,64,False,0.13095,100.0
bot->ton,49,statico,3,0.158,0.9373268516917317,0,0,True,0.1665,100.0
bot->ton,49,ogni_batch,3,0.158,0.6858524347657715,3,96,True,0.1665,100.0
bot->ton,49,su_innesco,3,0.158,0.9373268516917317,0,0,True,0.1665,100.0
bot->ton,49,oracolo,3,0.158,0.9310777933309072,3,96,True,0.1665,100.0
bot->ton,49,stat_13x13,3,0.158,0.5883835109104533,3,96,True,0.1665,100.0
bot->ton,49,martingala,3,0.158,0.6750558524511809,2,64,True,0.1665,100.0
bot->ton,49,stat_13x13_adaptive,3,0.158,0.5233059398260183,3,96,True,0.1665,100.0
bot->ton,49,statico,4,0.211,0.926088616277627,0,0,True,0.20475,100.0
bot->ton,49,ogni_batch,4,0.211,0.7721506225096169,4,128,True,0.20475,100.0
bot->ton,49,su_innesco,4,0.211,0.8714354775331247,1,32,True,0.20475,100.0
bot->ton,49,oracolo,4,0.211,0.9321969488066842,4,128,True,0.20475,100.0
bot->ton,49,stat_13x13,4,0.211,0.5820327041597154,4,128,True,0.20475,100.0
bot->ton,49,martingala,4,0.211,0.7782856684912243,3,96,True,0.20475,100.0
bot->ton,49,stat_13x13_adaptive,4,0.211,0.5824924340608584,4,128,True,0.20475,100.0
bot->ton,49,statico,5,0.263,0.9129090789446715,0,0,True,0.2469,100.0
bot->ton,49,ogni_batch,5,0.263,0.9536394635978127,5,160,True,0.2469,100.0
bot->ton,49,su_innesco,5,0.263,0.8916031547231851,2,64,True,0.2469,100.0
bot->ton,49,oracolo,5,0.263,0.9476316382791203,5,160,True,0.2469,100.0
bot->ton,49,stat_13x13,5,0.263,0.73521673888959,5,160,True,0.2469,100.0
bot->ton,49,martingala,5,0.263,0.9558140262418945,4,128,True,0.2469,100.0
bot->ton,49,stat_13x13_adaptive,5,0.263,0.6975330936330558,5,160,True,0.2469,100.0
bot->ton,49,statico,6,0.316,0.9008195845782583,0,0,True,0.27855,100.0
bot->ton,49,ogni_batch,6,0.316,0.9572849639426309,6,192,True,0.27855,100.0
bot->ton,49,su_innesco,6,0.316,0.9202988346122867,3,96,True,0.27855,100.0
bot->ton,49,oracolo,6,0.316,0.9379012567276439,6,192,True,0.27855,100.0
bot->ton,49,stat_13x13,6,0.316,0.7330905566715058,6,192,True,0.27855,100.0
bot->ton,49,martingala,6,0.316,0.959105966693496,5,160,True,0.27855,100.0
bot->ton,49,stat_13x13_adaptive,6,0.316,0.726481781296478,6,192,True,0.27855,100.0
bot->ton,49,statico,7,0.368,0.8887928933254687,0,0,True,0.32195,100.0
bot->ton,49,ogni_batch,7,0.368,0.9525068785012045,7,224,True,0.32195,100.0
bot->ton,49,su_innesco,7,0.368,0.87033625933099,4,128,True,0.32195,100.0
bot->ton,49,oracolo,7,0.368,0.9449801822341741,7,224,True,0.32195,100.0
bot->ton,49,stat_13x13,7,0.368,0.6932741604713807,7,224,True,0.32195,100.0
bot->ton,49,martingala,7,0.368,0.9508484290784964,6,192,True,0.32195,100.0
bot->ton,49,stat_13x13_adaptive,7,0.368,0.7069567343258178,7,224,True,0.32195,100.0
bot->ton,49,statico,8,0.421,0.8754057181422858,0,0,True,0.3623,100.0
bot->ton,49,ogni_batch,8,0.421,0.9504337464926491,8,256,True,0.3623,100.0
bot->ton,49,su_innesco,8,0.421,0.8931696856510674,5,160,True,0.3623,100.0
bot->ton,49,oracolo,8,0.421,0.9420360057388755,8,256,True,0.3623,100.0
bot->ton,49,stat_13x13,8,0.421,0.824368308280896,8,256,True,0.3623,100.0
bot->ton,49,martingala,8,0.421,0.955129911998476,7,224,True,0.3623,100.0
bot->ton,49,stat_13x13_adaptive,8,0.421,0.7088741900274731,8,256,True,0.3623,100.0
bot->ton,49,statico,9,0.474,0.8610089171766537,0,0,True,0.40065,100.0
bot->ton,49,ogni_batch,9,0.474,0.9527489866020125,9,288,True,0.40065,100.0
bot->ton,49,su_innesco,9,0.474,0.8903210401286555,6,192,True,0.40065,100.0
bot->ton,49,oracolo,9,0.474,0.9387979524124974,9,288,True,0.40065,100.0
bot->ton,49,stat_13x13,9,0.474,0.70941472203401,9,288,True,0.40065,100.0
bot->ton,49,martingala,9,0.474,0.9569638565048002,8,256,True,0.40065,100.0
bot->ton,49,stat_13x13_adaptive,9,0.474,0.701471335659606,9,288,True,0.40065,100.0
bot->ton,49,statico,10,0.526,0.8473709834469327,0,0,True,0.43705,100.0
bot->ton,49,ogni_batch,10,0.526,0.9520784792738907,10,320,True,0.43705,100.0
bot->ton,49,su_innesco,10,0.526,0.9128862961932582,7,224,True,0.43705,100.0
bot->ton,49,oracolo,10,0.526,0.930891234293133,10,320,True,0.43705,100.0
bot->ton,49,stat_13x13,10,0.526,0.7129711335605322,10,320,True,0.43705,100.0
bot->ton,49,martingala,10,0.526,0.9537567522140307,9,288,True,0.43705,100.0
bot->ton,49,stat_13x13_adaptive,10,0.526,0.7108400565679047,10,320,True,0.43705,100.0
bot->ton,49,statico,11,0.579,0.8299092798150867,0,0,True,0.4776,100.0
bot->ton,49,ogni_batch,11,0.579,0.951945896292659,11,352,True,0.4776,100.0
bot->ton,49,su_innesco,11,0.579,0.9436971950869562,8,256,True,0.4776,100.0
bot->ton,49,oracolo,11,0.579,0.9411673856397391,11,352,True,0.4776,100.0
bot->ton,49,stat_13x13,11,0.579,0.7297782331361338,11,352,True,0.4776,100.0
bot->ton,49,martingala,11,0.579,0.945005615911522,10,320,True,0.4776,100.0
bot->ton,49,stat_13x13_adaptive,11,0.579,0.7260039523846247,11,352,True,0.4776,100.0
bot->ton,49,statico,12,0.632,0.8172062994720284,0,0,True,0.5133,100.0
bot->ton,49,ogni_batch,12,0.632,0.9526963091812388,12,384,True,0.5133,100.0
bot->ton,49,su_innesco,12,0.632,0.8810197547608796,9,288,True,0.5133,100.0
bot->ton,49,oracolo,12,0.632,0.9394073625723323,12,384,True,0.5133,100.0
bot->ton,49,stat_13x13,12,0.632,0.7257177191893376,12,384,True,0.5133,100.0
bot->ton,49,martingala,12,0.632,0.8812454212115204,11,352,True,0.5133,100.0
bot->ton,49,stat_13x13_adaptive,12,0.632,0.7145761323099522,12,384,True,0.5133,100.0
bot->ton,49,statico,13,0.684,0.79749009383697,0,0,True,0.55265,100.0
bot->ton,49,ogni_batch,13,0.684,0.9461905410930898,13,416,True,0.55265,100.0
bot->ton,49,su_innesco,13,0.684,0.8773733295368518,10,320,True,0.55265,100.0
bot->ton,49,oracolo,13,0.684,0.9361654006480109,13,416,True,0.55265,100.0
bot->ton,49,stat_13x13,13,0.684,0.7273141107214169,13,416,True,0.55265,100.0
bot->ton,49,martingala,13,0.684,0.8673580851338507,12,384,True,0.55265,100.0
bot->ton,49,stat_13x13_adaptive,13,0.684,0.7180491212539545,13,416,True,0.55265,100.0
bot->ton,49,statico,14,0.737,0.781212359643292,0,0,True,0.5956,100.0
bot->ton,49,ogni_batch,14,0.737,0.8708744774960854,14,448,True,0.5956,100.0
bot->ton,49,su_innesco,14,0.737,0.8751695210139141,11,352,True,0.5956,100.0
bot->ton,49,oracolo,14,0.737,0.9272839889632898,14,448,True,0.5956,100.0
bot->ton,49,stat_13x13,14,0.737,0.718737034988245,14,448,True,0.5956,100.0
bot->ton,49,martingala,14,0.737,0.8601103113387253,13,416,True,0.5956,100.0
bot->ton,49,stat_13x13_adaptive,14,0.737,0.7084941180669251,14,448,True,0.5956,100.0
bot->ton,49,statico,15,0.789,0.7650057098920788,0,0,True,0.6278,100.0
bot->ton,49,ogni_batch,15,0.789,0.9363128896280348,15,480,True,0.6278,100.0
bot->ton,49,su_innesco,15,0.789,0.9272803603190811,12,384,True,0.6278,100.0
bot->ton,49,oracolo,15,0.789,0.928783080458895,15,480,True,0.6278,100.0
bot->ton,49,stat_13x13,15,0.789,0.7235817014534967,15,480,True,0.6278,100.0
bot->ton,49,martingala,15,0.789,0.9085072922666877,14,448,True,0.6278,100.0
bot->ton,49,stat_13x13_adaptive,15,0.789,0.7185066906862645,15,480,True,0.6278,100.0
bot->ton,49,statico,16,0.842,0.7465904628276303,0,0,True,0.66905,100.0
bot->ton,49,ogni_batch,16,0.842,0.9251958076573217,16,512,True,0.66905,100.0
bot->ton,49,su_innesco,16,0.842,0.9082922481986437,13,416,True,0.66905,100.0
bot->ton,49,oracolo,16,0.842,0.9227594833031687,16,512,True,0.66905,100.0
bot->ton,49,stat_13x13,16,0.842,0.753791972379896,16,512,True,0.66905,100.0
bot->ton,49,martingala,16,0.842,0.918306635906915,15,480,True,0.66905,100.0
bot->ton,49,stat_13x13_adaptive,16,0.842,0.7783517635490806,16,512,True,0.66905,100.0
bot->ton,49,statico,17,0.895,0.7320694895896185,0,0,True,0.7081,100.0
bot->ton,49,ogni_batch,17,0.895,0.9159931764904004,17,544,True,0.7081,100.0
bot->ton,49,su_innesco,17,0.895,0.9145215543809737,14,448,True,0.7081,100.0
bot->ton,49,oracolo,17,0.895,0.9388660677377623,17,544,True,0.7081,100.0
bot->ton,49,stat_13x13,17,0.895,0.7401518491070103,17,544,True,0.7081,100.0
bot->ton,49,martingala,17,0.895,0.9147323125320643,16,512,True,0.7081,100.0
bot->ton,49,stat_13x13_adaptive,17,0.895,0.746326225988236,17,544,True,0.7081,100.0
bot->ton,49,statico,18,0.947,0.7108590096063413,0,0,True,0.74985,100.0
bot->ton,49,ogni_batch,18,0.947,0.9192728592087187,18,576,True,0.74985,100.0
bot->ton,49,su_innesco,18,0.947,0.9109402785520914,15,480,True,0.74985,100.0
bot->ton,49,oracolo,18,0.947,0.9184956998317528,18,576,True,0.74985,100.0
bot->ton,49,stat_13x13,18,0.947,0.7443939178888906,18,576,True,0.74985,100.0
bot->ton,49,martingala,18,0.947,0.9115118597323054,17,544,True,0.74985,100.0
bot->ton,49,stat_13x13_adaptive,18,0.947,0.7601127779417867,18,576,True,0.74985,100.0
bot->ton,49,statico,19,1.0,0.6915440038378647,0,0,True,0.7858,100.0
bot->ton,49,ogni_batch,19,1.0,0.9108273372461384,19,608,True,0.7858,100.0
bot->ton,49,su_innesco,19,1.0,0.9108273372461384,16,512,True,0.7858,100.0
bot->ton,49,oracolo,19,1.0,0.9150770391855813,19,608,True,0.7858,100.0
bot->ton,49,stat_13x13,19,1.0,0.7204720130907989,19,608,True,0.7858,100.0
bot->ton,49,martingala,19,1.0,0.9108273372461384,18,576,True,0.7858,100.0
bot->ton,49,stat_13x13_adaptive,19,1.0,0.7093946404786124,19,608,True,0.7858,100.0
bot->ton,50,statico,0,0.0,0.98915,0,0,False,0.05155,100.0
bot->ton,50,ogni_batch,0,0.0,0.98915,0,0,False,0.05155,100.0
bot->ton,50,su_innesco,0,0.0,0.98915,0,0,False,0.05155,100.0
bot->ton,50,oracolo,0,0.0,0.98915,0,0,False,0.05155,100.0
bot->ton,50,stat_13x13,0,0.0,0.98915,0,0,False,0.05155,100.0
bot->ton,50,martingala,0,0.0,0.98915,0,0,False,0.05155,100.0
bot->ton,50,stat_13x13_adaptive,0,0.0,0.98915,0,0,False,0.05155,100.0
bot->ton,50,statico,1,0.053,0.9644713919601697,0,0,False,0.09005,100.0
bot->ton,50,ogni_batch,1,0.053,0.9644713919601697,1,32,False,0.09005,100.0
bot->ton,50,su_innesco,1,0.053,0.9644713919601697,0,0,False,0.09005,100.0
bot->ton,50,oracolo,1,0.053,0.9644713919601697,1,32,False,0.09005,100.0
bot->ton,50,stat_13x13,1,0.053,0.5643347857019425,1,32,False,0.09005,100.0
bot->ton,50,martingala,1,0.053,0.9644713919601697,0,0,False,0.09005,100.0
bot->ton,50,stat_13x13_adaptive,1,0.053,0.5795704001921851,1,32,False,0.09005,100.0
bot->ton,50,statico,2,0.105,0.9495654183181955,0,0,False,0.12975,100.0
bot->ton,50,ogni_batch,2,0.105,0.9495654183181955,2,64,False,0.12975,100.0
bot->ton,50,su_innesco,2,0.105,0.9495654183181955,0,0,False,0.12975,100.0
bot->ton,50,oracolo,2,0.105,0.9296131584772918,2,64,False,0.12975,100.0
bot->ton,50,stat_13x13,2,0.105,0.5575216806087213,2,64,False,0.12975,100.0
bot->ton,50,martingala,2,0.105,0.9495654183181955,1,32,False,0.12975,100.0
bot->ton,50,stat_13x13_adaptive,2,0.105,0.5712955527080765,2,64,False,0.12975,100.0
bot->ton,50,statico,3,0.158,0.9446323441677933,0,0,True,0.1727,100.0
bot->ton,50,ogni_batch,3,0.158,0.6120394605611468,3,96,True,0.1727,100.0
bot->ton,50,su_innesco,3,0.158,0.9446323441677933,0,0,True,0.1727,100.0
bot->ton,50,oracolo,3,0.158,0.9203093068959435,3,96,True,0.1727,100.0
bot->ton,50,stat_13x13,3,0.158,0.5068997992846385,3,96,True,0.1727,100.0
bot->ton,50,martingala,3,0.158,0.5672235548934199,2,64,True,0.1727,100.0
bot->ton,50,stat_13x13_adaptive,3,0.158,0.5789971002383628,3,96,True,0.1727,100.0
bot->ton,50,statico,4,0.211,0.9310789473684211,0,0,True,0.2112,100.0
bot->ton,50,ogni_batch,4,0.211,0.6468157894736842,4,128,True,0.2112,100.0
bot->ton,50,su_innesco,4,0.211,0.8548421052631578,1,32,True,0.2112,100.0
bot->ton,50,oracolo,4,0.211,0.9241315789473684,4,128,True,0.2112,100.0
bot->ton,50,stat_13x13,4,0.211,0.5107894736842105,4,128,True,0.2112,100.0
bot->ton,50,martingala,4,0.211,0.6456315789473684,3,96,True,0.2112,100.0
bot->ton,50,stat_13x13_adaptive,4,0.211,0.5393947368421053,4,128,True,0.2112,100.0
bot->ton,50,statico,5,0.263,0.9147955959908685,0,0,True,0.24815,100.0
bot->ton,50,ogni_batch,5,0.263,0.8250984667678447,5,160,True,0.24815,100.0
bot->ton,50,su_innesco,5,0.263,0.9437360181231396,2,64,True,0.24815,100.0
bot->ton,50,oracolo,5,0.263,0.9110915143100995,5,160,True,0.24815,100.0
bot->ton,50,stat_13x13,5,0.263,0.6777894370604192,5,160,True,0.24815,100.0
bot->ton,50,martingala,5,0.263,0.8250778370790113,4,128,True,0.24815,100.0
bot->ton,50,stat_13x13_adaptive,5,0.263,0.6577481574740773,5,160,True,0.24815,100.0
bot->ton,50,statico,6,0.316,0.8993344066815767,0,0,True,0.28965,100.0
bot->ton,50,ogni_batch,6,0.316,0.9497703913167967,6,192,True,0.28965,100.0
bot->ton,50,su_innesco,6,0.316,0.835297332246741,3,96,True,0.28965,100.0
bot->ton,50,oracolo,6,0.316,0.9114663631538799,6,192,True,0.28965,100.0
bot->ton,50,stat_13x13,6,0.316,0.6888380588253971,6,192,True,0.28965,100.0
bot->ton,50,martingala,6,0.316,0.9561736656410331,5,160,True,0.28965,100.0
bot->ton,50,stat_13x13_adaptive,6,0.316,0.6026164375770107,6,192,True,0.28965,100.0
bot->ton,50,statico,7,0.368,0.8873905645407572,0,0,True,0.32635,100.0
bot->ton,50,ogni_batch,7,0.368,0.9517167684690149,7,224,True,0.32635,100.0
bot->ton,50,su_innesco,7,0.368,0.8825164935562881,4,128,True,0.32635,100.0
bot->ton,50,oracolo,7,0.368,0.9275915944722106,7,224,True,0.32635,100.0
bot->ton,50,stat_13x13,7,0.368,0.6893539245914085,7,224,True,0.32635,100.0
bot->ton,50,martingala,7,0.368,0.9573324823645748,6,192,True,0.32635,100.0
bot->ton,50,stat_13x13_adaptive,7,0.368,0.7084989106811956,7,224,True,0.32635,100.0
bot->ton,50,statico,8,0.421,0.8753665966288178,0,0,True,0.36565,100.0
bot->ton,50,ogni_batch,8,0.421,0.9492210032963598,8,256,True,0.36565,100.0
bot->ton,50,su_innesco,8,0.421,0.9557023550152439,5,160,True,0.36565,100.0
bot->ton,50,oracolo,8,0.421,0.9273644295950132,8,256,True,0.36565,100.0
bot->ton,50,stat_13x13,8,0.421,0.6664455860975054,8,256,True,0.36565,100.0
bot->ton,50,martingala,8,0.421,0.950613823614687,7,224,True,0.36565,100.0
bot->ton,50,stat_13x13_adaptive,8,0.421,0.6149118709499509,8,256,True,0.36565,100.0
bot->ton,50,statico,9,0.474,0.8640677596926853,0,0,True,0.4049,100.0
bot->ton,50,ogni_batch,9,0.474,0.9514370717991367,9,288,True,0.4049,100.0
bot->ton,50,su_innesco,9,0.474,0.9466778543424023,6,192,True,0.4049,100.0
bot->ton,50,oracolo,9,0.474,0.9208788760841156,9,288,True,0.4049,100.0
bot->ton,50,stat_13x13,9,0.474,0.7723837669795256,9,288,True,0.4049,100.0
bot->ton,50,martingala,9,0.474,0.9498391152825632,8,256,True,0.4049,100.0
bot->ton,50,stat_13x13_adaptive,9,0.474,0.6387469803176111,9,288,True,0.4049,100.0
bot->ton,50,statico,10,0.526,0.8520413576154118,0,0,True,0.44365,100.0
bot->ton,50,ogni_batch,10,0.526,0.9305709459586362,10,320,True,0.44365,100.0
bot->ton,50,su_innesco,10,0.526,0.9497056387861429,7,224,True,0.44365,100.0
bot->ton,50,oracolo,10,0.526,0.9297905284576048,10,320,True,0.44365,100.0
bot->ton,50,stat_13x13,10,0.526,0.6963089571031255,10,320,True,0.44365,100.0
bot->ton,50,martingala,10,0.526,0.9511941420748766,9,288,True,0.44365,100.0
bot->ton,50,stat_13x13_adaptive,10,0.526,0.646776392211409,10,320,True,0.44365,100.0
bot->ton,50,statico,11,0.579,0.833800138815086,0,0,True,0.48345,100.0
bot->ton,50,ogni_batch,11,0.579,0.9499008838933234,11,352,True,0.48345,100.0
bot->ton,50,su_innesco,11,0.579,0.9500894858206854,8,256,True,0.48345,100.0
bot->ton,50,oracolo,11,0.579,0.9208359986445573,11,352,True,0.48345,100.0
bot->ton,50,stat_13x13,11,0.579,0.7532488127802073,11,352,True,0.48345,100.0
bot->ton,50,martingala,11,0.579,0.8942071139384429,10,320,True,0.48345,100.0
bot->ton,50,stat_13x13_adaptive,11,0.579,0.639769979792923,11,352,True,0.48345,100.0
bot->ton,50,statico,12,0.632,0.8160563417831058,0,0,True,0.52115,100.0
bot->ton,50,ogni_batch,12,0.632,0.9537380777997675,12,384,True,0.52115,100.0
bot->ton,50,su_innesco,12,0.632,0.9485213147011973,9,288,True,0.52115,100.0
bot->ton,50,oracolo,12,0.632,0.9246103519339496,12,384,True,0.52115,100.0
bot->ton,50,stat_13x13,12,0.632,0.6871188293325594,12,384,True,0.52115,100.0
bot->ton,50,martingala,12,0.632,0.9487691497381685,11,352,True,0.52115,100.0
bot->ton,50,stat_13x13_adaptive,12,0.632,0.6513649389997145,12,384,True,0.52115,100.0
bot->ton,50,statico,13,0.684,0.7997923854257618,0,0,True,0.5623,100.0
bot->ton,50,ogni_batch,13,0.684,0.9469218531985875,13,416,True,0.5623,100.0
bot->ton,50,su_innesco,13,0.684,0.946664958107486,10,320,True,0.5623,100.0
bot->ton,50,oracolo,13,0.684,0.9347079455651341,13,416,True,0.5623,100.0
bot->ton,50,stat_13x13,13,0.684,0.6860836354474552,13,416,True,0.5623,100.0
bot->ton,50,martingala,13,0.684,0.9454696272859704,12,384,True,0.5623,100.0
bot->ton,50,stat_13x13_adaptive,13,0.684,0.6459928690590162,13,416,True,0.5623,100.0
bot->ton,50,statico,14,0.737,0.7855814986298474,0,0,True,0.60325,100.0
bot->ton,50,ogni_batch,14,0.737,0.9498554756931368,14,448,True,0.60325,100.0
bot->ton,50,su_innesco,14,0.737,0.9473194787798541,11,352,True,0.60325,100.0
bot->ton,50,oracolo,14,0.737,0.9418954171739222,14,448,True,0.60325,100.0
bot->ton,50,stat_13x13,14,0.737,0.6907776038996107,14,448,True,0.60325,100.0
bot->ton,50,martingala,14,0.737,0.9456356592441146,13,416,True,0.60325,100.0
bot->ton,50,stat_13x13_adaptive,14,0.737,0.6474084698641634,14,448,True,0.60325,100.0
bot->ton,50,statico,15,0.789,0.7720444969641466,0,0,True,0.63675,100.0
bot->ton,50,ogni_batch,15,0.789,0.9450912536369108,15,480,True,0.63675,100.0
bot->ton,50,su_innesco,15,0.789,0.9410405145255201,12,384,True,0.63675,100.0
bot->ton,50,oracolo,15,0.789,0.939314119133849,15,480,True,0.63675,100.0
bot->ton,50,stat_13x13,15,0.789,0.81025333294585,15,480,True,0.63675,100.0
bot->ton,50,martingala,15,0.789,0.9460712199625136,14,448,True,0.63675,100.0
bot->ton,50,stat_13x13_adaptive,15,0.789,0.6538314772095648,15,480,True,0.63675,100.0
bot->ton,50,statico,16,0.842,0.7499531312540593,0,0,True,0.6806,100.0
bot->ton,50,ogni_batch,16,0.842,0.9412487053063716,16,512,True,0.6806,100.0
bot->ton,50,su_innesco,16,0.842,0.9329965460644636,13,416,True,0.6806,100.0
bot->ton,50,oracolo,16,0.842,0.9361257035398208,16,512,True,0.6806,100.0
bot->ton,50,stat_13x13,16,0.842,0.6831679922748932,16,512,True,0.6806,100.0
bot->ton,50,martingala,16,0.842,0.9389267208787195,15,480,True,0.6806,100.0
bot->ton,50,stat_13x13_adaptive,16,0.842,0.7636452385729535,16,512,True,0.6806,100.0
bot->ton,50,statico,17,0.895,0.7349480063502458,0,0,True,0.71535,100.0
bot->ton,50,ogni_batch,17,0.895,0.9371172551471385,17,544,True,0.71535,100.0
bot->ton,50,su_innesco,17,0.895,0.9328209022733559,14,448,True,0.71535,100.0
bot->ton,50,oracolo,17,0.895,0.9336054597973518,17,544,True,0.71535,100.0
bot->ton,50,stat_13x13,17,0.895,0.8789419741599545,17,544,True,0.71535,100.0
bot->ton,50,martingala,17,0.895,0.9355072998338385,16,512,True,0.71535,100.0
bot->ton,50,stat_13x13_adaptive,17,0.895,0.8564583989734491,17,544,True,0.71535,100.0
bot->ton,50,statico,18,0.947,0.7143818556854504,0,0,True,0.7579,100.0
bot->ton,50,ogni_batch,18,0.947,0.9367417502744779,18,576,True,0.7579,100.0
bot->ton,50,su_innesco,18,0.947,0.9331868496805751,15,480,True,0.7579,100.0
bot->ton,50,oracolo,18,0.947,0.932569328040836,18,576,True,0.7579,100.0
bot->ton,50,stat_13x13,18,0.947,0.8089904938312251,18,576,True,0.7579,100.0
bot->ton,50,martingala,18,0.947,0.936327850454982,17,544,True,0.7579,100.0
bot->ton,50,stat_13x13_adaptive,18,0.947,0.7580034468987216,18,576,True,0.7579,100.0
bot->ton,50,statico,19,1.0,0.6951105200891118,0,0,True,0.7937,100.0
bot->ton,50,ogni_batch,19,1.0,0.931389541942891,19,608,True,0.7937,100.0
bot->ton,50,su_innesco,19,1.0,0.931389541942891,16,512,True,0.7937,100.0
bot->ton,50,oracolo,19,1.0,0.9301334915271602,19,608,True,0.7937,100.0
bot->ton,50,stat_13x13,19,1.0,0.8009910429570215,19,608,True,0.7937,100.0
bot->ton,50,martingala,19,1.0,0.931389541942891,18,576,True,0.7937,100.0
bot->ton,50,stat_13x13_adaptive,19,1.0,0.7559702325322355,19,608,True,0.7937,100.0
bot->ton,51,statico,0,0.0,0.9876,0,0,False,0.0468,100.0
bot->ton,51,ogni_batch,0,0.0,0.9876,0,0,False,0.0468,100.0
bot->ton,51,su_innesco,0,0.0,0.9876,0,0,False,0.0468,100.0
bot->ton,51,oracolo,0,0.0,0.9876,0,0,False,0.0468,100.0
bot->ton,51,stat_13x13,0,0.0,0.9876,0,0,False,0.0468,100.0
bot->ton,51,martingala,0,0.0,0.9876,0,0,False,0.0468,100.0
bot->ton,51,stat_13x13_adaptive,0,0.0,0.9876,0,0,False,0.0468,100.0
bot->ton,51,statico,1,0.053,0.9104728882664034,0,0,False,0.0903,100.0
bot->ton,51,ogni_batch,1,0.053,0.9104728882664034,1,32,False,0.0903,100.0
bot->ton,51,su_innesco,1,0.053,0.9104728882664034,0,0,False,0.0903,100.0
bot->ton,51,oracolo,1,0.053,0.9104728882664034,1,32,False,0.0903,100.0
bot->ton,51,stat_13x13,1,0.053,0.5,1,32,False,0.0903,100.0
bot->ton,51,martingala,1,0.053,0.9104728882664034,0,0,False,0.0903,100.0
bot->ton,51,stat_13x13_adaptive,1,0.053,0.5,1,32,False,0.0903,100.0
bot->ton,51,statico,2,0.105,0.878675011246659,0,0,False,0.12745,100.0
bot->ton,51,ogni_batch,2,0.105,0.878675011246659,2,64,False,0.12745,100.0
bot->ton,51,su_innesco,2,0.105,0.878675011246659,0,0,False,0.12745,100.0
bot->ton,51,oracolo,2,0.105,0.9131063272380852,2,64,False,0.12745,100.0
bot->ton,51,stat_13x13,2,0.105,0.5413050093942682,2,64,False,0.12745,100.0
bot->ton,51,martingala,2,0.105,0.878675011246659,1,32,False,0.12745,100.0
bot->ton,51,stat_13x13_adaptive,2,0.105,0.5534274193548387,2,64,False,0.12745,100.0
bot->ton,51,statico,3,0.158,0.8840931021080987,0,0,True,0.16685,100.0
bot->ton,51,ogni_batch,3,0.158,0.8840931021080987,3,96,True,0.16685,100.0
bot->ton,51,su_innesco,3,0.158,0.8840931021080987,0,0,True,0.16685,100.0
bot->ton,51,oracolo,3,0.158,0.9206698875591353,3,96,True,0.16685,100.0
bot->ton,51,stat_13x13,3,0.158,0.5686491795882083,3,96,True,0.16685,100.0
bot->ton,51,martingala,3,0.158,0.8840931021080987,2,64,True,0.16685,100.0
bot->ton,51,stat_13x13_adaptive,3,0.158,0.5881384269000361,3,96,True,0.16685,100.0
bot->ton,51,statico,4,0.211,0.8711234542010486,0,0,True,0.20285,100.0
bot->ton,51,ogni_batch,4,0.211,0.8896947398850912,4,128,True,0.20285,100.0
bot->ton,51,su_innesco,4,0.211,0.8800587745937444,1,32,True,0.20285,100.0
bot->ton,51,oracolo,4,0.211,0.9338002591348268,4,128,True,0.20285,100.0
bot->ton,51,stat_13x13,4,0.211,0.713844033167292,4,128,True,0.20285,100.0
bot->ton,51,martingala,4,0.211,0.8900632967218205,3,96,True,0.20285,100.0
bot->ton,51,stat_13x13_adaptive,4,0.211,0.7458775252535155,4,128,True,0.20285,100.0
bot->ton,51,statico,5,0.263,0.8610135702792374,0,0,True,0.24495,100.0
bot->ton,51,ogni_batch,5,0.263,0.8989184523594366,5,160,True,0.24495,100.0
bot->ton,51,su_innesco,5,0.263,0.885827497861331,2,64,True,0.24495,100.0
bot->ton,51,oracolo,5,0.263,0.9254219558333361,5,160,True,0.24495,100.0
bot->ton,51,stat_13x13,5,0.263,0.7692543192350958,5,160,True,0.24495,100.0
bot->ton,51,martingala,5,0.263,0.8991989712481832,4,128,True,0.24495,100.0
bot->ton,51,stat_13x13_adaptive,5,0.263,0.7392481086060478,5,160,True,0.24495,100.0
bot->ton,51,statico,6,0.316,0.8482683619448816,0,0,True,0.28095,100.0
bot->ton,51,ogni_batch,6,0.316,0.8969670610589906,6,192,True,0.28095,100.0
bot->ton,51,su_innesco,6,0.316,0.8814602360682942,3,96,True,0.28095,100.0
bot->ton,51,oracolo,6,0.316,0.9206258271621703,6,192,True,0.28095,100.0
bot->ton,51,stat_13x13,6,0.316,0.791765409016231,6,192,True,0.28095,100.0
bot->ton,51,martingala,6,0.316,0.8938016657429322,5,160,True,0.28095,100.0
bot->ton,51,stat_13x13_adaptive,6,0.316,0.7371828847298609,6,192,True,0.28095,100.0
bot->ton,51,statico,7,0.368,0.8384181689946604,0,0,True,0.31965,100.0
bot->ton,51,ogni_batch,7,0.368,0.8705857923520344,7,224,True,0.31965,100.0
bot->ton,51,su_innesco,7,0.368,0.9208175808308556,4,128,True,0.31965,100.0
bot->ton,51,oracolo,7,0.368,0.9244259127973965,7,224,True,0.31965,100.0
bot->ton,51,stat_13x13,7,0.368,0.8072519110221179,7,224,True,0.31965,100.0
bot->ton,51,martingala,7,0.368,0.893145992719803,6,192,True,0.31965,100.0
bot->ton,51,stat_13x13_adaptive,7,0.368,0.7482135647292891,7,224,True,0.31965,100.0
bot->ton,51,statico,8,0.421,0.8290863855285797,0,0,True,0.3578,100.0
bot->ton,51,ogni_batch,8,0.421,0.8973884052450476,8,256,True,0.3578,100.0
bot->ton,51,su_innesco,8,0.421,0.9194149179881593,5,160,True,0.3578,100.0
bot->ton,51,oracolo,8,0.421,0.9186860975422917,8,256,True,0.3578,100.0
bot->ton,51,stat_13x13,8,0.421,0.7939488253154202,8,256,True,0.3578,100.0
bot->ton,51,martingala,8,0.421,0.890280369857519,7,224,True,0.3578,100.0
bot->ton,51,stat_13x13_adaptive,8,0.421,0.7422757071338835,8,256,True,0.3578,100.0
bot->ton,51,statico,9,0.474,0.8139311263244593,0,0,True,0.3976,100.0
bot->ton,51,ogni_batch,9,0.474,0.8936526439505064,9,288,True,0.3976,100.0
bot->ton,51,su_innesco,9,0.474,0.8780670634486172,6,192,True,0.3976,100.0
bot->ton,51,oracolo,9,0.474,0.9420224685676504,9,288,True,0.3976,100.0
bot->ton,51,stat_13x13,9,0.474,0.7890631237414001,9,288,True,0.3976,100.0
bot->ton,51,martingala,9,0.474,0.8838334304996249,8,256,True,0.3976,100.0
bot->ton,51,stat_13x13_adaptive,9,0.474,0.7915665485848324,9,288,True,0.3976,100.0
bot->ton,51,statico,10,0.526,0.8017862688668019,0,0,True,0.43795,100.0
bot->ton,51,ogni_batch,10,0.526,0.8918198713163972,10,320,True,0.43795,100.0
bot->ton,51,su_innesco,10,0.526,0.871265996707391,7,224,True,0.43795,100.0
bot->ton,51,oracolo,10,0.526,0.941678983397858,10,320,True,0.43795,100.0
bot->ton,51,stat_13x13,10,0.526,0.7928716935722289,10,320,True,0.43795,100.0
bot->ton,51,martingala,10,0.526,0.8723794469323572,9,288,True,0.43795,100.0
bot->ton,51,stat_13x13_adaptive,10,0.526,0.8029229485260925,10,320,True,0.43795,100.0
bot->ton,51,statico,11,0.579,0.7907138292398557,0,0,True,0.47395,100.0
bot->ton,51,ogni_batch,11,0.579,0.8896563969368709,11,352,True,0.47395,100.0
bot->ton,51,su_innesco,11,0.579,0.8783003492273755,8,256,True,0.47395,100.0
bot->ton,51,oracolo,11,0.579,0.9491624085193964,11,352,True,0.47395,100.0
bot->ton,51,stat_13x13,11,0.579,0.794367921713951,11,352,True,0.47395,100.0
bot->ton,51,martingala,11,0.579,0.8643201355856127,10,320,True,0.47395,100.0
bot->ton,51,stat_13x13_adaptive,11,0.579,0.7997484796566843,11,352,True,0.47395,100.0
bot->ton,51,statico,12,0.632,0.7728303400165063,0,0,True,0.5135,100.0
bot->ton,51,ogni_batch,12,0.632,0.880560671000602,12,384,True,0.5135,100.0
bot->ton,51,su_innesco,12,0.632,0.9347772058994904,9,288,True,0.5135,100.0
bot->ton,51,oracolo,12,0.632,0.945370728664422,12,384,True,0.5135,100.0
bot->ton,51,stat_13x13,12,0.632,0.7776655244185454,12,384,True,0.5135,100.0
bot->ton,51,martingala,12,0.632,0.8548037043713179,11,352,True,0.5135,100.0
bot->ton,51,stat_13x13_adaptive,12,0.632,0.777479402611583,12,384,True,0.5135,100.0
bot->ton,51,statico,13,0.684,0.7635238018414823,0,0,True,0.55025,100.0
bot->ton,51,ogni_batch,13,0.684,0.8781054586971089,13,416,True,0.55025,100.0
bot->ton,51,su_innesco,13,0.684,0.8610163744750892,10,320,True,0.55025,100.0
bot->ton,51,oracolo,13,0.684,0.945070393957034,13,416,True,0.55025,100.0
bot->ton,51,stat_13x13,13,0.684,0.7825817562256607,13,416,True,0.55025,100.0
bot->ton,51,martingala,13,0.684,0.8487028939366237,12,384,True,0.55025,100.0
bot->ton,51,stat_13x13_adaptive,13,0.684,0.7489267363646465,13,416,True,0.55025,100.0
bot->ton,51,statico,14,0.737,0.7491470135748504,0,0,True,0.5887,100.0
bot->ton,51,ogni_batch,14,0.737,0.8816291614536473,14,448,True,0.5887,100.0
bot->ton,51,su_innesco,14,0.737,0.9474469901141148,11,352,True,0.5887,100.0
bot->ton,51,oracolo,14,0.737,0.9435768623668699,14,448,True,0.5887,100.0
bot->ton,51,stat_13x13,14,0.737,0.789645446627308,14,448,True,0.5887,100.0
bot->ton,51,martingala,14,0.737,0.8639553329042624,13,416,True,0.5887,100.0
bot->ton,51,stat_13x13_adaptive,14,0.737,0.7533004676818229,14,448,True,0.5887,100.0
bot->ton,51,statico,15,0.789,0.7372550344307109,0,0,True,0.63215,100.0
bot->ton,51,ogni_batch,15,0.789,0.873408599191591,15,480,True,0.63215,100.0
bot->ton,51,su_innesco,15,0.789,0.8717581660682419,12,384,True,0.63215,100.0
bot->ton,51,oracolo,15,0.789,0.9378422267664792,15,480,True,0.63215,100.0
bot->ton,51,stat_13x13,15,0.789,0.7837430854333128,15,480,True,0.63215,100.0
bot->ton,51,martingala,15,0.789,0.8619794816361303,14,448,True,0.63215,100.0
bot->ton,51,stat_13x13_adaptive,15,0.789,0.7882295413687588,15,480,True,0.63215,100.0
bot->ton,51,statico,16,0.842,0.7206151639498977,0,0,True,0.6691,100.0
bot->ton,51,ogni_batch,16,0.842,0.8649875594632117,16,512,True,0.6691,100.0
bot->ton,51,su_innesco,16,0.842,0.854202322685727,13,416,True,0.6691,100.0
bot->ton,51,oracolo,16,0.842,0.9324862132918326,16,512,True,0.6691,100.0
bot->ton,51,stat_13x13,16,0.842,0.7757429343369153,16,512,True,0.6691,100.0
bot->ton,51,martingala,16,0.842,0.8545188657266692,15,480,True,0.6691,100.0
bot->ton,51,stat_13x13_adaptive,16,0.842,0.7850717035750661,16,512,True,0.6691,100.0
bot->ton,51,statico,17,0.895,0.7076742820448292,0,0,True,0.70475,100.0
bot->ton,51,ogni_batch,17,0.895,0.8584139323799549,17,544,True,0.70475,100.0
bot->ton,51,su_innesco,17,0.895,0.8408814189388436,14,448,True,0.70475,100.0
bot->ton,51,oracolo,17,0.895,0.9359514423941644,17,544,True,0.70475,100.0
bot->ton,51,stat_13x13,17,0.895,0.7763984085694892,17,544,True,0.70475,100.0
bot->ton,51,martingala,17,0.895,0.8509617487419736,16,512,True,0.70475,100.0
bot->ton,51,stat_13x13_adaptive,17,0.895,0.786101577693598,17,544,True,0.70475,100.0
bot->ton,51,statico,18,0.947,0.6894858040503753,0,0,True,0.74255,100.0
bot->ton,51,ogni_batch,18,0.947,0.855990146288346,18,576,True,0.74255,100.0
bot->ton,51,su_innesco,18,0.947,0.922829907442944,15,480,True,0.74255,100.0
bot->ton,51,oracolo,18,0.947,0.9329674488347808,18,576,True,0.74255,100.0
bot->ton,51,stat_13x13,18,0.947,0.7807791929595944,18,576,True,0.74255,100.0
bot->ton,51,martingala,18,0.947,0.8451046510590062,17,544,True,0.74255,100.0
bot->ton,51,stat_13x13_adaptive,18,0.947,0.7816619212952632,18,576,True,0.74255,100.0
bot->ton,51,statico,19,1.0,0.674966215008838,0,0,True,0.7819,100.0
bot->ton,51,ogni_batch,19,1.0,0.8555636688369417,19,608,True,0.7819,100.0
bot->ton,51,su_innesco,19,1.0,0.8443979456860762,16,512,True,0.7819,100.0
bot->ton,51,oracolo,19,1.0,0.9295742203203181,19,608,True,0.7819,100.0
bot->ton,51,stat_13x13,19,1.0,0.8770677213710492,19,608,True,0.7819,100.0
bot->ton,51,martingala,19,1.0,0.853742203869114,18,576,True,0.7819,100.0
bot->ton,51,stat_13x13_adaptive,19,1.0,0.8828155816734403,19,608,True,0.7819,100.0
bot->unsw,42,statico,0,0.0,0.9909,0,0,False,0.0453,100.0
bot->unsw,42,ogni_batch,0,0.0,0.9909,0,0,False,0.0453,100.0
bot->unsw,42,su_innesco,0,0.0,0.9909,0,0,False,0.0453,100.0
bot->unsw,42,oracolo,0,0.0,0.9909,0,0,False,0.0453,100.0
bot->unsw,42,stat_13x13,0,0.0,0.9909,0,0,False,0.0453,100.0
bot->unsw,42,martingala,0,0.0,0.9909,0,0,False,0.0453,100.0
bot->unsw,42,stat_13x13_adaptive,0,0.0,0.9909,0,0,False,0.0453,100.0
bot->unsw,42,statico,1,0.053,0.8944779941973103,0,0,False,0.05525,100.0
bot->unsw,42,ogni_batch,1,0.053,0.8944779941973103,1,32,False,0.05525,100.0
bot->unsw,42,su_innesco,1,0.053,0.8944779941973103,0,0,False,0.05525,100.0
bot->unsw,42,oracolo,1,0.053,0.8944779941973103,1,32,False,0.05525,100.0
bot->unsw,42,stat_13x13,1,0.053,0.5,1,32,False,0.05525,100.0
bot->unsw,42,martingala,1,0.053,0.8944779941973103,0,0,False,0.05525,100.0
bot->unsw,42,stat_13x13_adaptive,1,0.053,0.5,1,32,False,0.05525,100.0
bot->unsw,42,statico,2,0.105,0.8696837082912032,0,0,False,0.06805,100.0
bot->unsw,42,ogni_batch,2,0.105,0.7983386447349415,2,64,False,0.06805,100.0
bot->unsw,42,su_innesco,2,0.105,0.8696837082912032,0,0,False,0.06805,100.0
bot->unsw,42,oracolo,2,0.105,0.9383125090278781,2,64,False,0.06805,100.0
bot->unsw,42,stat_13x13,2,0.105,0.5,2,64,False,0.06805,100.0
bot->unsw,42,martingala,2,0.105,0.7914639155712841,1,32,False,0.06805,100.0
bot->unsw,42,stat_13x13_adaptive,2,0.105,0.5,2,64,False,0.06805,100.0
bot->unsw,42,statico,3,0.158,0.8671005528588711,0,0,False,0.07075,100.0
bot->unsw,42,ogni_batch,3,0.158,0.8093590837284883,3,96,False,0.07075,100.0
bot->unsw,42,su_innesco,3,0.158,0.8671005528588711,0,0,False,0.07075,100.0
bot->unsw,42,oracolo,3,0.158,0.9224090170808465,3,96,False,0.07075,100.0
bot->unsw,42,stat_13x13,3,0.158,0.4999470507254051,3,96,False,0.07075,100.0
bot->unsw,42,martingala,3,0.158,0.8013822802638376,2,64,False,0.07075,100.0
bot->unsw,42,stat_13x13_adaptive,3,0.158,0.5,3,96,False,0.07075,100.0
bot->unsw,42,statico,4,0.211,0.8341355701184286,0,0,False,0.0826,100.0
bot->unsw,42,ogni_batch,4,0.211,0.8815589345031773,4,128,False,0.0826,100.0
bot->unsw,42,su_innesco,4,0.211,0.8341355701184286,0,0,False,0.0826,100.0
bot->unsw,42,oracolo,4,0.211,0.900743225556037,4,128,False,0.0826,100.0
bot->unsw,42,stat_13x13,4,0.211,0.5,4,128,False,0.0826,100.0
bot->unsw,42,martingala,4,0.211,0.8282818367273252,3,96,False,0.0826,100.0
bot->unsw,42,stat_13x13_adaptive,4,0.211,0.5008411638864818,4,128,False,0.0826,100.0
bot->unsw,42,statico,5,0.263,0.818979364052645,0,0,False,0.08945,100.0
bot->unsw,42,ogni_batch,5,0.263,0.8936903676406059,5,160,False,0.08945,100.0
bot->unsw,42,su_innesco,5,0.263,0.818979364052645,0,0,False,0.08945,100.0
bot->unsw,42,oracolo,5,0.263,0.886174082048252,5,160,False,0.08945,100.0
bot->unsw,42,stat_13x13,5,0.263,0.619117524693561,5,160,False,0.08945,100.0
bot->unsw,42,martingala,5,0.263,0.8361861471134313,4,128,False,0.08945,100.0
bot->unsw,42,stat_13x13_adaptive,5,0.263,0.592544813730155,5,160,False,0.08945,100.0
bot->unsw,42,statico,6,0.316,0.8064921435853725,0,0,False,0.0999,100.0
bot->unsw,42,ogni_batch,6,0.316,0.8856020002076874,6,192,False,0.0999,100.0
bot->unsw,42,su_innesco,6,0.316,0.8064921435853725,0,0,False,0.0999,100.0
bot->unsw,42,oracolo,6,0.316,0.8660946769089777,6,192,False,0.0999,100.0
bot->unsw,42,stat_13x13,6,0.316,0.6126091082912457,6,192,False,0.0999,100.0
bot->unsw,42,martingala,6,0.316,0.8116255074927686,5,160,False,0.0999,100.0
bot->unsw,42,stat_13x13_adaptive,6,0.316,0.5784505551392799,6,192,False,0.0999,100.0
bot->unsw,42,statico,7,0.368,0.7908869118640176,0,0,False,0.1087,100.0
bot->unsw,42,ogni_batch,7,0.368,0.885113060445221,7,224,False,0.1087,100.0
bot->unsw,42,su_innesco,7,0.368,0.7908869118640176,0,0,False,0.1087,100.0
bot->unsw,42,oracolo,7,0.368,0.8515491993539719,7,224,False,0.1087,100.0
bot->unsw,42,stat_13x13,7,0.368,0.5979066218484317,7,224,False,0.1087,100.0
bot->unsw,42,martingala,7,0.368,0.7697759181565262,6,192,False,0.1087,100.0
bot->unsw,42,stat_13x13_adaptive,7,0.368,0.5976691779105588,7,224,False,0.1087,100.0
bot->unsw,42,statico,8,0.421,0.7568795097044632,0,0,False,0.11775,100.0
bot->unsw,42,ogni_batch,8,0.421,0.8791900042872802,8,256,False,0.11775,100.0
bot->unsw,42,su_innesco,8,0.421,0.7568795097044632,0,0,False,0.11775,100.0
bot->unsw,42,oracolo,8,0.421,0.8552595970350332,8,256,False,0.11775,100.0
bot->unsw,42,stat_13x13,8,0.421,0.6243234489619219,8,256,False,0.11775,100.0
bot->unsw,42,martingala,8,0.421,0.7964706478813894,7,224,False,0.11775,100.0
bot->unsw,42,stat_13x13_adaptive,8,0.421,0.7007911533374582,8,256,False,0.11775,100.0
bot->unsw,42,statico,9,0.474,0.7403378715863321,0,0,False,0.13,100.0
bot->unsw,42,ogni_batch,9,0.474,0.876014350291248,9,288,False,0.13,100.0
bot->unsw,42,su_innesco,9,0.474,0.7403378715863321,0,0,False,0.13,100.0
bot->unsw,42,oracolo,9,0.474,0.8408328163700971,9,288,False,0.13,100.0
bot->unsw,42,stat_13x13,9,0.474,0.6400855384096082,9,288,False,0.13,100.0
bot->unsw,42,martingala,9,0.474,0.7547247969018698,8,256,False,0.13,100.0
bot->unsw,42,stat_13x13_adaptive,9,0.474,0.6580988087798604,9,288,False,0.13,100.0
bot->unsw,42,statico,10,0.526,0.7242235389267306,0,0,False,0.13805,100.0
bot->unsw,42,ogni_batch,10,0.526,0.8619371675279723,10,320,False,0.13805,100.0
bot->unsw,42,su_innesco,10,0.526,0.7242235389267306,0,0,False,0.13805,100.0
bot->unsw,42,oracolo,10,0.526,0.8211719081571129,10,320,False,0.13805,100.0
bot->unsw,42,stat_13x13,10,0.526,0.6598512051407351,10,320,False,0.13805,100.0
bot->unsw,42,martingala,10,0.526,0.7303647596684786,9,288,False,0.13805,100.0
bot->unsw,42,stat_13x13_adaptive,10,0.526,0.6420040432499592,10,320,False,0.13805,100.0
bot->unsw,42,statico,11,0.579,0.6962323077181383,0,0,True,0.15,100.0
bot->unsw,42,ogni_batch,11,0.579,0.8460956713631953,11,352,True,0.15,100.0
bot->unsw,42,su_innesco,11,0.579,0.6962323077181383,0,0,True,0.15,100.0
bot->unsw,42,oracolo,11,0.579,0.8547363498085352,11,352,True,0.15,100.0
bot->unsw,42,stat_13x13,11,0.579,0.6618707677161283,11,352,True,0.15,100.0
bot->unsw,42,martingala,11,0.579,0.7907736424511106,10,320,True,0.15,100.0
bot->unsw,42,stat_13x13_adaptive,11,0.579,0.6766459689446571,11,352,True,0.15,100.0
bot->unsw,42,statico,12,0.632,0.6633123841199455,0,0,True,0.15635,100.0
bot->unsw,42,ogni_batch,12,0.632,0.8141132283401649,12,384,True,0.15635,100.0
bot->unsw,42,su_innesco,12,0.632,0.556871706029372,1,32,True,0.15635,100.0
bot->unsw,42,oracolo,12,0.632,0.8398900832539269,12,384,True,0.15635,100.0
bot->unsw,42,stat_13x13,12,0.632,0.7145375839717524,12,384,True,0.15635,100.0
bot->unsw,42,martingala,12,0.632,0.8366570330008827,11,352,True,0.15635,100.0
bot->unsw,42,stat_13x13_adaptive,12,0.632,0.7223918972190425,12,384,True,0.15635,100.0
bot->unsw,42,statico,13,0.684,0.6360964427243845,0,0,True,0.16935,100.0
bot->unsw,42,ogni_batch,13,0.684,0.7997691839118153,13,416,True,0.16935,100.0
bot->unsw,42,su_innesco,13,0.684,0.6665371526097821,2,64,True,0.16935,100.0
bot->unsw,42,oracolo,13,0.684,0.8285930387265756,13,416,True,0.16935,100.0
bot->unsw,42,stat_13x13,13,0.684,0.7096509110916879,13,416,True,0.16935,100.0
bot->unsw,42,martingala,13,0.684,0.8228676054302131,12,384,True,0.16935,100.0
bot->unsw,42,stat_13x13_adaptive,13,0.684,0.7262887184325691,13,416,True,0.16935,100.0
bot->unsw,42,statico,14,0.737,0.6167866547640741,0,0,True,0.17375,100.0
bot->unsw,42,ogni_batch,14,0.737,0.7959798193263282,14,448,True,0.17375,100.0
bot->unsw,42,su_innesco,14,0.737,0.7175932120847706,3,96,True,0.17375,100.0
bot->unsw,42,oracolo,14,0.737,0.8210924800354928,14,448,True,0.17375,100.0
bot->unsw,42,stat_13x13,14,0.737,0.6179759563086032,14,448,True,0.17375,100.0
bot->unsw,42,martingala,14,0.737,0.8175396304983871,13,416,True,0.17375,100.0
bot->unsw,42,stat_13x13_adaptive,14,0.737,0.7054083844322334,14,448,True,0.17375,100.0
bot->unsw,42,statico,15,0.789,0.5891974997314274,0,0,True,0.18465,100.0
bot->unsw,42,ogni_batch,15,0.789,0.7842409600999242,15,480,True,0.18465,100.0
bot->unsw,42,su_innesco,15,0.789,0.7175947817981099,4,128,True,0.18465,100.0
bot->unsw,42,oracolo,15,0.789,0.8133788713106325,15,480,True,0.18465,100.0
bot->unsw,42,stat_13x13,15,0.789,0.6421959223030616,15,480,True,0.18465,100.0
bot->unsw,42,martingala,15,0.789,0.8100623327191403,14,448,True,0.18465,100.0
bot->unsw,42,stat_13x13_adaptive,15,0.789,0.7275913614192977,15,480,True,0.18465,100.0
bot->unsw,42,statico,16,0.842,0.559053752065015,0,0,True,0.1921,100.0
bot->unsw,42,ogni_batch,16,0.842,0.7746443406671162,16,512,True,0.1921,100.0
bot->unsw,42,su_innesco,16,0.842,0.7303169925663245,5,160,True,0.1921,100.0
bot->unsw,42,oracolo,16,0.842,0.7960414618678859,16,512,True,0.1921,100.0
bot->unsw,42,stat_13x13,16,0.842,0.680769120165519,16,512,True,0.1921,100.0
bot->unsw,42,martingala,16,0.842,0.8017238476213828,15,480,True,0.1921,100.0
bot->unsw,42,stat_13x13_adaptive,16,0.842,0.6668482423061874,16,512,True,0.1921,100.0
bot->unsw,42,statico,17,0.895,0.5182570450689757,0,0,True,0.20105,100.0
bot->unsw,42,ogni_batch,17,0.895,0.7881846284236267,17,544,True,0.20105,100.0
bot->unsw,42,su_innesco,17,0.895,0.7785332004608618,6,192,True,0.20105,100.0
bot->unsw,42,oracolo,17,0.895,0.8021673027491223,17,544,True,0.20105,100.0
bot->unsw,42,stat_13x13,17,0.895,0.7020238647916375,17,544,True,0.20105,100.0
bot->unsw,42,martingala,17,0.895,0.7977430628827298,16,512,True,0.20105,100.0
bot->unsw,42,stat_13x13_adaptive,17,0.895,0.7144617387287366,17,544,True,0.20105,100.0
bot->unsw,42,statico,18,0.947,0.48773841597756895,0,0,True,0.21285,100.0
bot->unsw,42,ogni_batch,18,0.947,0.7733057853475926,18,576,True,0.21285,100.0
bot->unsw,42,su_innesco,18,0.947,0.7782223904835502,7,224,True,0.21285,100.0
bot->unsw,42,oracolo,18,0.947,0.7800807331451762,18,576,True,0.21285,100.0
bot->unsw,42,stat_13x13,18,0.947,0.7394509283812836,18,576,True,0.21285,100.0
bot->unsw,42,martingala,18,0.947,0.7824359426151073,17,544,True,0.21285,100.0
bot->unsw,42,stat_13x13_adaptive,18,0.947,0.7723609689647711,18,576,True,0.21285,100.0
bot->unsw,42,statico,19,1.0,0.4494287308446072,0,0,True,0.2234,100.0
bot->unsw,42,ogni_batch,19,1.0,0.7670103456271675,19,608,True,0.2234,100.0
bot->unsw,42,su_innesco,19,1.0,0.7726725135523684,8,256,True,0.2234,100.0
bot->unsw,42,oracolo,19,1.0,0.7534533251844959,19,608,True,0.2234,100.0
bot->unsw,42,stat_13x13,19,1.0,0.6705350384124009,19,608,True,0.2234,100.0
bot->unsw,42,martingala,19,1.0,0.7380427907872035,18,576,True,0.2234,100.0
bot->unsw,42,stat_13x13_adaptive,19,1.0,0.6699410666213115,19,608,True,0.2234,100.0
bot->unsw,43,statico,0,0.0,0.9901,0,0,False,0.05015,100.0
bot->unsw,43,ogni_batch,0,0.0,0.9901,0,0,False,0.05015,100.0
bot->unsw,43,su_innesco,0,0.0,0.9901,0,0,False,0.05015,100.0
bot->unsw,43,oracolo,0,0.0,0.9901,0,0,False,0.05015,100.0
bot->unsw,43,stat_13x13,0,0.0,0.9901,0,0,False,0.05015,100.0
bot->unsw,43,martingala,0,0.0,0.9901,0,0,False,0.05015,100.0
bot->unsw,43,stat_13x13_adaptive,0,0.0,0.9901,0,0,False,0.05015,100.0
bot->unsw,43,statico,1,0.053,0.8984917859279371,0,0,False,0.0731,100.0
bot->unsw,43,ogni_batch,1,0.053,0.8984917859279371,1,32,False,0.0731,100.0
bot->unsw,43,su_innesco,1,0.053,0.8984917859279371,0,0,False,0.0731,100.0
bot->unsw,43,oracolo,1,0.053,0.8984917859279371,1,32,False,0.0731,100.0
bot->unsw,43,stat_13x13,1,0.053,0.5617770093634067,1,32,False,0.0731,100.0
bot->unsw,43,martingala,1,0.053,0.8984917859279371,0,0,False,0.0731,100.0
bot->unsw,43,stat_13x13_adaptive,1,0.053,0.5617770093634067,1,32,False,0.0731,100.0
bot->unsw,43,statico,2,0.105,0.879023632649222,0,0,False,0.101,100.0
bot->unsw,43,ogni_batch,2,0.105,0.7657451032613922,2,64,False,0.101,100.0
bot->unsw,43,su_innesco,2,0.105,0.879023632649222,0,0,False,0.101,100.0
bot->unsw,43,oracolo,2,0.105,0.9307590909235027,2,64,False,0.101,100.0
bot->unsw,43,stat_13x13,2,0.105,0.6831041512760109,2,64,False,0.101,100.0
bot->unsw,43,martingala,2,0.105,0.7577206927565365,1,32,False,0.101,100.0
bot->unsw,43,stat_13x13_adaptive,2,0.105,0.6839890149029108,2,64,False,0.101,100.0
bot->unsw,43,statico,3,0.158,0.8725519803792372,0,0,False,0.1209,100.0
bot->unsw,43,ogni_batch,3,0.158,0.7649708983088074,3,96,False,0.1209,100.0
bot->unsw,43,su_innesco,3,0.158,0.8725519803792372,0,0,False,0.1209,100.0
bot->unsw,43,oracolo,3,0.158,0.9250750420967859,3,96,False,0.1209,100.0
bot->unsw,43,stat_13x13,3,0.158,0.5749267881982576,3,96,False,0.1209,100.0
bot->unsw,43,martingala,3,0.158,0.7866983307709203,2,64,False,0.1209,100.0
bot->unsw,43,stat_13x13_adaptive,3,0.158,0.66923823120287,3,96,False,0.1209,100.0
bot->unsw,43,statico,4,0.211,0.8515406466246966,0,0,False,0.14545,100.0
bot->unsw,43,ogni_batch,4,0.211,0.8618269138183149,4,128,False,0.14545,100.0
bot->unsw,43,su_innesco,4,0.211,0.8515406466246966,0,0,False,0.14545,100.0
bot->unsw,43,oracolo,4,0.211,0.9077387052173704,4,128,False,0.14545,100.0
bot->unsw,43,stat_13x13,4,0.211,0.6052148316021368,4,128,False,0.14545,100.0
bot->unsw,43,martingala,4,0.211,0.8458700540856983,3,96,False,0.14545,100.0
bot->unsw,43,stat_13x13_adaptive,4,0.211,0.6677756436997422,4,128,False,0.14545,100.0
bot->unsw,43,statico,5,0.263,0.8276354854748207,0,0,True,0.17255,100.0
bot->unsw,43,ogni_batch,5,0.263,0.8664990411250799,5,160,True,0.17255,100.0
bot->unsw,43,su_innesco,5,0.263,0.8276354854748207,0,0,True,0.17255,100.0
bot->unsw,43,oracolo,5,0.263,0.8789708075857661,5,160,True,0.17255,100.0
bot->unsw,43,stat_13x13,5,0.263,0.6199502805596988,5,160,True,0.17255,100.0
bot->unsw,43,martingala,5,0.263,0.8589217984231835,4,128,True,0.17255,100.0
bot->unsw,43,stat_13x13_adaptive,5,0.263,0.6694374600468783,5,160,True,0.17255,100.0
bot->unsw,43,statico,6,0.316,0.8136521864845022,0,0,True,0.19795,100.0
bot->unsw,43,ogni_batch,6,0.316,0.8550832547013592,6,192,True,0.19795,100.0
bot->unsw,43,su_innesco,6,0.316,0.7366532387449187,1,32,True,0.19795,100.0
bot->unsw,43,oracolo,6,0.316,0.8563628834870474,6,192,True,0.19795,100.0
bot->unsw,43,stat_13x13,6,0.316,0.60254977810513,6,192,True,0.19795,100.0
bot->unsw,43,martingala,6,0.316,0.827912635414572,5,160,True,0.19795,100.0
bot->unsw,43,stat_13x13_adaptive,6,0.316,0.6752580774769865,6,192,True,0.19795,100.0
bot->unsw,43,statico,7,0.368,0.7988950031301718,0,0,True,0.21845,100.0
bot->unsw,43,ogni_batch,7,0.368,0.8288451923434726,7,224,True,0.21845,100.0
bot->unsw,43,su_innesco,7,0.368,0.7695429396471258,2,64,True,0.21845,100.0
bot->unsw,43,oracolo,7,0.368,0.8763499432891074,7,224,True,0.21845,100.0
bot->unsw,43,stat_13x13,7,0.368,0.6063786609218739,7,224,True,0.21845,100.0
bot->unsw,43,martingala,7,0.368,0.805890102000176,6,192,True,0.21845,100.0
bot->unsw,43,stat_13x13_adaptive,7,0.368,0.7002795009096104,7,224,True,0.21845,100.0
bot->unsw,43,statico,8,0.421,0.7719613527687962,0,0,True,0.2442,100.0
bot->unsw,43,ogni_batch,8,0.421,0.8192071434498979,8,256,True,0.2442,100.0
bot->unsw,43,su_innesco,8,0.421,0.7192017529584191,3,96,True,0.2442,100.0
bot->unsw,43,oracolo,8,0.421,0.8136449147049531,8,256,True,0.2442,100.0
bot->unsw,43,stat_13x13,8,0.421,0.5959720800403238,8,256,True,0.2442,100.0
bot->unsw,43,martingala,8,0.421,0.7868193254111425,7,224,True,0.2442,100.0
bot->unsw,43,stat_13x13_adaptive,8,0.421,0.7062430869026749,8,256,True,0.2442,100.0
bot->unsw,43,statico,9,0.474,0.751796456108291,0,0,True,0.2683,100.0
bot->unsw,43,ogni_batch,9,0.474,0.8495237400274605,9,288,True,0.2683,100.0
bot->unsw,43,su_innesco,9,0.474,0.6968649258939752,4,128,True,0.2683,100.0
bot->unsw,43,oracolo,9,0.474,0.8512071803627876,9,288,True,0.2683,100.0
bot->unsw,43,stat_13x13,9,0.474,0.609800475342237,9,288,True,0.2683,100.0
bot->unsw,43,martingala,9,0.474,0.761386658095166,8,256,True,0.2683,100.0
bot->unsw,43,stat_13x13_adaptive,9,0.474,0.7654851306698709,9,288,True,0.2683,100.0
bot->unsw,43,statico,10,0.526,0.7287523954520357,0,0,True,0.29365,100.0
bot->unsw,43,ogni_batch,10,0.526,0.8391346530570359,10,320,True,0.29365,100.0
bot->unsw,43,su_innesco,10,0.526,0.6776372741425243,5,160,True,0.29365,100.0
bot->unsw,43,oracolo,10,0.526,0.8728959293881935,10,320,True,0.29365,100.0
bot->unsw,43,stat_13x13,10,0.526,0.6521946668039187,10,320,True,0.29365,100.0
bot->unsw,43,martingala,10,0.526,0.7314691013075867,9,288,True,0.29365,100.0
bot->unsw,43,stat_13x13_adaptive,10,0.526,0.7039461092093335,10,320,True,0.29365,100.0
bot->unsw,43,statico,11,0.579,0.701701344323675,0,0,True,0.3175,100.0
bot->unsw,43,ogni_batch,11,0.579,0.8324318867893501,11,352,True,0.3175,100.0
bot->unsw,43,su_innesco,11,0.579,0.772990451920117,6,192,True,0.3175,100.0
bot->unsw,43,oracolo,11,0.579,0.8483597803299008,11,352,True,0.3175,100.0
bot->unsw,43,stat_13x13,11,0.579,0.6443814622573013,11,352,True,0.3175,100.0
bot->unsw,43,martingala,11,0.579,0.7674254869962502,10,320,True,0.3175,100.0
bot->unsw,43,stat_13x13_adaptive,11,0.579,0.761099558668229,11,352,True,0.3175,100.0
bot->unsw,43,statico,12,0.632,0.6800535476665843,0,0,True,0.3466,100.0
bot->unsw,43,ogni_batch,12,0.632,0.8216171523634654,12,384,True,0.3466,100.0
bot->unsw,43,su_innesco,12,0.632,0.7972324675236717,7,224,True,0.3466,100.0
bot->unsw,43,oracolo,12,0.632,0.8387711199062078,12,384,True,0.3466,100.0
bot->unsw,43,stat_13x13,12,0.632,0.6781392774023642,12,384,True,0.3466,100.0
bot->unsw,43,martingala,12,0.632,0.7621057757122014,11,352,True,0.3466,100.0
bot->unsw,43,stat_13x13_adaptive,12,0.632,0.7493234892888626,12,384,True,0.3466,100.0
bot->unsw,43,statico,13,0.684,0.6595314696383452,0,0,True,0.3662,100.0
bot->unsw,43,ogni_batch,13,0.684,0.8061653928795516,13,416,True,0.3662,100.0
bot->unsw,43,su_innesco,13,0.684,0.7892331208460669,8,256,True,0.3662,100.0
bot->unsw,43,oracolo,13,0.684,0.8256816512074514,13,416,True,0.3662,100.0
bot->unsw,43,stat_13x13,13,0.684,0.6535029250394313,13,416,True,0.3662,100.0
bot->unsw,43,martingala,13,0.684,0.747808813324948,12,384,True,0.3662,100.0
bot->unsw,43,stat_13x13_adaptive,13,0.684,0.72416595798614,13,416,True,0.3662,100.0
bot->unsw,43,statico,14,0.737,0.6258304683842706,0,0,True,0.3958,100.0
bot->unsw,43,ogni_batch,14,0.737,0.8078917908280462,14,448,True,0.3958,100.0
bot->unsw,43,su_innesco,14,0.737,0.8078917908280462,9,288,True,0.3958,100.0
bot->unsw,43,oracolo,14,0.737,0.8431232764704887,14,448,True,0.3958,100.0
bot->unsw,43,stat_13x13,14,0.737,0.7223450894579453,14,448,True,0.3958,100.0
bot->unsw,43,martingala,14,0.737,0.8078917908280462,13,416,True,0.3958,100.0
bot->unsw,43,stat_13x13_adaptive,14,0.737,0.7566614778633136,14,448,True,0.3958,100.0
bot->unsw,43,statico,15,0.789,0.6015394944910606,0,0,True,0.4161,100.0
bot->unsw,43,ogni_batch,15,0.789,0.7956001252337431,15,480,True,0.4161,100.0
bot->unsw,43,su_innesco,15,0.789,0.7956001252337431,10,320,True,0.4161,100.0
bot->unsw,43,oracolo,15,0.789,0.8271630032127837,15,480,True,0.4161,100.0
bot->unsw,43,stat_13x13,15,0.789,0.7080349553793641,15,480,True,0.4161,100.0
bot->unsw,43,martingala,15,0.789,0.7956001252337431,14,448,True,0.4161,100.0
bot->unsw,43,stat_13x13_adaptive,15,0.789,0.7406517413482929,15,480,True,0.4161,100.0
bot->unsw,43,statico,16,0.842,0.566577445127445,0,0,True,0.44155,100.0
bot->unsw,43,ogni_batch,16,0.842,0.7839377159647438,16,512,True,0.44155,100.0
bot->unsw,43,su_innesco,16,0.842,0.7839377159647438,11,352,True,0.44155,100.0
bot->unsw,43,oracolo,16,0.842,0.8185930217706088,16,512,True,0.44155,100.0
bot->unsw,43,stat_13x13,16,0.842,0.7600201841739272,16,512,True,0.44155,100.0
bot->unsw,43,martingala,16,0.842,0.7839377159647438,15,480,True,0.44155,100.0
bot->unsw,43,stat_13x13_adaptive,16,0.842,0.7502321988613333,16,512,True,0.44155,100.0
bot->unsw,43,statico,17,0.895,0.5389859918384896,0,0,True,0.4633,100.0
bot->unsw,43,ogni_batch,17,0.895,0.7764057655954113,17,544,True,0.4633,100.0
bot->unsw,43,su_innesco,17,0.895,0.7764057655954113,12,384,True,0.4633,100.0
bot->unsw,43,oracolo,17,0.895,0.8095354861908217,17,544,True,0.4633,100.0
bot->unsw,43,stat_13x13,17,0.895,0.7249738406097934,17,544,True,0.4633,100.0
bot->unsw,43,martingala,17,0.895,0.7764057655954113,16,512,True,0.4633,100.0
bot->unsw,43,stat_13x13_adaptive,17,0.895,0.7539131458887803,17,544,True,0.4633,100.0
bot->unsw,43,statico,18,0.947,0.5020695976608555,0,0,True,0.49295,100.0
bot->unsw,43,ogni_batch,18,0.947,0.7786550029509709,18,576,True,0.49295,100.0
bot->unsw,43,su_innesco,18,0.947,0.7786550029509709,13,416,True,0.49295,100.0
bot->unsw,43,oracolo,18,0.947,0.7939142124218903,18,576,True,0.49295,100.0
bot->unsw,43,stat_13x13,18,0.947,0.7393040896123895,18,576,True,0.49295,100.0
bot->unsw,43,martingala,18,0.947,0.7786550029509709,17,544,True,0.49295,100.0
bot->unsw,43,stat_13x13_adaptive,18,0.947,0.7562374749291643,18,576,True,0.49295,100.0
bot->unsw,43,statico,19,1.0,0.46459456999553256,0,0,True,0.51575,100.0
bot->unsw,43,ogni_batch,19,1.0,0.7662426292243655,19,608,True,0.51575,100.0
bot->unsw,43,su_innesco,19,1.0,0.7662426292243655,14,448,True,0.51575,100.0
bot->unsw,43,oracolo,19,1.0,0.8017702975545735,19,608,True,0.51575,100.0
bot->unsw,43,stat_13x13,19,1.0,0.7515565302970404,19,608,True,0.51575,100.0
bot->unsw,43,martingala,19,1.0,0.7662426292243655,18,576,True,0.51575,100.0
bot->unsw,43,stat_13x13_adaptive,19,1.0,0.7824688442081875,19,608,True,0.51575,100.0
bot->unsw,44,statico,0,0.0,0.987,0,0,False,0.05625,100.0
bot->unsw,44,ogni_batch,0,0.0,0.987,0,0,False,0.05625,100.0
bot->unsw,44,su_innesco,0,0.0,0.987,0,0,False,0.05625,100.0
bot->unsw,44,oracolo,0,0.0,0.987,0,0,False,0.05625,100.0
bot->unsw,44,stat_13x13,0,0.0,0.987,0,0,False,0.05625,100.0
bot->unsw,44,martingala,0,0.0,0.987,0,0,False,0.05625,100.0
bot->unsw,44,stat_13x13_adaptive,0,0.0,0.987,0,0,False,0.05625,100.0
bot->unsw,44,statico,1,0.053,0.8878093196491241,0,0,False,0.07375,100.0
bot->unsw,44,ogni_batch,1,0.053,0.8878093196491241,1,32,False,0.07375,100.0
bot->unsw,44,su_innesco,1,0.053,0.8878093196491241,0,0,False,0.07375,100.0
bot->unsw,44,oracolo,1,0.053,0.8878093196491241,1,32,False,0.07375,100.0
bot->unsw,44,stat_13x13,1,0.053,0.5929322947099753,1,32,False,0.07375,100.0
bot->unsw,44,martingala,1,0.053,0.8878093196491241,0,0,False,0.07375,100.0
bot->unsw,44,stat_13x13_adaptive,1,0.053,0.5999490964622042,1,32,False,0.07375,100.0
bot->unsw,44,statico,2,0.105,0.8717836472847065,0,0,False,0.0971,100.0
bot->unsw,44,ogni_batch,2,0.105,0.8717836472847065,2,64,False,0.0971,100.0
bot->unsw,44,su_innesco,2,0.105,0.8717836472847065,0,0,False,0.0971,100.0
bot->unsw,44,oracolo,2,0.105,0.9380741010880602,2,64,False,0.0971,100.0
bot->unsw,44,stat_13x13,2,0.105,0.5934929630003227,2,64,False,0.0971,100.0
bot->unsw,44,martingala,2,0.105,0.8717836472847065,1,32,False,0.0971,100.0
bot->unsw,44,stat_13x13_adaptive,2,0.105,0.5863316702488937,2,64,False,0.0971,100.0
bot->unsw,44,statico,3,0.158,0.8517086186167389,0,0,False,0.11825,100.0
bot->unsw,44,ogni_batch,3,0.158,0.8394190124365668,3,96,False,0.11825,100.0
bot->unsw,44,su_innesco,3,0.158,0.8517086186167389,0,0,False,0.11825,100.0
bot->unsw,44,oracolo,3,0.158,0.9256466216491701,3,96,False,0.11825,100.0
bot->unsw,44,stat_13x13,3,0.158,0.7036320073289817,3,96,False,0.11825,100.0
bot->unsw,44,martingala,3,0.158,0.8462002059266209,2,64,False,0.11825,100.0
bot->unsw,44,stat_13x13_adaptive,3,0.158,0.6877761551980011,3,96,False,0.11825,100.0
bot->unsw,44,statico,4,0.211,0.8297143688410473,0,0,False,0.14475,100.0
bot->unsw,44,ogni_batch,4,0.211,0.827106726556791,4,128,False,0.14475,100.0
bot->unsw,44,su_innesco,4,0.211,0.8297143688410473,0,0,False,0.14475,100.0
bot->unsw,44,oracolo,4,0.211,0.9014288719415289,4,128,False,0.14475,100.0
bot->unsw,44,stat_13x13,4,0.211,0.6958780038920769,4,128,False,0.14475,100.0
bot->unsw,44,martingala,4,0.211,0.8284994511711603,3,96,False,0.14475,100.0
bot->unsw,44,stat_13x13_adaptive,4,0.211,0.6766082305373372,4,128,False,0.14475,100.0
bot->unsw,44,statico,5,0.263,0.8113708676693441,0,0,True,0.1617,100.0
bot->unsw,44,ogni_batch,5,0.263,0.8172314651859984,5,160,True,0.1617,100.0
bot->unsw,44,su_innesco,5,0.263,0.8113708676693441,0,0,True,0.1617,100.0
bot->unsw,44,oracolo,5,0.263,0.888575841327176,5,160,True,0.1617,100.0
bot->unsw,44,stat_13x13,5,0.263,0.7489223579893658,5,160,True,0.1617,100.0
bot->unsw,44,martingala,5,0.263,0.7958632490915272,4,128,True,0.1617,100.0
bot->unsw,44,stat_13x13_adaptive,5,0.263,0.575636432754089,5,160,True,0.1617,100.0
bot->unsw,44,statico,6,0.316,0.7898112578474639,0,0,True,0.1859,100.0
bot->unsw,44,ogni_batch,6,0.316,0.8487306359002731,6,192,True,0.1859,100.0
bot->unsw,44,su_innesco,6,0.316,0.8881019594768297,1,32,True,0.1859,100.0
bot->unsw,44,oracolo,6,0.316,0.8968729219219714,6,192,True,0.1859,100.0
bot->unsw,44,stat_13x13,6,0.316,0.7682504788929863,6,192,True,0.1859,100.0
bot->unsw,44,martingala,6,0.316,0.8565899155548472,5,160,True,0.1859,100.0
bot->unsw,44,stat_13x13_adaptive,6,0.316,0.583344294288518,6,192,True,0.1859,100.0
bot->unsw,44,statico,7,0.368,0.77495638978631,0,0,True,0.1986,100.0
bot->unsw,44,ogni_batch,7,0.368,0.895822542030456,7,224,True,0.1986,100.0
bot->unsw,44,su_innesco,7,0.368,0.8291218326969803,2,64,True,0.1986,100.0
bot->unsw,44,oracolo,7,0.368,0.8789289242517289,7,224,True,0.1986,100.0
bot->unsw,44,stat_13x13,7,0.368,0.767389350207816,7,224,True,0.1986,100.0
bot->unsw,44,martingala,7,0.368,0.8234818750611879,6,192,True,0.1986,100.0
bot->unsw,44,stat_13x13_adaptive,7,0.368,0.5848912859673012,7,224,True,0.1986,100.0
bot->unsw,44,statico,8,0.421,0.763209385902997,0,0,True,0.2251,100.0
bot->unsw,44,ogni_batch,8,0.421,0.8863003147103633,8,256,True,0.2251,100.0
bot->unsw,44,su_innesco,8,0.421,0.7902801980246439,3,96,True,0.2251,100.0
bot->unsw,44,oracolo,8,0.421,0.860086916197838,8,256,True,0.2251,100.0
bot->unsw,44,stat_13x13,8,0.421,0.7523211664939148,8,256,True,0.2251,100.0
bot->unsw,44,martingala,8,0.421,0.8565673345344846,7,224,True,0.2251,100.0
bot->unsw,44,stat_13x13_adaptive,8,0.421,0.5876460172484845,8,256,True,0.2251,100.0
bot->unsw,44,statico,9,0.474,0.7449080159857318,0,0,True,0.2439,100.0
bot->unsw,44,ogni_batch,9,0.474,0.9022842421640189,9,288,True,0.2439,100.0
bot->unsw,44,su_innesco,9,0.474,0.76974182823045,4,128,True,0.2439,100.0
bot->unsw,44,oracolo,9,0.474,0.9007043850667724,9,288,True,0.2439,100.0
bot->unsw,44,stat_13x13,9,0.474,0.7769450958373243,9,288,True,0.2439,100.0
bot->unsw,44,martingala,9,0.474,0.8702339509638779,8,256,True,0.2439,100.0
bot->unsw,44,stat_13x13_adaptive,9,0.474,0.5926227829705717,9,288,True,0.2439,100.0
bot->unsw,44,statico,10,0.526,0.709820378965913,0,0,True,0.2635,100.0
bot->unsw,44,ogni_batch,10,0.526,0.8632095105316182,10,320,True,0.2635,100.0
bot->unsw,44,su_innesco,10,0.526,0.8413408038902996,5,160,True,0.2635,100.0
bot->unsw,44,oracolo,10,0.526,0.8877697001741529,10,320,True,0.2635,100.0
bot->unsw,44,stat_13x13,10,0.526,0.7689871263081409,10,320,True,0.2635,100.0
bot->unsw,44,martingala,10,0.526,0.8292145356438814,9,288,True,0.2635,100.0
bot->unsw,44,stat_13x13_adaptive,10,0.526,0.5959208929135651,10,320,True,0.2635,100.0
bot->unsw,44,statico,11,0.579,0.6930393700787402,0,0,True,0.28345,100.0
bot->unsw,44,ogni_batch,11,0.579,0.8606652350274397,11,352,True,0.28345,100.0
bot->unsw,44,su_innesco,11,0.579,0.8213715103793844,6,192,True,0.28345,100.0
bot->unsw,44,oracolo,11,0.579,0.8758749701741828,11,352,True,0.28345,100.0
bot->unsw,44,stat_13x13,11,0.579,0.7443025530899547,11,352,True,0.28345,100.0
bot->unsw,44,martingala,11,0.579,0.822195180147936,10,320,True,0.28345,100.0
bot->unsw,44,stat_13x13_adaptive,11,0.579,0.5949129086136961,11,352,True,0.28345,100.0
bot->unsw,44,statico,12,0.632,0.6738712532280997,0,0,True,0.31215,100.0
bot->unsw,44,ogni_batch,12,0.632,0.8531665753851957,12,384,True,0.31215,100.0
bot->unsw,44,su_innesco,12,0.632,0.8150385014363231,7,224,True,0.31215,100.0
bot->unsw,44,oracolo,12,0.632,0.8694764131097119,12,384,True,0.31215,100.0
bot->unsw,44,stat_13x13,12,0.632,0.7624939246438209,12,384,True,0.31215,100.0
bot->unsw,44,martingala,12,0.632,0.8178166167338885,11,352,True,0.31215,100.0
bot->unsw,44,stat_13x13_adaptive,12,0.632,0.6056363890259119,12,384,True,0.31215,100.0
bot->unsw,44,statico,13,0.684,0.6485666774812121,0,0,True,0.32745,100.0
bot->unsw,44,ogni_batch,13,0.684,0.8666884012457812,13,416,True,0.32745,100.0
bot->unsw,44,su_innesco,13,0.684,0.8225785756710864,8,256,True,0.32745,100.0
bot->unsw,44,oracolo,13,0.684,0.8609103908419988,13,416,True,0.32745,100.0
bot->unsw,44,stat_13x13,13,0.684,0.7424125628511165,13,416,True,0.32745,100.0
bot->unsw,44,martingala,13,0.684,0.6951058700468724,12,384,True,0.32745,100.0
bot->unsw,44,stat_13x13_adaptive,13,0.684,0.6285276078493864,13,416,True,0.32745,100.0
bot->unsw,44,statico,14,0.737,0.6179439701383259,0,0,True,0.35595,100.0
bot->unsw,44,ogni_batch,14,0.737,0.8207978829458986,14,448,True,0.35595,100.0
bot->unsw,44,su_innesco,14,0.737,0.7793352296498706,9,288,True,0.35595,100.0
bot->unsw,44,oracolo,14,0.737,0.848223857960934,14,448,True,0.35595,100.0
bot->unsw,44,stat_13x13,14,0.737,0.7505137786653766,14,448,True,0.35595,100.0
bot->unsw,44,martingala,14,0.737,0.7320639152916874,13,416,True,0.35595,100.0
bot->unsw,44,stat_13x13_adaptive,14,0.737,0.6118517604528934,14,448,True,0.35595,100.0
bot->unsw,44,statico,15,0.789,0.5957294496395861,0,0,True,0.37685,100.0
bot->unsw,44,ogni_batch,15,0.789,0.8407835921104891,15,480,True,0.37685,100.0
bot->unsw,44,su_innesco,15,0.789,0.7746642450232748,10,320,True,0.37685,100.0
bot->unsw,44,oracolo,15,0.789,0.8349929919943067,15,480,True,0.37685,100.0
bot->unsw,44,stat_13x13,15,0.789,0.7443365912827575,15,480,True,0.37685,100.0
bot->unsw,44,martingala,15,0.789,0.7585810174148253,14,448,True,0.37685,100.0
bot->unsw,44,stat_13x13_adaptive,15,0.789,0.6152034985826281,15,480,True,0.37685,100.0
bot->unsw,44,statico,16,0.842,0.5667606432053661,0,0,True,0.392,100.0
bot->unsw,44,ogni_batch,16,0.842,0.8276412894515845,16,512,True,0.392,100.0
bot->unsw,44,su_innesco,16,0.842,0.7680593356684003,11,352,True,0.392,100.0
bot->unsw,44,oracolo,16,0.842,0.8169155403236852,16,512,True,0.392,100.0
bot->unsw,44,stat_13x13,16,0.842,0.7458166241745994,16,512,True,0.392,100.0
bot->unsw,44,martingala,16,0.842,0.7939185317770558,15,480,True,0.392,100.0
bot->unsw,44,stat_13x13_adaptive,16,0.842,0.608047077601785,16,512,True,0.392,100.0
bot->unsw,44,statico,17,0.895,0.5356362278755284,0,0,True,0.4157,100.0
bot->unsw,44,ogni_batch,17,0.895,0.7734058998713188,17,544,True,0.4157,100.0
bot->unsw,44,su_innesco,17,0.895,0.8081792433412834,12,384,True,0.4157,100.0
bot->unsw,44,oracolo,17,0.895,0.8135971511984985,17,544,True,0.4157,100.0
bot->unsw,44,stat_13x13,17,0.895,0.754665197918154,17,544,True,0.4157,100.0
bot->unsw,44,martingala,17,0.895,0.8095545570028806,16,512,True,0.4157,100.0
bot->unsw,44,stat_13x13_adaptive,17,0.895,0.6121231959933425,17,544,True,0.4157,100.0
bot->unsw,44,statico,18,0.947,0.5023415124760509,0,0,True,0.44025,100.0
bot->unsw,44,ogni_batch,18,0.947,0.7694785675455459,18,576,True,0.44025,100.0
bot->unsw,44,su_innesco,18,0.947,0.8059403894628009,13,416,True,0.44025,100.0
bot->unsw,44,oracolo,18,0.947,0.7967341415794289,18,576,True,0.44025,100.0
bot->unsw,44,stat_13x13,18,0.947,0.7589374843409975,18,576,True,0.44025,100.0
bot->unsw,44,martingala,18,0.947,0.8052306546371938,17,544,True,0.44025,100.0
bot->unsw,44,stat_13x13_adaptive,18,0.947,0.6108645231665009,18,576,True,0.44025,100.0
bot->unsw,44,statico,19,1.0,0.46541845068882737,0,0,True,0.45445,100.0
bot->unsw,44,ogni_batch,19,1.0,0.7632644820360985,19,608,True,0.45445,100.0
bot->unsw,44,su_innesco,19,1.0,0.7683224729744305,14,448,True,0.45445,100.0
bot->unsw,44,oracolo,19,1.0,0.7624235723410226,19,608,True,0.45445,100.0
bot->unsw,44,stat_13x13,19,1.0,0.7339955903738109,19,608,True,0.45445,100.0
bot->unsw,44,martingala,19,1.0,0.7903072137007352,18,576,True,0.45445,100.0
bot->unsw,44,stat_13x13_adaptive,19,1.0,0.6000957152201272,19,608,True,0.45445,100.0
bot->unsw,45,statico,0,0.0,0.9879,0,0,False,0.05235,100.0
bot->unsw,45,ogni_batch,0,0.0,0.9879,0,0,False,0.05235,100.0
bot->unsw,45,su_innesco,0,0.0,0.9879,0,0,False,0.05235,100.0
bot->unsw,45,oracolo,0,0.0,0.9879,0,0,False,0.05235,100.0
bot->unsw,45,stat_13x13,0,0.0,0.9879,0,0,False,0.05235,100.0
bot->unsw,45,martingala,0,0.0,0.9879,0,0,False,0.05235,100.0
bot->unsw,45,stat_13x13_adaptive,0,0.0,0.9879,0,0,False,0.05235,100.0
bot->unsw,45,statico,1,0.053,0.9109162955450042,0,0,False,0.0775,100.0
bot->unsw,45,ogni_batch,1,0.053,0.9109162955450042,1,32,False,0.0775,100.0
bot->unsw,45,su_innesco,1,0.053,0.9109162955450042,0,0,False,0.0775,100.0
bot->unsw,45,oracolo,1,0.053,0.9109162955450042,1,32,False,0.0775,100.0
bot->unsw,45,stat_13x13,1,0.053,0.49997454434375316,1,32,False,0.0775,100.0
bot->unsw,45,martingala,1,0.053,0.9109162955450042,0,0,False,0.0775,100.0
bot->unsw,45,stat_13x13_adaptive,1,0.053,0.5278820495813611,1,32,False,0.0775,100.0
bot->unsw,45,statico,2,0.105,0.8849819199809472,0,0,False,0.10105,100.0
bot->unsw,45,ogni_batch,2,0.105,0.8095135101417142,2,64,False,0.10105,100.0
bot->unsw,45,su_innesco,2,0.105,0.8849819199809472,0,0,False,0.10105,100.0
bot->unsw,45,oracolo,2,0.105,0.9358180194306358,2,64,False,0.10105,100.0
bot->unsw,45,stat_13x13,2,0.105,0.5648623313223349,2,64,False,0.10105,100.0
bot->unsw,45,martingala,2,0.105,0.8065276672744877,1,32,False,0.10105,100.0
bot->unsw,45,stat_13x13_adaptive,2,0.105,0.5274524567594587,2,64,False,0.10105,100.0
bot->unsw,45,statico,3,0.158,0.8727170239183193,0,0,False,0.1208,100.0
bot->unsw,45,ogni_batch,3,0.158,0.840196652999444,3,96,False,0.1208,100.0
bot->unsw,45,su_innesco,3,0.158,0.8727170239183193,0,0,False,0.1208,100.0
bot->unsw,45,oracolo,3,0.158,0.9223212826824663,3,96,False,0.1208,100.0
bot->unsw,45,stat_13x13,3,0.158,0.5099295065203387,3,96,False,0.1208,100.0
bot->unsw,45,martingala,3,0.158,0.9137395675961943,2,64,False,0.1208,100.0
bot->unsw,45,stat_13x13_adaptive,3,0.158,0.5000711077947779,3,96,False,0.1208,100.0
bot->unsw,45,statico,4,0.211,0.8485065006124041,0,0,True,0.1485,100.0
bot->unsw,45,ogni_batch,4,0.211,0.8222532959512276,4,128,True,0.1485,100.0
bot->unsw,45,su_innesco,4,0.211,0.8485065006124041,0,0,True,0.1485,100.0
bot->unsw,45,oracolo,4,0.211,0.8993721760797828,4,128,True,0.1485,100.0
bot->unsw,45,stat_13x13,4,0.211,0.5195775465096478,4,128,True,0.1485,100.0
bot->unsw,45,martingala,4,0.211,0.8928816582486705,3,96,True,0.1485,100.0
bot->unsw,45,stat_13x13_adaptive,4,0.211,0.5542761781537056,4,128,True,0.1485,100.0
bot->unsw,45,statico,5,0.263,0.8322258243374748,0,0,True,0.1696,100.0
bot->unsw,45,ogni_batch,5,0.263,0.795686514133116,5,160,True,0.1696,100.0
bot->unsw,45,su_innesco,5,0.263,0.8149606596208538,1,32,True,0.1696,100.0
bot->unsw,45,oracolo,5,0.263,0.8815349631490408,5,160,True,0.1696,100.0
bot->unsw,45,stat_13x13,5,0.263,0.547710818038488,5,160,True,0.1696,100.0
bot->unsw,45,martingala,5,0.263,0.880226838964703,4,128,True,0.1696,100.0
bot->unsw,45,stat_13x13_adaptive,5,0.263,0.5703237566101644,5,160,True,0.1696,100.0
bot->unsw,45,statico,6,0.316,0.8108635773919093,0,0,True,0.1941,100.0
bot->unsw,45,ogni_batch,6,0.316,0.8128823269035581,6,192,True,0.1941,100.0
bot->unsw,45,su_innesco,6,0.316,0.7713571581274128,2,64,True,0.1941,100.0
bot->unsw,45,oracolo,6,0.316,0.8749116505813213,6,192,True,0.1941,100.0
bot->unsw,45,stat_13x13,6,0.316,0.5633638857720351,6,192,True,0.1941,100.0
bot->unsw,45,martingala,6,0.316,0.869584160803478,5,160,True,0.1941,100.0
bot->unsw,45,stat_13x13_adaptive,6,0.316,0.5888051965720029,6,192,True,0.1941,100.0
bot->unsw,45,statico,7,0.368,0.7978590629800306,0,0,True,0.21535,100.0
bot->unsw,45,ogni_batch,7,0.368,0.8102752757994693,7,224,True,0.21535,100.0
bot->unsw,45,su_innesco,7,0.368,0.7760455941907555,3,96,True,0.21535,100.0
bot->unsw,45,oracolo,7,0.368,0.8530634687892753,7,224,True,0.21535,100.0
bot->unsw,45,stat_13x13,7,0.368,0.5534937508727832,7,224,True,0.21535,100.0
bot->unsw,45,martingala,7,0.368,0.784652981427175,6,192,True,0.21535,100.0
bot->unsw,45,stat_13x13_adaptive,7,0.368,0.5668761346180701,7,224,True,0.21535,100.0
bot->unsw,45,statico,8,0.421,0.7739407109544327,0,0,True,0.2426,100.0
bot->unsw,45,ogni_batch,8,0.421,0.8438685271753048,8,256,True,0.2426,100.0
bot->unsw,45,su_innesco,8,0.421,0.833682723563654,4,128,True,0.2426,100.0
bot->unsw,45,oracolo,8,0.421,0.8285369076618652,8,256,True,0.2426,100.0
bot->unsw,45,stat_13x13,8,0.421,0.5501455377430972,8,256,True,0.2426,100.0
bot->unsw,45,martingala,8,0.421,0.8229377250647518,7,224,True,0.2426,100.0
bot->unsw,45,stat_13x13_adaptive,8,0.421,0.5486077518031557,8,256,True,0.2426,100.0
bot->unsw,45,statico,9,0.474,0.7479881556308752,0,0,True,0.2612,100.0
bot->unsw,45,ogni_batch,9,0.474,0.8670660688014157,9,288,True,0.2612,100.0
bot->unsw,45,su_innesco,9,0.474,0.8374179205808727,5,160,True,0.2612,100.0
bot->unsw,45,oracolo,9,0.474,0.8121479060599229,9,288,True,0.2612,100.0
bot->unsw,45,stat_13x13,9,0.474,0.5593348249558789,9,288,True,0.2612,100.0
bot->unsw,45,martingala,9,0.474,0.8021476497823161,8,256,True,0.2612,100.0
bot->unsw,45,stat_13x13_adaptive,9,0.474,0.5525472473830364,9,288,True,0.2612,100.0
bot->unsw,45,statico,10,0.526,0.731307112454232,0,0,True,0.28605,100.0
bot->unsw,45,ogni_batch,10,0.526,0.8497234002636005,10,320,True,0.28605,100.0
bot->unsw,45,su_innesco,10,0.526,0.8280905266394847,6,192,True,0.28605,100.0
bot->unsw,45,oracolo,10,0.526,0.8245268481114775,10,320,True,0.28605,100.0
bot->unsw,45,stat_13x13,10,0.526,0.5677157209335364,10,320,True,0.28605,100.0
bot->unsw,45,martingala,10,0.526,0.7829951111965945,9,288,True,0.28605,100.0
bot->unsw,45,stat_13x13_adaptive,10,0.526,0.5359229444147658,10,320,True,0.28605,100.0
bot->unsw,45,statico,11,0.579,0.7041642627272404,0,0,True,0.3106,100.0
bot->unsw,45,ogni_batch,11,0.579,0.8623248994536712,11,352,True,0.3106,100.0
bot->unsw,45,su_innesco,11,0.579,0.8621499233239043,7,224,True,0.3106,100.0
bot->unsw,45,oracolo,11,0.579,0.7997786057312937,11,352,True,0.3106,100.0
bot->unsw,45,stat_13x13,11,0.579,0.6779144449342568,11,352,True,0.3106,100.0
bot->unsw,45,martingala,11,0.579,0.8550950775884335,10,320,True,0.3106,100.0
bot->unsw,45,stat_13x13_adaptive,11,0.579,0.5349017341758106,11,352,True,0.3106,100.0
bot->unsw,45,statico,12,0.632,0.6732296438269085,0,0,True,0.3309,100.0
bot->unsw,45,ogni_batch,12,0.632,0.8477708537450193,12,384,True,0.3309,100.0
bot->unsw,45,su_innesco,12,0.632,0.8528146953731529,8,256,True,0.3309,100.0
bot->unsw,45,oracolo,12,0.632,0.8601834033771186,12,384,True,0.3309,100.0
bot->unsw,45,stat_13x13,12,0.632,0.6785103625172622,12,384,True,0.3309,100.0
bot->unsw,45,martingala,12,0.632,0.7692483021165707,11,352,True,0.3309,100.0
bot->unsw,45,stat_13x13_adaptive,12,0.632,0.5364785815042662,12,384,True,0.3309,100.0
bot->unsw,45,statico,13,0.684,0.6542920889586772,0,0,True,0.35315,100.0
bot->unsw,45,ogni_batch,13,0.684,0.8411388073461197,13,416,True,0.35315,100.0
bot->unsw,45,su_innesco,13,0.684,0.8421524983697846,9,288,True,0.35315,100.0
bot->unsw,45,oracolo,13,0.684,0.8533130113828176,13,416,True,0.35315,100.0
bot->unsw,45,stat_13x13,13,0.684,0.7139302210465515,13,416,True,0.35315,100.0
bot->unsw,45,martingala,13,0.684,0.7563892765336682,12,384,True,0.35315,100.0
bot->unsw,45,stat_13x13_adaptive,13,0.684,0.5334186395921159,13,416,True,0.35315,100.0
bot->unsw,45,statico,14,0.737,0.6257124174667474,0,0,True,0.3907,100.0
bot->unsw,45,ogni_batch,14,0.737,0.8240499505597907,14,448,True,0.3907,100.0
bot->unsw,45,su_innesco,14,0.737,0.8226171413989984,10,320,True,0.3907,100.0
bot->unsw,45,oracolo,14,0.737,0.8375155497432298,14,448,True,0.3907,100.0
bot->unsw,45,stat_13x13,14,0.737,0.7132212688590476,14,448,True,0.3907,100.0
bot->unsw,45,martingala,14,0.737,0.826108896047973,13,416,True,0.3907,100.0
bot->unsw,45,stat_13x13_adaptive,14,0.737,0.583146949060636,14,448,True,0.3907,100.0
bot->unsw,45,statico,15,0.789,0.5905236052238231,0,0,True,0.40905,100.0
bot->unsw,45,ogni_batch,15,0.789,0.8231052220375383,15,480,True,0.40905,100.0
bot->unsw,45,su_innesco,15,0.789,0.8231052220375383,11,352,True,0.40905,100.0
bot->unsw,45,oracolo,15,0.789,0.7996634495010095,15,480,True,0.40905,100.0
bot->unsw,45,stat_13x13,15,0.789,0.735223138128533,15,480,True,0.40905,100.0
bot->unsw,45,martingala,15,0.789,0.8231052220375383,14,448,True,0.40905,100.0
bot->unsw,45,stat_13x13_adaptive,15,0.789,0.5946584235716526,15,480,True,0.40905,100.0
bot->unsw,45,statico,16,0.842,0.5582199363435976,0,0,True,0.4308,100.0
bot->unsw,45,ogni_batch,16,0.842,0.8139657221122307,16,512,True,0.4308,100.0
bot->unsw,45,su_innesco,16,0.842,0.8139657221122307,12,384,True,0.4308,100.0
bot->unsw,45,oracolo,16,0.842,0.7838520490122185,16,512,True,0.4308,100.0
bot->unsw,45,stat_13x13,16,0.842,0.7261241678634225,16,512,True,0.4308,100.0
bot->unsw,45,martingala,16,0.842,0.8139657221122307,15,480,True,0.4308,100.0
bot->unsw,45,stat_13x13_adaptive,16,0.842,0.6115356991529108,16,512,True,0.4308,100.0
bot->unsw,45,statico,17,0.895,0.5291979385407979,0,0,True,0.4505,100.0
bot->unsw,45,ogni_batch,17,0.895,0.8052538171527936,17,544,True,0.4505,100.0
bot->unsw,45,su_innesco,17,0.895,0.8052538171527936,13,416,True,0.4505,100.0
bot->unsw,45,oracolo,17,0.895,0.7685104753233063,17,544,True,0.4505,100.0
bot->unsw,45,stat_13x13,17,0.895,0.7543028391219322,17,544,True,0.4505,100.0
bot->unsw,45,martingala,17,0.895,0.8052538171527936,16,512,True,0.4505,100.0
bot->unsw,45,stat_13x13_adaptive,17,0.895,0.712847813173294,17,544,True,0.4505,100.0
bot->unsw,45,statico,18,0.947,0.4912979678694198,0,0,True,0.46575,100.0
bot->unsw,45,ogni_batch,18,0.947,0.7979164939387562,18,576,True,0.46575,100.0
bot->unsw,45,su_innesco,18,0.947,0.7979164939387562,14,448,True,0.46575,100.0
bot->unsw,45,oracolo,18,0.947,0.7629166374357894,18,576,True,0.46575,100.0
bot->unsw,45,stat_13x13,18,0.947,0.7634504109684173,18,576,True,0.46575,100.0
bot->unsw,45,martingala,18,0.947,0.7979164939387562,17,544,True,0.46575,100.0
bot->unsw,45,stat_13x13_adaptive,18,0.947,0.7380905434392093,18,576,True,0.46575,100.0
bot->unsw,45,statico,19,1.0,0.4591010335527821,0,0,True,0.49285,100.0
bot->unsw,45,ogni_batch,19,1.0,0.7812244959925565,19,608,True,0.49285,100.0
bot->unsw,45,su_innesco,19,1.0,0.7812244959925565,15,480,True,0.49285,100.0
bot->unsw,45,oracolo,19,1.0,0.7682393708677138,19,608,True,0.49285,100.0
bot->unsw,45,stat_13x13,19,1.0,0.7483946911541286,19,608,True,0.49285,100.0
bot->unsw,45,martingala,19,1.0,0.7812244959925565,18,576,True,0.49285,100.0
bot->unsw,45,stat_13x13_adaptive,19,1.0,0.7488866345174747,19,608,True,0.49285,100.0
bot->unsw,46,statico,0,0.0,0.9859,0,0,False,0.0446,100.0
bot->unsw,46,ogni_batch,0,0.0,0.9859,0,0,False,0.0446,100.0
bot->unsw,46,su_innesco,0,0.0,0.9859,0,0,False,0.0446,100.0
bot->unsw,46,oracolo,0,0.0,0.9859,0,0,False,0.0446,100.0
bot->unsw,46,stat_13x13,0,0.0,0.9859,0,0,False,0.0446,100.0
bot->unsw,46,martingala,0,0.0,0.9859,0,0,False,0.0446,100.0
bot->unsw,46,stat_13x13_adaptive,0,0.0,0.9859,0,0,False,0.0446,100.0
bot->unsw,46,statico,1,0.053,0.8831048464485534,0,0,False,0.0634,100.0
bot->unsw,46,ogni_batch,1,0.053,0.8831048464485534,1,32,False,0.0634,100.0
bot->unsw,46,su_innesco,1,0.053,0.8831048464485534,0,0,False,0.0634,100.0
bot->unsw,46,oracolo,1,0.053,0.8831048464485534,1,32,False,0.0634,100.0
bot->unsw,46,stat_13x13,1,0.053,0.499948982194786,1,32,False,0.0634,100.0
bot->unsw,46,martingala,1,0.053,0.8831048464485534,0,0,False,0.0634,100.0
bot->unsw,46,stat_13x13_adaptive,1,0.053,0.499948982194786,1,32,False,0.0634,100.0
bot->unsw,46,statico,2,0.105,0.8745677116252212,0,0,False,0.07855,100.0
bot->unsw,46,ogni_batch,2,0.105,0.8745677116252212,2,64,False,0.07855,100.0
bot->unsw,46,su_innesco,2,0.105,0.8745677116252212,0,0,False,0.07855,100.0
bot->unsw,46,oracolo,2,0.105,0.934250361929363,2,64,False,0.07855,100.0
bot->unsw,46,stat_13x13,2,0.105,0.5885104217976533,2,64,False,0.07855,100.0
bot->unsw,46,martingala,2,0.105,0.8745677116252212,1,32,False,0.07855,100.0
bot->unsw,46,stat_13x13_adaptive,2,0.105,0.5878319957460929,2,64,False,0.07855,100.0
bot->unsw,46,statico,3,0.158,0.8484949698748359,0,0,False,0.09645,100.0
bot->unsw,46,ogni_batch,3,0.158,0.5327539512254938,3,96,False,0.09645,100.0
bot->unsw,46,su_innesco,3,0.158,0.8484949698748359,0,0,False,0.09645,100.0
bot->unsw,46,oracolo,3,0.158,0.9238748475920759,3,96,False,0.09645,100.0
bot->unsw,46,stat_13x13,3,0.158,0.5851058913335253,3,96,False,0.09645,100.0
bot->unsw,46,martingala,3,0.158,0.531528039572297,2,64,False,0.09645,100.0
bot->unsw,46,stat_13x13_adaptive,3,0.158,0.5873612677569169,3,96,False,0.09645,100.0
bot->unsw,46,statico,4,0.211,0.8448824745853971,0,0,False,0.11285,100.0
bot->unsw,46,ogni_batch,4,0.211,0.7765443227815381,4,128,False,0.11285,100.0
bot->unsw,46,su_innesco,4,0.211,0.8448824745853971,0,0,False,0.11285,100.0
bot->unsw,46,oracolo,4,0.211,0.9169278408725422,4,128,False,0.11285,100.0
bot->unsw,46,stat_13x13,4,0.211,0.6605022704585469,4,128,False,0.11285,100.0
bot->unsw,46,martingala,4,0.211,0.7758048751724286,3,96,False,0.11285,100.0
bot->unsw,46,stat_13x13_adaptive,4,0.211,0.5777691613121487,4,128,False,0.11285,100.0
bot->unsw,46,statico,5,0.263,0.8211453584167406,0,0,False,0.12475,100.0
bot->unsw,46,ogni_batch,5,0.263,0.8541200668567359,5,160,False,0.12475,100.0
bot->unsw,46,su_innesco,5,0.263,0.8211453584167406,0,0,False,0.12475,100.0
bot->unsw,46,oracolo,5,0.263,0.9158016982644253,5,160,False,0.12475,100.0
bot->unsw,46,stat_13x13,5,0.263,0.6796175482378308,5,160,False,0.12475,100.0
bot->unsw,46,martingala,5,0.263,0.8216370410497833,4,128,False,0.12475,100.0
bot->unsw,46,stat_13x13_adaptive,5,0.263,0.5819422083663199,5,160,False,0.12475,100.0
bot->unsw,46,statico,6,0.316,0.8090060621292048,0,0,True,0.14555,100.0
bot->unsw,46,ogni_batch,6,0.316,0.8439054424470077,6,192,True,0.14555,100.0
bot->unsw,46,su_innesco,6,0.316,0.8090060621292048,0,0,True,0.14555,100.0
bot->unsw,46,oracolo,6,0.316,0.9001897841143274,6,192,True,0.14555,100.0
bot->unsw,46,stat_13x13,6,0.316,0.7657875429951329,6,192,True,0.14555,100.0
bot->unsw,46,martingala,6,0.316,0.7855553832930883,5,160,True,0.14555,100.0
bot->unsw,46,stat_13x13_adaptive,6,0.316,0.7248291425204424,6,192,True,0.14555,100.0
bot->unsw,46,statico,7,0.368,0.7842494523815612,0,0,True,0.15955,100.0
bot->unsw,46,ogni_batch,7,0.368,0.8225286063290298,7,224,True,0.15955,100.0
bot->unsw,46,su_innesco,7,0.368,0.5529911453520275,1,32,True,0.15955,100.0
bot->unsw,46,oracolo,7,0.368,0.883313462839124,7,224,True,0.15955,100.0
bot->unsw,46,stat_13x13,7,0.368,0.7076170293198074,7,224,True,0.15955,100.0
bot->unsw,46,martingala,7,0.368,0.8183688162964254,6,192,True,0.15955,100.0
bot->unsw,46,stat_13x13_adaptive,7,0.368,0.7605548880467516,7,224,True,0.15955,100.0
bot->unsw,46,statico,8,0.421,0.7647577110083745,0,0,True,0.18055,100.0
bot->unsw,46,ogni_batch,8,0.421,0.8372332426911459,8,256,True,0.18055,100.0
bot->unsw,46,su_innesco,8,0.421,0.8618616044294589,2,64,True,0.18055,100.0
bot->unsw,46,oracolo,8,0.421,0.8633122873673625,8,256,True,0.18055,100.0
bot->unsw,46,stat_13x13,8,0.421,0.6176519237756701,8,256,True,0.18055,100.0
bot->unsw,46,martingala,8,0.421,0.8207414741104333,7,224,True,0.18055,100.0
bot->unsw,46,stat_13x13_adaptive,8,0.421,0.5868852693290586,8,256,True,0.18055,100.0
bot->unsw,46,statico,9,0.474,0.7494647010568927,0,0,True,0.189,100.0
bot->unsw,46,ogni_batch,9,0.474,0.8208285769333684,9,288,True,0.189,100.0
bot->unsw,46,su_innesco,9,0.474,0.8609409542423683,3,96,True,0.189,100.0
bot->unsw,46,oracolo,9,0.474,0.8397491529280838,9,288,True,0.189,100.0
bot->unsw,46,stat_13x13,9,0.474,0.6651242239725963,9,288,True,0.189,100.0
bot->unsw,46,martingala,9,0.474,0.8129554758400419,8,256,True,0.189,100.0
bot->unsw,46,stat_13x13_adaptive,9,0.474,0.6079646396244933,9,288,True,0.189,100.0
bot->unsw,46,statico,10,0.526,0.7252514056362145,0,0,True,0.2139,100.0
bot->unsw,46,ogni_batch,10,0.526,0.8342170342916595,10,320,True,0.2139,100.0
bot->unsw,46,su_innesco,10,0.526,0.8455923753252226,4,128,True,0.2139,100.0
bot->unsw,46,oracolo,10,0.526,0.8198870636280033,10,320,True,0.2139,100.0
bot->unsw,46,stat_13x13,10,0.526,0.7091503642700591,10,320,True,0.2139,100.0
bot->unsw,46,martingala,10,0.526,0.8415464447535197,9,288,True,0.2139,100.0
bot->unsw,46,stat_13x13_adaptive,10,0.526,0.680098336596184,10,320,True,0.2139,100.0
bot->unsw,46,statico,11,0.579,0.6933631078441278,0,0,True,0.22405,100.0
bot->unsw,46,ogni_batch,11,0.579,0.8323089692359817,11,352,True,0.22405,100.0
bot->unsw,46,su_innesco,11,0.579,0.8342428973458591,5,160,True,0.22405,100.0
bot->unsw,46,oracolo,11,0.579,0.8659440234112536,11,352,True,0.22405,100.0
bot->unsw,46,stat_13x13,11,0.579,0.7834781727226392,11,352,True,0.22405,100.0
bot->unsw,46,martingala,11,0.579,0.8357771845521171,10,320,True,0.22405,100.0
bot->unsw,46,stat_13x13_adaptive,11,0.579,0.7986181230771159,11,352,True,0.22405,100.0
bot->unsw,46,statico,12,0.632,0.6707873834087106,0,0,True,0.2375,100.0
bot->unsw,46,ogni_batch,12,0.632,0.8209035129887422,12,384,True,0.2375,100.0
bot->unsw,46,su_innesco,12,0.632,0.8210113598029911,6,192,True,0.2375,100.0
bot->unsw,46,oracolo,12,0.632,0.8628222410984869,12,384,True,0.2375,100.0
bot->unsw,46,stat_13x13,12,0.632,0.705190907081462,12,384,True,0.2375,100.0
bot->unsw,46,martingala,12,0.632,0.8228645852231516,11,352,True,0.2375,100.0
bot->unsw,46,stat_13x13_adaptive,12,0.632,0.7191921133606989,12,384,True,0.2375,100.0
bot->unsw,46,statico,13,0.684,0.6474656243925005,0,0,True,0.2542,100.0
bot->unsw,46,ogni_batch,13,0.684,0.8122171622504123,13,416,True,0.2542,100.0
bot->unsw,46,su_innesco,13,0.684,0.8315931860880994,7,224,True,0.2542,100.0
bot->unsw,46,oracolo,13,0.684,0.8512054608370185,13,416,True,0.2542,100.0
bot->unsw,46,stat_13x13,13,0.684,0.739328949098697,13,416,True,0.2542,100.0
bot->unsw,46,martingala,13,0.684,0.8250210029477183,12,384,True,0.2542,100.0
bot->unsw,46,stat_13x13_adaptive,13,0.684,0.7370269081613215,13,416,True,0.2542,100.0
bot->unsw,46,statico,14,0.737,0.6209524944659288,0,0,True,0.2719,100.0
bot->unsw,46,ogni_batch,14,0.737,0.8359267687280435,14,448,True,0.2719,100.0
bot->unsw,46,su_innesco,14,0.737,0.8264523045846814,8,256,True,0.2719,100.0
bot->unsw,46,oracolo,14,0.737,0.8365881502089989,14,448,True,0.2719,100.0
bot->unsw,46,stat_13x13,14,0.737,0.7399652785673889,14,448,True,0.2719,100.0
bot->unsw,46,martingala,14,0.737,0.8266728560753981,13,416,True,0.2719,100.0
bot->unsw,46,stat_13x13_adaptive,14,0.737,0.7377184340630845,14,448,True,0.2719,100.0
bot->unsw,46,statico,15,0.789,0.5964952932590553,0,0,True,0.28865,100.0
bot->unsw,46,ogni_batch,15,0.789,0.797576140445664,15,480,True,0.28865,100.0
bot->unsw,46,su_innesco,15,0.789,0.7994405345745614,9,288,True,0.28865,100.0
bot->unsw,46,oracolo,15,0.789,0.8175899283183403,15,480,True,0.28865,100.0
bot->unsw,46,stat_13x13,15,0.789,0.716841326677799,15,480,True,0.28865,100.0
bot->unsw,46,martingala,15,0.789,0.8059584391273718,14,448,True,0.28865,100.0
bot->unsw,46,stat_13x13_adaptive,15,0.789,0.732703194741136,15,480,True,0.28865,100.0
bot->unsw,46,statico,16,0.842,0.5636969231110295,0,0,True,0.3034,100.0
bot->unsw,46,ogni_batch,16,0.842,0.7937009734848564,16,512,True,0.3034,100.0
bot->unsw,46,su_innesco,16,0.842,0.7974133883957184,10,320,True,0.3034,100.0
bot->unsw,46,oracolo,16,0.842,0.8096200975868952,16,512,True,0.3034,100.0
bot->unsw,46,stat_13x13,16,0.842,0.739721609823391,16,512,True,0.3034,100.0
bot->unsw,46,martingala,16,0.842,0.796547143140762,15,480,True,0.3034,100.0
bot->unsw,46,stat_13x13_adaptive,16,0.842,0.7403199473911739,16,512,True,0.3034,100.0
bot->unsw,46,statico,17,0.895,0.5388836335887848,0,0,True,0.32145,100.0
bot->unsw,46,ogni_batch,17,0.895,0.7891410397711733,17,544,True,0.32145,100.0
bot->unsw,46,su_innesco,17,0.895,0.7859884534419079,11,352,True,0.32145,100.0
bot->unsw,46,oracolo,17,0.895,0.796081347113059,17,544,True,0.32145,100.0
bot->unsw,46,stat_13x13,17,0.895,0.7460210740578961,17,544,True,0.32145,100.0
bot->unsw,46,martingala,17,0.895,0.7805744286596665,16,512,True,0.32145,100.0
bot->unsw,46,stat_13x13_adaptive,17,0.895,0.7551740880577598,17,544,True,0.32145,100.0
bot->unsw,46,statico,18,0.947,0.4995365700687898,0,0,True,0.3419,100.0
bot->unsw,46,ogni_batch,18,0.947,0.78118577759861,18,576,True,0.3419,100.0
bot->unsw,46,su_innesco,18,0.947,0.7814648572576397,12,384,True,0.3419,100.0
bot->unsw,46,oracolo,18,0.947,0.7905394438785298,18,576,True,0.3419,100.0
bot->unsw,46,stat_13x13,18,0.947,0.7542844918942795,18,576,True,0.3419,100.0
bot->unsw,46,martingala,18,0.947,0.7760551762585723,17,544,True,0.3419,100.0
bot->unsw,46,stat_13x13_adaptive,18,0.947,0.7545184834746916,18,576,True,0.3419,100.0
bot->unsw,46,statico,19,1.0,0.4650126702257805,0,0,True,0.3525,100.0
bot->unsw,46,ogni_batch,19,1.0,0.7691576853872872,19,608,True,0.3525,100.0
bot->unsw,46,su_innesco,19,1.0,0.7532021233469177,13,416,True,0.3525,100.0
bot->unsw,46,oracolo,19,1.0,0.7766870179998941,19,608,True,0.3525,100.0
bot->unsw,46,stat_13x13,19,1.0,0.7414811175502585,19,608,True,0.3525,100.0
bot->unsw,46,martingala,19,1.0,0.769655374203274,18,576,True,0.3525,100.0
bot->unsw,46,stat_13x13_adaptive,19,1.0,0.746050789558939,19,608,True,0.3525,100.0
bot->unsw,47,statico,0,0.0,0.9897,0,0,False,0.04855,100.0
bot->unsw,47,ogni_batch,0,0.0,0.9897,0,0,False,0.04855,100.0
bot->unsw,47,su_innesco,0,0.0,0.9897,0,0,False,0.04855,100.0
bot->unsw,47,oracolo,0,0.0,0.9897,0,0,False,0.04855,100.0
bot->unsw,47,stat_13x13,0,0.0,0.9897,0,0,False,0.04855,100.0
bot->unsw,47,martingala,0,0.0,0.9897,0,0,False,0.04855,100.0
bot->unsw,47,stat_13x13_adaptive,0,0.0,0.9897,0,0,False,0.04855,100.0
bot->unsw,47,statico,1,0.053,0.9194732054388464,0,0,False,0.05985,100.0
bot->unsw,47,ogni_batch,1,0.053,0.9194732054388464,1,32,False,0.05985,100.0
bot->unsw,47,su_innesco,1,0.053,0.9194732054388464,0,0,False,0.05985,100.0
bot->unsw,47,oracolo,1,0.053,0.9194732054388464,1,32,False,0.05985,100.0
bot->unsw,47,stat_13x13,1,0.053,0.5,1,32,False,0.05985,100.0
bot->unsw,47,martingala,1,0.053,0.9194732054388464,0,0,False,0.05985,100.0
bot->unsw,47,stat_13x13_adaptive,1,0.053,0.5,1,32,False,0.05985,100.0
bot->unsw,47,statico,2,0.105,0.9036091441633598,0,0,False,0.06745,100.0
bot->unsw,47,ogni_batch,2,0.105,0.9036091441633598,2,64,False,0.06745,100.0
bot->unsw,47,su_innesco,2,0.105,0.9036091441633598,0,0,False,0.06745,100.0
bot->unsw,47,oracolo,2,0.105,0.9394904509961881,2,64,False,0.06745,100.0
bot->unsw,47,stat_13x13,2,0.105,0.5751309528897534,2,64,False,0.06745,100.0
bot->unsw,47,martingala,2,0.105,0.9036091441633598,1,32,False,0.06745,100.0
bot->unsw,47,stat_13x13_adaptive,2,0.105,0.5875692262120282,2,64,False,0.06745,100.0
bot->unsw,47,statico,3,0.158,0.8947171737691942,0,0,False,0.07885,100.0
bot->unsw,47,ogni_batch,3,0.158,0.7862350204452,3,96,False,0.07885,100.0
bot->unsw,47,su_innesco,3,0.158,0.8947171737691942,0,0,False,0.07885,100.0
bot->unsw,47,oracolo,3,0.158,0.9233016319396001,3,96,False,0.07885,100.0
bot->unsw,47,stat_13x13,3,0.158,0.6026066815014582,3,96,False,0.07885,100.0
bot->unsw,47,martingala,3,0.158,0.802433557550823,2,64,False,0.07885,100.0
bot->unsw,47,stat_13x13_adaptive,3,0.158,0.5744974737092018,3,96,False,0.07885,100.0
bot->unsw,47,statico,4,0.211,0.8641059249670956,0,0,False,0.0896,100.0
bot->unsw,47,ogni_batch,4,0.211,0.7811257473739934,4,128,False,0.0896,100.0
bot->unsw,47,su_innesco,4,0.211,0.8641059249670956,0,0,False,0.0896,100.0
bot->unsw,47,oracolo,4,0.211,0.903534639356923,4,128,False,0.0896,100.0
bot->unsw,47,stat_13x13,4,0.211,0.5864056794984753,4,128,False,0.0896,100.0
bot->unsw,47,martingala,4,0.211,0.7862151421868825,3,96,False,0.0896,100.0
bot->unsw,47,stat_13x13_adaptive,4,0.211,0.5768122799575053,4,128,False,0.0896,100.0
bot->unsw,47,statico,5,0.263,0.8474806268469759,0,0,False,0.10055,100.0
bot->unsw,47,ogni_batch,5,0.263,0.7842178119666197,5,160,False,0.10055,100.0
bot->unsw,47,su_innesco,5,0.263,0.8474806268469759,0,0,False,0.10055,100.0
bot->unsw,47,oracolo,5,0.263,0.8880212297603778,5,160,False,0.10055,100.0
bot->unsw,47,stat_13x13,5,0.263,0.5959499451768667,5,160,False,0.10055,100.0
bot->unsw,47,martingala,5,0.263,0.7998884094154495,4,128,False,0.10055,100.0
bot->unsw,47,stat_13x13_adaptive,5,0.263,0.566646418642652,5,160,False,0.10055,100.0
bot->unsw,47,statico,6,0.316,0.8282108096271705,0,0,False,0.1086,100.0
bot->unsw,47,ogni_batch,6,0.316,0.7980851921833496,6,192,False,0.1086,100.0
bot->unsw,47,su_innesco,6,0.316,0.8282108096271705,0,0,False,0.1086,100.0
bot->unsw,47,oracolo,6,0.316,0.8863976660212165,6,192,False,0.1086,100.0
bot->unsw,47,stat_13x13,6,0.316,0.5979733381784341,6,192,False,0.1086,100.0
bot->unsw,47,martingala,6,0.316,0.7977400386870572,5,160,False,0.1086,100.0
bot->unsw,47,stat_13x13_adaptive,6,0.316,0.5797473632228137,6,192,False,0.1086,100.0
bot->unsw,47,statico,7,0.368,0.8076989389920424,0,0,False,0.1165,100.0
bot->unsw,47,ogni_batch,7,0.368,0.8002674624226348,7,224,False,0.1165,100.0
bot->unsw,47,su_innesco,7,0.368,0.8076989389920424,0,0,False,0.1165,100.0
bot->unsw,47,oracolo,7,0.368,0.8817020335985853,7,224,False,0.1165,100.0
bot->unsw,47,stat_13x13,7,0.368,0.6109217506631299,7,224,False,0.1165,100.0
bot->unsw,47,martingala,7,0.368,0.7988616268788682,6,192,False,0.1165,100.0
bot->unsw,47,stat_13x13_adaptive,7,0.368,0.5858620689655173,7,224,False,0.1165,100.0
bot->unsw,47,statico,8,0.421,0.7912964843561101,0,0,False,0.1327,100.0
bot->unsw,47,ogni_batch,8,0.421,0.7765796218385802,8,256,False,0.1327,100.0
bot->unsw,47,su_innesco,8,0.421,0.7912964843561101,0,0,False,0.1327,100.0
bot->unsw,47,oracolo,8,0.421,0.865436433096378,8,256,False,0.1327,100.0
bot->unsw,47,stat_13x13,8,0.421,0.6055810242274772,8,256,False,0.1327,100.0
bot->unsw,47,martingala,8,0.421,0.7844615310218095,7,224,False,0.1327,100.0
bot->unsw,47,stat_13x13_adaptive,8,0.421,0.5984617244547609,8,256,False,0.1327,100.0
bot->unsw,47,statico,9,0.474,0.7682015088557912,0,0,False,0.1389,100.0
bot->unsw,47,ogni_batch,9,0.474,0.7974216902328399,9,288,False,0.1389,100.0
bot->unsw,47,su_innesco,9,0.474,0.7682015088557912,0,0,False,0.1389,100.0
bot->unsw,47,oracolo,9,0.474,0.8388822588057885,9,288,False,0.1389,100.0
bot->unsw,47,stat_13x13,9,0.474,0.6323629587566403,9,288,False,0.1389,100.0
bot->unsw,47,martingala,9,0.474,0.8233328070265389,8,256,False,0.1389,100.0
bot->unsw,47,stat_13x13_adaptive,9,0.474,0.6314211484800853,9,288,False,0.1389,100.0
bot->unsw,47,statico,10,0.526,0.7396708900835578,0,0,True,0.1527,100.0
bot->unsw,47,ogni_batch,10,0.526,0.7762177501458848,10,320,True,0.1527,100.0
bot->unsw,47,su_innesco,10,0.526,0.7396708900835578,0,0,True,0.1527,100.0
bot->unsw,47,oracolo,10,0.526,0.8189621278902781,10,320,True,0.1527,100.0
bot->unsw,47,stat_13x13,10,0.526,0.6273018242843367,10,320,True,0.1527,100.0
bot->unsw,47,martingala,10,0.526,0.8171953438949795,9,288,True,0.1527,100.0
bot->unsw,47,stat_13x13_adaptive,10,0.526,0.6210406759950171,10,320,True,0.1527,100.0
bot->unsw,47,statico,11,0.579,0.7218631283504753,0,0,True,0.1563,100.0
bot->unsw,47,ogni_batch,11,0.579,0.8746229782308113,11,352,True,0.1563,100.0
bot->unsw,47,su_innesco,11,0.579,0.7246122597725544,1,32,True,0.1563,100.0
bot->unsw,47,oracolo,11,0.579,0.809369310604077,11,352,True,0.1563,100.0
bot->unsw,47,stat_13x13,11,0.579,0.6300224015777571,11,352,True,0.1563,100.0
bot->unsw,47,martingala,11,0.579,0.8036466491802676,10,320,True,0.1563,100.0
bot->unsw,47,stat_13x13_adaptive,11,0.579,0.6206406116258523,11,352,True,0.1563,100.0
bot->unsw,47,statico,12,0.632,0.6959430091194336,0,0,True,0.1759,100.0
bot->unsw,47,ogni_batch,12,0.632,0.7833697052304432,12,384,True,0.1759,100.0
bot->unsw,47,su_innesco,12,0.632,0.8099891007375686,2,64,True,0.1759,100.0
bot->unsw,47,oracolo,12,0.632,0.8628702701919548,12,384,True,0.1759,100.0
bot->unsw,47,stat_13x13,12,0.632,0.6593961890284749,12,384,True,0.1759,100.0
bot->unsw,47,martingala,12,0.632,0.7833697052304432,11,352,True,0.1759,100.0
bot->unsw,47,stat_13x13_adaptive,12,0.632,0.6222374461714663,12,384,True,0.1759,100.0
bot->unsw,47,statico,13,0.684,0.6635322674463586,0,0,True,0.1776,100.0
bot->unsw,47,ogni_batch,13,0.684,0.7531150028146583,13,416,True,0.1776,100.0
bot->unsw,47,su_innesco,13,0.684,0.8351509290987275,3,96,True,0.1776,100.0
bot->unsw,47,oracolo,13,0.684,0.836038423625781,13,416,True,0.1776,100.0
bot->unsw,47,stat_13x13,13,0.684,0.7043016868988612,13,416,True,0.1776,100.0
bot->unsw,47,martingala,13,0.684,0.7531150028146583,12,384,True,0.1776,100.0
bot->unsw,47,stat_13x13_adaptive,13,0.684,0.7300048120520983,13,416,True,0.1776,100.0
bot->unsw,47,statico,14,0.737,0.6431382169089418,0,0,True,0.19475,100.0
bot->unsw,47,ogni_batch,14,0.737,0.839318827710249,14,448,True,0.19475,100.0
bot->unsw,47,su_innesco,14,0.737,0.7995860936942627,4,128,True,0.19475,100.0
bot->unsw,47,oracolo,14,0.737,0.8152027844023984,14,448,True,0.19475,100.0
bot->unsw,47,stat_13x13,14,0.737,0.6357729311033145,14,448,True,0.19475,100.0
bot->unsw,47,martingala,14,0.737,0.839318827710249,13,416,True,0.19475,100.0
bot->unsw,47,stat_13x13_adaptive,14,0.737,0.6163728038348871,14,448,True,0.19475,100.0
bot->unsw,47,statico,15,0.789,0.6088180171623745,0,0,True,0.19915,100.0
bot->unsw,47,ogni_batch,15,0.789,0.8381017427318435,15,480,True,0.19915,100.0
bot->unsw,47,su_innesco,15,0.789,0.8227611553753815,5,160,True,0.19915,100.0
bot->unsw,47,oracolo,15,0.789,0.8066789390387641,15,480,True,0.19915,100.0
bot->unsw,47,stat_13x13,15,0.789,0.712268460584325,15,480,True,0.19915,100.0
bot->unsw,47,martingala,15,0.789,0.8381017427318435,14,448,True,0.19915,100.0
bot->unsw,47,stat_13x13_adaptive,15,0.789,0.6223795383864581,15,480,True,0.19915,100.0
bot->unsw,47,statico,16,0.842,0.5789399389974231,0,0,True,0.2151,100.0
bot->unsw,47,ogni_batch,16,0.842,0.8212613726836727,16,512,True,0.2151,100.0
bot->unsw,47,su_innesco,16,0.842,0.812451676622328,6,192,True,0.2151,100.0
bot->unsw,47,oracolo,16,0.842,0.7972930124027919,16,512,True,0.2151,100.0
bot->unsw,47,stat_13x13,16,0.842,0.7052784910102339,16,512,True,0.2151,100.0
bot->unsw,47,martingala,16,0.842,0.8212613726836727,15,480,True,0.2151,100.0
bot->unsw,47,stat_13x13_adaptive,16,0.842,0.6442626205932128,16,512,True,0.2151,100.0
bot->unsw,47,statico,17,0.895,0.5424440232389637,0,0,True,0.22075,100.0
bot->unsw,47,ogni_batch,17,0.895,0.7870980424877707,17,544,True,0.22075,100.0
bot->unsw,47,su_innesco,17,0.895,0.8056087066480153,7,224,True,0.22075,100.0
bot->unsw,47,oracolo,17,0.895,0.7884651057372021,17,544,True,0.22075,100.0
bot->unsw,47,stat_13x13,17,0.895,0.7111263383924862,17,544,True,0.22075,100.0
bot->unsw,47,martingala,17,0.895,0.7870980424877707,16,512,True,0.22075,100.0
bot->unsw,47,stat_13x13_adaptive,17,0.895,0.6511279409184081,17,544,True,0.22075,100.0
bot->unsw,47,statico,18,0.947,0.5100670672489698,0,0,True,0.23645,100.0
bot->unsw,47,ogni_batch,18,0.947,0.767388786907816,18,576,True,0.23645,100.0
bot->unsw,47,su_innesco,18,0.947,0.788689992243126,8,256,True,0.23645,100.0
bot->unsw,47,oracolo,18,0.947,0.7511951121295501,18,576,True,0.23645,100.0
bot->unsw,47,stat_13x13,18,0.947,0.7347861665082417,18,576,True,0.23645,100.0
bot->unsw,47,martingala,18,0.947,0.767388786907816,17,544,True,0.23645,100.0
bot->unsw,47,stat_13x13_adaptive,18,0.947,0.701371808773741,18,576,True,0.23645,100.0
bot->unsw,47,statico,19,1.0,0.46771047927351145,0,0,True,0.245,100.0
bot->unsw,47,ogni_batch,19,1.0,0.7673414901927377,19,608,True,0.245,100.0
bot->unsw,47,su_innesco,19,1.0,0.7867561207162768,9,288,True,0.245,100.0
bot->unsw,47,oracolo,19,1.0,0.7715642499438216,19,608,True,0.245,100.0
bot->unsw,47,stat_13x13,19,1.0,0.7299945200452486,19,608,True,0.245,100.0
bot->unsw,47,martingala,19,1.0,0.7673414901927377,18,576,True,0.245,100.0
bot->unsw,47,stat_13x13_adaptive,19,1.0,0.6715401130230428,19,608,True,0.245,100.0
bot->unsw,48,statico,0,0.0,0.99025,0,0,False,0.0418,100.0
bot->unsw,48,ogni_batch,0,0.0,0.99025,0,0,False,0.0418,100.0
bot->unsw,48,su_innesco,0,0.0,0.99025,0,0,False,0.0418,100.0
bot->unsw,48,oracolo,0,0.0,0.99025,0,0,False,0.0418,100.0
bot->unsw,48,stat_13x13,0,0.0,0.99025,0,0,False,0.0418,100.0
bot->unsw,48,martingala,0,0.0,0.99025,0,0,False,0.0418,100.0
bot->unsw,48,stat_13x13_adaptive,0,0.0,0.99025,0,0,False,0.0418,100.0
bot->unsw,48,statico,1,0.053,0.8849520177334746,0,0,False,0.0496,100.0
bot->unsw,48,ogni_batch,1,0.053,0.8849520177334746,1,32,False,0.0496,100.0
bot->unsw,48,su_innesco,1,0.053,0.8849520177334746,0,0,False,0.0496,100.0
bot->unsw,48,oracolo,1,0.053,0.8849520177334746,1,32,False,0.0496,100.0
bot->unsw,48,stat_13x13,1,0.053,0.4999745287824758,1,32,False,0.0496,100.0
bot->unsw,48,martingala,1,0.053,0.8849520177334746,0,0,False,0.0496,100.0
bot->unsw,48,stat_13x13_adaptive,1,0.053,0.5810556098635569,1,32,False,0.0496,100.0
bot->unsw,48,statico,2,0.105,0.8672838589695793,0,0,False,0.05575,100.0
bot->unsw,48,ogni_batch,2,0.105,0.8672838589695793,2,64,False,0.05575,100.0
bot->unsw,48,su_innesco,2,0.105,0.8672838589695793,0,0,False,0.05575,100.0
bot->unsw,48,oracolo,2,0.105,0.9317965113018116,2,64,False,0.05575,100.0
bot->unsw,48,stat_13x13,2,0.105,0.6161069649689479,2,64,False,0.05575,100.0
bot->unsw,48,martingala,2,0.105,0.8672838589695793,1,32,False,0.05575,100.0
bot->unsw,48,stat_13x13_adaptive,2,0.105,0.6118151029551986,2,64,False,0.05575,100.0
bot->unsw,48,statico,3,0.158,0.8632162332550926,0,0,False,0.06055,100.0
bot->unsw,48,ogni_batch,3,0.158,0.7175223888748395,3,96,False,0.06055,100.0
bot->unsw,48,su_innesco,3,0.158,0.8632162332550926,0,0,False,0.06055,100.0
bot->unsw,48,oracolo,3,0.158,0.9330372291103457,3,96,False,0.06055,100.0
bot->unsw,48,stat_13x13,3,0.158,0.5519914611805464,3,96,False,0.06055,100.0
bot->unsw,48,martingala,3,0.158,0.7190315231083582,2,64,False,0.06055,100.0
bot->unsw,48,stat_13x13_adaptive,3,0.158,0.6066353940715044,3,96,False,0.06055,100.0
bot->unsw,48,statico,4,0.211,0.8507306132941747,0,0,False,0.06515,100.0
bot->unsw,48,ogni_batch,4,0.211,0.8937968114982442,4,128,False,0.06515,100.0
bot->unsw,48,su_innesco,4,0.211,0.8507306132941747,0,0,False,0.06515,100.0
bot->unsw,48,oracolo,4,0.211,0.9106178556338813,4,128,False,0.06515,100.0
bot->unsw,48,stat_13x13,4,0.211,0.592238891734447,4,128,False,0.06515,100.0
bot->unsw,48,martingala,4,0.211,0.7234599938131363,3,96,False,0.06515,100.0
bot->unsw,48,stat_13x13_adaptive,4,0.211,0.5928632719738433,4,128,False,0.06515,100.0
bot->unsw,48,statico,5,0.263,0.8170976190574692,0,0,False,0.07205,100.0
bot->unsw,48,ogni_batch,5,0.263,0.8154098580185183,5,160,False,0.07205,100.0
bot->unsw,48,su_innesco,5,0.263,0.8170976190574692,0,0,False,0.07205,100.0
bot->unsw,48,oracolo,5,0.263,0.904012148522854,5,160,False,0.07205,100.0
bot->unsw,48,stat_13x13,5,0.263,0.5582863647703986,5,160,False,0.07205,100.0
bot->unsw,48,martingala,5,0.263,0.7026385225280831,4,128,False,0.07205,100.0
bot->unsw,48,stat_13x13_adaptive,5,0.263,0.5839500034021051,5,160,False,0.07205,100.0
bot->unsw,48,statico,6,0.316,0.8011608937051251,0,0,False,0.0765,100.0
bot->unsw,48,ogni_batch,6,0.316,0.8633884568567483,6,192,False,0.0765,100.0
bot->unsw,48,su_innesco,6,0.316,0.8011608937051251,0,0,False,0.0765,100.0
bot->unsw,48,oracolo,6,0.316,0.8963794766646513,6,192,False,0.0765,100.0
bot->unsw,48,stat_13x13,6,0.316,0.5597464633326865,6,192,False,0.0765,100.0
bot->unsw,48,martingala,6,0.316,0.8086541098471788,5,160,False,0.0765,100.0
bot->unsw,48,stat_13x13_adaptive,6,0.316,0.5980290527136234,6,192,False,0.0765,100.0
bot->unsw,48,statico,7,0.368,0.7754931898599196,0,0,False,0.08365,100.0
bot->unsw,48,ogni_batch,7,0.368,0.8666099177685592,7,224,False,0.08365,100.0
bot->unsw,48,su_innesco,7,0.368,0.7754931898599196,0,0,False,0.08365,100.0
bot->unsw,48,oracolo,7,0.368,0.8835094346404642,7,224,False,0.08365,100.0
bot->unsw,48,stat_13x13,7,0.368,0.49988475943532124,7,224,False,0.08365,100.0
bot->unsw,48,martingala,7,0.368,0.8686283704189016,6,192,False,0.08365,100.0
bot->unsw,48,stat_13x13_adaptive,7,0.368,0.608430805828907,7,224,False,0.08365,100.0
bot->unsw,48,statico,8,0.421,0.7607012781519183,0,0,False,0.09325,100.0
bot->unsw,48,ogni_batch,8,0.421,0.8454103878269998,8,256,False,0.09325,100.0
bot->unsw,48,su_innesco,8,0.421,0.7607012781519183,0,0,False,0.09325,100.0
bot->unsw,48,oracolo,8,0.421,0.8655083984186644,8,256,False,0.09325,100.0
bot->unsw,48,stat_13x13,8,0.421,0.4997055012368948,8,256,False,0.09325,100.0
bot->unsw,48,martingala,8,0.421,0.8565327154017747,7,224,False,0.09325,100.0
bot->unsw,48,stat_13x13_adaptive,8,0.421,0.5974504008340611,8,256,False,0.09325,100.0
bot->unsw,48,statico,9,0.474,0.7372665363275275,0,0,False,0.09555,100.0
bot->unsw,48,ogni_batch,9,0.474,0.832580580129074,9,288,False,0.09555,100.0
bot->unsw,48,su_innesco,9,0.474,0.7372665363275275,0,0,False,0.09555,100.0
bot->unsw,48,oracolo,9,0.474,0.836118916318894,9,288,False,0.09555,100.0
bot->unsw,48,stat_13x13,9,0.474,0.4995785924989465,9,288,False,0.09555,100.0
bot->unsw,48,martingala,9,0.474,0.8499956541185714,8,256,False,0.09555,100.0
bot->unsw,48,stat_13x13_adaptive,9,0.474,0.6035988143746233,9,288,False,0.09555,100.0
bot->unsw,48,statico,10,0.526,0.7155483100804453,0,0,False,0.1004,100.0
bot->unsw,48,ogni_batch,10,0.526,0.8826739628176026,10,320,False,0.1004,100.0
bot->unsw,48,su_innesco,10,0.526,0.7155483100804453,0,0,False,0.1004,100.0
bot->unsw,48,oracolo,10,0.526,0.8840304252206251,10,320,False,0.1004,100.0
bot->unsw,48,stat_13x13,10,0.526,0.4991971839683814,10,320,False,0.1004,100.0
bot->unsw,48,martingala,10,0.526,0.8626894951852369,9,288,False,0.1004,100.0
bot->unsw,48,stat_13x13_adaptive,10,0.526,0.6041171334398466,10,320,False,0.1004,100.0
bot->unsw,48,statico,11,0.579,0.7016814260195355,0,0,False,0.11005,100.0
bot->unsw,48,ogni_batch,11,0.579,0.8651377750750637,11,352,False,0.11005,100.0
bot->unsw,48,su_innesco,11,0.579,0.7016814260195355,0,0,False,0.11005,100.0
bot->unsw,48,oracolo,11,0.579,0.8691851316939683,11,352,False,0.11005,100.0
bot->unsw,48,stat_13x13,11,0.579,0.5031188476302687,11,352,False,0.11005,100.0
bot->unsw,48,martingala,11,0.579,0.8278583102124586,10,320,False,0.11005,100.0
bot->unsw,48,stat_13x13_adaptive,11,0.579,0.625462354148455,11,352,False,0.11005,100.0
bot->unsw,48,statico,12,0.632,0.6728817650253948,0,0,False,0.11375,100.0
bot->unsw,48,ogni_batch,12,0.632,0.7771503958024644,12,384,False,0.11375,100.0
bot->unsw,48,su_innesco,12,0.632,0.6728817650253948,0,0,False,0.11375,100.0
bot->unsw,48,oracolo,12,0.632,0.8595715137884528,12,384,False,0.11375,100.0
bot->unsw,48,stat_13x13,12,0.632,0.5210752076417478,12,384,False,0.11375,100.0
bot->unsw,48,martingala,12,0.632,0.7980740652826344,11,352,False,0.11375,100.0
bot->unsw,48,stat_13x13_adaptive,12,0.632,0.6021051730501439,12,384,False,0.11375,100.0
bot->unsw,48,statico,13,0.684,0.646913516421044,0,0,False,0.12195,100.0
bot->unsw,48,ogni_batch,13,0.684,0.767383415787835,13,416,False,0.12195,100.0
bot->unsw,48,su_innesco,13,0.684,0.646913516421044,0,0,False,0.12195,100.0
bot->unsw,48,oracolo,13,0.684,0.8257195118641678,13,416,False,0.12195,100.0
bot->unsw,48,stat_13x13,13,0.684,0.5860059202927356,13,416,False,0.12195,100.0
bot->unsw,48,martingala,13,0.684,0.817700735494884,12,384,False,0.12195,100.0
bot->unsw,48,stat_13x13_adaptive,13,0.684,0.6161929141016408,13,416,False,0.12195,100.0
bot->unsw,48,statico,14,0.737,0.6167531733272392,0,0,False,0.12975,100.0
bot->unsw,48,ogni_batch,14,0.737,0.733795000818071,14,448,False,0.12975,100.0
bot->unsw,48,su_innesco,14,0.737,0.6167531733272392,0,0,False,0.12975,100.0
bot->unsw,48,oracolo,14,0.737,0.8048977626217917,14,448,False,0.12975,100.0
bot->unsw,48,stat_13x13,14,0.737,0.5824106229237224,14,448,False,0.12975,100.0
bot->unsw,48,martingala,14,0.737,0.8120605939789562,13,416,False,0.12975,100.0
bot->unsw,48,stat_13x13_adaptive,14,0.737,0.6276535091356726,14,448,False,0.12975,100.0
bot->unsw,48,statico,15,0.789,0.5885494788047957,0,0,False,0.13745,100.0
bot->unsw,48,ogni_batch,15,0.789,0.8040876975441296,15,480,False,0.13745,100.0
bot->unsw,48,su_innesco,15,0.789,0.5885494788047957,0,0,False,0.13745,100.0
bot->unsw,48,oracolo,15,0.789,0.8003663130992369,15,480,False,0.13745,100.0
bot->unsw,48,stat_13x13,15,0.789,0.584244086604919,15,480,False,0.13745,100.0
bot->unsw,48,martingala,15,0.789,0.8062592625515919,14,448,False,0.13745,100.0
bot->unsw,48,stat_13x13_adaptive,15,0.789,0.699576346607178,15,480,False,0.13745,100.0
bot->unsw,48,statico,16,0.842,0.560205313242329,0,0,True,0.1446,100.0
bot->unsw,48,ogni_batch,16,0.842,0.7981819880848036,16,512,True,0.1446,100.0
bot->unsw,48,su_innesco,16,0.842,0.560205313242329,0,0,True,0.1446,100.0
bot->unsw,48,oracolo,16,0.842,0.7880687151446049,16,512,True,0.1446,100.0
bot->unsw,48,stat_13x13,16,0.842,0.5923393575601664,16,512,True,0.1446,100.0
bot->unsw,48,martingala,16,0.842,0.7924638126867654,15,480,True,0.1446,100.0
bot->unsw,48,stat_13x13_adaptive,16,0.842,0.6586472219600703,16,512,True,0.1446,100.0
bot->unsw,48,statico,17,0.895,0.528441525160937,0,0,True,0.1486,100.0
bot->unsw,48,ogni_batch,17,0.895,0.7772207380981242,17,544,True,0.1486,100.0
bot->unsw,48,su_innesco,17,0.895,0.7380807385455126,1,32,True,0.1486,100.0
bot->unsw,48,oracolo,17,0.895,0.7811934463015147,17,544,True,0.1486,100.0
bot->unsw,48,stat_13x13,17,0.895,0.5938231527738244,17,544,True,0.1486,100.0
bot->unsw,48,martingala,17,0.895,0.7819622171743783,16,512,True,0.1486,100.0
bot->unsw,48,stat_13x13_adaptive,17,0.895,0.7180254842371139,17,544,True,0.1486,100.0
bot->unsw,48,statico,18,0.947,0.4929289185920438,0,0,True,0.15345,100.0
bot->unsw,48,ogni_batch,18,0.947,0.7573876859890196,18,576,True,0.15345,100.0
bot->unsw,48,su_innesco,18,0.947,0.754337436853669,2,64,True,0.15345,100.0
bot->unsw,48,oracolo,18,0.947,0.7712366289200666,18,576,True,0.15345,100.0
bot->unsw,48,stat_13x13,18,0.947,0.7383239140723009,18,576,True,0.15345,100.0
bot->unsw,48,martingala,18,0.947,0.7753796570114719,17,544,True,0.15345,100.0
bot->unsw,48,stat_13x13_adaptive,18,0.947,0.7524197248312643,18,576,True,0.15345,100.0
bot->unsw,48,statico,19,1.0,0.4542849195170112,0,0,True,0.16075,100.0
bot->unsw,48,ogni_batch,19,1.0,0.7465723526180922,19,608,True,0.16075,100.0
bot->unsw,48,su_innesco,19,1.0,0.7490963784526212,3,96,True,0.16075,100.0
bot->unsw,48,oracolo,19,1.0,0.7613093979489667,19,608,True,0.16075,100.0
bot->unsw,48,stat_13x13,19,1.0,0.5955714742642073,19,608,True,0.16075,100.0
bot->unsw,48,martingala,19,1.0,0.7634146916864781,18,576,True,0.16075,100.0
bot->unsw,48,stat_13x13_adaptive,19,1.0,0.7119491071419191,19,608,True,0.16075,100.0
bot->unsw,49,statico,0,0.0,0.98675,0,0,False,0.04955,100.0
bot->unsw,49,ogni_batch,0,0.0,0.98675,0,0,False,0.04955,100.0
bot->unsw,49,su_innesco,0,0.0,0.98675,0,0,False,0.04955,100.0
bot->unsw,49,oracolo,0,0.0,0.98675,0,0,False,0.04955,100.0
bot->unsw,49,stat_13x13,0,0.0,0.98675,0,0,False,0.04955,100.0
bot->unsw,49,martingala,0,0.0,0.98675,0,0,False,0.04955,100.0
bot->unsw,49,stat_13x13_adaptive,0,0.0,0.98675,0,0,False,0.04955,100.0
bot->unsw,49,statico,1,0.053,0.9197880630712647,0,0,False,0.0734,100.0
bot->unsw,49,ogni_batch,1,0.053,0.9197880630712647,1,32,False,0.0734,100.0
bot->unsw,49,su_innesco,1,0.053,0.9197880630712647,0,0,False,0.0734,100.0
bot->unsw,49,oracolo,1,0.053,0.9197880630712647,1,32,False,0.0734,100.0
bot->unsw,49,stat_13x13,1,0.053,0.5401832681720522,1,32,False,0.0734,100.0
bot->unsw,49,martingala,1,0.053,0.9197880630712647,0,0,False,0.0734,100.0
bot->unsw,49,stat_13x13_adaptive,1,0.053,0.5401832681720522,1,32,False,0.0734,100.0
bot->unsw,49,statico,2,0.105,0.8996606102197455,0,0,False,0.09345,100.0
bot->unsw,49,ogni_batch,2,0.105,0.8996606102197455,2,64,False,0.09345,100.0
bot->unsw,49,su_innesco,2,0.105,0.8996606102197455,0,0,False,0.09345,100.0
bot->unsw,49,oracolo,2,0.105,0.9390764550814437,2,64,False,0.09345,100.0
bot->unsw,49,stat_13x13,2,0.105,0.5729029538788425,2,64,False,0.09345,100.0
bot->unsw,49,martingala,2,0.105,0.8996606102197455,1,32,False,0.09345,100.0
bot->unsw,49,stat_13x13_adaptive,2,0.105,0.5,2,64,False,0.09345,100.0
bot->unsw,49,statico,3,0.158,0.8821068995654028,0,0,False,0.1183,100.0
bot->unsw,49,ogni_batch,3,0.158,0.7439041404680483,3,96,False,0.1183,100.0
bot->unsw,49,su_innesco,3,0.158,0.8821068995654028,0,0,False,0.1183,100.0
bot->unsw,49,oracolo,3,0.158,0.9255260414038944,3,96,False,0.1183,100.0
bot->unsw,49,stat_13x13,3,0.158,0.5816246108387515,3,96,False,0.1183,100.0
bot->unsw,49,martingala,3,0.158,0.7420693142294735,2,64,False,0.1183,100.0
bot->unsw,49,stat_13x13_adaptive,3,0.158,0.5,3,96,False,0.1183,100.0
bot->unsw,49,statico,4,0.211,0.8663412232544416,0,0,False,0.1425,100.0
bot->unsw,49,ogni_batch,4,0.211,0.8774459947604188,4,128,False,0.1425,100.0
bot->unsw,49,su_innesco,4,0.211,0.8663412232544416,0,0,False,0.1425,100.0
bot->unsw,49,oracolo,4,0.211,0.9146737891292103,4,128,False,0.1425,100.0
bot->unsw,49,stat_13x13,4,0.211,0.5879110746506201,4,128,False,0.1425,100.0
bot->unsw,49,martingala,4,0.211,0.8765367798928836,3,96,False,0.1425,100.0
bot->unsw,49,stat_13x13_adaptive,4,0.211,0.525252087785338,4,128,False,0.1425,100.0
bot->unsw,49,statico,5,0.263,0.8516139897380007,0,0,True,0.16105,100.0
bot->unsw,49,ogni_batch,5,0.263,0.8732705659670703,5,160,True,0.16105,100.0
bot->unsw,49,su_innesco,5,0.263,0.8516139897380007,0,0,True,0.16105,100.0
bot->unsw,49,oracolo,5,0.263,0.8954329205295923,5,160,True,0.16105,100.0
bot->unsw,49,stat_13x13,5,0.263,0.6482760817240245,5,160,True,0.16105,100.0
bot->unsw,49,martingala,5,0.263,0.8711670098643651,4,128,True,0.16105,100.0
bot->unsw,49,stat_13x13_adaptive,5,0.263,0.6123969563073242,5,160,True,0.16105,100.0
bot->unsw,49,statico,6,0.316,0.821495452737786,0,0,True,0.18905,100.0
bot->unsw,49,ogni_batch,6,0.316,0.8694248972019385,6,192,True,0.18905,100.0
bot->unsw,49,su_innesco,6,0.316,0.8698945911447102,1,32,True,0.18905,100.0
bot->unsw,49,oracolo,6,0.316,0.8915188720872845,6,192,True,0.18905,100.0
bot->unsw,49,stat_13x13,6,0.316,0.7107181332233004,6,192,True,0.18905,100.0
bot->unsw,49,martingala,6,0.316,0.8699227839837291,5,160,True,0.18905,100.0
bot->unsw,49,stat_13x13_adaptive,6,0.316,0.7074212514259789,6,192,True,0.18905,100.0
bot->unsw,49,statico,7,0.368,0.8066817918265733,0,0,True,0.21155,100.0
bot->unsw,49,ogni_batch,7,0.368,0.8522911503565442,7,224,True,0.21155,100.0
bot->unsw,49,su_innesco,7,0.368,0.8357945581792671,2,64,True,0.21155,100.0
bot->unsw,49,oracolo,7,0.368,0.8984683620637487,7,224,True,0.21155,100.0
bot->unsw,49,stat_13x13,7,0.368,0.6980197967550041,7,224,True,0.21155,100.0
bot->unsw,49,martingala,7,0.368,0.8525583650331916,6,192,True,0.21155,100.0
bot->unsw,49,stat_13x13_adaptive,7,0.368,0.6964323410327751,7,224,True,0.21155,100.0
bot->unsw,49,statico,8,0.421,0.7899653640755955,0,0,True,0.23115,100.0
bot->unsw,49,ogni_batch,8,0.421,0.833202460686284,8,256,True,0.23115,100.0
bot->unsw,49,su_innesco,8,0.421,0.8010482846913785,3,96,True,0.23115,100.0
bot->unsw,49,oracolo,8,0.421,0.849464131809994,8,256,True,0.23115,100.0
bot->unsw,49,stat_13x13,8,0.421,0.7482210880826895,8,256,True,0.23115,100.0
bot->unsw,49,martingala,8,0.421,0.8100070613710039,7,224,True,0.23115,100.0
bot->unsw,49,stat_13x13_adaptive,8,0.421,0.7255749022228649,8,256,True,0.23115,100.0
bot->unsw,49,statico,9,0.474,0.757070379810023,0,0,True,0.25825,100.0
bot->unsw,49,ogni_batch,9,0.474,0.8157950405606892,9,288,True,0.25825,100.0
bot->unsw,49,su_innesco,9,0.474,0.8137417197592582,4,128,True,0.25825,100.0
bot->unsw,49,oracolo,9,0.474,0.8803376544834058,9,288,True,0.25825,100.0
bot->unsw,49,stat_13x13,9,0.474,0.7467663371806099,9,288,True,0.25825,100.0
bot->unsw,49,martingala,9,0.474,0.7951325427587901,8,256,True,0.25825,100.0
bot->unsw,49,stat_13x13_adaptive,9,0.474,0.7310221311128478,9,288,True,0.25825,100.0
bot->unsw,49,statico,10,0.526,0.7371440824677524,0,0,True,0.2854,100.0
bot->unsw,49,ogni_batch,10,0.526,0.8030548439109289,10,320,True,0.2854,100.0
bot->unsw,49,su_innesco,10,0.526,0.8217265175877918,5,160,True,0.2854,100.0
bot->unsw,49,oracolo,10,0.526,0.8777484207218885,10,320,True,0.2854,100.0
bot->unsw,49,stat_13x13,10,0.526,0.7234474451952413,10,320,True,0.2854,100.0
bot->unsw,49,martingala,10,0.526,0.7929391560802463,9,288,True,0.2854,100.0
bot->unsw,49,stat_13x13_adaptive,10,0.526,0.7319234307042315,10,320,True,0.2854,100.0
bot->unsw,49,statico,11,0.579,0.7105154284658186,0,0,True,0.29985,100.0
bot->unsw,49,ogni_batch,11,0.579,0.7710531259136721,11,352,True,0.29985,100.0
bot->unsw,49,su_innesco,11,0.579,0.8174431269892488,6,192,True,0.29985,100.0
bot->unsw,49,oracolo,11,0.579,0.8668588313177632,11,352,True,0.29985,100.0
bot->unsw,49,stat_13x13,11,0.579,0.7255493394292778,11,352,True,0.29985,100.0
bot->unsw,49,martingala,11,0.579,0.7693668186108094,10,320,True,0.29985,100.0
bot->unsw,49,stat_13x13_adaptive,11,0.579,0.6673795770711289,11,352,True,0.29985,100.0
bot->unsw,49,statico,12,0.632,0.6863273202419986,0,0,True,0.32835,100.0
bot->unsw,49,ogni_batch,12,0.632,0.7305248563676987,12,384,True,0.32835,100.0
bot->unsw,49,su_innesco,12,0.632,0.8165716221019644,7,224,True,0.32835,100.0
bot->unsw,49,oracolo,12,0.632,0.8585181027478745,12,384,True,0.32835,100.0
bot->unsw,49,stat_13x13,12,0.632,0.7645722405188173,12,384,True,0.32835,100.0
bot->unsw,49,martingala,12,0.632,0.7742719547050461,11,352,True,0.32835,100.0
bot->unsw,49,stat_13x13_adaptive,12,0.632,0.6668687251545136,12,384,True,0.32835,100.0
bot->unsw,49,statico,13,0.684,0.6632902223504336,0,0,True,0.35225,100.0
bot->unsw,49,ogni_batch,13,0.684,0.7011587943234514,13,416,True,0.35225,100.0
bot->unsw,49,su_innesco,13,0.684,0.799689265002046,8,256,True,0.35225,100.0
bot->unsw,49,oracolo,13,0.684,0.8469624532834745,13,416,True,0.35225,100.0
bot->unsw,49,stat_13x13,13,0.684,0.7462957211772908,13,416,True,0.35225,100.0
bot->unsw,49,martingala,13,0.684,0.7455181567248688,12,384,True,0.35225,100.0
bot->unsw,49,stat_13x13_adaptive,13,0.684,0.6746553764425555,13,416,True,0.35225,100.0
bot->unsw,49,statico,14,0.737,0.6308289126871398,0,0,True,0.37285,100.0
bot->unsw,49,ogni_batch,14,0.737,0.7914456849982701,14,448,True,0.37285,100.0
bot->unsw,49,su_innesco,14,0.737,0.8080832194242127,9,288,True,0.37285,100.0
bot->unsw,49,oracolo,14,0.737,0.8375096015868142,14,448,True,0.37285,100.0
bot->unsw,49,stat_13x13,14,0.737,0.7419813583368917,14,448,True,0.37285,100.0
bot->unsw,49,martingala,14,0.737,0.8358300835135488,13,416,True,0.37285,100.0
bot->unsw,49,stat_13x13_adaptive,14,0.737,0.7224489657429967,14,448,True,0.37285,100.0
bot->unsw,49,statico,15,0.789,0.6028026808887417,0,0,True,0.3973,100.0
bot->unsw,49,ogni_batch,15,0.789,0.8101142897508254,15,480,True,0.3973,100.0
bot->unsw,49,su_innesco,15,0.789,0.813068480070542,10,320,True,0.3973,100.0
bot->unsw,49,oracolo,15,0.789,0.8167774772218237,15,480,True,0.3973,100.0
bot->unsw,49,stat_13x13,15,0.789,0.740841413227358,15,480,True,0.3973,100.0
bot->unsw,49,martingala,15,0.789,0.8191971827040536,14,448,True,0.3973,100.0
bot->unsw,49,stat_13x13_adaptive,15,0.789,0.7184991310130306,15,480,True,0.3973,100.0
bot->unsw,49,statico,16,0.842,0.568579686209744,0,0,True,0.417,100.0
bot->unsw,49,ogni_batch,16,0.842,0.8198380376848584,16,512,True,0.417,100.0
bot->unsw,49,su_innesco,16,0.842,0.795875872682231,11,352,True,0.417,100.0
bot->unsw,49,oracolo,16,0.842,0.8185660798738834,16,512,True,0.417,100.0
bot->unsw,49,stat_13x13,16,0.842,0.7842584077771939,16,512,True,0.417,100.0
bot->unsw,49,martingala,16,0.842,0.822178327452894,15,480,True,0.417,100.0
bot->unsw,49,stat_13x13_adaptive,16,0.842,0.638476371894002,16,512,True,0.417,100.0
bot->unsw,49,statico,17,0.895,0.5355965422708994,0,0,True,0.43495,100.0
bot->unsw,49,ogni_batch,17,0.895,0.8077188201375154,17,544,True,0.43495,100.0
bot->unsw,49,su_innesco,17,0.895,0.7792819633854137,12,384,True,0.43495,100.0
bot->unsw,49,oracolo,17,0.895,0.788013943389948,17,544,True,0.43495,100.0
bot->unsw,49,stat_13x13,17,0.895,0.7033979050951342,17,544,True,0.43495,100.0
bot->unsw,49,martingala,17,0.895,0.8061869107646751,16,512,True,0.43495,100.0
bot->unsw,49,stat_13x13_adaptive,17,0.895,0.7054411043691702,17,544,True,0.43495,100.0
bot->unsw,49,statico,18,0.947,0.4972140109603213,0,0,True,0.4645,100.0
bot->unsw,49,ogni_batch,18,0.947,0.7857615649010072,18,576,True,0.4645,100.0
bot->unsw,49,su_innesco,18,0.947,0.7941590007264311,13,416,True,0.4645,100.0
bot->unsw,49,oracolo,18,0.947,0.7725390533033972,18,576,True,0.4645,100.0
bot->unsw,49,stat_13x13,18,0.947,0.7136879587055336,18,576,True,0.4645,100.0
bot->unsw,49,martingala,18,0.947,0.7991194947035687,17,544,True,0.4645,100.0
bot->unsw,49,stat_13x13_adaptive,18,0.947,0.70268150624774,18,576,True,0.4645,100.0
bot->unsw,49,statico,19,1.0,0.45791954998114753,0,0,True,0.4901,100.0
bot->unsw,49,ogni_batch,19,1.0,0.7699250199614079,19,608,True,0.4901,100.0
bot->unsw,49,su_innesco,19,1.0,0.7650382870894049,14,448,True,0.4901,100.0
bot->unsw,49,oracolo,19,1.0,0.7526733038348083,19,608,True,0.4901,100.0
bot->unsw,49,stat_13x13,19,1.0,0.7475588861534367,19,608,True,0.4901,100.0
bot->unsw,49,martingala,19,1.0,0.7897800363741212,18,576,True,0.4901,100.0
bot->unsw,49,stat_13x13_adaptive,19,1.0,0.6956711815490053,19,608,True,0.4901,100.0
bot->unsw,50,statico,0,0.0,0.98915,0,0,False,0.05155,100.0
bot->unsw,50,ogni_batch,0,0.0,0.98915,0,0,False,0.05155,100.0
bot->unsw,50,su_innesco,0,0.0,0.98915,0,0,False,0.05155,100.0
bot->unsw,50,oracolo,0,0.0,0.98915,0,0,False,0.05155,100.0
bot->unsw,50,stat_13x13,0,0.0,0.98915,0,0,False,0.05155,100.0
bot->unsw,50,martingala,0,0.0,0.98915,0,0,False,0.05155,100.0
bot->unsw,50,stat_13x13_adaptive,0,0.0,0.98915,0,0,False,0.05155,100.0
bot->unsw,50,statico,1,0.053,0.8993654981556429,0,0,False,0.07425,100.0
bot->unsw,50,ogni_batch,1,0.053,0.8993654981556429,1,32,False,0.07425,100.0
bot->unsw,50,su_innesco,1,0.053,0.8993654981556429,0,0,False,0.07425,100.0
bot->unsw,50,oracolo,1,0.053,0.8993654981556429,1,32,False,0.07425,100.0
bot->unsw,50,stat_13x13,1,0.053,0.5048028563337265,1,32,False,0.07425,100.0
bot->unsw,50,martingala,1,0.053,0.8993654981556429,0,0,False,0.07425,100.0
bot->unsw,50,stat_13x13_adaptive,1,0.053,0.5076538129259138,1,32,False,0.07425,100.0
bot->unsw,50,statico,2,0.105,0.8782760915126391,0,0,False,0.0995,100.0
bot->unsw,50,ogni_batch,2,0.105,0.5522371911669572,2,64,False,0.0995,100.0
bot->unsw,50,su_innesco,2,0.105,0.8782760915126391,0,0,False,0.0995,100.0
bot->unsw,50,oracolo,2,0.105,0.9319705830237106,2,64,False,0.0995,100.0
bot->unsw,50,stat_13x13,2,0.105,0.7403121438802763,2,64,False,0.0995,100.0
bot->unsw,50,martingala,2,0.105,0.544231206885982,1,32,False,0.0995,100.0
bot->unsw,50,stat_13x13_adaptive,2,0.105,0.5,2,64,False,0.0995,100.0
bot->unsw,50,statico,3,0.158,0.8636239000465767,0,0,False,0.1217,100.0
bot->unsw,50,ogni_batch,3,0.158,0.8575201185886783,3,96,False,0.1217,100.0
bot->unsw,50,su_innesco,3,0.158,0.8636239000465767,0,0,False,0.1217,100.0
bot->unsw,50,oracolo,3,0.158,0.9220684554581984,3,96,False,0.1217,100.0
bot->unsw,50,stat_13x13,3,0.158,0.5517864534194025,3,96,False,0.1217,100.0
bot->unsw,50,martingala,3,0.158,0.8568069586410044,2,64,False,0.1217,100.0
bot->unsw,50,stat_13x13_adaptive,3,0.158,0.5021932350203469,3,96,False,0.1217,100.0
bot->unsw,50,statico,4,0.211,0.850976655769746,0,0,False,0.14595,100.0
bot->unsw,50,ogni_batch,4,0.211,0.8569800758681365,4,128,False,0.14595,100.0
bot->unsw,50,su_innesco,4,0.211,0.850976655769746,0,0,False,0.14595,100.0
bot->unsw,50,oracolo,4,0.211,0.9148856773518107,4,128,False,0.14595,100.0
bot->unsw,50,stat_13x13,4,0.211,0.7409547208400116,4,128,False,0.14595,100.0
bot->unsw,50,martingala,4,0.211,0.8576828545469126,3,96,False,0.14595,100.0
bot->unsw,50,stat_13x13_adaptive,4,0.211,0.6276384793605643,4,128,False,0.14595,100.0
bot->unsw,50,statico,5,0.263,0.8254257453774263,0,0,True,0.16705,100.0
bot->unsw,50,ogni_batch,5,0.263,0.864730616391291,5,160,True,0.16705,100.0
bot->unsw,50,su_innesco,5,0.263,0.8254257453774263,0,0,True,0.16705,100.0
bot->unsw,50,oracolo,5,0.263,0.9136271046163251,5,160,True,0.16705,100.0
bot->unsw,50,stat_13x13,5,0.263,0.6973413092345482,5,160,True,0.16705,100.0
bot->unsw,50,martingala,5,0.263,0.863940876127691,4,128,True,0.16705,100.0
bot->unsw,50,stat_13x13_adaptive,5,0.263,0.650624171124833,5,160,True,0.16705,100.0
bot->unsw,50,statico,6,0.316,0.808679122464096,0,0,True,0.1931,100.0
bot->unsw,50,ogni_batch,6,0.316,0.8744974295186156,6,192,True,0.1931,100.0
bot->unsw,50,su_innesco,6,0.316,0.7395154341851126,1,32,True,0.1931,100.0
bot->unsw,50,oracolo,6,0.316,0.9021278908374353,6,192,True,0.1931,100.0
bot->unsw,50,stat_13x13,6,0.316,0.7354303258792732,6,192,True,0.1931,100.0
bot->unsw,50,martingala,6,0.316,0.8997541570720144,5,160,True,0.1931,100.0
bot->unsw,50,stat_13x13_adaptive,6,0.316,0.6437549728846119,6,192,True,0.1931,100.0
bot->unsw,50,statico,7,0.368,0.7832102994741543,0,0,True,0.21565,100.0
bot->unsw,50,ogni_batch,7,0.368,0.8494600578076565,7,224,True,0.21565,100.0
bot->unsw,50,su_innesco,7,0.368,0.804893149926633,2,64,True,0.21565,100.0
bot->unsw,50,oracolo,7,0.368,0.8825757081472259,7,224,True,0.21565,100.0
bot->unsw,50,stat_13x13,7,0.368,0.7916579815533343,7,224,True,0.21565,100.0
bot->unsw,50,martingala,7,0.368,0.8537817673401507,6,192,True,0.21565,100.0
bot->unsw,50,stat_13x13_adaptive,7,0.368,0.6348538548682364,7,224,True,0.21565,100.0
bot->unsw,50,statico,8,0.421,0.7649768531297565,0,0,True,0.2364,100.0
bot->unsw,50,ogni_batch,8,0.421,0.8351242912010347,8,256,True,0.2364,100.0
bot->unsw,50,su_innesco,8,0.421,0.8031776670163013,3,96,True,0.2364,100.0
bot->unsw,50,oracolo,8,0.421,0.8585394995228669,8,256,True,0.2364,100.0
bot->unsw,50,stat_13x13,8,0.421,0.7867063226050679,8,256,True,0.2364,100.0
bot->unsw,50,martingala,8,0.421,0.8452789454175507,7,224,True,0.2364,100.0
bot->unsw,50,stat_13x13_adaptive,8,0.421,0.6109663719745424,8,256,True,0.2364,100.0
bot->unsw,50,statico,9,0.474,0.743330582185258,0,0,True,0.26185,100.0
bot->unsw,50,ogni_batch,9,0.474,0.8230158226285456,9,288,True,0.26185,100.0
bot->unsw,50,su_innesco,9,0.474,0.7592135243617689,4,128,True,0.26185,100.0
bot->unsw,50,oracolo,9,0.474,0.8913539881065753,9,288,True,0.26185,100.0
bot->unsw,50,stat_13x13,9,0.474,0.7416060003244944,9,288,True,0.26185,100.0
bot->unsw,50,martingala,9,0.474,0.8084902898581395,8,256,True,0.26185,100.0
bot->unsw,50,stat_13x13_adaptive,9,0.474,0.6463409730599116,9,288,True,0.26185,100.0
bot->unsw,50,statico,10,0.526,0.7150587661406578,0,0,True,0.28255,100.0
bot->unsw,50,ogni_batch,10,0.526,0.7949853602396079,10,320,True,0.28255,100.0
bot->unsw,50,su_innesco,10,0.526,0.8290911299451922,5,160,True,0.28255,100.0
bot->unsw,50,oracolo,10,0.526,0.8346978300305882,10,320,True,0.28255,100.0
bot->unsw,50,stat_13x13,10,0.526,0.8110408415228013,10,320,True,0.28255,100.0
bot->unsw,50,martingala,10,0.526,0.7974399453016965,9,288,True,0.28255,100.0
bot->unsw,50,stat_13x13_adaptive,10,0.526,0.6395115388124656,10,320,True,0.28255,100.0
bot->unsw,50,statico,11,0.579,0.697389478982543,0,0,True,0.31085,100.0
bot->unsw,50,ogni_batch,11,0.579,0.85490472308193,11,352,True,0.31085,100.0
bot->unsw,50,su_innesco,11,0.579,0.8500502985644692,6,192,True,0.31085,100.0
bot->unsw,50,oracolo,11,0.579,0.8657089898348538,11,352,True,0.31085,100.0
bot->unsw,50,stat_13x13,11,0.579,0.8053202684244081,11,352,True,0.31085,100.0
bot->unsw,50,martingala,11,0.579,0.8572947928456005,10,320,True,0.31085,100.0
bot->unsw,50,stat_13x13_adaptive,11,0.579,0.6346647903641833,11,352,True,0.31085,100.0
bot->unsw,50,statico,12,0.632,0.6697605537478413,0,0,True,0.33645,100.0
bot->unsw,50,ogni_batch,12,0.632,0.847649870183617,12,384,True,0.33645,100.0
bot->unsw,50,su_innesco,12,0.632,0.8395945722349488,7,224,True,0.33645,100.0
bot->unsw,50,oracolo,12,0.632,0.8563582836267531,12,384,True,0.33645,100.0
bot->unsw,50,stat_13x13,12,0.632,0.796820478804499,12,384,True,0.33645,100.0
bot->unsw,50,martingala,12,0.632,0.8498414577615687,11,352,True,0.33645,100.0
bot->unsw,50,stat_13x13_adaptive,12,0.632,0.6918715080978198,12,384,True,0.33645,100.0
bot->unsw,50,statico,13,0.684,0.6411501988702372,0,0,True,0.34925,100.0
bot->unsw,50,ogni_batch,13,0.684,0.8337147094272401,13,416,True,0.34925,100.0
bot->unsw,50,su_innesco,13,0.684,0.8290334618685633,8,256,True,0.34925,100.0
bot->unsw,50,oracolo,13,0.684,0.8466817629674097,13,416,True,0.34925,100.0
bot->unsw,50,stat_13x13,13,0.684,0.7980079722818718,13,416,True,0.34925,100.0
bot->unsw,50,martingala,13,0.684,0.8362130940639315,12,384,True,0.34925,100.0
bot->unsw,50,stat_13x13_adaptive,13,0.684,0.6319973590596096,13,416,True,0.34925,100.0
bot->unsw,50,statico,14,0.737,0.6168684747176297,0,0,True,0.3786,100.0
bot->unsw,50,ogni_batch,14,0.737,0.8152985928528929,14,448,True,0.3786,100.0
bot->unsw,50,su_innesco,14,0.737,0.8163899328210579,9,288,True,0.3786,100.0
bot->unsw,50,oracolo,14,0.737,0.8333128219732606,14,448,True,0.3786,100.0
bot->unsw,50,stat_13x13,14,0.737,0.8135732230127289,14,448,True,0.3786,100.0
bot->unsw,50,martingala,14,0.737,0.8260628613855847,13,416,True,0.3786,100.0
bot->unsw,50,stat_13x13_adaptive,14,0.737,0.6884956697298095,14,448,True,0.3786,100.0
bot->unsw,50,statico,15,0.789,0.5878164778032355,0,0,True,0.39635,100.0
bot->unsw,50,ogni_batch,15,0.789,0.806697105089756,15,480,True,0.39635,100.0
bot->unsw,50,su_innesco,15,0.789,0.8089564537117461,10,320,True,0.39635,100.0
bot->unsw,50,oracolo,15,0.789,0.8305821058656075,15,480,True,0.39635,100.0
bot->unsw,50,stat_13x13,15,0.789,0.7719428327915818,15,480,True,0.39635,100.0
bot->unsw,50,martingala,15,0.789,0.8178676417238706,14,448,True,0.39635,100.0
bot->unsw,50,stat_13x13_adaptive,15,0.789,0.6345666464713626,15,480,True,0.39635,100.0
bot->unsw,50,statico,16,0.842,0.5518830343715182,0,0,True,0.42105,100.0
bot->unsw,50,ogni_batch,16,0.842,0.8059216144013253,16,512,True,0.42105,100.0
bot->unsw,50,su_innesco,16,0.842,0.8059216144013253,11,352,True,0.42105,100.0
bot->unsw,50,oracolo,16,0.842,0.8009441315186228,16,512,True,0.42105,100.0
bot->unsw,50,stat_13x13,16,0.842,0.7972374212972959,16,512,True,0.42105,100.0
bot->unsw,50,martingala,16,0.842,0.8059216144013253,15,480,True,0.42105,100.0
bot->unsw,50,stat_13x13_adaptive,16,0.842,0.6777508894374181,16,512,True,0.42105,100.0
bot->unsw,50,statico,17,0.895,0.5221823462835135,0,0,True,0.44005,100.0
bot->unsw,50,ogni_batch,17,0.895,0.7881724884759054,17,544,True,0.44005,100.0
bot->unsw,50,su_innesco,17,0.895,0.7881724884759054,12,384,True,0.44005,100.0
bot->unsw,50,oracolo,17,0.895,0.7751160406534114,17,544,True,0.44005,100.0
bot->unsw,50,stat_13x13,17,0.895,0.7748056057508268,17,544,True,0.44005,100.0
bot->unsw,50,martingala,17,0.895,0.7881724884759054,16,512,True,0.44005,100.0
bot->unsw,50,stat_13x13_adaptive,17,0.895,0.7365074061624453,17,544,True,0.44005,100.0
bot->unsw,50,statico,18,0.947,0.48978616428949523,0,0,True,0.4714,100.0
bot->unsw,50,ogni_batch,18,0.947,0.7871543315829915,18,576,True,0.4714,100.0
bot->unsw,50,su_innesco,18,0.947,0.7871543315829915,13,416,True,0.4714,100.0
bot->unsw,50,oracolo,18,0.947,0.7582936067655857,18,576,True,0.4714,100.0
bot->unsw,50,stat_13x13,18,0.947,0.762034915491729,18,576,True,0.4714,100.0
bot->unsw,50,martingala,18,0.947,0.7871543315829915,17,544,True,0.4714,100.0
bot->unsw,50,stat_13x13_adaptive,18,0.947,0.7579855218136189,18,576,True,0.4714,100.0
bot->unsw,50,statico,19,1.0,0.4497202717764388,0,0,True,0.49455,100.0
bot->unsw,50,ogni_batch,19,1.0,0.7692585490419166,19,608,True,0.49455,100.0
bot->unsw,50,su_innesco,19,1.0,0.7692585490419166,14,448,True,0.49455,100.0
bot->unsw,50,oracolo,19,1.0,0.7629183630399978,19,608,True,0.49455,100.0
bot->unsw,50,stat_13x13,19,1.0,0.7437431511366022,19,608,True,0.49455,100.0
bot->unsw,50,martingala,19,1.0,0.7692585490419166,18,576,True,0.49455,100.0
bot->unsw,50,stat_13x13_adaptive,19,1.0,0.743846978791006,19,608,True,0.49455,100.0
bot->unsw,51,statico,0,0.0,0.9876,0,0,False,0.0468,100.0
bot->unsw,51,ogni_batch,0,0.0,0.9876,0,0,False,0.0468,100.0
bot->unsw,51,su_innesco,0,0.0,0.9876,0,0,False,0.0468,100.0
bot->unsw,51,oracolo,0,0.0,0.9876,0,0,False,0.0468,100.0
bot->unsw,51,stat_13x13,0,0.0,0.9876,0,0,False,0.0468,100.0
bot->unsw,51,martingala,0,0.0,0.9876,0,0,False,0.0468,100.0
bot->unsw,51,stat_13x13_adaptive,0,0.0,0.9876,0,0,False,0.0468,100.0
bot->unsw,51,statico,1,0.053,0.9146494288457903,0,0,False,0.0672,100.0
bot->unsw,51,ogni_batch,1,0.053,0.9146494288457903,1,32,False,0.0672,100.0
bot->unsw,51,su_innesco,1,0.053,0.9146494288457903,0,0,False,0.0672,100.0
bot->unsw,51,oracolo,1,0.053,0.9146494288457903,1,32,False,0.0672,100.0
bot->unsw,51,stat_13x13,1,0.053,0.5,1,32,False,0.0672,100.0
bot->unsw,51,martingala,1,0.053,0.9146494288457903,0,0,False,0.0672,100.0
bot->unsw,51,stat_13x13_adaptive,1,0.053,0.49997452748484383,1,32,False,0.0672,100.0
bot->unsw,51,statico,2,0.105,0.8786870368405229,0,0,False,0.0877,100.0
bot->unsw,51,ogni_batch,2,0.105,0.9051567667710156,2,64,False,0.0877,100.0
bot->unsw,51,su_innesco,2,0.105,0.8786870368405229,0,0,False,0.0877,100.0
bot->unsw,51,oracolo,2,0.105,0.8842477140482128,2,64,False,0.0877,100.0
bot->unsw,51,stat_13x13,2,0.105,0.5212036398365788,2,64,False,0.0877,100.0
bot->unsw,51,martingala,2,0.105,0.8724603606232646,1,32,False,0.0877,100.0
bot->unsw,51,stat_13x13_adaptive,2,0.105,0.5132613943863745,2,64,False,0.0877,100.0
bot->unsw,51,statico,3,0.158,0.8702831386111409,0,0,False,0.111,100.0
bot->unsw,51,ogni_batch,3,0.158,0.8867266363234538,3,96,False,0.111,100.0
bot->unsw,51,su_innesco,3,0.158,0.8702831386111409,0,0,False,0.111,100.0
bot->unsw,51,oracolo,3,0.158,0.930786265515058,3,96,False,0.111,100.0
bot->unsw,51,stat_13x13,3,0.158,0.585048352029053,3,96,False,0.111,100.0
bot->unsw,51,martingala,3,0.158,0.8454810713304424,2,64,False,0.111,100.0
bot->unsw,51,stat_13x13_adaptive,3,0.158,0.5823279904191903,3,96,False,0.111,100.0
bot->unsw,51,statico,4,0.211,0.8553384059096254,0,0,False,0.1319,100.0
bot->unsw,51,ogni_batch,4,0.211,0.8845502340335855,4,128,False,0.1319,100.0
bot->unsw,51,su_innesco,4,0.211,0.8553384059096254,0,0,False,0.1319,100.0
bot->unsw,51,oracolo,4,0.211,0.914904057321591,4,128,False,0.1319,100.0
bot->unsw,51,stat_13x13,4,0.211,0.5923214800683245,4,128,False,0.1319,100.0
bot->unsw,51,martingala,4,0.211,0.8817103307526786,3,96,False,0.1319,100.0
bot->unsw,51,stat_13x13_adaptive,4,0.211,0.5744022715676923,4,128,False,0.1319,100.0
bot->unsw,51,statico,5,0.263,0.8305627833832498,0,0,True,0.15005,100.0
bot->unsw,51,ogni_batch,5,0.263,0.8766042633227948,5,160,True,0.15005,100.0
bot->unsw,51,su_innesco,5,0.263,0.8305627833832498,0,0,True,0.15005,100.0
bot->unsw,51,oracolo,5,0.263,0.8954497077268188,5,160,True,0.15005,100.0
bot->unsw,51,stat_13x13,5,0.263,0.6071299563814936,5,160,True,0.15005,100.0
bot->unsw,51,martingala,5,0.263,0.8814843818409758,4,128,True,0.15005,100.0
bot->unsw,51,stat_13x13_adaptive,5,0.263,0.5953842123360569,5,160,True,0.15005,100.0
bot->unsw,51,statico,6,0.316,0.8130905637385322,0,0,True,0.17315,100.0
bot->unsw,51,ogni_batch,6,0.316,0.8142708043547667,6,192,True,0.17315,100.0
bot->unsw,51,su_innesco,6,0.316,0.5492601091243354,1,32,True,0.17315,100.0
bot->unsw,51,oracolo,6,0.316,0.8785497304876614,6,192,True,0.17315,100.0
bot->unsw,51,stat_13x13,6,0.316,0.5821928303058705,6,192,True,0.17315,100.0
bot->unsw,51,martingala,6,0.316,0.8537054912555522,5,160,True,0.17315,100.0
bot->unsw,51,stat_13x13_adaptive,6,0.316,0.6881719526683931,6,192,True,0.17315,100.0
bot->unsw,51,statico,7,0.368,0.7907267720144531,0,0,True,0.19375,100.0
bot->unsw,51,ogni_batch,7,0.368,0.7934955200764539,7,224,True,0.19375,100.0
bot->unsw,51,su_innesco,7,0.368,0.5977295443341156,2,64,True,0.19375,100.0
bot->unsw,51,oracolo,7,0.368,0.883175109623786,7,224,True,0.19375,100.0
bot->unsw,51,stat_13x13,7,0.368,0.6686493559484196,7,224,True,0.19375,100.0
bot->unsw,51,martingala,7,0.368,0.8140185322777991,6,192,True,0.19375,100.0
bot->unsw,51,stat_13x13_adaptive,7,0.368,0.713964579462972,7,224,True,0.19375,100.0
bot->unsw,51,statico,8,0.421,0.7671563887312616,0,0,True,0.2184,100.0
bot->unsw,51,ogni_batch,8,0.421,0.7734432122451318,8,256,True,0.2184,100.0
bot->unsw,51,su_innesco,8,0.421,0.7485248730775211,3,96,True,0.2184,100.0
bot->unsw,51,oracolo,8,0.421,0.8641704318858634,8,256,True,0.2184,100.0
bot->unsw,51,stat_13x13,8,0.421,0.6556681888644229,8,256,True,0.2184,100.0
bot->unsw,51,martingala,8,0.421,0.8267433079313211,7,224,True,0.2184,100.0
bot->unsw,51,stat_13x13_adaptive,8,0.421,0.7088890574906529,8,256,True,0.2184,100.0
bot->unsw,51,statico,9,0.474,0.7481792775696676,0,0,True,0.2339,100.0
bot->unsw,51,ogni_batch,9,0.474,0.7908490202174003,9,288,True,0.2339,100.0
bot->unsw,51,su_innesco,9,0.474,0.807816252741845,4,128,True,0.2339,100.0
bot->unsw,51,oracolo,9,0.474,0.9015583481170282,9,288,True,0.2339,100.0
bot->unsw,51,stat_13x13,9,0.474,0.6790068303057217,9,288,True,0.2339,100.0
bot->unsw,51,martingala,9,0.474,0.8006488516244477,8,256,True,0.2339,100.0
bot->unsw,51,stat_13x13_adaptive,9,0.474,0.7350595680724439,9,288,True,0.2339,100.0
bot->unsw,51,statico,10,0.526,0.7307681419326688,0,0,True,0.2574,100.0
bot->unsw,51,ogni_batch,10,0.526,0.7777673285314297,10,320,True,0.2574,100.0
bot->unsw,51,su_innesco,10,0.526,0.8051414862457762,5,160,True,0.2574,100.0
bot->unsw,51,oracolo,10,0.526,0.8840722568073457,10,320,True,0.2574,100.0
bot->unsw,51,stat_13x13,10,0.526,0.7731592108919144,10,320,True,0.2574,100.0
bot->unsw,51,martingala,10,0.526,0.7946155418917769,9,288,True,0.2574,100.0
bot->unsw,51,stat_13x13_adaptive,10,0.526,0.680099455138119,10,320,True,0.2574,100.0
bot->unsw,51,statico,11,0.579,0.7027712306817713,0,0,True,0.2723,100.0
bot->unsw,51,ogni_batch,11,0.579,0.7565379765248499,11,352,True,0.2723,100.0
bot->unsw,51,su_innesco,11,0.579,0.7790954003311052,6,192,True,0.2723,100.0
bot->unsw,51,oracolo,11,0.579,0.871236788288697,11,352,True,0.2723,100.0
bot->unsw,51,stat_13x13,11,0.579,0.7147161931386252,11,352,True,0.2723,100.0
bot->unsw,51,martingala,11,0.579,0.7736287519292513,10,320,True,0.2723,100.0
bot->unsw,51,stat_13x13_adaptive,11,0.579,0.7378867167720413,11,352,True,0.2723,100.0
bot->unsw,51,statico,12,0.632,0.6774719591580222,0,0,True,0.2955,100.0
bot->unsw,51,ogni_batch,12,0.632,0.7574546715604862,12,384,True,0.2955,100.0
bot->unsw,51,su_innesco,12,0.632,0.7932315602479116,7,224,True,0.2955,100.0
bot->unsw,51,oracolo,12,0.632,0.8599930372580282,12,384,True,0.2955,100.0
bot->unsw,51,stat_13x13,12,0.632,0.7377422906144044,12,384,True,0.2955,100.0
bot->unsw,51,martingala,12,0.632,0.824152640071638,11,352,True,0.2955,100.0
bot->unsw,51,stat_13x13_adaptive,12,0.632,0.7386272363069786,12,384,True,0.2955,100.0
bot->unsw,51,statico,13,0.684,0.6560993207310946,0,0,True,0.318,100.0
bot->unsw,51,ogni_batch,13,0.684,0.8091138107476876,13,416,True,0.318,100.0
bot->unsw,51,su_innesco,13,0.684,0.8060615119655764,8,256,True,0.318,100.0
bot->unsw,51,oracolo,13,0.684,0.8581153406248363,13,416,True,0.318,100.0
bot->unsw,51,stat_13x13,13,0.684,0.7460109487411611,13,416,True,0.318,100.0
bot->unsw,51,martingala,13,0.684,0.8198087677831568,12,384,True,0.318,100.0
bot->unsw,51,stat_13x13_adaptive,13,0.684,0.7530746518463065,13,416,True,0.318,100.0
bot->unsw,51,statico,14,0.737,0.6254523755013413,0,0,True,0.33795,100.0
bot->unsw,51,ogni_batch,14,0.737,0.7999105039563896,14,448,True,0.33795,100.0
bot->unsw,51,su_innesco,14,0.737,0.7874841283391756,9,288,True,0.33795,100.0
bot->unsw,51,oracolo,14,0.737,0.8315488247646625,14,448,True,0.33795,100.0
bot->unsw,51,stat_13x13,14,0.737,0.7345318570704076,14,448,True,0.33795,100.0
bot->unsw,51,martingala,14,0.737,0.7834852322683284,13,416,True,0.33795,100.0
bot->unsw,51,stat_13x13_adaptive,14,0.737,0.7583369047004649,14,448,True,0.33795,100.0
bot->unsw,51,statico,15,0.789,0.597491319374345,0,0,True,0.3537,100.0
bot->unsw,51,ogni_batch,15,0.789,0.7846029956800236,15,480,True,0.3537,100.0
bot->unsw,51,su_innesco,15,0.789,0.7890456550979484,10,320,True,0.3537,100.0
bot->unsw,51,oracolo,15,0.789,0.8251702592281319,15,480,True,0.3537,100.0
bot->unsw,51,stat_13x13,15,0.789,0.7806928241277372,15,480,True,0.3537,100.0
bot->unsw,51,martingala,15,0.789,0.7942542520736695,14,448,True,0.3537,100.0
bot->unsw,51,stat_13x13_adaptive,15,0.789,0.7763708288040188,15,480,True,0.3537,100.0
bot->unsw,51,statico,16,0.842,0.5625406004200281,0,0,True,0.37975,100.0
bot->unsw,51,ogni_batch,16,0.842,0.780937520061384,16,512,True,0.37975,100.0
bot->unsw,51,su_innesco,16,0.842,0.7848716529969033,11,352,True,0.37975,100.0
bot->unsw,51,oracolo,16,0.842,0.8093779709954421,16,512,True,0.37975,100.0
bot->unsw,51,stat_13x13,16,0.842,0.7376428561602588,16,512,True,0.37975,100.0
bot->unsw,51,martingala,16,0.842,0.8035640863778235,15,480,True,0.37975,100.0
bot->unsw,51,stat_13x13_adaptive,16,0.842,0.7435195997811208,16,512,True,0.37975,100.0
bot->unsw,51,statico,17,0.895,0.5337439501645344,0,0,True,0.40025,100.0
bot->unsw,51,ogni_batch,17,0.895,0.7955403938742731,17,544,True,0.40025,100.0
bot->unsw,51,su_innesco,17,0.895,0.8009156628343161,12,384,True,0.40025,100.0
bot->unsw,51,oracolo,17,0.895,0.7944748656702068,17,544,True,0.40025,100.0
bot->unsw,51,stat_13x13,17,0.895,0.7657781018055257,17,544,True,0.40025,100.0
bot->unsw,51,martingala,17,0.895,0.7965982523022824,16,512,True,0.40025,100.0
bot->unsw,51,stat_13x13_adaptive,17,0.895,0.7094330450178533,17,544,True,0.40025,100.0
bot->unsw,51,statico,18,0.947,0.49929700998006554,0,0,True,0.4203,100.0
bot->unsw,51,ogni_batch,18,0.947,0.7864784771132733,18,576,True,0.4203,100.0
bot->unsw,51,su_innesco,18,0.947,0.7928577946004938,13,416,True,0.4203,100.0
bot->unsw,51,oracolo,18,0.947,0.7817109745009432,18,576,True,0.4203,100.0
bot->unsw,51,stat_13x13,18,0.947,0.7918825008517303,18,576,True,0.4203,100.0
bot->unsw,51,martingala,18,0.947,0.7538650166310619,17,544,True,0.4203,100.0
bot->unsw,51,stat_13x13_adaptive,18,0.947,0.7612356089711312,18,576,True,0.4203,100.0
bot->unsw,51,statico,19,1.0,0.46469423395499715,0,0,True,0.44035,100.0
bot->unsw,51,ogni_batch,19,1.0,0.7696671917810722,19,608,True,0.44035,100.0
bot->unsw,51,su_innesco,19,1.0,0.746736848085168,14,448,True,0.44035,100.0
bot->unsw,51,oracolo,19,1.0,0.7682148189442765,19,608,True,0.44035,100.0
bot->unsw,51,stat_13x13,19,1.0,0.7349396301127534,19,608,True,0.44035,100.0
bot->unsw,51,martingala,19,1.0,0.7476925110647242,18,576,True,0.44035,100.0
bot->unsw,51,stat_13x13_adaptive,19,1.0,0.7713837312667002,19,608,True,0.44035,100.0
