exp,seed,politica,batch,frazione_target,bal_acc,adattamenti,etichette,innesco,vuoti
ton->bot,42,statico,0,0.0,0.9707549946427494,0,0,False,0.03395
ton->bot,42,ogni_batch,0,0.0,0.9707549946427494,0,0,False,0.03395
ton->bot,42,su_innesco,0,0.0,0.9707549946427494,0,0,False,0.03395
ton->bot,42,oracolo,0,0.0,0.9707549946427494,0,0,False,0.03395
ton->bot,42,stat_13x13,0,0.0,0.9707549946427494,0,0,False,0.03395
ton->bot,42,martingala,0,0.0,0.9707549946427494,0,0,False,0.03395
ton->bot,42,stat_13x13_adaptive,0,0.0,0.9707549946427494,0,0,False,0.03395
ton->bot,42,statico,1,0.053,0.9516441824643045,0,0,False,0.0428
ton->bot,42,ogni_batch,1,0.053,0.9412618301282524,1,32,False,0.0428
ton->bot,42,su_innesco,1,0.053,0.9516441824643045,0,0,False,0.0428
ton->bot,42,oracolo,1,0.053,0.955085197194022,1,32,False,0.0428
ton->bot,42,stat_13x13,1,0.053,0.9575967425108753,1,32,False,0.0428
ton->bot,42,martingala,1,0.053,0.9516441824643045,0,0,False,0.0428
ton->bot,42,stat_13x13_adaptive,1,0.053,0.9408916819398639,1,32,False,0.0428
ton->bot,42,statico,2,0.105,0.9335557776753112,0,0,False,0.0501
ton->bot,42,ogni_batch,2,0.105,0.9407691237473714,2,64,False,0.0501
ton->bot,42,su_innesco,2,0.105,0.9335557776753112,0,0,False,0.0501
ton->bot,42,oracolo,2,0.105,0.9333439175812144,2,64,False,0.0501
ton->bot,42,stat_13x13,2,0.105,0.9024519447024288,2,64,False,0.0501
ton->bot,42,martingala,2,0.105,0.9245896657429269,1,32,False,0.0501
ton->bot,42,stat_13x13_adaptive,2,0.105,0.9073958372801589,2,64,False,0.0501
ton->bot,42,statico,3,0.158,0.9199404206836177,0,0,False,0.06035
ton->bot,42,ogni_batch,3,0.158,0.904803137630254,3,96,False,0.06035
ton->bot,42,su_innesco,3,0.158,0.9199404206836177,0,0,False,0.06035
ton->bot,42,oracolo,3,0.158,0.9146883463748617,3,96,False,0.06035
ton->bot,42,stat_13x13,3,0.158,0.9009990229117231,3,96,False,0.06035
ton->bot,42,martingala,3,0.158,0.9070350746931009,2,64,False,0.06035
ton->bot,42,stat_13x13_adaptive,3,0.158,0.8276913229947307,3,96,False,0.06035
ton->bot,42,statico,4,0.211,0.9030719996709833,0,0,False,0.0645
ton->bot,42,ogni_batch,4,0.211,0.8982596752009843,4,128,False,0.0645
ton->bot,42,su_innesco,4,0.211,0.9030719996709833,0,0,False,0.0645
ton->bot,42,oracolo,4,0.211,0.8951680904933663,4,128,False,0.0645
ton->bot,42,stat_13x13,4,0.211,0.9183169779485468,4,128,False,0.0645
ton->bot,42,martingala,4,0.211,0.8923618787601627,3,96,False,0.0645
ton->bot,42,stat_13x13_adaptive,4,0.211,0.896837827038778,4,128,False,0.0645
ton->bot,42,statico,5,0.263,0.8845130817455551,0,0,False,0.07515
ton->bot,42,ogni_batch,5,0.263,0.9354332435566737,5,160,False,0.07515
ton->bot,42,su_innesco,5,0.263,0.8845130817455551,0,0,False,0.07515
ton->bot,42,oracolo,5,0.263,0.8747572797701568,5,160,False,0.07515
ton->bot,42,stat_13x13,5,0.263,0.9675828387698281,5,160,False,0.07515
ton->bot,42,martingala,5,0.263,0.9419465955800344,4,128,False,0.07515
ton->bot,42,stat_13x13_adaptive,5,0.263,0.9266593082763039,5,160,False,0.07515
ton->bot,42,statico,6,0.316,0.8701366121977443,0,0,False,0.0779
ton->bot,42,ogni_batch,6,0.316,0.9554671997758881,6,192,False,0.0779
ton->bot,42,su_innesco,6,0.316,0.8701366121977443,0,0,False,0.0779
ton->bot,42,oracolo,6,0.316,0.8621706812274268,6,192,False,0.0779
ton->bot,42,stat_13x13,6,0.316,0.9645466607087005,6,192,False,0.0779
ton->bot,42,martingala,6,0.316,0.9627542577962821,5,160,False,0.0779
ton->bot,42,stat_13x13_adaptive,6,0.316,0.9257312548821914,6,192,False,0.0779
ton->bot,42,statico,7,0.368,0.8539006712115176,0,0,False,0.08745
ton->bot,42,ogni_batch,7,0.368,0.9611592201084374,7,224,False,0.08745
ton->bot,42,su_innesco,7,0.368,0.8539006712115176,0,0,False,0.08745
ton->bot,42,oracolo,7,0.368,0.8687341626236909,7,224,False,0.08745
ton->bot,42,stat_13x13,7,0.368,0.9465015703396908,7,224,False,0.08745
ton->bot,42,martingala,7,0.368,0.8520968534558596,6,192,False,0.08745
ton->bot,42,stat_13x13_adaptive,7,0.368,0.9548163824955155,7,224,False,0.08745
ton->bot,42,statico,8,0.421,0.839667134967746,0,0,False,0.09425
ton->bot,42,ogni_batch,8,0.421,0.960580112986592,8,256,False,0.09425
ton->bot,42,su_innesco,8,0.421,0.839667134967746,0,0,False,0.09425
ton->bot,42,oracolo,8,0.421,0.8871224913681739,8,256,False,0.09425
ton->bot,42,stat_13x13,8,0.421,0.9419745560491297,8,256,False,0.09425
ton->bot,42,martingala,8,0.421,0.9234359402102743,7,224,False,0.09425
ton->bot,42,stat_13x13_adaptive,8,0.421,0.950509263005977,8,256,False,0.09425
ton->bot,42,statico,9,0.474,0.8305549410771824,0,0,False,0.10515
ton->bot,42,ogni_batch,9,0.474,0.9644549941694764,9,288,False,0.10515
ton->bot,42,su_innesco,9,0.474,0.8305549410771824,0,0,False,0.10515
ton->bot,42,oracolo,9,0.474,0.9541373894310794,9,288,False,0.10515
ton->bot,42,stat_13x13,9,0.474,0.9697082335567688,9,288,False,0.10515
ton->bot,42,martingala,9,0.474,0.9607238519657217,8,256,False,0.10515
ton->bot,42,stat_13x13_adaptive,9,0.474,0.9683298868420381,9,288,False,0.10515
ton->bot,42,statico,10,0.526,0.8129045166633802,0,0,False,0.1097
ton->bot,42,ogni_batch,10,0.526,0.9625234571490521,10,320,False,0.1097
ton->bot,42,su_innesco,10,0.526,0.8129045166633802,0,0,False,0.1097
ton->bot,42,oracolo,10,0.526,0.9609136963989385,10,320,False,0.1097
ton->bot,42,stat_13x13,10,0.526,0.9678460078352527,10,320,False,0.1097
ton->bot,42,martingala,10,0.526,0.9677499149219926,9,288,False,0.1097
ton->bot,42,stat_13x13_adaptive,10,0.526,0.9648049738100809,10,320,False,0.1097
ton->bot,42,statico,11,0.579,0.8028341787442113,0,0,False,0.1183
ton->bot,42,ogni_batch,11,0.579,0.9687576012820167,11,352,False,0.1183
ton->bot,42,su_innesco,11,0.579,0.8028341787442113,0,0,False,0.1183
ton->bot,42,oracolo,11,0.579,0.9612380319690175,11,352,False,0.1183
ton->bot,42,stat_13x13,11,0.579,0.7811432328153252,11,352,False,0.1183
ton->bot,42,martingala,11,0.579,0.9723119831731847,10,320,False,0.1183
ton->bot,42,stat_13x13_adaptive,11,0.579,0.9731267647219113,11,352,False,0.1183
ton->bot,42,statico,12,0.632,0.7920140531581454,0,0,False,0.1274
ton->bot,42,ogni_batch,12,0.632,0.9770887056989235,12,384,False,0.1274
ton->bot,42,su_innesco,12,0.632,0.7920140531581454,0,0,False,0.1274
ton->bot,42,oracolo,12,0.632,0.9640404761766981,12,384,False,0.1274
ton->bot,42,stat_13x13,12,0.632,0.9737105207911082,12,384,False,0.1274
ton->bot,42,martingala,12,0.632,0.9747227856983821,11,352,False,0.1274
ton->bot,42,stat_13x13_adaptive,12,0.632,0.9764751456971792,12,384,False,0.1274
ton->bot,42,statico,13,0.684,0.7771456749299308,0,0,True,0.13625
ton->bot,42,ogni_batch,13,0.684,0.9786761373318975,13,416,True,0.13625
ton->bot,42,su_innesco,13,0.684,0.7771456749299308,0,0,True,0.13625
ton->bot,42,oracolo,13,0.684,0.9613145805459773,13,416,True,0.13625
ton->bot,42,stat_13x13,13,0.684,0.9168989010112436,13,416,True,0.13625
ton->bot,42,martingala,13,0.684,0.9717848868197492,12,384,True,0.13625
ton->bot,42,stat_13x13_adaptive,13,0.684,0.831415813690405,13,416,True,0.13625
ton->bot,42,statico,14,0.737,0.7590658005990671,0,0,True,0.14275
ton->bot,42,ogni_batch,14,0.737,0.9752362179613729,14,448,True,0.14275
ton->bot,42,su_innesco,14,0.737,0.5698627614129372,1,32,True,0.14275
ton->bot,42,oracolo,14,0.737,0.9613307216964424,14,448,True,0.14275
ton->bot,42,stat_13x13,14,0.737,0.9160013335493704,14,448,True,0.14275
ton->bot,42,martingala,14,0.737,0.9642576548027167,13,416,True,0.14275
ton->bot,42,stat_13x13_adaptive,14,0.737,0.87911053190159,14,448,True,0.14275
ton->bot,42,statico,15,0.789,0.7517175151442211,0,0,True,0.1523
ton->bot,42,ogni_batch,15,0.789,0.9769606417405491,15,480,True,0.1523
ton->bot,42,su_innesco,15,0.789,0.7205289445179925,2,64,True,0.1523
ton->bot,42,oracolo,15,0.789,0.958105584974793,15,480,True,0.1523
ton->bot,42,stat_13x13,15,0.789,0.9690696834757493,15,480,True,0.1523
ton->bot,42,martingala,15,0.789,0.9699259337264814,14,448,True,0.1523
ton->bot,42,stat_13x13_adaptive,15,0.789,0.9689660475254409,15,480,True,0.1523
ton->bot,42,statico,16,0.842,0.7389658540043733,0,0,True,0.1613
ton->bot,42,ogni_batch,16,0.842,0.975958939808795,16,512,True,0.1613
ton->bot,42,su_innesco,16,0.842,0.7400393211103425,3,96,True,0.1613
ton->bot,42,oracolo,16,0.842,0.9656777551148494,16,512,True,0.1613
ton->bot,42,stat_13x13,16,0.842,0.71326236319106,16,512,True,0.1613
ton->bot,42,martingala,16,0.842,0.9715195748113951,15,480,True,0.1613
ton->bot,42,stat_13x13_adaptive,16,0.842,0.8382254351686778,16,512,True,0.1613
ton->bot,42,statico,17,0.895,0.7217582099853568,0,0,True,0.16875
ton->bot,42,ogni_batch,17,0.895,0.9666366381710234,17,544,True,0.16875
ton->bot,42,su_innesco,17,0.895,0.7560327673539766,4,128,True,0.16875
ton->bot,42,oracolo,17,0.895,0.968741167344082,17,544,True,0.16875
ton->bot,42,stat_13x13,17,0.895,0.9053231540585509,17,544,True,0.16875
ton->bot,42,martingala,17,0.895,0.9702205928569894,16,512,True,0.16875
ton->bot,42,stat_13x13_adaptive,17,0.895,0.9033725183911864,17,544,True,0.16875
ton->bot,42,statico,18,0.947,0.7057045205666247,0,0,True,0.17115
ton->bot,42,ogni_batch,18,0.947,0.9668988563268441,18,576,True,0.17115
ton->bot,42,su_innesco,18,0.947,0.7835966015230571,5,160,True,0.17115
ton->bot,42,oracolo,18,0.947,0.9568466460703438,18,576,True,0.17115
ton->bot,42,stat_13x13,18,0.947,0.8614167375658693,18,576,True,0.17115
ton->bot,42,martingala,18,0.947,0.9646123047553078,17,544,True,0.17115
ton->bot,42,stat_13x13_adaptive,18,0.947,0.820172015269053,18,576,True,0.17115
ton->bot,42,statico,19,1.0,0.7202470247024703,0,0,True,0.18265
ton->bot,42,ogni_batch,19,1.0,0.9982998299829984,19,608,True,0.18265
ton->bot,42,su_innesco,19,1.0,0.7477497749774977,6,192,True,0.18265
ton->bot,42,oracolo,19,1.0,0.9963496349634964,19,608,True,0.18265
ton->bot,42,stat_13x13,19,1.0,0.9912741274127412,19,608,True,0.18265
ton->bot,42,martingala,19,1.0,0.9902990299029903,18,576,True,0.18265
ton->bot,42,stat_13x13_adaptive,19,1.0,0.99997499749975,19,608,True,0.18265
ton->bot,43,statico,0,0.0,0.9720282137530325,0,0,False,0.0279
ton->bot,43,ogni_batch,0,0.0,0.9720282137530325,0,0,False,0.0279
ton->bot,43,su_innesco,0,0.0,0.9720282137530325,0,0,False,0.0279
ton->bot,43,oracolo,0,0.0,0.9720282137530325,0,0,False,0.0279
ton->bot,43,stat_13x13,0,0.0,0.9720282137530325,0,0,False,0.0279
ton->bot,43,martingala,0,0.0,0.9720282137530325,0,0,False,0.0279
ton->bot,43,stat_13x13_adaptive,0,0.0,0.9720282137530325,0,0,False,0.0279
ton->bot,43,statico,1,0.053,0.9529248585522972,0,0,False,0.02935
ton->bot,43,ogni_batch,1,0.053,0.9560319191718527,1,32,False,0.02935
ton->bot,43,su_innesco,1,0.053,0.9529248585522972,0,0,False,0.02935
ton->bot,43,oracolo,1,0.053,0.9454449297709764,1,32,False,0.02935
ton->bot,43,stat_13x13,1,0.053,0.8198808892088076,1,32,False,0.02935
ton->bot,43,martingala,1,0.053,0.9529248585522972,0,0,False,0.02935
ton->bot,43,stat_13x13_adaptive,1,0.053,0.8214313591693108,1,32,False,0.02935
ton->bot,43,statico,2,0.105,0.9354174393091065,0,0,False,0.034
ton->bot,43,ogni_batch,2,0.105,0.930226931022174,2,64,False,0.034
ton->bot,43,su_innesco,2,0.105,0.9354174393091065,0,0,False,0.034
ton->bot,43,oracolo,2,0.105,0.9540861295652767,2,64,False,0.034
ton->bot,43,stat_13x13,2,0.105,0.9635071331802298,2,64,False,0.034
ton->bot,43,martingala,2,0.105,0.9354174393091065,0,0,False,0.034
ton->bot,43,stat_13x13_adaptive,2,0.105,0.9459465702663046,2,64,False,0.034
ton->bot,43,statico,3,0.158,0.9190113053220897,0,0,False,0.0369
ton->bot,43,ogni_batch,3,0.158,0.9421445844010539,3,96,False,0.0369
ton->bot,43,su_innesco,3,0.158,0.9190113053220897,0,0,False,0.0369
ton->bot,43,oracolo,3,0.158,0.9558699307771685,3,96,False,0.0369
ton->bot,43,stat_13x13,3,0.158,0.962181250730086,3,96,False,0.0369
ton->bot,43,martingala,3,0.158,0.9190113053220897,0,0,False,0.0369
ton->bot,43,stat_13x13_adaptive,3,0.158,0.932184289440462,3,96,False,0.0369
ton->bot,43,statico,4,0.211,0.9019593138638855,0,0,False,0.0383
ton->bot,43,ogni_batch,4,0.211,0.9620112743714087,4,128,False,0.0383
ton->bot,43,su_innesco,4,0.211,0.9019593138638855,0,0,False,0.0383
ton->bot,43,oracolo,4,0.211,0.9549948932142027,4,128,False,0.0383
ton->bot,43,stat_13x13,4,0.211,0.918781087039559,4,128,False,0.0383
ton->bot,43,martingala,4,0.211,0.9019593138638855,0,0,False,0.0383
ton->bot,43,stat_13x13_adaptive,4,0.211,0.8453365288803268,4,128,False,0.0383
ton->bot,43,statico,5,0.263,0.8857662098979653,0,0,False,0.0426
ton->bot,43,ogni_batch,5,0.263,0.9476216212698436,5,160,False,0.0426
ton->bot,43,su_innesco,5,0.263,0.8857662098979653,0,0,False,0.0426
ton->bot,43,oracolo,5,0.263,0.9561958914563757,5,160,False,0.0426
ton->bot,43,stat_13x13,5,0.263,0.9567800267779027,5,160,False,0.0426
ton->bot,43,martingala,5,0.263,0.8792301044883761,1,32,False,0.0426
ton->bot,43,stat_13x13_adaptive,5,0.263,0.9523842912201808,5,160,False,0.0426
ton->bot,43,statico,6,0.316,0.8701361927521879,0,0,False,0.0446
ton->bot,43,ogni_batch,6,0.316,0.9369744287426587,6,192,False,0.0446
ton->bot,43,su_innesco,6,0.316,0.8701361927521879,0,0,False,0.0446
ton->bot,43,oracolo,6,0.316,0.9594264724600433,6,192,False,0.0446
ton->bot,43,stat_13x13,6,0.316,0.9638666024862428,6,192,False,0.0446
ton->bot,43,martingala,6,0.316,0.9088829560469716,2,64,False,0.0446
ton->bot,43,stat_13x13_adaptive,6,0.316,0.9617227100182097,6,192,False,0.0446
ton->bot,43,statico,7,0.368,0.8538067676186947,0,0,False,0.0525
ton->bot,43,ogni_batch,7,0.368,0.9622767909284273,7,224,False,0.0525
ton->bot,43,su_innesco,7,0.368,0.8538067676186947,0,0,False,0.0525
ton->bot,43,oracolo,7,0.368,0.9567759376451562,7,224,False,0.0525
ton->bot,43,stat_13x13,7,0.368,0.9623517526841046,7,224,False,0.0525
ton->bot,43,martingala,7,0.368,0.962522201438085,3,96,False,0.0525
ton->bot,43,stat_13x13_adaptive,7,0.368,0.9619787679358798,7,224,False,0.0525
ton->bot,43,statico,8,0.421,0.8415186495046567,0,0,False,0.05445
ton->bot,43,ogni_batch,8,0.421,0.9676877855650313,8,256,False,0.05445
ton->bot,43,su_innesco,8,0.421,0.8415186495046567,0,0,False,0.05445
ton->bot,43,oracolo,8,0.421,0.9525142351685094,8,256,False,0.05445
ton->bot,43,stat_13x13,8,0.421,0.9617544526175819,8,256,False,0.05445
ton->bot,43,martingala,8,0.421,0.962043707663496,4,128,False,0.05445
ton->bot,43,stat_13x13_adaptive,8,0.421,0.9515213910341986,8,256,False,0.05445
ton->bot,43,statico,9,0.474,0.8290750419380153,0,0,False,0.0546
ton->bot,43,ogni_batch,9,0.474,0.9695155548724739,9,288,False,0.0546
ton->bot,43,su_innesco,9,0.474,0.8290750419380153,0,0,False,0.0546
ton->bot,43,oracolo,9,0.474,0.9567106201711515,9,288,False,0.0546
ton->bot,43,stat_13x13,9,0.474,0.9646358529905852,9,288,False,0.0546
ton->bot,43,martingala,9,0.474,0.9688319150470883,5,160,False,0.0546
ton->bot,43,stat_13x13_adaptive,9,0.474,0.9586716206883111,9,288,False,0.0546
ton->bot,43,statico,10,0.526,0.8148593963056027,0,0,False,0.0585
ton->bot,43,ogni_batch,10,0.526,0.9699144957155323,10,320,False,0.0585
ton->bot,43,su_innesco,10,0.526,0.8148593963056027,0,0,False,0.0585
ton->bot,43,oracolo,10,0.526,0.9605926104581783,10,320,False,0.0585
ton->bot,43,stat_13x13,10,0.526,0.910729506928996,10,320,False,0.0585
ton->bot,43,martingala,10,0.526,0.9693959396679208,6,192,False,0.0585
ton->bot,43,stat_13x13_adaptive,10,0.526,0.9167931376665173,10,320,False,0.0585
ton->bot,43,statico,11,0.579,0.8012752110258092,0,0,False,0.06385
ton->bot,43,ogni_batch,11,0.579,0.9661128072391947,11,352,False,0.06385
ton->bot,43,su_innesco,11,0.579,0.8012752110258092,0,0,False,0.06385
ton->bot,43,oracolo,11,0.579,0.9600014254496828,11,352,False,0.06385
ton->bot,43,stat_13x13,11,0.579,0.9649326454402067,11,352,False,0.06385
ton->bot,43,martingala,11,0.579,0.9661507532376943,7,224,False,0.06385
ton->bot,43,stat_13x13_adaptive,11,0.579,0.9657645289660093,11,352,False,0.06385
ton->bot,43,statico,12,0.632,0.7902075901854095,0,0,False,0.0664
ton->bot,43,ogni_batch,12,0.632,0.9701348114795942,12,384,False,0.0664
ton->bot,43,su_innesco,12,0.632,0.7902075901854095,0,0,False,0.0664
ton->bot,43,oracolo,12,0.632,0.9674927563010202,12,384,False,0.0664
ton->bot,43,stat_13x13,12,0.632,0.9689662345006305,12,384,False,0.0664
ton->bot,43,martingala,12,0.632,0.9701074457087004,8,256,False,0.0664
ton->bot,43,stat_13x13_adaptive,12,0.632,0.9668051141481859,12,384,False,0.0664
ton->bot,43,statico,13,0.684,0.7744115617539034,0,0,False,0.07035
ton->bot,43,ogni_batch,13,0.684,0.9557839895696608,13,416,False,0.07035
ton->bot,43,su_innesco,13,0.684,0.7744115617539034,0,0,False,0.07035
ton->bot,43,oracolo,13,0.684,0.9607305972105682,13,416,False,0.07035
ton->bot,43,stat_13x13,13,0.684,0.9627968495044801,13,416,False,0.07035
ton->bot,43,martingala,13,0.684,0.9554603649741915,9,288,False,0.07035
ton->bot,43,stat_13x13_adaptive,13,0.684,0.9608536113821865,13,416,False,0.07035
ton->bot,43,statico,14,0.737,0.7638801862552178,0,0,False,0.07235
ton->bot,43,ogni_batch,14,0.737,0.9607982902384651,14,448,False,0.07235
ton->bot,43,su_innesco,14,0.737,0.7638801862552178,0,0,False,0.07235
ton->bot,43,oracolo,14,0.737,0.9645895554027191,14,448,False,0.07235
ton->bot,43,stat_13x13,14,0.737,0.9681992536936845,14,448,False,0.07235
ton->bot,43,martingala,14,0.737,0.9607982902384651,10,320,False,0.07235
ton->bot,43,stat_13x13_adaptive,14,0.737,0.9617424336775424,14,448,False,0.07235
ton->bot,43,statico,15,0.789,0.7468007483692088,0,0,False,0.07475
ton->bot,43,ogni_batch,15,0.789,0.9640681179075875,15,480,False,0.07475
ton->bot,43,su_innesco,15,0.789,0.7468007483692088,0,0,False,0.07475
ton->bot,43,oracolo,15,0.789,0.9639857344626159,15,480,False,0.07475
ton->bot,43,stat_13x13,15,0.789,0.9031409649257078,15,480,False,0.07475
ton->bot,43,martingala,15,0.789,0.9640943536091302,11,352,False,0.07475
ton->bot,43,stat_13x13_adaptive,15,0.789,0.9733074296164641,15,480,False,0.07475
ton->bot,43,statico,16,0.842,0.741412105688681,0,0,False,0.07775
ton->bot,43,ogni_batch,16,0.842,0.9581348594031007,16,512,False,0.07775
ton->bot,43,su_innesco,16,0.842,0.741412105688681,0,0,False,0.07775
ton->bot,43,oracolo,16,0.842,0.9614275006350893,16,512,False,0.07775
ton->bot,43,stat_13x13,16,0.842,0.9604273884882801,16,512,False,0.07775
ton->bot,43,martingala,16,0.842,0.9583815960264557,12,384,False,0.07775
ton->bot,43,stat_13x13_adaptive,16,0.842,0.9489225174693895,16,512,False,0.07775
ton->bot,43,statico,17,0.895,0.7285425751420626,0,0,False,0.08355
ton->bot,43,ogni_batch,17,0.895,0.9594738072495174,17,544,False,0.08355
ton->bot,43,su_innesco,17,0.895,0.7285425751420626,0,0,False,0.08355
ton->bot,43,oracolo,17,0.895,0.9640880695092274,17,544,False,0.08355
ton->bot,43,stat_13x13,17,0.895,0.7713372367703325,17,544,False,0.08355
ton->bot,43,martingala,17,0.895,0.9585244564002332,13,416,False,0.08355
ton->bot,43,stat_13x13_adaptive,17,0.895,0.9143832680576475,17,544,False,0.08355
ton->bot,43,statico,18,0.947,0.7196095132593385,0,0,False,0.08525
ton->bot,43,ogni_batch,18,0.947,0.9703139318159524,18,576,False,0.08525
ton->bot,43,su_innesco,18,0.947,0.7196095132593385,0,0,False,0.08525
ton->bot,43,oracolo,18,0.947,0.9682178230455925,18,576,False,0.08525
ton->bot,43,stat_13x13,18,0.947,0.7714509706341401,18,576,False,0.08525
ton->bot,43,martingala,18,0.947,0.9723077573370785,14,448,False,0.08525
ton->bot,43,stat_13x13_adaptive,18,0.947,0.9275639200523818,18,576,False,0.08525
ton->bot,43,statico,19,1.0,0.34441888377675534,0,0,False,0.08805
ton->bot,43,ogni_batch,19,1.0,0.622999599919984,19,608,False,0.08805
ton->bot,43,su_innesco,19,1.0,0.34441888377675534,0,0,False,0.08805
ton->bot,43,oracolo,19,1.0,0.8650980196039209,19,608,False,0.08805
ton->bot,43,stat_13x13,19,1.0,0.7484246849369873,19,608,False,0.08805
ton->bot,43,martingala,19,1.0,0.622999599919984,15,480,False,0.08805
ton->bot,43,stat_13x13_adaptive,19,1.0,0.7484246849369873,19,608,False,0.08805
ton->bot,44,statico,0,0.0,0.9685059018115711,0,0,False,0.02965
ton->bot,44,ogni_batch,0,0.0,0.9685059018115711,0,0,False,0.02965
ton->bot,44,su_innesco,0,0.0,0.9685059018115711,0,0,False,0.02965
ton->bot,44,oracolo,0,0.0,0.9685059018115711,0,0,False,0.02965
ton->bot,44,stat_13x13,0,0.0,0.9685059018115711,0,0,False,0.02965
ton->bot,44,martingala,0,0.0,0.9685059018115711,0,0,False,0.02965
ton->bot,44,stat_13x13_adaptive,0,0.0,0.9685059018115711,0,0,False,0.02965
ton->bot,44,statico,1,0.053,0.9548173062919366,0,0,False,0.03665
ton->bot,44,ogni_batch,1,0.053,0.9368359179369679,1,32,False,0.03665
ton->bot,44,su_innesco,1,0.053,0.9548173062919366,0,0,False,0.03665
ton->bot,44,oracolo,1,0.053,0.9245655563432011,1,32,False,0.03665
ton->bot,44,stat_13x13,1,0.053,0.9384884973396318,1,32,False,0.03665
ton->bot,44,martingala,1,0.053,0.9548173062919366,0,0,False,0.03665
ton->bot,44,stat_13x13_adaptive,1,0.053,0.9467299001449269,1,32,False,0.03665
ton->bot,44,statico,2,0.105,0.9321068711769867,0,0,False,0.0455
ton->bot,44,ogni_batch,2,0.105,0.9327579656979452,2,64,False,0.0455
ton->bot,44,su_innesco,2,0.105,0.9321068711769867,0,0,False,0.0455
ton->bot,44,oracolo,2,0.105,0.9342923454323295,2,64,False,0.0455
ton->bot,44,stat_13x13,2,0.105,0.9164861335253176,2,64,False,0.0455
ton->bot,44,martingala,2,0.105,0.9321068711769867,0,0,False,0.0455
ton->bot,44,stat_13x13_adaptive,2,0.105,0.8677020885650346,2,64,False,0.0455
ton->bot,44,statico,3,0.158,0.9171673388214096,0,0,False,0.05325
ton->bot,44,ogni_batch,3,0.158,0.8973615749163567,3,96,False,0.05325
ton->bot,44,su_innesco,3,0.158,0.9171673388214096,0,0,False,0.05325
ton->bot,44,oracolo,3,0.158,0.9405928420665948,3,96,False,0.05325
ton->bot,44,stat_13x13,3,0.158,0.9371754616808461,3,96,False,0.05325
ton->bot,44,martingala,3,0.158,0.4310293230475448,1,32,False,0.05325
ton->bot,44,stat_13x13_adaptive,3,0.158,0.8911304075205329,3,96,False,0.05325
ton->bot,44,statico,4,0.211,0.899508492442888,0,0,False,0.0611
ton->bot,44,ogni_batch,4,0.211,0.9123765114729916,4,128,False,0.0611
ton->bot,44,su_innesco,4,0.211,0.899508492442888,0,0,False,0.0611
ton->bot,44,oracolo,4,0.211,0.9510380028881308,4,128,False,0.0611
ton->bot,44,stat_13x13,4,0.211,0.9408549809778404,4,128,False,0.0611
ton->bot,44,martingala,4,0.211,0.8790604089853534,2,64,False,0.0611
ton->bot,44,stat_13x13_adaptive,4,0.211,0.9222447054541013,4,128,False,0.0611
ton->bot,44,statico,5,0.263,0.8867966751826585,0,0,False,0.0698
ton->bot,44,ogni_batch,5,0.263,0.9563330921471556,5,160,False,0.0698
ton->bot,44,su_innesco,5,0.263,0.8867966751826585,0,0,False,0.0698
ton->bot,44,oracolo,5,0.263,0.9578550428105466,5,160,False,0.0698
ton->bot,44,stat_13x13,5,0.263,0.9396923916645827,5,160,False,0.0698
ton->bot,44,martingala,5,0.263,0.8571191385242213,3,96,False,0.0698
ton->bot,44,stat_13x13_adaptive,5,0.263,0.6387308193254865,5,160,False,0.0698
ton->bot,44,statico,6,0.316,0.8690162506151042,0,0,False,0.07575
ton->bot,44,ogni_batch,6,0.316,0.9536022885103456,6,192,False,0.07575
ton->bot,44,su_innesco,6,0.316,0.8690162506151042,0,0,False,0.07575
ton->bot,44,oracolo,6,0.316,0.954694814499682,6,192,False,0.07575
ton->bot,44,stat_13x13,6,0.316,0.9734179874463496,6,192,False,0.07575
ton->bot,44,martingala,6,0.316,0.8949899800193526,4,128,False,0.07575
ton->bot,44,stat_13x13_adaptive,6,0.316,0.9371409791147407,6,192,False,0.07575
ton->bot,44,statico,7,0.368,0.8551386324648734,0,0,False,0.08605
ton->bot,44,ogni_batch,7,0.368,0.9533934329739764,7,224,False,0.08605
ton->bot,44,su_innesco,7,0.368,0.8551386324648734,0,0,False,0.08605
ton->bot,44,oracolo,7,0.368,0.9539598540604988,7,224,False,0.08605
ton->bot,44,stat_13x13,7,0.368,0.9698441689598101,7,224,False,0.08605
ton->bot,44,martingala,7,0.368,0.9350805660500752,5,160,False,0.08605
ton->bot,44,stat_13x13_adaptive,7,0.368,0.9341442341068814,7,224,False,0.08605
ton->bot,44,statico,8,0.421,0.8410700514544529,0,0,False,0.08985
ton->bot,44,ogni_batch,8,0.421,0.9518565140771225,8,256,False,0.08985
ton->bot,44,su_innesco,8,0.421,0.8410700514544529,0,0,False,0.08985
ton->bot,44,oracolo,8,0.421,0.9516613662668495,8,256,False,0.08985
ton->bot,44,stat_13x13,8,0.421,0.9655020319352655,8,256,False,0.08985
ton->bot,44,martingala,8,0.421,0.9538113180815251,6,192,False,0.08985
ton->bot,44,stat_13x13_adaptive,8,0.421,0.9361949490187997,8,256,False,0.08985
ton->bot,44,statico,9,0.474,0.8318506997070692,0,0,False,0.09845
ton->bot,44,ogni_batch,9,0.474,0.9588836755775743,9,288,False,0.09845
ton->bot,44,su_innesco,9,0.474,0.8318506997070692,0,0,False,0.09845
ton->bot,44,oracolo,9,0.474,0.9558474634622675,9,288,False,0.09845
ton->bot,44,stat_13x13,9,0.474,0.9711938918349493,9,288,False,0.09845
ton->bot,44,martingala,9,0.474,0.9681379662157571,7,224,False,0.09845
ton->bot,44,stat_13x13_adaptive,9,0.474,0.942860468365776,9,288,False,0.09845
ton->bot,44,statico,10,0.526,0.8115417480964497,0,0,False,0.1089
ton->bot,44,ogni_batch,10,0.526,0.9623092372926726,10,320,False,0.1089
ton->bot,44,su_innesco,10,0.526,0.8115417480964497,0,0,False,0.1089
ton->bot,44,oracolo,10,0.526,0.9427281180401409,10,320,False,0.1089
ton->bot,44,stat_13x13,10,0.526,0.7357050574675473,10,320,False,0.1089
ton->bot,44,martingala,10,0.526,0.9638411402614724,8,256,False,0.1089
ton->bot,44,stat_13x13_adaptive,10,0.526,0.6497566731349473,10,320,False,0.1089
ton->bot,44,statico,11,0.579,0.7972409219947181,0,0,False,0.11835
ton->bot,44,ogni_batch,11,0.579,0.9639580048453837,11,352,False,0.11835
ton->bot,44,su_innesco,11,0.579,0.7972409219947181,0,0,False,0.11835
ton->bot,44,oracolo,11,0.579,0.9465371883988438,11,352,False,0.11835
ton->bot,44,stat_13x13,11,0.579,0.9584850149708641,11,352,False,0.11835
ton->bot,44,martingala,11,0.579,0.9532225252343056,9,288,False,0.11835
ton->bot,44,stat_13x13_adaptive,11,0.579,0.8826093756714826,11,352,False,0.11835
ton->bot,44,statico,12,0.632,0.7893550720026883,0,0,False,0.1269
ton->bot,44,ogni_batch,12,0.632,0.9743167949372153,12,384,False,0.1269
ton->bot,44,su_innesco,12,0.632,0.7893550720026883,0,0,False,0.1269
ton->bot,44,oracolo,12,0.632,0.9529386100829644,12,384,False,0.1269
ton->bot,44,stat_13x13,12,0.632,0.9578132204351605,12,384,False,0.1269
ton->bot,44,martingala,12,0.632,0.9624884502442296,10,320,False,0.1269
ton->bot,44,stat_13x13_adaptive,12,0.632,0.8454070288607375,12,384,False,0.1269
ton->bot,44,statico,13,0.684,0.7707936429767416,0,0,True,0.13165
ton->bot,44,ogni_batch,13,0.684,0.97009223171195,13,416,True,0.13165
ton->bot,44,su_innesco,13,0.684,0.7707936429767416,0,0,True,0.13165
ton->bot,44,oracolo,13,0.684,0.9539084155281339,13,416,True,0.13165
ton->bot,44,stat_13x13,13,0.684,0.9652027549914874,13,416,True,0.13165
ton->bot,44,martingala,13,0.684,0.9533688142843073,11,352,True,0.13165
ton->bot,44,stat_13x13_adaptive,13,0.684,0.9542847997073349,13,416,True,0.13165
ton->bot,44,statico,14,0.737,0.7636125249329391,0,0,True,0.1392
ton->bot,44,ogni_batch,14,0.737,0.9729365843593094,14,448,True,0.1392
ton->bot,44,su_innesco,14,0.737,0.958522766352569,1,32,True,0.1392
ton->bot,44,oracolo,14,0.737,0.9515234885480433,14,448,True,0.1392
ton->bot,44,stat_13x13,14,0.737,0.9692723020840498,14,448,True,0.1392
ton->bot,44,martingala,14,0.737,0.9314412958250224,12,384,True,0.1392
ton->bot,44,stat_13x13_adaptive,14,0.737,0.9285542334410894,14,448,True,0.1392
ton->bot,44,statico,15,0.789,0.7560021699094344,0,0,True,0.15155
ton->bot,44,ogni_batch,15,0.789,0.976219033675477,15,480,True,0.15155
ton->bot,44,su_innesco,15,0.789,0.9405250540558734,2,64,True,0.15155
ton->bot,44,oracolo,15,0.789,0.952283371402497,15,480,True,0.15155
ton->bot,44,stat_13x13,15,0.789,0.8563865745405332,15,480,True,0.15155
ton->bot,44,martingala,15,0.789,0.9588578943940864,13,416,True,0.15155
ton->bot,44,stat_13x13_adaptive,15,0.789,0.7443287105813126,15,480,True,0.15155
ton->bot,44,statico,16,0.842,0.7368063758075252,0,0,True,0.15495
ton->bot,44,ogni_batch,16,0.842,0.9679016792286601,16,512,True,0.15495
ton->bot,44,su_innesco,16,0.842,0.9666558967215227,3,96,True,0.15495
ton->bot,44,oracolo,16,0.842,0.9513115497951061,16,512,True,0.15495
ton->bot,44,stat_13x13,16,0.842,0.9570295078841295,16,512,True,0.15495
ton->bot,44,martingala,16,0.842,0.9558698849381435,14,448,True,0.15495
ton->bot,44,stat_13x13_adaptive,16,0.842,0.9335752157078767,16,512,True,0.15495
ton->bot,44,statico,17,0.895,0.7241275148757258,0,0,True,0.168
ton->bot,44,ogni_batch,17,0.895,0.9201710345556211,17,544,True,0.168
ton->bot,44,su_innesco,17,0.895,0.969109869226934,4,128,True,0.168
ton->bot,44,oracolo,17,0.895,0.951632601147127,17,544,True,0.168
ton->bot,44,stat_13x13,17,0.895,0.8738357335838762,17,544,True,0.168
ton->bot,44,martingala,17,0.895,0.9471633588477539,15,480,True,0.168
ton->bot,44,stat_13x13_adaptive,17,0.895,0.9544232769328695,17,544,True,0.168
ton->bot,44,statico,18,0.947,0.7147523077900584,0,0,True,0.1725
ton->bot,44,ogni_batch,18,0.947,0.9627659896342331,18,576,True,0.1725
ton->bot,44,su_innesco,18,0.947,0.9758033771947077,5,160,True,0.1725
ton->bot,44,oracolo,18,0.947,0.9613216352859663,18,576,True,0.1725
ton->bot,44,stat_13x13,18,0.947,0.9687207838770873,18,576,True,0.1725
ton->bot,44,martingala,18,0.947,0.9593133814003165,16,512,True,0.1725
ton->bot,44,stat_13x13_adaptive,18,0.947,0.9680842695099406,18,576,True,0.1725
ton->bot,44,statico,19,1.0,0.5546665333133303,0,0,True,0.1823
ton->bot,44,ogni_batch,19,1.0,0.8235068593622377,19,608,True,0.1823
ton->bot,44,su_innesco,19,1.0,0.9977496624493674,6,192,True,0.1823
ton->bot,44,oracolo,19,1.0,0.996574486172926,19,608,True,0.1823
ton->bot,44,stat_13x13,19,1.0,0.8333083295827708,19,608,True,0.1823
ton->bot,44,martingala,19,1.0,0.8234318481105499,17,544,True,0.1823
ton->bot,44,stat_13x13_adaptive,19,1.0,0.49239885982897436,19,608,True,0.1823
ton->bot,45,statico,0,0.0,0.9697100949094046,0,0,False,0.0341
ton->bot,45,ogni_batch,0,0.0,0.9697100949094046,0,0,False,0.0341
ton->bot,45,su_innesco,0,0.0,0.9697100949094046,0,0,False,0.0341
ton->bot,45,oracolo,0,0.0,0.9697100949094046,0,0,False,0.0341
ton->bot,45,stat_13x13,0,0.0,0.9697100949094046,0,0,False,0.0341
ton->bot,45,martingala,0,0.0,0.9697100949094046,0,0,False,0.0341
ton->bot,45,stat_13x13_adaptive,0,0.0,0.9697100949094046,0,0,False,0.0341
ton->bot,45,statico,1,0.053,0.9542475927699146,0,0,False,0.0402
ton->bot,45,ogni_batch,1,0.053,0.9542475927699146,1,32,False,0.0402
ton->bot,45,su_innesco,1,0.053,0.9542475927699146,0,0,False,0.0402
ton->bot,45,oracolo,1,0.053,0.9361357197628937,1,32,False,0.0402
ton->bot,45,stat_13x13,1,0.053,0.5,1,32,False,0.0402
ton->bot,45,martingala,1,0.053,0.9542475927699146,0,0,False,0.0402
ton->bot,45,stat_13x13_adaptive,1,0.053,0.5,1,32,False,0.0402
ton->bot,45,statico,2,0.105,0.9356053976547374,0,0,False,0.0488
ton->bot,45,ogni_batch,2,0.105,0.9423740867064327,2,64,False,0.0488
ton->bot,45,su_innesco,2,0.105,0.9356053976547374,0,0,False,0.0488
ton->bot,45,oracolo,2,0.105,0.9301001585427899,2,64,False,0.0488
ton->bot,45,stat_13x13,2,0.105,0.9159932897481224,2,64,False,0.0488
ton->bot,45,martingala,2,0.105,0.9336828108750089,1,32,False,0.0488
ton->bot,45,stat_13x13_adaptive,2,0.105,0.8240198946379623,2,64,False,0.0488
ton->bot,45,statico,3,0.158,0.9183101621309142,0,0,False,0.0589
ton->bot,45,ogni_batch,3,0.158,0.9226158001789145,3,96,False,0.0589
ton->bot,45,su_innesco,3,0.158,0.9183101621309142,0,0,False,0.0589
ton->bot,45,oracolo,3,0.158,0.9133712477174996,3,96,False,0.0589
ton->bot,45,stat_13x13,3,0.158,0.9191109458983311,3,96,False,0.0589
ton->bot,45,martingala,3,0.158,0.923287094972312,2,64,False,0.0589
ton->bot,45,stat_13x13_adaptive,3,0.158,0.8558442189962667,3,96,False,0.0589
ton->bot,45,statico,4,0.211,0.9002347757414304,0,0,False,0.06615
ton->bot,45,ogni_batch,4,0.211,0.9031423132250496,4,128,False,0.06615
ton->bot,45,su_innesco,4,0.211,0.9002347757414304,0,0,False,0.06615
ton->bot,45,oracolo,4,0.211,0.8968772168996029,4,128,False,0.06615
ton->bot,45,stat_13x13,4,0.211,0.9282564685883372,4,128,False,0.06615
ton->bot,45,martingala,4,0.211,0.8942911536509144,3,96,False,0.06615
ton->bot,45,stat_13x13_adaptive,4,0.211,0.9295837000348376,4,128,False,0.06615
ton->bot,45,statico,5,0.263,0.8833664973931354,0,0,False,0.07825
ton->bot,45,ogni_batch,5,0.263,0.8836580023117109,5,160,False,0.07825
ton->bot,45,su_innesco,5,0.263,0.8833664973931354,0,0,False,0.07825
ton->bot,45,oracolo,5,0.263,0.8810102202640875,5,160,False,0.07825
ton->bot,45,stat_13x13,5,0.263,0.9480550484299521,5,160,False,0.07825
ton->bot,45,martingala,5,0.263,0.8806433957912267,4,128,False,0.07825
ton->bot,45,stat_13x13_adaptive,5,0.263,0.9290575369289515,5,160,False,0.07825
ton->bot,45,statico,6,0.316,0.8673803612406443,0,0,False,0.08175
ton->bot,45,ogni_batch,6,0.316,0.859418621416894,6,192,False,0.08175
ton->bot,45,su_innesco,6,0.316,0.8673803612406443,0,0,False,0.08175
ton->bot,45,oracolo,6,0.316,0.8642358111959199,6,192,False,0.08175
ton->bot,45,stat_13x13,6,0.316,0.8539549481995146,6,192,False,0.08175
ton->bot,45,martingala,6,0.316,0.8561669945864978,5,160,False,0.08175
ton->bot,45,stat_13x13_adaptive,6,0.316,0.832228530516884,6,192,False,0.08175
ton->bot,45,statico,7,0.368,0.8546561983061354,0,0,False,0.09075
ton->bot,45,ogni_batch,7,0.368,0.8495753245199594,7,224,False,0.09075
ton->bot,45,su_innesco,7,0.368,0.8546561983061354,0,0,False,0.09075
ton->bot,45,oracolo,7,0.368,0.8541033380074874,7,224,False,0.09075
ton->bot,45,stat_13x13,7,0.368,0.952507181612866,7,224,False,0.09075
ton->bot,45,martingala,7,0.368,0.868306246578896,6,192,False,0.09075
ton->bot,45,stat_13x13_adaptive,7,0.368,0.9384785953879632,7,224,False,0.09075
ton->bot,45,statico,8,0.421,0.841489988442238,0,0,False,0.09655
ton->bot,45,ogni_batch,8,0.421,0.8398670959614636,8,256,False,0.09655
ton->bot,45,su_innesco,8,0.421,0.841489988442238,0,0,False,0.09655
ton->bot,45,oracolo,8,0.421,0.8403433296102638,8,256,False,0.09655
ton->bot,45,stat_13x13,8,0.421,0.960840582639362,8,256,False,0.09655
ton->bot,45,martingala,8,0.421,0.9425631459062652,7,224,False,0.09655
ton->bot,45,stat_13x13_adaptive,8,0.421,0.9347439330270123,8,256,False,0.09655
ton->bot,45,statico,9,0.474,0.8249104011155822,0,0,False,0.1041
ton->bot,45,ogni_batch,9,0.474,0.8281771219889332,9,288,False,0.1041
ton->bot,45,su_innesco,9,0.474,0.8249104011155822,0,0,False,0.1041
ton->bot,45,oracolo,9,0.474,0.8248012052561329,9,288,False,0.1041
ton->bot,45,stat_13x13,9,0.474,0.9532934748476929,9,288,False,0.1041
ton->bot,45,martingala,9,0.474,0.9326441504579583,8,256,False,0.1041
ton->bot,45,stat_13x13_adaptive,9,0.474,0.9683923761444773,9,288,False,0.1041
ton->bot,45,statico,10,0.526,0.8145342428861365,0,0,False,0.11655
ton->bot,45,ogni_batch,10,0.526,0.8206972345739536,10,320,False,0.11655
ton->bot,45,su_innesco,10,0.526,0.8145342428861365,0,0,False,0.11655
ton->bot,45,oracolo,10,0.526,0.917410695693665,10,320,False,0.11655
ton->bot,45,stat_13x13,10,0.526,0.9654605334916682,10,320,False,0.11655
ton->bot,45,martingala,10,0.526,0.9661777899675517,9,288,False,0.11655
ton->bot,45,stat_13x13_adaptive,10,0.526,0.9512978043731674,10,320,False,0.11655
ton->bot,45,statico,11,0.579,0.7977511555717894,0,0,False,0.12365
ton->bot,45,ogni_batch,11,0.579,0.8016491069734201,11,352,False,0.12365
ton->bot,45,su_innesco,11,0.579,0.7977511555717894,0,0,False,0.12365
ton->bot,45,oracolo,11,0.579,0.944484044556529,11,352,False,0.12365
ton->bot,45,stat_13x13,11,0.579,0.724618954812027,11,352,False,0.12365
ton->bot,45,martingala,11,0.579,0.947932533508126,10,320,False,0.12365
ton->bot,45,stat_13x13_adaptive,11,0.579,0.689710002513394,11,352,False,0.12365
ton->bot,45,statico,12,0.632,0.7862422070853674,0,0,False,0.13115
ton->bot,45,ogni_batch,12,0.632,0.8107491712297137,12,384,False,0.13115
ton->bot,45,su_innesco,12,0.632,0.7862422070853674,0,0,False,0.13115
ton->bot,45,oracolo,12,0.632,0.9380875610238817,12,384,False,0.13115
ton->bot,45,stat_13x13,12,0.632,0.8218123268241193,12,384,False,0.13115
ton->bot,45,martingala,12,0.632,0.9601231610370762,11,352,False,0.13115
ton->bot,45,stat_13x13_adaptive,12,0.632,0.7498020847077451,12,384,False,0.13115
ton->bot,45,statico,13,0.684,0.7748873100755007,0,0,True,0.14275
ton->bot,45,ogni_batch,13,0.684,0.8754470552441476,13,416,True,0.14275
ton->bot,45,su_innesco,13,0.684,0.7748873100755007,0,0,True,0.14275
ton->bot,45,oracolo,13,0.684,0.9357720476379614,13,416,True,0.14275
ton->bot,45,stat_13x13,13,0.684,0.9675985231285056,13,416,True,0.14275
ton->bot,45,martingala,13,0.684,0.9768722835831758,12,384,True,0.14275
ton->bot,45,stat_13x13_adaptive,13,0.684,0.9716987617041013,13,416,True,0.14275
ton->bot,45,statico,14,0.737,0.7620878798626549,0,0,True,0.14555
ton->bot,45,ogni_batch,14,0.737,0.9475955595380465,14,448,True,0.14555
ton->bot,45,su_innesco,14,0.737,0.636804260416963,1,32,True,0.14555
ton->bot,45,oracolo,14,0.737,0.9335849844976682,14,448,True,0.14555
ton->bot,45,stat_13x13,14,0.737,0.9663119269047878,14,448,True,0.14555
ton->bot,45,martingala,14,0.737,0.9418385793242552,13,416,True,0.14555
ton->bot,45,stat_13x13_adaptive,14,0.737,0.9690289126990022,14,448,True,0.14555
ton->bot,45,statico,15,0.789,0.7443730168110871,0,0,True,0.15575
ton->bot,45,ogni_batch,15,0.789,0.8673048026679809,15,480,True,0.15575
ton->bot,45,su_innesco,15,0.789,0.6432013246340913,2,64,True,0.15575
ton->bot,45,oracolo,15,0.789,0.9327716424142073,15,480,True,0.15575
ton->bot,45,stat_13x13,15,0.789,0.8933301303540797,15,480,True,0.15575
ton->bot,45,martingala,15,0.789,0.9322445170370275,14,448,True,0.15575
ton->bot,45,stat_13x13_adaptive,15,0.789,0.8967402993095103,15,480,True,0.15575
ton->bot,45,statico,16,0.842,0.7368658008658009,0,0,True,0.16695
ton->bot,45,ogni_batch,16,0.842,0.9737922077922078,16,512,True,0.16695
ton->bot,45,su_innesco,16,0.842,0.6507532467532468,3,96,True,0.16695
ton->bot,45,oracolo,16,0.842,0.9432380952380952,16,512,True,0.16695
ton->bot,45,stat_13x13,16,0.842,0.8962337662337663,16,512,True,0.16695
ton->bot,45,martingala,16,0.842,0.944978354978355,15,480,True,0.16695
ton->bot,45,stat_13x13_adaptive,16,0.842,0.9001558441558442,16,512,True,0.16695
ton->bot,45,statico,17,0.895,0.7236833858719864,0,0,True,0.1676
ton->bot,45,ogni_batch,17,0.895,0.8651098314754243,17,544,True,0.1676
ton->bot,45,su_innesco,17,0.895,0.6653049246306061,4,128,True,0.1676
ton->bot,45,oracolo,17,0.895,0.9598792853162228,17,544,True,0.1676
ton->bot,45,stat_13x13,17,0.895,0.9144520537503451,17,544,True,0.1676
ton->bot,45,martingala,17,0.895,0.9461592437821732,16,512,True,0.1676
ton->bot,45,stat_13x13_adaptive,17,0.895,0.8641479167760634,17,544,True,0.1676
ton->bot,45,statico,18,0.947,0.7194208889315421,0,0,True,0.17915
ton->bot,45,ogni_batch,18,0.947,0.9286501933359219,18,576,True,0.17915
ton->bot,45,su_innesco,18,0.947,0.6511986029161773,5,160,True,0.17915
ton->bot,45,oracolo,18,0.947,0.9689037129778982,18,576,True,0.17915
ton->bot,45,stat_13x13,18,0.947,0.9773805476321626,18,576,True,0.17915
ton->bot,45,martingala,18,0.947,0.8918736332978364,17,544,True,0.17915
ton->bot,45,stat_13x13_adaptive,18,0.947,0.851957582646828,18,576,True,0.17915
ton->bot,45,statico,19,1.0,0.21803590179508975,0,0,True,0.18865
ton->bot,45,ogni_batch,19,1.0,0.9962248112405621,19,608,True,0.18865
ton->bot,45,su_innesco,19,1.0,0.4935746787339367,6,192,True,0.18865
ton->bot,45,oracolo,19,1.0,0.9964998249912496,19,608,True,0.18865
ton->bot,45,stat_13x13,19,1.0,0.5,19,608,True,0.18865
ton->bot,45,martingala,19,1.0,0.9976998849942498,18,576,True,0.18865
ton->bot,45,stat_13x13_adaptive,19,1.0,0.4975248762438122,19,608,True,0.18865
ton->bot,46,statico,0,0.0,0.9719880731178421,0,0,False,0.0354
ton->bot,46,ogni_batch,0,0.0,0.9719880731178421,0,0,False,0.0354
ton->bot,46,su_innesco,0,0.0,0.9719880731178421,0,0,False,0.0354
ton->bot,46,oracolo,0,0.0,0.9719880731178421,0,0,False,0.0354
ton->bot,46,stat_13x13,0,0.0,0.9719880731178421,0,0,False,0.0354
ton->bot,46,martingala,0,0.0,0.9719880731178421,0,0,False,0.0354
ton->bot,46,stat_13x13_adaptive,0,0.0,0.9719880731178421,0,0,False,0.0354
ton->bot,46,statico,1,0.053,0.9509918260050985,0,0,False,0.04165
ton->bot,46,ogni_batch,1,0.053,0.9549524191035128,1,32,False,0.04165
ton->bot,46,su_innesco,1,0.053,0.9509918260050985,0,0,False,0.04165
ton->bot,46,oracolo,1,0.053,0.932111037719978,1,32,False,0.04165
ton->bot,46,stat_13x13,1,0.053,0.9219239385941446,1,32,False,0.04165
ton->bot,46,martingala,1,0.053,0.9509918260050985,0,0,False,0.04165
ton->bot,46,stat_13x13_adaptive,1,0.053,0.9249432214631832,1,32,False,0.04165
ton->bot,46,statico,2,0.105,0.9351734370252572,0,0,False,0.04775
ton->bot,46,ogni_batch,2,0.105,0.9396505091739331,2,64,False,0.04775
ton->bot,46,su_innesco,2,0.105,0.9351734370252572,0,0,False,0.04775
ton->bot,46,oracolo,2,0.105,0.9173793931675966,2,64,False,0.04775
ton->bot,46,stat_13x13,2,0.105,0.9392117388216413,2,64,False,0.04775
ton->bot,46,martingala,2,0.105,0.9351734370252572,0,0,False,0.04775
ton->bot,46,stat_13x13_adaptive,2,0.105,0.8998183685086132,2,64,False,0.04775
ton->bot,46,statico,3,0.158,0.9162814222141049,0,0,False,0.0558
ton->bot,46,ogni_batch,3,0.158,0.9204407276150202,3,96,False,0.0558
ton->bot,46,su_innesco,3,0.158,0.9162814222141049,0,0,False,0.0558
ton->bot,46,oracolo,3,0.158,0.9450919626490644,3,96,False,0.0558
ton->bot,46,stat_13x13,3,0.158,0.9394086947427001,3,96,False,0.0558
ton->bot,46,martingala,3,0.158,0.8805986109111033,1,32,False,0.0558
ton->bot,46,stat_13x13_adaptive,3,0.158,0.9037817685692198,3,96,False,0.0558
ton->bot,46,statico,4,0.211,0.9035069762512504,0,0,False,0.0651
ton->bot,46,ogni_batch,4,0.211,0.9349233545947611,4,128,False,0.0651
ton->bot,46,su_innesco,4,0.211,0.9035069762512504,0,0,False,0.0651
ton->bot,46,oracolo,4,0.211,0.9530911243984618,4,128,False,0.0651
ton->bot,46,stat_13x13,4,0.211,0.9564167692777001,4,128,False,0.0651
ton->bot,46,martingala,4,0.211,0.9238998192781095,2,64,False,0.0651
ton->bot,46,stat_13x13_adaptive,4,0.211,0.9637400736825571,4,128,False,0.0651
ton->bot,46,statico,5,0.263,0.8861160616808303,0,0,False,0.07545
ton->bot,46,ogni_batch,5,0.263,0.8877672640681356,5,160,False,0.07545
ton->bot,46,su_innesco,5,0.263,0.8861160616808303,0,0,False,0.07545
ton->bot,46,oracolo,5,0.263,0.9552402435895118,5,160,False,0.07545
ton->bot,46,stat_13x13,5,0.263,0.9588121030290419,5,160,False,0.07545
ton->bot,46,martingala,5,0.263,0.9438099884838187,3,96,False,0.07545
ton->bot,46,stat_13x13_adaptive,5,0.263,0.88399843281813,5,160,False,0.07545
ton->bot,46,statico,6,0.316,0.8722347343883387,0,0,False,0.0815
ton->bot,46,ogni_batch,6,0.316,0.9203809271004997,6,192,False,0.0815
ton->bot,46,su_innesco,6,0.316,0.8722347343883387,0,0,False,0.0815
ton->bot,46,oracolo,6,0.316,0.9606364932775788,6,192,False,0.0815
ton->bot,46,stat_13x13,6,0.316,0.9669660979423942,6,192,False,0.0815
ton->bot,46,martingala,6,0.316,0.9584210631654061,4,128,False,0.0815
ton->bot,46,stat_13x13_adaptive,6,0.316,0.9707061005763891,6,192,False,0.0815
ton->bot,46,statico,7,0.368,0.8566944385010489,0,0,False,0.0898
ton->bot,46,ogni_batch,7,0.368,0.9321780849493391,7,224,False,0.0898
ton->bot,46,su_innesco,7,0.368,0.8566944385010489,0,0,False,0.0898
ton->bot,46,oracolo,7,0.368,0.9547860757426325,7,224,False,0.0898
ton->bot,46,stat_13x13,7,0.368,0.961328936557031,7,224,False,0.0898
ton->bot,46,martingala,7,0.368,0.9491039698224619,5,160,False,0.0898
ton->bot,46,stat_13x13_adaptive,7,0.368,0.9675417542877907,7,224,False,0.0898
ton->bot,46,statico,8,0.421,0.8430718056960866,0,0,False,0.0938
ton->bot,46,ogni_batch,8,0.421,0.9239094394117172,8,256,False,0.0938
ton->bot,46,su_innesco,8,0.421,0.8430718056960866,0,0,False,0.0938
ton->bot,46,oracolo,8,0.421,0.9561358366598948,8,256,False,0.0938
ton->bot,46,stat_13x13,8,0.421,0.9456876626663479,8,256,False,0.0938
ton->bot,46,martingala,8,0.421,0.9447766519458736,6,192,False,0.0938
ton->bot,46,stat_13x13_adaptive,8,0.421,0.9615671706783335,8,256,False,0.0938
ton->bot,46,statico,9,0.474,0.8300763435428363,0,0,False,0.10205
ton->bot,46,ogni_batch,9,0.474,0.9614979407490124,9,288,False,0.10205
ton->bot,46,su_innesco,9,0.474,0.8300763435428363,0,0,False,0.10205
ton->bot,46,oracolo,9,0.474,0.9598730205457305,9,288,False,0.10205
ton->bot,46,stat_13x13,9,0.474,0.9223795497834216,9,288,False,0.10205
ton->bot,46,martingala,9,0.474,0.9671859494916354,7,224,False,0.10205
ton->bot,46,stat_13x13_adaptive,9,0.474,0.6861017301143655,9,288,False,0.10205
ton->bot,46,statico,10,0.526,0.8144347210013252,0,0,False,0.11225
ton->bot,46,ogni_batch,10,0.526,0.9633206693244216,10,320,False,0.11225
ton->bot,46,su_innesco,10,0.526,0.8144347210013252,0,0,False,0.11225
ton->bot,46,oracolo,10,0.526,0.9568257258688778,10,320,False,0.11225
ton->bot,46,stat_13x13,10,0.526,0.9270383775074207,10,320,False,0.11225
ton->bot,46,martingala,10,0.526,0.9606122457904822,8,256,False,0.11225
ton->bot,46,stat_13x13_adaptive,10,0.526,0.8363791930396058,10,320,False,0.11225
ton->bot,46,statico,11,0.579,0.7987302158403128,0,0,False,0.1173
ton->bot,46,ogni_batch,11,0.579,0.9637818674659684,11,352,False,0.1173
ton->bot,46,su_innesco,11,0.579,0.7987302158403128,0,0,False,0.1173
ton->bot,46,oracolo,11,0.579,0.9606370517454066,11,352,False,0.1173
ton->bot,46,stat_13x13,11,0.579,0.9310428704885985,11,352,False,0.1173
ton->bot,46,martingala,11,0.579,0.9635232937289444,9,288,False,0.1173
ton->bot,46,stat_13x13_adaptive,11,0.579,0.9431421826418797,11,352,False,0.1173
ton->bot,46,statico,12,0.632,0.7850434839553357,0,0,False,0.1254
ton->bot,46,ogni_batch,12,0.632,0.9733607044410878,12,384,False,0.1254
ton->bot,46,su_innesco,12,0.632,0.7850434839553357,0,0,False,0.1254
ton->bot,46,oracolo,12,0.632,0.9634091795191025,12,384,False,0.1254
ton->bot,46,stat_13x13,12,0.632,0.9650441893875685,12,384,False,0.1254
ton->bot,46,martingala,12,0.632,0.9291353499424275,10,320,False,0.1254
ton->bot,46,stat_13x13_adaptive,12,0.632,0.770779151165278,12,384,False,0.1254
ton->bot,46,statico,13,0.684,0.7745485510780098,0,0,True,0.1348
ton->bot,46,ogni_batch,13,0.684,0.9697891268046874,13,416,True,0.1348
ton->bot,46,su_innesco,13,0.684,0.7745485510780098,0,0,True,0.1348
ton->bot,46,oracolo,13,0.684,0.960720249442154,13,416,True,0.1348
ton->bot,46,stat_13x13,13,0.684,0.9642235965184496,13,416,True,0.1348
ton->bot,46,martingala,13,0.684,0.9236825966810007,11,352,True,0.1348
ton->bot,46,stat_13x13_adaptive,13,0.684,0.9680014334057425,13,416,True,0.1348
ton->bot,46,statico,14,0.737,0.7661731709799428,0,0,True,0.1409
ton->bot,46,ogni_batch,14,0.737,0.9709217011182848,14,448,True,0.1409
ton->bot,46,su_innesco,14,0.737,0.9531630720259336,1,32,True,0.1409
ton->bot,46,oracolo,14,0.737,0.9656570468029164,14,448,True,0.1409
ton->bot,46,stat_13x13,14,0.737,0.969209711169881,14,448,True,0.1409
ton->bot,46,martingala,14,0.737,0.9732650156134861,12,384,True,0.1409
ton->bot,46,stat_13x13_adaptive,14,0.737,0.9716104579445031,14,448,True,0.1409
ton->bot,46,statico,15,0.789,0.7508975152824621,0,0,True,0.14985
ton->bot,46,ogni_batch,15,0.789,0.9221533120784149,15,480,True,0.14985
ton->bot,46,su_innesco,15,0.789,0.8715425076412311,2,64,True,0.14985
ton->bot,46,oracolo,15,0.789,0.9612331036572512,15,480,True,0.14985
ton->bot,46,stat_13x13,15,0.789,0.8804246153035413,15,480,True,0.14985
ton->bot,46,martingala,15,0.789,0.9698640717221754,13,416,True,0.14985
ton->bot,46,stat_13x13_adaptive,15,0.789,0.7712727590113828,15,480,True,0.14985
ton->bot,46,statico,16,0.842,0.7363594443438523,0,0,True,0.15755
ton->bot,46,ogni_batch,16,0.842,0.9180959657983091,16,512,True,0.15755
ton->bot,46,su_innesco,16,0.842,0.8985761023949591,3,96,True,0.15755
ton->bot,46,oracolo,16,0.842,0.9596341097947532,16,512,True,0.15755
ton->bot,46,stat_13x13,16,0.842,0.9635912246472907,16,512,True,0.15755
ton->bot,46,martingala,16,0.842,0.9680825803372108,14,448,True,0.15755
ton->bot,46,stat_13x13_adaptive,16,0.842,0.9675880569570461,16,512,True,0.15755
ton->bot,46,statico,17,0.895,0.7251069708150605,0,0,True,0.16725
ton->bot,46,ogni_batch,17,0.895,0.9351161379282324,17,544,True,0.16725
ton->bot,46,su_innesco,17,0.895,0.865993057371908,4,128,True,0.16725
ton->bot,46,oracolo,17,0.895,0.9627774575354432,17,544,True,0.16725
ton->bot,46,stat_13x13,17,0.895,0.8408563759684509,17,544,True,0.16725
ton->bot,46,martingala,17,0.895,0.975289678236867,15,480,True,0.16725
ton->bot,46,stat_13x13_adaptive,17,0.895,0.824716670179457,17,544,True,0.16725
ton->bot,46,statico,18,0.947,0.7175229271247623,0,0,True,0.1747
ton->bot,46,ogni_batch,18,0.947,0.9258993341575679,18,576,True,0.1747
ton->bot,46,su_innesco,18,0.947,0.863059896027289,5,160,True,0.1747
ton->bot,46,oracolo,18,0.947,0.959775371277911,18,576,True,0.1747
ton->bot,46,stat_13x13,18,0.947,0.8344152652197876,18,576,True,0.1747
ton->bot,46,martingala,18,0.947,0.9723106867462102,16,512,True,0.1747
ton->bot,46,stat_13x13_adaptive,18,0.947,0.8136241987298845,18,576,True,0.1747
ton->bot,46,statico,19,1.0,0.5551166008234568,0,0,True,0.1795
ton->bot,46,ogni_batch,19,1.0,0.8310329882815756,19,608,True,0.1795
ton->bot,46,su_innesco,19,1.0,0.831183010784951,6,192,True,0.1795
ton->bot,46,oracolo,19,1.0,0.8237819006184262,19,608,True,0.1795
ton->bot,46,stat_13x13,19,1.0,0.6603407177743328,19,608,True,0.1795
ton->bot,46,martingala,19,1.0,0.8247070393892417,17,544,True,0.1795
ton->bot,46,stat_13x13_adaptive,19,1.0,0.4999749962494374,19,608,True,0.1795
ton->bot,47,statico,0,0.0,0.9698442182298764,0,0,False,0.03355
ton->bot,47,ogni_batch,0,0.0,0.9698442182298764,0,0,False,0.03355
ton->bot,47,su_innesco,0,0.0,0.9698442182298764,0,0,False,0.03355
ton->bot,47,oracolo,0,0.0,0.9698442182298764,0,0,False,0.03355
ton->bot,47,stat_13x13,0,0.0,0.9698442182298764,0,0,False,0.03355
ton->bot,47,martingala,0,0.0,0.9698442182298764,0,0,False,0.03355
ton->bot,47,stat_13x13_adaptive,0,0.0,0.9698442182298764,0,0,False,0.03355
ton->bot,47,statico,1,0.053,0.9515409861316229,0,0,False,0.03995
ton->bot,47,ogni_batch,1,0.053,0.9564441357391607,1,32,False,0.03995
ton->bot,47,su_innesco,1,0.053,0.9515409861316229,0,0,False,0.03995
ton->bot,47,oracolo,1,0.053,0.9350324593974262,1,32,False,0.03995
ton->bot,47,stat_13x13,1,0.053,0.9245198055715971,1,32,False,0.03995
ton->bot,47,martingala,1,0.053,0.9515409861316229,0,0,False,0.03995
ton->bot,47,stat_13x13_adaptive,1,0.053,0.9274027373003413,1,32,False,0.03995
ton->bot,47,statico,2,0.105,0.9346256754808722,0,0,False,0.0477
ton->bot,47,ogni_batch,2,0.105,0.9386164671230262,2,64,False,0.0477
ton->bot,47,su_innesco,2,0.105,0.9346256754808722,0,0,False,0.0477
ton->bot,47,oracolo,2,0.105,0.9164169124436532,2,64,False,0.0477
ton->bot,47,stat_13x13,2,0.105,0.9104335252796403,2,64,False,0.0477
ton->bot,47,martingala,2,0.105,0.9346256754808722,0,0,False,0.0477
ton->bot,47,stat_13x13_adaptive,2,0.105,0.9098987898811309,2,64,False,0.0477
ton->bot,47,statico,3,0.158,0.9209955431346348,0,0,False,0.0558
ton->bot,47,ogni_batch,3,0.158,0.9256729092657172,3,96,False,0.0558
ton->bot,47,su_innesco,3,0.158,0.9209955431346348,0,0,False,0.0558
ton->bot,47,oracolo,3,0.158,0.9088741118860606,3,96,False,0.0558
ton->bot,47,stat_13x13,3,0.158,0.9675260425153994,3,96,False,0.0558
ton->bot,47,martingala,3,0.158,0.9253212792914643,1,32,False,0.0558
ton->bot,47,stat_13x13_adaptive,3,0.158,0.9436314999348174,3,96,False,0.0558
ton->bot,47,statico,4,0.211,0.9039448213443935,0,0,False,0.0626
ton->bot,47,ogni_batch,4,0.211,0.9205912534548482,4,128,False,0.0626
ton->bot,47,su_innesco,4,0.211,0.9039448213443935,0,0,False,0.0626
ton->bot,47,oracolo,4,0.211,0.9033247996540468,4,128,False,0.0626
ton->bot,47,stat_13x13,4,0.211,0.9635328086379056,4,128,False,0.0626
ton->bot,47,martingala,4,0.211,0.9583945935604736,2,64,False,0.0626
ton->bot,47,stat_13x13_adaptive,4,0.211,0.9633075964020987,4,128,False,0.0626
ton->bot,47,statico,5,0.263,0.8850028778679184,0,0,False,0.07055
ton->bot,47,ogni_batch,5,0.263,0.9085289198640083,5,160,False,0.07055
ton->bot,47,su_innesco,5,0.263,0.8850028778679184,0,0,False,0.07055
ton->bot,47,oracolo,5,0.263,0.9034174675009263,5,160,False,0.07055
ton->bot,47,stat_13x13,5,0.263,0.9621376594559425,5,160,False,0.07055
ton->bot,47,martingala,5,0.263,0.9449376662521524,3,96,False,0.07055
ton->bot,47,stat_13x13_adaptive,5,0.263,0.9554103855998679,5,160,False,0.07055
ton->bot,47,statico,6,0.316,0.8695964237497278,0,0,False,0.08275
ton->bot,47,ogni_batch,6,0.316,0.9611384907740628,6,192,False,0.08275
ton->bot,47,su_innesco,6,0.316,0.8695964237497278,0,0,False,0.08275
ton->bot,47,oracolo,6,0.316,0.9494118464199344,6,192,False,0.08275
ton->bot,47,stat_13x13,6,0.316,0.9535441122026063,6,192,False,0.08275
ton->bot,47,martingala,6,0.316,0.8991855502963315,4,128,False,0.08275
ton->bot,47,stat_13x13_adaptive,6,0.316,0.9556084728583216,6,192,False,0.08275
ton->bot,47,statico,7,0.368,0.8578525425250213,0,0,False,0.0898
ton->bot,47,ogni_batch,7,0.368,0.9663155017478768,7,224,False,0.0898
ton->bot,47,su_innesco,7,0.368,0.8578525425250213,0,0,False,0.0898
ton->bot,47,oracolo,7,0.368,0.9661389375102853,7,224,False,0.0898
ton->bot,47,stat_13x13,7,0.368,0.9710186868233522,7,224,False,0.0898
ton->bot,47,martingala,7,0.368,0.9693119511392367,5,160,False,0.0898
ton->bot,47,stat_13x13_adaptive,7,0.368,0.9555285644470376,7,224,False,0.0898
ton->bot,47,statico,8,0.421,0.8403519908074397,0,0,False,0.0953
ton->bot,47,ogni_batch,8,0.421,0.9752746585621767,8,256,False,0.0953
ton->bot,47,su_innesco,8,0.421,0.8403519908074397,0,0,False,0.0953
ton->bot,47,oracolo,8,0.421,0.9672842174497649,8,256,False,0.0953
ton->bot,47,stat_13x13,8,0.421,0.8810483037306882,8,256,False,0.0953
ton->bot,47,martingala,8,0.421,0.9735805698185787,6,192,False,0.0953
ton->bot,47,stat_13x13_adaptive,8,0.421,0.9611466630900275,8,256,False,0.0953
ton->bot,47,statico,9,0.474,0.830084020140458,0,0,False,0.1022
ton->bot,47,ogni_batch,9,0.474,0.9756696890895696,9,288,False,0.1022
ton->bot,47,su_innesco,9,0.474,0.830084020140458,0,0,False,0.1022
ton->bot,47,oracolo,9,0.474,0.9667080213969694,9,288,False,0.1022
ton->bot,47,stat_13x13,9,0.474,0.8953381934889924,9,288,False,0.1022
ton->bot,47,martingala,9,0.474,0.976196197891861,7,224,False,0.1022
ton->bot,47,stat_13x13_adaptive,9,0.474,0.9689122669114881,9,288,False,0.1022
ton->bot,47,statico,10,0.526,0.8163091938690272,0,0,False,0.1124
ton->bot,47,ogni_batch,10,0.526,0.9713834917664428,10,320,False,0.1124
ton->bot,47,su_innesco,10,0.526,0.8163091938690272,0,0,False,0.1124
ton->bot,47,oracolo,10,0.526,0.9595489674866767,10,320,False,0.1124
ton->bot,47,stat_13x13,10,0.526,0.973525455063492,10,320,False,0.1124
ton->bot,47,martingala,10,0.526,0.959944780449268,8,256,False,0.1124
ton->bot,47,stat_13x13_adaptive,10,0.526,0.9629299710546595,10,320,False,0.1124
ton->bot,47,statico,11,0.579,0.8034319583401417,0,0,False,0.11785
ton->bot,47,ogni_batch,11,0.579,0.9427941642004293,11,352,False,0.11785
ton->bot,47,su_innesco,11,0.579,0.8034319583401417,0,0,False,0.11785
ton->bot,47,oracolo,11,0.579,0.9618961317436028,11,352,False,0.11785
ton->bot,47,stat_13x13,11,0.579,0.9725893132632739,11,352,False,0.11785
ton->bot,47,martingala,11,0.579,0.9132594782989663,9,288,False,0.11785
ton->bot,47,stat_13x13_adaptive,11,0.579,0.9582563260268593,11,352,False,0.11785
ton->bot,47,statico,12,0.632,0.7873464848340169,0,0,False,0.1277
ton->bot,47,ogni_batch,12,0.632,0.9564742188290507,12,384,False,0.1277
ton->bot,47,su_innesco,12,0.632,0.7873464848340169,0,0,False,0.1277
ton->bot,47,oracolo,12,0.632,0.9656356486525679,12,384,False,0.1277
ton->bot,47,stat_13x13,12,0.632,0.9732540307279587,12,384,False,0.1277
ton->bot,47,martingala,12,0.632,0.9247184596182316,10,320,False,0.1277
ton->bot,47,stat_13x13_adaptive,12,0.632,0.9646138865035412,12,384,False,0.1277
ton->bot,47,statico,13,0.684,0.7781453460708916,0,0,True,0.13385
ton->bot,47,ogni_batch,13,0.684,0.95198759670375,13,416,True,0.13385
ton->bot,47,su_innesco,13,0.684,0.7781453460708916,0,0,True,0.13385
ton->bot,47,oracolo,13,0.684,0.9663950858188568,13,416,True,0.13385
ton->bot,47,stat_13x13,13,0.684,0.9151764591348892,13,416,True,0.13385
ton->bot,47,martingala,13,0.684,0.9170535584602881,11,352,True,0.13385
ton->bot,47,stat_13x13_adaptive,13,0.684,0.9723804899234301,13,416,True,0.13385
ton->bot,47,statico,14,0.737,0.7585483156235937,0,0,True,0.1431
ton->bot,47,ogni_batch,14,0.737,0.9686867369929902,14,448,True,0.1431
ton->bot,47,su_innesco,14,0.737,0.7585483156235937,1,32,True,0.1431
ton->bot,47,oracolo,14,0.737,0.9576992553151811,14,448,True,0.1431
ton->bot,47,stat_13x13,14,0.737,0.9272700005372811,14,448,True,0.1431
ton->bot,47,martingala,14,0.737,0.9194528062588818,12,384,True,0.1431
ton->bot,47,stat_13x13_adaptive,14,0.737,0.9618656077463126,14,448,True,0.1431
ton->bot,47,statico,15,0.789,0.7520224294221856,0,0,True,0.1475
ton->bot,47,ogni_batch,15,0.789,0.9738581564406086,15,480,True,0.1475
ton->bot,47,su_innesco,15,0.789,0.7520224294221856,2,64,True,0.1475
ton->bot,47,oracolo,15,0.789,0.9668903374160498,15,480,True,0.1475
ton->bot,47,stat_13x13,15,0.789,0.9226812141412,15,480,True,0.1475
ton->bot,47,martingala,15,0.789,0.9737687487562346,13,416,True,0.1475
ton->bot,47,stat_13x13_adaptive,15,0.789,0.9173312033522036,15,480,True,0.1475
ton->bot,47,statico,16,0.842,0.7451681978755945,0,0,True,0.16125
ton->bot,47,ogni_batch,16,0.842,0.9733032785424287,16,512,True,0.16125
ton->bot,47,su_innesco,16,0.842,0.7451681978755945,3,96,True,0.16125
ton->bot,47,oracolo,16,0.842,0.9666023279424598,16,512,True,0.16125
ton->bot,47,stat_13x13,16,0.842,0.9364367803895401,16,512,True,0.16125
ton->bot,47,martingala,16,0.842,0.9763266160154391,14,448,True,0.16125
ton->bot,47,stat_13x13_adaptive,16,0.842,0.9653943037238577,16,512,True,0.16125
ton->bot,47,statico,17,0.895,0.7291522347085386,0,0,True,0.16205
ton->bot,47,ogni_batch,17,0.895,0.9817066912972086,17,544,True,0.16205
ton->bot,47,su_innesco,17,0.895,0.7291522347085386,4,128,True,0.16205
ton->bot,47,oracolo,17,0.895,0.9688462130541872,17,544,True,0.16205
ton->bot,47,stat_13x13,17,0.895,0.9460581511699507,17,544,True,0.16205
ton->bot,47,martingala,17,0.895,0.8843583230706076,15,480,True,0.16205
ton->bot,47,stat_13x13_adaptive,17,0.895,0.9696383672003284,17,544,True,0.16205
ton->bot,47,statico,18,0.947,0.712036698599745,0,0,True,0.17145
ton->bot,47,ogni_batch,18,0.947,0.9737031792272297,18,576,True,0.17145
ton->bot,47,su_innesco,18,0.947,0.5749057583869017,5,160,True,0.17145
ton->bot,47,oracolo,18,0.947,0.9694917628416282,18,576,True,0.17145
ton->bot,47,stat_13x13,18,0.947,0.9334025326133982,18,576,True,0.17145
ton->bot,47,martingala,18,0.947,0.978618626242906,16,512,True,0.17145
ton->bot,47,stat_13x13_adaptive,18,0.947,0.8679639798960953,18,576,True,0.17145
ton->bot,47,statico,19,1.0,0.4432,0,0,True,0.17955
ton->bot,47,ogni_batch,19,1.0,0.99605,19,608,True,0.17955
ton->bot,47,su_innesco,19,1.0,1.0,6,192,True,0.17955
ton->bot,47,oracolo,19,1.0,0.97925,19,608,True,0.17955
ton->bot,47,stat_13x13,19,1.0,0.9999,19,608,True,0.17955
ton->bot,47,martingala,19,1.0,0.99605,17,544,True,0.17955
ton->bot,47,stat_13x13_adaptive,19,1.0,0.9815,19,608,True,0.17955
ton->bot,48,statico,0,0.0,0.9692712193676165,0,0,False,0.02995
ton->bot,48,ogni_batch,0,0.0,0.9692712193676165,0,0,False,0.02995
ton->bot,48,su_innesco,0,0.0,0.9692712193676165,0,0,False,0.02995
ton->bot,48,oracolo,0,0.0,0.9692712193676165,0,0,False,0.02995
ton->bot,48,stat_13x13,0,0.0,0.9692712193676165,0,0,False,0.02995
ton->bot,48,martingala,0,0.0,0.9692712193676165,0,0,False,0.02995
ton->bot,48,stat_13x13_adaptive,0,0.0,0.9692712193676165,0,0,False,0.02995
ton->bot,48,statico,1,0.053,0.9530582633484472,0,0,False,0.03675
ton->bot,48,ogni_batch,1,0.053,0.9345089751793352,1,32,False,0.03675
ton->bot,48,su_innesco,1,0.053,0.9530582633484472,0,0,False,0.03675
ton->bot,48,oracolo,1,0.053,0.9351580779821442,1,32,False,0.03675
ton->bot,48,stat_13x13,1,0.053,0.9323930764505984,1,32,False,0.03675
ton->bot,48,martingala,1,0.053,0.9530582633484472,0,0,False,0.03675
ton->bot,48,stat_13x13_adaptive,1,0.053,0.9398747694949061,1,32,False,0.03675
ton->bot,48,statico,2,0.105,0.9323485409568952,0,0,False,0.0465
ton->bot,48,ogni_batch,2,0.105,0.9254369723003999,2,64,False,0.0465
ton->bot,48,su_innesco,2,0.105,0.9323485409568952,0,0,False,0.0465
ton->bot,48,oracolo,2,0.105,0.9249437120426603,2,64,False,0.0465
ton->bot,48,stat_13x13,2,0.105,0.9410753962375944,2,64,False,0.0465
ton->bot,48,martingala,2,0.105,0.9323485409568952,0,0,False,0.0465
ton->bot,48,stat_13x13_adaptive,2,0.105,0.9251199822248556,2,64,False,0.0465
ton->bot,48,statico,3,0.158,0.919900419413283,0,0,False,0.05345
ton->bot,48,ogni_batch,3,0.158,0.9486149013787313,3,96,False,0.05345
ton->bot,48,su_innesco,3,0.158,0.919900419413283,0,0,False,0.05345
ton->bot,48,oracolo,3,0.158,0.9474777863319988,3,96,False,0.05345
ton->bot,48,stat_13x13,3,0.158,0.9484341457618547,3,96,False,0.05345
ton->bot,48,martingala,3,0.158,0.9497599573132478,1,32,False,0.05345
ton->bot,48,stat_13x13_adaptive,3,0.158,0.9513989859053722,3,96,False,0.05345
ton->bot,48,statico,4,0.211,0.900961400258846,0,0,False,0.0595
ton->bot,48,ogni_batch,4,0.211,0.9473897045629478,4,128,False,0.0595
ton->bot,48,su_innesco,4,0.211,0.900961400258846,0,0,False,0.0595
ton->bot,48,oracolo,4,0.211,0.937292987133213,4,128,False,0.0595
ton->bot,48,stat_13x13,4,0.211,0.9568665859770082,4,128,False,0.0595
ton->bot,48,martingala,4,0.211,0.9444435658810204,2,64,False,0.0595
ton->bot,48,stat_13x13_adaptive,4,0.211,0.9394187896580606,4,128,False,0.0595
ton->bot,48,statico,5,0.263,0.88723384597771,0,0,False,0.0697
ton->bot,48,ogni_batch,5,0.263,0.9541146593169587,5,160,False,0.0697
ton->bot,48,su_innesco,5,0.263,0.88723384597771,0,0,False,0.0697
ton->bot,48,oracolo,5,0.263,0.9466878891168369,5,160,False,0.0697
ton->bot,48,stat_13x13,5,0.263,0.9588565286042878,5,160,False,0.0697
ton->bot,48,martingala,5,0.263,0.9511623030581599,3,96,False,0.0697
ton->bot,48,stat_13x13_adaptive,5,0.263,0.9452459452717262,5,160,False,0.0697
ton->bot,48,statico,6,0.316,0.8725748317009043,0,0,False,0.07485
ton->bot,48,ogni_batch,6,0.316,0.9522575915171477,6,192,False,0.07485
ton->bot,48,su_innesco,6,0.316,0.8725748317009043,0,0,False,0.07485
ton->bot,48,oracolo,6,0.316,0.9472479847447344,6,192,False,0.07485
ton->bot,48,stat_13x13,6,0.316,0.957702392303025,6,192,False,0.07485
ton->bot,48,martingala,6,0.316,0.9571306809973708,4,128,False,0.07485
ton->bot,48,stat_13x13_adaptive,6,0.316,0.9284790240097079,6,192,False,0.07485
ton->bot,48,statico,7,0.368,0.8526529215217322,0,0,False,0.08335
ton->bot,48,ogni_batch,7,0.368,0.9613240255411619,7,224,False,0.08335
ton->bot,48,su_innesco,7,0.368,0.8526529215217322,0,0,False,0.08335
ton->bot,48,oracolo,7,0.368,0.9500207854611116,7,224,False,0.08335
ton->bot,48,stat_13x13,7,0.368,0.9620035303941049,7,224,False,0.08335
ton->bot,48,martingala,7,0.368,0.9558136565756209,5,160,False,0.08335
ton->bot,48,stat_13x13_adaptive,7,0.368,0.9546764272240265,7,224,False,0.08335
ton->bot,48,statico,8,0.421,0.8393383116166072,0,0,False,0.09095
ton->bot,48,ogni_batch,8,0.421,0.9637959047862992,8,256,False,0.09095
ton->bot,48,su_innesco,8,0.421,0.8393383116166072,0,0,False,0.09095
ton->bot,48,oracolo,8,0.421,0.9465444900857689,8,256,False,0.09095
ton->bot,48,stat_13x13,8,0.421,0.9599619312660311,8,256,False,0.09095
ton->bot,48,martingala,8,0.421,0.9588805038164425,6,192,False,0.09095
ton->bot,48,stat_13x13_adaptive,8,0.421,0.9577823592325988,8,256,False,0.09095
ton->bot,48,statico,9,0.474,0.8296062065368045,0,0,False,0.10205
ton->bot,48,ogni_batch,9,0.474,0.9675167802100011,9,288,False,0.10205
ton->bot,48,su_innesco,9,0.474,0.8296062065368045,0,0,False,0.10205
ton->bot,48,oracolo,9,0.474,0.9450729921107959,9,288,False,0.10205
ton->bot,48,stat_13x13,9,0.474,0.8080784925910329,9,288,False,0.10205
ton->bot,48,martingala,9,0.474,0.9658618075159099,7,224,False,0.10205
ton->bot,48,stat_13x13_adaptive,9,0.474,0.942183143799946,9,288,False,0.10205
ton->bot,48,statico,10,0.526,0.8182674864499506,0,0,False,0.1077
ton->bot,48,ogni_batch,10,0.526,0.9720849088832604,10,320,False,0.1077
ton->bot,48,su_innesco,10,0.526,0.8182674864499506,0,0,False,0.1077
ton->bot,48,oracolo,10,0.526,0.9549370070543866,10,320,False,0.1077
ton->bot,48,stat_13x13,10,0.526,0.9690211357825398,10,320,False,0.1077
ton->bot,48,martingala,10,0.526,0.9644900664156029,8,256,False,0.1077
ton->bot,48,stat_13x13_adaptive,10,0.526,0.9621533679370826,10,320,False,0.1077
ton->bot,48,statico,11,0.579,0.8033839120743604,0,0,False,0.11625
ton->bot,48,ogni_batch,11,0.579,0.9671717070970923,11,352,False,0.11625
ton->bot,48,su_innesco,11,0.579,0.8033839120743604,0,0,False,0.11625
ton->bot,48,oracolo,11,0.579,0.9598756663364394,11,352,False,0.11625
ton->bot,48,stat_13x13,11,0.579,0.967738251697632,11,352,False,0.11625
ton->bot,48,martingala,11,0.579,0.9596262486341092,9,288,False,0.11625
ton->bot,48,stat_13x13_adaptive,11,0.579,0.9571570699704227,11,352,False,0.11625
ton->bot,48,statico,12,0.632,0.7863143225013647,0,0,False,0.1255
ton->bot,48,ogni_batch,12,0.632,0.969787960449023,12,384,False,0.1255
ton->bot,48,su_innesco,12,0.632,0.7863143225013647,0,0,False,0.1255
ton->bot,48,oracolo,12,0.632,0.9605083116903451,12,384,False,0.1255
ton->bot,48,stat_13x13,12,0.632,0.9674462753064839,12,384,False,0.1255
ton->bot,48,martingala,12,0.632,0.9674419122063174,10,320,False,0.1255
ton->bot,48,stat_13x13_adaptive,12,0.632,0.9581048933220462,12,384,False,0.1255
ton->bot,48,statico,13,0.684,0.7777626722713782,0,0,True,0.1382
ton->bot,48,ogni_batch,13,0.684,0.968573883949067,13,416,True,0.1382
ton->bot,48,su_innesco,13,0.684,0.7777626722713782,0,0,True,0.1382
ton->bot,48,oracolo,13,0.684,0.9582069328785958,13,416,True,0.1382
ton->bot,48,stat_13x13,13,0.684,0.891173046654061,13,416,True,0.1382
ton->bot,48,martingala,13,0.684,0.9647774573234833,11,352,True,0.1382
ton->bot,48,stat_13x13_adaptive,13,0.684,0.9573128030959415,13,416,True,0.1382
ton->bot,48,statico,14,0.737,0.7614162911163223,0,0,True,0.1406
ton->bot,48,ogni_batch,14,0.737,0.9684708460696924,14,448,True,0.1406
ton->bot,48,su_innesco,14,0.737,0.6529804406841575,1,32,True,0.1406
ton->bot,48,oracolo,14,0.737,0.9649515968428608,14,448,True,0.1406
ton->bot,48,stat_13x13,14,0.737,0.9689179630977816,14,448,True,0.1406
ton->bot,48,martingala,14,0.737,0.9725650395224407,12,384,True,0.1406
ton->bot,48,stat_13x13_adaptive,14,0.737,0.8825584303384995,14,448,True,0.1406
ton->bot,48,statico,15,0.789,0.7495897086921459,0,0,True,0.15105
ton->bot,48,ogni_batch,15,0.789,0.9762393033025938,15,480,True,0.15105
ton->bot,48,su_innesco,15,0.789,0.9282903906719795,2,64,True,0.15105
ton->bot,48,oracolo,15,0.789,0.9711312226660465,15,480,True,0.15105
ton->bot,48,stat_13x13,15,0.789,0.8050499979080373,15,480,True,0.15105
ton->bot,48,martingala,15,0.789,0.9712126451350382,13,416,True,0.15105
ton->bot,48,stat_13x13_adaptive,15,0.789,0.9614130305483978,15,480,True,0.15105
ton->bot,48,statico,16,0.842,0.739960312269689,0,0,True,0.16095
ton->bot,48,ogni_batch,16,0.842,0.9762433602259546,16,512,True,0.16095
ton->bot,48,su_innesco,16,0.842,0.867969760293688,3,96,True,0.16095
ton->bot,48,oracolo,16,0.842,0.9704856316173659,16,512,True,0.16095
ton->bot,48,stat_13x13,16,0.842,0.9675561045982727,16,512,True,0.16095
ton->bot,48,martingala,16,0.842,0.9705080309824072,14,448,True,0.16095
ton->bot,48,stat_13x13_adaptive,16,0.842,0.9617332910422052,16,512,True,0.16095
ton->bot,48,statico,17,0.895,0.7327584806389432,0,0,True,0.16475
ton->bot,48,ogni_batch,17,0.895,0.9771898899461988,17,544,True,0.16475
ton->bot,48,su_innesco,17,0.895,0.9232999915416599,4,128,True,0.16475
ton->bot,48,oracolo,17,0.895,0.9646175158494307,17,544,True,0.16475
ton->bot,48,stat_13x13,17,0.895,0.864979421707371,17,544,True,0.16475
ton->bot,48,martingala,17,0.895,0.9698888854999628,15,480,True,0.16475
ton->bot,48,stat_13x13_adaptive,17,0.895,0.8792430969934741,17,544,True,0.16475
ton->bot,48,statico,18,0.947,0.7138186976314574,0,0,True,0.17725
ton->bot,48,ogni_batch,18,0.947,0.9775769171559896,18,576,True,0.17725
ton->bot,48,su_innesco,18,0.947,0.9633150799410614,5,160,True,0.17725
ton->bot,48,oracolo,18,0.947,0.9659233357524577,18,576,True,0.17725
ton->bot,48,stat_13x13,18,0.947,0.8976479514415782,18,576,True,0.17725
ton->bot,48,martingala,18,0.947,0.971709441182292,16,512,True,0.17725
ton->bot,48,stat_13x13_adaptive,18,0.947,0.9259857931428823,18,576,True,0.17725
ton->bot,48,statico,19,1.0,0.7227861393069653,0,0,True,0.1833
ton->bot,48,ogni_batch,19,1.0,0.9984999249962498,19,608,True,0.1833
ton->bot,48,su_innesco,19,1.0,0.9895494774738737,6,192,True,0.1833
ton->bot,48,oracolo,19,1.0,0.9975998799939997,19,608,True,0.1833
ton->bot,48,stat_13x13,19,1.0,0.9999749987499376,19,608,True,0.1833
ton->bot,48,martingala,19,1.0,0.9914495724786239,17,544,True,0.1833
ton->bot,48,stat_13x13_adaptive,19,1.0,0.9978498924946247,19,608,True,0.1833
ton->bot,49,statico,0,0.0,0.9720711588146543,0,0,False,0.03325
ton->bot,49,ogni_batch,0,0.0,0.9720711588146543,0,0,False,0.03325
ton->bot,49,su_innesco,0,0.0,0.9720711588146543,0,0,False,0.03325
ton->bot,49,oracolo,0,0.0,0.9720711588146543,0,0,False,0.03325
ton->bot,49,stat_13x13,0,0.0,0.9720711588146543,0,0,False,0.03325
ton->bot,49,martingala,0,0.0,0.9720711588146543,0,0,False,0.03325
ton->bot,49,stat_13x13_adaptive,0,0.0,0.9720711588146543,0,0,False,0.03325
ton->bot,49,statico,1,0.053,0.9522991312203438,0,0,False,0.0399
ton->bot,49,ogni_batch,1,0.053,0.9565731622781338,1,32,False,0.0399
ton->bot,49,su_innesco,1,0.053,0.9522991312203438,0,0,False,0.0399
ton->bot,49,oracolo,1,0.053,0.9410745493966982,1,32,False,0.0399
ton->bot,49,stat_13x13,1,0.053,0.9221413083562722,1,32,False,0.0399
ton->bot,49,martingala,1,0.053,0.9522991312203438,0,0,False,0.0399
ton->bot,49,stat_13x13_adaptive,1,0.053,0.9317641595472616,1,32,False,0.0399
ton->bot,49,statico,2,0.105,0.9361708418700815,0,0,False,0.04695
ton->bot,49,ogni_batch,2,0.105,0.9411632181381646,2,64,False,0.04695
ton->bot,49,su_innesco,2,0.105,0.9361708418700815,0,0,False,0.04695
ton->bot,49,oracolo,2,0.105,0.8718034807877844,2,64,False,0.04695
ton->bot,49,stat_13x13,2,0.105,0.9065359623713973,2,64,False,0.04695
ton->bot,49,martingala,2,0.105,0.9361708418700815,0,0,False,0.04695
ton->bot,49,stat_13x13_adaptive,2,0.105,0.9185862808710679,2,64,False,0.04695
ton->bot,49,statico,3,0.158,0.9158145125833876,0,0,False,0.0563
ton->bot,49,ogni_batch,3,0.158,0.9136070116244484,3,96,False,0.0563
ton->bot,49,su_innesco,3,0.158,0.9158145125833876,0,0,False,0.0563
ton->bot,49,oracolo,3,0.158,0.8956447377513648,3,96,False,0.0563
ton->bot,49,stat_13x13,3,0.158,0.925731147452326,3,96,False,0.0563
ton->bot,49,martingala,3,0.158,0.9158145125833876,0,0,False,0.0563
ton->bot,49,stat_13x13_adaptive,3,0.158,0.9123958812177078,3,96,False,0.0563
ton->bot,49,statico,4,0.211,0.9015439512287322,0,0,False,0.06195
ton->bot,49,ogni_batch,4,0.211,0.9511556074169378,4,128,False,0.06195
ton->bot,49,su_innesco,4,0.211,0.9015439512287322,0,0,False,0.06195
ton->bot,49,oracolo,4,0.211,0.9562591957105766,4,128,False,0.06195
ton->bot,49,stat_13x13,4,0.211,0.9463691308800919,4,128,False,0.06195
ton->bot,49,martingala,4,0.211,0.9015439512287322,0,0,False,0.06195
ton->bot,49,stat_13x13_adaptive,4,0.211,0.9399291750042545,4,128,False,0.06195
ton->bot,49,statico,5,0.263,0.8844836826906997,0,0,False,0.0692
ton->bot,49,ogni_batch,5,0.263,0.9534684700569045,5,160,False,0.0692
ton->bot,49,su_innesco,5,0.263,0.8844836826906997,0,0,False,0.0692
ton->bot,49,oracolo,5,0.263,0.9481103418950239,5,160,False,0.0692
ton->bot,49,stat_13x13,5,0.263,0.9387850088580947,5,160,False,0.0692
ton->bot,49,martingala,5,0.263,0.956803702658102,1,32,False,0.0692
ton->bot,49,stat_13x13_adaptive,5,0.263,0.9353797480579591,5,160,False,0.0692
ton->bot,49,statico,6,0.316,0.8739319369690952,0,0,False,0.0806
ton->bot,49,ogni_batch,6,0.316,0.9613711028033838,6,192,False,0.0806
ton->bot,49,su_innesco,6,0.316,0.8739319369690952,0,0,False,0.0806
ton->bot,49,oracolo,6,0.316,0.9634427330944357,6,192,False,0.0806
ton->bot,49,stat_13x13,6,0.316,0.9627778386334109,6,192,False,0.0806
ton->bot,49,martingala,6,0.316,0.9608310183925137,2,64,False,0.0806
ton->bot,49,stat_13x13_adaptive,6,0.316,0.9645933525786473,6,192,False,0.0806
ton->bot,49,statico,7,0.368,0.8566852192540996,0,0,False,0.09035
ton->bot,49,ogni_batch,7,0.368,0.9617717648167003,7,224,False,0.09035
ton->bot,49,su_innesco,7,0.368,0.8566852192540996,0,0,False,0.09035
ton->bot,49,oracolo,7,0.368,0.9610501026680087,7,224,False,0.09035
ton->bot,49,stat_13x13,7,0.368,0.9604393870314452,7,224,False,0.09035
ton->bot,49,martingala,7,0.368,0.9608792887381764,3,96,False,0.09035
ton->bot,49,stat_13x13_adaptive,7,0.368,0.9634047906558274,7,224,False,0.09035
ton->bot,49,statico,8,0.421,0.8427536158366318,0,0,False,0.09705
ton->bot,49,ogni_batch,8,0.421,0.9542482511172382,8,256,False,0.09705
ton->bot,49,su_innesco,8,0.421,0.8427536158366318,0,0,False,0.09705
ton->bot,49,oracolo,8,0.421,0.9571839439287246,8,256,False,0.09705
ton->bot,49,stat_13x13,8,0.421,0.9498491571801941,8,256,False,0.09705
ton->bot,49,martingala,8,0.421,0.9594294165969619,4,128,False,0.09705
ton->bot,49,stat_13x13_adaptive,8,0.421,0.9453420684577828,8,256,False,0.09705
ton->bot,49,statico,9,0.474,0.8287601543290647,0,0,False,0.101
ton->bot,49,ogni_batch,9,0.474,0.965515143044555,9,288,False,0.101
ton->bot,49,su_innesco,9,0.474,0.8287601543290647,0,0,False,0.101
ton->bot,49,oracolo,9,0.474,0.9611973775722433,9,288,False,0.101
ton->bot,49,stat_13x13,9,0.474,0.9341838202455619,9,288,False,0.101
ton->bot,49,martingala,9,0.474,0.9573621216179722,5,160,False,0.101
ton->bot,49,stat_13x13_adaptive,9,0.474,0.9562698391695068,9,288,False,0.101
ton->bot,49,statico,10,0.526,0.8162372220863577,0,0,False,0.1114
ton->bot,49,ogni_batch,10,0.526,0.9618780071192305,10,320,False,0.1114
ton->bot,49,su_innesco,10,0.526,0.8162372220863577,0,0,False,0.1114
ton->bot,49,oracolo,10,0.526,0.9665447284041837,10,320,False,0.1114
ton->bot,49,stat_13x13,10,0.526,0.9256879509122109,10,320,False,0.1114
ton->bot,49,martingala,10,0.526,0.9639390171758673,6,192,False,0.1114
ton->bot,49,stat_13x13_adaptive,10,0.526,0.9243158005823515,10,320,False,0.1114
ton->bot,49,statico,11,0.579,0.7975149335786977,0,0,False,0.11645
ton->bot,49,ogni_batch,11,0.579,0.9584618584363731,11,352,False,0.11645
ton->bot,49,su_innesco,11,0.579,0.7975149335786977,0,0,False,0.11645
ton->bot,49,oracolo,11,0.579,0.9569321643431605,11,352,False,0.11645
ton->bot,49,stat_13x13,11,0.579,0.9610123478549828,11,352,False,0.11645
ton->bot,49,martingala,11,0.579,0.9656317639342675,7,224,False,0.11645
ton->bot,49,stat_13x13_adaptive,11,0.579,0.9545419540130289,11,352,False,0.11645
ton->bot,49,statico,12,0.632,0.787789880654936,0,0,False,0.12615
ton->bot,49,ogni_batch,12,0.632,0.9530443948504097,12,384,False,0.12615
ton->bot,49,su_innesco,12,0.632,0.787789880654936,0,0,False,0.12615
ton->bot,49,oracolo,12,0.632,0.9545489219439355,12,384,False,0.12615
ton->bot,49,stat_13x13,12,0.632,0.9604610206118247,12,384,False,0.12615
ton->bot,49,martingala,12,0.632,0.9642889168633313,8,256,False,0.12615
ton->bot,49,stat_13x13_adaptive,12,0.632,0.9557506519044159,12,384,False,0.12615
ton->bot,49,statico,13,0.684,0.7700379144526475,0,0,False,0.13245
ton->bot,49,ogni_batch,13,0.684,0.9546585777145871,13,416,False,0.13245
ton->bot,49,su_innesco,13,0.684,0.7700379144526475,0,0,False,0.13245
ton->bot,49,oracolo,13,0.684,0.9640085238666545,13,416,False,0.13245
ton->bot,49,stat_13x13,13,0.684,0.9047449581753326,13,416,False,0.13245
ton->bot,49,martingala,13,0.684,0.956787536197458,9,288,False,0.13245
ton->bot,49,stat_13x13_adaptive,13,0.684,0.888983034315219,13,416,False,0.13245
ton->bot,49,statico,14,0.737,0.7663824485815548,0,0,True,0.14
ton->bot,49,ogni_batch,14,0.737,0.9496354934330173,14,448,True,0.14
ton->bot,49,su_innesco,14,0.737,0.7663824485815548,0,0,True,0.14
ton->bot,49,oracolo,14,0.737,0.962181753260667,14,448,True,0.14
ton->bot,49,stat_13x13,14,0.737,0.9146450235951317,14,448,True,0.14
ton->bot,49,martingala,14,0.737,0.9704104427118911,10,320,True,0.14
ton->bot,49,stat_13x13_adaptive,14,0.737,0.9151964620217394,14,448,True,0.14
ton->bot,49,statico,15,0.789,0.7453930780128353,0,0,True,0.15515
ton->bot,49,ogni_batch,15,0.789,0.9414967751139638,15,480,True,0.15515
ton->bot,49,su_innesco,15,0.789,0.9491639195641054,1,32,True,0.15515
ton->bot,49,oracolo,15,0.789,0.9551801605441895,15,480,True,0.15515
ton->bot,49,stat_13x13,15,0.789,0.9552964564155184,15,480,True,0.15515
ton->bot,49,martingala,15,0.789,0.9637014115443137,11,352,True,0.15515
ton->bot,49,stat_13x13_adaptive,15,0.789,0.9533762789751494,15,480,True,0.15515
ton->bot,49,statico,16,0.842,0.7400718298666573,0,0,True,0.15785
ton->bot,49,ogni_batch,16,0.842,0.9520994940602029,16,512,True,0.15785
ton->bot,49,su_innesco,16,0.842,0.8485238225415376,2,64,True,0.15785
ton->bot,49,oracolo,16,0.842,0.9563630123710648,16,512,True,0.15785
ton->bot,49,stat_13x13,16,0.842,0.9284835354063176,16,512,True,0.15785
ton->bot,49,martingala,16,0.842,0.9615664078610727,12,384,True,0.15785
ton->bot,49,stat_13x13_adaptive,16,0.842,0.9098519234654101,16,512,True,0.15785
ton->bot,49,statico,17,0.895,0.7211016434473747,0,0,True,0.1636
ton->bot,49,ogni_batch,17,0.895,0.9596012692394992,17,544,True,0.1636
ton->bot,49,su_innesco,17,0.895,0.8956155566188785,3,96,True,0.1636
ton->bot,49,oracolo,17,0.895,0.9543700271760802,17,544,True,0.1636
ton->bot,49,stat_13x13,17,0.895,0.9658255424480557,17,544,True,0.1636
ton->bot,49,martingala,17,0.895,0.9705092754476692,13,416,True,0.1636
ton->bot,49,stat_13x13_adaptive,17,0.895,0.9197408457097986,17,544,True,0.1636
ton->bot,49,statico,18,0.947,0.7163208502024292,0,0,True,0.1785
ton->bot,49,ogni_batch,18,0.947,0.9384784075573549,18,576,True,0.1785
ton->bot,49,su_innesco,18,0.947,0.9130651147098516,4,128,True,0.1785
ton->bot,49,oracolo,18,0.947,0.9616228070175439,18,576,True,0.1785
ton->bot,49,stat_13x13,18,0.947,0.9592020917678812,18,576,True,0.1785
ton->bot,49,martingala,18,0.947,0.9707827260458839,14,448,True,0.1785
ton->bot,49,stat_13x13_adaptive,18,0.947,0.9287871120107962,18,576,True,0.1785
ton->bot,49,statico,19,1.0,0.47111344537815125,0,0,True,0.1808
ton->bot,49,ogni_batch,19,1.0,0.8667216886754702,19,608,True,0.1808
ton->bot,49,su_innesco,19,1.0,0.7483493397358943,5,160,True,0.1808
ton->bot,49,oracolo,19,1.0,0.8663715486194478,19,608,True,0.1808
ton->bot,49,stat_13x13,19,1.0,0.7495998399359745,19,608,True,0.1808
ton->bot,49,martingala,19,1.0,0.9343987595038015,15,480,True,0.1808
ton->bot,49,stat_13x13_adaptive,19,1.0,0.7499499799919969,19,608,True,0.1808
ton->bot,50,statico,0,0.0,0.9720693015878333,0,0,False,0.03275
ton->bot,50,ogni_batch,0,0.0,0.9720693015878333,0,0,False,0.03275
ton->bot,50,su_innesco,0,0.0,0.9720693015878333,0,0,False,0.03275
ton->bot,50,oracolo,0,0.0,0.9720693015878333,0,0,False,0.03275
ton->bot,50,stat_13x13,0,0.0,0.9720693015878333,0,0,False,0.03275
ton->bot,50,martingala,0,0.0,0.9720693015878333,0,0,False,0.03275
ton->bot,50,stat_13x13_adaptive,0,0.0,0.9720693015878333,0,0,False,0.03275
ton->bot,50,statico,1,0.053,0.95215770609319,0,0,False,0.0385
ton->bot,50,ogni_batch,1,0.053,0.9431505376344087,1,32,False,0.0385
ton->bot,50,su_innesco,1,0.053,0.95215770609319,0,0,False,0.0385
ton->bot,50,oracolo,1,0.053,0.9470501792114695,1,32,False,0.0385
ton->bot,50,stat_13x13,1,0.053,0.9584802867383513,1,32,False,0.0385
ton->bot,50,martingala,1,0.053,0.9431505376344087,1,32,False,0.0385
ton->bot,50,stat_13x13_adaptive,1,0.053,0.9547849462365592,1,32,False,0.0385
ton->bot,50,statico,2,0.105,0.937380346560293,0,0,False,0.05085
ton->bot,50,ogni_batch,2,0.105,0.9288509933266413,2,64,False,0.05085
ton->bot,50,su_innesco,2,0.105,0.937380346560293,0,0,False,0.05085
ton->bot,50,oracolo,2,0.105,0.9409100503313476,2,64,False,0.05085
ton->bot,50,stat_13x13,2,0.105,0.8502477198521285,2,64,False,0.05085
ton->bot,50,martingala,2,0.105,0.9288509933266413,2,64,False,0.05085
ton->bot,50,stat_13x13_adaptive,2,0.105,0.8560528398775312,2,64,False,0.05085
ton->bot,50,statico,3,0.158,0.9194620915836429,0,0,False,0.0559
ton->bot,50,ogni_batch,3,0.158,0.922582951670383,3,96,False,0.0559
ton->bot,50,su_innesco,3,0.158,0.9194620915836429,0,0,False,0.0559
ton->bot,50,oracolo,3,0.158,0.9183321002716145,3,96,False,0.0559
ton->bot,50,stat_13x13,3,0.158,0.9566562384400463,3,96,False,0.0559
ton->bot,50,martingala,3,0.158,0.922582951670383,3,96,False,0.0559
ton->bot,50,stat_13x13_adaptive,3,0.158,0.8850254964403761,3,96,False,0.0559
ton->bot,50,statico,4,0.211,0.9000729328975001,0,0,False,0.0621
ton->bot,50,ogni_batch,4,0.211,0.9363933041460606,4,128,False,0.0621
ton->bot,50,su_innesco,4,0.211,0.9000729328975001,0,0,False,0.0621
ton->bot,50,oracolo,4,0.211,0.9265293679290021,4,128,False,0.0621
ton->bot,50,stat_13x13,4,0.211,0.9492438901497189,4,128,False,0.0621
ton->bot,50,martingala,4,0.211,0.9363933041460606,4,128,False,0.0621
ton->bot,50,stat_13x13_adaptive,4,0.211,0.9011277606530723,4,128,False,0.0621
ton->bot,50,statico,5,0.263,0.8824701623226598,0,0,False,0.0712
ton->bot,50,ogni_batch,5,0.263,0.9615187909522472,5,160,False,0.0712
ton->bot,50,su_innesco,5,0.263,0.8824701623226598,0,0,False,0.0712
ton->bot,50,oracolo,5,0.263,0.9380083450147144,5,160,False,0.0712
ton->bot,50,stat_13x13,5,0.263,0.953494900963892,5,160,False,0.0712
ton->bot,50,martingala,5,0.263,0.9615187909522472,5,160,False,0.0712
ton->bot,50,stat_13x13_adaptive,5,0.263,0.9028879653083475,5,160,False,0.0712
ton->bot,50,statico,6,0.316,0.8659637363761485,0,0,False,0.08025
ton->bot,50,ogni_batch,6,0.316,0.963372530967526,6,192,False,0.08025
ton->bot,50,su_innesco,6,0.316,0.8659637363761485,0,0,False,0.08025
ton->bot,50,oracolo,6,0.316,0.9578483032957632,6,192,False,0.08025
ton->bot,50,stat_13x13,6,0.316,0.86409859390693,6,192,False,0.08025
ton->bot,50,martingala,6,0.316,0.963372530967526,6,192,False,0.08025
ton->bot,50,stat_13x13_adaptive,6,0.316,0.8730781883532344,6,192,False,0.08025
ton->bot,50,statico,7,0.368,0.8525197515855141,0,0,False,0.0892
ton->bot,50,ogni_batch,7,0.368,0.9608869092781349,7,224,False,0.0892
ton->bot,50,su_innesco,7,0.368,0.8525197515855141,0,0,False,0.0892
ton->bot,50,oracolo,7,0.368,0.9606522351117204,7,224,False,0.0892
ton->bot,50,stat_13x13,7,0.368,0.9725527400796555,7,224,False,0.0892
ton->bot,50,martingala,7,0.368,0.9608869092781349,7,224,False,0.0892
ton->bot,50,stat_13x13_adaptive,7,0.368,0.9054938120721985,7,224,False,0.0892
ton->bot,50,statico,8,0.421,0.8388028098588152,0,0,False,0.0963
ton->bot,50,ogni_batch,8,0.421,0.9587600568841007,8,256,False,0.0963
ton->bot,50,su_innesco,8,0.421,0.8388028098588152,0,0,False,0.0963
ton->bot,50,oracolo,8,0.421,0.9598598095840325,8,256,False,0.0963
ton->bot,50,stat_13x13,8,0.421,0.9679355371599029,8,256,False,0.0963
ton->bot,50,martingala,8,0.421,0.9587600568841007,8,256,False,0.0963
ton->bot,50,stat_13x13_adaptive,8,0.421,0.8961168712045342,8,256,False,0.0963
ton->bot,50,statico,9,0.474,0.828552826586228,0,0,False,0.1032
ton->bot,50,ogni_batch,9,0.474,0.9640226276813204,9,288,False,0.1032
ton->bot,50,su_innesco,9,0.474,0.828552826586228,0,0,False,0.1032
ton->bot,50,oracolo,9,0.474,0.9615500430131261,9,288,False,0.1032
ton->bot,50,stat_13x13,9,0.474,0.9712421745870246,9,288,False,0.1032
ton->bot,50,martingala,9,0.474,0.9640226276813204,9,288,False,0.1032
ton->bot,50,stat_13x13_adaptive,9,0.474,0.9126348777451022,9,288,False,0.1032
ton->bot,50,statico,10,0.526,0.815641640956696,0,0,False,0.11325
ton->bot,50,ogni_batch,10,0.526,0.9728246312963327,10,320,False,0.11325
ton->bot,50,su_innesco,10,0.526,0.815641640956696,0,0,False,0.11325
ton->bot,50,oracolo,10,0.526,0.9625220708201772,10,320,False,0.11325
ton->bot,50,stat_13x13,10,0.526,0.9716569408487965,10,320,False,0.11325
ton->bot,50,martingala,10,0.526,0.9728246312963327,10,320,False,0.11325
ton->bot,50,stat_13x13_adaptive,10,0.526,0.9407723993978185,10,320,False,0.11325
ton->bot,50,statico,11,0.579,0.8026754867334065,0,0,False,0.12275
ton->bot,50,ogni_batch,11,0.579,0.9673625570577533,11,352,False,0.12275
ton->bot,50,su_innesco,11,0.579,0.8026754867334065,0,0,False,0.12275
ton->bot,50,oracolo,11,0.579,0.9604253565132086,11,352,False,0.12275
ton->bot,50,stat_13x13,11,0.579,0.9648139698505676,11,352,False,0.12275
ton->bot,50,martingala,11,0.579,0.9673625570577533,11,352,False,0.12275
ton->bot,50,stat_13x13_adaptive,11,0.579,0.9237354474112134,11,352,False,0.12275
ton->bot,50,statico,12,0.632,0.7857984839822781,0,0,False,0.12475
ton->bot,50,ogni_batch,12,0.632,0.9745029578214763,12,384,False,0.12475
ton->bot,50,su_innesco,12,0.632,0.7857984839822781,0,0,False,0.12475
ton->bot,50,oracolo,12,0.632,0.9619251536476385,12,384,False,0.12475
ton->bot,50,stat_13x13,12,0.632,0.9190701531745249,12,384,False,0.12475
ton->bot,50,martingala,12,0.632,0.9745029578214763,12,384,False,0.12475
ton->bot,50,stat_13x13_adaptive,12,0.632,0.9485008157226078,12,384,False,0.12475
ton->bot,50,statico,13,0.684,0.7736691455112635,0,0,True,0.13615
ton->bot,50,ogni_batch,13,0.684,0.9719123830736132,13,416,True,0.13615
ton->bot,50,su_innesco,13,0.684,0.7736691455112635,0,0,True,0.13615
ton->bot,50,oracolo,13,0.684,0.9604993656756844,13,416,True,0.13615
ton->bot,50,stat_13x13,13,0.684,0.9017478959817788,13,416,True,0.13615
ton->bot,50,martingala,13,0.684,0.9719123830736132,13,416,True,0.13615
ton->bot,50,stat_13x13_adaptive,13,0.684,0.9650404676299278,13,416,True,0.13615
ton->bot,50,statico,14,0.737,0.7620007370623714,0,0,True,0.1398
ton->bot,50,ogni_batch,14,0.737,0.9741959211868455,14,448,True,0.1398
ton->bot,50,su_innesco,14,0.737,0.6615994731682098,1,32,True,0.1398
ton->bot,50,oracolo,14,0.737,0.9603518770432057,14,448,True,0.1398
ton->bot,50,stat_13x13,14,0.737,0.9656011727412969,14,448,True,0.1398
ton->bot,50,martingala,14,0.737,0.9741959211868455,14,448,True,0.1398
ton->bot,50,stat_13x13_adaptive,14,0.737,0.9595700452421028,14,448,True,0.1398
ton->bot,50,statico,15,0.789,0.7552453076637669,0,0,True,0.15
ton->bot,50,ogni_batch,15,0.789,0.9790508264327918,15,480,True,0.15
ton->bot,50,su_innesco,15,0.789,0.7639462200479586,2,64,True,0.15
ton->bot,50,oracolo,15,0.789,0.9680891159305911,15,480,True,0.15
ton->bot,50,stat_13x13,15,0.789,0.9741337172076261,15,480,True,0.15
ton->bot,50,martingala,15,0.789,0.9790508264327918,15,480,True,0.15
ton->bot,50,stat_13x13_adaptive,15,0.789,0.9204146256276202,15,480,True,0.15
ton->bot,50,statico,16,0.842,0.738895033938775,0,0,True,0.1553
ton->bot,50,ogni_batch,16,0.842,0.9760198664412556,16,512,True,0.1553
ton->bot,50,su_innesco,16,0.842,0.7443545023353562,3,96,True,0.1553
ton->bot,50,oracolo,16,0.842,0.9649956198301336,16,512,True,0.1553
ton->bot,50,stat_13x13,16,0.842,0.9706786894076219,16,512,True,0.1553
ton->bot,50,martingala,16,0.842,0.9760198664412556,16,512,True,0.1553
ton->bot,50,stat_13x13_adaptive,16,0.842,0.9559049794291659,16,512,True,0.1553
ton->bot,50,statico,17,0.895,0.7328917154146142,0,0,True,0.16605
ton->bot,50,ogni_batch,17,0.895,0.9822759518678161,17,544,True,0.16605
ton->bot,50,su_innesco,17,0.895,0.9118592210591133,4,128,True,0.16605
ton->bot,50,oracolo,17,0.895,0.9812721290024631,17,544,True,0.16605
ton->bot,50,stat_13x13,17,0.895,0.8473499717775042,17,544,True,0.16605
ton->bot,50,martingala,17,0.895,0.9822759518678161,17,544,True,0.16605
ton->bot,50,stat_13x13_adaptive,17,0.895,0.8853332820197044,17,544,True,0.16605
ton->bot,50,statico,18,0.947,0.7244667734084383,0,0,True,0.17265
ton->bot,50,ogni_batch,18,0.947,0.9789112660795869,18,576,True,0.17265
ton->bot,50,su_innesco,18,0.947,0.9194819005179548,5,160,True,0.17265
ton->bot,50,oracolo,18,0.947,0.9676647986856615,18,576,True,0.17265
ton->bot,50,stat_13x13,18,0.947,0.905176252527883,18,576,True,0.17265
ton->bot,50,martingala,18,0.947,0.9789112660795869,18,576,True,0.17265
ton->bot,50,stat_13x13_adaptive,18,0.947,0.8812907716594166,18,576,True,0.17265
ton->bot,50,statico,19,1.0,0.7203610180509026,0,0,True,0.1782
ton->bot,50,ogni_batch,19,1.0,0.9963498174908745,19,608,True,0.1782
ton->bot,50,su_innesco,19,1.0,0.9904495224761238,6,192,True,0.1782
ton->bot,50,oracolo,19,1.0,0.9969998499924997,19,608,True,0.1782
ton->bot,50,stat_13x13,19,1.0,0.9987249362468124,19,608,True,0.1782
ton->bot,50,martingala,19,1.0,0.9963498174908745,19,608,True,0.1782
ton->bot,50,stat_13x13_adaptive,19,1.0,0.9987249362468124,19,608,True,0.1782
ton->bot,51,statico,0,0.0,0.9698820552619065,0,0,False,0.033
ton->bot,51,ogni_batch,0,0.0,0.9698820552619065,0,0,False,0.033
ton->bot,51,su_innesco,0,0.0,0.9698820552619065,0,0,False,0.033
ton->bot,51,oracolo,0,0.0,0.9698820552619065,0,0,False,0.033
ton->bot,51,stat_13x13,0,0.0,0.9698820552619065,0,0,False,0.033
ton->bot,51,martingala,0,0.0,0.9698820552619065,0,0,False,0.033
ton->bot,51,stat_13x13_adaptive,0,0.0,0.9698820552619065,0,0,False,0.033
ton->bot,51,statico,1,0.053,0.9528717083887186,0,0,False,0.0394
ton->bot,51,ogni_batch,1,0.053,0.8891594313866606,1,32,False,0.0394
ton->bot,51,su_innesco,1,0.053,0.9528717083887186,0,0,False,0.0394
ton->bot,51,oracolo,1,0.053,0.9425838691842839,1,32,False,0.0394
ton->bot,51,stat_13x13,1,0.053,0.8525944168840192,1,32,False,0.0394
ton->bot,51,martingala,1,0.053,0.9528717083887186,0,0,False,0.0394
ton->bot,51,stat_13x13_adaptive,1,0.053,0.8874080284427867,1,32,False,0.0394
ton->bot,51,statico,2,0.105,0.9345612215749317,0,0,False,0.05025
ton->bot,51,ogni_batch,2,0.105,0.9281878093779471,2,64,False,0.05025
ton->bot,51,su_innesco,2,0.105,0.9345612215749317,0,0,False,0.05025
ton->bot,51,oracolo,2,0.105,0.9354943448406676,2,64,False,0.05025
ton->bot,51,stat_13x13,2,0.105,0.9248821568975806,2,64,False,0.05025
ton->bot,51,martingala,2,0.105,0.9150047112125663,1,32,False,0.05025
ton->bot,51,stat_13x13_adaptive,2,0.105,0.9371073154842849,2,64,False,0.05025
ton->bot,51,statico,3,0.158,0.916715813947146,0,0,False,0.0548
ton->bot,51,ogni_batch,3,0.158,0.9131880456930911,3,96,False,0.0548
ton->bot,51,su_innesco,3,0.158,0.916715813947146,0,0,False,0.0548
ton->bot,51,oracolo,3,0.158,0.9082468568467559,3,96,False,0.0548
ton->bot,51,stat_13x13,3,0.158,0.9167441821957463,3,96,False,0.0548
ton->bot,51,martingala,3,0.158,0.9029478384612089,2,64,False,0.0548
ton->bot,51,stat_13x13_adaptive,3,0.158,0.9203336787847383,3,96,False,0.0548
ton->bot,51,statico,4,0.211,0.9024116750913799,0,0,False,0.0647
ton->bot,51,ogni_batch,4,0.211,0.8992955457305194,4,128,False,0.0647
ton->bot,51,su_innesco,4,0.211,0.9024116750913799,0,0,False,0.0647
ton->bot,51,oracolo,4,0.211,0.8877236462175335,4,128,False,0.0647
ton->bot,51,stat_13x13,4,0.211,0.9564204430873251,4,128,False,0.0647
ton->bot,51,martingala,4,0.211,0.8939743734675987,3,96,False,0.0647
ton->bot,51,stat_13x13_adaptive,4,0.211,0.9589791624480987,4,128,False,0.0647
ton->bot,51,statico,5,0.263,0.8877124339920562,0,0,False,0.07115
ton->bot,51,ogni_batch,5,0.263,0.9384869494657334,5,160,False,0.07115
ton->bot,51,su_innesco,5,0.263,0.8877124339920562,0,0,False,0.07115
ton->bot,51,oracolo,5,0.263,0.944915898920015,5,160,False,0.07115
ton->bot,51,stat_13x13,5,0.263,0.9519018617600683,5,160,False,0.07115
ton->bot,51,martingala,5,0.263,0.9368552066487965,4,128,False,0.07115
ton->bot,51,stat_13x13_adaptive,5,0.263,0.9531129901124756,5,160,False,0.07115
ton->bot,51,statico,6,0.316,0.8719990080165355,0,0,False,0.0782
ton->bot,51,ogni_batch,6,0.316,0.9550874876866364,6,192,False,0.0782
ton->bot,51,su_innesco,6,0.316,0.8719990080165355,0,0,False,0.0782
ton->bot,51,oracolo,6,0.316,0.956109756148154,6,192,False,0.0782
ton->bot,51,stat_13x13,6,0.316,0.9448580730721202,6,192,False,0.0782
ton->bot,51,martingala,6,0.316,0.9567874578625983,5,160,False,0.0782
ton->bot,51,stat_13x13_adaptive,6,0.316,0.8793029011367707,6,192,False,0.0782
ton->bot,51,statico,7,0.368,0.8562647058823529,0,0,False,0.0877
ton->bot,51,ogni_batch,7,0.368,0.9593627450980392,7,224,False,0.0877
ton->bot,51,su_innesco,7,0.368,0.8562647058823529,0,0,False,0.0877
ton->bot,51,oracolo,7,0.368,0.9565490196078432,7,224,False,0.0877
ton->bot,51,stat_13x13,7,0.368,0.9535098039215686,7,224,False,0.0877
ton->bot,51,martingala,7,0.368,0.9573039215686274,6,192,False,0.0877
ton->bot,51,stat_13x13_adaptive,7,0.368,0.953313725490196,7,224,False,0.0877
ton->bot,51,statico,8,0.421,0.8453436877753984,0,0,False,0.0972
ton->bot,51,ogni_batch,8,0.421,0.9479731887441566,8,256,False,0.0972
ton->bot,51,su_innesco,8,0.421,0.8453436877753984,0,0,False,0.0972
ton->bot,51,oracolo,8,0.421,0.9586877284364081,8,256,False,0.0972
ton->bot,51,stat_13x13,8,0.421,0.9651050807477418,8,256,False,0.0972
ton->bot,51,martingala,8,0.421,0.9512511337959757,7,224,False,0.0972
ton->bot,51,stat_13x13_adaptive,8,0.421,0.959952850188653,8,256,False,0.0972
ton->bot,51,statico,9,0.474,0.8267689981975697,0,0,False,0.10185
ton->bot,51,ogni_batch,9,0.474,0.9528844700273271,9,288,False,0.10185
ton->bot,51,su_innesco,9,0.474,0.8267689981975697,0,0,False,0.10185
ton->bot,51,oracolo,9,0.474,0.9586929472643758,9,288,False,0.10185
ton->bot,51,stat_13x13,9,0.474,0.9745927088784232,9,288,False,0.10185
ton->bot,51,martingala,9,0.474,0.9678138263852549,8,256,False,0.10185
ton->bot,51,stat_13x13_adaptive,9,0.474,0.9650345950345951,9,288,False,0.10185
ton->bot,51,statico,10,0.526,0.8175971571938931,0,0,False,0.1084
ton->bot,51,ogni_batch,10,0.526,0.9698532135303795,10,320,False,0.1084
ton->bot,51,su_innesco,10,0.526,0.8175971571938931,0,0,False,0.1084
ton->bot,51,oracolo,10,0.526,0.956706184700685,10,320,False,0.1084
ton->bot,51,stat_13x13,10,0.526,0.8662343467571104,10,320,False,0.1084
ton->bot,51,martingala,10,0.526,0.9666139724382925,9,288,False,0.1084
ton->bot,51,stat_13x13_adaptive,10,0.526,0.938065924586043,10,320,False,0.1084
ton->bot,51,statico,11,0.579,0.8020637613386198,0,0,False,0.11895
ton->bot,51,ogni_batch,11,0.579,0.9681338396591508,11,352,False,0.11895
ton->bot,51,su_innesco,11,0.579,0.8020637613386198,0,0,False,0.11895
ton->bot,51,oracolo,11,0.579,0.9660445481153686,11,352,False,0.11895
ton->bot,51,stat_13x13,11,0.579,0.9708488304933887,11,352,False,0.11895
ton->bot,51,martingala,11,0.579,0.968636352221965,10,320,False,0.11895
ton->bot,51,stat_13x13_adaptive,11,0.579,0.9694759192966498,11,352,False,0.11895
ton->bot,51,statico,12,0.632,0.7860041113023819,0,0,False,0.12915
ton->bot,51,ogni_batch,12,0.632,0.9688700767703916,12,384,False,0.12915
ton->bot,51,su_innesco,12,0.632,0.7860041113023819,0,0,False,0.12915
ton->bot,51,oracolo,12,0.632,0.9590198992084737,12,384,False,0.12915
ton->bot,51,stat_13x13,12,0.632,0.8860698728925889,12,384,False,0.12915
ton->bot,51,martingala,12,0.632,0.9689248833033304,11,352,False,0.12915
ton->bot,51,stat_13x13_adaptive,12,0.632,0.9542589800535466,12,384,False,0.12915
ton->bot,51,statico,13,0.684,0.775242274158835,0,0,True,0.1346
ton->bot,51,ogni_batch,13,0.684,0.9705239681955088,13,416,True,0.1346
ton->bot,51,su_innesco,13,0.684,0.775242274158835,0,0,True,0.1346
ton->bot,51,oracolo,13,0.684,0.9628990527039514,13,416,True,0.1346
ton->bot,51,stat_13x13,13,0.684,0.9706953628406649,13,416,True,0.1346
ton->bot,51,martingala,13,0.684,0.9705239681955088,12,384,True,0.1346
ton->bot,51,stat_13x13_adaptive,13,0.684,0.9646802354420616,13,416,True,0.1346
ton->bot,51,statico,14,0.737,0.761032098644609,0,0,True,0.14445
ton->bot,51,ogni_batch,14,0.737,0.9665913946311301,14,448,True,0.14445
ton->bot,51,su_innesco,14,0.737,0.6850550506783675,1,32,True,0.14445
ton->bot,51,oracolo,14,0.737,0.9631882433472692,14,448,True,0.14445
ton->bot,51,stat_13x13,14,0.737,0.8501657375030482,14,448,True,0.14445
ton->bot,51,martingala,14,0.737,0.9739878979063912,13,416,True,0.14445
ton->bot,51,stat_13x13_adaptive,14,0.737,0.9622275772854663,14,448,True,0.14445
ton->bot,51,statico,15,0.789,0.7558945306265744,0,0,True,0.1515
ton->bot,51,ogni_batch,15,0.789,0.972564485142475,15,480,True,0.1515
ton->bot,51,su_innesco,15,0.789,0.9491359718513186,2,64,True,0.1515
ton->bot,51,oracolo,15,0.789,0.9660865769018276,15,480,True,0.1515
ton->bot,51,stat_13x13,15,0.789,0.9684665588472918,15,480,True,0.1515
ton->bot,51,martingala,15,0.789,0.9790783596247422,14,448,True,0.1515
ton->bot,51,stat_13x13_adaptive,15,0.789,0.9574333061680397,15,480,True,0.1515
ton->bot,51,statico,16,0.842,0.743731201143553,0,0,True,0.15875
ton->bot,51,ogni_batch,16,0.842,0.9731116472822113,16,512,True,0.15875
ton->bot,51,su_innesco,16,0.842,0.9500484885202329,3,96,True,0.15875
ton->bot,51,oracolo,16,0.842,0.9598288572100759,16,512,True,0.15875
ton->bot,51,stat_13x13,16,0.842,0.9769095861171546,16,512,True,0.15875
ton->bot,51,martingala,16,0.842,0.9812131973722467,15,480,True,0.15875
ton->bot,51,stat_13x13_adaptive,16,0.842,0.9619875803809892,16,512,True,0.15875
ton->bot,51,statico,17,0.895,0.7248974358974358,0,0,True,0.1621
ton->bot,51,ogni_batch,17,0.895,0.9643076923076923,17,544,True,0.1621
ton->bot,51,su_innesco,17,0.895,0.9504102564102564,4,128,True,0.1621
ton->bot,51,oracolo,17,0.895,0.9501794871794872,17,544,True,0.1621
ton->bot,51,stat_13x13,17,0.895,0.8437435897435897,17,544,True,0.1621
ton->bot,51,martingala,17,0.895,0.9712564102564103,16,512,True,0.1621
ton->bot,51,stat_13x13_adaptive,17,0.895,0.8564102564102565,17,544,True,0.1621
ton->bot,51,statico,18,0.947,0.7082113880034773,0,0,True,0.1704
ton->bot,51,ogni_batch,18,0.947,0.9672015357867285,18,576,True,0.1704
ton->bot,51,su_innesco,18,0.947,0.9498370037670241,5,160,True,0.1704
ton->bot,51,oracolo,18,0.947,0.9581461895102868,18,576,True,0.1704
ton->bot,51,stat_13x13,18,0.947,0.9656766154737757,18,576,True,0.1704
ton->bot,51,martingala,18,0.947,0.9739459576934222,17,544,True,0.1704
ton->bot,51,stat_13x13_adaptive,18,0.947,0.9626050420168066,18,576,True,0.1704
ton->bot,51,statico,19,1.0,0.6186296574143536,0,0,True,0.1763
ton->bot,51,ogni_batch,19,1.0,0.8908977244311078,19,608,True,0.1763
ton->bot,51,su_innesco,19,1.0,0.8908477119279821,6,192,True,0.1763
ton->bot,51,oracolo,19,1.0,0.8902725681420356,19,608,True,0.1763
ton->bot,51,stat_13x13,19,1.0,0.7983745936484121,19,608,True,0.1763
ton->bot,51,martingala,19,1.0,0.8983495873968492,18,576,True,0.1763
ton->bot,51,stat_13x13_adaptive,19,1.0,0.791097774443611,19,608,True,0.1763
bot->ton,42,statico,0,0.0,0.9857,0,0,False,0.04895
bot->ton,42,ogni_batch,0,0.0,0.9857,0,0,False,0.04895
bot->ton,42,su_innesco,0,0.0,0.9857,0,0,False,0.04895
bot->ton,42,oracolo,0,0.0,0.9857,0,0,False,0.04895
bot->ton,42,stat_13x13,0,0.0,0.9857,0,0,False,0.04895
bot->ton,42,martingala,0,0.0,0.9857,0,0,False,0.04895
bot->ton,42,stat_13x13_adaptive,0,0.0,0.9857,0,0,False,0.04895
bot->ton,42,statico,1,0.053,0.9709173210758325,0,0,False,0.0898
bot->ton,42,ogni_batch,1,0.053,0.9709173210758325,1,32,False,0.0898
bot->ton,42,su_innesco,1,0.053,0.9709173210758325,0,0,False,0.0898
bot->ton,42,oracolo,1,0.053,0.9709173210758325,1,32,False,0.0898
bot->ton,42,stat_13x13,1,0.053,0.5847802100209375,1,32,False,0.0898
bot->ton,42,martingala,1,0.053,0.9709173210758325,0,0,False,0.0898
bot->ton,42,stat_13x13_adaptive,1,0.053,0.585033182446943,1,32,False,0.0898
bot->ton,42,statico,2,0.105,0.9637712259676815,0,0,False,0.1269
bot->ton,42,ogni_batch,2,0.105,0.9637712259676815,2,64,False,0.1269
bot->ton,42,su_innesco,2,0.105,0.9637712259676815,0,0,False,0.1269
bot->ton,42,oracolo,2,0.105,0.9253565554944116,2,64,False,0.1269
bot->ton,42,stat_13x13,2,0.105,0.5311034602775936,2,64,False,0.1269
bot->ton,42,martingala,2,0.105,0.9637712259676815,0,0,False,0.1269
bot->ton,42,stat_13x13_adaptive,2,0.105,0.5114503816793893,2,64,False,0.1269
bot->ton,42,statico,3,0.158,0.9427081062698481,0,0,True,0.1683
bot->ton,42,ogni_batch,3,0.158,0.9427081062698481,3,96,True,0.1683
bot->ton,42,su_innesco,3,0.158,0.9427081062698481,0,0,True,0.1683
bot->ton,42,oracolo,3,0.158,0.9132547433801064,3,96,True,0.1683
bot->ton,42,stat_13x13,3,0.158,0.6016883545539696,3,96,True,0.1683
bot->ton,42,martingala,3,0.158,0.9427081062698481,1,32,True,0.1683
bot->ton,42,stat_13x13_adaptive,3,0.158,0.6931024710000167,3,96,True,0.1683
bot->ton,42,statico,4,0.211,0.9396232886155882,0,0,True,0.20595
bot->ton,42,ogni_batch,4,0.211,0.5988393435729157,4,128,True,0.20595
bot->ton,42,su_innesco,4,0.211,0.6854857195053013,1,32,True,0.20595
bot->ton,42,oracolo,4,0.211,0.9279658826124723,4,128,True,0.20595
bot->ton,42,stat_13x13,4,0.211,0.7708981062747315,4,128,True,0.20595
bot->ton,42,martingala,4,0.211,0.6022353989438707,2,64,True,0.20595
bot->ton,42,stat_13x13_adaptive,4,0.211,0.7761916785010133,4,128,True,0.20595
bot->ton,42,statico,5,0.263,0.9321596887803678,0,0,True,0.24375
bot->ton,42,ogni_batch,5,0.263,0.8398084482411896,5,160,True,0.24375
bot->ton,42,su_innesco,5,0.263,0.8425837057530645,2,64,True,0.24375
bot->ton,42,oracolo,5,0.263,0.9517425245927174,5,160,True,0.24375
bot->ton,42,stat_13x13,5,0.263,0.7350972631074357,5,160,True,0.24375
bot->ton,42,martingala,5,0.263,0.8404488922823916,3,96,True,0.24375
bot->ton,42,stat_13x13_adaptive,5,0.263,0.7668074409658789,5,160,True,0.24375
bot->ton,42,statico,6,0.316,0.9259974607436811,0,0,True,0.28635
bot->ton,42,ogni_batch,6,0.316,0.8600388185161403,6,192,True,0.28635
bot->ton,42,su_innesco,6,0.316,0.8579235012550347,3,96,True,0.28635
bot->ton,42,oracolo,6,0.316,0.923594652968303,6,192,True,0.28635
bot->ton,42,stat_13x13,6,0.316,0.6568494250189715,6,192,True,0.28635
bot->ton,42,martingala,6,0.316,0.8609034790730254,4,128,True,0.28635
bot->ton,42,stat_13x13_adaptive,6,0.316,0.5013579183935556,6,192,True,0.28635
bot->ton,42,statico,7,0.368,0.9099768805555231,0,0,True,0.32395
bot->ton,42,ogni_batch,7,0.368,0.87250381687723,7,224,True,0.32395
bot->ton,42,su_innesco,7,0.368,0.867902747366735,4,128,True,0.32395
bot->ton,42,oracolo,7,0.368,0.9272408676353261,7,224,True,0.32395
bot->ton,42,stat_13x13,7,0.368,0.7273585756104411,7,224,True,0.32395
bot->ton,42,martingala,7,0.368,0.86982950770302,5,160,True,0.32395
bot->ton,42,stat_13x13_adaptive,7,0.368,0.7619421528431096,7,224,True,0.32395
bot->ton,42,statico,8,0.421,0.9031989227898413,0,0,True,0.36185
bot->ton,42,ogni_batch,8,0.421,0.868833931275931,8,256,True,0.36185
bot->ton,42,su_innesco,8,0.421,0.9557601748045361,5,160,True,0.36185
bot->ton,42,oracolo,8,0.421,0.9355611377043852,8,256,True,0.36185
bot->ton,42,stat_13x13,8,0.421,0.768853350423516,8,256,True,0.36185
bot->ton,42,martingala,8,0.421,0.8616957563776031,6,192,True,0.36185
bot->ton,42,stat_13x13_adaptive,8,0.421,0.6457864739500909,8,256,True,0.36185
bot->ton,42,statico,9,0.474,0.8913383258502872,0,0,True,0.40415
bot->ton,42,ogni_batch,9,0.474,0.9467613933095216,9,288,True,0.40415
bot->ton,42,su_innesco,9,0.474,0.9429579354121889,6,192,True,0.40415
bot->ton,42,oracolo,9,0.474,0.943098819771837,9,288,True,0.40415
bot->ton,42,stat_13x13,9,0.474,0.7732750099248771,9,288,True,0.40415
bot->ton,42,martingala,9,0.474,0.9378065809121721,7,224,True,0.40415
bot->ton,42,stat_13x13_adaptive,9,0.474,0.6051838431001137,9,288,True,0.40415
bot->ton,42,statico,10,0.526,0.883258772675624,0,0,True,0.44415
bot->ton,42,ogni_batch,10,0.526,0.9405015404615564,10,320,True,0.44415
bot->ton,42,su_innesco,10,0.526,0.9450462725292033,7,224,True,0.44415
bot->ton,42,oracolo,10,0.526,0.9441862426687107,10,320,True,0.44415
bot->ton,42,stat_13x13,10,0.526,0.7965443239844483,10,320,True,0.44415
bot->ton,42,martingala,10,0.526,0.9346439413584993,8,256,True,0.44415
bot->ton,42,stat_13x13_adaptive,10,0.526,0.6278957906396191,10,320,True,0.44415
bot->ton,42,statico,11,0.579,0.869780278407039,0,0,True,0.47865
bot->ton,42,ogni_batch,11,0.579,0.9262914901999408,11,352,True,0.47865
bot->ton,42,su_innesco,11,0.579,0.9346679142453791,8,256,True,0.47865
bot->ton,42,oracolo,11,0.579,0.9338438556748416,11,352,True,0.47865
bot->ton,42,stat_13x13,11,0.579,0.7887250073869793,11,352,True,0.47865
bot->ton,42,martingala,11,0.579,0.9249573196756296,9,288,True,0.47865
bot->ton,42,stat_13x13_adaptive,11,0.579,0.6206564562198364,11,352,True,0.47865
bot->ton,42,statico,12,0.632,0.857763132851161,0,0,True,0.52295
bot->ton,42,ogni_batch,12,0.632,0.9142050501205431,12,384,True,0.52295
bot->ton,42,su_innesco,12,0.632,0.919676278391067,9,288,True,0.52295
bot->ton,42,oracolo,12,0.632,0.9338979824895318,12,384,True,0.52295
bot->ton,42,stat_13x13,12,0.632,0.7901717738865626,12,384,True,0.52295
bot->ton,42,martingala,12,0.632,0.9132724273569344,10,320,True,0.52295
bot->ton,42,stat_13x13_adaptive,12,0.632,0.6249801738358076,12,384,True,0.52295
bot->ton,42,statico,13,0.684,0.846715949692102,0,0,True,0.5604
bot->ton,42,ogni_batch,13,0.684,0.9097683814762073,13,416,True,0.5604
bot->ton,42,su_innesco,13,0.684,0.9180300935414889,10,320,True,0.5604
bot->ton,42,oracolo,13,0.684,0.9369492284962927,13,416,True,0.5604
bot->ton,42,stat_13x13,13,0.684,0.7711766412715712,13,416,True,0.5604
bot->ton,42,martingala,13,0.684,0.9111720009723341,11,352,True,0.5604
bot->ton,42,stat_13x13_adaptive,13,0.684,0.6026496580901562,13,416,True,0.5604
bot->ton,42,statico,14,0.737,0.8363501850106854,0,0,True,0.59895
bot->ton,42,ogni_batch,14,0.737,0.9051031111214154,14,448,True,0.59895
bot->ton,42,su_innesco,14,0.737,0.915148182085454,11,352,True,0.59895
bot->ton,42,oracolo,14,0.737,0.9347932614776967,14,448,True,0.59895
bot->ton,42,stat_13x13,14,0.737,0.7788228848816684,14,448,True,0.59895
bot->ton,42,martingala,14,0.737,0.9063405357222163,12,384,True,0.59895
bot->ton,42,stat_13x13_adaptive,14,0.737,0.6137882037062923,14,448,True,0.59895
bot->ton,42,statico,15,0.789,0.8199421980710953,0,0,True,0.6364
bot->ton,42,ogni_batch,15,0.789,0.9167611109729097,15,480,True,0.6364
bot->ton,42,su_innesco,15,0.789,0.9120074376799105,12,384,True,0.6364
bot->ton,42,oracolo,15,0.789,0.9359605900131585,15,480,True,0.6364
bot->ton,42,stat_13x13,15,0.789,0.7749243498346572,15,480,True,0.6364
bot->ton,42,martingala,15,0.789,0.9169861665207107,13,416,True,0.6364
bot->ton,42,stat_13x13_adaptive,15,0.789,0.7426074123879537,15,480,True,0.6364
bot->ton,42,statico,16,0.842,0.8120342929453127,0,0,True,0.6874
bot->ton,42,ogni_batch,16,0.842,0.9192060800762774,16,512,True,0.6874
bot->ton,42,su_innesco,16,0.842,0.9145798701320682,13,416,True,0.6874
bot->ton,42,oracolo,16,0.842,0.9287646387323365,16,512,True,0.6874
bot->ton,42,stat_13x13,16,0.842,0.7794581546437891,16,512,True,0.6874
bot->ton,42,martingala,16,0.842,0.9159606611008164,14,448,True,0.6874
bot->ton,42,stat_13x13_adaptive,16,0.842,0.7469988396651781,16,512,True,0.6874
bot->ton,42,statico,17,0.895,0.797886586599837,0,0,True,0.71615
bot->ton,42,ogni_batch,17,0.895,0.9121908517739323,17,544,True,0.71615
bot->ton,42,su_innesco,17,0.895,0.9108445817759093,14,448,True,0.71615
bot->ton,42,oracolo,17,0.895,0.9345592617425293,17,544,True,0.71615
bot->ton,42,stat_13x13,17,0.895,0.8417607158425051,17,544,True,0.71615
bot->ton,42,martingala,17,0.895,0.9120729550514612,15,480,True,0.71615
bot->ton,42,stat_13x13_adaptive,17,0.895,0.7469401352926798,17,544,True,0.71615
bot->ton,42,statico,18,0.947,0.7874810783285799,0,0,True,0.7595
bot->ton,42,ogni_batch,18,0.947,0.9087619894466157,18,576,True,0.7595
bot->ton,42,su_innesco,18,0.947,0.9081172665051179,15,480,True,0.7595
bot->ton,42,oracolo,18,0.947,0.9300133263030517,18,576,True,0.7595
bot->ton,42,stat_13x13,18,0.947,0.78868650642294,18,576,True,0.7595
bot->ton,42,martingala,18,0.947,0.9083148994218364,16,512,True,0.7595
bot->ton,42,stat_13x13_adaptive,18,0.947,0.7931736765532358,18,576,True,0.7595
bot->ton,42,statico,19,1.0,0.7679379532309527,0,0,True,0.79815
bot->ton,42,ogni_batch,19,1.0,0.9053861280515404,19,608,True,0.79815
bot->ton,42,su_innesco,19,1.0,0.90412783985271,16,512,True,0.79815
bot->ton,42,oracolo,19,1.0,0.9275571382612922,19,608,True,0.79815
bot->ton,42,stat_13x13,19,1.0,0.7724280296752684,19,608,True,0.79815
bot->ton,42,martingala,19,1.0,0.9046522542647405,17,544,True,0.79815
bot->ton,42,stat_13x13_adaptive,19,1.0,0.7435532053272873,19,608,True,0.79815
bot->ton,43,statico,0,0.0,0.98655,0,0,False,0.01815
bot->ton,43,ogni_batch,0,0.0,0.98655,0,0,False,0.01815
bot->ton,43,su_innesco,0,0.0,0.98655,0,0,False,0.01815
bot->ton,43,oracolo,0,0.0,0.98655,0,0,False,0.01815
bot->ton,43,stat_13x13,0,0.0,0.98655,0,0,False,0.01815
bot->ton,43,martingala,0,0.0,0.98655,0,0,False,0.01815
bot->ton,43,stat_13x13_adaptive,0,0.0,0.98655,0,0,False,0.01815
bot->ton,43,statico,1,0.053,0.9624451362053337,0,0,False,0.04945
bot->ton,43,ogni_batch,1,0.053,0.9624451362053337,1,32,False,0.04945
bot->ton,43,su_innesco,1,0.053,0.9624451362053337,0,0,False,0.04945
bot->ton,43,oracolo,1,0.053,0.9624451362053337,1,32,False,0.04945
bot->ton,43,stat_13x13,1,0.053,0.5,1,32,False,0.04945
bot->ton,43,martingala,1,0.053,0.9624451362053337,0,0,False,0.04945
bot->ton,43,stat_13x13_adaptive,1,0.053,0.5,1,32,False,0.04945
bot->ton,43,statico,2,0.105,0.945989363653035,0,0,False,0.08465
bot->ton,43,ogni_batch,2,0.105,0.7146524848707134,2,64,False,0.08465
bot->ton,43,su_innesco,2,0.105,0.945989363653035,0,0,False,0.08465
bot->ton,43,oracolo,2,0.105,0.9275163518552478,2,64,False,0.08465
bot->ton,43,stat_13x13,2,0.105,0.6635882388899077,2,64,False,0.08465
bot->ton,43,martingala,2,0.105,0.6883232471422459,1,32,False,0.08465
bot->ton,43,stat_13x13_adaptive,2,0.105,0.6067718075676998,2,64,False,0.08465
bot->ton,43,statico,3,0.158,0.9300488542928673,0,0,False,0.11625
bot->ton,43,ogni_batch,3,0.158,0.7282734744624089,3,96,False,0.11625
bot->ton,43,su_innesco,3,0.158,0.9300488542928673,0,0,False,0.11625
bot->ton,43,oracolo,3,0.158,0.9108324371199416,3,96,False,0.11625
bot->ton,43,stat_13x13,3,0.158,0.5899207011526945,3,96,False,0.11625
bot->ton,43,martingala,3,0.158,0.794678812308677,2,64,False,0.11625
bot->ton,43,stat_13x13_adaptive,3,0.158,0.6326802228088094,3,96,False,0.11625
bot->ton,43,statico,4,0.211,0.9170357407636478,0,0,True,0.14955
bot->ton,43,ogni_batch,4,0.211,0.889950330630563,4,128,True,0.14955
bot->ton,43,su_innesco,4,0.211,0.9170357407636478,0,0,True,0.14955
bot->ton,43,oracolo,4,0.211,0.8927701294952861,4,128,True,0.14955
bot->ton,43,stat_13x13,4,0.211,0.5899742416194308,4,128,True,0.14955
bot->ton,43,martingala,4,0.211,0.8886107695255558,3,96,True,0.14955
bot->ton,43,stat_13x13_adaptive,4,0.211,0.6410280431634784,4,128,True,0.14955
bot->ton,43,statico,5,0.263,0.904071155645562,0,0,True,0.1792
bot->ton,43,ogni_batch,5,0.263,0.902634400819816,5,160,True,0.1792
bot->ton,43,su_innesco,5,0.263,0.904071155645562,1,32,True,0.1792
bot->ton,43,oracolo,5,0.263,0.8967704669065345,5,160,True,0.1792
bot->ton,43,stat_13x13,5,0.263,0.5954465689805166,5,160,True,0.1792
bot->ton,43,martingala,5,0.263,0.904275000345093,4,128,True,0.1792
bot->ton,43,stat_13x13_adaptive,5,0.263,0.6593651647174017,5,160,True,0.1792
bot->ton,43,statico,6,0.316,0.8765866570414487,0,0,True,0.21545
bot->ton,43,ogni_batch,6,0.316,0.8892531963155231,6,192,True,0.21545
bot->ton,43,su_innesco,6,0.316,0.8765866570414487,2,64,True,0.21545
bot->ton,43,oracolo,6,0.316,0.88166661358642,6,192,True,0.21545
bot->ton,43,stat_13x13,6,0.316,0.6920140768814294,6,192,True,0.21545
bot->ton,43,martingala,6,0.316,0.8953016904289237,5,160,True,0.21545
bot->ton,43,stat_13x13_adaptive,6,0.316,0.7714875916076591,6,192,True,0.21545
bot->ton,43,statico,7,0.368,0.8660271178758923,0,0,True,0.2485
bot->ton,43,ogni_batch,7,0.368,0.8802010550037139,7,224,True,0.2485
bot->ton,43,su_innesco,7,0.368,0.6548079465196208,3,96,True,0.2485
bot->ton,43,oracolo,7,0.368,0.8475702181767824,7,224,True,0.2485
bot->ton,43,stat_13x13,7,0.368,0.7215064017826793,7,224,True,0.2485
bot->ton,43,martingala,7,0.368,0.8906991602774735,6,192,True,0.2485
bot->ton,43,stat_13x13_adaptive,7,0.368,0.7713301481789225,7,224,True,0.2485
bot->ton,43,statico,8,0.421,0.8513310214707943,0,0,True,0.28235
bot->ton,43,ogni_batch,8,0.421,0.8877160588505473,8,256,True,0.28235
bot->ton,43,su_innesco,8,0.421,0.7997728361616602,4,128,True,0.28235
bot->ton,43,oracolo,8,0.421,0.8476658241509215,8,256,True,0.28235
bot->ton,43,stat_13x13,8,0.421,0.7341607469886463,8,256,True,0.28235
bot->ton,43,martingala,8,0.421,0.8921599958233457,7,224,True,0.28235
bot->ton,43,stat_13x13_adaptive,8,0.421,0.7780741373354204,8,256,True,0.28235
bot->ton,43,statico,9,0.474,0.8289593126274202,0,0,True,0.3143
bot->ton,43,ogni_batch,9,0.474,0.8827733176213954,9,288,True,0.3143
bot->ton,43,su_innesco,9,0.474,0.8823499475959933,5,160,True,0.3143
bot->ton,43,oracolo,9,0.474,0.8943771149201032,9,288,True,0.3143
bot->ton,43,stat_13x13,9,0.474,0.7319282142307914,9,288,True,0.3143
bot->ton,43,martingala,9,0.474,0.8919815384729404,8,256,True,0.3143
bot->ton,43,stat_13x13_adaptive,9,0.474,0.7723178381756859,9,288,True,0.3143
bot->ton,43,statico,10,0.526,0.8067963702901527,0,0,True,0.35005
bot->ton,43,ogni_batch,10,0.526,0.9358363829866687,10,320,True,0.35005
bot->ton,43,su_innesco,10,0.526,0.9448000298741551,6,192,True,0.35005
bot->ton,43,oracolo,10,0.526,0.8859208708316217,10,320,True,0.35005
bot->ton,43,stat_13x13,10,0.526,0.7408253668919675,10,320,True,0.35005
bot->ton,43,martingala,10,0.526,0.8831178348706076,9,288,True,0.35005
bot->ton,43,stat_13x13_adaptive,10,0.526,0.7714342395160387,10,320,True,0.35005
bot->ton,43,statico,11,0.579,0.7910042697549278,0,0,True,0.37895
bot->ton,43,ogni_batch,11,0.579,0.9443523926503397,11,352,True,0.37895
bot->ton,43,su_innesco,11,0.579,0.8807221818364124,7,224,True,0.37895
bot->ton,43,oracolo,11,0.579,0.9240827547021616,11,352,True,0.37895
bot->ton,43,stat_13x13,11,0.579,0.7400834732910535,11,352,True,0.37895
bot->ton,43,martingala,11,0.579,0.8822402008706623,10,320,True,0.37895
bot->ton,43,stat_13x13_adaptive,11,0.579,0.7696331436592886,11,352,True,0.37895
bot->ton,43,statico,12,0.632,0.7716519846371028,0,0,True,0.4146
bot->ton,43,ogni_batch,12,0.632,0.9350763807285547,12,384,True,0.4146
bot->ton,43,su_innesco,12,0.632,0.883978383110277,8,256,True,0.4146
bot->ton,43,oracolo,12,0.632,0.9272263582520367,12,384,True,0.4146
bot->ton,43,stat_13x13,12,0.632,0.6629916245396257,12,384,True,0.4146
bot->ton,43,martingala,12,0.632,0.8867195324884265,11,352,True,0.4146
bot->ton,43,stat_13x13_adaptive,12,0.632,0.7740445508245333,12,384,True,0.4146
bot->ton,43,statico,13,0.684,0.7448150917781065,0,0,True,0.452
bot->ton,43,ogni_batch,13,0.684,0.9422348057489291,13,416,True,0.452
bot->ton,43,su_innesco,13,0.684,0.876711876607259,9,288,True,0.452
bot->ton,43,oracolo,13,0.684,0.927039435773974,13,416,True,0.452
bot->ton,43,stat_13x13,13,0.684,0.737603382074038,13,416,True,0.452
bot->ton,43,martingala,13,0.684,0.8782702302518094,12,384,True,0.452
bot->ton,43,stat_13x13_adaptive,13,0.684,0.7689614145931198,13,416,True,0.452
bot->ton,43,statico,14,0.737,0.7296723485689287,0,0,True,0.4796
bot->ton,43,ogni_batch,14,0.737,0.8766977463755548,14,448,True,0.4796
bot->ton,43,su_innesco,14,0.737,0.8734581785566062,10,320,True,0.4796
bot->ton,43,oracolo,14,0.737,0.9335173703328822,14,448,True,0.4796
bot->ton,43,stat_13x13,14,0.737,0.739095612560092,14,448,True,0.4796
bot->ton,43,martingala,14,0.737,0.9378315360242936,13,416,True,0.4796
bot->ton,43,stat_13x13_adaptive,14,0.737,0.7763080957089308,14,448,True,0.4796
bot->ton,43,statico,15,0.789,0.7098383053582679,0,0,True,0.51075
bot->ton,43,ogni_batch,15,0.789,0.9397169532865385,15,480,True,0.51075
bot->ton,43,su_innesco,15,0.789,0.9436852534996913,11,352,True,0.51075
bot->ton,43,oracolo,15,0.789,0.9262367132277882,15,480,True,0.51075
bot->ton,43,stat_13x13,15,0.789,0.7495491792903911,15,480,True,0.51075
bot->ton,43,martingala,15,0.789,0.9344979829038713,14,448,True,0.51075
bot->ton,43,stat_13x13_adaptive,15,0.789,0.7759552663103608,15,480,True,0.51075
bot->ton,43,statico,16,0.842,0.6855529009143466,0,0,True,0.5451
bot->ton,43,ogni_batch,16,0.842,0.9353297305104533,16,512,True,0.5451
bot->ton,43,su_innesco,16,0.842,0.9356094457751084,12,384,True,0.5451
bot->ton,43,oracolo,16,0.842,0.9027112445787144,16,512,True,0.5451
bot->ton,43,stat_13x13,16,0.842,0.7427823180835229,16,512,True,0.5451
bot->ton,43,martingala,16,0.842,0.9339960992822438,15,480,True,0.5451
bot->ton,43,stat_13x13_adaptive,16,0.842,0.76563797648135,16,512,True,0.5451
bot->ton,43,statico,17,0.895,0.6640056867905236,0,0,True,0.5761
bot->ton,43,ogni_batch,17,0.895,0.9226179994531978,17,544,True,0.5761
bot->ton,43,su_innesco,17,0.895,0.931690311413872,13,416,True,0.5761
bot->ton,43,oracolo,17,0.895,0.905496809600185,17,544,True,0.5761
bot->ton,43,stat_13x13,17,0.895,0.7376125589545198,17,544,True,0.5761
bot->ton,43,martingala,17,0.895,0.9263191692536386,16,512,True,0.5761
bot->ton,43,stat_13x13_adaptive,17,0.895,0.7717845907012486,17,544,True,0.5761
bot->ton,43,statico,18,0.947,0.6411248150020514,0,0,True,0.60885
bot->ton,43,ogni_batch,18,0.947,0.9146967132641698,18,576,True,0.60885
bot->ton,43,su_innesco,18,0.947,0.9266013770441357,14,448,True,0.60885
bot->ton,43,oracolo,18,0.947,0.9024506733192661,18,576,True,0.60885
bot->ton,43,stat_13x13,18,0.947,0.7497364695064768,18,576,True,0.60885
bot->ton,43,martingala,18,0.947,0.912720349041674,17,544,True,0.60885
bot->ton,43,stat_13x13_adaptive,18,0.947,0.7715458501846316,18,576,True,0.60885
bot->ton,43,statico,19,1.0,0.6148325724588932,0,0,True,0.64605
bot->ton,43,ogni_batch,19,1.0,0.9133278984335522,19,608,True,0.64605
bot->ton,43,su_innesco,19,1.0,0.9184938317807436,15,480,True,0.64605
bot->ton,43,oracolo,19,1.0,0.9151992725489253,19,608,True,0.64605
bot->ton,43,stat_13x13,19,1.0,0.7312526221892639,19,608,True,0.64605
bot->ton,43,martingala,19,1.0,0.9144694349145387,18,576,True,0.64605
bot->ton,43,stat_13x13_adaptive,19,1.0,0.7690024629988126,19,608,True,0.64605
bot->ton,44,statico,0,0.0,0.9849,0,0,False,0.04435
bot->ton,44,ogni_batch,0,0.0,0.9849,0,0,False,0.04435
bot->ton,44,su_innesco,0,0.0,0.9849,0,0,False,0.04435
bot->ton,44,oracolo,0,0.0,0.9849,0,0,False,0.04435
bot->ton,44,stat_13x13,0,0.0,0.9849,0,0,False,0.04435
bot->ton,44,martingala,0,0.0,0.9849,0,0,False,0.04435
bot->ton,44,stat_13x13_adaptive,0,0.0,0.9849,0,0,False,0.04435
bot->ton,44,statico,1,0.053,0.9682849593017939,0,0,False,0.08545
bot->ton,44,ogni_batch,1,0.053,0.9682849593017939,1,32,False,0.08545
bot->ton,44,su_innesco,1,0.053,0.9682849593017939,0,0,False,0.08545
bot->ton,44,oracolo,1,0.053,0.9682849593017939,1,32,False,0.08545
bot->ton,44,stat_13x13,1,0.053,0.49994937221547187,1,32,False,0.08545
bot->ton,44,martingala,1,0.053,0.9682849593017939,0,0,False,0.08545
bot->ton,44,stat_13x13_adaptive,1,0.053,0.49997468610773593,1,32,False,0.08545
bot->ton,44,statico,2,0.105,0.9553405190516384,0,0,False,0.12215
bot->ton,44,ogni_batch,2,0.105,0.9553405190516384,2,64,False,0.12215
bot->ton,44,su_innesco,2,0.105,0.9553405190516384,0,0,False,0.12215
bot->ton,44,oracolo,2,0.105,0.9389377228743729,2,64,False,0.12215
bot->ton,44,stat_13x13,2,0.105,0.6487546711080098,2,64,False,0.12215
bot->ton,44,martingala,2,0.105,0.9553405190516384,1,32,False,0.12215
bot->ton,44,stat_13x13_adaptive,2,0.105,0.6461562349156793,2,64,False,0.12215
bot->ton,44,statico,3,0.158,0.9426147186147187,0,0,True,0.16245
bot->ton,44,ogni_batch,3,0.158,0.6066233766233766,3,96,True,0.16245
bot->ton,44,su_innesco,3,0.158,0.9426147186147187,0,0,True,0.16245
bot->ton,44,oracolo,3,0.158,0.9294285714285715,3,96,True,0.16245
bot->ton,44,stat_13x13,3,0.158,0.6225108225108226,3,96,True,0.16245
bot->ton,44,martingala,3,0.158,0.6111601731601731,2,64,True,0.16245
bot->ton,44,stat_13x13_adaptive,3,0.158,0.6215670995670995,3,96,True,0.16245
bot->ton,44,statico,4,0.211,0.9272998931563682,0,0,True,0.2032
bot->ton,44,ogni_batch,4,0.211,0.7821243160895404,4,128,True,0.2032
bot->ton,44,su_innesco,4,0.211,0.7851436227799116,1,32,True,0.2032
bot->ton,44,oracolo,4,0.211,0.9219989806609834,4,128,True,0.2032
bot->ton,44,stat_13x13,4,0.211,0.6297182113848079,4,128,True,0.2032
bot->ton,44,martingala,4,0.211,0.7821243160895404,3,96,True,0.2032
bot->ton,44,stat_13x13_adaptive,4,0.211,0.6287447775849184,4,128,True,0.2032
bot->ton,44,statico,5,0.263,0.9125107662511263,0,0,True,0.2381
bot->ton,44,ogni_batch,5,0.263,0.7983048519140925,5,160,True,0.2381
bot->ton,44,su_innesco,5,0.263,0.7986241197265759,2,64,True,0.2381
bot->ton,44,oracolo,5,0.263,0.9060948146049022,5,160,True,0.2381
bot->ton,44,stat_13x13,5,0.263,0.6621123097051198,5,160,True,0.2381
bot->ton,44,martingala,5,0.263,0.739158329457843,4,128,True,0.2381
bot->ton,44,stat_13x13_adaptive,5,0.263,0.625627960595069,5,160,True,0.2381
bot->ton,44,statico,6,0.316,0.9030160795612976,0,0,True,0.2805
bot->ton,44,ogni_batch,6,0.316,0.7962719583604425,6,192,True,0.2805
bot->ton,44,su_innesco,6,0.316,0.7939659819685845,3,96,True,0.2805
bot->ton,44,oracolo,6,0.316,0.9197806487591784,6,192,True,0.2805
bot->ton,44,stat_13x13,6,0.316,0.7628868853982712,6,192,True,0.2805
bot->ton,44,martingala,6,0.316,0.7374737429129101,5,160,True,0.2805
bot->ton,44,stat_13x13_adaptive,6,0.316,0.7161037271121852,6,192,True,0.2805
bot->ton,44,statico,7,0.368,0.8912746481157164,0,0,True,0.32155
bot->ton,44,ogni_batch,7,0.368,0.7915090687228384,7,224,True,0.32155
bot->ton,44,su_innesco,7,0.368,0.7929127545890899,4,128,True,0.32155
bot->ton,44,oracolo,7,0.368,0.9143153661542454,7,224,True,0.32155
bot->ton,44,stat_13x13,7,0.368,0.7646910674904326,7,224,True,0.32155
bot->ton,44,martingala,7,0.368,0.777182351462671,6,192,True,0.32155
bot->ton,44,stat_13x13_adaptive,7,0.368,0.6420915223454629,7,224,True,0.32155
bot->ton,44,statico,8,0.421,0.8719100563860288,0,0,True,0.35555
bot->ton,44,ogni_batch,8,0.421,0.7913229061500378,8,256,True,0.35555
bot->ton,44,su_innesco,8,0.421,0.7925445074794328,5,160,True,0.35555
bot->ton,44,oracolo,8,0.421,0.9110142328417917,8,256,True,0.35555
bot->ton,44,stat_13x13,8,0.421,0.7602924271982601,8,256,True,0.35555
bot->ton,44,martingala,8,0.421,0.7915202387539539,7,224,True,0.35555
bot->ton,44,stat_13x13_adaptive,8,0.421,0.6495882244741328,8,256,True,0.35555
bot->ton,44,statico,9,0.474,0.8610565591531586,0,0,True,0.39615
bot->ton,44,ogni_batch,9,0.474,0.7868967288079107,9,288,True,0.39615
bot->ton,44,su_innesco,9,0.474,0.7863431902714819,6,192,True,0.39615
bot->ton,44,oracolo,9,0.474,0.9383478019484506,9,288,True,0.39615
bot->ton,44,stat_13x13,9,0.474,0.7722320501943338,9,288,True,0.39615
bot->ton,44,martingala,9,0.474,0.7900927176105522,8,256,True,0.39615
bot->ton,44,stat_13x13_adaptive,9,0.474,0.7569647972625662,9,288,True,0.39615
bot->ton,44,statico,10,0.526,0.844079879141283,0,0,True,0.43295
bot->ton,44,ogni_batch,10,0.526,0.850149449375831,10,320,True,0.43295
bot->ton,44,su_innesco,10,0.526,0.8563754966269017,7,224,True,0.43295
bot->ton,44,oracolo,10,0.526,0.9261071174956292,10,320,True,0.43295
bot->ton,44,stat_13x13,10,0.526,0.7808635481818635,10,320,True,0.43295
bot->ton,44,martingala,10,0.526,0.8810996552404474,9,288,True,0.43295
bot->ton,44,stat_13x13_adaptive,10,0.526,0.6511007528931432,10,320,True,0.43295
bot->ton,44,statico,11,0.579,0.8305665334029287,0,0,True,0.4665
bot->ton,44,ogni_batch,11,0.579,0.83280316370582,11,352,True,0.4665
bot->ton,44,su_innesco,11,0.579,0.8505519746828447,8,256,True,0.4665
bot->ton,44,oracolo,11,0.579,0.913662670492676,11,352,True,0.4665
bot->ton,44,stat_13x13,11,0.579,0.778576520100889,11,352,True,0.4665
bot->ton,44,martingala,11,0.579,0.7683565801816816,10,320,True,0.4665
bot->ton,44,stat_13x13_adaptive,11,0.579,0.6436923250202973,11,352,True,0.4665
bot->ton,44,statico,12,0.632,0.8108553420208624,0,0,True,0.5046
bot->ton,44,ogni_batch,12,0.632,0.8315372523543834,12,384,True,0.5046
bot->ton,44,su_innesco,12,0.632,0.8460689053848964,9,288,True,0.5046
bot->ton,44,oracolo,12,0.632,0.9255012562326619,12,384,True,0.5046
bot->ton,44,stat_13x13,12,0.632,0.7690917901713734,12,384,True,0.5046
bot->ton,44,martingala,12,0.632,0.7475857570605582,11,352,True,0.5046
bot->ton,44,stat_13x13_adaptive,12,0.632,0.6393845767301299,12,384,True,0.5046
bot->ton,44,statico,13,0.684,0.7994871388373915,0,0,True,0.55135
bot->ton,44,ogni_batch,13,0.684,0.8786942486098184,13,416,True,0.55135
bot->ton,44,su_innesco,13,0.684,0.8980715996942183,10,320,True,0.55135
bot->ton,44,oracolo,13,0.684,0.940258764465076,13,416,True,0.55135
bot->ton,44,stat_13x13,13,0.684,0.7708486491022595,13,416,True,0.55135
bot->ton,44,martingala,13,0.684,0.8503974459774847,12,384,True,0.55135
bot->ton,44,stat_13x13_adaptive,13,0.684,0.746828085143581,13,416,True,0.55135
bot->ton,44,statico,14,0.737,0.7807797876023319,0,0,True,0.58775
bot->ton,44,ogni_batch,14,0.737,0.8134071412841072,14,448,True,0.58775
bot->ton,44,su_innesco,14,0.737,0.8474282542152237,11,352,True,0.58775
bot->ton,44,oracolo,14,0.737,0.9386902737435773,14,448,True,0.58775
bot->ton,44,stat_13x13,14,0.737,0.7756958479987108,14,448,True,0.58775
bot->ton,44,martingala,14,0.737,0.9160758164722215,13,416,True,0.58775
bot->ton,44,stat_13x13_adaptive,14,0.737,0.7621139601362354,14,448,True,0.58775
bot->ton,44,statico,15,0.789,0.7636983188747367,0,0,True,0.62215
bot->ton,44,ogni_batch,15,0.789,0.9098784913749874,15,480,True,0.62215
bot->ton,44,su_innesco,15,0.789,0.9113786752415338,12,384,True,0.62215
bot->ton,44,oracolo,15,0.789,0.9357853922207735,15,480,True,0.62215
bot->ton,44,stat_13x13,15,0.789,0.7770722595527029,15,480,True,0.62215
bot->ton,44,martingala,15,0.789,0.9062680210109317,14,448,True,0.62215
bot->ton,44,stat_13x13_adaptive,15,0.789,0.7682200255741651,15,480,True,0.62215
bot->ton,44,statico,16,0.842,0.7476915507952786,0,0,True,0.6662
bot->ton,44,ogni_batch,16,0.842,0.8218690545781737,16,512,True,0.6662
bot->ton,44,su_innesco,16,0.842,0.9196192123710627,13,416,True,0.6662
bot->ton,44,oracolo,16,0.842,0.9251211979681238,16,512,True,0.6662
bot->ton,44,stat_13x13,16,0.842,0.7795702558587578,16,512,True,0.6662
bot->ton,44,martingala,16,0.842,0.818609745048285,15,480,True,0.6662
bot->ton,44,stat_13x13_adaptive,16,0.842,0.7842105820333847,16,512,True,0.6662
bot->ton,44,statico,17,0.895,0.7306235169580237,0,0,True,0.69965
bot->ton,44,ogni_batch,17,0.895,0.9049011018979973,17,544,True,0.69965
bot->ton,44,su_innesco,17,0.895,0.9020668819310403,14,448,True,0.69965
bot->ton,44,oracolo,17,0.895,0.9269660462480629,17,544,True,0.69965
bot->ton,44,stat_13x13,17,0.895,0.7646578309182706,17,544,True,0.69965
bot->ton,44,martingala,17,0.895,0.9100699128505326,16,512,True,0.69965
bot->ton,44,stat_13x13_adaptive,17,0.895,0.7603256041786872,17,544,True,0.69965
bot->ton,44,statico,18,0.947,0.7082329599720606,0,0,True,0.74165
bot->ton,44,ogni_batch,18,0.947,0.8149907534987813,18,576,True,0.74165
bot->ton,44,su_innesco,18,0.947,0.8198875671114942,15,480,True,0.74165
bot->ton,44,oracolo,18,0.947,0.9162395689673914,18,576,True,0.74165
bot->ton,44,stat_13x13,18,0.947,0.764069513771771,18,576,True,0.74165
bot->ton,44,martingala,18,0.947,0.82126239509307,17,544,True,0.74165
bot->ton,44,stat_13x13_adaptive,18,0.947,0.7670506979721603,18,576,True,0.74165
bot->ton,44,statico,19,1.0,0.6915946250981347,0,0,True,0.78595
bot->ton,44,ogni_batch,19,1.0,0.839892161781522,19,608,True,0.78595
bot->ton,44,su_innesco,19,1.0,0.8265392428810816,16,512,True,0.78595
bot->ton,44,oracolo,19,1.0,0.9184332673132891,19,608,True,0.78595
bot->ton,44,stat_13x13,19,1.0,0.7772619023683688,19,608,True,0.78595
bot->ton,44,martingala,19,1.0,0.8389601128583215,18,576,True,0.78595
bot->ton,44,stat_13x13_adaptive,19,1.0,0.784971188641377,19,608,True,0.78595
bot->ton,45,statico,0,0.0,0.9868,0,0,False,0.04635
bot->ton,45,ogni_batch,0,0.0,0.9868,0,0,False,0.04635
bot->ton,45,su_innesco,0,0.0,0.9868,0,0,False,0.04635
bot->ton,45,oracolo,0,0.0,0.9868,0,0,False,0.04635
bot->ton,45,stat_13x13,0,0.0,0.9868,0,0,False,0.04635
bot->ton,45,martingala,0,0.0,0.9868,0,0,False,0.04635
bot->ton,45,stat_13x13_adaptive,0,0.0,0.9868,0,0,False,0.04635
bot->ton,45,statico,1,0.053,0.8825982281314019,0,0,False,0.08105
bot->ton,45,ogni_batch,1,0.053,0.8825982281314019,1,32,False,0.08105
bot->ton,45,su_innesco,1,0.053,0.8825982281314019,0,0,False,0.08105
bot->ton,45,oracolo,1,0.053,0.8825982281314019,1,32,False,0.08105
bot->ton,45,stat_13x13,1,0.053,0.5,1,32,False,0.08105
bot->ton,45,martingala,1,0.053,0.8825982281314019,0,0,False,0.08105
bot->ton,45,stat_13x13_adaptive,1,0.053,0.5018450184501845,1,32,False,0.08105
bot->ton,45,statico,2,0.105,0.8704614492332621,0,0,False,0.11985
bot->ton,45,ogni_batch,2,0.105,0.8704614492332621,2,64,False,0.11985
bot->ton,45,su_innesco,2,0.105,0.8704614492332621,0,0,False,0.11985
bot->ton,45,oracolo,2,0.105,0.8388769901181685,2,64,False,0.11985
bot->ton,45,stat_13x13,2,0.105,0.7813414571077575,2,64,False,0.11985
bot->ton,45,martingala,2,0.105,0.8704614492332621,0,0,False,0.11985
bot->ton,45,stat_13x13_adaptive,2,0.105,0.7775960701946447,2,64,False,0.11985
bot->ton,45,statico,3,0.158,0.8720813942875416,0,0,True,0.15465
bot->ton,45,ogni_batch,3,0.158,0.8720813942875416,3,96,True,0.15465
bot->ton,45,su_innesco,3,0.158,0.8720813942875416,0,0,True,0.15465
bot->ton,45,oracolo,3,0.158,0.9218206759311296,3,96,True,0.15465
bot->ton,45,stat_13x13,3,0.158,0.7641800855374015,3,96,True,0.15465
bot->ton,45,martingala,3,0.158,0.8720813942875416,1,32,True,0.15465
bot->ton,45,stat_13x13_adaptive,3,0.158,0.7906310268616273,3,96,True,0.15465
bot->ton,45,statico,4,0.211,0.8667178803788915,0,0,True,0.18965
bot->ton,45,ogni_batch,4,0.211,0.8667178803788915,4,128,True,0.18965
bot->ton,45,su_innesco,4,0.211,0.8667178803788915,1,32,True,0.18965
bot->ton,45,oracolo,4,0.211,0.9071176563017956,4,128,True,0.18965
bot->ton,45,stat_13x13,4,0.211,0.7989872508213163,4,128,True,0.18965
bot->ton,45,martingala,4,0.211,0.8667178803788915,2,64,True,0.18965
bot->ton,45,stat_13x13_adaptive,4,0.211,0.6221586666127233,4,128,True,0.18965
bot->ton,45,statico,5,0.263,0.8381932755293082,0,0,True,0.2255
bot->ton,45,ogni_batch,5,0.263,0.922289396951632,5,160,True,0.2255
bot->ton,45,su_innesco,5,0.263,0.9221898211927521,2,64,True,0.2255
bot->ton,45,oracolo,5,0.263,0.9157874309670677,5,160,True,0.2255
bot->ton,45,stat_13x13,5,0.263,0.7853893456739363,5,160,True,0.2255
bot->ton,45,martingala,5,0.263,0.922313696662612,3,96,True,0.2255
bot->ton,45,stat_13x13_adaptive,5,0.263,0.5999758658241692,5,160,True,0.2255
bot->ton,45,statico,6,0.316,0.8199268186876403,0,0,True,0.2625
bot->ton,45,ogni_batch,6,0.316,0.9241721072140356,6,192,True,0.2625
bot->ton,45,su_innesco,6,0.316,0.913342117246378,3,96,True,0.2625
bot->ton,45,oracolo,6,0.316,0.9064183639467971,6,192,True,0.2625
bot->ton,45,stat_13x13,6,0.316,0.7922183332300461,6,192,True,0.2625
bot->ton,45,martingala,6,0.316,0.9381993337518715,4,128,True,0.2625
bot->ton,45,stat_13x13_adaptive,6,0.316,0.6967265104423481,6,192,True,0.2625
bot->ton,45,statico,7,0.368,0.8071240565705009,0,0,True,0.29585
bot->ton,45,ogni_batch,7,0.368,0.9230806068261481,7,224,True,0.29585
bot->ton,45,su_innesco,7,0.368,0.9190555203286911,4,128,True,0.29585
bot->ton,45,oracolo,7,0.368,0.9210248499915231,7,224,True,0.29585
bot->ton,45,stat_13x13,7,0.368,0.7386783642811157,7,224,True,0.29585
bot->ton,45,martingala,7,0.368,0.9184866046254774,5,160,True,0.29585
bot->ton,45,stat_13x13_adaptive,7,0.368,0.6520958857665283,7,224,True,0.29585
bot->ton,45,statico,8,0.421,0.7965688273812638,0,0,True,0.3326
bot->ton,45,ogni_batch,8,0.421,0.9232058509662764,8,256,True,0.3326
bot->ton,45,su_innesco,8,0.421,0.9288057165952834,5,160,True,0.3326
bot->ton,45,oracolo,8,0.421,0.9219475040999727,8,256,True,0.3326
bot->ton,45,stat_13x13,8,0.421,0.7389963708782397,8,256,True,0.3326
bot->ton,45,martingala,8,0.421,0.9234222105804916,6,192,True,0.3326
bot->ton,45,stat_13x13_adaptive,8,0.421,0.6471811665252435,8,256,True,0.3326
bot->ton,45,statico,9,0.474,0.7753370597582765,0,0,True,0.3683
bot->ton,45,ogni_batch,9,0.474,0.9175294384382805,9,288,True,0.3683
bot->ton,45,su_innesco,9,0.474,0.849348553021863,6,192,True,0.3683
bot->ton,45,oracolo,9,0.474,0.9141232780426227,9,288,True,0.3683
bot->ton,45,stat_13x13,9,0.474,0.6997325118622402,9,288,True,0.3683
bot->ton,45,martingala,9,0.474,0.9122299816228916,7,224,True,0.3683
bot->ton,45,stat_13x13_adaptive,9,0.474,0.6262471888443142,9,288,True,0.3683
bot->ton,45,statico,10,0.526,0.7610132040244473,0,0,True,0.4056
bot->ton,45,ogni_batch,10,0.526,0.9259680002848439,10,320,True,0.4056
bot->ton,45,su_innesco,10,0.526,0.9170072157945601,7,224,True,0.4056
bot->ton,45,oracolo,10,0.526,0.9242284061677604,10,320,True,0.4056
bot->ton,45,stat_13x13,10,0.526,0.7388206942883268,10,320,True,0.4056
bot->ton,45,martingala,10,0.526,0.9064509202908717,8,256,True,0.4056
bot->ton,45,stat_13x13_adaptive,10,0.526,0.6608651364965445,10,320,True,0.4056
bot->ton,45,statico,11,0.579,0.7458061786139478,0,0,True,0.44395
bot->ton,45,ogni_batch,11,0.579,0.922784154447966,11,352,True,0.44395
bot->ton,45,su_innesco,11,0.579,0.9171747543166078,8,256,True,0.44395
bot->ton,45,oracolo,11,0.579,0.9435049194620648,11,352,True,0.44395
bot->ton,45,stat_13x13,11,0.579,0.7325899918846854,11,352,True,0.44395
bot->ton,45,martingala,11,0.579,0.9100873171710988,9,288,True,0.44395
bot->ton,45,stat_13x13_adaptive,11,0.579,0.642546853926725,11,352,True,0.44395
bot->ton,45,statico,12,0.632,0.7286967785037198,0,0,True,0.4734
bot->ton,45,ogni_batch,12,0.632,0.9460530118610215,12,384,True,0.4734
bot->ton,45,su_innesco,12,0.632,0.9415690998451098,9,288,True,0.4734
bot->ton,45,oracolo,12,0.632,0.9455422644961538,12,384,True,0.4734
bot->ton,45,stat_13x13,12,0.632,0.7334784160446124,12,384,True,0.4734
bot->ton,45,martingala,12,0.632,0.9085562741372224,10,320,True,0.4734
bot->ton,45,stat_13x13_adaptive,12,0.632,0.6596555427844245,12,384,True,0.4734
bot->ton,45,statico,13,0.684,0.7141532157672734,0,0,True,0.51395
bot->ton,45,ogni_batch,13,0.684,0.9440808921297333,13,416,True,0.51395
bot->ton,45,su_innesco,13,0.684,0.8688630922744801,10,320,True,0.51395
bot->ton,45,oracolo,13,0.684,0.935431937436922,13,416,True,0.51395
bot->ton,45,stat_13x13,13,0.684,0.73464786969756,13,416,True,0.51395
bot->ton,45,martingala,13,0.684,0.9207929335216705,11,352,True,0.51395
bot->ton,45,stat_13x13_adaptive,13,0.684,0.6614827859724906,13,416,True,0.51395
bot->ton,45,statico,14,0.737,0.6945121794597371,0,0,True,0.54515
bot->ton,45,ogni_batch,14,0.737,0.847381309131384,14,448,True,0.54515
bot->ton,45,su_innesco,14,0.737,0.9393304507898455,11,352,True,0.54515
bot->ton,45,oracolo,14,0.737,0.9387730639154073,14,448,True,0.54515
bot->ton,45,stat_13x13,14,0.737,0.7515878248212681,14,448,True,0.54515
bot->ton,45,martingala,14,0.737,0.9238422021490647,12,384,True,0.54515
bot->ton,45,stat_13x13_adaptive,14,0.737,0.6733190633160666,14,448,True,0.54515
bot->ton,45,statico,15,0.789,0.6769193401788316,0,0,True,0.58405
bot->ton,45,ogni_batch,15,0.789,0.7679647681784586,15,480,True,0.58405
bot->ton,45,su_innesco,15,0.789,0.9385960036647407,12,384,True,0.58405
bot->ton,45,oracolo,15,0.789,0.9371623756551458,15,480,True,0.58405
bot->ton,45,stat_13x13,15,0.789,0.7468261820423656,15,480,True,0.58405
bot->ton,45,martingala,15,0.789,0.9366966812297677,13,416,True,0.58405
bot->ton,45,stat_13x13_adaptive,15,0.789,0.6642784658668981,15,480,True,0.58405
bot->ton,45,statico,16,0.842,0.6540930663029678,0,0,True,0.6184
bot->ton,45,ogni_batch,16,0.842,0.8295792738137822,16,512,True,0.6184
bot->ton,45,su_innesco,16,0.842,0.9399441699015649,13,416,True,0.6184
bot->ton,45,oracolo,16,0.842,0.9363312134073677,16,512,True,0.6184
bot->ton,45,stat_13x13,16,0.842,0.7554853753195592,16,512,True,0.6184
bot->ton,45,martingala,16,0.842,0.9295291920902398,14,448,True,0.6184
bot->ton,45,stat_13x13_adaptive,16,0.842,0.7073930304227689,16,512,True,0.6184
bot->ton,45,statico,17,0.895,0.6349131381554163,0,0,True,0.65545
bot->ton,45,ogni_batch,17,0.895,0.8280584665923671,17,544,True,0.65545
bot->ton,45,su_innesco,17,0.895,0.930002782065057,14,448,True,0.65545
bot->ton,45,oracolo,17,0.895,0.9276526257366716,17,544,True,0.65545
bot->ton,45,stat_13x13,17,0.895,0.7388018802452188,17,544,True,0.65545
bot->ton,45,martingala,17,0.895,0.9318440621520212,15,480,True,0.65545
bot->ton,45,stat_13x13_adaptive,17,0.895,0.7825582604419923,17,544,True,0.65545
bot->ton,45,statico,18,0.947,0.6155867517520426,0,0,True,0.6915
bot->ton,45,ogni_batch,18,0.947,0.86438094228667,18,576,True,0.6915
bot->ton,45,su_innesco,18,0.947,0.9323856432874014,15,480,True,0.6915
bot->ton,45,oracolo,18,0.947,0.9222272805930681,18,576,True,0.6915
bot->ton,45,stat_13x13,18,0.947,0.7414625669007402,18,576,True,0.6915
bot->ton,45,martingala,18,0.947,0.8623556601064724,16,512,True,0.6915
bot->ton,45,stat_13x13_adaptive,18,0.947,0.7967290637375126,18,576,True,0.6915
bot->ton,45,statico,19,1.0,0.5885574839247469,0,0,True,0.73015
bot->ton,45,ogni_batch,19,1.0,0.9360509109371491,19,608,True,0.73015
bot->ton,45,su_innesco,19,1.0,0.9322190560977277,16,512,True,0.73015
bot->ton,45,oracolo,19,1.0,0.9126305181921313,19,608,True,0.73015
bot->ton,45,stat_13x13,19,1.0,0.7360445057588294,19,608,True,0.73015
bot->ton,45,martingala,19,1.0,0.9291782227106355,17,544,True,0.73015
bot->ton,45,stat_13x13_adaptive,19,1.0,0.7896016169516825,19,608,True,0.73015
bot->ton,46,statico,0,0.0,0.98385,0,0,False,0.0178
bot->ton,46,ogni_batch,0,0.0,0.98385,0,0,False,0.0178
bot->ton,46,su_innesco,0,0.0,0.98385,0,0,False,0.0178
bot->ton,46,oracolo,0,0.0,0.98385,0,0,False,0.0178
bot->ton,46,stat_13x13,0,0.0,0.98385,0,0,False,0.0178
bot->ton,46,martingala,0,0.0,0.98385,0,0,False,0.0178
bot->ton,46,stat_13x13_adaptive,0,0.0,0.98385,0,0,False,0.0178
bot->ton,46,statico,1,0.053,0.9638670241463719,0,0,False,0.04925
bot->ton,46,ogni_batch,1,0.053,0.9638670241463719,1,32,False,0.04925
bot->ton,46,su_innesco,1,0.053,0.9638670241463719,0,0,False,0.04925
bot->ton,46,oracolo,1,0.053,0.9638670241463719,1,32,False,0.04925
bot->ton,46,stat_13x13,1,0.053,0.4999746732853814,1,32,False,0.04925
bot->ton,46,martingala,1,0.053,0.9638670241463719,0,0,False,0.04925
bot->ton,46,stat_13x13_adaptive,1,0.053,0.4999746732853814,1,32,False,0.04925
bot->ton,46,statico,2,0.105,0.9617411591526118,0,0,False,0.0812
bot->ton,46,ogni_batch,2,0.105,0.791582187072539,2,64,False,0.0812
bot->ton,46,su_innesco,2,0.105,0.9617411591526118,0,0,False,0.0812
bot->ton,46,oracolo,2,0.105,0.925206917142877,2,64,False,0.0812
bot->ton,46,stat_13x13,2,0.105,0.5253981245530104,2,64,False,0.0812
bot->ton,46,martingala,2,0.105,0.9617411591526118,0,0,False,0.0812
bot->ton,46,stat_13x13_adaptive,2,0.105,0.5326853574875537,2,64,False,0.0812
bot->ton,46,statico,3,0.158,0.9381723125113657,0,0,False,0.11095
bot->ton,46,ogni_batch,3,0.158,0.7773489356760519,3,96,False,0.11095
bot->ton,46,su_innesco,3,0.158,0.9381723125113657,0,0,False,0.11095
bot->ton,46,oracolo,3,0.158,0.9167704715652554,3,96,False,0.11095
bot->ton,46,stat_13x13,3,0.158,0.6287234350663112,3,96,False,0.11095
bot->ton,46,martingala,3,0.158,0.9381723125113657,1,32,False,0.11095
bot->ton,46,stat_13x13_adaptive,3,0.158,0.597133049335384,3,96,False,0.11095
bot->ton,46,statico,4,0.211,0.9291872482398332,0,0,True,0.1415
bot->ton,46,ogni_batch,4,0.211,0.7858756531655082,4,128,True,0.1415
bot->ton,46,su_innesco,4,0.211,0.9291872482398332,0,0,True,0.1415
bot->ton,46,oracolo,4,0.211,0.9142221848575045,4,128,True,0.1415
bot->ton,46,stat_13x13,4,0.211,0.785763818970854,4,128,True,0.1415
bot->ton,46,martingala,4,0.211,0.7947914016713571,2,64,True,0.1415
bot->ton,46,stat_13x13_adaptive,4,0.211,0.7668901998774971,4,128,True,0.1415
bot->ton,46,statico,5,0.263,0.9128894404662196,0,0,True,0.17095
bot->ton,46,ogni_batch,5,0.263,0.7976672650273817,5,160,True,0.17095
bot->ton,46,su_innesco,5,0.263,0.4921796026817726,1,32,True,0.17095
bot->ton,46,oracolo,5,0.263,0.9124483955325182,5,160,True,0.17095
bot->ton,46,stat_13x13,5,0.263,0.7485434834367787,5,160,True,0.17095
bot->ton,46,martingala,5,0.263,0.8003905655390806,3,96,True,0.17095
bot->ton,46,stat_13x13_adaptive,5,0.263,0.7601246427241339,5,160,True,0.17095
bot->ton,46,statico,6,0.316,0.9034013768976988,0,0,True,0.2034
bot->ton,46,ogni_batch,6,0.316,0.8038199810430446,6,192,True,0.2034
bot->ton,46,su_innesco,6,0.316,0.4932339924767445,2,64,True,0.2034
bot->ton,46,oracolo,6,0.316,0.9143974985061095,6,192,True,0.2034
bot->ton,46,stat_13x13,6,0.316,0.7656812713065417,6,192,True,0.2034
bot->ton,46,martingala,6,0.316,0.8045378784236421,4,128,True,0.2034
bot->ton,46,stat_13x13_adaptive,6,0.316,0.7500123059945647,6,192,True,0.2034
bot->ton,46,statico,7,0.368,0.8909982699713677,0,0,True,0.2355
bot->ton,46,ogni_batch,7,0.368,0.7985206482213518,7,224,True,0.2355
bot->ton,46,su_innesco,7,0.368,0.4950914058430419,3,96,True,0.2355
bot->ton,46,oracolo,7,0.368,0.9035869876275984,7,224,True,0.2355
bot->ton,46,stat_13x13,7,0.368,0.7553918559801107,7,224,True,0.2355
bot->ton,46,martingala,7,0.368,0.7918470652691258,5,160,True,0.2355
bot->ton,46,stat_13x13_adaptive,7,0.368,0.7907694806767689,7,224,True,0.2355
bot->ton,46,statico,8,0.421,0.878883065378868,0,0,True,0.2661
bot->ton,46,ogni_batch,8,0.421,0.788630959418696,8,256,True,0.2661
bot->ton,46,su_innesco,8,0.421,0.9120530859746887,4,128,True,0.2661
bot->ton,46,oracolo,8,0.421,0.9034177993152918,8,256,True,0.2661
bot->ton,46,stat_13x13,8,0.421,0.7677990018236662,8,256,True,0.2661
bot->ton,46,martingala,8,0.421,0.7857139799398644,6,192,True,0.2661
bot->ton,46,stat_13x13_adaptive,8,0.421,0.7892757508727877,8,256,True,0.2661
bot->ton,46,statico,9,0.474,0.8622514602401403,0,0,True,0.30085
bot->ton,46,ogni_batch,9,0.474,0.8831008031926724,9,288,True,0.30085
bot->ton,46,su_innesco,9,0.474,0.8671709387326381,5,160,True,0.30085
bot->ton,46,oracolo,9,0.474,0.9042581104952081,9,288,True,0.30085
bot->ton,46,stat_13x13,9,0.474,0.7793361050894296,9,288,True,0.30085
bot->ton,46,martingala,9,0.474,0.87994900980369,7,224,True,0.30085
bot->ton,46,stat_13x13_adaptive,9,0.474,0.7843461749106699,9,288,True,0.30085
bot->ton,46,statico,10,0.526,0.8472894418679513,0,0,True,0.3301
bot->ton,46,ogni_batch,10,0.526,0.8808783910035289,10,320,True,0.3301
bot->ton,46,su_innesco,10,0.526,0.8779107023967558,6,192,True,0.3301
bot->ton,46,oracolo,10,0.526,0.9060779842668889,10,320,True,0.3301
bot->ton,46,stat_13x13,10,0.526,0.7374534958931451,10,320,True,0.3301
bot->ton,46,martingala,10,0.526,0.8774878844219574,8,256,True,0.3301
bot->ton,46,stat_13x13_adaptive,10,0.526,0.7612151616320604,10,320,True,0.3301
bot->ton,46,statico,11,0.579,0.8352341047780787,0,0,True,0.3555
bot->ton,46,ogni_batch,11,0.579,0.8480704435508996,11,352,True,0.3555
bot->ton,46,su_innesco,11,0.579,0.8799949522669392,7,224,True,0.3555
bot->ton,46,oracolo,11,0.579,0.9060382553867896,11,352,True,0.3555
bot->ton,46,stat_13x13,11,0.579,0.7853092739086225,11,352,True,0.3555
bot->ton,46,martingala,11,0.579,0.884323640227549,9,288,True,0.3555
bot->ton,46,stat_13x13_adaptive,11,0.579,0.7901502752887117,11,352,True,0.3555
bot->ton,46,statico,12,0.632,0.8168371538907597,0,0,True,0.38985
bot->ton,46,ogni_batch,12,0.632,0.8380875852290672,12,384,True,0.38985
bot->ton,46,su_innesco,12,0.632,0.8759569734750385,8,256,True,0.38985
bot->ton,46,oracolo,12,0.632,0.8996090941429125,12,384,True,0.38985
bot->ton,46,stat_13x13,12,0.632,0.7917457728845865,12,384,True,0.38985
bot->ton,46,martingala,12,0.632,0.8789531439738195,10,320,True,0.38985
bot->ton,46,stat_13x13_adaptive,12,0.632,0.7984926958403121,12,384,True,0.38985
bot->ton,46,statico,13,0.684,0.8020455300484961,0,0,True,0.42295
bot->ton,46,ogni_batch,13,0.684,0.8415326299850413,13,416,True,0.42295
bot->ton,46,su_innesco,13,0.684,0.8732151882188224,9,288,True,0.42295
bot->ton,46,oracolo,13,0.684,0.9271531130816396,13,416,True,0.42295
bot->ton,46,stat_13x13,13,0.684,0.7976025469705139,13,416,True,0.42295
bot->ton,46,martingala,13,0.684,0.8810996152867874,11,352,True,0.42295
bot->ton,46,stat_13x13_adaptive,13,0.684,0.7998757386456918,13,416,True,0.42295
bot->ton,46,statico,14,0.737,0.7880550075577858,0,0,True,0.44995
bot->ton,46,ogni_batch,14,0.737,0.8710094522119869,14,448,True,0.44995
bot->ton,46,su_innesco,14,0.737,0.8766814962065643,10,320,True,0.44995
bot->ton,46,oracolo,14,0.737,0.9287404113026236,14,448,True,0.44995
bot->ton,46,stat_13x13,14,0.737,0.7915026894910351,14,448,True,0.44995
bot->ton,46,martingala,14,0.737,0.8611879146555705,12,384,True,0.44995
bot->ton,46,stat_13x13_adaptive,14,0.737,0.7827808923073933,14,448,True,0.44995
bot->ton,46,statico,15,0.789,0.768130015983207,0,0,True,0.48345
bot->ton,46,ogni_batch,15,0.789,0.9264227373328727,15,480,True,0.48345
bot->ton,46,su_innesco,15,0.789,0.9413269825957995,11,352,True,0.48345
bot->ton,46,oracolo,15,0.789,0.9328489760039835,15,480,True,0.48345
bot->ton,46,stat_13x13,15,0.789,0.7997173202849818,15,480,True,0.48345
bot->ton,46,martingala,15,0.789,0.9422339601589655,13,416,True,0.48345
bot->ton,46,stat_13x13_adaptive,15,0.789,0.783455084941771,15,480,True,0.48345
bot->ton,46,statico,16,0.842,0.7505210033263954,0,0,True,0.51215
bot->ton,46,ogni_batch,16,0.842,0.9241223954545431,16,512,True,0.51215
bot->ton,46,su_innesco,16,0.842,0.9369247233124055,12,384,True,0.51215
bot->ton,46,oracolo,16,0.842,0.9338497686526357,16,512,True,0.51215
bot->ton,46,stat_13x13,16,0.842,0.7877271535180322,16,512,True,0.51215
bot->ton,46,martingala,16,0.842,0.9372764409857097,14,448,True,0.51215
bot->ton,46,stat_13x13_adaptive,16,0.842,0.7944396342787698,16,512,True,0.51215
bot->ton,46,statico,17,0.895,0.732017100700326,0,0,True,0.54085
bot->ton,46,ogni_batch,17,0.895,0.9285479702992651,17,544,True,0.54085
bot->ton,46,su_innesco,17,0.895,0.9395946139388596,13,416,True,0.54085
bot->ton,46,oracolo,17,0.895,0.9344563234848499,17,544,True,0.54085
bot->ton,46,stat_13x13,17,0.895,0.7981287637797838,17,544,True,0.54085
bot->ton,46,martingala,17,0.895,0.9336333408471977,15,480,True,0.54085
bot->ton,46,stat_13x13_adaptive,17,0.895,0.7912060613254197,17,544,True,0.54085
bot->ton,46,statico,18,0.947,0.7130299857924315,0,0,True,0.58145
bot->ton,46,ogni_batch,18,0.947,0.9369495911831305,18,576,True,0.58145
bot->ton,46,su_innesco,18,0.947,0.9358825987508947,14,448,True,0.58145
bot->ton,46,oracolo,18,0.947,0.9347252721688859,18,576,True,0.58145
bot->ton,46,stat_13x13,18,0.947,0.8587064432524952,18,576,True,0.58145
bot->ton,46,martingala,18,0.947,0.9338743529010293,16,512,True,0.58145
bot->ton,46,stat_13x13_adaptive,18,0.947,0.7722118045824623,18,576,True,0.58145
bot->ton,46,statico,19,1.0,0.6950485491115952,0,0,True,0.60945
bot->ton,46,ogni_batch,19,1.0,0.8583554042648844,19,608,True,0.60945
bot->ton,46,su_innesco,19,1.0,0.931981568994339,15,480,True,0.60945
bot->ton,46,oracolo,19,1.0,0.9305954624592967,19,608,True,0.60945
bot->ton,46,stat_13x13,19,1.0,0.8582480762299622,19,608,True,0.60945
bot->ton,46,martingala,19,1.0,0.9265909542655609,17,544,True,0.60945
bot->ton,46,stat_13x13_adaptive,19,1.0,0.779563410089876,19,608,True,0.60945
bot->ton,47,statico,0,0.0,0.9853,0,0,False,0.04125
bot->ton,47,ogni_batch,0,0.0,0.9853,0,0,False,0.04125
bot->ton,47,su_innesco,0,0.0,0.9853,0,0,False,0.04125
bot->ton,47,oracolo,0,0.0,0.9853,0,0,False,0.04125
bot->ton,47,stat_13x13,0,0.0,0.9853,0,0,False,0.04125
bot->ton,47,martingala,0,0.0,0.9853,0,0,False,0.04125
bot->ton,47,stat_13x13_adaptive,0,0.0,0.9853,0,0,False,0.04125
bot->ton,47,statico,1,0.053,0.9559371748357414,0,0,False,0.0712
bot->ton,47,ogni_batch,1,0.053,0.9559371748357414,1,32,False,0.0712
bot->ton,47,su_innesco,1,0.053,0.9559371748357414,0,0,False,0.0712
bot->ton,47,oracolo,1,0.053,0.9559371748357414,1,32,False,0.0712
bot->ton,47,stat_13x13,1,0.053,0.5,1,32,False,0.0712
bot->ton,47,martingala,1,0.053,0.9559371748357414,0,0,False,0.0712
bot->ton,47,stat_13x13_adaptive,1,0.053,0.5,1,32,False,0.0712
bot->ton,47,statico,2,0.105,0.9499943495537533,0,0,False,0.10055
bot->ton,47,ogni_batch,2,0.105,0.9499943495537533,2,64,False,0.10055
bot->ton,47,su_innesco,2,0.105,0.9499943495537533,0,0,False,0.10055
bot->ton,47,oracolo,2,0.105,0.9170489993278046,2,64,False,0.10055
bot->ton,47,stat_13x13,2,0.105,0.5,2,64,False,0.10055
bot->ton,47,martingala,2,0.105,0.9499943495537533,1,32,False,0.10055
bot->ton,47,stat_13x13_adaptive,2,0.105,0.5582120582120582,2,64,False,0.10055
bot->ton,47,statico,3,0.158,0.9387216890503307,0,0,True,0.12755
bot->ton,47,ogni_batch,3,0.158,0.9387216890503307,3,96,True,0.12755
bot->ton,47,su_innesco,3,0.158,0.9387216890503307,0,0,True,0.12755
bot->ton,47,oracolo,3,0.158,0.9058821463396242,3,96,True,0.12755
bot->ton,47,stat_13x13,3,0.158,0.7325369230869552,3,96,True,0.12755
bot->ton,47,martingala,3,0.158,0.9387216890503307,2,64,True,0.12755
bot->ton,47,stat_13x13_adaptive,3,0.158,0.7337092254888725,3,96,True,0.12755
bot->ton,47,statico,4,0.211,0.922868760923621,0,0,True,0.16055
bot->ton,47,ogni_batch,4,0.211,0.922868760923621,4,128,True,0.16055
bot->ton,47,su_innesco,4,0.211,0.922868760923621,1,32,True,0.16055
bot->ton,47,oracolo,4,0.211,0.9020993446682468,4,128,True,0.16055
bot->ton,47,stat_13x13,4,0.211,0.5766132755984691,4,128,True,0.16055
bot->ton,47,martingala,4,0.211,0.922868760923621,3,96,True,0.16055
bot->ton,47,stat_13x13_adaptive,4,0.211,0.6065818343816589,4,128,True,0.16055
bot->ton,47,statico,5,0.263,0.9067122402320612,0,0,True,0.1919
bot->ton,47,ogni_batch,5,0.263,0.7861052523776308,5,160,True,0.1919
bot->ton,47,su_innesco,5,0.263,0.7889195203773209,2,64,True,0.1919
bot->ton,47,oracolo,5,0.263,0.902881112919476,5,160,True,0.1919
bot->ton,47,stat_13x13,5,0.263,0.5766903599384418,5,160,True,0.1919
bot->ton,47,martingala,5,0.263,0.7905428970006976,4,128,True,0.1919
bot->ton,47,stat_13x13_adaptive,5,0.263,0.7183389660211911,5,160,True,0.1919
bot->ton,47,statico,6,0.316,0.8901899419904998,0,0,True,0.21405
bot->ton,47,ogni_batch,6,0.316,0.8845309436359117,6,192,True,0.21405
bot->ton,47,su_innesco,6,0.316,0.888970129366694,3,96,True,0.21405
bot->ton,47,oracolo,6,0.316,0.9065546380933971,6,192,True,0.21405
bot->ton,47,stat_13x13,6,0.316,0.5848362091147432,6,192,True,0.21405
bot->ton,47,martingala,6,0.316,0.8887794480293998,5,160,True,0.21405
bot->ton,47,stat_13x13_adaptive,6,0.316,0.6922749876203247,6,192,True,0.21405
bot->ton,47,statico,7,0.368,0.8752510278811929,0,0,True,0.24655
bot->ton,47,ogni_batch,7,0.368,0.8837523518143576,7,224,True,0.24655
bot->ton,47,su_innesco,7,0.368,0.8794843175660725,4,128,True,0.24655
bot->ton,47,oracolo,7,0.368,0.9171927066679267,7,224,True,0.24655
bot->ton,47,stat_13x13,7,0.368,0.6090568586674128,7,224,True,0.24655
bot->ton,47,martingala,7,0.368,0.8981731098758831,6,192,True,0.24655
bot->ton,47,stat_13x13_adaptive,7,0.368,0.7894121998684029,7,224,True,0.24655
bot->ton,47,statico,8,0.421,0.8601654542143607,0,0,True,0.27825
bot->ton,47,ogni_batch,8,0.421,0.9413078545449041,8,256,True,0.27825
bot->ton,47,su_innesco,8,0.421,0.8726872763523047,5,160,True,0.27825
bot->ton,47,oracolo,8,0.421,0.9071166661249627,8,256,True,0.27825
bot->ton,47,stat_13x13,8,0.421,0.6088601887178045,8,256,True,0.27825
bot->ton,47,martingala,8,0.421,0.884358029544982,7,224,True,0.27825
bot->ton,47,stat_13x13_adaptive,8,0.421,0.7191145232032605,8,256,True,0.27825
bot->ton,47,statico,9,0.474,0.8379659468369146,0,0,True,0.3072
bot->ton,47,ogni_batch,9,0.474,0.9401613420430626,9,288,True,0.3072
bot->ton,47,su_innesco,9,0.474,0.875749002093088,6,192,True,0.3072
bot->ton,47,oracolo,9,0.474,0.9223791938845702,9,288,True,0.3072
bot->ton,47,stat_13x13,9,0.474,0.734218141476206,9,288,True,0.3072
bot->ton,47,martingala,9,0.474,0.7944073548912258,8,256,True,0.3072
bot->ton,47,stat_13x13_adaptive,9,0.474,0.7351934704085241,9,288,True,0.3072
bot->ton,47,statico,10,0.526,0.8235969577911876,0,0,True,0.34265
bot->ton,47,ogni_batch,10,0.526,0.9551145759508624,10,320,True,0.34265
bot->ton,47,su_innesco,10,0.526,0.8762992575671045,7,224,True,0.34265
bot->ton,47,oracolo,10,0.526,0.8901120186055472,10,320,True,0.34265
bot->ton,47,stat_13x13,10,0.526,0.7260055642329455,10,320,True,0.34265
bot->ton,47,martingala,10,0.526,0.8894731409934427,9,288,True,0.34265
bot->ton,47,stat_13x13_adaptive,10,0.526,0.713299915825495,10,320,True,0.34265
bot->ton,47,statico,11,0.579,0.8075430222532938,0,0,True,0.3673
bot->ton,47,ogni_batch,11,0.579,0.9087413490296676,11,352,True,0.3673
bot->ton,47,su_innesco,11,0.579,0.8831449568044709,8,256,True,0.3673
bot->ton,47,oracolo,11,0.579,0.8825690178055876,11,352,True,0.3673
bot->ton,47,stat_13x13,11,0.579,0.7432851530470157,11,352,True,0.3673
bot->ton,47,martingala,11,0.579,0.8904738384281446,10,320,True,0.3673
bot->ton,47,stat_13x13_adaptive,11,0.579,0.7248391536930783,11,352,True,0.3673
bot->ton,47,statico,12,0.632,0.7878657620249983,0,0,True,0.3978
bot->ton,47,ogni_batch,12,0.632,0.9434323814710965,12,384,True,0.3978
bot->ton,47,su_innesco,12,0.632,0.9514929666268572,9,288,True,0.3978
bot->ton,47,oracolo,12,0.632,0.9183742365340246,12,384,True,0.3978
bot->ton,47,stat_13x13,12,0.632,0.7293112057638452,12,384,True,0.3978
bot->ton,47,martingala,12,0.632,0.884257137776542,11,352,True,0.3978
bot->ton,47,stat_13x13_adaptive,12,0.632,0.7177856695612375,12,384,True,0.3978
bot->ton,47,statico,13,0.684,0.769416886424918,0,0,True,0.43
bot->ton,47,ogni_batch,13,0.684,0.9450760729927873,13,416,True,0.43
bot->ton,47,su_innesco,13,0.684,0.947753624988564,10,320,True,0.43
bot->ton,47,oracolo,13,0.684,0.9100591589187451,13,416,True,0.43
bot->ton,47,stat_13x13,13,0.684,0.7413835902447825,13,416,True,0.43
bot->ton,47,martingala,13,0.684,0.8799988794749608,12,384,True,0.43
bot->ton,47,stat_13x13_adaptive,13,0.684,0.7187310095210104,13,416,True,0.43
bot->ton,47,statico,14,0.737,0.7500834922785353,0,0,True,0.45915
bot->ton,47,ogni_batch,14,0.737,0.9468279218288644,14,448,True,0.45915
bot->ton,47,su_innesco,14,0.737,0.948765254730543,11,352,True,0.45915
bot->ton,47,oracolo,14,0.737,0.9453674028635706,14,448,True,0.45915
bot->ton,47,stat_13x13,14,0.737,0.730780632218355,14,448,True,0.45915
bot->ton,47,martingala,14,0.737,0.8867370142745143,13,416,True,0.45915
bot->ton,47,stat_13x13_adaptive,14,0.737,0.7104840558568327,14,448,True,0.45915
bot->ton,47,statico,15,0.789,0.7246453975360704,0,0,True,0.4856
bot->ton,47,ogni_batch,15,0.789,0.9365318970372596,15,480,True,0.4856
bot->ton,47,su_innesco,15,0.789,0.9316006929609557,12,384,True,0.4856
bot->ton,47,oracolo,15,0.789,0.9290669968045562,15,480,True,0.4856
bot->ton,47,stat_13x13,15,0.789,0.8401215385877021,15,480,True,0.4856
bot->ton,47,martingala,15,0.789,0.9470075353089804,14,448,True,0.4856
bot->ton,47,stat_13x13_adaptive,15,0.789,0.8083239814965908,15,480,True,0.4856
bot->ton,47,statico,16,0.842,0.7037350299325082,0,0,True,0.52
bot->ton,47,ogni_batch,16,0.842,0.93608491741231,16,512,True,0.52
bot->ton,47,su_innesco,16,0.842,0.9382689685258685,13,416,True,0.52
bot->ton,47,oracolo,16,0.842,0.9284930454077218,16,512,True,0.52
bot->ton,47,stat_13x13,16,0.842,0.8258144875983726,16,512,True,0.52
bot->ton,47,martingala,16,0.842,0.877656656284098,15,480,True,0.52
bot->ton,47,stat_13x13_adaptive,16,0.842,0.742346796097944,16,512,True,0.52
bot->ton,47,statico,17,0.895,0.6865369578237002,0,0,True,0.54565
bot->ton,47,ogni_batch,17,0.895,0.9331562435048084,17,544,True,0.54565
bot->ton,47,su_innesco,17,0.895,0.926539387802719,14,448,True,0.54565
bot->ton,47,oracolo,17,0.895,0.9238777826309258,17,544,True,0.54565
bot->ton,47,stat_13x13,17,0.895,0.8275765544039193,17,544,True,0.54565
bot->ton,47,martingala,17,0.895,0.9230586711944555,16,512,True,0.54565
bot->ton,47,stat_13x13_adaptive,17,0.895,0.716764433663766,17,544,True,0.54565
bot->ton,47,statico,18,0.947,0.6639119191722569,0,0,True,0.57135
bot->ton,47,ogni_batch,18,0.947,0.920849338748462,18,576,True,0.57135
bot->ton,47,su_innesco,18,0.947,0.920849338748462,15,480,True,0.57135
bot->ton,47,oracolo,18,0.947,0.9229851690499792,18,576,True,0.57135
bot->ton,47,stat_13x13,18,0.947,0.7301357061724921,18,576,True,0.57135
bot->ton,47,martingala,18,0.947,0.920849338748462,17,544,True,0.57135
bot->ton,47,stat_13x13_adaptive,18,0.947,0.7248757034712753,18,576,True,0.57135
bot->ton,47,statico,19,1.0,0.6438972332154025,0,0,True,0.6001
bot->ton,47,ogni_batch,19,1.0,0.9236694099350375,19,608,True,0.6001
bot->ton,47,su_innesco,19,1.0,0.9236694099350375,16,512,True,0.6001
bot->ton,47,oracolo,19,1.0,0.9299524058673423,19,608,True,0.6001
bot->ton,47,stat_13x13,19,1.0,0.7455642626788741,19,608,True,0.6001
bot->ton,47,martingala,19,1.0,0.9236694099350375,18,576,True,0.6001
bot->ton,47,stat_13x13_adaptive,19,1.0,0.7942731759407147,19,608,True,0.6001
bot->ton,48,statico,0,0.0,0.9888,0,0,False,0.01975
bot->ton,48,ogni_batch,0,0.0,0.9888,0,0,False,0.01975
bot->ton,48,su_innesco,0,0.0,0.9888,0,0,False,0.01975
bot->ton,48,oracolo,0,0.0,0.9888,0,0,False,0.01975
bot->ton,48,stat_13x13,0,0.0,0.9888,0,0,False,0.01975
bot->ton,48,martingala,0,0.0,0.9888,0,0,False,0.01975
bot->ton,48,stat_13x13_adaptive,0,0.0,0.9888,0,0,False,0.01975
bot->ton,48,statico,1,0.053,0.9628177460041742,0,0,False,0.04895
bot->ton,48,ogni_batch,1,0.053,0.9628177460041742,1,32,False,0.04895
bot->ton,48,su_innesco,1,0.053,0.9628177460041742,0,0,False,0.04895
bot->ton,48,oracolo,1,0.053,0.9628177460041742,1,32,False,0.04895
bot->ton,48,stat_13x13,1,0.053,0.5,1,32,False,0.04895
bot->ton,48,martingala,1,0.053,0.9628177460041742,0,0,False,0.04895
bot->ton,48,stat_13x13_adaptive,1,0.053,0.5,1,32,False,0.04895
bot->ton,48,statico,2,0.105,0.9512223952686536,0,0,False,0.0808
bot->ton,48,ogni_batch,2,0.105,0.9512223952686536,2,64,False,0.0808
bot->ton,48,su_innesco,2,0.105,0.9512223952686536,0,0,False,0.0808
bot->ton,48,oracolo,2,0.105,0.9386161375627862,2,64,False,0.0808
bot->ton,48,stat_13x13,2,0.105,0.7885933954202679,2,64,False,0.0808
bot->ton,48,martingala,2,0.105,0.9512223952686536,0,0,False,0.0808
bot->ton,48,stat_13x13_adaptive,2,0.105,0.7919363677712987,2,64,False,0.0808
bot->ton,48,statico,3,0.158,0.9390928706602288,0,0,False,0.10995
bot->ton,48,ogni_batch,3,0.158,0.9390928706602288,3,96,False,0.10995
bot->ton,48,su_innesco,3,0.158,0.9390928706602288,0,0,False,0.10995
bot->ton,48,oracolo,3,0.158,0.9366239764065014,3,96,False,0.10995
bot->ton,48,stat_13x13,3,0.158,0.8193246935851859,3,96,False,0.10995
bot->ton,48,martingala,3,0.158,0.9390928706602288,1,32,False,0.10995
bot->ton,48,stat_13x13_adaptive,3,0.158,0.7670766567623495,3,96,False,0.10995
bot->ton,48,statico,4,0.211,0.9283472587660307,0,0,True,0.14
bot->ton,48,ogni_batch,4,0.211,0.9283472587660307,4,128,True,0.14
bot->ton,48,su_innesco,4,0.211,0.9283472587660307,0,0,True,0.14
bot->ton,48,oracolo,4,0.211,0.9404701097406296,4,128,True,0.14
bot->ton,48,stat_13x13,4,0.211,0.67076539394778,4,128,True,0.14
bot->ton,48,martingala,4,0.211,0.9283472587660307,2,64,True,0.14
bot->ton,48,stat_13x13_adaptive,4,0.211,0.7929659591152673,4,128,True,0.14
bot->ton,48,statico,5,0.263,0.9143757207347225,0,0,True,0.172
bot->ton,48,ogni_batch,5,0.263,0.9143757207347225,5,160,True,0.172
bot->ton,48,su_innesco,5,0.263,0.9143757207347225,1,32,True,0.172
bot->ton,48,oracolo,5,0.263,0.9243228487879256,5,160,True,0.172
bot->ton,48,stat_13x13,5,0.263,0.7780914690110421,5,160,True,0.172
bot->ton,48,martingala,5,0.263,0.9143757207347225,3,96,True,0.172
bot->ton,48,stat_13x13_adaptive,5,0.263,0.7372425330418131,5,160,True,0.172
bot->ton,48,statico,6,0.316,0.9025255476356455,0,0,True,0.20025
bot->ton,48,ogni_batch,6,0.316,0.9025255476356455,6,192,True,0.20025
bot->ton,48,su_innesco,6,0.316,0.9025255476356455,2,64,True,0.20025
bot->ton,48,oracolo,6,0.316,0.9290506367146449,6,192,True,0.20025
bot->ton,48,stat_13x13,6,0.316,0.7625292234803036,6,192,True,0.20025
bot->ton,48,martingala,6,0.316,0.9025255476356455,4,128,True,0.20025
bot->ton,48,stat_13x13_adaptive,6,0.316,0.7395247755448016,6,192,True,0.20025
bot->ton,48,statico,7,0.368,0.887189895553201,0,0,True,0.23115
bot->ton,48,ogni_batch,7,0.368,0.887189895553201,7,224,True,0.23115
bot->ton,48,su_innesco,7,0.368,0.887189895553201,3,96,True,0.23115
bot->ton,48,oracolo,7,0.368,0.9267072112762627,7,224,True,0.23115
bot->ton,48,stat_13x13,7,0.368,0.7604321799407816,7,224,True,0.23115
bot->ton,48,martingala,7,0.368,0.887189895553201,5,160,True,0.23115
bot->ton,48,stat_13x13_adaptive,7,0.368,0.7789712172430896,7,224,True,0.23115
bot->ton,48,statico,8,0.421,0.8652335359384056,0,0,True,0.2584
bot->ton,48,ogni_batch,8,0.421,0.8652335359384056,8,256,True,0.2584
bot->ton,48,su_innesco,8,0.421,0.8652335359384056,4,128,True,0.2584
bot->ton,48,oracolo,8,0.421,0.9019544116606635,8,256,True,0.2584
bot->ton,48,stat_13x13,8,0.421,0.7751160018413827,8,256,True,0.2584
bot->ton,48,martingala,8,0.421,0.8652335359384056,6,192,True,0.2584
bot->ton,48,stat_13x13_adaptive,8,0.421,0.7225030015035301,8,256,True,0.2584
bot->ton,48,statico,9,0.474,0.8563235495774797,0,0,True,0.2906
bot->ton,48,ogni_batch,9,0.474,0.7936692379708796,9,288,True,0.2906
bot->ton,48,su_innesco,9,0.474,0.7935592706536176,5,160,True,0.2906
bot->ton,48,oracolo,9,0.474,0.9268884610905288,9,288,True,0.2906
bot->ton,48,stat_13x13,9,0.474,0.7851387584411514,9,288,True,0.2906
bot->ton,48,martingala,9,0.474,0.7937255633060153,7,224,True,0.2906
bot->ton,48,stat_13x13_adaptive,9,0.474,0.738599536497162,9,288,True,0.2906
bot->ton,48,statico,10,0.526,0.8411218428431129,0,0,True,0.3254
bot->ton,48,ogni_batch,10,0.526,0.785446685147877,10,320,True,0.3254
bot->ton,48,su_innesco,10,0.526,0.7802004212867086,6,192,True,0.3254
bot->ton,48,oracolo,10,0.526,0.9525696480582577,10,320,True,0.3254
bot->ton,48,stat_13x13,10,0.526,0.7084720858575835,10,320,True,0.3254
bot->ton,48,martingala,10,0.526,0.7887484000073303,8,256,True,0.3254
bot->ton,48,stat_13x13_adaptive,10,0.526,0.7211804567467789,10,320,True,0.3254
bot->ton,48,statico,11,0.579,0.8251425758671791,0,0,True,0.35395
bot->ton,48,ogni_batch,11,0.579,0.9452508839140423,11,352,True,0.35395
bot->ton,48,su_innesco,11,0.579,0.9446167272064367,7,224,True,0.35395
bot->ton,48,oracolo,11,0.579,0.9512335077243141,11,352,True,0.35395
bot->ton,48,stat_13x13,11,0.579,0.7827020292739842,11,352,True,0.35395
bot->ton,48,martingala,11,0.579,0.9440834754002898,9,288,True,0.35395
bot->ton,48,stat_13x13_adaptive,11,0.579,0.7414212073291013,11,352,True,0.35395
bot->ton,48,statico,12,0.632,0.8102248516268415,0,0,True,0.3842
bot->ton,48,ogni_batch,12,0.632,0.8634368764986986,12,384,True,0.3842
bot->ton,48,su_innesco,12,0.632,0.8622850235747943,8,256,True,0.3842
bot->ton,48,oracolo,12,0.632,0.9486602854809167,12,384,True,0.3842
bot->ton,48,stat_13x13,12,0.632,0.7652265684191988,12,384,True,0.3842
bot->ton,48,martingala,12,0.632,0.8620070240953733,10,320,True,0.3842
bot->ton,48,stat_13x13_adaptive,12,0.632,0.7296212241756305,12,384,True,0.3842
bot->ton,48,statico,13,0.684,0.7931058197829293,0,0,True,0.41235
bot->ton,48,ogni_batch,13,0.684,0.9312633284539107,13,416,True,0.41235
bot->ton,48,su_innesco,13,0.684,0.933715811593089,9,288,True,0.41235
bot->ton,48,oracolo,13,0.684,0.9459517434601243,13,416,True,0.41235
bot->ton,48,stat_13x13,13,0.684,0.7662542759661854,13,416,True,0.41235
bot->ton,48,martingala,13,0.684,0.9308372794726736,11,352,True,0.41235
bot->ton,48,stat_13x13_adaptive,13,0.684,0.7299359721385725,13,416,True,0.41235
bot->ton,48,statico,14,0.737,0.776407599756959,0,0,True,0.44475
bot->ton,48,ogni_batch,14,0.737,0.9284082547709189,14,448,True,0.44475
bot->ton,48,su_innesco,14,0.737,0.9301568353353963,10,320,True,0.44475
bot->ton,48,oracolo,14,0.737,0.9430624969709029,14,448,True,0.44475
bot->ton,48,stat_13x13,14,0.737,0.7871387935197254,14,448,True,0.44475
bot->ton,48,martingala,14,0.737,0.9279059889843895,12,384,True,0.44475
bot->ton,48,stat_13x13_adaptive,14,0.737,0.7837141199230995,14,448,True,0.44475
bot->ton,48,statico,15,0.789,0.7579802341642456,0,0,True,0.4758
bot->ton,48,ogni_batch,15,0.789,0.9249115295816355,15,480,True,0.4758
bot->ton,48,su_innesco,15,0.789,0.9329539189707531,11,352,True,0.4758
bot->ton,48,oracolo,15,0.789,0.9400226832250416,15,480,True,0.4758
bot->ton,48,stat_13x13,15,0.789,0.7671164240537034,15,480,True,0.4758
bot->ton,48,martingala,15,0.789,0.8578462541070664,13,416,True,0.4758
bot->ton,48,stat_13x13_adaptive,15,0.789,0.7577195657758864,15,480,True,0.4758
bot->ton,48,statico,16,0.842,0.7395270850445137,0,0,True,0.50015
bot->ton,48,ogni_batch,16,0.842,0.9264279773876839,16,512,True,0.50015
bot->ton,48,su_innesco,16,0.842,0.9342783044575105,12,384,True,0.50015
bot->ton,48,oracolo,16,0.842,0.9402062525935051,16,512,True,0.50015
bot->ton,48,stat_13x13,16,0.842,0.7807376236210255,16,512,True,0.50015
bot->ton,48,martingala,16,0.842,0.929096186081968,14,448,True,0.50015
bot->ton,48,stat_13x13_adaptive,16,0.842,0.7374165015560225,16,512,True,0.50015
bot->ton,48,statico,17,0.895,0.7165485226486591,0,0,True,0.53475
bot->ton,48,ogni_batch,17,0.895,0.9193591940045571,17,544,True,0.53475
bot->ton,48,su_innesco,17,0.895,0.9292142591883774,13,416,True,0.53475
bot->ton,48,oracolo,17,0.895,0.9410089271308865,17,544,True,0.53475
bot->ton,48,stat_13x13,17,0.895,0.7851703532511233,17,544,True,0.53475
bot->ton,48,martingala,17,0.895,0.9231099338027615,15,480,True,0.53475
bot->ton,48,stat_13x13_adaptive,17,0.895,0.7164790591723247,17,544,True,0.53475
bot->ton,48,statico,18,0.947,0.6985675387416255,0,0,True,0.5627
bot->ton,48,ogni_batch,18,0.947,0.9187870342997846,18,576,True,0.5627
bot->ton,48,su_innesco,18,0.947,0.9252494435846195,14,448,True,0.5627
bot->ton,48,oracolo,18,0.947,0.9371455006589042,18,576,True,0.5627
bot->ton,48,stat_13x13,18,0.947,0.7276562906344098,18,576,True,0.5627
bot->ton,48,martingala,18,0.947,0.918815602996128,16,512,True,0.5627
bot->ton,48,stat_13x13_adaptive,18,0.947,0.7335347866276754,18,576,True,0.5627
bot->ton,48,statico,19,1.0,0.680225434067625,0,0,True,0.59695
bot->ton,48,ogni_batch,19,1.0,0.9234710811961231,19,608,True,0.59695
bot->ton,48,su_innesco,19,1.0,0.936220871356219,15,480,True,0.59695
bot->ton,48,oracolo,19,1.0,0.9343754767147467,19,608,True,0.59695
bot->ton,48,stat_13x13,19,1.0,0.7628974335850027,19,608,True,0.59695
bot->ton,48,martingala,19,1.0,0.9295861665212557,17,544,True,0.59695
bot->ton,48,stat_13x13_adaptive,19,1.0,0.7271208194082133,19,608,True,0.59695
bot->ton,49,statico,0,0.0,0.98935,0,0,False,0.0388
bot->ton,49,ogni_batch,0,0.0,0.98935,0,0,False,0.0388
bot->ton,49,su_innesco,0,0.0,0.98935,0,0,False,0.0388
bot->ton,49,oracolo,0,0.0,0.98935,0,0,False,0.0388
bot->ton,49,stat_13x13,0,0.0,0.98935,0,0,False,0.0388
bot->ton,49,martingala,0,0.0,0.98935,0,0,False,0.0388
bot->ton,49,stat_13x13_adaptive,0,0.0,0.98935,0,0,False,0.0388
bot->ton,49,statico,1,0.053,0.8906959568190891,0,0,False,0.0715
bot->ton,49,ogni_batch,1,0.053,0.8906959568190891,1,32,False,0.0715
bot->ton,49,su_innesco,1,0.053,0.8906959568190891,0,0,False,0.0715
bot->ton,49,oracolo,1,0.053,0.8906959568190891,1,32,False,0.0715
bot->ton,49,stat_13x13,1,0.053,0.5062240663900415,1,32,False,0.0715
bot->ton,49,martingala,1,0.053,0.8906959568190891,0,0,False,0.0715
bot->ton,49,stat_13x13_adaptive,1,0.053,0.5,1,32,False,0.0715
bot->ton,49,statico,2,0.105,0.8859218202837766,0,0,False,0.1031
bot->ton,49,ogni_batch,2,0.105,0.8859218202837766,2,64,False,0.1031
bot->ton,49,su_innesco,2,0.105,0.8859218202837766,0,0,False,0.1031
bot->ton,49,oracolo,2,0.105,0.9307130878685836,2,64,False,0.1031
bot->ton,49,stat_13x13,2,0.105,0.6693884049496233,2,64,False,0.1031
bot->ton,49,martingala,2,0.105,0.8859218202837766,1,32,False,0.1031
bot->ton,49,stat_13x13_adaptive,2,0.105,0.5813765719624409,2,64,False,0.1031
bot->ton,49,statico,3,0.158,0.858844776461792,0,0,True,0.13475
bot->ton,49,ogni_batch,3,0.158,0.858844776461792,3,96,True,0.13475
bot->ton,49,su_innesco,3,0.158,0.858844776461792,0,0,True,0.13475
bot->ton,49,oracolo,3,0.158,0.908157424085371,3,96,True,0.13475
bot->ton,49,stat_13x13,3,0.158,0.7872266308688338,3,96,True,0.13475
bot->ton,49,martingala,3,0.158,0.858844776461792,2,64,True,0.13475
bot->ton,49,stat_13x13_adaptive,3,0.158,0.5901719867797244,3,96,True,0.13475
bot->ton,49,statico,4,0.211,0.8446919793423271,0,0,True,0.16775
bot->ton,49,ogni_batch,4,0.211,0.8446919793423271,4,128,True,0.16775
bot->ton,49,su_innesco,4,0.211,0.8446919793423271,1,32,True,0.16775
bot->ton,49,oracolo,4,0.211,0.9069556610982293,4,128,True,0.16775
bot->ton,49,stat_13x13,4,0.211,0.6500826702150084,4,128,True,0.16775
bot->ton,49,martingala,4,0.211,0.8446919793423271,3,96,True,0.16775
bot->ton,49,stat_13x13_adaptive,4,0.211,0.629359124683811,4,128,True,0.16775
bot->ton,49,statico,5,0.263,0.8304223913811508,0,0,True,0.19995
bot->ton,49,ogni_batch,5,0.263,0.8880548260965381,5,160,True,0.19995
bot->ton,49,su_innesco,5,0.263,0.8864081426823929,2,64,True,0.19995
bot->ton,49,oracolo,5,0.263,0.8982134796163379,5,160,True,0.19995
bot->ton,49,stat_13x13,5,0.263,0.6587243918896565,5,160,True,0.19995
bot->ton,49,martingala,5,0.263,0.8857585829363012,4,128,True,0.19995
bot->ton,49,stat_13x13_adaptive,5,0.263,0.639735565337814,5,160,True,0.19995
bot->ton,49,statico,6,0.316,0.8059269642728776,0,0,True,0.23035
bot->ton,49,ogni_batch,6,0.316,0.8793329614295364,6,192,True,0.23035
bot->ton,49,su_innesco,6,0.316,0.8915714034496751,3,96,True,0.23035
bot->ton,49,oracolo,6,0.316,0.8907804395237493,6,192,True,0.23035
bot->ton,49,stat_13x13,6,0.316,0.6536551578482098,6,192,True,0.23035
bot->ton,49,martingala,6,0.316,0.8782606932738287,5,160,True,0.23035
bot->ton,49,stat_13x13_adaptive,6,0.316,0.6569125835966662,6,192,True,0.23035
bot->ton,49,statico,7,0.368,0.7863054813960949,0,0,True,0.25945
bot->ton,49,ogni_batch,7,0.368,0.8710003409997429,7,224,True,0.25945
bot->ton,49,su_innesco,7,0.368,0.8816646224806606,4,128,True,0.25945
bot->ton,49,oracolo,7,0.368,0.9403105194925241,7,224,True,0.25945
bot->ton,49,stat_13x13,7,0.368,0.6450144517089214,7,224,True,0.25945
bot->ton,49,martingala,7,0.368,0.8831166289029517,6,192,True,0.25945
bot->ton,49,stat_13x13_adaptive,7,0.368,0.6508719573152213,7,224,True,0.25945
bot->ton,49,statico,8,0.421,0.7751262422703087,0,0,True,0.2924
bot->ton,49,ogni_batch,8,0.421,0.9384616669022716,8,256,True,0.2924
bot->ton,49,su_innesco,8,0.421,0.8888335540272014,5,160,True,0.2924
bot->ton,49,oracolo,8,0.421,0.903224140543391,8,256,True,0.2924
bot->ton,49,stat_13x13,8,0.421,0.6543774949341197,8,256,True,0.2924
bot->ton,49,martingala,8,0.421,0.8831258713195862,7,224,True,0.2924
bot->ton,49,stat_13x13_adaptive,8,0.421,0.6556672481763,8,256,True,0.2924
bot->ton,49,statico,9,0.474,0.7488057082235433,0,0,True,0.3243
bot->ton,49,ogni_batch,9,0.474,0.9412599893511071,9,288,True,0.3243
bot->ton,49,su_innesco,9,0.474,0.883110960180518,6,192,True,0.3243
bot->ton,49,oracolo,9,0.474,0.9427004565873185,9,288,True,0.3243
bot->ton,49,stat_13x13,9,0.474,0.6539069729399445,9,288,True,0.3243
bot->ton,49,martingala,9,0.474,0.8787258094521755,8,256,True,0.3243
bot->ton,49,stat_13x13_adaptive,9,0.474,0.7783581901051899,9,288,True,0.3243
bot->ton,49,statico,10,0.526,0.7371275242053013,0,0,True,0.3495
bot->ton,49,ogni_batch,10,0.526,0.8895768934691293,10,320,True,0.3495
bot->ton,49,su_innesco,10,0.526,0.8912287085643885,7,224,True,0.3495
bot->ton,49,oracolo,10,0.526,0.9435776096914661,10,320,True,0.3495
bot->ton,49,stat_13x13,10,0.526,0.8513245142907364,10,320,True,0.3495
bot->ton,49,martingala,10,0.526,0.8862871598944164,9,288,True,0.3495
bot->ton,49,stat_13x13_adaptive,10,0.526,0.7635684674539343,10,320,True,0.3495
bot->ton,49,statico,11,0.579,0.7090642342559719,0,0,True,0.3915
bot->ton,49,ogni_batch,11,0.579,0.8805763331150254,11,352,True,0.3915
bot->ton,49,su_innesco,11,0.579,0.885757126607149,8,256,True,0.3915
bot->ton,49,oracolo,11,0.579,0.9413429388852504,11,352,True,0.3915
bot->ton,49,stat_13x13,11,0.579,0.7692819103098825,11,352,True,0.3915
bot->ton,49,martingala,11,0.579,0.8778717555410016,10,320,True,0.3915
bot->ton,49,stat_13x13_adaptive,11,0.579,0.7707076626107339,11,352,True,0.3915
bot->ton,49,statico,12,0.632,0.6900534167820307,0,0,True,0.4183
bot->ton,49,ogni_batch,12,0.632,0.9389141049136078,12,384,True,0.4183
bot->ton,49,su_innesco,12,0.632,0.8837302349313533,9,288,True,0.4183
bot->ton,49,oracolo,12,0.632,0.9343275864653211,12,384,True,0.4183
bot->ton,49,stat_13x13,12,0.632,0.7632979293178945,12,384,True,0.4183
bot->ton,49,martingala,12,0.632,0.8714523362985432,11,352,True,0.4183
bot->ton,49,stat_13x13_adaptive,12,0.632,0.7733326942896253,12,384,True,0.4183
bot->ton,49,statico,13,0.684,0.6616875484692257,0,0,True,0.4502
bot->ton,49,ogni_batch,13,0.684,0.9348392120953339,13,416,True,0.4502
bot->ton,49,su_innesco,13,0.684,0.8779823699485676,10,320,True,0.4502
bot->ton,49,oracolo,13,0.684,0.9279014834652577,13,416,True,0.4502
bot->ton,49,stat_13x13,13,0.684,0.7687487652594724,13,416,True,0.4502
bot->ton,49,martingala,13,0.684,0.863812804844273,12,384,True,0.4502
bot->ton,49,stat_13x13_adaptive,13,0.684,0.7733159194985855,13,416,True,0.4502
bot->ton,49,statico,14,0.737,0.6361505788486003,0,0,True,0.48255
bot->ton,49,ogni_batch,14,0.737,0.9275951797122503,14,448,True,0.48255
bot->ton,49,su_innesco,14,0.737,0.936331615400783,11,352,True,0.48255
bot->ton,49,oracolo,14,0.737,0.9196705504412281,14,448,True,0.48255
bot->ton,49,stat_13x13,14,0.737,0.7677722652833621,14,448,True,0.48255
bot->ton,49,martingala,14,0.737,0.9275248024251784,13,416,True,0.48255
bot->ton,49,stat_13x13_adaptive,14,0.737,0.7711016953283125,14,448,True,0.48255
bot->ton,49,statico,15,0.789,0.6164034398211028,0,0,True,0.5161
bot->ton,49,ogni_batch,15,0.789,0.92957036379948,15,480,True,0.5161
bot->ton,49,su_innesco,15,0.789,0.9381762684913825,12,384,True,0.5161
bot->ton,49,oracolo,15,0.789,0.9202870194261172,15,480,True,0.5161
bot->ton,49,stat_13x13,15,0.789,0.7727289899169953,15,480,True,0.5161
bot->ton,49,martingala,15,0.789,0.9269061189371616,14,448,True,0.5161
bot->ton,49,stat_13x13_adaptive,15,0.789,0.7750192541981621,15,480,True,0.5161
bot->ton,49,statico,16,0.842,0.5913363634652664,0,0,True,0.54485
bot->ton,49,ogni_batch,16,0.842,0.927193552029812,16,512,True,0.54485
bot->ton,49,su_innesco,16,0.842,0.9307227460649063,13,416,True,0.54485
bot->ton,49,oracolo,16,0.842,0.9130891661804654,16,512,True,0.54485
bot->ton,49,stat_13x13,16,0.842,0.835507280472274,16,512,True,0.54485
bot->ton,49,martingala,16,0.842,0.9244407116732225,15,480,True,0.54485
bot->ton,49,stat_13x13_adaptive,16,0.842,0.7723066016725324,16,512,True,0.54485
bot->ton,49,statico,17,0.895,0.565063904431153,0,0,True,0.57905
bot->ton,49,ogni_batch,17,0.895,0.9300161740364771,17,544,True,0.57905
bot->ton,49,su_innesco,17,0.895,0.9272155285843193,14,448,True,0.57905
bot->ton,49,oracolo,17,0.895,0.907322089126893,17,544,True,0.57905
bot->ton,49,stat_13x13,17,0.895,0.9022261987957052,17,544,True,0.57905
bot->ton,49,martingala,17,0.895,0.9314088091298356,16,512,True,0.57905
bot->ton,49,stat_13x13_adaptive,17,0.895,0.7655794407952081,17,544,True,0.57905
bot->ton,49,statico,18,0.947,0.5399839966966521,0,0,True,0.6161
bot->ton,49,ogni_batch,18,0.947,0.9275514620460292,18,576,True,0.6161
bot->ton,49,su_innesco,18,0.947,0.9198853156855875,15,480,True,0.6161
bot->ton,49,oracolo,18,0.947,0.9088917405092927,18,576,True,0.6161
bot->ton,49,stat_13x13,18,0.947,0.7755737017925797,18,576,True,0.6161
bot->ton,49,martingala,18,0.947,0.9299452322558042,17,544,True,0.6161
bot->ton,49,stat_13x13_adaptive,18,0.947,0.7735810627336,18,576,True,0.6161
bot->ton,49,statico,19,1.0,0.5136668950790413,0,0,True,0.64135
bot->ton,49,ogni_batch,19,1.0,0.9304546291574594,19,608,True,0.64135
bot->ton,49,su_innesco,19,1.0,0.9214403082327611,16,512,True,0.64135
bot->ton,49,oracolo,19,1.0,0.9084537810215876,19,608,True,0.64135
bot->ton,49,stat_13x13,19,1.0,0.8316025341379115,19,608,True,0.64135
bot->ton,49,martingala,19,1.0,0.9266860463057397,18,576,True,0.64135
bot->ton,49,stat_13x13_adaptive,19,1.0,0.778397058615219,19,608,True,0.64135
bot->ton,50,statico,0,0.0,0.9881,0,0,False,0.01695
bot->ton,50,ogni_batch,0,0.0,0.9881,0,0,False,0.01695
bot->ton,50,su_innesco,0,0.0,0.9881,0,0,False,0.01695
bot->ton,50,oracolo,0,0.0,0.9881,0,0,False,0.01695
bot->ton,50,stat_13x13,0,0.0,0.9881,0,0,False,0.01695
bot->ton,50,martingala,0,0.0,0.9881,0,0,False,0.01695
bot->ton,50,stat_13x13_adaptive,0,0.0,0.9881,0,0,False,0.01695
bot->ton,50,statico,1,0.053,0.9599528660410821,0,0,False,0.0451
bot->ton,50,ogni_batch,1,0.053,0.9599528660410821,1,32,False,0.0451
bot->ton,50,su_innesco,1,0.053,0.9599528660410821,0,0,False,0.0451
bot->ton,50,oracolo,1,0.053,0.9599528660410821,1,32,False,0.0451
bot->ton,50,stat_13x13,1,0.053,0.5,1,32,False,0.0451
bot->ton,50,martingala,1,0.053,0.9599528660410821,0,0,False,0.0451
bot->ton,50,stat_13x13_adaptive,1,0.053,0.5,1,32,False,0.0451
bot->ton,50,statico,2,0.105,0.9535841038114665,0,0,False,0.0762
bot->ton,50,ogni_batch,2,0.105,0.9535841038114665,2,64,False,0.0762
bot->ton,50,su_innesco,2,0.105,0.9535841038114665,0,0,False,0.0762
bot->ton,50,oracolo,2,0.105,0.9421936490821796,2,64,False,0.0762
bot->ton,50,stat_13x13,2,0.105,0.6705496494223483,2,64,False,0.0762
bot->ton,50,martingala,2,0.105,0.9535841038114665,0,0,False,0.0762
bot->ton,50,stat_13x13_adaptive,2,0.105,0.6512836556277324,2,64,False,0.0762
bot->ton,50,statico,3,0.158,0.9458961038961039,0,0,False,0.1069
bot->ton,50,ogni_batch,3,0.158,0.9458961038961039,3,96,False,0.1069
bot->ton,50,su_innesco,3,0.158,0.9458961038961039,0,0,False,0.1069
bot->ton,50,oracolo,3,0.158,0.9278095238095239,3,96,False,0.1069
bot->ton,50,stat_13x13,3,0.158,0.5817142857142857,3,96,False,0.1069
bot->ton,50,martingala,3,0.158,0.9458961038961039,1,32,False,0.1069
bot->ton,50,stat_13x13_adaptive,3,0.158,0.6171688311688311,3,96,False,0.1069
bot->ton,50,statico,4,0.211,0.9318967642972807,0,0,True,0.13265
bot->ton,50,ogni_batch,4,0.211,0.6772847657299036,4,128,True,0.13265
bot->ton,50,su_innesco,4,0.211,0.9318967642972807,0,0,True,0.13265
bot->ton,50,oracolo,4,0.211,0.9057897145387575,4,128,True,0.13265
bot->ton,50,stat_13x13,4,0.211,0.6320780695045841,4,128,True,0.13265
bot->ton,50,martingala,4,0.211,0.7056159863869299,2,64,True,0.13265
bot->ton,50,stat_13x13_adaptive,4,0.211,0.7671129704900133,4,128,True,0.13265
bot->ton,50,statico,5,0.263,0.9082909924746836,0,0,True,0.16645
bot->ton,50,ogni_batch,5,0.263,0.7920207463568805,5,160,True,0.16645
bot->ton,50,su_innesco,5,0.263,0.8807819591385708,1,32,True,0.16645
bot->ton,50,oracolo,5,0.263,0.88787957404751,5,160,True,0.16645
bot->ton,50,stat_13x13,5,0.263,0.6417870860690918,5,160,True,0.16645
bot->ton,50,martingala,5,0.263,0.7797588035970124,3,96,True,0.16645
bot->ton,50,stat_13x13_adaptive,5,0.263,0.7331290686745979,5,160,True,0.16645
bot->ton,50,statico,6,0.316,0.9073074089419569,0,0,True,0.1923
bot->ton,50,ogni_batch,6,0.316,0.803267272545629,6,192,True,0.1923
bot->ton,50,su_innesco,6,0.316,0.8043186495940239,2,64,True,0.1923
bot->ton,50,oracolo,6,0.316,0.9075098219085088,6,192,True,0.1923
bot->ton,50,stat_13x13,6,0.316,0.6620464020627411,6,192,True,0.1923
bot->ton,50,martingala,6,0.316,0.7975895833305052,4,128,True,0.1923
bot->ton,50,stat_13x13_adaptive,6,0.316,0.7865870058947044,6,192,True,0.1923
bot->ton,50,statico,7,0.368,0.8963382171570675,0,0,True,0.22855
bot->ton,50,ogni_batch,7,0.368,0.7917021170301023,7,224,True,0.22855
bot->ton,50,su_innesco,7,0.368,0.7933064667518485,3,96,True,0.22855
bot->ton,50,oracolo,7,0.368,0.8955841715262681,7,224,True,0.22855
bot->ton,50,stat_13x13,7,0.368,0.6382458201372194,7,224,True,0.22855
bot->ton,50,martingala,7,0.368,0.7923494330969639,5,160,True,0.22855
bot->ton,50,stat_13x13_adaptive,7,0.368,0.6677735758794213,7,224,True,0.22855
bot->ton,50,statico,8,0.421,0.8809545576628846,0,0,True,0.2529
bot->ton,50,ogni_batch,8,0.421,0.7918525103931566,8,256,True,0.2529
bot->ton,50,su_innesco,8,0.421,0.7954499909383824,4,128,True,0.2529
bot->ton,50,oracolo,8,0.421,0.8967859569041285,8,256,True,0.2529
bot->ton,50,stat_13x13,8,0.421,0.6671886955564773,8,256,True,0.2529
bot->ton,50,martingala,8,0.421,0.8821784202107965,6,192,True,0.2529
bot->ton,50,stat_13x13_adaptive,8,0.421,0.7751200943482446,8,256,True,0.2529
bot->ton,50,statico,9,0.474,0.8730200761369904,0,0,True,0.28115
bot->ton,50,ogni_batch,9,0.474,0.7985767262588187,9,288,True,0.28115
bot->ton,50,su_innesco,9,0.474,0.7922165558634531,5,160,True,0.28115
bot->ton,50,oracolo,9,0.474,0.9159598090706746,9,288,True,0.28115
bot->ton,50,stat_13x13,9,0.474,0.7710454473291977,9,288,True,0.28115
bot->ton,50,martingala,9,0.474,0.8854554152339811,7,224,True,0.28115
bot->ton,50,stat_13x13_adaptive,9,0.474,0.7811288894778272,9,288,True,0.28115
bot->ton,50,statico,10,0.526,0.8569761854313354,0,0,True,0.30735
bot->ton,50,ogni_batch,10,0.526,0.8973203803112881,10,320,True,0.30735
bot->ton,50,su_innesco,10,0.526,0.786884487398084,6,192,True,0.30735
bot->ton,50,oracolo,10,0.526,0.9053381341864897,10,320,True,0.30735
bot->ton,50,stat_13x13,10,0.526,0.7968455273820207,10,320,True,0.30735
bot->ton,50,martingala,10,0.526,0.8805131880172066,8,256,True,0.30735
bot->ton,50,stat_13x13_adaptive,10,0.526,0.7783129880402069,10,320,True,0.30735
bot->ton,50,statico,11,0.579,0.841708767088883,0,0,True,0.33495
bot->ton,50,ogni_batch,11,0.579,0.8898915724751782,11,352,True,0.33495
bot->ton,50,su_innesco,11,0.579,0.7859709054267292,7,224,True,0.33495
bot->ton,50,oracolo,11,0.579,0.9065336118256905,11,352,True,0.33495
bot->ton,50,stat_13x13,11,0.579,0.7988818979631207,11,352,True,0.33495
bot->ton,50,martingala,11,0.579,0.8789801816597027,9,288,True,0.33495
bot->ton,50,stat_13x13_adaptive,11,0.579,0.7823394704672524,11,352,True,0.33495
bot->ton,50,statico,12,0.632,0.8285737475944054,0,0,True,0.3652
bot->ton,50,ogni_batch,12,0.632,0.8835756842919725,12,384,True,0.3652
bot->ton,50,su_innesco,12,0.632,0.8709853873348128,8,256,True,0.3652
bot->ton,50,oracolo,12,0.632,0.9047928642409477,12,384,True,0.3652
bot->ton,50,stat_13x13,12,0.632,0.7955576372791091,12,384,True,0.3652
bot->ton,50,martingala,12,0.632,0.872620416051525,10,320,True,0.3652
bot->ton,50,stat_13x13_adaptive,12,0.632,0.781205587967906,12,384,True,0.3652
bot->ton,50,statico,13,0.684,0.8100068054912763,0,0,True,0.3981
bot->ton,50,ogni_batch,13,0.684,0.8874843818839583,13,416,True,0.3981
bot->ton,50,su_innesco,13,0.684,0.9170548668991374,9,288,True,0.3981
bot->ton,50,oracolo,13,0.684,0.9147203378562749,13,416,True,0.3981
bot->ton,50,stat_13x13,13,0.684,0.7874389347298256,13,416,True,0.3981
bot->ton,50,martingala,13,0.684,0.8886422882757924,11,352,True,0.3981
bot->ton,50,stat_13x13_adaptive,13,0.684,0.7758684413757192,13,416,True,0.3981
bot->ton,50,statico,14,0.737,0.7986959384556891,0,0,True,0.4266
bot->ton,50,ogni_batch,14,0.737,0.8929277895486081,14,448,True,0.4266
bot->ton,50,su_innesco,14,0.737,0.9232323583991229,10,320,True,0.4266
bot->ton,50,oracolo,14,0.737,0.9390723452909495,14,448,True,0.4266
bot->ton,50,stat_13x13,14,0.737,0.789599725457819,14,448,True,0.4266
bot->ton,50,martingala,14,0.737,0.8871960031123622,12,384,True,0.4266
bot->ton,50,stat_13x13_adaptive,14,0.737,0.770165697921813,14,448,True,0.4266
bot->ton,50,statico,15,0.789,0.7799699951261395,0,0,True,0.4536
bot->ton,50,ogni_batch,15,0.789,0.8857288303416644,15,480,True,0.4536
bot->ton,50,su_innesco,15,0.789,0.9138621222954164,11,352,True,0.4536
bot->ton,50,oracolo,15,0.789,0.933146773032375,15,480,True,0.4536
bot->ton,50,stat_13x13,15,0.789,0.7944672578945752,15,480,True,0.4536
bot->ton,50,martingala,15,0.789,0.8810565327039869,13,416,True,0.4536
bot->ton,50,stat_13x13_adaptive,15,0.789,0.7617111613551251,15,480,True,0.4536
bot->ton,50,statico,16,0.842,0.763421203093497,0,0,True,0.4812
bot->ton,50,ogni_batch,16,0.842,0.8788703530582691,16,512,True,0.4812
bot->ton,50,su_innesco,16,0.842,0.9291260326226308,12,384,True,0.4812
bot->ton,50,oracolo,16,0.842,0.9353688343876859,16,512,True,0.4812
bot->ton,50,stat_13x13,16,0.842,0.9128463639571833,16,512,True,0.4812
bot->ton,50,martingala,16,0.842,0.8875012714653823,14,448,True,0.4812
bot->ton,50,stat_13x13_adaptive,16,0.842,0.7757246047017236,16,512,True,0.4812
bot->ton,50,statico,17,0.895,0.747813639120076,0,0,True,0.51405
bot->ton,50,ogni_batch,17,0.895,0.8700472879815981,17,544,True,0.51405
bot->ton,50,su_innesco,17,0.895,0.9198280151289266,13,416,True,0.51405
bot->ton,50,oracolo,17,0.895,0.93520460257725,17,544,True,0.51405
bot->ton,50,stat_13x13,17,0.895,0.7955483194199497,17,544,True,0.51405
bot->ton,50,martingala,17,0.895,0.8799063922804009,15,480,True,0.51405
bot->ton,50,stat_13x13_adaptive,17,0.895,0.779176121041529,17,544,True,0.51405
bot->ton,50,statico,18,0.947,0.729057894717799,0,0,True,0.5447
bot->ton,50,ogni_batch,18,0.947,0.8760127550374301,18,576,True,0.5447
bot->ton,50,su_innesco,18,0.947,0.9200159833707816,14,448,True,0.5447
bot->ton,50,oracolo,18,0.947,0.9330510916090469,18,576,True,0.5447
bot->ton,50,stat_13x13,18,0.947,0.7848618618863091,18,576,True,0.5447
bot->ton,50,martingala,18,0.947,0.8796780983497419,16,512,True,0.5447
bot->ton,50,stat_13x13_adaptive,18,0.947,0.7786661574058998,18,576,True,0.5447
bot->ton,50,statico,19,1.0,0.7095226839089924,0,0,True,0.57165
bot->ton,50,ogni_batch,19,1.0,0.8782587962588907,19,608,True,0.57165
bot->ton,50,su_innesco,19,1.0,0.9254461736335393,15,480,True,0.57165
bot->ton,50,oracolo,19,1.0,0.9340998319443162,19,608,True,0.57165
bot->ton,50,stat_13x13,19,1.0,0.9153513148016994,19,608,True,0.57165
bot->ton,50,martingala,19,1.0,0.8773617657246611,17,544,True,0.57165
bot->ton,50,stat_13x13_adaptive,19,1.0,0.9239335339091522,19,608,True,0.57165
bot->ton,51,statico,0,0.0,0.9858,0,0,False,0.0482
bot->ton,51,ogni_batch,0,0.0,0.9858,0,0,False,0.0482
bot->ton,51,su_innesco,0,0.0,0.9858,0,0,False,0.0482
bot->ton,51,oracolo,0,0.0,0.9858,0,0,False,0.0482
bot->ton,51,stat_13x13,0,0.0,0.9858,0,0,False,0.0482
bot->ton,51,martingala,0,0.0,0.9858,0,0,False,0.0482
bot->ton,51,stat_13x13_adaptive,0,0.0,0.9858,0,0,False,0.0482
bot->ton,51,statico,1,0.053,0.890964062491277,0,0,False,0.0878
bot->ton,51,ogni_batch,1,0.053,0.890964062491277,1,32,False,0.0878
bot->ton,51,su_innesco,1,0.053,0.890964062491277,0,0,False,0.0878
bot->ton,51,oracolo,1,0.053,0.890964062491277,1,32,False,0.0878
bot->ton,51,stat_13x13,1,0.053,0.5,1,32,False,0.0878
bot->ton,51,martingala,1,0.053,0.890964062491277,0,0,False,0.0878
bot->ton,51,stat_13x13_adaptive,1,0.053,0.5,1,32,False,0.0878
bot->ton,51,statico,2,0.105,0.8766722824988207,0,0,False,0.12735
bot->ton,51,ogni_batch,2,0.105,0.8766722824988207,2,64,False,0.12735
bot->ton,51,su_innesco,2,0.105,0.8766722824988207,0,0,False,0.12735
bot->ton,51,oracolo,2,0.105,0.9227252510276973,2,64,False,0.12735
bot->ton,51,stat_13x13,2,0.105,0.6510209582855988,2,64,False,0.12735
bot->ton,51,martingala,2,0.105,0.8766722824988207,1,32,False,0.12735
bot->ton,51,stat_13x13_adaptive,2,0.105,0.5494790754093941,2,64,False,0.12735
bot->ton,51,statico,3,0.158,0.8732483005748116,0,0,True,0.16585
bot->ton,51,ogni_batch,3,0.158,0.5543971272305138,3,96,True,0.16585
bot->ton,51,su_innesco,3,0.158,0.8732483005748116,0,0,True,0.16585
bot->ton,51,oracolo,3,0.158,0.9090625955432479,3,96,True,0.16585
bot->ton,51,stat_13x13,3,0.158,0.6472811246955794,3,96,True,0.16585
bot->ton,51,martingala,3,0.158,0.5525051512819341,2,64,True,0.16585
bot->ton,51,stat_13x13_adaptive,3,0.158,0.6463416526975849,3,96,True,0.16585
bot->ton,51,statico,4,0.211,0.8455243949410369,0,0,True,0.20445
bot->ton,51,ogni_batch,4,0.211,0.7107694811450895,4,128,True,0.20445
bot->ton,51,su_innesco,4,0.211,0.835279173204281,1,32,True,0.20445
bot->ton,51,oracolo,4,0.211,0.8919906791323133,4,128,True,0.20445
bot->ton,51,stat_13x13,4,0.211,0.6614292732568341,4,128,True,0.20445
bot->ton,51,martingala,4,0.211,0.7083966081942863,3,96,True,0.20445
bot->ton,51,stat_13x13_adaptive,4,0.211,0.6591974488752782,4,128,True,0.20445
bot->ton,51,statico,5,0.263,0.8487392132541567,0,0,True,0.2418
bot->ton,51,ogni_batch,5,0.263,0.7720138332670865,5,160,True,0.2418
bot->ton,51,su_innesco,5,0.263,0.8930942023051228,2,64,True,0.2418
bot->ton,51,oracolo,5,0.263,0.9198808855634542,5,160,True,0.2418
bot->ton,51,stat_13x13,5,0.263,0.6793586742381117,5,160,True,0.2418
bot->ton,51,martingala,5,0.263,0.8751970759521398,4,128,True,0.2418
bot->ton,51,stat_13x13_adaptive,5,0.263,0.6715849933320417,5,160,True,0.2418
bot->ton,51,statico,6,0.316,0.8301598493377449,0,0,True,0.28165
bot->ton,51,ogni_batch,6,0.316,0.7682872527817444,6,192,True,0.28165
bot->ton,51,su_innesco,6,0.316,0.9101557746628528,3,96,True,0.28165
bot->ton,51,oracolo,6,0.316,0.9074245770591416,6,192,True,0.28165
bot->ton,51,stat_13x13,6,0.316,0.7857042218387107,6,192,True,0.28165
bot->ton,51,martingala,6,0.316,0.8884153805884114,5,160,True,0.28165
bot->ton,51,stat_13x13_adaptive,6,0.316,0.6653605261769266,6,192,True,0.28165
bot->ton,51,statico,7,0.368,0.8118203720918675,0,0,True,0.319
bot->ton,51,ogni_batch,7,0.368,0.8608726534352777,7,224,True,0.319
bot->ton,51,su_innesco,7,0.368,0.922265464639174,4,128,True,0.319
bot->ton,51,oracolo,7,0.368,0.90150822597404,7,224,True,0.319
bot->ton,51,stat_13x13,7,0.368,0.8675409968359176,7,224,True,0.319
bot->ton,51,martingala,7,0.368,0.9547043369552544,6,192,True,0.319
bot->ton,51,stat_13x13_adaptive,7,0.368,0.66993880799526,7,224,True,0.319
bot->ton,51,statico,8,0.421,0.7911626334895916,0,0,True,0.36325
bot->ton,51,ogni_batch,8,0.421,0.9255783561339117,8,256,True,0.36325
bot->ton,51,su_innesco,8,0.421,0.9367882226488784,5,160,True,0.36325
bot->ton,51,oracolo,8,0.421,0.8937032433161759,8,256,True,0.36325
bot->ton,51,stat_13x13,8,0.421,0.7012686639280447,8,256,True,0.36325
bot->ton,51,martingala,8,0.421,0.9523719985923993,7,224,True,0.36325
bot->ton,51,stat_13x13_adaptive,8,0.421,0.5689544280163588,8,256,True,0.36325
bot->ton,51,statico,9,0.474,0.7773905625874525,0,0,True,0.39425
bot->ton,51,ogni_batch,9,0.474,0.9311817382220413,9,288,True,0.39425
bot->ton,51,su_innesco,9,0.474,0.9411052252549721,6,192,True,0.39425
bot->ton,51,oracolo,9,0.474,0.9216315446827839,9,288,True,0.39425
bot->ton,51,stat_13x13,9,0.474,0.8734515741152273,9,288,True,0.39425
bot->ton,51,martingala,9,0.474,0.9511130896298823,8,256,True,0.39425
bot->ton,51,stat_13x13_adaptive,9,0.474,0.6682789685713717,9,288,True,0.39425
bot->ton,51,statico,10,0.526,0.7638361067152873,0,0,True,0.4319
bot->ton,51,ogni_batch,10,0.526,0.8915302946521138,10,320,True,0.4319
bot->ton,51,su_innesco,10,0.526,0.9512819107746484,7,224,True,0.4319
bot->ton,51,oracolo,10,0.526,0.9255700779181674,10,320,True,0.4319
bot->ton,51,stat_13x13,10,0.526,0.8222059858112218,10,320,True,0.4319
bot->ton,51,martingala,10,0.526,0.9528282628682321,9,288,True,0.4319
bot->ton,51,stat_13x13_adaptive,10,0.526,0.6734467151434238,10,320,True,0.4319
bot->ton,51,statico,11,0.579,0.7516267474220133,0,0,True,0.47485
bot->ton,51,ogni_batch,11,0.579,0.890009155089097,11,352,True,0.47485
bot->ton,51,su_innesco,11,0.579,0.9522849969797644,8,256,True,0.47485
bot->ton,51,oracolo,11,0.579,0.9233197242956379,11,352,True,0.47485
bot->ton,51,stat_13x13,11,0.579,0.72681868069638,11,352,True,0.47485
bot->ton,51,martingala,11,0.579,0.8868857730724424,10,320,True,0.47485
bot->ton,51,stat_13x13_adaptive,11,0.579,0.577995898412219,11,352,True,0.47485
bot->ton,51,statico,12,0.632,0.7313385515040898,0,0,True,0.5106
bot->ton,51,ogni_batch,12,0.632,0.89068040664876,12,384,True,0.5106
bot->ton,51,su_innesco,12,0.632,0.9494512224817173,9,288,True,0.5106
bot->ton,51,oracolo,12,0.632,0.9298591305912829,12,384,True,0.5106
bot->ton,51,stat_13x13,12,0.632,0.7210224459932318,12,384,True,0.5106
bot->ton,51,martingala,12,0.632,0.9514151103935475,11,352,True,0.5106
bot->ton,51,stat_13x13_adaptive,12,0.632,0.5774267247848525,12,384,True,0.5106
bot->ton,51,statico,13,0.684,0.7111232853526719,0,0,True,0.55275
bot->ton,51,ogni_batch,13,0.684,0.8952572752122803,13,416,True,0.55275
bot->ton,51,su_innesco,13,0.684,0.9510390177619874,10,320,True,0.55275
bot->ton,51,oracolo,13,0.684,0.9338138581233253,13,416,True,0.55275
bot->ton,51,stat_13x13,13,0.684,0.8178631520765977,13,416,True,0.55275
bot->ton,51,martingala,13,0.684,0.9490728436392102,12,384,True,0.55275
bot->ton,51,stat_13x13_adaptive,13,0.684,0.7440978574767093,13,416,True,0.55275
bot->ton,51,statico,14,0.737,0.6942292689386154,0,0,True,0.59185
bot->ton,51,ogni_batch,14,0.737,0.9427982569036665,14,448,True,0.59185
bot->ton,51,su_innesco,14,0.737,0.9493754976172328,11,352,True,0.59185
bot->ton,51,oracolo,14,0.737,0.9412915853489146,14,448,True,0.59185
bot->ton,51,stat_13x13,14,0.737,0.7982760244389617,14,448,True,0.59185
bot->ton,51,martingala,14,0.737,0.9461762106599474,13,416,True,0.59185
bot->ton,51,stat_13x13_adaptive,14,0.737,0.5726938391842635,14,448,True,0.59185
bot->ton,51,statico,15,0.789,0.6739769296764506,0,0,True,0.6309
bot->ton,51,ogni_batch,15,0.789,0.9471094248213086,15,480,True,0.6309
bot->ton,51,su_innesco,15,0.789,0.9463995302110773,12,384,True,0.6309
bot->ton,51,oracolo,15,0.789,0.9374580901945793,15,480,True,0.6309
bot->ton,51,stat_13x13,15,0.789,0.7212308425286557,15,480,True,0.6309
bot->ton,51,martingala,15,0.789,0.9462021709712659,14,448,True,0.6309
bot->ton,51,stat_13x13_adaptive,15,0.789,0.5780480716468017,15,480,True,0.6309
bot->ton,51,statico,16,0.842,0.6599982703367941,0,0,True,0.67185
bot->ton,51,ogni_batch,16,0.842,0.9319130832282849,16,512,True,0.67185
bot->ton,51,su_innesco,16,0.842,0.9464646122465734,13,416,True,0.67185
bot->ton,51,oracolo,16,0.842,0.93683959446173,16,512,True,0.67185
bot->ton,51,stat_13x13,16,0.842,0.7311107028291153,16,512,True,0.67185
bot->ton,51,martingala,16,0.842,0.945071715263959,15,480,True,0.67185
bot->ton,51,stat_13x13_adaptive,16,0.842,0.5819280882558658,16,512,True,0.67185
bot->ton,51,statico,17,0.895,0.6387983682032418,0,0,True,0.7058
bot->ton,51,ogni_batch,17,0.895,0.9315507221643912,17,544,True,0.7058
bot->ton,51,su_innesco,17,0.895,0.9324219496696151,14,448,True,0.7058
bot->ton,51,oracolo,17,0.895,0.9358122230257699,17,544,True,0.7058
bot->ton,51,stat_13x13,17,0.895,0.9082330847439936,17,544,True,0.7058
bot->ton,51,martingala,17,0.895,0.9450628977637149,16,512,True,0.7058
bot->ton,51,stat_13x13_adaptive,17,0.895,0.8581982357918858,17,544,True,0.7058
bot->ton,51,statico,18,0.947,0.6233137467301454,0,0,True,0.74495
bot->ton,51,ogni_batch,18,0.947,0.9282043376970956,18,576,True,0.74495
bot->ton,51,su_innesco,18,0.947,0.9282043376970956,15,480,True,0.74495
bot->ton,51,oracolo,18,0.947,0.9339125035862553,18,576,True,0.74495
bot->ton,51,stat_13x13,18,0.947,0.8063172472805514,18,576,True,0.74495
bot->ton,51,martingala,18,0.947,0.9282043376970956,17,544,True,0.74495
bot->ton,51,stat_13x13_adaptive,18,0.947,0.6462832129469923,18,576,True,0.74495
bot->ton,51,statico,19,1.0,0.5950527563542203,0,0,True,0.7807
bot->ton,51,ogni_batch,19,1.0,0.936698395351276,19,608,True,0.7807
bot->ton,51,su_innesco,19,1.0,0.936698395351276,16,512,True,0.7807
bot->ton,51,oracolo,19,1.0,0.9343640886809401,19,608,True,0.7807
bot->ton,51,stat_13x13,19,1.0,0.8973567037108309,19,608,True,0.7807
bot->ton,51,martingala,19,1.0,0.936698395351276,18,576,True,0.7807
bot->ton,51,stat_13x13_adaptive,19,1.0,0.8721658620107618,19,608,True,0.7807
ton->unsw,42,statico,0,0.0,0.9690212483879748,0,0,False,0.0325
ton->unsw,42,ogni_batch,0,0.0,0.9690212483879748,0,0,False,0.0325
ton->unsw,42,su_innesco,0,0.0,0.9690212483879748,0,0,False,0.0325
ton->unsw,42,oracolo,0,0.0,0.9690212483879748,0,0,False,0.0325
ton->unsw,42,stat_13x13,0,0.0,0.9690212483879748,0,0,False,0.0325
ton->unsw,42,martingala,0,0.0,0.9690212483879748,0,0,False,0.0325
ton->unsw,42,stat_13x13_adaptive,0,0.0,0.9690212483879748,0,0,False,0.0325
ton->unsw,42,statico,1,0.053,0.9220293801340869,0,0,False,0.03355
ton->unsw,42,ogni_batch,1,0.053,0.9100760346240869,1,32,False,0.03355
ton->unsw,42,su_innesco,1,0.053,0.9220293801340869,0,0,False,0.03355
ton->unsw,42,oracolo,1,0.053,0.9121368703992592,1,32,False,0.03355
ton->unsw,42,stat_13x13,1,0.053,0.9089253530851967,1,32,False,0.03355
ton->unsw,42,martingala,1,0.053,0.9220293801340869,0,0,False,0.03355
ton->unsw,42,stat_13x13_adaptive,1,0.053,0.9088220488295998,1,32,False,0.03355
ton->unsw,42,statico,2,0.105,0.878568357578978,0,0,False,0.0347
ton->unsw,42,ogni_batch,2,0.105,0.8679271941404527,2,64,False,0.0347
ton->unsw,42,su_innesco,2,0.105,0.878568357578978,0,0,False,0.0347
ton->unsw,42,oracolo,2,0.105,0.8705067069239509,2,64,False,0.0347
ton->unsw,42,stat_13x13,2,0.105,0.8621604627976029,2,64,False,0.0347
ton->unsw,42,martingala,2,0.105,0.8701641203139248,1,32,False,0.0347
ton->unsw,42,stat_13x13_adaptive,2,0.105,0.8692571951917967,2,64,False,0.0347
ton->unsw,42,statico,3,0.158,0.8292662655594655,0,0,False,0.03755
ton->unsw,42,ogni_batch,3,0.158,0.8233455722692109,3,96,False,0.03755
ton->unsw,42,su_innesco,3,0.158,0.8292662655594655,0,0,False,0.03755
ton->unsw,42,oracolo,3,0.158,0.8310017635704536,3,96,False,0.03755
ton->unsw,42,stat_13x13,3,0.158,0.8136711256302138,3,96,False,0.03755
ton->unsw,42,martingala,3,0.158,0.8279697752884847,1,32,False,0.03755
ton->unsw,42,stat_13x13_adaptive,3,0.158,0.8233329274989267,3,96,False,0.03755
ton->unsw,42,statico,4,0.211,0.7916087625972097,0,0,False,0.0346
ton->unsw,42,ogni_batch,4,0.211,0.7914660777464105,4,128,False,0.0346
ton->unsw,42,su_innesco,4,0.211,0.7916087625972097,0,0,False,0.0346
ton->unsw,42,oracolo,4,0.211,0.797400373742585,4,128,False,0.0346
ton->unsw,42,stat_13x13,4,0.211,0.7886417427054708,4,128,False,0.0346
ton->unsw,42,martingala,4,0.211,0.7886668003072093,1,32,False,0.0346
ton->unsw,42,stat_13x13_adaptive,4,0.211,0.7528392209986187,4,128,False,0.0346
ton->unsw,42,statico,5,0.263,0.7509547664927853,0,0,False,0.03665
ton->unsw,42,ogni_batch,5,0.263,0.7594456798894426,5,160,False,0.03665
ton->unsw,42,su_innesco,5,0.263,0.7509547664927853,0,0,False,0.03665
ton->unsw,42,oracolo,5,0.263,0.7738034701676528,5,160,False,0.03665
ton->unsw,42,stat_13x13,5,0.263,0.7621571031869615,5,160,False,0.03665
ton->unsw,42,martingala,5,0.263,0.7563719359882695,1,32,False,0.03665
ton->unsw,42,stat_13x13_adaptive,5,0.263,0.7555367940932212,5,160,False,0.03665
ton->unsw,42,statico,6,0.316,0.7090703151312017,0,0,False,0.03935
ton->unsw,42,ogni_batch,6,0.316,0.72128624077361,6,192,False,0.03935
ton->unsw,42,su_innesco,6,0.316,0.7090703151312017,0,0,False,0.03935
ton->unsw,42,oracolo,6,0.316,0.7264116754354564,6,192,False,0.03935
ton->unsw,42,stat_13x13,6,0.316,0.7501331753113006,6,192,False,0.03935
ton->unsw,42,martingala,6,0.316,0.7529836161186212,2,64,False,0.03935
ton->unsw,42,stat_13x13_adaptive,6,0.316,0.7399903853313681,6,192,False,0.03935
ton->unsw,42,statico,7,0.368,0.6684089961322192,0,0,False,0.0373
ton->unsw,42,ogni_batch,7,0.368,0.6827605286563642,7,224,False,0.0373
ton->unsw,42,su_innesco,7,0.368,0.6684089961322192,0,0,False,0.0373
ton->unsw,42,oracolo,7,0.368,0.7160216251924812,7,224,False,0.0373
ton->unsw,42,stat_13x13,7,0.368,0.7173774100086485,7,224,False,0.0373
ton->unsw,42,martingala,7,0.368,0.7179008303520167,2,64,False,0.0373
ton->unsw,42,stat_13x13_adaptive,7,0.368,0.7080109167932489,7,224,False,0.0373
ton->unsw,42,statico,8,0.421,0.6214420839662177,0,0,False,0.0398
ton->unsw,42,ogni_batch,8,0.421,0.6522338535908319,8,256,False,0.0398
ton->unsw,42,su_innesco,8,0.421,0.6214420839662177,0,0,False,0.0398
ton->unsw,42,oracolo,8,0.421,0.6764001812434619,8,256,False,0.0398
ton->unsw,42,stat_13x13,8,0.421,0.7048428190336398,8,256,False,0.0398
ton->unsw,42,martingala,8,0.421,0.6577059314175063,3,96,False,0.0398
ton->unsw,42,stat_13x13_adaptive,8,0.421,0.6984580026300852,8,256,False,0.0398
ton->unsw,42,statico,9,0.474,0.5878977829364629,0,0,False,0.03745
ton->unsw,42,ogni_batch,9,0.474,0.6416851582416742,9,288,False,0.03745
ton->unsw,42,su_innesco,9,0.474,0.5878977829364629,0,0,False,0.03745
ton->unsw,42,oracolo,9,0.474,0.656048734113183,9,288,False,0.03745
ton->unsw,42,stat_13x13,9,0.474,0.6583799738127318,9,288,False,0.03745
ton->unsw,42,martingala,9,0.474,0.633969486248323,3,96,False,0.03745
ton->unsw,42,stat_13x13_adaptive,9,0.474,0.6817866993281667,9,288,False,0.03745
ton->unsw,42,statico,10,0.526,0.5460441942994733,0,0,False,0.04105
ton->unsw,42,ogni_batch,10,0.526,0.6064892018531793,10,320,False,0.04105
ton->unsw,42,su_innesco,10,0.526,0.5460441942994733,0,0,False,0.04105
ton->unsw,42,oracolo,10,0.526,0.6257225265511035,10,320,False,0.04105
ton->unsw,42,stat_13x13,10,0.526,0.67535284032161,10,320,False,0.04105
ton->unsw,42,martingala,10,0.526,0.6049285476962767,3,96,False,0.04105
ton->unsw,42,stat_13x13_adaptive,10,0.526,0.6722409113797317,10,320,False,0.04105
ton->unsw,42,statico,11,0.579,0.5114045075437113,0,0,False,0.0404
ton->unsw,42,ogni_batch,11,0.579,0.5906845532587035,11,352,False,0.0404
ton->unsw,42,su_innesco,11,0.579,0.5114045075437113,0,0,False,0.0404
ton->unsw,42,oracolo,11,0.579,0.6157273840517383,11,352,False,0.0404
ton->unsw,42,stat_13x13,11,0.579,0.6267607790809564,11,352,False,0.0404
ton->unsw,42,martingala,11,0.579,0.5815474740038027,3,96,False,0.0404
ton->unsw,42,stat_13x13_adaptive,11,0.579,0.6152209051382436,11,352,False,0.0404
ton->unsw,42,statico,12,0.632,0.47214367284413766,0,0,False,0.03935
ton->unsw,42,ogni_batch,12,0.632,0.5719637661085196,12,384,False,0.03935
ton->unsw,42,su_innesco,12,0.632,0.47214367284413766,0,0,False,0.03935
ton->unsw,42,oracolo,12,0.632,0.6087172798197465,12,384,False,0.03935
ton->unsw,42,stat_13x13,12,0.632,0.6001246747592427,12,384,False,0.03935
ton->unsw,42,martingala,12,0.632,0.5546376926647667,3,96,False,0.03935
ton->unsw,42,stat_13x13_adaptive,12,0.632,0.59482909205878,12,384,False,0.03935
ton->unsw,42,statico,13,0.684,0.43405717533070026,0,0,False,0.041
ton->unsw,42,ogni_batch,13,0.684,0.5435005059003724,13,416,False,0.041
ton->unsw,42,su_innesco,13,0.684,0.43405717533070026,0,0,False,0.041
ton->unsw,42,oracolo,13,0.684,0.5821114564853485,13,416,False,0.041
ton->unsw,42,stat_13x13,13,0.684,0.6178811778933198,13,416,False,0.041
ton->unsw,42,martingala,13,0.684,0.524526788455294,3,96,False,0.041
ton->unsw,42,stat_13x13_adaptive,13,0.684,0.615722091310441,13,416,False,0.041
ton->unsw,42,statico,14,0.737,0.39977100865404946,0,0,False,0.0413
ton->unsw,42,ogni_batch,14,0.737,0.7021696199893649,14,448,False,0.0413
ton->unsw,42,su_innesco,14,0.737,0.39977100865404946,0,0,False,0.0413
ton->unsw,42,oracolo,14,0.737,0.5576433054852264,14,448,False,0.0413
ton->unsw,42,stat_13x13,14,0.737,0.6362412395740458,14,448,False,0.0413
ton->unsw,42,martingala,14,0.737,0.5012022968298101,3,96,False,0.0413
ton->unsw,42,stat_13x13_adaptive,14,0.737,0.6365019809785779,14,448,False,0.0413
ton->unsw,42,statico,15,0.789,0.3648055775608577,0,0,False,0.04555
ton->unsw,42,ogni_batch,15,0.789,0.7098796720240252,15,480,False,0.04555
ton->unsw,42,su_innesco,15,0.789,0.3648055775608577,0,0,False,0.04555
ton->unsw,42,oracolo,15,0.789,0.5269718615590495,15,480,False,0.04555
ton->unsw,42,stat_13x13,15,0.789,0.6357801737449145,15,480,False,0.04555
ton->unsw,42,martingala,15,0.789,0.47582117074175023,3,96,False,0.04555
ton->unsw,42,stat_13x13_adaptive,15,0.789,0.6351133011981327,15,480,False,0.04555
ton->unsw,42,statico,16,0.842,0.32565747780028687,0,0,False,0.0431
ton->unsw,42,ogni_batch,16,0.842,0.714842390550493,16,512,False,0.0431
ton->unsw,42,su_innesco,16,0.842,0.32565747780028687,0,0,False,0.0431
ton->unsw,42,oracolo,16,0.842,0.7135335951920763,16,512,False,0.0431
ton->unsw,42,stat_13x13,16,0.842,0.5832230996068243,16,512,False,0.0431
ton->unsw,42,martingala,16,0.842,0.45459696650295645,3,96,False,0.0431
ton->unsw,42,stat_13x13_adaptive,16,0.842,0.5765893909278599,16,512,False,0.0431
ton->unsw,42,statico,17,0.895,0.29242341258701715,0,0,False,0.04345
ton->unsw,42,ogni_batch,17,0.895,0.7201660034723992,17,544,False,0.04345
ton->unsw,42,su_innesco,17,0.895,0.29242341258701715,0,0,False,0.04345
ton->unsw,42,oracolo,17,0.895,0.6756944993412981,17,544,False,0.04345
ton->unsw,42,stat_13x13,17,0.895,0.6276668159275277,17,544,False,0.04345
ton->unsw,42,martingala,17,0.895,0.4223667010387332,3,96,False,0.04345
ton->unsw,42,stat_13x13_adaptive,17,0.895,0.6246514532624636,17,544,False,0.04345
ton->unsw,42,statico,18,0.947,0.25893121440386835,0,0,False,0.04405
ton->unsw,42,ogni_batch,18,0.947,0.7359568836536344,18,576,False,0.04405
ton->unsw,42,su_innesco,18,0.947,0.25893121440386835,0,0,False,0.04405
ton->unsw,42,oracolo,18,0.947,0.6789164424516795,18,576,False,0.04405
ton->unsw,42,stat_13x13,18,0.947,0.6386684618056637,18,576,False,0.04405
ton->unsw,42,martingala,18,0.947,0.3982314265450481,3,96,False,0.04405
ton->unsw,42,stat_13x13_adaptive,18,0.947,0.6369320680686126,18,576,False,0.04405
ton->unsw,42,statico,19,1.0,0.22814259110368576,0,0,False,0.0451
ton->unsw,42,ogni_batch,19,1.0,0.7552886226524504,19,608,False,0.0451
ton->unsw,42,su_innesco,19,1.0,0.22814259110368576,0,0,False,0.0451
ton->unsw,42,oracolo,19,1.0,0.6981088541735917,19,608,False,0.0451
ton->unsw,42,stat_13x13,19,1.0,0.6447777495272407,19,608,False,0.0451
ton->unsw,42,martingala,19,1.0,0.3840854383073846,3,96,False,0.0451
ton->unsw,42,stat_13x13_adaptive,19,1.0,0.644003479790811,19,608,False,0.0451
ton->unsw,43,statico,0,0.0,0.9682888327620423,0,0,False,0.02495
ton->unsw,43,ogni_batch,0,0.0,0.9682888327620423,0,0,False,0.02495
ton->unsw,43,su_innesco,0,0.0,0.9682888327620423,0,0,False,0.02495
ton->unsw,43,oracolo,0,0.0,0.9682888327620423,0,0,False,0.02495
ton->unsw,43,stat_13x13,0,0.0,0.9682888327620423,0,0,False,0.02495
ton->unsw,43,martingala,0,0.0,0.9682888327620423,0,0,False,0.02495
ton->unsw,43,stat_13x13_adaptive,0,0.0,0.9682888327620423,0,0,False,0.02495
ton->unsw,43,statico,1,0.053,0.9236438255950812,0,0,False,0.02585
ton->unsw,43,ogni_batch,1,0.053,0.9075031116951485,1,32,False,0.02585
ton->unsw,43,su_innesco,1,0.053,0.9236438255950812,0,0,False,0.02585
ton->unsw,43,oracolo,1,0.053,0.9104771834371603,1,32,False,0.02585
ton->unsw,43,stat_13x13,1,0.053,0.4373025831452883,1,32,False,0.02585
ton->unsw,43,martingala,1,0.053,0.9236438255950812,0,0,False,0.02585
ton->unsw,43,stat_13x13_adaptive,1,0.053,0.9217440527413452,1,32,False,0.02585
ton->unsw,43,statico,2,0.105,0.8760405709765178,0,0,False,0.02855
ton->unsw,43,ogni_batch,2,0.105,0.8677667423593995,2,64,False,0.02855
ton->unsw,43,su_innesco,2,0.105,0.8760405709765178,0,0,False,0.02855
ton->unsw,43,oracolo,2,0.105,0.8650746181158494,2,64,False,0.02855
ton->unsw,43,stat_13x13,2,0.105,0.7698578821866016,2,64,False,0.02855
ton->unsw,43,martingala,2,0.105,0.8760405709765178,0,0,False,0.02855
ton->unsw,43,stat_13x13_adaptive,2,0.105,0.8811077518841837,2,64,False,0.02855
ton->unsw,43,statico,3,0.158,0.8370846625250639,0,0,False,0.02615
ton->unsw,43,ogni_batch,3,0.158,0.8276347353128162,3,96,False,0.02615
ton->unsw,43,su_innesco,3,0.158,0.8370846625250639,0,0,False,0.02615
ton->unsw,43,oracolo,3,0.158,0.8375176631769328,3,96,False,0.02615
ton->unsw,43,stat_13x13,3,0.158,0.7927250291226887,3,96,False,0.02615
ton->unsw,43,martingala,3,0.158,0.8370846625250639,0,0,False,0.02615
ton->unsw,43,stat_13x13_adaptive,3,0.158,0.8177478696519684,3,96,False,0.02615
ton->unsw,43,statico,4,0.211,0.7899611108075084,0,0,False,0.02275
ton->unsw,43,ogni_batch,4,0.211,0.8071934271817958,4,128,False,0.02275
ton->unsw,43,su_innesco,4,0.211,0.7899611108075084,0,0,False,0.02275
ton->unsw,43,oracolo,4,0.211,0.7818695450113684,4,128,False,0.02275
ton->unsw,43,stat_13x13,4,0.211,0.7692325341399965,4,128,False,0.02275
ton->unsw,43,martingala,4,0.211,0.7899611108075084,0,0,False,0.02275
ton->unsw,43,stat_13x13_adaptive,4,0.211,0.7636350314525091,4,128,False,0.02275
ton->unsw,43,statico,5,0.263,0.7484422326608142,0,0,False,0.02585
ton->unsw,43,ogni_batch,5,0.263,0.7589756115560347,5,160,False,0.02585
ton->unsw,43,su_innesco,5,0.263,0.7484422326608142,0,0,False,0.02585
ton->unsw,43,oracolo,5,0.263,0.7670839028569229,5,160,False,0.02585
ton->unsw,43,stat_13x13,5,0.263,0.749915774680425,5,160,False,0.02585
ton->unsw,43,martingala,5,0.263,0.7484422326608142,0,0,False,0.02585
ton->unsw,43,stat_13x13_adaptive,5,0.263,0.7072209575055188,5,160,False,0.02585
ton->unsw,43,statico,6,0.316,0.7064615198121449,0,0,False,0.0273
ton->unsw,43,ogni_batch,6,0.316,0.7146014514034774,6,192,False,0.0273
ton->unsw,43,su_innesco,6,0.316,0.7064615198121449,0,0,False,0.0273
ton->unsw,43,oracolo,6,0.316,0.7337806848614893,6,192,False,0.0273
ton->unsw,43,stat_13x13,6,0.316,0.7151223270444181,6,192,False,0.0273
ton->unsw,43,martingala,6,0.316,0.7064615198121449,0,0,False,0.0273
ton->unsw,43,stat_13x13_adaptive,6,0.316,0.6954033474507961,6,192,False,0.0273
ton->unsw,43,statico,7,0.368,0.6608383566488187,0,0,False,0.02605
ton->unsw,43,ogni_batch,7,0.368,0.6797091882434564,7,224,False,0.02605
ton->unsw,43,su_innesco,7,0.368,0.6608383566488187,0,0,False,0.02605
ton->unsw,43,oracolo,7,0.368,0.6848862991353406,7,224,False,0.02605
ton->unsw,43,stat_13x13,7,0.368,0.7210354206897941,7,224,False,0.02605
ton->unsw,43,martingala,7,0.368,0.6608383566488187,0,0,False,0.02605
ton->unsw,43,stat_13x13_adaptive,7,0.368,0.6610479428958822,7,224,False,0.02605
ton->unsw,43,statico,8,0.421,0.6262286443435959,0,0,False,0.0272
ton->unsw,43,ogni_batch,8,0.421,0.6619461635863761,8,256,False,0.0272
ton->unsw,43,su_innesco,8,0.421,0.6262286443435959,0,0,False,0.0272
ton->unsw,43,oracolo,8,0.421,0.6597809233682048,8,256,False,0.0272
ton->unsw,43,stat_13x13,8,0.421,0.6697196982098484,8,256,False,0.0272
ton->unsw,43,martingala,8,0.421,0.6262286443435959,0,0,False,0.0272
ton->unsw,43,stat_13x13_adaptive,8,0.421,0.635921674496569,8,256,False,0.0272
ton->unsw,43,statico,9,0.474,0.5866243256162047,0,0,False,0.02695
ton->unsw,43,ogni_batch,9,0.474,0.6382125315312486,9,288,False,0.02695
ton->unsw,43,su_innesco,9,0.474,0.5866243256162047,0,0,False,0.02695
ton->unsw,43,oracolo,9,0.474,0.6338625980599808,9,288,False,0.02695
ton->unsw,43,stat_13x13,9,0.474,0.6299001264697028,9,288,False,0.02695
ton->unsw,43,martingala,9,0.474,0.5866243256162047,0,0,False,0.02695
ton->unsw,43,stat_13x13_adaptive,9,0.474,0.6885673993125747,9,288,False,0.02695
ton->unsw,43,statico,10,0.526,0.5527085448718885,0,0,False,0.0267
ton->unsw,43,ogni_batch,10,0.526,0.6188159505109243,10,320,False,0.0267
ton->unsw,43,su_innesco,10,0.526,0.5527085448718885,0,0,False,0.0267
ton->unsw,43,oracolo,10,0.526,0.6531182954874787,10,320,False,0.0267
ton->unsw,43,stat_13x13,10,0.526,0.6485590611223142,10,320,False,0.0267
ton->unsw,43,martingala,10,0.526,0.5527085448718885,0,0,False,0.0267
ton->unsw,43,stat_13x13_adaptive,10,0.526,0.6671344049875745,10,320,False,0.0267
ton->unsw,43,statico,11,0.579,0.5080108125974179,0,0,False,0.0262
ton->unsw,43,ogni_batch,11,0.579,0.6131309586003459,11,352,False,0.0262
ton->unsw,43,su_innesco,11,0.579,0.5080108125974179,0,0,False,0.0262
ton->unsw,43,oracolo,11,0.579,0.6500022864963174,11,352,False,0.0262
ton->unsw,43,stat_13x13,11,0.579,0.6402592411176572,11,352,False,0.0262
ton->unsw,43,martingala,11,0.579,0.5080108125974179,0,0,False,0.0262
ton->unsw,43,stat_13x13_adaptive,11,0.579,0.6358910514714805,11,352,False,0.0262
ton->unsw,43,statico,12,0.632,0.47613090909090905,0,0,False,0.0279
ton->unsw,43,ogni_batch,12,0.632,0.60728,12,384,False,0.0279
ton->unsw,43,su_innesco,12,0.632,0.47613090909090905,0,0,False,0.0279
ton->unsw,43,oracolo,12,0.632,0.632989090909091,12,384,False,0.0279
ton->unsw,43,stat_13x13,12,0.632,0.5894618181818182,12,384,False,0.0279
ton->unsw,43,martingala,12,0.632,0.47613090909090905,0,0,False,0.0279
ton->unsw,43,stat_13x13_adaptive,12,0.632,0.6354181818181819,12,384,False,0.0279
ton->unsw,43,statico,13,0.684,0.44017712769370665,0,0,False,0.0275
ton->unsw,43,ogni_batch,13,0.684,0.6088801504731729,13,416,False,0.0275
ton->unsw,43,su_innesco,13,0.684,0.44017712769370665,0,0,False,0.0275
ton->unsw,43,oracolo,13,0.684,0.6136852928311148,13,416,False,0.0275
ton->unsw,43,stat_13x13,13,0.684,0.5904227940087248,13,416,False,0.0275
ton->unsw,43,martingala,13,0.684,0.44017712769370665,0,0,False,0.0275
ton->unsw,43,stat_13x13_adaptive,13,0.684,0.615450444588807,13,416,False,0.0275
ton->unsw,43,statico,14,0.737,0.40163316200969307,0,0,False,0.02795
ton->unsw,43,ogni_batch,14,0.737,0.6144068486747347,14,448,False,0.02795
ton->unsw,43,su_innesco,14,0.737,0.40163316200969307,0,0,False,0.02795
ton->unsw,43,oracolo,14,0.737,0.6049977568854749,14,448,False,0.02795
ton->unsw,43,stat_13x13,14,0.737,0.6709322941352011,14,448,False,0.02795
ton->unsw,43,martingala,14,0.737,0.40163316200969307,0,0,False,0.02795
ton->unsw,43,stat_13x13_adaptive,14,0.737,0.6633046867973301,14,448,False,0.02795
ton->unsw,43,statico,15,0.789,0.3687179746185384,0,0,False,0.0272
ton->unsw,43,ogni_batch,15,0.789,0.6956094776031347,15,480,False,0.0272
ton->unsw,43,su_innesco,15,0.789,0.3687179746185384,0,0,False,0.0272
ton->unsw,43,oracolo,15,0.789,0.724001234399188,15,480,False,0.0272
ton->unsw,43,stat_13x13,15,0.789,0.6543341898729506,15,480,False,0.0272
ton->unsw,43,martingala,15,0.789,0.3687179746185384,0,0,False,0.0272
ton->unsw,43,stat_13x13_adaptive,15,0.789,0.6419238945666745,15,480,False,0.0272
ton->unsw,43,statico,16,0.842,0.3354758579480582,0,0,False,0.0266
ton->unsw,43,ogni_batch,16,0.842,0.722601033278556,16,512,False,0.0266
ton->unsw,43,su_innesco,16,0.842,0.3354758579480582,0,0,False,0.0266
ton->unsw,43,oracolo,16,0.842,0.7347890422476437,16,512,False,0.0266
ton->unsw,43,stat_13x13,16,0.842,0.5716917914821312,16,512,False,0.0266
ton->unsw,43,martingala,16,0.842,0.3354758579480582,0,0,False,0.0266
ton->unsw,43,stat_13x13_adaptive,16,0.842,0.5881222258214719,16,512,False,0.0266
ton->unsw,43,statico,17,0.895,0.29698497967947407,0,0,False,0.02695
ton->unsw,43,ogni_batch,17,0.895,0.729708191317342,17,544,False,0.02695
ton->unsw,43,su_innesco,17,0.895,0.29698497967947407,0,0,False,0.02695
ton->unsw,43,oracolo,17,0.895,0.7394355125764217,17,544,False,0.02695
ton->unsw,43,stat_13x13,17,0.895,0.5456204981705565,17,544,False,0.02695
ton->unsw,43,martingala,17,0.895,0.29698497967947407,0,0,False,0.02695
ton->unsw,43,stat_13x13_adaptive,17,0.895,0.5524696246334124,17,544,False,0.02695
ton->unsw,43,statico,18,0.947,0.2662715278209678,0,0,False,0.0288
ton->unsw,43,ogni_batch,18,0.947,0.7426909330666582,18,576,False,0.0288
ton->unsw,43,su_innesco,18,0.947,0.2662715278209678,0,0,False,0.0288
ton->unsw,43,oracolo,18,0.947,0.7217923530014374,18,576,False,0.0288
ton->unsw,43,stat_13x13,18,0.947,0.6713476587200642,18,576,False,0.0288
ton->unsw,43,martingala,18,0.947,0.2662715278209678,0,0,False,0.0288
ton->unsw,43,stat_13x13_adaptive,18,0.947,0.6081751641926629,18,576,False,0.0288
ton->unsw,43,statico,19,1.0,0.22773995756103113,0,0,False,0.02765
ton->unsw,43,ogni_batch,19,1.0,0.7605949488255652,19,608,False,0.02765
ton->unsw,43,su_innesco,19,1.0,0.22773995756103113,0,0,False,0.02765
ton->unsw,43,oracolo,19,1.0,0.7641097522608458,19,608,False,0.02765
ton->unsw,43,stat_13x13,19,1.0,0.7358624013494789,19,608,False,0.02765
ton->unsw,43,martingala,19,1.0,0.22773995756103113,0,0,False,0.02765
ton->unsw,43,stat_13x13_adaptive,19,1.0,0.6813837513638706,19,608,False,0.02765
ton->unsw,44,statico,0,0.0,0.9699653003530497,0,0,False,0.02975
ton->unsw,44,ogni_batch,0,0.0,0.9699653003530497,0,0,False,0.02975
ton->unsw,44,su_innesco,0,0.0,0.9699653003530497,0,0,False,0.02975
ton->unsw,44,oracolo,0,0.0,0.9699653003530497,0,0,False,0.02975
ton->unsw,44,stat_13x13,0,0.0,0.9699653003530497,0,0,False,0.02975
ton->unsw,44,martingala,0,0.0,0.9699653003530497,0,0,False,0.02975
ton->unsw,44,stat_13x13_adaptive,0,0.0,0.9699653003530497,0,0,False,0.02975
ton->unsw,44,statico,1,0.053,0.9215312584590172,0,0,False,0.0294
ton->unsw,44,ogni_batch,1,0.053,0.9300812997558168,1,32,False,0.0294
ton->unsw,44,su_innesco,1,0.053,0.9215312584590172,0,0,False,0.0294
ton->unsw,44,oracolo,1,0.053,0.9088496679459898,1,32,False,0.0294
ton->unsw,44,stat_13x13,1,0.053,0.895420135066867,1,32,False,0.0294
ton->unsw,44,martingala,1,0.053,0.9215312584590172,0,0,False,0.0294
ton->unsw,44,stat_13x13_adaptive,1,0.053,0.9003725001674194,1,32,False,0.0294
ton->unsw,44,statico,2,0.105,0.8759397891970959,0,0,False,0.02665
ton->unsw,44,ogni_batch,2,0.105,0.8663666506370766,2,64,False,0.02665
ton->unsw,44,su_innesco,2,0.105,0.8759397891970959,0,0,False,0.02665
ton->unsw,44,oracolo,2,0.105,0.8677383887730974,2,64,False,0.02665
ton->unsw,44,stat_13x13,2,0.105,0.8826373709680972,2,64,False,0.02665
ton->unsw,44,martingala,2,0.105,0.8759397891970959,0,0,False,0.02665
ton->unsw,44,stat_13x13_adaptive,2,0.105,0.8879120483967538,2,64,False,0.02665
ton->unsw,44,statico,3,0.158,0.8288422236049625,0,0,False,0.0288
ton->unsw,44,ogni_batch,3,0.158,0.8215599160315529,3,96,False,0.0288
ton->unsw,44,su_innesco,3,0.158,0.8288422236049625,0,0,False,0.0288
ton->unsw,44,oracolo,3,0.158,0.8228833174142052,3,96,False,0.0288
ton->unsw,44,stat_13x13,3,0.158,0.849912279658789,3,96,False,0.0288
ton->unsw,44,martingala,3,0.158,0.8288422236049625,0,0,False,0.0288
ton->unsw,44,stat_13x13_adaptive,3,0.158,0.8362685299312638,3,96,False,0.0288
ton->unsw,44,statico,4,0.211,0.7856815221247173,0,0,False,0.0275
ton->unsw,44,ogni_batch,4,0.211,0.7793917956233245,4,128,False,0.0275
ton->unsw,44,su_innesco,4,0.211,0.7856815221247173,0,0,False,0.0275
ton->unsw,44,oracolo,4,0.211,0.7948233424635229,4,128,False,0.0275
ton->unsw,44,stat_13x13,4,0.211,0.8237470497192405,4,128,False,0.0275
ton->unsw,44,martingala,4,0.211,0.7856815221247173,0,0,False,0.0275
ton->unsw,44,stat_13x13_adaptive,4,0.211,0.8263871927284147,4,128,False,0.0275
ton->unsw,44,statico,5,0.263,0.7447067605293398,0,0,False,0.02815
ton->unsw,44,ogni_batch,5,0.263,0.7475195529568609,5,160,False,0.02815
ton->unsw,44,su_innesco,5,0.263,0.7447067605293398,0,0,False,0.02815
ton->unsw,44,oracolo,5,0.263,0.7622731849823279,5,160,False,0.02815
ton->unsw,44,stat_13x13,5,0.263,0.784285969572458,5,160,False,0.02815
ton->unsw,44,martingala,5,0.263,0.7447067605293398,0,0,False,0.02815
ton->unsw,44,stat_13x13_adaptive,5,0.263,0.7876611255765458,5,160,False,0.02815
ton->unsw,44,statico,6,0.316,0.7019867414143666,0,0,False,0.02655
ton->unsw,44,ogni_batch,6,0.316,0.7077751270014232,6,192,False,0.02655
ton->unsw,44,su_innesco,6,0.316,0.7019867414143666,0,0,False,0.02655
ton->unsw,44,oracolo,6,0.316,0.7161378030743389,6,192,False,0.02655
ton->unsw,44,stat_13x13,6,0.316,0.7472509248767989,6,192,False,0.02655
ton->unsw,44,martingala,6,0.316,0.7019867414143666,0,0,False,0.02655
ton->unsw,44,stat_13x13_adaptive,6,0.316,0.7562406561765627,6,192,False,0.02655
ton->unsw,44,statico,7,0.368,0.6598263595523048,0,0,False,0.02395
ton->unsw,44,ogni_batch,7,0.368,0.6671668005401286,7,224,False,0.02395
ton->unsw,44,su_innesco,7,0.368,0.6598263595523048,0,0,False,0.02395
ton->unsw,44,oracolo,7,0.368,0.6631964073267265,7,224,False,0.02395
ton->unsw,44,stat_13x13,7,0.368,0.5813162915238096,7,224,False,0.02395
ton->unsw,44,martingala,7,0.368,0.6598263595523048,0,0,False,0.02395
ton->unsw,44,stat_13x13_adaptive,7,0.368,0.5280900534639814,7,224,False,0.02395
ton->unsw,44,statico,8,0.421,0.6229756940490225,0,0,False,0.024
ton->unsw,44,ogni_batch,8,0.421,0.6347898894406607,8,256,False,0.024
ton->unsw,44,su_innesco,8,0.421,0.6229756940490225,0,0,False,0.024
ton->unsw,44,oracolo,8,0.421,0.637048594800752,8,256,False,0.024
ton->unsw,44,stat_13x13,8,0.421,0.6823348146500732,8,256,False,0.024
ton->unsw,44,martingala,8,0.421,0.6229756940490225,0,0,False,0.024
ton->unsw,44,stat_13x13_adaptive,8,0.421,0.7058891757084228,8,256,False,0.024
ton->unsw,44,statico,9,0.474,0.586307740986707,0,0,False,0.02315
ton->unsw,44,ogni_batch,9,0.474,0.6049604423078536,9,288,False,0.02315
ton->unsw,44,su_innesco,9,0.474,0.586307740986707,0,0,False,0.02315
ton->unsw,44,oracolo,9,0.474,0.5981018779866027,9,288,False,0.02315
ton->unsw,44,stat_13x13,9,0.474,0.6735219949397795,9,288,False,0.02315
ton->unsw,44,martingala,9,0.474,0.586307740986707,0,0,False,0.02315
ton->unsw,44,stat_13x13_adaptive,9,0.474,0.6311016586544511,9,288,False,0.02315
ton->unsw,44,statico,10,0.526,0.5424441701147089,0,0,False,0.0243
ton->unsw,44,ogni_batch,10,0.526,0.571985465460908,10,320,False,0.0243
ton->unsw,44,su_innesco,10,0.526,0.5424441701147089,0,0,False,0.0243
ton->unsw,44,oracolo,10,0.526,0.5636228370152565,10,320,False,0.0243
ton->unsw,44,stat_13x13,10,0.526,0.6410189987496966,10,320,False,0.0243
ton->unsw,44,martingala,10,0.526,0.5424441701147089,0,0,False,0.0243
ton->unsw,44,stat_13x13_adaptive,10,0.526,0.5963201762770663,10,320,False,0.0243
ton->unsw,44,statico,11,0.579,0.5073018340511294,0,0,False,0.02265
ton->unsw,44,ogni_batch,11,0.579,0.5674465447649155,11,352,False,0.02265
ton->unsw,44,su_innesco,11,0.579,0.5073018340511294,0,0,False,0.02265
ton->unsw,44,oracolo,11,0.579,0.5293173973007843,11,352,False,0.02265
ton->unsw,44,stat_13x13,11,0.579,0.6456854741743164,11,352,False,0.02265
ton->unsw,44,martingala,11,0.579,0.5073018340511294,0,0,False,0.02265
ton->unsw,44,stat_13x13_adaptive,11,0.579,0.6110511518031846,11,352,False,0.02265
ton->unsw,44,statico,12,0.632,0.476841185337025,0,0,False,0.02255
ton->unsw,44,ogni_batch,12,0.632,0.5412388014326339,12,384,False,0.02255
ton->unsw,44,su_innesco,12,0.632,0.476841185337025,0,0,False,0.02255
ton->unsw,44,oracolo,12,0.632,0.5184037943884847,12,384,False,0.02255
ton->unsw,44,stat_13x13,12,0.632,0.6060992549429187,12,384,False,0.02255
ton->unsw,44,martingala,12,0.632,0.476841185337025,0,0,False,0.02255
ton->unsw,44,stat_13x13_adaptive,12,0.632,0.5998297044958975,12,384,False,0.02255
ton->unsw,44,statico,13,0.684,0.43049845043252677,0,0,False,0.02355
ton->unsw,44,ogni_batch,13,0.684,0.5968822494445751,13,416,False,0.02355
ton->unsw,44,su_innesco,13,0.684,0.43049845043252677,0,0,False,0.02355
ton->unsw,44,oracolo,13,0.684,0.5563593661981749,13,416,False,0.02355
ton->unsw,44,stat_13x13,13,0.684,0.6002273755426947,13,416,False,0.02355
ton->unsw,44,martingala,13,0.684,0.43049845043252677,0,0,False,0.02355
ton->unsw,44,stat_13x13_adaptive,13,0.684,0.5884825951255137,13,416,False,0.02355
ton->unsw,44,statico,14,0.737,0.397139707163372,0,0,False,0.0217
ton->unsw,44,ogni_batch,14,0.737,0.6921524807947261,14,448,False,0.0217
ton->unsw,44,su_innesco,14,0.737,0.397139707163372,0,0,False,0.0217
ton->unsw,44,oracolo,14,0.737,0.552025933556262,14,448,False,0.0217
ton->unsw,44,stat_13x13,14,0.737,0.5799595014018131,14,448,False,0.0217
ton->unsw,44,martingala,14,0.737,0.397139707163372,0,0,False,0.0217
ton->unsw,44,stat_13x13_adaptive,14,0.737,0.5835303705880381,14,448,False,0.0217
ton->unsw,44,statico,15,0.789,0.36548751100989907,0,0,False,0.02085
ton->unsw,44,ogni_batch,15,0.789,0.6910353664085007,15,480,False,0.02085
ton->unsw,44,su_innesco,15,0.789,0.36548751100989907,0,0,False,0.02085
ton->unsw,44,oracolo,15,0.789,0.567475183146825,15,480,False,0.02085
ton->unsw,44,stat_13x13,15,0.789,0.5652311809028228,15,480,False,0.02085
ton->unsw,44,martingala,15,0.789,0.36548751100989907,0,0,False,0.02085
ton->unsw,44,stat_13x13_adaptive,15,0.789,0.5723912365703411,15,480,False,0.02085
ton->unsw,44,statico,16,0.842,0.32487696132176047,0,0,False,0.02045
ton->unsw,44,ogni_batch,16,0.842,0.698144916222972,16,512,False,0.02045
ton->unsw,44,su_innesco,16,0.842,0.32487696132176047,0,0,False,0.02045
ton->unsw,44,oracolo,16,0.842,0.5390018390275014,16,512,False,0.02045
ton->unsw,44,stat_13x13,16,0.842,0.5662268991560693,16,512,False,0.02045
ton->unsw,44,martingala,16,0.842,0.32487696132176047,0,0,False,0.02045
ton->unsw,44,stat_13x13_adaptive,16,0.842,0.563407422510417,16,512,False,0.02045
ton->unsw,44,statico,17,0.895,0.2910971751323868,0,0,False,0.0213
ton->unsw,44,ogni_batch,17,0.895,0.7116807094808886,17,544,False,0.0213
ton->unsw,44,su_innesco,17,0.895,0.2910971751323868,0,0,False,0.0213
ton->unsw,44,oracolo,17,0.895,0.6987577333697063,17,544,False,0.0213
ton->unsw,44,stat_13x13,17,0.895,0.5553918721824296,17,544,False,0.0213
ton->unsw,44,martingala,17,0.895,0.2910971751323868,0,0,False,0.0213
ton->unsw,44,stat_13x13_adaptive,17,0.895,0.5478357235511511,17,544,False,0.0213
ton->unsw,44,statico,18,0.947,0.2592037365773856,0,0,False,0.02015
ton->unsw,44,ogni_batch,18,0.947,0.712780634887485,18,576,False,0.02015
ton->unsw,44,su_innesco,18,0.947,0.2592037365773856,0,0,False,0.02015
ton->unsw,44,oracolo,18,0.947,0.7052715849562297,18,576,False,0.02015
ton->unsw,44,stat_13x13,18,0.947,0.621991550496876,18,576,False,0.02015
ton->unsw,44,martingala,18,0.947,0.2592037365773856,0,0,False,0.02015
ton->unsw,44,stat_13x13_adaptive,18,0.947,0.6188366922501262,18,576,False,0.02015
ton->unsw,44,statico,19,1.0,0.22535108932246825,0,0,False,0.01905
ton->unsw,44,ogni_batch,19,1.0,0.7523100788612265,19,608,False,0.01905
ton->unsw,44,su_innesco,19,1.0,0.22535108932246825,0,0,False,0.01905
ton->unsw,44,oracolo,19,1.0,0.7413912184732572,19,608,False,0.01905
ton->unsw,44,stat_13x13,19,1.0,0.630796616531376,19,608,False,0.01905
ton->unsw,44,martingala,19,1.0,0.22535108932246825,0,0,False,0.01905
ton->unsw,44,stat_13x13_adaptive,19,1.0,0.6286072967694305,19,608,False,0.01905
ton->unsw,45,statico,0,0.0,0.9694163539945452,0,0,False,0.03215
ton->unsw,45,ogni_batch,0,0.0,0.9694163539945452,0,0,False,0.03215
ton->unsw,45,su_innesco,0,0.0,0.9694163539945452,0,0,False,0.03215
ton->unsw,45,oracolo,0,0.0,0.9694163539945452,0,0,False,0.03215
ton->unsw,45,stat_13x13,0,0.0,0.9694163539945452,0,0,False,0.03215
ton->unsw,45,martingala,0,0.0,0.9694163539945452,0,0,False,0.03215
ton->unsw,45,stat_13x13_adaptive,0,0.0,0.9694163539945452,0,0,False,0.03215
ton->unsw,45,statico,1,0.053,0.9257976824152809,0,0,False,0.0315
ton->unsw,45,ogni_batch,1,0.053,0.9152580008553528,1,32,False,0.0315
ton->unsw,45,su_innesco,1,0.053,0.9257976824152809,0,0,False,0.0315
ton->unsw,45,oracolo,1,0.053,0.9254299002750103,1,32,False,0.0315
ton->unsw,45,stat_13x13,1,0.053,0.8642858456000295,1,32,False,0.0315
ton->unsw,45,martingala,1,0.053,0.9257976824152809,0,0,False,0.0315
ton->unsw,45,stat_13x13_adaptive,1,0.053,0.8632261798996048,1,32,False,0.0315
ton->unsw,45,statico,2,0.105,0.877762726677215,0,0,False,0.032
ton->unsw,45,ogni_batch,2,0.105,0.8793728208142622,2,64,False,0.032
ton->unsw,45,su_innesco,2,0.105,0.877762726677215,0,0,False,0.032
ton->unsw,45,oracolo,2,0.105,0.8702164927242464,2,64,False,0.032
ton->unsw,45,stat_13x13,2,0.105,0.8683711100636222,2,64,False,0.032
ton->unsw,45,martingala,2,0.105,0.877762726677215,0,0,False,0.032
ton->unsw,45,stat_13x13_adaptive,2,0.105,0.877307302872212,2,64,False,0.032
ton->unsw,45,statico,3,0.158,0.8293080448751149,0,0,False,0.03175
ton->unsw,45,ogni_batch,3,0.158,0.8308261754620068,3,96,False,0.03175
ton->unsw,45,su_innesco,3,0.158,0.8293080448751149,0,0,False,0.03175
ton->unsw,45,oracolo,3,0.158,0.8359494931797389,3,96,False,0.03175
ton->unsw,45,stat_13x13,3,0.158,0.824276481875018,3,96,False,0.03175
ton->unsw,45,martingala,3,0.158,0.8293080448751149,0,0,False,0.03175
ton->unsw,45,stat_13x13_adaptive,3,0.158,0.8223649425567723,3,96,False,0.03175
ton->unsw,45,statico,4,0.211,0.7864761832498488,0,0,False,0.0299
ton->unsw,45,ogni_batch,4,0.211,0.7918053638554744,4,128,False,0.0299
ton->unsw,45,su_innesco,4,0.211,0.7864761832498488,0,0,False,0.0299
ton->unsw,45,oracolo,4,0.211,0.8035303803100988,4,128,False,0.0299
ton->unsw,45,stat_13x13,4,0.211,0.798385214799002,4,128,False,0.0299
ton->unsw,45,martingala,4,0.211,0.7864761832498488,0,0,False,0.0299
ton->unsw,45,stat_13x13_adaptive,4,0.211,0.7977056568726166,4,128,False,0.0299
ton->unsw,45,statico,5,0.263,0.7426597263541256,0,0,False,0.0303
ton->unsw,45,ogni_batch,5,0.263,0.7981834689311567,5,160,False,0.0303
ton->unsw,45,su_innesco,5,0.263,0.7426597263541256,0,0,False,0.0303
ton->unsw,45,oracolo,5,0.263,0.7723111857602367,5,160,False,0.0303
ton->unsw,45,stat_13x13,5,0.263,0.8041199163667065,5,160,False,0.0303
ton->unsw,45,martingala,5,0.263,0.7426597263541256,0,0,False,0.0303
ton->unsw,45,stat_13x13_adaptive,5,0.263,0.7667080249666199,5,160,False,0.0303
ton->unsw,45,statico,6,0.316,0.7037380918099472,0,0,False,0.03005
ton->unsw,45,ogni_batch,6,0.316,0.7590621263642151,6,192,False,0.03005
ton->unsw,45,su_innesco,6,0.316,0.7037380918099472,0,0,False,0.03005
ton->unsw,45,oracolo,6,0.316,0.7477600082699811,6,192,False,0.03005
ton->unsw,45,stat_13x13,6,0.316,0.7328845855928965,6,192,False,0.03005
ton->unsw,45,martingala,6,0.316,0.7037380918099472,0,0,False,0.03005
ton->unsw,45,stat_13x13_adaptive,6,0.316,0.7308470408434108,6,192,False,0.03005
ton->unsw,45,statico,7,0.368,0.6633591213266983,0,0,False,0.02865
ton->unsw,45,ogni_batch,7,0.368,0.7484445529484938,7,224,False,0.02865
ton->unsw,45,su_innesco,7,0.368,0.6633591213266983,0,0,False,0.02865
ton->unsw,45,oracolo,7,0.368,0.7413922591353392,7,224,False,0.02865
ton->unsw,45,stat_13x13,7,0.368,0.7070387456299451,7,224,False,0.02865
ton->unsw,45,martingala,7,0.368,0.6633591213266983,0,0,False,0.02865
ton->unsw,45,stat_13x13_adaptive,7,0.368,0.7148780890796504,7,224,False,0.02865
ton->unsw,45,statico,8,0.421,0.6186423277377053,0,0,False,0.03
ton->unsw,45,ogni_batch,8,0.421,0.7518904969220273,8,256,False,0.03
ton->unsw,45,su_innesco,8,0.421,0.6186423277377053,0,0,False,0.03
ton->unsw,45,oracolo,8,0.421,0.7490364571961766,8,256,False,0.03
ton->unsw,45,stat_13x13,8,0.421,0.6906530419023946,8,256,False,0.03
ton->unsw,45,martingala,8,0.421,0.6186423277377053,0,0,False,0.03
ton->unsw,45,stat_13x13_adaptive,8,0.421,0.6936349158699836,8,256,False,0.03
ton->unsw,45,statico,9,0.474,0.5840828882572411,0,0,False,0.02845
ton->unsw,45,ogni_batch,9,0.474,0.7320174618285866,9,288,False,0.02845
ton->unsw,45,su_innesco,9,0.474,0.5840828882572411,0,0,False,0.02845
ton->unsw,45,oracolo,9,0.474,0.7125958433921377,9,288,False,0.02845
ton->unsw,45,stat_13x13,9,0.474,0.7268591976047569,9,288,False,0.02845
ton->unsw,45,martingala,9,0.474,0.5840828882572411,0,0,False,0.02845
ton->unsw,45,stat_13x13_adaptive,9,0.474,0.6550710738134746,9,288,False,0.02845
ton->unsw,45,statico,10,0.526,0.5468984975875334,0,0,False,0.02605
ton->unsw,45,ogni_batch,10,0.526,0.730926116464975,10,320,False,0.02605
ton->unsw,45,su_innesco,10,0.526,0.5468984975875334,0,0,False,0.02605
ton->unsw,45,oracolo,10,0.526,0.7345537719388529,10,320,False,0.02605
ton->unsw,45,stat_13x13,10,0.526,0.7218143979142446,10,320,False,0.02605
ton->unsw,45,martingala,10,0.526,0.5468984975875334,0,0,False,0.02605
ton->unsw,45,stat_13x13_adaptive,10,0.526,0.6410395103878719,10,320,False,0.02605
ton->unsw,45,statico,11,0.579,0.5076281945354144,0,0,False,0.02725
ton->unsw,45,ogni_batch,11,0.579,0.6972792964114745,11,352,False,0.02725
ton->unsw,45,su_innesco,11,0.579,0.5076281945354144,0,0,False,0.02725
ton->unsw,45,oracolo,11,0.579,0.7124517230652454,11,352,False,0.02725
ton->unsw,45,stat_13x13,11,0.579,0.684102854182064,11,352,False,0.02725
ton->unsw,45,martingala,11,0.579,0.5076281945354144,0,0,False,0.02725
ton->unsw,45,stat_13x13_adaptive,11,0.579,0.7065296546224076,11,352,False,0.02725
ton->unsw,45,statico,12,0.632,0.46645133178677367,0,0,False,0.0262
ton->unsw,45,ogni_batch,12,0.632,0.7823533703460173,12,384,False,0.0262
ton->unsw,45,su_innesco,12,0.632,0.46645133178677367,0,0,False,0.0262
ton->unsw,45,oracolo,12,0.632,0.6379951917380997,12,384,False,0.0262
ton->unsw,45,stat_13x13,12,0.632,0.6554327630398902,12,384,False,0.0262
ton->unsw,45,martingala,12,0.632,0.46645133178677367,0,0,False,0.0262
ton->unsw,45,stat_13x13_adaptive,12,0.632,0.6849128174611048,12,384,False,0.0262
ton->unsw,45,statico,13,0.684,0.4335721171324086,0,0,False,0.026
ton->unsw,45,ogni_batch,13,0.684,0.7688875846524644,13,416,False,0.026
ton->unsw,45,su_innesco,13,0.684,0.4335721171324086,0,0,False,0.026
ton->unsw,45,oracolo,13,0.684,0.7209104022274082,13,416,False,0.026
ton->unsw,45,stat_13x13,13,0.684,0.707123402506853,13,416,False,0.026
ton->unsw,45,martingala,13,0.684,0.4335721171324086,0,0,False,0.026
ton->unsw,45,stat_13x13_adaptive,13,0.684,0.6964350427446623,13,416,False,0.026
ton->unsw,45,statico,14,0.737,0.3955257250527602,0,0,False,0.0241
ton->unsw,45,ogni_batch,14,0.737,0.7675558545707902,14,448,False,0.0241
ton->unsw,45,su_innesco,14,0.737,0.3955257250527602,0,0,False,0.0241
ton->unsw,45,oracolo,14,0.737,0.7436947757376635,14,448,False,0.0241
ton->unsw,45,stat_13x13,14,0.737,0.7180362820933761,14,448,False,0.0241
ton->unsw,45,martingala,14,0.737,0.3955257250527602,0,0,False,0.0241
ton->unsw,45,stat_13x13_adaptive,14,0.737,0.6928916867391114,14,448,False,0.0241
ton->unsw,45,statico,15,0.789,0.3613432684634245,0,0,False,0.02565
ton->unsw,45,ogni_batch,15,0.789,0.7544114634711462,15,480,False,0.02565
ton->unsw,45,su_innesco,15,0.789,0.3613432684634245,0,0,False,0.02565
ton->unsw,45,oracolo,15,0.789,0.7514569571947866,15,480,False,0.02565
ton->unsw,45,stat_13x13,15,0.789,0.671809357668813,15,480,False,0.02565
ton->unsw,45,martingala,15,0.789,0.3613432684634245,0,0,False,0.02565
ton->unsw,45,stat_13x13_adaptive,15,0.789,0.626595932925729,15,480,False,0.02565
ton->unsw,45,statico,16,0.842,0.32283781999152017,0,0,False,0.0226
ton->unsw,45,ogni_batch,16,0.842,0.7596538565798527,16,512,False,0.0226
ton->unsw,45,su_innesco,16,0.842,0.32283781999152017,0,0,False,0.0226
ton->unsw,45,oracolo,16,0.842,0.7346755079202897,16,512,False,0.0226
ton->unsw,45,stat_13x13,16,0.842,0.7089863836353401,16,512,False,0.0226
ton->unsw,45,martingala,16,0.842,0.32283781999152017,0,0,False,0.0226
ton->unsw,45,stat_13x13_adaptive,16,0.842,0.6606017891027378,16,512,False,0.0226
ton->unsw,45,statico,17,0.895,0.285328913654451,0,0,False,0.0212
ton->unsw,45,ogni_batch,17,0.895,0.7487907899505655,17,544,False,0.0212
ton->unsw,45,su_innesco,17,0.895,0.285328913654451,0,0,False,0.0212
ton->unsw,45,oracolo,17,0.895,0.7292320707132138,17,544,False,0.0212
ton->unsw,45,stat_13x13,17,0.895,0.6799303427726493,17,544,False,0.0212
ton->unsw,45,martingala,17,0.895,0.285328913654451,0,0,False,0.0212
ton->unsw,45,stat_13x13_adaptive,17,0.895,0.6792506601902321,17,544,False,0.0212
ton->unsw,45,statico,18,0.947,0.25967824877181295,0,0,False,0.02425
ton->unsw,45,ogni_batch,18,0.947,0.7400932296541421,18,576,False,0.02425
ton->unsw,45,su_innesco,18,0.947,0.25967824877181295,0,0,False,0.02425
ton->unsw,45,oracolo,18,0.947,0.7291048564094437,18,576,False,0.02425
ton->unsw,45,stat_13x13,18,0.947,0.7142841763680121,18,576,False,0.02425
ton->unsw,45,martingala,18,0.947,0.25967824877181295,0,0,False,0.02425
ton->unsw,45,stat_13x13_adaptive,18,0.947,0.7065523330271108,18,576,False,0.02425
ton->unsw,45,statico,19,1.0,0.22411183031761955,0,0,False,0.0218
ton->unsw,45,ogni_batch,19,1.0,0.7403905932994751,19,608,False,0.0218
ton->unsw,45,su_innesco,19,1.0,0.22411183031761955,0,0,False,0.0218
ton->unsw,45,oracolo,19,1.0,0.7285198388043135,19,608,False,0.0218
ton->unsw,45,stat_13x13,19,1.0,0.7149944440747249,19,608,False,0.0218
ton->unsw,45,martingala,19,1.0,0.22411183031761955,0,0,False,0.0218
ton->unsw,45,stat_13x13_adaptive,19,1.0,0.7055985707145579,19,608,False,0.0218
ton->unsw,46,statico,0,0.0,0.9699414051025128,0,0,False,0.034
ton->unsw,46,ogni_batch,0,0.0,0.9699414051025128,0,0,False,0.034
ton->unsw,46,su_innesco,0,0.0,0.9699414051025128,0,0,False,0.034
ton->unsw,46,oracolo,0,0.0,0.9699414051025128,0,0,False,0.034
ton->unsw,46,stat_13x13,0,0.0,0.9699414051025128,0,0,False,0.034
ton->unsw,46,martingala,0,0.0,0.9699414051025128,0,0,False,0.034
ton->unsw,46,stat_13x13_adaptive,0,0.0,0.9699414051025128,0,0,False,0.034
ton->unsw,46,statico,1,0.053,0.923351173602367,0,0,False,0.03145
ton->unsw,46,ogni_batch,1,0.053,0.9126291545665521,1,32,False,0.03145
ton->unsw,46,su_innesco,1,0.053,0.923351173602367,0,0,False,0.03145
ton->unsw,46,oracolo,1,0.053,0.9111040025788117,1,32,False,0.03145
ton->unsw,46,stat_13x13,1,0.053,0.9171194977448776,1,32,False,0.03145
ton->unsw,46,martingala,1,0.053,0.923351173602367,0,0,False,0.03145
ton->unsw,46,stat_13x13_adaptive,1,0.053,0.9160061534008719,1,32,False,0.03145
ton->unsw,46,statico,2,0.105,0.8767373391723143,0,0,False,0.0319
ton->unsw,46,ogni_batch,2,0.105,0.869797628405908,2,64,False,0.0319
ton->unsw,46,su_innesco,2,0.105,0.8767373391723143,0,0,False,0.0319
ton->unsw,46,oracolo,2,0.105,0.880469103916721,2,64,False,0.0319
ton->unsw,46,stat_13x13,2,0.105,0.8851442982956663,2,64,False,0.0319
ton->unsw,46,martingala,2,0.105,0.8021311346361062,1,32,False,0.0319
ton->unsw,46,stat_13x13_adaptive,2,0.105,0.8832396000399689,2,64,False,0.0319
ton->unsw,46,statico,3,0.158,0.8290019529126047,0,0,False,0.03085
ton->unsw,46,ogni_batch,3,0.158,0.8201136856951565,3,96,False,0.03085
ton->unsw,46,su_innesco,3,0.158,0.8290019529126047,0,0,False,0.03085
ton->unsw,46,oracolo,3,0.158,0.8333010912912804,3,96,False,0.03085
ton->unsw,46,stat_13x13,3,0.158,0.8331061680916432,3,96,False,0.03085
ton->unsw,46,martingala,3,0.158,0.7605051914785261,1,32,False,0.03085
ton->unsw,46,stat_13x13_adaptive,3,0.158,0.832492005466118,3,96,False,0.03085
ton->unsw,46,statico,4,0.211,0.7866585794697103,0,0,False,0.03045
ton->unsw,46,ogni_batch,4,0.211,0.770333928640887,4,128,False,0.03045
ton->unsw,46,su_innesco,4,0.211,0.7866585794697103,0,0,False,0.03045
ton->unsw,46,oracolo,4,0.211,0.7877279802246402,4,128,False,0.03045
ton->unsw,46,stat_13x13,4,0.211,0.7858167091306908,4,128,False,0.03045
ton->unsw,46,martingala,4,0.211,0.723244622731638,1,32,False,0.03045
ton->unsw,46,stat_13x13_adaptive,4,0.211,0.8050631666659387,4,128,False,0.03045
ton->unsw,46,statico,5,0.263,0.7427648809821302,0,0,False,0.03075
ton->unsw,46,ogni_batch,5,0.263,0.7353077388185707,5,160,False,0.03075
ton->unsw,46,su_innesco,5,0.263,0.7427648809821302,0,0,False,0.03075
ton->unsw,46,oracolo,5,0.263,0.743235038643808,5,160,False,0.03075
ton->unsw,46,stat_13x13,5,0.263,0.7601322316511014,5,160,False,0.03075
ton->unsw,46,martingala,5,0.263,0.6812617666912345,1,32,False,0.03075
ton->unsw,46,stat_13x13_adaptive,5,0.263,0.7508695290304379,5,160,False,0.03075
ton->unsw,46,statico,6,0.316,0.7033231700990221,0,0,False,0.03085
ton->unsw,46,ogni_batch,6,0.316,0.6965762194779184,6,192,False,0.03085
ton->unsw,46,su_innesco,6,0.316,0.7033231700990221,0,0,False,0.03085
ton->unsw,46,oracolo,6,0.316,0.7141759239168468,6,192,False,0.03085
ton->unsw,46,stat_13x13,6,0.316,0.7217154775471204,6,192,False,0.03085
ton->unsw,46,martingala,6,0.316,0.6437248668957385,1,32,False,0.03085
ton->unsw,46,stat_13x13_adaptive,6,0.316,0.7576986611344967,6,192,False,0.03085
ton->unsw,46,statico,7,0.368,0.6629510830996439,0,0,False,0.03085
ton->unsw,46,ogni_batch,7,0.368,0.6834251873423183,7,224,False,0.03085
ton->unsw,46,su_innesco,7,0.368,0.6629510830996439,0,0,False,0.03085
ton->unsw,46,oracolo,7,0.368,0.6973383048998183,7,224,False,0.03085
ton->unsw,46,stat_13x13,7,0.368,0.6977444281877894,7,224,False,0.03085
ton->unsw,46,martingala,7,0.368,0.6130728516986641,1,32,False,0.03085
ton->unsw,46,stat_13x13_adaptive,7,0.368,0.711596387896295,7,224,False,0.03085
ton->unsw,46,statico,8,0.421,0.6242700337959572,0,0,False,0.02885
ton->unsw,46,ogni_batch,8,0.421,0.6320946331150432,8,256,False,0.02885
ton->unsw,46,su_innesco,8,0.421,0.6242700337959572,0,0,False,0.02885
ton->unsw,46,oracolo,8,0.421,0.6662202131727005,8,256,False,0.02885
ton->unsw,46,stat_13x13,8,0.421,0.6337275425459881,8,256,False,0.02885
ton->unsw,46,martingala,8,0.421,0.5773329274288641,1,32,False,0.02885
ton->unsw,46,stat_13x13_adaptive,8,0.421,0.6732031024548208,8,256,False,0.02885
ton->unsw,46,statico,9,0.474,0.5810381820383185,0,0,False,0.02735
ton->unsw,46,ogni_batch,9,0.474,0.6134486435073496,9,288,False,0.02735
ton->unsw,46,su_innesco,9,0.474,0.5810381820383185,0,0,False,0.02735
ton->unsw,46,oracolo,9,0.474,0.6278956821452906,9,288,False,0.02735
ton->unsw,46,stat_13x13,9,0.474,0.6252680778542028,9,288,False,0.02735
ton->unsw,46,martingala,9,0.474,0.5394706684403889,1,32,False,0.02735
ton->unsw,46,stat_13x13_adaptive,9,0.474,0.6263401494232429,9,288,False,0.02735
ton->unsw,46,statico,10,0.526,0.5443159933989762,0,0,False,0.026
ton->unsw,46,ogni_batch,10,0.526,0.5803271272687192,10,320,False,0.026
ton->unsw,46,su_innesco,10,0.526,0.5443159933989762,0,0,False,0.026
ton->unsw,46,oracolo,10,0.526,0.5924219879001641,10,320,False,0.026
ton->unsw,46,stat_13x13,10,0.526,0.5830971997697603,10,320,False,0.026
ton->unsw,46,martingala,10,0.526,0.5064584634555563,1,32,False,0.026
ton->unsw,46,stat_13x13_adaptive,10,0.526,0.5927928362358243,10,320,False,0.026
ton->unsw,46,statico,11,0.579,0.5071494226993731,0,0,False,0.02555
ton->unsw,46,ogni_batch,11,0.579,0.6281483926968633,11,352,False,0.02555
ton->unsw,46,su_innesco,11,0.579,0.5071494226993731,0,0,False,0.02555
ton->unsw,46,oracolo,11,0.579,0.5650698302330361,11,352,False,0.02555
ton->unsw,46,stat_13x13,11,0.579,0.6197690816063796,11,352,False,0.02555
ton->unsw,46,martingala,11,0.579,0.4711699988853701,1,32,False,0.02555
ton->unsw,46,stat_13x13_adaptive,11,0.579,0.5275610316154326,11,352,False,0.02555
ton->unsw,46,statico,12,0.632,0.47062495144976735,0,0,False,0.0266
ton->unsw,46,ogni_batch,12,0.632,0.6049734536968971,12,384,False,0.0266
ton->unsw,46,su_innesco,12,0.632,0.47062495144976735,0,0,False,0.0266
ton->unsw,46,oracolo,12,0.632,0.5726635148880953,12,384,False,0.0266
ton->unsw,46,stat_13x13,12,0.632,0.5970142685805299,12,384,False,0.0266
ton->unsw,46,martingala,12,0.632,0.4418290165022126,1,32,False,0.0266
ton->unsw,46,stat_13x13_adaptive,12,0.632,0.6075636487811436,12,384,False,0.0266
ton->unsw,46,statico,13,0.684,0.43390129007290446,0,0,False,0.02435
ton->unsw,46,ogni_batch,13,0.684,0.5877388872405975,13,416,False,0.02435
ton->unsw,46,su_innesco,13,0.684,0.43390129007290446,0,0,False,0.02435
ton->unsw,46,oracolo,13,0.684,0.5500262233719435,13,416,False,0.02435
ton->unsw,46,stat_13x13,13,0.684,0.5864116546572946,13,416,False,0.02435
ton->unsw,46,martingala,13,0.684,0.4048371290041828,1,32,False,0.02435
ton->unsw,46,stat_13x13_adaptive,13,0.684,0.588896088357682,13,416,False,0.02435
ton->unsw,46,statico,14,0.737,0.39772187473168874,0,0,False,0.0258
ton->unsw,46,ogni_batch,14,0.737,0.6722579772321442,14,448,False,0.0258
ton->unsw,46,su_innesco,14,0.737,0.39772187473168874,0,0,False,0.0258
ton->unsw,46,oracolo,14,0.737,0.5541761079581495,14,448,False,0.0258
ton->unsw,46,stat_13x13,14,0.737,0.5827567423096933,14,448,False,0.0258
ton->unsw,46,martingala,14,0.737,0.37445259693486926,1,32,False,0.0258
ton->unsw,46,stat_13x13_adaptive,14,0.737,0.6019340598819827,14,448,False,0.0258
ton->unsw,46,statico,15,0.789,0.3626275777739101,0,0,False,0.02685
ton->unsw,46,ogni_batch,15,0.789,0.6586854412952574,15,480,False,0.02685
ton->unsw,46,su_innesco,15,0.789,0.3626275777739101,0,0,False,0.02685
ton->unsw,46,oracolo,15,0.789,0.7036142387283056,15,480,False,0.02685
ton->unsw,46,stat_13x13,15,0.789,0.6286258417790155,15,480,False,0.02685
ton->unsw,46,martingala,15,0.789,0.3400781643973777,1,32,False,0.02685
ton->unsw,46,stat_13x13_adaptive,15,0.789,0.6351646071251656,15,480,False,0.02685
ton->unsw,46,statico,16,0.842,0.3272064820996727,0,0,False,0.0244
ton->unsw,46,ogni_batch,16,0.842,0.6648792055831612,16,512,False,0.0244
ton->unsw,46,su_innesco,16,0.842,0.3272064820996727,0,0,False,0.0244
ton->unsw,46,oracolo,16,0.842,0.7124614102584177,16,512,False,0.0244
ton->unsw,46,stat_13x13,16,0.842,0.5816705513461305,16,512,False,0.0244
ton->unsw,46,martingala,16,0.842,0.30624520492894164,1,32,False,0.0244
ton->unsw,46,stat_13x13_adaptive,16,0.842,0.5650960267693826,16,512,False,0.0244
ton->unsw,46,statico,17,0.895,0.2915458822953859,0,0,False,0.02515
ton->unsw,46,ogni_batch,17,0.895,0.6850549412714471,17,544,False,0.02515
ton->unsw,46,su_innesco,17,0.895,0.2915458822953859,0,0,False,0.02515
ton->unsw,46,oracolo,17,0.895,0.7026685776101315,17,544,False,0.02515
ton->unsw,46,stat_13x13,17,0.895,0.6386547492021744,17,544,False,0.02515
ton->unsw,46,martingala,17,0.895,0.27447881952756387,1,32,False,0.02515
ton->unsw,46,stat_13x13_adaptive,17,0.895,0.5645599957595095,17,544,False,0.02515
ton->unsw,46,statico,18,0.947,0.25250961643768555,0,0,False,0.02285
ton->unsw,46,ogni_batch,18,0.947,0.7279379163544972,18,576,False,0.02285
ton->unsw,46,su_innesco,18,0.947,0.25250961643768555,0,0,False,0.02285
ton->unsw,46,oracolo,18,0.947,0.6986437824329389,18,576,False,0.02285
ton->unsw,46,stat_13x13,18,0.947,0.567407701969495,18,576,False,0.02285
ton->unsw,46,martingala,18,0.947,0.24089121117084533,1,32,False,0.02285
ton->unsw,46,stat_13x13_adaptive,18,0.947,0.6114513609753724,18,576,False,0.02285
ton->unsw,46,statico,19,1.0,0.22177486350161546,0,0,False,0.0233
ton->unsw,46,ogni_batch,19,1.0,0.7501574294004685,19,608,False,0.0233
ton->unsw,46,su_innesco,19,1.0,0.22177486350161546,0,0,False,0.0233
ton->unsw,46,oracolo,19,1.0,0.7232759937223199,19,608,False,0.0233
ton->unsw,46,stat_13x13,19,1.0,0.6827813827142843,19,608,False,0.0233
ton->unsw,46,martingala,19,1.0,0.21201413236200423,1,32,False,0.0233
ton->unsw,46,stat_13x13_adaptive,19,1.0,0.6435122515491118,19,608,False,0.0233
ton->unsw,47,statico,0,0.0,0.9698499484910408,0,0,False,0.0307
ton->unsw,47,ogni_batch,0,0.0,0.9698499484910408,0,0,False,0.0307
ton->unsw,47,su_innesco,0,0.0,0.9698499484910408,0,0,False,0.0307
ton->unsw,47,oracolo,0,0.0,0.9698499484910408,0,0,False,0.0307
ton->unsw,47,stat_13x13,0,0.0,0.9698499484910408,0,0,False,0.0307
ton->unsw,47,martingala,0,0.0,0.9698499484910408,0,0,False,0.0307
ton->unsw,47,stat_13x13_adaptive,0,0.0,0.9698499484910408,0,0,False,0.0307
ton->unsw,47,statico,1,0.053,0.9225744445454576,0,0,False,0.03375
ton->unsw,47,ogni_batch,1,0.053,0.907745444862176,1,32,False,0.03375
ton->unsw,47,su_innesco,1,0.053,0.9225744445454576,0,0,False,0.03375
ton->unsw,47,oracolo,1,0.053,0.9116653375671435,1,32,False,0.03375
ton->unsw,47,stat_13x13,1,0.053,0.9210310321329502,1,32,False,0.03375
ton->unsw,47,martingala,1,0.053,0.9225744445454576,0,0,False,0.03375
ton->unsw,47,stat_13x13_adaptive,1,0.053,0.8473042446773538,1,32,False,0.03375
ton->unsw,47,statico,2,0.105,0.8763943426138452,0,0,False,0.03365
ton->unsw,47,ogni_batch,2,0.105,0.8749793717448469,2,64,False,0.03365
ton->unsw,47,su_innesco,2,0.105,0.8763943426138452,0,0,False,0.03365
ton->unsw,47,oracolo,2,0.105,0.879911989448133,2,64,False,0.03365
ton->unsw,47,stat_13x13,2,0.105,0.8812740437140009,2,64,False,0.03365
ton->unsw,47,martingala,2,0.105,0.8763943426138452,0,0,False,0.03365
ton->unsw,47,stat_13x13_adaptive,2,0.105,0.8763253896785899,2,64,False,0.03365
ton->unsw,47,statico,3,0.158,0.8298187265709974,0,0,False,0.03555
ton->unsw,47,ogni_batch,3,0.158,0.841444979869681,3,96,False,0.03555
ton->unsw,47,su_innesco,3,0.158,0.8298187265709974,0,0,False,0.03555
ton->unsw,47,oracolo,3,0.158,0.8332999596927666,3,96,False,0.03555
ton->unsw,47,stat_13x13,3,0.158,0.830149940704705,3,96,False,0.03555
ton->unsw,47,martingala,3,0.158,0.8298187265709974,0,0,False,0.03555
ton->unsw,47,stat_13x13_adaptive,3,0.158,0.8219608869694134,3,96,False,0.03555
ton->unsw,47,statico,4,0.211,0.7868516023268215,0,0,False,0.0334
ton->unsw,47,ogni_batch,4,0.211,0.8041458769618357,4,128,False,0.0334
ton->unsw,47,su_innesco,4,0.211,0.7868516023268215,0,0,False,0.0334
ton->unsw,47,oracolo,4,0.211,0.8169062306570218,4,128,False,0.0334
ton->unsw,47,stat_13x13,4,0.211,0.8127348201299043,4,128,False,0.0334
ton->unsw,47,martingala,4,0.211,0.7868516023268215,0,0,False,0.0334
ton->unsw,47,stat_13x13_adaptive,4,0.211,0.812525103044066,4,128,False,0.0334
ton->unsw,47,statico,5,0.263,0.7469247427131638,0,0,False,0.0345
ton->unsw,47,ogni_batch,5,0.263,0.7737931630237007,5,160,False,0.0345
ton->unsw,47,su_innesco,5,0.263,0.7469247427131638,0,0,False,0.0345
ton->unsw,47,oracolo,5,0.263,0.7900317594232774,5,160,False,0.0345
ton->unsw,47,stat_13x13,5,0.263,0.7787502328762061,5,160,False,0.0345
ton->unsw,47,martingala,5,0.263,0.7469247427131638,0,0,False,0.0345
ton->unsw,47,stat_13x13_adaptive,5,0.263,0.7817073573423032,5,160,False,0.0345
ton->unsw,47,statico,6,0.316,0.7024186621635973,0,0,False,0.03465
ton->unsw,47,ogni_batch,6,0.316,0.7434647004561465,6,192,False,0.03465
ton->unsw,47,su_innesco,6,0.316,0.7024186621635973,0,0,False,0.03465
ton->unsw,47,oracolo,6,0.316,0.7524009206149767,6,192,False,0.03465
ton->unsw,47,stat_13x13,6,0.316,0.7894131147932357,6,192,False,0.03465
ton->unsw,47,martingala,6,0.316,0.7024186621635973,0,0,False,0.03465
ton->unsw,47,stat_13x13_adaptive,6,0.316,0.7477624743471165,6,192,False,0.03465
ton->unsw,47,statico,7,0.368,0.6659037604917544,0,0,False,0.0351
ton->unsw,47,ogni_batch,7,0.368,0.7112986780336251,7,224,False,0.0351
ton->unsw,47,su_innesco,7,0.368,0.6659037604917544,0,0,False,0.0351
ton->unsw,47,oracolo,7,0.368,0.7362323155035528,7,224,False,0.0351
ton->unsw,47,stat_13x13,7,0.368,0.6826007792008197,7,224,False,0.0351
ton->unsw,47,martingala,7,0.368,0.6659037604917544,0,0,False,0.0351
ton->unsw,47,stat_13x13_adaptive,7,0.368,0.719192305972589,7,224,False,0.0351
ton->unsw,47,statico,8,0.421,0.6194931837970933,0,0,False,0.0364
ton->unsw,47,ogni_batch,8,0.421,0.6570049260909676,8,256,False,0.0364
ton->unsw,47,su_innesco,8,0.421,0.6194931837970933,0,0,False,0.0364
ton->unsw,47,oracolo,8,0.421,0.6965119462119895,8,256,False,0.0364
ton->unsw,47,stat_13x13,8,0.421,0.6713248098037914,8,256,False,0.0364
ton->unsw,47,martingala,8,0.421,0.6194931837970933,0,0,False,0.0364
ton->unsw,47,stat_13x13_adaptive,8,0.421,0.7287874062708493,8,256,False,0.0364
ton->unsw,47,statico,9,0.474,0.5815549993887346,0,0,False,0.0352
ton->unsw,47,ogni_batch,9,0.474,0.6241931969299831,9,288,False,0.0352
ton->unsw,47,su_innesco,9,0.474,0.5815549993887346,0,0,False,0.0352
ton->unsw,47,oracolo,9,0.474,0.6604250640931946,9,288,False,0.0352
ton->unsw,47,stat_13x13,9,0.474,0.6610637392882839,9,288,False,0.0352
ton->unsw,47,martingala,9,0.474,0.5815549993887346,0,0,False,0.0352
ton->unsw,47,stat_13x13_adaptive,9,0.474,0.6999743836457064,9,288,False,0.0352
ton->unsw,47,statico,10,0.526,0.5474807105016186,0,0,False,0.03755
ton->unsw,47,ogni_batch,10,0.526,0.5955341257516332,10,320,False,0.03755
ton->unsw,47,su_innesco,10,0.526,0.5474807105016186,0,0,False,0.03755
ton->unsw,47,oracolo,10,0.526,0.6769836314391311,10,320,False,0.03755
ton->unsw,47,stat_13x13,10,0.526,0.6977090472638565,10,320,False,0.03755
ton->unsw,47,martingala,10,0.526,0.5474807105016186,0,0,False,0.03755
ton->unsw,47,stat_13x13_adaptive,10,0.526,0.6796178822209519,10,320,False,0.03755
ton->unsw,47,statico,11,0.579,0.5061619563564481,0,0,False,0.0376
ton->unsw,47,ogni_batch,11,0.579,0.5658797735408665,11,352,False,0.0376
ton->unsw,47,su_innesco,11,0.579,0.5061619563564481,0,0,False,0.0376
ton->unsw,47,oracolo,11,0.579,0.6600568410336866,11,352,False,0.0376
ton->unsw,47,stat_13x13,11,0.579,0.6837353001993818,11,352,False,0.0376
ton->unsw,47,martingala,11,0.579,0.5061619563564481,0,0,False,0.0376
ton->unsw,47,stat_13x13_adaptive,11,0.579,0.6876419780414342,11,352,False,0.0376
ton->unsw,47,statico,12,0.632,0.47088303546930443,0,0,False,0.0361
ton->unsw,47,ogni_batch,12,0.632,0.6719702042961248,12,384,False,0.0361
ton->unsw,47,su_innesco,12,0.632,0.47088303546930443,0,0,False,0.0361
ton->unsw,47,oracolo,12,0.632,0.6299983490752497,12,384,False,0.0361
ton->unsw,47,stat_13x13,12,0.632,0.6576392473643335,12,384,False,0.0361
ton->unsw,47,martingala,12,0.632,0.47088303546930443,0,0,False,0.0361
ton->unsw,47,stat_13x13_adaptive,12,0.632,0.6574310215736335,12,384,False,0.0361
ton->unsw,47,statico,13,0.684,0.4303425853973484,0,0,False,0.0398
ton->unsw,47,ogni_batch,13,0.684,0.7481289754210987,13,416,False,0.0398
ton->unsw,47,su_innesco,13,0.684,0.4303425853973484,0,0,False,0.0398
ton->unsw,47,oracolo,13,0.684,0.6232169672769565,13,416,False,0.0398
ton->unsw,47,stat_13x13,13,0.684,0.6893574165377381,13,416,False,0.0398
ton->unsw,47,martingala,13,0.684,0.4303425853973484,0,0,False,0.0398
ton->unsw,47,stat_13x13_adaptive,13,0.684,0.6880121314033203,13,416,False,0.0398
ton->unsw,47,statico,14,0.737,0.40271550132605505,0,0,False,0.0384
ton->unsw,47,ogni_batch,14,0.737,0.7436748284185973,14,448,False,0.0384
ton->unsw,47,su_innesco,14,0.737,0.40271550132605505,0,0,False,0.0384
ton->unsw,47,oracolo,14,0.737,0.6050929906920164,14,448,False,0.0384
ton->unsw,47,stat_13x13,14,0.737,0.6956715695073546,14,448,False,0.0384
ton->unsw,47,martingala,14,0.737,0.40271550132605505,0,0,False,0.0384
ton->unsw,47,stat_13x13_adaptive,14,0.737,0.6897059341737513,14,448,False,0.0384
ton->unsw,47,statico,15,0.789,0.35857833543615136,0,0,False,0.03785
ton->unsw,47,ogni_batch,15,0.789,0.7424638814351228,15,480,False,0.03785
ton->unsw,47,su_innesco,15,0.789,0.35857833543615136,0,0,False,0.03785
ton->unsw,47,oracolo,15,0.789,0.6893201673547256,15,480,False,0.03785
ton->unsw,47,stat_13x13,15,0.789,0.711889713999315,15,480,False,0.03785
ton->unsw,47,martingala,15,0.789,0.35857833543615136,0,0,False,0.03785
ton->unsw,47,stat_13x13_adaptive,15,0.789,0.7131286200082878,15,480,False,0.03785
ton->unsw,47,statico,16,0.842,0.3197465922196878,0,0,False,0.0391
ton->unsw,47,ogni_batch,16,0.842,0.7471467759925241,16,512,False,0.0391
ton->unsw,47,su_innesco,16,0.842,0.3197465922196878,0,0,False,0.0391
ton->unsw,47,oracolo,16,0.842,0.73104315088911,16,512,False,0.0391
ton->unsw,47,stat_13x13,16,0.842,0.6289505856503114,16,512,False,0.0391
ton->unsw,47,martingala,16,0.842,0.3197465922196878,0,0,False,0.0391
ton->unsw,47,stat_13x13_adaptive,16,0.842,0.6399068407931037,16,512,False,0.0391
ton->unsw,47,statico,17,0.895,0.2886229217522255,0,0,False,0.0403
ton->unsw,47,ogni_batch,17,0.895,0.7396776266324852,17,544,False,0.0403
ton->unsw,47,su_innesco,17,0.895,0.2886229217522255,0,0,False,0.0403
ton->unsw,47,oracolo,17,0.895,0.7291488499598675,17,544,False,0.0403
ton->unsw,47,stat_13x13,17,0.895,0.6214407160466839,17,544,False,0.0403
ton->unsw,47,martingala,17,0.895,0.2886229217522255,0,0,False,0.0403
ton->unsw,47,stat_13x13_adaptive,17,0.895,0.6337837330568776,17,544,False,0.0403
ton->unsw,47,statico,18,0.947,0.2532696172858011,0,0,False,0.039
ton->unsw,47,ogni_batch,18,0.947,0.7400554436512023,18,576,False,0.039
ton->unsw,47,su_innesco,18,0.947,0.2532696172858011,0,0,False,0.039
ton->unsw,47,oracolo,18,0.947,0.7283122168928486,18,576,False,0.039
ton->unsw,47,stat_13x13,18,0.947,0.689878138448387,18,576,False,0.039
ton->unsw,47,martingala,18,0.947,0.2532696172858011,0,0,False,0.039
ton->unsw,47,stat_13x13_adaptive,18,0.947,0.6846615869997009,18,576,False,0.039
ton->unsw,47,statico,19,1.0,0.21880860416422823,0,0,False,0.0403
ton->unsw,47,ogni_batch,19,1.0,0.7452929178642183,19,608,False,0.0403
ton->unsw,47,su_innesco,19,1.0,0.21880860416422823,0,0,False,0.0403
ton->unsw,47,oracolo,19,1.0,0.72669987298367,19,608,False,0.0403
ton->unsw,47,stat_13x13,19,1.0,0.7354186987111961,19,608,False,0.0403
ton->unsw,47,martingala,19,1.0,0.21880860416422823,0,0,False,0.0403
ton->unsw,47,stat_13x13_adaptive,19,1.0,0.722938477277949,19,608,False,0.0403
ton->unsw,48,statico,0,0.0,0.9695541554329714,0,0,False,0.03
ton->unsw,48,ogni_batch,0,0.0,0.9695541554329714,0,0,False,0.03
ton->unsw,48,su_innesco,0,0.0,0.9695541554329714,0,0,False,0.03
ton->unsw,48,oracolo,0,0.0,0.9695541554329714,0,0,False,0.03
ton->unsw,48,stat_13x13,0,0.0,0.9695541554329714,0,0,False,0.03
ton->unsw,48,martingala,0,0.0,0.9695541554329714,0,0,False,0.03
ton->unsw,48,stat_13x13_adaptive,0,0.0,0.9695541554329714,0,0,False,0.03
ton->unsw,48,statico,1,0.053,0.9246795287687442,0,0,False,0.02835
ton->unsw,48,ogni_batch,1,0.053,0.5427744257251121,1,32,False,0.02835
ton->unsw,48,su_innesco,1,0.053,0.9246795287687442,0,0,False,0.02835
ton->unsw,48,oracolo,1,0.053,0.9124334075468645,1,32,False,0.02835
ton->unsw,48,stat_13x13,1,0.053,0.569201371882912,1,32,False,0.02835
ton->unsw,48,martingala,1,0.053,0.9246795287687442,0,0,False,0.02835
ton->unsw,48,stat_13x13_adaptive,1,0.053,0.567822696490868,1,32,False,0.02835
ton->unsw,48,statico,2,0.105,0.8782124838461347,0,0,False,0.0286
ton->unsw,48,ogni_batch,2,0.105,0.878066997734061,2,64,False,0.0286
ton->unsw,48,su_innesco,2,0.105,0.8782124838461347,0,0,False,0.0286
ton->unsw,48,oracolo,2,0.105,0.869530862203855,2,64,False,0.0286
ton->unsw,48,stat_13x13,2,0.105,0.7324480248105715,2,64,False,0.0286
ton->unsw,48,martingala,2,0.105,0.8782124838461347,0,0,False,0.0286
ton->unsw,48,stat_13x13_adaptive,2,0.105,0.8339465146860111,2,64,False,0.0286
ton->unsw,48,statico,3,0.158,0.8310357266718741,0,0,False,0.0293
ton->unsw,48,ogni_batch,3,0.158,0.84309379791659,3,96,False,0.0293
ton->unsw,48,su_innesco,3,0.158,0.8310357266718741,0,0,False,0.0293
ton->unsw,48,oracolo,3,0.158,0.8238824336884785,3,96,False,0.0293
ton->unsw,48,stat_13x13,3,0.158,0.5706446514513863,3,96,False,0.0293
ton->unsw,48,martingala,3,0.158,0.7486669330618678,1,32,False,0.0293
ton->unsw,48,stat_13x13_adaptive,3,0.158,0.8182810693793262,3,96,False,0.0293
ton->unsw,48,statico,4,0.211,0.7815867131536152,0,0,False,0.0286
ton->unsw,48,ogni_batch,4,0.211,0.7745021228581795,4,128,False,0.0286
ton->unsw,48,su_innesco,4,0.211,0.7815867131536152,0,0,False,0.0286
ton->unsw,48,oracolo,4,0.211,0.7827048449169869,4,128,False,0.0286
ton->unsw,48,stat_13x13,4,0.211,0.7237141974669214,4,128,False,0.0286
ton->unsw,48,martingala,4,0.211,0.7265336079791764,1,32,False,0.0286
ton->unsw,48,stat_13x13_adaptive,4,0.211,0.7361971435942516,4,128,False,0.0286
ton->unsw,48,statico,5,0.263,0.7444363997825765,0,0,False,0.0288
ton->unsw,48,ogni_batch,5,0.263,0.7390459546260906,5,160,False,0.0288
ton->unsw,48,su_innesco,5,0.263,0.7444363997825765,0,0,False,0.0288
ton->unsw,48,oracolo,5,0.263,0.7506992930747758,5,160,False,0.0288
ton->unsw,48,stat_13x13,5,0.263,0.7122426573198855,5,160,False,0.0288
ton->unsw,48,martingala,5,0.263,0.6995270130311246,1,32,False,0.0288
ton->unsw,48,stat_13x13_adaptive,5,0.263,0.7092414083962553,5,160,False,0.0288
ton->unsw,48,statico,6,0.316,0.7020736513927621,0,0,False,0.0295
ton->unsw,48,ogni_batch,6,0.316,0.6972535272751179,6,192,False,0.0295
ton->unsw,48,su_innesco,6,0.316,0.7020736513927621,0,0,False,0.0295
ton->unsw,48,oracolo,6,0.316,0.7146701241157736,6,192,False,0.0295
ton->unsw,48,stat_13x13,6,0.316,0.6535672857933332,6,192,False,0.0295
ton->unsw,48,martingala,6,0.316,0.6812169894625544,1,32,False,0.0295
ton->unsw,48,stat_13x13_adaptive,6,0.316,0.7407335923152867,6,192,False,0.0295
ton->unsw,48,statico,7,0.368,0.6644630723961753,0,0,False,0.0276
ton->unsw,48,ogni_batch,7,0.368,0.6830783887878191,7,224,False,0.0276
ton->unsw,48,su_innesco,7,0.368,0.6644630723961753,0,0,False,0.0276
ton->unsw,48,oracolo,7,0.368,0.6757189104093603,7,224,False,0.0276
ton->unsw,48,stat_13x13,7,0.368,0.6461363681810633,7,224,False,0.0276
ton->unsw,48,martingala,7,0.368,0.6533106591233508,1,32,False,0.0276
ton->unsw,48,stat_13x13_adaptive,7,0.368,0.7108135426948328,7,224,False,0.0276
ton->unsw,48,statico,8,0.421,0.6261284727147813,0,0,False,0.02535
ton->unsw,48,ogni_batch,8,0.421,0.6576474691177234,8,256,False,0.02535
ton->unsw,48,su_innesco,8,0.421,0.6261284727147813,0,0,False,0.02535
ton->unsw,48,oracolo,8,0.421,0.6437271716263039,8,256,False,0.02535
ton->unsw,48,stat_13x13,8,0.421,0.6226798918161877,8,256,False,0.02535
ton->unsw,48,martingala,8,0.421,0.631003892896532,1,32,False,0.02535
ton->unsw,48,stat_13x13_adaptive,8,0.421,0.7102509797713807,8,256,False,0.02535
ton->unsw,48,statico,9,0.474,0.5877429650995087,0,0,False,0.027
ton->unsw,48,ogni_batch,9,0.474,0.6258751010982442,9,288,False,0.027
ton->unsw,48,su_innesco,9,0.474,0.5877429650995087,0,0,False,0.027
ton->unsw,48,oracolo,9,0.474,0.6052758232087192,9,288,False,0.027
ton->unsw,48,stat_13x13,9,0.474,0.6284205950525742,9,288,False,0.027
ton->unsw,48,martingala,9,0.474,0.6125783440373653,1,32,False,0.027
ton->unsw,48,stat_13x13_adaptive,9,0.474,0.7089433391830022,9,288,False,0.027
ton->unsw,48,statico,10,0.526,0.5458325848618235,0,0,False,0.02685
ton->unsw,48,ogni_batch,10,0.526,0.6072542106161714,10,320,False,0.02685
ton->unsw,48,su_innesco,10,0.526,0.5458325848618235,0,0,False,0.02685
ton->unsw,48,oracolo,10,0.526,0.5584379337732615,10,320,False,0.02685
ton->unsw,48,stat_13x13,10,0.526,0.6003799018698179,10,320,False,0.02685
ton->unsw,48,martingala,10,0.526,0.589629525159777,2,64,False,0.02685
ton->unsw,48,stat_13x13_adaptive,10,0.526,0.6067346105597577,10,320,False,0.02685
ton->unsw,48,statico,11,0.579,0.5038592745786746,0,0,False,0.0276
ton->unsw,48,ogni_batch,11,0.579,0.5932172154978947,11,352,False,0.0276
ton->unsw,48,su_innesco,11,0.579,0.5038592745786746,0,0,False,0.0276
ton->unsw,48,oracolo,11,0.579,0.5347026852507712,11,352,False,0.0276
ton->unsw,48,stat_13x13,11,0.579,0.6588512620398281,11,352,False,0.0276
ton->unsw,48,martingala,11,0.579,0.565457255604367,2,64,False,0.0276
ton->unsw,48,stat_13x13_adaptive,11,0.579,0.5961870498908917,11,352,False,0.0276
ton->unsw,48,statico,12,0.632,0.4689817452073257,0,0,False,0.0251
ton->unsw,48,ogni_batch,12,0.632,0.6129227000218522,12,384,False,0.0251
ton->unsw,48,su_innesco,12,0.632,0.4689817452073257,0,0,False,0.0251
ton->unsw,48,oracolo,12,0.632,0.5768356106358318,12,384,False,0.0251
ton->unsw,48,stat_13x13,12,0.632,0.5726009993610436,12,384,False,0.0251
ton->unsw,48,martingala,12,0.632,0.5469776731848239,2,64,False,0.0251
ton->unsw,48,stat_13x13_adaptive,12,0.632,0.5621563103317618,12,384,False,0.0251
ton->unsw,48,statico,13,0.684,0.42834865952958906,0,0,False,0.02715
ton->unsw,48,ogni_batch,13,0.684,0.6213906500443935,13,416,False,0.02715
ton->unsw,48,su_innesco,13,0.684,0.42834865952958906,0,0,False,0.02715
ton->unsw,48,oracolo,13,0.684,0.6685089949442432,13,416,False,0.02715
ton->unsw,48,stat_13x13,13,0.684,0.6040700487638159,13,416,False,0.02715
ton->unsw,48,martingala,13,0.684,0.5172549227579514,2,64,False,0.02715
ton->unsw,48,stat_13x13_adaptive,13,0.684,0.6098199472269246,13,416,False,0.02715
ton->unsw,48,statico,14,0.737,0.3953907310448091,0,0,False,0.0243
ton->unsw,48,ogni_batch,14,0.737,0.5674316618286032,14,448,False,0.0243
ton->unsw,48,su_innesco,14,0.737,0.3953907310448091,0,0,False,0.0243
ton->unsw,48,oracolo,14,0.737,0.6960485956014395,14,448,False,0.0243
ton->unsw,48,stat_13x13,14,0.737,0.625423677508068,14,448,False,0.0243
ton->unsw,48,martingala,14,0.737,0.5012248608113741,2,64,False,0.0243
ton->unsw,48,stat_13x13_adaptive,14,0.737,0.6010284892635884,14,448,False,0.0243
ton->unsw,48,statico,15,0.789,0.36448811782068147,0,0,False,0.02515
ton->unsw,48,ogni_batch,15,0.789,0.701076100452023,15,480,False,0.02515
ton->unsw,48,su_innesco,15,0.789,0.36448811782068147,0,0,False,0.02515
ton->unsw,48,oracolo,15,0.789,0.6990193131110858,15,480,False,0.02515
ton->unsw,48,stat_13x13,15,0.789,0.6009954828938268,15,480,False,0.02515
ton->unsw,48,martingala,15,0.789,0.4757387137412369,2,64,False,0.02515
ton->unsw,48,stat_13x13_adaptive,15,0.789,0.6002419391680882,15,480,False,0.02515
ton->unsw,48,statico,16,0.842,0.3298836412261333,0,0,False,0.0269
ton->unsw,48,ogni_batch,16,0.842,0.7140390783682782,16,512,False,0.0269
ton->unsw,48,su_innesco,16,0.842,0.3298836412261333,0,0,False,0.0269
ton->unsw,48,oracolo,16,0.842,0.6945528713881532,16,512,False,0.0269
ton->unsw,48,stat_13x13,16,0.842,0.6183319088747041,16,512,False,0.0269
ton->unsw,48,martingala,16,0.842,0.45592729153546346,2,64,False,0.0269
ton->unsw,48,stat_13x13_adaptive,16,0.842,0.6208752184807287,16,512,False,0.0269
ton->unsw,48,statico,17,0.895,0.29290484791155375,0,0,False,0.02335
ton->unsw,48,ogni_batch,17,0.895,0.7153048142536044,17,544,False,0.02335
ton->unsw,48,su_innesco,17,0.895,0.29290484791155375,0,0,False,0.02335
ton->unsw,48,oracolo,17,0.895,0.7052705931368166,17,544,False,0.02335
ton->unsw,48,stat_13x13,17,0.895,0.6314467092815759,17,544,False,0.02335
ton->unsw,48,martingala,17,0.895,0.43274790341225294,2,64,False,0.02335
ton->unsw,48,stat_13x13_adaptive,17,0.895,0.6242855446372702,17,544,False,0.02335
ton->unsw,48,statico,18,0.947,0.2554011454215347,0,0,False,0.02315
ton->unsw,48,ogni_batch,18,0.947,0.7286871400642813,18,576,False,0.02315
ton->unsw,48,su_innesco,18,0.947,0.2554011454215347,0,0,False,0.02315
ton->unsw,48,oracolo,18,0.947,0.7233194893600989,18,576,False,0.02315
ton->unsw,48,stat_13x13,18,0.947,0.6178813863793788,18,576,False,0.02315
ton->unsw,48,martingala,18,0.947,0.4131982692434596,2,64,False,0.02315
ton->unsw,48,stat_13x13_adaptive,18,0.947,0.6306884703244235,18,576,False,0.02315
ton->unsw,48,statico,19,1.0,0.2249445812535471,0,0,False,0.02535
ton->unsw,48,ogni_batch,19,1.0,0.7311749825483894,19,608,False,0.02535
ton->unsw,48,su_innesco,19,1.0,0.2249445812535471,0,0,False,0.02535
ton->unsw,48,oracolo,19,1.0,0.7442604820591048,19,608,False,0.02535
ton->unsw,48,stat_13x13,19,1.0,0.6192963281075375,19,608,False,0.02535
ton->unsw,48,martingala,19,1.0,0.39151144986408615,2,64,False,0.02535
ton->unsw,48,stat_13x13_adaptive,19,1.0,0.6351096971209846,19,608,False,0.02535
ton->unsw,49,statico,0,0.0,0.9724936891654645,0,0,False,0.0336
ton->unsw,49,ogni_batch,0,0.0,0.9724936891654645,0,0,False,0.0336
ton->unsw,49,su_innesco,0,0.0,0.9724936891654645,0,0,False,0.0336
ton->unsw,49,oracolo,0,0.0,0.9724936891654645,0,0,False,0.0336
ton->unsw,49,stat_13x13,0,0.0,0.9724936891654645,0,0,False,0.0336
ton->unsw,49,martingala,0,0.0,0.9724936891654645,0,0,False,0.0336
ton->unsw,49,stat_13x13_adaptive,0,0.0,0.9724936891654645,0,0,False,0.0336
ton->unsw,49,statico,1,0.053,0.9233057781308047,0,0,False,0.03275
ton->unsw,49,ogni_batch,1,0.053,0.9051119745711474,1,32,False,0.03275
ton->unsw,49,su_innesco,1,0.053,0.9233057781308047,0,0,False,0.03275
ton->unsw,49,oracolo,1,0.053,0.9070097214317787,1,32,False,0.03275
ton->unsw,49,stat_13x13,1,0.053,0.9066601293006382,1,32,False,0.03275
ton->unsw,49,martingala,1,0.053,0.9233057781308047,0,0,False,0.03275
ton->unsw,49,stat_13x13_adaptive,1,0.053,0.9067831655318399,1,32,False,0.03275
ton->unsw,49,statico,2,0.105,0.8766905223692016,0,0,False,0.03095
ton->unsw,49,ogni_batch,2,0.105,0.833857920184566,2,64,False,0.03095
ton->unsw,49,su_innesco,2,0.105,0.8766905223692016,0,0,False,0.03095
ton->unsw,49,oracolo,2,0.105,0.8714287644840739,2,64,False,0.03095
ton->unsw,49,stat_13x13,2,0.105,0.6705576758102353,2,64,False,0.03095
ton->unsw,49,martingala,2,0.105,0.8766905223692016,0,0,False,0.03095
ton->unsw,49,stat_13x13_adaptive,2,0.105,0.8362423554828551,2,64,False,0.03095
ton->unsw,49,statico,3,0.158,0.8303157689855761,0,0,False,0.03045
ton->unsw,49,ogni_batch,3,0.158,0.7904486810875606,3,96,False,0.03045
ton->unsw,49,su_innesco,3,0.158,0.8303157689855761,0,0,False,0.03045
ton->unsw,49,oracolo,3,0.158,0.8305276340192644,3,96,False,0.03045
ton->unsw,49,stat_13x13,3,0.158,0.7082608293970296,3,96,False,0.03045
ton->unsw,49,martingala,3,0.158,0.8303157689855761,0,0,False,0.03045
ton->unsw,49,stat_13x13_adaptive,3,0.158,0.7911831070842288,3,96,False,0.03045
ton->unsw,49,statico,4,0.211,0.7859102243223377,0,0,False,0.0279
ton->unsw,49,ogni_batch,4,0.211,0.7482464908913504,4,128,False,0.0279
ton->unsw,49,su_innesco,4,0.211,0.7859102243223377,0,0,False,0.0279
ton->unsw,49,oracolo,4,0.211,0.7922176557025356,4,128,False,0.0279
ton->unsw,49,stat_13x13,4,0.211,0.690070579225279,4,128,False,0.0279
ton->unsw,49,martingala,4,0.211,0.7859102243223377,0,0,False,0.0279
ton->unsw,49,stat_13x13_adaptive,4,0.211,0.758301405118448,4,128,False,0.0279
ton->unsw,49,statico,5,0.263,0.7462657927829683,0,0,False,0.0292
ton->unsw,49,ogni_batch,5,0.263,0.710190663673488,5,160,False,0.0292
ton->unsw,49,su_innesco,5,0.263,0.7462657927829683,0,0,False,0.0292
ton->unsw,49,oracolo,5,0.263,0.766488680610818,5,160,False,0.0292
ton->unsw,49,stat_13x13,5,0.263,0.6979999697079851,5,160,False,0.0292
ton->unsw,49,martingala,5,0.263,0.7462657927829683,0,0,False,0.0292
ton->unsw,49,stat_13x13_adaptive,5,0.263,0.7259411810938529,5,160,False,0.0292
ton->unsw,49,statico,6,0.316,0.7010520429008553,0,0,False,0.02815
ton->unsw,49,ogni_batch,6,0.316,0.6960976905031193,6,192,False,0.02815
ton->unsw,49,su_innesco,6,0.316,0.7010520429008553,0,0,False,0.02815
ton->unsw,49,oracolo,6,0.316,0.7241173273012617,6,192,False,0.02815
ton->unsw,49,stat_13x13,6,0.316,0.683802835424393,6,192,False,0.02815
ton->unsw,49,martingala,6,0.316,0.7010520429008553,0,0,False,0.02815
ton->unsw,49,stat_13x13_adaptive,6,0.316,0.6763657018608491,6,192,False,0.02815
ton->unsw,49,statico,7,0.368,0.6615981763174624,0,0,False,0.0275
ton->unsw,49,ogni_batch,7,0.368,0.6642377652297105,7,224,False,0.0275
ton->unsw,49,su_innesco,7,0.368,0.6615981763174624,0,0,False,0.0275
ton->unsw,49,oracolo,7,0.368,0.6924731237375488,7,224,False,0.0275
ton->unsw,49,stat_13x13,7,0.368,0.6723514889930262,7,224,False,0.0275
ton->unsw,49,martingala,7,0.368,0.6615981763174624,0,0,False,0.0275
ton->unsw,49,stat_13x13_adaptive,7,0.368,0.6726006749944129,7,224,False,0.0275
ton->unsw,49,statico,8,0.421,0.6211047910026619,0,0,False,0.0262
ton->unsw,49,ogni_batch,8,0.421,0.6531918228906285,8,256,False,0.0262
ton->unsw,49,su_innesco,8,0.421,0.6211047910026619,0,0,False,0.0262
ton->unsw,49,oracolo,8,0.421,0.6528257703867882,8,256,False,0.0262
ton->unsw,49,stat_13x13,8,0.421,0.7134852338245102,8,256,False,0.0262
ton->unsw,49,martingala,8,0.421,0.6211047910026619,0,0,False,0.0262
ton->unsw,49,stat_13x13_adaptive,8,0.421,0.6408562529732688,8,256,False,0.0262
ton->unsw,49,statico,9,0.474,0.5859915943582208,0,0,False,0.02695
ton->unsw,49,ogni_batch,9,0.474,0.6419685490050352,9,288,False,0.02695
ton->unsw,49,su_innesco,9,0.474,0.5859915943582208,0,0,False,0.02695
ton->unsw,49,oracolo,9,0.474,0.6137434666585284,9,288,False,0.02695
ton->unsw,49,stat_13x13,9,0.474,0.6497168249568632,9,288,False,0.02695
ton->unsw,49,martingala,9,0.474,0.5859915943582208,0,0,False,0.02695
ton->unsw,49,stat_13x13_adaptive,9,0.474,0.6385042960207691,9,288,False,0.02695
ton->unsw,49,statico,10,0.526,0.5427894919503601,0,0,False,0.0259
ton->unsw,49,ogni_batch,10,0.526,0.6214203997834102,10,320,False,0.0259
ton->unsw,49,su_innesco,10,0.526,0.5427894919503601,0,0,False,0.0259
ton->unsw,49,oracolo,10,0.526,0.5922143609587516,10,320,False,0.0259
ton->unsw,49,stat_13x13,10,0.526,0.6304337863853922,10,320,False,0.0259
ton->unsw,49,martingala,10,0.526,0.5427894919503601,0,0,False,0.0259
ton->unsw,49,stat_13x13_adaptive,10,0.526,0.6592925724790276,10,320,False,0.0259
ton->unsw,49,statico,11,0.579,0.5071134302319471,0,0,False,0.02375
ton->unsw,49,ogni_batch,11,0.579,0.5920745271550834,11,352,False,0.02375
ton->unsw,49,su_innesco,11,0.579,0.5071134302319471,0,0,False,0.02375
ton->unsw,49,oracolo,11,0.579,0.5843179087275314,11,352,False,0.02375
ton->unsw,49,stat_13x13,11,0.579,0.624433794705258,11,352,False,0.02375
ton->unsw,49,martingala,11,0.579,0.5071134302319471,0,0,False,0.02375
ton->unsw,49,stat_13x13_adaptive,11,0.579,0.6605206461308867,11,352,False,0.02375
ton->unsw,49,statico,12,0.632,0.4713158203343043,0,0,False,0.0243
ton->unsw,49,ogni_batch,12,0.632,0.5742115301109053,12,384,False,0.0243
ton->unsw,49,su_innesco,12,0.632,0.4713158203343043,0,0,False,0.0243
ton->unsw,49,oracolo,12,0.632,0.5641506919559454,12,384,False,0.0243
ton->unsw,49,stat_13x13,12,0.632,0.6118640121404892,12,384,False,0.0243
ton->unsw,49,martingala,12,0.632,0.4713158203343043,0,0,False,0.0243
ton->unsw,49,stat_13x13_adaptive,12,0.632,0.6116111026645705,12,384,False,0.0243
ton->unsw,49,statico,13,0.684,0.42726927285485267,0,0,False,0.02405
ton->unsw,49,ogni_batch,13,0.684,0.6081522548854124,13,416,False,0.02405
ton->unsw,49,su_innesco,13,0.684,0.42726927285485267,0,0,False,0.02405
ton->unsw,49,oracolo,13,0.684,0.574345486981535,13,416,False,0.02405
ton->unsw,49,stat_13x13,13,0.684,0.6021940410090281,13,416,False,0.02405
ton->unsw,49,martingala,13,0.684,0.42726927285485267,0,0,False,0.02405
ton->unsw,49,stat_13x13_adaptive,13,0.684,0.5992877839125154,13,416,False,0.02405
ton->unsw,49,statico,14,0.737,0.39670510498991035,0,0,False,0.02435
ton->unsw,49,ogni_batch,14,0.737,0.6108251366650065,14,448,False,0.02435
ton->unsw,49,su_innesco,14,0.737,0.39670510498991035,0,0,False,0.02435
ton->unsw,49,oracolo,14,0.737,0.5808470773234587,14,448,False,0.02435
ton->unsw,49,stat_13x13,14,0.737,0.5900078872528843,14,448,False,0.02435
ton->unsw,49,martingala,14,0.737,0.39670510498991035,0,0,False,0.02435
ton->unsw,49,stat_13x13_adaptive,14,0.737,0.6064989051941148,14,448,False,0.02435
ton->unsw,49,statico,15,0.789,0.36044999513400233,0,0,False,0.022
ton->unsw,49,ogni_batch,15,0.789,0.7080488797094644,15,480,False,0.022
ton->unsw,49,su_innesco,15,0.789,0.36044999513400233,0,0,False,0.022
ton->unsw,49,oracolo,15,0.789,0.6943557353678846,15,480,False,0.022
ton->unsw,49,stat_13x13,15,0.789,0.7291623940458465,15,480,False,0.022
ton->unsw,49,martingala,15,0.789,0.36044999513400233,0,0,False,0.022
ton->unsw,49,stat_13x13_adaptive,15,0.789,0.6664606033106504,15,480,False,0.022
ton->unsw,49,statico,16,0.842,0.3271539186548228,0,0,False,0.0222
ton->unsw,49,ogni_batch,16,0.842,0.6665263606137433,16,512,False,0.0222
ton->unsw,49,su_innesco,16,0.842,0.3271539186548228,0,0,False,0.0222
ton->unsw,49,oracolo,16,0.842,0.6937344359865989,16,512,False,0.0222
ton->unsw,49,stat_13x13,16,0.842,0.5630664772878412,16,512,False,0.0222
ton->unsw,49,martingala,16,0.842,0.3271539186548228,0,0,False,0.0222
ton->unsw,49,stat_13x13_adaptive,16,0.842,0.5595291250592217,16,512,False,0.0222
ton->unsw,49,statico,17,0.895,0.29154415826141966,0,0,False,0.0205
ton->unsw,49,ogni_batch,17,0.895,0.6713070758444915,17,544,False,0.0205
ton->unsw,49,su_innesco,17,0.895,0.29154415826141966,0,0,False,0.0205
ton->unsw,49,oracolo,17,0.895,0.6803193830813055,17,544,False,0.0205
ton->unsw,49,stat_13x13,17,0.895,0.5618335593883217,17,544,False,0.0205
ton->unsw,49,martingala,17,0.895,0.29154415826141966,0,0,False,0.0205
ton->unsw,49,stat_13x13_adaptive,17,0.895,0.5552417435263024,17,544,False,0.0205
ton->unsw,49,statico,18,0.947,0.25754945234854887,0,0,False,0.0194
ton->unsw,49,ogni_batch,18,0.947,0.7224446259013249,18,576,False,0.0194
ton->unsw,49,su_innesco,18,0.947,0.25754945234854887,0,0,False,0.0194
ton->unsw,49,oracolo,18,0.947,0.7064520407836019,18,576,False,0.0194
ton->unsw,49,stat_13x13,18,0.947,0.5604770567937475,18,576,False,0.0194
ton->unsw,49,martingala,18,0.947,0.25754945234854887,0,0,False,0.0194
ton->unsw,49,stat_13x13_adaptive,18,0.947,0.5546162867635107,18,576,False,0.0194
ton->unsw,49,statico,19,1.0,0.22342388565546514,0,0,False,0.02125
ton->unsw,49,ogni_batch,19,1.0,0.7006319728007825,19,608,False,0.02125
ton->unsw,49,su_innesco,19,1.0,0.22342388565546514,0,0,False,0.02125
ton->unsw,49,oracolo,19,1.0,0.7407872758842371,19,608,False,0.02125
ton->unsw,49,stat_13x13,19,1.0,0.6075688533896554,19,608,False,0.02125
ton->unsw,49,martingala,19,1.0,0.22342388565546514,0,0,False,0.02125
ton->unsw,49,stat_13x13_adaptive,19,1.0,0.6091869511386623,19,608,False,0.02125
ton->unsw,50,statico,0,0.0,0.9713511746139162,0,0,False,0.03225
ton->unsw,50,ogni_batch,0,0.0,0.9713511746139162,0,0,False,0.03225
ton->unsw,50,su_innesco,0,0.0,0.9713511746139162,0,0,False,0.03225
ton->unsw,50,oracolo,0,0.0,0.9713511746139162,0,0,False,0.03225
ton->unsw,50,stat_13x13,0,0.0,0.9713511746139162,0,0,False,0.03225
ton->unsw,50,martingala,0,0.0,0.9713511746139162,0,0,False,0.03225
ton->unsw,50,stat_13x13_adaptive,0,0.0,0.9713511746139162,0,0,False,0.03225
ton->unsw,50,statico,1,0.053,0.9219052168161301,0,0,False,0.0338
ton->unsw,50,ogni_batch,1,0.053,0.9103443759067509,1,32,False,0.0338
ton->unsw,50,su_innesco,1,0.053,0.9219052168161301,0,0,False,0.0338
ton->unsw,50,oracolo,1,0.053,0.9175104986800141,1,32,False,0.0338
ton->unsw,50,stat_13x13,1,0.053,0.9265648236698385,1,32,False,0.0338
ton->unsw,50,martingala,1,0.053,0.9103443759067509,1,32,False,0.0338
ton->unsw,50,stat_13x13_adaptive,1,0.053,0.9243166128259631,1,32,False,0.0338
ton->unsw,50,statico,2,0.105,0.879148774871807,0,0,False,0.0312
ton->unsw,50,ogni_batch,2,0.105,0.8667031698727441,2,64,False,0.0312
ton->unsw,50,su_innesco,2,0.105,0.879148774871807,0,0,False,0.0312
ton->unsw,50,oracolo,2,0.105,0.8670684418056379,2,64,False,0.0312
ton->unsw,50,stat_13x13,2,0.105,0.8754769723831498,2,64,False,0.0312
ton->unsw,50,martingala,2,0.105,0.8661151633507811,1,32,False,0.0312
ton->unsw,50,stat_13x13_adaptive,2,0.105,0.8798182846094424,2,64,False,0.0312
ton->unsw,50,statico,3,0.158,0.8343436459173752,0,0,False,0.0326
ton->unsw,50,ogni_batch,3,0.158,0.8412741264817228,3,96,False,0.0326
ton->unsw,50,su_innesco,3,0.158,0.8343436459173752,0,0,False,0.0326
ton->unsw,50,oracolo,3,0.158,0.8208610025031549,3,96,False,0.0326
ton->unsw,50,stat_13x13,3,0.158,0.8146212168228553,3,96,False,0.0326
ton->unsw,50,martingala,3,0.158,0.8456993835205528,2,64,False,0.0326
ton->unsw,50,stat_13x13_adaptive,3,0.158,0.820376662736093,3,96,False,0.0326
ton->unsw,50,statico,4,0.211,0.783713874051924,0,0,False,0.03305
ton->unsw,50,ogni_batch,4,0.211,0.7858583336628464,4,128,False,0.03305
ton->unsw,50,su_innesco,4,0.211,0.783713874051924,0,0,False,0.03305
ton->unsw,50,oracolo,4,0.211,0.7769749889559434,4,128,False,0.03305
ton->unsw,50,stat_13x13,4,0.211,0.7847194644659767,4,128,False,0.03305
ton->unsw,50,martingala,4,0.211,0.8025597723313298,3,96,False,0.03305
ton->unsw,50,stat_13x13_adaptive,4,0.211,0.7875316583829584,4,128,False,0.03305
ton->unsw,50,statico,5,0.263,0.7449475920722303,0,0,False,0.03105
ton->unsw,50,ogni_batch,5,0.263,0.7639548737593125,5,160,False,0.03105
ton->unsw,50,su_innesco,5,0.263,0.7449475920722303,0,0,False,0.03105
ton->unsw,50,oracolo,5,0.263,0.7564636848583184,5,160,False,0.03105
ton->unsw,50,stat_13x13,5,0.263,0.7367465381531804,5,160,False,0.03105
ton->unsw,50,martingala,5,0.263,0.7721142307450922,3,96,False,0.03105
ton->unsw,50,stat_13x13_adaptive,5,0.263,0.7381398917201402,5,160,False,0.03105
ton->unsw,50,statico,6,0.316,0.704801457139834,0,0,False,0.0336
ton->unsw,50,ogni_batch,6,0.316,0.7113165147553042,6,192,False,0.0336
ton->unsw,50,su_innesco,6,0.316,0.704801457139834,0,0,False,0.0336
ton->unsw,50,oracolo,6,0.316,0.7234244549581551,6,192,False,0.0336
ton->unsw,50,stat_13x13,6,0.316,0.7182472502279931,6,192,False,0.0336
ton->unsw,50,martingala,6,0.316,0.7176777715636038,4,128,False,0.0336
ton->unsw,50,stat_13x13_adaptive,6,0.316,0.7203456676290239,6,192,False,0.0336
ton->unsw,50,statico,7,0.368,0.6624752238560472,0,0,False,0.03085
ton->unsw,50,ogni_batch,7,0.368,0.6816410269314652,7,224,False,0.03085
ton->unsw,50,su_innesco,7,0.368,0.6624752238560472,0,0,False,0.03085
ton->unsw,50,oracolo,7,0.368,0.702150257819196,7,224,False,0.03085
ton->unsw,50,stat_13x13,7,0.368,0.6665504334731958,7,224,False,0.03085
ton->unsw,50,martingala,7,0.368,0.6693674338589348,5,160,False,0.03085
ton->unsw,50,stat_13x13_adaptive,7,0.368,0.6399185375423599,7,224,False,0.03085
ton->unsw,50,statico,8,0.421,0.6200185916204123,0,0,False,0.03035
ton->unsw,50,ogni_batch,8,0.421,0.6469086682051427,8,256,False,0.03035
ton->unsw,50,su_innesco,8,0.421,0.6200185916204123,0,0,False,0.03035
ton->unsw,50,oracolo,8,0.421,0.6713794443103147,8,256,False,0.03035
ton->unsw,50,stat_13x13,8,0.421,0.6393835352021364,8,256,False,0.03035
ton->unsw,50,martingala,8,0.421,0.646053539454801,6,192,False,0.03035
ton->unsw,50,stat_13x13_adaptive,8,0.421,0.6083263987528785,8,256,False,0.03035
ton->unsw,50,statico,9,0.474,0.5847225072686281,0,0,False,0.0312
ton->unsw,50,ogni_batch,9,0.474,0.6259190121536258,9,288,False,0.0312
ton->unsw,50,su_innesco,9,0.474,0.5847225072686281,0,0,False,0.0312
ton->unsw,50,oracolo,9,0.474,0.6537438626968336,9,288,False,0.0312
ton->unsw,50,stat_13x13,9,0.474,0.6179614456115361,9,288,False,0.0312
ton->unsw,50,martingala,9,0.474,0.6206998906695894,7,224,False,0.0312
ton->unsw,50,stat_13x13_adaptive,9,0.474,0.611502857080364,9,288,False,0.0312
ton->unsw,50,statico,10,0.526,0.5445762080275363,0,0,False,0.0321
ton->unsw,50,ogni_batch,10,0.526,0.600529170908513,10,320,False,0.0321
ton->unsw,50,su_innesco,10,0.526,0.5445762080275363,0,0,False,0.0321
ton->unsw,50,oracolo,10,0.526,0.6357314678504571,10,320,False,0.0321
ton->unsw,50,stat_13x13,10,0.526,0.6219025512535474,10,320,False,0.0321
ton->unsw,50,martingala,10,0.526,0.5900885860620093,8,256,False,0.0321
ton->unsw,50,stat_13x13_adaptive,10,0.526,0.5873149782079596,10,320,False,0.0321
ton->unsw,50,statico,11,0.579,0.5041081229119643,0,0,False,0.0299
ton->unsw,50,ogni_batch,11,0.579,0.6242915263346003,11,352,False,0.0299
ton->unsw,50,su_innesco,11,0.579,0.5041081229119643,0,0,False,0.0299
ton->unsw,50,oracolo,11,0.579,0.6179723330792388,11,352,False,0.0299
ton->unsw,50,stat_13x13,11,0.579,0.6141450708951068,11,352,False,0.0299
ton->unsw,50,martingala,11,0.579,0.5758778832883917,9,288,False,0.0299
ton->unsw,50,stat_13x13_adaptive,11,0.579,0.6138381129304608,11,352,False,0.0299
ton->unsw,50,statico,12,0.632,0.46386566193140477,0,0,False,0.03015
ton->unsw,50,ogni_batch,12,0.632,0.6178045441041231,12,384,False,0.03015
ton->unsw,50,su_innesco,12,0.632,0.46386566193140477,0,0,False,0.03015
ton->unsw,50,oracolo,12,0.632,0.6245747333323497,12,384,False,0.03015
ton->unsw,50,stat_13x13,12,0.632,0.5997863071697749,12,384,False,0.03015
ton->unsw,50,martingala,12,0.632,0.5471894634131667,9,288,False,0.03015
ton->unsw,50,stat_13x13_adaptive,12,0.632,0.5878310799689079,12,384,False,0.03015
ton->unsw,50,statico,13,0.684,0.42886431347615633,0,0,False,0.0308
ton->unsw,50,ogni_batch,13,0.684,0.6029917287450153,13,416,False,0.0308
ton->unsw,50,su_innesco,13,0.684,0.42886431347615633,0,0,False,0.0308
ton->unsw,50,oracolo,13,0.684,0.6226428594342206,13,416,False,0.0308
ton->unsw,50,stat_13x13,13,0.684,0.574098850315089,13,416,False,0.0308
ton->unsw,50,martingala,13,0.684,0.6024689325161168,10,320,False,0.0308
ton->unsw,50,stat_13x13_adaptive,13,0.684,0.5218538641233758,13,416,False,0.0308
ton->unsw,50,statico,14,0.737,0.3981660651564783,0,0,False,0.03065
ton->unsw,50,ogni_batch,14,0.737,0.5875800865604234,14,448,False,0.03065
ton->unsw,50,su_innesco,14,0.737,0.3981660651564783,0,0,False,0.03065
ton->unsw,50,oracolo,14,0.737,0.6047673454857501,14,448,False,0.03065
ton->unsw,50,stat_13x13,14,0.737,0.6272394341605991,14,448,False,0.03065
ton->unsw,50,martingala,14,0.737,0.5836301163560564,10,320,False,0.03065
ton->unsw,50,stat_13x13_adaptive,14,0.737,0.5990570264598067,14,448,False,0.03065
ton->unsw,50,statico,15,0.789,0.3612567033691465,0,0,False,0.03095
ton->unsw,50,ogni_batch,15,0.789,0.5515429698508326,15,480,False,0.03095
ton->unsw,50,su_innesco,15,0.789,0.3612567033691465,0,0,False,0.03095
ton->unsw,50,oracolo,15,0.789,0.7239836748459475,15,480,False,0.03095
ton->unsw,50,stat_13x13,15,0.789,0.6434238652057733,15,480,False,0.03095
ton->unsw,50,martingala,15,0.789,0.5718431513259541,11,352,False,0.03095
ton->unsw,50,stat_13x13_adaptive,15,0.789,0.592554989498189,15,480,False,0.03095
ton->unsw,50,statico,16,0.842,0.33157754010695184,0,0,False,0.03075
ton->unsw,50,ogni_batch,16,0.842,0.5387589126559715,16,512,False,0.03075
ton->unsw,50,su_innesco,16,0.842,0.33157754010695184,0,0,False,0.03075
ton->unsw,50,oracolo,16,0.842,0.6973819073083779,16,512,False,0.03075
ton->unsw,50,stat_13x13,16,0.842,0.6727584670231729,16,512,False,0.03075
ton->unsw,50,martingala,16,0.842,0.5602606951871658,12,384,False,0.03075
ton->unsw,50,stat_13x13_adaptive,16,0.842,0.6087901069518716,16,512,False,0.03075
ton->unsw,50,statico,17,0.895,0.28845517074669635,0,0,False,0.03045
ton->unsw,50,ogni_batch,17,0.895,0.705701490472839,17,544,False,0.03045
ton->unsw,50,su_innesco,17,0.895,0.28845517074669635,0,0,False,0.03045
ton->unsw,50,oracolo,17,0.895,0.6991795891126548,17,544,False,0.03045
ton->unsw,50,stat_13x13,17,0.895,0.632197097409087,17,544,False,0.03045
ton->unsw,50,martingala,17,0.895,0.7219219648956019,13,416,False,0.03045
ton->unsw,50,stat_13x13_adaptive,17,0.895,0.6170418903104697,17,544,False,0.03045
ton->unsw,50,statico,18,0.947,0.25507493029277234,0,0,False,0.03155
ton->unsw,50,ogni_batch,18,0.947,0.7147684613027794,18,576,False,0.03155
ton->unsw,50,su_innesco,18,0.947,0.25507493029277234,0,0,False,0.03155
ton->unsw,50,oracolo,18,0.947,0.7091292437295043,18,576,False,0.03155
ton->unsw,50,stat_13x13,18,0.947,0.6461041278053523,18,576,False,0.03155
ton->unsw,50,martingala,18,0.947,0.7134388598740363,14,448,False,0.03155
ton->unsw,50,stat_13x13_adaptive,18,0.947,0.6184392560750496,18,576,False,0.03155
ton->unsw,50,statico,19,1.0,0.21941035927002533,0,0,False,0.03025
ton->unsw,50,ogni_batch,19,1.0,0.759374799858843,19,608,False,0.03025
ton->unsw,50,su_innesco,19,1.0,0.21941035927002533,0,0,False,0.03025
ton->unsw,50,oracolo,19,1.0,0.7174486850385708,19,608,False,0.03025
ton->unsw,50,stat_13x13,19,1.0,0.7322355209667619,19,608,False,0.03025
ton->unsw,50,martingala,19,1.0,0.727579717430371,14,448,False,0.03025
ton->unsw,50,stat_13x13_adaptive,19,1.0,0.7144072159477908,19,608,False,0.03025
ton->unsw,51,statico,0,0.0,0.9700505434125943,0,0,False,0.034
ton->unsw,51,ogni_batch,0,0.0,0.9700505434125943,0,0,False,0.034
ton->unsw,51,su_innesco,0,0.0,0.9700505434125943,0,0,False,0.034
ton->unsw,51,oracolo,0,0.0,0.9700505434125943,0,0,False,0.034
ton->unsw,51,stat_13x13,0,0.0,0.9700505434125943,0,0,False,0.034
ton->unsw,51,martingala,0,0.0,0.9700505434125943,0,0,False,0.034
ton->unsw,51,stat_13x13_adaptive,0,0.0,0.9700505434125943,0,0,False,0.034
ton->unsw,51,statico,1,0.053,0.9240701860223721,0,0,False,0.0338
ton->unsw,51,ogni_batch,1,0.053,0.8425159922612325,1,32,False,0.0338
ton->unsw,51,su_innesco,1,0.053,0.9240701860223721,0,0,False,0.0338
ton->unsw,51,oracolo,1,0.053,0.8946523036239331,1,32,False,0.0338
ton->unsw,51,stat_13x13,1,0.053,0.8327525830032539,1,32,False,0.0338
ton->unsw,51,martingala,1,0.053,0.9240701860223721,0,0,False,0.0338
ton->unsw,51,stat_13x13_adaptive,1,0.053,0.8337429434944728,1,32,False,0.0338
ton->unsw,51,statico,2,0.105,0.8745369167376189,0,0,False,0.03535
ton->unsw,51,ogni_batch,2,0.105,0.8338952950825114,2,64,False,0.03535
ton->unsw,51,su_innesco,2,0.105,0.8745369167376189,0,0,False,0.03535
ton->unsw,51,oracolo,2,0.105,0.8519056978322777,2,64,False,0.03535
ton->unsw,51,stat_13x13,2,0.105,0.7898952229850831,2,64,False,0.03535
ton->unsw,51,martingala,2,0.105,0.6421708958538904,1,32,False,0.03535
ton->unsw,51,stat_13x13_adaptive,2,0.105,0.728252529594303,2,64,False,0.03535
ton->unsw,51,statico,3,0.158,0.8331379270695594,0,0,False,0.03435
ton->unsw,51,ogni_batch,3,0.158,0.8394789568077873,3,96,False,0.03435
ton->unsw,51,su_innesco,3,0.158,0.8331379270695594,0,0,False,0.03435
ton->unsw,51,oracolo,3,0.158,0.8366656880778431,3,96,False,0.03435
ton->unsw,51,stat_13x13,3,0.158,0.8004202965231862,3,96,False,0.03435
ton->unsw,51,martingala,3,0.158,0.815419851531129,2,64,False,0.03435
ton->unsw,51,stat_13x13_adaptive,3,0.158,0.810999387264692,3,96,False,0.03435
ton->unsw,51,statico,4,0.211,0.7854531345275986,0,0,False,0.03475
ton->unsw,51,ogni_batch,4,0.211,0.7834930790800118,4,128,False,0.03475
ton->unsw,51,su_innesco,4,0.211,0.7854531345275986,0,0,False,0.03475
ton->unsw,51,oracolo,4,0.211,0.8038948952283357,4,128,False,0.03475
ton->unsw,51,stat_13x13,4,0.211,0.7560340811603301,4,128,False,0.03475
ton->unsw,51,martingala,4,0.211,0.7731212105422371,3,96,False,0.03475
ton->unsw,51,stat_13x13_adaptive,4,0.211,0.7566676260819527,4,128,False,0.03475
ton->unsw,51,statico,5,0.263,0.7524179906228459,0,0,False,0.03515
ton->unsw,51,ogni_batch,5,0.263,0.7707177168859904,5,160,False,0.03515
ton->unsw,51,su_innesco,5,0.263,0.7524179906228459,0,0,False,0.03515
ton->unsw,51,oracolo,5,0.263,0.7721894522049833,5,160,False,0.03515
ton->unsw,51,stat_13x13,5,0.263,0.724326172304527,5,160,False,0.03515
ton->unsw,51,martingala,5,0.263,0.7492344902702701,3,96,False,0.03515
ton->unsw,51,stat_13x13_adaptive,5,0.263,0.800681577075137,5,160,False,0.03515
ton->unsw,51,statico,6,0.316,0.7071490716160287,0,0,False,0.0359
ton->unsw,51,ogni_batch,6,0.316,0.7148345981835371,6,192,False,0.0359
ton->unsw,51,su_innesco,6,0.316,0.7071490716160287,0,0,False,0.0359
ton->unsw,51,oracolo,6,0.316,0.7434738971390833,6,192,False,0.0359
ton->unsw,51,stat_13x13,6,0.316,0.7153789514823157,6,192,False,0.0359
ton->unsw,51,martingala,6,0.316,0.7028264638074176,3,96,False,0.0359
ton->unsw,51,stat_13x13_adaptive,6,0.316,0.7012773378619184,6,192,False,0.0359
ton->unsw,51,statico,7,0.368,0.6668940205598849,0,0,False,0.0334
ton->unsw,51,ogni_batch,7,0.368,0.6886832946498924,7,224,False,0.0334
ton->unsw,51,su_innesco,7,0.368,0.6668940205598849,0,0,False,0.0334
ton->unsw,51,oracolo,7,0.368,0.7024663936641768,7,224,False,0.0334
ton->unsw,51,stat_13x13,7,0.368,0.693740963310973,7,224,False,0.0334
ton->unsw,51,martingala,7,0.368,0.670139106402079,3,96,False,0.0334
ton->unsw,51,stat_13x13_adaptive,7,0.368,0.7100829250527148,7,224,False,0.0334
ton->unsw,51,statico,8,0.421,0.6304787182106139,0,0,False,0.0384
ton->unsw,51,ogni_batch,8,0.421,0.651180093343408,8,256,False,0.0384
ton->unsw,51,su_innesco,8,0.421,0.6304787182106139,0,0,False,0.0384
ton->unsw,51,oracolo,8,0.421,0.6673939712904611,8,256,False,0.0384
ton->unsw,51,stat_13x13,8,0.421,0.6457745434461253,8,256,False,0.0384
ton->unsw,51,martingala,8,0.421,0.6272977658441858,4,128,False,0.0384
ton->unsw,51,stat_13x13_adaptive,8,0.421,0.6709584108892339,8,256,False,0.0384
ton->unsw,51,statico,9,0.474,0.5884200156707724,0,0,False,0.03905
ton->unsw,51,ogni_batch,9,0.474,0.6014770711381422,9,288,False,0.03905
ton->unsw,51,su_innesco,9,0.474,0.5884200156707724,0,0,False,0.03905
ton->unsw,51,oracolo,9,0.474,0.6623579592829564,9,288,False,0.03905
ton->unsw,51,stat_13x13,9,0.474,0.6005232011667236,9,288,False,0.03905
ton->unsw,51,martingala,9,0.474,0.5907541951960902,5,160,False,0.03905
ton->unsw,51,stat_13x13_adaptive,9,0.474,0.6473672660285874,9,288,False,0.03905
ton->unsw,51,statico,10,0.526,0.5536696098505814,0,0,False,0.0385
ton->unsw,51,ogni_batch,10,0.526,0.5636115469043869,10,320,False,0.0385
ton->unsw,51,su_innesco,10,0.526,0.5536696098505814,0,0,False,0.0385
ton->unsw,51,oracolo,10,0.526,0.6114464730800191,10,320,False,0.0385
ton->unsw,51,stat_13x13,10,0.526,0.6448592272189442,10,320,False,0.0385
ton->unsw,51,martingala,10,0.526,0.5604701182675996,5,160,False,0.0385
ton->unsw,51,stat_13x13_adaptive,10,0.526,0.6504515224907446,10,320,False,0.0385
ton->unsw,51,statico,11,0.579,0.5105922628318532,0,0,False,0.03565
ton->unsw,51,ogni_batch,11,0.579,0.6241789771131021,11,352,False,0.03565
ton->unsw,51,su_innesco,11,0.579,0.5105922628318532,0,0,False,0.03565
ton->unsw,51,oracolo,11,0.579,0.618698661603638,11,352,False,0.03565
ton->unsw,51,stat_13x13,11,0.579,0.6323356423457891,11,352,False,0.03565
ton->unsw,51,martingala,11,0.579,0.5234056330789412,5,160,False,0.03565
ton->unsw,51,stat_13x13_adaptive,11,0.579,0.669138417143031,11,352,False,0.03565
ton->unsw,51,statico,12,0.632,0.4786427181362815,0,0,False,0.0359
ton->unsw,51,ogni_batch,12,0.632,0.6207940416100144,12,384,False,0.0359
ton->unsw,51,su_innesco,12,0.632,0.4786427181362815,0,0,False,0.0359
ton->unsw,51,oracolo,12,0.632,0.5964729763160981,12,384,False,0.0359
ton->unsw,51,stat_13x13,12,0.632,0.6201102635678397,12,384,False,0.0359
ton->unsw,51,martingala,12,0.632,0.48194421449892566,6,192,False,0.0359
ton->unsw,51,stat_13x13_adaptive,12,0.632,0.6356806102385693,12,384,False,0.0359
ton->unsw,51,statico,13,0.684,0.43676466717780804,0,0,False,0.03645
ton->unsw,51,ogni_batch,13,0.684,0.6729478507684281,13,416,False,0.03645
ton->unsw,51,su_innesco,13,0.684,0.43676466717780804,0,0,False,0.03645
ton->unsw,51,oracolo,13,0.684,0.5920785082676125,13,416,False,0.03645
ton->unsw,51,stat_13x13,13,0.684,0.5956041135666335,13,416,False,0.03645
ton->unsw,51,martingala,13,0.684,0.4496850868366862,7,224,False,0.03645
ton->unsw,51,stat_13x13_adaptive,13,0.684,0.6148414319757167,13,416,False,0.03645
ton->unsw,51,statico,14,0.737,0.4003653776137768,0,0,False,0.03895
ton->unsw,51,ogni_batch,14,0.737,0.6328268095251064,14,448,False,0.03895
ton->unsw,51,su_innesco,14,0.737,0.4003653776137768,0,0,False,0.03895
ton->unsw,51,oracolo,14,0.737,0.5337330055361394,14,448,False,0.03895
ton->unsw,51,stat_13x13,14,0.737,0.5979680964118321,14,448,False,0.03895
ton->unsw,51,martingala,14,0.737,0.4192411885195645,7,224,False,0.03895
ton->unsw,51,stat_13x13_adaptive,14,0.737,0.593210845689751,14,448,False,0.03895
ton->unsw,51,statico,15,0.789,0.3715595462885427,0,0,False,0.03785
ton->unsw,51,ogni_batch,15,0.789,0.6766881827288243,15,480,False,0.03785
ton->unsw,51,su_innesco,15,0.789,0.3715595462885427,0,0,False,0.03785
ton->unsw,51,oracolo,15,0.789,0.6696871062916387,15,480,False,0.03785
ton->unsw,51,stat_13x13,15,0.789,0.60495746041805,15,480,False,0.03785
ton->unsw,51,martingala,15,0.789,0.39175003540643627,7,224,False,0.03785
ton->unsw,51,stat_13x13_adaptive,15,0.789,0.5604943816428396,15,480,False,0.03785
ton->unsw,51,statico,16,0.842,0.33300863098050404,0,0,False,0.04095
ton->unsw,51,ogni_batch,16,0.842,0.6872978211397092,16,512,False,0.04095
ton->unsw,51,su_innesco,16,0.842,0.33300863098050404,0,0,False,0.04095
ton->unsw,51,oracolo,16,0.842,0.675465284251267,16,512,False,0.04095
ton->unsw,51,stat_13x13,16,0.842,0.5848656123444088,16,512,False,0.04095
ton->unsw,51,martingala,16,0.842,0.3637257591922375,7,224,False,0.04095
ton->unsw,51,stat_13x13_adaptive,16,0.842,0.6115632609365859,16,512,False,0.04095
ton->unsw,51,statico,17,0.895,0.30069905689105036,0,0,False,0.0405
ton->unsw,51,ogni_batch,17,0.895,0.6897079981111341,17,544,False,0.0405
ton->unsw,51,su_innesco,17,0.895,0.30069905689105036,0,0,False,0.0405
ton->unsw,51,oracolo,17,0.895,0.6730966808037389,17,544,False,0.0405
ton->unsw,51,stat_13x13,17,0.895,0.580889686704238,17,544,False,0.0405
ton->unsw,51,martingala,17,0.895,0.48026874412487697,8,256,False,0.0405
ton->unsw,51,stat_13x13_adaptive,17,0.895,0.5971721074535176,17,544,False,0.0405
ton->unsw,51,statico,18,0.947,0.2623342753490564,0,0,False,0.04005
ton->unsw,51,ogni_batch,18,0.947,0.7100351197218353,18,576,False,0.04005
ton->unsw,51,su_innesco,18,0.947,0.2623342753490564,0,0,False,0.04005
ton->unsw,51,oracolo,18,0.947,0.6798699563875727,18,576,False,0.04005
ton->unsw,51,stat_13x13,18,0.947,0.5659359287694326,18,576,False,0.04005
ton->unsw,51,martingala,18,0.947,0.4654630762281594,8,256,False,0.04005
ton->unsw,51,stat_13x13_adaptive,18,0.947,0.5760332553118646,18,576,False,0.04005
ton->unsw,51,statico,19,1.0,0.22702958851745486,0,0,False,0.04145
ton->unsw,51,ogni_batch,19,1.0,0.7640334854036205,19,608,False,0.04145
ton->unsw,51,su_innesco,19,1.0,0.22702958851745486,0,0,False,0.04145
ton->unsw,51,oracolo,19,1.0,0.727184734505747,19,608,False,0.04145
ton->unsw,51,stat_13x13,19,1.0,0.5682260743791643,19,608,False,0.04145
ton->unsw,51,martingala,19,1.0,0.44264903337244643,8,256,False,0.04145
ton->unsw,51,stat_13x13_adaptive,19,1.0,0.601132810681883,19,608,False,0.04145
unsw->ton,42,statico,0,0.0,0.8196684939508534,0,0,False,0.0
unsw->ton,42,ogni_batch,0,0.0,0.8196684939508534,0,0,False,0.0
unsw->ton,42,su_innesco,0,0.0,0.8196684939508534,0,0,False,0.0
unsw->ton,42,oracolo,0,0.0,0.8196684939508534,0,0,False,0.0
unsw->ton,42,stat_13x13,0,0.0,0.8196684939508534,0,0,False,0.0
unsw->ton,42,martingala,0,0.0,0.8196684939508534,0,0,False,0.0
unsw->ton,42,stat_13x13_adaptive,0,0.0,0.8196684939508534,0,0,False,0.0
unsw->ton,42,statico,1,0.053,0.7884969173654757,0,0,False,0.0
unsw->ton,42,ogni_batch,1,0.053,0.5607824239756017,1,32,False,0.0
unsw->ton,42,su_innesco,1,0.053,0.7884969173654757,0,0,False,0.0
unsw->ton,42,oracolo,1,0.053,0.7867982153681472,1,32,False,0.0
unsw->ton,42,stat_13x13,1,0.053,0.6437514437733765,1,32,False,0.0
unsw->ton,42,martingala,1,0.053,0.7884969173654757,0,0,False,0.0
unsw->ton,42,stat_13x13_adaptive,1,0.053,0.5998969001070396,1,32,False,0.0
unsw->ton,42,statico,2,0.105,0.7617624131880475,0,0,False,0.0
unsw->ton,42,ogni_batch,2,0.105,0.5652312552541344,2,64,False,0.0
unsw->ton,42,su_innesco,2,0.105,0.7617624131880475,0,0,False,0.0
unsw->ton,42,oracolo,2,0.105,0.703425085961483,2,64,False,0.0
unsw->ton,42,stat_13x13,2,0.105,0.5462243659650315,2,64,False,0.0
unsw->ton,42,martingala,2,0.105,0.37170934565714475,1,32,False,0.0
unsw->ton,42,stat_13x13_adaptive,2,0.105,0.5816210620610363,2,64,False,0.0
unsw->ton,42,statico,3,0.158,0.7423039756978774,0,0,False,0.0
unsw->ton,42,ogni_batch,3,0.158,0.6820341687529721,3,96,False,0.0
unsw->ton,42,su_innesco,3,0.158,0.7423039756978774,0,0,False,0.0
unsw->ton,42,oracolo,3,0.158,0.7265053939635893,3,96,False,0.0
unsw->ton,42,stat_13x13,3,0.158,0.6730215253943237,3,96,False,0.0
unsw->ton,42,martingala,3,0.158,0.7174263546513007,2,64,False,0.0
unsw->ton,42,stat_13x13_adaptive,3,0.158,0.6965778691922597,3,96,False,0.0
unsw->ton,42,statico,4,0.211,0.7052617739403761,0,0,False,0.0
unsw->ton,42,ogni_batch,4,0.211,0.6749186655065768,4,128,False,0.0
unsw->ton,42,su_innesco,4,0.211,0.7052617739403761,0,0,False,0.0
unsw->ton,42,oracolo,4,0.211,0.6775833343872184,4,128,False,0.0
unsw->ton,42,stat_13x13,4,0.211,0.7005593496724777,4,128,False,0.0
unsw->ton,42,martingala,4,0.211,0.693674885595318,3,96,False,0.0
unsw->ton,42,stat_13x13_adaptive,4,0.211,0.7159467714321295,4,128,False,0.0
unsw->ton,42,statico,5,0.263,0.6777473215595134,0,0,False,0.0
unsw->ton,42,ogni_batch,5,0.263,0.6693590776786744,5,160,False,0.0
unsw->ton,42,su_innesco,5,0.263,0.6777473215595134,0,0,False,0.0
unsw->ton,42,oracolo,5,0.263,0.6609188946463528,5,160,False,0.0
unsw->ton,42,stat_13x13,5,0.263,0.6582340291364173,5,160,False,0.0
unsw->ton,42,martingala,5,0.263,0.6747374321294854,4,128,False,0.0
unsw->ton,42,stat_13x13_adaptive,5,0.263,0.6953288236193504,5,160,False,0.0
unsw->ton,42,statico,6,0.316,0.6463974572341693,0,0,False,0.0
unsw->ton,42,ogni_batch,6,0.316,0.6455666134250727,6,192,False,0.0
unsw->ton,42,su_innesco,6,0.316,0.6463974572341693,0,0,False,0.0
unsw->ton,42,oracolo,6,0.316,0.6539700500997958,6,192,False,0.0
unsw->ton,42,stat_13x13,6,0.316,0.6635199423994116,6,192,False,0.0
unsw->ton,42,martingala,6,0.316,0.6380268705370069,5,160,False,0.0
unsw->ton,42,stat_13x13_adaptive,6,0.316,0.6664901875369992,6,192,False,0.0
unsw->ton,42,statico,7,0.368,0.6247660940850696,0,0,False,0.0
unsw->ton,42,ogni_batch,7,0.368,0.6268440675203819,7,224,False,0.0
unsw->ton,42,su_innesco,7,0.368,0.6247660940850696,0,0,False,0.0
unsw->ton,42,oracolo,7,0.368,0.6128654604226726,7,224,False,0.0
unsw->ton,42,stat_13x13,7,0.368,0.6361893604743091,7,224,False,0.0
unsw->ton,42,martingala,7,0.368,0.6264813192934489,6,192,False,0.0
unsw->ton,42,stat_13x13_adaptive,7,0.368,0.6435176451093552,7,224,False,0.0
unsw->ton,42,statico,8,0.421,0.592884233529775,0,0,False,0.0
unsw->ton,42,ogni_batch,8,0.421,0.6028190638327091,8,256,False,0.0
unsw->ton,42,su_innesco,8,0.421,0.592884233529775,0,0,False,0.0
unsw->ton,42,oracolo,8,0.421,0.5903259205766119,8,256,False,0.0
unsw->ton,42,stat_13x13,8,0.421,0.629519807837048,8,256,False,0.0
unsw->ton,42,martingala,8,0.421,0.5950785676974535,7,224,False,0.0
unsw->ton,42,stat_13x13_adaptive,8,0.421,0.611252722341167,8,256,False,0.0
unsw->ton,42,statico,9,0.474,0.5650581702953499,0,0,False,0.0
unsw->ton,42,ogni_batch,9,0.474,0.585613090473443,9,288,False,0.0
unsw->ton,42,su_innesco,9,0.474,0.5650581702953499,0,0,False,0.0
unsw->ton,42,oracolo,9,0.474,0.5565301758050796,9,288,False,0.0
unsw->ton,42,stat_13x13,9,0.474,0.6124480802225176,9,288,False,0.0
unsw->ton,42,martingala,9,0.474,0.589018472950404,8,256,False,0.0
unsw->ton,42,stat_13x13_adaptive,9,0.474,0.6231743983805287,9,288,False,0.0
unsw->ton,42,statico,10,0.526,0.535275780807639,0,0,False,0.0
unsw->ton,42,ogni_batch,10,0.526,0.629790078769409,10,320,False,0.0
unsw->ton,42,su_innesco,10,0.526,0.535275780807639,0,0,False,0.0
unsw->ton,42,oracolo,10,0.526,0.5669566653094142,10,320,False,0.0
unsw->ton,42,stat_13x13,10,0.526,0.6270580348307386,10,320,False,0.0
unsw->ton,42,martingala,10,0.526,0.629790078769409,9,288,False,0.0
unsw->ton,42,stat_13x13_adaptive,10,0.526,0.6449741414678094,10,320,False,0.0
unsw->ton,42,statico,11,0.579,0.5042187957442061,0,0,False,0.0
unsw->ton,42,ogni_batch,11,0.579,0.6109721644178441,11,352,False,0.0
unsw->ton,42,su_innesco,11,0.579,0.5042187957442061,0,0,False,0.0
unsw->ton,42,oracolo,11,0.579,0.6335426350061152,11,352,False,0.0
unsw->ton,42,stat_13x13,11,0.579,0.6536425878539567,11,352,False,0.0
unsw->ton,42,martingala,11,0.579,0.6109721644178441,10,320,False,0.0
unsw->ton,42,stat_13x13_adaptive,11,0.579,0.5878443802440055,11,352,False,0.0
unsw->ton,42,statico,12,0.632,0.480846415862463,0,0,False,0.0
unsw->ton,42,ogni_batch,12,0.632,0.660040676390516,12,384,False,0.0
unsw->ton,42,su_innesco,12,0.632,0.480846415862463,0,0,False,0.0
unsw->ton,42,oracolo,12,0.632,0.6316897258777341,12,384,False,0.0
unsw->ton,42,stat_13x13,12,0.632,0.6583803951442048,12,384,False,0.0
unsw->ton,42,martingala,12,0.632,0.660040676390516,11,352,False,0.0
unsw->ton,42,stat_13x13_adaptive,12,0.632,0.6080933241042097,12,384,False,0.0
unsw->ton,42,statico,13,0.684,0.4510428026357112,0,0,False,0.0
unsw->ton,42,ogni_batch,13,0.684,0.6930700626064322,13,416,False,0.0
unsw->ton,42,su_innesco,13,0.684,0.4510428026357112,0,0,False,0.0
unsw->ton,42,oracolo,13,0.684,0.6094316393283109,13,416,False,0.0
unsw->ton,42,stat_13x13,13,0.684,0.6005571997084672,13,416,False,0.0
unsw->ton,42,martingala,13,0.684,0.6930700626064322,12,384,False,0.0
unsw->ton,42,stat_13x13_adaptive,13,0.684,0.667059216582828,13,416,False,0.0
unsw->ton,42,statico,14,0.737,0.4240260945457646,0,0,False,0.0
unsw->ton,42,ogni_batch,14,0.737,0.7157503578266522,14,448,False,0.0
unsw->ton,42,su_innesco,14,0.737,0.4240260945457646,0,0,False,0.0
unsw->ton,42,oracolo,14,0.737,0.686737190748713,14,448,False,0.0
unsw->ton,42,stat_13x13,14,0.737,0.6709101638346965,14,448,False,0.0
unsw->ton,42,martingala,14,0.737,0.7157503578266522,13,416,False,0.0
unsw->ton,42,stat_13x13_adaptive,14,0.737,0.6700570011759137,14,448,False,0.0
unsw->ton,42,statico,15,0.789,0.38804783214281946,0,0,False,0.0
unsw->ton,42,ogni_batch,15,0.789,0.7233430026223682,15,480,False,0.0
unsw->ton,42,su_innesco,15,0.789,0.38804783214281946,0,0,False,0.0
unsw->ton,42,oracolo,15,0.789,0.7008060355341537,15,480,False,0.0
unsw->ton,42,stat_13x13,15,0.789,0.6366971287933391,15,480,False,0.0
unsw->ton,42,martingala,15,0.789,0.7233430026223682,14,448,False,0.0
unsw->ton,42,stat_13x13_adaptive,15,0.789,0.6846966416889687,15,480,False,0.0
unsw->ton,42,statico,16,0.842,0.36422093930416966,0,0,False,0.0
unsw->ton,42,ogni_batch,16,0.842,0.7439804778429038,16,512,False,0.0
unsw->ton,42,su_innesco,16,0.842,0.36422093930416966,0,0,False,0.0
unsw->ton,42,oracolo,16,0.842,0.7208697604777752,16,512,False,0.0
unsw->ton,42,stat_13x13,16,0.842,0.7194137323988353,16,512,False,0.0
unsw->ton,42,martingala,16,0.842,0.7439804778429038,15,480,False,0.0
unsw->ton,42,stat_13x13_adaptive,16,0.842,0.6868247651274189,16,512,False,0.0
unsw->ton,42,statico,17,0.895,0.3328932359861272,0,0,False,0.0
unsw->ton,42,ogni_batch,17,0.895,0.7490152104643062,17,544,False,0.0
unsw->ton,42,su_innesco,17,0.895,0.3328932359861272,0,0,False,0.0
unsw->ton,42,oracolo,17,0.895,0.7141964138047144,17,544,False,0.0
unsw->ton,42,stat_13x13,17,0.895,0.6891126842864742,17,544,False,0.0
unsw->ton,42,martingala,17,0.895,0.7490152104643062,16,512,False,0.0
unsw->ton,42,stat_13x13_adaptive,17,0.895,0.6868147831711722,17,544,False,0.0
unsw->ton,42,statico,18,0.947,0.30814428405988914,0,0,False,0.0
unsw->ton,42,ogni_batch,18,0.947,0.7637569105522928,18,576,False,0.0
unsw->ton,42,su_innesco,18,0.947,0.30814428405988914,0,0,False,0.0
unsw->ton,42,oracolo,18,0.947,0.7432856918824275,18,576,False,0.0
unsw->ton,42,stat_13x13,18,0.947,0.7676005821407892,18,576,False,0.0
unsw->ton,42,martingala,18,0.947,0.7637569105522928,17,544,False,0.0
unsw->ton,42,stat_13x13_adaptive,18,0.947,0.7058954679874265,18,576,False,0.0
unsw->ton,42,statico,19,1.0,0.2747574061865163,0,0,False,0.0
unsw->ton,42,ogni_batch,19,1.0,0.7549955299421893,19,608,False,0.0
unsw->ton,42,su_innesco,19,1.0,0.2747574061865163,0,0,False,0.0
unsw->ton,42,oracolo,19,1.0,0.8051375969930986,19,608,False,0.0
unsw->ton,42,stat_13x13,19,1.0,0.707113635477901,19,608,False,0.0
unsw->ton,42,martingala,19,1.0,0.7549955299421893,18,576,False,0.0
unsw->ton,42,stat_13x13_adaptive,19,1.0,0.7055199980069904,19,608,False,0.0
unsw->ton,43,statico,0,0.0,0.8222016414124624,0,0,False,0.0
unsw->ton,43,ogni_batch,0,0.0,0.8222016414124624,0,0,False,0.0
unsw->ton,43,su_innesco,0,0.0,0.8222016414124624,0,0,False,0.0
unsw->ton,43,oracolo,0,0.0,0.8222016414124624,0,0,False,0.0
unsw->ton,43,stat_13x13,0,0.0,0.8222016414124624,0,0,False,0.0
unsw->ton,43,martingala,0,0.0,0.8222016414124624,0,0,False,0.0
unsw->ton,43,stat_13x13_adaptive,0,0.0,0.8222016414124624,0,0,False,0.0
unsw->ton,43,statico,1,0.053,0.7960074525214386,0,0,False,0.0
unsw->ton,43,ogni_batch,1,0.053,0.7826807485028999,1,32,False,0.0
unsw->ton,43,su_innesco,1,0.053,0.7960074525214386,0,0,False,0.0
unsw->ton,43,oracolo,1,0.053,0.7456900467141269,1,32,False,0.0
unsw->ton,43,stat_13x13,1,0.053,0.7896346699551431,1,32,False,0.0
unsw->ton,43,martingala,1,0.053,0.7960074525214386,0,0,False,0.0
unsw->ton,43,stat_13x13_adaptive,1,0.053,0.7887380516074716,1,32,False,0.0
unsw->ton,43,statico,2,0.105,0.7692243837791117,0,0,False,0.0
unsw->ton,43,ogni_batch,2,0.105,0.7667176082964207,2,64,False,0.0
unsw->ton,43,su_innesco,2,0.105,0.7692243837791117,0,0,False,0.0
unsw->ton,43,oracolo,2,0.105,0.7664447648277655,2,64,False,0.0
unsw->ton,43,stat_13x13,2,0.105,0.7677605687837405,2,64,False,0.0
unsw->ton,43,martingala,2,0.105,0.7418043408852684,1,32,False,0.0
unsw->ton,43,stat_13x13_adaptive,2,0.105,0.7666138873147239,2,64,False,0.0
unsw->ton,43,statico,3,0.158,0.7389198450435013,0,0,False,0.0
unsw->ton,43,ogni_batch,3,0.158,0.7319681337929926,3,96,False,0.0
unsw->ton,43,su_innesco,3,0.158,0.7389198450435013,0,0,False,0.0
unsw->ton,43,oracolo,3,0.158,0.7518363116054227,3,96,False,0.0
unsw->ton,43,stat_13x13,3,0.158,0.7318398903276754,3,96,False,0.0
unsw->ton,43,martingala,3,0.158,0.7293841236709298,2,64,False,0.0
unsw->ton,43,stat_13x13_adaptive,3,0.158,0.7356567853564793,3,96,False,0.0
unsw->ton,43,statico,4,0.211,0.7159409319344051,0,0,False,0.0
unsw->ton,43,ogni_batch,4,0.211,0.6986339799051248,4,128,False,0.0
unsw->ton,43,su_innesco,4,0.211,0.7159409319344051,0,0,False,0.0
unsw->ton,43,oracolo,4,0.211,0.7081621428845104,4,128,False,0.0
unsw->ton,43,stat_13x13,4,0.211,0.526117817026495,4,128,False,0.0
unsw->ton,43,martingala,4,0.211,0.6941862527859471,3,96,False,0.0
unsw->ton,43,stat_13x13_adaptive,4,0.211,0.6791266007683758,4,128,False,0.0
unsw->ton,43,statico,5,0.263,0.6889261227813301,0,0,False,0.0
unsw->ton,43,ogni_batch,5,0.263,0.7007085271957837,5,160,False,0.0
unsw->ton,43,su_innesco,5,0.263,0.6889261227813301,0,0,False,0.0
unsw->ton,43,oracolo,5,0.263,0.6866176979584873,5,160,False,0.0
unsw->ton,43,stat_13x13,5,0.263,0.6142104597725168,5,160,False,0.0
unsw->ton,43,martingala,5,0.263,0.6932313801288437,4,128,False,0.0
unsw->ton,43,stat_13x13_adaptive,5,0.263,0.6688510397467692,5,160,False,0.0
unsw->ton,43,statico,6,0.316,0.6652955601407599,0,0,False,0.0
unsw->ton,43,ogni_batch,6,0.316,0.6719361613168942,6,192,False,0.0
unsw->ton,43,su_innesco,6,0.316,0.6652955601407599,0,0,False,0.0
unsw->ton,43,oracolo,6,0.316,0.6810493467920837,6,192,False,0.0
unsw->ton,43,stat_13x13,6,0.316,0.6412534104294294,6,192,False,0.0
unsw->ton,43,martingala,6,0.316,0.6677976745518954,5,160,False,0.0
unsw->ton,43,stat_13x13_adaptive,6,0.316,0.6818177726635114,6,192,False,0.0
unsw->ton,43,statico,7,0.368,0.6422904147053828,0,0,False,0.0
unsw->ton,43,ogni_batch,7,0.368,0.6463236803509336,7,224,False,0.0
unsw->ton,43,su_innesco,7,0.368,0.6422904147053828,0,0,False,0.0
unsw->ton,43,oracolo,7,0.368,0.6546617965168298,7,224,False,0.0
unsw->ton,43,stat_13x13,7,0.368,0.6282017719278126,7,224,False,0.0
unsw->ton,43,martingala,7,0.368,0.6761116029457745,6,192,False,0.0
unsw->ton,43,stat_13x13_adaptive,7,0.368,0.6446301457716537,7,224,False,0.0
unsw->ton,43,statico,8,0.421,0.6167928271736907,0,0,False,0.0
unsw->ton,43,ogni_batch,8,0.421,0.6395303320886923,8,256,False,0.0
unsw->ton,43,su_innesco,8,0.421,0.6167928271736907,0,0,False,0.0
unsw->ton,43,oracolo,8,0.421,0.6390126584725806,8,256,False,0.0
unsw->ton,43,stat_13x13,8,0.421,0.672378063965904,8,256,False,0.0
unsw->ton,43,martingala,8,0.421,0.6669746124299201,7,224,False,0.0
unsw->ton,43,stat_13x13_adaptive,8,0.421,0.6791105310013126,8,256,False,0.0
unsw->ton,43,statico,9,0.474,0.5862237764820999,0,0,False,0.0
unsw->ton,43,ogni_batch,9,0.474,0.647600652687484,9,288,False,0.0
unsw->ton,43,su_innesco,9,0.474,0.5862237764820999,0,0,False,0.0
unsw->ton,43,oracolo,9,0.474,0.6462523559495811,9,288,False,0.0
unsw->ton,43,stat_13x13,9,0.474,0.6112044787349222,9,288,False,0.0
unsw->ton,43,martingala,9,0.474,0.647600652687484,8,256,False,0.0
unsw->ton,43,stat_13x13_adaptive,9,0.474,0.6604314937907879,9,288,False,0.0
unsw->ton,43,statico,10,0.526,0.5612754407264273,0,0,False,0.0
unsw->ton,43,ogni_batch,10,0.526,0.6242072869549837,10,320,False,0.0
unsw->ton,43,su_innesco,10,0.526,0.5612754407264273,0,0,False,0.0
unsw->ton,43,oracolo,10,0.526,0.6692382474188294,10,320,False,0.0
unsw->ton,43,stat_13x13,10,0.526,0.6374165483716323,10,320,False,0.0
unsw->ton,43,martingala,10,0.526,0.6242072869549837,9,288,False,0.0
unsw->ton,43,stat_13x13_adaptive,10,0.526,0.6588033770320667,10,320,False,0.0
unsw->ton,43,statico,11,0.579,0.5417141405548747,0,0,False,0.0
unsw->ton,43,ogni_batch,11,0.579,0.6185349600343295,11,352,False,0.0
unsw->ton,43,su_innesco,11,0.579,0.5417141405548747,0,0,False,0.0
unsw->ton,43,oracolo,11,0.579,0.6807331508308301,11,352,False,0.0
unsw->ton,43,stat_13x13,11,0.579,0.6089603017447585,11,352,False,0.0
unsw->ton,43,martingala,11,0.579,0.6185349600343295,10,320,False,0.0
unsw->ton,43,stat_13x13_adaptive,11,0.579,0.6458427985998962,11,352,False,0.0
unsw->ton,43,statico,12,0.632,0.5144553639053397,0,0,False,0.0
unsw->ton,43,ogni_batch,12,0.632,0.6465348252805923,12,384,False,0.0
unsw->ton,43,su_innesco,12,0.632,0.5144553639053397,0,0,False,0.0
unsw->ton,43,oracolo,12,0.632,0.6637672561688319,12,384,False,0.0
unsw->ton,43,stat_13x13,12,0.632,0.6266138939681184,12,384,False,0.0
unsw->ton,43,martingala,12,0.632,0.6465348252805923,11,352,False,0.0
unsw->ton,43,stat_13x13_adaptive,12,0.632,0.6416413867004508,12,384,False,0.0
unsw->ton,43,statico,13,0.684,0.4833564577426555,0,0,False,0.0
unsw->ton,43,ogni_batch,13,0.684,0.7064250668597052,13,416,False,0.0
unsw->ton,43,su_innesco,13,0.684,0.4833564577426555,0,0,False,0.0
unsw->ton,43,oracolo,13,0.684,0.6645829563049204,13,416,False,0.0
unsw->ton,43,stat_13x13,13,0.684,0.6195999477187267,13,416,False,0.0
unsw->ton,43,martingala,13,0.684,0.7064250668597052,12,384,False,0.0
unsw->ton,43,stat_13x13_adaptive,13,0.684,0.6261828638072832,13,416,False,0.0
unsw->ton,43,statico,14,0.737,0.46488551479764656,0,0,False,0.0
unsw->ton,43,ogni_batch,14,0.737,0.706887361168294,14,448,False,0.0
unsw->ton,43,su_innesco,14,0.737,0.46488551479764656,0,0,False,0.0
unsw->ton,43,oracolo,14,0.737,0.6548127567812683,14,448,False,0.0
unsw->ton,43,stat_13x13,14,0.737,0.619199525822111,14,448,False,0.0
unsw->ton,43,martingala,14,0.737,0.706887361168294,13,416,False,0.0
unsw->ton,43,stat_13x13_adaptive,14,0.737,0.6250285189024878,14,448,False,0.0
unsw->ton,43,statico,15,0.789,0.44344205922582813,0,0,False,0.0
unsw->ton,43,ogni_batch,15,0.789,0.7284641503206286,15,480,False,0.0
unsw->ton,43,su_innesco,15,0.789,0.44344205922582813,0,0,False,0.0
unsw->ton,43,oracolo,15,0.789,0.7124345155473986,15,480,False,0.0
unsw->ton,43,stat_13x13,15,0.789,0.6410816921266507,15,480,False,0.0
unsw->ton,43,martingala,15,0.789,0.7284641503206286,14,448,False,0.0
unsw->ton,43,stat_13x13_adaptive,15,0.789,0.6170804166352482,15,480,False,0.0
unsw->ton,43,statico,16,0.842,0.4132976530087454,0,0,False,0.0
unsw->ton,43,ogni_batch,16,0.842,0.7057131326110191,16,512,False,0.0
unsw->ton,43,su_innesco,16,0.842,0.4132976530087454,0,0,False,0.0
unsw->ton,43,oracolo,16,0.842,0.7123113026954763,16,512,False,0.0
unsw->ton,43,stat_13x13,16,0.842,0.7222328008314995,16,512,False,0.0
unsw->ton,43,martingala,16,0.842,0.7057131326110191,15,480,False,0.0
unsw->ton,43,stat_13x13_adaptive,16,0.842,0.6417569435292183,16,512,False,0.0
unsw->ton,43,statico,17,0.895,0.3870787792468444,0,0,False,0.0
unsw->ton,43,ogni_batch,17,0.895,0.7064142133166638,17,544,False,0.0
unsw->ton,43,su_innesco,17,0.895,0.3870787792468444,0,0,False,0.0
unsw->ton,43,oracolo,17,0.895,0.7458529090119561,17,544,False,0.0
unsw->ton,43,stat_13x13,17,0.895,0.7336287067671239,17,544,False,0.0
unsw->ton,43,martingala,17,0.895,0.7064142133166638,16,512,False,0.0
unsw->ton,43,stat_13x13_adaptive,17,0.895,0.6432833547717492,17,544,False,0.0
unsw->ton,43,statico,18,0.947,0.35226279093226853,0,0,False,0.0
unsw->ton,43,ogni_batch,18,0.947,0.6982825089518867,18,576,False,0.0
unsw->ton,43,su_innesco,18,0.947,0.35226279093226853,0,0,False,0.0
unsw->ton,43,oracolo,18,0.947,0.7677452780242062,18,576,False,0.0
unsw->ton,43,stat_13x13,18,0.947,0.7540515698229884,18,576,False,0.0
unsw->ton,43,martingala,18,0.947,0.6982825089518867,17,544,False,0.0
unsw->ton,43,stat_13x13_adaptive,18,0.947,0.7186373183890773,18,576,False,0.0
unsw->ton,43,statico,19,1.0,0.32807395983837145,0,0,False,0.0
unsw->ton,43,ogni_batch,19,1.0,0.7386014046664962,19,608,False,0.0
unsw->ton,43,su_innesco,19,1.0,0.32807395983837145,0,0,False,0.0
unsw->ton,43,oracolo,19,1.0,0.8033935345831051,19,608,False,0.0
unsw->ton,43,stat_13x13,19,1.0,0.7414057356454459,19,608,False,0.0
unsw->ton,43,martingala,19,1.0,0.7386014046664962,18,576,False,0.0
unsw->ton,43,stat_13x13_adaptive,19,1.0,0.735219119800773,19,608,False,0.0
unsw->ton,44,statico,0,0.0,0.8210629380556144,0,0,False,0.0
unsw->ton,44,ogni_batch,0,0.0,0.8210629380556144,0,0,False,0.0
unsw->ton,44,su_innesco,0,0.0,0.8210629380556144,0,0,False,0.0
unsw->ton,44,oracolo,0,0.0,0.8210629380556144,0,0,False,0.0
unsw->ton,44,stat_13x13,0,0.0,0.8210629380556144,0,0,False,0.0
unsw->ton,44,martingala,0,0.0,0.8210629380556144,0,0,False,0.0
unsw->ton,44,stat_13x13_adaptive,0,0.0,0.8210629380556144,0,0,False,0.0
unsw->ton,44,statico,1,0.053,0.7870270685546369,0,0,False,0.0
unsw->ton,44,ogni_batch,1,0.053,0.7672060326193826,1,32,False,0.0
unsw->ton,44,su_innesco,1,0.053,0.7870270685546369,0,0,False,0.0
unsw->ton,44,oracolo,1,0.053,0.7801677771285347,1,32,False,0.0
unsw->ton,44,stat_13x13,1,0.053,0.7324359648017833,1,32,False,0.0
unsw->ton,44,martingala,1,0.053,0.7870270685546369,0,0,False,0.0
unsw->ton,44,stat_13x13_adaptive,1,0.053,0.720519490148762,1,32,False,0.0
unsw->ton,44,statico,2,0.105,0.761032385808109,0,0,False,0.0
unsw->ton,44,ogni_batch,2,0.105,0.770964938828107,2,64,False,0.0
unsw->ton,44,su_innesco,2,0.105,0.761032385808109,0,0,False,0.0
unsw->ton,44,oracolo,2,0.105,0.7501173338966668,2,64,False,0.0
unsw->ton,44,stat_13x13,2,0.105,0.7641472001398256,2,64,False,0.0
unsw->ton,44,martingala,2,0.105,0.7374311265533734,1,32,False,0.0
unsw->ton,44,stat_13x13_adaptive,2,0.105,0.7696809288135726,2,64,False,0.0
unsw->ton,44,statico,3,0.158,0.7349873719852349,0,0,False,0.0
unsw->ton,44,ogni_batch,3,0.158,0.7419991118758846,3,96,False,0.0
unsw->ton,44,su_innesco,3,0.158,0.7349873719852349,0,0,False,0.0
unsw->ton,44,oracolo,3,0.158,0.7277524909106048,3,96,False,0.0
unsw->ton,44,stat_13x13,3,0.158,0.7559870666925703,3,96,False,0.0
unsw->ton,44,martingala,3,0.158,0.7408409425217174,2,64,False,0.0
unsw->ton,44,stat_13x13_adaptive,3,0.158,0.7540975826371735,3,96,False,0.0
unsw->ton,44,statico,4,0.211,0.7107031539935544,0,0,False,0.0
unsw->ton,44,ogni_batch,4,0.211,0.72064910741461,4,128,False,0.0
unsw->ton,44,su_innesco,4,0.211,0.7107031539935544,0,0,False,0.0
unsw->ton,44,oracolo,4,0.211,0.7079299212173664,4,128,False,0.0
unsw->ton,44,stat_13x13,4,0.211,0.7108075702556813,4,128,False,0.0
unsw->ton,44,martingala,4,0.211,0.6920151914610861,3,96,False,0.0
unsw->ton,44,stat_13x13_adaptive,4,0.211,0.7071572183255186,4,128,False,0.0
unsw->ton,44,statico,5,0.263,0.6721117418859014,0,0,False,0.0
unsw->ton,44,ogni_batch,5,0.263,0.6870201529089321,5,160,False,0.0
unsw->ton,44,su_innesco,5,0.263,0.6721117418859014,0,0,False,0.0
unsw->ton,44,oracolo,5,0.263,0.6785960925510399,5,160,False,0.0
unsw->ton,44,stat_13x13,5,0.263,0.6960200719177613,5,160,False,0.0
unsw->ton,44,martingala,5,0.263,0.6656325896343678,4,128,False,0.0
unsw->ton,44,stat_13x13_adaptive,5,0.263,0.6953321108067371,5,160,False,0.0
unsw->ton,44,statico,6,0.316,0.6412649579228662,0,0,False,0.0
unsw->ton,44,ogni_batch,6,0.316,0.6566727055174751,6,192,False,0.0
unsw->ton,44,su_innesco,6,0.316,0.6412649579228662,0,0,False,0.0
unsw->ton,44,oracolo,6,0.316,0.6630288584700217,6,192,False,0.0
unsw->ton,44,stat_13x13,6,0.316,0.6737471960714562,6,192,False,0.0
unsw->ton,44,martingala,6,0.316,0.6497048799457338,5,160,False,0.0
unsw->ton,44,stat_13x13_adaptive,6,0.316,0.6663983722412593,6,192,False,0.0
unsw->ton,44,statico,7,0.368,0.621493393094344,0,0,False,0.0
unsw->ton,44,ogni_batch,7,0.368,0.630205975473338,7,224,False,0.0
unsw->ton,44,su_innesco,7,0.368,0.621493393094344,0,0,False,0.0
unsw->ton,44,oracolo,7,0.368,0.6505987716634918,7,224,False,0.0
unsw->ton,44,stat_13x13,7,0.368,0.6583017808530587,7,224,False,0.0
unsw->ton,44,martingala,7,0.368,0.6418638857848928,6,192,False,0.0
unsw->ton,44,stat_13x13_adaptive,7,0.368,0.6489972485427438,7,224,False,0.0
unsw->ton,44,statico,8,0.421,0.596030260127201,0,0,False,0.0
unsw->ton,44,ogni_batch,8,0.421,0.6291244975690219,8,256,False,0.0
unsw->ton,44,su_innesco,8,0.421,0.596030260127201,0,0,False,0.0
unsw->ton,44,oracolo,8,0.421,0.6574053441631641,8,256,False,0.0
unsw->ton,44,stat_13x13,8,0.421,0.6649946763713291,8,256,False,0.0
unsw->ton,44,martingala,8,0.421,0.625360209922511,7,224,False,0.0
unsw->ton,44,stat_13x13_adaptive,8,0.421,0.6491941879791129,8,256,False,0.0
unsw->ton,44,statico,9,0.474,0.5707503361344894,0,0,False,0.0
unsw->ton,44,ogni_batch,9,0.474,0.6230411536015612,9,288,False,0.0
unsw->ton,44,su_innesco,9,0.474,0.5707503361344894,0,0,False,0.0
unsw->ton,44,oracolo,9,0.474,0.6545855489988668,9,288,False,0.0
unsw->ton,44,stat_13x13,9,0.474,0.698447288633296,9,288,False,0.0
unsw->ton,44,martingala,9,0.474,0.6278020248099705,8,256,False,0.0
unsw->ton,44,stat_13x13_adaptive,9,0.474,0.6854741967410305,9,288,False,0.0
unsw->ton,44,statico,10,0.526,0.537828680562776,0,0,False,0.0
unsw->ton,44,ogni_batch,10,0.526,0.6210412672759461,10,320,False,0.0
unsw->ton,44,su_innesco,10,0.526,0.537828680562776,0,0,False,0.0
unsw->ton,44,oracolo,10,0.526,0.6695516914652787,10,320,False,0.0
unsw->ton,44,stat_13x13,10,0.526,0.7150227666328075,10,320,False,0.0
unsw->ton,44,martingala,10,0.526,0.628207818937611,9,288,False,0.0
unsw->ton,44,stat_13x13_adaptive,10,0.526,0.6969166194032362,10,320,False,0.0
unsw->ton,44,statico,11,0.579,0.5104080906050629,0,0,False,0.0
unsw->ton,44,ogni_batch,11,0.579,0.6226233629420037,11,352,False,0.0
unsw->ton,44,su_innesco,11,0.579,0.5104080906050629,0,0,False,0.0
unsw->ton,44,oracolo,11,0.579,0.6700378246439579,11,352,False,0.0
unsw->ton,44,stat_13x13,11,0.579,0.6823042409991829,11,352,False,0.0
unsw->ton,44,martingala,11,0.579,0.6507841133811603,10,320,False,0.0
unsw->ton,44,stat_13x13_adaptive,11,0.579,0.6930432275756129,11,352,False,0.0
unsw->ton,44,statico,12,0.632,0.48004545021651784,0,0,False,0.0
unsw->ton,44,ogni_batch,12,0.632,0.6789961632814799,12,384,False,0.0
unsw->ton,44,su_innesco,12,0.632,0.48004545021651784,0,0,False,0.0
unsw->ton,44,oracolo,12,0.632,0.6918262798529253,12,384,False,0.0
unsw->ton,44,stat_13x13,12,0.632,0.7065895158274974,12,384,False,0.0
unsw->ton,44,martingala,12,0.632,0.6830767303894503,11,352,False,0.0
unsw->ton,44,stat_13x13_adaptive,12,0.632,0.6962828325143291,12,384,False,0.0
unsw->ton,44,statico,13,0.684,0.45370074862013077,0,0,False,0.0
unsw->ton,44,ogni_batch,13,0.684,0.710222747191065,13,416,False,0.0
unsw->ton,44,su_innesco,13,0.684,0.45370074862013077,0,0,False,0.0
unsw->ton,44,oracolo,13,0.684,0.7035643485025804,13,416,False,0.0
unsw->ton,44,stat_13x13,13,0.684,0.6723615684964456,13,416,False,0.0
unsw->ton,44,martingala,13,0.684,0.6798408725499377,12,384,False,0.0
unsw->ton,44,stat_13x13_adaptive,13,0.684,0.7015767436984619,13,416,False,0.0
unsw->ton,44,statico,14,0.737,0.42479883495368065,0,0,False,0.0
unsw->ton,44,ogni_batch,14,0.737,0.6937826503956603,14,448,False,0.0
unsw->ton,44,su_innesco,14,0.737,0.42479883495368065,0,0,False,0.0
unsw->ton,44,oracolo,14,0.737,0.7279392195023673,14,448,False,0.0
unsw->ton,44,stat_13x13,14,0.737,0.667877765676018,14,448,False,0.0
unsw->ton,44,martingala,14,0.737,0.7125282839597085,13,416,False,0.0
unsw->ton,44,stat_13x13_adaptive,14,0.737,0.7040800518705375,14,448,False,0.0
unsw->ton,44,statico,15,0.789,0.39953131494645977,0,0,False,0.0
unsw->ton,44,ogni_batch,15,0.789,0.7044016290970476,15,480,False,0.0
unsw->ton,44,su_innesco,15,0.789,0.39953131494645977,0,0,False,0.0
unsw->ton,44,oracolo,15,0.789,0.8126486073345003,15,480,False,0.0
unsw->ton,44,stat_13x13,15,0.789,0.6712671131481045,15,480,False,0.0
unsw->ton,44,martingala,15,0.789,0.7157201059381793,14,448,False,0.0
unsw->ton,44,stat_13x13_adaptive,15,0.789,0.7102086320124597,15,480,False,0.0
unsw->ton,44,statico,16,0.842,0.3737717092582309,0,0,False,0.0
unsw->ton,44,ogni_batch,16,0.842,0.7849327390024932,16,512,False,0.0
unsw->ton,44,su_innesco,16,0.842,0.3737717092582309,0,0,False,0.0
unsw->ton,44,oracolo,16,0.842,0.8091238382032931,16,512,False,0.0
unsw->ton,44,stat_13x13,16,0.842,0.6992198928870084,16,512,False,0.0
unsw->ton,44,martingala,16,0.842,0.791854915682265,15,480,False,0.0
unsw->ton,44,stat_13x13_adaptive,16,0.842,0.6885541113531801,16,512,False,0.0
unsw->ton,44,statico,17,0.895,0.34460831525948127,0,0,False,0.0
unsw->ton,44,ogni_batch,17,0.895,0.8163695275247083,17,544,False,0.0
unsw->ton,44,su_innesco,17,0.895,0.34460831525948127,0,0,False,0.0
unsw->ton,44,oracolo,17,0.895,0.7928633567518186,17,544,False,0.0
unsw->ton,44,stat_13x13,17,0.895,0.6729362096224781,17,544,False,0.0
unsw->ton,44,martingala,17,0.895,0.8137324257196257,16,512,False,0.0
unsw->ton,44,stat_13x13_adaptive,17,0.895,0.6861350961722146,17,544,False,0.0
unsw->ton,44,statico,18,0.947,0.3109776682220857,0,0,False,0.0
unsw->ton,44,ogni_batch,18,0.947,0.8573070402949228,18,576,False,0.0
unsw->ton,44,su_innesco,18,0.947,0.3109776682220857,0,0,False,0.0
unsw->ton,44,oracolo,18,0.947,0.8076981929741712,18,576,False,0.0
unsw->ton,44,stat_13x13,18,0.947,0.6300988293689667,18,576,False,0.0
unsw->ton,44,martingala,18,0.947,0.8768127423033218,17,544,False,0.0
unsw->ton,44,stat_13x13_adaptive,18,0.947,0.6774301393017492,18,576,False,0.0
unsw->ton,44,statico,19,1.0,0.28217424947451336,0,0,False,0.0
unsw->ton,44,ogni_batch,19,1.0,0.88016763474751,19,608,False,0.0
unsw->ton,44,su_innesco,19,1.0,0.28217424947451336,0,0,False,0.0
unsw->ton,44,oracolo,19,1.0,0.8723748226463643,19,608,False,0.0
unsw->ton,44,stat_13x13,19,1.0,0.6711707550235871,19,608,False,0.0
unsw->ton,44,martingala,19,1.0,0.8943264551938588,18,576,False,0.0
unsw->ton,44,stat_13x13_adaptive,19,1.0,0.6225198981824981,19,608,False,0.0
unsw->ton,45,statico,0,0.0,0.8147907173838627,0,0,False,0.0
unsw->ton,45,ogni_batch,0,0.0,0.8147907173838627,0,0,False,0.0
unsw->ton,45,su_innesco,0,0.0,0.8147907173838627,0,0,False,0.0
unsw->ton,45,oracolo,0,0.0,0.8147907173838627,0,0,False,0.0
unsw->ton,45,stat_13x13,0,0.0,0.8147907173838627,0,0,False,0.0
unsw->ton,45,martingala,0,0.0,0.8147907173838627,0,0,False,0.0
unsw->ton,45,stat_13x13_adaptive,0,0.0,0.8147907173838627,0,0,False,0.0
unsw->ton,45,statico,1,0.053,0.7926107316372271,0,0,False,0.0
unsw->ton,45,ogni_batch,1,0.053,0.7781736915002443,1,32,False,0.0
unsw->ton,45,su_innesco,1,0.053,0.7926107316372271,0,0,False,0.0
unsw->ton,45,oracolo,1,0.053,0.754872439124955,1,32,False,0.0
unsw->ton,45,stat_13x13,1,0.053,0.7862636145379837,1,32,False,0.0
unsw->ton,45,martingala,1,0.053,0.7926107316372271,0,0,False,0.0
unsw->ton,45,stat_13x13_adaptive,1,0.053,0.763302857135524,1,32,False,0.0
unsw->ton,45,statico,2,0.105,0.7668870315362142,0,0,False,0.0
unsw->ton,45,ogni_batch,2,0.105,0.7528975125185406,2,64,False,0.0
unsw->ton,45,su_innesco,2,0.105,0.7668870315362142,0,0,False,0.0
unsw->ton,45,oracolo,2,0.105,0.7631979122259738,2,64,False,0.0
unsw->ton,45,stat_13x13,2,0.105,0.7158696959226549,2,64,False,0.0
unsw->ton,45,martingala,2,0.105,0.7089587634684353,1,32,False,0.0
unsw->ton,45,stat_13x13_adaptive,2,0.105,0.7405692768690413,2,64,False,0.0
unsw->ton,45,statico,3,0.158,0.7379234948964347,0,0,False,0.0
unsw->ton,45,ogni_batch,3,0.158,0.7265221059640716,3,96,False,0.0
unsw->ton,45,su_innesco,3,0.158,0.7379234948964347,0,0,False,0.0
unsw->ton,45,oracolo,3,0.158,0.7281907775858585,3,96,False,0.0
unsw->ton,45,stat_13x13,3,0.158,0.6546220558816918,3,96,False,0.0
unsw->ton,45,martingala,3,0.158,0.6631137403570078,2,64,False,0.0
unsw->ton,45,stat_13x13_adaptive,3,0.158,0.6725776383596882,3,96,False,0.0
unsw->ton,45,statico,4,0.211,0.712560442763061,0,0,False,0.0
unsw->ton,45,ogni_batch,4,0.211,0.6979015027108256,4,128,False,0.0
unsw->ton,45,su_innesco,4,0.211,0.712560442763061,0,0,False,0.0
unsw->ton,45,oracolo,4,0.211,0.7087817728796728,4,128,False,0.0
unsw->ton,45,stat_13x13,4,0.211,0.6276896243683985,4,128,False,0.0
unsw->ton,45,martingala,4,0.211,0.6441912496343047,3,96,False,0.0
unsw->ton,45,stat_13x13_adaptive,4,0.211,0.6377495634708739,4,128,False,0.0
unsw->ton,45,statico,5,0.263,0.6803495672082864,0,0,False,0.0
unsw->ton,45,ogni_batch,5,0.263,0.66672983856563,5,160,False,0.0
unsw->ton,45,su_innesco,5,0.263,0.6803495672082864,0,0,False,0.0
unsw->ton,45,oracolo,5,0.263,0.6923764535478392,5,160,False,0.0
unsw->ton,45,stat_13x13,5,0.263,0.6602322184969801,5,160,False,0.0
unsw->ton,45,martingala,5,0.263,0.6431289176416848,4,128,False,0.0
unsw->ton,45,stat_13x13_adaptive,5,0.263,0.663266438493675,5,160,False,0.0
unsw->ton,45,statico,6,0.316,0.6489422106814279,0,0,False,0.0
unsw->ton,45,ogni_batch,6,0.316,0.6618338557679035,6,192,False,0.0
unsw->ton,45,su_innesco,6,0.316,0.6489422106814279,0,0,False,0.0
unsw->ton,45,oracolo,6,0.316,0.685610104142613,6,192,False,0.0
unsw->ton,45,stat_13x13,6,0.316,0.708773970607481,6,192,False,0.0
unsw->ton,45,martingala,6,0.316,0.6791413874774097,5,160,False,0.0
unsw->ton,45,stat_13x13_adaptive,6,0.316,0.7052385238810932,6,192,False,0.0
unsw->ton,45,statico,7,0.368,0.6233555937813164,0,0,False,0.0
unsw->ton,45,ogni_batch,7,0.368,0.6510324293410655,7,224,False,0.0
unsw->ton,45,su_innesco,7,0.368,0.6233555937813164,0,0,False,0.0
unsw->ton,45,oracolo,7,0.368,0.6760697309831166,7,224,False,0.0
unsw->ton,45,stat_13x13,7,0.368,0.636921551021377,7,224,False,0.0
unsw->ton,45,martingala,7,0.368,0.6544123401212494,6,192,False,0.0
unsw->ton,45,stat_13x13_adaptive,7,0.368,0.6327541147707456,7,224,False,0.0
unsw->ton,45,statico,8,0.421,0.5943719359806903,0,0,False,0.0
unsw->ton,45,ogni_batch,8,0.421,0.6283595074245494,8,256,False,0.0
unsw->ton,45,su_innesco,8,0.421,0.5943719359806903,0,0,False,0.0
unsw->ton,45,oracolo,8,0.421,0.6700971653903416,8,256,False,0.0
unsw->ton,45,stat_13x13,8,0.421,0.6238394279095862,8,256,False,0.0
unsw->ton,45,martingala,8,0.421,0.6518953093789399,7,224,False,0.0
unsw->ton,45,stat_13x13_adaptive,8,0.421,0.650640111648251,8,256,False,0.0
unsw->ton,45,statico,9,0.474,0.5626537320908073,0,0,False,0.0
unsw->ton,45,ogni_batch,9,0.474,0.6416646881145016,9,288,False,0.0
unsw->ton,45,su_innesco,9,0.474,0.5626537320908073,0,0,False,0.0
unsw->ton,45,oracolo,9,0.474,0.6469772713437522,9,288,False,0.0
unsw->ton,45,stat_13x13,9,0.474,0.659748419500516,9,288,False,0.0
unsw->ton,45,martingala,9,0.474,0.6401158384030643,8,256,False,0.0
unsw->ton,45,stat_13x13_adaptive,9,0.474,0.6516456422253211,9,288,False,0.0
unsw->ton,45,statico,10,0.526,0.5370010710158661,0,0,False,0.0
unsw->ton,45,ogni_batch,10,0.526,0.6537122047956065,10,320,False,0.0
unsw->ton,45,su_innesco,10,0.526,0.5370010710158661,0,0,False,0.0
unsw->ton,45,oracolo,10,0.526,0.6891166492520089,10,320,False,0.0
unsw->ton,45,stat_13x13,10,0.526,0.6769377594301957,10,320,False,0.0
unsw->ton,45,martingala,10,0.526,0.6515961172840206,9,288,False,0.0
unsw->ton,45,stat_13x13_adaptive,10,0.526,0.6785954750204238,10,320,False,0.0
unsw->ton,45,statico,11,0.579,0.5104428236119392,0,0,False,0.0
unsw->ton,45,ogni_batch,11,0.579,0.6563942837309156,11,352,False,0.0
unsw->ton,45,su_innesco,11,0.579,0.5104428236119392,0,0,False,0.0
unsw->ton,45,oracolo,11,0.579,0.6701740191324523,11,352,False,0.0
unsw->ton,45,stat_13x13,11,0.579,0.6888528817727742,11,352,False,0.0
unsw->ton,45,martingala,11,0.579,0.6627692234262188,10,320,False,0.0
unsw->ton,45,stat_13x13_adaptive,11,0.579,0.686667726943973,11,352,False,0.0
unsw->ton,45,statico,12,0.632,0.48544873218410645,0,0,False,0.0
unsw->ton,45,ogni_batch,12,0.632,0.7061374850286084,12,384,False,0.0
unsw->ton,45,su_innesco,12,0.632,0.48544873218410645,0,0,False,0.0
unsw->ton,45,oracolo,12,0.632,0.723417838379361,12,384,False,0.0
unsw->ton,45,stat_13x13,12,0.632,0.6868064980530927,12,384,False,0.0
unsw->ton,45,martingala,12,0.632,0.7172843002417675,11,352,False,0.0
unsw->ton,45,stat_13x13_adaptive,12,0.632,0.6875254857654102,12,384,False,0.0
unsw->ton,45,statico,13,0.684,0.45056947588978236,0,0,False,0.0
unsw->ton,45,ogni_batch,13,0.684,0.6454916723489419,13,416,False,0.0
unsw->ton,45,su_innesco,13,0.684,0.45056947588978236,0,0,False,0.0
unsw->ton,45,oracolo,13,0.684,0.7132568654982105,13,416,False,0.0
unsw->ton,45,stat_13x13,13,0.684,0.6876087652606703,13,416,False,0.0
unsw->ton,45,martingala,13,0.684,0.717926812260626,12,384,False,0.0
unsw->ton,45,stat_13x13_adaptive,13,0.684,0.6912371550235241,13,416,False,0.0
unsw->ton,45,statico,14,0.737,0.42414118860844136,0,0,False,0.0
unsw->ton,45,ogni_batch,14,0.737,0.7134316440838011,14,448,False,0.0
unsw->ton,45,su_innesco,14,0.737,0.42414118860844136,0,0,False,0.0
unsw->ton,45,oracolo,14,0.737,0.7740144615488214,14,448,False,0.0
unsw->ton,45,stat_13x13,14,0.737,0.6885153692189573,14,448,False,0.0
unsw->ton,45,martingala,14,0.737,0.7083525423649355,13,416,False,0.0
unsw->ton,45,stat_13x13_adaptive,14,0.737,0.6876592798632621,14,448,False,0.0
unsw->ton,45,statico,15,0.789,0.3917030647407895,0,0,False,0.0
unsw->ton,45,ogni_batch,15,0.789,0.7708108891700393,15,480,False,0.0
unsw->ton,45,su_innesco,15,0.789,0.3917030647407895,0,0,False,0.0
unsw->ton,45,oracolo,15,0.789,0.772405282131115,15,480,False,0.0
unsw->ton,45,stat_13x13,15,0.789,0.684351417647792,15,480,False,0.0
unsw->ton,45,martingala,15,0.789,0.7491131099661821,14,448,False,0.0
unsw->ton,45,stat_13x13_adaptive,15,0.789,0.6841298797169915,15,480,False,0.0
unsw->ton,45,statico,16,0.842,0.36850185793133194,0,0,False,0.0
unsw->ton,45,ogni_batch,16,0.842,0.7734066900575947,16,512,False,0.0
unsw->ton,45,su_innesco,16,0.842,0.36850185793133194,0,0,False,0.0
unsw->ton,45,oracolo,16,0.842,0.7935326684452215,16,512,False,0.0
unsw->ton,45,stat_13x13,16,0.842,0.6861070772666086,16,512,False,0.0
unsw->ton,45,martingala,16,0.842,0.7673055368950515,15,480,False,0.0
unsw->ton,45,stat_13x13_adaptive,16,0.842,0.6890199751195989,16,512,False,0.0
unsw->ton,45,statico,17,0.895,0.34060872919643903,0,0,False,0.0
unsw->ton,45,ogni_batch,17,0.895,0.8061097757398872,17,544,False,0.0
unsw->ton,45,su_innesco,17,0.895,0.34060872919643903,0,0,False,0.0
unsw->ton,45,oracolo,17,0.895,0.8333305848853738,17,544,False,0.0
unsw->ton,45,stat_13x13,17,0.895,0.6921573512269467,17,544,False,0.0
unsw->ton,45,martingala,17,0.895,0.8061097757398872,16,512,False,0.0
unsw->ton,45,stat_13x13_adaptive,17,0.895,0.6940728990847079,17,544,False,0.0
unsw->ton,45,statico,18,0.947,0.308240747664143,0,0,False,0.0
unsw->ton,45,ogni_batch,18,0.947,0.8254346453951373,18,576,False,0.0
unsw->ton,45,su_innesco,18,0.947,0.308240747664143,0,0,False,0.0
unsw->ton,45,oracolo,18,0.947,0.8724607671940035,18,576,False,0.0
unsw->ton,45,stat_13x13,18,0.947,0.697653461849141,18,576,False,0.0
unsw->ton,45,martingala,18,0.947,0.8254346453951373,17,544,False,0.0
unsw->ton,45,stat_13x13_adaptive,18,0.947,0.697605755173954,18,576,False,0.0
unsw->ton,45,statico,19,1.0,0.27590439835285707,0,0,False,0.0
unsw->ton,45,ogni_batch,19,1.0,0.8709183133558561,19,608,False,0.0
unsw->ton,45,su_innesco,19,1.0,0.27590439835285707,0,0,False,0.0
unsw->ton,45,oracolo,19,1.0,0.9378978773143737,19,608,False,0.0
unsw->ton,45,stat_13x13,19,1.0,0.6945408751566481,19,608,False,0.0
unsw->ton,45,martingala,19,1.0,0.8709183133558561,18,576,False,0.0
unsw->ton,45,stat_13x13_adaptive,19,1.0,0.6949310682629913,19,608,False,0.0
unsw->ton,46,statico,0,0.0,0.8155551253424975,0,0,False,0.0
unsw->ton,46,ogni_batch,0,0.0,0.8155551253424975,0,0,False,0.0
unsw->ton,46,su_innesco,0,0.0,0.8155551253424975,0,0,False,0.0
unsw->ton,46,oracolo,0,0.0,0.8155551253424975,0,0,False,0.0
unsw->ton,46,stat_13x13,0,0.0,0.8155551253424975,0,0,False,0.0
unsw->ton,46,martingala,0,0.0,0.8155551253424975,0,0,False,0.0
unsw->ton,46,stat_13x13_adaptive,0,0.0,0.8155551253424975,0,0,False,0.0
unsw->ton,46,statico,1,0.053,0.792490624416063,0,0,False,0.0
unsw->ton,46,ogni_batch,1,0.053,0.7633765573464164,1,32,False,0.0
unsw->ton,46,su_innesco,1,0.053,0.792490624416063,0,0,False,0.0
unsw->ton,46,oracolo,1,0.053,0.7708502991930262,1,32,False,0.0
unsw->ton,46,stat_13x13,1,0.053,0.7745475167196103,1,32,False,0.0
unsw->ton,46,martingala,1,0.053,0.792490624416063,0,0,False,0.0
unsw->ton,46,stat_13x13_adaptive,1,0.053,0.7724443657412035,1,32,False,0.0
unsw->ton,46,statico,2,0.105,0.7698882773350858,0,0,False,0.0
unsw->ton,46,ogni_batch,2,0.105,0.7227103699444125,2,64,False,0.0
unsw->ton,46,su_innesco,2,0.105,0.7698882773350858,0,0,False,0.0
unsw->ton,46,oracolo,2,0.105,0.7612286754839946,2,64,False,0.0
unsw->ton,46,stat_13x13,2,0.105,0.6035239190558339,2,64,False,0.0
unsw->ton,46,martingala,2,0.105,0.733430543005011,1,32,False,0.0
unsw->ton,46,stat_13x13_adaptive,2,0.105,0.723490237958323,2,64,False,0.0
unsw->ton,46,statico,3,0.158,0.7492184933379004,0,0,False,0.0
unsw->ton,46,ogni_batch,3,0.158,0.7141080264717632,3,96,False,0.0
unsw->ton,46,su_innesco,3,0.158,0.7492184933379004,0,0,False,0.0
unsw->ton,46,oracolo,3,0.158,0.711904932909997,3,96,False,0.0
unsw->ton,46,stat_13x13,3,0.158,0.7053222456086476,3,96,False,0.0
unsw->ton,46,martingala,3,0.158,0.7258218659674724,2,64,False,0.0
unsw->ton,46,stat_13x13_adaptive,3,0.158,0.7016579760022907,3,96,False,0.0
unsw->ton,46,statico,4,0.211,0.7189147554327916,0,0,False,0.0
unsw->ton,46,ogni_batch,4,0.211,0.6927929002546775,4,128,False,0.0
unsw->ton,46,su_innesco,4,0.211,0.7189147554327916,0,0,False,0.0
unsw->ton,46,oracolo,4,0.211,0.7038701613840759,4,128,False,0.0
unsw->ton,46,stat_13x13,4,0.211,0.6841985789184566,4,128,False,0.0
unsw->ton,46,martingala,4,0.211,0.6893854242517664,3,96,False,0.0
unsw->ton,46,stat_13x13_adaptive,4,0.211,0.688671937868367,4,128,False,0.0
unsw->ton,46,statico,5,0.263,0.6958491500069175,0,0,False,0.0
unsw->ton,46,ogni_batch,5,0.263,0.6607954021398266,5,160,False,0.0
unsw->ton,46,su_innesco,5,0.263,0.6958491500069175,0,0,False,0.0
unsw->ton,46,oracolo,5,0.263,0.7064501043396052,5,160,False,0.0
unsw->ton,46,stat_13x13,5,0.263,0.6682937304002952,5,160,False,0.0
unsw->ton,46,martingala,5,0.263,0.6694592643193138,4,128,False,0.0
unsw->ton,46,stat_13x13_adaptive,5,0.263,0.6808528537746725,5,160,False,0.0
unsw->ton,46,statico,6,0.316,0.6695954821225355,0,0,False,0.0
unsw->ton,46,ogni_batch,6,0.316,0.6338055434801324,6,192,False,0.0
unsw->ton,46,su_innesco,6,0.316,0.6695954821225355,0,0,False,0.0
unsw->ton,46,oracolo,6,0.316,0.6866028901309649,6,192,False,0.0
unsw->ton,46,stat_13x13,6,0.316,0.6429003290325811,6,192,False,0.0
unsw->ton,46,martingala,6,0.316,0.6334038221286353,5,160,False,0.0
unsw->ton,46,stat_13x13_adaptive,6,0.316,0.6467983682953831,6,192,False,0.0
unsw->ton,46,statico,7,0.368,0.6471752012599822,0,0,False,0.0
unsw->ton,46,ogni_batch,7,0.368,0.6242659726295662,7,224,False,0.0
unsw->ton,46,su_innesco,7,0.368,0.6471752012599822,0,0,False,0.0
unsw->ton,46,oracolo,7,0.368,0.6514993464535289,7,224,False,0.0
unsw->ton,46,stat_13x13,7,0.368,0.6705271325706315,7,224,False,0.0
unsw->ton,46,martingala,7,0.368,0.6415934987136913,6,192,False,0.0
unsw->ton,46,stat_13x13_adaptive,7,0.368,0.6587661827805515,7,224,False,0.0
unsw->ton,46,statico,8,0.421,0.6145875109417471,0,0,False,0.0
unsw->ton,46,ogni_batch,8,0.421,0.604984375981376,8,256,False,0.0
unsw->ton,46,su_innesco,8,0.421,0.6145875109417471,0,0,False,0.0
unsw->ton,46,oracolo,8,0.421,0.6292693675884302,8,256,False,0.0
unsw->ton,46,stat_13x13,8,0.421,0.6486062815634986,8,256,False,0.0
unsw->ton,46,martingala,8,0.421,0.6057839452533085,7,224,False,0.0
unsw->ton,46,stat_13x13_adaptive,8,0.421,0.6250767447383362,8,256,False,0.0
unsw->ton,46,statico,9,0.474,0.5961188942074117,0,0,False,0.0
unsw->ton,46,ogni_batch,9,0.474,0.5930731770342466,9,288,False,0.0
unsw->ton,46,su_innesco,9,0.474,0.5961188942074117,0,0,False,0.0
unsw->ton,46,oracolo,9,0.474,0.6354131914116623,9,288,False,0.0
unsw->ton,46,stat_13x13,9,0.474,0.6691816229842784,9,288,False,0.0
unsw->ton,46,martingala,9,0.474,0.5930731770342466,8,256,False,0.0
unsw->ton,46,stat_13x13_adaptive,9,0.474,0.6607312187263923,9,288,False,0.0
unsw->ton,46,statico,10,0.526,0.576434175151618,0,0,False,0.0
unsw->ton,46,ogni_batch,10,0.526,0.6115364643134806,10,320,False,0.0
unsw->ton,46,su_innesco,10,0.526,0.576434175151618,0,0,False,0.0
unsw->ton,46,oracolo,10,0.526,0.6378494712955078,10,320,False,0.0
unsw->ton,46,stat_13x13,10,0.526,0.6673750268878781,10,320,False,0.0
unsw->ton,46,martingala,10,0.526,0.6115364643134806,9,288,False,0.0
unsw->ton,46,stat_13x13_adaptive,10,0.526,0.6675535542702923,10,320,False,0.0
unsw->ton,46,statico,11,0.579,0.554779020439683,0,0,False,0.0
unsw->ton,46,ogni_batch,11,0.579,0.6007790951845451,11,352,False,0.0
unsw->ton,46,su_innesco,11,0.579,0.554779020439683,0,0,False,0.0
unsw->ton,46,oracolo,11,0.579,0.6116471867155555,11,352,False,0.0
unsw->ton,46,stat_13x13,11,0.579,0.6640587763031749,11,352,False,0.0
unsw->ton,46,martingala,11,0.579,0.6007790951845451,10,320,False,0.0
unsw->ton,46,stat_13x13_adaptive,11,0.579,0.6547484979882807,11,352,False,0.0
unsw->ton,46,statico,12,0.632,0.5337745894619255,0,0,False,0.0
unsw->ton,46,ogni_batch,12,0.632,0.6085901079278366,12,384,False,0.0
unsw->ton,46,su_innesco,12,0.632,0.5337745894619255,0,0,False,0.0
unsw->ton,46,oracolo,12,0.632,0.7140256039893005,12,384,False,0.0
unsw->ton,46,stat_13x13,12,0.632,0.6576158132588112,12,384,False,0.0
unsw->ton,46,martingala,12,0.632,0.6085901079278366,11,352,False,0.0
unsw->ton,46,stat_13x13_adaptive,12,0.632,0.6530249369801848,12,384,False,0.0
unsw->ton,46,statico,13,0.684,0.5098840614816512,0,0,False,0.0
unsw->ton,46,ogni_batch,13,0.684,0.7080922798375573,13,416,False,0.0
unsw->ton,46,su_innesco,13,0.684,0.5098840614816512,0,0,False,0.0
unsw->ton,46,oracolo,13,0.684,0.6935858871950334,13,416,False,0.0
unsw->ton,46,stat_13x13,13,0.684,0.6031702466374177,13,416,False,0.0
unsw->ton,46,martingala,13,0.684,0.7080922798375573,12,384,False,0.0
unsw->ton,46,stat_13x13_adaptive,13,0.684,0.5920916165922452,13,416,False,0.0
unsw->ton,46,statico,14,0.737,0.48611997409492674,0,0,False,0.0
unsw->ton,46,ogni_batch,14,0.737,0.7189321008682198,14,448,False,0.0
unsw->ton,46,su_innesco,14,0.737,0.48611997409492674,0,0,False,0.0
unsw->ton,46,oracolo,14,0.737,0.7063712731984026,14,448,False,0.0
unsw->ton,46,stat_13x13,14,0.737,0.7293748247704162,14,448,False,0.0
unsw->ton,46,martingala,14,0.737,0.7189321008682198,13,416,False,0.0
unsw->ton,46,stat_13x13_adaptive,14,0.737,0.738241814074097,14,448,False,0.0
unsw->ton,46,statico,15,0.789,0.46329133142554113,0,0,False,0.0
unsw->ton,46,ogni_batch,15,0.789,0.7411624880623322,15,480,False,0.0
unsw->ton,46,su_innesco,15,0.789,0.46329133142554113,0,0,False,0.0
unsw->ton,46,oracolo,15,0.789,0.7011795267375629,15,480,False,0.0
unsw->ton,46,stat_13x13,15,0.789,0.7264816138641959,15,480,False,0.0
unsw->ton,46,martingala,15,0.789,0.7411624880623322,14,448,False,0.0
unsw->ton,46,stat_13x13_adaptive,15,0.789,0.7408354953232898,15,480,False,0.0
unsw->ton,46,statico,16,0.842,0.44108200193847413,0,0,False,0.0
unsw->ton,46,ogni_batch,16,0.842,0.7183079309082825,16,512,False,0.0
unsw->ton,46,su_innesco,16,0.842,0.44108200193847413,0,0,False,0.0
unsw->ton,46,oracolo,16,0.842,0.7064784227986808,16,512,False,0.0
unsw->ton,46,stat_13x13,16,0.842,0.7329392533947688,16,512,False,0.0
unsw->ton,46,martingala,16,0.842,0.7183079309082825,15,480,False,0.0
unsw->ton,46,stat_13x13_adaptive,16,0.842,0.747834396643189,16,512,False,0.0
unsw->ton,46,statico,17,0.895,0.41692976967791273,0,0,False,0.0
unsw->ton,46,ogni_batch,17,0.895,0.7497054797084477,17,544,False,0.0
unsw->ton,46,su_innesco,17,0.895,0.41692976967791273,0,0,False,0.0
unsw->ton,46,oracolo,17,0.895,0.7189935507676511,17,544,False,0.0
unsw->ton,46,stat_13x13,17,0.895,0.6635129064861309,17,544,False,0.0
unsw->ton,46,martingala,17,0.895,0.7497054797084477,16,512,False,0.0
unsw->ton,46,stat_13x13_adaptive,17,0.895,0.7571716961053268,17,544,False,0.0
unsw->ton,46,statico,18,0.947,0.3883679503477866,0,0,False,0.0
unsw->ton,46,ogni_batch,18,0.947,0.7743684589015104,18,576,False,0.0
unsw->ton,46,su_innesco,18,0.947,0.3883679503477866,0,0,False,0.0
unsw->ton,46,oracolo,18,0.947,0.7256338605111329,18,576,False,0.0
unsw->ton,46,stat_13x13,18,0.947,0.7866102080549144,18,576,False,0.0
unsw->ton,46,martingala,18,0.947,0.7743684589015104,17,544,False,0.0
unsw->ton,46,stat_13x13_adaptive,18,0.947,0.7735497893218646,18,576,False,0.0
unsw->ton,46,statico,19,1.0,0.36754499981152955,0,0,False,0.0
unsw->ton,46,ogni_batch,19,1.0,0.8343937829864705,19,608,False,0.0
unsw->ton,46,su_innesco,19,1.0,0.36754499981152955,0,0,False,0.0
unsw->ton,46,oracolo,19,1.0,0.7451150871406027,19,608,False,0.0
unsw->ton,46,stat_13x13,19,1.0,0.8118586078885595,19,608,False,0.0
unsw->ton,46,martingala,19,1.0,0.8343937829864705,18,576,False,0.0
unsw->ton,46,stat_13x13_adaptive,19,1.0,0.8017851352545862,19,608,False,0.0
unsw->ton,47,statico,0,0.0,0.820591305411503,0,0,False,0.0
unsw->ton,47,ogni_batch,0,0.0,0.820591305411503,0,0,False,0.0
unsw->ton,47,su_innesco,0,0.0,0.820591305411503,0,0,False,0.0
unsw->ton,47,oracolo,0,0.0,0.820591305411503,0,0,False,0.0
unsw->ton,47,stat_13x13,0,0.0,0.820591305411503,0,0,False,0.0
unsw->ton,47,martingala,0,0.0,0.820591305411503,0,0,False,0.0
unsw->ton,47,stat_13x13_adaptive,0,0.0,0.820591305411503,0,0,False,0.0
unsw->ton,47,statico,1,0.053,0.7942608561174707,0,0,False,0.0
unsw->ton,47,ogni_batch,1,0.053,0.7613580666651446,1,32,False,0.0
unsw->ton,47,su_innesco,1,0.053,0.7942608561174707,0,0,False,0.0
unsw->ton,47,oracolo,1,0.053,0.7805088219098635,1,32,False,0.0
unsw->ton,47,stat_13x13,1,0.053,0.7571499195161162,1,32,False,0.0
unsw->ton,47,martingala,1,0.053,0.7942608561174707,0,0,False,0.0
unsw->ton,47,stat_13x13_adaptive,1,0.053,0.7614110344645872,1,32,False,0.0
unsw->ton,47,statico,2,0.105,0.7677322095897552,0,0,False,0.0
unsw->ton,47,ogni_batch,2,0.105,0.7491836552879165,2,64,False,0.0
unsw->ton,47,su_innesco,2,0.105,0.7677322095897552,0,0,False,0.0
unsw->ton,47,oracolo,2,0.105,0.7653136613786595,2,64,False,0.0
unsw->ton,47,stat_13x13,2,0.105,0.767713805298661,2,64,False,0.0
unsw->ton,47,martingala,2,0.105,0.7636570363797744,1,32,False,0.0
unsw->ton,47,stat_13x13_adaptive,2,0.105,0.7677871447881575,2,64,False,0.0
unsw->ton,47,statico,3,0.158,0.7406615755257329,0,0,False,0.0
unsw->ton,47,ogni_batch,3,0.158,0.7198343541105032,3,96,False,0.0
unsw->ton,47,su_innesco,3,0.158,0.7406615755257329,0,0,False,0.0
unsw->ton,47,oracolo,3,0.158,0.7329882134594783,3,96,False,0.0
unsw->ton,47,stat_13x13,3,0.158,0.7235710434130967,3,96,False,0.0
unsw->ton,47,martingala,3,0.158,0.7304171753933546,2,64,False,0.0
unsw->ton,47,stat_13x13_adaptive,3,0.158,0.7247492339127173,3,96,False,0.0
unsw->ton,47,statico,4,0.211,0.7257533500664625,0,0,False,0.0
unsw->ton,47,ogni_batch,4,0.211,0.708878780757624,4,128,False,0.0
unsw->ton,47,su_innesco,4,0.211,0.7257533500664625,0,0,False,0.0
unsw->ton,47,oracolo,4,0.211,0.701892144000787,4,128,False,0.0
unsw->ton,47,stat_13x13,4,0.211,0.7164819296485452,4,128,False,0.0
unsw->ton,47,martingala,4,0.211,0.7224861767246336,3,96,False,0.0
unsw->ton,47,stat_13x13_adaptive,4,0.211,0.7328391941203112,4,128,False,0.0
unsw->ton,47,statico,5,0.263,0.6972428708768278,0,0,False,0.0
unsw->ton,47,ogni_batch,5,0.263,0.69485074728792,5,160,False,0.0
unsw->ton,47,su_innesco,5,0.263,0.6972428708768278,0,0,False,0.0
unsw->ton,47,oracolo,5,0.263,0.6832614171628402,5,160,False,0.0
unsw->ton,47,stat_13x13,5,0.263,0.6914870021583925,5,160,False,0.0
unsw->ton,47,martingala,5,0.263,0.6987829496102647,4,128,False,0.0
unsw->ton,47,stat_13x13_adaptive,5,0.263,0.692884487311304,5,160,False,0.0
unsw->ton,47,statico,6,0.316,0.6657894262022533,0,0,False,0.0
unsw->ton,47,ogni_batch,6,0.316,0.6624747002188949,6,192,False,0.0
unsw->ton,47,su_innesco,6,0.316,0.6657894262022533,0,0,False,0.0
unsw->ton,47,oracolo,6,0.316,0.6605679122450225,6,192,False,0.0
unsw->ton,47,stat_13x13,6,0.316,0.6789305341830223,6,192,False,0.0
unsw->ton,47,martingala,6,0.316,0.666575104872193,5,160,False,0.0
unsw->ton,47,stat_13x13_adaptive,6,0.316,0.6770229729315611,6,192,False,0.0
unsw->ton,47,statico,7,0.368,0.643834964767364,0,0,False,0.0
unsw->ton,47,ogni_batch,7,0.368,0.6349581375278097,7,224,False,0.0
unsw->ton,47,su_innesco,7,0.368,0.643834964767364,0,0,False,0.0
unsw->ton,47,oracolo,7,0.368,0.6336920714428821,7,224,False,0.0
unsw->ton,47,stat_13x13,7,0.368,0.669306126579275,7,224,False,0.0
unsw->ton,47,martingala,7,0.368,0.6348756716707391,6,192,False,0.0
unsw->ton,47,stat_13x13_adaptive,7,0.368,0.6685952801963595,7,224,False,0.0
unsw->ton,47,statico,8,0.421,0.6183368509026479,0,0,False,0.0
unsw->ton,47,ogni_batch,8,0.421,0.6243121487154506,8,256,False,0.0
unsw->ton,47,su_innesco,8,0.421,0.6183368509026479,0,0,False,0.0
unsw->ton,47,oracolo,8,0.421,0.6307858074195807,8,256,False,0.0
unsw->ton,47,stat_13x13,8,0.421,0.7086555652865775,8,256,False,0.0
unsw->ton,47,martingala,8,0.421,0.6248536142879697,7,224,False,0.0
unsw->ton,47,stat_13x13_adaptive,8,0.421,0.6916932199588232,8,256,False,0.0
unsw->ton,47,statico,9,0.474,0.5927772237432902,0,0,False,0.0
unsw->ton,47,ogni_batch,9,0.474,0.6069800165378236,9,288,False,0.0
unsw->ton,47,su_innesco,9,0.474,0.5927772237432902,0,0,False,0.0
unsw->ton,47,oracolo,9,0.474,0.650555169823441,9,288,False,0.0
unsw->ton,47,stat_13x13,9,0.474,0.7251157184590893,9,288,False,0.0
unsw->ton,47,martingala,9,0.474,0.6069800165378236,8,256,False,0.0
unsw->ton,47,stat_13x13_adaptive,9,0.474,0.7208177201149402,9,288,False,0.0
unsw->ton,47,statico,10,0.526,0.5642041899423687,0,0,False,0.0
unsw->ton,47,ogni_batch,10,0.526,0.5955620944715863,10,320,False,0.0
unsw->ton,47,su_innesco,10,0.526,0.5642041899423687,0,0,False,0.0
unsw->ton,47,oracolo,10,0.526,0.6494269820876036,10,320,False,0.0
unsw->ton,47,stat_13x13,10,0.526,0.7256899042968744,10,320,False,0.0
unsw->ton,47,martingala,10,0.526,0.5955620944715863,9,288,False,0.0
unsw->ton,47,stat_13x13_adaptive,10,0.526,0.7238561687269067,10,320,False,0.0
unsw->ton,47,statico,11,0.579,0.5341587876998185,0,0,False,0.0
unsw->ton,47,ogni_batch,11,0.579,0.6003055120796963,11,352,False,0.0
unsw->ton,47,su_innesco,11,0.579,0.5341587876998185,0,0,False,0.0
unsw->ton,47,oracolo,11,0.579,0.6877209075078008,11,352,False,0.0
unsw->ton,47,stat_13x13,11,0.579,0.6964677535753261,11,352,False,0.0
unsw->ton,47,martingala,11,0.579,0.6003055120796963,10,320,False,0.0
unsw->ton,47,stat_13x13_adaptive,11,0.579,0.6938764945430769,11,352,False,0.0
unsw->ton,47,statico,12,0.632,0.516061010882076,0,0,False,0.0
unsw->ton,47,ogni_batch,12,0.632,0.6311687061711884,12,384,False,0.0
unsw->ton,47,su_innesco,12,0.632,0.516061010882076,0,0,False,0.0
unsw->ton,47,oracolo,12,0.632,0.6591210033576711,12,384,False,0.0
unsw->ton,47,stat_13x13,12,0.632,0.6915463240370845,12,384,False,0.0
unsw->ton,47,martingala,12,0.632,0.6311687061711884,11,352,False,0.0
unsw->ton,47,stat_13x13_adaptive,12,0.632,0.689226922217311,12,384,False,0.0
unsw->ton,47,statico,13,0.684,0.48473893069598867,0,0,False,0.0
unsw->ton,47,ogni_batch,13,0.684,0.6766233879464375,13,416,False,0.0
unsw->ton,47,su_innesco,13,0.684,0.48473893069598867,0,0,False,0.0
unsw->ton,47,oracolo,13,0.684,0.6292351113850914,13,416,False,0.0
unsw->ton,47,stat_13x13,13,0.684,0.695360665249076,13,416,False,0.0
unsw->ton,47,martingala,13,0.684,0.6766233879464375,12,384,False,0.0
unsw->ton,47,stat_13x13_adaptive,13,0.684,0.6958497577869893,13,416,False,0.0
unsw->ton,47,statico,14,0.737,0.45762175855985165,0,0,False,0.0
unsw->ton,47,ogni_batch,14,0.737,0.7343198610988475,14,448,False,0.0
unsw->ton,47,su_innesco,14,0.737,0.45762175855985165,0,0,False,0.0
unsw->ton,47,oracolo,14,0.737,0.679495646151627,14,448,False,0.0
unsw->ton,47,stat_13x13,14,0.737,0.695201464541876,14,448,False,0.0
unsw->ton,47,martingala,14,0.737,0.7343198610988475,13,416,False,0.0
unsw->ton,47,stat_13x13_adaptive,14,0.737,0.6949477966155271,14,448,False,0.0
unsw->ton,47,statico,15,0.789,0.4408174408359377,0,0,False,0.0
unsw->ton,47,ogni_batch,15,0.789,0.7557581062577821,15,480,False,0.0
unsw->ton,47,su_innesco,15,0.789,0.4408174408359377,0,0,False,0.0
unsw->ton,47,oracolo,15,0.789,0.6679847093723621,15,480,False,0.0
unsw->ton,47,stat_13x13,15,0.789,0.6876432857026814,15,480,False,0.0
unsw->ton,47,martingala,15,0.789,0.7557581062577821,14,448,False,0.0
unsw->ton,47,stat_13x13_adaptive,15,0.789,0.6912351806158539,15,480,False,0.0
unsw->ton,47,statico,16,0.842,0.40438655627659537,0,0,False,0.0
unsw->ton,47,ogni_batch,16,0.842,0.7631476805753316,16,512,False,0.0
unsw->ton,47,su_innesco,16,0.842,0.40438655627659537,0,0,False,0.0
unsw->ton,47,oracolo,16,0.842,0.7641967264378464,16,512,False,0.0
unsw->ton,47,stat_13x13,16,0.842,0.6916960485208653,16,512,False,0.0
unsw->ton,47,martingala,16,0.842,0.7631476805753316,15,480,False,0.0
unsw->ton,47,stat_13x13_adaptive,16,0.842,0.6899045486348601,16,512,False,0.0
unsw->ton,47,statico,17,0.895,0.38500993566264075,0,0,False,0.0
unsw->ton,47,ogni_batch,17,0.895,0.7544779148163079,17,544,False,0.0
unsw->ton,47,su_innesco,17,0.895,0.38500993566264075,0,0,False,0.0
unsw->ton,47,oracolo,17,0.895,0.7593413078040405,17,544,False,0.0
unsw->ton,47,stat_13x13,17,0.895,0.6763983382546175,17,544,False,0.0
unsw->ton,47,martingala,17,0.895,0.7544779148163079,16,512,False,0.0
unsw->ton,47,stat_13x13_adaptive,17,0.895,0.6737638754573586,17,544,False,0.0
unsw->ton,47,statico,18,0.947,0.36138650133283295,0,0,False,0.0
unsw->ton,47,ogni_batch,18,0.947,0.7739677537912794,18,576,False,0.0
unsw->ton,47,su_innesco,18,0.947,0.36138650133283295,0,0,False,0.0
unsw->ton,47,oracolo,18,0.947,0.7865151367132863,18,576,False,0.0
unsw->ton,47,stat_13x13,18,0.947,0.6888712966222561,18,576,False,0.0
unsw->ton,47,martingala,18,0.947,0.7739677537912794,17,544,False,0.0
unsw->ton,47,stat_13x13_adaptive,18,0.947,0.6888799038742102,18,576,False,0.0
unsw->ton,47,statico,19,1.0,0.3294222739441969,0,0,False,0.0
unsw->ton,47,ogni_batch,19,1.0,0.8087087014758036,19,608,False,0.0
unsw->ton,47,su_innesco,19,1.0,0.3294222739441969,0,0,False,0.0
unsw->ton,47,oracolo,19,1.0,0.8114066494003035,19,608,False,0.0
unsw->ton,47,stat_13x13,19,1.0,0.6901728718979386,19,608,False,0.0
unsw->ton,47,martingala,19,1.0,0.8087087014758036,18,576,False,0.0
unsw->ton,47,stat_13x13_adaptive,19,1.0,0.6883284932100012,19,608,False,0.0
unsw->ton,48,statico,0,0.0,0.8195651611970654,0,0,False,0.0
unsw->ton,48,ogni_batch,0,0.0,0.8195651611970654,0,0,False,0.0
unsw->ton,48,su_innesco,0,0.0,0.8195651611970654,0,0,False,0.0
unsw->ton,48,oracolo,0,0.0,0.8195651611970654,0,0,False,0.0
unsw->ton,48,stat_13x13,0,0.0,0.8195651611970654,0,0,False,0.0
unsw->ton,48,martingala,0,0.0,0.8195651611970654,0,0,False,0.0
unsw->ton,48,stat_13x13_adaptive,0,0.0,0.8195651611970654,0,0,False,0.0
unsw->ton,48,statico,1,0.053,0.7909755972206516,0,0,False,0.0
unsw->ton,48,ogni_batch,1,0.053,0.7697684564561186,1,32,False,0.0
unsw->ton,48,su_innesco,1,0.053,0.7909755972206516,0,0,False,0.0
unsw->ton,48,oracolo,1,0.053,0.7799500544848353,1,32,False,0.0
unsw->ton,48,stat_13x13,1,0.053,0.7717465924444019,1,32,False,0.0
unsw->ton,48,martingala,1,0.053,0.7909755972206516,0,0,False,0.0
unsw->ton,48,stat_13x13_adaptive,1,0.053,0.7480379721397137,1,32,False,0.0
unsw->ton,48,statico,2,0.105,0.7657260305984781,0,0,False,0.0
unsw->ton,48,ogni_batch,2,0.105,0.7526969930731164,2,64,False,0.0
unsw->ton,48,su_innesco,2,0.105,0.7657260305984781,0,0,False,0.0
unsw->ton,48,oracolo,2,0.105,0.7522651209539616,2,64,False,0.0
unsw->ton,48,stat_13x13,2,0.105,0.7584603103441352,2,64,False,0.0
unsw->ton,48,martingala,2,0.105,0.7613189304782622,1,32,False,0.0
unsw->ton,48,stat_13x13_adaptive,2,0.105,0.763651151899015,2,64,False,0.0
unsw->ton,48,statico,3,0.158,0.744562490064046,0,0,False,0.0
unsw->ton,48,ogni_batch,3,0.158,0.7293768503108911,3,96,False,0.0
unsw->ton,48,su_innesco,3,0.158,0.744562490064046,0,0,False,0.0
unsw->ton,48,oracolo,3,0.158,0.7388907417474606,3,96,False,0.0
unsw->ton,48,stat_13x13,3,0.158,0.7235862040597614,3,96,False,0.0
unsw->ton,48,martingala,3,0.158,0.7129216318644241,2,64,False,0.0
unsw->ton,48,stat_13x13_adaptive,3,0.158,0.7216224148453994,3,96,False,0.0
unsw->ton,48,statico,4,0.211,0.7157463083813684,0,0,False,0.0
unsw->ton,48,ogni_batch,4,0.211,0.6988011616807495,4,128,False,0.0
unsw->ton,48,su_innesco,4,0.211,0.7157463083813684,0,0,False,0.0
unsw->ton,48,oracolo,4,0.211,0.7204791693819373,4,128,False,0.0
unsw->ton,48,stat_13x13,4,0.211,0.700455743223177,4,128,False,0.0
unsw->ton,48,martingala,4,0.211,0.6929845382285241,3,96,False,0.0
unsw->ton,48,stat_13x13_adaptive,4,0.211,0.7032638139599301,4,128,False,0.0
unsw->ton,48,statico,5,0.263,0.6967143519774388,0,0,False,0.0
unsw->ton,48,ogni_batch,5,0.263,0.6781547591364909,5,160,False,0.0
unsw->ton,48,su_innesco,5,0.263,0.6967143519774388,0,0,False,0.0
unsw->ton,48,oracolo,5,0.263,0.7029567965865442,5,160,False,0.0
unsw->ton,48,stat_13x13,5,0.263,0.7042781191242636,5,160,False,0.0
unsw->ton,48,martingala,5,0.263,0.6588740357592551,4,128,False,0.0
unsw->ton,48,stat_13x13_adaptive,5,0.263,0.7062596085387493,5,160,False,0.0
unsw->ton,48,statico,6,0.316,0.6718791014812207,0,0,False,0.0
unsw->ton,48,ogni_batch,6,0.316,0.6792529644991792,6,192,False,0.0
unsw->ton,48,su_innesco,6,0.316,0.6718791014812207,0,0,False,0.0
unsw->ton,48,oracolo,6,0.316,0.6786375422438274,6,192,False,0.0
unsw->ton,48,stat_13x13,6,0.316,0.6945115035830083,6,192,False,0.0
unsw->ton,48,martingala,6,0.316,0.6758566522309771,5,160,False,0.0
unsw->ton,48,stat_13x13_adaptive,6,0.316,0.6957088502819304,6,192,False,0.0
unsw->ton,48,statico,7,0.368,0.6455445285790065,0,0,False,0.0
unsw->ton,48,ogni_batch,7,0.368,0.6778174256446545,7,224,False,0.0
unsw->ton,48,su_innesco,7,0.368,0.6455445285790065,0,0,False,0.0
unsw->ton,48,oracolo,7,0.368,0.6543227303995653,7,224,False,0.0
unsw->ton,48,stat_13x13,7,0.368,0.6852557027751622,7,224,False,0.0
unsw->ton,48,martingala,7,0.368,0.6866078423310648,6,192,False,0.0
unsw->ton,48,stat_13x13_adaptive,7,0.368,0.6867907426619999,7,224,False,0.0
unsw->ton,48,statico,8,0.421,0.6138585731936201,0,0,False,0.0
unsw->ton,48,ogni_batch,8,0.421,0.6590366008285617,8,256,False,0.0
unsw->ton,48,su_innesco,8,0.421,0.6138585731936201,0,0,False,0.0
unsw->ton,48,oracolo,8,0.421,0.654020712610142,8,256,False,0.0
unsw->ton,48,stat_13x13,8,0.421,0.6868789174771277,8,256,False,0.0
unsw->ton,48,martingala,8,0.421,0.667030593394067,7,224,False,0.0
unsw->ton,48,stat_13x13_adaptive,8,0.421,0.6571799050705842,8,256,False,0.0
unsw->ton,48,statico,9,0.474,0.5868078418897166,0,0,False,0.0
unsw->ton,48,ogni_batch,9,0.474,0.6365169746101622,9,288,False,0.0
unsw->ton,48,su_innesco,9,0.474,0.5868078418897166,0,0,False,0.0
unsw->ton,48,oracolo,9,0.474,0.6199396495371099,9,288,False,0.0
unsw->ton,48,stat_13x13,9,0.474,0.7210359577942751,9,288,False,0.0
unsw->ton,48,martingala,9,0.474,0.6365169746101622,8,256,False,0.0
unsw->ton,48,stat_13x13_adaptive,9,0.474,0.7220298289223188,9,288,False,0.0
unsw->ton,48,statico,10,0.526,0.5698034198954456,0,0,False,0.0
unsw->ton,48,ogni_batch,10,0.526,0.6440782543964003,10,320,False,0.0
unsw->ton,48,su_innesco,10,0.526,0.5698034198954456,0,0,False,0.0
unsw->ton,48,oracolo,10,0.526,0.6584829231225204,10,320,False,0.0
unsw->ton,48,stat_13x13,10,0.526,0.729237163983436,10,320,False,0.0
unsw->ton,48,martingala,10,0.526,0.6440782543964003,9,288,False,0.0
unsw->ton,48,stat_13x13_adaptive,10,0.526,0.7219077271851189,10,320,False,0.0
unsw->ton,48,statico,11,0.579,0.5407994775142273,0,0,False,0.0
unsw->ton,48,ogni_batch,11,0.579,0.7265954541107975,11,352,False,0.0
unsw->ton,48,su_innesco,11,0.579,0.5407994775142273,0,0,False,0.0
unsw->ton,48,oracolo,11,0.579,0.6386374431422859,11,352,False,0.0
unsw->ton,48,stat_13x13,11,0.579,0.7096812823048643,11,352,False,0.0
unsw->ton,48,martingala,11,0.579,0.7265954541107975,10,320,False,0.0
unsw->ton,48,stat_13x13_adaptive,11,0.579,0.7123379418077864,11,352,False,0.0
unsw->ton,48,statico,12,0.632,0.5088389690877111,0,0,False,0.0
unsw->ton,48,ogni_batch,12,0.632,0.7446000833095394,12,384,False,0.0
unsw->ton,48,su_innesco,12,0.632,0.5088389690877111,0,0,False,0.0
unsw->ton,48,oracolo,12,0.632,0.6763544289403002,12,384,False,0.0
unsw->ton,48,stat_13x13,12,0.632,0.7122070106089877,12,384,False,0.0
unsw->ton,48,martingala,12,0.632,0.7446000833095394,11,352,False,0.0
unsw->ton,48,stat_13x13_adaptive,12,0.632,0.7244753291283028,12,384,False,0.0
unsw->ton,48,statico,13,0.684,0.4929216075915646,0,0,False,0.0
unsw->ton,48,ogni_batch,13,0.684,0.757872730334499,13,416,False,0.0
unsw->ton,48,su_innesco,13,0.684,0.4929216075915646,0,0,False,0.0
unsw->ton,48,oracolo,13,0.684,0.6960704697288601,13,416,False,0.0
unsw->ton,48,stat_13x13,13,0.684,0.7237140495464469,13,416,False,0.0
unsw->ton,48,martingala,13,0.684,0.757872730334499,12,384,False,0.0
unsw->ton,48,stat_13x13_adaptive,13,0.684,0.6825323755078923,13,416,False,0.0
unsw->ton,48,statico,14,0.737,0.4589432262284186,0,0,False,0.0
unsw->ton,48,ogni_batch,14,0.737,0.7528575530570483,14,448,False,0.0
unsw->ton,48,su_innesco,14,0.737,0.4589432262284186,0,0,False,0.0
unsw->ton,48,oracolo,14,0.737,0.710854099416311,14,448,False,0.0
unsw->ton,48,stat_13x13,14,0.737,0.7197151817102473,14,448,False,0.0
unsw->ton,48,martingala,14,0.737,0.7528575530570483,13,416,False,0.0
unsw->ton,48,stat_13x13_adaptive,14,0.737,0.6747485471196785,14,448,False,0.0
unsw->ton,48,statico,15,0.789,0.42996148245055527,0,0,False,0.0
unsw->ton,48,ogni_batch,15,0.789,0.7396073221122539,15,480,False,0.0
unsw->ton,48,su_innesco,15,0.789,0.42996148245055527,0,0,False,0.0
unsw->ton,48,oracolo,15,0.789,0.7266230784391152,15,480,False,0.0
unsw->ton,48,stat_13x13,15,0.789,0.7068792551715231,15,480,False,0.0
unsw->ton,48,martingala,15,0.789,0.7396073221122539,14,448,False,0.0
unsw->ton,48,stat_13x13_adaptive,15,0.789,0.6614169105562754,15,480,False,0.0
unsw->ton,48,statico,16,0.842,0.40897805195961756,0,0,False,0.0
unsw->ton,48,ogni_batch,16,0.842,0.7422213586573725,16,512,False,0.0
unsw->ton,48,su_innesco,16,0.842,0.40897805195961756,0,0,False,0.0
unsw->ton,48,oracolo,16,0.842,0.8065623912110688,16,512,False,0.0
unsw->ton,48,stat_13x13,16,0.842,0.6473726309312737,16,512,False,0.0
unsw->ton,48,martingala,16,0.842,0.7422213586573725,15,480,False,0.0
unsw->ton,48,stat_13x13_adaptive,16,0.842,0.7337036407354334,16,512,False,0.0
unsw->ton,48,statico,17,0.895,0.38286736099661245,0,0,False,0.0
unsw->ton,48,ogni_batch,17,0.895,0.7645589297727047,17,544,False,0.0
unsw->ton,48,su_innesco,17,0.895,0.38286736099661245,0,0,False,0.0
unsw->ton,48,oracolo,17,0.895,0.8450186750302053,17,544,False,0.0
unsw->ton,48,stat_13x13,17,0.895,0.6536868835754581,17,544,False,0.0
unsw->ton,48,martingala,17,0.895,0.7645589297727047,16,512,False,0.0
unsw->ton,48,stat_13x13_adaptive,17,0.895,0.7437168834744035,17,544,False,0.0
unsw->ton,48,statico,18,0.947,0.35209009793306123,0,0,False,0.0
unsw->ton,48,ogni_batch,18,0.947,0.7811952255518277,18,576,False,0.0
unsw->ton,48,su_innesco,18,0.947,0.35209009793306123,0,0,False,0.0
unsw->ton,48,oracolo,18,0.947,0.831871537244373,18,576,False,0.0
unsw->ton,48,stat_13x13,18,0.947,0.6616156923116803,18,576,False,0.0
unsw->ton,48,martingala,18,0.947,0.7811952255518277,17,544,False,0.0
unsw->ton,48,stat_13x13_adaptive,18,0.947,0.7628640252572882,18,576,False,0.0
unsw->ton,48,statico,19,1.0,0.32873355075353555,0,0,False,0.0
unsw->ton,48,ogni_batch,19,1.0,0.8099609816347251,19,608,False,0.0
unsw->ton,48,su_innesco,19,1.0,0.32873355075353555,0,0,False,0.0
unsw->ton,48,oracolo,19,1.0,0.8046599497517246,19,608,False,0.0
unsw->ton,48,stat_13x13,19,1.0,0.8210793126540683,19,608,False,0.0
unsw->ton,48,martingala,19,1.0,0.8099609816347251,18,576,False,0.0
unsw->ton,48,stat_13x13_adaptive,19,1.0,0.7544032734416228,19,608,False,0.0
unsw->ton,49,statico,0,0.0,0.8180250114936446,0,0,False,0.0
unsw->ton,49,ogni_batch,0,0.0,0.8180250114936446,0,0,False,0.0
unsw->ton,49,su_innesco,0,0.0,0.8180250114936446,0,0,False,0.0
unsw->ton,49,oracolo,0,0.0,0.8180250114936446,0,0,False,0.0
unsw->ton,49,stat_13x13,0,0.0,0.8180250114936446,0,0,False,0.0
unsw->ton,49,martingala,0,0.0,0.8180250114936446,0,0,False,0.0
unsw->ton,49,stat_13x13_adaptive,0,0.0,0.8180250114936446,0,0,False,0.0
unsw->ton,49,statico,1,0.053,0.792634757628341,0,0,False,0.0
unsw->ton,49,ogni_batch,1,0.053,0.5823724985282094,1,32,False,0.0
unsw->ton,49,su_innesco,1,0.053,0.792634757628341,0,0,False,0.0
unsw->ton,49,oracolo,1,0.053,0.7521427634788536,1,32,False,0.0
unsw->ton,49,stat_13x13,1,0.053,0.5291143516581989,1,32,False,0.0
unsw->ton,49,martingala,1,0.053,0.792634757628341,0,0,False,0.0
unsw->ton,49,stat_13x13_adaptive,1,0.053,0.514638441488577,1,32,False,0.0
unsw->ton,49,statico,2,0.105,0.7624811211840883,0,0,False,0.0
unsw->ton,49,ogni_batch,2,0.105,0.7491310710183533,2,64,False,0.0
unsw->ton,49,su_innesco,2,0.105,0.7624811211840883,0,0,False,0.0
unsw->ton,49,oracolo,2,0.105,0.7430712850473487,2,64,False,0.0
unsw->ton,49,stat_13x13,2,0.105,0.7534610180453586,2,64,False,0.0
unsw->ton,49,martingala,2,0.105,0.7329901335587121,1,32,False,0.0
unsw->ton,49,stat_13x13_adaptive,2,0.105,0.7460002551396514,2,64,False,0.0
unsw->ton,49,statico,3,0.158,0.7285251188175855,0,0,False,0.0
unsw->ton,49,ogni_batch,3,0.158,0.7310621820450975,3,96,False,0.0
unsw->ton,49,su_innesco,3,0.158,0.7285251188175855,0,0,False,0.0
unsw->ton,49,oracolo,3,0.158,0.7204985759690746,3,96,False,0.0
unsw->ton,49,stat_13x13,3,0.158,0.7257960045814846,3,96,False,0.0
unsw->ton,49,martingala,3,0.158,0.722416706329675,2,64,False,0.0
unsw->ton,49,stat_13x13_adaptive,3,0.158,0.7164784359177692,3,96,False,0.0
unsw->ton,49,statico,4,0.211,0.7078070830062473,0,0,False,0.0
unsw->ton,49,ogni_batch,4,0.211,0.7033128604051021,4,128,False,0.0
unsw->ton,49,su_innesco,4,0.211,0.7078070830062473,0,0,False,0.0
unsw->ton,49,oracolo,4,0.211,0.7054747868255667,4,128,False,0.0
unsw->ton,49,stat_13x13,4,0.211,0.7108361201136977,4,128,False,0.0
unsw->ton,49,martingala,4,0.211,0.7004158077758413,3,96,False,0.0
unsw->ton,49,stat_13x13_adaptive,4,0.211,0.6885977855920263,4,128,False,0.0
unsw->ton,49,statico,5,0.263,0.6792625116082338,0,0,False,0.0
unsw->ton,49,ogni_batch,5,0.263,0.6898000000656368,5,160,False,0.0
unsw->ton,49,su_innesco,5,0.263,0.6792625116082338,0,0,False,0.0
unsw->ton,49,oracolo,5,0.263,0.6673770132656137,5,160,False,0.0
unsw->ton,49,stat_13x13,5,0.263,0.7101849928748437,5,160,False,0.0
unsw->ton,49,martingala,5,0.263,0.6891067114872381,4,128,False,0.0
unsw->ton,49,stat_13x13_adaptive,5,0.263,0.7047239781226247,5,160,False,0.0
unsw->ton,49,statico,6,0.316,0.6501102493361984,0,0,False,0.0
unsw->ton,49,ogni_batch,6,0.316,0.6696092456505284,6,192,False,0.0
unsw->ton,49,su_innesco,6,0.316,0.6501102493361984,0,0,False,0.0
unsw->ton,49,oracolo,6,0.316,0.6457861383405061,6,192,False,0.0
unsw->ton,49,stat_13x13,6,0.316,0.6768702935676765,6,192,False,0.0
unsw->ton,49,martingala,6,0.316,0.6844792877597891,5,160,False,0.0
unsw->ton,49,stat_13x13_adaptive,6,0.316,0.6744636532325438,6,192,False,0.0
unsw->ton,49,statico,7,0.368,0.6174512862624324,0,0,False,0.0
unsw->ton,49,ogni_batch,7,0.368,0.6426117131987169,7,224,False,0.0
unsw->ton,49,su_innesco,7,0.368,0.6174512862624324,0,0,False,0.0
unsw->ton,49,oracolo,7,0.368,0.6148853546832153,7,224,False,0.0
unsw->ton,49,stat_13x13,7,0.368,0.6759940976032186,7,224,False,0.0
unsw->ton,49,martingala,7,0.368,0.6656450676017466,6,192,False,0.0
unsw->ton,49,stat_13x13_adaptive,7,0.368,0.6719150104318934,7,224,False,0.0
unsw->ton,49,statico,8,0.421,0.588064304873649,0,0,False,0.0
unsw->ton,49,ogni_batch,8,0.421,0.6508417981865458,8,256,False,0.0
unsw->ton,49,su_innesco,8,0.421,0.588064304873649,0,0,False,0.0
unsw->ton,49,oracolo,8,0.421,0.5955373902631593,8,256,False,0.0
unsw->ton,49,stat_13x13,8,0.421,0.6745195313462871,8,256,False,0.0
unsw->ton,49,martingala,8,0.421,0.6475410563120951,7,224,False,0.0
unsw->ton,49,stat_13x13_adaptive,8,0.421,0.6778901133950467,8,256,False,0.0
unsw->ton,49,statico,9,0.474,0.5672848751396473,0,0,False,0.0
unsw->ton,49,ogni_batch,9,0.474,0.6373299956571767,9,288,False,0.0
unsw->ton,49,su_innesco,9,0.474,0.5672848751396473,0,0,False,0.0
unsw->ton,49,oracolo,9,0.474,0.593406629994438,9,288,False,0.0
unsw->ton,49,stat_13x13,9,0.474,0.6844410875971558,9,288,False,0.0
unsw->ton,49,martingala,9,0.474,0.6373299956571767,8,256,False,0.0
unsw->ton,49,stat_13x13_adaptive,9,0.474,0.6744756513044927,9,288,False,0.0
unsw->ton,49,statico,10,0.526,0.5406266018939593,0,0,False,0.0
unsw->ton,49,ogni_batch,10,0.526,0.6725802669667709,10,320,False,0.0
unsw->ton,49,su_innesco,10,0.526,0.5406266018939593,0,0,False,0.0
unsw->ton,49,oracolo,10,0.526,0.6535329910766909,10,320,False,0.0
unsw->ton,49,stat_13x13,10,0.526,0.6726291206253036,10,320,False,0.0
unsw->ton,49,martingala,10,0.526,0.6725802669667709,9,288,False,0.0
unsw->ton,49,stat_13x13_adaptive,10,0.526,0.6810761883161842,10,320,False,0.0
unsw->ton,49,statico,11,0.579,0.5092565820314734,0,0,False,0.0
unsw->ton,49,ogni_batch,11,0.579,0.6529949487116278,11,352,False,0.0
unsw->ton,49,su_innesco,11,0.579,0.5092565820314734,0,0,False,0.0
unsw->ton,49,oracolo,11,0.579,0.6630887068448132,11,352,False,0.0
unsw->ton,49,stat_13x13,11,0.579,0.6835509732030292,11,352,False,0.0
unsw->ton,49,martingala,11,0.579,0.6529949487116278,10,320,False,0.0
unsw->ton,49,stat_13x13_adaptive,11,0.579,0.6790867724381693,11,352,False,0.0
unsw->ton,49,statico,12,0.632,0.4769428344703629,0,0,False,0.0
unsw->ton,49,ogni_batch,12,0.632,0.7277788214958567,12,384,False,0.0
unsw->ton,49,su_innesco,12,0.632,0.4769428344703629,0,0,False,0.0
unsw->ton,49,oracolo,12,0.632,0.641307339456687,12,384,False,0.0
unsw->ton,49,stat_13x13,12,0.632,0.6617530600412066,12,384,False,0.0
unsw->ton,49,martingala,12,0.632,0.7277788214958567,11,352,False,0.0
unsw->ton,49,stat_13x13_adaptive,12,0.632,0.6873858725436407,12,384,False,0.0
unsw->ton,49,statico,13,0.684,0.45164355458155925,0,0,False,0.0
unsw->ton,49,ogni_batch,13,0.684,0.7246961022388008,13,416,False,0.0
unsw->ton,49,su_innesco,13,0.684,0.45164355458155925,0,0,False,0.0
unsw->ton,49,oracolo,13,0.684,0.6765658941932482,13,416,False,0.0
unsw->ton,49,stat_13x13,13,0.684,0.7025289997871317,13,416,False,0.0
unsw->ton,49,martingala,13,0.684,0.7246961022388008,12,384,False,0.0
unsw->ton,49,stat_13x13_adaptive,13,0.684,0.6815942842862757,13,416,False,0.0
unsw->ton,49,statico,14,0.737,0.42618902257082936,0,0,False,0.0
unsw->ton,49,ogni_batch,14,0.737,0.7220057969309462,14,448,False,0.0
unsw->ton,49,su_innesco,14,0.737,0.42618902257082936,0,0,False,0.0
unsw->ton,49,oracolo,14,0.737,0.7502809552564043,14,448,False,0.0
unsw->ton,49,stat_13x13,14,0.737,0.6823575658109864,14,448,False,0.0
unsw->ton,49,martingala,14,0.737,0.7220057969309462,13,416,False,0.0
unsw->ton,49,stat_13x13_adaptive,14,0.737,0.6746840279138853,14,448,False,0.0
unsw->ton,49,statico,15,0.789,0.3880774033210724,0,0,False,0.0
unsw->ton,49,ogni_batch,15,0.789,0.7238731896535529,15,480,False,0.0
unsw->ton,49,su_innesco,15,0.789,0.3880774033210724,0,0,False,0.0
unsw->ton,49,oracolo,15,0.789,0.7913221923077587,15,480,False,0.0
unsw->ton,49,stat_13x13,15,0.789,0.6890776926510143,15,480,False,0.0
unsw->ton,49,martingala,15,0.789,0.7238731896535529,14,448,False,0.0
unsw->ton,49,stat_13x13_adaptive,15,0.789,0.6783585520650774,15,480,False,0.0
unsw->ton,49,statico,16,0.842,0.3666129897489744,0,0,False,0.0
unsw->ton,49,ogni_batch,16,0.842,0.7681025509088557,16,512,False,0.0
unsw->ton,49,su_innesco,16,0.842,0.3666129897489744,0,0,False,0.0
unsw->ton,49,oracolo,16,0.842,0.7920605078009338,16,512,False,0.0
unsw->ton,49,stat_13x13,16,0.842,0.8059452596746224,16,512,False,0.0
unsw->ton,49,martingala,16,0.842,0.7681025509088557,15,480,False,0.0
unsw->ton,49,stat_13x13_adaptive,16,0.842,0.7051945693209942,16,512,False,0.0
unsw->ton,49,statico,17,0.895,0.3352961534075044,0,0,False,0.0
unsw->ton,49,ogni_batch,17,0.895,0.7653587754037264,17,544,False,0.0
unsw->ton,49,su_innesco,17,0.895,0.3352961534075044,0,0,False,0.0
unsw->ton,49,oracolo,17,0.895,0.8035196524525091,17,544,False,0.0
unsw->ton,49,stat_13x13,17,0.895,0.7295474358016389,17,544,False,0.0
unsw->ton,49,martingala,17,0.895,0.7653587754037264,16,512,False,0.0
unsw->ton,49,stat_13x13_adaptive,17,0.895,0.7245612724181372,17,544,False,0.0
unsw->ton,49,statico,18,0.947,0.30573798187606893,0,0,False,0.0
unsw->ton,49,ogni_batch,18,0.947,0.8151735953396331,18,576,False,0.0
unsw->ton,49,su_innesco,18,0.947,0.30573798187606893,0,0,False,0.0
unsw->ton,49,oracolo,18,0.947,0.8547615007090859,18,576,False,0.0
unsw->ton,49,stat_13x13,18,0.947,0.8159995980888659,18,576,False,0.0
unsw->ton,49,martingala,18,0.947,0.8151735953396331,17,544,False,0.0
unsw->ton,49,stat_13x13_adaptive,18,0.947,0.705812935380688,18,576,False,0.0
unsw->ton,49,statico,19,1.0,0.2863840046917965,0,0,False,0.0
unsw->ton,49,ogni_batch,19,1.0,0.8132601887409538,19,608,False,0.0
unsw->ton,49,su_innesco,19,1.0,0.2863840046917965,0,0,False,0.0
unsw->ton,49,oracolo,19,1.0,0.8913276601519554,19,608,False,0.0
unsw->ton,49,stat_13x13,19,1.0,0.8406719562832088,19,608,False,0.0
unsw->ton,49,martingala,19,1.0,0.8132601887409538,18,576,False,0.0
unsw->ton,49,stat_13x13_adaptive,19,1.0,0.7278021123993333,19,608,False,0.0
unsw->ton,50,statico,0,0.0,0.8212583238518394,0,0,False,0.0
unsw->ton,50,ogni_batch,0,0.0,0.8212583238518394,0,0,False,0.0
unsw->ton,50,su_innesco,0,0.0,0.8212583238518394,0,0,False,0.0
unsw->ton,50,oracolo,0,0.0,0.8212583238518394,0,0,False,0.0
unsw->ton,50,stat_13x13,0,0.0,0.8212583238518394,0,0,False,0.0
unsw->ton,50,martingala,0,0.0,0.8212583238518394,0,0,False,0.0
unsw->ton,50,stat_13x13_adaptive,0,0.0,0.8212583238518394,0,0,False,0.0
unsw->ton,50,statico,1,0.053,0.7935679754745902,0,0,False,0.0
unsw->ton,50,ogni_batch,1,0.053,0.788231087109903,1,32,False,0.0
unsw->ton,50,su_innesco,1,0.053,0.7935679754745902,0,0,False,0.0
unsw->ton,50,oracolo,1,0.053,0.7682835920681401,1,32,False,0.0
unsw->ton,50,stat_13x13,1,0.053,0.7803335281723905,1,32,False,0.0
unsw->ton,50,martingala,1,0.053,0.7935679754745902,0,0,False,0.0
unsw->ton,50,stat_13x13_adaptive,1,0.053,0.7824080779022815,1,32,False,0.0
unsw->ton,50,statico,2,0.105,0.7654770572005529,0,0,False,0.0
unsw->ton,50,ogni_batch,2,0.105,0.7360069244085401,2,64,False,0.0
unsw->ton,50,su_innesco,2,0.105,0.7654770572005529,0,0,False,0.0
unsw->ton,50,oracolo,2,0.105,0.747500711357397,2,64,False,0.0
unsw->ton,50,stat_13x13,2,0.105,0.7350590881449088,2,64,False,0.0
unsw->ton,50,martingala,2,0.105,0.7200535756770348,1,32,False,0.0
unsw->ton,50,stat_13x13_adaptive,2,0.105,0.7455315628084866,2,64,False,0.0
unsw->ton,50,statico,3,0.158,0.7367419628763727,0,0,False,0.0
unsw->ton,50,ogni_batch,3,0.158,0.715664305259949,3,96,False,0.0
unsw->ton,50,su_innesco,3,0.158,0.7367419628763727,0,0,False,0.0
unsw->ton,50,oracolo,3,0.158,0.74149713353558,3,96,False,0.0
unsw->ton,50,stat_13x13,3,0.158,0.6953663226126977,3,96,False,0.0
unsw->ton,50,martingala,3,0.158,0.7031615634183424,2,64,False,0.0
unsw->ton,50,stat_13x13_adaptive,3,0.158,0.7246646430827772,3,96,False,0.0
unsw->ton,50,statico,4,0.211,0.7054177691574338,0,0,False,0.0
unsw->ton,50,ogni_batch,4,0.211,0.6941586884456319,4,128,False,0.0
unsw->ton,50,su_innesco,4,0.211,0.7054177691574338,0,0,False,0.0
unsw->ton,50,oracolo,4,0.211,0.7193079794004749,4,128,False,0.0
unsw->ton,50,stat_13x13,4,0.211,0.6854407673389897,4,128,False,0.0
unsw->ton,50,martingala,4,0.211,0.68333140470788,3,96,False,0.0
unsw->ton,50,stat_13x13_adaptive,4,0.211,0.6970332806135593,4,128,False,0.0
unsw->ton,50,statico,5,0.263,0.6788770931958779,0,0,False,0.0
unsw->ton,50,ogni_batch,5,0.263,0.6722027197345811,5,160,False,0.0
unsw->ton,50,su_innesco,5,0.263,0.6788770931958779,0,0,False,0.0
unsw->ton,50,oracolo,5,0.263,0.704531589294539,5,160,False,0.0
unsw->ton,50,stat_13x13,5,0.263,0.6848584339164361,5,160,False,0.0
unsw->ton,50,martingala,5,0.263,0.6715299098376861,4,128,False,0.0
unsw->ton,50,stat_13x13_adaptive,5,0.263,0.6845674788944656,5,160,False,0.0
unsw->ton,50,statico,6,0.316,0.6513807117927104,0,0,False,0.0
unsw->ton,50,ogni_batch,6,0.316,0.6579527256048173,6,192,False,0.0
unsw->ton,50,su_innesco,6,0.316,0.6513807117927104,0,0,False,0.0
unsw->ton,50,oracolo,6,0.316,0.6735990437575813,6,192,False,0.0
unsw->ton,50,stat_13x13,6,0.316,0.7082243996728448,6,192,False,0.0
unsw->ton,50,martingala,6,0.316,0.6433440536767123,5,160,False,0.0
unsw->ton,50,stat_13x13_adaptive,6,0.316,0.7116594293300011,6,192,False,0.0
unsw->ton,50,statico,7,0.368,0.6263319519745236,0,0,False,0.0
unsw->ton,50,ogni_batch,7,0.368,0.6440069596410813,7,224,False,0.0
unsw->ton,50,su_innesco,7,0.368,0.6263319519745236,0,0,False,0.0
unsw->ton,50,oracolo,7,0.368,0.6399923023695049,7,224,False,0.0
unsw->ton,50,stat_13x13,7,0.368,0.7057834932318184,7,224,False,0.0
unsw->ton,50,martingala,7,0.368,0.6580347861501152,6,192,False,0.0
unsw->ton,50,stat_13x13_adaptive,7,0.368,0.6910623940285003,7,224,False,0.0
unsw->ton,50,statico,8,0.421,0.5993301892340493,0,0,False,0.0
unsw->ton,50,ogni_batch,8,0.421,0.6501649437903747,8,256,False,0.0
unsw->ton,50,su_innesco,8,0.421,0.5993301892340493,0,0,False,0.0
unsw->ton,50,oracolo,8,0.421,0.6366818605132905,8,256,False,0.0
unsw->ton,50,stat_13x13,8,0.421,0.6927532695443397,8,256,False,0.0
unsw->ton,50,martingala,8,0.421,0.6534935167947158,7,224,False,0.0
unsw->ton,50,stat_13x13_adaptive,8,0.421,0.7036294948462929,8,256,False,0.0
unsw->ton,50,statico,9,0.474,0.5721619073775785,0,0,False,0.0
unsw->ton,50,ogni_batch,9,0.474,0.6381862988887982,9,288,False,0.0
unsw->ton,50,su_innesco,9,0.474,0.5721619073775785,0,0,False,0.0
unsw->ton,50,oracolo,9,0.474,0.6193868719334318,9,288,False,0.0
unsw->ton,50,stat_13x13,9,0.474,0.6811095688061817,9,288,False,0.0
unsw->ton,50,martingala,9,0.474,0.6429002590577424,8,256,False,0.0
unsw->ton,50,stat_13x13_adaptive,9,0.474,0.6783816685100097,9,288,False,0.0
unsw->ton,50,statico,10,0.526,0.5402048602269763,0,0,False,0.0
unsw->ton,50,ogni_batch,10,0.526,0.628199085903096,10,320,False,0.0
unsw->ton,50,su_innesco,10,0.526,0.5402048602269763,0,0,False,0.0
unsw->ton,50,oracolo,10,0.526,0.6446073681958011,10,320,False,0.0
unsw->ton,50,stat_13x13,10,0.526,0.6512462940543684,10,320,False,0.0
unsw->ton,50,martingala,10,0.526,0.6304257807383804,9,288,False,0.0
unsw->ton,50,stat_13x13_adaptive,10,0.526,0.6571981829484688,10,320,False,0.0
unsw->ton,50,statico,11,0.579,0.5094784454872436,0,0,False,0.0
unsw->ton,50,ogni_batch,11,0.579,0.6415466000384018,11,352,False,0.0
unsw->ton,50,su_innesco,11,0.579,0.5094784454872436,0,0,False,0.0
unsw->ton,50,oracolo,11,0.579,0.631280368265476,11,352,False,0.0
unsw->ton,50,stat_13x13,11,0.579,0.6538689766421948,11,352,False,0.0
unsw->ton,50,martingala,11,0.579,0.6064201249646863,10,320,False,0.0
unsw->ton,50,stat_13x13_adaptive,11,0.579,0.616028818436755,11,352,False,0.0
unsw->ton,50,statico,12,0.632,0.47896236382868473,0,0,False,0.0
unsw->ton,50,ogni_batch,12,0.632,0.6319466535619314,12,384,False,0.0
unsw->ton,50,su_innesco,12,0.632,0.47896236382868473,0,0,False,0.0
unsw->ton,50,oracolo,12,0.632,0.6294852185353006,12,384,False,0.0
unsw->ton,50,stat_13x13,12,0.632,0.632103604536047,12,384,False,0.0
unsw->ton,50,martingala,12,0.632,0.5863310267561086,11,352,False,0.0
unsw->ton,50,stat_13x13_adaptive,12,0.632,0.6880903822876067,12,384,False,0.0
unsw->ton,50,statico,13,0.684,0.45754240428713366,0,0,False,0.0
unsw->ton,50,ogni_batch,13,0.684,0.6401562332472048,13,416,False,0.0
unsw->ton,50,su_innesco,13,0.684,0.45754240428713366,0,0,False,0.0
unsw->ton,50,oracolo,13,0.684,0.616447281744921,13,416,False,0.0
unsw->ton,50,stat_13x13,13,0.684,0.6360217427416198,13,416,False,0.0
unsw->ton,50,martingala,13,0.684,0.6374760112957869,12,384,False,0.0
unsw->ton,50,stat_13x13_adaptive,13,0.684,0.6490367829947598,13,416,False,0.0
unsw->ton,50,statico,14,0.737,0.4237184754807257,0,0,False,0.0
unsw->ton,50,ogni_batch,14,0.737,0.6923228919079021,14,448,False,0.0
unsw->ton,50,su_innesco,14,0.737,0.4237184754807257,0,0,False,0.0
unsw->ton,50,oracolo,14,0.737,0.7023652403445402,14,448,False,0.0
unsw->ton,50,stat_13x13,14,0.737,0.6289247013059183,14,448,False,0.0
unsw->ton,50,martingala,14,0.737,0.7066192832971687,13,416,False,0.0
unsw->ton,50,stat_13x13_adaptive,14,0.737,0.6278803516617112,14,448,False,0.0
unsw->ton,50,statico,15,0.789,0.39656695328708175,0,0,False,0.0
unsw->ton,50,ogni_batch,15,0.789,0.6999869767947914,15,480,False,0.0
unsw->ton,50,su_innesco,15,0.789,0.39656695328708175,0,0,False,0.0
unsw->ton,50,oracolo,15,0.789,0.7009992116015328,15,480,False,0.0
unsw->ton,50,stat_13x13,15,0.789,0.6268505006103597,15,480,False,0.0
unsw->ton,50,martingala,15,0.789,0.707930977424521,14,448,False,0.0
unsw->ton,50,stat_13x13_adaptive,15,0.789,0.6230531132466604,15,480,False,0.0
unsw->ton,50,statico,16,0.842,0.36862033233189023,0,0,False,0.0
unsw->ton,50,ogni_batch,16,0.842,0.7548807461568899,16,512,False,0.0
unsw->ton,50,su_innesco,16,0.842,0.36862033233189023,0,0,False,0.0
unsw->ton,50,oracolo,16,0.842,0.7132465685211357,16,512,False,0.0
unsw->ton,50,stat_13x13,16,0.842,0.6264203890616431,16,512,False,0.0
unsw->ton,50,martingala,16,0.842,0.6783424188904195,15,480,False,0.0
unsw->ton,50,stat_13x13_adaptive,16,0.842,0.6300732312069688,16,512,False,0.0
unsw->ton,50,statico,17,0.895,0.3422423264408565,0,0,False,0.0
unsw->ton,50,ogni_batch,17,0.895,0.7601638809689044,17,544,False,0.0
unsw->ton,50,su_innesco,17,0.895,0.3422423264408565,0,0,False,0.0
unsw->ton,50,oracolo,17,0.895,0.729284024113914,17,544,False,0.0
unsw->ton,50,stat_13x13,17,0.895,0.6436543783810902,17,544,False,0.0
unsw->ton,50,martingala,17,0.895,0.7935123203371266,16,512,False,0.0
unsw->ton,50,stat_13x13_adaptive,17,0.895,0.6189332686728151,17,544,False,0.0
unsw->ton,50,statico,18,0.947,0.31684104140221325,0,0,False,0.0
unsw->ton,50,ogni_batch,18,0.947,0.815170601992552,18,576,False,0.0
unsw->ton,50,su_innesco,18,0.947,0.31684104140221325,0,0,False,0.0
unsw->ton,50,oracolo,18,0.947,0.7454587912247961,18,576,False,0.0
unsw->ton,50,stat_13x13,18,0.947,0.6396558442777404,18,576,False,0.0
unsw->ton,50,martingala,18,0.947,0.8163639194149863,17,544,False,0.0
unsw->ton,50,stat_13x13_adaptive,18,0.947,0.6220544122968334,18,576,False,0.0
unsw->ton,50,statico,19,1.0,0.28583406423688806,0,0,False,0.0
unsw->ton,50,ogni_batch,19,1.0,0.8963581796096259,19,608,False,0.0
unsw->ton,50,su_innesco,19,1.0,0.28583406423688806,0,0,False,0.0
unsw->ton,50,oracolo,19,1.0,0.772911802574423,19,608,False,0.0
unsw->ton,50,stat_13x13,19,1.0,0.6402004560540037,19,608,False,0.0
unsw->ton,50,martingala,19,1.0,0.8629083944747735,18,576,False,0.0
unsw->ton,50,stat_13x13_adaptive,19,1.0,0.6491327455434621,19,608,False,0.0
unsw->ton,51,statico,0,0.0,0.8201688468583653,0,0,False,0.0
unsw->ton,51,ogni_batch,0,0.0,0.8201688468583653,0,0,False,0.0
unsw->ton,51,su_innesco,0,0.0,0.8201688468583653,0,0,False,0.0
unsw->ton,51,oracolo,0,0.0,0.8201688468583653,0,0,False,0.0
unsw->ton,51,stat_13x13,0,0.0,0.8201688468583653,0,0,False,0.0
unsw->ton,51,martingala,0,0.0,0.8201688468583653,0,0,False,0.0
unsw->ton,51,stat_13x13_adaptive,0,0.0,0.8201688468583653,0,0,False,0.0
unsw->ton,51,statico,1,0.053,0.7886450132816877,0,0,False,0.0
unsw->ton,51,ogni_batch,1,0.053,0.7630838753802871,1,32,False,0.0
unsw->ton,51,su_innesco,1,0.053,0.7886450132816877,0,0,False,0.0
unsw->ton,51,oracolo,1,0.053,0.7670060881164715,1,32,False,0.0
unsw->ton,51,stat_13x13,1,0.053,0.763321443145214,1,32,False,0.0
unsw->ton,51,martingala,1,0.053,0.7886450132816877,0,0,False,0.0
unsw->ton,51,stat_13x13_adaptive,1,0.053,0.7388412025240829,1,32,False,0.0
unsw->ton,51,statico,2,0.105,0.7612053226357667,0,0,False,0.0
unsw->ton,51,ogni_batch,2,0.105,0.7527364524453888,2,64,False,0.0
unsw->ton,51,su_innesco,2,0.105,0.7612053226357667,0,0,False,0.0
unsw->ton,51,oracolo,2,0.105,0.7367301750881422,2,64,False,0.0
unsw->ton,51,stat_13x13,2,0.105,0.634518367784784,2,64,False,0.0
unsw->ton,51,martingala,2,0.105,0.7360075662100722,1,32,False,0.0
unsw->ton,51,stat_13x13_adaptive,2,0.105,0.7287705164462384,2,64,False,0.0
unsw->ton,51,statico,3,0.158,0.7327406343405173,0,0,False,0.0
unsw->ton,51,ogni_batch,3,0.158,0.73704916913682,3,96,False,0.0
unsw->ton,51,su_innesco,3,0.158,0.7327406343405173,0,0,False,0.0
unsw->ton,51,oracolo,3,0.158,0.7226624243671393,3,96,False,0.0
unsw->ton,51,stat_13x13,3,0.158,0.7031311368462476,3,96,False,0.0
unsw->ton,51,martingala,3,0.158,0.7313316601752455,2,64,False,0.0
unsw->ton,51,stat_13x13_adaptive,3,0.158,0.728941956737224,3,96,False,0.0
unsw->ton,51,statico,4,0.211,0.7042365970401271,0,0,False,0.0
unsw->ton,51,ogni_batch,4,0.211,0.7113353692426583,4,128,False,0.0
unsw->ton,51,su_innesco,4,0.211,0.7042365970401271,0,0,False,0.0
unsw->ton,51,oracolo,4,0.211,0.6821061696146522,4,128,False,0.0
unsw->ton,51,stat_13x13,4,0.211,0.6872984583334587,4,128,False,0.0
unsw->ton,51,martingala,4,0.211,0.713892468966331,3,96,False,0.0
unsw->ton,51,stat_13x13_adaptive,4,0.211,0.6301884200269023,4,128,False,0.0
unsw->ton,51,statico,5,0.263,0.6762042199364373,0,0,False,0.0
unsw->ton,51,ogni_batch,5,0.263,0.6826882394460337,5,160,False,0.0
unsw->ton,51,su_innesco,5,0.263,0.6762042199364373,0,0,False,0.0
unsw->ton,51,oracolo,5,0.263,0.6780354993318096,5,160,False,0.0
unsw->ton,51,stat_13x13,5,0.263,0.6897423602716631,5,160,False,0.0
unsw->ton,51,martingala,5,0.263,0.6994117275027146,4,128,False,0.0
unsw->ton,51,stat_13x13_adaptive,5,0.263,0.6947672603731134,5,160,False,0.0
unsw->ton,51,statico,6,0.316,0.6484932755770406,0,0,False,0.0
unsw->ton,51,ogni_batch,6,0.316,0.6878006459425147,6,192,False,0.0
unsw->ton,51,su_innesco,6,0.316,0.6484932755770406,0,0,False,0.0
unsw->ton,51,oracolo,6,0.316,0.6538926515950759,6,192,False,0.0
unsw->ton,51,stat_13x13,6,0.316,0.6826922946701599,6,192,False,0.0
unsw->ton,51,martingala,6,0.316,0.7131606189092304,5,160,False,0.0
unsw->ton,51,stat_13x13_adaptive,6,0.316,0.6593856076606992,6,192,False,0.0
unsw->ton,51,statico,7,0.368,0.6219067492935079,0,0,False,0.0
unsw->ton,51,ogni_batch,7,0.368,0.6817206260573807,7,224,False,0.0
unsw->ton,51,su_innesco,7,0.368,0.6219067492935079,0,0,False,0.0
unsw->ton,51,oracolo,7,0.368,0.6407013352679694,7,224,False,0.0
unsw->ton,51,stat_13x13,7,0.368,0.6756946938007982,7,224,False,0.0
unsw->ton,51,martingala,7,0.368,0.6870432182586069,6,192,False,0.0
unsw->ton,51,stat_13x13_adaptive,7,0.368,0.649029467277628,7,224,False,0.0
unsw->ton,51,statico,8,0.421,0.5926413225671585,0,0,False,0.0
unsw->ton,51,ogni_batch,8,0.421,0.6706583581793122,8,256,False,0.0
unsw->ton,51,su_innesco,8,0.421,0.5926413225671585,0,0,False,0.0
unsw->ton,51,oracolo,8,0.421,0.6247425334600893,8,256,False,0.0
unsw->ton,51,stat_13x13,8,0.421,0.6827421640851374,8,256,False,0.0
unsw->ton,51,martingala,8,0.421,0.6770705793835132,7,224,False,0.0
unsw->ton,51,stat_13x13_adaptive,8,0.421,0.6613618145068175,8,256,False,0.0
unsw->ton,51,statico,9,0.474,0.5640915060303956,0,0,False,0.0
unsw->ton,51,ogni_batch,9,0.474,0.6864662052275834,9,288,False,0.0
unsw->ton,51,su_innesco,9,0.474,0.5640915060303956,0,0,False,0.0
unsw->ton,51,oracolo,9,0.474,0.6103069632391253,9,288,False,0.0
unsw->ton,51,stat_13x13,9,0.474,0.6803433377794881,9,288,False,0.0
unsw->ton,51,martingala,9,0.474,0.6864662052275834,8,256,False,0.0
unsw->ton,51,stat_13x13_adaptive,9,0.474,0.6461363703830086,9,288,False,0.0
unsw->ton,51,statico,10,0.526,0.5376686216571118,0,0,False,0.0
unsw->ton,51,ogni_batch,10,0.526,0.6944378451976414,10,320,False,0.0
unsw->ton,51,su_innesco,10,0.526,0.5376686216571118,0,0,False,0.0
unsw->ton,51,oracolo,10,0.526,0.5983276912002977,10,320,False,0.0
unsw->ton,51,stat_13x13,10,0.526,0.6768865046530665,10,320,False,0.0
unsw->ton,51,martingala,10,0.526,0.6944378451976414,9,288,False,0.0
unsw->ton,51,stat_13x13_adaptive,10,0.526,0.664543191772027,10,320,False,0.0
unsw->ton,51,statico,11,0.579,0.5138428403555326,0,0,False,0.0
unsw->ton,51,ogni_batch,11,0.579,0.6893770712620162,11,352,False,0.0
unsw->ton,51,su_innesco,11,0.579,0.5138428403555326,0,0,False,0.0
unsw->ton,51,oracolo,11,0.579,0.6057261479538102,11,352,False,0.0
unsw->ton,51,stat_13x13,11,0.579,0.6434648994651123,11,352,False,0.0
unsw->ton,51,martingala,11,0.579,0.6893770712620162,10,320,False,0.0
unsw->ton,51,stat_13x13_adaptive,11,0.579,0.6464204571277106,11,352,False,0.0
unsw->ton,51,statico,12,0.632,0.4789815375284232,0,0,False,0.0
unsw->ton,51,ogni_batch,12,0.632,0.6450040252304612,12,384,False,0.0
unsw->ton,51,su_innesco,12,0.632,0.4789815375284232,0,0,False,0.0
unsw->ton,51,oracolo,12,0.632,0.5980511429584043,12,384,False,0.0
unsw->ton,51,stat_13x13,12,0.632,0.6452337861159388,12,384,False,0.0
unsw->ton,51,martingala,12,0.632,0.6450040252304612,11,352,False,0.0
unsw->ton,51,stat_13x13_adaptive,12,0.632,0.6242347494918222,12,384,False,0.0
unsw->ton,51,statico,13,0.684,0.45278963210965195,0,0,False,0.0
unsw->ton,51,ogni_batch,13,0.684,0.6764745086019224,13,416,False,0.0
unsw->ton,51,su_innesco,13,0.684,0.45278963210965195,0,0,False,0.0
unsw->ton,51,oracolo,13,0.684,0.5917319375348753,13,416,False,0.0
unsw->ton,51,stat_13x13,13,0.684,0.6452850148146402,13,416,False,0.0
unsw->ton,51,martingala,13,0.684,0.6764745086019224,12,384,False,0.0
unsw->ton,51,stat_13x13_adaptive,13,0.684,0.6153973231477771,13,416,False,0.0
unsw->ton,51,statico,14,0.737,0.4261064762357668,0,0,False,0.0
unsw->ton,51,ogni_batch,14,0.737,0.7002038684663219,14,448,False,0.0
unsw->ton,51,su_innesco,14,0.737,0.4261064762357668,0,0,False,0.0
unsw->ton,51,oracolo,14,0.737,0.6266458794832663,14,448,False,0.0
unsw->ton,51,stat_13x13,14,0.737,0.6655864650586878,14,448,False,0.0
unsw->ton,51,martingala,14,0.737,0.7002038684663219,13,416,False,0.0
unsw->ton,51,stat_13x13_adaptive,14,0.737,0.6515128584934883,14,448,False,0.0
unsw->ton,51,statico,15,0.789,0.39551628772860503,0,0,False,0.0
unsw->ton,51,ogni_batch,15,0.789,0.7174729439306783,15,480,False,0.0
unsw->ton,51,su_innesco,15,0.789,0.39551628772860503,0,0,False,0.0
unsw->ton,51,oracolo,15,0.789,0.5980612681508164,15,480,False,0.0
unsw->ton,51,stat_13x13,15,0.789,0.6619837105876517,15,480,False,0.0
unsw->ton,51,martingala,15,0.789,0.7174729439306783,14,448,False,0.0
unsw->ton,51,stat_13x13_adaptive,15,0.789,0.6514434652657509,15,480,False,0.0
unsw->ton,51,statico,16,0.842,0.36925710560227026,0,0,False,0.0
unsw->ton,51,ogni_batch,16,0.842,0.7331130143597127,16,512,False,0.0
unsw->ton,51,su_innesco,16,0.842,0.36925710560227026,0,0,False,0.0
unsw->ton,51,oracolo,16,0.842,0.6091204251296112,16,512,False,0.0
unsw->ton,51,stat_13x13,16,0.842,0.6806908720376355,16,512,False,0.0
unsw->ton,51,martingala,16,0.842,0.7331130143597127,15,480,False,0.0
unsw->ton,51,stat_13x13_adaptive,16,0.842,0.7187344124748418,16,512,False,0.0
unsw->ton,51,statico,17,0.895,0.33327674400859864,0,0,False,0.0
unsw->ton,51,ogni_batch,17,0.895,0.7523544878575781,17,544,False,0.0
unsw->ton,51,su_innesco,17,0.895,0.33327674400859864,0,0,False,0.0
unsw->ton,51,oracolo,17,0.895,0.7307894917502861,17,544,False,0.0
unsw->ton,51,stat_13x13,17,0.895,0.7573568247575799,17,544,False,0.0
unsw->ton,51,martingala,17,0.895,0.7523544878575781,16,512,False,0.0
unsw->ton,51,stat_13x13_adaptive,17,0.895,0.7314726019463327,17,544,False,0.0
unsw->ton,51,statico,18,0.947,0.30230543622843936,0,0,False,0.0
unsw->ton,51,ogni_batch,18,0.947,0.7607448919514164,18,576,False,0.0
unsw->ton,51,su_innesco,18,0.947,0.30230543622843936,0,0,False,0.0
unsw->ton,51,oracolo,18,0.947,0.7582268475108485,18,576,False,0.0
unsw->ton,51,stat_13x13,18,0.947,0.7867665016681566,18,576,False,0.0
unsw->ton,51,martingala,18,0.947,0.7607448919514164,17,544,False,0.0
unsw->ton,51,stat_13x13_adaptive,18,0.947,0.7786020737477921,18,576,False,0.0
unsw->ton,51,statico,19,1.0,0.2780092322576096,0,0,False,0.0
unsw->ton,51,ogni_batch,19,1.0,0.7911773143965181,19,608,False,0.0
unsw->ton,51,su_innesco,19,1.0,0.2780092322576096,0,0,False,0.0
unsw->ton,51,oracolo,19,1.0,0.8121838472946323,19,608,False,0.0
unsw->ton,51,stat_13x13,19,1.0,0.7505848008134983,19,608,False,0.0
unsw->ton,51,martingala,19,1.0,0.7911773143965181,18,576,False,0.0
unsw->ton,51,stat_13x13_adaptive,19,1.0,0.7528651038587792,19,608,False,0.0
bot->unsw,42,statico,0,0.0,0.9857,0,0,False,0.04895
bot->unsw,42,ogni_batch,0,0.0,0.9857,0,0,False,0.04895
bot->unsw,42,su_innesco,0,0.0,0.9857,0,0,False,0.04895
bot->unsw,42,oracolo,0,0.0,0.9857,0,0,False,0.04895
bot->unsw,42,stat_13x13,0,0.0,0.9857,0,0,False,0.04895
bot->unsw,42,martingala,0,0.0,0.9857,0,0,False,0.04895
bot->unsw,42,stat_13x13_adaptive,0,0.0,0.9857,0,0,False,0.04895
bot->unsw,42,statico,1,0.053,0.911501656677451,0,0,False,0.0703
bot->unsw,42,ogni_batch,1,0.053,0.911501656677451,1,32,False,0.0703
bot->unsw,42,su_innesco,1,0.053,0.911501656677451,0,0,False,0.0703
bot->unsw,42,oracolo,1,0.053,0.911501656677451,1,32,False,0.0703
bot->unsw,42,stat_13x13,1,0.053,0.5387714565751013,1,32,False,0.0703
bot->unsw,42,martingala,1,0.053,0.911501656677451,0,0,False,0.0703
bot->unsw,42,stat_13x13_adaptive,1,0.053,0.5242711920271313,1,32,False,0.0703
bot->unsw,42,statico,2,0.105,0.8820488074681219,0,0,False,0.0975
bot->unsw,42,ogni_batch,2,0.105,0.8820488074681219,2,64,False,0.0975
bot->unsw,42,su_innesco,2,0.105,0.8820488074681219,0,0,False,0.0975
bot->unsw,42,oracolo,2,0.105,0.9435025451965848,2,64,False,0.0975
bot->unsw,42,stat_13x13,2,0.105,0.5499673252014868,2,64,False,0.0975
bot->unsw,42,martingala,2,0.105,0.8820488074681219,1,32,False,0.0975
bot->unsw,42,stat_13x13_adaptive,2,0.105,0.6527133607047924,2,64,False,0.0975
bot->unsw,42,statico,3,0.158,0.8657334524368536,0,0,False,0.12135
bot->unsw,42,ogni_batch,3,0.158,0.8657334524368536,3,96,False,0.12135
bot->unsw,42,su_innesco,3,0.158,0.8657334524368536,0,0,False,0.12135
bot->unsw,42,oracolo,3,0.158,0.9339954975991629,3,96,False,0.12135
bot->unsw,42,stat_13x13,3,0.158,0.5065907119038535,3,96,False,0.12135
bot->unsw,42,martingala,3,0.158,0.8657334524368536,2,64,False,0.12135
bot->unsw,42,stat_13x13_adaptive,3,0.158,0.5894417313573811,3,96,False,0.12135
bot->unsw,42,statico,4,0.211,0.841783587661783,0,0,False,0.14345
bot->unsw,42,ogni_batch,4,0.211,0.841783587661783,4,128,False,0.14345
bot->unsw,42,su_innesco,4,0.211,0.841783587661783,0,0,False,0.14345
bot->unsw,42,oracolo,4,0.211,0.931128164427555,4,128,False,0.14345
bot->unsw,42,stat_13x13,4,0.211,0.5823974365432009,4,128,False,0.14345
bot->unsw,42,martingala,4,0.211,0.841783587661783,3,96,False,0.14345
bot->unsw,42,stat_13x13_adaptive,4,0.211,0.5755147157459262,4,128,False,0.14345
bot->unsw,42,statico,5,0.263,0.8242929263704277,0,0,True,0.16785
bot->unsw,42,ogni_batch,5,0.263,0.7228911246172713,5,160,True,0.16785
bot->unsw,42,su_innesco,5,0.263,0.8242929263704277,0,0,True,0.16785
bot->unsw,42,oracolo,5,0.263,0.9162356200649682,5,160,True,0.16785
bot->unsw,42,stat_13x13,5,0.263,0.5675684804428985,5,160,True,0.16785
bot->unsw,42,martingala,5,0.263,0.722918796320188,4,128,True,0.16785
bot->unsw,42,stat_13x13_adaptive,5,0.263,0.5748169046103522,5,160,True,0.16785
bot->unsw,42,statico,6,0.316,0.8057937983367276,0,0,True,0.1933
bot->unsw,42,ogni_batch,6,0.316,0.7949110150956396,6,192,True,0.1933
bot->unsw,42,su_innesco,6,0.316,0.8436107086348239,1,32,True,0.1933
bot->unsw,42,oracolo,6,0.316,0.8797673986171973,6,192,True,0.1933
bot->unsw,42,stat_13x13,6,0.316,0.5937863891962666,6,192,True,0.1933
bot->unsw,42,martingala,6,0.316,0.7936368042353729,5,160,True,0.1933
bot->unsw,42,stat_13x13_adaptive,6,0.316,0.5598402382586446,6,192,True,0.1933
bot->unsw,42,statico,7,0.368,0.7839266990737139,0,0,True,0.2138
bot->unsw,42,ogni_batch,7,0.368,0.7736044187137152,7,224,True,0.2138
bot->unsw,42,su_innesco,7,0.368,0.8462791269863654,2,64,True,0.2138
bot->unsw,42,oracolo,7,0.368,0.8452121696186813,7,224,True,0.2138
bot->unsw,42,stat_13x13,7,0.368,0.5943984866688901,7,224,True,0.2138
bot->unsw,42,martingala,7,0.368,0.7820763026352981,6,192,True,0.2138
bot->unsw,42,stat_13x13_adaptive,7,0.368,0.6102439021883077,7,224,True,0.2138
bot->unsw,42,statico,8,0.421,0.7640856338952282,0,0,True,0.2425
bot->unsw,42,ogni_batch,8,0.421,0.7447641782413317,8,256,True,0.2425
bot->unsw,42,su_innesco,8,0.421,0.8314235055668245,3,96,True,0.2425
bot->unsw,42,oracolo,8,0.421,0.8205934058097164,8,256,True,0.2425
bot->unsw,42,stat_13x13,8,0.421,0.5763929744872494,8,256,True,0.2425
bot->unsw,42,martingala,8,0.421,0.7415028810629688,7,224,True,0.2425
bot->unsw,42,stat_13x13_adaptive,8,0.421,0.6056463029323574,8,256,True,0.2425
bot->unsw,42,statico,9,0.474,0.7464037100603943,0,0,True,0.26095
bot->unsw,42,ogni_batch,9,0.474,0.6836588728808293,9,288,True,0.26095
bot->unsw,42,su_innesco,9,0.474,0.7075774589956956,4,128,True,0.26095
bot->unsw,42,oracolo,9,0.474,0.8325394916806482,9,288,True,0.26095
bot->unsw,42,stat_13x13,9,0.474,0.5957341352297649,9,288,True,0.26095
bot->unsw,42,martingala,9,0.474,0.7873648469568248,8,256,True,0.26095
bot->unsw,42,stat_13x13_adaptive,9,0.474,0.590339438658777,9,288,True,0.26095
bot->unsw,42,statico,10,0.526,0.7184306637265159,0,0,True,0.2895
bot->unsw,42,ogni_batch,10,0.526,0.7972746761938392,10,320,True,0.2895
bot->unsw,42,su_innesco,10,0.526,0.8126529279559787,5,160,True,0.2895
bot->unsw,42,oracolo,10,0.526,0.875297408784055,10,320,True,0.2895
bot->unsw,42,stat_13x13,10,0.526,0.5738664269028216,10,320,True,0.2895
bot->unsw,42,martingala,10,0.526,0.7965562167028072,9,288,True,0.2895
bot->unsw,42,stat_13x13_adaptive,10,0.526,0.6107585530664105,10,320,True,0.2895
bot->unsw,42,statico,11,0.579,0.6963526905894809,0,0,True,0.3096
bot->unsw,42,ogni_batch,11,0.579,0.807264514164864,11,352,True,0.3096
bot->unsw,42,su_innesco,11,0.579,0.7963055127782367,6,192,True,0.3096
bot->unsw,42,oracolo,11,0.579,0.856930888850361,11,352,True,0.3096
bot->unsw,42,stat_13x13,11,0.579,0.5855803229621471,11,352,True,0.3096
bot->unsw,42,martingala,11,0.579,0.7998640946638458,10,320,True,0.3096
bot->unsw,42,stat_13x13_adaptive,11,0.579,0.7134733634228805,11,352,True,0.3096
bot->unsw,42,statico,12,0.632,0.6688235728439951,0,0,True,0.3361
bot->unsw,42,ogni_batch,12,0.632,0.7617032038855248,12,384,True,0.3361
bot->unsw,42,su_innesco,12,0.632,0.7629909615326165,7,224,True,0.3361
bot->unsw,42,oracolo,12,0.632,0.8533136824471494,12,384,True,0.3361
bot->unsw,42,stat_13x13,12,0.632,0.59052113316214,12,384,True,0.3361
bot->unsw,42,martingala,12,0.632,0.7622915815805358,11,352,True,0.3361
bot->unsw,42,stat_13x13_adaptive,12,0.632,0.7128195203470724,12,384,True,0.3361
bot->unsw,42,statico,13,0.684,0.642690640944992,0,0,True,0.3624
bot->unsw,42,ogni_batch,13,0.684,0.7442845352732121,13,416,True,0.3624
bot->unsw,42,su_innesco,13,0.684,0.7559809345613497,8,256,True,0.3624
bot->unsw,42,oracolo,13,0.684,0.8431953696684248,13,416,True,0.3624
bot->unsw,42,stat_13x13,13,0.684,0.5615082181395874,13,416,True,0.3624
bot->unsw,42,martingala,13,0.684,0.741853638079262,12,384,True,0.3624
bot->unsw,42,stat_13x13_adaptive,13,0.684,0.7150559704501831,13,416,True,0.3624
bot->unsw,42,statico,14,0.737,0.6142798932452731,0,0,True,0.3824
bot->unsw,42,ogni_batch,14,0.737,0.8149051106926819,14,448,True,0.3824
bot->unsw,42,su_innesco,14,0.737,0.7300030941670571,9,288,True,0.3824
bot->unsw,42,oracolo,14,0.737,0.8313356674179386,14,448,True,0.3824
bot->unsw,42,stat_13x13,14,0.737,0.5582292243648926,14,448,True,0.3824
bot->unsw,42,martingala,14,0.737,0.8207602194174444,13,416,True,0.3824
bot->unsw,42,stat_13x13_adaptive,14,0.737,0.6719389595875774,14,448,True,0.3824
bot->unsw,42,statico,15,0.789,0.5825311627437002,0,0,True,0.4039
bot->unsw,42,ogni_batch,15,0.789,0.8115519824921709,15,480,True,0.4039
bot->unsw,42,su_innesco,15,0.789,0.8115519824921709,10,320,True,0.4039
bot->unsw,42,oracolo,15,0.789,0.8213372038353081,15,480,True,0.4039
bot->unsw,42,stat_13x13,15,0.789,0.5764587190422896,15,480,True,0.4039
bot->unsw,42,martingala,15,0.789,0.8115519824921709,14,448,True,0.4039
bot->unsw,42,stat_13x13_adaptive,15,0.789,0.6730641211558177,15,480,True,0.4039
bot->unsw,42,statico,16,0.842,0.5517664091586499,0,0,True,0.43135
bot->unsw,42,ogni_batch,16,0.842,0.7914589799496827,16,512,True,0.43135
bot->unsw,42,su_innesco,16,0.842,0.7914589799496827,11,352,True,0.43135
bot->unsw,42,oracolo,16,0.842,0.7918306302316493,16,512,True,0.43135
bot->unsw,42,stat_13x13,16,0.842,0.578072237303946,16,512,True,0.43135
bot->unsw,42,martingala,16,0.842,0.7914589799496827,15,480,True,0.43135
bot->unsw,42,stat_13x13_adaptive,16,0.842,0.7564479319689971,16,512,True,0.43135
bot->unsw,42,statico,17,0.895,0.5195820201968429,0,0,True,0.45665
bot->unsw,42,ogni_batch,17,0.895,0.7758047337998153,17,544,True,0.45665
bot->unsw,42,su_innesco,17,0.895,0.7758047337998153,12,384,True,0.45665
bot->unsw,42,oracolo,17,0.895,0.7732013310424084,17,544,True,0.45665
bot->unsw,42,stat_13x13,17,0.895,0.6056309794073034,17,544,True,0.45665
bot->unsw,42,martingala,17,0.895,0.7758047337998153,16,512,True,0.45665
bot->unsw,42,stat_13x13_adaptive,17,0.895,0.7500760548251117,17,544,True,0.45665
bot->unsw,42,statico,18,0.947,0.48383320198756125,0,0,True,0.481
bot->unsw,42,ogni_batch,18,0.947,0.774482380423672,18,576,True,0.481
bot->unsw,42,su_innesco,18,0.947,0.774482380423672,13,416,True,0.481
bot->unsw,42,oracolo,18,0.947,0.7554329284044976,18,576,True,0.481
bot->unsw,42,stat_13x13,18,0.947,0.7036228941428604,18,576,True,0.481
bot->unsw,42,martingala,18,0.947,0.774482380423672,17,544,True,0.481
bot->unsw,42,stat_13x13_adaptive,18,0.947,0.7395072188304976,18,576,True,0.481
bot->unsw,42,statico,19,1.0,0.44335922749913315,0,0,True,0.5033
bot->unsw,42,ogni_batch,19,1.0,0.7434438251594366,19,608,True,0.5033
bot->unsw,42,su_innesco,19,1.0,0.7434438251594366,14,448,True,0.5033
bot->unsw,42,oracolo,19,1.0,0.7402082023842815,19,608,True,0.5033
bot->unsw,42,stat_13x13,19,1.0,0.6251234046062,19,608,True,0.5033
bot->unsw,42,martingala,19,1.0,0.7434438251594366,18,576,True,0.5033
bot->unsw,42,stat_13x13_adaptive,19,1.0,0.724632156982741,19,608,True,0.5033
bot->unsw,43,statico,0,0.0,0.98655,0,0,False,0.01815
bot->unsw,43,ogni_batch,0,0.0,0.98655,0,0,False,0.01815
bot->unsw,43,su_innesco,0,0.0,0.98655,0,0,False,0.01815
bot->unsw,43,oracolo,0,0.0,0.98655,0,0,False,0.01815
bot->unsw,43,stat_13x13,0,0.0,0.98655,0,0,False,0.01815
bot->unsw,43,martingala,0,0.0,0.98655,0,0,False,0.01815
bot->unsw,43,stat_13x13_adaptive,0,0.0,0.98655,0,0,False,0.01815
bot->unsw,43,statico,1,0.053,0.8942344843220632,0,0,False,0.02565
bot->unsw,43,ogni_batch,1,0.053,0.8942344843220632,1,32,False,0.02565
bot->unsw,43,su_innesco,1,0.053,0.8942344843220632,0,0,False,0.02565
bot->unsw,43,oracolo,1,0.053,0.8942344843220632,1,32,False,0.02565
bot->unsw,43,stat_13x13,1,0.053,0.4999745235911546,1,32,False,0.02565
bot->unsw,43,martingala,1,0.053,0.8942344843220632,0,0,False,0.02565
bot->unsw,43,stat_13x13_adaptive,1,0.053,0.5507766626285877,1,32,False,0.02565
bot->unsw,43,statico,2,0.105,0.8946515563326062,0,0,False,0.0358
bot->unsw,43,ogni_batch,2,0.105,0.9011441996942646,2,64,False,0.0358
bot->unsw,43,su_innesco,2,0.105,0.8946515563326062,0,0,False,0.0358
bot->unsw,43,oracolo,2,0.105,0.9456315456946065,2,64,False,0.0358
bot->unsw,43,stat_13x13,2,0.105,0.7303171538833511,2,64,False,0.0358
bot->unsw,43,martingala,2,0.105,0.9286146102548716,1,32,False,0.0358
bot->unsw,43,stat_13x13_adaptive,2,0.105,0.5900157293735601,2,64,False,0.0358
bot->unsw,43,statico,3,0.158,0.8620644545512834,0,0,False,0.04405
bot->unsw,43,ogni_batch,3,0.158,0.7566272161424838,3,96,False,0.04405
bot->unsw,43,su_innesco,3,0.158,0.8620644545512834,0,0,False,0.04405
bot->unsw,43,oracolo,3,0.158,0.9252067854576462,3,96,False,0.04405
bot->unsw,43,stat_13x13,3,0.158,0.6079847948923216,3,96,False,0.04405
bot->unsw,43,martingala,3,0.158,0.9182357775694061,2,64,False,0.04405
bot->unsw,43,stat_13x13_adaptive,3,0.158,0.6059716271221888,3,96,False,0.04405
bot->unsw,43,statico,4,0.211,0.8465038210922036,0,0,False,0.0526
bot->unsw,43,ogni_batch,4,0.211,0.8873496895060546,4,128,False,0.0526
bot->unsw,43,su_innesco,4,0.211,0.8465038210922036,0,0,False,0.0526
bot->unsw,43,oracolo,4,0.211,0.9274499458980122,4,128,False,0.0526
bot->unsw,43,stat_13x13,4,0.211,0.6208616901112181,4,128,False,0.0526
bot->unsw,43,martingala,4,0.211,0.902361025084213,3,96,False,0.0526
bot->unsw,43,stat_13x13_adaptive,4,0.211,0.6341917429799109,4,128,False,0.0526
bot->unsw,43,statico,5,0.263,0.8348498859092995,0,0,False,0.0587
bot->unsw,43,ogni_batch,5,0.263,0.867810604263082,5,160,False,0.0587
bot->unsw,43,su_innesco,5,0.263,0.8348498859092995,0,0,False,0.0587
bot->unsw,43,oracolo,5,0.263,0.9109345976076064,5,160,False,0.0587
bot->unsw,43,stat_13x13,5,0.263,0.6202617248799035,5,160,False,0.0587
bot->unsw,43,martingala,5,0.263,0.879195059987242,4,128,False,0.0587
bot->unsw,43,stat_13x13_adaptive,5,0.263,0.6083535680785529,5,160,False,0.0587
bot->unsw,43,statico,6,0.316,0.8100864130369856,0,0,False,0.0693
bot->unsw,43,ogni_batch,6,0.316,0.8450545331706313,6,192,False,0.0693
bot->unsw,43,su_innesco,6,0.316,0.8100864130369856,0,0,False,0.0693
bot->unsw,43,oracolo,6,0.316,0.8968663044989267,6,192,False,0.0693
bot->unsw,43,stat_13x13,6,0.316,0.6085857955526374,6,192,False,0.0693
bot->unsw,43,martingala,6,0.316,0.843772957898677,5,160,False,0.0693
bot->unsw,43,stat_13x13_adaptive,6,0.316,0.5693282808973965,6,192,False,0.0693
bot->unsw,43,statico,7,0.368,0.7955233524548415,0,0,False,0.07345
bot->unsw,43,ogni_batch,7,0.368,0.8393901443246063,7,224,False,0.07345
bot->unsw,43,su_innesco,7,0.368,0.7955233524548415,0,0,False,0.07345
bot->unsw,43,oracolo,7,0.368,0.8838431846580732,7,224,False,0.07345
bot->unsw,43,stat_13x13,7,0.368,0.7567036395313227,7,224,False,0.07345
bot->unsw,43,martingala,7,0.368,0.8330965047667865,6,192,False,0.07345
bot->unsw,43,stat_13x13_adaptive,7,0.368,0.6238400571448548,7,224,False,0.07345
bot->unsw,43,statico,8,0.421,0.7700386044053975,0,0,False,0.0818
bot->unsw,43,ogni_batch,8,0.421,0.8620409072626756,8,256,False,0.0818
bot->unsw,43,su_innesco,8,0.421,0.7700386044053975,0,0,False,0.0818
bot->unsw,43,oracolo,8,0.421,0.8615263132990008,8,256,False,0.0818
bot->unsw,43,stat_13x13,8,0.421,0.7604653822191028,8,256,False,0.0818
bot->unsw,43,martingala,8,0.421,0.8276029385089787,7,224,False,0.0818
bot->unsw,43,stat_13x13_adaptive,8,0.421,0.6516634594910055,8,256,False,0.0818
bot->unsw,43,statico,9,0.474,0.7544082125603865,0,0,False,0.0905
bot->unsw,43,ogni_batch,9,0.474,0.8463964723064825,9,288,False,0.0905
bot->unsw,43,su_innesco,9,0.474,0.7544082125603865,0,0,False,0.0905
bot->unsw,43,oracolo,9,0.474,0.8441228513650152,9,288,False,0.0905
bot->unsw,43,stat_13x13,9,0.474,0.6794032973823165,9,288,False,0.0905
bot->unsw,43,martingala,9,0.474,0.7997626671160544,8,256,False,0.0905
bot->unsw,43,stat_13x13_adaptive,9,0.474,0.6576143129985395,9,288,False,0.0905
bot->unsw,43,statico,10,0.526,0.728004804225023,0,0,False,0.1024
bot->unsw,43,ogni_batch,10,0.526,0.8367728053061382,10,320,False,0.1024
bot->unsw,43,su_innesco,10,0.526,0.728004804225023,0,0,False,0.1024
bot->unsw,43,oracolo,10,0.526,0.8197203298511382,10,320,False,0.1024
bot->unsw,43,stat_13x13,10,0.526,0.7198913257220294,10,320,False,0.1024
bot->unsw,43,martingala,10,0.526,0.7827239830679495,9,288,False,0.1024
bot->unsw,43,stat_13x13_adaptive,10,0.526,0.6247893609797309,10,320,False,0.1024
bot->unsw,43,statico,11,0.579,0.7059246509293398,0,0,False,0.1098
bot->unsw,43,ogni_batch,11,0.579,0.7473541435673763,11,352,False,0.1098
bot->unsw,43,su_innesco,11,0.579,0.7059246509293398,0,0,False,0.1098
bot->unsw,43,oracolo,11,0.579,0.8646251872378464,11,352,False,0.1098
bot->unsw,43,stat_13x13,11,0.579,0.7651155453222921,11,352,False,0.1098
bot->unsw,43,martingala,11,0.579,0.7320972240415435,10,320,False,0.1098
bot->unsw,43,stat_13x13_adaptive,11,0.579,0.6460512446319365,11,352,False,0.1098
bot->unsw,43,statico,12,0.632,0.6733773935329745,0,0,False,0.1162
bot->unsw,43,ogni_batch,12,0.632,0.7943024658779767,12,384,False,0.1162
bot->unsw,43,su_innesco,12,0.632,0.6733773935329745,0,0,False,0.1162
bot->unsw,43,oracolo,12,0.632,0.8495293738273018,12,384,False,0.1162
bot->unsw,43,stat_13x13,12,0.632,0.7664122805768023,12,384,False,0.1162
bot->unsw,43,martingala,12,0.632,0.7876206001487048,11,352,False,0.1162
bot->unsw,43,stat_13x13_adaptive,12,0.632,0.6456541241681443,12,384,False,0.1162
bot->unsw,43,statico,13,0.684,0.6484860067453462,0,0,True,0.12535
bot->unsw,43,ogni_batch,13,0.684,0.6971514424533217,13,416,True,0.12535
bot->unsw,43,su_innesco,13,0.684,0.6484860067453462,0,0,True,0.12535
bot->unsw,43,oracolo,13,0.684,0.8456646443011369,13,416,True,0.12535
bot->unsw,43,stat_13x13,13,0.684,0.7884917718935653,13,416,True,0.12535
bot->unsw,43,martingala,13,0.684,0.6638724699680933,12,384,True,0.12535
bot->unsw,43,stat_13x13_adaptive,13,0.684,0.6532097613497653,13,416,True,0.12535
bot->unsw,43,statico,14,0.737,0.6251371504056984,0,0,True,0.13055
bot->unsw,43,ogni_batch,14,0.737,0.7725103319599942,14,448,True,0.13055
bot->unsw,43,su_innesco,14,0.737,0.6818716989032756,1,32,True,0.13055
bot->unsw,43,oracolo,14,0.737,0.8364818004627161,14,448,True,0.13055
bot->unsw,43,stat_13x13,14,0.737,0.7644905798759687,14,448,True,0.13055
bot->unsw,43,martingala,14,0.737,0.7577075671533515,13,416,True,0.13055
bot->unsw,43,stat_13x13_adaptive,14,0.737,0.6438835658562911,14,448,True,0.13055
bot->unsw,43,statico,15,0.789,0.5934098425476748,0,0,True,0.1408
bot->unsw,43,ogni_batch,15,0.789,0.7222379758009283,15,480,True,0.1408
bot->unsw,43,su_innesco,15,0.789,0.732035617599823,2,64,True,0.1408
bot->unsw,43,oracolo,15,0.789,0.8324034482179262,15,480,True,0.1408
bot->unsw,43,stat_13x13,15,0.789,0.7548229723542197,15,480,True,0.1408
bot->unsw,43,martingala,15,0.789,0.7262813095411534,14,448,True,0.1408
bot->unsw,43,stat_13x13_adaptive,15,0.789,0.6516229075131924,15,480,True,0.1408
bot->unsw,43,statico,16,0.842,0.558868481361859,0,0,True,0.15535
bot->unsw,43,ogni_batch,16,0.842,0.8113590159511302,16,512,True,0.15535
bot->unsw,43,su_innesco,16,0.842,0.7451256260485869,3,96,True,0.15535
bot->unsw,43,oracolo,16,0.842,0.8164687123014192,16,512,True,0.15535
bot->unsw,43,stat_13x13,16,0.842,0.7605024310582797,16,512,True,0.15535
bot->unsw,43,martingala,16,0.842,0.7797805127432439,15,480,True,0.15535
bot->unsw,43,stat_13x13_adaptive,16,0.842,0.6718285286782912,16,512,True,0.15535
bot->unsw,43,statico,17,0.895,0.5276628831601898,0,0,True,0.1588
bot->unsw,43,ogni_batch,17,0.895,0.7924371095109841,17,544,True,0.1588
bot->unsw,43,su_innesco,17,0.895,0.7544064566957988,4,128,True,0.1588
bot->unsw,43,oracolo,17,0.895,0.8078576467139376,17,544,True,0.1588
bot->unsw,43,stat_13x13,17,0.895,0.734259513732388,17,544,True,0.1588
bot->unsw,43,martingala,17,0.895,0.7857447461477858,16,512,True,0.1588
bot->unsw,43,stat_13x13_adaptive,17,0.895,0.7157782755272174,17,544,True,0.1588
bot->unsw,43,statico,18,0.947,0.4920334700989305,0,0,True,0.165
bot->unsw,43,ogni_batch,18,0.947,0.7709756513007342,18,576,True,0.165
bot->unsw,43,su_innesco,18,0.947,0.7493956188764749,5,160,True,0.165
bot->unsw,43,oracolo,18,0.947,0.7929381111626497,18,576,True,0.165
bot->unsw,43,stat_13x13,18,0.947,0.7603385379924464,18,576,True,0.165
bot->unsw,43,martingala,18,0.947,0.7818971473520887,17,544,True,0.165
bot->unsw,43,stat_13x13_adaptive,18,0.947,0.7233000682007219,18,576,True,0.165
bot->unsw,43,statico,19,1.0,0.45297257504463084,0,0,True,0.17445
bot->unsw,43,ogni_batch,19,1.0,0.7675997162982522,19,608,True,0.17445
bot->unsw,43,su_innesco,19,1.0,0.7688898306950829,6,192,True,0.17445
bot->unsw,43,oracolo,19,1.0,0.7936252467370629,19,608,True,0.17445
bot->unsw,43,stat_13x13,19,1.0,0.790211311044061,19,608,True,0.17445
bot->unsw,43,martingala,19,1.0,0.779521822824507,18,576,True,0.17445
bot->unsw,43,stat_13x13_adaptive,19,1.0,0.7823495430623967,19,608,True,0.17445
bot->unsw,44,statico,0,0.0,0.9849,0,0,False,0.04435
bot->unsw,44,ogni_batch,0,0.0,0.9849,0,0,False,0.04435
bot->unsw,44,su_innesco,0,0.0,0.9849,0,0,False,0.04435
bot->unsw,44,oracolo,0,0.0,0.9849,0,0,False,0.04435
bot->unsw,44,stat_13x13,0,0.0,0.9849,0,0,False,0.04435
bot->unsw,44,martingala,0,0.0,0.9849,0,0,False,0.04435
bot->unsw,44,stat_13x13_adaptive,0,0.0,0.9849,0,0,False,0.04435
bot->unsw,44,statico,1,0.053,0.8736932518553745,0,0,False,0.0694
bot->unsw,44,ogni_batch,1,0.053,0.8736932518553745,1,32,False,0.0694
bot->unsw,44,su_innesco,1,0.053,0.8736932518553745,0,0,False,0.0694
bot->unsw,44,oracolo,1,0.053,0.8736932518553745,1,32,False,0.0694
bot->unsw,44,stat_13x13,1,0.053,0.49994898739988775,1,32,False,0.0694
bot->unsw,44,martingala,1,0.053,0.8736932518553745,0,0,False,0.0694
bot->unsw,44,stat_13x13_adaptive,1,0.053,0.49994898739988775,1,32,False,0.0694
bot->unsw,44,statico,2,0.105,0.8784262279582091,0,0,False,0.0902
bot->unsw,44,ogni_batch,2,0.105,0.5507759790911118,2,64,False,0.0902
bot->unsw,44,su_innesco,2,0.105,0.8784262279582091,0,0,False,0.0902
bot->unsw,44,oracolo,2,0.105,0.9365810996076207,2,64,False,0.0902
bot->unsw,44,stat_13x13,2,0.105,0.5594802493398437,2,64,False,0.0902
bot->unsw,44,martingala,2,0.105,0.5381023292879767,1,32,False,0.0902
bot->unsw,44,stat_13x13_adaptive,2,0.105,0.5857747296904863,2,64,False,0.0902
bot->unsw,44,statico,3,0.158,0.8672827201652693,0,0,False,0.11385
bot->unsw,44,ogni_batch,3,0.158,0.8345934387514028,3,96,False,0.11385
bot->unsw,44,su_innesco,3,0.158,0.8672827201652693,0,0,False,0.11385
bot->unsw,44,oracolo,3,0.158,0.9452460569699479,3,96,False,0.11385
bot->unsw,44,stat_13x13,3,0.158,0.7069422141888902,3,96,False,0.11385
bot->unsw,44,martingala,3,0.158,0.8310061907129247,2,64,False,0.11385
bot->unsw,44,stat_13x13_adaptive,3,0.158,0.5979197340952997,3,96,False,0.11385
bot->unsw,44,statico,4,0.211,0.8390720764963517,0,0,False,0.13305
bot->unsw,44,ogni_batch,4,0.211,0.889287402782643,4,128,False,0.13305
bot->unsw,44,su_innesco,4,0.211,0.8390720764963517,0,0,False,0.13305
bot->unsw,44,oracolo,4,0.211,0.925949250078415,4,128,False,0.13305
bot->unsw,44,stat_13x13,4,0.211,0.7025887233589527,4,128,False,0.13305
bot->unsw,44,martingala,4,0.211,0.8548691100075783,3,96,False,0.13305
bot->unsw,44,stat_13x13_adaptive,4,0.211,0.7320509914625016,4,128,False,0.13305
bot->unsw,44,statico,5,0.263,0.8121923264266877,0,0,True,0.15925
bot->unsw,44,ogni_batch,5,0.263,0.8485513393680669,5,160,True,0.15925
bot->unsw,44,su_innesco,5,0.263,0.8121923264266877,0,0,True,0.15925
bot->unsw,44,oracolo,5,0.263,0.9112121375575535,5,160,True,0.15925
bot->unsw,44,stat_13x13,5,0.263,0.7849540062887883,5,160,True,0.15925
bot->unsw,44,martingala,5,0.263,0.8658155016343096,4,128,True,0.15925
bot->unsw,44,stat_13x13_adaptive,5,0.263,0.8132453225210634,5,160,True,0.15925
bot->unsw,44,statico,6,0.316,0.801138915694745,0,0,True,0.17835
bot->unsw,44,ogni_batch,6,0.316,0.8705027226531524,6,192,True,0.17835
bot->unsw,44,su_innesco,6,0.316,0.8221772770740292,1,32,True,0.17835
bot->unsw,44,oracolo,6,0.316,0.8963250225659638,6,192,True,0.17835
bot->unsw,44,stat_13x13,6,0.316,0.7110885674403407,6,192,True,0.17835
bot->unsw,44,martingala,6,0.316,0.8904109602246886,5,160,True,0.17835
bot->unsw,44,stat_13x13_adaptive,6,0.316,0.7330332065571185,6,192,True,0.17835
bot->unsw,44,statico,7,0.368,0.7870673936978889,0,0,True,0.2005
bot->unsw,44,ogni_batch,7,0.368,0.8840653135934715,7,224,True,0.2005
bot->unsw,44,su_innesco,7,0.368,0.8218834385108933,2,64,True,0.2005
bot->unsw,44,oracolo,7,0.368,0.8883385432381585,7,224,True,0.2005
bot->unsw,44,stat_13x13,7,0.368,0.7283826124105577,7,224,True,0.2005
bot->unsw,44,martingala,7,0.368,0.8848283252798599,6,192,True,0.2005
bot->unsw,44,stat_13x13_adaptive,7,0.368,0.741289935842238,7,224,True,0.2005
bot->unsw,44,statico,8,0.421,0.7649697000034608,0,0,True,0.2171
bot->unsw,44,ogni_batch,8,0.421,0.888357212425038,8,256,True,0.2171
bot->unsw,44,su_innesco,8,0.421,0.8463089376028952,3,96,True,0.2171
bot->unsw,44,oracolo,8,0.421,0.8875555263040802,8,256,True,0.2171
bot->unsw,44,stat_13x13,8,0.421,0.7282029129525532,8,256,True,0.2171
bot->unsw,44,martingala,8,0.421,0.8900912893226347,7,224,True,0.2171
bot->unsw,44,stat_13x13_adaptive,8,0.421,0.7401538915998003,8,256,True,0.2171
bot->unsw,44,statico,9,0.474,0.7470731719737438,0,0,True,0.2417
bot->unsw,44,ogni_batch,9,0.474,0.8791025242777775,9,288,True,0.2417
bot->unsw,44,su_innesco,9,0.474,0.8434884972306105,4,128,True,0.2417
bot->unsw,44,oracolo,9,0.474,0.8743280220125306,9,288,True,0.2417
bot->unsw,44,stat_13x13,9,0.474,0.725212308548867,9,288,True,0.2417
bot->unsw,44,martingala,9,0.474,0.8522490362728073,8,256,True,0.2417
bot->unsw,44,stat_13x13_adaptive,9,0.474,0.7392225509616903,9,288,True,0.2417
bot->unsw,44,statico,10,0.526,0.7147065851288759,0,0,True,0.26595
bot->unsw,44,ogni_batch,10,0.526,0.858339932567064,10,320,True,0.26595
bot->unsw,44,su_innesco,10,0.526,0.8542829835458163,5,160,True,0.26595
bot->unsw,44,oracolo,10,0.526,0.8603210153851738,10,320,True,0.26595
bot->unsw,44,stat_13x13,10,0.526,0.7199498633806557,10,320,True,0.26595
bot->unsw,44,martingala,10,0.526,0.847313481748976,9,288,True,0.26595
bot->unsw,44,stat_13x13_adaptive,10,0.526,0.7348183719601379,10,320,True,0.26595
bot->unsw,44,statico,11,0.579,0.6942368456786451,0,0,True,0.2826
bot->unsw,44,ogni_batch,11,0.579,0.8462938890592602,11,352,True,0.2826
bot->unsw,44,su_innesco,11,0.579,0.8295789335566979,6,192,True,0.2826
bot->unsw,44,oracolo,11,0.579,0.8496055267449968,11,352,True,0.2826
bot->unsw,44,stat_13x13,11,0.579,0.7159608715486451,11,352,True,0.2826
bot->unsw,44,martingala,11,0.579,0.8338264439735075,10,320,True,0.2826
bot->unsw,44,stat_13x13_adaptive,11,0.579,0.7300978287569554,11,352,True,0.2826
bot->unsw,44,statico,12,0.632,0.6678275885363012,0,0,True,0.31105
bot->unsw,44,ogni_batch,12,0.632,0.8382380839793063,12,384,True,0.31105
bot->unsw,44,su_innesco,12,0.632,0.8298856107048564,7,224,True,0.31105
bot->unsw,44,oracolo,12,0.632,0.8444864303446878,12,384,True,0.31105
bot->unsw,44,stat_13x13,12,0.632,0.7267228761702104,12,384,True,0.31105
bot->unsw,44,martingala,12,0.632,0.8491896486694926,11,352,True,0.31105
bot->unsw,44,stat_13x13_adaptive,12,0.632,0.7300394339080946,12,384,True,0.31105
bot->unsw,44,statico,13,0.684,0.6465900990804881,0,0,True,0.3315
bot->unsw,44,ogni_batch,13,0.684,0.8404985119531398,13,416,True,0.3315
bot->unsw,44,su_innesco,13,0.684,0.8157257177728267,8,256,True,0.3315
bot->unsw,44,oracolo,13,0.684,0.8334749501578105,13,416,True,0.3315
bot->unsw,44,stat_13x13,13,0.684,0.7441007337703451,13,416,True,0.3315
bot->unsw,44,martingala,13,0.684,0.8386714799156044,12,384,True,0.3315
bot->unsw,44,stat_13x13_adaptive,13,0.684,0.7275531107178776,13,416,True,0.3315
bot->unsw,44,statico,14,0.737,0.6146216534530594,0,0,True,0.35165
bot->unsw,44,ogni_batch,14,0.737,0.8323854842661902,14,448,True,0.35165
bot->unsw,44,su_innesco,14,0.737,0.8102043300582558,9,288,True,0.35165
bot->unsw,44,oracolo,14,0.737,0.8197880026242778,14,448,True,0.35165
bot->unsw,44,stat_13x13,14,0.737,0.7516019950834315,14,448,True,0.35165
bot->unsw,44,martingala,14,0.737,0.8268283390377121,13,416,True,0.35165
bot->unsw,44,stat_13x13_adaptive,14,0.737,0.7239076443945586,14,448,True,0.35165
bot->unsw,44,statico,15,0.789,0.5869473139256012,0,0,True,0.37825
bot->unsw,44,ogni_batch,15,0.789,0.8125291632603076,15,480,True,0.37825
bot->unsw,44,su_innesco,15,0.789,0.8072408269743591,10,320,True,0.37825
bot->unsw,44,oracolo,15,0.789,0.8273508753002083,15,480,True,0.37825
bot->unsw,44,stat_13x13,15,0.789,0.7576839596525023,15,480,True,0.37825
bot->unsw,44,martingala,15,0.789,0.8134951347655179,14,448,True,0.37825
bot->unsw,44,stat_13x13_adaptive,15,0.789,0.7297207823410634,15,480,True,0.37825
bot->unsw,44,statico,16,0.842,0.5558642151341023,0,0,True,0.39595
bot->unsw,44,ogni_batch,16,0.842,0.7898576038859499,16,512,True,0.39595
bot->unsw,44,su_innesco,16,0.842,0.7898576038859499,11,352,True,0.39595
bot->unsw,44,oracolo,16,0.842,0.8164947314388376,16,512,True,0.39595
bot->unsw,44,stat_13x13,16,0.842,0.7396666571609181,16,512,True,0.39595
bot->unsw,44,martingala,16,0.842,0.7898576038859499,15,480,True,0.39595
bot->unsw,44,stat_13x13_adaptive,16,0.842,0.7064851781614931,16,512,True,0.39595
bot->unsw,44,statico,17,0.895,0.5160084519228526,0,0,True,0.421
bot->unsw,44,ogni_batch,17,0.895,0.7802733152224294,17,544,True,0.421
bot->unsw,44,su_innesco,17,0.895,0.7802733152224294,12,384,True,0.421
bot->unsw,44,oracolo,17,0.895,0.7971353892214754,17,544,True,0.421
bot->unsw,44,stat_13x13,17,0.895,0.7423953117192991,17,544,True,0.421
bot->unsw,44,martingala,17,0.895,0.7802733152224294,16,512,True,0.421
bot->unsw,44,stat_13x13_adaptive,17,0.895,0.7186223467264466,17,544,True,0.421
bot->unsw,44,statico,18,0.947,0.48776310945375384,0,0,True,0.43685
bot->unsw,44,ogni_batch,18,0.947,0.7665401169019114,18,576,True,0.43685
bot->unsw,44,su_innesco,18,0.947,0.7665401169019114,13,416,True,0.43685
bot->unsw,44,oracolo,18,0.947,0.7785324575824277,18,576,True,0.43685
bot->unsw,44,stat_13x13,18,0.947,0.7463935528164694,18,576,True,0.43685
bot->unsw,44,martingala,18,0.947,0.7665401169019114,17,544,True,0.43685
bot->unsw,44,stat_13x13_adaptive,18,0.947,0.7107003832976422,18,576,True,0.43685
bot->unsw,44,statico,19,1.0,0.44737602194618104,0,0,True,0.4653
bot->unsw,44,ogni_batch,19,1.0,0.7503268555263476,19,608,True,0.4653
bot->unsw,44,su_innesco,19,1.0,0.7503268555263476,14,448,True,0.4653
bot->unsw,44,oracolo,19,1.0,0.7635960373333268,19,608,True,0.4653
bot->unsw,44,stat_13x13,19,1.0,0.7337140935544706,19,608,True,0.4653
bot->unsw,44,martingala,19,1.0,0.7503268555263476,18,576,True,0.4653
bot->unsw,44,stat_13x13_adaptive,19,1.0,0.7080344325084393,19,608,True,0.4653
bot->unsw,45,statico,0,0.0,0.9868,0,0,False,0.04635
bot->unsw,45,ogni_batch,0,0.0,0.9868,0,0,False,0.04635
bot->unsw,45,su_innesco,0,0.0,0.9868,0,0,False,0.04635
bot->unsw,45,oracolo,0,0.0,0.9868,0,0,False,0.04635
bot->unsw,45,stat_13x13,0,0.0,0.9868,0,0,False,0.04635
bot->unsw,45,martingala,0,0.0,0.9868,0,0,False,0.04635
bot->unsw,45,stat_13x13_adaptive,0,0.0,0.9868,0,0,False,0.04635
bot->unsw,45,statico,1,0.053,0.8842374685885739,0,0,False,0.0614
bot->unsw,45,ogni_batch,1,0.053,0.8842374685885739,1,32,False,0.0614
bot->unsw,45,su_innesco,1,0.053,0.8842374685885739,0,0,False,0.0614
bot->unsw,45,oracolo,1,0.053,0.8842374685885739,1,32,False,0.0614
bot->unsw,45,stat_13x13,1,0.053,0.49997454823110205,1,32,False,0.0614
bot->unsw,45,martingala,1,0.053,0.8842374685885739,0,0,False,0.0614
bot->unsw,45,stat_13x13_adaptive,1,0.053,0.49994909646220415,1,32,False,0.0614
bot->unsw,45,statico,2,0.105,0.8713894010305867,0,0,False,0.0815
bot->unsw,45,ogni_batch,2,0.105,0.909716622431131,2,64,False,0.0815
bot->unsw,45,su_innesco,2,0.105,0.8713894010305867,0,0,False,0.0815
bot->unsw,45,oracolo,2,0.105,0.9339323702818243,2,64,False,0.0815
bot->unsw,45,stat_13x13,2,0.105,0.4999219968798752,2,64,False,0.0815
bot->unsw,45,martingala,2,0.105,0.8778528543739152,1,32,False,0.0815
bot->unsw,45,stat_13x13_adaptive,2,0.105,0.4998959958398336,2,64,False,0.0815
bot->unsw,45,statico,3,0.158,0.8452292675544795,0,0,False,0.09945
bot->unsw,45,ogni_batch,3,0.158,0.7717804176755447,3,96,False,0.09945
bot->unsw,45,su_innesco,3,0.158,0.8452292675544795,0,0,False,0.09945
bot->unsw,45,oracolo,3,0.158,0.9377383474576271,3,96,False,0.09945
bot->unsw,45,stat_13x13,3,0.158,0.526380901937046,3,96,False,0.09945
bot->unsw,45,martingala,3,0.158,0.8830167978208232,2,64,False,0.09945
bot->unsw,45,stat_13x13_adaptive,3,0.158,0.5514679176755448,3,96,False,0.09945
bot->unsw,45,statico,4,0.211,0.8339541693471462,0,0,False,0.1187
bot->unsw,45,ogni_batch,4,0.211,0.8541138889505091,4,128,False,0.1187
bot->unsw,45,su_innesco,4,0.211,0.8339541693471462,0,0,False,0.1187
bot->unsw,45,oracolo,4,0.211,0.9135353490538831,4,128,False,0.1187
bot->unsw,45,stat_13x13,4,0.211,0.5312682180172587,4,128,False,0.1187
bot->unsw,45,martingala,4,0.211,0.8838989329843164,3,96,False,0.1187
bot->unsw,45,stat_13x13_adaptive,4,0.211,0.5785496572683512,4,128,False,0.1187
bot->unsw,45,statico,5,0.263,0.8178918195738238,0,0,False,0.1342
bot->unsw,45,ogni_batch,5,0.263,0.8428978224627248,5,160,False,0.1342
bot->unsw,45,su_innesco,5,0.263,0.8178918195738238,0,0,False,0.1342
bot->unsw,45,oracolo,5,0.263,0.9076449992263702,5,160,False,0.1342
bot->unsw,45,stat_13x13,5,0.263,0.6120768674904827,5,160,False,0.1342
bot->unsw,45,martingala,5,0.263,0.8750639710422233,4,128,False,0.1342
bot->unsw,45,stat_13x13_adaptive,5,0.263,0.5976392223352781,5,160,False,0.1342
bot->unsw,45,statico,6,0.316,0.792320671857492,0,0,False,0.1453
bot->unsw,45,ogni_batch,6,0.316,0.8480197603718516,6,192,False,0.1453
bot->unsw,45,su_innesco,6,0.316,0.792320671857492,0,0,False,0.1453
bot->unsw,45,oracolo,6,0.316,0.8918787183033767,6,192,False,0.1453
bot->unsw,45,stat_13x13,6,0.316,0.5627711636443424,6,192,False,0.1453
bot->unsw,45,martingala,6,0.316,0.8991678354711241,5,160,False,0.1453
bot->unsw,45,stat_13x13_adaptive,6,0.316,0.6055843598002385,6,192,False,0.1453
bot->unsw,45,statico,7,0.368,0.7786236522956602,0,0,True,0.16235
bot->unsw,45,ogni_batch,7,0.368,0.8247953394338348,7,224,True,0.16235
bot->unsw,45,su_innesco,7,0.368,0.7786236522956602,0,0,True,0.16235
bot->unsw,45,oracolo,7,0.368,0.8753723846722872,7,224,True,0.16235
bot->unsw,45,stat_13x13,7,0.368,0.5481264041153571,7,224,True,0.16235
bot->unsw,45,martingala,7,0.368,0.8874594536273528,6,192,True,0.16235
bot->unsw,45,stat_13x13_adaptive,7,0.368,0.6010183289796327,7,224,True,0.16235
bot->unsw,45,statico,8,0.421,0.7559204109910849,0,0,True,0.17845
bot->unsw,45,ogni_batch,8,0.421,0.81879724222252,8,256,True,0.17845
bot->unsw,45,su_innesco,8,0.421,0.8755042462329412,1,32,True,0.17845
bot->unsw,45,oracolo,8,0.421,0.8579330864907919,8,256,True,0.17845
bot->unsw,45,stat_13x13,8,0.421,0.6136975258698876,8,256,True,0.17845
bot->unsw,45,martingala,8,0.421,0.9003216590701153,7,224,True,0.17845
bot->unsw,45,stat_13x13_adaptive,8,0.421,0.6013093020091785,8,256,True,0.17845
bot->unsw,45,statico,9,0.474,0.7411318691649464,0,0,True,0.19735
bot->unsw,45,ogni_batch,9,0.474,0.7780412014228901,9,288,True,0.19735
bot->unsw,45,su_innesco,9,0.474,0.8130439123980963,2,64,True,0.19735
bot->unsw,45,oracolo,9,0.474,0.8378798177915472,9,288,True,0.19735
bot->unsw,45,stat_13x13,9,0.474,0.6191885018720227,9,288,True,0.19735
bot->unsw,45,martingala,9,0.474,0.8716411433685072,8,256,True,0.19735
bot->unsw,45,stat_13x13_adaptive,9,0.474,0.6000089192257865,9,288,True,0.19735
bot->unsw,45,statico,10,0.526,0.7165962281703571,0,0,True,0.21615
bot->unsw,45,ogni_batch,10,0.526,0.7552377796073699,10,320,True,0.21615
bot->unsw,45,su_innesco,10,0.526,0.8687255076795757,3,96,True,0.21615
bot->unsw,45,oracolo,10,0.526,0.8842219167460654,10,320,True,0.21615
bot->unsw,45,stat_13x13,10,0.526,0.6223959493065823,10,320,True,0.21615
bot->unsw,45,martingala,10,0.526,0.866515349280518,9,288,True,0.21615
bot->unsw,45,stat_13x13_adaptive,10,0.526,0.5955257639419917,10,320,True,0.21615
bot->unsw,45,statico,11,0.579,0.6956927020574212,0,0,True,0.23155
bot->unsw,45,ogni_batch,11,0.579,0.7267233296007216,11,352,True,0.23155
bot->unsw,45,su_innesco,11,0.579,0.847917655484576,4,128,True,0.23155
bot->unsw,45,oracolo,11,0.579,0.8659337845877642,11,352,True,0.23155
bot->unsw,45,stat_13x13,11,0.579,0.6088861929553284,11,352,True,0.23155
bot->unsw,45,martingala,11,0.579,0.8229120912380044,10,320,True,0.23155
bot->unsw,45,stat_13x13_adaptive,11,0.579,0.5992880120816007,11,352,True,0.23155
bot->unsw,45,statico,12,0.632,0.6708426903957796,0,0,True,0.2477
bot->unsw,45,ogni_batch,12,0.632,0.7344689765811334,12,384,True,0.2477
bot->unsw,45,su_innesco,12,0.632,0.8376758088490837,5,160,True,0.2477
bot->unsw,45,oracolo,12,0.632,0.8591116391922834,12,384,True,0.2477
bot->unsw,45,stat_13x13,12,0.632,0.6109790780821454,12,384,True,0.2477
bot->unsw,45,martingala,12,0.632,0.8373208785444889,11,352,True,0.2477
bot->unsw,45,stat_13x13_adaptive,12,0.632,0.6009752359171816,12,384,True,0.2477
bot->unsw,45,statico,13,0.684,0.6426168649140086,0,0,True,0.26445
bot->unsw,45,ogni_batch,13,0.684,0.7464636209813875,13,416,True,0.26445
bot->unsw,45,su_innesco,13,0.684,0.8310732294534098,6,192,True,0.26445
bot->unsw,45,oracolo,13,0.684,0.8499539527405275,13,416,True,0.26445
bot->unsw,45,stat_13x13,13,0.684,0.6275522556422625,13,416,True,0.26445
bot->unsw,45,martingala,13,0.684,0.8317919707721966,12,384,True,0.26445
bot->unsw,45,stat_13x13_adaptive,13,0.684,0.6000237391721595,13,416,True,0.26445
bot->unsw,45,statico,14,0.737,0.6141898242652882,0,0,True,0.2828
bot->unsw,45,ogni_batch,14,0.737,0.8445468177265036,14,448,True,0.2828
bot->unsw,45,su_innesco,14,0.737,0.8184341974878381,7,224,True,0.2828
bot->unsw,45,oracolo,14,0.737,0.8361900064939021,14,448,True,0.2828
bot->unsw,45,stat_13x13,14,0.737,0.6215985378742874,14,448,True,0.2828
bot->unsw,45,martingala,14,0.737,0.8445468177265036,13,416,True,0.2828
bot->unsw,45,stat_13x13_adaptive,14,0.737,0.6854860305808705,14,448,True,0.2828
bot->unsw,45,statico,15,0.789,0.5886825435040932,0,0,True,0.3011
bot->unsw,45,ogni_batch,15,0.789,0.8004195133410879,15,480,True,0.3011
bot->unsw,45,su_innesco,15,0.789,0.8004195133410879,8,256,True,0.3011
bot->unsw,45,oracolo,15,0.789,0.7983222680990217,15,480,True,0.3011
bot->unsw,45,stat_13x13,15,0.789,0.7477503356289902,15,480,True,0.3011
bot->unsw,45,martingala,15,0.789,0.8004195133410879,14,448,True,0.3011
bot->unsw,45,stat_13x13_adaptive,15,0.789,0.7411882795327582,15,480,True,0.3011
bot->unsw,45,statico,16,0.842,0.5607888537295643,0,0,True,0.31685
bot->unsw,45,ogni_batch,16,0.842,0.800544840792389,16,512,True,0.31685
bot->unsw,45,su_innesco,16,0.842,0.800544840792389,9,288,True,0.31685
bot->unsw,45,oracolo,16,0.842,0.8141600526683481,16,512,True,0.31685
bot->unsw,45,stat_13x13,16,0.842,0.7192716994930494,16,512,True,0.31685
bot->unsw,45,martingala,16,0.842,0.800544840792389,15,480,True,0.31685
bot->unsw,45,stat_13x13_adaptive,16,0.842,0.71557734063357,16,512,True,0.31685
bot->unsw,45,statico,17,0.895,0.524300058837348,0,0,True,0.33855
bot->unsw,45,ogni_batch,17,0.895,0.7899317542080949,17,544,True,0.33855
bot->unsw,45,su_innesco,17,0.895,0.7899317542080949,10,320,True,0.33855
bot->unsw,45,oracolo,17,0.895,0.7872255311511835,17,544,True,0.33855
bot->unsw,45,stat_13x13,17,0.895,0.7146811193513085,17,544,True,0.33855
bot->unsw,45,martingala,17,0.895,0.7899317542080949,16,512,True,0.33855
bot->unsw,45,stat_13x13_adaptive,17,0.895,0.6876392081932364,17,544,True,0.33855
bot->unsw,45,statico,18,0.947,0.4946758659437453,0,0,True,0.3481
bot->unsw,45,ogni_batch,18,0.947,0.7784457895380062,18,576,True,0.3481
bot->unsw,45,su_innesco,18,0.947,0.7784457895380062,11,352,True,0.3481
bot->unsw,45,oracolo,18,0.947,0.7877458712985687,18,576,True,0.3481
bot->unsw,45,stat_13x13,18,0.947,0.7442335447173483,18,576,True,0.3481
bot->unsw,45,martingala,18,0.947,0.7784457895380062,17,544,True,0.3481
bot->unsw,45,stat_13x13_adaptive,18,0.947,0.7314508749343805,18,576,True,0.3481
bot->unsw,45,statico,19,1.0,0.4594305840532169,0,0,True,0.36575
bot->unsw,45,ogni_batch,19,1.0,0.7714079877674243,19,608,True,0.36575
bot->unsw,45,su_innesco,19,1.0,0.7714079877674243,12,384,True,0.36575
bot->unsw,45,oracolo,19,1.0,0.7830580132519571,19,608,True,0.36575
bot->unsw,45,stat_13x13,19,1.0,0.7244909627925821,19,608,True,0.36575
bot->unsw,45,martingala,19,1.0,0.7714079877674243,18,576,True,0.36575
bot->unsw,45,stat_13x13_adaptive,19,1.0,0.7323333376896637,19,608,True,0.36575
bot->unsw,46,statico,0,0.0,0.98385,0,0,False,0.0178
bot->unsw,46,ogni_batch,0,0.0,0.98385,0,0,False,0.0178
bot->unsw,46,su_innesco,0,0.0,0.98385,0,0,False,0.0178
bot->unsw,46,oracolo,0,0.0,0.98385,0,0,False,0.0178
bot->unsw,46,stat_13x13,0,0.0,0.98385,0,0,False,0.0178
bot->unsw,46,martingala,0,0.0,0.98385,0,0,False,0.0178
bot->unsw,46,stat_13x13_adaptive,0,0.0,0.98385,0,0,False,0.0178
bot->unsw,46,statico,1,0.053,0.8984563963470147,0,0,False,0.0324
bot->unsw,46,ogni_batch,1,0.053,0.8984563963470147,1,32,False,0.0324
bot->unsw,46,su_innesco,1,0.053,0.8984563963470147,0,0,False,0.0324
bot->unsw,46,oracolo,1,0.053,0.8984563963470147,1,32,False,0.0324
bot->unsw,46,stat_13x13,1,0.053,0.5444189277309971,1,32,False,0.0324
bot->unsw,46,martingala,1,0.053,0.8984563963470147,0,0,False,0.0324
bot->unsw,46,stat_13x13_adaptive,1,0.053,0.5752831252618613,1,32,False,0.0324
bot->unsw,46,statico,2,0.105,0.8895488804054383,0,0,False,0.044
bot->unsw,46,ogni_batch,2,0.105,0.5880799224086327,2,64,False,0.044
bot->unsw,46,su_innesco,2,0.105,0.8895488804054383,0,0,False,0.044
bot->unsw,46,oracolo,2,0.105,0.9318119149273685,2,64,False,0.044
bot->unsw,46,stat_13x13,2,0.105,0.5954175260352413,2,64,False,0.044
bot->unsw,46,martingala,2,0.105,0.8895488804054383,0,0,False,0.044
bot->unsw,46,stat_13x13_adaptive,2,0.105,0.5872876265031797,2,64,False,0.044
bot->unsw,46,statico,3,0.158,0.8733997672973528,0,0,False,0.0606
bot->unsw,46,ogni_batch,3,0.158,0.6122051734415757,3,96,False,0.0606
bot->unsw,46,su_innesco,3,0.158,0.8733997672973528,0,0,False,0.0606
bot->unsw,46,oracolo,3,0.158,0.9318721077277723,3,96,False,0.0606
bot->unsw,46,stat_13x13,3,0.158,0.6019313400846964,3,96,False,0.0606
bot->unsw,46,martingala,3,0.158,0.5716953869514231,1,32,False,0.0606
bot->unsw,46,stat_13x13_adaptive,3,0.158,0.5827454318035374,3,96,False,0.0606
bot->unsw,46,statico,4,0.211,0.8517085110733171,0,0,False,0.072
bot->unsw,46,ogni_batch,4,0.211,0.8907526417040734,4,128,False,0.072
bot->unsw,46,su_innesco,4,0.211,0.8517085110733171,0,0,False,0.072
bot->unsw,46,oracolo,4,0.211,0.9134870958448342,4,128,False,0.072
bot->unsw,46,stat_13x13,4,0.211,0.7016506584511296,4,128,False,0.072
bot->unsw,46,martingala,4,0.211,0.880254946515367,2,64,False,0.072
bot->unsw,46,stat_13x13_adaptive,4,0.211,0.5961704003680263,4,128,False,0.072
bot->unsw,46,statico,5,0.263,0.8250525728558868,0,0,False,0.0905
bot->unsw,46,ogni_batch,5,0.263,0.8634340554230899,5,160,False,0.0905
bot->unsw,46,su_innesco,5,0.263,0.8250525728558868,0,0,False,0.0905
bot->unsw,46,oracolo,5,0.263,0.8931462764568856,5,160,False,0.0905
bot->unsw,46,stat_13x13,5,0.263,0.7672746569875402,5,160,False,0.0905
bot->unsw,46,martingala,5,0.263,0.868934065600313,3,96,False,0.0905
bot->unsw,46,stat_13x13_adaptive,5,0.263,0.5859022716930715,5,160,False,0.0905
bot->unsw,46,statico,6,0.316,0.8178279510738863,0,0,False,0.1054
bot->unsw,46,ogni_batch,6,0.316,0.8575414299809978,6,192,False,0.1054
bot->unsw,46,su_innesco,6,0.316,0.8178279510738863,0,0,False,0.1054
bot->unsw,46,oracolo,6,0.316,0.874197329605245,6,192,False,0.1054
bot->unsw,46,stat_13x13,6,0.316,0.7352030554847566,6,192,False,0.1054
bot->unsw,46,martingala,6,0.316,0.8412217901385668,4,128,False,0.1054
bot->unsw,46,stat_13x13_adaptive,6,0.316,0.5811043452586739,6,192,False,0.1054
bot->unsw,46,statico,7,0.368,0.7904063581649889,0,0,False,0.11645
bot->unsw,46,ogni_batch,7,0.368,0.8650674378716245,7,224,False,0.11645
bot->unsw,46,su_innesco,7,0.368,0.7904063581649889,0,0,False,0.11645
bot->unsw,46,oracolo,7,0.368,0.8607213461450551,7,224,False,0.11645
bot->unsw,46,stat_13x13,7,0.368,0.766061104114792,7,224,False,0.11645
bot->unsw,46,martingala,7,0.368,0.8073962425225403,5,160,False,0.11645
bot->unsw,46,stat_13x13_adaptive,7,0.368,0.5984248182939241,7,224,False,0.11645
bot->unsw,46,statico,8,0.421,0.7737952481267989,0,0,True,0.1307
bot->unsw,46,ogni_batch,8,0.421,0.8467679082652345,8,256,True,0.1307
bot->unsw,46,su_innesco,8,0.421,0.7737952481267989,0,0,True,0.1307
bot->unsw,46,oracolo,8,0.421,0.8377431688929016,8,256,True,0.1307
bot->unsw,46,stat_13x13,8,0.421,0.7458785718144008,8,256,True,0.1307
bot->unsw,46,martingala,8,0.421,0.8267096094636202,6,192,True,0.1307
bot->unsw,46,stat_13x13_adaptive,8,0.421,0.5964812371229483,8,256,True,0.1307
bot->unsw,46,statico,9,0.474,0.7472080294239352,0,0,True,0.1456
bot->unsw,46,ogni_batch,9,0.474,0.8847286082414723,9,288,True,0.1456
bot->unsw,46,su_innesco,9,0.474,0.8511488618826133,1,32,True,0.1456
bot->unsw,46,oracolo,9,0.474,0.8464758053488054,9,288,True,0.1456
bot->unsw,46,stat_13x13,9,0.474,0.7880022163852674,9,288,True,0.1456
bot->unsw,46,martingala,9,0.474,0.8408194054475482,7,224,True,0.1456
bot->unsw,46,stat_13x13_adaptive,9,0.474,0.6023893627714761,9,288,True,0.1456
bot->unsw,46,statico,10,0.526,0.7235675823604386,0,0,True,0.15895
bot->unsw,46,ogni_batch,10,0.526,0.8525492945018203,10,320,True,0.15895
bot->unsw,46,su_innesco,10,0.526,0.8632951423451012,2,64,True,0.15895
bot->unsw,46,oracolo,10,0.526,0.8302383147286856,10,320,True,0.15895
bot->unsw,46,stat_13x13,10,0.526,0.798071449134921,10,320,True,0.15895
bot->unsw,46,martingala,10,0.526,0.8186249009542275,8,256,True,0.15895
bot->unsw,46,stat_13x13_adaptive,10,0.526,0.6050848859378694,10,320,True,0.15895
bot->unsw,46,statico,11,0.579,0.7051647096426675,0,0,True,0.17235
bot->unsw,46,ogni_batch,11,0.579,0.8755902194824836,11,352,True,0.17235
bot->unsw,46,su_innesco,11,0.579,0.8676117242798257,3,96,True,0.17235
bot->unsw,46,oracolo,11,0.579,0.8068804763972542,11,352,True,0.17235
bot->unsw,46,stat_13x13,11,0.579,0.8192309026359716,11,352,True,0.17235
bot->unsw,46,martingala,11,0.579,0.8499941877778883,9,288,True,0.17235
bot->unsw,46,stat_13x13_adaptive,11,0.579,0.6201375395508526,11,352,True,0.17235
bot->unsw,46,statico,12,0.632,0.671661051039029,0,0,True,0.1866
bot->unsw,46,ogni_batch,12,0.632,0.8569515767738134,12,384,True,0.1866
bot->unsw,46,su_innesco,12,0.632,0.842065781182507,4,128,True,0.1866
bot->unsw,46,oracolo,12,0.632,0.7836682972062964,12,384,True,0.1866
bot->unsw,46,stat_13x13,12,0.632,0.7941926228724947,12,384,True,0.1866
bot->unsw,46,martingala,12,0.632,0.8355512462156389,10,320,True,0.1866
bot->unsw,46,stat_13x13_adaptive,12,0.632,0.6224724297452384,12,384,True,0.1866
bot->unsw,46,statico,13,0.684,0.6453100873383517,0,0,True,0.2002
bot->unsw,46,ogni_batch,13,0.684,0.85218763786638,13,416,True,0.2002
bot->unsw,46,su_innesco,13,0.684,0.8331170554498579,5,160,True,0.2002
bot->unsw,46,oracolo,13,0.684,0.7640836969559104,13,416,True,0.2002
bot->unsw,46,stat_13x13,13,0.684,0.7924792166432294,13,416,True,0.2002
bot->unsw,46,martingala,13,0.684,0.85218763786638,11,352,True,0.2002
bot->unsw,46,stat_13x13_adaptive,13,0.684,0.6712584787823641,13,416,True,0.2002
bot->unsw,46,statico,14,0.737,0.6124803902314766,0,0,True,0.21935
bot->unsw,46,ogni_batch,14,0.737,0.8352973007115706,14,448,True,0.21935
bot->unsw,46,su_innesco,14,0.737,0.8244865366437868,6,192,True,0.21935
bot->unsw,46,oracolo,14,0.737,0.8419705728103426,14,448,True,0.21935
bot->unsw,46,stat_13x13,14,0.737,0.7823456490622704,14,448,True,0.21935
bot->unsw,46,martingala,14,0.737,0.8352973007115706,12,384,True,0.21935
bot->unsw,46,stat_13x13_adaptive,14,0.737,0.6821774656890309,14,448,True,0.21935
bot->unsw,46,statico,15,0.789,0.5895423874371243,0,0,True,0.22745
bot->unsw,46,ogni_batch,15,0.789,0.8217200343516133,15,480,True,0.22745
bot->unsw,46,su_innesco,15,0.789,0.8136658078763341,7,224,True,0.22745
bot->unsw,46,oracolo,15,0.789,0.8294779781621886,15,480,True,0.22745
bot->unsw,46,stat_13x13,15,0.789,0.7751423138265243,15,480,True,0.22745
bot->unsw,46,martingala,15,0.789,0.8217200343516133,13,416,True,0.22745
bot->unsw,46,stat_13x13_adaptive,15,0.789,0.6978616120721384,15,480,True,0.22745
bot->unsw,46,statico,16,0.842,0.5559175082368535,0,0,True,0.24135
bot->unsw,46,ogni_batch,16,0.842,0.7979903939263394,16,512,True,0.24135
bot->unsw,46,su_innesco,16,0.842,0.7979903939263394,8,256,True,0.24135
bot->unsw,46,oracolo,16,0.842,0.8174765345079428,16,512,True,0.24135
bot->unsw,46,stat_13x13,16,0.842,0.7969895421345564,16,512,True,0.24135
bot->unsw,46,martingala,16,0.842,0.7979903939263394,14,448,True,0.24135
bot->unsw,46,stat_13x13_adaptive,16,0.842,0.7935522432056707,16,512,True,0.24135
bot->unsw,46,statico,17,0.895,0.5207835543787991,0,0,True,0.2565
bot->unsw,46,ogni_batch,17,0.895,0.7800331751659033,17,544,True,0.2565
bot->unsw,46,su_innesco,17,0.895,0.7800331751659033,9,288,True,0.2565
bot->unsw,46,oracolo,17,0.895,0.8019904640890708,17,544,True,0.2565
bot->unsw,46,stat_13x13,17,0.895,0.78343934905272,17,544,True,0.2565
bot->unsw,46,martingala,17,0.895,0.7800331751659033,15,480,True,0.2565
bot->unsw,46,stat_13x13_adaptive,17,0.895,0.7218550463751503,17,544,True,0.2565
bot->unsw,46,statico,18,0.947,0.4896780465259799,0,0,True,0.27
bot->unsw,46,ogni_batch,18,0.947,0.7931327169062694,18,576,True,0.27
bot->unsw,46,su_innesco,18,0.947,0.7931327169062694,10,320,True,0.27
bot->unsw,46,oracolo,18,0.947,0.7791515663312736,18,576,True,0.27
bot->unsw,46,stat_13x13,18,0.947,0.7542511687110167,18,576,True,0.27
bot->unsw,46,martingala,18,0.947,0.7931327169062694,16,512,True,0.27
bot->unsw,46,stat_13x13_adaptive,18,0.947,0.7466197431431991,18,576,True,0.27
bot->unsw,46,statico,19,1.0,0.45349575230902606,0,0,True,0.28165
bot->unsw,46,ogni_batch,19,1.0,0.7589450507752398,19,608,True,0.28165
bot->unsw,46,su_innesco,19,1.0,0.7589450507752398,11,352,True,0.28165
bot->unsw,46,oracolo,19,1.0,0.7815422720799976,19,608,True,0.28165
bot->unsw,46,stat_13x13,19,1.0,0.7749351932658135,19,608,True,0.28165
bot->unsw,46,martingala,19,1.0,0.7589450507752398,17,544,True,0.28165
bot->unsw,46,stat_13x13_adaptive,19,1.0,0.744915958617627,19,608,True,0.28165
bot->unsw,47,statico,0,0.0,0.9853,0,0,False,0.04125
bot->unsw,47,ogni_batch,0,0.0,0.9853,0,0,False,0.04125
bot->unsw,47,su_innesco,0,0.0,0.9853,0,0,False,0.04125
bot->unsw,47,oracolo,0,0.0,0.9853,0,0,False,0.04125
bot->unsw,47,stat_13x13,0,0.0,0.9853,0,0,False,0.04125
bot->unsw,47,martingala,0,0.0,0.9853,0,0,False,0.04125
bot->unsw,47,stat_13x13_adaptive,0,0.0,0.9853,0,0,False,0.04125
bot->unsw,47,statico,1,0.053,0.8980348786367087,0,0,False,0.0463
bot->unsw,47,ogni_batch,1,0.053,0.8980348786367087,1,32,False,0.0463
bot->unsw,47,su_innesco,1,0.053,0.8980348786367087,0,0,False,0.0463
bot->unsw,47,oracolo,1,0.053,0.8980348786367087,1,32,False,0.0463
bot->unsw,47,stat_13x13,1,0.053,0.5,1,32,False,0.0463
bot->unsw,47,martingala,1,0.053,0.8980348786367087,0,0,False,0.0463
bot->unsw,47,stat_13x13_adaptive,1,0.053,0.5,1,32,False,0.0463
bot->unsw,47,statico,2,0.105,0.879506674994279,0,0,False,0.0539
bot->unsw,47,ogni_batch,2,0.105,0.879506674994279,2,64,False,0.0539
bot->unsw,47,su_innesco,2,0.105,0.879506674994279,0,0,False,0.0539
bot->unsw,47,oracolo,2,0.105,0.9603172063269207,2,64,False,0.0539
bot->unsw,47,stat_13x13,2,0.105,0.5026490066225165,2,64,False,0.0539
bot->unsw,47,martingala,2,0.105,0.879506674994279,1,32,False,0.0539
bot->unsw,47,stat_13x13_adaptive,2,0.105,0.5718318510527375,2,64,False,0.0539
bot->unsw,47,statico,3,0.158,0.8680215442573649,0,0,False,0.05465
bot->unsw,47,ogni_batch,3,0.158,0.9213753594374922,3,96,False,0.05465
bot->unsw,47,su_innesco,3,0.158,0.8680215442573649,0,0,False,0.05465
bot->unsw,47,oracolo,3,0.158,0.9455014396706822,3,96,False,0.05465
bot->unsw,47,stat_13x13,3,0.158,0.7575116697740607,3,96,False,0.05465
bot->unsw,47,martingala,3,0.158,0.9218555377718842,2,64,False,0.05465
bot->unsw,47,stat_13x13_adaptive,3,0.158,0.595154539634784,3,96,False,0.05465
bot->unsw,47,statico,4,0.211,0.8430557597381565,0,0,False,0.06345
bot->unsw,47,ogni_batch,4,0.211,0.8815001681886765,4,128,False,0.06345
bot->unsw,47,su_innesco,4,0.211,0.8430557597381565,0,0,False,0.06345
bot->unsw,47,oracolo,4,0.211,0.9304331345549665,4,128,False,0.06345
bot->unsw,47,stat_13x13,4,0.211,0.7273660484858584,4,128,False,0.06345
bot->unsw,47,martingala,4,0.211,0.8861491789211553,3,96,False,0.06345
bot->unsw,47,stat_13x13_adaptive,4,0.211,0.7571085140944533,4,128,False,0.06345
bot->unsw,47,statico,5,0.263,0.8272134013032315,0,0,False,0.068
bot->unsw,47,ogni_batch,5,0.263,0.8701109957709576,5,160,False,0.068
bot->unsw,47,su_innesco,5,0.263,0.8272134013032315,0,0,False,0.068
bot->unsw,47,oracolo,5,0.263,0.9161129337275342,5,160,False,0.068
bot->unsw,47,stat_13x13,5,0.263,0.7322682758527593,5,160,False,0.068
bot->unsw,47,martingala,5,0.263,0.8698142447522089,4,128,False,0.068
bot->unsw,47,stat_13x13_adaptive,5,0.263,0.7712223203955864,5,160,False,0.068
bot->unsw,47,statico,6,0.316,0.8090594506370292,0,0,False,0.07375
bot->unsw,47,ogni_batch,6,0.316,0.8490002841961664,6,192,False,0.07375
bot->unsw,47,su_innesco,6,0.316,0.8090594506370292,0,0,False,0.07375
bot->unsw,47,oracolo,6,0.316,0.899601756413224,6,192,False,0.07375
bot->unsw,47,stat_13x13,6,0.316,0.7588296039021973,6,192,False,0.07375
bot->unsw,47,martingala,6,0.316,0.8762745030135761,5,160,False,0.07375
bot->unsw,47,stat_13x13_adaptive,6,0.316,0.7404537861384789,6,192,False,0.07375
bot->unsw,47,statico,7,0.368,0.797481786647307,0,0,False,0.077
bot->unsw,47,ogni_batch,7,0.368,0.8432847802394412,7,224,False,0.077
bot->unsw,47,su_innesco,7,0.368,0.797481786647307,0,0,False,0.077
bot->unsw,47,oracolo,7,0.368,0.8833917237157983,7,224,False,0.077
bot->unsw,47,stat_13x13,7,0.368,0.7612363076611337,7,224,False,0.077
bot->unsw,47,martingala,7,0.368,0.886416188019427,6,192,False,0.077
bot->unsw,47,stat_13x13_adaptive,7,0.368,0.6536475936789135,7,224,False,0.077
bot->unsw,47,statico,8,0.421,0.768732765734778,0,0,False,0.0818
bot->unsw,47,ogni_batch,8,0.421,0.7999877339284716,8,256,False,0.0818
bot->unsw,47,su_innesco,8,0.421,0.768732765734778,0,0,False,0.0818
bot->unsw,47,oracolo,8,0.421,0.8634534587088141,8,256,False,0.0818
bot->unsw,47,stat_13x13,8,0.421,0.7538403520577448,8,256,False,0.0818
bot->unsw,47,martingala,8,0.421,0.8673235429971233,7,224,False,0.0818
bot->unsw,47,stat_13x13_adaptive,8,0.421,0.6157867232221528,8,256,False,0.0818
bot->unsw,47,statico,9,0.474,0.745280550517278,0,0,False,0.0876
bot->unsw,47,ogni_batch,9,0.474,0.7774947421659407,9,288,False,0.0876
bot->unsw,47,su_innesco,9,0.474,0.745280550517278,0,0,False,0.0876
bot->unsw,47,oracolo,9,0.474,0.8373604939560737,9,288,False,0.0876
bot->unsw,47,stat_13x13,9,0.474,0.7166756215597512,9,288,False,0.0876
bot->unsw,47,martingala,9,0.474,0.8495214210348869,8,256,False,0.0876
bot->unsw,47,stat_13x13_adaptive,9,0.474,0.5911378087678946,9,288,False,0.0876
bot->unsw,47,statico,10,0.526,0.7278108135820491,0,0,False,0.09285
bot->unsw,47,ogni_batch,10,0.526,0.7464050214098064,10,320,False,0.09285
bot->unsw,47,su_innesco,10,0.526,0.7278108135820491,0,0,False,0.09285
bot->unsw,47,oracolo,10,0.526,0.8194623022387668,10,320,False,0.09285
bot->unsw,47,stat_13x13,10,0.526,0.7229849550384253,10,320,False,0.09285
bot->unsw,47,martingala,10,0.526,0.8281383718016218,9,288,False,0.09285
bot->unsw,47,stat_13x13_adaptive,10,0.526,0.6400855821258122,10,320,False,0.09285
bot->unsw,47,statico,11,0.579,0.702778185728284,0,0,False,0.09595
bot->unsw,47,ogni_batch,11,0.579,0.7175755590037305,11,352,False,0.09595
bot->unsw,47,su_innesco,11,0.579,0.702778185728284,0,0,False,0.09595
bot->unsw,47,oracolo,11,0.579,0.871368438345294,11,352,False,0.09595
bot->unsw,47,stat_13x13,11,0.579,0.728645486976478,11,352,False,0.09595
bot->unsw,47,martingala,11,0.579,0.8060377316631748,10,320,False,0.09595
bot->unsw,47,stat_13x13_adaptive,11,0.579,0.5862715089994492,11,352,False,0.09595
bot->unsw,47,statico,12,0.632,0.6728659700636745,0,0,False,0.10915
bot->unsw,47,ogni_batch,12,0.632,0.7994344529234516,12,384,False,0.10915
bot->unsw,47,su_innesco,12,0.632,0.6728659700636745,0,0,False,0.10915
bot->unsw,47,oracolo,12,0.632,0.8555153231931243,12,384,False,0.10915
bot->unsw,47,stat_13x13,12,0.632,0.7607492367018385,12,384,False,0.10915
bot->unsw,47,martingala,12,0.632,0.7902048071677079,11,352,False,0.10915
bot->unsw,47,stat_13x13_adaptive,12,0.632,0.6382167991372353,12,384,False,0.10915
bot->unsw,47,statico,13,0.684,0.6510563234246358,0,0,False,0.10715
bot->unsw,47,ogni_batch,13,0.684,0.8318296354567252,13,416,False,0.10715
bot->unsw,47,su_innesco,13,0.684,0.6510563234246358,0,0,False,0.10715
bot->unsw,47,oracolo,13,0.684,0.8548523440078956,13,416,False,0.10715
bot->unsw,47,stat_13x13,13,0.684,0.7671205319736144,13,416,False,0.10715
bot->unsw,47,martingala,13,0.684,0.8583951706690234,12,384,False,0.10715
bot->unsw,47,stat_13x13_adaptive,13,0.684,0.6205762125844358,13,416,False,0.10715
bot->unsw,47,statico,14,0.737,0.6196429367049111,0,0,False,0.1149
bot->unsw,47,ogni_batch,14,0.737,0.8272944910206003,14,448,False,0.1149
bot->unsw,47,su_innesco,14,0.737,0.6196429367049111,0,0,False,0.1149
bot->unsw,47,oracolo,14,0.737,0.8439326168089221,14,448,False,0.1149
bot->unsw,47,stat_13x13,14,0.737,0.7693478290998836,14,448,False,0.1149
bot->unsw,47,martingala,14,0.737,0.8356223535749804,13,416,False,0.1149
bot->unsw,47,stat_13x13_adaptive,14,0.737,0.6558433994868065,14,448,False,0.1149
bot->unsw,47,statico,15,0.789,0.5907864756914591,0,0,False,0.11875
bot->unsw,47,ogni_batch,15,0.789,0.8118336117085803,15,480,False,0.11875
bot->unsw,47,su_innesco,15,0.789,0.5907864756914591,0,0,False,0.11875
bot->unsw,47,oracolo,15,0.789,0.8327703861719403,15,480,False,0.11875
bot->unsw,47,stat_13x13,15,0.789,0.7622722627274073,15,480,False,0.11875
bot->unsw,47,martingala,15,0.789,0.8466917537961954,14,448,False,0.11875
bot->unsw,47,stat_13x13_adaptive,15,0.789,0.6443292018482772,15,480,False,0.11875
bot->unsw,47,statico,16,0.842,0.5585894771359035,0,0,True,0.12595
bot->unsw,47,ogni_batch,16,0.842,0.8015598297729836,16,512,True,0.12595
bot->unsw,47,su_innesco,16,0.842,0.5585894771359035,0,0,True,0.12595
bot->unsw,47,oracolo,16,0.842,0.815713735918832,16,512,True,0.12595
bot->unsw,47,stat_13x13,16,0.842,0.7793576596406255,16,512,True,0.12595
bot->unsw,47,martingala,16,0.842,0.8070249238630272,15,480,True,0.12595
bot->unsw,47,stat_13x13_adaptive,16,0.842,0.6761769292951463,16,512,True,0.12595
bot->unsw,47,statico,17,0.895,0.5238604047387326,0,0,True,0.1318
bot->unsw,47,ogni_batch,17,0.895,0.7958819939555453,17,544,True,0.1318
bot->unsw,47,su_innesco,17,0.895,0.6602398912217011,1,32,True,0.1318
bot->unsw,47,oracolo,17,0.895,0.8061857680131642,17,544,True,0.1318
bot->unsw,47,stat_13x13,17,0.895,0.7593109325307779,17,544,True,0.1318
bot->unsw,47,martingala,17,0.895,0.7985074364375209,16,512,True,0.1318
bot->unsw,47,stat_13x13_adaptive,17,0.895,0.6558285547264724,17,544,True,0.1318
bot->unsw,47,statico,18,0.947,0.4882391520136132,0,0,True,0.1328
bot->unsw,47,ogni_batch,18,0.947,0.795282366704481,18,576,True,0.1328
bot->unsw,47,su_innesco,18,0.947,0.7480900808281339,2,64,True,0.1328
bot->unsw,47,oracolo,18,0.947,0.7837936046511628,18,576,True,0.1328
bot->unsw,47,stat_13x13,18,0.947,0.783633189166194,18,576,True,0.1328
bot->unsw,47,martingala,18,0.947,0.7870417966534317,17,544,True,0.1328
bot->unsw,47,stat_13x13_adaptive,18,0.947,0.7059982983550765,18,576,True,0.1328
bot->unsw,47,statico,19,1.0,0.450440942189459,0,0,True,0.14075
bot->unsw,47,ogni_batch,19,1.0,0.7925144222320184,19,608,True,0.14075
bot->unsw,47,su_innesco,19,1.0,0.7638657792567942,3,96,True,0.14075
bot->unsw,47,oracolo,19,1.0,0.748400599494361,19,608,True,0.14075
bot->unsw,47,stat_13x13,19,1.0,0.7500728636507707,19,608,True,0.14075
bot->unsw,47,martingala,19,1.0,0.7839710724367045,18,576,True,0.14075
bot->unsw,47,stat_13x13_adaptive,19,1.0,0.6984346545768522,19,608,True,0.14075
bot->unsw,48,statico,0,0.0,0.9888,0,0,False,0.01975
bot->unsw,48,ogni_batch,0,0.0,0.9888,0,0,False,0.01975
bot->unsw,48,su_innesco,0,0.0,0.9888,0,0,False,0.01975
bot->unsw,48,oracolo,0,0.0,0.9888,0,0,False,0.01975
bot->unsw,48,stat_13x13,0,0.0,0.9888,0,0,False,0.01975
bot->unsw,48,martingala,0,0.0,0.9888,0,0,False,0.01975
bot->unsw,48,stat_13x13_adaptive,0,0.0,0.9888,0,0,False,0.01975
bot->unsw,48,statico,1,0.053,0.9027499782918974,0,0,False,0.02525
bot->unsw,48,ogni_batch,1,0.053,0.9027499782918974,1,32,False,0.02525
bot->unsw,48,su_innesco,1,0.053,0.9027499782918974,0,0,False,0.02525
bot->unsw,48,oracolo,1,0.053,0.9027499782918974,1,32,False,0.02525
bot->unsw,48,stat_13x13,1,0.053,0.5,1,32,False,0.02525
bot->unsw,48,martingala,1,0.053,0.9027499782918974,0,0,False,0.02525
bot->unsw,48,stat_13x13_adaptive,1,0.053,0.5,1,32,False,0.02525
bot->unsw,48,statico,2,0.105,0.8915362428127829,0,0,False,0.03185
bot->unsw,48,ogni_batch,2,0.105,0.5490634950752492,2,64,False,0.03185
bot->unsw,48,su_innesco,2,0.105,0.8915362428127829,0,0,False,0.03185
bot->unsw,48,oracolo,2,0.105,0.9330516643120246,2,64,False,0.03185
bot->unsw,48,stat_13x13,2,0.105,0.6183812508257517,2,64,False,0.03185
bot->unsw,48,martingala,2,0.105,0.8915362428127829,0,0,False,0.03185
bot->unsw,48,stat_13x13_adaptive,2,0.105,0.6148338657122553,2,64,False,0.03185
bot->unsw,48,statico,3,0.158,0.8746378899792213,0,0,False,0.03785
bot->unsw,48,ogni_batch,3,0.158,0.7340884932659825,3,96,False,0.03785
bot->unsw,48,su_innesco,3,0.158,0.8746378899792213,0,0,False,0.03785
bot->unsw,48,oracolo,3,0.158,0.9107494848275148,3,96,False,0.03785
bot->unsw,48,stat_13x13,3,0.158,0.60151282636499,3,96,False,0.03785
bot->unsw,48,martingala,3,0.158,0.8746378899792213,1,32,False,0.03785
bot->unsw,48,stat_13x13_adaptive,3,0.158,0.604328070171271,3,96,False,0.03785
bot->unsw,48,statico,4,0.211,0.8469464219617653,0,0,False,0.04205
bot->unsw,48,ogni_batch,4,0.211,0.8028877847520566,4,128,False,0.04205
bot->unsw,48,su_innesco,4,0.211,0.8469464219617653,0,0,False,0.04205
bot->unsw,48,oracolo,4,0.211,0.8959838606368933,4,128,False,0.04205
bot->unsw,48,stat_13x13,4,0.211,0.5696562150383264,4,128,False,0.04205
bot->unsw,48,martingala,4,0.211,0.6028811334409925,2,64,False,0.04205
bot->unsw,48,stat_13x13_adaptive,4,0.211,0.5803908840182672,4,128,False,0.04205
bot->unsw,48,statico,5,0.263,0.8243332598665918,0,0,False,0.0495
bot->unsw,48,ogni_batch,5,0.263,0.894308019136854,5,160,False,0.0495
bot->unsw,48,su_innesco,5,0.263,0.8243332598665918,0,0,False,0.0495
bot->unsw,48,oracolo,5,0.263,0.8988243681769408,5,160,False,0.0495
bot->unsw,48,stat_13x13,5,0.263,0.5754615702916638,5,160,False,0.0495
bot->unsw,48,martingala,5,0.263,0.7827937670946028,3,96,False,0.0495
bot->unsw,48,stat_13x13_adaptive,5,0.263,0.6014306693142184,5,160,False,0.0495
bot->unsw,48,statico,6,0.316,0.8031472369811672,0,0,False,0.05645
bot->unsw,48,ogni_batch,6,0.316,0.8866783994264994,6,192,False,0.05645
bot->unsw,48,su_innesco,6,0.316,0.8031472369811672,0,0,False,0.05645
bot->unsw,48,oracolo,6,0.316,0.9011546390843235,6,192,False,0.05645
bot->unsw,48,stat_13x13,6,0.316,0.5853220488213248,6,192,False,0.05645
bot->unsw,48,martingala,6,0.316,0.8634124128562929,4,128,False,0.05645
bot->unsw,48,stat_13x13_adaptive,6,0.316,0.6180332144420798,6,192,False,0.05645
bot->unsw,48,statico,7,0.368,0.7904107613624749,0,0,False,0.06345
bot->unsw,48,ogni_batch,7,0.368,0.7557605154432776,7,224,False,0.06345
bot->unsw,48,su_innesco,7,0.368,0.7904107613624749,0,0,False,0.06345
bot->unsw,48,oracolo,7,0.368,0.9104105618550133,7,224,False,0.06345
bot->unsw,48,stat_13x13,7,0.368,0.6151134427427586,7,224,False,0.06345
bot->unsw,48,martingala,7,0.368,0.8681947829848837,5,160,False,0.06345
bot->unsw,48,stat_13x13_adaptive,7,0.368,0.631768903156978,7,224,False,0.06345
bot->unsw,48,statico,8,0.421,0.7714624449869709,0,0,False,0.0716
bot->unsw,48,ogni_batch,8,0.421,0.740627778735576,8,256,False,0.0716
bot->unsw,48,su_innesco,8,0.421,0.7714624449869709,0,0,False,0.0716
bot->unsw,48,oracolo,8,0.421,0.8977424535940302,8,256,False,0.0716
bot->unsw,48,stat_13x13,8,0.421,0.60632472547627,8,256,False,0.0716
bot->unsw,48,martingala,8,0.421,0.8495754066947449,6,192,False,0.0716
bot->unsw,48,stat_13x13_adaptive,8,0.421,0.6013334147611993,8,256,False,0.0716
bot->unsw,48,statico,9,0.474,0.741333436131598,0,0,False,0.07725
bot->unsw,48,ogni_batch,9,0.474,0.8327860186490316,9,288,False,0.07725
bot->unsw,48,su_innesco,9,0.474,0.741333436131598,0,0,False,0.07725
bot->unsw,48,oracolo,9,0.474,0.8990352755266651,9,288,False,0.07725
bot->unsw,48,stat_13x13,9,0.474,0.6610185063050276,9,288,False,0.07725
bot->unsw,48,martingala,9,0.474,0.8313540187964483,7,224,False,0.07725
bot->unsw,48,stat_13x13_adaptive,9,0.474,0.6101785547185835,9,288,False,0.07725
bot->unsw,48,statico,10,0.526,0.7197685939370162,0,0,False,0.08325
bot->unsw,48,ogni_batch,10,0.526,0.8131876670101529,10,320,False,0.08325
bot->unsw,48,su_innesco,10,0.526,0.7197685939370162,0,0,False,0.08325
bot->unsw,48,oracolo,10,0.526,0.8818406479871166,10,320,False,0.08325
bot->unsw,48,stat_13x13,10,0.526,0.7332946555975717,10,320,False,0.08325
bot->unsw,48,martingala,10,0.526,0.8195560214631065,8,256,False,0.08325
bot->unsw,48,stat_13x13_adaptive,10,0.526,0.6267287707303231,10,320,False,0.08325
bot->unsw,48,statico,11,0.579,0.697779242847422,0,0,False,0.08495
bot->unsw,48,ogni_batch,11,0.579,0.805214510513172,11,352,False,0.08495
bot->unsw,48,su_innesco,11,0.579,0.697779242847422,0,0,False,0.08495
bot->unsw,48,oracolo,11,0.579,0.8708340476151255,11,352,False,0.08495
bot->unsw,48,stat_13x13,11,0.579,0.7619403628557538,11,352,False,0.08495
bot->unsw,48,martingala,11,0.579,0.805214510513172,9,288,False,0.08495
bot->unsw,48,stat_13x13_adaptive,11,0.579,0.7454105999478295,11,352,False,0.08495
bot->unsw,48,statico,12,0.632,0.6726986169319211,0,0,False,0.095
bot->unsw,48,ogni_batch,12,0.632,0.7907025724923866,12,384,False,0.095
bot->unsw,48,su_innesco,12,0.632,0.6726986169319211,0,0,False,0.095
bot->unsw,48,oracolo,12,0.632,0.8551142477579148,12,384,False,0.095
bot->unsw,48,stat_13x13,12,0.632,0.7762318578111295,12,384,False,0.095
bot->unsw,48,martingala,12,0.632,0.7907025724923866,10,320,False,0.095
bot->unsw,48,stat_13x13_adaptive,12,0.632,0.8427151952825429,12,384,False,0.095
bot->unsw,48,statico,13,0.684,0.6449191175193791,0,0,False,0.1007
bot->unsw,48,ogni_batch,13,0.684,0.7615952324773352,13,416,False,0.1007
bot->unsw,48,su_innesco,13,0.684,0.6449191175193791,0,0,False,0.1007
bot->unsw,48,oracolo,13,0.684,0.849535773954653,13,416,False,0.1007
bot->unsw,48,stat_13x13,13,0.684,0.7692277834921497,13,416,False,0.1007
bot->unsw,48,martingala,13,0.684,0.7615952324773352,11,352,False,0.1007
bot->unsw,48,stat_13x13_adaptive,13,0.684,0.7101912504396435,13,416,False,0.1007
bot->unsw,48,statico,14,0.737,0.6198870999801233,0,0,False,0.1078
bot->unsw,48,ogni_batch,14,0.737,0.8378517193400914,14,448,False,0.1078
bot->unsw,48,su_innesco,14,0.737,0.6198870999801233,0,0,False,0.1078
bot->unsw,48,oracolo,14,0.737,0.836836414231763,14,448,False,0.1078
bot->unsw,48,stat_13x13,14,0.737,0.7618994235738421,14,448,False,0.1078
bot->unsw,48,martingala,14,0.737,0.8378517193400914,12,384,False,0.1078
bot->unsw,48,stat_13x13_adaptive,14,0.737,0.6812323593718943,14,448,False,0.1078
bot->unsw,48,statico,15,0.789,0.5926397716137967,0,0,False,0.11455
bot->unsw,48,ogni_batch,15,0.789,0.8298019319050441,15,480,False,0.11455
bot->unsw,48,su_innesco,15,0.789,0.5926397716137967,0,0,False,0.11455
bot->unsw,48,oracolo,15,0.789,0.8294251244629576,15,480,False,0.11455
bot->unsw,48,stat_13x13,15,0.789,0.7445091799218838,15,480,False,0.11455
bot->unsw,48,martingala,15,0.789,0.8298019319050441,13,416,False,0.11455
bot->unsw,48,stat_13x13_adaptive,15,0.789,0.6680373229325145,15,480,False,0.11455
bot->unsw,48,statico,16,0.842,0.5591803396979735,0,0,False,0.121
bot->unsw,48,ogni_batch,16,0.842,0.8090860767723627,16,512,False,0.121
bot->unsw,48,su_innesco,16,0.842,0.5591803396979735,0,0,False,0.121
bot->unsw,48,oracolo,16,0.842,0.8169036138452188,16,512,False,0.121
bot->unsw,48,stat_13x13,16,0.842,0.7756208454445069,16,512,False,0.121
bot->unsw,48,martingala,16,0.842,0.8090860767723627,14,448,False,0.121
bot->unsw,48,stat_13x13_adaptive,16,0.842,0.6936416361912806,16,512,False,0.121
bot->unsw,48,statico,17,0.895,0.5242830559404877,0,0,True,0.12525
bot->unsw,48,ogni_batch,17,0.895,0.789769735462422,17,544,True,0.12525
bot->unsw,48,su_innesco,17,0.895,0.5242830559404877,0,0,True,0.12525
bot->unsw,48,oracolo,17,0.895,0.8061469076893533,17,544,True,0.12525
bot->unsw,48,stat_13x13,17,0.895,0.7629078682644914,17,544,True,0.12525
bot->unsw,48,martingala,17,0.895,0.789769735462422,15,480,True,0.12525
bot->unsw,48,stat_13x13_adaptive,17,0.895,0.6923707563793264,17,544,True,0.12525
bot->unsw,48,statico,18,0.947,0.4906184319634239,0,0,True,0.12695
bot->unsw,48,ogni_batch,18,0.947,0.7677080150848384,18,576,True,0.12695
bot->unsw,48,su_innesco,18,0.947,0.674331722456027,1,32,True,0.12695
bot->unsw,48,oracolo,18,0.947,0.7973094171798383,18,576,True,0.12695
bot->unsw,48,stat_13x13,18,0.947,0.7958137559421181,18,576,True,0.12695
bot->unsw,48,martingala,18,0.947,0.7677080150848384,16,512,True,0.12695
bot->unsw,48,stat_13x13_adaptive,18,0.947,0.7901257487179145,18,576,True,0.12695
bot->unsw,48,statico,19,1.0,0.4534762767702939,0,0,True,0.1389
bot->unsw,48,ogni_batch,19,1.0,0.7545979279620731,19,608,True,0.1389
bot->unsw,48,su_innesco,19,1.0,0.6892841392997213,2,64,True,0.1389
bot->unsw,48,oracolo,19,1.0,0.7838469087312929,19,608,True,0.1389
bot->unsw,48,stat_13x13,19,1.0,0.7387239351678758,19,608,True,0.1389
bot->unsw,48,martingala,19,1.0,0.7545979279620731,17,544,True,0.1389
bot->unsw,48,stat_13x13_adaptive,19,1.0,0.5869530855440984,19,608,True,0.1389
bot->unsw,49,statico,0,0.0,0.98935,0,0,False,0.0388
bot->unsw,49,ogni_batch,0,0.0,0.98935,0,0,False,0.0388
bot->unsw,49,su_innesco,0,0.0,0.98935,0,0,False,0.0388
bot->unsw,49,oracolo,0,0.0,0.98935,0,0,False,0.0388
bot->unsw,49,stat_13x13,0,0.0,0.98935,0,0,False,0.0388
bot->unsw,49,martingala,0,0.0,0.98935,0,0,False,0.0388
bot->unsw,49,stat_13x13_adaptive,0,0.0,0.98935,0,0,False,0.0388
bot->unsw,49,statico,1,0.053,0.9302040816326531,0,0,False,0.047
bot->unsw,49,ogni_batch,1,0.053,0.9302040816326531,1,32,False,0.047
bot->unsw,49,su_innesco,1,0.053,0.9302040816326531,0,0,False,0.047
bot->unsw,49,oracolo,1,0.053,0.9302040816326531,1,32,False,0.047
bot->unsw,49,stat_13x13,1,0.053,0.49997448979591835,1,32,False,0.047
bot->unsw,49,martingala,1,0.053,0.9302040816326531,0,0,False,0.047
bot->unsw,49,stat_13x13_adaptive,1,0.053,0.49997448979591835,1,32,False,0.047
bot->unsw,49,statico,2,0.105,0.9031533557513862,0,0,False,0.05105
bot->unsw,49,ogni_batch,2,0.105,0.5394810994613096,2,64,False,0.05105
bot->unsw,49,su_innesco,2,0.105,0.9031533557513862,0,0,False,0.05105
bot->unsw,49,oracolo,2,0.105,0.9401175981305494,2,64,False,0.05105
bot->unsw,49,stat_13x13,2,0.105,0.5704800920764389,2,64,False,0.05105
bot->unsw,49,martingala,2,0.105,0.5343288131812305,1,32,False,0.05105
bot->unsw,49,stat_13x13_adaptive,2,0.105,0.643711726597836,2,64,False,0.05105
bot->unsw,49,statico,3,0.158,0.8819568574699608,0,0,False,0.05805
bot->unsw,49,ogni_batch,3,0.158,0.8820117018741267,3,96,False,0.05805
bot->unsw,49,su_innesco,3,0.158,0.8819568574699608,0,0,False,0.05805
bot->unsw,49,oracolo,3,0.158,0.9369547711915651,3,96,False,0.05805
bot->unsw,49,stat_13x13,3,0.158,0.8002137722127254,3,96,False,0.05805
bot->unsw,49,martingala,3,0.158,0.8641089865808547,2,64,False,0.05805
bot->unsw,49,stat_13x13_adaptive,3,0.158,0.811963620928442,3,96,False,0.05805
bot->unsw,49,statico,4,0.211,0.8684985732760682,0,0,False,0.06275
bot->unsw,49,ogni_batch,4,0.211,0.8438897208933749,4,128,False,0.06275
bot->unsw,49,su_innesco,4,0.211,0.8684985732760682,0,0,False,0.06275
bot->unsw,49,oracolo,4,0.211,0.9095017955711302,4,128,False,0.06275
bot->unsw,49,stat_13x13,4,0.211,0.8025397815184871,4,128,False,0.06275
bot->unsw,49,martingala,4,0.211,0.8430849941710944,3,96,False,0.06275
bot->unsw,49,stat_13x13_adaptive,4,0.211,0.8901273136272205,4,128,False,0.06275
bot->unsw,49,statico,5,0.263,0.8307030342227462,0,0,False,0.0691
bot->unsw,49,ogni_batch,5,0.263,0.8397423002852673,5,160,False,0.0691
bot->unsw,49,su_innesco,5,0.263,0.8307030342227462,0,0,False,0.0691
bot->unsw,49,oracolo,5,0.263,0.8917576989266008,5,160,False,0.0691
bot->unsw,49,stat_13x13,5,0.263,0.7719571714602664,5,160,False,0.0691
bot->unsw,49,martingala,5,0.263,0.875915794053145,4,128,False,0.0691
bot->unsw,49,stat_13x13_adaptive,5,0.263,0.820619463146409,5,160,False,0.0691
bot->unsw,49,statico,6,0.316,0.8259255661082322,0,0,False,0.07115
bot->unsw,49,ogni_batch,6,0.316,0.8660012435692224,6,192,False,0.07115
bot->unsw,49,su_innesco,6,0.316,0.8259255661082322,0,0,False,0.07115
bot->unsw,49,oracolo,6,0.316,0.9000975336858907,6,192,False,0.07115
bot->unsw,49,stat_13x13,6,0.316,0.7742795943407683,6,192,False,0.07115
bot->unsw,49,martingala,6,0.316,0.8977996404390332,5,160,False,0.07115
bot->unsw,49,stat_13x13_adaptive,6,0.316,0.7789126162385241,6,192,False,0.07115
bot->unsw,49,statico,7,0.368,0.8069345437458133,0,0,False,0.07625
bot->unsw,49,ogni_batch,7,0.368,0.8792071033504016,7,224,False,0.07625
bot->unsw,49,su_innesco,7,0.368,0.8069345437458133,0,0,False,0.07625
bot->unsw,49,oracolo,7,0.368,0.8774903586036407,7,224,False,0.07625
bot->unsw,49,stat_13x13,7,0.368,0.7780369806551151,7,224,False,0.07625
bot->unsw,49,martingala,7,0.368,0.8893768624378354,6,192,False,0.07625
bot->unsw,49,stat_13x13_adaptive,7,0.368,0.792818981698054,7,224,False,0.07625
bot->unsw,49,statico,8,0.421,0.7839804380982209,0,0,False,0.08485
bot->unsw,49,ogni_batch,8,0.421,0.8874179894863254,8,256,False,0.08485
bot->unsw,49,su_innesco,8,0.421,0.7839804380982209,0,0,False,0.08485
bot->unsw,49,oracolo,8,0.421,0.8646453570215822,8,256,False,0.08485
bot->unsw,49,stat_13x13,8,0.421,0.7928766583246403,8,256,False,0.08485
bot->unsw,49,martingala,8,0.421,0.8799304231493037,7,224,False,0.08485
bot->unsw,49,stat_13x13_adaptive,8,0.421,0.7919269850136432,8,256,False,0.08485
bot->unsw,49,statico,9,0.474,0.7613505551761157,0,0,False,0.0869
bot->unsw,49,ogni_batch,9,0.474,0.8731360124790624,9,288,False,0.0869
bot->unsw,49,su_innesco,9,0.474,0.7613505551761157,0,0,False,0.0869
bot->unsw,49,oracolo,9,0.474,0.8909342312892831,9,288,False,0.0869
bot->unsw,49,stat_13x13,9,0.474,0.7797951702143342,9,288,False,0.0869
bot->unsw,49,martingala,9,0.474,0.8674036320067355,8,256,False,0.0869
bot->unsw,49,stat_13x13_adaptive,9,0.474,0.7943950335379768,9,288,False,0.0869
bot->unsw,49,statico,10,0.526,0.7311124542793525,0,0,False,0.09125
bot->unsw,49,ogni_batch,10,0.526,0.8651667500766238,10,320,False,0.09125
bot->unsw,49,su_innesco,10,0.526,0.7311124542793525,0,0,False,0.09125
bot->unsw,49,oracolo,10,0.526,0.8618726167877758,10,320,False,0.09125
bot->unsw,49,stat_13x13,10,0.526,0.7884725462648547,10,320,False,0.09125
bot->unsw,49,martingala,10,0.526,0.8365794367179329,9,288,False,0.09125
bot->unsw,49,stat_13x13_adaptive,10,0.526,0.8023209051179454,10,320,False,0.09125
bot->unsw,49,statico,11,0.579,0.7107143192738818,0,0,False,0.096
bot->unsw,49,ogni_batch,11,0.579,0.8456779396390564,11,352,False,0.096
bot->unsw,49,su_innesco,11,0.579,0.7107143192738818,0,0,False,0.096
bot->unsw,49,oracolo,11,0.579,0.852789093289585,11,352,False,0.096
bot->unsw,49,stat_13x13,11,0.579,0.7533182954217172,11,352,False,0.096
bot->unsw,49,martingala,11,0.579,0.8262101728050725,10,320,False,0.096
bot->unsw,49,stat_13x13_adaptive,11,0.579,0.8100195607699404,11,352,False,0.096
bot->unsw,49,statico,12,0.632,0.6836729946826539,0,0,False,0.1005
bot->unsw,49,ogni_batch,12,0.632,0.8490983179077036,12,384,False,0.1005
bot->unsw,49,su_innesco,12,0.632,0.6836729946826539,0,0,False,0.1005
bot->unsw,49,oracolo,12,0.632,0.8509238854088643,12,384,False,0.1005
bot->unsw,49,stat_13x13,12,0.632,0.7567256850578714,12,384,False,0.1005
bot->unsw,49,martingala,12,0.632,0.8162773280856062,11,352,False,0.1005
bot->unsw,49,stat_13x13_adaptive,12,0.632,0.8106337893405993,12,384,False,0.1005
bot->unsw,49,statico,13,0.684,0.6584269507307131,0,0,False,0.1081
bot->unsw,49,ogni_batch,13,0.684,0.8318853959217477,13,416,False,0.1081
bot->unsw,49,su_innesco,13,0.684,0.6584269507307131,0,0,False,0.1081
bot->unsw,49,oracolo,13,0.684,0.8400117071193869,13,416,False,0.1081
bot->unsw,49,stat_13x13,13,0.684,0.8178875231446123,13,416,False,0.1081
bot->unsw,49,martingala,13,0.684,0.8085771191421073,12,384,False,0.1081
bot->unsw,49,stat_13x13_adaptive,13,0.684,0.8076710376067435,13,416,False,0.1081
bot->unsw,49,statico,14,0.737,0.6241548598078095,0,0,False,0.1125
bot->unsw,49,ogni_batch,14,0.737,0.8230627628064671,14,448,False,0.1125
bot->unsw,49,su_innesco,14,0.737,0.6241548598078095,0,0,False,0.1125
bot->unsw,49,oracolo,14,0.737,0.8218514760397799,14,448,False,0.1125
bot->unsw,49,stat_13x13,14,0.737,0.7299067416141662,14,448,False,0.1125
bot->unsw,49,martingala,14,0.737,0.7873045921438302,13,416,False,0.1125
bot->unsw,49,stat_13x13_adaptive,14,0.737,0.7697329353678855,14,448,False,0.1125
bot->unsw,49,statico,15,0.789,0.5973289721608634,0,0,True,0.1186
bot->unsw,49,ogni_batch,15,0.789,0.8139028668072579,15,480,True,0.1186
bot->unsw,49,su_innesco,15,0.789,0.5973289721608634,0,0,True,0.1186
bot->unsw,49,oracolo,15,0.789,0.8098379530756281,15,480,True,0.1186
bot->unsw,49,stat_13x13,15,0.789,0.7357157062305801,15,480,True,0.1186
bot->unsw,49,martingala,15,0.789,0.8018868637254466,14,448,True,0.1186
bot->unsw,49,stat_13x13_adaptive,15,0.789,0.7604864908900407,15,480,True,0.1186
bot->unsw,49,statico,16,0.842,0.5609769910759965,0,0,True,0.1223
bot->unsw,49,ogni_batch,16,0.842,0.8077455346216379,16,512,True,0.1223
bot->unsw,49,su_innesco,16,0.842,0.7035390146177252,1,32,True,0.1223
bot->unsw,49,oracolo,16,0.842,0.767275645619206,16,512,True,0.1223
bot->unsw,49,stat_13x13,16,0.842,0.7426222833243434,16,512,True,0.1223
bot->unsw,49,martingala,16,0.842,0.8077455346216379,15,480,True,0.1223
bot->unsw,49,stat_13x13_adaptive,16,0.842,0.7560680019647605,16,512,True,0.1223
bot->unsw,49,statico,17,0.895,0.5317962230534992,0,0,True,0.12415
bot->unsw,49,ogni_batch,17,0.895,0.7975767959460325,17,544,True,0.12415
bot->unsw,49,su_innesco,17,0.895,0.7563338452282005,2,64,True,0.12415
bot->unsw,49,oracolo,17,0.895,0.805447451761384,17,544,True,0.12415
bot->unsw,49,stat_13x13,17,0.895,0.73581209512768,17,544,True,0.12415
bot->unsw,49,martingala,17,0.895,0.7975767959460325,16,512,True,0.12415
bot->unsw,49,stat_13x13_adaptive,17,0.895,0.7373225120443676,17,544,True,0.12415
bot->unsw,49,statico,18,0.947,0.49383328769263696,0,0,True,0.1305
bot->unsw,49,ogni_batch,18,0.947,0.7866519914018002,18,576,True,0.1305
bot->unsw,49,su_innesco,18,0.947,0.7670588376325607,3,96,True,0.1305
bot->unsw,49,oracolo,18,0.947,0.7917470475277805,18,576,True,0.1305
bot->unsw,49,stat_13x13,18,0.947,0.7395172172671867,18,576,True,0.1305
bot->unsw,49,martingala,18,0.947,0.7866519914018002,17,544,True,0.1305
bot->unsw,49,stat_13x13_adaptive,18,0.947,0.7420322528547982,18,576,True,0.1305
bot->unsw,49,statico,19,1.0,0.456905358603526,0,0,True,0.1375
bot->unsw,49,ogni_batch,19,1.0,0.7532088097600028,19,608,True,0.1375
bot->unsw,49,su_innesco,19,1.0,0.755171296054578,4,128,True,0.1375
bot->unsw,49,oracolo,19,1.0,0.7820767851859587,19,608,True,0.1375
bot->unsw,49,stat_13x13,19,1.0,0.7346092431124802,19,608,True,0.1375
bot->unsw,49,martingala,19,1.0,0.7532088097600028,18,576,True,0.1375
bot->unsw,49,stat_13x13_adaptive,19,1.0,0.7396386988983449,19,608,True,0.1375
bot->unsw,50,statico,0,0.0,0.9881,0,0,False,0.01695
bot->unsw,50,ogni_batch,0,0.0,0.9881,0,0,False,0.01695
bot->unsw,50,su_innesco,0,0.0,0.9881,0,0,False,0.01695
bot->unsw,50,oracolo,0,0.0,0.9881,0,0,False,0.01695
bot->unsw,50,stat_13x13,0,0.0,0.9881,0,0,False,0.01695
bot->unsw,50,martingala,0,0.0,0.9881,0,0,False,0.01695
bot->unsw,50,stat_13x13_adaptive,0,0.0,0.9881,0,0,False,0.01695
bot->unsw,50,statico,1,0.053,0.8919983399823854,0,0,False,0.033
bot->unsw,50,ogni_batch,1,0.053,0.8919983399823854,1,32,False,0.033
bot->unsw,50,su_innesco,1,0.053,0.8919983399823854,0,0,False,0.033
bot->unsw,50,oracolo,1,0.053,0.8919983399823854,1,32,False,0.033
bot->unsw,50,stat_13x13,1,0.053,0.5,1,32,False,0.033
bot->unsw,50,martingala,1,0.053,0.8919983399823854,0,0,False,0.033
bot->unsw,50,stat_13x13_adaptive,1,0.053,0.5,1,32,False,0.033
bot->unsw,50,statico,2,0.105,0.8971696408889684,0,0,False,0.0493
bot->unsw,50,ogni_batch,2,0.105,0.8971696408889684,2,64,False,0.0493
bot->unsw,50,su_innesco,2,0.105,0.8971696408889684,0,0,False,0.0493
bot->unsw,50,oracolo,2,0.105,0.9334369214603109,2,64,False,0.0493
bot->unsw,50,stat_13x13,2,0.105,0.56095075669055,2,64,False,0.0493
bot->unsw,50,martingala,2,0.105,0.8971696408889684,0,0,False,0.0493
bot->unsw,50,stat_13x13_adaptive,2,0.105,0.5781874895375991,2,64,False,0.0493
bot->unsw,50,statico,3,0.158,0.8526504385987053,0,0,False,0.0639
bot->unsw,50,ogni_batch,3,0.158,0.899925231527055,3,96,False,0.0639
bot->unsw,50,su_innesco,3,0.158,0.8526504385987053,0,0,False,0.0639
bot->unsw,50,oracolo,3,0.158,0.9231729634659067,3,96,False,0.0639
bot->unsw,50,stat_13x13,3,0.158,0.7315805277394025,3,96,False,0.0639
bot->unsw,50,martingala,3,0.158,0.902602004557904,1,32,False,0.0639
bot->unsw,50,stat_13x13_adaptive,3,0.158,0.8370950812291496,3,96,False,0.0639
bot->unsw,50,statico,4,0.211,0.8356809603821518,0,0,False,0.08255
bot->unsw,50,ogni_batch,4,0.211,0.867132320871421,4,128,False,0.08255
bot->unsw,50,su_innesco,4,0.211,0.8356809603821518,0,0,False,0.08255
bot->unsw,50,oracolo,4,0.211,0.928822932819952,4,128,False,0.08255
bot->unsw,50,stat_13x13,4,0.211,0.7068427022698414,4,128,False,0.08255
bot->unsw,50,martingala,4,0.211,0.859129863010746,2,64,False,0.08255
bot->unsw,50,stat_13x13_adaptive,4,0.211,0.7692047662190993,4,128,False,0.08255
bot->unsw,50,statico,5,0.263,0.8255017445836679,0,0,False,0.09565
bot->unsw,50,ogni_batch,5,0.263,0.8268135003434048,5,160,False,0.09565
bot->unsw,50,su_innesco,5,0.263,0.8255017445836679,0,0,False,0.09565
bot->unsw,50,oracolo,5,0.263,0.9136380679687766,5,160,False,0.09565
bot->unsw,50,stat_13x13,5,0.263,0.7048339943967352,5,160,False,0.09565
bot->unsw,50,martingala,5,0.263,0.8248517774736572,3,96,False,0.09565
bot->unsw,50,stat_13x13_adaptive,5,0.263,0.7851348126938678,5,160,False,0.09565
bot->unsw,50,statico,6,0.316,0.8067805632990177,0,0,False,0.1101
bot->unsw,50,ogni_batch,6,0.316,0.8467265675928538,6,192,False,0.1101
bot->unsw,50,su_innesco,6,0.316,0.8067805632990177,0,0,False,0.1101
bot->unsw,50,oracolo,6,0.316,0.8713579495737244,6,192,False,0.1101
bot->unsw,50,stat_13x13,6,0.316,0.742064511938745,6,192,False,0.1101
bot->unsw,50,martingala,6,0.316,0.8841708226346048,4,128,False,0.1101
bot->unsw,50,stat_13x13_adaptive,6,0.316,0.7797634843826455,6,192,False,0.1101
bot->unsw,50,statico,7,0.368,0.7841181633653163,0,0,True,0.1285
bot->unsw,50,ogni_batch,7,0.368,0.8378226102577333,7,224,True,0.1285
bot->unsw,50,su_innesco,7,0.368,0.7841181633653163,0,0,True,0.1285
bot->unsw,50,oracolo,7,0.368,0.8547770103975134,7,224,True,0.1285
bot->unsw,50,stat_13x13,7,0.368,0.7735509583266788,7,224,True,0.1285
bot->unsw,50,martingala,7,0.368,0.8355639801304706,5,160,True,0.1285
bot->unsw,50,stat_13x13_adaptive,7,0.368,0.8014828434885521,7,224,True,0.1285
bot->unsw,50,statico,8,0.421,0.7602796565234959,0,0,True,0.13965
bot->unsw,50,ogni_batch,8,0.421,0.7974990844149439,8,256,True,0.13965
bot->unsw,50,su_innesco,8,0.421,0.6042938984299779,1,32,True,0.13965
bot->unsw,50,oracolo,8,0.421,0.8660854069942339,8,256,True,0.13965
bot->unsw,50,stat_13x13,8,0.421,0.814804563883317,8,256,True,0.13965
bot->unsw,50,martingala,8,0.421,0.8489143233838503,6,192,True,0.13965
bot->unsw,50,stat_13x13_adaptive,8,0.421,0.8010911182872565,8,256,True,0.13965
bot->unsw,50,statico,9,0.474,0.738545866497719,0,0,True,0.1572
bot->unsw,50,ogni_batch,9,0.474,0.8132544012318761,9,288,True,0.1572
bot->unsw,50,su_innesco,9,0.474,0.6910954126799287,2,64,True,0.1572
bot->unsw,50,oracolo,9,0.474,0.8478755024270299,9,288,True,0.1572
bot->unsw,50,stat_13x13,9,0.474,0.7792148049515388,9,288,True,0.1572
bot->unsw,50,martingala,9,0.474,0.8288317847447039,7,224,True,0.1572
bot->unsw,50,stat_13x13_adaptive,9,0.474,0.663868296197759,9,288,True,0.1572
bot->unsw,50,statico,10,0.526,0.7182021208257885,0,0,True,0.16905
bot->unsw,50,ogni_batch,10,0.526,0.7956754198640033,10,320,True,0.16905
bot->unsw,50,su_innesco,10,0.526,0.7500506729539296,3,96,True,0.16905
bot->unsw,50,oracolo,10,0.526,0.8236871356301088,10,320,True,0.16905
bot->unsw,50,stat_13x13,10,0.526,0.7369244356604628,10,320,True,0.16905
bot->unsw,50,martingala,10,0.526,0.8591556056029979,8,256,True,0.16905
bot->unsw,50,stat_13x13_adaptive,10,0.526,0.6858951301373479,10,320,True,0.16905
bot->unsw,50,statico,11,0.579,0.6938984804166369,0,0,True,0.18985
bot->unsw,50,ogni_batch,11,0.579,0.7820741480583102,11,352,True,0.18985
bot->unsw,50,su_innesco,11,0.579,0.7353386364176833,4,128,True,0.18985
bot->unsw,50,oracolo,11,0.579,0.796773857934413,11,352,True,0.18985
bot->unsw,50,stat_13x13,11,0.579,0.7129122969727235,11,352,True,0.18985
bot->unsw,50,martingala,11,0.579,0.851577251432784,9,288,True,0.18985
bot->unsw,50,stat_13x13_adaptive,11,0.579,0.6848692658914176,11,352,True,0.18985
bot->unsw,50,statico,12,0.632,0.6682585162480588,0,0,True,0.2066
bot->unsw,50,ogni_batch,12,0.632,0.7504662844323204,12,384,True,0.2066
bot->unsw,50,su_innesco,12,0.632,0.7279880138052421,5,160,True,0.2066
bot->unsw,50,oracolo,12,0.632,0.7410668963070306,12,384,True,0.2066
bot->unsw,50,stat_13x13,12,0.632,0.7121105654457289,12,384,True,0.2066
bot->unsw,50,martingala,12,0.632,0.8402095426062717,10,320,True,0.2066
bot->unsw,50,stat_13x13_adaptive,12,0.632,0.6915621449726221,12,384,True,0.2066
bot->unsw,50,statico,13,0.684,0.642170549541098,0,0,True,0.21925
bot->unsw,50,ogni_batch,13,0.684,0.7340285529762518,13,416,True,0.21925
bot->unsw,50,su_innesco,13,0.684,0.7390385627172533,6,192,True,0.21925
bot->unsw,50,oracolo,13,0.684,0.8083790654334488,13,416,True,0.21925
bot->unsw,50,stat_13x13,13,0.684,0.7377373445674269,13,416,True,0.21925
bot->unsw,50,martingala,13,0.684,0.8319758868990275,11,352,True,0.21925
bot->unsw,50,stat_13x13_adaptive,13,0.684,0.698568063133853,13,416,True,0.21925
bot->unsw,50,statico,14,0.737,0.6152989674218382,0,0,True,0.23525
bot->unsw,50,ogni_batch,14,0.737,0.7109827263449577,14,448,True,0.23525
bot->unsw,50,su_innesco,14,0.737,0.7159092865624229,7,224,True,0.23525
bot->unsw,50,oracolo,14,0.737,0.8009041592339363,14,448,True,0.23525
bot->unsw,50,stat_13x13,14,0.737,0.746186863298638,14,448,True,0.23525
bot->unsw,50,martingala,14,0.737,0.8245897676027859,12,384,True,0.23525
bot->unsw,50,stat_13x13_adaptive,14,0.737,0.687054996977715,14,448,True,0.23525
bot->unsw,50,statico,15,0.789,0.585744712218594,0,0,True,0.2492
bot->unsw,50,ogni_batch,15,0.789,0.8031190499716123,15,480,True,0.2492
bot->unsw,50,su_innesco,15,0.789,0.6931206693203598,8,256,True,0.2492
bot->unsw,50,oracolo,15,0.789,0.8307809966091699,15,480,True,0.2492
bot->unsw,50,stat_13x13,15,0.789,0.7357708060827914,15,480,True,0.2492
bot->unsw,50,martingala,15,0.789,0.8185033531889799,13,416,True,0.2492
bot->unsw,50,stat_13x13_adaptive,15,0.789,0.6741897766945524,15,480,True,0.2492
bot->unsw,50,statico,16,0.842,0.5553840903191939,0,0,True,0.26045
bot->unsw,50,ogni_batch,16,0.842,0.8160483925623709,16,512,True,0.26045
bot->unsw,50,su_innesco,16,0.842,0.8077467162516139,9,288,True,0.26045
bot->unsw,50,oracolo,16,0.842,0.7999979182875099,16,512,True,0.26045
bot->unsw,50,stat_13x13,16,0.842,0.7467954814970377,16,512,True,0.26045
bot->unsw,50,martingala,16,0.842,0.8064021513415343,14,448,True,0.26045
bot->unsw,50,stat_13x13_adaptive,16,0.842,0.6956010730521424,16,512,True,0.26045
bot->unsw,50,statico,17,0.895,0.5198314412253642,0,0,True,0.2793
bot->unsw,50,ogni_batch,17,0.895,0.8057552005986492,17,544,True,0.2793
bot->unsw,50,su_innesco,17,0.895,0.786733861279098,10,320,True,0.2793
bot->unsw,50,oracolo,17,0.895,0.8083701299182368,17,544,True,0.2793
bot->unsw,50,stat_13x13,17,0.895,0.7622363006541852,17,544,True,0.2793
bot->unsw,50,martingala,17,0.895,0.7775052552973938,15,480,True,0.2793
bot->unsw,50,stat_13x13_adaptive,17,0.895,0.6981969328087778,17,544,True,0.2793
bot->unsw,50,statico,18,0.947,0.4849249210147586,0,0,True,0.2895
bot->unsw,50,ogni_batch,18,0.947,0.7954285334195744,18,576,True,0.2895
bot->unsw,50,su_innesco,18,0.947,0.7909113071649454,11,352,True,0.2895
bot->unsw,50,oracolo,18,0.947,0.7975995799804193,18,576,True,0.2895
bot->unsw,50,stat_13x13,18,0.947,0.749346575436,18,576,True,0.2895
bot->unsw,50,martingala,18,0.947,0.7823065604814259,16,512,True,0.2895
bot->unsw,50,stat_13x13_adaptive,18,0.947,0.6972050904481802,18,576,True,0.2895
bot->unsw,50,statico,19,1.0,0.4460899711274218,0,0,True,0.31035
bot->unsw,50,ogni_batch,19,1.0,0.7858947097556006,19,608,True,0.31035
bot->unsw,50,su_innesco,19,1.0,0.767146635447504,12,384,True,0.31035
bot->unsw,50,oracolo,19,1.0,0.7815406981684532,19,608,True,0.31035
bot->unsw,50,stat_13x13,19,1.0,0.736574474857377,19,608,True,0.31035
bot->unsw,50,martingala,19,1.0,0.7702864586871088,17,544,True,0.31035
bot->unsw,50,stat_13x13_adaptive,19,1.0,0.6893193081662063,19,608,True,0.31035
bot->unsw,51,statico,0,0.0,0.9858,0,0,False,0.0482
bot->unsw,51,ogni_batch,0,0.0,0.9858,0,0,False,0.0482
bot->unsw,51,su_innesco,0,0.0,0.9858,0,0,False,0.0482
bot->unsw,51,oracolo,0,0.0,0.9858,0,0,False,0.0482
bot->unsw,51,stat_13x13,0,0.0,0.9858,0,0,False,0.0482
bot->unsw,51,martingala,0,0.0,0.9858,0,0,False,0.0482
bot->unsw,51,stat_13x13_adaptive,0,0.0,0.9858,0,0,False,0.0482
bot->unsw,51,statico,1,0.053,0.8508629766937119,0,0,False,0.06515
bot->unsw,51,ogni_batch,1,0.053,0.8508629766937119,1,32,False,0.06515
bot->unsw,51,su_innesco,1,0.053,0.8508629766937119,0,0,False,0.06515
bot->unsw,51,oracolo,1,0.053,0.8508629766937119,1,32,False,0.06515
bot->unsw,51,stat_13x13,1,0.053,0.4999745080044866,1,32,False,0.06515
bot->unsw,51,martingala,1,0.053,0.8508629766937119,0,0,False,0.06515
bot->unsw,51,stat_13x13_adaptive,1,0.053,0.4999745080044866,1,32,False,0.06515
bot->unsw,51,statico,2,0.105,0.8297502033922286,0,0,False,0.078
bot->unsw,51,ogni_batch,2,0.105,0.8297502033922286,2,64,False,0.078
bot->unsw,51,su_innesco,2,0.105,0.8297502033922286,0,0,False,0.078
bot->unsw,51,oracolo,2,0.105,0.9464277029058559,2,64,False,0.078
bot->unsw,51,stat_13x13,2,0.105,0.5583028244990361,2,64,False,0.078
bot->unsw,51,martingala,2,0.105,0.8297502033922286,1,32,False,0.078
bot->unsw,51,stat_13x13_adaptive,2,0.105,0.557352186908615,2,64,False,0.078
bot->unsw,51,statico,3,0.158,0.8284788087072955,0,0,False,0.09655
bot->unsw,51,ogni_batch,3,0.158,0.5927679567587896,3,96,False,0.09655
bot->unsw,51,su_innesco,3,0.158,0.8284788087072955,0,0,False,0.09655
bot->unsw,51,oracolo,3,0.158,0.9292741570013199,3,96,False,0.09655
bot->unsw,51,stat_13x13,3,0.158,0.5583379361708848,3,96,False,0.09655
bot->unsw,51,martingala,3,0.158,0.5853804943006833,2,64,False,0.09655
bot->unsw,51,stat_13x13_adaptive,3,0.158,0.5850218769441173,3,96,False,0.09655
bot->unsw,51,statico,4,0.211,0.8028770394954019,0,0,False,0.11645
bot->unsw,51,ogni_batch,4,0.211,0.8653680104221354,4,128,False,0.11645
bot->unsw,51,su_innesco,4,0.211,0.8028770394954019,0,0,False,0.11645
bot->unsw,51,oracolo,4,0.211,0.9173086514711956,4,128,False,0.11645
bot->unsw,51,stat_13x13,4,0.211,0.6643206217958774,4,128,False,0.11645
bot->unsw,51,martingala,4,0.211,0.8593085368595308,3,96,False,0.11645
bot->unsw,51,stat_13x13_adaptive,4,0.211,0.6171017268838432,4,128,False,0.11645
bot->unsw,51,statico,5,0.263,0.8047958726999291,0,0,False,0.1353
bot->unsw,51,ogni_batch,5,0.263,0.8996067963935981,5,160,False,0.1353
bot->unsw,51,su_innesco,5,0.263,0.8047958726999291,0,0,False,0.1353
bot->unsw,51,oracolo,5,0.263,0.910452355333891,5,160,False,0.1353
bot->unsw,51,stat_13x13,5,0.263,0.7197792598968158,5,160,False,0.1353
bot->unsw,51,martingala,5,0.263,0.8772796041973281,4,128,False,0.1353
bot->unsw,51,stat_13x13_adaptive,5,0.263,0.6042701001896644,5,160,False,0.1353
bot->unsw,51,statico,6,0.316,0.7722725705405656,0,0,True,0.15145
bot->unsw,51,ogni_batch,6,0.316,0.8947043011599183,6,192,True,0.15145
bot->unsw,51,su_innesco,6,0.316,0.7722725705405656,0,0,True,0.15145
bot->unsw,51,oracolo,6,0.316,0.8972715864916057,6,192,True,0.15145
bot->unsw,51,stat_13x13,6,0.316,0.6977102951989432,6,192,True,0.15145
bot->unsw,51,martingala,6,0.316,0.862100298993436,5,160,True,0.15145
bot->unsw,51,stat_13x13_adaptive,6,0.316,0.5852202144124597,6,192,True,0.15145
bot->unsw,51,statico,7,0.368,0.7661199005185703,0,0,True,0.16465
bot->unsw,51,ogni_batch,7,0.368,0.8779372716145462,7,224,True,0.16465
bot->unsw,51,su_innesco,7,0.368,0.7998519835912595,1,32,True,0.16465
bot->unsw,51,oracolo,7,0.368,0.8906264944567744,7,224,True,0.16465
bot->unsw,51,stat_13x13,7,0.368,0.7217827302100707,7,224,True,0.16465
bot->unsw,51,martingala,7,0.368,0.8628003963607724,6,192,True,0.16465
bot->unsw,51,stat_13x13_adaptive,7,0.368,0.5835742857486611,7,224,True,0.16465
bot->unsw,51,statico,8,0.421,0.7448848802481706,0,0,True,0.18555
bot->unsw,51,ogni_batch,8,0.421,0.8621005743484866,8,256,True,0.18555
bot->unsw,51,su_innesco,8,0.421,0.808487432454938,2,64,True,0.18555
bot->unsw,51,oracolo,8,0.421,0.9001758150198758,8,256,True,0.18555
bot->unsw,51,stat_13x13,8,0.421,0.7448197204147895,8,256,True,0.18555
bot->unsw,51,martingala,8,0.421,0.8456081932421193,7,224,True,0.18555
bot->unsw,51,stat_13x13_adaptive,8,0.421,0.6115986445589354,8,256,True,0.18555
bot->unsw,51,statico,9,0.474,0.7268875469688989,0,0,True,0.2052
bot->unsw,51,ogni_batch,9,0.474,0.8444894466010933,9,288,True,0.2052
bot->unsw,51,su_innesco,9,0.474,0.7917333331645796,3,96,True,0.2052
bot->unsw,51,oracolo,9,0.474,0.8903571749253669,9,288,True,0.2052
bot->unsw,51,stat_13x13,9,0.474,0.7439245330673212,9,288,True,0.2052
bot->unsw,51,martingala,9,0.474,0.8331424307183473,8,256,True,0.2052
bot->unsw,51,stat_13x13_adaptive,9,0.474,0.6564627636890711,9,288,True,0.2052
bot->unsw,51,statico,10,0.526,0.7033429907736822,0,0,True,0.21645
bot->unsw,51,ogni_batch,10,0.526,0.80268544724992,10,320,True,0.21645
bot->unsw,51,su_innesco,10,0.526,0.8179036911685609,4,128,True,0.21645
bot->unsw,51,oracolo,10,0.526,0.8800475023214336,10,320,True,0.21645
bot->unsw,51,stat_13x13,10,0.526,0.7775010592320488,10,320,True,0.21645
bot->unsw,51,martingala,10,0.526,0.8153654705319668,9,288,True,0.21645
bot->unsw,51,stat_13x13_adaptive,10,0.526,0.6312381543062164,10,320,True,0.21645
bot->unsw,51,statico,11,0.579,0.6852416269377506,0,0,True,0.23915
bot->unsw,51,ogni_batch,11,0.579,0.7823315937997858,11,352,True,0.23915
bot->unsw,51,su_innesco,11,0.579,0.8188601784385643,5,160,True,0.23915
bot->unsw,51,oracolo,11,0.579,0.8692625701543295,11,352,True,0.23915
bot->unsw,51,stat_13x13,11,0.579,0.7760530429418162,11,352,True,0.23915
bot->unsw,51,martingala,11,0.579,0.8238614105062942,10,320,True,0.23915
bot->unsw,51,stat_13x13_adaptive,11,0.579,0.6604142285351926,11,352,True,0.23915
bot->unsw,51,statico,12,0.632,0.6569442738959005,0,0,True,0.25165
bot->unsw,51,ogni_batch,12,0.632,0.7908981374020664,12,384,True,0.25165
bot->unsw,51,su_innesco,12,0.632,0.8715368807161065,6,192,True,0.25165
bot->unsw,51,oracolo,12,0.632,0.8614314248503845,12,384,True,0.25165
bot->unsw,51,stat_13x13,12,0.632,0.7703662239640208,12,384,True,0.25165
bot->unsw,51,martingala,12,0.632,0.8587647624558505,11,352,True,0.25165
bot->unsw,51,stat_13x13_adaptive,12,0.632,0.6483436190703158,12,384,True,0.25165
bot->unsw,51,statico,13,0.684,0.6328840135868372,0,0,True,0.27645
bot->unsw,51,ogni_batch,13,0.684,0.8626538808832909,13,416,True,0.27645
bot->unsw,51,su_innesco,13,0.684,0.8617604242818727,7,224,True,0.27645
bot->unsw,51,oracolo,13,0.684,0.8542975544751481,13,416,True,0.27645
bot->unsw,51,stat_13x13,13,0.684,0.7623458297870999,13,416,True,0.27645
bot->unsw,51,martingala,13,0.684,0.8607499431594217,12,384,True,0.27645
bot->unsw,51,stat_13x13_adaptive,13,0.684,0.717819444490128,13,416,True,0.27645
bot->unsw,51,statico,14,0.737,0.6059046255389535,0,0,True,0.2899
bot->unsw,51,ogni_batch,14,0.737,0.8500886205018863,14,448,True,0.2899
bot->unsw,51,su_innesco,14,0.737,0.8500886205018863,8,256,True,0.2899
bot->unsw,51,oracolo,14,0.737,0.8415025655361308,14,448,True,0.2899
bot->unsw,51,stat_13x13,14,0.737,0.7777681474448395,14,448,True,0.2899
bot->unsw,51,martingala,14,0.737,0.8500886205018863,13,416,True,0.2899
bot->unsw,51,stat_13x13_adaptive,14,0.737,0.696640923577571,14,448,True,0.2899
bot->unsw,51,statico,15,0.789,0.5824957670044869,0,0,True,0.30355
bot->unsw,51,ogni_batch,15,0.789,0.8027493932869212,15,480,True,0.30355
bot->unsw,51,su_innesco,15,0.789,0.8027493932869212,9,288,True,0.30355
bot->unsw,51,oracolo,15,0.789,0.8313815416493305,15,480,True,0.30355
bot->unsw,51,stat_13x13,15,0.789,0.7734495076422672,15,480,True,0.30355
bot->unsw,51,martingala,15,0.789,0.8027493932869212,14,448,True,0.30355
bot->unsw,51,stat_13x13_adaptive,15,0.789,0.67251729344657,15,480,True,0.30355
bot->unsw,51,statico,16,0.842,0.5576609340380725,0,0,True,0.3226
bot->unsw,51,ogni_batch,16,0.842,0.7749037318198462,16,512,True,0.3226
bot->unsw,51,su_innesco,16,0.842,0.7749037318198462,10,320,True,0.3226
bot->unsw,51,oracolo,16,0.842,0.8289099648275449,16,512,True,0.3226
bot->unsw,51,stat_13x13,16,0.842,0.7629797181130911,16,512,True,0.3226
bot->unsw,51,martingala,16,0.842,0.7749037318198462,15,480,True,0.3226
bot->unsw,51,stat_13x13_adaptive,16,0.842,0.6955311198540721,16,512,True,0.3226
bot->unsw,51,statico,17,0.895,0.5255753883120227,0,0,True,0.3439
bot->unsw,51,ogni_batch,17,0.895,0.7664332503790154,17,544,True,0.3439
bot->unsw,51,su_innesco,17,0.895,0.7664332503790154,11,352,True,0.3439
bot->unsw,51,oracolo,17,0.895,0.8122206012757802,17,544,True,0.3439
bot->unsw,51,stat_13x13,17,0.895,0.7846686118023971,17,544,True,0.3439
bot->unsw,51,martingala,17,0.895,0.7664332503790154,16,512,True,0.3439
bot->unsw,51,stat_13x13_adaptive,17,0.895,0.7172868217054263,17,544,True,0.3439
bot->unsw,51,statico,18,0.947,0.49519956375498186,0,0,True,0.3539
bot->unsw,51,ogni_batch,18,0.947,0.777340603906429,18,576,True,0.3539
bot->unsw,51,su_innesco,18,0.947,0.777340603906429,12,384,True,0.3539
bot->unsw,51,oracolo,18,0.947,0.8054106529693741,18,576,True,0.3539
bot->unsw,51,stat_13x13,18,0.947,0.783160969768883,18,576,True,0.3539
bot->unsw,51,martingala,18,0.947,0.777340603906429,17,544,True,0.3539
bot->unsw,51,stat_13x13_adaptive,18,0.947,0.7410843598417127,18,576,True,0.3539
bot->unsw,51,statico,19,1.0,0.4609776511779346,0,0,True,0.3781
bot->unsw,51,ogni_batch,19,1.0,0.7725843128450509,19,608,True,0.3781
bot->unsw,51,su_innesco,19,1.0,0.7725843128450509,13,416,True,0.3781
bot->unsw,51,oracolo,19,1.0,0.7866468694169737,19,608,True,0.3781
bot->unsw,51,stat_13x13,19,1.0,0.7403481478363259,19,608,True,0.3781
bot->unsw,51,martingala,19,1.0,0.7725843128450509,18,576,True,0.3781
bot->unsw,51,stat_13x13_adaptive,19,1.0,0.6976152655365881,19,608,True,0.3781
unsw->bot,42,statico,0,0.0,0.8138637742759656,0,0,False,0.0
unsw->bot,42,ogni_batch,0,0.0,0.8138637742759656,0,0,False,0.0
unsw->bot,42,su_innesco,0,0.0,0.8138637742759656,0,0,False,0.0
unsw->bot,42,oracolo,0,0.0,0.8138637742759656,0,0,False,0.0
unsw->bot,42,stat_13x13,0,0.0,0.8138637742759656,0,0,False,0.0
unsw->bot,42,martingala,0,0.0,0.8138637742759656,0,0,False,0.0
unsw->bot,42,stat_13x13_adaptive,0,0.0,0.8138637742759656,0,0,False,0.0
unsw->bot,42,statico,1,0.053,0.8098926077216658,0,0,False,0.0
unsw->bot,42,ogni_batch,1,0.053,0.806690613185145,1,32,False,0.0
unsw->bot,42,su_innesco,1,0.053,0.8098926077216658,0,0,False,0.0
unsw->bot,42,oracolo,1,0.053,0.7877827310348496,1,32,False,0.0
unsw->bot,42,stat_13x13,1,0.053,0.8010205725163384,1,32,False,0.0
unsw->bot,42,martingala,1,0.053,0.8098926077216658,0,0,False,0.0
unsw->bot,42,stat_13x13_adaptive,1,0.053,0.8035062819803183,1,32,False,0.0
unsw->bot,42,statico,2,0.105,0.805745992671853,0,0,False,0.0
unsw->bot,42,ogni_batch,2,0.105,0.8082234894044211,2,64,False,0.0
unsw->bot,42,su_innesco,2,0.105,0.805745992671853,0,0,False,0.0
unsw->bot,42,oracolo,2,0.105,0.7948696733155205,2,64,False,0.0
unsw->bot,42,stat_13x13,2,0.105,0.8097285536486261,2,64,False,0.0
unsw->bot,42,martingala,2,0.105,0.805745992671853,0,0,False,0.0
unsw->bot,42,stat_13x13_adaptive,2,0.105,0.8006923433118733,2,64,False,0.0
unsw->bot,42,statico,3,0.158,0.8002214029096986,0,0,False,0.0
unsw->bot,42,ogni_batch,3,0.158,0.8078980391879615,3,96,False,0.0
unsw->bot,42,su_innesco,3,0.158,0.8002214029096986,0,0,False,0.0
unsw->bot,42,oracolo,3,0.158,0.8092018890534584,3,96,False,0.0
unsw->bot,42,stat_13x13,3,0.158,0.810540145331745,3,96,False,0.0
unsw->bot,42,martingala,3,0.158,0.8002214029096986,0,0,False,0.0
unsw->bot,42,stat_13x13_adaptive,3,0.158,0.8058740112574955,3,96,False,0.0
unsw->bot,42,statico,4,0.211,0.7937426755881029,0,0,False,0.0
unsw->bot,42,ogni_batch,4,0.211,0.8144170955802247,4,128,False,0.0
unsw->bot,42,su_innesco,4,0.211,0.7937426755881029,0,0,False,0.0
unsw->bot,42,oracolo,4,0.211,0.833603377023935,4,128,False,0.0
unsw->bot,42,stat_13x13,4,0.211,0.8016217362851358,4,128,False,0.0
unsw->bot,42,martingala,4,0.211,0.7937426755881029,0,0,False,0.0
unsw->bot,42,stat_13x13_adaptive,4,0.211,0.7933675993137872,4,128,False,0.0
unsw->bot,42,statico,5,0.263,0.7926321547385685,0,0,False,0.0
unsw->bot,42,ogni_batch,5,0.263,0.8487014428835944,5,160,False,0.0
unsw->bot,42,su_innesco,5,0.263,0.7926321547385685,0,0,False,0.0
unsw->bot,42,oracolo,5,0.263,0.8453602857114721,5,160,False,0.0
unsw->bot,42,stat_13x13,5,0.263,0.8167386313714017,5,160,False,0.0
unsw->bot,42,martingala,5,0.263,0.7926321547385685,0,0,False,0.0
unsw->bot,42,stat_13x13_adaptive,5,0.263,0.8115292825352414,5,160,False,0.0
unsw->bot,42,statico,6,0.316,0.7758735072106853,0,0,False,0.0
unsw->bot,42,ogni_batch,6,0.316,0.8503025243341225,6,192,False,0.0
unsw->bot,42,su_innesco,6,0.316,0.7758735072106853,0,0,False,0.0
unsw->bot,42,oracolo,6,0.316,0.8505749946750433,6,192,False,0.0
unsw->bot,42,stat_13x13,6,0.316,0.8148604494715431,6,192,False,0.0
unsw->bot,42,martingala,6,0.316,0.7758735072106853,0,0,False,0.0
unsw->bot,42,stat_13x13_adaptive,6,0.316,0.8118615826138059,6,192,False,0.0
unsw->bot,42,statico,7,0.368,0.7713866597206404,0,0,False,0.0
unsw->bot,42,ogni_batch,7,0.368,0.8644932142985324,7,224,False,0.0
unsw->bot,42,su_innesco,7,0.368,0.7713866597206404,0,0,False,0.0
unsw->bot,42,oracolo,7,0.368,0.8556038405460543,7,224,False,0.0
unsw->bot,42,stat_13x13,7,0.368,0.8536012670575346,7,224,False,0.0
unsw->bot,42,martingala,7,0.368,0.7713866597206404,0,0,False,0.0
unsw->bot,42,stat_13x13_adaptive,7,0.368,0.8472744723939876,7,224,False,0.0
unsw->bot,42,statico,8,0.421,0.7712113608627682,0,0,False,0.0
unsw->bot,42,ogni_batch,8,0.421,0.8745378087567491,8,256,False,0.0
unsw->bot,42,su_innesco,8,0.421,0.7712113608627682,0,0,False,0.0
unsw->bot,42,oracolo,8,0.421,0.8737802383419424,8,256,False,0.0
unsw->bot,42,stat_13x13,8,0.421,0.8348589068796146,8,256,False,0.0
unsw->bot,42,martingala,8,0.421,0.7712113608627682,0,0,False,0.0
unsw->bot,42,stat_13x13_adaptive,8,0.421,0.8381797758053746,8,256,False,0.0
unsw->bot,42,statico,9,0.474,0.7638966943506078,0,0,False,0.0
unsw->bot,42,ogni_batch,9,0.474,0.8648552520963118,9,288,False,0.0
unsw->bot,42,su_innesco,9,0.474,0.7638966943506078,0,0,False,0.0
unsw->bot,42,oracolo,9,0.474,0.8703284632384566,9,288,False,0.0
unsw->bot,42,stat_13x13,9,0.474,0.8354571032353361,9,288,False,0.0
unsw->bot,42,martingala,9,0.474,0.7638966943506078,0,0,False,0.0
unsw->bot,42,stat_13x13_adaptive,9,0.474,0.8325612341679575,9,288,False,0.0
unsw->bot,42,statico,10,0.526,0.7603425097607279,0,0,False,0.0
unsw->bot,42,ogni_batch,10,0.526,0.8682511618848054,10,320,False,0.0
unsw->bot,42,su_innesco,10,0.526,0.7603425097607279,0,0,False,0.0
unsw->bot,42,oracolo,10,0.526,0.8794690029729924,10,320,False,0.0
unsw->bot,42,stat_13x13,10,0.526,0.8263609051507987,10,320,False,0.0
unsw->bot,42,martingala,10,0.526,0.7603425097607279,0,0,False,0.0
unsw->bot,42,stat_13x13_adaptive,10,0.526,0.818222114764668,10,320,False,0.0
unsw->bot,42,statico,11,0.579,0.7542747914245509,0,0,False,0.0
unsw->bot,42,ogni_batch,11,0.579,0.8748088175557287,11,352,False,0.0
unsw->bot,42,su_innesco,11,0.579,0.7542747914245509,0,0,False,0.0
unsw->bot,42,oracolo,11,0.579,0.8871200943207636,11,352,False,0.0
unsw->bot,42,stat_13x13,11,0.579,0.8421389310087976,11,352,False,0.0
unsw->bot,42,martingala,11,0.579,0.7542747914245509,0,0,False,0.0
unsw->bot,42,stat_13x13_adaptive,11,0.579,0.8304518909079965,11,352,False,0.0
unsw->bot,42,statico,12,0.632,0.7456092653779778,0,0,False,0.0
unsw->bot,42,ogni_batch,12,0.632,0.8803145406769519,12,384,False,0.0
unsw->bot,42,su_innesco,12,0.632,0.7456092653779778,0,0,False,0.0
unsw->bot,42,oracolo,12,0.632,0.8919346376321426,12,384,False,0.0
unsw->bot,42,stat_13x13,12,0.632,0.815980478878858,12,384,False,0.0
unsw->bot,42,martingala,12,0.632,0.7456092653779778,0,0,False,0.0
unsw->bot,42,stat_13x13_adaptive,12,0.632,0.8062266392625161,12,384,False,0.0
unsw->bot,42,statico,13,0.684,0.744882646720618,0,0,False,0.0
unsw->bot,42,ogni_batch,13,0.684,0.8887522028022659,13,416,False,0.0
unsw->bot,42,su_innesco,13,0.684,0.744882646720618,0,0,False,0.0
unsw->bot,42,oracolo,13,0.684,0.9015429746174036,13,416,False,0.0
unsw->bot,42,stat_13x13,13,0.684,0.8378804779312337,13,416,False,0.0
unsw->bot,42,martingala,13,0.684,0.744882646720618,0,0,False,0.0
unsw->bot,42,stat_13x13_adaptive,13,0.684,0.8338977258924447,13,416,False,0.0
unsw->bot,42,statico,14,0.737,0.7431558619186756,0,0,False,0.0
unsw->bot,42,ogni_batch,14,0.737,0.8876355910090581,14,448,False,0.0
unsw->bot,42,su_innesco,14,0.737,0.7431558619186756,0,0,False,0.0
unsw->bot,42,oracolo,14,0.737,0.913041252928307,14,448,False,0.0
unsw->bot,42,stat_13x13,14,0.737,0.8144918580878622,14,448,False,0.0
unsw->bot,42,martingala,14,0.737,0.7431558619186756,0,0,False,0.0
unsw->bot,42,stat_13x13_adaptive,14,0.737,0.8215738449495485,14,448,False,0.0
unsw->bot,42,statico,15,0.789,0.736405651903542,0,0,False,0.0
unsw->bot,42,ogni_batch,15,0.789,0.8787289004476141,15,480,False,0.0
unsw->bot,42,su_innesco,15,0.789,0.736405651903542,0,0,False,0.0
unsw->bot,42,oracolo,15,0.789,0.9295554589820816,15,480,False,0.0
unsw->bot,42,stat_13x13,15,0.789,0.8247361553187653,15,480,False,0.0
unsw->bot,42,martingala,15,0.789,0.736405651903542,0,0,False,0.0
unsw->bot,42,stat_13x13_adaptive,15,0.789,0.8314524374780292,15,480,False,0.0
unsw->bot,42,statico,16,0.842,0.7324233168417088,0,0,False,0.0
unsw->bot,42,ogni_batch,16,0.842,0.8889763984022242,16,512,False,0.0
unsw->bot,42,su_innesco,16,0.842,0.7324233168417088,0,0,False,0.0
unsw->bot,42,oracolo,16,0.842,0.9302748962026672,16,512,False,0.0
unsw->bot,42,stat_13x13,16,0.842,0.792802905329919,16,512,False,0.0
unsw->bot,42,martingala,16,0.842,0.7324233168417088,0,0,False,0.0
unsw->bot,42,stat_13x13_adaptive,16,0.842,0.7947180048036071,16,512,False,0.0
unsw->bot,42,statico,17,0.895,0.7343428660702718,0,0,False,0.0
unsw->bot,42,ogni_batch,17,0.895,0.8991693421692964,17,544,False,0.0
unsw->bot,42,su_innesco,17,0.895,0.7343428660702718,0,0,False,0.0
unsw->bot,42,oracolo,17,0.895,0.9392132879123893,17,544,False,0.0
unsw->bot,42,stat_13x13,17,0.895,0.8001594142309523,17,544,False,0.0
unsw->bot,42,martingala,17,0.895,0.7343428660702718,0,0,False,0.0
unsw->bot,42,stat_13x13_adaptive,17,0.895,0.8088445911298514,17,544,False,0.0
unsw->bot,42,statico,18,0.947,0.728562452506451,0,0,False,0.0
unsw->bot,42,ogni_batch,18,0.947,0.91875382553624,18,576,False,0.0
unsw->bot,42,su_innesco,18,0.947,0.728562452506451,0,0,False,0.0
unsw->bot,42,oracolo,18,0.947,0.9597277720601182,18,576,False,0.0
unsw->bot,42,stat_13x13,18,0.947,0.8019763709564713,18,576,False,0.0
unsw->bot,42,martingala,18,0.947,0.728562452506451,0,0,False,0.0
unsw->bot,42,stat_13x13_adaptive,18,0.947,0.8063288674213467,18,576,False,0.0
unsw->bot,42,statico,19,1.0,0.8026802680268027,0,0,False,0.0
unsw->bot,42,ogni_batch,19,1.0,0.9730473047304731,19,608,False,0.0
unsw->bot,42,su_innesco,19,1.0,0.8026802680268027,0,0,False,0.0
unsw->bot,42,oracolo,19,1.0,0.9726972697269727,19,608,False,0.0
unsw->bot,42,stat_13x13,19,1.0,0.9911741174117412,19,608,False,0.0
unsw->bot,42,martingala,19,1.0,0.8026802680268027,0,0,False,0.0
unsw->bot,42,stat_13x13_adaptive,19,1.0,0.989023902390239,19,608,False,0.0
unsw->bot,43,statico,0,0.0,0.8152679433482786,0,0,False,0.0
unsw->bot,43,ogni_batch,0,0.0,0.8152679433482786,0,0,False,0.0
unsw->bot,43,su_innesco,0,0.0,0.8152679433482786,0,0,False,0.0
unsw->bot,43,oracolo,0,0.0,0.8152679433482786,0,0,False,0.0
unsw->bot,43,stat_13x13,0,0.0,0.8152679433482786,0,0,False,0.0
unsw->bot,43,martingala,0,0.0,0.8152679433482786,0,0,False,0.0
unsw->bot,43,stat_13x13_adaptive,0,0.0,0.8152679433482786,0,0,False,0.0
unsw->bot,43,statico,1,0.053,0.8122077994260876,0,0,False,0.0
unsw->bot,43,ogni_batch,1,0.053,0.775864622497549,1,32,False,0.0
unsw->bot,43,su_innesco,1,0.053,0.8122077994260876,0,0,False,0.0
unsw->bot,43,oracolo,1,0.053,0.8030478862807332,1,32,False,0.0
unsw->bot,43,stat_13x13,1,0.053,0.785074587239706,1,32,False,0.0
unsw->bot,43,martingala,1,0.053,0.8122077994260876,0,0,False,0.0
unsw->bot,43,stat_13x13_adaptive,1,0.053,0.7834729250613022,1,32,False,0.0
unsw->bot,43,statico,2,0.105,0.8080799134366647,0,0,False,0.0
unsw->bot,43,ogni_batch,2,0.105,0.8145321782000845,2,64,False,0.0
unsw->bot,43,su_innesco,2,0.105,0.8080799134366647,0,0,False,0.0
unsw->bot,43,oracolo,2,0.105,0.7899400219274675,2,64,False,0.0
unsw->bot,43,stat_13x13,2,0.105,0.8237068885210425,2,64,False,0.0
unsw->bot,43,martingala,2,0.105,0.8080799134366647,0,0,False,0.0
unsw->bot,43,stat_13x13_adaptive,2,0.105,0.8154140063489334,2,64,False,0.0
unsw->bot,43,statico,3,0.158,0.7963526729927646,0,0,False,0.0
unsw->bot,43,ogni_batch,3,0.158,0.8230157145578625,3,96,False,0.0
unsw->bot,43,su_innesco,3,0.158,0.7963526729927646,0,0,False,0.0
unsw->bot,43,oracolo,3,0.158,0.7603388812070806,3,96,False,0.0
unsw->bot,43,stat_13x13,3,0.158,0.8272716095431896,3,96,False,0.0
unsw->bot,43,martingala,3,0.158,0.7963526729927646,0,0,False,0.0
unsw->bot,43,stat_13x13_adaptive,3,0.158,0.819332689548857,3,96,False,0.0
unsw->bot,43,statico,4,0.211,0.7936226170099978,0,0,False,0.0
unsw->bot,43,ogni_batch,4,0.211,0.8336417802409917,4,128,False,0.0
unsw->bot,43,su_innesco,4,0.211,0.7936226170099978,0,0,False,0.0
unsw->bot,43,oracolo,4,0.211,0.8348636151389279,4,128,False,0.0
unsw->bot,43,stat_13x13,4,0.211,0.8250465726178438,4,128,False,0.0
unsw->bot,43,martingala,4,0.211,0.7936226170099978,0,0,False,0.0
unsw->bot,43,stat_13x13_adaptive,4,0.211,0.8157783474427227,4,128,False,0.0
unsw->bot,43,statico,5,0.263,0.785524164476342,0,0,False,0.0
unsw->bot,43,ogni_batch,5,0.263,0.8405660947300373,5,160,False,0.0
unsw->bot,43,su_innesco,5,0.263,0.785524164476342,0,0,False,0.0
unsw->bot,43,oracolo,5,0.263,0.8394128053876948,5,160,False,0.0
unsw->bot,43,stat_13x13,5,0.263,0.8316909192831312,5,160,False,0.0
unsw->bot,43,martingala,5,0.263,0.785524164476342,0,0,False,0.0
unsw->bot,43,stat_13x13_adaptive,5,0.263,0.8241845772511869,5,160,False,0.0
unsw->bot,43,statico,6,0.316,0.7844727442983063,0,0,False,0.0
unsw->bot,43,ogni_batch,6,0.316,0.8416047614266652,6,192,False,0.0
unsw->bot,43,su_innesco,6,0.316,0.7844727442983063,0,0,False,0.0
unsw->bot,43,oracolo,6,0.316,0.8361048126208821,6,192,False,0.0
unsw->bot,43,stat_13x13,6,0.316,0.825216747036617,6,192,False,0.0
unsw->bot,43,martingala,6,0.316,0.7844727442983063,0,0,False,0.0
unsw->bot,43,stat_13x13_adaptive,6,0.316,0.821585602529425,6,192,False,0.0
unsw->bot,43,statico,7,0.368,0.7772229794103485,0,0,False,0.0
unsw->bot,43,ogni_batch,7,0.368,0.8487432067313263,7,224,False,0.0
unsw->bot,43,su_innesco,7,0.368,0.7772229794103485,0,0,False,0.0
unsw->bot,43,oracolo,7,0.368,0.8378409546146465,7,224,False,0.0
unsw->bot,43,stat_13x13,7,0.368,0.8118453112648797,7,224,False,0.0
unsw->bot,43,martingala,7,0.368,0.7772229794103485,0,0,False,0.0
unsw->bot,43,stat_13x13_adaptive,7,0.368,0.8108470169949122,7,224,False,0.0
unsw->bot,43,statico,8,0.421,0.7674932993618988,0,0,False,0.0
unsw->bot,43,ogni_batch,8,0.421,0.8510167762070441,8,256,False,0.0
unsw->bot,43,su_innesco,8,0.421,0.7674932993618988,0,0,False,0.0
unsw->bot,43,oracolo,8,0.421,0.839592322452095,8,256,False,0.0
unsw->bot,43,stat_13x13,8,0.421,0.8191109067304234,8,256,False,0.0
unsw->bot,43,martingala,8,0.421,0.7674932993618988,0,0,False,0.0
unsw->bot,43,stat_13x13_adaptive,8,0.421,0.8124664163234302,8,256,False,0.0
unsw->bot,43,statico,9,0.474,0.7660187262040179,0,0,False,0.0
unsw->bot,43,ogni_batch,9,0.474,0.8599046951161937,9,288,False,0.0
unsw->bot,43,su_innesco,9,0.474,0.7660187262040179,0,0,False,0.0
unsw->bot,43,oracolo,9,0.474,0.8712938940521002,9,288,False,0.0
unsw->bot,43,stat_13x13,9,0.474,0.8475040572011386,9,288,False,0.0
unsw->bot,43,martingala,9,0.474,0.7660187262040179,0,0,False,0.0
unsw->bot,43,stat_13x13_adaptive,9,0.474,0.8452552011380712,9,288,False,0.0
unsw->bot,43,statico,10,0.526,0.7662079737835463,0,0,False,0.0
unsw->bot,43,ogni_batch,10,0.526,0.8588747755163656,10,320,False,0.0
unsw->bot,43,su_innesco,10,0.526,0.7662079737835463,0,0,False,0.0
unsw->bot,43,oracolo,10,0.526,0.8831406086886694,10,320,False,0.0
unsw->bot,43,stat_13x13,10,0.526,0.8093458967555465,10,320,False,0.0
unsw->bot,43,martingala,10,0.526,0.7662079737835463,0,0,False,0.0
unsw->bot,43,stat_13x13_adaptive,10,0.526,0.8017668341089705,10,320,False,0.0
unsw->bot,43,statico,11,0.579,0.755450971501221,0,0,False,0.0
unsw->bot,43,ogni_batch,11,0.579,0.866916104068002,11,352,False,0.0
unsw->bot,43,su_innesco,11,0.579,0.755450971501221,0,0,False,0.0
unsw->bot,43,oracolo,11,0.579,0.8917737750028301,11,352,False,0.0
unsw->bot,43,stat_13x13,11,0.579,0.852889001678155,11,352,False,0.0
unsw->bot,43,martingala,11,0.579,0.755450971501221,0,0,False,0.0
unsw->bot,43,stat_13x13_adaptive,11,0.579,0.8170562250344899,11,352,False,0.0
unsw->bot,43,statico,12,0.632,0.7582996282960736,0,0,False,0.0
unsw->bot,43,ogni_batch,12,0.632,0.8800232330897759,12,384,False,0.0
unsw->bot,43,su_innesco,12,0.632,0.7582996282960736,0,0,False,0.0
unsw->bot,43,oracolo,12,0.632,0.8977206070705097,12,384,False,0.0
unsw->bot,43,stat_13x13,12,0.632,0.8254161112575051,12,384,False,0.0
unsw->bot,43,martingala,12,0.632,0.7582996282960736,0,0,False,0.0
unsw->bot,43,stat_13x13_adaptive,12,0.632,0.8246202761090191,12,384,False,0.0
unsw->bot,43,statico,13,0.684,0.7518554272092024,0,0,False,0.0
unsw->bot,43,ogni_batch,13,0.684,0.8927919997963493,13,416,False,0.0
unsw->bot,43,su_innesco,13,0.684,0.7518554272092024,0,0,False,0.0
unsw->bot,43,oracolo,13,0.684,0.9057704846471687,13,416,False,0.0
unsw->bot,43,stat_13x13,13,0.684,0.8604108060663094,13,416,False,0.0
unsw->bot,43,martingala,13,0.684,0.7518554272092024,0,0,False,0.0
unsw->bot,43,stat_13x13_adaptive,13,0.684,0.842489863400655,13,416,False,0.0
unsw->bot,43,statico,14,0.737,0.743615890219121,0,0,False,0.0
unsw->bot,43,ogni_batch,14,0.737,0.9007810749623097,14,448,False,0.0
unsw->bot,43,su_innesco,14,0.737,0.743615890219121,0,0,False,0.0
unsw->bot,43,oracolo,14,0.737,0.9178234633257869,14,448,False,0.0
unsw->bot,43,stat_13x13,14,0.737,0.8013712258567316,14,448,False,0.0
unsw->bot,43,martingala,14,0.737,0.743615890219121,0,0,False,0.0
unsw->bot,43,stat_13x13_adaptive,14,0.737,0.7893056298677011,14,448,False,0.0
unsw->bot,43,statico,15,0.789,0.7459819204869051,0,0,False,0.0
unsw->bot,43,ogni_batch,15,0.789,0.9147097355169488,15,480,False,0.0
unsw->bot,43,su_innesco,15,0.789,0.7459819204869051,0,0,False,0.0
unsw->bot,43,oracolo,15,0.789,0.9251427443413304,15,480,False,0.0
unsw->bot,43,stat_13x13,15,0.789,0.7943906153221003,15,480,False,0.0
unsw->bot,43,martingala,15,0.789,0.7459819204869051,0,0,False,0.0
unsw->bot,43,stat_13x13_adaptive,15,0.789,0.8171677932938324,15,480,False,0.0
unsw->bot,43,statico,16,0.842,0.7324194324194324,0,0,False,0.0
unsw->bot,43,ogni_batch,16,0.842,0.8666354016354016,16,512,False,0.0
unsw->bot,43,su_innesco,16,0.842,0.7324194324194324,0,0,False,0.0
unsw->bot,43,oracolo,16,0.842,0.9341197691197691,16,512,False,0.0
unsw->bot,43,stat_13x13,16,0.842,0.8012650312650313,16,512,False,0.0
unsw->bot,43,martingala,16,0.842,0.7324194324194324,0,0,False,0.0
unsw->bot,43,stat_13x13_adaptive,16,0.842,0.8158152958152958,16,512,False,0.0
unsw->bot,43,statico,17,0.895,0.7328391351494612,0,0,False,0.0
unsw->bot,43,ogni_batch,17,0.895,0.8555789541687977,17,544,False,0.0
unsw->bot,43,su_innesco,17,0.895,0.7328391351494612,0,0,False,0.0
unsw->bot,43,oracolo,17,0.895,0.9408185906362654,17,544,False,0.0
unsw->bot,43,stat_13x13,17,0.895,0.8148935562535652,17,544,False,0.0
unsw->bot,43,martingala,17,0.895,0.7328391351494612,0,0,False,0.0
unsw->bot,43,stat_13x13_adaptive,17,0.895,0.8117757142202474,17,544,False,0.0
unsw->bot,43,statico,18,0.947,0.7316025679628135,0,0,False,0.0
unsw->bot,43,ogni_batch,18,0.947,0.8514543687052534,18,576,False,0.0
unsw->bot,43,su_innesco,18,0.947,0.7316025679628135,0,0,False,0.0
unsw->bot,43,oracolo,18,0.947,0.935590087135121,18,576,False,0.0
unsw->bot,43,stat_13x13,18,0.947,0.8138746775939281,18,576,False,0.0
unsw->bot,43,martingala,18,0.947,0.7316025679628135,0,0,False,0.0
unsw->bot,43,stat_13x13_adaptive,18,0.947,0.8240559948756225,18,576,False,0.0
unsw->bot,43,statico,19,1.0,0.8108871774354871,0,0,False,0.0
unsw->bot,43,ogni_batch,19,1.0,0.8485947189437888,19,608,False,0.0
unsw->bot,43,su_innesco,19,1.0,0.8108871774354871,0,0,False,0.0
unsw->bot,43,oracolo,19,1.0,0.9733946789357872,19,608,False,0.0
unsw->bot,43,stat_13x13,19,1.0,0.9891978395679135,19,608,False,0.0
unsw->bot,43,martingala,19,1.0,0.8108871774354871,0,0,False,0.0
unsw->bot,43,stat_13x13_adaptive,19,1.0,0.9886727345469094,19,608,False,0.0
unsw->bot,44,statico,0,0.0,0.8144401030910633,0,0,False,0.0
unsw->bot,44,ogni_batch,0,0.0,0.8144401030910633,0,0,False,0.0
unsw->bot,44,su_innesco,0,0.0,0.8144401030910633,0,0,False,0.0
unsw->bot,44,oracolo,0,0.0,0.8144401030910633,0,0,False,0.0
unsw->bot,44,stat_13x13,0,0.0,0.8144401030910633,0,0,False,0.0
unsw->bot,44,martingala,0,0.0,0.8144401030910633,0,0,False,0.0
unsw->bot,44,stat_13x13_adaptive,0,0.0,0.8144401030910633,0,0,False,0.0
unsw->bot,44,statico,1,0.053,0.8166480250498054,0,0,False,0.0
unsw->bot,44,ogni_batch,1,0.053,0.7515086621615503,1,32,False,0.0
unsw->bot,44,su_innesco,1,0.053,0.8166480250498054,0,0,False,0.0
unsw->bot,44,oracolo,1,0.053,0.7387265971656253,1,32,False,0.0
unsw->bot,44,stat_13x13,1,0.053,0.7504541904373812,1,32,False,0.0
unsw->bot,44,martingala,1,0.053,0.8166480250498054,0,0,False,0.0
unsw->bot,44,stat_13x13_adaptive,1,0.053,0.7985615887892783,1,32,False,0.0
unsw->bot,44,statico,2,0.105,0.809779450444412,0,0,False,0.0
unsw->bot,44,ogni_batch,2,0.105,0.8246723722427047,2,64,False,0.0
unsw->bot,44,su_innesco,2,0.105,0.809779450444412,0,0,False,0.0
unsw->bot,44,oracolo,2,0.105,0.7684276223918167,2,64,False,0.0
unsw->bot,44,stat_13x13,2,0.105,0.8132246270353687,2,64,False,0.0
unsw->bot,44,martingala,2,0.105,0.809779450444412,0,0,False,0.0
unsw->bot,44,stat_13x13_adaptive,2,0.105,0.8190990311194914,2,64,False,0.0
unsw->bot,44,statico,3,0.158,0.8084391294725259,0,0,False,0.0
unsw->bot,44,ogni_batch,3,0.158,0.833466011071682,3,96,False,0.0
unsw->bot,44,su_innesco,3,0.158,0.8084391294725259,0,0,False,0.0
unsw->bot,44,oracolo,3,0.158,0.8120213396008853,3,96,False,0.0
unsw->bot,44,stat_13x13,3,0.158,0.8274534656662635,3,96,False,0.0
unsw->bot,44,martingala,3,0.158,0.8084391294725259,0,0,False,0.0
unsw->bot,44,stat_13x13_adaptive,3,0.158,0.8235584889354285,3,96,False,0.0
unsw->bot,44,statico,4,0.211,0.8002610114525393,0,0,False,0.0
unsw->bot,44,ogni_batch,4,0.211,0.8330992966988923,4,128,False,0.0
unsw->bot,44,su_innesco,4,0.211,0.8002610114525393,0,0,False,0.0
unsw->bot,44,oracolo,4,0.211,0.8271084972963532,4,128,False,0.0
unsw->bot,44,stat_13x13,4,0.211,0.8277962488222719,4,128,False,0.0
unsw->bot,44,martingala,4,0.211,0.8002610114525393,0,0,False,0.0
unsw->bot,44,stat_13x13_adaptive,4,0.211,0.826851570851358,4,128,False,0.0
unsw->bot,44,statico,5,0.263,0.7972269069108359,0,0,False,0.0
unsw->bot,44,ogni_batch,5,0.263,0.8301072881549181,5,160,False,0.0
unsw->bot,44,su_innesco,5,0.263,0.7972269069108359,0,0,False,0.0
unsw->bot,44,oracolo,5,0.263,0.8342563039897398,5,160,False,0.0
unsw->bot,44,stat_13x13,5,0.263,0.8303507753920365,5,160,False,0.0
unsw->bot,44,martingala,5,0.263,0.7972269069108359,0,0,False,0.0
unsw->bot,44,stat_13x13_adaptive,5,0.263,0.830105552450144,5,160,False,0.0
unsw->bot,44,statico,6,0.316,0.7914249403197829,0,0,False,0.0
unsw->bot,44,ogni_batch,6,0.316,0.849776537715123,6,192,False,0.0
unsw->bot,44,su_innesco,6,0.316,0.7914249403197829,0,0,False,0.0
unsw->bot,44,oracolo,6,0.316,0.8555654857447841,6,192,False,0.0
unsw->bot,44,stat_13x13,6,0.316,0.8392354987310935,6,192,False,0.0
unsw->bot,44,martingala,6,0.316,0.7914249403197829,0,0,False,0.0
unsw->bot,44,stat_13x13_adaptive,6,0.316,0.8404207802090228,6,192,False,0.0
unsw->bot,44,statico,7,0.368,0.7942108221983422,0,0,False,0.0
unsw->bot,44,ogni_batch,7,0.368,0.8546401977704691,7,224,False,0.0
unsw->bot,44,su_innesco,7,0.368,0.7942108221983422,0,0,False,0.0
unsw->bot,44,oracolo,7,0.368,0.862416939840293,7,224,False,0.0
unsw->bot,44,stat_13x13,7,0.368,0.8470770421989935,7,224,False,0.0
unsw->bot,44,martingala,7,0.368,0.7942108221983422,0,0,False,0.0
unsw->bot,44,stat_13x13_adaptive,7,0.368,0.8451949030504992,7,224,False,0.0
unsw->bot,44,statico,8,0.421,0.786627135642233,0,0,False,0.0
unsw->bot,44,ogni_batch,8,0.421,0.8561184641514921,8,256,False,0.0
unsw->bot,44,su_innesco,8,0.421,0.786627135642233,0,0,False,0.0
unsw->bot,44,oracolo,8,0.421,0.8636683351547286,8,256,False,0.0
unsw->bot,44,stat_13x13,8,0.421,0.8448366815526382,8,256,False,0.0
unsw->bot,44,martingala,8,0.421,0.786627135642233,0,0,False,0.0
unsw->bot,44,stat_13x13_adaptive,8,0.421,0.8446350538398462,8,256,False,0.0
unsw->bot,44,statico,9,0.474,0.7840691131013711,0,0,False,0.0
unsw->bot,44,ogni_batch,9,0.474,0.8667095981612111,9,288,False,0.0
unsw->bot,44,su_innesco,9,0.474,0.7840691131013711,0,0,False,0.0
unsw->bot,44,oracolo,9,0.474,0.869350545560223,9,288,False,0.0
unsw->bot,44,stat_13x13,9,0.474,0.839354640564318,9,288,False,0.0
unsw->bot,44,martingala,9,0.474,0.7840691131013711,0,0,False,0.0
unsw->bot,44,stat_13x13_adaptive,9,0.474,0.8370858761987794,9,288,False,0.0
unsw->bot,44,statico,10,0.526,0.7769237826513201,0,0,False,0.0
unsw->bot,44,ogni_batch,10,0.526,0.859383121680029,10,320,False,0.0
unsw->bot,44,su_innesco,10,0.526,0.7769237826513201,0,0,False,0.0
unsw->bot,44,oracolo,10,0.526,0.8795860352596041,10,320,False,0.0
unsw->bot,44,stat_13x13,10,0.526,0.8300099317885177,10,320,False,0.0
unsw->bot,44,martingala,10,0.526,0.7769237826513201,0,0,False,0.0
unsw->bot,44,stat_13x13_adaptive,10,0.526,0.8289102791767307,10,320,False,0.0
unsw->bot,44,statico,11,0.579,0.7814518352236925,0,0,False,0.0
unsw->bot,44,ogni_batch,11,0.579,0.8800295737830812,11,352,False,0.0
unsw->bot,44,su_innesco,11,0.579,0.7814518352236925,0,0,False,0.0
unsw->bot,44,oracolo,11,0.579,0.8943081851567423,11,352,False,0.0
unsw->bot,44,stat_13x13,11,0.579,0.8488801837192816,11,352,False,0.0
unsw->bot,44,martingala,11,0.579,0.7814518352236925,0,0,False,0.0
unsw->bot,44,stat_13x13_adaptive,11,0.579,0.8478777764650284,11,352,False,0.0
unsw->bot,44,statico,12,0.632,0.7762226400624828,0,0,False,0.0
unsw->bot,44,ogni_batch,12,0.632,0.8974046131773612,12,384,False,0.0
unsw->bot,44,su_innesco,12,0.632,0.7762226400624828,0,0,False,0.0
unsw->bot,44,oracolo,12,0.632,0.8924889790604738,12,384,False,0.0
unsw->bot,44,stat_13x13,12,0.632,0.8483361513391654,12,384,False,0.0
unsw->bot,44,martingala,12,0.632,0.7762226400624828,0,0,False,0.0
unsw->bot,44,stat_13x13_adaptive,12,0.632,0.8462337774841852,12,384,False,0.0
unsw->bot,44,statico,13,0.684,0.7762335322727849,0,0,False,0.0
unsw->bot,44,ogni_batch,13,0.684,0.8951441154006357,13,416,False,0.0
unsw->bot,44,su_innesco,13,0.684,0.7762335322727849,0,0,False,0.0
unsw->bot,44,oracolo,13,0.684,0.8910626230778756,13,416,False,0.0
unsw->bot,44,stat_13x13,13,0.684,0.8377277444623132,13,416,False,0.0
unsw->bot,44,martingala,13,0.684,0.7762335322727849,0,0,False,0.0
unsw->bot,44,stat_13x13_adaptive,13,0.684,0.8463002829884709,13,416,False,0.0
unsw->bot,44,statico,14,0.737,0.7604770070617065,0,0,False,0.0
unsw->bot,44,ogni_batch,14,0.737,0.9026788628336897,14,448,False,0.0
unsw->bot,44,su_innesco,14,0.737,0.7604770070617065,0,0,False,0.0
unsw->bot,44,oracolo,14,0.737,0.8949515316773968,14,448,False,0.0
unsw->bot,44,stat_13x13,14,0.737,0.829052754940733,14,448,False,0.0
unsw->bot,44,martingala,14,0.737,0.7604770070617065,0,0,False,0.0
unsw->bot,44,stat_13x13_adaptive,14,0.737,0.8385616946636982,14,448,False,0.0
unsw->bot,44,statico,15,0.789,0.7743548198476866,0,0,False,0.0
unsw->bot,44,ogni_batch,15,0.789,0.9163819384372843,15,480,False,0.0
unsw->bot,44,su_innesco,15,0.789,0.7743548198476866,0,0,False,0.0
unsw->bot,44,oracolo,15,0.789,0.9147321305027446,15,480,False,0.0
unsw->bot,44,stat_13x13,15,0.789,0.8268693463882499,15,480,False,0.0
unsw->bot,44,martingala,15,0.789,0.7743548198476866,0,0,False,0.0
unsw->bot,44,stat_13x13_adaptive,15,0.789,0.8470231415892469,15,480,False,0.0
unsw->bot,44,statico,16,0.842,0.7607762686285606,0,0,False,0.0
unsw->bot,44,ogni_batch,16,0.842,0.8972717411809092,16,512,False,0.0
unsw->bot,44,su_innesco,16,0.842,0.7607762686285606,0,0,False,0.0
unsw->bot,44,oracolo,16,0.842,0.9060701990190531,16,512,False,0.0
unsw->bot,44,stat_13x13,16,0.842,0.8277034993397472,16,512,False,0.0
unsw->bot,44,martingala,16,0.842,0.7607762686285606,0,0,False,0.0
unsw->bot,44,stat_13x13_adaptive,16,0.842,0.8510393086210148,16,512,False,0.0
unsw->bot,44,statico,17,0.895,0.7706732350405394,0,0,False,0.0
unsw->bot,44,ogni_batch,17,0.895,0.9177723459024938,17,544,False,0.0
unsw->bot,44,su_innesco,17,0.895,0.7706732350405394,0,0,False,0.0
unsw->bot,44,oracolo,17,0.895,0.9188222353191633,17,544,False,0.0
unsw->bot,44,stat_13x13,17,0.895,0.8273254254560026,17,544,False,0.0
unsw->bot,44,martingala,17,0.895,0.7706732350405394,0,0,False,0.0
unsw->bot,44,stat_13x13_adaptive,17,0.895,0.8584093762776964,17,544,False,0.0
unsw->bot,44,statico,18,0.947,0.7483906304451502,0,0,False,0.0
unsw->bot,44,ogni_batch,18,0.947,0.8712698536809669,18,576,False,0.0
unsw->bot,44,su_innesco,18,0.947,0.7483906304451502,0,0,False,0.0
unsw->bot,44,oracolo,18,0.947,0.9313515597369706,18,576,False,0.0
unsw->bot,44,stat_13x13,18,0.947,0.8087034115216982,18,576,False,0.0
unsw->bot,44,martingala,18,0.947,0.7483906304451502,0,0,False,0.0
unsw->bot,44,stat_13x13_adaptive,18,0.947,0.8256793346696417,18,576,False,0.0
unsw->bot,44,statico,19,1.0,0.8404840484048405,0,0,False,0.0
unsw->bot,44,ogni_batch,19,1.0,0.9894989498949895,19,608,False,0.0
unsw->bot,44,su_innesco,19,1.0,0.8404840484048405,0,0,False,0.0
unsw->bot,44,oracolo,19,1.0,0.9744224422442245,19,608,False,0.0
unsw->bot,44,stat_13x13,19,1.0,0.9899989998999901,19,608,False,0.0
unsw->bot,44,martingala,19,1.0,0.8404840484048405,0,0,False,0.0
unsw->bot,44,stat_13x13_adaptive,19,1.0,0.9900990099009901,19,608,False,0.0
unsw->bot,45,statico,0,0.0,0.8243253522914882,0,0,False,0.0
unsw->bot,45,ogni_batch,0,0.0,0.8243253522914882,0,0,False,0.0
unsw->bot,45,su_innesco,0,0.0,0.8243253522914882,0,0,False,0.0
unsw->bot,45,oracolo,0,0.0,0.8243253522914882,0,0,False,0.0
unsw->bot,45,stat_13x13,0,0.0,0.8243253522914882,0,0,False,0.0
unsw->bot,45,martingala,0,0.0,0.8243253522914882,0,0,False,0.0
unsw->bot,45,stat_13x13_adaptive,0,0.0,0.8243253522914882,0,0,False,0.0
unsw->bot,45,statico,1,0.053,0.8144763896766875,0,0,False,0.0
unsw->bot,45,ogni_batch,1,0.053,0.7795412648893931,1,32,False,0.0
unsw->bot,45,su_innesco,1,0.053,0.8144763896766875,0,0,False,0.0
unsw->bot,45,oracolo,1,0.053,0.7985855076574022,1,32,False,0.0
unsw->bot,45,stat_13x13,1,0.053,0.7849120816789563,1,32,False,0.0
unsw->bot,45,martingala,1,0.053,0.8144763896766875,0,0,False,0.0
unsw->bot,45,stat_13x13_adaptive,1,0.053,0.785877233408962,1,32,False,0.0
unsw->bot,45,statico,2,0.105,0.8034816639037397,0,0,False,0.0
unsw->bot,45,ogni_batch,2,0.105,0.8065089166520405,2,64,False,0.0
unsw->bot,45,su_innesco,2,0.105,0.8034816639037397,0,0,False,0.0
unsw->bot,45,oracolo,2,0.105,0.7999253697947988,2,64,False,0.0
unsw->bot,45,stat_13x13,2,0.105,0.8026316489290977,2,64,False,0.0
unsw->bot,45,martingala,2,0.105,0.8034816639037397,0,0,False,0.0
unsw->bot,45,stat_13x13_adaptive,2,0.105,0.8079881096022761,2,64,False,0.0
unsw->bot,45,statico,3,0.158,0.8064455291916495,0,0,False,0.0
unsw->bot,45,ogni_batch,3,0.158,0.8194613415520444,3,96,False,0.0
unsw->bot,45,su_innesco,3,0.158,0.8064455291916495,0,0,False,0.0
unsw->bot,45,oracolo,3,0.158,0.8202523300263693,3,96,False,0.0
unsw->bot,45,stat_13x13,3,0.158,0.8163635377261431,3,96,False,0.0
unsw->bot,45,martingala,3,0.158,0.8064455291916495,0,0,False,0.0
unsw->bot,45,stat_13x13_adaptive,3,0.158,0.8146692959055174,3,96,False,0.0
unsw->bot,45,statico,4,0.211,0.7923964390101194,0,0,False,0.0
unsw->bot,45,ogni_batch,4,0.211,0.8426389670129677,4,128,False,0.0
unsw->bot,45,su_innesco,4,0.211,0.7923964390101194,0,0,False,0.0
unsw->bot,45,oracolo,4,0.211,0.8023012442591329,4,128,False,0.0
unsw->bot,45,stat_13x13,4,0.211,0.8147639145362724,4,128,False,0.0
unsw->bot,45,martingala,4,0.211,0.7923964390101194,0,0,False,0.0
unsw->bot,45,stat_13x13_adaptive,4,0.211,0.8124140443012433,4,128,False,0.0
unsw->bot,45,statico,5,0.263,0.7897463599581547,0,0,False,0.0
unsw->bot,45,ogni_batch,5,0.263,0.8561031164862003,5,160,False,0.0
unsw->bot,45,su_innesco,5,0.263,0.7897463599581547,0,0,False,0.0
unsw->bot,45,oracolo,5,0.263,0.8378002686706272,5,160,False,0.0
unsw->bot,45,stat_13x13,5,0.263,0.8094507393044148,5,160,False,0.0
unsw->bot,45,martingala,5,0.263,0.7897463599581547,0,0,False,0.0
unsw->bot,45,stat_13x13_adaptive,5,0.263,0.8082412755514539,5,160,False,0.0
unsw->bot,45,statico,6,0.316,0.7882526259270446,0,0,False,0.0
unsw->bot,45,ogni_batch,6,0.316,0.8426021007416356,6,192,False,0.0
unsw->bot,45,su_innesco,6,0.316,0.7882526259270446,0,0,False,0.0
unsw->bot,45,oracolo,6,0.316,0.8461398033491057,6,192,False,0.0
unsw->bot,45,stat_13x13,6,0.316,0.8116933454142756,6,192,False,0.0
unsw->bot,45,martingala,6,0.316,0.7882526259270446,0,0,False,0.0
unsw->bot,45,stat_13x13_adaptive,6,0.316,0.8099627504278667,6,192,False,0.0
unsw->bot,45,statico,7,0.368,0.7782122094142014,0,0,False,0.0
unsw->bot,45,ogni_batch,7,0.368,0.8446045098867282,7,224,False,0.0
unsw->bot,45,su_innesco,7,0.368,0.7782122094142014,0,0,False,0.0
unsw->bot,45,oracolo,7,0.368,0.846832274527894,7,224,False,0.0
unsw->bot,45,stat_13x13,7,0.368,0.8022080852140818,7,224,False,0.0
unsw->bot,45,martingala,7,0.368,0.7782122094142014,0,0,False,0.0
unsw->bot,45,stat_13x13_adaptive,7,0.368,0.8022850842448643,7,224,False,0.0
unsw->bot,45,statico,8,0.421,0.7783602223539099,0,0,False,0.0
unsw->bot,45,ogni_batch,8,0.421,0.8527747927131231,8,256,False,0.0
unsw->bot,45,su_innesco,8,0.421,0.7783602223539099,0,0,False,0.0
unsw->bot,45,oracolo,8,0.421,0.8635712772014017,8,256,False,0.0
unsw->bot,45,stat_13x13,8,0.421,0.8010134483089717,8,256,False,0.0
unsw->bot,45,martingala,8,0.421,0.7783602223539099,0,0,False,0.0
unsw->bot,45,stat_13x13_adaptive,8,0.421,0.7917014811955474,8,256,False,0.0
unsw->bot,45,statico,9,0.474,0.7728619948755424,0,0,False,0.0
unsw->bot,45,ogni_batch,9,0.474,0.8634004230339762,9,288,False,0.0
unsw->bot,45,su_innesco,9,0.474,0.7728619948755424,0,0,False,0.0
unsw->bot,45,oracolo,9,0.474,0.8695589936390569,9,288,False,0.0
unsw->bot,45,stat_13x13,9,0.474,0.8053665265556325,9,288,False,0.0
unsw->bot,45,martingala,9,0.474,0.7728619948755424,0,0,False,0.0
unsw->bot,45,stat_13x13_adaptive,9,0.474,0.8037851007464443,9,288,False,0.0
unsw->bot,45,statico,10,0.526,0.7665784088273586,0,0,False,0.0
unsw->bot,45,ogni_batch,10,0.526,0.8705957874234607,10,320,False,0.0
unsw->bot,45,su_innesco,10,0.526,0.7665784088273586,0,0,False,0.0
unsw->bot,45,oracolo,10,0.526,0.8681456191848131,10,320,False,0.0
unsw->bot,45,stat_13x13,10,0.526,0.8152137202976558,10,320,False,0.0
unsw->bot,45,martingala,10,0.526,0.7665784088273586,0,0,False,0.0
unsw->bot,45,stat_13x13_adaptive,10,0.526,0.814867010988093,10,320,False,0.0
unsw->bot,45,statico,11,0.579,0.7597345274482217,0,0,False,0.0
unsw->bot,45,ogni_batch,11,0.579,0.8767385667138142,11,352,False,0.0
unsw->bot,45,su_innesco,11,0.579,0.7597345274482217,0,0,False,0.0
unsw->bot,45,oracolo,11,0.579,0.8732909782685769,11,352,False,0.0
unsw->bot,45,stat_13x13,11,0.579,0.8221937864725033,11,352,False,0.0
unsw->bot,45,martingala,11,0.579,0.7597345274482217,0,0,False,0.0
unsw->bot,45,stat_13x13_adaptive,11,0.579,0.8219994115883507,11,352,False,0.0
unsw->bot,45,statico,12,0.632,0.7543862716590026,0,0,False,0.0
unsw->bot,45,ogni_batch,12,0.632,0.8732739677975336,12,384,False,0.0
unsw->bot,45,su_innesco,12,0.632,0.7543862716590026,0,0,False,0.0
unsw->bot,45,oracolo,12,0.632,0.8849242588578686,12,384,False,0.0
unsw->bot,45,stat_13x13,12,0.632,0.8102690596735758,12,384,False,0.0
unsw->bot,45,martingala,12,0.632,0.7543862716590026,0,0,False,0.0
unsw->bot,45,stat_13x13_adaptive,12,0.632,0.8119191199547562,12,384,False,0.0
unsw->bot,45,statico,13,0.684,0.756163749981546,0,0,False,0.0
unsw->bot,45,ogni_batch,13,0.684,0.883758142907349,13,416,False,0.0
unsw->bot,45,su_innesco,13,0.684,0.756163749981546,0,0,False,0.0
unsw->bot,45,oracolo,13,0.684,0.8907508105627852,13,416,False,0.0
unsw->bot,45,stat_13x13,13,0.684,0.7876428547861276,13,416,False,0.0
unsw->bot,45,martingala,13,0.684,0.756163749981546,0,0,False,0.0
unsw->bot,45,stat_13x13_adaptive,13,0.684,0.7879063378514267,13,416,False,0.0
unsw->bot,45,statico,14,0.737,0.7465265578128648,0,0,False,0.0
unsw->bot,45,ogni_batch,14,0.737,0.9024583715040146,14,448,False,0.0
unsw->bot,45,su_innesco,14,0.737,0.7465265578128648,0,0,False,0.0
unsw->bot,45,oracolo,14,0.737,0.9182816906468358,14,448,False,0.0
unsw->bot,45,stat_13x13,14,0.737,0.7722192883188734,14,448,False,0.0
unsw->bot,45,martingala,14,0.737,0.7465265578128648,0,0,False,0.0
unsw->bot,45,stat_13x13_adaptive,14,0.737,0.7744387562644824,14,448,False,0.0
unsw->bot,45,statico,15,0.789,0.7465675902940477,0,0,False,0.0
unsw->bot,45,ogni_batch,15,0.789,0.9103958263291378,15,480,False,0.0
unsw->bot,45,su_innesco,15,0.789,0.7465675902940477,0,0,False,0.0
unsw->bot,45,oracolo,15,0.789,0.9253236552061095,15,480,False,0.0
unsw->bot,45,stat_13x13,15,0.789,0.8121047299746669,15,480,False,0.0
unsw->bot,45,martingala,15,0.789,0.7465675902940477,0,0,False,0.0
unsw->bot,45,stat_13x13_adaptive,15,0.789,0.8118008370378741,15,480,False,0.0
unsw->bot,45,statico,16,0.842,0.7403181459639987,0,0,False,0.0
unsw->bot,45,ogni_batch,16,0.842,0.9184575813293991,16,512,False,0.0
unsw->bot,45,su_innesco,16,0.842,0.7403181459639987,0,0,False,0.0
unsw->bot,45,oracolo,16,0.842,0.9299477732377563,16,512,False,0.0
unsw->bot,45,stat_13x13,16,0.842,0.818417383495768,16,512,False,0.0
unsw->bot,45,martingala,16,0.842,0.7403181459639987,0,0,False,0.0
unsw->bot,45,stat_13x13_adaptive,16,0.842,0.8340021448985095,16,512,False,0.0
unsw->bot,45,statico,17,0.895,0.7375779187011636,0,0,False,0.0
unsw->bot,45,ogni_batch,17,0.895,0.928454255053319,17,544,False,0.0
unsw->bot,45,su_innesco,17,0.895,0.7375779187011636,0,0,False,0.0
unsw->bot,45,oracolo,17,0.895,0.9389471942514065,17,544,False,0.0
unsw->bot,45,stat_13x13,17,0.895,0.7795473117626004,17,544,False,0.0
unsw->bot,45,martingala,17,0.895,0.7375779187011636,0,0,False,0.0
unsw->bot,45,stat_13x13_adaptive,17,0.895,0.8008185262475433,17,544,False,0.0
unsw->bot,45,statico,18,0.947,0.7285670030703143,0,0,False,0.0
unsw->bot,45,ogni_batch,18,0.947,0.9394019082760805,18,576,False,0.0
unsw->bot,45,su_innesco,18,0.947,0.7285670030703143,0,0,False,0.0
unsw->bot,45,oracolo,18,0.947,0.9478411422120032,18,576,False,0.0
unsw->bot,45,stat_13x13,18,0.947,0.774410375734879,18,576,False,0.0
unsw->bot,45,martingala,18,0.947,0.7285670030703143,0,0,False,0.0
unsw->bot,45,stat_13x13_adaptive,18,0.947,0.8110015007366,18,576,False,0.0
unsw->bot,45,statico,19,1.0,0.6242,0,0,False,0.0
unsw->bot,45,ogni_batch,19,1.0,0.94495,19,608,False,0.0
unsw->bot,45,su_innesco,19,1.0,0.6242,0,0,False,0.0
unsw->bot,45,oracolo,19,1.0,0.9449,19,608,False,0.0
unsw->bot,45,stat_13x13,19,1.0,0.98,19,608,False,0.0
unsw->bot,45,martingala,19,1.0,0.6242,0,0,False,0.0
unsw->bot,45,stat_13x13_adaptive,19,1.0,0.9799,19,608,False,0.0
unsw->bot,46,statico,0,0.0,0.8207750025508376,0,0,False,0.0
unsw->bot,46,ogni_batch,0,0.0,0.8207750025508376,0,0,False,0.0
unsw->bot,46,su_innesco,0,0.0,0.8207750025508376,0,0,False,0.0
unsw->bot,46,oracolo,0,0.0,0.8207750025508376,0,0,False,0.0
unsw->bot,46,stat_13x13,0,0.0,0.8207750025508376,0,0,False,0.0
unsw->bot,46,martingala,0,0.0,0.8207750025508376,0,0,False,0.0
unsw->bot,46,stat_13x13_adaptive,0,0.0,0.8207750025508376,0,0,False,0.0
unsw->bot,46,statico,1,0.053,0.8188781087716732,0,0,False,0.0
unsw->bot,46,ogni_batch,1,0.053,0.8055142754571083,1,32,False,0.0
unsw->bot,46,su_innesco,1,0.053,0.8188781087716732,0,0,False,0.0
unsw->bot,46,oracolo,1,0.053,0.7944475695458101,1,32,False,0.0
unsw->bot,46,stat_13x13,1,0.053,0.794291440489679,1,32,False,0.0
unsw->bot,46,martingala,1,0.053,0.8188781087716732,0,0,False,0.0
unsw->bot,46,stat_13x13_adaptive,1,0.053,0.7938085322739061,1,32,False,0.0
unsw->bot,46,statico,2,0.105,0.8165636393457634,0,0,False,0.0
unsw->bot,46,ogni_batch,2,0.105,0.8207854383348157,2,64,False,0.0
unsw->bot,46,su_innesco,2,0.105,0.8165636393457634,0,0,False,0.0
unsw->bot,46,oracolo,2,0.105,0.8130138104683163,2,64,False,0.0
unsw->bot,46,stat_13x13,2,0.105,0.74636500052633,2,64,False,0.0
unsw->bot,46,martingala,2,0.105,0.8165636393457634,0,0,False,0.0
unsw->bot,46,stat_13x13_adaptive,2,0.105,0.734882562877416,2,64,False,0.0
unsw->bot,46,statico,3,0.158,0.8149685112555289,0,0,False,0.0
unsw->bot,46,ogni_batch,3,0.158,0.8352595395644314,3,96,False,0.0
unsw->bot,46,su_innesco,3,0.158,0.8149685112555289,0,0,False,0.0
unsw->bot,46,oracolo,3,0.158,0.7936605300836794,3,96,False,0.0
unsw->bot,46,stat_13x13,3,0.158,0.8338209769718288,3,96,False,0.0
unsw->bot,46,martingala,3,0.158,0.8149685112555289,0,0,False,0.0
unsw->bot,46,stat_13x13_adaptive,3,0.158,0.826299539600288,3,96,False,0.0
unsw->bot,46,statico,4,0.211,0.8128929051777269,0,0,False,0.0
unsw->bot,46,ogni_batch,4,0.211,0.8321678276726316,4,128,False,0.0
unsw->bot,46,su_innesco,4,0.211,0.8128929051777269,0,0,False,0.0
unsw->bot,46,oracolo,4,0.211,0.7836676658751941,4,128,False,0.0
unsw->bot,46,stat_13x13,4,0.211,0.7924095053401684,4,128,False,0.0
unsw->bot,46,martingala,4,0.211,0.8128929051777269,0,0,False,0.0
unsw->bot,46,stat_13x13_adaptive,4,0.211,0.7131730223611761,4,128,False,0.0
unsw->bot,46,statico,5,0.263,0.804947785418936,0,0,False,0.0
unsw->bot,46,ogni_batch,5,0.263,0.8459515728449112,5,160,False,0.0
unsw->bot,46,su_innesco,5,0.263,0.804947785418936,0,0,False,0.0
unsw->bot,46,oracolo,5,0.263,0.8340993299561773,5,160,False,0.0
unsw->bot,46,stat_13x13,5,0.263,0.8260891200681935,5,160,False,0.0
unsw->bot,46,martingala,5,0.263,0.804947785418936,0,0,False,0.0
unsw->bot,46,stat_13x13_adaptive,5,0.263,0.8169593864631319,5,160,False,0.0
unsw->bot,46,statico,6,0.316,0.8030917855206028,0,0,False,0.0
unsw->bot,46,ogni_batch,6,0.316,0.8452985697804152,6,192,False,0.0
unsw->bot,46,su_innesco,6,0.316,0.8030917855206028,0,0,False,0.0
unsw->bot,46,oracolo,6,0.316,0.8417104992728868,6,192,False,0.0
unsw->bot,46,stat_13x13,6,0.316,0.8219218154686858,6,192,False,0.0
unsw->bot,46,martingala,6,0.316,0.8030917855206028,0,0,False,0.0
unsw->bot,46,stat_13x13_adaptive,6,0.316,0.8172912183377605,6,192,False,0.0
unsw->bot,46,statico,7,0.368,0.8061047516611901,0,0,False,0.0
unsw->bot,46,ogni_batch,7,0.368,0.8575475148316152,7,224,False,0.0
unsw->bot,46,su_innesco,7,0.368,0.8061047516611901,0,0,False,0.0
unsw->bot,46,oracolo,7,0.368,0.8355378024980626,7,224,False,0.0
unsw->bot,46,stat_13x13,7,0.368,0.8112049023298624,7,224,False,0.0
unsw->bot,46,martingala,7,0.368,0.8061047516611901,0,0,False,0.0
unsw->bot,46,stat_13x13_adaptive,7,0.368,0.8128098721184172,7,224,False,0.0
unsw->bot,46,statico,8,0.421,0.804728970063755,0,0,False,0.0
unsw->bot,46,ogni_batch,8,0.421,0.8691643774583331,8,256,False,0.0
unsw->bot,46,su_innesco,8,0.421,0.804728970063755,0,0,False,0.0
unsw->bot,46,oracolo,8,0.421,0.8426189660593035,8,256,False,0.0
unsw->bot,46,stat_13x13,8,0.421,0.8296004921373867,8,256,False,0.0
unsw->bot,46,martingala,8,0.421,0.804728970063755,0,0,False,0.0
unsw->bot,46,stat_13x13_adaptive,8,0.421,0.8209324332469043,8,256,False,0.0
unsw->bot,46,statico,9,0.474,0.8036769840122541,0,0,False,0.0
unsw->bot,46,ogni_batch,9,0.474,0.8822586777136744,9,288,False,0.0
unsw->bot,46,su_innesco,9,0.474,0.8036769840122541,0,0,False,0.0
unsw->bot,46,oracolo,9,0.474,0.8427001328555326,9,288,False,0.0
unsw->bot,46,stat_13x13,9,0.474,0.8462311795416696,9,288,False,0.0
unsw->bot,46,martingala,9,0.474,0.8036769840122541,0,0,False,0.0
unsw->bot,46,stat_13x13_adaptive,9,0.474,0.8470883425810307,9,288,False,0.0
unsw->bot,46,statico,10,0.526,0.7997439594192556,0,0,False,0.0
unsw->bot,46,ogni_batch,10,0.526,0.885077099293861,10,320,False,0.0
unsw->bot,46,su_innesco,10,0.526,0.7997439594192556,0,0,False,0.0
unsw->bot,46,oracolo,10,0.526,0.8537626480583917,10,320,False,0.0
unsw->bot,46,stat_13x13,10,0.526,0.8407254439286032,10,320,False,0.0
unsw->bot,46,martingala,10,0.526,0.7997439594192556,0,0,False,0.0
unsw->bot,46,stat_13x13_adaptive,10,0.526,0.8293192108461964,10,320,False,0.0
unsw->bot,46,statico,11,0.579,0.7983577736105703,0,0,False,0.0
unsw->bot,46,ogni_batch,11,0.579,0.888788380046488,11,352,False,0.0
unsw->bot,46,su_innesco,11,0.579,0.7983577736105703,0,0,False,0.0
unsw->bot,46,oracolo,11,0.579,0.8597378892935714,11,352,False,0.0
unsw->bot,46,stat_13x13,11,0.579,0.8380338593867933,11,352,False,0.0
unsw->bot,46,martingala,11,0.579,0.7983577736105703,0,0,False,0.0
unsw->bot,46,stat_13x13_adaptive,11,0.579,0.8230022087750706,11,352,False,0.0
unsw->bot,46,statico,12,0.632,0.7965445325836537,0,0,False,0.0
unsw->bot,46,ogni_batch,12,0.632,0.8958304931888967,12,384,False,0.0
unsw->bot,46,su_innesco,12,0.632,0.7965445325836537,0,0,False,0.0
unsw->bot,46,oracolo,12,0.632,0.8804179230830098,12,384,False,0.0
unsw->bot,46,stat_13x13,12,0.632,0.8528628959255233,12,384,False,0.0
unsw->bot,46,martingala,12,0.632,0.7965445325836537,0,0,False,0.0
unsw->bot,46,stat_13x13_adaptive,12,0.632,0.8402692729926466,12,384,False,0.0
unsw->bot,46,statico,13,0.684,0.7946460747698407,0,0,False,0.0
unsw->bot,46,ogni_batch,13,0.684,0.9026360284383967,13,416,False,0.0
unsw->bot,46,su_innesco,13,0.684,0.7946460747698407,0,0,False,0.0
unsw->bot,46,oracolo,13,0.684,0.9010330295867361,13,416,False,0.0
unsw->bot,46,stat_13x13,13,0.684,0.7975649814016756,13,416,False,0.0
unsw->bot,46,martingala,13,0.684,0.7946460747698407,0,0,False,0.0
unsw->bot,46,stat_13x13_adaptive,13,0.684,0.8024181745601908,13,416,False,0.0
unsw->bot,46,statico,14,0.737,0.8013132069260982,0,0,False,0.0
unsw->bot,46,ogni_batch,14,0.737,0.8967378444262697,14,448,False,0.0
unsw->bot,46,su_innesco,14,0.737,0.8013132069260982,0,0,False,0.0
unsw->bot,46,oracolo,14,0.737,0.9093166083283826,14,448,False,0.0
unsw->bot,46,stat_13x13,14,0.737,0.8297790893164062,14,448,False,0.0
unsw->bot,46,martingala,14,0.737,0.8013132069260982,0,0,False,0.0
unsw->bot,46,stat_13x13_adaptive,14,0.737,0.8171692854528694,14,448,False,0.0
unsw->bot,46,statico,15,0.789,0.7966052471357972,0,0,False,0.0
unsw->bot,46,ogni_batch,15,0.789,0.9015151384271722,15,480,False,0.0
unsw->bot,46,su_innesco,15,0.789,0.7966052471357972,0,0,False,0.0
unsw->bot,46,oracolo,15,0.789,0.9153542564575664,15,480,False,0.0
unsw->bot,46,stat_13x13,15,0.789,0.7638133118072721,15,480,False,0.0
unsw->bot,46,martingala,15,0.789,0.7966052471357972,0,0,False,0.0
unsw->bot,46,stat_13x13_adaptive,15,0.789,0.7563816234353042,15,480,False,0.0
unsw->bot,46,statico,16,0.842,0.7917004401207927,0,0,False,0.0
unsw->bot,46,ogni_batch,16,0.842,0.9134658933794284,16,512,False,0.0
unsw->bot,46,su_innesco,16,0.842,0.7917004401207927,0,0,False,0.0
unsw->bot,46,oracolo,16,0.842,0.9285974971708261,16,512,False,0.0
unsw->bot,46,stat_13x13,16,0.842,0.8139833672590573,16,512,False,0.0
unsw->bot,46,martingala,16,0.842,0.7917004401207927,0,0,False,0.0
unsw->bot,46,stat_13x13_adaptive,16,0.842,0.8067043808646734,16,512,False,0.0
unsw->bot,46,statico,17,0.895,0.7966424593828161,0,0,False,0.0
unsw->bot,46,ogni_batch,17,0.895,0.9284115431312234,17,544,False,0.0
unsw->bot,46,su_innesco,17,0.895,0.7966424593828161,0,0,False,0.0
unsw->bot,46,oracolo,17,0.895,0.9289577353908989,17,544,False,0.0
unsw->bot,46,stat_13x13,17,0.895,0.793928122492932,17,544,False,0.0
unsw->bot,46,martingala,17,0.895,0.7966424593828161,0,0,False,0.0
unsw->bot,46,stat_13x13_adaptive,17,0.895,0.8146531290354411,17,544,False,0.0
unsw->bot,46,statico,18,0.947,0.7902953849996877,0,0,False,0.0
unsw->bot,46,ogni_batch,18,0.947,0.9326134406038996,18,576,False,0.0
unsw->bot,46,su_innesco,18,0.947,0.7902953849996877,0,0,False,0.0
unsw->bot,46,oracolo,18,0.947,0.9406118961270796,18,576,False,0.0
unsw->bot,46,stat_13x13,18,0.947,0.7560467892195315,18,576,False,0.0
unsw->bot,46,martingala,18,0.947,0.7902953849996877,0,0,False,0.0
unsw->bot,46,stat_13x13_adaptive,18,0.947,0.7683826758644781,18,576,False,0.0
unsw->bot,46,statico,19,1.0,0.7052391192012135,0,0,False,0.0
unsw->bot,46,ogni_batch,19,1.0,0.6401626910703272,19,608,False,0.0
unsw->bot,46,su_innesco,19,1.0,0.7052391192012135,0,0,False,0.0
unsw->bot,46,oracolo,19,1.0,0.8056541814605525,19,608,False,0.0
unsw->bot,46,stat_13x13,19,1.0,0.8320581420546416,19,608,False,0.0
unsw->bot,46,martingala,19,1.0,0.7052391192012135,0,0,False,0.0
unsw->bot,46,stat_13x13_adaptive,19,1.0,0.655640012668567,19,608,False,0.0
unsw->bot,47,statico,0,0.0,0.8176010818120352,0,0,False,0.0
unsw->bot,47,ogni_batch,0,0.0,0.8176010818120352,0,0,False,0.0
unsw->bot,47,su_innesco,0,0.0,0.8176010818120352,0,0,False,0.0
unsw->bot,47,oracolo,0,0.0,0.8176010818120352,0,0,False,0.0
unsw->bot,47,stat_13x13,0,0.0,0.8176010818120352,0,0,False,0.0
unsw->bot,47,martingala,0,0.0,0.8176010818120352,0,0,False,0.0
unsw->bot,47,stat_13x13_adaptive,0,0.0,0.8176010818120352,0,0,False,0.0
unsw->bot,47,statico,1,0.053,0.8205778290142023,0,0,False,0.0
unsw->bot,47,ogni_batch,1,0.053,0.7641110128592201,1,32,False,0.0
unsw->bot,47,su_innesco,1,0.053,0.8205778290142023,0,0,False,0.0
unsw->bot,47,oracolo,1,0.053,0.7854559595186401,1,32,False,0.0
unsw->bot,47,stat_13x13,1,0.053,0.7727694311096946,1,32,False,0.0
unsw->bot,47,martingala,1,0.053,0.8205778290142023,0,0,False,0.0
unsw->bot,47,stat_13x13_adaptive,1,0.053,0.7812294583989006,1,32,False,0.0
unsw->bot,47,statico,2,0.105,0.8118756512565979,0,0,False,0.0
unsw->bot,47,ogni_batch,2,0.105,0.7709785648675189,2,64,False,0.0
unsw->bot,47,su_innesco,2,0.105,0.8118756512565979,0,0,False,0.0
unsw->bot,47,oracolo,2,0.105,0.800460723419723,2,64,False,0.0
unsw->bot,47,stat_13x13,2,0.105,0.7765464267591717,2,64,False,0.0
unsw->bot,47,martingala,2,0.105,0.8118756512565979,0,0,False,0.0
unsw->bot,47,stat_13x13_adaptive,2,0.105,0.79729277211482,2,64,False,0.0
unsw->bot,47,statico,3,0.158,0.8069557749376317,0,0,False,0.0
unsw->bot,47,ogni_batch,3,0.158,0.8254255733103208,3,96,False,0.0
unsw->bot,47,su_innesco,3,0.158,0.8069557749376317,0,0,False,0.0
unsw->bot,47,oracolo,3,0.158,0.8474588055421206,3,96,False,0.0
unsw->bot,47,stat_13x13,3,0.158,0.788663793262961,3,96,False,0.0
unsw->bot,47,martingala,3,0.158,0.8069557749376317,0,0,False,0.0
unsw->bot,47,stat_13x13_adaptive,3,0.158,0.8155651795474534,3,96,False,0.0
unsw->bot,47,statico,4,0.211,0.8018633025392619,0,0,False,0.0
unsw->bot,47,ogni_batch,4,0.211,0.8384164972565047,4,128,False,0.0
unsw->bot,47,su_innesco,4,0.211,0.8018633025392619,0,0,False,0.0
unsw->bot,47,oracolo,4,0.211,0.8474963444136053,4,128,False,0.0
unsw->bot,47,stat_13x13,4,0.211,0.8158766342786663,4,128,False,0.0
unsw->bot,47,martingala,4,0.211,0.8018633025392619,0,0,False,0.0
unsw->bot,47,stat_13x13_adaptive,4,0.211,0.8129915408990194,4,128,False,0.0
unsw->bot,47,statico,5,0.263,0.7933795187746884,0,0,False,0.0
unsw->bot,47,ogni_batch,5,0.263,0.8388590032626628,5,160,False,0.0
unsw->bot,47,su_innesco,5,0.263,0.7933795187746884,0,0,False,0.0
unsw->bot,47,oracolo,5,0.263,0.8450769785372099,5,160,False,0.0
unsw->bot,47,stat_13x13,5,0.263,0.8198509656235835,5,160,False,0.0
unsw->bot,47,martingala,5,0.263,0.7933795187746884,0,0,False,0.0
unsw->bot,47,stat_13x13_adaptive,5,0.263,0.8221186209253073,5,160,False,0.0
unsw->bot,47,statico,6,0.316,0.7929085432954126,0,0,False,0.0
unsw->bot,47,ogni_batch,6,0.316,0.8518370289726345,6,192,False,0.0
unsw->bot,47,su_innesco,6,0.316,0.7929085432954126,0,0,False,0.0
unsw->bot,47,oracolo,6,0.316,0.8555059154519038,6,192,False,0.0
unsw->bot,47,stat_13x13,6,0.316,0.8194921284578722,6,192,False,0.0
unsw->bot,47,martingala,6,0.316,0.7929085432954126,0,0,False,0.0
unsw->bot,47,stat_13x13_adaptive,6,0.316,0.8097225911462487,6,192,False,0.0
unsw->bot,47,statico,7,0.368,0.7835883275468145,0,0,False,0.0
unsw->bot,47,ogni_batch,7,0.368,0.8549093941618642,7,224,False,0.0
unsw->bot,47,su_innesco,7,0.368,0.7835883275468145,0,0,False,0.0
unsw->bot,47,oracolo,7,0.368,0.8537487023854459,7,224,False,0.0
unsw->bot,47,stat_13x13,7,0.368,0.8126583170727103,7,224,False,0.0
unsw->bot,47,martingala,7,0.368,0.7835883275468145,0,0,False,0.0
unsw->bot,47,stat_13x13_adaptive,7,0.368,0.8378626131018367,7,224,False,0.0
unsw->bot,47,statico,8,0.421,0.7819994133381558,0,0,False,0.0
unsw->bot,47,ogni_batch,8,0.421,0.8615800806470177,8,256,False,0.0
unsw->bot,47,su_innesco,8,0.421,0.7819994133381558,0,0,False,0.0
unsw->bot,47,oracolo,8,0.421,0.8642092607609848,8,256,False,0.0
unsw->bot,47,stat_13x13,8,0.421,0.799763258688208,8,256,False,0.0
unsw->bot,47,martingala,8,0.421,0.7819994133381558,0,0,False,0.0
unsw->bot,47,stat_13x13_adaptive,8,0.421,0.8269764357492553,8,256,False,0.0
unsw->bot,47,statico,9,0.474,0.7771285947010607,0,0,False,0.0
unsw->bot,47,ogni_batch,9,0.474,0.8646170622578675,9,288,False,0.0
unsw->bot,47,su_innesco,9,0.474,0.7771285947010607,0,0,False,0.0
unsw->bot,47,oracolo,9,0.474,0.8605311626016885,9,288,False,0.0
unsw->bot,47,stat_13x13,9,0.474,0.8228286818265658,9,288,False,0.0
unsw->bot,47,martingala,9,0.474,0.7771285947010607,0,0,False,0.0
unsw->bot,47,stat_13x13_adaptive,9,0.474,0.8442483291512026,9,288,False,0.0
unsw->bot,47,statico,10,0.526,0.778452646061419,0,0,False,0.0
unsw->bot,47,ogni_batch,10,0.526,0.8686299084560436,10,320,False,0.0
unsw->bot,47,su_innesco,10,0.526,0.778452646061419,0,0,False,0.0
unsw->bot,47,oracolo,10,0.526,0.8622864923005074,10,320,False,0.0
unsw->bot,47,stat_13x13,10,0.526,0.8039298832625236,10,320,False,0.0
unsw->bot,47,martingala,10,0.526,0.778452646061419,0,0,False,0.0
unsw->bot,47,stat_13x13_adaptive,10,0.526,0.8187442074416019,10,320,False,0.0
unsw->bot,47,statico,11,0.579,0.764534791501982,0,0,False,0.0
unsw->bot,47,ogni_batch,11,0.579,0.8708990063875186,11,352,False,0.0
unsw->bot,47,su_innesco,11,0.579,0.764534791501982,0,0,False,0.0
unsw->bot,47,oracolo,11,0.579,0.8630588528128307,11,352,False,0.0
unsw->bot,47,stat_13x13,11,0.579,0.8135468264792904,11,352,False,0.0
unsw->bot,47,martingala,11,0.579,0.764534791501982,0,0,False,0.0
unsw->bot,47,stat_13x13_adaptive,11,0.579,0.8392383972750279,11,352,False,0.0
unsw->bot,47,statico,12,0.632,0.7667691775524876,0,0,False,0.0
unsw->bot,47,ogni_batch,12,0.632,0.8784943749514574,12,384,False,0.0
unsw->bot,47,su_innesco,12,0.632,0.7667691775524876,0,0,False,0.0
unsw->bot,47,oracolo,12,0.632,0.8871971343371357,12,384,False,0.0
unsw->bot,47,stat_13x13,12,0.632,0.8127102653161242,12,384,False,0.0
unsw->bot,47,martingala,12,0.632,0.7667691775524876,0,0,False,0.0
unsw->bot,47,stat_13x13_adaptive,12,0.632,0.8464295821805765,12,384,False,0.0
unsw->bot,47,statico,13,0.684,0.7648328981595435,0,0,False,0.0
unsw->bot,47,ogni_batch,13,0.684,0.9035076893149665,13,416,False,0.0
unsw->bot,47,su_innesco,13,0.684,0.7648328981595435,0,0,False,0.0
unsw->bot,47,oracolo,13,0.684,0.90616278559216,13,416,False,0.0
unsw->bot,47,stat_13x13,13,0.684,0.8167643974159057,13,416,False,0.0
unsw->bot,47,martingala,13,0.684,0.7648328981595435,0,0,False,0.0
unsw->bot,47,stat_13x13_adaptive,13,0.684,0.838155763034435,13,416,False,0.0
unsw->bot,47,statico,14,0.737,0.7565623914359793,0,0,False,0.0
unsw->bot,47,ogni_batch,14,0.737,0.889702141366497,14,448,False,0.0
unsw->bot,47,su_innesco,14,0.737,0.7565623914359793,0,0,False,0.0
unsw->bot,47,oracolo,14,0.737,0.9077614474825324,14,448,False,0.0
unsw->bot,47,stat_13x13,14,0.737,0.8024026641182154,14,448,False,0.0
unsw->bot,47,martingala,14,0.737,0.7565623914359793,0,0,False,0.0
unsw->bot,47,stat_13x13_adaptive,14,0.737,0.8174937084611706,14,448,False,0.0
unsw->bot,47,statico,15,0.789,0.7509472753955662,0,0,False,0.0
unsw->bot,47,ogni_batch,15,0.789,0.8778562785756641,15,480,False,0.0
unsw->bot,47,su_innesco,15,0.789,0.7509472753955662,0,0,False,0.0
unsw->bot,47,oracolo,15,0.789,0.9140011310067563,15,480,False,0.0
unsw->bot,47,stat_13x13,15,0.789,0.7983433841828476,15,480,False,0.0
unsw->bot,47,martingala,15,0.789,0.7509472753955662,0,0,False,0.0
unsw->bot,47,stat_13x13_adaptive,15,0.789,0.8340712637283385,15,480,False,0.0
unsw->bot,47,statico,16,0.842,0.7546052695647875,0,0,False,0.0
unsw->bot,47,ogni_batch,16,0.842,0.8136326129607142,16,512,False,0.0
unsw->bot,47,su_innesco,16,0.842,0.7546052695647875,0,0,False,0.0
unsw->bot,47,oracolo,16,0.842,0.9247820641226269,16,512,False,0.0
unsw->bot,47,stat_13x13,16,0.842,0.824055686109411,16,512,False,0.0
unsw->bot,47,martingala,16,0.842,0.7546052695647875,0,0,False,0.0
unsw->bot,47,stat_13x13_adaptive,16,0.842,0.8226245981941867,16,512,False,0.0
unsw->bot,47,statico,17,0.895,0.7528359511343805,0,0,False,0.0
unsw->bot,47,ogni_batch,17,0.895,0.8308886370341821,17,544,False,0.0
unsw->bot,47,su_innesco,17,0.895,0.7528359511343805,0,0,False,0.0
unsw->bot,47,oracolo,17,0.895,0.9271472609711938,17,544,False,0.0
unsw->bot,47,stat_13x13,17,0.895,0.822445970088806,17,544,False,0.0
unsw->bot,47,martingala,17,0.895,0.7528359511343805,0,0,False,0.0
unsw->bot,47,stat_13x13_adaptive,17,0.895,0.8367491581556832,17,544,False,0.0
unsw->bot,47,statico,18,0.947,0.7392946785924974,0,0,False,0.0
unsw->bot,47,ogni_batch,18,0.947,0.8586574690940567,18,576,False,0.0
unsw->bot,47,su_innesco,18,0.947,0.7392946785924974,0,0,False,0.0
unsw->bot,47,oracolo,18,0.947,0.9393417562393394,18,576,False,0.0
unsw->bot,47,stat_13x13,18,0.947,0.7885881910065994,18,576,False,0.0
unsw->bot,47,martingala,18,0.947,0.7392946785924974,0,0,False,0.0
unsw->bot,47,stat_13x13_adaptive,18,0.947,0.796108902068998,18,576,False,0.0
unsw->bot,47,statico,19,1.0,0.577007700770077,0,0,False,0.0
unsw->bot,47,ogni_batch,19,1.0,0.7381738173817382,19,608,False,0.0
unsw->bot,47,su_innesco,19,1.0,0.577007700770077,0,0,False,0.0
unsw->bot,47,oracolo,19,1.0,0.7220722072207221,19,608,False,0.0
unsw->bot,47,stat_13x13,19,1.0,0.7386488648864886,19,608,False,0.0
unsw->bot,47,martingala,19,1.0,0.577007700770077,0,0,False,0.0
unsw->bot,47,stat_13x13_adaptive,19,1.0,0.7388738873887388,19,608,False,0.0
unsw->bot,48,statico,0,0.0,0.8159013520668461,0,0,False,0.0
unsw->bot,48,ogni_batch,0,0.0,0.8159013520668461,0,0,False,0.0
unsw->bot,48,su_innesco,0,0.0,0.8159013520668461,0,0,False,0.0
unsw->bot,48,oracolo,0,0.0,0.8159013520668461,0,0,False,0.0
unsw->bot,48,stat_13x13,0,0.0,0.8159013520668461,0,0,False,0.0
unsw->bot,48,martingala,0,0.0,0.8159013520668461,0,0,False,0.0
unsw->bot,48,stat_13x13_adaptive,0,0.0,0.8159013520668461,0,0,False,0.0
unsw->bot,48,statico,1,0.053,0.8088142298489447,0,0,False,0.0
unsw->bot,48,ogni_batch,1,0.053,0.7522319482375919,1,32,False,0.0
unsw->bot,48,su_innesco,1,0.053,0.8088142298489447,0,0,False,0.0
unsw->bot,48,oracolo,1,0.053,0.7465221873659289,1,32,False,0.0
unsw->bot,48,stat_13x13,1,0.053,0.7540047804906403,1,32,False,0.0
unsw->bot,48,martingala,1,0.053,0.8088142298489447,0,0,False,0.0
unsw->bot,48,stat_13x13_adaptive,1,0.053,0.7549806358368498,1,32,False,0.0
unsw->bot,48,statico,2,0.105,0.8063025224339946,0,0,False,0.0
unsw->bot,48,ogni_batch,2,0.105,0.7899260364552299,2,64,False,0.0
unsw->bot,48,su_innesco,2,0.105,0.8063025224339946,0,0,False,0.0
unsw->bot,48,oracolo,2,0.105,0.7282202174725189,2,64,False,0.0
unsw->bot,48,stat_13x13,2,0.105,0.8075054456161896,2,64,False,0.0
unsw->bot,48,martingala,2,0.105,0.8063025224339946,0,0,False,0.0
unsw->bot,48,stat_13x13_adaptive,2,0.105,0.8113195319035071,2,64,False,0.0
unsw->bot,48,statico,3,0.158,0.8000016611537127,0,0,False,0.0
unsw->bot,48,ogni_batch,3,0.158,0.8083462888491202,3,96,False,0.0
unsw->bot,48,su_innesco,3,0.158,0.8000016611537127,0,0,False,0.0
unsw->bot,48,oracolo,3,0.158,0.8014178836842372,3,96,False,0.0
unsw->bot,48,stat_13x13,3,0.158,0.7920366960720537,3,96,False,0.0
unsw->bot,48,martingala,3,0.158,0.8000016611537127,0,0,False,0.0
unsw->bot,48,stat_13x13_adaptive,3,0.158,0.7918111944555435,3,96,False,0.0
unsw->bot,48,statico,4,0.211,0.79254918767634,0,0,False,0.0
unsw->bot,48,ogni_batch,4,0.211,0.8246270235140538,4,128,False,0.0
unsw->bot,48,su_innesco,4,0.211,0.79254918767634,0,0,False,0.0
unsw->bot,48,oracolo,4,0.211,0.831321914532904,4,128,False,0.0
unsw->bot,48,stat_13x13,4,0.211,0.7954536641677452,4,128,False,0.0
unsw->bot,48,martingala,4,0.211,0.79254918767634,0,0,False,0.0
unsw->bot,48,stat_13x13_adaptive,4,0.211,0.794587775406409,4,128,False,0.0
unsw->bot,48,statico,5,0.263,0.7863454581594116,0,0,False,0.0
unsw->bot,48,ogni_batch,5,0.263,0.8364309282448817,5,160,False,0.0
unsw->bot,48,su_innesco,5,0.263,0.7863454581594116,0,0,False,0.0
unsw->bot,48,oracolo,5,0.263,0.8402250049691911,5,160,False,0.0
unsw->bot,48,stat_13x13,5,0.263,0.8129302325581396,5,160,False,0.0
unsw->bot,48,martingala,5,0.263,0.7863454581594116,0,0,False,0.0
unsw->bot,48,stat_13x13_adaptive,5,0.263,0.8093134565692706,5,160,False,0.0
unsw->bot,48,statico,6,0.316,0.7894925095278371,0,0,False,0.0
unsw->bot,48,ogni_batch,6,0.316,0.8477524916355846,6,192,False,0.0
unsw->bot,48,su_innesco,6,0.316,0.7894925095278371,0,0,False,0.0
unsw->bot,48,oracolo,6,0.316,0.848950571395527,6,192,False,0.0
unsw->bot,48,stat_13x13,6,0.316,0.8220057517269737,6,192,False,0.0
unsw->bot,48,martingala,6,0.316,0.7894925095278371,0,0,False,0.0
unsw->bot,48,stat_13x13_adaptive,6,0.316,0.8161708336600991,6,192,False,0.0
unsw->bot,48,statico,7,0.368,0.7817837012577173,0,0,False,0.0
unsw->bot,48,ogni_batch,7,0.368,0.8526765240069374,7,224,False,0.0
unsw->bot,48,su_innesco,7,0.368,0.7817837012577173,0,0,False,0.0
unsw->bot,48,oracolo,7,0.368,0.8544399031439436,7,224,False,0.0
unsw->bot,48,stat_13x13,7,0.368,0.8223552255748575,7,224,False,0.0
unsw->bot,48,martingala,7,0.368,0.7817837012577173,0,0,False,0.0
unsw->bot,48,stat_13x13_adaptive,7,0.368,0.8161390432936746,7,224,False,0.0
unsw->bot,48,statico,8,0.421,0.7778059094540453,0,0,False,0.0
unsw->bot,48,ogni_batch,8,0.421,0.8613762096120232,8,256,False,0.0
unsw->bot,48,su_innesco,8,0.421,0.7778059094540453,0,0,False,0.0
unsw->bot,48,oracolo,8,0.421,0.8617906763015155,8,256,False,0.0
unsw->bot,48,stat_13x13,8,0.421,0.8392639612203341,8,256,False,0.0
unsw->bot,48,martingala,8,0.421,0.7778059094540453,0,0,False,0.0
unsw->bot,48,stat_13x13_adaptive,8,0.421,0.8345052529147821,8,256,False,0.0
unsw->bot,48,statico,9,0.474,0.7700307107253231,0,0,False,0.0
unsw->bot,48,ogni_batch,9,0.474,0.884219869458301,9,288,False,0.0
unsw->bot,48,su_innesco,9,0.474,0.7700307107253231,0,0,False,0.0
unsw->bot,48,oracolo,9,0.474,0.8649708160333123,9,288,False,0.0
unsw->bot,48,stat_13x13,9,0.474,0.815984143028448,9,288,False,0.0
unsw->bot,48,martingala,9,0.474,0.7700307107253231,0,0,False,0.0
unsw->bot,48,stat_13x13_adaptive,9,0.474,0.8116298971689662,9,288,False,0.0
unsw->bot,48,statico,10,0.526,0.765983870530402,0,0,False,0.0
unsw->bot,48,ogni_batch,10,0.526,0.8965393161933456,10,320,False,0.0
unsw->bot,48,su_innesco,10,0.526,0.765983870530402,0,0,False,0.0
unsw->bot,48,oracolo,10,0.526,0.8697791365937508,10,320,False,0.0
unsw->bot,48,stat_13x13,10,0.526,0.847836772576968,10,320,False,0.0
unsw->bot,48,martingala,10,0.526,0.765983870530402,0,0,False,0.0
unsw->bot,48,stat_13x13_adaptive,10,0.526,0.848690408508622,10,320,False,0.0
unsw->bot,48,statico,11,0.579,0.7634076133187508,0,0,False,0.0
unsw->bot,48,ogni_batch,11,0.579,0.9004435532871552,11,352,False,0.0
unsw->bot,48,su_innesco,11,0.579,0.7634076133187508,0,0,False,0.0
unsw->bot,48,oracolo,11,0.579,0.873347308299915,11,352,False,0.0
unsw->bot,48,stat_13x13,11,0.579,0.8613774456191517,11,352,False,0.0
unsw->bot,48,martingala,11,0.579,0.7634076133187508,0,0,False,0.0
unsw->bot,48,stat_13x13_adaptive,11,0.579,0.8589409405760117,11,352,False,0.0
unsw->bot,48,statico,12,0.632,0.7605083418603229,0,0,False,0.0
unsw->bot,48,ogni_batch,12,0.632,0.9045772632006571,12,384,False,0.0
unsw->bot,48,su_innesco,12,0.632,0.7605083418603229,0,0,False,0.0
unsw->bot,48,oracolo,12,0.632,0.8813923204672167,12,384,False,0.0
unsw->bot,48,stat_13x13,12,0.632,0.8496013747896681,12,384,False,0.0
unsw->bot,48,martingala,12,0.632,0.7605083418603229,0,0,False,0.0
unsw->bot,48,stat_13x13_adaptive,12,0.632,0.8475686387598036,12,384,False,0.0
unsw->bot,48,statico,13,0.684,0.7599221855113631,0,0,False,0.0
unsw->bot,48,ogni_batch,13,0.684,0.9119088731836731,13,416,False,0.0
unsw->bot,48,su_innesco,13,0.684,0.7599221855113631,0,0,False,0.0
unsw->bot,48,oracolo,13,0.684,0.9017480097535684,13,416,False,0.0
unsw->bot,48,stat_13x13,13,0.684,0.8672822133186215,13,416,False,0.0
unsw->bot,48,martingala,13,0.684,0.7599221855113631,0,0,False,0.0
unsw->bot,48,stat_13x13_adaptive,13,0.684,0.848748393561761,13,416,False,0.0
unsw->bot,48,statico,14,0.737,0.7538979779984316,0,0,False,0.0
unsw->bot,48,ogni_batch,14,0.737,0.9179285850463805,14,448,False,0.0
unsw->bot,48,su_innesco,14,0.737,0.7538979779984316,0,0,False,0.0
unsw->bot,48,oracolo,14,0.737,0.9105763685978066,14,448,False,0.0
unsw->bot,48,stat_13x13,14,0.737,0.8658087505803971,14,448,False,0.0
unsw->bot,48,martingala,14,0.737,0.7538979779984316,0,0,False,0.0
unsw->bot,48,stat_13x13_adaptive,14,0.737,0.8601967244349438,14,448,False,0.0
unsw->bot,48,statico,15,0.789,0.7493752962333065,0,0,False,0.0
unsw->bot,48,ogni_batch,15,0.789,0.9301897171030009,15,480,False,0.0
unsw->bot,48,su_innesco,15,0.789,0.7493752962333065,0,0,False,0.0
unsw->bot,48,oracolo,15,0.789,0.9188015794462876,15,480,False,0.0
unsw->bot,48,stat_13x13,15,0.789,0.8478795503759259,15,480,False,0.0
unsw->bot,48,martingala,15,0.789,0.7493752962333065,0,0,False,0.0
unsw->bot,48,stat_13x13_adaptive,15,0.789,0.8455035850038568,15,480,False,0.0
unsw->bot,48,statico,16,0.842,0.7430665298464125,0,0,False,0.0
unsw->bot,48,ogni_batch,16,0.842,0.937349055688797,16,512,False,0.0
unsw->bot,48,su_innesco,16,0.842,0.7430665298464125,0,0,False,0.0
unsw->bot,48,oracolo,16,0.842,0.9273149184766014,16,512,False,0.0
unsw->bot,48,stat_13x13,16,0.842,0.8436343259187771,16,512,False,0.0
unsw->bot,48,martingala,16,0.842,0.7430665298464125,0,0,False,0.0
unsw->bot,48,stat_13x13_adaptive,16,0.842,0.8388924743671564,16,512,False,0.0
unsw->bot,48,statico,17,0.895,0.7369409012967036,0,0,False,0.0
unsw->bot,48,ogni_batch,17,0.895,0.9449728904737655,17,544,False,0.0
unsw->bot,48,su_innesco,17,0.895,0.7369409012967036,0,0,False,0.0
unsw->bot,48,oracolo,17,0.895,0.932583143725322,17,544,False,0.0
unsw->bot,48,stat_13x13,17,0.895,0.8443511508423579,17,544,False,0.0
unsw->bot,48,martingala,17,0.895,0.7369409012967036,0,0,False,0.0
unsw->bot,48,stat_13x13_adaptive,17,0.895,0.8302633625638141,17,544,False,0.0
unsw->bot,48,statico,18,0.947,0.7347672053216392,0,0,False,0.0
unsw->bot,48,ogni_batch,18,0.947,0.9513414061964585,18,576,False,0.0
unsw->bot,48,su_innesco,18,0.947,0.7347672053216392,0,0,False,0.0
unsw->bot,48,oracolo,18,0.947,0.9407568069245869,18,576,False,0.0
unsw->bot,48,stat_13x13,18,0.947,0.8519290887878419,18,576,False,0.0
unsw->bot,48,martingala,18,0.947,0.7347672053216392,0,0,False,0.0
unsw->bot,48,stat_13x13_adaptive,18,0.947,0.8127528176687591,18,576,False,0.0
unsw->bot,48,statico,19,1.0,0.8186409320466024,0,0,False,0.0
unsw->bot,48,ogni_batch,19,1.0,0.9720236011800589,19,608,False,0.0
unsw->bot,48,su_innesco,19,1.0,0.8186409320466024,0,0,False,0.0
unsw->bot,48,oracolo,19,1.0,0.9720486024301216,19,608,False,0.0
unsw->bot,48,stat_13x13,19,1.0,0.9876243812190609,19,608,False,0.0
unsw->bot,48,martingala,19,1.0,0.8186409320466024,0,0,False,0.0
unsw->bot,48,stat_13x13_adaptive,19,1.0,0.9876493824691235,19,608,False,0.0
unsw->bot,49,statico,0,0.0,0.8196696160841774,0,0,False,0.0
unsw->bot,49,ogni_batch,0,0.0,0.8196696160841774,0,0,False,0.0
unsw->bot,49,su_innesco,0,0.0,0.8196696160841774,0,0,False,0.0
unsw->bot,49,oracolo,0,0.0,0.8196696160841774,0,0,False,0.0
unsw->bot,49,stat_13x13,0,0.0,0.8196696160841774,0,0,False,0.0
unsw->bot,49,martingala,0,0.0,0.8196696160841774,0,0,False,0.0
unsw->bot,49,stat_13x13_adaptive,0,0.0,0.8196696160841774,0,0,False,0.0
unsw->bot,49,statico,1,0.053,0.8176368378907704,0,0,False,0.0
unsw->bot,49,ogni_batch,1,0.053,0.7663303128779421,1,32,False,0.0
unsw->bot,49,su_innesco,1,0.053,0.8176368378907704,0,0,False,0.0
unsw->bot,49,oracolo,1,0.053,0.7923641210381994,1,32,False,0.0
unsw->bot,49,stat_13x13,1,0.053,0.772370881933885,1,32,False,0.0
unsw->bot,49,martingala,1,0.053,0.8176368378907704,0,0,False,0.0
unsw->bot,49,stat_13x13_adaptive,1,0.053,0.775690767002186,1,32,False,0.0
unsw->bot,49,statico,2,0.105,0.803905033787272,0,0,False,0.0
unsw->bot,49,ogni_batch,2,0.105,0.7864801107614399,2,64,False,0.0
unsw->bot,49,su_innesco,2,0.105,0.803905033787272,0,0,False,0.0
unsw->bot,49,oracolo,2,0.105,0.8083535816701575,2,64,False,0.0
unsw->bot,49,stat_13x13,2,0.105,0.8024843397617907,2,64,False,0.0
unsw->bot,49,martingala,2,0.105,0.803905033787272,0,0,False,0.0
unsw->bot,49,stat_13x13_adaptive,2,0.105,0.7919690834664679,2,64,False,0.0
unsw->bot,49,statico,3,0.158,0.8034466127995079,0,0,False,0.0
unsw->bot,49,ogni_batch,3,0.158,0.7717614341772085,3,96,False,0.0
unsw->bot,49,su_innesco,3,0.158,0.8034466127995079,0,0,False,0.0
unsw->bot,49,oracolo,3,0.158,0.8210633537331331,3,96,False,0.0
unsw->bot,49,stat_13x13,3,0.158,0.7554136513425104,3,96,False,0.0
unsw->bot,49,martingala,3,0.158,0.8034466127995079,0,0,False,0.0
unsw->bot,49,stat_13x13_adaptive,3,0.158,0.761250698023771,3,96,False,0.0
unsw->bot,49,statico,4,0.211,0.7919339054066474,0,0,False,0.0
unsw->bot,49,ogni_batch,4,0.211,0.8001919572546046,4,128,False,0.0
unsw->bot,49,su_innesco,4,0.211,0.7919339054066474,0,0,False,0.0
unsw->bot,49,oracolo,4,0.211,0.8117077513262403,4,128,False,0.0
unsw->bot,49,stat_13x13,4,0.211,0.7754651761850331,4,128,False,0.0
unsw->bot,49,martingala,4,0.211,0.7919339054066474,0,0,False,0.0
unsw->bot,49,stat_13x13_adaptive,4,0.211,0.7707429160218611,4,128,False,0.0
unsw->bot,49,statico,5,0.263,0.7918735693427528,0,0,False,0.0
unsw->bot,49,ogni_batch,5,0.263,0.8378007060217219,5,160,False,0.0
unsw->bot,49,su_innesco,5,0.263,0.7918735693427528,0,0,False,0.0
unsw->bot,49,oracolo,5,0.263,0.8193431886814944,5,160,False,0.0
unsw->bot,49,stat_13x13,5,0.263,0.8156872355778158,5,160,False,0.0
unsw->bot,49,martingala,5,0.263,0.7918735693427528,0,0,False,0.0
unsw->bot,49,stat_13x13_adaptive,5,0.263,0.8142881484492122,5,160,False,0.0
unsw->bot,49,statico,6,0.316,0.7788421732933095,0,0,False,0.0
unsw->bot,49,ogni_batch,6,0.316,0.8461186892331227,6,192,False,0.0
unsw->bot,49,su_innesco,6,0.316,0.7788421732933095,0,0,False,0.0
unsw->bot,49,oracolo,6,0.316,0.85916438163477,6,192,False,0.0
unsw->bot,49,stat_13x13,6,0.316,0.8143488152532683,6,192,False,0.0
unsw->bot,49,martingala,6,0.316,0.7788421732933095,0,0,False,0.0
unsw->bot,49,stat_13x13_adaptive,6,0.316,0.8060589128766349,6,192,False,0.0
unsw->bot,49,statico,7,0.368,0.7790524570465077,0,0,False,0.0
unsw->bot,49,ogni_batch,7,0.368,0.842651670466811,7,224,False,0.0
unsw->bot,49,su_innesco,7,0.368,0.7790524570465077,0,0,False,0.0
unsw->bot,49,oracolo,7,0.368,0.8383712047598062,7,224,False,0.0
unsw->bot,49,stat_13x13,7,0.368,0.7946447959920111,7,224,False,0.0
unsw->bot,49,martingala,7,0.368,0.7790524570465077,0,0,False,0.0
unsw->bot,49,stat_13x13_adaptive,7,0.368,0.796708244716522,7,224,False,0.0
unsw->bot,49,statico,8,0.421,0.7748909873498439,0,0,False,0.0
unsw->bot,49,ogni_batch,8,0.421,0.8563754348784216,8,256,False,0.0
unsw->bot,49,su_innesco,8,0.421,0.7748909873498439,0,0,False,0.0
unsw->bot,49,oracolo,8,0.421,0.8675021333658417,8,256,False,0.0
unsw->bot,49,stat_13x13,8,0.421,0.8222473954181866,8,256,False,0.0
unsw->bot,49,martingala,8,0.421,0.7748909873498439,0,0,False,0.0
unsw->bot,49,stat_13x13_adaptive,8,0.421,0.8134727444931029,8,256,False,0.0
unsw->bot,49,statico,9,0.474,0.7636758026310919,0,0,False,0.0
unsw->bot,49,ogni_batch,9,0.474,0.8624371064979499,9,288,False,0.0
unsw->bot,49,su_innesco,9,0.474,0.7636758026310919,0,0,False,0.0
unsw->bot,49,oracolo,9,0.474,0.8791795777833523,9,288,False,0.0
unsw->bot,49,stat_13x13,9,0.474,0.8086702303747599,9,288,False,0.0
unsw->bot,49,martingala,9,0.474,0.7636758026310919,0,0,False,0.0
unsw->bot,49,stat_13x13_adaptive,9,0.474,0.8041710446232867,9,288,False,0.0
unsw->bot,49,statico,10,0.526,0.7727839133004365,0,0,False,0.0
unsw->bot,49,ogni_batch,10,0.526,0.8734696202621779,10,320,False,0.0
unsw->bot,49,su_innesco,10,0.526,0.7727839133004365,0,0,False,0.0
unsw->bot,49,oracolo,10,0.526,0.8843588675510364,10,320,False,0.0
unsw->bot,49,stat_13x13,10,0.526,0.8217152998810872,10,320,False,0.0
unsw->bot,49,martingala,10,0.526,0.7727839133004365,0,0,False,0.0
unsw->bot,49,stat_13x13_adaptive,10,0.526,0.8032741973383462,10,320,False,0.0
unsw->bot,49,statico,11,0.579,0.7610359449772215,0,0,False,0.0
unsw->bot,49,ogni_batch,11,0.579,0.8870274110635519,11,352,False,0.0
unsw->bot,49,su_innesco,11,0.579,0.7610359449772215,0,0,False,0.0
unsw->bot,49,oracolo,11,0.579,0.889909238661521,11,352,False,0.0
unsw->bot,49,stat_13x13,11,0.579,0.8259670035227783,11,352,False,0.0
unsw->bot,49,martingala,11,0.579,0.7610359449772215,0,0,False,0.0
unsw->bot,49,stat_13x13_adaptive,11,0.579,0.813376951575579,11,352,False,0.0
unsw->bot,49,statico,12,0.632,0.7523534975034596,0,0,False,0.0
unsw->bot,49,ogni_batch,12,0.632,0.8894971926353017,12,384,False,0.0
unsw->bot,49,su_innesco,12,0.632,0.7523534975034596,0,0,False,0.0
unsw->bot,49,oracolo,12,0.632,0.8864845884725534,12,384,False,0.0
unsw->bot,49,stat_13x13,12,0.632,0.8159865283782894,12,384,False,0.0
unsw->bot,49,martingala,12,0.632,0.7523534975034596,0,0,False,0.0
unsw->bot,49,stat_13x13_adaptive,12,0.632,0.7971882652919321,12,384,False,0.0
unsw->bot,49,statico,13,0.684,0.7511472506040617,0,0,False,0.0
unsw->bot,49,ogni_batch,13,0.684,0.898963738119164,13,416,False,0.0
unsw->bot,49,su_innesco,13,0.684,0.7511472506040617,0,0,False,0.0
unsw->bot,49,oracolo,13,0.684,0.8905043052581056,13,416,False,0.0
unsw->bot,49,stat_13x13,13,0.684,0.818408604846264,13,416,False,0.0
unsw->bot,49,martingala,13,0.684,0.7511472506040617,0,0,False,0.0
unsw->bot,49,stat_13x13_adaptive,13,0.684,0.8035851995016373,13,416,False,0.0
unsw->bot,49,statico,14,0.737,0.7494270824634024,0,0,False,0.0
unsw->bot,49,ogni_batch,14,0.737,0.9112073519683811,14,448,False,0.0
unsw->bot,49,su_innesco,14,0.737,0.7494270824634024,0,0,False,0.0
unsw->bot,49,oracolo,14,0.737,0.89679474847203,14,448,False,0.0
unsw->bot,49,stat_13x13,14,0.737,0.8343649036635135,14,448,False,0.0
unsw->bot,49,martingala,14,0.737,0.7494270824634024,0,0,False,0.0
unsw->bot,49,stat_13x13_adaptive,14,0.737,0.8253780147999525,14,448,False,0.0
unsw->bot,49,statico,15,0.789,0.7350094329529344,0,0,False,0.0
unsw->bot,49,ogni_batch,15,0.789,0.9203807518466798,15,480,False,0.0
unsw->bot,49,su_innesco,15,0.789,0.7350094329529344,0,0,False,0.0
unsw->bot,49,oracolo,15,0.789,0.9084612859624328,15,480,False,0.0
unsw->bot,49,stat_13x13,15,0.789,0.8052205148801472,15,480,False,0.0
unsw->bot,49,martingala,15,0.789,0.7350094329529344,0,0,False,0.0
unsw->bot,49,stat_13x13_adaptive,15,0.789,0.8017781032258571,15,480,False,0.0
unsw->bot,49,statico,16,0.842,0.7361395196359724,0,0,False,0.0
unsw->bot,49,ogni_batch,16,0.842,0.9225986001524253,16,512,False,0.0
unsw->bot,49,su_innesco,16,0.842,0.7361395196359724,0,0,False,0.0
unsw->bot,49,oracolo,16,0.842,0.913673731283063,16,512,False,0.0
unsw->bot,49,stat_13x13,16,0.842,0.822415353492334,16,512,False,0.0
unsw->bot,49,martingala,16,0.842,0.7361395196359724,0,0,False,0.0
unsw->bot,49,stat_13x13_adaptive,16,0.842,0.802139839056756,16,512,False,0.0
unsw->bot,49,statico,17,0.895,0.7317574340126962,0,0,False,0.0
unsw->bot,49,ogni_batch,17,0.895,0.9311865985171073,17,544,False,0.0
unsw->bot,49,su_innesco,17,0.895,0.7317574340126962,0,0,False,0.0
unsw->bot,49,oracolo,17,0.895,0.9248562248082405,17,544,False,0.0
unsw->bot,49,stat_13x13,17,0.895,0.8332801359199835,17,544,False,0.0
unsw->bot,49,martingala,17,0.895,0.7317574340126962,0,0,False,0.0
unsw->bot,49,stat_13x13_adaptive,17,0.895,0.8347381478769611,17,544,False,0.0
unsw->bot,49,statico,18,0.947,0.735452825107908,0,0,False,0.0
unsw->bot,49,ogni_batch,18,0.947,0.9320792204833626,18,576,False,0.0
unsw->bot,49,su_innesco,18,0.947,0.735452825107908,0,0,False,0.0
unsw->bot,49,oracolo,18,0.947,0.9054052402525061,18,576,False,0.0
unsw->bot,49,stat_13x13,18,0.947,0.8407200880923338,18,576,False,0.0
unsw->bot,49,martingala,18,0.947,0.735452825107908,0,0,False,0.0
unsw->bot,49,stat_13x13_adaptive,18,0.947,0.8230470373679738,18,576,False,0.0
unsw->bot,49,statico,19,1.0,0.5624374874974996,0,0,False,0.0
unsw->bot,49,ogni_batch,19,1.0,0.7330716143228646,19,608,False,0.0
unsw->bot,49,su_innesco,19,1.0,0.5624374874974996,0,0,False,0.0
unsw->bot,49,oracolo,19,1.0,0.8466943388677736,19,608,False,0.0
unsw->bot,49,stat_13x13,19,1.0,0.8640728145629126,19,608,False,0.0
unsw->bot,49,martingala,19,1.0,0.5624374874974996,0,0,False,0.0
unsw->bot,49,stat_13x13_adaptive,19,1.0,0.7383226645329066,19,608,False,0.0
unsw->bot,50,statico,0,0.0,0.8205371918545672,0,0,False,0.0
unsw->bot,50,ogni_batch,0,0.0,0.8205371918545672,0,0,False,0.0
unsw->bot,50,su_innesco,0,0.0,0.8205371918545672,0,0,False,0.0
unsw->bot,50,oracolo,0,0.0,0.8205371918545672,0,0,False,0.0
unsw->bot,50,stat_13x13,0,0.0,0.8205371918545672,0,0,False,0.0
unsw->bot,50,martingala,0,0.0,0.8205371918545672,0,0,False,0.0
unsw->bot,50,stat_13x13_adaptive,0,0.0,0.8205371918545672,0,0,False,0.0
unsw->bot,50,statico,1,0.053,0.8183022780568425,0,0,False,0.0
unsw->bot,50,ogni_batch,1,0.053,0.7697121353062855,1,32,False,0.0
unsw->bot,50,su_innesco,1,0.053,0.8183022780568425,0,0,False,0.0
unsw->bot,50,oracolo,1,0.053,0.8073481933366232,1,32,False,0.0
unsw->bot,50,stat_13x13,1,0.053,0.8160379531739512,1,32,False,0.0
unsw->bot,50,martingala,1,0.053,0.8183022780568425,0,0,False,0.0
unsw->bot,50,stat_13x13_adaptive,1,0.053,0.8137428501436866,1,32,False,0.0
unsw->bot,50,statico,2,0.105,0.8185248614375289,0,0,False,0.0
unsw->bot,50,ogni_batch,2,0.105,0.7835116038598784,2,64,False,0.0
unsw->bot,50,su_innesco,2,0.105,0.8185248614375289,0,0,False,0.0
unsw->bot,50,oracolo,2,0.105,0.8217064284859987,2,64,False,0.0
unsw->bot,50,stat_13x13,2,0.105,0.7886510512532402,2,64,False,0.0
unsw->bot,50,martingala,2,0.105,0.8185248614375289,0,0,False,0.0
unsw->bot,50,stat_13x13_adaptive,2,0.105,0.7926589860748994,2,64,False,0.0
unsw->bot,50,statico,3,0.158,0.8098701445256579,0,0,False,0.0
unsw->bot,50,ogni_batch,3,0.158,0.8083709110057835,3,96,False,0.0
unsw->bot,50,su_innesco,3,0.158,0.8098701445256579,0,0,False,0.0
unsw->bot,50,oracolo,3,0.158,0.843427711025774,3,96,False,0.0
unsw->bot,50,stat_13x13,3,0.158,0.8080954287950048,3,96,False,0.0
unsw->bot,50,martingala,3,0.158,0.8098701445256579,0,0,False,0.0
unsw->bot,50,stat_13x13_adaptive,3,0.158,0.8136445271457913,3,96,False,0.0
unsw->bot,50,statico,4,0.211,0.7980908000808058,0,0,False,0.0
unsw->bot,50,ogni_batch,4,0.211,0.8033102089913222,4,128,False,0.0
unsw->bot,50,su_innesco,4,0.211,0.7980908000808058,0,0,False,0.0
unsw->bot,50,oracolo,4,0.211,0.8415323392282965,4,128,False,0.0
unsw->bot,50,stat_13x13,4,0.211,0.7824109857316468,4,128,False,0.0
unsw->bot,50,martingala,4,0.211,0.7980908000808058,0,0,False,0.0
unsw->bot,50,stat_13x13_adaptive,4,0.211,0.7897381702981061,4,128,False,0.0
unsw->bot,50,statico,5,0.263,0.7899539450802179,0,0,False,0.0
unsw->bot,50,ogni_batch,5,0.263,0.8092581416211678,5,160,False,0.0
unsw->bot,50,su_innesco,5,0.263,0.7899539450802179,0,0,False,0.0
unsw->bot,50,oracolo,5,0.263,0.8403337388837632,5,160,False,0.0
unsw->bot,50,stat_13x13,5,0.263,0.8106207782625492,5,160,False,0.0
unsw->bot,50,martingala,5,0.263,0.7899539450802179,0,0,False,0.0
unsw->bot,50,stat_13x13_adaptive,5,0.263,0.8125336834630231,5,160,False,0.0
unsw->bot,50,statico,6,0.316,0.792433903852699,0,0,False,0.0
unsw->bot,50,ogni_batch,6,0.316,0.8334027347391749,6,192,False,0.0
unsw->bot,50,su_innesco,6,0.316,0.792433903852699,0,0,False,0.0
unsw->bot,50,oracolo,6,0.316,0.8578984320112512,6,192,False,0.0
unsw->bot,50,stat_13x13,6,0.316,0.8311032790585147,6,192,False,0.0
unsw->bot,50,martingala,6,0.316,0.792433903852699,0,0,False,0.0
unsw->bot,50,stat_13x13_adaptive,6,0.316,0.8261934547069705,6,192,False,0.0
unsw->bot,50,statico,7,0.368,0.791409804787815,0,0,False,0.0
unsw->bot,50,ogni_batch,7,0.368,0.8476508962818183,7,224,False,0.0
unsw->bot,50,su_innesco,7,0.368,0.791409804787815,0,0,False,0.0
unsw->bot,50,oracolo,7,0.368,0.8718016163018969,7,224,False,0.0
unsw->bot,50,stat_13x13,7,0.368,0.8331392201028068,7,224,False,0.0
unsw->bot,50,martingala,7,0.368,0.791409804787815,0,0,False,0.0
unsw->bot,50,stat_13x13_adaptive,7,0.368,0.8257338657917584,7,224,False,0.0
unsw->bot,50,statico,8,0.421,0.7879067764626444,0,0,False,0.0
unsw->bot,50,ogni_batch,8,0.421,0.8548022784981162,8,256,False,0.0
unsw->bot,50,su_innesco,8,0.421,0.7879067764626444,0,0,False,0.0
unsw->bot,50,oracolo,8,0.421,0.8774117951747671,8,256,False,0.0
unsw->bot,50,stat_13x13,8,0.421,0.8469876387671404,8,256,False,0.0
unsw->bot,50,martingala,8,0.421,0.7879067764626444,0,0,False,0.0
unsw->bot,50,stat_13x13_adaptive,8,0.421,0.8411300810424813,8,256,False,0.0
unsw->bot,50,statico,9,0.474,0.7887194257022793,0,0,False,0.0
unsw->bot,50,ogni_batch,9,0.474,0.8663358481848116,9,288,False,0.0
unsw->bot,50,su_innesco,9,0.474,0.7887194257022793,0,0,False,0.0
unsw->bot,50,oracolo,9,0.474,0.8740976077707816,9,288,False,0.0
unsw->bot,50,stat_13x13,9,0.474,0.8347184833500387,9,288,False,0.0
unsw->bot,50,martingala,9,0.474,0.7887194257022793,0,0,False,0.0
unsw->bot,50,stat_13x13_adaptive,9,0.474,0.8301997426914247,9,288,False,0.0
unsw->bot,50,statico,10,0.526,0.7794452620298571,0,0,False,0.0
unsw->bot,50,ogni_batch,10,0.526,0.872900950432596,10,320,False,0.0
unsw->bot,50,su_innesco,10,0.526,0.7794452620298571,0,0,False,0.0
unsw->bot,50,oracolo,10,0.526,0.8786377327785453,10,320,False,0.0
unsw->bot,50,stat_13x13,10,0.526,0.8088209526945359,10,320,False,0.0
unsw->bot,50,martingala,10,0.526,0.7794452620298571,0,0,False,0.0
unsw->bot,50,stat_13x13_adaptive,10,0.526,0.7965323793072614,10,320,False,0.0
unsw->bot,50,statico,11,0.579,0.7780831545599245,0,0,False,0.0
unsw->bot,50,ogni_batch,11,0.579,0.883243123573138,11,352,False,0.0
unsw->bot,50,su_innesco,11,0.579,0.7780831545599245,0,0,False,0.0
unsw->bot,50,oracolo,11,0.579,0.8822307844196673,11,352,False,0.0
unsw->bot,50,stat_13x13,11,0.579,0.814845092099745,11,352,False,0.0
unsw->bot,50,martingala,11,0.579,0.7780831545599245,0,0,False,0.0
unsw->bot,50,stat_13x13_adaptive,11,0.579,0.8024658607998889,11,352,False,0.0
unsw->bot,50,statico,12,0.632,0.7738548874632603,0,0,False,0.0
unsw->bot,50,ogni_batch,12,0.632,0.8931039409410442,12,384,False,0.0
unsw->bot,50,su_innesco,12,0.632,0.7738548874632603,0,0,False,0.0
unsw->bot,50,oracolo,12,0.632,0.8922097580900812,12,384,False,0.0
unsw->bot,50,stat_13x13,12,0.632,0.8417167389255631,12,384,False,0.0
unsw->bot,50,martingala,12,0.632,0.7738548874632603,0,0,False,0.0
unsw->bot,50,stat_13x13_adaptive,12,0.632,0.8275201759532762,12,384,False,0.0
unsw->bot,50,statico,13,0.684,0.7705889891776818,0,0,False,0.0
unsw->bot,50,ogni_batch,13,0.684,0.8937980334081852,13,416,False,0.0
unsw->bot,50,su_innesco,13,0.684,0.7705889891776818,0,0,False,0.0
unsw->bot,50,oracolo,13,0.684,0.9010495789964525,13,416,False,0.0
unsw->bot,50,stat_13x13,13,0.684,0.8294585337976276,13,416,False,0.0
unsw->bot,50,martingala,13,0.684,0.7705889891776818,0,0,False,0.0
unsw->bot,50,stat_13x13_adaptive,13,0.684,0.8251694339447018,13,416,False,0.0
unsw->bot,50,statico,14,0.737,0.7830167081983914,0,0,False,0.0
unsw->bot,50,ogni_batch,14,0.737,0.8916557410735734,14,448,False,0.0
unsw->bot,50,su_innesco,14,0.737,0.7830167081983914,0,0,False,0.0
unsw->bot,50,oracolo,14,0.737,0.9112177622648827,14,448,False,0.0
unsw->bot,50,stat_13x13,14,0.737,0.8478923011469702,14,448,False,0.0
unsw->bot,50,martingala,14,0.737,0.7830167081983914,0,0,False,0.0
unsw->bot,50,stat_13x13_adaptive,14,0.737,0.8439964227726984,14,448,False,0.0
unsw->bot,50,statico,15,0.789,0.7743653901317086,0,0,False,0.0
unsw->bot,50,ogni_batch,15,0.789,0.895208933095099,15,480,False,0.0
unsw->bot,50,su_innesco,15,0.789,0.7743653901317086,0,0,False,0.0
unsw->bot,50,oracolo,15,0.789,0.9228780961531151,15,480,False,0.0
unsw->bot,50,stat_13x13,15,0.789,0.8264234441906197,15,480,False,0.0
unsw->bot,50,martingala,15,0.789,0.7743653901317086,0,0,False,0.0
unsw->bot,50,stat_13x13_adaptive,15,0.789,0.8221818829034633,15,480,False,0.0
unsw->bot,50,statico,16,0.842,0.7601339118344934,0,0,False,0.0
unsw->bot,50,ogni_batch,16,0.842,0.8988020227098547,16,512,False,0.0
unsw->bot,50,su_innesco,16,0.842,0.7601339118344934,0,0,False,0.0
unsw->bot,50,oracolo,16,0.842,0.9355261347397832,16,512,False,0.0
unsw->bot,50,stat_13x13,16,0.842,0.8141628393455471,16,512,False,0.0
unsw->bot,50,martingala,16,0.842,0.7601339118344934,0,0,False,0.0
unsw->bot,50,stat_13x13_adaptive,16,0.842,0.813151570729135,16,512,False,0.0
unsw->bot,50,statico,17,0.895,0.7748769495344838,0,0,False,0.0
unsw->bot,50,ogni_batch,17,0.895,0.9114296092035818,17,544,False,0.0
unsw->bot,50,su_innesco,17,0.895,0.7748769495344838,0,0,False,0.0
unsw->bot,50,oracolo,17,0.895,0.9407658551494168,17,544,False,0.0
unsw->bot,50,stat_13x13,17,0.895,0.8315924942637272,17,544,False,0.0
unsw->bot,50,martingala,17,0.895,0.7748769495344838,0,0,False,0.0
unsw->bot,50,stat_13x13_adaptive,17,0.895,0.8057912407227475,17,544,False,0.0
unsw->bot,50,statico,18,0.947,0.764757897083405,0,0,False,0.0
unsw->bot,50,ogni_batch,18,0.947,0.9286440641088233,18,576,False,0.0
unsw->bot,50,su_innesco,18,0.947,0.764757897083405,0,0,False,0.0
unsw->bot,50,oracolo,18,0.947,0.9391006640753085,18,576,False,0.0
unsw->bot,50,stat_13x13,18,0.947,0.8176745492765866,18,576,False,0.0
unsw->bot,50,martingala,18,0.947,0.764757897083405,0,0,False,0.0
unsw->bot,50,stat_13x13_adaptive,18,0.947,0.8009356933193827,18,576,False,0.0
unsw->bot,50,statico,19,1.0,0.6753096297778,0,0,False,0.0
unsw->bot,50,ogni_batch,19,1.0,0.6373372672567552,19,608,False,0.0
unsw->bot,50,su_innesco,19,1.0,0.6753096297778,0,0,False,0.0
unsw->bot,50,oracolo,19,1.0,0.6373372672567552,19,608,False,0.0
unsw->bot,50,stat_13x13,19,1.0,0.658465436482139,19,608,False,0.0
unsw->bot,50,martingala,19,1.0,0.6753096297778,0,0,False,0.0
unsw->bot,50,stat_13x13_adaptive,19,1.0,0.6587904852394526,19,608,False,0.0
unsw->bot,51,statico,0,0.0,0.8161710071347499,0,0,False,0.0
unsw->bot,51,ogni_batch,0,0.0,0.8161710071347499,0,0,False,0.0
unsw->bot,51,su_innesco,0,0.0,0.8161710071347499,0,0,False,0.0
unsw->bot,51,oracolo,0,0.0,0.8161710071347499,0,0,False,0.0
unsw->bot,51,stat_13x13,0,0.0,0.8161710071347499,0,0,False,0.0
unsw->bot,51,martingala,0,0.0,0.8161710071347499,0,0,False,0.0
unsw->bot,51,stat_13x13_adaptive,0,0.0,0.8161710071347499,0,0,False,0.0
unsw->bot,51,statico,1,0.053,0.8157645021645021,0,0,False,0.0
unsw->bot,51,ogni_batch,1,0.053,0.8116155844155843,1,32,False,0.0
unsw->bot,51,su_innesco,1,0.053,0.8157645021645021,0,0,False,0.0
unsw->bot,51,oracolo,1,0.053,0.7915601731601731,1,32,False,0.0
unsw->bot,51,stat_13x13,1,0.053,0.8093887445887447,1,32,False,0.0
unsw->bot,51,martingala,1,0.053,0.8157645021645021,0,0,False,0.0
unsw->bot,51,stat_13x13_adaptive,1,0.053,0.8006441558441559,1,32,False,0.0
unsw->bot,51,statico,2,0.105,0.8008584650725239,0,0,False,0.0
unsw->bot,51,ogni_batch,2,0.105,0.8027971154712867,2,64,False,0.0
unsw->bot,51,su_innesco,2,0.105,0.8008584650725239,0,0,False,0.0
unsw->bot,51,oracolo,2,0.105,0.8080155944977445,2,64,False,0.0
unsw->bot,51,stat_13x13,2,0.105,0.8051360086290189,2,64,False,0.0
unsw->bot,51,martingala,2,0.105,0.8008584650725239,0,0,False,0.0
unsw->bot,51,stat_13x13_adaptive,2,0.105,0.8154044746065723,2,64,False,0.0
unsw->bot,51,statico,3,0.158,0.7975553307722769,0,0,False,0.0
unsw->bot,51,ogni_batch,3,0.158,0.834956017132376,3,96,False,0.0
unsw->bot,51,su_innesco,3,0.158,0.7975553307722769,0,0,False,0.0
unsw->bot,51,oracolo,3,0.158,0.814116156995289,3,96,False,0.0
unsw->bot,51,stat_13x13,3,0.158,0.828756521374586,3,96,False,0.0
unsw->bot,51,martingala,3,0.158,0.7975553307722769,0,0,False,0.0
unsw->bot,51,stat_13x13_adaptive,3,0.158,0.8324804110909114,3,96,False,0.0
unsw->bot,51,statico,4,0.211,0.7953226694517723,0,0,False,0.0
unsw->bot,51,ogni_batch,4,0.211,0.8441667690626709,4,128,False,0.0
unsw->bot,51,su_innesco,4,0.211,0.7953226694517723,0,0,False,0.0
unsw->bot,51,oracolo,4,0.211,0.8418305777777165,4,128,False,0.0
unsw->bot,51,stat_13x13,4,0.211,0.8307522240928801,4,128,False,0.0
unsw->bot,51,martingala,4,0.211,0.7953226694517723,0,0,False,0.0
unsw->bot,51,stat_13x13_adaptive,4,0.211,0.8278338149513191,4,128,False,0.0
unsw->bot,51,statico,5,0.263,0.7844491275548279,0,0,False,0.0
unsw->bot,51,ogni_batch,5,0.263,0.8435790242339165,5,160,False,0.0
unsw->bot,51,su_innesco,5,0.263,0.7844491275548279,0,0,False,0.0
unsw->bot,51,oracolo,5,0.263,0.8270884074129453,5,160,False,0.0
unsw->bot,51,stat_13x13,5,0.263,0.8246851081643864,5,160,False,0.0
unsw->bot,51,martingala,5,0.263,0.7844491275548279,0,0,False,0.0
unsw->bot,51,stat_13x13_adaptive,5,0.263,0.8239972171282952,5,160,False,0.0
unsw->bot,51,statico,6,0.316,0.7826313457376433,0,0,False,0.0
unsw->bot,51,ogni_batch,6,0.316,0.8388897286548562,6,192,False,0.0
unsw->bot,51,su_innesco,6,0.316,0.7826313457376433,0,0,False,0.0
unsw->bot,51,oracolo,6,0.316,0.8498641574353154,6,192,False,0.0
unsw->bot,51,stat_13x13,6,0.316,0.8196804678966694,6,192,False,0.0
unsw->bot,51,martingala,6,0.316,0.7826313457376433,0,0,False,0.0
unsw->bot,51,stat_13x13_adaptive,6,0.316,0.8221076265345969,6,192,False,0.0
unsw->bot,51,statico,7,0.368,0.7762643888601978,0,0,False,0.0
unsw->bot,51,ogni_batch,7,0.368,0.848344679126174,7,224,False,0.0
unsw->bot,51,su_innesco,7,0.368,0.7762643888601978,0,0,False,0.0
unsw->bot,51,oracolo,7,0.368,0.8545792219709072,7,224,False,0.0
unsw->bot,51,stat_13x13,7,0.368,0.8298720356050417,7,224,False,0.0
unsw->bot,51,martingala,7,0.368,0.7762643888601978,0,0,False,0.0
unsw->bot,51,stat_13x13_adaptive,7,0.368,0.829474117986318,7,224,False,0.0
unsw->bot,51,statico,8,0.421,0.7761289468349574,0,0,False,0.0
unsw->bot,51,ogni_batch,8,0.421,0.854759970967367,8,256,False,0.0
unsw->bot,51,su_innesco,8,0.421,0.7761289468349574,0,0,False,0.0
unsw->bot,51,oracolo,8,0.421,0.860252667989275,8,256,False,0.0
unsw->bot,51,stat_13x13,8,0.421,0.8286781091386349,8,256,False,0.0
unsw->bot,51,martingala,8,0.421,0.7761289468349574,0,0,False,0.0
unsw->bot,51,stat_13x13_adaptive,8,0.421,0.828688438241989,8,256,False,0.0
unsw->bot,51,statico,9,0.474,0.765933418040604,0,0,False,0.0
unsw->bot,51,ogni_batch,9,0.474,0.8612861422311846,9,288,False,0.0
unsw->bot,51,su_innesco,9,0.474,0.765933418040604,0,0,False,0.0
unsw->bot,51,oracolo,9,0.474,0.8731291377918902,9,288,False,0.0
unsw->bot,51,stat_13x13,9,0.474,0.8315078306667916,9,288,False,0.0
unsw->bot,51,martingala,9,0.474,0.765933418040604,0,0,False,0.0
unsw->bot,51,stat_13x13_adaptive,9,0.474,0.8311225020385407,9,288,False,0.0
unsw->bot,51,statico,10,0.526,0.7663998179449363,0,0,False,0.0
unsw->bot,51,ogni_batch,10,0.526,0.8782766142825467,10,320,False,0.0
unsw->bot,51,su_innesco,10,0.526,0.7663998179449363,0,0,False,0.0
unsw->bot,51,oracolo,10,0.526,0.8915261733170716,10,320,False,0.0
unsw->bot,51,stat_13x13,10,0.526,0.8105966854003714,10,320,False,0.0
unsw->bot,51,martingala,10,0.526,0.7663998179449363,0,0,False,0.0
unsw->bot,51,stat_13x13_adaptive,10,0.526,0.8127685505043918,10,320,False,0.0
unsw->bot,51,statico,11,0.579,0.7605695943265546,0,0,False,0.0
unsw->bot,51,ogni_batch,11,0.579,0.8806528762681807,11,352,False,0.0
unsw->bot,51,su_innesco,11,0.579,0.7605695943265546,0,0,False,0.0
unsw->bot,51,oracolo,11,0.579,0.8962689371597632,11,352,False,0.0
unsw->bot,51,stat_13x13,11,0.579,0.7921227089626639,11,352,False,0.0
unsw->bot,51,martingala,11,0.579,0.7605695943265546,0,0,False,0.0
unsw->bot,51,stat_13x13_adaptive,11,0.579,0.796675192961551,11,352,False,0.0
unsw->bot,51,statico,12,0.632,0.754194489692886,0,0,False,0.0
unsw->bot,51,ogni_batch,12,0.632,0.8796202834286138,12,384,False,0.0
unsw->bot,51,su_innesco,12,0.632,0.754194489692886,0,0,False,0.0
unsw->bot,51,oracolo,12,0.632,0.9059549309182919,12,384,False,0.0
unsw->bot,51,stat_13x13,12,0.632,0.8049645482771373,12,384,False,0.0
unsw->bot,51,martingala,12,0.632,0.754194489692886,0,0,False,0.0
unsw->bot,51,stat_13x13_adaptive,12,0.632,0.8076363212554032,12,384,False,0.0
unsw->bot,51,statico,13,0.684,0.7484423889222788,0,0,False,0.0
unsw->bot,51,ogni_batch,13,0.684,0.8736534035572923,13,416,False,0.0
unsw->bot,51,su_innesco,13,0.684,0.7484423889222788,0,0,False,0.0
unsw->bot,51,oracolo,13,0.684,0.9084704202810439,13,416,False,0.0
unsw->bot,51,stat_13x13,13,0.684,0.8235690544799088,13,416,False,0.0
unsw->bot,51,martingala,13,0.684,0.7484423889222788,0,0,False,0.0
unsw->bot,51,stat_13x13_adaptive,13,0.684,0.8223569229746872,13,416,False,0.0
unsw->bot,51,statico,14,0.737,0.7450363998545974,0,0,False,0.0
unsw->bot,51,ogni_batch,14,0.737,0.8959977511683145,14,448,False,0.0
unsw->bot,51,su_innesco,14,0.737,0.7450363998545974,0,0,False,0.0
unsw->bot,51,oracolo,14,0.737,0.9051436760147689,14,448,False,0.0
unsw->bot,51,stat_13x13,14,0.737,0.8125414772218673,14,448,False,0.0
unsw->bot,51,martingala,14,0.737,0.7450363998545974,0,0,False,0.0
unsw->bot,51,stat_13x13_adaptive,14,0.737,0.7751903203194705,14,448,False,0.0
unsw->bot,51,statico,15,0.789,0.7465279901392412,0,0,False,0.0
unsw->bot,51,ogni_batch,15,0.789,0.9040654176130205,15,480,False,0.0
unsw->bot,51,su_innesco,15,0.789,0.7465279901392412,0,0,False,0.0
unsw->bot,51,oracolo,15,0.789,0.9138518165813183,15,480,False,0.0
unsw->bot,51,stat_13x13,15,0.789,0.787459183459633,15,480,False,0.0
unsw->bot,51,martingala,15,0.789,0.7465279901392412,0,0,False,0.0
unsw->bot,51,stat_13x13_adaptive,15,0.789,0.807830816287401,15,480,False,0.0
unsw->bot,51,statico,16,0.842,0.7449713495356649,0,0,False,0.0
unsw->bot,51,ogni_batch,16,0.842,0.9052036661114293,16,512,False,0.0
unsw->bot,51,su_innesco,16,0.842,0.7449713495356649,0,0,False,0.0
unsw->bot,51,oracolo,16,0.842,0.9244318752559555,16,512,False,0.0
unsw->bot,51,stat_13x13,16,0.842,0.7954025691038602,16,512,False,0.0
unsw->bot,51,martingala,16,0.842,0.7449713495356649,0,0,False,0.0
unsw->bot,51,stat_13x13_adaptive,16,0.842,0.7829005683731106,16,512,False,0.0
unsw->bot,51,statico,17,0.895,0.7399769443123967,0,0,False,0.0
unsw->bot,51,ogni_batch,17,0.895,0.9166070014768004,17,544,False,0.0
unsw->bot,51,su_innesco,17,0.895,0.7399769443123967,0,0,False,0.0
unsw->bot,51,oracolo,17,0.895,0.9289892340883312,17,544,False,0.0
unsw->bot,51,stat_13x13,17,0.895,0.7445243090046956,17,544,False,0.0
unsw->bot,51,martingala,17,0.895,0.7399769443123967,0,0,False,0.0
unsw->bot,51,stat_13x13_adaptive,17,0.895,0.7715343296932694,17,544,False,0.0
unsw->bot,51,statico,18,0.947,0.7396782923211699,0,0,False,0.0
unsw->bot,51,ogni_batch,18,0.947,0.883164665932293,18,576,False,0.0
unsw->bot,51,su_innesco,18,0.947,0.7396782923211699,0,0,False,0.0
unsw->bot,51,oracolo,18,0.947,0.9298676826465205,18,576,False,0.0
unsw->bot,51,stat_13x13,18,0.947,0.808719349298731,18,576,False,0.0
unsw->bot,51,martingala,18,0.947,0.7396782923211699,0,0,False,0.0
unsw->bot,51,stat_13x13_adaptive,18,0.947,0.7371390654951384,18,576,False,0.0
unsw->bot,51,statico,19,1.0,0.7101025256314079,0,0,False,0.0
unsw->bot,51,ogni_batch,19,1.0,0.8879219804951238,19,608,False,0.0
unsw->bot,51,su_innesco,19,1.0,0.7101025256314079,0,0,False,0.0
unsw->bot,51,oracolo,19,1.0,0.972518129532383,19,608,False,0.0
unsw->bot,51,stat_13x13,19,1.0,0.6999499874968742,19,608,False,0.0
unsw->bot,51,martingala,19,1.0,0.7101025256314079,0,0,False,0.0
unsw->bot,51,stat_13x13_adaptive,19,1.0,0.79152288072018,19,608,False,0.0
