exp,seed,politica,batch,frazione_target,bal_acc,adattamenti,etichette
ton->bot,42,statico,0,0.0,0.9162341577357187,0,0
ton->bot,42,ogni_batch_int,0,0.0,0.9162341577357187,0,0
ton->bot,42,martingala_int,0,0.0,0.9162341577357187,0,0
ton->bot,42,statico,1,0.053,0.8979090456269083,0,0
ton->bot,42,ogni_batch_int,1,0.053,0.9450900862945397,1,32
ton->bot,42,martingala_int,1,0.053,0.8979090456269083,0,0
ton->bot,42,statico,2,0.105,0.8795505305652791,0,0
ton->bot,42,ogni_batch_int,2,0.105,0.923535803696061,2,64
ton->bot,42,martingala_int,2,0.105,0.8795505305652791,0,0
ton->bot,42,statico,3,0.158,0.8646399996800702,0,0
ton->bot,42,ogni_batch_int,3,0.158,0.9467717942998273,3,96
ton->bot,42,martingala_int,3,0.158,0.8646399996800702,0,0
ton->bot,42,statico,4,0.211,0.8438268404694689,0,0
ton->bot,42,ogni_batch_int,4,0.211,0.958489159340631,4,128
ton->bot,42,martingala_int,4,0.211,0.8438268404694689,0,0
ton->bot,42,statico,5,0.263,0.8351371586553203,0,0
ton->bot,42,ogni_batch_int,5,0.263,0.9600188805957515,5,160
ton->bot,42,martingala_int,5,0.263,0.8351371586553203,0,0
ton->bot,42,statico,6,0.316,0.8232522925968495,0,0
ton->bot,42,ogni_batch_int,6,0.316,0.9592729141374867,6,192
ton->bot,42,martingala_int,6,0.316,0.8232522925968495,0,0
ton->bot,42,statico,7,0.368,0.8025442308629509,0,0
ton->bot,42,ogni_batch_int,7,0.368,0.9624129745774261,7,224
ton->bot,42,martingala_int,7,0.368,0.8025442308629509,0,0
ton->bot,42,statico,8,0.421,0.7932513599163998,0,0
ton->bot,42,ogni_batch_int,8,0.421,0.9672873603992311,8,256
ton->bot,42,martingala_int,8,0.421,0.7932513599163998,0,0
ton->bot,42,statico,9,0.474,0.782318690906501,0,0
ton->bot,42,ogni_batch_int,9,0.474,0.9778459509555191,9,288
ton->bot,42,martingala_int,9,0.474,0.782318690906501,0,0
ton->bot,42,statico,10,0.526,0.7597913075824032,0,0
ton->bot,42,ogni_batch_int,10,0.526,0.977008460090498,10,320
ton->bot,42,martingala_int,10,0.526,0.7597913075824032,0,0
ton->bot,42,statico,11,0.579,0.7504008197018156,0,0
ton->bot,42,ogni_batch_int,11,0.579,0.9736825241707452,11,352
ton->bot,42,martingala_int,11,0.579,0.7504008197018156,0,0
ton->bot,42,statico,12,0.632,0.730971665459923,0,0
ton->bot,42,ogni_batch_int,12,0.632,0.9449914890516296,12,384
ton->bot,42,martingala_int,12,0.632,0.730971665459923,0,0
ton->bot,42,statico,13,0.684,0.7257108647326629,0,0
ton->bot,42,ogni_batch_int,13,0.684,0.9792237271584001,13,416
ton->bot,42,martingala_int,13,0.684,0.7257108647326629,0,0
ton->bot,42,statico,14,0.737,0.708517336335802,0,0
ton->bot,42,ogni_batch_int,14,0.737,0.9783343933145502,14,448
ton->bot,42,martingala_int,14,0.737,0.708517336335802,0,0
ton->bot,42,statico,15,0.789,0.7050571537216832,0,0
ton->bot,42,ogni_batch_int,15,0.789,0.9777536116834085,15,480
ton->bot,42,martingala_int,15,0.789,0.7050571537216832,0,0
ton->bot,42,statico,16,0.842,0.6898771243106927,0,0
ton->bot,42,ogni_batch_int,16,0.842,0.971047286387047,16,512
ton->bot,42,martingala_int,16,0.842,0.6898771243106927,0,0
ton->bot,42,statico,17,0.895,0.677234793461402,0,0
ton->bot,42,ogni_batch_int,17,0.895,0.9798803207672728,17,544
ton->bot,42,martingala_int,17,0.895,0.677234793461402,0,0
ton->bot,42,statico,18,0.947,0.6740710240406842,0,0
ton->bot,42,ogni_batch_int,18,0.947,0.9732467926490984,18,576
ton->bot,42,martingala_int,18,0.947,0.6740710240406842,0,0
ton->bot,42,statico,19,1.0,0.47114711471147114,0,0
ton->bot,42,ogni_batch_int,19,1.0,0.7468246824682468,19,608
ton->bot,42,martingala_int,19,1.0,0.47114711471147114,0,0
ton->bot,43,statico,0,0.0,0.9279439028662634,0,0
ton->bot,43,ogni_batch_int,0,0.0,0.9279439028662634,0,0
ton->bot,43,martingala_int,0,0.0,0.9279439028662634,0,0
ton->bot,43,statico,1,0.053,0.906116843734202,0,0
ton->bot,43,ogni_batch_int,1,0.053,0.9477822776526639,1,32
ton->bot,43,martingala_int,1,0.053,0.906116843734202,0,0
ton->bot,43,statico,2,0.105,0.8906671964128615,0,0
ton->bot,43,ogni_batch_int,2,0.105,0.9417924340891677,2,64
ton->bot,43,martingala_int,2,0.105,0.8906671964128615,0,0
ton->bot,43,statico,3,0.158,0.8700382200944842,0,0
ton->bot,43,ogni_batch_int,3,0.158,0.9203411617140049,3,96
ton->bot,43,martingala_int,3,0.158,0.8700382200944842,0,0
ton->bot,43,statico,4,0.211,0.8609729643330136,0,0
ton->bot,43,ogni_batch_int,4,0.211,0.8931688293895446,4,128
ton->bot,43,martingala_int,4,0.211,0.8609729643330136,0,0
ton->bot,43,statico,5,0.263,0.8406139804610794,0,0
ton->bot,43,ogni_batch_int,5,0.263,0.8924775217747594,5,160
ton->bot,43,martingala_int,5,0.263,0.8406139804610794,0,0
ton->bot,43,statico,6,0.316,0.827925030553966,0,0
ton->bot,43,ogni_batch_int,6,0.316,0.8749887091383934,6,192
ton->bot,43,martingala_int,6,0.316,0.827925030553966,0,0
ton->bot,43,statico,7,0.368,0.8156523601065855,0,0
ton->bot,43,ogni_batch_int,7,0.368,0.9416666666666667,7,224
ton->bot,43,martingala_int,7,0.368,0.8156523601065855,0,0
ton->bot,43,statico,8,0.421,0.793986422949595,0,0
ton->bot,43,ogni_batch_int,8,0.421,0.9733459571562907,8,256
ton->bot,43,martingala_int,8,0.421,0.793986422949595,0,0
ton->bot,43,statico,9,0.474,0.7853433691137733,0,0
ton->bot,43,ogni_batch_int,9,0.474,0.971918805172276,9,288
ton->bot,43,martingala_int,9,0.474,0.7853433691137733,0,0
ton->bot,43,statico,10,0.526,0.767448147155992,0,0
ton->bot,43,ogni_batch_int,10,0.526,0.9741541462288394,10,320
ton->bot,43,martingala_int,10,0.526,0.767448147155992,0,0
ton->bot,43,statico,11,0.579,0.7508330449288718,0,0
ton->bot,43,ogni_batch_int,11,0.579,0.9733868482759986,11,352
ton->bot,43,martingala_int,11,0.579,0.7508330449288718,0,0
ton->bot,43,statico,12,0.632,0.7434615902895858,0,0
ton->bot,43,ogni_batch_int,12,0.632,0.9719500046271338,12,384
ton->bot,43,martingala_int,12,0.632,0.7317426331436183,1,32
ton->bot,43,statico,13,0.684,0.7365704143046454,0,0
ton->bot,43,ogni_batch_int,13,0.684,0.9098603263270264,13,416
ton->bot,43,martingala_int,13,0.684,0.7955578664507105,2,64
ton->bot,43,statico,14,0.737,0.7170567159627992,0,0
ton->bot,43,ogni_batch_int,14,0.737,0.9045713269299182,14,448
ton->bot,43,martingala_int,14,0.737,0.9206666836069184,3,96
ton->bot,43,statico,15,0.789,0.7040823519166765,0,0
ton->bot,43,ogni_batch_int,15,0.789,0.9079905388257581,15,480
ton->bot,43,martingala_int,15,0.789,0.8521055395693573,4,128
ton->bot,43,statico,16,0.842,0.7028741238828624,0,0
ton->bot,43,ogni_batch_int,16,0.842,0.9055614420418336,16,512
ton->bot,43,martingala_int,16,0.842,0.8745348213041033,5,160
ton->bot,43,statico,17,0.895,0.6920829612659876,0,0
ton->bot,43,ogni_batch_int,17,0.895,0.9097262058081514,17,544
ton->bot,43,martingala_int,17,0.895,0.8804268536009617,6,192
ton->bot,43,statico,18,0.947,0.6712483571016201,0,0
ton->bot,43,ogni_batch_int,18,0.947,0.8851414428025697,18,576
ton->bot,43,martingala_int,18,0.947,0.9191003058554741,7,224
ton->bot,43,statico,19,1.0,0.4713942788557711,0,0
ton->bot,43,ogni_batch_int,19,1.0,0.9985747149429887,19,608
ton->bot,43,martingala_int,19,1.0,0.7301460292058412,8,256
ton->bot,44,statico,0,0.0,0.9283128516298583,0,0
ton->bot,44,ogni_batch_int,0,0.0,0.9283128516298583,0,0
ton->bot,44,martingala_int,0,0.0,0.9283128516298583,0,0
ton->bot,44,statico,1,0.053,0.9095081749497865,0,0
ton->bot,44,ogni_batch_int,1,0.053,0.9287287503471269,1,32
ton->bot,44,martingala_int,1,0.053,0.9095081749497865,0,0
ton->bot,44,statico,2,0.105,0.8923639798326701,0,0
ton->bot,44,ogni_batch_int,2,0.105,0.91468884112101,2,64
ton->bot,44,martingala_int,2,0.105,0.8923639798326701,0,0
ton->bot,44,statico,3,0.158,0.8801880596706693,0,0
ton->bot,44,ogni_batch_int,3,0.158,0.9105690585412909,3,96
ton->bot,44,martingala_int,3,0.158,0.8801880596706693,0,0
ton->bot,44,statico,4,0.211,0.8582595187018631,0,0
ton->bot,44,ogni_batch_int,4,0.211,0.8944871439890084,4,128
ton->bot,44,martingala_int,4,0.211,0.8582595187018631,0,0
ton->bot,44,statico,5,0.263,0.8477270606355102,0,0
ton->bot,44,ogni_batch_int,5,0.263,0.8820029385937974,5,160
ton->bot,44,martingala_int,5,0.263,0.8477270606355102,0,0
ton->bot,44,statico,6,0.316,0.8302524441155563,0,0
ton->bot,44,ogni_batch_int,6,0.316,0.8658132863947633,6,192
ton->bot,44,martingala_int,6,0.316,0.8302524441155563,0,0
ton->bot,44,statico,7,0.368,0.8127544687189673,0,0
ton->bot,44,ogni_batch_int,7,0.368,0.8480542452830189,7,224
ton->bot,44,martingala_int,7,0.368,0.8127544687189673,0,0
ton->bot,44,statico,8,0.421,0.8039914224819885,0,0
ton->bot,44,ogni_batch_int,8,0.421,0.9251820761254723,8,256
ton->bot,44,martingala_int,8,0.421,0.8039914224819885,0,0
ton->bot,44,statico,9,0.474,0.7845269026017355,0,0
ton->bot,44,ogni_batch_int,9,0.474,0.9326492508381954,9,288
ton->bot,44,martingala_int,9,0.474,0.7845269026017355,0,0
ton->bot,44,statico,10,0.526,0.7792471436021429,0,0
ton->bot,44,ogni_batch_int,10,0.526,0.9550365840168145,10,320
ton->bot,44,martingala_int,10,0.526,0.8091101313231878,1,32
ton->bot,44,statico,11,0.579,0.7637356109433477,0,0
ton->bot,44,ogni_batch_int,11,0.579,0.9497353939842124,11,352
ton->bot,44,martingala_int,11,0.579,0.7995954797755298,2,64
ton->bot,44,statico,12,0.632,0.7443148459184563,0,0
ton->bot,44,ogni_batch_int,12,0.632,0.9455712217601542,12,384
ton->bot,44,martingala_int,12,0.632,0.8660211860126256,3,96
ton->bot,44,statico,13,0.684,0.7370413982273298,0,0
ton->bot,44,ogni_batch_int,13,0.684,0.9447495641331247,13,416
ton->bot,44,martingala_int,13,0.684,0.8853399240151785,4,128
ton->bot,44,statico,14,0.737,0.7296004138548505,0,0
ton->bot,44,ogni_batch_int,14,0.737,0.9494844874677371,14,448
ton->bot,44,martingala_int,14,0.737,0.9065578065081714,5,160
ton->bot,44,statico,15,0.789,0.7168339663591969,0,0
ton->bot,44,ogni_batch_int,15,0.789,0.9156996305763843,15,480
ton->bot,44,martingala_int,15,0.789,0.9022546808280472,6,192
ton->bot,44,statico,16,0.842,0.7002557344137573,0,0
ton->bot,44,ogni_batch_int,16,0.842,0.9501299741845409,16,512
ton->bot,44,martingala_int,16,0.842,0.9640053118615226,7,224
ton->bot,44,statico,17,0.895,0.6891704682892434,0,0
ton->bot,44,ogni_batch_int,17,0.895,0.8767566631885351,17,544
ton->bot,44,martingala_int,17,0.895,0.9745830080974212,8,256
ton->bot,44,statico,18,0.947,0.6840245128884869,0,0
ton->bot,44,ogni_batch_int,18,0.947,0.9008085760018375,18,576
ton->bot,44,martingala_int,18,0.947,0.9739217590964302,9,288
ton->bot,44,statico,19,1.0,0.5904930986197239,0,0
ton->bot,44,ogni_batch_int,19,1.0,0.9978245649129827,19,608
ton->bot,44,martingala_int,19,1.0,0.8728495699139828,10,320
ton->bot,45,statico,0,0.0,0.9446367558239861,0,0
ton->bot,45,ogni_batch_int,0,0.0,0.9446367558239861,0,0
ton->bot,45,martingala_int,0,0.0,0.9446367558239861,0,0
ton->bot,45,statico,1,0.053,0.9275097250953523,0,0
ton->bot,45,ogni_batch_int,1,0.053,0.661027053486072,1,32
ton->bot,45,martingala_int,1,0.053,0.9275097250953523,0,0
ton->bot,45,statico,2,0.105,0.9090124157779368,0,0
ton->bot,45,ogni_batch_int,2,0.105,0.7408655595857563,2,64
ton->bot,45,martingala_int,2,0.105,0.9090124157779368,0,0
ton->bot,45,statico,3,0.158,0.8876569333642566,0,0
ton->bot,45,ogni_batch_int,3,0.158,0.8500828371485707,3,96
ton->bot,45,martingala_int,3,0.158,0.8390691678932118,1,32
ton->bot,45,statico,4,0.211,0.8793160933138338,0,0
ton->bot,45,ogni_batch_int,4,0.211,0.8683826846876141,4,128
ton->bot,45,martingala_int,4,0.211,0.8658264135816612,2,64
ton->bot,45,statico,5,0.263,0.8614090637352734,0,0
ton->bot,45,ogni_batch_int,5,0.263,0.8302903516800335,5,160
ton->bot,45,martingala_int,5,0.263,0.8266173729130639,3,96
ton->bot,45,statico,6,0.316,0.8401309734209379,0,0
ton->bot,45,ogni_batch_int,6,0.316,0.8391362033241876,6,192
ton->bot,45,martingala_int,6,0.316,0.8586079421194455,4,128
ton->bot,45,statico,7,0.368,0.8306717109287469,0,0
ton->bot,45,ogni_batch_int,7,0.368,0.8384711460324364,7,224
ton->bot,45,martingala_int,7,0.368,0.8499726263100267,5,160
ton->bot,45,statico,8,0.421,0.8171918771704771,0,0
ton->bot,45,ogni_batch_int,8,0.421,0.8427438127665017,8,256
ton->bot,45,martingala_int,8,0.421,0.8388680083495516,6,192
ton->bot,45,statico,9,0.474,0.7984256917995047,0,0
ton->bot,45,ogni_batch_int,9,0.474,0.8157048599295882,9,288
ton->bot,45,martingala_int,9,0.474,0.8344654526051736,7,224
ton->bot,45,statico,10,0.526,0.7805507800514624,0,0
ton->bot,45,ogni_batch_int,10,0.526,0.8654999072186158,10,320
ton->bot,45,martingala_int,10,0.526,0.8197080907099289,8,256
ton->bot,45,statico,11,0.579,0.7701173555929623,0,0
ton->bot,45,ogni_batch_int,11,0.579,0.9552647115661534,11,352
ton->bot,45,martingala_int,11,0.579,0.7262932651850822,9,288
ton->bot,45,statico,12,0.632,0.7677456973783581,0,0
ton->bot,45,ogni_batch_int,12,0.632,0.9464948879419319,12,384
ton->bot,45,martingala_int,12,0.632,0.7455664068517802,10,320
ton->bot,45,statico,13,0.684,0.7475494233615988,0,0
ton->bot,45,ogni_batch_int,13,0.684,0.872361014331927,13,416
ton->bot,45,martingala_int,13,0.684,0.8040166542018388,11,352
ton->bot,45,statico,14,0.737,0.7322179165286796,0,0
ton->bot,45,ogni_batch_int,14,0.737,0.8783422896296458,14,448
ton->bot,45,martingala_int,14,0.737,0.7994255057856241,12,384
ton->bot,45,statico,15,0.789,0.7160716463875221,0,0
ton->bot,45,ogni_batch_int,15,0.789,0.8737716704365504,15,480
ton->bot,45,martingala_int,15,0.789,0.7918099923206172,13,416
ton->bot,45,statico,16,0.842,0.7158822446804812,0,0
ton->bot,45,ogni_batch_int,16,0.842,0.822812556355349,16,512
ton->bot,45,martingala_int,16,0.842,0.8097054649410339,14,448
ton->bot,45,statico,17,0.895,0.6845876198538748,0,0
ton->bot,45,ogni_batch_int,17,0.895,0.8280902055689493,17,544
ton->bot,45,martingala_int,17,0.895,0.7990438528688248,15,480
ton->bot,45,statico,18,0.947,0.6822193880091211,0,0
ton->bot,45,ogni_batch_int,18,0.947,0.8342931302878727,18,576
ton->bot,45,martingala_int,18,0.947,0.8317630833878232,16,512
ton->bot,45,statico,19,1.0,0.5252063015753938,0,0
ton->bot,45,ogni_batch_int,19,1.0,0.8974243560890223,19,608
ton->bot,45,martingala_int,19,1.0,0.897949487371843,17,544
ton->bot,46,statico,0,0.0,0.9458445266049462,0,0
ton->bot,46,ogni_batch_int,0,0.0,0.9458445266049462,0,0
ton->bot,46,martingala_int,0,0.0,0.9458445266049462,0,0
ton->bot,46,statico,1,0.053,0.9223757284727379,0,0
ton->bot,46,ogni_batch_int,1,0.053,0.9528980239650825,1,32
ton->bot,46,martingala_int,1,0.053,0.9223757284727379,0,0
ton->bot,46,statico,2,0.105,0.9092176976765027,0,0
ton->bot,46,ogni_batch_int,2,0.105,0.9323014097899447,2,64
ton->bot,46,martingala_int,2,0.105,0.9092176976765027,0,0
ton->bot,46,statico,3,0.158,0.8945538493447609,0,0
ton->bot,46,ogni_batch_int,3,0.158,0.9191628609943853,3,96
ton->bot,46,martingala_int,3,0.158,0.8945538493447609,0,0
ton->bot,46,statico,4,0.211,0.8799025374193207,0,0
ton->bot,46,ogni_batch_int,4,0.211,0.907969926457542,4,128
ton->bot,46,martingala_int,4,0.211,0.8799025374193207,0,0
ton->bot,46,statico,5,0.263,0.8579965583907367,0,0
ton->bot,46,ogni_batch_int,5,0.263,0.9060308500878543,5,160
ton->bot,46,martingala_int,5,0.263,0.8579965583907367,0,0
ton->bot,46,statico,6,0.316,0.844259128109927,0,0
ton->bot,46,ogni_batch_int,6,0.316,0.900701222110008,6,192
ton->bot,46,martingala_int,6,0.316,0.844259128109927,0,0
ton->bot,46,statico,7,0.368,0.8346109849189453,0,0
ton->bot,46,ogni_batch_int,7,0.368,0.8918220108036381,7,224
ton->bot,46,martingala_int,7,0.368,0.8346109849189453,0,0
ton->bot,46,statico,8,0.421,0.8194900176422248,0,0
ton->bot,46,ogni_batch_int,8,0.421,0.9007762969959259,8,256
ton->bot,46,martingala_int,8,0.421,0.8194900176422248,0,0
ton->bot,46,statico,9,0.474,0.8026748857725821,0,0
ton->bot,46,ogni_batch_int,9,0.474,0.9058111155770552,9,288
ton->bot,46,martingala_int,9,0.474,0.8026748857725821,0,0
ton->bot,46,statico,10,0.526,0.7890202184822221,0,0
ton->bot,46,ogni_batch_int,10,0.526,0.9376816744094729,10,320
ton->bot,46,martingala_int,10,0.526,0.7890202184822221,0,0
ton->bot,46,statico,11,0.579,0.7768979001736975,0,0
ton->bot,46,ogni_batch_int,11,0.579,0.9370067825715083,11,352
ton->bot,46,martingala_int,11,0.579,0.7768979001736975,0,0
ton->bot,46,statico,12,0.632,0.7686621120074288,0,0
ton->bot,46,ogni_batch_int,12,0.632,0.9422352179248583,12,384
ton->bot,46,martingala_int,12,0.632,0.7686621120074288,0,0
ton->bot,46,statico,13,0.684,0.7507186026676305,0,0
ton->bot,46,ogni_batch_int,13,0.684,0.9366874611825287,13,416
ton->bot,46,martingala_int,13,0.684,0.7507186026676305,0,0
ton->bot,46,statico,14,0.737,0.740095112298746,0,0
ton->bot,46,ogni_batch_int,14,0.737,0.9493071126993722,14,448
ton->bot,46,martingala_int,14,0.737,0.740095112298746,0,0
ton->bot,46,statico,15,0.789,0.7308162657572682,0,0
ton->bot,46,ogni_batch_int,15,0.789,0.890129784368892,15,480
ton->bot,46,martingala_int,15,0.789,0.7308162657572682,0,0
ton->bot,46,statico,16,0.842,0.7175694232611983,0,0
ton->bot,46,ogni_batch_int,16,0.842,0.8770838026582564,16,512
ton->bot,46,martingala_int,16,0.842,0.7175694232611983,0,0
ton->bot,46,statico,17,0.895,0.7096030750593267,0,0
ton->bot,46,ogni_batch_int,17,0.895,0.8893279705682213,17,544
ton->bot,46,martingala_int,17,0.895,0.7096030750593267,0,0
ton->bot,46,statico,18,0.947,0.7119843070848519,0,0
ton->bot,46,ogni_batch_int,18,0.947,0.9706122756376848,18,576
ton->bot,46,martingala_int,18,0.947,0.7119843070848519,0,0
ton->bot,46,statico,19,1.0,0.3874247803837242,0,0
ton->bot,46,ogni_batch_int,19,1.0,0.6652164491340368,19,608
ton->bot,46,martingala_int,19,1.0,0.3874247803837242,0,0
ton->bot,47,statico,0,0.0,0.8260586002889051,0,0
ton->bot,47,ogni_batch_int,0,0.0,0.8260586002889051,0,0
ton->bot,47,martingala_int,0,0.0,0.8260586002889051,0,0
ton->bot,47,statico,1,0.053,0.8093835909267819,0,0
ton->bot,47,ogni_batch_int,1,0.053,0.8778633026989139,1,32
ton->bot,47,martingala_int,1,0.053,0.8093835909267819,0,0
ton->bot,47,statico,2,0.105,0.7920040236387873,0,0
ton->bot,47,ogni_batch_int,2,0.105,0.8523188293392926,2,64
ton->bot,47,martingala_int,2,0.105,0.7920040236387873,0,0
ton->bot,47,statico,3,0.158,0.7746323743894743,0,0
ton->bot,47,ogni_batch_int,3,0.158,0.8543120197832588,3,96
ton->bot,47,martingala_int,3,0.158,0.7746323743894743,0,0
ton->bot,47,statico,4,0.211,0.7516033598478349,0,0
ton->bot,47,ogni_batch_int,4,0.211,0.8500751648874421,4,128
ton->bot,47,martingala_int,4,0.211,0.7516033598478349,0,0
ton->bot,47,statico,5,0.263,0.7356598626580968,0,0
ton->bot,47,ogni_batch_int,5,0.263,0.8915737022461627,5,160
ton->bot,47,martingala_int,5,0.263,0.6044460925366113,1,32
ton->bot,47,statico,6,0.316,0.722932128115167,0,0
ton->bot,47,ogni_batch_int,6,0.316,0.809703187191891,6,192
ton->bot,47,martingala_int,6,0.316,0.7518959507125522,2,64
ton->bot,47,statico,7,0.368,0.710744173740204,0,0
ton->bot,47,ogni_batch_int,7,0.368,0.7951679044353797,7,224
ton->bot,47,martingala_int,7,0.368,0.7474693959042131,3,96
ton->bot,47,statico,8,0.421,0.6898007069243075,0,0
ton->bot,47,ogni_batch_int,8,0.421,0.7709980647848705,8,256
ton->bot,47,martingala_int,8,0.421,0.8889317599577051,4,128
ton->bot,47,statico,9,0.474,0.6892662629494211,0,0
ton->bot,47,ogni_batch_int,9,0.474,0.7289015258050907,9,288
ton->bot,47,martingala_int,9,0.474,0.9064327421131579,5,160
ton->bot,47,statico,10,0.526,0.6656301371223672,0,0
ton->bot,47,ogni_batch_int,10,0.526,0.8221240599014334,10,320
ton->bot,47,martingala_int,10,0.526,0.8975503634578741,6,192
ton->bot,47,statico,11,0.579,0.648171764774796,0,0
ton->bot,47,ogni_batch_int,11,0.579,0.8270822208416271,11,352
ton->bot,47,martingala_int,11,0.579,0.8533075626427151,7,224
ton->bot,47,statico,12,0.632,0.6472022698029124,0,0
ton->bot,47,ogni_batch_int,12,0.632,0.8516527272156666,12,384
ton->bot,47,martingala_int,12,0.632,0.8584639012678885,8,256
ton->bot,47,statico,13,0.684,0.6365155319324209,0,0
ton->bot,47,ogni_batch_int,13,0.684,0.9060044985834477,13,416
ton->bot,47,martingala_int,13,0.684,0.9059570413934148,9,288
ton->bot,47,statico,14,0.737,0.6168873981722522,0,0
ton->bot,47,ogni_batch_int,14,0.737,0.908373034373175,14,448
ton->bot,47,martingala_int,14,0.737,0.8958740513335697,10,320
ton->bot,47,statico,15,0.789,0.609591555362964,0,0
ton->bot,47,ogni_batch_int,15,0.789,0.9104985842608553,15,480
ton->bot,47,martingala_int,15,0.789,0.9008140366733085,11,352
ton->bot,47,statico,16,0.842,0.5996185459435858,0,0
ton->bot,47,ogni_batch_int,16,0.842,0.902694202726721,16,512
ton->bot,47,martingala_int,16,0.842,0.8155523450805131,12,384
ton->bot,47,statico,17,0.895,0.5946625508137877,0,0
ton->bot,47,ogni_batch_int,17,0.895,0.9031510744610581,17,544
ton->bot,47,martingala_int,17,0.895,0.8030978264504329,13,416
ton->bot,47,statico,18,0.947,0.5830566455991553,0,0
ton->bot,47,ogni_batch_int,18,0.947,0.9008804190484789,18,576
ton->bot,47,martingala_int,18,0.947,0.7885065653734374,14,448
ton->bot,47,statico,19,1.0,0.3865246453634712,0,0
ton->bot,47,ogni_batch_int,19,1.0,0.6644413328665967,19,608
ton->bot,47,martingala_int,19,1.0,0.6644413328665967,15,480
ton->bot,48,statico,0,0.0,0.9141300674639234,0,0
ton->bot,48,ogni_batch_int,0,0.0,0.9141300674639234,0,0
ton->bot,48,martingala_int,0,0.0,0.9141300674639234,0,0
ton->bot,48,statico,1,0.053,0.8979533289751349,0,0
ton->bot,48,ogni_batch_int,1,0.053,0.8697783357513915,1,32
ton->bot,48,martingala_int,1,0.053,0.8979533289751349,0,0
ton->bot,48,statico,2,0.105,0.8859983044419534,0,0
ton->bot,48,ogni_batch_int,2,0.105,0.8563898407693864,2,64
ton->bot,48,martingala_int,2,0.105,0.8859983044419534,0,0
ton->bot,48,statico,3,0.158,0.8630887299937393,0,0
ton->bot,48,ogni_batch_int,3,0.158,0.8772868220537414,3,96
ton->bot,48,martingala_int,3,0.158,0.8630887299937393,0,0
ton->bot,48,statico,4,0.211,0.8501273683939541,0,0
ton->bot,48,ogni_batch_int,4,0.211,0.8408372585174217,4,128
ton->bot,48,martingala_int,4,0.211,0.8501273683939541,0,0
ton->bot,48,statico,5,0.263,0.834451519632659,0,0
ton->bot,48,ogni_batch_int,5,0.263,0.8357877841649367,5,160
ton->bot,48,martingala_int,5,0.263,0.834451519632659,0,0
ton->bot,48,statico,6,0.316,0.8152003737204262,0,0
ton->bot,48,ogni_batch_int,6,0.316,0.880343943583223,6,192
ton->bot,48,martingala_int,6,0.316,0.8152003737204262,0,0
ton->bot,48,statico,7,0.368,0.8045478809540294,0,0
ton->bot,48,ogni_batch_int,7,0.368,0.9457823912307075,7,224
ton->bot,48,martingala_int,7,0.368,0.8045478809540294,0,0
ton->bot,48,statico,8,0.421,0.7898193363309642,0,0
ton->bot,48,ogni_batch_int,8,0.421,0.9481863189290045,8,256
ton->bot,48,martingala_int,8,0.421,0.7898193363309642,0,0
ton->bot,48,statico,9,0.474,0.7789332451162856,0,0
ton->bot,48,ogni_batch_int,9,0.474,0.9437251270849607,9,288
ton->bot,48,martingala_int,9,0.474,0.7789332451162856,0,0
ton->bot,48,statico,10,0.526,0.7600966361792931,0,0
ton->bot,48,ogni_batch_int,10,0.526,0.9511687337673804,10,320
ton->bot,48,martingala_int,10,0.526,0.7600966361792931,0,0
ton->bot,48,statico,11,0.579,0.7497941225304852,0,0
ton->bot,48,ogni_batch_int,11,0.579,0.9574627399313544,11,352
ton->bot,48,martingala_int,11,0.579,0.7497941225304852,0,0
ton->bot,48,statico,12,0.632,0.7377738628334369,0,0
ton->bot,48,ogni_batch_int,12,0.632,0.9166795290721229,12,384
ton->bot,48,martingala_int,12,0.632,0.7377738628334369,0,0
ton->bot,48,statico,13,0.684,0.7236100499304994,0,0
ton->bot,48,ogni_batch_int,13,0.684,0.9088223516247258,13,416
ton->bot,48,martingala_int,13,0.684,0.7236100499304994,0,0
ton->bot,48,statico,14,0.737,0.710660389957265,0,0
ton->bot,48,ogni_batch_int,14,0.737,0.840337873931624,14,448
ton->bot,48,martingala_int,14,0.737,0.710660389957265,0,0
ton->bot,48,statico,15,0.789,0.7074182870666412,0,0
ton->bot,48,ogni_batch_int,15,0.789,0.9177627604700118,15,480
ton->bot,48,martingala_int,15,0.789,0.7074182870666412,0,0
ton->bot,48,statico,16,0.842,0.6782309770160009,0,0
ton->bot,48,ogni_batch_int,16,0.842,0.9263291429184602,16,512
ton->bot,48,martingala_int,16,0.842,0.801791897614105,1,32
ton->bot,48,statico,17,0.895,0.6777079639577654,0,0
ton->bot,48,ogni_batch_int,17,0.895,0.9144418680039166,17,544
ton->bot,48,martingala_int,17,0.895,0.8132335137209241,1,32
ton->bot,48,statico,18,0.947,0.6698193353174999,0,0
ton->bot,48,ogni_batch_int,18,0.947,0.9252432900570937,18,576
ton->bot,48,martingala_int,18,0.947,0.8000997777255197,2,64
ton->bot,48,statico,19,1.0,0.7192469246924693,0,0
ton->bot,48,ogni_batch_int,19,1.0,0.7484498449844985,19,608
ton->bot,48,martingala_int,19,1.0,0.998024802480248,3,96
ton->bot,49,statico,0,0.0,0.9193023217842231,0,0
ton->bot,49,ogni_batch_int,0,0.0,0.9193023217842231,0,0
ton->bot,49,martingala_int,0,0.0,0.9193023217842231,0,0
ton->bot,49,statico,1,0.053,0.9033899346074641,0,0
ton->bot,49,ogni_batch_int,1,0.053,0.9439481195129882,1,32
ton->bot,49,martingala_int,1,0.053,0.9033899346074641,0,0
ton->bot,49,statico,2,0.105,0.8857066834861336,0,0
ton->bot,49,ogni_batch_int,2,0.105,0.9200785997230427,2,64
ton->bot,49,martingala_int,2,0.105,0.8857066834861336,0,0
ton->bot,49,statico,3,0.158,0.862506584122934,0,0
ton->bot,49,ogni_batch_int,3,0.158,0.9608132367922927,3,96
ton->bot,49,martingala_int,3,0.158,0.862506584122934,0,0
ton->bot,49,statico,4,0.211,0.8489372987538033,0,0
ton->bot,49,ogni_batch_int,4,0.211,0.9274177765539477,4,128
ton->bot,49,martingala_int,4,0.211,0.8489372987538033,0,0
ton->bot,49,statico,5,0.263,0.8317080047167711,0,0
ton->bot,49,ogni_batch_int,5,0.263,0.9103888741627926,5,160
ton->bot,49,martingala_int,5,0.263,0.8317080047167711,0,0
ton->bot,49,statico,6,0.316,0.8137575481783248,0,0
ton->bot,49,ogni_batch_int,6,0.316,0.8477294068359771,6,192
ton->bot,49,martingala_int,6,0.316,0.8137575481783248,0,0
ton->bot,49,statico,7,0.368,0.8009654385668413,0,0
ton->bot,49,ogni_batch_int,7,0.368,0.8697406932259899,7,224
ton->bot,49,martingala_int,7,0.368,0.8009654385668413,0,0
ton->bot,49,statico,8,0.421,0.7852437421770705,0,0
ton->bot,49,ogni_batch_int,8,0.421,0.8732030431586204,8,256
ton->bot,49,martingala_int,8,0.421,0.7852437421770705,0,0
ton->bot,49,statico,9,0.474,0.771666015897073,0,0
ton->bot,49,ogni_batch_int,9,0.474,0.9032553306389625,9,288
ton->bot,49,martingala_int,9,0.474,0.771666015897073,0,0
ton->bot,49,statico,10,0.526,0.7617733112551683,0,0
ton->bot,49,ogni_batch_int,10,0.526,0.9676453194936085,10,320
ton->bot,49,martingala_int,10,0.526,0.7617733112551683,0,0
ton->bot,49,statico,11,0.579,0.7520924765138977,0,0
ton->bot,49,ogni_batch_int,11,0.579,0.9499836006417397,11,352
ton->bot,49,martingala_int,11,0.579,0.7276157826426564,1,32
ton->bot,49,statico,12,0.632,0.7296341909578865,0,0
ton->bot,49,ogni_batch_int,12,0.632,0.9719007815297617,12,384
ton->bot,49,martingala_int,12,0.632,0.7755494796014527,2,64
ton->bot,49,statico,13,0.684,0.7214039326658891,0,0
ton->bot,49,ogni_batch_int,13,0.684,0.9709929997765872,13,416
ton->bot,49,martingala_int,13,0.684,0.7936888065003317,3,96
ton->bot,49,statico,14,0.737,0.7116006548186882,0,0
ton->bot,49,ogni_batch_int,14,0.737,0.9672556394599994,14,448
ton->bot,49,martingala_int,14,0.737,0.8101622164477692,4,128
ton->bot,49,statico,15,0.789,0.6881439322297103,0,0
ton->bot,49,ogni_batch_int,15,0.789,0.8153698016730209,15,480
ton->bot,49,martingala_int,15,0.789,0.8138558869300629,5,160
ton->bot,49,statico,16,0.842,0.6764313419675123,0,0
ton->bot,49,ogni_batch_int,16,0.842,0.8552623128794019,16,512
ton->bot,49,martingala_int,16,0.842,0.7852162197519159,6,192
ton->bot,49,statico,17,0.895,0.6587954917387134,0,0
ton->bot,49,ogni_batch_int,17,0.895,0.8732412092579802,17,544
ton->bot,49,martingala_int,17,0.895,0.8104243843202359,7,224
ton->bot,49,statico,18,0.947,0.6598748876849457,0,0
ton->bot,49,ogni_batch_int,18,0.947,0.8767626883234978,18,576
ton->bot,49,martingala_int,18,0.947,0.8216039620567772,8,256
ton->bot,49,statico,19,1.0,0.720441132339702,0,0
ton->bot,49,ogni_batch_int,19,1.0,0.9979493848154446,19,608
ton->bot,49,martingala_int,19,1.0,0.9985995798739622,9,288
ton->bot,50,statico,0,0.0,0.9306516693968756,0,0
ton->bot,50,ogni_batch_int,0,0.0,0.9306516693968756,0,0
ton->bot,50,martingala_int,0,0.0,0.9306516693968756,0,0
ton->bot,50,statico,1,0.053,0.9170876694151557,0,0
ton->bot,50,ogni_batch_int,1,0.053,0.9474587935649988,1,32
ton->bot,50,martingala_int,1,0.053,0.9170876694151557,0,0
ton->bot,50,statico,2,0.105,0.8985731077552883,0,0
ton->bot,50,ogni_batch_int,2,0.105,0.9384033344539511,2,64
ton->bot,50,martingala_int,2,0.105,0.8985731077552883,0,0
ton->bot,50,statico,3,0.158,0.8865379953628256,0,0
ton->bot,50,ogni_batch_int,3,0.158,0.9430977355695571,3,96
ton->bot,50,martingala_int,3,0.158,0.8865379953628256,0,0
ton->bot,50,statico,4,0.211,0.8664338571500998,0,0
ton->bot,50,ogni_batch_int,4,0.211,0.9366705470256815,4,128
ton->bot,50,martingala_int,4,0.211,0.8664338571500998,0,0
ton->bot,50,statico,5,0.263,0.8539799765945708,0,0
ton->bot,50,ogni_batch_int,5,0.263,0.9162148055121997,5,160
ton->bot,50,martingala_int,5,0.263,0.8539799765945708,0,0
ton->bot,50,statico,6,0.316,0.839925803429048,0,0
ton->bot,50,ogni_batch_int,6,0.316,0.9315283194631104,6,192
ton->bot,50,martingala_int,6,0.316,0.839925803429048,0,0
ton->bot,50,statico,7,0.368,0.8291623242496147,0,0
ton->bot,50,ogni_batch_int,7,0.368,0.9677779246614733,7,224
ton->bot,50,martingala_int,7,0.368,0.8291623242496147,0,0
ton->bot,50,statico,8,0.421,0.8063623411922978,0,0
ton->bot,50,ogni_batch_int,8,0.421,0.9395539282532511,8,256
ton->bot,50,martingala_int,8,0.421,0.8063623411922978,0,0
ton->bot,50,statico,9,0.474,0.7932278501462697,0,0
ton->bot,50,ogni_batch_int,9,0.474,0.9721155542962527,9,288
ton->bot,50,martingala_int,9,0.474,0.7932278501462697,0,0
ton->bot,50,statico,10,0.526,0.7841031668844622,0,0
ton->bot,50,ogni_batch_int,10,0.526,0.9720979531738427,10,320
ton->bot,50,martingala_int,10,0.526,0.7841031668844622,0,0
ton->bot,50,statico,11,0.579,0.7748828355196815,0,0
ton->bot,50,ogni_batch_int,11,0.579,0.977653315154658,11,352
ton->bot,50,martingala_int,11,0.579,0.7803463851094015,1,32
ton->bot,50,statico,12,0.632,0.7618658151847466,0,0
ton->bot,50,ogni_batch_int,12,0.632,0.9743483436427811,12,384
ton->bot,50,martingala_int,12,0.632,0.6795407894789696,2,64
ton->bot,50,statico,13,0.684,0.7481653468679138,0,0
ton->bot,50,ogni_batch_int,13,0.684,0.9793227838010203,13,416
ton->bot,50,martingala_int,13,0.684,0.6690543730513039,3,96
ton->bot,50,statico,14,0.737,0.7276651455147167,0,0
ton->bot,50,ogni_batch_int,14,0.737,0.972765317822105,14,448
ton->bot,50,martingala_int,14,0.737,0.8893135270367133,4,128
ton->bot,50,statico,15,0.789,0.7179397030473786,0,0
ton->bot,50,ogni_batch_int,15,0.789,0.9750681966953674,15,480
ton->bot,50,martingala_int,15,0.789,0.8907657037662411,5,160
ton->bot,50,statico,16,0.842,0.7106191192694455,0,0
ton->bot,50,ogni_batch_int,16,0.842,0.9803488803656886,16,512
ton->bot,50,martingala_int,16,0.842,0.9125387230282556,6,192
ton->bot,50,statico,17,0.895,0.6919081291001754,0,0
ton->bot,50,ogni_batch_int,17,0.895,0.9085850668512738,17,544
ton->bot,50,martingala_int,17,0.895,0.9061611794692193,7,224
ton->bot,50,statico,18,0.947,0.6801171007604248,0,0
ton->bot,50,ogni_batch_int,18,0.947,0.9728528208072915,18,576
ton->bot,50,martingala_int,18,0.947,0.7951570637183475,8,256
ton->bot,50,statico,19,1.0,0.22114711471147114,0,0
ton->bot,50,ogni_batch_int,19,1.0,0.4977497749774977,19,608
ton->bot,50,martingala_int,19,1.0,0.4977497749774977,9,288
ton->bot,51,statico,0,0.0,0.9280024816682795,0,0
ton->bot,51,ogni_batch_int,0,0.0,0.9280024816682795,0,0
ton->bot,51,martingala_int,0,0.0,0.9280024816682795,0,0
ton->bot,51,statico,1,0.053,0.9119540796615413,0,0
ton->bot,51,ogni_batch_int,1,0.053,0.8602818271428343,1,32
ton->bot,51,martingala_int,1,0.053,0.9119540796615413,0,0
ton->bot,51,statico,2,0.105,0.8925280847617995,0,0
ton->bot,51,ogni_batch_int,2,0.105,0.7563218590691893,2,64
ton->bot,51,martingala_int,2,0.105,0.8925280847617995,0,0
ton->bot,51,statico,3,0.158,0.8763644793987257,0,0
ton->bot,51,ogni_batch_int,3,0.158,0.9028810764043316,3,96
ton->bot,51,martingala_int,3,0.158,0.8763644793987257,0,0
ton->bot,51,statico,4,0.211,0.8624003737985277,0,0
ton->bot,51,ogni_batch_int,4,0.211,0.9043028813028076,4,128
ton->bot,51,martingala_int,4,0.211,0.8624003737985277,0,0
ton->bot,51,statico,5,0.263,0.8470352433674204,0,0
ton->bot,51,ogni_batch_int,5,0.263,0.8908547842044754,5,160
ton->bot,51,martingala_int,5,0.263,0.8470352433674204,0,0
ton->bot,51,statico,6,0.316,0.8296608396769872,0,0
ton->bot,51,ogni_batch_int,6,0.316,0.9043759682627174,6,192
ton->bot,51,martingala_int,6,0.316,0.8296608396769872,0,0
ton->bot,51,statico,7,0.368,0.820469879716718,0,0
ton->bot,51,ogni_batch_int,7,0.368,0.9009733807022025,7,224
ton->bot,51,martingala_int,7,0.368,0.820469879716718,0,0
ton->bot,51,statico,8,0.421,0.8074051014629571,0,0
ton->bot,51,ogni_batch_int,8,0.421,0.9263660356672954,8,256
ton->bot,51,martingala_int,8,0.421,0.8074051014629571,0,0
ton->bot,51,statico,9,0.474,0.7871247610938554,0,0
ton->bot,51,ogni_batch_int,9,0.474,0.9425613485903847,9,288
ton->bot,51,martingala_int,9,0.474,0.7871247610938554,0,0
ton->bot,51,statico,10,0.526,0.7718219423399993,0,0
ton->bot,51,ogni_batch_int,10,0.526,0.940419309547352,10,320
ton->bot,51,martingala_int,10,0.526,0.7718219423399993,0,0
ton->bot,51,statico,11,0.579,0.7668490617668735,0,0
ton->bot,51,ogni_batch_int,11,0.579,0.9449385282928183,11,352
ton->bot,51,martingala_int,11,0.579,0.7668490617668735,0,0
ton->bot,51,statico,12,0.632,0.7501434002594491,0,0
ton->bot,51,ogni_batch_int,12,0.632,0.9771408560307906,12,384
ton->bot,51,martingala_int,12,0.632,0.7501434002594491,0,0
ton->bot,51,statico,13,0.684,0.7406219735838948,0,0
ton->bot,51,ogni_batch_int,13,0.684,0.9672327137980534,13,416
ton->bot,51,martingala_int,13,0.684,0.7406219735838948,0,0
ton->bot,51,statico,14,0.737,0.7240302967604844,0,0
ton->bot,51,ogni_batch_int,14,0.737,0.9385320054106459,14,448
ton->bot,51,martingala_int,14,0.737,0.7240302967604844,0,0
ton->bot,51,statico,15,0.789,0.7120963243042211,0,0
ton->bot,51,ogni_batch_int,15,0.789,0.9679296059835947,15,480
ton->bot,51,martingala_int,15,0.789,0.7892451290315916,1,32
ton->bot,51,statico,16,0.842,0.7108224605596918,0,0
ton->bot,51,ogni_batch_int,16,0.842,0.978190334555143,16,512
ton->bot,51,martingala_int,16,0.842,0.805861548102232,2,64
ton->bot,51,statico,17,0.895,0.6950877398379841,0,0
ton->bot,51,ogni_batch_int,17,0.895,0.9776520831363296,17,544
ton->bot,51,martingala_int,17,0.895,0.7949646969294434,3,96
ton->bot,51,statico,18,0.947,0.6744643031580123,0,0
ton->bot,51,ogni_batch_int,18,0.947,0.961430176251413,18,576
ton->bot,51,martingala_int,18,0.947,0.8118223112239914,4,128
ton->bot,51,statico,19,1.0,0.4387,0,0
ton->bot,51,ogni_batch_int,19,1.0,0.99605,19,608
ton->bot,51,martingala_int,19,1.0,0.99635,5,160
bot->ton,42,statico,0,0.0,0.97545,0,0
bot->ton,42,ogni_batch_int,0,0.0,0.97545,0,0
bot->ton,42,martingala_int,0,0.0,0.97545,0,0
bot->ton,42,statico,1,0.053,0.9576386959340557,0,0
bot->ton,42,ogni_batch_int,1,0.053,0.9576386959340557,1,32
bot->ton,42,martingala_int,1,0.053,0.9576386959340557,0,0
bot->ton,42,statico,2,0.105,0.951070131100932,0,0
bot->ton,42,ogni_batch_int,2,0.105,0.7939523771915968,2,64
bot->ton,42,martingala_int,2,0.105,0.951070131100932,0,0
bot->ton,42,statico,3,0.158,0.9333852544132918,0,0
bot->ton,42,ogni_batch_int,3,0.158,0.695305352081053,3,96
bot->ton,42,martingala_int,3,0.158,0.6029700261008673,1,32
bot->ton,42,statico,4,0.211,0.9202626042367612,0,0
bot->ton,42,ogni_batch_int,4,0.211,0.8639251751448411,4,128
bot->ton,42,martingala_int,4,0.211,0.7043880288443793,2,64
bot->ton,42,statico,5,0.263,0.9170212553146253,0,0
bot->ton,42,ogni_batch_int,5,0.263,0.8051663725333473,5,160
bot->ton,42,martingala_int,5,0.263,0.8041002167009306,3,96
bot->ton,42,statico,6,0.316,0.895534057658389,0,0
bot->ton,42,ogni_batch_int,6,0.316,0.7922714611652377,6,192
bot->ton,42,martingala_int,6,0.316,0.7870751209720037,4,128
bot->ton,42,statico,7,0.368,0.8953754998482024,0,0
bot->ton,42,ogni_batch_int,7,0.368,0.8005738289778749,7,224
bot->ton,42,martingala_int,7,0.368,0.7970737124834826,5,160
bot->ton,42,statico,8,0.421,0.8829768641322351,0,0
bot->ton,42,ogni_batch_int,8,0.421,0.7930688664053653,8,256
bot->ton,42,martingala_int,8,0.421,0.8652945375277814,6,192
bot->ton,42,statico,9,0.474,0.86845351741506,0,0
bot->ton,42,ogni_batch_int,9,0.474,0.7956046025971796,9,288
bot->ton,42,martingala_int,9,0.474,0.8601844467798608,7,224
bot->ton,42,statico,10,0.526,0.8558365983550593,0,0
bot->ton,42,ogni_batch_int,10,0.526,0.8871552938022226,10,320
bot->ton,42,martingala_int,10,0.526,0.7919133371875097,8,256
bot->ton,42,statico,11,0.579,0.8431520203218708,0,0
bot->ton,42,ogni_batch_int,11,0.579,0.8906941013720499,11,352
bot->ton,42,martingala_int,11,0.579,0.7941604958579627,9,288
bot->ton,42,statico,12,0.632,0.8278619445463418,0,0
bot->ton,42,ogni_batch_int,12,0.632,0.8608908516119622,12,384
bot->ton,42,martingala_int,12,0.632,0.7890621460292311,10,320
bot->ton,42,statico,13,0.684,0.815537652680924,0,0
bot->ton,42,ogni_batch_int,13,0.684,0.8668348011477376,13,416
bot->ton,42,martingala_int,13,0.684,0.8729461213977352,11,352
bot->ton,42,statico,14,0.737,0.805125120660059,0,0
bot->ton,42,ogni_batch_int,14,0.737,0.9244585344783776,14,448
bot->ton,42,martingala_int,14,0.737,0.8665561294300864,12,384
bot->ton,42,statico,15,0.789,0.7854466135207561,0,0
bot->ton,42,ogni_batch_int,15,0.789,0.9298046299236867,15,480
bot->ton,42,martingala_int,15,0.789,0.8713057344501247,13,416
bot->ton,42,statico,16,0.842,0.77398671774636,0,0
bot->ton,42,ogni_batch_int,16,0.842,0.8699937501387329,16,512
bot->ton,42,martingala_int,16,0.842,0.8783275271083404,14,448
bot->ton,42,statico,17,0.895,0.7593199608370589,0,0
bot->ton,42,ogni_batch_int,17,0.895,0.9270519095367451,17,544
bot->ton,42,martingala_int,17,0.895,0.8610684360624763,15,480
bot->ton,42,statico,18,0.947,0.7406364717733531,0,0
bot->ton,42,ogni_batch_int,18,0.947,0.9313251317510962,18,576
bot->ton,42,martingala_int,18,0.947,0.8619128598330195,16,512
bot->ton,42,statico,19,1.0,0.7292776727963514,0,0
bot->ton,42,ogni_batch_int,19,1.0,0.9271563495686093,19,608
bot->ton,42,martingala_int,19,1.0,0.9226071090961694,17,544
bot->ton,43,statico,0,0.0,0.9859,0,0
bot->ton,43,ogni_batch_int,0,0.0,0.9859,0,0
bot->ton,43,martingala_int,0,0.0,0.9859,0,0
bot->ton,43,statico,1,0.053,0.9531514569820654,0,0
bot->ton,43,ogni_batch_int,1,0.053,0.9531514569820654,1,32
bot->ton,43,martingala_int,1,0.053,0.9531514569820654,0,0
bot->ton,43,statico,2,0.105,0.9532463944988185,0,0
bot->ton,43,ogni_batch_int,2,0.105,0.9532463944988185,2,64
bot->ton,43,martingala_int,2,0.105,0.9532463944988185,1,32
bot->ton,43,statico,3,0.158,0.9349014709247607,0,0
bot->ton,43,ogni_batch_int,3,0.158,0.9349014709247607,3,96
bot->ton,43,martingala_int,3,0.158,0.9349014709247607,2,64
bot->ton,43,statico,4,0.211,0.9197734493714601,0,0
bot->ton,43,ogni_batch_int,4,0.211,0.8851443569553805,4,128
bot->ton,43,martingala_int,4,0.211,0.8832545931758531,3,96
bot->ton,43,statico,5,0.263,0.9147302084049798,0,0
bot->ton,43,ogni_batch_int,5,0.263,0.8957622601279318,5,160
bot->ton,43,martingala_int,5,0.263,0.8797063071738084,4,128
bot->ton,43,statico,6,0.316,0.8966811049381431,0,0
bot->ton,43,ogni_batch_int,6,0.316,0.8896713472560349,6,192
bot->ton,43,martingala_int,6,0.316,0.8929991434139981,5,160
bot->ton,43,statico,7,0.368,0.8815928401319799,0,0
bot->ton,43,ogni_batch_int,7,0.368,0.8803541256476659,7,224
bot->ton,43,martingala_int,7,0.368,0.8852264047197429,6,192
bot->ton,43,statico,8,0.421,0.870591414110157,0,0
bot->ton,43,ogni_batch_int,8,0.421,0.886790909228979,8,256
bot->ton,43,martingala_int,8,0.421,0.8935412842498135,7,224
bot->ton,43,statico,9,0.474,0.853835905451179,0,0
bot->ton,43,ogni_batch_int,9,0.474,0.8842536252451066,9,288
bot->ton,43,martingala_int,9,0.474,0.8849510245354352,8,256
bot->ton,43,statico,10,0.526,0.8432588856128915,0,0
bot->ton,43,ogni_batch_int,10,0.526,0.8737886886852829,10,320
bot->ton,43,martingala_int,10,0.526,0.8835974993336637,9,288
bot->ton,43,statico,11,0.579,0.8269065195074876,0,0
bot->ton,43,ogni_batch_int,11,0.579,0.8799697520338001,11,352
bot->ton,43,martingala_int,11,0.579,0.8817872936167628,10,320
bot->ton,43,statico,12,0.632,0.8119949269805475,0,0
bot->ton,43,ogni_batch_int,12,0.632,0.8824793583451451,12,384
bot->ton,43,martingala_int,12,0.632,0.8821170501777029,11,352
bot->ton,43,statico,13,0.684,0.8010646994869042,0,0
bot->ton,43,ogni_batch_int,13,0.684,0.8750025814235725,13,416
bot->ton,43,martingala_int,13,0.684,0.866328724570971,12,384
bot->ton,43,statico,14,0.737,0.7803491181573373,0,0
bot->ton,43,ogni_batch_int,14,0.737,0.8771593703100553,14,448
bot->ton,43,martingala_int,14,0.737,0.869410650232568,13,416
bot->ton,43,statico,15,0.789,0.7661005423048821,0,0
bot->ton,43,ogni_batch_int,15,0.789,0.8694720229566764,15,480
bot->ton,43,martingala_int,15,0.789,0.8596994889456326,14,448
bot->ton,43,statico,16,0.842,0.7468804346153733,0,0
bot->ton,43,ogni_batch_int,16,0.842,0.8704094931586487,16,512
bot->ton,43,martingala_int,16,0.842,0.8612109448166518,15,480
bot->ton,43,statico,17,0.895,0.7330556142285702,0,0
bot->ton,43,ogni_batch_int,17,0.895,0.8683336250914467,17,544
bot->ton,43,martingala_int,17,0.895,0.8562504662397903,16,512
bot->ton,43,statico,18,0.947,0.7170887438786184,0,0
bot->ton,43,ogni_batch_int,18,0.947,0.8580016275419647,18,576
bot->ton,43,martingala_int,18,0.947,0.8394110839475761,17,544
bot->ton,43,statico,19,1.0,0.6987075857960714,0,0
bot->ton,43,ogni_batch_int,19,1.0,0.9142039285768209,19,608
bot->ton,43,martingala_int,19,1.0,0.9011176171044486,18,576
bot->ton,44,statico,0,0.0,0.9753,0,0
bot->ton,44,ogni_batch_int,0,0.0,0.9753,0,0
bot->ton,44,martingala_int,0,0.0,0.9753,0,0
bot->ton,44,statico,1,0.053,0.9500883221346135,0,0
bot->ton,44,ogni_batch_int,1,0.053,0.9500883221346135,1,32
bot->ton,44,martingala_int,1,0.053,0.9500883221346135,0,0
bot->ton,44,statico,2,0.105,0.9485974092499747,0,0
bot->ton,44,ogni_batch_int,2,0.105,0.9485974092499747,2,64
bot->ton,44,martingala_int,2,0.105,0.9485974092499747,1,32
bot->ton,44,statico,3,0.158,0.9316824108800783,0,0
bot->ton,44,ogni_batch_int,3,0.158,0.7683770592402503,3,96
bot->ton,44,martingala_int,3,0.158,0.8088829073660008,2,64
bot->ton,44,statico,4,0.211,0.91787300313333,0,0
bot->ton,44,ogni_batch_int,4,0.211,0.8374344786774991,4,128
bot->ton,44,martingala_int,4,0.211,0.8171535420271059,3,96
bot->ton,44,statico,5,0.263,0.9108819817531267,0,0
bot->ton,44,ogni_batch_int,5,0.263,0.9539402922958847,5,160
bot->ton,44,martingala_int,5,0.263,0.7421142807726816,4,128
bot->ton,44,statico,6,0.316,0.8923575210586066,0,0
bot->ton,44,ogni_batch_int,6,0.316,0.9465171270423482,6,192
bot->ton,44,martingala_int,6,0.316,0.945155254148404,5,160
bot->ton,44,statico,7,0.368,0.8908018955009858,0,0
bot->ton,44,ogni_batch_int,7,0.368,0.9514481788037212,7,224
bot->ton,44,martingala_int,7,0.368,0.9549590341761942,6,192
bot->ton,44,statico,8,0.421,0.8714738934915831,0,0
bot->ton,44,ogni_batch_int,8,0.421,0.939367201130648,8,256
bot->ton,44,martingala_int,8,0.421,0.9515666745733282,7,224
bot->ton,44,statico,9,0.474,0.8634851249155712,0,0
bot->ton,44,ogni_batch_int,9,0.474,0.9541567864794069,9,288
bot->ton,44,martingala_int,9,0.474,0.888610595061924,8,256
bot->ton,44,statico,10,0.526,0.8487682735350259,0,0
bot->ton,44,ogni_batch_int,10,0.526,0.9488873864468257,10,320
bot->ton,44,martingala_int,10,0.526,0.9479115047766109,9,288
bot->ton,44,statico,11,0.579,0.8332411981940621,0,0
bot->ton,44,ogni_batch_int,11,0.579,0.910442134893875,11,352
bot->ton,44,martingala_int,11,0.579,0.8503581725653233,10,320
bot->ton,44,statico,12,0.632,0.8211172513791127,0,0
bot->ton,44,ogni_batch_int,12,0.632,0.9357257860416027,12,384
bot->ton,44,martingala_int,12,0.632,0.8411891723072118,11,352
bot->ton,44,statico,13,0.684,0.8072940210776614,0,0
bot->ton,44,ogni_batch_int,13,0.684,0.9244791920245068,13,416
bot->ton,44,martingala_int,13,0.684,0.8601272490690824,12,384
bot->ton,44,statico,14,0.737,0.7924841081227189,0,0
bot->ton,44,ogni_batch_int,14,0.737,0.9243628491572135,14,448
bot->ton,44,martingala_int,14,0.737,0.8141474460484949,13,416
bot->ton,44,statico,15,0.789,0.7726305738892548,0,0
bot->ton,44,ogni_batch_int,15,0.789,0.9197899672946629,15,480
bot->ton,44,martingala_int,15,0.789,0.9123811839828982,14,448
bot->ton,44,statico,16,0.842,0.7537533791216957,0,0
bot->ton,44,ogni_batch_int,16,0.842,0.9127625539447365,16,512
bot->ton,44,martingala_int,16,0.842,0.9228149040367968,15,480
bot->ton,44,statico,17,0.895,0.7407194410476206,0,0
bot->ton,44,ogni_batch_int,17,0.895,0.9034448662306909,17,544
bot->ton,44,martingala_int,17,0.895,0.9280786329664099,16,512
bot->ton,44,statico,18,0.947,0.7253218912079964,0,0
bot->ton,44,ogni_batch_int,18,0.947,0.9136346231768386,18,576
bot->ton,44,martingala_int,18,0.947,0.8594825653907239,17,544
bot->ton,44,statico,19,1.0,0.7065159663905156,0,0
bot->ton,44,ogni_batch_int,19,1.0,0.8523087233790354,19,608
bot->ton,44,martingala_int,19,1.0,0.8593364876083761,18,576
bot->ton,45,statico,0,0.0,0.9531,0,0
bot->ton,45,ogni_batch_int,0,0.0,0.9531,0,0
bot->ton,45,martingala_int,0,0.0,0.9531,0,0
bot->ton,45,statico,1,0.053,0.9419403125454746,0,0
bot->ton,45,ogni_batch_int,1,0.053,0.9419403125454746,1,32
bot->ton,45,martingala_int,1,0.053,0.9419403125454746,0,0
bot->ton,45,statico,2,0.105,0.9341195357401175,0,0
bot->ton,45,ogni_batch_int,2,0.105,0.7693839680601127,2,64
bot->ton,45,martingala_int,2,0.105,0.9341195357401175,0,0
bot->ton,45,statico,3,0.158,0.9204883939353281,0,0
bot->ton,45,ogni_batch_int,3,0.158,0.7706409052283196,3,96
bot->ton,45,martingala_int,3,0.158,0.9204883939353281,1,32
bot->ton,45,statico,4,0.211,0.9068759945708134,0,0
bot->ton,45,ogni_batch_int,4,0.211,0.7882788575975181,4,128
bot->ton,45,martingala_int,4,0.211,0.9068759945708134,2,64
bot->ton,45,statico,5,0.263,0.9007707122914864,0,0
bot->ton,45,ogni_batch_int,5,0.263,0.7858718226575327,5,160
bot->ton,45,martingala_int,5,0.263,0.7864173648816029,3,96
bot->ton,45,statico,6,0.316,0.8890463487198048,0,0
bot->ton,45,ogni_batch_int,6,0.316,0.7795470839630434,6,192
bot->ton,45,martingala_int,6,0.316,0.7950248005994591,4,128
bot->ton,45,statico,7,0.368,0.8729319282863077,0,0
bot->ton,45,ogni_batch_int,7,0.368,0.7854232370450667,7,224
bot->ton,45,martingala_int,7,0.368,0.7833823030017606,5,160
bot->ton,45,statico,8,0.421,0.856152736717861,0,0
bot->ton,45,ogni_batch_int,8,0.421,0.7796402238870721,8,256
bot->ton,45,martingala_int,8,0.421,0.8249893077321613,6,192
bot->ton,45,statico,9,0.474,0.844085902505886,0,0
bot->ton,45,ogni_batch_int,9,0.474,0.7820564529351198,9,288
bot->ton,45,martingala_int,9,0.474,0.8562716420406477,7,224
bot->ton,45,statico,10,0.526,0.8279523342504793,0,0
bot->ton,45,ogni_batch_int,10,0.526,0.789108749337362,10,320
bot->ton,45,martingala_int,10,0.526,0.8548036564721628,8,256
bot->ton,45,statico,11,0.579,0.816603706394774,0,0
bot->ton,45,ogni_batch_int,11,0.579,0.7782713110300086,11,352
bot->ton,45,martingala_int,11,0.579,0.8549943615572426,9,288
bot->ton,45,statico,12,0.632,0.8003570865476455,0,0
bot->ton,45,ogni_batch_int,12,0.632,0.7616764293213818,12,384
bot->ton,45,martingala_int,12,0.632,0.8444953357278393,10,320
bot->ton,45,statico,13,0.684,0.7862841283603141,0,0
bot->ton,45,ogni_batch_int,13,0.684,0.8531578438935523,13,416
bot->ton,45,martingala_int,13,0.684,0.8424203312209299,11,352
bot->ton,45,statico,14,0.737,0.7721440904386236,0,0
bot->ton,45,ogni_batch_int,14,0.737,0.9241602718461528,14,448
bot->ton,45,martingala_int,14,0.737,0.8472870198831965,12,384
bot->ton,45,statico,15,0.789,0.7495434664462015,0,0
bot->ton,45,ogni_batch_int,15,0.789,0.9285941801991111,15,480
bot->ton,45,martingala_int,15,0.789,0.9289648934319429,13,416
bot->ton,45,statico,16,0.842,0.7407187500000001,0,0
bot->ton,45,ogni_batch_int,16,0.842,0.9249375,16,512
bot->ton,45,martingala_int,16,0.842,0.855375,14,448
bot->ton,45,statico,17,0.895,0.7219834818030826,0,0
bot->ton,45,ogni_batch_int,17,0.895,0.923279381825953,17,544
bot->ton,45,martingala_int,17,0.895,0.919774431897001,15,480
bot->ton,45,statico,18,0.947,0.7029479149528857,0,0
bot->ton,45,ogni_batch_int,18,0.947,0.9144489375172379,18,576
bot->ton,45,martingala_int,18,0.947,0.9165180984712058,16,512
bot->ton,45,statico,19,1.0,0.6806433616370797,0,0
bot->ton,45,ogni_batch_int,19,1.0,0.9106390100755386,19,608
bot->ton,45,martingala_int,19,1.0,0.9130054886479019,17,544
bot->ton,46,statico,0,0.0,0.9758,0,0
bot->ton,46,ogni_batch_int,0,0.0,0.9758,0,0
bot->ton,46,martingala_int,0,0.0,0.9758,0,0
bot->ton,46,statico,1,0.053,0.9628417830321221,0,0
bot->ton,46,ogni_batch_int,1,0.053,0.9628417830321221,1,32
bot->ton,46,martingala_int,1,0.053,0.9628417830321221,0,0
bot->ton,46,statico,2,0.105,0.9483750605257911,0,0
bot->ton,46,ogni_batch_int,2,0.105,0.9483750605257911,2,64
bot->ton,46,martingala_int,2,0.105,0.9483750605257911,0,0
bot->ton,46,statico,3,0.158,0.9311308251764037,0,0
bot->ton,46,ogni_batch_int,3,0.158,0.9311308251764037,3,96
bot->ton,46,martingala_int,3,0.158,0.9311308251764037,1,32
bot->ton,46,statico,4,0.211,0.9268376559638696,0,0
bot->ton,46,ogni_batch_int,4,0.211,0.8016282579389375,4,128
bot->ton,46,martingala_int,4,0.211,0.8023978208444228,2,64
bot->ton,46,statico,5,0.263,0.9144949782367331,0,0
bot->ton,46,ogni_batch_int,5,0.263,0.9066861511863937,5,160
bot->ton,46,martingala_int,5,0.263,0.8997157466295554,3,96
bot->ton,46,statico,6,0.316,0.9124379779347382,0,0
bot->ton,46,ogni_batch_int,6,0.316,0.8919969645671589,6,192
bot->ton,46,martingala_int,6,0.316,0.7961013659447784,4,128
bot->ton,46,statico,7,0.368,0.8995048346849657,0,0
bot->ton,46,ogni_batch_int,7,0.368,0.8810420565606155,7,224
bot->ton,46,martingala_int,7,0.368,0.8914080370139321,5,160
bot->ton,46,statico,8,0.421,0.8800955332226198,0,0
bot->ton,46,ogni_batch_int,8,0.421,0.8892898157159658,8,256
bot->ton,46,martingala_int,8,0.421,0.8921908877759004,6,192
bot->ton,46,statico,9,0.474,0.8762849903474903,0,0
bot->ton,46,ogni_batch_int,9,0.474,0.8971826737451738,9,288
bot->ton,46,martingala_int,9,0.474,0.8998431467181467,7,224
bot->ton,46,statico,10,0.526,0.8655175680456431,0,0
bot->ton,46,ogni_batch_int,10,0.526,0.880321555588291,10,320
bot->ton,46,martingala_int,10,0.526,0.886919282232818,8,256
bot->ton,46,statico,11,0.579,0.849289610142684,0,0
bot->ton,46,ogni_batch_int,11,0.579,0.8807361211513451,11,352
bot->ton,46,martingala_int,11,0.579,0.885185616640677,9,288
bot->ton,46,statico,12,0.632,0.8441520287183335,0,0
bot->ton,46,ogni_batch_int,12,0.632,0.8685781549244509,12,384
bot->ton,46,martingala_int,12,0.632,0.8821767530365356,10,320
bot->ton,46,statico,13,0.684,0.8325153138123951,0,0
bot->ton,46,ogni_batch_int,13,0.684,0.864739861682378,13,416
bot->ton,46,martingala_int,13,0.684,0.8639231390249972,11,352
bot->ton,46,statico,14,0.737,0.8147134456433243,0,0
bot->ton,46,ogni_batch_int,14,0.737,0.9340870934167378,14,448
bot->ton,46,martingala_int,14,0.737,0.9307465598309597,12,384
bot->ton,46,statico,15,0.789,0.8016083812524086,0,0
bot->ton,46,ogni_batch_int,15,0.789,0.936611772189603,15,480
bot->ton,46,martingala_int,15,0.789,0.9342983620847785,13,416
bot->ton,46,statico,16,0.842,0.7917830516547524,0,0
bot->ton,46,ogni_batch_int,16,0.842,0.937992197496579,16,512
bot->ton,46,martingala_int,16,0.842,0.7727139936465905,14,448
bot->ton,46,statico,17,0.895,0.7740591440405693,0,0
bot->ton,46,ogni_batch_int,17,0.895,0.9063013837118815,17,544
bot->ton,46,martingala_int,17,0.895,0.7753785416038392,15,480
bot->ton,46,statico,18,0.947,0.7598933455353402,0,0
bot->ton,46,ogni_batch_int,18,0.947,0.929973735272083,18,576
bot->ton,46,martingala_int,18,0.947,0.7676858223195856,16,512
bot->ton,46,statico,19,1.0,0.7454432676824911,0,0
bot->ton,46,ogni_batch_int,19,1.0,0.9281121775916237,19,608
bot->ton,46,martingala_int,19,1.0,0.8408634357988134,17,544
bot->ton,47,statico,0,0.0,0.97445,0,0
bot->ton,47,ogni_batch_int,0,0.0,0.97445,0,0
bot->ton,47,martingala_int,0,0.0,0.97445,0,0
bot->ton,47,statico,1,0.053,0.9573048988686015,0,0
bot->ton,47,ogni_batch_int,1,0.053,0.9573048988686015,1,32
bot->ton,47,martingala_int,1,0.053,0.9573048988686015,0,0
bot->ton,47,statico,2,0.105,0.9403740050568064,0,0
bot->ton,47,ogni_batch_int,2,0.105,0.9403740050568064,2,64
bot->ton,47,martingala_int,2,0.105,0.9403740050568064,1,32
bot->ton,47,statico,3,0.158,0.9295072931313844,0,0
bot->ton,47,ogni_batch_int,3,0.158,0.7915479587401741,3,96
bot->ton,47,martingala_int,3,0.158,0.7788979509475615,2,64
bot->ton,47,statico,4,0.211,0.9135430853877455,0,0
bot->ton,47,ogni_batch_int,4,0.211,0.7818717469202906,4,128
bot->ton,47,martingala_int,4,0.211,0.795368044882608,3,96
bot->ton,47,statico,5,0.263,0.9033874948580831,0,0
bot->ton,47,ogni_batch_int,5,0.263,0.8001768819415878,5,160
bot->ton,47,martingala_int,5,0.263,0.8041053064582476,4,128
bot->ton,47,statico,6,0.316,0.8903119730878476,0,0
bot->ton,47,ogni_batch_int,6,0.316,0.7883137170935794,6,192
bot->ton,47,martingala_int,6,0.316,0.7928796086351233,5,160
bot->ton,47,statico,7,0.368,0.87734111204891,0,0
bot->ton,47,ogni_batch_int,7,0.368,0.8578758304158762,7,224
bot->ton,47,martingala_int,7,0.368,0.8499435941567608,6,192
bot->ton,47,statico,8,0.421,0.8678138989174623,0,0
bot->ton,47,ogni_batch_int,8,0.421,0.8567382418974152,8,256
bot->ton,47,martingala_int,8,0.421,0.8485414936223756,7,224
bot->ton,47,statico,9,0.474,0.8498643042636694,0,0
bot->ton,47,ogni_batch_int,9,0.474,0.8422643256290712,9,288
bot->ton,47,martingala_int,9,0.474,0.8375706775121516,8,256
bot->ton,47,statico,10,0.526,0.8349844072762562,0,0
bot->ton,47,ogni_batch_int,10,0.526,0.8393674339884811,10,320
bot->ton,47,martingala_int,10,0.526,0.8420504388192365,9,288
bot->ton,47,statico,11,0.579,0.8267637809783475,0,0
bot->ton,47,ogni_batch_int,11,0.579,0.9374677821045505,11,352
bot->ton,47,martingala_int,11,0.579,0.840371377880461,10,320
bot->ton,47,statico,12,0.632,0.8073488709095482,0,0
bot->ton,47,ogni_batch_int,12,0.632,0.8418213606971088,12,384
bot->ton,47,martingala_int,12,0.632,0.8443896926103729,11,352
bot->ton,47,statico,13,0.684,0.7852310422336335,0,0
bot->ton,47,ogni_batch_int,13,0.684,0.9320624236416865,13,416
bot->ton,47,martingala_int,13,0.684,0.9386381315394695,12,384
bot->ton,47,statico,14,0.737,0.7709367481415688,0,0
bot->ton,47,ogni_batch_int,14,0.737,0.9292030733382944,14,448
bot->ton,47,martingala_int,14,0.737,0.9334312498592909,13,416
bot->ton,47,statico,15,0.789,0.7546831126952831,0,0
bot->ton,47,ogni_batch_int,15,0.789,0.9281750753081085,15,480
bot->ton,47,martingala_int,15,0.789,0.9299601106359133,14,448
bot->ton,47,statico,16,0.842,0.7387123186405469,0,0
bot->ton,47,ogni_batch_int,16,0.842,0.9266418849686291,16,512
bot->ton,47,martingala_int,16,0.842,0.9271421976640637,15,480
bot->ton,47,statico,17,0.895,0.7204847367648657,0,0
bot->ton,47,ogni_batch_int,17,0.895,0.9231595645946373,17,544
bot->ton,47,martingala_int,17,0.895,0.9248459291971856,16,512
bot->ton,47,statico,18,0.947,0.6999972120848641,0,0
bot->ton,47,ogni_batch_int,18,0.947,0.9208787224942405,18,576
bot->ton,47,martingala_int,18,0.947,0.9193842654323219,17,544
bot->ton,47,statico,19,1.0,0.680401772262111,0,0
bot->ton,47,ogni_batch_int,19,1.0,0.9209000574214112,19,608
bot->ton,47,martingala_int,19,1.0,0.9165422907270422,18,576
bot->ton,48,statico,0,0.0,0.97465,0,0
bot->ton,48,ogni_batch_int,0,0.0,0.97465,0,0
bot->ton,48,martingala_int,0,0.0,0.97465,0,0
bot->ton,48,statico,1,0.053,0.9519340934896181,0,0
bot->ton,48,ogni_batch_int,1,0.053,0.9519340934896181,1,32
bot->ton,48,martingala_int,1,0.053,0.9519340934896181,0,0
bot->ton,48,statico,2,0.105,0.9525777668995594,0,0
bot->ton,48,ogni_batch_int,2,0.105,0.9525777668995594,2,64
bot->ton,48,martingala_int,2,0.105,0.9525777668995594,0,0
bot->ton,48,statico,3,0.158,0.9326359352461462,0,0
bot->ton,48,ogni_batch_int,3,0.158,0.9326359352461462,3,96
bot->ton,48,martingala_int,3,0.158,0.9326359352461462,1,32
bot->ton,48,statico,4,0.211,0.919802974511023,0,0
bot->ton,48,ogni_batch_int,4,0.211,0.919802974511023,4,128
bot->ton,48,martingala_int,4,0.211,0.919802974511023,2,64
bot->ton,48,statico,5,0.263,0.9096926776755342,0,0
bot->ton,48,ogni_batch_int,5,0.263,0.7855666159050116,5,160
bot->ton,48,martingala_int,5,0.263,0.7857715045393248,3,96
bot->ton,48,statico,6,0.316,0.8917387898630669,0,0
bot->ton,48,ogni_batch_int,6,0.316,0.7689887038677401,6,192
bot->ton,48,martingala_int,6,0.316,0.7557486910590406,4,128
bot->ton,48,statico,7,0.368,0.8807548202334441,0,0
bot->ton,48,ogni_batch_int,7,0.368,0.7942879647576437,7,224
bot->ton,48,martingala_int,7,0.368,0.8110038459335356,5,160
bot->ton,48,statico,8,0.421,0.8700574750309069,0,0
bot->ton,48,ogni_batch_int,8,0.421,0.806467398075045,8,256
bot->ton,48,martingala_int,8,0.421,0.8207564898639539,6,192
bot->ton,48,statico,9,0.474,0.8528365680672103,0,0
bot->ton,48,ogni_batch_int,9,0.474,0.8132729384239434,9,288
bot->ton,48,martingala_int,9,0.474,0.8128825421224113,7,224
bot->ton,48,statico,10,0.526,0.835511183218515,0,0
bot->ton,48,ogni_batch_int,10,0.526,0.8023307676253019,10,320
bot->ton,48,martingala_int,10,0.526,0.8008553127787099,8,256
bot->ton,48,statico,11,0.579,0.8191510248310547,0,0
bot->ton,48,ogni_batch_int,11,0.579,0.8231394376438347,11,352
bot->ton,48,martingala_int,11,0.579,0.7993092250513524,9,288
bot->ton,48,statico,12,0.632,0.810828613173682,0,0
bot->ton,48,ogni_batch_int,12,0.632,0.9249932896071755,12,384
bot->ton,48,martingala_int,12,0.632,0.8488491131083629,10,320
bot->ton,48,statico,13,0.684,0.794542175018939,0,0
bot->ton,48,ogni_batch_int,13,0.684,0.8377127201318708,13,416
bot->ton,48,martingala_int,13,0.684,0.8400395502732705,11,352
bot->ton,48,statico,14,0.737,0.7835807179582015,0,0
bot->ton,48,ogni_batch_int,14,0.737,0.8439265429906452,14,448
bot->ton,48,martingala_int,14,0.737,0.8394166404044012,12,384
bot->ton,48,statico,15,0.789,0.7689983893604038,0,0
bot->ton,48,ogni_batch_int,15,0.789,0.9369002030444762,15,480
bot->ton,48,martingala_int,15,0.789,0.7719447837437168,13,416
bot->ton,48,statico,16,0.842,0.7469128216355498,0,0
bot->ton,48,ogni_batch_int,16,0.842,0.8420900849761611,16,512
bot->ton,48,martingala_int,16,0.842,0.7708559982366472,14,448
bot->ton,48,statico,17,0.895,0.7319913773342231,0,0
bot->ton,48,ogni_batch_int,17,0.895,0.9305071405745207,17,544
bot->ton,48,martingala_int,17,0.895,0.8599390451154225,15,480
bot->ton,48,statico,18,0.947,0.7113185414754921,0,0
bot->ton,48,ogni_batch_int,18,0.947,0.8592004720928488,18,576
bot->ton,48,martingala_int,18,0.947,0.8630135741122288,16,512
bot->ton,48,statico,19,1.0,0.6947272240486152,0,0
bot->ton,48,ogni_batch_int,19,1.0,0.8609020098625224,19,608
bot->ton,48,martingala_int,19,1.0,0.8662090751572595,17,544
bot->ton,49,statico,0,0.0,0.98665,0,0
bot->ton,49,ogni_batch_int,0,0.0,0.98665,0,0
bot->ton,49,martingala_int,0,0.0,0.98665,0,0
bot->ton,49,statico,1,0.053,0.9495730989602287,0,0
bot->ton,49,ogni_batch_int,1,0.053,0.9495730989602287,1,32
bot->ton,49,martingala_int,1,0.053,0.9495730989602287,0,0
bot->ton,49,statico,2,0.105,0.9484046754067288,0,0
bot->ton,49,ogni_batch_int,2,0.105,0.9484046754067288,2,64
bot->ton,49,martingala_int,2,0.105,0.9484046754067288,1,32
bot->ton,49,statico,3,0.158,0.9308038773250356,0,0
bot->ton,49,ogni_batch_int,3,0.158,0.9308038773250356,3,96
bot->ton,49,martingala_int,3,0.158,0.9308038773250356,2,64
bot->ton,49,statico,4,0.211,0.9225874230737883,0,0
bot->ton,49,ogni_batch_int,4,0.211,0.9225874230737883,4,128
bot->ton,49,martingala_int,4,0.211,0.9225874230737883,3,96
bot->ton,49,statico,5,0.263,0.9099568653992309,0,0
bot->ton,49,ogni_batch_int,5,0.263,0.7832557946439356,5,160
bot->ton,49,martingala_int,5,0.263,0.7851041110401104,4,128
bot->ton,49,statico,6,0.316,0.8948486260853035,0,0
bot->ton,49,ogni_batch_int,6,0.316,0.7829458963206275,6,192
bot->ton,49,martingala_int,6,0.316,0.7836201869668676,5,160
bot->ton,49,statico,7,0.368,0.8810142810035267,0,0
bot->ton,49,ogni_batch_int,7,0.368,0.8732156766530128,7,224
bot->ton,49,martingala_int,7,0.368,0.8852453878137695,6,192
bot->ton,49,statico,8,0.421,0.8728760311837145,0,0
bot->ton,49,ogni_batch_int,8,0.421,0.8813105124737624,8,256
bot->ton,49,martingala_int,8,0.421,0.8894040083075452,7,224
bot->ton,49,statico,9,0.474,0.8600370092059573,0,0
bot->ton,49,ogni_batch_int,9,0.474,0.8772247128085016,9,288
bot->ton,49,martingala_int,9,0.474,0.8549252718788316,8,256
bot->ton,49,statico,10,0.526,0.8416247266205739,0,0
bot->ton,49,ogni_batch_int,10,0.526,0.938599867448427,10,320
bot->ton,49,martingala_int,10,0.526,0.8424287242599326,9,288
bot->ton,49,statico,11,0.579,0.8274377762715309,0,0
bot->ton,49,ogni_batch_int,11,0.579,0.9371002644679545,11,352
bot->ton,49,martingala_int,11,0.579,0.865169900314263,10,320
bot->ton,49,statico,12,0.632,0.80933763563288,0,0
bot->ton,49,ogni_batch_int,12,0.632,0.869129181080526,12,384
bot->ton,49,martingala_int,12,0.632,0.8392901838677507,11,352
bot->ton,49,statico,13,0.684,0.7909378457897347,0,0
bot->ton,49,ogni_batch_int,13,0.684,0.8620488292160204,13,416
bot->ton,49,martingala_int,13,0.684,0.8580939597535937,12,384
bot->ton,49,statico,14,0.737,0.7814902922328083,0,0
bot->ton,49,ogni_batch_int,14,0.737,0.8701075794817739,14,448
bot->ton,49,martingala_int,14,0.737,0.8634965856200076,13,416
bot->ton,49,statico,15,0.789,0.7588787363647507,0,0
bot->ton,49,ogni_batch_int,15,0.789,0.8625429964291083,15,480
bot->ton,49,martingala_int,15,0.789,0.8654709750441176,14,448
bot->ton,49,statico,16,0.842,0.7411896038246735,0,0
bot->ton,49,ogni_batch_int,16,0.842,0.8524370007642175,16,512
bot->ton,49,martingala_int,16,0.842,0.9090949662872582,15,480
bot->ton,49,statico,17,0.895,0.7272929065417926,0,0
bot->ton,49,ogni_batch_int,17,0.895,0.9141241529529245,17,544
bot->ton,49,martingala_int,17,0.895,0.9148970486335222,16,512
bot->ton,49,statico,18,0.947,0.7035624645777669,0,0
bot->ton,49,ogni_batch_int,18,0.947,0.9160708534621578,18,576
bot->ton,49,martingala_int,18,0.947,0.9082789517717864,17,544
bot->ton,49,statico,19,1.0,0.6857463548021887,0,0
bot->ton,49,ogni_batch_int,19,1.0,0.9090539116896845,19,608
bot->ton,49,martingala_int,19,1.0,0.90720570039481,18,576
bot->ton,50,statico,0,0.0,0.97755,0,0
bot->ton,50,ogni_batch_int,0,0.0,0.97755,0,0
bot->ton,50,martingala_int,0,0.0,0.97755,0,0
bot->ton,50,statico,1,0.053,0.9569122976842809,0,0
bot->ton,50,ogni_batch_int,1,0.053,0.9569122976842809,1,32
bot->ton,50,martingala_int,1,0.053,0.9569122976842809,0,0
bot->ton,50,statico,2,0.105,0.9468460068679204,0,0
bot->ton,50,ogni_batch_int,2,0.105,0.7439282304912673,2,64
bot->ton,50,martingala_int,2,0.105,0.9468460068679204,0,0
bot->ton,50,statico,3,0.158,0.9293835617602035,0,0
bot->ton,50,ogni_batch_int,3,0.158,0.8131279615216679,3,96
bot->ton,50,martingala_int,3,0.158,0.6808654906378113,1,32
bot->ton,50,statico,4,0.211,0.9238205042103446,0,0
bot->ton,50,ogni_batch_int,4,0.211,0.8075878517864449,4,128
bot->ton,50,martingala_int,4,0.211,0.8645003907486084,2,64
bot->ton,50,statico,5,0.263,0.9150631039206729,0,0
bot->ton,50,ogni_batch_int,5,0.263,0.8930984726466777,5,160
bot->ton,50,martingala_int,5,0.263,0.9550024365799248,3,96
bot->ton,50,statico,6,0.316,0.902054054054054,0,0
bot->ton,50,ogni_batch_int,6,0.316,0.9019459459459459,6,192
bot->ton,50,martingala_int,6,0.316,0.9458828828828829,4,128
bot->ton,50,statico,7,0.368,0.895991890205864,0,0
bot->ton,50,ogni_batch_int,7,0.368,0.8879691723851113,7,224
bot->ton,50,martingala_int,7,0.368,0.7897717820752755,5,160
bot->ton,50,statico,8,0.421,0.8858047735961165,0,0
bot->ton,50,ogni_batch_int,8,0.421,0.7930150562226034,8,256
bot->ton,50,martingala_int,8,0.421,0.8872680747542012,6,192
bot->ton,50,statico,9,0.474,0.871394094121736,0,0
bot->ton,50,ogni_batch_int,9,0.474,0.797274482659946,9,288
bot->ton,50,martingala_int,9,0.474,0.796094641933399,7,224
bot->ton,50,statico,10,0.526,0.8563937503274495,0,0
bot->ton,50,ogni_batch_int,10,0.526,0.8733106453545452,10,320
bot->ton,50,martingala_int,10,0.526,0.7912659254349099,8,256
bot->ton,50,statico,11,0.579,0.8487323263241239,0,0
bot->ton,50,ogni_batch_int,11,0.579,0.7728118577259516,11,352
bot->ton,50,martingala_int,11,0.579,0.7478020578226852,9,288
bot->ton,50,statico,12,0.632,0.8361278734490115,0,0
bot->ton,50,ogni_batch_int,12,0.632,0.7885549905624925,12,384
bot->ton,50,martingala_int,12,0.632,0.7721205604759587,10,320
bot->ton,50,statico,13,0.684,0.8219589762660556,0,0
bot->ton,50,ogni_batch_int,13,0.684,0.7858648327516043,13,416
bot->ton,50,martingala_int,13,0.684,0.7783543339961296,11,352
bot->ton,50,statico,14,0.737,0.8125759761938696,0,0
bot->ton,50,ogni_batch_int,14,0.737,0.7781674353871756,14,448
bot->ton,50,martingala_int,14,0.737,0.7661126111447204,12,384
bot->ton,50,statico,15,0.789,0.7998008596402194,0,0
bot->ton,50,ogni_batch_int,15,0.789,0.7722252880099074,15,480
bot->ton,50,martingala_int,15,0.789,0.8556810180212824,13,416
bot->ton,50,statico,16,0.842,0.7852305923126445,0,0
bot->ton,50,ogni_batch_int,16,0.842,0.7675983745169259,16,512
bot->ton,50,martingala_int,16,0.842,0.8437599832928608,14,448
bot->ton,50,statico,17,0.895,0.7705512999178945,0,0
bot->ton,50,ogni_batch_int,17,0.895,0.7702154182812366,17,544
bot->ton,50,martingala_int,17,0.895,0.8583686080663655,15,480
bot->ton,50,statico,18,0.947,0.7507748118192785,0,0
bot->ton,50,ogni_batch_int,18,0.947,0.9221649703498547,18,576
bot->ton,50,martingala_int,18,0.947,0.8628939901109545,16,512
bot->ton,50,statico,19,1.0,0.7410017304582142,0,0
bot->ton,50,ogni_batch_int,19,1.0,0.9249089892347866,19,608
bot->ton,50,martingala_int,19,1.0,0.918934832106864,17,544
bot->ton,51,statico,0,0.0,0.97515,0,0
bot->ton,51,ogni_batch_int,0,0.0,0.97515,0,0
bot->ton,51,martingala_int,0,0.0,0.97515,0,0
bot->ton,51,statico,1,0.053,0.9222936637830255,0,0
bot->ton,51,ogni_batch_int,1,0.053,0.9222936637830255,1,32
bot->ton,51,martingala_int,1,0.053,0.9222936637830255,0,0
bot->ton,51,statico,2,0.105,0.8941456357365787,0,0
bot->ton,51,ogni_batch_int,2,0.105,0.8963866082242258,2,64
bot->ton,51,martingala_int,2,0.105,0.7889681777663493,1,32
bot->ton,51,statico,3,0.158,0.8918244598661083,0,0
bot->ton,51,ogni_batch_int,3,0.158,0.789608106641402,3,96
bot->ton,51,martingala_int,3,0.158,0.8897798415730382,2,64
bot->ton,51,statico,4,0.211,0.8774635639910476,0,0
bot->ton,51,ogni_batch_int,4,0.211,0.8075392974584827,4,128
bot->ton,51,martingala_int,4,0.211,0.8767545531096819,3,96
bot->ton,51,statico,5,0.263,0.8636093665076587,0,0
bot->ton,51,ogni_batch_int,5,0.263,0.8698039440565305,5,160
bot->ton,51,martingala_int,5,0.263,0.8958466437167654,4,128
bot->ton,51,statico,6,0.316,0.8459078864240956,0,0
bot->ton,51,ogni_batch_int,6,0.316,0.8874699464640985,6,192
bot->ton,51,martingala_int,6,0.316,0.9001359114208247,5,160
bot->ton,51,statico,7,0.368,0.8378096599672544,0,0
bot->ton,51,ogni_batch_int,7,0.368,0.8832973941896243,7,224
bot->ton,51,martingala_int,7,0.368,0.8884759430194022,6,192
bot->ton,51,statico,8,0.421,0.8190960665168001,0,0
bot->ton,51,ogni_batch_int,8,0.421,0.8884001320827475,8,256
bot->ton,51,martingala_int,8,0.421,0.7805848526647337,7,224
bot->ton,51,statico,9,0.474,0.803198331827021,0,0
bot->ton,51,ogni_batch_int,9,0.474,0.8871916458892752,9,288
bot->ton,51,martingala_int,9,0.474,0.8888796750884143,8,256
bot->ton,51,statico,10,0.526,0.7830762712443535,0,0
bot->ton,51,ogni_batch_int,10,0.526,0.954251832008729,10,320
bot->ton,51,martingala_int,10,0.526,0.9477441862054355,9,288
bot->ton,51,statico,11,0.579,0.7679161092499843,0,0
bot->ton,51,ogni_batch_int,11,0.579,0.9473645791558492,11,352
bot->ton,51,martingala_int,11,0.579,0.9460965923120555,10,320
bot->ton,51,statico,12,0.632,0.7587678508569773,0,0
bot->ton,51,ogni_batch_int,12,0.632,0.9399196991001398,12,384
bot->ton,51,martingala_int,12,0.632,0.9244876903718657,11,352
bot->ton,51,statico,13,0.684,0.7425424660882316,0,0
bot->ton,51,ogni_batch_int,13,0.684,0.9305317336515444,13,416
bot->ton,51,martingala_int,13,0.684,0.9257370013873814,12,384
bot->ton,51,statico,14,0.737,0.7204947631403313,0,0
bot->ton,51,ogni_batch_int,14,0.737,0.9407437605906103,14,448
bot->ton,51,martingala_int,14,0.737,0.9370859483442481,13,416
bot->ton,51,statico,15,0.789,0.7051838645384776,0,0
bot->ton,51,ogni_batch_int,15,0.789,0.937189661767575,15,480
bot->ton,51,martingala_int,15,0.789,0.937189661767575,14,448
bot->ton,51,statico,16,0.842,0.6851878712479791,0,0
bot->ton,51,ogni_batch_int,16,0.842,0.9270948202062821,16,512
bot->ton,51,martingala_int,16,0.842,0.9270948202062821,15,480
bot->ton,51,statico,17,0.895,0.6590593434343435,0,0
bot->ton,51,ogni_batch_int,17,0.895,0.9214257964257964,17,544
bot->ton,51,martingala_int,17,0.895,0.9214257964257964,16,512
bot->ton,51,statico,18,0.947,0.6470068666969004,0,0
bot->ton,51,ogni_batch_int,18,0.947,0.9246066283925686,18,576
bot->ton,51,martingala_int,18,0.947,0.9246066283925686,17,544
bot->ton,51,statico,19,1.0,0.6183037106615171,0,0
bot->ton,51,ogni_batch_int,19,1.0,0.9235657415504013,19,608
bot->ton,51,martingala_int,19,1.0,0.9235657415504013,18,576
ton->unsw,42,statico,0,0.0,0.9076608927233494,0,0
ton->unsw,42,ogni_batch_int,0,0.0,0.9076608927233494,0,0
ton->unsw,42,martingala_int,0,0.0,0.9076608927233494,0,0
ton->unsw,42,statico,1,0.053,0.8795934427334112,0,0
ton->unsw,42,ogni_batch_int,1,0.053,0.9058762387503008,1,32
ton->unsw,42,martingala_int,1,0.053,0.8795934427334112,0,0
ton->unsw,42,statico,2,0.105,0.8410341897354238,0,0
ton->unsw,42,ogni_batch_int,2,0.105,0.8681387034541891,2,64
ton->unsw,42,martingala_int,2,0.105,0.8410341897354238,0,0
ton->unsw,42,statico,3,0.158,0.8009493127816294,0,0
ton->unsw,42,ogni_batch_int,3,0.158,0.8380830081799412,3,96
ton->unsw,42,martingala_int,3,0.158,0.8009493127816294,0,0
ton->unsw,42,statico,4,0.211,0.7674694146060059,0,0
ton->unsw,42,ogni_batch_int,4,0.211,0.8041797336853985,4,128
ton->unsw,42,martingala_int,4,0.211,0.7674694146060059,0,0
ton->unsw,42,statico,5,0.263,0.7274680597474157,0,0
ton->unsw,42,ogni_batch_int,5,0.263,0.7536028232583099,5,160
ton->unsw,42,martingala_int,5,0.263,0.7274680597474157,0,0
ton->unsw,42,statico,6,0.316,0.7070746751145314,0,0
ton->unsw,42,ogni_batch_int,6,0.316,0.7423493426677055,6,192
ton->unsw,42,martingala_int,6,0.316,0.7070746751145314,0,0
ton->unsw,42,statico,7,0.368,0.6655748515960748,0,0
ton->unsw,42,ogni_batch_int,7,0.368,0.7044773547295118,7,224
ton->unsw,42,martingala_int,7,0.368,0.6655748515960748,0,0
ton->unsw,42,statico,8,0.421,0.6342780760822591,0,0
ton->unsw,42,ogni_batch_int,8,0.421,0.6851672267103663,8,256
ton->unsw,42,martingala_int,8,0.421,0.6342780760822591,0,0
ton->unsw,42,statico,9,0.474,0.6009990878538086,0,0
ton->unsw,42,ogni_batch_int,9,0.474,0.66526791565063,9,288
ton->unsw,42,martingala_int,9,0.474,0.6009990878538086,0,0
ton->unsw,42,statico,10,0.526,0.5690699483751923,0,0
ton->unsw,42,ogni_batch_int,10,0.526,0.6304019211368636,10,320
ton->unsw,42,martingala_int,10,0.526,0.5690699483751923,0,0
ton->unsw,42,statico,11,0.579,0.5406203013133918,0,0
ton->unsw,42,ogni_batch_int,11,0.579,0.6509840011452983,11,352
ton->unsw,42,martingala_int,11,0.579,0.5406203013133918,0,0
ton->unsw,42,statico,12,0.632,0.5103939139043875,0,0
ton->unsw,42,ogni_batch_int,12,0.632,0.6558248544972803,12,384
ton->unsw,42,martingala_int,12,0.632,0.5103939139043875,0,0
ton->unsw,42,statico,13,0.684,0.4721164099399283,0,0
ton->unsw,42,ogni_batch_int,13,0.684,0.6564084953172014,13,416
ton->unsw,42,martingala_int,13,0.684,0.4721164099399283,0,0
ton->unsw,42,statico,14,0.737,0.45395058088188245,0,0
ton->unsw,42,ogni_batch_int,14,0.737,0.634408386412772,14,448
ton->unsw,42,martingala_int,14,0.737,0.45395058088188245,0,0
ton->unsw,42,statico,15,0.789,0.41035579718115,0,0
ton->unsw,42,ogni_batch_int,15,0.789,0.6290814321785998,15,480
ton->unsw,42,martingala_int,15,0.789,0.41035579718115,0,0
ton->unsw,42,statico,16,0.842,0.37969144799868776,0,0
ton->unsw,42,ogni_batch_int,16,0.842,0.7275078449046457,16,512
ton->unsw,42,martingala_int,16,0.842,0.37969144799868776,0,0
ton->unsw,42,statico,17,0.895,0.3503129497428968,0,0
ton->unsw,42,ogni_batch_int,17,0.895,0.7256350130843168,17,544
ton->unsw,42,martingala_int,17,0.895,0.3503129497428968,0,0
ton->unsw,42,statico,18,0.947,0.32741037938178574,0,0
ton->unsw,42,ogni_batch_int,18,0.947,0.7407454442624781,18,576
ton->unsw,42,martingala_int,18,0.947,0.32741037938178574,0,0
ton->unsw,42,statico,19,1.0,0.28681194340096483,0,0
ton->unsw,42,ogni_batch_int,19,1.0,0.753764829689971,19,608
ton->unsw,42,martingala_int,19,1.0,0.28681194340096483,0,0
ton->unsw,43,statico,0,0.0,0.9270494043811742,0,0
ton->unsw,43,ogni_batch_int,0,0.0,0.9270494043811742,0,0
ton->unsw,43,martingala_int,0,0.0,0.9270494043811742,0,0
ton->unsw,43,statico,1,0.053,0.8847302503550778,0,0
ton->unsw,43,ogni_batch_int,1,0.053,0.9072305986424241,1,32
ton->unsw,43,martingala_int,1,0.053,0.8847302503550778,0,0
ton->unsw,43,statico,2,0.105,0.8449285595043341,0,0
ton->unsw,43,ogni_batch_int,2,0.105,0.870970514873949,2,64
ton->unsw,43,martingala_int,2,0.105,0.8449285595043341,0,0
ton->unsw,43,statico,3,0.158,0.808762348886938,0,0
ton->unsw,43,ogni_batch_int,3,0.158,0.8075563946046708,3,96
ton->unsw,43,martingala_int,3,0.158,0.808762348886938,0,0
ton->unsw,43,statico,4,0.211,0.7717971910449025,0,0
ton->unsw,43,ogni_batch_int,4,0.211,0.7803248119644521,4,128
ton->unsw,43,martingala_int,4,0.211,0.7717971910449025,0,0
ton->unsw,43,statico,5,0.263,0.731594127207152,0,0
ton->unsw,43,ogni_batch_int,5,0.263,0.7505663759841387,5,160
ton->unsw,43,martingala_int,5,0.263,0.731594127207152,0,0
ton->unsw,43,statico,6,0.316,0.7013475084808978,0,0
ton->unsw,43,ogni_batch_int,6,0.316,0.7331791686842835,6,192
ton->unsw,43,martingala_int,6,0.316,0.7013475084808978,0,0
ton->unsw,43,statico,7,0.368,0.6677358257887229,0,0
ton->unsw,43,ogni_batch_int,7,0.368,0.6989678442343108,7,224
ton->unsw,43,martingala_int,7,0.368,0.6677358257887229,0,0
ton->unsw,43,statico,8,0.421,0.6353473638138174,0,0
ton->unsw,43,ogni_batch_int,8,0.421,0.6852395792478376,8,256
ton->unsw,43,martingala_int,8,0.421,0.6353473638138174,0,0
ton->unsw,43,statico,9,0.474,0.5966924346473983,0,0
ton->unsw,43,ogni_batch_int,9,0.474,0.6763312882297873,9,288
ton->unsw,43,martingala_int,9,0.474,0.5966924346473983,0,0
ton->unsw,43,statico,10,0.526,0.5680378622658903,0,0
ton->unsw,43,ogni_batch_int,10,0.526,0.6609396616978064,10,320
ton->unsw,43,martingala_int,10,0.526,0.5680378622658903,0,0
ton->unsw,43,statico,11,0.579,0.5305386857070785,0,0
ton->unsw,43,ogni_batch_int,11,0.579,0.6387233117599354,11,352
ton->unsw,43,martingala_int,11,0.579,0.5305386857070785,0,0
ton->unsw,43,statico,12,0.632,0.5070686328734636,0,0
ton->unsw,43,ogni_batch_int,12,0.632,0.619127669908902,12,384
ton->unsw,43,martingala_int,12,0.632,0.5070686328734636,0,0
ton->unsw,43,statico,13,0.684,0.46715939914931637,0,0
ton->unsw,43,ogni_batch_int,13,0.684,0.5836222983934712,13,416
ton->unsw,43,martingala_int,13,0.684,0.46715939914931637,0,0
ton->unsw,43,statico,14,0.737,0.4356919695460979,0,0
ton->unsw,43,ogni_batch_int,14,0.737,0.620210837021407,14,448
ton->unsw,43,martingala_int,14,0.737,0.4356919695460979,0,0
ton->unsw,43,statico,15,0.789,0.40312902916753235,0,0
ton->unsw,43,ogni_batch_int,15,0.789,0.6055262909431887,15,480
ton->unsw,43,martingala_int,15,0.789,0.40312902916753235,0,0
ton->unsw,43,statico,16,0.842,0.37687626002177266,0,0
ton->unsw,43,ogni_batch_int,16,0.842,0.7185878940320373,16,512
ton->unsw,43,martingala_int,16,0.842,0.37687626002177266,0,0
ton->unsw,43,statico,17,0.895,0.3424660226925844,0,0
ton->unsw,43,ogni_batch_int,17,0.895,0.7087781943301592,17,544
ton->unsw,43,martingala_int,17,0.895,0.3424660226925844,0,0
ton->unsw,43,statico,18,0.947,0.3123548753869136,0,0
ton->unsw,43,ogni_batch_int,18,0.947,0.7365305501440134,18,576
ton->unsw,43,martingala_int,18,0.947,0.3123548753869136,0,0
ton->unsw,43,statico,19,1.0,0.2786580246995474,0,0
ton->unsw,43,ogni_batch_int,19,1.0,0.7364234062698745,19,608
ton->unsw,43,martingala_int,19,1.0,0.2786580246995474,0,0
ton->unsw,44,statico,0,0.0,0.9243691239672223,0,0
ton->unsw,44,ogni_batch_int,0,0.0,0.9243691239672223,0,0
ton->unsw,44,martingala_int,0,0.0,0.9243691239672223,0,0
ton->unsw,44,statico,1,0.053,0.8895365108182767,0,0
ton->unsw,44,ogni_batch_int,1,0.053,0.9209372655289954,1,32
ton->unsw,44,martingala_int,1,0.053,0.8895365108182767,0,0
ton->unsw,44,statico,2,0.105,0.8455577226504175,0,0
ton->unsw,44,ogni_batch_int,2,0.105,0.8558437381929693,2,64
ton->unsw,44,martingala_int,2,0.105,0.8455577226504175,0,0
ton->unsw,44,statico,3,0.158,0.8088920826538606,0,0
ton->unsw,44,ogni_batch_int,3,0.158,0.833184952289147,3,96
ton->unsw,44,martingala_int,3,0.158,0.8088920826538606,0,0
ton->unsw,44,statico,4,0.211,0.7685644572262578,0,0
ton->unsw,44,ogni_batch_int,4,0.211,0.8043783029181489,4,128
ton->unsw,44,martingala_int,4,0.211,0.7685644572262578,0,0
ton->unsw,44,statico,5,0.263,0.7324019633928125,0,0
ton->unsw,44,ogni_batch_int,5,0.263,0.7695600632482539,5,160
ton->unsw,44,martingala_int,5,0.263,0.7324019633928125,0,0
ton->unsw,44,statico,6,0.316,0.6924274241084586,0,0
ton->unsw,44,ogni_batch_int,6,0.316,0.7209250781970471,6,192
ton->unsw,44,martingala_int,6,0.316,0.6924274241084586,0,0
ton->unsw,44,statico,7,0.368,0.6621224260888958,0,0
ton->unsw,44,ogni_batch_int,7,0.368,0.7113607100106426,7,224
ton->unsw,44,martingala_int,7,0.368,0.6621224260888958,0,0
ton->unsw,44,statico,8,0.421,0.6239717815779919,0,0
ton->unsw,44,ogni_batch_int,8,0.421,0.6697867565755031,8,256
ton->unsw,44,martingala_int,8,0.421,0.6239717815779919,0,0
ton->unsw,44,statico,9,0.474,0.5957011274260594,0,0
ton->unsw,44,ogni_batch_int,9,0.474,0.6056807918897096,9,288
ton->unsw,44,martingala_int,9,0.474,0.5957011274260594,0,0
ton->unsw,44,statico,10,0.526,0.5546062665481836,0,0
ton->unsw,44,ogni_batch_int,10,0.526,0.628421962453839,10,320
ton->unsw,44,martingala_int,10,0.526,0.5546062665481836,0,0
ton->unsw,44,statico,11,0.579,0.5232496973051264,0,0
ton->unsw,44,ogni_batch_int,11,0.579,0.6618807529364584,11,352
ton->unsw,44,martingala_int,11,0.579,0.5232496973051264,0,0
ton->unsw,44,statico,12,0.632,0.48562921310122864,0,0
ton->unsw,44,ogni_batch_int,12,0.632,0.7451492286025372,12,384
ton->unsw,44,martingala_int,12,0.632,0.48562921310122864,0,0
ton->unsw,44,statico,13,0.684,0.46116192457678057,0,0
ton->unsw,44,ogni_batch_int,13,0.684,0.7071042590878495,13,416
ton->unsw,44,martingala_int,13,0.684,0.46116192457678057,0,0
ton->unsw,44,statico,14,0.737,0.4281072715416768,0,0
ton->unsw,44,ogni_batch_int,14,0.737,0.7208260833707362,14,448
ton->unsw,44,martingala_int,14,0.737,0.4281072715416768,0,0
ton->unsw,44,statico,15,0.789,0.38742816458513096,0,0
ton->unsw,44,ogni_batch_int,15,0.789,0.7164953759377997,15,480
ton->unsw,44,martingala_int,15,0.789,0.38742816458513096,0,0
ton->unsw,44,statico,16,0.842,0.3577547602836012,0,0
ton->unsw,44,ogni_batch_int,16,0.842,0.735228005205232,16,512
ton->unsw,44,martingala_int,16,0.842,0.3577547602836012,0,0
ton->unsw,44,statico,17,0.895,0.3250941483917765,0,0
ton->unsw,44,ogni_batch_int,17,0.895,0.7333373079356247,17,544
ton->unsw,44,martingala_int,17,0.895,0.3250941483917765,0,0
ton->unsw,44,statico,18,0.947,0.29469470767289707,0,0
ton->unsw,44,ogni_batch_int,18,0.947,0.7338164368933539,18,576
ton->unsw,44,martingala_int,18,0.947,0.29469470767289707,0,0
ton->unsw,44,statico,19,1.0,0.262540001364183,0,0
ton->unsw,44,ogni_batch_int,19,1.0,0.7317692985300428,19,608
ton->unsw,44,martingala_int,19,1.0,0.262540001364183,0,0
ton->unsw,45,statico,0,0.0,0.9416307327064373,0,0
ton->unsw,45,ogni_batch_int,0,0.0,0.9416307327064373,0,0
ton->unsw,45,martingala_int,0,0.0,0.9416307327064373,0,0
ton->unsw,45,statico,1,0.053,0.9096909580035971,0,0
ton->unsw,45,ogni_batch_int,1,0.053,0.8509499106249382,1,32
ton->unsw,45,martingala_int,1,0.053,0.9096909580035971,0,0
ton->unsw,45,statico,2,0.105,0.8756228810884534,0,0
ton->unsw,45,ogni_batch_int,2,0.105,0.8680157083463781,2,64
ton->unsw,45,martingala_int,2,0.105,0.8756228810884534,0,0
ton->unsw,45,statico,3,0.158,0.8459539361867139,0,0
ton->unsw,45,ogni_batch_int,3,0.158,0.825817467467963,3,96
ton->unsw,45,martingala_int,3,0.158,0.8459539361867139,0,0
ton->unsw,45,statico,4,0.211,0.8147370698237628,0,0
ton->unsw,45,ogni_batch_int,4,0.211,0.7678282336706161,4,128
ton->unsw,45,martingala_int,4,0.211,0.8147370698237628,0,0
ton->unsw,45,statico,5,0.263,0.7880593707689516,0,0
ton->unsw,45,ogni_batch_int,5,0.263,0.789178943634738,5,160
ton->unsw,45,martingala_int,5,0.263,0.7880593707689516,0,0
ton->unsw,45,statico,6,0.316,0.7583605561040401,0,0
ton->unsw,45,ogni_batch_int,6,0.316,0.7556312620923342,6,192
ton->unsw,45,martingala_int,6,0.316,0.7583605561040401,0,0
ton->unsw,45,statico,7,0.368,0.7300738630484986,0,0
ton->unsw,45,ogni_batch_int,7,0.368,0.7263783079709153,7,224
ton->unsw,45,martingala_int,7,0.368,0.7300738630484986,0,0
ton->unsw,45,statico,8,0.421,0.7009213880045706,0,0
ton->unsw,45,ogni_batch_int,8,0.421,0.700536843993948,8,256
ton->unsw,45,martingala_int,8,0.421,0.7009213880045706,0,0
ton->unsw,45,statico,9,0.474,0.6770202713883354,0,0
ton->unsw,45,ogni_batch_int,9,0.474,0.6770299753869993,9,288
ton->unsw,45,martingala_int,9,0.474,0.6770202713883354,0,0
ton->unsw,45,statico,10,0.526,0.6552360742983334,0,0
ton->unsw,45,ogni_batch_int,10,0.526,0.6559677415170946,10,320
ton->unsw,45,martingala_int,10,0.526,0.6552360742983334,0,0
ton->unsw,45,statico,11,0.579,0.6295800633432965,0,0
ton->unsw,45,ogni_batch_int,11,0.579,0.6613149850576887,11,352
ton->unsw,45,martingala_int,11,0.579,0.6295800633432965,0,0
ton->unsw,45,statico,12,0.632,0.6054543830693977,0,0
ton->unsw,45,ogni_batch_int,12,0.632,0.7382800572812758,12,384
ton->unsw,45,martingala_int,12,0.632,0.6054543830693977,0,0
ton->unsw,45,statico,13,0.684,0.5790741513277885,0,0
ton->unsw,45,ogni_batch_int,13,0.684,0.6022571144763891,13,416
ton->unsw,45,martingala_int,13,0.684,0.5790741513277885,0,0
ton->unsw,45,statico,14,0.737,0.5591897866774713,0,0
ton->unsw,45,ogni_batch_int,14,0.737,0.7676682376189765,14,448
ton->unsw,45,martingala_int,14,0.737,0.5591897866774713,0,0
ton->unsw,45,statico,15,0.789,0.532515010357899,0,0
ton->unsw,45,ogni_batch_int,15,0.789,0.7420182036852918,15,480
ton->unsw,45,martingala_int,15,0.789,0.532515010357899,0,0
ton->unsw,45,statico,16,0.842,0.5121120023968365,0,0
ton->unsw,45,ogni_batch_int,16,0.842,0.721144396350027,16,512
ton->unsw,45,martingala_int,16,0.842,0.5121120023968365,0,0
ton->unsw,45,statico,17,0.895,0.48896959565123754,0,0
ton->unsw,45,ogni_batch_int,17,0.895,0.7320508847779856,17,544
ton->unsw,45,martingala_int,17,0.895,0.48896959565123754,0,0
ton->unsw,45,statico,18,0.947,0.46403186242402383,0,0
ton->unsw,45,ogni_batch_int,18,0.947,0.7398951380288341,18,576
ton->unsw,45,martingala_int,18,0.947,0.46403186242402383,0,0
ton->unsw,45,statico,19,1.0,0.4446845717221989,0,0
ton->unsw,45,ogni_batch_int,19,1.0,0.7414366845246052,19,608
ton->unsw,45,martingala_int,19,1.0,0.4446845717221989,0,0
ton->unsw,46,statico,0,0.0,0.940103405142568,0,0
ton->unsw,46,ogni_batch_int,0,0.0,0.940103405142568,0,0
ton->unsw,46,martingala_int,0,0.0,0.940103405142568,0,0
ton->unsw,46,statico,1,0.053,0.8984180977759036,0,0
ton->unsw,46,ogni_batch_int,1,0.053,0.8997577067224435,1,32
ton->unsw,46,martingala_int,1,0.053,0.8984180977759036,0,0
ton->unsw,46,statico,2,0.105,0.8591463027657713,0,0
ton->unsw,46,ogni_batch_int,2,0.105,0.870278226981801,2,64
ton->unsw,46,martingala_int,2,0.105,0.8591463027657713,0,0
ton->unsw,46,statico,3,0.158,0.8164493925406894,0,0
ton->unsw,46,ogni_batch_int,3,0.158,0.832213185677422,3,96
ton->unsw,46,martingala_int,3,0.158,0.8164493925406894,0,0
ton->unsw,46,statico,4,0.211,0.7693123697493407,0,0
ton->unsw,46,ogni_batch_int,4,0.211,0.770230922415513,4,128
ton->unsw,46,martingala_int,4,0.211,0.7693123697493407,0,0
ton->unsw,46,statico,5,0.263,0.7395028039948109,0,0
ton->unsw,46,ogni_batch_int,5,0.263,0.7516780871680734,5,160
ton->unsw,46,martingala_int,5,0.263,0.7395028039948109,0,0
ton->unsw,46,statico,6,0.316,0.7011370184543467,0,0
ton->unsw,46,ogni_batch_int,6,0.316,0.6992668770233464,6,192
ton->unsw,46,martingala_int,6,0.316,0.7011370184543467,0,0
ton->unsw,46,statico,7,0.368,0.6602567273288384,0,0
ton->unsw,46,ogni_batch_int,7,0.368,0.6713649278375604,7,224
ton->unsw,46,martingala_int,7,0.368,0.6602567273288384,0,0
ton->unsw,46,statico,8,0.421,0.6307699694113895,0,0
ton->unsw,46,ogni_batch_int,8,0.421,0.6510971175293674,8,256
ton->unsw,46,martingala_int,8,0.421,0.6307699694113895,0,0
ton->unsw,46,statico,9,0.474,0.5913027011292664,0,0
ton->unsw,46,ogni_batch_int,9,0.474,0.624381285708959,9,288
ton->unsw,46,martingala_int,9,0.474,0.5913027011292664,0,0
ton->unsw,46,statico,10,0.526,0.5578171260964354,0,0
ton->unsw,46,ogni_batch_int,10,0.526,0.6377663293451603,10,320
ton->unsw,46,martingala_int,10,0.526,0.5578171260964354,0,0
ton->unsw,46,statico,11,0.579,0.5250923328658252,0,0
ton->unsw,46,ogni_batch_int,11,0.579,0.6572358578775128,11,352
ton->unsw,46,martingala_int,11,0.579,0.5250923328658252,0,0
ton->unsw,46,statico,12,0.632,0.48551893408134644,0,0
ton->unsw,46,ogni_batch_int,12,0.632,0.6320091164095372,12,384
ton->unsw,46,martingala_int,12,0.632,0.48551893408134644,0,0
ton->unsw,46,statico,13,0.684,0.45292026540592,0,0
ton->unsw,46,ogni_batch_int,13,0.684,0.6377570339478676,13,416
ton->unsw,46,martingala_int,13,0.684,0.45292026540592,0,0
ton->unsw,46,statico,14,0.737,0.41565647128687455,0,0
ton->unsw,46,ogni_batch_int,14,0.737,0.7392528377496481,14,448
ton->unsw,46,martingala_int,14,0.737,0.41565647128687455,0,0
ton->unsw,46,statico,15,0.789,0.38269580440309137,0,0
ton->unsw,46,ogni_batch_int,15,0.789,0.7463066100892904,15,480
ton->unsw,46,martingala_int,15,0.789,0.38269580440309137,0,0
ton->unsw,46,statico,16,0.842,0.34668347951150125,0,0
ton->unsw,46,ogni_batch_int,16,0.842,0.7332033671429711,16,512
ton->unsw,46,martingala_int,16,0.842,0.34668347951150125,0,0
ton->unsw,46,statico,17,0.895,0.3148219102511398,0,0
ton->unsw,46,ogni_batch_int,17,0.895,0.736966108730127,17,544
ton->unsw,46,martingala_int,17,0.895,0.3148219102511398,0,0
ton->unsw,46,statico,18,0.947,0.2890567442757797,0,0
ton->unsw,46,ogni_batch_int,18,0.947,0.742735636709,18,576
ton->unsw,46,martingala_int,18,0.947,0.2890567442757797,0,0
ton->unsw,46,statico,19,1.0,0.25325596752478896,0,0
ton->unsw,46,ogni_batch_int,19,1.0,0.7625178257213607,19,608
ton->unsw,46,martingala_int,19,1.0,0.25325596752478896,0,0
ton->unsw,47,statico,0,0.0,0.8279842827307067,0,0
ton->unsw,47,ogni_batch_int,0,0.0,0.8279842827307067,0,0
ton->unsw,47,martingala_int,0,0.0,0.8279842827307067,0,0
ton->unsw,47,statico,1,0.053,0.7974156464714317,0,0
ton->unsw,47,ogni_batch_int,1,0.053,0.8433996855628967,1,32
ton->unsw,47,martingala_int,1,0.053,0.7974156464714317,0,0
ton->unsw,47,statico,2,0.105,0.7627769010006233,0,0
ton->unsw,47,ogni_batch_int,2,0.105,0.8122442535345925,2,64
ton->unsw,47,martingala_int,2,0.105,0.7627769010006233,0,0
ton->unsw,47,statico,3,0.158,0.7314873805600455,0,0
ton->unsw,47,ogni_batch_int,3,0.158,0.7707028817654238,3,96
ton->unsw,47,martingala_int,3,0.158,0.7314873805600455,0,0
ton->unsw,47,statico,4,0.211,0.7027742992435559,0,0
ton->unsw,47,ogni_batch_int,4,0.211,0.7327867197143579,4,128
ton->unsw,47,martingala_int,4,0.211,0.7027742992435559,0,0
ton->unsw,47,statico,5,0.263,0.6741667738127854,0,0
ton->unsw,47,ogni_batch_int,5,0.263,0.7185546016854887,5,160
ton->unsw,47,martingala_int,5,0.263,0.6741667738127854,0,0
ton->unsw,47,statico,6,0.316,0.643000693513297,0,0
ton->unsw,47,ogni_batch_int,6,0.316,0.6581201600574695,6,192
ton->unsw,47,martingala_int,6,0.316,0.643000693513297,0,0
ton->unsw,47,statico,7,0.368,0.616014331441979,0,0
ton->unsw,47,ogni_batch_int,7,0.368,0.6214092784571883,7,224
ton->unsw,47,martingala_int,7,0.368,0.616014331441979,0,0
ton->unsw,47,statico,8,0.421,0.5873389459862612,0,0
ton->unsw,47,ogni_batch_int,8,0.421,0.67953521827073,8,256
ton->unsw,47,martingala_int,8,0.421,0.5873389459862612,0,0
ton->unsw,47,statico,9,0.474,0.5577537177344295,0,0
ton->unsw,47,ogni_batch_int,9,0.474,0.666647907937203,9,288
ton->unsw,47,martingala_int,9,0.474,0.5577537177344295,0,0
ton->unsw,47,statico,10,0.526,0.5344585240192168,0,0
ton->unsw,47,ogni_batch_int,10,0.526,0.6849274036176266,10,320
ton->unsw,47,martingala_int,10,0.526,0.5344585240192168,0,0
ton->unsw,47,statico,11,0.579,0.5011197036036915,0,0
ton->unsw,47,ogni_batch_int,11,0.579,0.6845060999139967,11,352
ton->unsw,47,martingala_int,11,0.579,0.5011197036036915,0,0
ton->unsw,47,statico,12,0.632,0.47600429913455333,0,0
ton->unsw,47,ogni_batch_int,12,0.632,0.6759525010609981,12,384
ton->unsw,47,martingala_int,12,0.632,0.47600429913455333,0,0
ton->unsw,47,statico,13,0.684,0.44912658216869894,0,0
ton->unsw,47,ogni_batch_int,13,0.684,0.6548747519710958,13,416
ton->unsw,47,martingala_int,13,0.684,0.44912658216869894,0,0
ton->unsw,47,statico,14,0.737,0.42453713738298415,0,0
ton->unsw,47,ogni_batch_int,14,0.737,0.628354289969032,14,448
ton->unsw,47,martingala_int,14,0.737,0.42453713738298415,0,0
ton->unsw,47,statico,15,0.789,0.3944303508285951,0,0
ton->unsw,47,ogni_batch_int,15,0.789,0.646820713208997,15,480
ton->unsw,47,martingala_int,15,0.789,0.3944303508285951,0,0
ton->unsw,47,statico,16,0.842,0.37186181382740047,0,0
ton->unsw,47,ogni_batch_int,16,0.842,0.7252436749759943,16,512
ton->unsw,47,martingala_int,16,0.842,0.37186181382740047,0,0
ton->unsw,47,statico,17,0.895,0.3380336377008687,0,0
ton->unsw,47,ogni_batch_int,17,0.895,0.739394410368849,17,544
ton->unsw,47,martingala_int,17,0.895,0.3380336377008687,0,0
ton->unsw,47,statico,18,0.947,0.313782218420996,0,0
ton->unsw,47,ogni_batch_int,18,0.947,0.7375913325875649,18,576
ton->unsw,47,martingala_int,18,0.947,0.313782218420996,0,0
ton->unsw,47,statico,19,1.0,0.28528017144731843,0,0
ton->unsw,47,ogni_batch_int,19,1.0,0.7512571802336607,19,608
ton->unsw,47,martingala_int,19,1.0,0.28528017144731843,0,0
ton->unsw,48,statico,0,0.0,0.918430719898318,0,0
ton->unsw,48,ogni_batch_int,0,0.0,0.918430719898318,0,0
ton->unsw,48,martingala_int,0,0.0,0.918430719898318,0,0
ton->unsw,48,statico,1,0.053,0.8742386098749735,0,0
ton->unsw,48,ogni_batch_int,1,0.053,0.7518169103623649,1,32
ton->unsw,48,martingala_int,1,0.053,0.8742386098749735,0,0
ton->unsw,48,statico,2,0.105,0.832225244348068,0,0
ton->unsw,48,ogni_batch_int,2,0.105,0.8041418410723467,2,64
ton->unsw,48,martingala_int,2,0.105,0.832225244348068,0,0
ton->unsw,48,statico,3,0.158,0.7950486591317272,0,0
ton->unsw,48,ogni_batch_int,3,0.158,0.7653093054239893,3,96
ton->unsw,48,martingala_int,3,0.158,0.7950486591317272,0,0
ton->unsw,48,statico,4,0.211,0.760099746290532,0,0
ton->unsw,48,ogni_batch_int,4,0.211,0.7346654171191506,4,128
ton->unsw,48,martingala_int,4,0.211,0.760099746290532,0,0
ton->unsw,48,statico,5,0.263,0.7174563458506044,0,0
ton->unsw,48,ogni_batch_int,5,0.263,0.6965366905421002,5,160
ton->unsw,48,martingala_int,5,0.263,0.7174563458506044,0,0
ton->unsw,48,statico,6,0.316,0.679280043771437,0,0
ton->unsw,48,ogni_batch_int,6,0.316,0.6960777450042803,6,192
ton->unsw,48,martingala_int,6,0.316,0.679280043771437,0,0
ton->unsw,48,statico,7,0.368,0.6439350957387762,0,0
ton->unsw,48,ogni_batch_int,7,0.368,0.6329782421043899,7,224
ton->unsw,48,martingala_int,7,0.368,0.6439350957387762,0,0
ton->unsw,48,statico,8,0.421,0.6075028348395699,0,0
ton->unsw,48,ogni_batch_int,8,0.421,0.6317228281235552,8,256
ton->unsw,48,martingala_int,8,0.421,0.6075028348395699,0,0
ton->unsw,48,statico,9,0.474,0.5767018408529611,0,0
ton->unsw,48,ogni_batch_int,9,0.474,0.6586592572547664,9,288
ton->unsw,48,martingala_int,9,0.474,0.5767018408529611,0,0
ton->unsw,48,statico,10,0.526,0.5389434933903927,0,0
ton->unsw,48,ogni_batch_int,10,0.526,0.6561800457282623,10,320
ton->unsw,48,martingala_int,10,0.526,0.5389434933903927,0,0
ton->unsw,48,statico,11,0.579,0.5086543224436844,0,0
ton->unsw,48,ogni_batch_int,11,0.579,0.6693047529189763,11,352
ton->unsw,48,martingala_int,11,0.579,0.5086543224436844,0,0
ton->unsw,48,statico,12,0.632,0.46729307167320355,0,0
ton->unsw,48,ogni_batch_int,12,0.632,0.6529640027591692,12,384
ton->unsw,48,martingala_int,12,0.632,0.46729307167320355,0,0
ton->unsw,48,statico,13,0.684,0.43551470588235297,0,0
ton->unsw,48,ogni_batch_int,13,0.684,0.6759099264705882,13,416
ton->unsw,48,martingala_int,13,0.684,0.43551470588235297,0,0
ton->unsw,48,statico,14,0.737,0.4043969832624089,0,0
ton->unsw,48,ogni_batch_int,14,0.737,0.6476780390647108,14,448
ton->unsw,48,martingala_int,14,0.737,0.4043969832624089,0,0
ton->unsw,48,statico,15,0.789,0.3750573281115497,0,0
ton->unsw,48,ogni_batch_int,15,0.789,0.5979039073877799,15,480
ton->unsw,48,martingala_int,15,0.789,0.3750573281115497,0,0
ton->unsw,48,statico,16,0.842,0.34101675068634957,0,0
ton->unsw,48,ogni_batch_int,16,0.842,0.7188221580993742,16,512
ton->unsw,48,martingala_int,16,0.842,0.34101675068634957,0,0
ton->unsw,48,statico,17,0.895,0.30591833715694217,0,0
ton->unsw,48,ogni_batch_int,17,0.895,0.7323542625942374,17,544
ton->unsw,48,martingala_int,17,0.895,0.30591833715694217,0,0
ton->unsw,48,statico,18,0.947,0.27234222295608723,0,0
ton->unsw,48,ogni_batch_int,18,0.947,0.7309782480565614,18,576
ton->unsw,48,martingala_int,18,0.947,0.27234222295608723,0,0
ton->unsw,48,statico,19,1.0,0.24308939379167332,0,0
ton->unsw,48,ogni_batch_int,19,1.0,0.741228722966577,19,608
ton->unsw,48,martingala_int,19,1.0,0.24308939379167332,0,0
ton->unsw,49,statico,0,0.0,0.9246669759378674,0,0
ton->unsw,49,ogni_batch_int,0,0.0,0.9246669759378674,0,0
ton->unsw,49,martingala_int,0,0.0,0.9246669759378674,0,0
ton->unsw,49,statico,1,0.053,0.8737676966506602,0,0
ton->unsw,49,ogni_batch_int,1,0.053,0.8995049057600898,1,32
ton->unsw,49,martingala_int,1,0.053,0.8737676966506602,0,0
ton->unsw,49,statico,2,0.105,0.8325564318706005,0,0
ton->unsw,49,ogni_batch_int,2,0.105,0.8634180865376405,2,64
ton->unsw,49,martingala_int,2,0.105,0.8325564318706005,0,0
ton->unsw,49,statico,3,0.158,0.797388971436575,0,0
ton->unsw,49,ogni_batch_int,3,0.158,0.821184368221884,3,96
ton->unsw,49,martingala_int,3,0.158,0.797388971436575,0,0
ton->unsw,49,statico,4,0.211,0.7629781764188991,0,0
ton->unsw,49,ogni_batch_int,4,0.211,0.7984962995733372,4,128
ton->unsw,49,martingala_int,4,0.211,0.7629781764188991,0,0
ton->unsw,49,statico,5,0.263,0.7201922138514298,0,0
ton->unsw,49,ogni_batch_int,5,0.263,0.7431361082163711,5,160
ton->unsw,49,martingala_int,5,0.263,0.7201922138514298,0,0
ton->unsw,49,statico,6,0.316,0.6839498618270095,0,0
ton->unsw,49,ogni_batch_int,6,0.316,0.7040414156452999,6,192
ton->unsw,49,martingala_int,6,0.316,0.6839498618270095,0,0
ton->unsw,49,statico,7,0.368,0.6432177236749279,0,0
ton->unsw,49,ogni_batch_int,7,0.368,0.6589176354379809,7,224
ton->unsw,49,martingala_int,7,0.368,0.6432177236749279,0,0
ton->unsw,49,statico,8,0.421,0.6122178827421374,0,0
ton->unsw,49,ogni_batch_int,8,0.421,0.6914041707085619,8,256
ton->unsw,49,martingala_int,8,0.421,0.6122178827421374,0,0
ton->unsw,49,statico,9,0.474,0.5755872002294053,0,0
ton->unsw,49,ogni_batch_int,9,0.474,0.7045979575182999,9,288
ton->unsw,49,martingala_int,9,0.474,0.5755872002294053,0,0
ton->unsw,49,statico,10,0.526,0.5372825798922927,0,0
ton->unsw,49,ogni_batch_int,10,0.526,0.6774947319542046,10,320
ton->unsw,49,martingala_int,10,0.526,0.5372825798922927,0,0
ton->unsw,49,statico,11,0.579,0.5044423880612947,0,0
ton->unsw,49,ogni_batch_int,11,0.579,0.6434358222918966,11,352
ton->unsw,49,martingala_int,11,0.579,0.5044423880612947,0,0
ton->unsw,49,statico,12,0.632,0.4730346225510984,0,0
ton->unsw,49,ogni_batch_int,12,0.632,0.635677774109608,12,384
ton->unsw,49,martingala_int,12,0.632,0.4730346225510984,0,0
ton->unsw,49,statico,13,0.684,0.437831986941847,0,0
ton->unsw,49,ogni_batch_int,13,0.684,0.6390040852837566,13,416
ton->unsw,49,martingala_int,13,0.684,0.437831986941847,0,0
ton->unsw,49,statico,14,0.737,0.4095218663815576,0,0
ton->unsw,49,ogni_batch_int,14,0.737,0.6065610368189859,14,448
ton->unsw,49,martingala_int,14,0.737,0.4095218663815576,0,0
ton->unsw,49,statico,15,0.789,0.37352240485989313,0,0
ton->unsw,49,ogni_batch_int,15,0.789,0.5903153802673731,15,480
ton->unsw,49,martingala_int,15,0.789,0.37352240485989313,0,0
ton->unsw,49,statico,16,0.842,0.33589948861300195,0,0
ton->unsw,49,ogni_batch_int,16,0.842,0.7049479404609621,16,512
ton->unsw,49,martingala_int,16,0.842,0.33589948861300195,0,0
ton->unsw,49,statico,17,0.895,0.30459025740691187,0,0
ton->unsw,49,ogni_batch_int,17,0.895,0.7090272508009203,17,544
ton->unsw,49,martingala_int,17,0.895,0.30459025740691187,0,0
ton->unsw,49,statico,18,0.947,0.27320740521644643,0,0
ton->unsw,49,ogni_batch_int,18,0.947,0.7180813418652353,18,576
ton->unsw,49,martingala_int,18,0.947,0.27320740521644643,0,0
ton->unsw,49,statico,19,1.0,0.2436751538101874,0,0
ton->unsw,49,ogni_batch_int,19,1.0,0.7377356991631134,19,608
ton->unsw,49,martingala_int,19,1.0,0.2436751538101874,0,0
ton->unsw,50,statico,0,0.0,0.9350614040314524,0,0
ton->unsw,50,ogni_batch_int,0,0.0,0.9350614040314524,0,0
ton->unsw,50,martingala_int,0,0.0,0.9350614040314524,0,0
ton->unsw,50,statico,1,0.053,0.8938697293445483,0,0
ton->unsw,50,ogni_batch_int,1,0.053,0.917897032651131,1,32
ton->unsw,50,martingala_int,1,0.053,0.8938697293445483,0,0
ton->unsw,50,statico,2,0.105,0.8519198475451317,0,0
ton->unsw,50,ogni_batch_int,2,0.105,0.8605674969788131,2,64
ton->unsw,50,martingala_int,2,0.105,0.8519198475451317,0,0
ton->unsw,50,statico,3,0.158,0.8161693075347436,0,0
ton->unsw,50,ogni_batch_int,3,0.158,0.8157049504339119,3,96
ton->unsw,50,martingala_int,3,0.158,0.8161693075347436,0,0
ton->unsw,50,statico,4,0.211,0.7748244809701471,0,0
ton->unsw,50,ogni_batch_int,4,0.211,0.8041566885975524,4,128
ton->unsw,50,martingala_int,4,0.211,0.7748244809701471,0,0
ton->unsw,50,statico,5,0.263,0.7319888823387775,0,0
ton->unsw,50,ogni_batch_int,5,0.263,0.7498994855582195,5,160
ton->unsw,50,martingala_int,5,0.263,0.7319888823387775,0,0
ton->unsw,50,statico,6,0.316,0.7029884867738612,0,0
ton->unsw,50,ogni_batch_int,6,0.316,0.7173534102204687,6,192
ton->unsw,50,martingala_int,6,0.316,0.7029884867738612,0,0
ton->unsw,50,statico,7,0.368,0.6653866053155648,0,0
ton->unsw,50,ogni_batch_int,7,0.368,0.6681878034613837,7,224
ton->unsw,50,martingala_int,7,0.368,0.6653866053155648,0,0
ton->unsw,50,statico,8,0.421,0.6218262369422051,0,0
ton->unsw,50,ogni_batch_int,8,0.421,0.678933474792283,8,256
ton->unsw,50,martingala_int,8,0.421,0.6218262369422051,0,0
ton->unsw,50,statico,9,0.474,0.5932229265977526,0,0
ton->unsw,50,ogni_batch_int,9,0.474,0.6123142046433125,9,288
ton->unsw,50,martingala_int,9,0.474,0.5932229265977526,0,0
ton->unsw,50,statico,10,0.526,0.5570275335541964,0,0
ton->unsw,50,ogni_batch_int,10,0.526,0.6135578976748701,10,320
ton->unsw,50,martingala_int,10,0.526,0.5570275335541964,0,0
ton->unsw,50,statico,11,0.579,0.5283103339671609,0,0
ton->unsw,50,ogni_batch_int,11,0.579,0.6339877000465703,11,352
ton->unsw,50,martingala_int,11,0.579,0.5283103339671609,0,0
ton->unsw,50,statico,12,0.632,0.49667011348340184,0,0
ton->unsw,50,ogni_batch_int,12,0.632,0.6052043647972322,12,384
ton->unsw,50,martingala_int,12,0.632,0.49667011348340184,0,0
ton->unsw,50,statico,13,0.684,0.45805698760330105,0,0
ton->unsw,50,ogni_batch_int,13,0.684,0.5742408220859321,13,416
ton->unsw,50,martingala_int,13,0.684,0.45805698760330105,0,0
ton->unsw,50,statico,14,0.737,0.4265152370066041,0,0
ton->unsw,50,ogni_batch_int,14,0.737,0.5800122603742077,14,448
ton->unsw,50,martingala_int,14,0.737,0.4265152370066041,0,0
ton->unsw,50,statico,15,0.789,0.39784495478775184,0,0
ton->unsw,50,ogni_batch_int,15,0.789,0.7016795176463622,15,480
ton->unsw,50,martingala_int,15,0.789,0.39784495478775184,0,0
ton->unsw,50,statico,16,0.842,0.36173626136181514,0,0
ton->unsw,50,ogni_batch_int,16,0.842,0.7202489296426036,16,512
ton->unsw,50,martingala_int,16,0.842,0.36173626136181514,0,0
ton->unsw,50,statico,17,0.895,0.33077856587069654,0,0
ton->unsw,50,ogni_batch_int,17,0.895,0.7224171086911249,17,544
ton->unsw,50,martingala_int,17,0.895,0.33077856587069654,0,0
ton->unsw,50,statico,18,0.947,0.2993081005270705,0,0
ton->unsw,50,ogni_batch_int,18,0.947,0.7281291288883756,18,576
ton->unsw,50,martingala_int,18,0.947,0.2993081005270705,0,0
ton->unsw,50,statico,19,1.0,0.2595528692617419,0,0
ton->unsw,50,ogni_batch_int,19,1.0,0.7389088174364493,19,608
ton->unsw,50,martingala_int,19,1.0,0.2595528692617419,0,0
ton->unsw,51,statico,0,0.0,0.9262517488751232,0,0
ton->unsw,51,ogni_batch_int,0,0.0,0.9262517488751232,0,0
ton->unsw,51,martingala_int,0,0.0,0.9262517488751232,0,0
ton->unsw,51,statico,1,0.053,0.893646509903775,0,0
ton->unsw,51,ogni_batch_int,1,0.053,0.8898138448913695,1,32
ton->unsw,51,martingala_int,1,0.053,0.893646509903775,0,0
ton->unsw,51,statico,2,0.105,0.8492895432672779,0,0
ton->unsw,51,ogni_batch_int,2,0.105,0.883420819825359,2,64
ton->unsw,51,martingala_int,2,0.105,0.8492895432672779,0,0
ton->unsw,51,statico,3,0.158,0.8138498951314115,0,0
ton->unsw,51,ogni_batch_int,3,0.158,0.8374159083379109,3,96
ton->unsw,51,martingala_int,3,0.158,0.8138498951314115,0,0
ton->unsw,51,statico,4,0.211,0.7726718110058819,0,0
ton->unsw,51,ogni_batch_int,4,0.211,0.7866669348803901,4,128
ton->unsw,51,martingala_int,4,0.211,0.7726718110058819,0,0
ton->unsw,51,statico,5,0.263,0.7432488574574905,0,0
ton->unsw,51,ogni_batch_int,5,0.263,0.7615817435961321,5,160
ton->unsw,51,martingala_int,5,0.263,0.7432488574574905,0,0
ton->unsw,51,statico,6,0.316,0.7034035960856904,0,0
ton->unsw,51,ogni_batch_int,6,0.316,0.7215386609490044,6,192
ton->unsw,51,martingala_int,6,0.316,0.7034035960856904,0,0
ton->unsw,51,statico,7,0.368,0.6690150420341873,0,0
ton->unsw,51,ogni_batch_int,7,0.368,0.6952427978219631,7,224
ton->unsw,51,martingala_int,7,0.368,0.6690150420341873,0,0
ton->unsw,51,statico,8,0.421,0.627636557631561,0,0
ton->unsw,51,ogni_batch_int,8,0.421,0.6741857408436938,8,256
ton->unsw,51,martingala_int,8,0.421,0.627636557631561,0,0
ton->unsw,51,statico,9,0.474,0.6006593340545738,0,0
ton->unsw,51,ogni_batch_int,9,0.474,0.6475892535160477,9,288
ton->unsw,51,martingala_int,9,0.474,0.6006593340545738,0,0
ton->unsw,51,statico,10,0.526,0.5687962118865274,0,0
ton->unsw,51,ogni_batch_int,10,0.526,0.6534150375113874,10,320
ton->unsw,51,martingala_int,10,0.526,0.5687962118865274,0,0
ton->unsw,51,statico,11,0.579,0.5313806595721657,0,0
ton->unsw,51,ogni_batch_int,11,0.579,0.6520320538785904,11,352
ton->unsw,51,martingala_int,11,0.579,0.5313806595721657,0,0
ton->unsw,51,statico,12,0.632,0.4982541450699811,0,0
ton->unsw,51,ogni_batch_int,12,0.632,0.6214854250774164,12,384
ton->unsw,51,martingala_int,12,0.632,0.4982541450699811,0,0
ton->unsw,51,statico,13,0.684,0.469208728193377,0,0
ton->unsw,51,ogni_batch_int,13,0.684,0.604351964519593,13,416
ton->unsw,51,martingala_int,13,0.684,0.469208728193377,0,0
ton->unsw,51,statico,14,0.737,0.43467391046448955,0,0
ton->unsw,51,ogni_batch_int,14,0.737,0.7109042243686722,14,448
ton->unsw,51,martingala_int,14,0.737,0.43467391046448955,0,0
ton->unsw,51,statico,15,0.789,0.4037580042385944,0,0
ton->unsw,51,ogni_batch_int,15,0.789,0.7289398758014091,15,480
ton->unsw,51,martingala_int,15,0.789,0.4037580042385944,0,0
ton->unsw,51,statico,16,0.842,0.3757717781036831,0,0
ton->unsw,51,ogni_batch_int,16,0.842,0.7255707481160631,16,512
ton->unsw,51,martingala_int,16,0.842,0.3757717781036831,0,0
ton->unsw,51,statico,17,0.895,0.34623673270274435,0,0
ton->unsw,51,ogni_batch_int,17,0.895,0.7242054935240055,17,544
ton->unsw,51,martingala_int,17,0.895,0.34623673270274435,0,0
ton->unsw,51,statico,18,0.947,0.3106234463817701,0,0
ton->unsw,51,ogni_batch_int,18,0.947,0.7210818997671632,18,576
ton->unsw,51,martingala_int,18,0.947,0.3106234463817701,0,0
ton->unsw,51,statico,19,1.0,0.2774762504408577,0,0
ton->unsw,51,ogni_batch_int,19,1.0,0.7338595834023244,19,608
ton->unsw,51,martingala_int,19,1.0,0.2774762504408577,0,0
unsw->ton,42,statico,0,0.0,0.8185340143034117,0,0
unsw->ton,42,ogni_batch_int,0,0.0,0.8185340143034117,0,0
unsw->ton,42,martingala_int,0,0.0,0.8185340143034117,0,0
unsw->ton,42,statico,1,0.053,0.7903135494244841,0,0
unsw->ton,42,ogni_batch_int,1,0.053,0.5551926468471742,1,32
unsw->ton,42,martingala_int,1,0.053,0.7903135494244841,0,0
unsw->ton,42,statico,2,0.105,0.7689038546154068,0,0
unsw->ton,42,ogni_batch_int,2,0.105,0.7419610704499924,2,64
unsw->ton,42,martingala_int,2,0.105,0.7548762796100497,1,32
unsw->ton,42,statico,3,0.158,0.7521383649452112,0,0
unsw->ton,42,ogni_batch_int,3,0.158,0.7060303323960189,3,96
unsw->ton,42,martingala_int,3,0.158,0.7119126600445864,2,64
unsw->ton,42,statico,4,0.211,0.7384011996430104,0,0
unsw->ton,42,ogni_batch_int,4,0.211,0.7102034870505781,4,128
unsw->ton,42,martingala_int,4,0.211,0.6758179341464188,3,96
unsw->ton,42,statico,5,0.263,0.7119830832023071,0,0
unsw->ton,42,ogni_batch_int,5,0.263,0.6972629749064625,5,160
unsw->ton,42,martingala_int,5,0.263,0.6452595643214056,4,128
unsw->ton,42,statico,6,0.316,0.6876661938399313,0,0
unsw->ton,42,ogni_batch_int,6,0.316,0.6797827137912433,6,192
unsw->ton,42,martingala_int,6,0.316,0.6826487684181017,5,160
unsw->ton,42,statico,7,0.368,0.6695710043716916,0,0
unsw->ton,42,ogni_batch_int,7,0.368,0.6555300312438717,7,224
unsw->ton,42,martingala_int,7,0.368,0.6570702315856972,6,192
unsw->ton,42,statico,8,0.421,0.6461709150695005,0,0
unsw->ton,42,ogni_batch_int,8,0.421,0.6400981501138574,8,256
unsw->ton,42,martingala_int,8,0.421,0.6473823177095688,7,224
unsw->ton,42,statico,9,0.474,0.6347712842813529,0,0
unsw->ton,42,ogni_batch_int,9,0.474,0.6354093582305848,9,288
unsw->ton,42,martingala_int,9,0.474,0.6354093582305848,8,256
unsw->ton,42,statico,10,0.526,0.6158767563445209,0,0
unsw->ton,42,ogni_batch_int,10,0.526,0.6193239951276738,10,320
unsw->ton,42,martingala_int,10,0.526,0.6193239951276738,9,288
unsw->ton,42,statico,11,0.579,0.5875818053283469,0,0
unsw->ton,42,ogni_batch_int,11,0.579,0.6057021803164364,11,352
unsw->ton,42,martingala_int,11,0.579,0.6057021803164364,10,320
unsw->ton,42,statico,12,0.632,0.5775168799008725,0,0
unsw->ton,42,ogni_batch_int,12,0.632,0.6476653201580611,12,384
unsw->ton,42,martingala_int,12,0.632,0.6476653201580611,11,352
unsw->ton,42,statico,13,0.684,0.5508502083925177,0,0
unsw->ton,42,ogni_batch_int,13,0.684,0.7080611724784722,13,416
unsw->ton,42,martingala_int,13,0.684,0.7080611724784722,12,384
unsw->ton,42,statico,14,0.737,0.5345994437572399,0,0
unsw->ton,42,ogni_batch_int,14,0.737,0.7054899981411507,14,448
unsw->ton,42,martingala_int,14,0.737,0.7054899981411507,13,416
unsw->ton,42,statico,15,0.789,0.5182640812673452,0,0
unsw->ton,42,ogni_batch_int,15,0.789,0.7314049176100016,15,480
unsw->ton,42,martingala_int,15,0.789,0.7314049176100016,14,448
unsw->ton,42,statico,16,0.842,0.49778974410598975,0,0
unsw->ton,42,ogni_batch_int,16,0.842,0.7275064832822558,16,512
unsw->ton,42,martingala_int,16,0.842,0.7275064832822558,15,480
unsw->ton,42,statico,17,0.895,0.47757864118611504,0,0
unsw->ton,42,ogni_batch_int,17,0.895,0.7477408856011866,17,544
unsw->ton,42,martingala_int,17,0.895,0.7477408856011866,16,512
unsw->ton,42,statico,18,0.947,0.46358346738206885,0,0
unsw->ton,42,ogni_batch_int,18,0.947,0.7454555033052384,18,576
unsw->ton,42,martingala_int,18,0.947,0.7454555033052384,17,544
unsw->ton,42,statico,19,1.0,0.45333091918264196,0,0
unsw->ton,42,ogni_batch_int,19,1.0,0.7516898917108521,19,608
unsw->ton,42,martingala_int,19,1.0,0.7516898917108521,18,576
unsw->ton,43,statico,0,0.0,0.8217521953942579,0,0
unsw->ton,43,ogni_batch_int,0,0.0,0.8217521953942579,0,0
unsw->ton,43,martingala_int,0,0.0,0.8217521953942579,0,0
unsw->ton,43,statico,1,0.053,0.8033476316911925,0,0
unsw->ton,43,ogni_batch_int,1,0.053,0.7875424594353531,1,32
unsw->ton,43,martingala_int,1,0.053,0.8033476316911925,0,0
unsw->ton,43,statico,2,0.105,0.775207096515498,0,0
unsw->ton,43,ogni_batch_int,2,0.105,0.7351127225860422,2,64
unsw->ton,43,martingala_int,2,0.105,0.5082604222043583,1,32
unsw->ton,43,statico,3,0.158,0.7509816536198328,0,0
unsw->ton,43,ogni_batch_int,3,0.158,0.7277875706698587,3,96
unsw->ton,43,martingala_int,3,0.158,0.7099272614531712,2,64
unsw->ton,43,statico,4,0.211,0.7376197871395065,0,0
unsw->ton,43,ogni_batch_int,4,0.211,0.7149203742116665,4,128
unsw->ton,43,martingala_int,4,0.211,0.7370396549789211,3,96
unsw->ton,43,statico,5,0.263,0.7196391376041333,0,0
unsw->ton,43,ogni_batch_int,5,0.263,0.7018358057740262,5,160
unsw->ton,43,martingala_int,5,0.263,0.7125670433724527,4,128
unsw->ton,43,statico,6,0.316,0.6928601796328924,0,0
unsw->ton,43,ogni_batch_int,6,0.316,0.6788871649978132,6,192
unsw->ton,43,martingala_int,6,0.316,0.6827297762935534,5,160
unsw->ton,43,statico,7,0.368,0.6675157662802138,0,0
unsw->ton,43,ogni_batch_int,7,0.368,0.6507818487381882,7,224
unsw->ton,43,martingala_int,7,0.368,0.6376452810642912,6,192
unsw->ton,43,statico,8,0.421,0.6542886243328399,0,0
unsw->ton,43,ogni_batch_int,8,0.421,0.6308110639678173,8,256
unsw->ton,43,martingala_int,8,0.421,0.6809113379865308,7,224
unsw->ton,43,statico,9,0.474,0.632613997277677,0,0
unsw->ton,43,ogni_batch_int,9,0.474,0.659025257108288,9,288
unsw->ton,43,martingala_int,9,0.474,0.659025257108288,8,256
unsw->ton,43,statico,10,0.526,0.6164919495361488,0,0
unsw->ton,43,ogni_batch_int,10,0.526,0.6696690956828071,10,320
unsw->ton,43,martingala_int,10,0.526,0.6696690956828071,9,288
unsw->ton,43,statico,11,0.579,0.5953554120162204,0,0
unsw->ton,43,ogni_batch_int,11,0.579,0.6780956945807561,11,352
unsw->ton,43,martingala_int,11,0.579,0.6780956945807561,10,320
unsw->ton,43,statico,12,0.632,0.5732057107272183,0,0
unsw->ton,43,ogni_batch_int,12,0.632,0.6364548592691683,12,384
unsw->ton,43,martingala_int,12,0.632,0.6364548592691683,11,352
unsw->ton,43,statico,13,0.684,0.5592983600818607,0,0
unsw->ton,43,ogni_batch_int,13,0.684,0.6320101608957016,13,416
unsw->ton,43,martingala_int,13,0.684,0.6320101608957016,12,384
unsw->ton,43,statico,14,0.737,0.5359761674806485,0,0
unsw->ton,43,ogni_batch_int,14,0.737,0.6018043831246876,14,448
unsw->ton,43,martingala_int,14,0.737,0.6018043831246876,13,416
unsw->ton,43,statico,15,0.789,0.5170684247497225,0,0
unsw->ton,43,ogni_batch_int,15,0.789,0.6057683569611051,15,480
unsw->ton,43,martingala_int,15,0.789,0.6057683569611051,14,448
unsw->ton,43,statico,16,0.842,0.5031439329443937,0,0
unsw->ton,43,ogni_batch_int,16,0.842,0.6982775387932659,16,512
unsw->ton,43,martingala_int,16,0.842,0.6982775387932659,15,480
unsw->ton,43,statico,17,0.895,0.48754776914094977,0,0
unsw->ton,43,ogni_batch_int,17,0.895,0.7284967922446646,17,544
unsw->ton,43,martingala_int,17,0.895,0.7284967922446646,16,512
unsw->ton,43,statico,18,0.947,0.4561116300813631,0,0
unsw->ton,43,ogni_batch_int,18,0.947,0.7406248122833974,18,576
unsw->ton,43,martingala_int,18,0.947,0.7406248122833974,17,544
unsw->ton,43,statico,19,1.0,0.44102519775011356,0,0
unsw->ton,43,ogni_batch_int,19,1.0,0.755812625633181,19,608
unsw->ton,43,martingala_int,19,1.0,0.755812625633181,18,576
unsw->ton,44,statico,0,0.0,0.8195147485422067,0,0
unsw->ton,44,ogni_batch_int,0,0.0,0.8195147485422067,0,0
unsw->ton,44,martingala_int,0,0.0,0.8195147485422067,0,0
unsw->ton,44,statico,1,0.053,0.7890304333241851,0,0
unsw->ton,44,ogni_batch_int,1,0.053,0.752969383709938,1,32
unsw->ton,44,martingala_int,1,0.053,0.7890304333241851,0,0
unsw->ton,44,statico,2,0.105,0.7719305978718598,0,0
unsw->ton,44,ogni_batch_int,2,0.105,0.750507809480325,2,64
unsw->ton,44,martingala_int,2,0.105,0.7638910210003453,1,32
unsw->ton,44,statico,3,0.158,0.7470807361185078,0,0
unsw->ton,44,ogni_batch_int,3,0.158,0.7369253330743097,3,96
unsw->ton,44,martingala_int,3,0.158,0.7360589993423925,2,64
unsw->ton,44,statico,4,0.211,0.7228907152020416,0,0
unsw->ton,44,ogni_batch_int,4,0.211,0.7213094628085688,4,128
unsw->ton,44,martingala_int,4,0.211,0.7231281504367133,3,96
unsw->ton,44,statico,5,0.263,0.6993978348078991,0,0
unsw->ton,44,ogni_batch_int,5,0.263,0.7011036332434517,5,160
unsw->ton,44,martingala_int,5,0.263,0.702948642908787,4,128
unsw->ton,44,statico,6,0.316,0.6738901325735969,0,0
unsw->ton,44,ogni_batch_int,6,0.316,0.6670119836575794,6,192
unsw->ton,44,martingala_int,6,0.316,0.6713930269564707,5,160
unsw->ton,44,statico,7,0.368,0.6516203938681815,0,0
unsw->ton,44,ogni_batch_int,7,0.368,0.6555106872306035,7,224
unsw->ton,44,martingala_int,7,0.368,0.6580581092797421,6,192
unsw->ton,44,statico,8,0.421,0.6327066018012042,0,0
unsw->ton,44,ogni_batch_int,8,0.421,0.6413925066348165,8,256
unsw->ton,44,martingala_int,8,0.421,0.6435553111771917,7,224
unsw->ton,44,statico,9,0.474,0.609238792029888,0,0
unsw->ton,44,ogni_batch_int,9,0.474,0.6032027186652993,9,288
unsw->ton,44,martingala_int,9,0.474,0.6032027186652993,8,256
unsw->ton,44,statico,10,0.526,0.586397529968745,0,0
unsw->ton,44,ogni_batch_int,10,0.526,0.6019461197282312,10,320
unsw->ton,44,martingala_int,10,0.526,0.6019461197282312,9,288
unsw->ton,44,statico,11,0.579,0.5654872333336365,0,0
unsw->ton,44,ogni_batch_int,11,0.579,0.587780864926956,11,352
unsw->ton,44,martingala_int,11,0.579,0.587780864926956,10,320
unsw->ton,44,statico,12,0.632,0.5454623650364598,0,0
unsw->ton,44,ogni_batch_int,12,0.632,0.7140119702718486,12,384
unsw->ton,44,martingala_int,12,0.632,0.7140119702718486,11,352
unsw->ton,44,statico,13,0.684,0.5173472324699586,0,0
unsw->ton,44,ogni_batch_int,13,0.684,0.7258375257666294,13,416
unsw->ton,44,martingala_int,13,0.684,0.7258375257666294,12,384
unsw->ton,44,statico,14,0.737,0.5016323666877495,0,0
unsw->ton,44,ogni_batch_int,14,0.737,0.7206650496161617,14,448
unsw->ton,44,martingala_int,14,0.737,0.7206650496161617,13,416
unsw->ton,44,statico,15,0.789,0.48314798838703676,0,0
unsw->ton,44,ogni_batch_int,15,0.789,0.7309178098406559,15,480
unsw->ton,44,martingala_int,15,0.789,0.7309178098406559,14,448
unsw->ton,44,statico,16,0.842,0.4604485928038015,0,0
unsw->ton,44,ogni_batch_int,16,0.842,0.728444740999751,16,512
unsw->ton,44,martingala_int,16,0.842,0.728444740999751,15,480
unsw->ton,44,statico,17,0.895,0.4384680605506119,0,0
unsw->ton,44,ogni_batch_int,17,0.895,0.7320498741892747,17,544
unsw->ton,44,martingala_int,17,0.895,0.7320498741892747,16,512
unsw->ton,44,statico,18,0.947,0.41724110779553425,0,0
unsw->ton,44,ogni_batch_int,18,0.947,0.7773145881172012,18,576
unsw->ton,44,martingala_int,18,0.947,0.7773145881172012,17,544
unsw->ton,44,statico,19,1.0,0.3952452857193875,0,0
unsw->ton,44,ogni_batch_int,19,1.0,0.8029866034040731,19,608
unsw->ton,44,martingala_int,19,1.0,0.8029866034040731,18,576
unsw->ton,45,statico,0,0.0,0.8126962720598463,0,0
unsw->ton,45,ogni_batch_int,0,0.0,0.8126962720598463,0,0
unsw->ton,45,martingala_int,0,0.0,0.8126962720598463,0,0
unsw->ton,45,statico,1,0.053,0.7972591089149283,0,0
unsw->ton,45,ogni_batch_int,1,0.053,0.7797087715018318,1,32
unsw->ton,45,martingala_int,1,0.053,0.7972591089149283,0,0
unsw->ton,45,statico,2,0.105,0.775192592133958,0,0
unsw->ton,45,ogni_batch_int,2,0.105,0.7510984527961806,2,64
unsw->ton,45,martingala_int,2,0.105,0.7504792960876175,1,32
unsw->ton,45,statico,3,0.158,0.755526408268542,0,0
unsw->ton,45,ogni_batch_int,3,0.158,0.7468659999887737,3,96
unsw->ton,45,martingala_int,3,0.158,0.7423515995509279,2,64
unsw->ton,45,statico,4,0.211,0.7312969734635042,0,0
unsw->ton,45,ogni_batch_int,4,0.211,0.7177539563340825,4,128
unsw->ton,45,martingala_int,4,0.211,0.7259520063755285,3,96
unsw->ton,45,statico,5,0.263,0.7162171588806366,0,0
unsw->ton,45,ogni_batch_int,5,0.263,0.7014829201680584,5,160
unsw->ton,45,martingala_int,5,0.263,0.7069103354881917,4,128
unsw->ton,45,statico,6,0.316,0.6928399457277263,0,0
unsw->ton,45,ogni_batch_int,6,0.316,0.6757159856694658,6,192
unsw->ton,45,martingala_int,6,0.316,0.6812201189702125,5,160
unsw->ton,45,statico,7,0.368,0.6699570654955698,0,0
unsw->ton,45,ogni_batch_int,7,0.368,0.658461990885715,7,224
unsw->ton,45,martingala_int,7,0.368,0.6620169524544599,6,192
unsw->ton,45,statico,8,0.421,0.6568206837613397,0,0
unsw->ton,45,ogni_batch_int,8,0.421,0.6463240120161515,8,256
unsw->ton,45,martingala_int,8,0.421,0.6414739736925039,7,224
unsw->ton,45,statico,9,0.474,0.6328961083087565,0,0
unsw->ton,45,ogni_batch_int,9,0.474,0.6266870712484627,9,288
unsw->ton,45,martingala_int,9,0.474,0.6266870712484627,8,256
unsw->ton,45,statico,10,0.526,0.617803409493394,0,0
unsw->ton,45,ogni_batch_int,10,0.526,0.617548243278381,10,320
unsw->ton,45,martingala_int,10,0.526,0.617548243278381,9,288
unsw->ton,45,statico,11,0.579,0.5929726259070558,0,0
unsw->ton,45,ogni_batch_int,11,0.579,0.6794532112869682,11,352
unsw->ton,45,martingala_int,11,0.579,0.6794532112869682,10,320
unsw->ton,45,statico,12,0.632,0.5782750916844989,0,0
unsw->ton,45,ogni_batch_int,12,0.632,0.7625298912203295,12,384
unsw->ton,45,martingala_int,12,0.632,0.7625298912203295,11,352
unsw->ton,45,statico,13,0.684,0.5591047064395354,0,0
unsw->ton,45,ogni_batch_int,13,0.684,0.7684698302921091,13,416
unsw->ton,45,martingala_int,13,0.684,0.7684698302921091,12,384
unsw->ton,45,statico,14,0.737,0.543724935047526,0,0
unsw->ton,45,ogni_batch_int,14,0.737,0.7524244847082546,14,448
unsw->ton,45,martingala_int,14,0.737,0.7524244847082546,13,416
unsw->ton,45,statico,15,0.789,0.5260280707769991,0,0
unsw->ton,45,ogni_batch_int,15,0.789,0.7687668096196977,15,480
unsw->ton,45,martingala_int,15,0.789,0.7687668096196977,14,448
unsw->ton,45,statico,16,0.842,0.5049505133283497,0,0
unsw->ton,45,ogni_batch_int,16,0.842,0.7913626563146487,16,512
unsw->ton,45,martingala_int,16,0.842,0.7913626563146487,15,480
unsw->ton,45,statico,17,0.895,0.4914876037997189,0,0
unsw->ton,45,ogni_batch_int,17,0.895,0.8148574754651531,17,544
unsw->ton,45,martingala_int,17,0.895,0.8148574754651531,16,512
unsw->ton,45,statico,18,0.947,0.47141187942304374,0,0
unsw->ton,45,ogni_batch_int,18,0.947,0.777602497116904,18,576
unsw->ton,45,martingala_int,18,0.947,0.777602497116904,17,544
unsw->ton,45,statico,19,1.0,0.44778737781445854,0,0
unsw->ton,45,ogni_batch_int,19,1.0,0.8031109277074253,19,608
unsw->ton,45,martingala_int,19,1.0,0.8031109277074253,18,576
unsw->ton,46,statico,0,0.0,0.8171721795273315,0,0
unsw->ton,46,ogni_batch_int,0,0.0,0.8171721795273315,0,0
unsw->ton,46,martingala_int,0,0.0,0.8171721795273315,0,0
unsw->ton,46,statico,1,0.053,0.7988394848535113,0,0
unsw->ton,46,ogni_batch_int,1,0.053,0.7529270095431423,1,32
unsw->ton,46,martingala_int,1,0.053,0.7988394848535113,0,0
unsw->ton,46,statico,2,0.105,0.781133221830323,0,0
unsw->ton,46,ogni_batch_int,2,0.105,0.7470767874300761,2,64
unsw->ton,46,martingala_int,2,0.105,0.7390320080027197,1,32
unsw->ton,46,statico,3,0.158,0.7573865437062066,0,0
unsw->ton,46,ogni_batch_int,3,0.158,0.7320101167431367,3,96
unsw->ton,46,martingala_int,3,0.158,0.7143436779792656,2,64
unsw->ton,46,statico,4,0.211,0.7340470589361281,0,0
unsw->ton,46,ogni_batch_int,4,0.211,0.6955520700003575,4,128
unsw->ton,46,martingala_int,4,0.211,0.6739834519326018,3,96
unsw->ton,46,statico,5,0.263,0.7159531143906623,0,0
unsw->ton,46,ogni_batch_int,5,0.263,0.6782654878507022,5,160
unsw->ton,46,martingala_int,5,0.263,0.6834306234123122,4,128
unsw->ton,46,statico,6,0.316,0.6957143433257711,0,0
unsw->ton,46,ogni_batch_int,6,0.316,0.6531836586941973,6,192
unsw->ton,46,martingala_int,6,0.316,0.6479547876950462,5,160
unsw->ton,46,statico,7,0.368,0.6762343539092395,0,0
unsw->ton,46,ogni_batch_int,7,0.368,0.6486031831122612,7,224
unsw->ton,46,martingala_int,7,0.368,0.6487315736062806,6,192
unsw->ton,46,statico,8,0.421,0.6573077743118588,0,0
unsw->ton,46,ogni_batch_int,8,0.421,0.6298470338501012,8,256
unsw->ton,46,martingala_int,8,0.421,0.6358541901616148,7,224
unsw->ton,46,statico,9,0.474,0.6329350643680718,0,0
unsw->ton,46,ogni_batch_int,9,0.474,0.6309662279876288,9,288
unsw->ton,46,martingala_int,9,0.474,0.6309662279876288,8,256
unsw->ton,46,statico,10,0.526,0.6195285257013745,0,0
unsw->ton,46,ogni_batch_int,10,0.526,0.6210627000564866,10,320
unsw->ton,46,martingala_int,10,0.526,0.6210627000564866,9,288
unsw->ton,46,statico,11,0.579,0.5993946085555184,0,0
unsw->ton,46,ogni_batch_int,11,0.579,0.597565078642716,11,352
unsw->ton,46,martingala_int,11,0.579,0.597565078642716,10,320
unsw->ton,46,statico,12,0.632,0.5770423724185638,0,0
unsw->ton,46,ogni_batch_int,12,0.632,0.579238075457813,12,384
unsw->ton,46,martingala_int,12,0.632,0.579238075457813,11,352
unsw->ton,46,statico,13,0.684,0.5564463189177905,0,0
unsw->ton,46,ogni_batch_int,13,0.684,0.6658191015667981,13,416
unsw->ton,46,martingala_int,13,0.684,0.6658191015667981,12,384
unsw->ton,46,statico,14,0.737,0.5503233544678828,0,0
unsw->ton,46,ogni_batch_int,14,0.737,0.6660936150268526,14,448
unsw->ton,46,martingala_int,14,0.737,0.6660936150268526,13,416
unsw->ton,46,statico,15,0.789,0.5234550373532838,0,0
unsw->ton,46,ogni_batch_int,15,0.789,0.6644818118854692,15,480
unsw->ton,46,martingala_int,15,0.789,0.6644818118854692,14,448
unsw->ton,46,statico,16,0.842,0.5084075834075834,0,0
unsw->ton,46,ogni_batch_int,16,0.842,0.7051823946560789,16,512
unsw->ton,46,martingala_int,16,0.842,0.7051823946560789,15,480
unsw->ton,46,statico,17,0.895,0.4874002659574468,0,0
unsw->ton,46,ogni_batch_int,17,0.895,0.7350506177076184,17,544
unsw->ton,46,martingala_int,17,0.895,0.7350506177076184,16,512
unsw->ton,46,statico,18,0.947,0.47290420946264067,0,0
unsw->ton,46,ogni_batch_int,18,0.947,0.7724890817008963,18,576
unsw->ton,46,martingala_int,18,0.947,0.7724890817008963,17,544
unsw->ton,46,statico,19,1.0,0.44503396105028625,0,0
unsw->ton,46,ogni_batch_int,19,1.0,0.8552648795231896,19,608
unsw->ton,46,martingala_int,19,1.0,0.8552648795231896,18,576
unsw->ton,47,statico,0,0.0,0.815024059103783,0,0
unsw->ton,47,ogni_batch_int,0,0.0,0.815024059103783,0,0
unsw->ton,47,martingala_int,0,0.0,0.815024059103783,0,0
unsw->ton,47,statico,1,0.053,0.7945731350291348,0,0
unsw->ton,47,ogni_batch_int,1,0.053,0.7569800049898843,1,32
unsw->ton,47,martingala_int,1,0.053,0.7945731350291348,0,0
unsw->ton,47,statico,2,0.105,0.7775580906653303,0,0
unsw->ton,47,ogni_batch_int,2,0.105,0.7689266909728066,2,64
unsw->ton,47,martingala_int,2,0.105,0.7760429018644843,1,32
unsw->ton,47,statico,3,0.158,0.7579278651236483,0,0
unsw->ton,47,ogni_batch_int,3,0.158,0.7498272773945536,3,96
unsw->ton,47,martingala_int,3,0.158,0.749525202174995,2,64
unsw->ton,47,statico,4,0.211,0.7297329071032292,0,0
unsw->ton,47,ogni_batch_int,4,0.211,0.7028047299312297,4,128
unsw->ton,47,martingala_int,4,0.211,0.7068198447382665,3,96
unsw->ton,47,statico,5,0.263,0.7136135939708506,0,0
unsw->ton,47,ogni_batch_int,5,0.263,0.6956012350256042,5,160
unsw->ton,47,martingala_int,5,0.263,0.6732388430613805,4,128
unsw->ton,47,statico,6,0.316,0.6957793478399443,0,0
unsw->ton,47,ogni_batch_int,6,0.316,0.6759525328225464,6,192
unsw->ton,47,martingala_int,6,0.316,0.6798798334959459,5,160
unsw->ton,47,statico,7,0.368,0.6717297802711548,0,0
unsw->ton,47,ogni_batch_int,7,0.368,0.6641713417484806,7,224
unsw->ton,47,martingala_int,7,0.368,0.662974520804114,6,192
unsw->ton,47,statico,8,0.421,0.655615046215204,0,0
unsw->ton,47,ogni_batch_int,8,0.421,0.6354425850572338,8,256
unsw->ton,47,martingala_int,8,0.421,0.6316409092133983,7,224
unsw->ton,47,statico,9,0.474,0.6361449322589565,0,0
unsw->ton,47,ogni_batch_int,9,0.474,0.6473816810534727,9,288
unsw->ton,47,martingala_int,9,0.474,0.6473816810534727,8,256
unsw->ton,47,statico,10,0.526,0.6119064066516668,0,0
unsw->ton,47,ogni_batch_int,10,0.526,0.627054147999617,10,320
unsw->ton,47,martingala_int,10,0.526,0.627054147999617,9,288
unsw->ton,47,statico,11,0.579,0.5910913214319155,0,0
unsw->ton,47,ogni_batch_int,11,0.579,0.6286965356419849,11,352
unsw->ton,47,martingala_int,11,0.579,0.6286965356419849,10,320
unsw->ton,47,statico,12,0.632,0.5696746792456047,0,0
unsw->ton,47,ogni_batch_int,12,0.632,0.6781778224742558,12,384
unsw->ton,47,martingala_int,12,0.632,0.6781778224742558,11,352
unsw->ton,47,statico,13,0.684,0.5534350347123306,0,0
unsw->ton,47,ogni_batch_int,13,0.684,0.6960715592789898,13,416
unsw->ton,47,martingala_int,13,0.684,0.6960715592789898,12,384
unsw->ton,47,statico,14,0.737,0.5329175420168067,0,0
unsw->ton,47,ogni_batch_int,14,0.737,0.7022846638655462,14,448
unsw->ton,47,martingala_int,14,0.737,0.7022846638655462,13,416
unsw->ton,47,statico,15,0.789,0.5205739175003532,0,0
unsw->ton,47,ogni_batch_int,15,0.789,0.7012252339854684,15,480
unsw->ton,47,martingala_int,15,0.789,0.7012252339854684,14,448
unsw->ton,47,statico,16,0.842,0.4976075953594403,0,0
unsw->ton,47,ogni_batch_int,16,0.842,0.7260894127868487,16,512
unsw->ton,47,martingala_int,16,0.842,0.7260894127868487,15,480
unsw->ton,47,statico,17,0.895,0.4793036926434431,0,0
unsw->ton,47,ogni_batch_int,17,0.895,0.7514501563676534,17,544
unsw->ton,47,martingala_int,17,0.895,0.7514501563676534,16,512
unsw->ton,47,statico,18,0.947,0.4630150032258933,0,0
unsw->ton,47,ogni_batch_int,18,0.947,0.7501812665473564,18,576
unsw->ton,47,martingala_int,18,0.947,0.7501812665473564,17,544
unsw->ton,47,statico,19,1.0,0.44098347705542984,0,0
unsw->ton,47,ogni_batch_int,19,1.0,0.801504683487869,19,608
unsw->ton,47,martingala_int,19,1.0,0.801504683487869,18,576
unsw->ton,48,statico,0,0.0,0.8194653515831474,0,0
unsw->ton,48,ogni_batch_int,0,0.0,0.8194653515831474,0,0
unsw->ton,48,martingala_int,0,0.0,0.8194653515831474,0,0
unsw->ton,48,statico,1,0.053,0.7930769297972575,0,0
unsw->ton,48,ogni_batch_int,1,0.053,0.7861752392577634,1,32
unsw->ton,48,martingala_int,1,0.053,0.7930769297972575,0,0
unsw->ton,48,statico,2,0.105,0.7696369247591153,0,0
unsw->ton,48,ogni_batch_int,2,0.105,0.7699128636661547,2,64
unsw->ton,48,martingala_int,2,0.105,0.7049499370176285,1,32
unsw->ton,48,statico,3,0.158,0.7456844461105234,0,0
unsw->ton,48,ogni_batch_int,3,0.158,0.7327917832550127,3,96
unsw->ton,48,martingala_int,3,0.158,0.7302876440898076,2,64
unsw->ton,48,statico,4,0.211,0.7279297686570882,0,0
unsw->ton,48,ogni_batch_int,4,0.211,0.6925243207051144,4,128
unsw->ton,48,martingala_int,4,0.211,0.6934545557467037,3,96
unsw->ton,48,statico,5,0.263,0.698752998722622,0,0
unsw->ton,48,ogni_batch_int,5,0.263,0.6839424245256567,5,160
unsw->ton,48,martingala_int,5,0.263,0.673211055006952,4,128
unsw->ton,48,statico,6,0.316,0.6777341506509458,0,0
unsw->ton,48,ogni_batch_int,6,0.316,0.6587642111026233,6,192
unsw->ton,48,martingala_int,6,0.316,0.6630031708168533,5,160
unsw->ton,48,statico,7,0.368,0.6597172896095187,0,0
unsw->ton,48,ogni_batch_int,7,0.368,0.6481750468562721,7,224
unsw->ton,48,martingala_int,7,0.368,0.6275183531044752,6,192
unsw->ton,48,statico,8,0.421,0.6287172011661808,0,0
unsw->ton,48,ogni_batch_int,8,0.421,0.5972600323113777,8,256
unsw->ton,48,martingala_int,8,0.421,0.5974858869844571,7,224
unsw->ton,48,statico,9,0.474,0.6112476415679804,0,0
unsw->ton,48,ogni_batch_int,9,0.474,0.6070715629714154,9,288
unsw->ton,48,martingala_int,9,0.474,0.6070715629714154,8,256
unsw->ton,48,statico,10,0.526,0.5881982725684138,0,0
unsw->ton,48,ogni_batch_int,10,0.526,0.6015921490985134,10,320
unsw->ton,48,martingala_int,10,0.526,0.6015921490985134,9,288
unsw->ton,48,statico,11,0.579,0.5701223935738043,0,0
unsw->ton,48,ogni_batch_int,11,0.579,0.6045384292726617,11,352
unsw->ton,48,martingala_int,11,0.579,0.6045384292726617,10,320
unsw->ton,48,statico,12,0.632,0.5465868351215881,0,0
unsw->ton,48,ogni_batch_int,12,0.632,0.6474897145076559,12,384
unsw->ton,48,martingala_int,12,0.632,0.6474897145076559,11,352
unsw->ton,48,statico,13,0.684,0.5211859956027377,0,0
unsw->ton,48,ogni_batch_int,13,0.684,0.7278186821581438,13,416
unsw->ton,48,martingala_int,13,0.684,0.7278186821581438,12,384
unsw->ton,48,statico,14,0.737,0.5046586585543258,0,0
unsw->ton,48,ogni_batch_int,14,0.737,0.7230962797923879,14,448
unsw->ton,48,martingala_int,14,0.737,0.7230962797923879,13,416
unsw->ton,48,statico,15,0.789,0.4792486455454456,0,0
unsw->ton,48,ogni_batch_int,15,0.789,0.733419677321242,15,480
unsw->ton,48,martingala_int,15,0.789,0.733419677321242,14,448
unsw->ton,48,statico,16,0.842,0.4663722366382191,0,0
unsw->ton,48,ogni_batch_int,16,0.842,0.6953774961083293,16,512
unsw->ton,48,martingala_int,16,0.842,0.6953774961083293,15,480
unsw->ton,48,statico,17,0.895,0.4373987500128569,0,0
unsw->ton,48,ogni_batch_int,17,0.895,0.7047107932411641,17,544
unsw->ton,48,martingala_int,17,0.895,0.7047107932411641,16,512
unsw->ton,48,statico,18,0.947,0.4197367092360529,0,0
unsw->ton,48,ogni_batch_int,18,0.947,0.718492301844273,18,576
unsw->ton,48,martingala_int,18,0.947,0.718492301844273,17,544
unsw->ton,48,statico,19,1.0,0.40133984493336594,0,0
unsw->ton,48,ogni_batch_int,19,1.0,0.730651654139812,19,608
unsw->ton,48,martingala_int,19,1.0,0.730651654139812,18,576
unsw->ton,49,statico,0,0.0,0.8171168351385739,0,0
unsw->ton,49,ogni_batch_int,0,0.0,0.8171168351385739,0,0
unsw->ton,49,martingala_int,0,0.0,0.8171168351385739,0,0
unsw->ton,49,statico,1,0.053,0.797674893200185,0,0
unsw->ton,49,ogni_batch_int,1,0.053,0.6167481156975321,1,32
unsw->ton,49,martingala_int,1,0.053,0.797674893200185,0,0
unsw->ton,49,statico,2,0.105,0.7723133680029861,0,0
unsw->ton,49,ogni_batch_int,2,0.105,0.7483951613702404,2,64
unsw->ton,49,martingala_int,2,0.105,0.7296203111460033,1,32
unsw->ton,49,statico,3,0.158,0.7558348298210078,0,0
unsw->ton,49,ogni_batch_int,3,0.158,0.7108794003658203,3,96
unsw->ton,49,martingala_int,3,0.158,0.7100926575492628,2,64
unsw->ton,49,statico,4,0.211,0.7329403575030216,0,0
unsw->ton,49,ogni_batch_int,4,0.211,0.7176247624673215,4,128
unsw->ton,49,martingala_int,4,0.211,0.7306045180748417,3,96
unsw->ton,49,statico,5,0.263,0.7144909948971415,0,0
unsw->ton,49,ogni_batch_int,5,0.263,0.6948594706972129,5,160
unsw->ton,49,martingala_int,5,0.263,0.702537274354739,4,128
unsw->ton,49,statico,6,0.316,0.6914086646491339,0,0
unsw->ton,49,ogni_batch_int,6,0.316,0.6856977333516923,6,192
unsw->ton,49,martingala_int,6,0.316,0.6910779835999777,5,160
unsw->ton,49,statico,7,0.368,0.6718248110836504,0,0
unsw->ton,49,ogni_batch_int,7,0.368,0.6701804447442885,7,224
unsw->ton,49,martingala_int,7,0.368,0.6646291664656712,6,192
unsw->ton,49,statico,8,0.421,0.6590404394576905,0,0
unsw->ton,49,ogni_batch_int,8,0.421,0.6482678821879382,8,256
unsw->ton,49,martingala_int,8,0.421,0.6592215988779804,7,224
unsw->ton,49,statico,9,0.474,0.6318651142459343,0,0
unsw->ton,49,ogni_batch_int,9,0.474,0.6339603322675307,9,288
unsw->ton,49,martingala_int,9,0.474,0.6375195884232205,8,256
unsw->ton,49,statico,10,0.526,0.615908204377258,0,0
unsw->ton,49,ogni_batch_int,10,0.526,0.6486475491545557,10,320
unsw->ton,49,martingala_int,10,0.526,0.6202672589813419,9,288
unsw->ton,49,statico,11,0.579,0.6001587557572357,0,0
unsw->ton,49,ogni_batch_int,11,0.579,0.7076528375069469,11,352
unsw->ton,49,martingala_int,11,0.579,0.6477889066989968,10,320
unsw->ton,49,statico,12,0.632,0.5792315545285917,0,0
unsw->ton,49,ogni_batch_int,12,0.632,0.73350980889872,12,384
unsw->ton,49,martingala_int,12,0.632,0.6536600895535223,11,352
unsw->ton,49,statico,13,0.684,0.5587695953919503,0,0
unsw->ton,49,ogni_batch_int,13,0.684,0.7525860019517641,13,416
unsw->ton,49,martingala_int,13,0.684,0.6471625630360531,12,384
unsw->ton,49,statico,14,0.737,0.5391684589427868,0,0
unsw->ton,49,ogni_batch_int,14,0.737,0.7420253840389267,14,448
unsw->ton,49,martingala_int,14,0.737,0.7341102697050808,13,416
unsw->ton,49,statico,15,0.789,0.5235758171270393,0,0
unsw->ton,49,ogni_batch_int,15,0.789,0.7413576816130942,15,480
unsw->ton,49,martingala_int,15,0.789,0.7518456129813185,14,448
unsw->ton,49,statico,16,0.842,0.49858749305351246,0,0
unsw->ton,49,ogni_batch_int,16,0.842,0.7451583799156615,16,512
unsw->ton,49,martingala_int,16,0.842,0.7623265012585401,15,480
unsw->ton,49,statico,17,0.895,0.4854092394533571,0,0
unsw->ton,49,ogni_batch_int,17,0.895,0.7438088871912402,17,544
unsw->ton,49,martingala_int,17,0.895,0.7438088871912402,16,512
unsw->ton,49,statico,18,0.947,0.4613935247673105,0,0
unsw->ton,49,ogni_batch_int,18,0.947,0.7693722324762277,18,576
unsw->ton,49,martingala_int,18,0.947,0.7693722324762277,17,544
unsw->ton,49,statico,19,1.0,0.447740782736171,0,0
unsw->ton,49,ogni_batch_int,19,1.0,0.7699864413671735,19,608
unsw->ton,49,martingala_int,19,1.0,0.7699864413671735,18,576
unsw->ton,50,statico,0,0.0,0.8189303948935729,0,0
unsw->ton,50,ogni_batch_int,0,0.0,0.8189303948935729,0,0
unsw->ton,50,martingala_int,0,0.0,0.8189303948935729,0,0
unsw->ton,50,statico,1,0.053,0.7973440178498544,0,0
unsw->ton,50,ogni_batch_int,1,0.053,0.7984226279557018,1,32
unsw->ton,50,martingala_int,1,0.053,0.7973440178498544,0,0
unsw->ton,50,statico,2,0.105,0.777808854181268,0,0
unsw->ton,50,ogni_batch_int,2,0.105,0.754578424483225,2,64
unsw->ton,50,martingala_int,2,0.105,0.7372917357993107,1,32
unsw->ton,50,statico,3,0.158,0.7565931247672144,0,0
unsw->ton,50,ogni_batch_int,3,0.158,0.7414482058105335,3,96
unsw->ton,50,martingala_int,3,0.158,0.7366786341440668,2,64
unsw->ton,50,statico,4,0.211,0.7360443503851367,0,0
unsw->ton,50,ogni_batch_int,4,0.211,0.7247426300100558,4,128
unsw->ton,50,martingala_int,4,0.211,0.7158960797552212,3,96
unsw->ton,50,statico,5,0.263,0.710327240375701,0,0
unsw->ton,50,ogni_batch_int,5,0.263,0.6965258315898135,5,160
unsw->ton,50,martingala_int,5,0.263,0.6871824146822867,4,128
unsw->ton,50,statico,6,0.316,0.6958200925276438,0,0
unsw->ton,50,ogni_batch_int,6,0.316,0.676802504573594,6,192
unsw->ton,50,martingala_int,6,0.316,0.6913502784323329,5,160
unsw->ton,50,statico,7,0.368,0.675553228877609,0,0
unsw->ton,50,ogni_batch_int,7,0.368,0.6726211139718619,7,224
unsw->ton,50,martingala_int,7,0.368,0.6657075146999809,6,192
unsw->ton,50,statico,8,0.421,0.6535716887279388,0,0
unsw->ton,50,ogni_batch_int,8,0.421,0.6541488645283289,8,256
unsw->ton,50,martingala_int,8,0.421,0.6489102415441701,7,224
unsw->ton,50,statico,9,0.474,0.6397692448727573,0,0
unsw->ton,50,ogni_batch_int,9,0.474,0.6514387589568726,9,288
unsw->ton,50,martingala_int,9,0.474,0.6514387589568726,8,256
unsw->ton,50,statico,10,0.526,0.6203831914047734,0,0
unsw->ton,50,ogni_batch_int,10,0.526,0.5864778718102573,10,320
unsw->ton,50,martingala_int,10,0.526,0.5864778718102573,9,288
unsw->ton,50,statico,11,0.579,0.5972579392738291,0,0
unsw->ton,50,ogni_batch_int,11,0.579,0.575151872038408,11,352
unsw->ton,50,martingala_int,11,0.579,0.575151872038408,10,320
unsw->ton,50,statico,12,0.632,0.5806370001292283,0,0
unsw->ton,50,ogni_batch_int,12,0.632,0.6538187471719296,12,384
unsw->ton,50,martingala_int,12,0.632,0.6538187471719296,11,352
unsw->ton,50,statico,13,0.684,0.5624396380240252,0,0
unsw->ton,50,ogni_batch_int,13,0.684,0.6958480817603736,13,416
unsw->ton,50,martingala_int,13,0.684,0.6958480817603736,12,384
unsw->ton,50,statico,14,0.737,0.5374872658180313,0,0
unsw->ton,50,ogni_batch_int,14,0.737,0.7131521061651871,14,448
unsw->ton,50,martingala_int,14,0.737,0.7131521061651871,13,416
unsw->ton,50,statico,15,0.789,0.5218609000744032,0,0
unsw->ton,50,ogni_batch_int,15,0.789,0.7177878672339385,15,480
unsw->ton,50,martingala_int,15,0.789,0.7177878672339385,14,448
unsw->ton,50,statico,16,0.842,0.5049957488243327,0,0
unsw->ton,50,ogni_batch_int,16,0.842,0.7083487950576643,16,512
unsw->ton,50,martingala_int,16,0.842,0.7083487950576643,15,480
unsw->ton,50,statico,17,0.895,0.4843211812852041,0,0
unsw->ton,50,ogni_batch_int,17,0.895,0.7073086621790101,17,544
unsw->ton,50,martingala_int,17,0.895,0.7073086621790101,16,512
unsw->ton,50,statico,18,0.947,0.4712741198773573,0,0
unsw->ton,50,ogni_batch_int,18,0.947,0.7051817808481036,18,576
unsw->ton,50,martingala_int,18,0.947,0.7051817808481036,17,544
unsw->ton,50,statico,19,1.0,0.44956483933476116,0,0
unsw->ton,50,ogni_batch_int,19,1.0,0.7331309851625994,19,608
unsw->ton,50,martingala_int,19,1.0,0.7331309851625994,18,576
unsw->ton,51,statico,0,0.0,0.8203501390644403,0,0
unsw->ton,51,ogni_batch_int,0,0.0,0.8203501390644403,0,0
unsw->ton,51,martingala_int,0,0.0,0.8203501390644403,0,0
unsw->ton,51,statico,1,0.053,0.797481502648609,0,0
unsw->ton,51,ogni_batch_int,1,0.053,0.7481529932085642,1,32
unsw->ton,51,martingala_int,1,0.053,0.797481502648609,0,0
unsw->ton,51,statico,2,0.105,0.7747497987843801,0,0
unsw->ton,51,ogni_batch_int,2,0.105,0.748794926590991,2,64
unsw->ton,51,martingala_int,2,0.105,0.7758605090061337,1,32
unsw->ton,51,statico,3,0.158,0.7579049428951107,0,0
unsw->ton,51,ogni_batch_int,3,0.158,0.728284767533727,3,96
unsw->ton,51,martingala_int,3,0.158,0.7428860608538724,2,64
unsw->ton,51,statico,4,0.211,0.7389839416140155,0,0
unsw->ton,51,ogni_batch_int,4,0.211,0.7100976946385043,4,128
unsw->ton,51,martingala_int,4,0.211,0.7148717019686847,3,96
unsw->ton,51,statico,5,0.263,0.7116054920911532,0,0
unsw->ton,51,ogni_batch_int,5,0.263,0.6991335468126146,5,160
unsw->ton,51,martingala_int,5,0.263,0.7049965645555093,4,128
unsw->ton,51,statico,6,0.316,0.6877348788815583,0,0
unsw->ton,51,ogni_batch_int,6,0.316,0.6797664802803007,6,192
unsw->ton,51,martingala_int,6,0.316,0.6912952880632983,5,160
unsw->ton,51,statico,7,0.368,0.6736103373483227,0,0
unsw->ton,51,ogni_batch_int,7,0.368,0.680048003289736,7,224
unsw->ton,51,martingala_int,7,0.368,0.6887911153270851,6,192
unsw->ton,51,statico,8,0.421,0.6532585250622338,0,0
unsw->ton,51,ogni_batch_int,8,0.421,0.675488415479294,8,256
unsw->ton,51,martingala_int,8,0.421,0.6841279570156278,7,224
unsw->ton,51,statico,9,0.474,0.6351456881622506,0,0
unsw->ton,51,ogni_batch_int,9,0.474,0.6928014470375217,9,288
unsw->ton,51,martingala_int,9,0.474,0.681932477336038,8,256
unsw->ton,51,statico,10,0.526,0.6182233016130932,0,0
unsw->ton,51,ogni_batch_int,10,0.526,0.703388085531722,10,320
unsw->ton,51,martingala_int,10,0.526,0.749381190101854,9,288
unsw->ton,51,statico,11,0.579,0.5924730670772099,0,0
unsw->ton,51,ogni_batch_int,11,0.579,0.7101500939865792,11,352
unsw->ton,51,martingala_int,11,0.579,0.7543917557283769,10,320
unsw->ton,51,statico,12,0.632,0.576504995172703,0,0
unsw->ton,51,ogni_batch_int,12,0.632,0.7355438575506548,12,384
unsw->ton,51,martingala_int,12,0.632,0.7344415948808163,11,352
unsw->ton,51,statico,13,0.684,0.5565808799320242,0,0
unsw->ton,51,ogni_batch_int,13,0.684,0.7126955553875376,13,416
unsw->ton,51,martingala_int,13,0.684,0.7486107709251113,12,384
unsw->ton,51,statico,14,0.737,0.5418668806007783,0,0
unsw->ton,51,ogni_batch_int,14,0.737,0.730167094024633,14,448
unsw->ton,51,martingala_int,14,0.737,0.7305896855084095,13,416
unsw->ton,51,statico,15,0.789,0.5205003121110778,0,0
unsw->ton,51,ogni_batch_int,15,0.789,0.7419827034659254,15,480
unsw->ton,51,martingala_int,15,0.789,0.7543903192357755,14,448
unsw->ton,51,statico,16,0.842,0.5087306644426172,0,0
unsw->ton,51,ogni_batch_int,16,0.842,0.7238963669485048,16,512
unsw->ton,51,martingala_int,16,0.842,0.7238963669485048,15,480
unsw->ton,51,statico,17,0.895,0.48790151263742393,0,0
unsw->ton,51,ogni_batch_int,17,0.895,0.7330297080743021,17,544
unsw->ton,51,martingala_int,17,0.895,0.7330297080743021,16,512
unsw->ton,51,statico,18,0.947,0.46513663534726724,0,0
unsw->ton,51,ogni_batch_int,18,0.947,0.7153231589540516,18,576
unsw->ton,51,martingala_int,18,0.947,0.7153231589540516,17,544
unsw->ton,51,statico,19,1.0,0.4460276213765292,0,0
unsw->ton,51,ogni_batch_int,19,1.0,0.746385737755884,19,608
unsw->ton,51,martingala_int,19,1.0,0.746385737755884,18,576
bot->unsw,42,statico,0,0.0,0.97545,0,0
bot->unsw,42,ogni_batch_int,0,0.0,0.97545,0,0
bot->unsw,42,martingala_int,0,0.0,0.97545,0,0
bot->unsw,42,statico,1,0.053,0.872637361211348,0,0
bot->unsw,42,ogni_batch_int,1,0.053,0.872637361211348,1,32
bot->unsw,42,martingala_int,1,0.053,0.872637361211348,0,0
bot->unsw,42,statico,2,0.105,0.874230361082521,0,0
bot->unsw,42,ogni_batch_int,2,0.105,0.7716843677296354,2,64
bot->unsw,42,martingala_int,2,0.105,0.8476002490205926,1,32
bot->unsw,42,statico,3,0.158,0.853288374616322,0,0
bot->unsw,42,ogni_batch_int,3,0.158,0.6782146013898127,3,96
bot->unsw,42,martingala_int,3,0.158,0.88729274818799,2,64
bot->unsw,42,statico,4,0.211,0.8402604395114119,0,0
bot->unsw,42,ogni_batch_int,4,0.211,0.8137960484879809,4,128
bot->unsw,42,martingala_int,4,0.211,0.8790809104504334,3,96
bot->unsw,42,statico,5,0.263,0.8161182163643679,0,0
bot->unsw,42,ogni_batch_int,5,0.263,0.8879798216595903,5,160
bot->unsw,42,martingala_int,5,0.263,0.8718228230574874,4,128
bot->unsw,42,statico,6,0.316,0.8071147050110632,0,0
bot->unsw,42,ogni_batch_int,6,0.316,0.8880617186099022,6,192
bot->unsw,42,martingala_int,6,0.316,0.879114799735756,5,160
bot->unsw,42,statico,7,0.368,0.7760780475148742,0,0
bot->unsw,42,ogni_batch_int,7,0.368,0.8668519988699953,7,224
bot->unsw,42,martingala_int,7,0.368,0.8679636168512216,6,192
bot->unsw,42,statico,8,0.421,0.7512121617838581,0,0
bot->unsw,42,ogni_batch_int,8,0.421,0.858389707761779,8,256
bot->unsw,42,martingala_int,8,0.421,0.8579427695079054,7,224
bot->unsw,42,statico,9,0.474,0.7267950582274012,0,0
bot->unsw,42,ogni_batch_int,9,0.474,0.8366064693404887,9,288
bot->unsw,42,martingala_int,9,0.474,0.8370792707094101,8,256
bot->unsw,42,statico,10,0.526,0.7086302383362282,0,0
bot->unsw,42,ogni_batch_int,10,0.526,0.8441602781977748,10,320
bot->unsw,42,martingala_int,10,0.526,0.8268590861001079,9,288
bot->unsw,42,statico,11,0.579,0.679847889390866,0,0
bot->unsw,42,ogni_batch_int,11,0.579,0.8572628061804659,11,352
bot->unsw,42,martingala_int,11,0.579,0.863392898303522,10,320
bot->unsw,42,statico,12,0.632,0.662762661637931,0,0
bot->unsw,42,ogni_batch_int,12,0.632,0.8339765176005747,12,384
bot->unsw,42,martingala_int,12,0.632,0.8414286997126437,11,352
bot->unsw,42,statico,13,0.684,0.6351159456254998,0,0
bot->unsw,42,ogni_batch_int,13,0.684,0.813792281895387,13,416
bot->unsw,42,martingala_int,13,0.684,0.8184105902059724,12,384
bot->unsw,42,statico,14,0.737,0.6016189830436022,0,0
bot->unsw,42,ogni_batch_int,14,0.737,0.8070567841955186,14,448
bot->unsw,42,martingala_int,14,0.737,0.8088021891971445,13,416
bot->unsw,42,statico,15,0.789,0.5700841189153343,0,0
bot->unsw,42,ogni_batch_int,15,0.789,0.8078478324477718,15,480
bot->unsw,42,martingala_int,15,0.789,0.8078478324477718,14,448
bot->unsw,42,statico,16,0.842,0.5412415756738933,0,0
bot->unsw,42,ogni_batch_int,16,0.842,0.8160134746107048,16,512
bot->unsw,42,martingala_int,16,0.842,0.8160134746107048,15,480
bot->unsw,42,statico,17,0.895,0.5085330297945533,0,0
bot->unsw,42,ogni_batch_int,17,0.895,0.807115460103007,17,544
bot->unsw,42,martingala_int,17,0.895,0.807115460103007,16,512
bot->unsw,42,statico,18,0.947,0.4758621225908555,0,0
bot->unsw,42,ogni_batch_int,18,0.947,0.7951336947842287,18,576
bot->unsw,42,martingala_int,18,0.947,0.7951336947842287,17,544
bot->unsw,42,statico,19,1.0,0.43158879537475425,0,0
bot->unsw,42,ogni_batch_int,19,1.0,0.7840168073889293,19,608
bot->unsw,42,martingala_int,19,1.0,0.7840168073889293,18,576
bot->unsw,43,statico,0,0.0,0.9859,0,0
bot->unsw,43,ogni_batch_int,0,0.0,0.9859,0,0
bot->unsw,43,martingala_int,0,0.0,0.9859,0,0
bot->unsw,43,statico,1,0.053,0.8938506902958043,0,0
bot->unsw,43,ogni_batch_int,1,0.053,0.8938506902958043,1,32
bot->unsw,43,martingala_int,1,0.053,0.8938506902958043,0,0
bot->unsw,43,statico,2,0.105,0.8747353697513289,0,0
bot->unsw,43,ogni_batch_int,2,0.105,0.8747353697513289,2,64
bot->unsw,43,martingala_int,2,0.105,0.8747353697513289,1,32
bot->unsw,43,statico,3,0.158,0.85639659603748,0,0
bot->unsw,43,ogni_batch_int,3,0.158,0.8381139217267868,3,96
bot->unsw,43,martingala_int,3,0.158,0.8333557392357708,2,64
bot->unsw,43,statico,4,0.211,0.8456022959934382,0,0
bot->unsw,43,ogni_batch_int,4,0.211,0.8975291411926543,4,128
bot->unsw,43,martingala_int,4,0.211,0.8952464841344998,3,96
bot->unsw,43,statico,5,0.263,0.8247602102378468,0,0
bot->unsw,43,ogni_batch_int,5,0.263,0.8828096377516588,5,160
bot->unsw,43,martingala_int,5,0.263,0.8833432667502242,4,128
bot->unsw,43,statico,6,0.316,0.8025271403725228,0,0
bot->unsw,43,ogni_batch_int,6,0.316,0.8628553399808312,6,192
bot->unsw,43,martingala_int,6,0.316,0.8726506276832303,5,160
bot->unsw,43,statico,7,0.368,0.7863560847245826,0,0
bot->unsw,43,ogni_batch_int,7,0.368,0.8410117747815902,7,224
bot->unsw,43,martingala_int,7,0.368,0.8816225634608497,6,192
bot->unsw,43,statico,8,0.421,0.7593156140839671,0,0
bot->unsw,43,ogni_batch_int,8,0.421,0.809396586794647,8,256
bot->unsw,43,martingala_int,8,0.421,0.8447981091879246,7,224
bot->unsw,43,statico,9,0.474,0.7348227331809422,0,0
bot->unsw,43,ogni_batch_int,9,0.474,0.7583290753440007,9,288
bot->unsw,43,martingala_int,9,0.474,0.7623284478508359,8,256
bot->unsw,43,statico,10,0.526,0.7107779207103964,0,0
bot->unsw,43,ogni_batch_int,10,0.526,0.743878895789213,10,320
bot->unsw,43,martingala_int,10,0.526,0.8526700026099308,9,288
bot->unsw,43,statico,11,0.579,0.6884015718568544,0,0
bot->unsw,43,ogni_batch_int,11,0.579,0.7567658318070749,11,352
bot->unsw,43,martingala_int,11,0.579,0.8522371237564591,10,320
bot->unsw,43,statico,12,0.632,0.6619895174798419,0,0
bot->unsw,43,ogni_batch_int,12,0.632,0.7447888320335598,12,384
bot->unsw,43,martingala_int,12,0.632,0.827458767803582,11,352
bot->unsw,43,statico,13,0.684,0.6332130295684804,0,0
bot->unsw,43,ogni_batch_int,13,0.684,0.8062449338195385,13,416
bot->unsw,43,martingala_int,13,0.684,0.8206269412578029,12,384
bot->unsw,43,statico,14,0.737,0.6060719985583345,0,0
bot->unsw,43,ogni_batch_int,14,0.737,0.7950903669895857,14,448
bot->unsw,43,martingala_int,14,0.737,0.7917375256945947,13,416
bot->unsw,43,statico,15,0.789,0.5802510536631447,0,0
bot->unsw,43,ogni_batch_int,15,0.789,0.7684683656203832,15,480
bot->unsw,43,martingala_int,15,0.789,0.8102547186484681,14,448
bot->unsw,43,statico,16,0.842,0.5470261863918693,0,0
bot->unsw,43,ogni_batch_int,16,0.842,0.7771763906183369,16,512
bot->unsw,43,martingala_int,16,0.842,0.7867264337540469,15,480
bot->unsw,43,statico,17,0.895,0.5147227902193923,0,0
bot->unsw,43,ogni_batch_int,17,0.895,0.7594898780553329,17,544
bot->unsw,43,martingala_int,17,0.895,0.8023221942891325,16,512
bot->unsw,43,statico,18,0.947,0.4752199469766783,0,0
bot->unsw,43,ogni_batch_int,18,0.947,0.7440233642459502,18,576
bot->unsw,43,martingala_int,18,0.947,0.7847264021333069,17,544
bot->unsw,43,statico,19,1.0,0.4376373528726892,0,0
bot->unsw,43,ogni_batch_int,19,1.0,0.742942914503739,19,608
bot->unsw,43,martingala_int,19,1.0,0.7672495971301925,18,576
bot->unsw,44,statico,0,0.0,0.9753,0,0
bot->unsw,44,ogni_batch_int,0,0.0,0.9753,0,0
bot->unsw,44,martingala_int,0,0.0,0.9753,0,0
bot->unsw,44,statico,1,0.053,0.869497053405917,0,0
bot->unsw,44,ogni_batch_int,1,0.053,0.869497053405917,1,32
bot->unsw,44,martingala_int,1,0.053,0.869497053405917,0,0
bot->unsw,44,statico,2,0.105,0.8794666656730552,0,0
bot->unsw,44,ogni_batch_int,2,0.105,0.7340310396577086,2,64
bot->unsw,44,martingala_int,2,0.105,0.8117315036360447,1,32
bot->unsw,44,statico,3,0.158,0.8564424431909679,0,0
bot->unsw,44,ogni_batch_int,3,0.158,0.7611828953377988,3,96
bot->unsw,44,martingala_int,3,0.158,0.9109707651934199,2,64
bot->unsw,44,statico,4,0.211,0.8409269953485823,0,0
bot->unsw,44,ogni_batch_int,4,0.211,0.9039877529526292,4,128
bot->unsw,44,martingala_int,4,0.211,0.9082065026565683,3,96
bot->unsw,44,statico,5,0.263,0.8163387239423978,0,0
bot->unsw,44,ogni_batch_int,5,0.263,0.8774182100197121,5,160
bot->unsw,44,martingala_int,5,0.263,0.7388899163300339,4,128
bot->unsw,44,statico,6,0.316,0.8057495117735609,0,0
bot->unsw,44,ogni_batch_int,6,0.316,0.884142890094906,6,192
bot->unsw,44,martingala_int,6,0.316,0.8627317749099763,5,160
bot->unsw,44,statico,7,0.368,0.7767924021615215,0,0
bot->unsw,44,ogni_batch_int,7,0.368,0.8628376691346643,7,224
bot->unsw,44,martingala_int,7,0.368,0.8830885570787907,6,192
bot->unsw,44,statico,8,0.421,0.7585540677645704,0,0
bot->unsw,44,ogni_batch_int,8,0.421,0.8489945965561845,8,256
bot->unsw,44,martingala_int,8,0.421,0.8782897741701805,7,224
bot->unsw,44,statico,9,0.474,0.7348892888612643,0,0
bot->unsw,44,ogni_batch_int,9,0.474,0.8836961178297783,9,288
bot->unsw,44,martingala_int,9,0.474,0.8654563721315016,8,256
bot->unsw,44,statico,10,0.526,0.7116955883506733,0,0
bot->unsw,44,ogni_batch_int,10,0.526,0.8625773043746563,10,320
bot->unsw,44,martingala_int,10,0.526,0.8550608780207805,9,288
bot->unsw,44,statico,11,0.579,0.6852084240572072,0,0
bot->unsw,44,ogni_batch_int,11,0.579,0.8515270464638784,11,352
bot->unsw,44,martingala_int,11,0.579,0.8332502674434732,10,320
bot->unsw,44,statico,12,0.632,0.6555702632702655,0,0
bot->unsw,44,ogni_batch_int,12,0.632,0.8269956337679025,12,384
bot->unsw,44,martingala_int,12,0.632,0.7998948762230849,11,352
bot->unsw,44,statico,13,0.684,0.6289644052774865,0,0
bot->unsw,44,ogni_batch_int,13,0.684,0.824875514641072,13,416
bot->unsw,44,martingala_int,13,0.684,0.824875514641072,12,384
bot->unsw,44,statico,14,0.737,0.6037560217670108,0,0
bot->unsw,44,ogni_batch_int,14,0.737,0.8262565849225183,14,448
bot->unsw,44,martingala_int,14,0.737,0.8262565849225183,13,416
bot->unsw,44,statico,15,0.789,0.5723538924878472,0,0
bot->unsw,44,ogni_batch_int,15,0.789,0.815698719936399,15,480
bot->unsw,44,martingala_int,15,0.789,0.815698719936399,14,448
bot->unsw,44,statico,16,0.842,0.5373234188758952,0,0
bot->unsw,44,ogni_batch_int,16,0.842,0.7966936258488961,16,512
bot->unsw,44,martingala_int,16,0.842,0.7966936258488961,15,480
bot->unsw,44,statico,17,0.895,0.5074020883629005,0,0
bot->unsw,44,ogni_batch_int,17,0.895,0.7751675780889509,17,544
bot->unsw,44,martingala_int,17,0.895,0.7751675780889509,16,512
bot->unsw,44,statico,18,0.947,0.4733173387387862,0,0
bot->unsw,44,ogni_batch_int,18,0.947,0.7947349096132547,18,576
bot->unsw,44,martingala_int,18,0.947,0.7947349096132547,17,544
bot->unsw,44,statico,19,1.0,0.43500176357963083,0,0
bot->unsw,44,ogni_batch_int,19,1.0,0.7705463794373382,19,608
bot->unsw,44,martingala_int,19,1.0,0.7705463794373382,18,576
bot->unsw,45,statico,0,0.0,0.9531,0,0
bot->unsw,45,ogni_batch_int,0,0.0,0.9531,0,0
bot->unsw,45,martingala_int,0,0.0,0.9531,0,0
bot->unsw,45,statico,1,0.053,0.8783306144643828,0,0
bot->unsw,45,ogni_batch_int,1,0.053,0.8783306144643828,1,32
bot->unsw,45,martingala_int,1,0.053,0.8783306144643828,0,0
bot->unsw,45,statico,2,0.105,0.8465941072409773,0,0
bot->unsw,45,ogni_batch_int,2,0.105,0.57024510723651,2,64
bot->unsw,45,martingala_int,2,0.105,0.4993530853112115,1,32
bot->unsw,45,statico,3,0.158,0.8250020159122675,0,0
bot->unsw,45,ogni_batch_int,3,0.158,0.8330970236175321,3,96
bot->unsw,45,martingala_int,3,0.158,0.8444925276851951,2,64
bot->unsw,45,statico,4,0.211,0.8073954633734088,0,0
bot->unsw,45,ogni_batch_int,4,0.211,0.8496398270540167,4,128
bot->unsw,45,martingala_int,4,0.211,0.8358483114057568,3,96
bot->unsw,45,statico,5,0.263,0.7981705428784797,0,0
bot->unsw,45,ogni_batch_int,5,0.263,0.8747155043963781,5,160
bot->unsw,45,martingala_int,5,0.263,0.8966175902110018,4,128
bot->unsw,45,statico,6,0.316,0.7729569745670151,0,0
bot->unsw,45,ogni_batch_int,6,0.316,0.8647058823529412,6,192
bot->unsw,45,martingala_int,6,0.316,0.8689850210641286,5,160
bot->unsw,45,statico,7,0.368,0.7505012858152773,0,0
bot->unsw,45,ogni_batch_int,7,0.368,0.8477875445216037,7,224
bot->unsw,45,martingala_int,7,0.368,0.8440996694603173,6,192
bot->unsw,45,statico,8,0.421,0.7364212933048362,0,0
bot->unsw,45,ogni_batch_int,8,0.421,0.8290784830259954,8,256
bot->unsw,45,martingala_int,8,0.421,0.8581097470053183,7,224
bot->unsw,45,statico,9,0.474,0.7127997827237849,0,0
bot->unsw,45,ogni_batch_int,9,0.474,0.8085817881814719,9,288
bot->unsw,45,martingala_int,9,0.474,0.8437854246243117,8,256
bot->unsw,45,statico,10,0.526,0.6896342705000926,0,0
bot->unsw,45,ogni_batch_int,10,0.526,0.8677378637553776,10,320
bot->unsw,45,martingala_int,10,0.526,0.8638298075332138,9,288
bot->unsw,45,statico,11,0.579,0.6626354200061699,0,0
bot->unsw,45,ogni_batch_int,11,0.579,0.8490714920849993,11,352
bot->unsw,45,martingala_int,11,0.579,0.8490506233403299,10,320
bot->unsw,45,statico,12,0.632,0.6343571284006412,0,0
bot->unsw,45,ogni_batch_int,12,0.632,0.8497129606759215,12,384
bot->unsw,45,martingala_int,12,0.632,0.8451423910944853,11,352
bot->unsw,45,statico,13,0.684,0.6141115008360039,0,0
bot->unsw,45,ogni_batch_int,13,0.684,0.8384151203169415,13,416
bot->unsw,45,martingala_int,13,0.684,0.839997237940165,12,384
bot->unsw,45,statico,14,0.737,0.5924379128945437,0,0
bot->unsw,45,ogni_batch_int,14,0.737,0.8182081396297203,14,448
bot->unsw,45,martingala_int,14,0.737,0.8249225185547672,13,416
bot->unsw,45,statico,15,0.789,0.5600423215325436,0,0
bot->unsw,45,ogni_batch_int,15,0.789,0.7910605613552779,15,480
bot->unsw,45,martingala_int,15,0.789,0.8147357336137018,14,448
bot->unsw,45,statico,16,0.842,0.5292161077626498,0,0
bot->unsw,45,ogni_batch_int,16,0.842,0.7765947729624686,16,512
bot->unsw,45,martingala_int,16,0.842,0.8025177512407637,15,480
bot->unsw,45,statico,17,0.895,0.49111356932153394,0,0
bot->unsw,45,ogni_batch_int,17,0.895,0.7744817145788674,17,544
bot->unsw,45,martingala_int,17,0.895,0.7999596914564209,16,512
bot->unsw,45,statico,18,0.947,0.455460539304913,0,0
bot->unsw,45,ogni_batch_int,18,0.947,0.7763962214859481,18,576
bot->unsw,45,martingala_int,18,0.947,0.7851003525272302,17,544
bot->unsw,45,statico,19,1.0,0.4250976677922094,0,0
bot->unsw,45,ogni_batch_int,19,1.0,0.7635505197679879,19,608
bot->unsw,45,martingala_int,19,1.0,0.7719686209770307,18,576
bot->unsw,46,statico,0,0.0,0.9758,0,0
bot->unsw,46,ogni_batch_int,0,0.0,0.9758,0,0
bot->unsw,46,martingala_int,0,0.0,0.9758,0,0
bot->unsw,46,statico,1,0.053,0.891897345704187,0,0
bot->unsw,46,ogni_batch_int,1,0.053,0.891897345704187,1,32
bot->unsw,46,martingala_int,1,0.053,0.891897345704187,0,0
bot->unsw,46,statico,2,0.105,0.8800375855159412,0,0
bot->unsw,46,ogni_batch_int,2,0.105,0.9238838061074577,2,64
bot->unsw,46,martingala_int,2,0.105,0.8800375855159412,0,0
bot->unsw,46,statico,3,0.158,0.8650204892696406,0,0
bot->unsw,46,ogni_batch_int,3,0.158,0.9015001699778789,3,96
bot->unsw,46,martingala_int,3,0.158,0.7981251068063147,1,32
bot->unsw,46,statico,4,0.211,0.8323506378221658,0,0
bot->unsw,46,ogni_batch_int,4,0.211,0.9126727651953019,4,128
bot->unsw,46,martingala_int,4,0.211,0.8992958629416583,2,64
bot->unsw,46,statico,5,0.263,0.8234209317835446,0,0
bot->unsw,46,ogni_batch_int,5,0.263,0.8948149913611989,5,160
bot->unsw,46,martingala_int,5,0.263,0.8874962350473938,3,96
bot->unsw,46,statico,6,0.316,0.8053206990135761,0,0
bot->unsw,46,ogni_batch_int,6,0.316,0.859979597803427,6,192
bot->unsw,46,martingala_int,6,0.316,0.8821304405857529,4,128
bot->unsw,46,statico,7,0.368,0.7800678794620145,0,0
bot->unsw,46,ogni_batch_int,7,0.368,0.8452182589466697,7,224
bot->unsw,46,martingala_int,7,0.368,0.8618881485826126,5,160
bot->unsw,46,statico,8,0.421,0.7617363201781919,0,0
bot->unsw,46,ogni_batch_int,8,0.421,0.8478366105047909,8,256
bot->unsw,46,martingala_int,8,0.421,0.8933325707224002,6,192
bot->unsw,46,statico,9,0.474,0.7369555972640967,0,0
bot->unsw,46,ogni_batch_int,9,0.474,0.8277753939727063,9,288
bot->unsw,46,martingala_int,9,0.474,0.8705948577483025,7,224
bot->unsw,46,statico,10,0.526,0.711786916895419,0,0
bot->unsw,46,ogni_batch_int,10,0.526,0.8690436881334768,10,320
bot->unsw,46,martingala_int,10,0.526,0.8521479709426827,8,256
bot->unsw,46,statico,11,0.579,0.6846274509803921,0,0
bot->unsw,46,ogni_batch_int,11,0.579,0.8315873015873015,11,352
bot->unsw,46,martingala_int,11,0.579,0.836829131652661,9,288
bot->unsw,46,statico,12,0.632,0.6562638586643836,0,0
bot->unsw,46,ogni_batch_int,12,0.632,0.8478932495746427,12,384
bot->unsw,46,martingala_int,12,0.632,0.8560128433610873,10,320
bot->unsw,46,statico,13,0.684,0.6335149972060704,0,0
bot->unsw,46,ogni_batch_int,13,0.684,0.8486952699590613,13,416
bot->unsw,46,martingala_int,13,0.684,0.8486952699590613,11,352
bot->unsw,46,statico,14,0.737,0.5995362048294564,0,0
bot->unsw,46,ogni_batch_int,14,0.737,0.8351068161153533,14,448
bot->unsw,46,martingala_int,14,0.737,0.8351068161153533,12,384
bot->unsw,46,statico,15,0.789,0.5755695729536412,0,0
bot->unsw,46,ogni_batch_int,15,0.789,0.8133455526626924,15,480
bot->unsw,46,martingala_int,15,0.789,0.8133455526626924,13,416
bot->unsw,46,statico,16,0.842,0.5433727392717356,0,0
bot->unsw,46,ogni_batch_int,16,0.842,0.8017062305177115,16,512
bot->unsw,46,martingala_int,16,0.842,0.8017062305177115,14,448
bot->unsw,46,statico,17,0.895,0.5061348445066061,0,0
bot->unsw,46,ogni_batch_int,17,0.895,0.7976489697800979,17,544
bot->unsw,46,martingala_int,17,0.895,0.7976489697800979,15,480
bot->unsw,46,statico,18,0.947,0.4712945513609137,0,0
bot->unsw,46,ogni_batch_int,18,0.947,0.7832044158710346,18,576
bot->unsw,46,martingala_int,18,0.947,0.7832044158710346,16,512
bot->unsw,46,statico,19,1.0,0.43588601358555873,0,0
bot->unsw,46,ogni_batch_int,19,1.0,0.7754044364674311,19,608
bot->unsw,46,martingala_int,19,1.0,0.7754044364674311,17,544
bot->unsw,47,statico,0,0.0,0.97445,0,0
bot->unsw,47,ogni_batch_int,0,0.0,0.97445,0,0
bot->unsw,47,martingala_int,0,0.0,0.97445,0,0
bot->unsw,47,statico,1,0.053,0.8974629761756456,0,0
bot->unsw,47,ogni_batch_int,1,0.053,0.8974629761756456,1,32
bot->unsw,47,martingala_int,1,0.053,0.8974629761756456,0,0
bot->unsw,47,statico,2,0.105,0.8668489946386216,0,0
bot->unsw,47,ogni_batch_int,2,0.105,0.7398598016867798,2,64
bot->unsw,47,martingala_int,2,0.105,0.7287449792521842,1,32
bot->unsw,47,statico,3,0.158,0.8621837000497301,0,0
bot->unsw,47,ogni_batch_int,3,0.158,0.9146423392124727,3,96
bot->unsw,47,martingala_int,3,0.158,0.8825308741798161,2,64
bot->unsw,47,statico,4,0.211,0.8358537434181839,0,0
bot->unsw,47,ogni_batch_int,4,0.211,0.9060269679489956,4,128
bot->unsw,47,martingala_int,4,0.211,0.910168938709172,3,96
bot->unsw,47,statico,5,0.263,0.8194352326694774,0,0
bot->unsw,47,ogni_batch_int,5,0.263,0.898944054631813,5,160
bot->unsw,47,martingala_int,5,0.263,0.8974649541137604,4,128
bot->unsw,47,statico,6,0.316,0.8029678522397925,0,0
bot->unsw,47,ogni_batch_int,6,0.316,0.8803241947170387,6,192
bot->unsw,47,martingala_int,6,0.316,0.8781397772919104,5,160
bot->unsw,47,statico,7,0.368,0.7815688079722996,0,0
bot->unsw,47,ogni_batch_int,7,0.368,0.8643481459723577,7,224
bot->unsw,47,martingala_int,7,0.368,0.894200230254909,6,192
bot->unsw,47,statico,8,0.421,0.7588109534821093,0,0
bot->unsw,47,ogni_batch_int,8,0.421,0.8473264588479029,8,256
bot->unsw,47,martingala_int,8,0.421,0.8811700177932617,7,224
bot->unsw,47,statico,9,0.474,0.7308058211625417,0,0
bot->unsw,47,ogni_batch_int,9,0.474,0.824712248414635,9,288
bot->unsw,47,martingala_int,9,0.474,0.8735086852560829,8,256
bot->unsw,47,statico,10,0.526,0.7146628321850353,0,0
bot->unsw,47,ogni_batch_int,10,0.526,0.8711959112023231,10,320
bot->unsw,47,martingala_int,10,0.526,0.8636605941538237,9,288
bot->unsw,47,statico,11,0.579,0.6847030272132503,0,0
bot->unsw,47,ogni_batch_int,11,0.579,0.8309803796882238,11,352
bot->unsw,47,martingala_int,11,0.579,0.8534030725568492,10,320
bot->unsw,47,statico,12,0.632,0.65135971415748,0,0
bot->unsw,47,ogni_batch_int,12,0.632,0.8148209481134812,12,384
bot->unsw,47,martingala_int,12,0.632,0.8422060186272149,11,352
bot->unsw,47,statico,13,0.684,0.6338162688266689,0,0
bot->unsw,47,ogni_batch_int,13,0.684,0.8176321447033839,13,416
bot->unsw,47,martingala_int,13,0.684,0.8327299368485763,12,384
bot->unsw,47,statico,14,0.737,0.6019611934360685,0,0
bot->unsw,47,ogni_batch_int,14,0.737,0.828583204395219,14,448
bot->unsw,47,martingala_int,14,0.737,0.8280211062012617,13,416
bot->unsw,47,statico,15,0.789,0.5733721527489678,0,0
bot->unsw,47,ogni_batch_int,15,0.789,0.8130126533515083,15,480
bot->unsw,47,martingala_int,15,0.789,0.8130126533515083,14,448
bot->unsw,47,statico,16,0.842,0.537927207482844,0,0
bot->unsw,47,ogni_batch_int,16,0.842,0.804423092781826,16,512
bot->unsw,47,martingala_int,16,0.842,0.804423092781826,15,480
bot->unsw,47,statico,17,0.895,0.5094957330752166,0,0
bot->unsw,47,ogni_batch_int,17,0.895,0.7940330933425113,17,544
bot->unsw,47,martingala_int,17,0.895,0.7940330933425113,16,512
bot->unsw,47,statico,18,0.947,0.47139784570857224,0,0
bot->unsw,47,ogni_batch_int,18,0.947,0.7728138971938404,18,576
bot->unsw,47,martingala_int,18,0.947,0.7728138971938404,17,544
bot->unsw,47,statico,19,1.0,0.430808207421647,0,0
bot->unsw,47,ogni_batch_int,19,1.0,0.7619641624434846,19,608
bot->unsw,47,martingala_int,19,1.0,0.7619641624434846,18,576
bot->unsw,48,statico,0,0.0,0.97465,0,0
bot->unsw,48,ogni_batch_int,0,0.0,0.97465,0,0
bot->unsw,48,martingala_int,0,0.0,0.97465,0,0
bot->unsw,48,statico,1,0.053,0.8754523087916979,0,0
bot->unsw,48,ogni_batch_int,1,0.053,0.8754523087916979,1,32
bot->unsw,48,martingala_int,1,0.053,0.8754523087916979,0,0
bot->unsw,48,statico,2,0.105,0.874077290908511,0,0
bot->unsw,48,ogni_batch_int,2,0.105,0.8172668949794287,2,64
bot->unsw,48,martingala_int,2,0.105,0.8677041095197404,1,32
bot->unsw,48,statico,3,0.158,0.8444675351398678,0,0
bot->unsw,48,ogni_batch_int,3,0.158,0.8995264994126595,3,96
bot->unsw,48,martingala_int,3,0.158,0.8825877329736617,2,64
bot->unsw,48,statico,4,0.211,0.8383803636883664,0,0
bot->unsw,48,ogni_batch_int,4,0.211,0.871985117414676,4,128
bot->unsw,48,martingala_int,4,0.211,0.8871278746577556,3,96
bot->unsw,48,statico,5,0.263,0.8200593137007659,0,0
bot->unsw,48,ogni_batch_int,5,0.263,0.860579970464622,5,160
bot->unsw,48,martingala_int,5,0.263,0.8754403188161296,4,128
bot->unsw,48,statico,6,0.316,0.7999125144687609,0,0
bot->unsw,48,ogni_batch_int,6,0.316,0.8485276735700704,6,192
bot->unsw,48,martingala_int,6,0.316,0.8636242502551151,5,160
bot->unsw,48,statico,7,0.368,0.7767245910642138,0,0
bot->unsw,48,ogni_batch_int,7,0.368,0.8609202526183658,7,224
bot->unsw,48,martingala_int,7,0.368,0.8550490984453248,6,192
bot->unsw,48,statico,8,0.421,0.7508404612039328,0,0
bot->unsw,48,ogni_batch_int,8,0.421,0.8683631487960431,8,256
bot->unsw,48,martingala_int,8,0.421,0.8471828022385861,7,224
bot->unsw,48,statico,9,0.474,0.7285327496043137,0,0
bot->unsw,48,ogni_batch_int,9,0.474,0.8641170745539563,9,288
bot->unsw,48,martingala_int,9,0.474,0.8166634610713637,8,256
bot->unsw,48,statico,10,0.526,0.7054277919151253,0,0
bot->unsw,48,ogni_batch_int,10,0.526,0.8523979156907677,10,320
bot->unsw,48,martingala_int,10,0.526,0.7997602981081275,9,288
bot->unsw,48,statico,11,0.579,0.6873046835106926,0,0
bot->unsw,48,ogni_batch_int,11,0.579,0.861440792538752,11,352
bot->unsw,48,martingala_int,11,0.579,0.8667185930112562,10,320
bot->unsw,48,statico,12,0.632,0.6587667373121866,0,0
bot->unsw,48,ogni_batch_int,12,0.632,0.832757287061222,12,384
bot->unsw,48,martingala_int,12,0.632,0.8507503471607725,11,352
bot->unsw,48,statico,13,0.684,0.6251767946833537,0,0
bot->unsw,48,ogni_batch_int,13,0.684,0.8465463252245085,13,416
bot->unsw,48,martingala_int,13,0.684,0.8465463252245085,12,384
bot->unsw,48,statico,14,0.737,0.5989584901132173,0,0
bot->unsw,48,ogni_batch_int,14,0.737,0.8324146928015278,14,448
bot->unsw,48,martingala_int,14,0.737,0.8324146928015278,13,416
bot->unsw,48,statico,15,0.789,0.570831252913965,0,0
bot->unsw,48,ogni_batch_int,15,0.789,0.8172092565710941,15,480
bot->unsw,48,martingala_int,15,0.789,0.8172092565710941,14,448
bot->unsw,48,statico,16,0.842,0.5387580837676396,0,0
bot->unsw,48,ogni_batch_int,16,0.842,0.8101958368670246,16,512
bot->unsw,48,martingala_int,16,0.842,0.8101958368670246,15,480
bot->unsw,48,statico,17,0.895,0.506092517461424,0,0
bot->unsw,48,ogni_batch_int,17,0.895,0.7902328894002595,17,544
bot->unsw,48,martingala_int,17,0.895,0.7902328894002595,16,512
bot->unsw,48,statico,18,0.947,0.4695773290513252,0,0
bot->unsw,48,ogni_batch_int,18,0.947,0.7859263300934508,18,576
bot->unsw,48,martingala_int,18,0.947,0.7859263300934508,17,544
bot->unsw,48,statico,19,1.0,0.4345517989466393,0,0
bot->unsw,48,ogni_batch_int,19,1.0,0.7690911823516342,19,608
bot->unsw,48,martingala_int,19,1.0,0.7690911823516342,18,576
bot->unsw,49,statico,0,0.0,0.98665,0,0
bot->unsw,49,ogni_batch_int,0,0.0,0.98665,0,0
bot->unsw,49,martingala_int,0,0.0,0.98665,0,0
bot->unsw,49,statico,1,0.053,0.9025464240000488,0,0
bot->unsw,49,ogni_batch_int,1,0.053,0.9025464240000488,1,32
bot->unsw,49,martingala_int,1,0.053,0.9025464240000488,0,0
bot->unsw,49,statico,2,0.105,0.8822933360772414,0,0
bot->unsw,49,ogni_batch_int,2,0.105,0.8822933360772414,2,64
bot->unsw,49,martingala_int,2,0.105,0.8822933360772414,1,32
bot->unsw,49,statico,3,0.158,0.869689822033649,0,0
bot->unsw,49,ogni_batch_int,3,0.158,0.9002828080861203,3,96
bot->unsw,49,martingala_int,3,0.158,0.8999852259659724,2,64
bot->unsw,49,statico,4,0.211,0.8411717847342577,0,0
bot->unsw,49,ogni_batch_int,4,0.211,0.9088716556542461,4,128
bot->unsw,49,martingala_int,4,0.211,0.9065106423310225,3,96
bot->unsw,49,statico,5,0.263,0.8241445880996585,0,0
bot->unsw,49,ogni_batch_int,5,0.263,0.9056674664610409,5,160
bot->unsw,49,martingala_int,5,0.263,0.8928821420015571,4,128
bot->unsw,49,statico,6,0.316,0.8051082958970832,0,0
bot->unsw,49,ogni_batch_int,6,0.316,0.8997159718173773,6,192
bot->unsw,49,martingala_int,6,0.316,0.9109690468842031,5,160
bot->unsw,49,statico,7,0.368,0.7864096519110739,0,0
bot->unsw,49,ogni_batch_int,7,0.368,0.8901555606970278,7,224
bot->unsw,49,martingala_int,7,0.368,0.8414671814371039,6,192
bot->unsw,49,statico,8,0.421,0.7553886727734611,0,0
bot->unsw,49,ogni_batch_int,8,0.421,0.8857815785602656,8,256
bot->unsw,49,martingala_int,8,0.421,0.8353189276854753,7,224
bot->unsw,49,statico,9,0.474,0.7450315146976164,0,0
bot->unsw,49,ogni_batch_int,9,0.474,0.8767606188919737,9,288
bot->unsw,49,martingala_int,9,0.474,0.8697636668005027,8,256
bot->unsw,49,statico,10,0.526,0.7175108337372071,0,0
bot->unsw,49,ogni_batch_int,10,0.526,0.8789784807138626,10,320
bot->unsw,49,martingala_int,10,0.526,0.8684795032534615,9,288
bot->unsw,49,statico,11,0.579,0.6916446581846989,0,0
bot->unsw,49,ogni_batch_int,11,0.579,0.8562805702505066,11,352
bot->unsw,49,martingala_int,11,0.579,0.8515339035542155,10,320
bot->unsw,49,statico,12,0.632,0.6625364958824219,0,0
bot->unsw,49,ogni_batch_int,12,0.632,0.8562497252505714,12,384
bot->unsw,49,martingala_int,12,0.632,0.8578776156145596,11,352
bot->unsw,49,statico,13,0.684,0.6321806677094062,0,0
bot->unsw,49,ogni_batch_int,13,0.684,0.8274803356042849,13,416
bot->unsw,49,martingala_int,13,0.684,0.8359976139687997,12,384
bot->unsw,49,statico,14,0.737,0.6113744639222987,0,0
bot->unsw,49,ogni_batch_int,14,0.737,0.8235444636264406,14,448
bot->unsw,49,martingala_int,14,0.737,0.8363683095176099,13,416
bot->unsw,49,statico,15,0.789,0.5745941748507339,0,0
bot->unsw,49,ogni_batch_int,15,0.789,0.8173132318882296,15,480
bot->unsw,49,martingala_int,15,0.789,0.8173132318882296,14,448
bot->unsw,49,statico,16,0.842,0.5410862393648116,0,0
bot->unsw,49,ogni_batch_int,16,0.842,0.7971098554981595,16,512
bot->unsw,49,martingala_int,16,0.842,0.7971098554981595,15,480
bot->unsw,49,statico,17,0.895,0.507120375850504,0,0
bot->unsw,49,ogni_batch_int,17,0.895,0.7938436816098441,17,544
bot->unsw,49,martingala_int,17,0.895,0.7938436816098441,16,512
bot->unsw,49,statico,18,0.947,0.472985353548638,0,0
bot->unsw,49,ogni_batch_int,18,0.947,0.7884836803557871,18,576
bot->unsw,49,martingala_int,18,0.947,0.7884836803557871,17,544
bot->unsw,49,statico,19,1.0,0.434171322235899,0,0
bot->unsw,49,ogni_batch_int,19,1.0,0.7903215142755875,19,608
bot->unsw,49,martingala_int,19,1.0,0.7903215142755875,18,576
bot->unsw,50,statico,0,0.0,0.97755,0,0
bot->unsw,50,ogni_batch_int,0,0.0,0.97755,0,0
bot->unsw,50,martingala_int,0,0.0,0.97755,0,0
bot->unsw,50,statico,1,0.053,0.891210033471283,0,0
bot->unsw,50,ogni_batch_int,1,0.053,0.891210033471283,1,32
bot->unsw,50,martingala_int,1,0.053,0.891210033471283,0,0
bot->unsw,50,statico,2,0.105,0.878947920765393,0,0
bot->unsw,50,ogni_batch_int,2,0.105,0.7069046042708866,2,64
bot->unsw,50,martingala_int,2,0.105,0.878947920765393,0,0
bot->unsw,50,statico,3,0.158,0.85912520132237,0,0
bot->unsw,50,ogni_batch_int,3,0.158,0.8898109688903959,3,96
bot->unsw,50,martingala_int,3,0.158,0.7659523607696872,1,32
bot->unsw,50,statico,4,0.211,0.836586403155066,0,0
bot->unsw,50,ogni_batch_int,4,0.211,0.8645600074243787,4,128
bot->unsw,50,martingala_int,4,0.211,0.7824434794422067,2,64
bot->unsw,50,statico,5,0.263,0.8076957560209937,0,0
bot->unsw,50,ogni_batch_int,5,0.263,0.840564448848273,5,160
bot->unsw,50,martingala_int,5,0.263,0.7636371607708885,3,96
bot->unsw,50,statico,6,0.316,0.8030424537642074,0,0
bot->unsw,50,ogni_batch_int,6,0.316,0.8287122292186448,6,192
bot->unsw,50,martingala_int,6,0.316,0.8013504415666706,4,128
bot->unsw,50,statico,7,0.368,0.7796136460206435,0,0
bot->unsw,50,ogni_batch_int,7,0.368,0.8324434276785206,7,224
bot->unsw,50,martingala_int,7,0.368,0.7507130812775789,5,160
bot->unsw,50,statico,8,0.421,0.7585313213097159,0,0
bot->unsw,50,ogni_batch_int,8,0.421,0.809464807327312,8,256
bot->unsw,50,martingala_int,8,0.421,0.8009631048027569,6,192
bot->unsw,50,statico,9,0.474,0.7332506233258884,0,0
bot->unsw,50,ogni_batch_int,9,0.474,0.795073706097466,9,288
bot->unsw,50,martingala_int,9,0.474,0.7454376753192321,7,224
bot->unsw,50,statico,10,0.526,0.7124746503991017,0,0
bot->unsw,50,ogni_batch_int,10,0.526,0.7759762977862263,10,320
bot->unsw,50,martingala_int,10,0.526,0.7772029804239345,8,256
bot->unsw,50,statico,11,0.579,0.6863566996764925,0,0
bot->unsw,50,ogni_batch_int,11,0.579,0.7428303618653269,11,352
bot->unsw,50,martingala_int,11,0.579,0.7785013843989801,9,288
bot->unsw,50,statico,12,0.632,0.6577874266683673,0,0
bot->unsw,50,ogni_batch_int,12,0.632,0.7563506128368522,12,384
bot->unsw,50,martingala_int,12,0.632,0.8470725768604823,10,320
bot->unsw,50,statico,13,0.684,0.6317543491941694,0,0
bot->unsw,50,ogni_batch_int,13,0.684,0.7527198409115228,13,416
bot->unsw,50,martingala_int,13,0.684,0.8330984694203794,11,352
bot->unsw,50,statico,14,0.737,0.6010643008571154,0,0
bot->unsw,50,ogni_batch_int,14,0.737,0.8075016550246097,14,448
bot->unsw,50,martingala_int,14,0.737,0.7257859046768206,12,384
bot->unsw,50,statico,15,0.789,0.5732271884358415,0,0
bot->unsw,50,ogni_batch_int,15,0.789,0.8156117854068174,15,480
bot->unsw,50,martingala_int,15,0.789,0.8089242766969528,13,416
bot->unsw,50,statico,16,0.842,0.5403517203583347,0,0
bot->unsw,50,ogni_batch_int,16,0.842,0.8093213477646695,16,512
bot->unsw,50,martingala_int,16,0.842,0.8093213477646695,14,448
bot->unsw,50,statico,17,0.895,0.5126810728049632,0,0
bot->unsw,50,ogni_batch_int,17,0.895,0.8010510966216373,17,544
bot->unsw,50,martingala_int,17,0.895,0.8010510966216373,15,480
bot->unsw,50,statico,18,0.947,0.4727095267970459,0,0
bot->unsw,50,ogni_batch_int,18,0.947,0.7871694877551068,18,576
bot->unsw,50,martingala_int,18,0.947,0.7871694877551068,16,512
bot->unsw,50,statico,19,1.0,0.4379907814822545,0,0
bot->unsw,50,ogni_batch_int,19,1.0,0.7735379705024242,19,608
bot->unsw,50,martingala_int,19,1.0,0.7735379705024242,17,544
bot->unsw,51,statico,0,0.0,0.97515,0,0
bot->unsw,51,ogni_batch_int,0,0.0,0.97515,0,0
bot->unsw,51,martingala_int,0,0.0,0.97515,0,0
bot->unsw,51,statico,1,0.053,0.8576831548529662,0,0
bot->unsw,51,ogni_batch_int,1,0.053,0.8576831548529662,1,32
bot->unsw,51,martingala_int,1,0.053,0.8576831548529662,0,0
bot->unsw,51,statico,2,0.105,0.8367640933497619,0,0
bot->unsw,51,ogni_batch_int,2,0.105,0.8274163949396913,2,64
bot->unsw,51,martingala_int,2,0.105,0.7375580996132792,1,32
bot->unsw,51,statico,3,0.158,0.8228731156910523,0,0
bot->unsw,51,ogni_batch_int,3,0.158,0.8088614411349984,3,96
bot->unsw,51,martingala_int,3,0.158,0.8319805736383749,2,64
bot->unsw,51,statico,4,0.211,0.8082996820966006,0,0
bot->unsw,51,ogni_batch_int,4,0.211,0.8141062943686914,4,128
bot->unsw,51,martingala_int,4,0.211,0.8236670135225794,3,96
bot->unsw,51,statico,5,0.263,0.7892059363536261,0,0
bot->unsw,51,ogni_batch_int,5,0.263,0.8302615406750573,5,160
bot->unsw,51,martingala_int,5,0.263,0.8184653107881094,4,128
bot->unsw,51,statico,6,0.316,0.7742576697378458,0,0
bot->unsw,51,ogni_batch_int,6,0.316,0.8239835608475427,6,192
bot->unsw,51,martingala_int,6,0.316,0.8161295026360522,5,160
bot->unsw,51,statico,7,0.368,0.7512011533261445,0,0
bot->unsw,51,ogni_batch_int,7,0.368,0.9032751698241274,7,224
bot->unsw,51,martingala_int,7,0.368,0.8617111936131896,6,192
bot->unsw,51,statico,8,0.421,0.7318900767087213,0,0
bot->unsw,51,ogni_batch_int,8,0.421,0.897223567782719,8,256
bot->unsw,51,martingala_int,8,0.421,0.8500702889655826,7,224
bot->unsw,51,statico,9,0.474,0.7163647414062626,0,0
bot->unsw,51,ogni_batch_int,9,0.474,0.884444132568524,9,288
bot->unsw,51,martingala_int,9,0.474,0.8371904727640367,8,256
bot->unsw,51,statico,10,0.526,0.6896000844174887,0,0
bot->unsw,51,ogni_batch_int,10,0.526,0.8639265747808479,10,320
bot->unsw,51,martingala_int,10,0.526,0.8324191786391034,9,288
bot->unsw,51,statico,11,0.579,0.6765039638409716,0,0
bot->unsw,51,ogni_batch_int,11,0.579,0.8524094313178867,11,352
bot->unsw,51,martingala_int,11,0.579,0.8394695997196333,10,320
bot->unsw,51,statico,12,0.632,0.6475679306992776,0,0
bot->unsw,51,ogni_batch_int,12,0.632,0.8431103234998386,12,384
bot->unsw,51,martingala_int,12,0.632,0.8245310662248952,11,352
bot->unsw,51,statico,13,0.684,0.6216659742552931,0,0
bot->unsw,51,ogni_batch_int,13,0.684,0.8156077285239118,13,416
bot->unsw,51,martingala_int,13,0.684,0.832432025275109,12,384
bot->unsw,51,statico,14,0.737,0.5976595916628341,0,0
bot->unsw,51,ogni_batch_int,14,0.737,0.8346952297032567,14,448
bot->unsw,51,martingala_int,14,0.737,0.8201630139173848,13,416
bot->unsw,51,statico,15,0.789,0.5666900385174252,0,0
bot->unsw,51,ogni_batch_int,15,0.789,0.788019773815839,15,480
bot->unsw,51,martingala_int,15,0.789,0.788019773815839,14,448
bot->unsw,51,statico,16,0.842,0.5425378837802226,0,0
bot->unsw,51,ogni_batch_int,16,0.842,0.8085448741716661,16,512
bot->unsw,51,martingala_int,16,0.842,0.8085448741716661,15,480
bot->unsw,51,statico,17,0.895,0.509925365410375,0,0
bot->unsw,51,ogni_batch_int,17,0.895,0.7877228938143772,17,544
bot->unsw,51,martingala_int,17,0.895,0.7877228938143772,16,512
bot->unsw,51,statico,18,0.947,0.47784799116977017,0,0
bot->unsw,51,ogni_batch_int,18,0.947,0.7667517634019264,18,576
bot->unsw,51,martingala_int,18,0.947,0.7667517634019264,17,544
bot->unsw,51,statico,19,1.0,0.44187539671774984,0,0
bot->unsw,51,ogni_batch_int,19,1.0,0.7422723831706342,19,608
bot->unsw,51,martingala_int,19,1.0,0.7422723831706342,18,576
unsw->bot,42,statico,0,0.0,0.8102850052918891,0,0
unsw->bot,42,ogni_batch_int,0,0.0,0.8102850052918891,0,0
unsw->bot,42,martingala_int,0,0.0,0.8102850052918891,0,0
unsw->bot,42,statico,1,0.053,0.7841525402120326,0,0
unsw->bot,42,ogni_batch_int,1,0.053,0.7752111069353492,1,32
unsw->bot,42,martingala_int,1,0.053,0.7841525402120326,0,0
unsw->bot,42,statico,2,0.105,0.7536644059139022,0,0
unsw->bot,42,ogni_batch_int,2,0.105,0.7955424387752206,2,64
unsw->bot,42,martingala_int,2,0.105,0.7536644059139022,0,0
unsw->bot,42,statico,3,0.158,0.7282011412933254,0,0
unsw->bot,42,ogni_batch_int,3,0.158,0.8210125571402529,3,96
unsw->bot,42,martingala_int,3,0.158,0.7282011412933254,0,0
unsw->bot,42,statico,4,0.211,0.6985173842325559,0,0
unsw->bot,42,ogni_batch_int,4,0.211,0.8001732633251618,4,128
unsw->bot,42,martingala_int,4,0.211,0.6985173842325559,0,0
unsw->bot,42,statico,5,0.263,0.6763973347189863,0,0
unsw->bot,42,ogni_batch_int,5,0.263,0.8102766938564212,5,160
unsw->bot,42,martingala_int,5,0.263,0.6763973347189863,0,0
unsw->bot,42,statico,6,0.316,0.6566322403451224,0,0
unsw->bot,42,ogni_batch_int,6,0.316,0.8243112244267274,6,192
unsw->bot,42,martingala_int,6,0.316,0.6566322403451224,0,0
unsw->bot,42,statico,7,0.368,0.63171966475486,0,0
unsw->bot,42,ogni_batch_int,7,0.368,0.853160889287627,7,224
unsw->bot,42,martingala_int,7,0.368,0.63171966475486,0,0
unsw->bot,42,statico,8,0.421,0.6084752121691701,0,0
unsw->bot,42,ogni_batch_int,8,0.421,0.8574640444952246,8,256
unsw->bot,42,martingala_int,8,0.421,0.6084752121691701,0,0
unsw->bot,42,statico,9,0.474,0.5918511948915971,0,0
unsw->bot,42,ogni_batch_int,9,0.474,0.8626944702455053,9,288
unsw->bot,42,martingala_int,9,0.474,0.5918511948915971,0,0
unsw->bot,42,statico,10,0.526,0.5717913639388927,0,0
unsw->bot,42,ogni_batch_int,10,0.526,0.8817219907035916,10,320
unsw->bot,42,martingala_int,10,0.526,0.5717913639388927,0,0
unsw->bot,42,statico,11,0.579,0.5473153366953427,0,0
unsw->bot,42,ogni_batch_int,11,0.579,0.887077518476824,11,352
unsw->bot,42,martingala_int,11,0.579,0.5473153366953427,0,0
unsw->bot,42,statico,12,0.632,0.5311262376611612,0,0
unsw->bot,42,ogni_batch_int,12,0.632,0.8975592861291382,12,384
unsw->bot,42,martingala_int,12,0.632,0.5311262376611612,0,0
unsw->bot,42,statico,13,0.684,0.5197313581144029,0,0
unsw->bot,42,ogni_batch_int,13,0.684,0.9051498090191991,13,416
unsw->bot,42,martingala_int,13,0.684,0.5197313581144029,0,0
unsw->bot,42,statico,14,0.737,0.5001855180178225,0,0
unsw->bot,42,ogni_batch_int,14,0.737,0.915145766224144,14,448
unsw->bot,42,martingala_int,14,0.737,0.5001855180178225,0,0
unsw->bot,42,statico,15,0.789,0.4865313553754,0,0
unsw->bot,42,ogni_batch_int,15,0.789,0.8955595470137013,15,480
unsw->bot,42,martingala_int,15,0.789,0.4865313553754,0,0
unsw->bot,42,statico,16,0.842,0.4731331159134621,0,0
unsw->bot,42,ogni_batch_int,16,0.842,0.9051871662545246,16,512
unsw->bot,42,martingala_int,16,0.842,0.4731331159134621,0,0
unsw->bot,42,statico,17,0.895,0.453736364936901,0,0
unsw->bot,42,ogni_batch_int,17,0.895,0.936752230164744,17,544
unsw->bot,42,martingala_int,17,0.895,0.453736364936901,0,0
unsw->bot,42,statico,18,0.947,0.4437581757485061,0,0
unsw->bot,42,ogni_batch_int,18,0.947,0.9354196971441129,18,576
unsw->bot,42,martingala_int,18,0.947,0.4437581757485061,0,0
unsw->bot,42,statico,19,1.0,0.5260802160432086,0,0
unsw->bot,42,ogni_batch_int,19,1.0,0.9721694338867773,19,608
unsw->bot,42,martingala_int,19,1.0,0.5260802160432086,0,0
unsw->bot,43,statico,0,0.0,0.8166594432107941,0,0
unsw->bot,43,ogni_batch_int,0,0.0,0.8166594432107941,0,0
unsw->bot,43,martingala_int,0,0.0,0.8166594432107941,0,0
unsw->bot,43,statico,1,0.053,0.7892634631386614,0,0
unsw->bot,43,ogni_batch_int,1,0.053,0.7901273378165969,1,32
unsw->bot,43,martingala_int,1,0.053,0.7892634631386614,0,0
unsw->bot,43,statico,2,0.105,0.762351726209859,0,0
unsw->bot,43,ogni_batch_int,2,0.105,0.8198836503965188,2,64
unsw->bot,43,martingala_int,2,0.105,0.762351726209859,0,0
unsw->bot,43,statico,3,0.158,0.7342249579551616,0,0
unsw->bot,43,ogni_batch_int,3,0.158,0.8159394595960727,3,96
unsw->bot,43,martingala_int,3,0.158,0.7342249579551616,0,0
unsw->bot,43,statico,4,0.211,0.7013786563969302,0,0
unsw->bot,43,ogni_batch_int,4,0.211,0.8384240975258688,4,128
unsw->bot,43,martingala_int,4,0.211,0.7013786563969302,0,0
unsw->bot,43,statico,5,0.263,0.6810819431597078,0,0
unsw->bot,43,ogni_batch_int,5,0.263,0.8442339957258143,5,160
unsw->bot,43,martingala_int,5,0.263,0.6810819431597078,0,0
unsw->bot,43,statico,6,0.316,0.6531273574909939,0,0
unsw->bot,43,ogni_batch_int,6,0.316,0.8375715193897012,6,192
unsw->bot,43,martingala_int,6,0.316,0.6531273574909939,0,0
unsw->bot,43,statico,7,0.368,0.6301883970834613,0,0
unsw->bot,43,ogni_batch_int,7,0.368,0.8477631357599172,7,224
unsw->bot,43,martingala_int,7,0.368,0.6301883970834613,0,0
unsw->bot,43,statico,8,0.421,0.6136054475261256,0,0
unsw->bot,43,ogni_batch_int,8,0.421,0.8535546520375066,8,256
unsw->bot,43,martingala_int,8,0.421,0.6136054475261256,0,0
unsw->bot,43,statico,9,0.474,0.596413998509548,0,0
unsw->bot,43,ogni_batch_int,9,0.474,0.8487394052165753,9,288
unsw->bot,43,martingala_int,9,0.474,0.596413998509548,0,0
unsw->bot,43,statico,10,0.526,0.5709617520951635,0,0
unsw->bot,43,ogni_batch_int,10,0.526,0.8493772842490818,10,320
unsw->bot,43,martingala_int,10,0.526,0.5709617520951635,0,0
unsw->bot,43,statico,11,0.579,0.5505886063101231,0,0
unsw->bot,43,ogni_batch_int,11,0.579,0.8704516880414381,11,352
unsw->bot,43,martingala_int,11,0.579,0.5505886063101231,0,0
unsw->bot,43,statico,12,0.632,0.5370359266973966,0,0
unsw->bot,43,ogni_batch_int,12,0.632,0.876051605006599,12,384
unsw->bot,43,martingala_int,12,0.632,0.5370359266973966,0,0
unsw->bot,43,statico,13,0.684,0.51884131806484,0,0
unsw->bot,43,ogni_batch_int,13,0.684,0.8921735308520954,13,416
unsw->bot,43,martingala_int,13,0.684,0.51884131806484,0,0
unsw->bot,43,statico,14,0.737,0.49957020554230164,0,0
unsw->bot,43,ogni_batch_int,14,0.737,0.9004067148766617,14,448
unsw->bot,43,martingala_int,14,0.737,0.5642088048475477,1,32
unsw->bot,43,statico,15,0.789,0.4823598405534133,0,0
unsw->bot,43,ogni_batch_int,15,0.789,0.9157256435122907,15,480
unsw->bot,43,martingala_int,15,0.789,0.800951835027814,2,64
unsw->bot,43,statico,16,0.842,0.4873527034947199,0,0
unsw->bot,43,ogni_batch_int,16,0.842,0.9135032404701153,16,512
unsw->bot,43,martingala_int,16,0.842,0.7896105480496758,3,96
unsw->bot,43,statico,17,0.895,0.44463452662543684,0,0
unsw->bot,43,ogni_batch_int,17,0.895,0.9192286197460673,17,544
unsw->bot,43,martingala_int,17,0.895,0.8420235647365897,4,128
unsw->bot,43,statico,18,0.947,0.4301073240507253,0,0
unsw->bot,43,ogni_batch_int,18,0.947,0.9239569574675789,18,576
unsw->bot,43,martingala_int,18,0.947,0.8633369895993747,5,160
unsw->bot,43,statico,19,1.0,0.5264302860572114,0,0
unsw->bot,43,ogni_batch_int,19,1.0,0.8506951390278056,19,608
unsw->bot,43,martingala_int,19,1.0,0.739372874574915,6,192
unsw->bot,44,statico,0,0.0,0.8164749902884154,0,0
unsw->bot,44,ogni_batch_int,0,0.0,0.8164749902884154,0,0
unsw->bot,44,martingala_int,0,0.0,0.8164749902884154,0,0
unsw->bot,44,statico,1,0.053,0.7884998506073203,0,0
unsw->bot,44,ogni_batch_int,1,0.053,0.7559436310633403,1,32
unsw->bot,44,martingala_int,1,0.053,0.7884998506073203,0,0
unsw->bot,44,statico,2,0.105,0.7634946104119581,0,0
unsw->bot,44,ogni_batch_int,2,0.105,0.7517764786809844,2,64
unsw->bot,44,martingala_int,2,0.105,0.7634946104119581,0,0
unsw->bot,44,statico,3,0.158,0.7303142235236821,0,0
unsw->bot,44,ogni_batch_int,3,0.158,0.8133032687824535,3,96
unsw->bot,44,martingala_int,3,0.158,0.7303142235236821,0,0
unsw->bot,44,statico,4,0.211,0.7076463971930005,0,0
unsw->bot,44,ogni_batch_int,4,0.211,0.8289073115073076,4,128
unsw->bot,44,martingala_int,4,0.211,0.7076463971930005,0,0
unsw->bot,44,statico,5,0.263,0.6823533069138861,0,0
unsw->bot,44,ogni_batch_int,5,0.263,0.843130860650581,5,160
unsw->bot,44,martingala_int,5,0.263,0.6823533069138861,0,0
unsw->bot,44,statico,6,0.316,0.66545322636657,0,0
unsw->bot,44,ogni_batch_int,6,0.316,0.8591157459726089,6,192
unsw->bot,44,martingala_int,6,0.316,0.66545322636657,0,0
unsw->bot,44,statico,7,0.368,0.6325120689882912,0,0
unsw->bot,44,ogni_batch_int,7,0.368,0.8688610748150003,7,224
unsw->bot,44,martingala_int,7,0.368,0.6325120689882912,0,0
unsw->bot,44,statico,8,0.421,0.6153549324741823,0,0
unsw->bot,44,ogni_batch_int,8,0.421,0.874603384645404,8,256
unsw->bot,44,martingala_int,8,0.421,0.7794243344140006,1,32
unsw->bot,44,statico,9,0.474,0.590983130007499,0,0
unsw->bot,44,ogni_batch_int,9,0.474,0.8682818966058412,9,288
unsw->bot,44,martingala_int,9,0.474,0.8757382879718245,2,64
unsw->bot,44,statico,10,0.526,0.5763168228585064,0,0
unsw->bot,44,ogni_batch_int,10,0.526,0.8855390169144899,10,320
unsw->bot,44,martingala_int,10,0.526,0.8883627254534529,3,96
unsw->bot,44,statico,11,0.579,0.5526727598046327,0,0
unsw->bot,44,ogni_batch_int,11,0.579,0.8933110885439335,11,352
unsw->bot,44,martingala_int,11,0.579,0.868083563034963,4,128
unsw->bot,44,statico,12,0.632,0.5380147674598157,0,0
unsw->bot,44,ogni_batch_int,12,0.632,0.8986746166721195,12,384
unsw->bot,44,martingala_int,12,0.632,0.8932327193159406,5,160
unsw->bot,44,statico,13,0.684,0.5203290327672573,0,0
unsw->bot,44,ogni_batch_int,13,0.684,0.9030408895060635,13,416
unsw->bot,44,martingala_int,13,0.684,0.8997907453619782,6,192
unsw->bot,44,statico,14,0.737,0.510970582478037,0,0
unsw->bot,44,ogni_batch_int,14,0.737,0.9072413148338052,14,448
unsw->bot,44,martingala_int,14,0.737,0.9051526678528335,7,224
unsw->bot,44,statico,15,0.789,0.4940776113477776,0,0
unsw->bot,44,ogni_batch_int,15,0.789,0.9139780841718453,15,480
unsw->bot,44,martingala_int,15,0.789,0.9142001887676998,8,256
unsw->bot,44,statico,16,0.842,0.47850163325502243,0,0
unsw->bot,44,ogni_batch_int,16,0.842,0.912363374865546,16,512
unsw->bot,44,martingala_int,16,0.842,0.904998682121647,9,288
unsw->bot,44,statico,17,0.895,0.45554221435793735,0,0
unsw->bot,44,ogni_batch_int,17,0.895,0.9420839050989456,17,544
unsw->bot,44,martingala_int,17,0.895,0.9085532373970822,10,320
unsw->bot,44,statico,18,0.947,0.46086164519494865,0,0
unsw->bot,44,ogni_batch_int,18,0.947,0.9276738537344055,18,576
unsw->bot,44,martingala_int,18,0.947,0.9198792463399268,11,352
unsw->bot,44,statico,19,1.0,0.5248024802480248,0,0
unsw->bot,44,ogni_batch_int,19,1.0,0.974047404740474,19,608
unsw->bot,44,martingala_int,19,1.0,0.9886488648864886,12,384
unsw->bot,45,statico,0,0.0,0.8180886370111905,0,0
unsw->bot,45,ogni_batch_int,0,0.0,0.8180886370111905,0,0
unsw->bot,45,martingala_int,0,0.0,0.8180886370111905,0,0
unsw->bot,45,statico,1,0.053,0.7855294687810266,0,0
unsw->bot,45,ogni_batch_int,1,0.053,0.7681527035128366,1,32
unsw->bot,45,martingala_int,1,0.053,0.7855294687810266,0,0
unsw->bot,45,statico,2,0.105,0.7610898032710328,0,0
unsw->bot,45,ogni_batch_int,2,0.105,0.7837390163254737,2,64
unsw->bot,45,martingala_int,2,0.105,0.7610898032710328,0,0
unsw->bot,45,statico,3,0.158,0.7318291597888575,0,0
unsw->bot,45,ogni_batch_int,3,0.158,0.8174937867633082,3,96
unsw->bot,45,martingala_int,3,0.158,0.7318291597888575,0,0
unsw->bot,45,statico,4,0.211,0.7094595963191574,0,0
unsw->bot,45,ogni_batch_int,4,0.211,0.8270263793292032,4,128
unsw->bot,45,martingala_int,4,0.211,0.7094595963191574,0,0
unsw->bot,45,statico,5,0.263,0.6812303469980634,0,0
unsw->bot,45,ogni_batch_int,5,0.263,0.8347227498327612,5,160
unsw->bot,45,martingala_int,5,0.263,0.6812303469980634,0,0
unsw->bot,45,statico,6,0.316,0.6577241268468755,0,0
unsw->bot,45,ogni_batch_int,6,0.316,0.8460926013209389,6,192
unsw->bot,45,martingala_int,6,0.316,0.6577241268468755,0,0
unsw->bot,45,statico,7,0.368,0.6337689253821355,0,0
unsw->bot,45,ogni_batch_int,7,0.368,0.8516985319300122,7,224
unsw->bot,45,martingala_int,7,0.368,0.6337689253821355,0,0
unsw->bot,45,statico,8,0.421,0.6155844403979808,0,0
unsw->bot,45,ogni_batch_int,8,0.421,0.8593849202856411,8,256
unsw->bot,45,martingala_int,8,0.421,0.6155844403979808,0,0
unsw->bot,45,statico,9,0.474,0.5957031337072373,0,0
unsw->bot,45,ogni_batch_int,9,0.474,0.8596744756940156,9,288
unsw->bot,45,martingala_int,9,0.474,0.5957031337072373,0,0
unsw->bot,45,statico,10,0.526,0.5711531542970816,0,0
unsw->bot,45,ogni_batch_int,10,0.526,0.8775093644847947,10,320
unsw->bot,45,martingala_int,10,0.526,0.6006950176002934,1,32
unsw->bot,45,statico,11,0.579,0.5603611660988245,0,0
unsw->bot,45,ogni_batch_int,11,0.579,0.8936313303239396,11,352
unsw->bot,45,martingala_int,11,0.579,0.8481753547253745,2,64
unsw->bot,45,statico,12,0.632,0.5453145385747673,0,0
unsw->bot,45,ogni_batch_int,12,0.632,0.9002998088335594,12,384
unsw->bot,45,martingala_int,12,0.632,0.8575490700303812,3,96
unsw->bot,45,statico,13,0.684,0.5180096954303536,0,0
unsw->bot,45,ogni_batch_int,13,0.684,0.8890334008928724,13,416
unsw->bot,45,martingala_int,13,0.684,0.8708162724426384,4,128
unsw->bot,45,statico,14,0.737,0.5136404950512834,0,0
unsw->bot,45,ogni_batch_int,14,0.737,0.8831574787591385,14,448
unsw->bot,45,martingala_int,14,0.737,0.8969334123690971,5,160
unsw->bot,45,statico,15,0.789,0.4941721577682661,0,0
unsw->bot,45,ogni_batch_int,15,0.789,0.8727971061425246,15,480
unsw->bot,45,martingala_int,15,0.789,0.8998184885860179,6,192
unsw->bot,45,statico,16,0.842,0.4695468510038091,0,0
unsw->bot,45,ogni_batch_int,16,0.842,0.8217421806736162,16,512
unsw->bot,45,martingala_int,16,0.842,0.8994504432239495,7,224
unsw->bot,45,statico,17,0.895,0.44961221410262325,0,0
unsw->bot,45,ogni_batch_int,17,0.895,0.9049861952174172,17,544
unsw->bot,45,martingala_int,17,0.895,0.899336118450965,8,256
unsw->bot,45,statico,18,0.947,0.45112109404742595,0,0
unsw->bot,45,ogni_batch_int,18,0.947,0.929684080894889,18,576
unsw->bot,45,martingala_int,18,0.947,0.9194378142886936,9,288
unsw->bot,45,statico,19,1.0,0.425631407851963,0,0
unsw->bot,45,ogni_batch_int,19,1.0,0.8736434108527131,19,608
unsw->bot,45,martingala_int,19,1.0,0.888122030507627,10,320
unsw->bot,46,statico,0,0.0,0.8197316372963355,0,0
unsw->bot,46,ogni_batch_int,0,0.0,0.8197316372963355,0,0
unsw->bot,46,martingala_int,0,0.0,0.8197316372963355,0,0
unsw->bot,46,statico,1,0.053,0.7849721588442395,0,0
unsw->bot,46,ogni_batch_int,1,0.053,0.7889499888619431,1,32
unsw->bot,46,martingala_int,1,0.053,0.7849721588442395,0,0
unsw->bot,46,statico,2,0.105,0.7595337684167079,0,0
unsw->bot,46,ogni_batch_int,2,0.105,0.8174042529131055,2,64
unsw->bot,46,martingala_int,2,0.105,0.7595337684167079,0,0
unsw->bot,46,statico,3,0.158,0.7336034073731392,0,0
unsw->bot,46,ogni_batch_int,3,0.158,0.8022932004610683,3,96
unsw->bot,46,martingala_int,3,0.158,0.7336034073731392,0,0
unsw->bot,46,statico,4,0.211,0.7061944810928668,0,0
unsw->bot,46,ogni_batch_int,4,0.211,0.8313303219477586,4,128
unsw->bot,46,martingala_int,4,0.211,0.7061944810928668,0,0
unsw->bot,46,statico,5,0.263,0.6788834970606751,0,0
unsw->bot,46,ogni_batch_int,5,0.263,0.8526672337478822,5,160
unsw->bot,46,martingala_int,5,0.263,0.7982038054799155,1,32
unsw->bot,46,statico,6,0.316,0.6520684940834367,0,0
unsw->bot,46,ogni_batch_int,6,0.316,0.8601767158567635,6,192
unsw->bot,46,martingala_int,6,0.316,0.7784525079472737,2,64
unsw->bot,46,statico,7,0.368,0.6349981465272404,0,0
unsw->bot,46,ogni_batch_int,7,0.368,0.8620961296951707,7,224
unsw->bot,46,martingala_int,7,0.368,0.8015450774441527,3,96
unsw->bot,46,statico,8,0.421,0.614050508939877,0,0
unsw->bot,46,ogni_batch_int,8,0.421,0.8558872148618653,8,256
unsw->bot,46,martingala_int,8,0.421,0.8325981757700589,4,128
unsw->bot,46,statico,9,0.474,0.5983421293709338,0,0
unsw->bot,46,ogni_batch_int,9,0.474,0.8789680370934272,9,288
unsw->bot,46,martingala_int,9,0.474,0.8557496127183117,5,160
unsw->bot,46,statico,10,0.526,0.5778389550526343,0,0
unsw->bot,46,ogni_batch_int,10,0.526,0.8900036880949992,10,320
unsw->bot,46,martingala_int,10,0.526,0.8650475224542327,6,192
unsw->bot,46,statico,11,0.579,0.5532918518518519,0,0
unsw->bot,46,ogni_batch_int,11,0.579,0.8787792592592593,11,352
unsw->bot,46,martingala_int,11,0.579,0.8732562962962962,7,224
unsw->bot,46,statico,12,0.632,0.5353685568157025,0,0
unsw->bot,46,ogni_batch_int,12,0.632,0.8707178156387716,12,384
unsw->bot,46,martingala_int,12,0.632,0.8707178156387716,8,256
unsw->bot,46,statico,13,0.684,0.5210663889787784,0,0
unsw->bot,46,ogni_batch_int,13,0.684,0.8926275020085481,13,416
unsw->bot,46,martingala_int,13,0.684,0.8926275020085481,9,288
unsw->bot,46,statico,14,0.737,0.5046748714260813,0,0
unsw->bot,46,ogni_batch_int,14,0.737,0.8986761048844186,14,448
unsw->bot,46,martingala_int,14,0.737,0.8986761048844186,10,320
unsw->bot,46,statico,15,0.789,0.49147644847338556,0,0
unsw->bot,46,ogni_batch_int,15,0.789,0.8938996871791647,15,480
unsw->bot,46,martingala_int,15,0.789,0.8938996871791647,11,352
unsw->bot,46,statico,16,0.842,0.4729313375942102,0,0
unsw->bot,46,ogni_batch_int,16,0.842,0.9080575962322917,16,512
unsw->bot,46,martingala_int,16,0.842,0.9080575962322917,12,384
unsw->bot,46,statico,17,0.895,0.4641298701298701,0,0
unsw->bot,46,ogni_batch_int,17,0.895,0.9212034632034631,17,544
unsw->bot,46,martingala_int,17,0.895,0.9212034632034631,13,416
unsw->bot,46,statico,18,0.947,0.4492161246878228,0,0
unsw->bot,46,ogni_batch_int,18,0.947,0.9265066227330379,18,576
unsw->bot,46,martingala_int,18,0.947,0.9265066227330379,14,448
unsw->bot,46,statico,19,1.0,0.5264026402640264,0,0
unsw->bot,46,ogni_batch_int,19,1.0,0.9887488748874887,19,608
unsw->bot,46,martingala_int,19,1.0,0.9887488748874887,15,480
unsw->bot,47,statico,0,0.0,0.8172237998647736,0,0
unsw->bot,47,ogni_batch_int,0,0.0,0.8172237998647736,0,0
unsw->bot,47,martingala_int,0,0.0,0.8172237998647736,0,0
unsw->bot,47,statico,1,0.053,0.7895234967022422,0,0
unsw->bot,47,ogni_batch_int,1,0.053,0.7552530954632051,1,32
unsw->bot,47,martingala_int,1,0.053,0.7895234967022422,0,0
unsw->bot,47,statico,2,0.105,0.7586114924928282,0,0
unsw->bot,47,ogni_batch_int,2,0.105,0.7395132014970238,2,64
unsw->bot,47,martingala_int,2,0.105,0.7586114924928282,0,0
unsw->bot,47,statico,3,0.158,0.7309984486226887,0,0
unsw->bot,47,ogni_batch_int,3,0.158,0.8070282588202109,3,96
unsw->bot,47,martingala_int,3,0.158,0.7309984486226887,0,0
unsw->bot,47,statico,4,0.211,0.7078440529414615,0,0
unsw->bot,47,ogni_batch_int,4,0.211,0.8341566073631839,4,128
unsw->bot,47,martingala_int,4,0.211,0.7078440529414615,0,0
unsw->bot,47,statico,5,0.263,0.684471856975961,0,0
unsw->bot,47,ogni_batch_int,5,0.263,0.8487800806181764,5,160
unsw->bot,47,martingala_int,5,0.263,0.684471856975961,0,0
unsw->bot,47,statico,6,0.316,0.658302853366564,0,0
unsw->bot,47,ogni_batch_int,6,0.316,0.8545220245226761,6,192
unsw->bot,47,martingala_int,6,0.316,0.658302853366564,0,0
unsw->bot,47,statico,7,0.368,0.6296634780848007,0,0
unsw->bot,47,ogni_batch_int,7,0.368,0.8589821770314063,7,224
unsw->bot,47,martingala_int,7,0.368,0.6296634780848007,0,0
unsw->bot,47,statico,8,0.421,0.6164993662705689,0,0
unsw->bot,47,ogni_batch_int,8,0.421,0.8697900303523244,8,256
unsw->bot,47,martingala_int,8,0.421,0.6164993662705689,0,0
unsw->bot,47,statico,9,0.474,0.590019522561559,0,0
unsw->bot,47,ogni_batch_int,9,0.474,0.8735825603197883,9,288
unsw->bot,47,martingala_int,9,0.474,0.590019522561559,0,0
unsw->bot,47,statico,10,0.526,0.5714338358648356,0,0
unsw->bot,47,ogni_batch_int,10,0.526,0.8848340512243653,10,320
unsw->bot,47,martingala_int,10,0.526,0.7852203882332432,1,32
unsw->bot,47,statico,11,0.579,0.5631878548070045,0,0
unsw->bot,47,ogni_batch_int,11,0.579,0.8882059460186604,11,352
unsw->bot,47,martingala_int,11,0.579,0.863975920273357,2,64
unsw->bot,47,statico,12,0.632,0.5398191244742979,0,0
unsw->bot,47,ogni_batch_int,12,0.632,0.9022128506199318,12,384
unsw->bot,47,martingala_int,12,0.632,0.8584696224695152,3,96
unsw->bot,47,statico,13,0.684,0.5253810873609226,0,0
unsw->bot,47,ogni_batch_int,13,0.684,0.9138457329533196,13,416
unsw->bot,47,martingala_int,13,0.684,0.8471639476513326,4,128
unsw->bot,47,statico,14,0.737,0.502265143161447,0,0
unsw->bot,47,ogni_batch_int,14,0.737,0.9055853657830684,14,448
unsw->bot,47,martingala_int,14,0.737,0.8351066077408189,5,160
unsw->bot,47,statico,15,0.789,0.48637006002008987,0,0
unsw->bot,47,ogni_batch_int,15,0.789,0.9225472712060026,15,480
unsw->bot,47,martingala_int,15,0.789,0.8584423233466132,6,192
unsw->bot,47,statico,16,0.842,0.4746948480394632,0,0
unsw->bot,47,ogni_batch_int,16,0.842,0.9302156779183088,16,512
unsw->bot,47,martingala_int,16,0.842,0.881750080534,7,224
unsw->bot,47,statico,17,0.895,0.46736597859914625,0,0
unsw->bot,47,ogni_batch_int,17,0.895,0.8783750544007823,17,544
unsw->bot,47,martingala_int,17,0.895,0.8881576250281337,8,256
unsw->bot,47,statico,18,0.947,0.4425268123091822,0,0
unsw->bot,47,ogni_batch_int,18,0.947,0.9556195115825427,18,576
unsw->bot,47,martingala_int,18,0.947,0.9019303342033398,9,288
unsw->bot,47,statico,19,1.0,0.026751337566878343,0,0
unsw->bot,47,ogni_batch_int,19,1.0,0.48689934496724835,19,608
unsw->bot,47,martingala_int,19,1.0,0.4889244462223111,10,320
unsw->bot,48,statico,0,0.0,0.8169566018794285,0,0
unsw->bot,48,ogni_batch_int,0,0.0,0.8169566018794285,0,0
unsw->bot,48,martingala_int,0,0.0,0.8169566018794285,0,0
unsw->bot,48,statico,1,0.053,0.7880635888666602,0,0
unsw->bot,48,ogni_batch_int,1,0.053,0.7660583096481004,1,32
unsw->bot,48,martingala_int,1,0.053,0.7880635888666602,0,0
unsw->bot,48,statico,2,0.105,0.7590499473652457,0,0
unsw->bot,48,ogni_batch_int,2,0.105,0.7956817578623434,2,64
unsw->bot,48,martingala_int,2,0.105,0.7590499473652457,0,0
unsw->bot,48,statico,3,0.158,0.7348075291565628,0,0
unsw->bot,48,ogni_batch_int,3,0.158,0.7904888724529642,3,96
unsw->bot,48,martingala_int,3,0.158,0.7348075291565628,0,0
unsw->bot,48,statico,4,0.211,0.7036541591911661,0,0
unsw->bot,48,ogni_batch_int,4,0.211,0.7935515629146686,4,128
unsw->bot,48,martingala_int,4,0.211,0.7036541591911661,0,0
unsw->bot,48,statico,5,0.263,0.6763472868480616,0,0
unsw->bot,48,ogni_batch_int,5,0.263,0.8003917621078331,5,160
unsw->bot,48,martingala_int,5,0.263,0.6763472868480616,0,0
unsw->bot,48,statico,6,0.316,0.6585737980778885,0,0
unsw->bot,48,ogni_batch_int,6,0.316,0.8242857008986721,6,192
unsw->bot,48,martingala_int,6,0.316,0.7759560021472816,1,32
unsw->bot,48,statico,7,0.368,0.6370101324502595,0,0
unsw->bot,48,ogni_batch_int,7,0.368,0.8332048320611155,7,224
unsw->bot,48,martingala_int,7,0.368,0.812708650877205,2,64
unsw->bot,48,statico,8,0.421,0.6156016451506401,0,0
unsw->bot,48,ogni_batch_int,8,0.421,0.8395325330398585,8,256
unsw->bot,48,martingala_int,8,0.421,0.8102502545251954,3,96
unsw->bot,48,statico,9,0.474,0.592792821878599,0,0
unsw->bot,48,ogni_batch_int,9,0.474,0.8481990126007724,9,288
unsw->bot,48,martingala_int,9,0.474,0.8375393244868234,4,128
unsw->bot,48,statico,10,0.526,0.5695719809268298,0,0
unsw->bot,48,ogni_batch_int,10,0.526,0.8574262492813745,10,320
unsw->bot,48,martingala_int,10,0.526,0.8646533124415237,5,160
unsw->bot,48,statico,11,0.579,0.5563423597917538,0,0
unsw->bot,48,ogni_batch_int,11,0.579,0.8618811215212239,11,352
unsw->bot,48,martingala_int,11,0.579,0.8747978145921982,6,192
unsw->bot,48,statico,12,0.632,0.5360955729357068,0,0
unsw->bot,48,ogni_batch_int,12,0.632,0.8853213779744906,12,384
unsw->bot,48,martingala_int,12,0.632,0.8831701250954102,7,224
unsw->bot,48,statico,13,0.684,0.5205295915062765,0,0
unsw->bot,48,ogni_batch_int,13,0.684,0.8994304437063761,13,416
unsw->bot,48,martingala_int,13,0.684,0.8853015417808012,8,256
unsw->bot,48,statico,14,0.737,0.5065103114868788,0,0
unsw->bot,48,ogni_batch_int,14,0.737,0.8989430826331386,14,448
unsw->bot,48,martingala_int,14,0.737,0.879794308782939,9,288
unsw->bot,48,statico,15,0.789,0.5019270239927442,0,0
unsw->bot,48,ogni_batch_int,15,0.789,0.903414375604934,15,480
unsw->bot,48,martingala_int,15,0.789,0.8911236954830792,10,320
unsw->bot,48,statico,16,0.842,0.47986809711154044,0,0
unsw->bot,48,ogni_batch_int,16,0.842,0.918825825165196,16,512
unsw->bot,48,martingala_int,16,0.842,0.9100901863167143,11,352
unsw->bot,48,statico,17,0.895,0.4668051948051948,0,0
unsw->bot,48,ogni_batch_int,17,0.895,0.918969696969697,17,544
unsw->bot,48,martingala_int,17,0.895,0.9072987012987013,12,384
unsw->bot,48,statico,18,0.947,0.4629005892878047,0,0
unsw->bot,48,ogni_batch_int,18,0.947,0.934975223576539,18,576
unsw->bot,48,martingala_int,18,0.947,0.9137313032834482,13,416
unsw->bot,48,statico,19,1.0,0.5259262963148157,0,0
unsw->bot,48,ogni_batch_int,19,1.0,0.9729486474323716,19,608
unsw->bot,48,martingala_int,19,1.0,0.9729486474323716,14,448
unsw->bot,49,statico,0,0.0,0.8223955499323425,0,0
unsw->bot,49,ogni_batch_int,0,0.0,0.8223955499323425,0,0
unsw->bot,49,martingala_int,0,0.0,0.8223955499323425,0,0
unsw->bot,49,statico,1,0.053,0.7912646982093889,0,0
unsw->bot,49,ogni_batch_int,1,0.053,0.7668254039406083,1,32
unsw->bot,49,martingala_int,1,0.053,0.7912646982093889,0,0
unsw->bot,49,statico,2,0.105,0.7577373892970904,0,0
unsw->bot,49,ogni_batch_int,2,0.105,0.7712614338099977,2,64
unsw->bot,49,martingala_int,2,0.105,0.7577373892970904,0,0
unsw->bot,49,statico,3,0.158,0.7309118207410437,0,0
unsw->bot,49,ogni_batch_int,3,0.158,0.7935186563668009,3,96
unsw->bot,49,martingala_int,3,0.158,0.7309118207410437,0,0
unsw->bot,49,statico,4,0.211,0.7032685766129119,0,0
unsw->bot,49,ogni_batch_int,4,0.211,0.7783121308724985,4,128
unsw->bot,49,martingala_int,4,0.211,0.7032685766129119,0,0
unsw->bot,49,statico,5,0.263,0.6817905405405406,0,0
unsw->bot,49,ogni_batch_int,5,0.263,0.8018555093555093,5,160
unsw->bot,49,martingala_int,5,0.263,0.6817905405405406,0,0
unsw->bot,49,statico,6,0.316,0.6635668087187282,0,0
unsw->bot,49,ogni_batch_int,6,0.316,0.8191333078421276,6,192
unsw->bot,49,martingala_int,6,0.316,0.6635668087187282,0,0
unsw->bot,49,statico,7,0.368,0.6376910917187192,0,0
unsw->bot,49,ogni_batch_int,7,0.368,0.8328950649620761,7,224
unsw->bot,49,martingala_int,7,0.368,0.6376910917187192,0,0
unsw->bot,49,statico,8,0.421,0.6120773732069964,0,0
unsw->bot,49,ogni_batch_int,8,0.421,0.8248149753466495,8,256
unsw->bot,49,martingala_int,8,0.421,0.6120773732069964,0,0
unsw->bot,49,statico,9,0.474,0.5892249120903157,0,0
unsw->bot,49,ogni_batch_int,9,0.474,0.8610020126690894,9,288
unsw->bot,49,martingala_int,9,0.474,0.5892249120903157,0,0
unsw->bot,49,statico,10,0.526,0.5706910621556404,0,0
unsw->bot,49,ogni_batch_int,10,0.526,0.8663318710074656,10,320
unsw->bot,49,martingala_int,10,0.526,0.5706910621556404,0,0
unsw->bot,49,statico,11,0.579,0.5446056510626434,0,0
unsw->bot,49,ogni_batch_int,11,0.579,0.8834409044606466,11,352
unsw->bot,49,martingala_int,11,0.579,0.6595973270693993,1,32
unsw->bot,49,statico,12,0.632,0.538522966469619,0,0
unsw->bot,49,ogni_batch_int,12,0.632,0.8851384805180117,12,384
unsw->bot,49,martingala_int,12,0.632,0.8455960464150956,2,64
unsw->bot,49,statico,13,0.684,0.5178924097273397,0,0
unsw->bot,49,ogni_batch_int,13,0.684,0.8903340702530091,13,416
unsw->bot,49,martingala_int,13,0.684,0.8882105133873741,3,96
unsw->bot,49,statico,14,0.737,0.5036773355451897,0,0
unsw->bot,49,ogni_batch_int,14,0.737,0.9075458601120633,14,448
unsw->bot,49,martingala_int,14,0.737,0.8836794549427396,4,128
unsw->bot,49,statico,15,0.789,0.4968809508175192,0,0
unsw->bot,49,ogni_batch_int,15,0.789,0.9290221910413304,15,480
unsw->bot,49,martingala_int,15,0.789,0.9039668084782841,5,160
unsw->bot,49,statico,16,0.842,0.4737348577225181,0,0
unsw->bot,49,ogni_batch_int,16,0.842,0.9279809486091859,16,512
unsw->bot,49,martingala_int,16,0.842,0.9058038883272597,6,192
unsw->bot,49,statico,17,0.895,0.4481155600691125,0,0
unsw->bot,49,ogni_batch_int,17,0.895,0.9330075808958582,17,544
unsw->bot,49,martingala_int,17,0.895,0.917274766344143,7,224
unsw->bot,49,statico,18,0.947,0.4462168976526913,0,0
unsw->bot,49,ogni_batch_int,18,0.947,0.9320652507271783,18,576
unsw->bot,49,martingala_int,18,0.947,0.929972333330105,8,256
unsw->bot,49,statico,19,1.0,0.27588276482944885,0,0
unsw->bot,49,ogni_batch_int,19,1.0,0.7223667100130039,19,608
unsw->bot,49,martingala_int,19,1.0,0.6544880130705878,9,288
unsw->bot,50,statico,0,0.0,0.8210325440722772,0,0
unsw->bot,50,ogni_batch_int,0,0.0,0.8210325440722772,0,0
unsw->bot,50,martingala_int,0,0.0,0.8210325440722772,0,0
unsw->bot,50,statico,1,0.053,0.7861087776239718,0,0
unsw->bot,50,ogni_batch_int,1,0.053,0.8147895439324478,1,32
unsw->bot,50,martingala_int,1,0.053,0.7861087776239718,0,0
unsw->bot,50,statico,2,0.105,0.758193379150174,0,0
unsw->bot,50,ogni_batch_int,2,0.105,0.7642363463500436,2,64
unsw->bot,50,martingala_int,2,0.105,0.758193379150174,0,0
unsw->bot,50,statico,3,0.158,0.7357799888468199,0,0
unsw->bot,50,ogni_batch_int,3,0.158,0.7882827037656658,3,96
unsw->bot,50,martingala_int,3,0.158,0.7357799888468199,0,0
unsw->bot,50,statico,4,0.211,0.7029061145018345,0,0
unsw->bot,50,ogni_batch_int,4,0.211,0.8002601810929328,4,128
unsw->bot,50,martingala_int,4,0.211,0.7029061145018345,0,0
unsw->bot,50,statico,5,0.263,0.6833882340159663,0,0
unsw->bot,50,ogni_batch_int,5,0.263,0.812812203761071,5,160
unsw->bot,50,martingala_int,5,0.263,0.6833882340159663,0,0
unsw->bot,50,statico,6,0.316,0.6644521892481339,0,0
unsw->bot,50,ogni_batch_int,6,0.316,0.8459178957797742,6,192
unsw->bot,50,martingala_int,6,0.316,0.6644521892481339,0,0
unsw->bot,50,statico,7,0.368,0.6400984824395414,0,0
unsw->bot,50,ogni_batch_int,7,0.368,0.8564579430613684,7,224
unsw->bot,50,martingala_int,7,0.368,0.6400984824395414,0,0
unsw->bot,50,statico,8,0.421,0.6147662692576952,0,0
unsw->bot,50,ogni_batch_int,8,0.421,0.8618546601486199,8,256
unsw->bot,50,martingala_int,8,0.421,0.6147662692576952,0,0
unsw->bot,50,statico,9,0.474,0.5930135170122803,0,0
unsw->bot,50,ogni_batch_int,9,0.474,0.8651405124312921,9,288
unsw->bot,50,martingala_int,9,0.474,0.5930135170122803,0,0
unsw->bot,50,statico,10,0.526,0.5727995294660493,0,0
unsw->bot,50,ogni_batch_int,10,0.526,0.8708547177597006,10,320
unsw->bot,50,martingala_int,10,0.526,0.5727995294660493,0,0
unsw->bot,50,statico,11,0.579,0.5534488771119287,0,0
unsw->bot,50,ogni_batch_int,11,0.579,0.8586553308970895,11,352
unsw->bot,50,martingala_int,11,0.579,0.5534488771119287,0,0
unsw->bot,50,statico,12,0.632,0.5454074252607692,0,0
unsw->bot,50,ogni_batch_int,12,0.632,0.860269246314358,12,384
unsw->bot,50,martingala_int,12,0.632,0.5454074252607692,0,0
unsw->bot,50,statico,13,0.684,0.5216617291937117,0,0
unsw->bot,50,ogni_batch_int,13,0.684,0.8754065902215101,13,416
unsw->bot,50,martingala_int,13,0.684,0.5216617291937117,0,0
unsw->bot,50,statico,14,0.737,0.5130811798487898,0,0
unsw->bot,50,ogni_batch_int,14,0.737,0.8597516179149083,14,448
unsw->bot,50,martingala_int,14,0.737,0.5130811798487898,0,0
unsw->bot,50,statico,15,0.789,0.4916384285959729,0,0
unsw->bot,50,ogni_batch_int,15,0.789,0.8838157491993239,15,480
unsw->bot,50,martingala_int,15,0.789,0.4916384285959729,0,0
unsw->bot,50,statico,16,0.842,0.4699043414275202,0,0
unsw->bot,50,ogni_batch_int,16,0.842,0.8782958057395144,16,512
unsw->bot,50,martingala_int,16,0.842,0.4699043414275202,0,0
unsw->bot,50,statico,17,0.895,0.4664119727203839,0,0
unsw->bot,50,ogni_batch_int,17,0.895,0.8846362717858045,17,544
unsw->bot,50,martingala_int,17,0.895,0.4664119727203839,0,0
unsw->bot,50,statico,18,0.947,0.45339561021039976,0,0
unsw->bot,50,ogni_batch_int,18,0.947,0.8905707859976207,18,576
unsw->bot,50,martingala_int,18,0.947,0.45339561021039976,0,0
unsw->bot,50,statico,19,1.0,0.40823164632926584,0,0
unsw->bot,50,ogni_batch_int,19,1.0,0.7377225445089017,19,608
unsw->bot,50,martingala_int,19,1.0,0.40823164632926584,0,0
unsw->bot,51,statico,0,0.0,0.8190796457045808,0,0
unsw->bot,51,ogni_batch_int,0,0.0,0.8190796457045808,0,0
unsw->bot,51,martingala_int,0,0.0,0.8190796457045808,0,0
unsw->bot,51,statico,1,0.053,0.7906117683864773,0,0
unsw->bot,51,ogni_batch_int,1,0.053,0.7975234714884831,1,32
unsw->bot,51,martingala_int,1,0.053,0.7906117683864773,0,0
unsw->bot,51,statico,2,0.105,0.7584234808990247,0,0
unsw->bot,51,ogni_batch_int,2,0.105,0.7847463288313774,2,64
unsw->bot,51,martingala_int,2,0.105,0.7584234808990247,0,0
unsw->bot,51,statico,3,0.158,0.7284114184131227,0,0
unsw->bot,51,ogni_batch_int,3,0.158,0.7830507555139341,3,96
unsw->bot,51,martingala_int,3,0.158,0.7284114184131227,0,0
unsw->bot,51,statico,4,0.211,0.7065140095773093,0,0
unsw->bot,51,ogni_batch_int,4,0.211,0.8149997452817396,4,128
unsw->bot,51,martingala_int,4,0.211,0.7065140095773093,0,0
unsw->bot,51,statico,5,0.263,0.6843908023781557,0,0
unsw->bot,51,ogni_batch_int,5,0.263,0.8263846403483659,5,160
unsw->bot,51,martingala_int,5,0.263,0.6843908023781557,0,0
unsw->bot,51,statico,6,0.316,0.6576114473986336,0,0
unsw->bot,51,ogni_batch_int,6,0.316,0.8384628340905473,6,192
unsw->bot,51,martingala_int,6,0.316,0.6576114473986336,0,0
unsw->bot,51,statico,7,0.368,0.6354462711561878,0,0
unsw->bot,51,ogni_batch_int,7,0.368,0.8575794422037977,7,224
unsw->bot,51,martingala_int,7,0.368,0.6354462711561878,0,0
unsw->bot,51,statico,8,0.421,0.6147016831363006,0,0
unsw->bot,51,ogni_batch_int,8,0.421,0.8652902673196854,8,256
unsw->bot,51,martingala_int,8,0.421,0.6147016831363006,0,0
unsw->bot,51,statico,9,0.474,0.5928072525196725,0,0
unsw->bot,51,ogni_batch_int,9,0.474,0.8699106143146182,9,288
unsw->bot,51,martingala_int,9,0.474,0.5928072525196725,0,0
unsw->bot,51,statico,10,0.526,0.5703624753372489,0,0
unsw->bot,51,ogni_batch_int,10,0.526,0.8675934561984486,10,320
unsw->bot,51,martingala_int,10,0.526,0.5703624753372489,0,0
unsw->bot,51,statico,11,0.579,0.5563184131364504,0,0
unsw->bot,51,ogni_batch_int,11,0.579,0.8858153825808156,11,352
unsw->bot,51,martingala_int,11,0.579,0.6756288939607941,1,32
unsw->bot,51,statico,12,0.632,0.5399699851181861,0,0
unsw->bot,51,ogni_batch_int,12,0.632,0.9005562480561664,12,384
unsw->bot,51,martingala_int,12,0.632,0.7650833315084933,2,64
unsw->bot,51,statico,13,0.684,0.5164345494975033,0,0
unsw->bot,51,ogni_batch_int,13,0.684,0.9076643906866276,13,416
unsw->bot,51,martingala_int,13,0.684,0.8878648411017043,3,96
unsw->bot,51,statico,14,0.737,0.4949553031109325,0,0
unsw->bot,51,ogni_batch_int,14,0.737,0.9222413228063902,14,448
unsw->bot,51,martingala_int,14,0.737,0.91459261018147,4,128
unsw->bot,51,statico,15,0.789,0.48822299891363974,0,0
unsw->bot,51,ogni_batch_int,15,0.789,0.9225199312398097,15,480
unsw->bot,51,martingala_int,15,0.789,0.9272723878934217,5,160
unsw->bot,51,statico,16,0.842,0.4720625870401764,0,0
unsw->bot,51,ogni_batch_int,16,0.842,0.9283214446251183,16,512
unsw->bot,51,martingala_int,16,0.842,0.9345511031590024,6,192
unsw->bot,51,statico,17,0.895,0.4647388894513886,0,0
unsw->bot,51,ogni_batch_int,17,0.895,0.9383010857695921,17,544
unsw->bot,51,martingala_int,17,0.895,0.887839690850162,7,224
unsw->bot,51,statico,18,0.947,0.4364483150031445,0,0
unsw->bot,51,ogni_batch_int,18,0.947,0.9439285769068108,18,576
unsw->bot,51,martingala_int,18,0.947,0.87748246415588,8,256
unsw->bot,51,statico,19,1.0,0.5261763088154408,0,0
unsw->bot,51,ogni_batch_int,19,1.0,0.9884494224711236,19,608
unsw->bot,51,martingala_int,19,1.0,0.988474423721186,9,288
