exp,seed,politica,batch,frazione_target,bal_acc,adattamenti,etichette,innesco,vuoti,ratio
ton->bot,42,statico,0,0.0,0.9685613961896815,0,0,False,0.0326,3.0
ton->bot,42,ogni_batch,0,0.0,0.9685613961896815,0,0,False,0.0326,3.0
ton->bot,42,su_innesco,0,0.0,0.9685613961896815,0,0,False,0.0326,3.0
ton->bot,42,oracolo,0,0.0,0.9685613961896815,0,0,False,0.0326,3.0
ton->bot,42,stat_13x13,0,0.0,0.9685613961896815,0,0,False,0.0326,3.0
ton->bot,42,martingala,0,0.0,0.9685613961896815,0,0,False,0.0326,3.0
ton->bot,42,stat_13x13_adaptive,0,0.0,0.9685613961896815,0,0,False,0.0326,3.0
ton->bot,42,statico,1,0.053,0.9542129405544633,0,0,False,0.03875,3.0
ton->bot,42,ogni_batch,1,0.053,0.9426419709213294,1,32,False,0.03875,3.0
ton->bot,42,su_innesco,1,0.053,0.9542129405544633,0,0,False,0.03875,3.0
ton->bot,42,oracolo,1,0.053,0.9357661346082324,1,32,False,0.03875,3.0
ton->bot,42,stat_13x13,1,0.053,0.957783390708012,1,32,False,0.03875,3.0
ton->bot,42,martingala,1,0.053,0.9542129405544633,0,0,False,0.03875,3.0
ton->bot,42,stat_13x13_adaptive,1,0.053,0.9523803561974953,1,32,False,0.03875,3.0
ton->bot,42,statico,2,0.105,0.9352468999814227,0,0,False,0.0475,3.0
ton->bot,42,ogni_batch,2,0.105,0.9264165035077941,2,64,False,0.0475,3.0
ton->bot,42,su_innesco,2,0.105,0.9352468999814227,0,0,False,0.0475,3.0
ton->bot,42,oracolo,2,0.105,0.9391652660778358,2,64,False,0.0475,3.0
ton->bot,42,stat_13x13,2,0.105,0.9404081062969112,2,64,False,0.0475,3.0
ton->bot,42,martingala,2,0.105,0.9352468999814227,0,0,False,0.0475,3.0
ton->bot,42,stat_13x13_adaptive,2,0.105,0.9397997863129401,2,64,False,0.0475,3.0
ton->bot,42,statico,3,0.158,0.917101347447733,0,0,False,0.0541,3.0
ton->bot,42,ogni_batch,3,0.158,0.95365264755325,3,96,False,0.0541,3.0
ton->bot,42,su_innesco,3,0.158,0.917101347447733,0,0,False,0.0541,3.0
ton->bot,42,oracolo,3,0.158,0.9205197413028738,3,96,False,0.0541,3.0
ton->bot,42,stat_13x13,3,0.158,0.9570403241336977,3,96,False,0.0541,3.0
ton->bot,42,martingala,3,0.158,0.917101347447733,0,0,False,0.0541,3.0
ton->bot,42,stat_13x13_adaptive,3,0.158,0.9584983289802567,3,96,False,0.0541,3.0
ton->bot,42,statico,4,0.211,0.9014395535901711,0,0,False,0.0623,3.0
ton->bot,42,ogni_batch,4,0.211,0.9460688806767735,4,128,False,0.0623,3.0
ton->bot,42,su_innesco,4,0.211,0.9014395535901711,0,0,False,0.0623,3.0
ton->bot,42,oracolo,4,0.211,0.8990516735759537,4,128,False,0.0623,3.0
ton->bot,42,stat_13x13,4,0.211,0.9553036278789753,4,128,False,0.0623,3.0
ton->bot,42,martingala,4,0.211,0.9014395535901711,0,0,False,0.0623,3.0
ton->bot,42,stat_13x13_adaptive,4,0.211,0.9500484950472318,4,128,False,0.0623,3.0
ton->bot,42,statico,5,0.263,0.8895088852248692,0,0,False,0.0722,3.0
ton->bot,42,ogni_batch,5,0.263,0.9553348946003355,5,160,False,0.0722,3.0
ton->bot,42,su_innesco,5,0.263,0.8895088852248692,0,0,False,0.0722,3.0
ton->bot,42,oracolo,5,0.263,0.8886422620049133,5,160,False,0.0722,3.0
ton->bot,42,stat_13x13,5,0.263,0.9480102468839678,5,160,False,0.0722,3.0
ton->bot,42,martingala,5,0.263,0.8895088852248692,0,0,False,0.0722,3.0
ton->bot,42,stat_13x13_adaptive,5,0.263,0.9468816016425037,5,160,False,0.0722,3.0
ton->bot,42,statico,6,0.316,0.8668739202842344,0,0,False,0.0785,3.0
ton->bot,42,ogni_batch,6,0.316,0.9492540440546485,6,192,False,0.0785,3.0
ton->bot,42,su_innesco,6,0.316,0.8668739202842344,0,0,False,0.0785,3.0
ton->bot,42,oracolo,6,0.316,0.9542103830906181,6,192,False,0.0785,3.0
ton->bot,42,stat_13x13,6,0.316,0.9508592903022877,6,192,False,0.0785,3.0
ton->bot,42,martingala,6,0.316,0.8668739202842344,0,0,False,0.0785,3.0
ton->bot,42,stat_13x13_adaptive,6,0.316,0.9446029713308652,6,192,False,0.0785,3.0
ton->bot,42,statico,7,0.368,0.854742718161269,0,0,False,0.08835,3.0
ton->bot,42,ogni_batch,7,0.368,0.9531788359877067,7,224,False,0.08835,3.0
ton->bot,42,su_innesco,7,0.368,0.854742718161269,0,0,False,0.08835,3.0
ton->bot,42,oracolo,7,0.368,0.9678645965822508,7,224,False,0.08835,3.0
ton->bot,42,stat_13x13,7,0.368,0.9524197913917263,7,224,False,0.08835,3.0
ton->bot,42,martingala,7,0.368,0.8563833824391285,1,32,False,0.08835,3.0
ton->bot,42,stat_13x13_adaptive,7,0.368,0.953415199873446,7,224,False,0.08835,3.0
ton->bot,42,statico,8,0.421,0.8403781677759101,0,0,False,0.091,3.0
ton->bot,42,ogni_batch,8,0.421,0.9571172576806988,8,256,False,0.091,3.0
ton->bot,42,su_innesco,8,0.421,0.8403781677759101,0,0,False,0.091,3.0
ton->bot,42,oracolo,8,0.421,0.9679612567687825,8,256,False,0.091,3.0
ton->bot,42,stat_13x13,8,0.421,0.9542995447935607,8,256,False,0.091,3.0
ton->bot,42,martingala,8,0.421,0.956098071716142,2,64,False,0.091,3.0
ton->bot,42,stat_13x13_adaptive,8,0.421,0.9482475690014638,8,256,False,0.091,3.0
ton->bot,42,statico,9,0.474,0.8276843826357795,0,0,False,0.10225,3.0
ton->bot,42,ogni_batch,9,0.474,0.9510332135841064,9,288,False,0.10225,3.0
ton->bot,42,su_innesco,9,0.474,0.8276843826357795,0,0,False,0.10225,3.0
ton->bot,42,oracolo,9,0.474,0.9635067143729936,9,288,False,0.10225,3.0
ton->bot,42,stat_13x13,9,0.474,0.9470565191313056,9,288,False,0.10225,3.0
ton->bot,42,martingala,9,0.474,0.9563531823781594,3,96,False,0.10225,3.0
ton->bot,42,stat_13x13_adaptive,9,0.474,0.9560586743942785,9,288,False,0.10225,3.0
ton->bot,42,statico,10,0.526,0.8178244842462181,0,0,False,0.11275,3.0
ton->bot,42,ogni_batch,10,0.526,0.9502857428877632,10,320,False,0.11275,3.0
ton->bot,42,su_innesco,10,0.526,0.8178244842462181,0,0,False,0.11275,3.0
ton->bot,42,oracolo,10,0.526,0.967054213303407,10,320,False,0.11275,3.0
ton->bot,42,stat_13x13,10,0.526,0.95917564132909,10,320,False,0.11275,3.0
ton->bot,42,martingala,10,0.526,0.9586850616709242,4,128,False,0.11275,3.0
ton->bot,42,stat_13x13_adaptive,10,0.526,0.9587685146019523,10,320,False,0.11275,3.0
ton->bot,42,statico,11,0.579,0.8018258162897607,0,0,False,0.1191,3.0
ton->bot,42,ogni_batch,11,0.579,0.9503289928312443,11,352,False,0.1191,3.0
ton->bot,42,su_innesco,11,0.579,0.8018258162897607,0,0,False,0.1191,3.0
ton->bot,42,oracolo,11,0.579,0.9468863272869688,11,352,False,0.1191,3.0
ton->bot,42,stat_13x13,11,0.579,0.948682622293886,11,352,False,0.1191,3.0
ton->bot,42,martingala,11,0.579,0.9654668270874038,5,160,False,0.1191,3.0
ton->bot,42,stat_13x13_adaptive,11,0.579,0.9508053956073812,11,352,False,0.1191,3.0
ton->bot,42,statico,12,0.632,0.7923577629262202,0,0,False,0.1238,3.0
ton->bot,42,ogni_batch,12,0.632,0.9648127599010191,12,384,False,0.1238,3.0
ton->bot,42,su_innesco,12,0.632,0.7923577629262202,0,0,False,0.1238,3.0
ton->bot,42,oracolo,12,0.632,0.9551764644416693,12,384,False,0.1238,3.0
ton->bot,42,stat_13x13,12,0.632,0.9632678899192317,12,384,False,0.1238,3.0
ton->bot,42,martingala,12,0.632,0.9627280165338661,6,192,False,0.1238,3.0
ton->bot,42,stat_13x13_adaptive,12,0.632,0.9600765498624144,12,384,False,0.1238,3.0
ton->bot,42,statico,13,0.684,0.7770309246689169,0,0,True,0.13675,3.0
ton->bot,42,ogni_batch,13,0.684,0.9572301496940612,13,416,True,0.13675,3.0
ton->bot,42,su_innesco,13,0.684,0.7770309246689169,0,0,True,0.13675,3.0
ton->bot,42,oracolo,13,0.684,0.955009013567472,13,416,True,0.13675,3.0
ton->bot,42,stat_13x13,13,0.684,0.9551509532617914,13,416,True,0.13675,3.0
ton->bot,42,martingala,13,0.684,0.9582205524925029,7,224,True,0.13675,3.0
ton->bot,42,stat_13x13_adaptive,13,0.684,0.9513974890168118,13,416,True,0.13675,3.0
ton->bot,42,statico,14,0.737,0.7611357608382372,0,0,True,0.14375,3.0
ton->bot,42,ogni_batch,14,0.737,0.9680892641482196,14,448,True,0.14375,3.0
ton->bot,42,su_innesco,14,0.737,0.5936113138475019,1,32,True,0.14375,3.0
ton->bot,42,oracolo,14,0.737,0.9616335282788342,14,448,True,0.14375,3.0
ton->bot,42,stat_13x13,14,0.737,0.9556752580508703,14,448,True,0.14375,3.0
ton->bot,42,martingala,14,0.737,0.9672853046771663,8,256,True,0.14375,3.0
ton->bot,42,stat_13x13_adaptive,14,0.737,0.9563160783007902,14,448,True,0.14375,3.0
ton->bot,42,statico,15,0.789,0.7473147025275997,0,0,True,0.15085,3.0
ton->bot,42,ogni_batch,15,0.789,0.9697136857127757,15,480,True,0.15085,3.0
ton->bot,42,su_innesco,15,0.789,0.9543254925171493,2,64,True,0.15085,3.0
ton->bot,42,oracolo,15,0.789,0.9529319686167563,15,480,True,0.15085,3.0
ton->bot,42,stat_13x13,15,0.789,0.9321774833509127,15,480,True,0.15085,3.0
ton->bot,42,martingala,15,0.789,0.9739744427473682,9,288,True,0.15085,3.0
ton->bot,42,stat_13x13_adaptive,15,0.789,0.9547932402953979,15,480,True,0.15085,3.0
ton->bot,42,statico,16,0.842,0.7405380370495926,0,0,True,0.15865,3.0
ton->bot,42,ogni_batch,16,0.842,0.9720672787344793,16,512,True,0.15865,3.0
ton->bot,42,su_innesco,16,0.842,0.9105097040324529,3,96,True,0.15865,3.0
ton->bot,42,oracolo,16,0.842,0.9663497474079903,16,512,True,0.15865,3.0
ton->bot,42,stat_13x13,16,0.842,0.9607558425832912,16,512,True,0.15865,3.0
ton->bot,42,martingala,16,0.842,0.974551601235332,10,320,True,0.15865,3.0
ton->bot,42,stat_13x13_adaptive,16,0.842,0.9599288149790741,16,512,True,0.15865,3.0
ton->bot,42,statico,17,0.895,0.7319067151233001,0,0,True,0.1655,3.0
ton->bot,42,ogni_batch,17,0.895,0.978093983691861,17,544,True,0.1655,3.0
ton->bot,42,su_innesco,17,0.895,0.979785341146441,4,128,True,0.1655,3.0
ton->bot,42,oracolo,17,0.895,0.9653200716469439,17,544,True,0.1655,3.0
ton->bot,42,stat_13x13,17,0.895,0.9489642210724238,17,544,True,0.1655,3.0
ton->bot,42,martingala,17,0.895,0.9777903464611142,11,352,True,0.1655,3.0
ton->bot,42,stat_13x13_adaptive,17,0.895,0.9602240336019753,17,544,True,0.1655,3.0
ton->bot,42,statico,18,0.947,0.727855826922519,0,0,True,0.1707,3.0
ton->bot,42,ogni_batch,18,0.947,0.9415594809860681,18,576,True,0.1707,3.0
ton->bot,42,su_innesco,18,0.947,0.988747329753737,5,160,True,0.1707,3.0
ton->bot,42,oracolo,18,0.947,0.9778488925928444,18,576,True,0.1707,3.0
ton->bot,42,stat_13x13,18,0.947,0.9070308597785377,18,576,True,0.1707,3.0
ton->bot,42,martingala,18,0.947,0.97125302172679,12,384,True,0.1707,3.0
ton->bot,42,stat_13x13_adaptive,18,0.947,0.9663673365334999,18,576,True,0.1707,3.0
ton->bot,42,statico,19,1.0,0.47064706470647066,0,0,True,0.1806,3.0
ton->bot,42,ogni_batch,19,1.0,0.49017401740174016,19,608,True,0.1806,3.0
ton->bot,42,su_innesco,19,1.0,0.7477497749774977,6,192,True,0.1806,3.0
ton->bot,42,oracolo,19,1.0,0.7465746574657466,19,608,True,0.1806,3.0
ton->bot,42,stat_13x13,19,1.0,0.49747474747474746,19,608,True,0.1806,3.0
ton->bot,42,martingala,19,1.0,0.4895989598959896,13,416,True,0.1806,3.0
ton->bot,42,stat_13x13_adaptive,19,1.0,0.7468996899689969,19,608,True,0.1806,3.0
ton->bot,43,statico,0,0.0,0.9713865017424208,0,0,False,0.03085,3.0
ton->bot,43,ogni_batch,0,0.0,0.9713865017424208,0,0,False,0.03085,3.0
ton->bot,43,su_innesco,0,0.0,0.9713865017424208,0,0,False,0.03085,3.0
ton->bot,43,oracolo,0,0.0,0.9713865017424208,0,0,False,0.03085,3.0
ton->bot,43,stat_13x13,0,0.0,0.9713865017424208,0,0,False,0.03085,3.0
ton->bot,43,martingala,0,0.0,0.9713865017424208,0,0,False,0.03085,3.0
ton->bot,43,stat_13x13_adaptive,0,0.0,0.9713865017424208,0,0,False,0.03085,3.0
ton->bot,43,statico,1,0.053,0.95387570399593,0,0,False,0.0387,3.0
ton->bot,43,ogni_batch,1,0.053,0.9423209775167576,1,32,False,0.0387,3.0
ton->bot,43,su_innesco,1,0.053,0.95387570399593,0,0,False,0.0387,3.0
ton->bot,43,oracolo,1,0.053,0.9486046822981283,1,32,False,0.0387,3.0
ton->bot,43,stat_13x13,1,0.053,0.9465452208605932,1,32,False,0.0387,3.0
ton->bot,43,martingala,1,0.053,0.95387570399593,0,0,False,0.0387,3.0
ton->bot,43,stat_13x13_adaptive,1,0.053,0.9494634903917386,1,32,False,0.0387,3.0
ton->bot,43,statico,2,0.105,0.9377646390879835,0,0,False,0.0465,3.0
ton->bot,43,ogni_batch,2,0.105,0.9410296436082484,2,64,False,0.0465,3.0
ton->bot,43,su_innesco,2,0.105,0.9377646390879835,0,0,False,0.0465,3.0
ton->bot,43,oracolo,2,0.105,0.9273252069918567,2,64,False,0.0465,3.0
ton->bot,43,stat_13x13,2,0.105,0.9324158911565981,2,64,False,0.0465,3.0
ton->bot,43,martingala,2,0.105,0.9377646390879835,0,0,False,0.0465,3.0
ton->bot,43,stat_13x13_adaptive,2,0.105,0.9457186515794789,2,64,False,0.0465,3.0
ton->bot,43,statico,3,0.158,0.9192061299072247,0,0,False,0.05485,3.0
ton->bot,43,ogni_batch,3,0.158,0.9114460609372018,3,96,False,0.05485,3.0
ton->bot,43,su_innesco,3,0.158,0.9192061299072247,0,0,False,0.05485,3.0
ton->bot,43,oracolo,3,0.158,0.9209590458167782,3,96,False,0.05485,3.0
ton->bot,43,stat_13x13,3,0.158,0.9227197281967561,3,96,False,0.05485,3.0
ton->bot,43,martingala,3,0.158,0.9192061299072247,1,32,False,0.05485,3.0
ton->bot,43,stat_13x13_adaptive,3,0.158,0.8376415278414,3,96,False,0.05485,3.0
ton->bot,43,statico,4,0.211,0.9045589299796831,0,0,False,0.06385,3.0
ton->bot,43,ogni_batch,4,0.211,0.9126776650760257,4,128,False,0.06385,3.0
ton->bot,43,su_innesco,4,0.211,0.9045589299796831,0,0,False,0.06385,3.0
ton->bot,43,oracolo,4,0.211,0.9115204470243516,4,128,False,0.06385,3.0
ton->bot,43,stat_13x13,4,0.211,0.9645163810964874,4,128,False,0.06385,3.0
ton->bot,43,martingala,4,0.211,0.9372040632286673,2,64,False,0.06385,3.0
ton->bot,43,stat_13x13_adaptive,4,0.211,0.9240114721534229,4,128,False,0.06385,3.0
ton->bot,43,statico,5,0.263,0.886791632902859,0,0,False,0.0712,3.0
ton->bot,43,ogni_batch,5,0.263,0.91278948911215,5,160,False,0.0712,3.0
ton->bot,43,su_innesco,5,0.263,0.886791632902859,0,0,False,0.0712,3.0
ton->bot,43,oracolo,5,0.263,0.9385706159655753,5,160,False,0.0712,3.0
ton->bot,43,stat_13x13,5,0.263,0.9640970194871705,5,160,False,0.0712,3.0
ton->bot,43,martingala,5,0.263,0.9444712613565804,3,96,False,0.0712,3.0
ton->bot,43,stat_13x13_adaptive,5,0.263,0.9222303976757957,5,160,False,0.0712,3.0
ton->bot,43,statico,6,0.316,0.8699919647962999,0,0,False,0.07495,3.0
ton->bot,43,ogni_batch,6,0.316,0.8729988986253265,6,192,False,0.07495,3.0
ton->bot,43,su_innesco,6,0.316,0.8699919647962999,0,0,False,0.07495,3.0
ton->bot,43,oracolo,6,0.316,0.9560182959948262,6,192,False,0.07495,3.0
ton->bot,43,stat_13x13,6,0.316,0.9567880757776324,6,192,False,0.07495,3.0
ton->bot,43,martingala,6,0.316,0.8670518757008574,4,128,False,0.07495,3.0
ton->bot,43,stat_13x13_adaptive,6,0.316,0.9584670712253465,6,192,False,0.07495,3.0
ton->bot,43,statico,7,0.368,0.8567064753005217,0,0,False,0.0873,3.0
ton->bot,43,ogni_batch,7,0.368,0.9063174003318425,7,224,False,0.0873,3.0
ton->bot,43,su_innesco,7,0.368,0.8567064753005217,0,0,False,0.0873,3.0
ton->bot,43,oracolo,7,0.368,0.9521948603786086,7,224,False,0.0873,3.0
ton->bot,43,stat_13x13,7,0.368,0.9180377836796201,7,224,False,0.0873,3.0
ton->bot,43,martingala,7,0.368,0.9486910393447298,5,160,False,0.0873,3.0
ton->bot,43,stat_13x13_adaptive,7,0.368,0.8920756877738674,7,224,False,0.0873,3.0
ton->bot,43,statico,8,0.421,0.8393729537746899,0,0,False,0.0956,3.0
ton->bot,43,ogni_batch,8,0.421,0.9473033988048165,8,256,False,0.0956,3.0
ton->bot,43,su_innesco,8,0.421,0.8393729537746899,0,0,False,0.0956,3.0
ton->bot,43,oracolo,8,0.421,0.9463920997934283,8,256,False,0.0956,3.0
ton->bot,43,stat_13x13,8,0.421,0.9614033747915546,8,256,False,0.0956,3.0
ton->bot,43,martingala,8,0.421,0.9625092294645627,6,192,False,0.0956,3.0
ton->bot,43,stat_13x13_adaptive,8,0.421,0.9685551252213614,8,256,False,0.0956,3.0
ton->bot,43,statico,9,0.474,0.829592429874001,0,0,False,0.10335,3.0
ton->bot,43,ogni_batch,9,0.474,0.9528508979485805,9,288,False,0.10335,3.0
ton->bot,43,su_innesco,9,0.474,0.829592429874001,0,0,False,0.10335,3.0
ton->bot,43,oracolo,9,0.474,0.9407900437746408,9,288,False,0.10335,3.0
ton->bot,43,stat_13x13,9,0.474,0.969080333867405,9,288,False,0.10335,3.0
ton->bot,43,martingala,9,0.474,0.9708545321998125,7,224,False,0.10335,3.0
ton->bot,43,stat_13x13_adaptive,9,0.474,0.966203166932949,9,288,False,0.10335,3.0
ton->bot,43,statico,10,0.526,0.8156156787385478,0,0,False,0.1084,3.0
ton->bot,43,ogni_batch,10,0.526,0.9721892954767175,10,320,False,0.1084,3.0
ton->bot,43,su_innesco,10,0.526,0.8156156787385478,0,0,False,0.1084,3.0
ton->bot,43,oracolo,10,0.526,0.9488302369828887,10,320,False,0.1084,3.0
ton->bot,43,stat_13x13,10,0.526,0.9088037712723014,10,320,False,0.1084,3.0
ton->bot,43,martingala,10,0.526,0.9720216872698373,8,256,False,0.1084,3.0
ton->bot,43,stat_13x13_adaptive,10,0.526,0.9129922235127017,10,320,False,0.1084,3.0
ton->bot,43,statico,11,0.579,0.8016961451203382,0,0,False,0.11915,3.0
ton->bot,43,ogni_batch,11,0.579,0.9622757263792572,11,352,False,0.11915,3.0
ton->bot,43,su_innesco,11,0.579,0.8016961451203382,0,0,False,0.11915,3.0
ton->bot,43,oracolo,11,0.579,0.9572237195630645,11,352,False,0.11915,3.0
ton->bot,43,stat_13x13,11,0.579,0.9023202387142375,11,352,False,0.11915,3.0
ton->bot,43,martingala,11,0.579,0.9718758037630977,9,288,False,0.11915,3.0
ton->bot,43,stat_13x13_adaptive,11,0.579,0.9687476258358299,11,352,False,0.11915,3.0
ton->bot,43,statico,12,0.632,0.7879960861056752,0,0,False,0.1247,3.0
ton->bot,43,ogni_batch,12,0.632,0.9577534246575342,12,384,False,0.1247,3.0
ton->bot,43,su_innesco,12,0.632,0.7879960861056752,0,0,False,0.1247,3.0
ton->bot,43,oracolo,12,0.632,0.9605636007827789,12,384,False,0.1247,3.0
ton->bot,43,stat_13x13,12,0.632,0.8948532289628179,12,384,False,0.1247,3.0
ton->bot,43,martingala,12,0.632,0.9737729941291585,10,320,False,0.1247,3.0
ton->bot,43,stat_13x13_adaptive,12,0.632,0.7181722113502935,12,384,False,0.1247,3.0
ton->bot,43,statico,13,0.684,0.7701911118524671,0,0,True,0.13655,3.0
ton->bot,43,ogni_batch,13,0.684,0.964545534921345,13,416,True,0.13655,3.0
ton->bot,43,su_innesco,13,0.684,0.7701911118524671,0,0,True,0.13655,3.0
ton->bot,43,oracolo,13,0.684,0.9527418895968506,13,416,True,0.13655,3.0
ton->bot,43,stat_13x13,13,0.684,0.8919544125976404,13,416,True,0.13655,3.0
ton->bot,43,martingala,13,0.684,0.9707646688893794,11,352,True,0.13655,3.0
ton->bot,43,stat_13x13_adaptive,13,0.684,0.9476265866858145,13,416,True,0.13655,3.0
ton->bot,43,statico,14,0.737,0.761200438138362,0,0,True,0.1406,3.0
ton->bot,43,ogni_batch,14,0.737,0.966010374295917,14,448,True,0.1406,3.0
ton->bot,43,su_innesco,14,0.737,0.6649063050771267,1,32,True,0.1406,3.0
ton->bot,43,oracolo,14,0.737,0.9549343917563788,14,448,True,0.1406,3.0
ton->bot,43,stat_13x13,14,0.737,0.8949615668215869,14,448,True,0.1406,3.0
ton->bot,43,martingala,14,0.737,0.9759028384245447,12,384,True,0.1406,3.0
ton->bot,43,stat_13x13_adaptive,14,0.737,0.9562057837833383,14,448,True,0.1406,3.0
ton->bot,43,statico,15,0.789,0.7501104230854141,0,0,True,0.14895,3.0
ton->bot,43,ogni_batch,15,0.789,0.9688797538380112,15,480,True,0.14895,3.0
ton->bot,43,su_innesco,15,0.789,0.8549352930117182,2,64,True,0.14895,3.0
ton->bot,43,oracolo,15,0.789,0.9549099782676627,15,480,True,0.14895,3.0
ton->bot,43,stat_13x13,15,0.789,0.9184728303360636,15,480,True,0.14895,3.0
ton->bot,43,martingala,15,0.789,0.9512220485943201,13,416,True,0.14895,3.0
ton->bot,43,stat_13x13_adaptive,15,0.789,0.9236879146370076,15,480,True,0.14895,3.0
ton->bot,43,statico,16,0.842,0.7390914868487863,0,0,True,0.15495,3.0
ton->bot,43,ogni_batch,16,0.842,0.958694617185408,16,512,True,0.15495,3.0
ton->bot,43,su_innesco,16,0.842,0.9019049066087723,3,96,True,0.15495,3.0
ton->bot,43,oracolo,16,0.842,0.9563176157265694,16,512,True,0.15495,3.0
ton->bot,43,stat_13x13,16,0.842,0.8991383352351197,16,512,True,0.15495,3.0
ton->bot,43,martingala,16,0.842,0.9186365525187465,14,448,True,0.15495,3.0
ton->bot,43,stat_13x13_adaptive,16,0.842,0.9558167996435678,16,512,True,0.15495,3.0
ton->bot,43,statico,17,0.895,0.7334663553968405,0,0,True,0.1645,3.0
ton->bot,43,ogni_batch,17,0.895,0.9399746343721622,17,544,True,0.1645,3.0
ton->bot,43,su_innesco,17,0.895,0.9054668678253638,4,128,True,0.1645,3.0
ton->bot,43,oracolo,17,0.895,0.948490743063992,17,544,True,0.1645,3.0
ton->bot,43,stat_13x13,17,0.895,0.8979276279976887,17,544,True,0.1645,3.0
ton->bot,43,martingala,17,0.895,0.8503779940232616,15,480,True,0.1645,3.0
ton->bot,43,stat_13x13_adaptive,17,0.895,0.7442424839223991,17,544,True,0.1645,3.0
ton->bot,43,statico,18,0.947,0.7242157592861156,0,0,True,0.17445,3.0
ton->bot,43,ogni_batch,18,0.947,0.9811117534851514,18,576,True,0.17445,3.0
ton->bot,43,su_innesco,18,0.947,0.9148832621278041,5,160,True,0.17445,3.0
ton->bot,43,oracolo,18,0.947,0.9755859757770549,18,576,True,0.17445,3.0
ton->bot,43,stat_13x13,18,0.947,0.9147044317276161,18,576,True,0.17445,3.0
ton->bot,43,martingala,18,0.947,0.8302564705574935,16,512,True,0.17445,3.0
ton->bot,43,stat_13x13_adaptive,18,0.947,0.9112650086883811,18,576,True,0.17445,3.0
ton->bot,43,statico,19,1.0,0.7200720072007201,0,0,True,0.17885,3.0
ton->bot,43,ogni_batch,19,1.0,0.49807480748074806,19,608,True,0.17885,3.0
ton->bot,43,su_innesco,19,1.0,0.9982248224822482,6,192,True,0.17885,3.0
ton->bot,43,oracolo,19,1.0,0.9977997799779978,19,608,True,0.17885,3.0
ton->bot,43,stat_13x13,19,1.0,0.991974197419742,19,608,True,0.17885,3.0
ton->bot,43,martingala,19,1.0,0.991974197419742,17,544,True,0.17885,3.0
ton->bot,43,stat_13x13_adaptive,19,1.0,0.7376237623762376,19,608,True,0.17885,3.0
ton->bot,44,statico,0,0.0,0.9676430042580578,0,0,False,0.0344,3.0
ton->bot,44,ogni_batch,0,0.0,0.9676430042580578,0,0,False,0.0344,3.0
ton->bot,44,su_innesco,0,0.0,0.9676430042580578,0,0,False,0.0344,3.0
ton->bot,44,oracolo,0,0.0,0.9676430042580578,0,0,False,0.0344,3.0
ton->bot,44,stat_13x13,0,0.0,0.9676430042580578,0,0,False,0.0344,3.0
ton->bot,44,martingala,0,0.0,0.9676430042580578,0,0,False,0.0344,3.0
ton->bot,44,stat_13x13_adaptive,0,0.0,0.9676430042580578,0,0,False,0.0344,3.0
ton->bot,44,statico,1,0.053,0.9522425775838934,0,0,False,0.04,3.0
ton->bot,44,ogni_batch,1,0.053,0.9537926730974537,1,32,False,0.04,3.0
ton->bot,44,su_innesco,1,0.053,0.9522425775838934,0,0,False,0.04,3.0
ton->bot,44,oracolo,1,0.053,0.9353257644179465,1,32,False,0.04,3.0
ton->bot,44,stat_13x13,1,0.053,0.94543847719224,1,32,False,0.04,3.0
ton->bot,44,martingala,1,0.053,0.9522425775838934,0,0,False,0.04,3.0
ton->bot,44,stat_13x13_adaptive,1,0.053,0.9462256553696979,1,32,False,0.04,3.0
ton->bot,44,statico,2,0.105,0.9363115599953964,0,0,False,0.0469,3.0
ton->bot,44,ogni_batch,2,0.105,0.9394254045809796,2,64,False,0.0469,3.0
ton->bot,44,su_innesco,2,0.105,0.9363115599953964,0,0,False,0.0469,3.0
ton->bot,44,oracolo,2,0.105,0.9268584418711937,2,64,False,0.0469,3.0
ton->bot,44,stat_13x13,2,0.105,0.9443349354092136,2,64,False,0.0469,3.0
ton->bot,44,martingala,2,0.105,0.9363115599953964,0,0,False,0.0469,3.0
ton->bot,44,stat_13x13_adaptive,2,0.105,0.9341570024691215,2,64,False,0.0469,3.0
ton->bot,44,statico,3,0.158,0.9164082625093679,0,0,False,0.057,3.0
ton->bot,44,ogni_batch,3,0.158,0.9416565991704,3,96,False,0.057,3.0
ton->bot,44,su_innesco,3,0.158,0.9164082625093679,0,0,False,0.057,3.0
ton->bot,44,oracolo,3,0.158,0.9209559052187716,3,96,False,0.057,3.0
ton->bot,44,stat_13x13,3,0.158,0.9631629559158267,3,96,False,0.057,3.0
ton->bot,44,martingala,3,0.158,0.9164082625093679,0,0,False,0.057,3.0
ton->bot,44,stat_13x13_adaptive,3,0.158,0.9593888524102416,3,96,False,0.057,3.0
ton->bot,44,statico,4,0.211,0.9027387891071479,0,0,False,0.0656,3.0
ton->bot,44,ogni_batch,4,0.211,0.9250226457597102,4,128,False,0.0656,3.0
ton->bot,44,su_innesco,4,0.211,0.9027387891071479,0,0,False,0.0656,3.0
ton->bot,44,oracolo,4,0.211,0.9563935658643613,4,128,False,0.0656,3.0
ton->bot,44,stat_13x13,4,0.211,0.9678848123284163,4,128,False,0.0656,3.0
ton->bot,44,martingala,4,0.211,0.9027387891071479,0,0,False,0.0656,3.0
ton->bot,44,stat_13x13_adaptive,4,0.211,0.9719308369204598,4,128,False,0.0656,3.0
ton->bot,44,statico,5,0.263,0.8845115291262136,0,0,False,0.0723,3.0
ton->bot,44,ogni_batch,5,0.263,0.9221273720211827,5,160,False,0.0723,3.0
ton->bot,44,su_innesco,5,0.263,0.8845115291262136,0,0,False,0.0723,3.0
ton->bot,44,oracolo,5,0.263,0.9557907656663724,5,160,False,0.0723,3.0
ton->bot,44,stat_13x13,5,0.263,0.9645700022065313,5,160,False,0.0723,3.0
ton->bot,44,martingala,5,0.263,0.8845115291262136,0,0,False,0.0723,3.0
ton->bot,44,stat_13x13_adaptive,5,0.263,0.964579655781112,5,160,False,0.0723,3.0
ton->bot,44,statico,6,0.316,0.870474517550965,0,0,False,0.08095,3.0
ton->bot,44,ogni_batch,6,0.316,0.9663318210621347,6,192,False,0.08095,3.0
ton->bot,44,su_innesco,6,0.316,0.870474517550965,0,0,False,0.08095,3.0
ton->bot,44,oracolo,6,0.316,0.9531543462471633,6,192,False,0.08095,3.0
ton->bot,44,stat_13x13,6,0.316,0.9601958102370014,6,192,False,0.08095,3.0
ton->bot,44,martingala,6,0.316,0.9378321574844579,1,32,False,0.08095,3.0
ton->bot,44,stat_13x13_adaptive,6,0.316,0.9655263006421186,6,192,False,0.08095,3.0
ton->bot,44,statico,7,0.368,0.8541047467903513,0,0,False,0.0854,3.0
ton->bot,44,ogni_batch,7,0.368,0.9672375133470235,7,224,False,0.0854,3.0
ton->bot,44,su_innesco,7,0.368,0.8541047467903513,0,0,False,0.0854,3.0
ton->bot,44,oracolo,7,0.368,0.9586603993081282,7,224,False,0.0854,3.0
ton->bot,44,stat_13x13,7,0.368,0.9644770140172912,7,224,False,0.0854,3.0
ton->bot,44,martingala,7,0.368,0.9656670040229804,2,64,False,0.0854,3.0
ton->bot,44,stat_13x13_adaptive,7,0.368,0.964889294791861,7,224,False,0.0854,3.0
ton->bot,44,statico,8,0.421,0.8412493241839472,0,0,False,0.09285,3.0
ton->bot,44,ogni_batch,8,0.421,0.9702260157455929,8,256,False,0.09285,3.0
ton->bot,44,su_innesco,8,0.421,0.8412493241839472,0,0,False,0.09285,3.0
ton->bot,44,oracolo,8,0.421,0.95852445963771,8,256,False,0.09285,3.0
ton->bot,44,stat_13x13,8,0.421,0.920537491031816,8,256,False,0.09285,3.0
ton->bot,44,martingala,8,0.421,0.9696265650000723,3,96,False,0.09285,3.0
ton->bot,44,stat_13x13_adaptive,8,0.421,0.9050014501835786,8,256,False,0.09285,3.0
ton->bot,44,statico,9,0.474,0.8281450286295251,0,0,False,0.1001,3.0
ton->bot,44,ogni_batch,9,0.474,0.9716337467403056,9,288,False,0.1001,3.0
ton->bot,44,su_innesco,9,0.474,0.8281450286295251,0,0,False,0.1001,3.0
ton->bot,44,oracolo,9,0.474,0.9562509374707235,9,288,False,0.1001,3.0
ton->bot,44,stat_13x13,9,0.474,0.9632916418451059,9,288,False,0.1001,3.0
ton->bot,44,martingala,9,0.474,0.9732950693226327,4,128,False,0.1001,3.0
ton->bot,44,stat_13x13_adaptive,9,0.474,0.9548369749577377,9,288,False,0.1001,3.0
ton->bot,44,statico,10,0.526,0.813972156386954,0,0,False,0.1095,3.0
ton->bot,44,ogni_batch,10,0.526,0.9734353380297347,10,320,False,0.1095,3.0
ton->bot,44,su_innesco,10,0.526,0.813972156386954,0,0,False,0.1095,3.0
ton->bot,44,oracolo,10,0.526,0.9566105655688927,10,320,False,0.1095,3.0
ton->bot,44,stat_13x13,10,0.526,0.9667627774943433,10,320,False,0.1095,3.0
ton->bot,44,martingala,10,0.526,0.9735015979590251,5,160,False,0.1095,3.0
ton->bot,44,stat_13x13_adaptive,10,0.526,0.9664224639367371,10,320,False,0.1095,3.0
ton->bot,44,statico,11,0.579,0.7996372044894331,0,0,False,0.1178,3.0
ton->bot,44,ogni_batch,11,0.579,0.9717197712788068,11,352,False,0.1178,3.0
ton->bot,44,su_innesco,11,0.579,0.7996372044894331,0,0,False,0.1178,3.0
ton->bot,44,oracolo,11,0.579,0.9512373816325107,11,352,False,0.1178,3.0
ton->bot,44,stat_13x13,11,0.579,0.9657587108315157,11,352,False,0.1178,3.0
ton->bot,44,martingala,11,0.579,0.9719950546367719,6,192,False,0.1178,3.0
ton->bot,44,stat_13x13_adaptive,11,0.579,0.9654265033125522,11,352,False,0.1178,3.0
ton->bot,44,statico,12,0.632,0.7861574560931321,0,0,False,0.1229,3.0
ton->bot,44,ogni_batch,12,0.632,0.9714889343996731,12,384,False,0.1229,3.0
ton->bot,44,su_innesco,12,0.632,0.7861574560931321,0,0,False,0.1229,3.0
ton->bot,44,oracolo,12,0.632,0.9568313590145714,12,384,False,0.1229,3.0
ton->bot,44,stat_13x13,12,0.632,0.963995366463759,12,384,False,0.1229,3.0
ton->bot,44,martingala,12,0.632,0.9720436254388534,7,224,False,0.1229,3.0
ton->bot,44,stat_13x13_adaptive,12,0.632,0.962818638315327,12,384,False,0.1229,3.0
ton->bot,44,statico,13,0.684,0.7731938058967498,0,0,True,0.1321,3.0
ton->bot,44,ogni_batch,13,0.684,0.9694402891191473,13,416,True,0.1321,3.0
ton->bot,44,su_innesco,13,0.684,0.7731938058967498,0,0,True,0.1321,3.0
ton->bot,44,oracolo,13,0.684,0.9534815526430156,13,416,True,0.1321,3.0
ton->bot,44,stat_13x13,13,0.684,0.9622086507010682,13,416,True,0.1321,3.0
ton->bot,44,martingala,13,0.684,0.9705619982158786,8,256,True,0.1321,3.0
ton->bot,44,stat_13x13_adaptive,13,0.684,0.9617077243303827,13,416,True,0.1321,3.0
ton->bot,44,statico,14,0.737,0.7558738223382178,0,0,True,0.14535,3.0
ton->bot,44,ogni_batch,14,0.737,0.9690859543513716,14,448,True,0.14535,3.0
ton->bot,44,su_innesco,14,0.737,0.5153465385632994,1,32,True,0.14535,3.0
ton->bot,44,oracolo,14,0.737,0.9573972002756012,14,448,True,0.14535,3.0
ton->bot,44,stat_13x13,14,0.737,0.9660079761566895,14,448,True,0.14535,3.0
ton->bot,44,martingala,14,0.737,0.9704057991617618,9,288,True,0.14535,3.0
ton->bot,44,stat_13x13_adaptive,14,0.737,0.7310208299316714,14,448,True,0.14535,3.0
ton->bot,44,statico,15,0.789,0.7484922008038535,0,0,True,0.1496,3.0
ton->bot,44,ogni_batch,15,0.789,0.875161188454064,15,480,True,0.1496,3.0
ton->bot,44,su_innesco,15,0.789,0.6598052590650972,2,64,True,0.1496,3.0
ton->bot,44,oracolo,15,0.789,0.9611174997391269,15,480,True,0.1496,3.0
ton->bot,44,stat_13x13,15,0.789,0.9388211996933811,15,480,True,0.1496,3.0
ton->bot,44,martingala,15,0.789,0.8385424652634956,10,320,True,0.1496,3.0
ton->bot,44,stat_13x13_adaptive,15,0.789,0.9380993319378226,15,480,True,0.1496,3.0
ton->bot,44,statico,16,0.842,0.7401149523867102,0,0,True,0.1574,3.0
ton->bot,44,ogni_batch,16,0.842,0.8792741842994145,16,512,True,0.1574,3.0
ton->bot,44,su_innesco,16,0.842,0.9150048562991392,3,96,True,0.1574,3.0
ton->bot,44,oracolo,16,0.842,0.9614763283285366,16,512,True,0.1574,3.0
ton->bot,44,stat_13x13,16,0.842,0.9324189083071672,16,512,True,0.1574,3.0
ton->bot,44,martingala,16,0.842,0.8793329673785377,11,352,True,0.1574,3.0
ton->bot,44,stat_13x13_adaptive,16,0.842,0.9355391315543218,16,512,True,0.1574,3.0
ton->bot,44,statico,17,0.895,0.7267332650273224,0,0,True,0.1674,3.0
ton->bot,44,ogni_batch,17,0.895,0.877920081967213,17,544,True,0.1674,3.0
ton->bot,44,su_innesco,17,0.895,0.9601263661202186,4,128,True,0.1674,3.0
ton->bot,44,oracolo,17,0.895,0.9652237021857923,17,544,True,0.1674,3.0
ton->bot,44,stat_13x13,17,0.895,0.9103398224043715,17,544,True,0.1674,3.0
ton->bot,44,martingala,17,0.895,0.9724897540983606,12,384,True,0.1674,3.0
ton->bot,44,stat_13x13_adaptive,17,0.895,0.9704405737704918,17,544,True,0.1674,3.0
ton->bot,44,statico,18,0.947,0.7183424600294693,0,0,True,0.1736,3.0
ton->bot,44,ogni_batch,18,0.947,0.9011611796529656,18,576,True,0.1736,3.0
ton->bot,44,su_innesco,18,0.947,0.9637241318642651,5,160,True,0.1736,3.0
ton->bot,44,oracolo,18,0.947,0.9723911943876317,18,576,True,0.1736,3.0
ton->bot,44,stat_13x13,18,0.947,0.7321028787578896,18,576,True,0.1736,3.0
ton->bot,44,martingala,18,0.947,0.9750742231312265,13,416,True,0.1736,3.0
ton->bot,44,stat_13x13_adaptive,18,0.947,0.8004541356029118,18,576,True,0.1736,3.0
ton->bot,44,statico,19,1.0,0.554441499558267,0,0,True,0.18355,3.0
ton->bot,44,ogni_batch,19,1.0,0.8241319531263023,19,608,True,0.18355,3.0
ton->bot,44,su_innesco,19,1.0,0.8311580070343885,6,192,True,0.18355,3.0
ton->bot,44,oracolo,19,1.0,0.8239319231218016,19,608,True,0.18355,3.0
ton->bot,44,stat_13x13,19,1.0,0.8332833258322081,19,608,True,0.18355,3.0
ton->bot,44,martingala,19,1.0,0.8311580070343885,14,448,True,0.18355,3.0
ton->bot,44,stat_13x13_adaptive,19,1.0,0.8262572719241219,19,608,True,0.18355,3.0
ton->bot,45,statico,0,0.0,0.9673976417741214,0,0,False,0.037,3.0
ton->bot,45,ogni_batch,0,0.0,0.9673976417741214,0,0,False,0.037,3.0
ton->bot,45,su_innesco,0,0.0,0.9673976417741214,0,0,False,0.037,3.0
ton->bot,45,oracolo,0,0.0,0.9673976417741214,0,0,False,0.037,3.0
ton->bot,45,stat_13x13,0,0.0,0.9673976417741214,0,0,False,0.037,3.0
ton->bot,45,martingala,0,0.0,0.9673976417741214,0,0,False,0.037,3.0
ton->bot,45,stat_13x13_adaptive,0,0.0,0.9673976417741214,0,0,False,0.037,3.0
ton->bot,45,statico,1,0.053,0.9511356074079924,0,0,False,0.0406,3.0
ton->bot,45,ogni_batch,1,0.053,0.9351211665618058,1,32,False,0.0406,3.0
ton->bot,45,su_innesco,1,0.053,0.9511356074079924,0,0,False,0.0406,3.0
ton->bot,45,oracolo,1,0.053,0.956147198851705,1,32,False,0.0406,3.0
ton->bot,45,stat_13x13,1,0.053,0.9350677714740177,1,32,False,0.0406,3.0
ton->bot,45,martingala,1,0.053,0.9511356074079924,0,0,False,0.0406,3.0
ton->bot,45,stat_13x13_adaptive,1,0.053,0.9437020011639108,1,32,False,0.0406,3.0
ton->bot,45,statico,2,0.105,0.936421975909385,0,0,False,0.04815,3.0
ton->bot,45,ogni_batch,2,0.105,0.9219083637922485,2,64,False,0.04815,3.0
ton->bot,45,su_innesco,2,0.105,0.936421975909385,0,0,False,0.04815,3.0
ton->bot,45,oracolo,2,0.105,0.9394558593196929,2,64,False,0.04815,3.0
ton->bot,45,stat_13x13,2,0.105,0.9298931474578853,2,64,False,0.04815,3.0
ton->bot,45,martingala,2,0.105,0.936421975909385,0,0,False,0.04815,3.0
ton->bot,45,stat_13x13_adaptive,2,0.105,0.9364884991092627,2,64,False,0.04815,3.0
ton->bot,45,statico,3,0.158,0.9212247300848269,0,0,False,0.0547,3.0
ton->bot,45,ogni_batch,3,0.158,0.9108132351490551,3,96,False,0.0547,3.0
ton->bot,45,su_innesco,3,0.158,0.9212247300848269,0,0,False,0.0547,3.0
ton->bot,45,oracolo,3,0.158,0.9321568052755069,3,96,False,0.0547,3.0
ton->bot,45,stat_13x13,3,0.158,0.9631230603943599,3,96,False,0.0547,3.0
ton->bot,45,martingala,3,0.158,0.9212247300848269,0,0,False,0.0547,3.0
ton->bot,45,stat_13x13_adaptive,3,0.158,0.9386219685591495,3,96,False,0.0547,3.0
ton->bot,45,statico,4,0.211,0.9017218116170839,0,0,False,0.0613,3.0
ton->bot,45,ogni_batch,4,0.211,0.8947196640669257,4,128,False,0.0613,3.0
ton->bot,45,su_innesco,4,0.211,0.9017218116170839,0,0,False,0.0613,3.0
ton->bot,45,oracolo,4,0.211,0.9194641035279998,4,128,False,0.0613,3.0
ton->bot,45,stat_13x13,4,0.211,0.960393186630758,4,128,False,0.0613,3.0
ton->bot,45,martingala,4,0.211,0.9017218116170839,0,0,False,0.0613,3.0
ton->bot,45,stat_13x13_adaptive,4,0.211,0.9611378943010965,4,128,False,0.0613,3.0
ton->bot,45,statico,5,0.263,0.8848504779158624,0,0,False,0.07105,3.0
ton->bot,45,ogni_batch,5,0.263,0.8911298258388185,5,160,False,0.07105,3.0
ton->bot,45,su_innesco,5,0.263,0.8848504779158624,0,0,False,0.07105,3.0
ton->bot,45,oracolo,5,0.263,0.9301738068895586,5,160,False,0.07105,3.0
ton->bot,45,stat_13x13,5,0.263,0.951861732017574,5,160,False,0.07105,3.0
ton->bot,45,martingala,5,0.263,0.8781094741532434,1,32,False,0.07105,3.0
ton->bot,45,stat_13x13_adaptive,5,0.263,0.9543141195845614,5,160,False,0.07105,3.0
ton->bot,45,statico,6,0.316,0.8732339436104863,0,0,False,0.07715,3.0
ton->bot,45,ogni_batch,6,0.316,0.9281163271490949,6,192,False,0.07715,3.0
ton->bot,45,su_innesco,6,0.316,0.8732339436104863,0,0,False,0.07715,3.0
ton->bot,45,oracolo,6,0.316,0.943287881044241,6,192,False,0.07715,3.0
ton->bot,45,stat_13x13,6,0.316,0.9505924905579091,6,192,False,0.07715,3.0
ton->bot,45,martingala,6,0.316,0.9454009605288454,2,64,False,0.07715,3.0
ton->bot,45,stat_13x13_adaptive,6,0.316,0.9499596127689849,6,192,False,0.07715,3.0
ton->bot,45,statico,7,0.368,0.8558415546525433,0,0,False,0.08945,3.0
ton->bot,45,ogni_batch,7,0.368,0.940199686190482,7,224,False,0.08945,3.0
ton->bot,45,su_innesco,7,0.368,0.8558415546525433,0,0,False,0.08945,3.0
ton->bot,45,oracolo,7,0.368,0.9465753564253779,7,224,False,0.08945,3.0
ton->bot,45,stat_13x13,7,0.368,0.9519004440780809,7,224,False,0.08945,3.0
ton->bot,45,martingala,7,0.368,0.9460167356600475,3,96,False,0.08945,3.0
ton->bot,45,stat_13x13_adaptive,7,0.368,0.9445439406184561,7,224,False,0.08945,3.0
ton->bot,45,statico,8,0.421,0.8426424716701773,0,0,False,0.09445,3.0
ton->bot,45,ogni_batch,8,0.421,0.964787974311085,8,256,False,0.09445,3.0
ton->bot,45,su_innesco,8,0.421,0.8426424716701773,0,0,False,0.09445,3.0
ton->bot,45,oracolo,8,0.421,0.9631649858635205,8,256,False,0.09445,3.0
ton->bot,45,stat_13x13,8,0.421,0.9379077373353346,8,256,False,0.09445,3.0
ton->bot,45,martingala,8,0.421,0.9541186190541532,4,128,False,0.09445,3.0
ton->bot,45,stat_13x13_adaptive,8,0.421,0.9632843372371902,8,256,False,0.09445,3.0
ton->bot,45,statico,9,0.474,0.8278842613050523,0,0,False,0.1011,3.0
ton->bot,45,ogni_batch,9,0.474,0.9642749300338784,9,288,False,0.1011,3.0
ton->bot,45,su_innesco,9,0.474,0.8278842613050523,0,0,False,0.1011,3.0
ton->bot,45,oracolo,9,0.474,0.9633580055972897,9,288,False,0.1011,3.0
ton->bot,45,stat_13x13,9,0.474,0.9685575931654147,9,288,False,0.1011,3.0
ton->bot,45,martingala,9,0.474,0.9655481293268522,5,160,False,0.1011,3.0
ton->bot,45,stat_13x13_adaptive,9,0.474,0.9499088599204595,9,288,False,0.1011,3.0
ton->bot,45,statico,10,0.526,0.8096011062716681,0,0,False,0.10655,3.0
ton->bot,45,ogni_batch,10,0.526,0.9592262892861322,10,320,False,0.10655,3.0
ton->bot,45,su_innesco,10,0.526,0.8096011062716681,0,0,False,0.10655,3.0
ton->bot,45,oracolo,10,0.526,0.9618632061119452,10,320,False,0.10655,3.0
ton->bot,45,stat_13x13,10,0.526,0.9568554512483489,10,320,False,0.10655,3.0
ton->bot,45,martingala,10,0.526,0.9688524656484072,6,192,False,0.10655,3.0
ton->bot,45,stat_13x13_adaptive,10,0.526,0.9324674099179637,10,320,False,0.10655,3.0
ton->bot,45,statico,11,0.579,0.8055346589786424,0,0,False,0.1225,3.0
ton->bot,45,ogni_batch,11,0.579,0.9564839862765173,11,352,False,0.1225,3.0
ton->bot,45,su_innesco,11,0.579,0.8055346589786424,0,0,False,0.1225,3.0
ton->bot,45,oracolo,11,0.579,0.9705128343302617,11,352,False,0.1225,3.0
ton->bot,45,stat_13x13,11,0.579,0.9667137288714052,11,352,False,0.1225,3.0
ton->bot,45,martingala,11,0.579,0.9726956584217995,7,224,False,0.1225,3.0
ton->bot,45,stat_13x13_adaptive,11,0.579,0.9752495913491764,11,352,False,0.1225,3.0
ton->bot,45,statico,12,0.632,0.7893224605954465,0,0,False,0.12765,3.0
ton->bot,45,ogni_batch,12,0.632,0.9617087671077382,12,384,False,0.12765,3.0
ton->bot,45,su_innesco,12,0.632,0.7893224605954465,0,0,False,0.12765,3.0
ton->bot,45,oracolo,12,0.632,0.9656578371278459,12,384,False,0.12765,3.0
ton->bot,45,stat_13x13,12,0.632,0.9670468273658948,12,384,False,0.12765,3.0
ton->bot,45,martingala,12,0.632,0.9707658347927612,8,256,False,0.12765,3.0
ton->bot,45,stat_13x13_adaptive,12,0.632,0.961740692093144,12,384,False,0.12765,3.0
ton->bot,45,statico,13,0.684,0.7752468196243181,0,0,True,0.1345,3.0
ton->bot,45,ogni_batch,13,0.684,0.9589597820508544,13,416,True,0.1345,3.0
ton->bot,45,su_innesco,13,0.684,0.7752468196243181,0,0,True,0.1345,3.0
ton->bot,45,oracolo,13,0.684,0.9625415267324775,13,416,True,0.1345,3.0
ton->bot,45,stat_13x13,13,0.684,0.8622570645918077,13,416,True,0.1345,3.0
ton->bot,45,martingala,13,0.684,0.9061532420549858,9,288,True,0.1345,3.0
ton->bot,45,stat_13x13_adaptive,13,0.684,0.9691599823037746,13,416,True,0.1345,3.0
ton->bot,45,statico,14,0.737,0.7630389117582288,0,0,True,0.1409,3.0
ton->bot,45,ogni_batch,14,0.737,0.8973670613745319,14,448,True,0.1409,3.0
ton->bot,45,su_innesco,14,0.737,0.621656841320662,1,32,True,0.1409,3.0
ton->bot,45,oracolo,14,0.737,0.9643746506073081,14,448,True,0.1409,3.0
ton->bot,45,stat_13x13,14,0.737,0.9741525639070997,14,448,True,0.1409,3.0
ton->bot,45,martingala,14,0.737,0.9767198590571056,10,320,True,0.1409,3.0
ton->bot,45,stat_13x13_adaptive,14,0.737,0.9575494231844285,14,448,True,0.1409,3.0
ton->bot,45,statico,15,0.789,0.7531634984634775,0,0,True,0.1518,3.0
ton->bot,45,ogni_batch,15,0.789,0.9686366894091742,15,480,True,0.1518,3.0
ton->bot,45,su_innesco,15,0.789,0.7526461150066239,2,64,True,0.1518,3.0
ton->bot,45,oracolo,15,0.789,0.9588405232178622,15,480,True,0.1518,3.0
ton->bot,45,stat_13x13,15,0.789,0.903020384799105,15,480,True,0.1518,3.0
ton->bot,45,martingala,15,0.789,0.8016733659233091,11,352,True,0.1518,3.0
ton->bot,45,stat_13x13_adaptive,15,0.789,0.809605015232129,15,480,True,0.1518,3.0
ton->bot,45,statico,16,0.842,0.7379961899112097,0,0,True,0.15185,3.0
ton->bot,45,ogni_batch,16,0.842,0.9452998017270755,16,512,True,0.15185,3.0
ton->bot,45,su_innesco,16,0.842,0.9071621900771729,3,96,True,0.15185,3.0
ton->bot,45,oracolo,16,0.842,0.954971035909822,16,512,True,0.15185,3.0
ton->bot,45,stat_13x13,16,0.842,0.8285154601679758,16,512,True,0.15185,3.0
ton->bot,45,martingala,16,0.842,0.8113119735306529,12,384,True,0.15185,3.0
ton->bot,45,stat_13x13_adaptive,16,0.842,0.9272587311592169,16,512,True,0.15185,3.0
ton->bot,45,statico,17,0.895,0.7293777759570685,0,0,True,0.16495,3.0
ton->bot,45,ogni_batch,17,0.895,0.8958488274022065,17,544,True,0.16495,3.0
ton->bot,45,su_innesco,17,0.895,0.8918252820794809,4,128,True,0.16495,3.0
ton->bot,45,oracolo,17,0.895,0.9576197735237573,17,544,True,0.16495,3.0
ton->bot,45,stat_13x13,17,0.895,0.9081043097630314,17,544,True,0.16495,3.0
ton->bot,45,martingala,17,0.895,0.8018746421723548,13,416,True,0.16495,3.0
ton->bot,45,stat_13x13_adaptive,17,0.895,0.7305785558867248,17,544,True,0.16495,3.0
ton->bot,45,statico,18,0.947,0.71138119249319,0,0,True,0.1726,3.0
ton->bot,45,ogni_batch,18,0.947,0.7411673707029619,18,576,True,0.1726,3.0
ton->bot,45,su_innesco,18,0.947,0.9027094695787434,5,160,True,0.1726,3.0
ton->bot,45,oracolo,18,0.947,0.9496346863813838,18,576,True,0.1726,3.0
ton->bot,45,stat_13x13,18,0.947,0.9554354380148984,18,576,True,0.1726,3.0
ton->bot,45,martingala,18,0.947,0.85615951673656,14,448,True,0.1726,3.0
ton->bot,45,stat_13x13_adaptive,18,0.947,0.9365193704240121,18,576,True,0.1726,3.0
ton->bot,45,statico,19,1.0,0.7206720672067206,0,0,True,0.1807,3.0
ton->bot,45,ogni_batch,19,1.0,0.996924692469247,19,608,True,0.1807,3.0
ton->bot,45,su_innesco,19,1.0,0.984023402340234,6,192,True,0.1807,3.0
ton->bot,45,oracolo,19,1.0,0.9895239523952395,19,608,True,0.1807,3.0
ton->bot,45,stat_13x13,19,1.0,0.9976747674767477,19,608,True,0.1807,3.0
ton->bot,45,martingala,19,1.0,0.9899739973997399,15,480,True,0.1807,3.0
ton->bot,45,stat_13x13_adaptive,19,1.0,0.9925242524252424,19,608,True,0.1807,3.0
ton->bot,46,statico,0,0.0,0.9695352205277669,0,0,False,0.03145,3.0
ton->bot,46,ogni_batch,0,0.0,0.9695352205277669,0,0,False,0.03145,3.0
ton->bot,46,su_innesco,0,0.0,0.9695352205277669,0,0,False,0.03145,3.0
ton->bot,46,oracolo,0,0.0,0.9695352205277669,0,0,False,0.03145,3.0
ton->bot,46,stat_13x13,0,0.0,0.9695352205277669,0,0,False,0.03145,3.0
ton->bot,46,martingala,0,0.0,0.9695352205277669,0,0,False,0.03145,3.0
ton->bot,46,stat_13x13_adaptive,0,0.0,0.9695352205277669,0,0,False,0.03145,3.0
ton->bot,46,statico,1,0.053,0.9522669337267327,0,0,False,0.03955,3.0
ton->bot,46,ogni_batch,1,0.053,0.9073376553766206,1,32,False,0.03955,3.0
ton->bot,46,su_innesco,1,0.053,0.9522669337267327,0,0,False,0.03955,3.0
ton->bot,46,oracolo,1,0.053,0.9349811364260818,1,32,False,0.03955,3.0
ton->bot,46,stat_13x13,1,0.053,0.8632116050144316,1,32,False,0.03955,3.0
ton->bot,46,martingala,1,0.053,0.9522669337267327,0,0,False,0.03955,3.0
ton->bot,46,stat_13x13_adaptive,1,0.053,0.8874848164533574,1,32,False,0.03955,3.0
ton->bot,46,statico,2,0.105,0.9339243483411858,0,0,False,0.04655,3.0
ton->bot,46,ogni_batch,2,0.105,0.9373825130904395,2,64,False,0.04655,3.0
ton->bot,46,su_innesco,2,0.105,0.9339243483411858,0,0,False,0.04655,3.0
ton->bot,46,oracolo,2,0.105,0.9178398688533373,2,64,False,0.04655,3.0
ton->bot,46,stat_13x13,2,0.105,0.8942778018235049,2,64,False,0.04655,3.0
ton->bot,46,martingala,2,0.105,0.9339243483411858,0,0,False,0.04655,3.0
ton->bot,46,stat_13x13_adaptive,2,0.105,0.8917030082984609,2,64,False,0.04655,3.0
ton->bot,46,statico,3,0.158,0.918031840626865,0,0,False,0.05505,3.0
ton->bot,46,ogni_batch,3,0.158,0.9187809732884442,3,96,False,0.05505,3.0
ton->bot,46,su_innesco,3,0.158,0.918031840626865,0,0,False,0.05505,3.0
ton->bot,46,oracolo,3,0.158,0.9029391120669361,3,96,False,0.05505,3.0
ton->bot,46,stat_13x13,3,0.158,0.9032263534291798,3,96,False,0.05505,3.0
ton->bot,46,martingala,3,0.158,0.918031840626865,0,0,False,0.05505,3.0
ton->bot,46,stat_13x13_adaptive,3,0.158,0.8920716211175787,3,96,False,0.05505,3.0
ton->bot,46,statico,4,0.211,0.9007424984175367,0,0,False,0.06235,3.0
ton->bot,46,ogni_batch,4,0.211,0.9500338627213433,4,128,False,0.06235,3.0
ton->bot,46,su_innesco,4,0.211,0.9007424984175367,0,0,False,0.06235,3.0
ton->bot,46,oracolo,4,0.211,0.8923471258888086,4,128,False,0.06235,3.0
ton->bot,46,stat_13x13,4,0.211,0.9289473437371352,4,128,False,0.06235,3.0
ton->bot,46,martingala,4,0.211,0.9007424984175367,0,0,False,0.06235,3.0
ton->bot,46,stat_13x13_adaptive,4,0.211,0.9118683780281718,4,128,False,0.06235,3.0
ton->bot,46,statico,5,0.263,0.8835343696111139,0,0,False,0.06805,3.0
ton->bot,46,ogni_batch,5,0.263,0.9492715257894931,5,160,False,0.06805,3.0
ton->bot,46,su_innesco,5,0.263,0.8835343696111139,0,0,False,0.06805,3.0
ton->bot,46,oracolo,5,0.263,0.8769918682827038,5,160,False,0.06805,3.0
ton->bot,46,stat_13x13,5,0.263,0.9363495310885739,5,160,False,0.06805,3.0
ton->bot,46,martingala,5,0.263,0.8835343696111139,0,0,False,0.06805,3.0
ton->bot,46,stat_13x13_adaptive,5,0.263,0.9242472291222933,5,160,False,0.06805,3.0
ton->bot,46,statico,6,0.316,0.8708534903685352,0,0,False,0.07685,3.0
ton->bot,46,ogni_batch,6,0.316,0.9348806487404123,6,192,False,0.07685,3.0
ton->bot,46,su_innesco,6,0.316,0.8708534903685352,0,0,False,0.07685,3.0
ton->bot,46,oracolo,6,0.316,0.924085766086889,6,192,False,0.07685,3.0
ton->bot,46,stat_13x13,6,0.316,0.9372126343629916,6,192,False,0.07685,3.0
ton->bot,46,martingala,6,0.316,0.8708534903685352,0,0,False,0.07685,3.0
ton->bot,46,stat_13x13_adaptive,6,0.316,0.9270729846758252,6,192,False,0.07685,3.0
ton->bot,46,statico,7,0.368,0.8572864750919136,0,0,False,0.08485,3.0
ton->bot,46,ogni_batch,7,0.368,0.9673315299666909,7,224,False,0.08485,3.0
ton->bot,46,su_innesco,7,0.368,0.8572864750919136,0,0,False,0.08485,3.0
ton->bot,46,oracolo,7,0.368,0.9460293957550097,7,224,False,0.08485,3.0
ton->bot,46,stat_13x13,7,0.368,0.9743688582892622,7,224,False,0.08485,3.0
ton->bot,46,martingala,7,0.368,0.8572864750919136,0,0,False,0.08485,3.0
ton->bot,46,stat_13x13_adaptive,7,0.368,0.9552896883456332,7,224,False,0.08485,3.0
ton->bot,46,statico,8,0.421,0.8414148083487899,0,0,False,0.09445,3.0
ton->bot,46,ogni_batch,8,0.421,0.9646191966032313,8,256,False,0.09445,3.0
ton->bot,46,su_innesco,8,0.421,0.8414148083487899,0,0,False,0.09445,3.0
ton->bot,46,oracolo,8,0.421,0.9567357508772465,8,256,False,0.09445,3.0
ton->bot,46,stat_13x13,8,0.421,0.9637119317587945,8,256,False,0.09445,3.0
ton->bot,46,martingala,8,0.421,0.9489707433705354,1,32,False,0.09445,3.0
ton->bot,46,stat_13x13_adaptive,8,0.421,0.9368810327175573,8,256,False,0.09445,3.0
ton->bot,46,statico,9,0.474,0.8292341888069736,0,0,False,0.09945,3.0
ton->bot,46,ogni_batch,9,0.474,0.9721304539342515,9,288,False,0.09945,3.0
ton->bot,46,su_innesco,9,0.474,0.8292341888069736,0,0,False,0.09945,3.0
ton->bot,46,oracolo,9,0.474,0.9608016587842537,9,288,False,0.09945,3.0
ton->bot,46,stat_13x13,9,0.474,0.9494627208234803,9,288,False,0.09945,3.0
ton->bot,46,martingala,9,0.474,0.9729100013910141,2,64,False,0.09945,3.0
ton->bot,46,stat_13x13_adaptive,9,0.474,0.8984965456484444,9,288,False,0.09945,3.0
ton->bot,46,statico,10,0.526,0.8112612041909166,0,0,False,0.1093,3.0
ton->bot,46,ogni_batch,10,0.526,0.9686778814155972,10,320,False,0.1093,3.0
ton->bot,46,su_innesco,10,0.526,0.8112612041909166,0,0,False,0.1093,3.0
ton->bot,46,oracolo,10,0.526,0.9567829758844275,10,320,False,0.1093,3.0
ton->bot,46,stat_13x13,10,0.526,0.9651900282099436,10,320,False,0.1093,3.0
ton->bot,46,martingala,10,0.526,0.9606669550741813,3,96,False,0.1093,3.0
ton->bot,46,stat_13x13_adaptive,10,0.526,0.9597169343056329,10,320,False,0.1093,3.0
ton->bot,46,statico,11,0.579,0.8043611111111111,0,0,False,0.1155,3.0
ton->bot,46,ogni_batch,11,0.579,0.9745833333333334,11,352,False,0.1155,3.0
ton->bot,46,su_innesco,11,0.579,0.8043611111111111,0,0,False,0.1155,3.0
ton->bot,46,oracolo,11,0.579,0.9658888888888888,11,352,False,0.1155,3.0
ton->bot,46,stat_13x13,11,0.579,0.9674722222222223,11,352,False,0.1155,3.0
ton->bot,46,martingala,11,0.579,0.9668333333333333,4,128,False,0.1155,3.0
ton->bot,46,stat_13x13_adaptive,11,0.579,0.9684166666666667,11,352,False,0.1155,3.0
ton->bot,46,statico,12,0.632,0.7859450350171422,0,0,False,0.12385,3.0
ton->bot,46,ogni_batch,12,0.632,0.9689144517540003,12,384,False,0.12385,3.0
ton->bot,46,su_innesco,12,0.632,0.7859450350171422,0,0,False,0.12385,3.0
ton->bot,46,oracolo,12,0.632,0.9648230171556493,12,384,False,0.12385,3.0
ton->bot,46,stat_13x13,12,0.632,0.9599905031070706,12,384,False,0.12385,3.0
ton->bot,46,martingala,12,0.632,0.963253578890505,5,160,False,0.12385,3.0
ton->bot,46,stat_13x13_adaptive,12,0.632,0.9695715883497296,12,384,False,0.12385,3.0
ton->bot,46,statico,13,0.684,0.7825760993135962,0,0,True,0.13375,3.0
ton->bot,46,ogni_batch,13,0.684,0.9772229903823477,13,416,True,0.13375,3.0
ton->bot,46,su_innesco,13,0.684,0.7825760993135962,0,0,True,0.13375,3.0
ton->bot,46,oracolo,13,0.684,0.9708090167034149,13,416,True,0.13375,3.0
ton->bot,46,stat_13x13,13,0.684,0.9685668533580034,13,416,True,0.13375,3.0
ton->bot,46,martingala,13,0.684,0.9733352457285755,6,192,True,0.13375,3.0
ton->bot,46,stat_13x13_adaptive,13,0.684,0.9724112235938014,13,416,True,0.13375,3.0
ton->bot,46,statico,14,0.737,0.7623126614674964,0,0,True,0.1394,3.0
ton->bot,46,ogni_batch,14,0.737,0.9730873837710567,14,448,True,0.1394,3.0
ton->bot,46,su_innesco,14,0.737,0.7290027780981152,1,32,True,0.1394,3.0
ton->bot,46,oracolo,14,0.737,0.9692585297707528,14,448,True,0.1394,3.0
ton->bot,46,stat_13x13,14,0.737,0.9677302134412922,14,448,True,0.1394,3.0
ton->bot,46,martingala,14,0.737,0.9733199126472949,7,224,True,0.1394,3.0
ton->bot,46,stat_13x13_adaptive,14,0.737,0.785839040176404,14,448,True,0.1394,3.0
ton->bot,46,statico,15,0.789,0.7524841109703387,0,0,True,0.1521,3.0
ton->bot,46,ogni_batch,15,0.789,0.9623877079651093,15,480,True,0.1521,3.0
ton->bot,46,su_innesco,15,0.789,0.8512596520315538,2,64,True,0.1521,3.0
ton->bot,46,oracolo,15,0.789,0.9674536884968117,15,480,True,0.1521,3.0
ton->bot,46,stat_13x13,15,0.789,0.9615707068337166,15,480,True,0.1521,3.0
ton->bot,46,martingala,15,0.789,0.9690392024984489,8,256,True,0.1521,3.0
ton->bot,46,stat_13x13_adaptive,15,0.789,0.913709404115767,15,480,True,0.1521,3.0
ton->bot,46,statico,16,0.842,0.7473727912480684,0,0,True,0.1544,3.0
ton->bot,46,ogni_batch,16,0.842,0.9797060286916766,16,512,True,0.1544,3.0
ton->bot,46,su_innesco,16,0.842,0.7321069490067493,3,96,True,0.1544,3.0
ton->bot,46,oracolo,16,0.842,0.9753402175933037,16,512,True,0.1544,3.0
ton->bot,46,stat_13x13,16,0.842,0.8707017572145703,16,512,True,0.1544,3.0
ton->bot,46,martingala,16,0.842,0.9781555286083742,9,288,True,0.1544,3.0
ton->bot,46,stat_13x13_adaptive,16,0.842,0.9805045440132424,16,512,True,0.1544,3.0
ton->bot,46,statico,17,0.895,0.7273760418851422,0,0,True,0.1637,3.0
ton->bot,46,ogni_batch,17,0.895,0.9729383038278193,17,544,True,0.1637,3.0
ton->bot,46,su_innesco,17,0.895,0.8543610936330752,4,128,True,0.1637,3.0
ton->bot,46,oracolo,17,0.895,0.972117483473546,17,544,True,0.1637,3.0
ton->bot,46,stat_13x13,17,0.895,0.9037027542795295,17,544,True,0.1637,3.0
ton->bot,46,martingala,17,0.895,0.9747938239094354,10,320,True,0.1637,3.0
ton->bot,46,stat_13x13_adaptive,17,0.895,0.7080039047226948,17,544,True,0.1637,3.0
ton->bot,46,statico,18,0.947,0.7079678137388804,0,0,True,0.1753,3.0
ton->bot,46,ogni_batch,18,0.947,0.965389683893795,18,576,True,0.1753,3.0
ton->bot,46,su_innesco,18,0.947,0.8639429369546435,5,160,True,0.1753,3.0
ton->bot,46,oracolo,18,0.947,0.9728911087619172,18,576,True,0.1753,3.0
ton->bot,46,stat_13x13,18,0.947,0.6796090239139942,18,576,True,0.1753,3.0
ton->bot,46,martingala,18,0.947,0.9716425318508605,11,352,True,0.1753,3.0
ton->bot,46,stat_13x13_adaptive,18,0.947,0.6514965741147976,18,576,True,0.1753,3.0
ton->bot,46,statico,19,1.0,0.3889750129186045,0,0,True,0.17775,3.0
ton->bot,46,ogni_batch,19,1.0,0.6645663516194096,19,608,True,0.17775,3.0
ton->bot,46,su_innesco,19,1.0,0.6645913553699722,6,192,True,0.17775,3.0
ton->bot,46,oracolo,19,1.0,0.99777466619993,19,608,True,0.17775,3.0
ton->bot,46,stat_13x13,19,1.0,0.6597156240102682,19,608,True,0.17775,3.0
ton->bot,46,martingala,19,1.0,0.6645913553699722,12,384,True,0.17775,3.0
ton->bot,46,stat_13x13_adaptive,19,1.0,0.6657665316464136,19,608,True,0.17775,3.0
ton->bot,47,statico,0,0.0,0.9698564027760579,0,0,False,0.0335,3.0
ton->bot,47,ogni_batch,0,0.0,0.9698564027760579,0,0,False,0.0335,3.0
ton->bot,47,su_innesco,0,0.0,0.9698564027760579,0,0,False,0.0335,3.0
ton->bot,47,oracolo,0,0.0,0.9698564027760579,0,0,False,0.0335,3.0
ton->bot,47,stat_13x13,0,0.0,0.9698564027760579,0,0,False,0.0335,3.0
ton->bot,47,martingala,0,0.0,0.9698564027760579,0,0,False,0.0335,3.0
ton->bot,47,stat_13x13_adaptive,0,0.0,0.9698564027760579,0,0,False,0.0335,3.0
ton->bot,47,statico,1,0.053,0.9543754440791479,0,0,False,0.0401,3.0
ton->bot,47,ogni_batch,1,0.053,0.9443627122017519,1,32,False,0.0401,3.0
ton->bot,47,su_innesco,1,0.053,0.9543754440791479,0,0,False,0.0401,3.0
ton->bot,47,oracolo,1,0.053,0.9399540941641318,1,32,False,0.0401,3.0
ton->bot,47,stat_13x13,1,0.053,0.9281027085244155,1,32,False,0.0401,3.0
ton->bot,47,martingala,1,0.053,0.9543754440791479,0,0,False,0.0401,3.0
ton->bot,47,stat_13x13_adaptive,1,0.053,0.9249393591547974,1,32,False,0.0401,3.0
ton->bot,47,statico,2,0.105,0.9324310097851535,0,0,False,0.04935,3.0
ton->bot,47,ogni_batch,2,0.105,0.8436347107307136,2,64,False,0.04935,3.0
ton->bot,47,su_innesco,2,0.105,0.9324310097851535,0,0,False,0.04935,3.0
ton->bot,47,oracolo,2,0.105,0.9287833431809536,2,64,False,0.04935,3.0
ton->bot,47,stat_13x13,2,0.105,0.9211297627257711,2,64,False,0.04935,3.0
ton->bot,47,martingala,2,0.105,0.9324310097851535,0,0,False,0.04935,3.0
ton->bot,47,stat_13x13_adaptive,2,0.105,0.9180911277529817,2,64,False,0.04935,3.0
ton->bot,47,statico,3,0.158,0.9171783854507689,0,0,False,0.0571,3.0
ton->bot,47,ogni_batch,3,0.158,0.9228342048097358,3,96,False,0.0571,3.0
ton->bot,47,su_innesco,3,0.158,0.9171783854507689,0,0,False,0.0571,3.0
ton->bot,47,oracolo,3,0.158,0.9135178611052962,3,96,False,0.0571,3.0
ton->bot,47,stat_13x13,3,0.158,0.9464918639068585,3,96,False,0.0571,3.0
ton->bot,47,martingala,3,0.158,0.9171783854507689,0,0,False,0.0571,3.0
ton->bot,47,stat_13x13_adaptive,3,0.158,0.9513590961994258,3,96,False,0.0571,3.0
ton->bot,47,statico,4,0.211,0.9030733121160096,0,0,False,0.0664,3.0
ton->bot,47,ogni_batch,4,0.211,0.9127152122795188,4,128,False,0.0664,3.0
ton->bot,47,su_innesco,4,0.211,0.9030733121160096,0,0,False,0.0664,3.0
ton->bot,47,oracolo,4,0.211,0.8987827104686673,4,128,False,0.0664,3.0
ton->bot,47,stat_13x13,4,0.211,0.9472356455435335,4,128,False,0.0664,3.0
ton->bot,47,martingala,4,0.211,0.9030733121160096,0,0,False,0.0664,3.0
ton->bot,47,stat_13x13_adaptive,4,0.211,0.9594324312886948,4,128,False,0.0664,3.0
ton->bot,47,statico,5,0.263,0.8852338937149179,0,0,False,0.07415,3.0
ton->bot,47,ogni_batch,5,0.263,0.9335280619916317,5,160,False,0.07415,3.0
ton->bot,47,su_innesco,5,0.263,0.8852338937149179,0,0,False,0.07415,3.0
ton->bot,47,oracolo,5,0.263,0.8974140382159799,5,160,False,0.07415,3.0
ton->bot,47,stat_13x13,5,0.263,0.9498249049999273,5,160,False,0.07415,3.0
ton->bot,47,martingala,5,0.263,0.8852338937149179,0,0,False,0.07415,3.0
ton->bot,47,stat_13x13_adaptive,5,0.263,0.9583221461536083,5,160,False,0.07415,3.0
ton->bot,47,statico,6,0.316,0.8715442108351187,0,0,False,0.08215,3.0
ton->bot,47,ogni_batch,6,0.316,0.9682696811374816,6,192,False,0.08215,3.0
ton->bot,47,su_innesco,6,0.316,0.8715442108351187,0,0,False,0.08215,3.0
ton->bot,47,oracolo,6,0.316,0.8955033639383223,6,192,False,0.08215,3.0
ton->bot,47,stat_13x13,6,0.316,0.9502524916693444,6,192,False,0.08215,3.0
ton->bot,47,martingala,6,0.316,0.8715442108351187,0,0,False,0.08215,3.0
ton->bot,47,stat_13x13_adaptive,6,0.316,0.9554976561290971,6,192,False,0.08215,3.0
ton->bot,47,statico,7,0.368,0.8556996153056352,0,0,False,0.0892,3.0
ton->bot,47,ogni_batch,7,0.368,0.9602141666192905,7,224,False,0.0892,3.0
ton->bot,47,su_innesco,7,0.368,0.8556996153056352,0,0,False,0.0892,3.0
ton->bot,47,oracolo,7,0.368,0.9461251976206919,7,224,False,0.0892,3.0
ton->bot,47,stat_13x13,7,0.368,0.9490404620308868,7,224,False,0.0892,3.0
ton->bot,47,martingala,7,0.368,0.8755480877275881,1,32,False,0.0892,3.0
ton->bot,47,stat_13x13_adaptive,7,0.368,0.9508508524134966,7,224,False,0.0892,3.0
ton->bot,47,statico,8,0.421,0.8419295927875778,0,0,False,0.09755,3.0
ton->bot,47,ogni_batch,8,0.421,0.9661029641666514,8,256,False,0.09755,3.0
ton->bot,47,su_innesco,8,0.421,0.8419295927875778,0,0,False,0.09755,3.0
ton->bot,47,oracolo,8,0.421,0.9669332593902666,8,256,False,0.09755,3.0
ton->bot,47,stat_13x13,8,0.421,0.9533813068794537,8,256,False,0.09755,3.0
ton->bot,47,martingala,8,0.421,0.8856599163592547,2,64,False,0.09755,3.0
ton->bot,47,stat_13x13_adaptive,8,0.421,0.9585031072738657,8,256,False,0.09755,3.0
ton->bot,47,statico,9,0.474,0.8266734973033409,0,0,False,0.1044,3.0
ton->bot,47,ogni_batch,9,0.474,0.9703274656395522,9,288,False,0.1044,3.0
ton->bot,47,su_innesco,9,0.474,0.8266734973033409,0,0,False,0.1044,3.0
ton->bot,47,oracolo,9,0.474,0.9680294416554144,9,288,False,0.1044,3.0
ton->bot,47,stat_13x13,9,0.474,0.9598987290510492,9,288,False,0.1044,3.0
ton->bot,47,martingala,9,0.474,0.8896916306943494,3,96,False,0.1044,3.0
ton->bot,47,stat_13x13_adaptive,9,0.474,0.9118254610268814,9,288,False,0.1044,3.0
ton->bot,47,statico,10,0.526,0.8149023587259951,0,0,False,0.1111,3.0
ton->bot,47,ogni_batch,10,0.526,0.9669536678260076,10,320,False,0.1111,3.0
ton->bot,47,su_innesco,10,0.526,0.8149023587259951,0,0,False,0.1111,3.0
ton->bot,47,oracolo,10,0.526,0.968703306876849,10,320,False,0.1111,3.0
ton->bot,47,stat_13x13,10,0.526,0.9621267108675218,10,320,False,0.1111,3.0
ton->bot,47,martingala,10,0.526,0.9514654260302204,4,128,False,0.1111,3.0
ton->bot,47,stat_13x13_adaptive,10,0.526,0.9621951022702404,10,320,False,0.1111,3.0
ton->bot,47,statico,11,0.579,0.8005535836232864,0,0,False,0.11895,3.0
ton->bot,47,ogni_batch,11,0.579,0.9746108856355684,11,352,False,0.11895,3.0
ton->bot,47,su_innesco,11,0.579,0.8005535836232864,0,0,False,0.11895,3.0
ton->bot,47,oracolo,11,0.579,0.9681600797105752,11,352,False,0.11895,3.0
ton->bot,47,stat_13x13,11,0.579,0.9038550979277558,11,352,False,0.11895,3.0
ton->bot,47,martingala,11,0.579,0.9521445065943588,5,160,False,0.11895,3.0
ton->bot,47,stat_13x13_adaptive,11,0.579,0.945452185826773,11,352,False,0.11895,3.0
ton->bot,47,statico,12,0.632,0.7868436874111339,0,0,False,0.12755,3.0
ton->bot,47,ogni_batch,12,0.632,0.9722688365091279,12,384,False,0.12755,3.0
ton->bot,47,su_innesco,12,0.632,0.7868436874111339,0,0,False,0.12755,3.0
ton->bot,47,oracolo,12,0.632,0.9618057807018409,12,384,False,0.12755,3.0
ton->bot,47,stat_13x13,12,0.632,0.950115717265488,12,384,False,0.12755,3.0
ton->bot,47,martingala,12,0.632,0.947987728237814,6,192,False,0.12755,3.0
ton->bot,47,stat_13x13_adaptive,12,0.632,0.9527912980823847,12,384,False,0.12755,3.0
ton->bot,47,statico,13,0.684,0.7745991867508439,0,0,True,0.1319,3.0
ton->bot,47,ogni_batch,13,0.684,0.9771979737271785,13,416,True,0.1319,3.0
ton->bot,47,su_innesco,13,0.684,0.7745991867508439,0,0,True,0.1319,3.0
ton->bot,47,oracolo,13,0.684,0.9686264039833712,13,416,True,0.1319,3.0
ton->bot,47,stat_13x13,13,0.684,0.9423850255249286,13,416,True,0.1319,3.0
ton->bot,47,martingala,13,0.684,0.9651366588733097,7,224,True,0.1319,3.0
ton->bot,47,stat_13x13_adaptive,13,0.684,0.9300491464365044,13,416,True,0.1319,3.0
ton->bot,47,statico,14,0.737,0.7610641911271911,0,0,True,0.13875,3.0
ton->bot,47,ogni_batch,14,0.737,0.9772679776675948,14,448,True,0.13875,3.0
ton->bot,47,su_innesco,14,0.737,0.5089061549661726,1,32,True,0.13875,3.0
ton->bot,47,oracolo,14,0.737,0.9693282130248582,14,448,True,0.13875,3.0
ton->bot,47,stat_13x13,14,0.737,0.9589961315864276,14,448,True,0.13875,3.0
ton->bot,47,martingala,14,0.737,0.9662128223037634,8,256,True,0.13875,3.0
ton->bot,47,stat_13x13_adaptive,14,0.737,0.9257874343161732,14,448,True,0.13875,3.0
ton->bot,47,statico,15,0.789,0.7537021982050914,0,0,True,0.14575,3.0
ton->bot,47,ogni_batch,15,0.789,0.9778835169156053,15,480,True,0.14575,3.0
ton->bot,47,su_innesco,15,0.789,0.7144416282764521,2,64,True,0.14575,3.0
ton->bot,47,oracolo,15,0.789,0.971239485863368,15,480,True,0.14575,3.0
ton->bot,47,stat_13x13,15,0.789,0.9573339922103731,15,480,True,0.14575,3.0
ton->bot,47,martingala,15,0.789,0.9756008267844144,9,288,True,0.14575,3.0
ton->bot,47,stat_13x13_adaptive,15,0.789,0.9694663627330644,15,480,True,0.14575,3.0
ton->bot,47,statico,16,0.842,0.7356709956709957,0,0,True,0.1579,3.0
ton->bot,47,ogni_batch,16,0.842,0.9760779220779221,16,512,True,0.1579,3.0
ton->bot,47,su_innesco,16,0.842,0.9484588744588744,3,96,True,0.1579,3.0
ton->bot,47,oracolo,16,0.842,0.9636017316017316,16,512,True,0.1579,3.0
ton->bot,47,stat_13x13,16,0.842,0.9637402597402598,16,512,True,0.1579,3.0
ton->bot,47,martingala,16,0.842,0.9575411255411255,10,320,True,0.1579,3.0
ton->bot,47,stat_13x13_adaptive,16,0.842,0.9428917748917749,16,512,True,0.1579,3.0
ton->bot,47,statico,17,0.895,0.7308533780886295,0,0,True,0.168,3.0
ton->bot,47,ogni_batch,17,0.895,0.9762173574213757,17,544,True,0.168,3.0
ton->bot,47,su_innesco,17,0.895,0.9496131079141594,4,128,True,0.168,3.0
ton->bot,47,oracolo,17,0.895,0.9575922080426138,17,544,True,0.168,3.0
ton->bot,47,stat_13x13,17,0.895,0.9578115735883301,17,544,True,0.168,3.0
ton->bot,47,martingala,17,0.895,0.9666390101356688,11,352,True,0.168,3.0
ton->bot,47,stat_13x13_adaptive,17,0.895,0.963119113015634,17,544,True,0.168,3.0
ton->bot,47,statico,18,0.947,0.7145968584318829,0,0,True,0.17665,3.0
ton->bot,47,ogni_batch,18,0.947,0.9755490500637516,18,576,True,0.17665,3.0
ton->bot,47,su_innesco,18,0.947,0.9514043054777009,5,160,True,0.17665,3.0
ton->bot,47,oracolo,18,0.947,0.9583953769577181,18,576,True,0.17665,3.0
ton->bot,47,stat_13x13,18,0.947,0.9552415441639484,18,576,True,0.17665,3.0
ton->bot,47,martingala,18,0.947,0.9631995907384405,12,384,True,0.17665,3.0
ton->bot,47,stat_13x13_adaptive,18,0.947,0.9413734050775762,18,576,True,0.17665,3.0
ton->bot,47,statico,19,1.0,0.7198469846984699,0,0,True,0.17965,3.0
ton->bot,47,ogni_batch,19,1.0,0.990949094909491,19,608,True,0.17965,3.0
ton->bot,47,su_innesco,19,1.0,0.9994499449944995,6,192,True,0.17965,3.0
ton->bot,47,oracolo,19,1.0,0.9908990899089909,19,608,True,0.17965,3.0
ton->bot,47,stat_13x13,19,1.0,0.9981748174817482,19,608,True,0.17965,3.0
ton->bot,47,martingala,19,1.0,0.990949094909491,13,416,True,0.17965,3.0
ton->bot,47,stat_13x13_adaptive,19,1.0,0.9911491149114912,19,608,True,0.17965,3.0
ton->bot,48,statico,0,0.0,0.9719586012532276,0,0,False,0.03495,3.0
ton->bot,48,ogni_batch,0,0.0,0.9719586012532276,0,0,False,0.03495,3.0
ton->bot,48,su_innesco,0,0.0,0.9719586012532276,0,0,False,0.03495,3.0
ton->bot,48,oracolo,0,0.0,0.9719586012532276,0,0,False,0.03495,3.0
ton->bot,48,stat_13x13,0,0.0,0.9719586012532276,0,0,False,0.03495,3.0
ton->bot,48,martingala,0,0.0,0.9719586012532276,0,0,False,0.03495,3.0
ton->bot,48,stat_13x13_adaptive,0,0.0,0.9719586012532276,0,0,False,0.03495,3.0
ton->bot,48,statico,1,0.053,0.9526911868773265,0,0,False,0.03995,3.0
ton->bot,48,ogni_batch,1,0.053,0.9572274206994515,1,32,False,0.03995,3.0
ton->bot,48,su_innesco,1,0.053,0.9526911868773265,0,0,False,0.03995,3.0
ton->bot,48,oracolo,1,0.053,0.9430417835344125,1,32,False,0.03995,3.0
ton->bot,48,stat_13x13,1,0.053,0.922805431303853,1,32,False,0.03995,3.0
ton->bot,48,martingala,1,0.053,0.9526911868773265,0,0,False,0.03995,3.0
ton->bot,48,stat_13x13_adaptive,1,0.053,0.9193389103688835,1,32,False,0.03995,3.0
ton->bot,48,statico,2,0.105,0.9361937628573984,0,0,False,0.04785,3.0
ton->bot,48,ogni_batch,2,0.105,0.9253921656787889,2,64,False,0.04785,3.0
ton->bot,48,su_innesco,2,0.105,0.9361937628573984,0,0,False,0.04785,3.0
ton->bot,48,oracolo,2,0.105,0.924588984016673,2,64,False,0.04785,3.0
ton->bot,48,stat_13x13,2,0.105,0.8998679757369652,2,64,False,0.04785,3.0
ton->bot,48,martingala,2,0.105,0.9361937628573984,0,0,False,0.04785,3.0
ton->bot,48,stat_13x13_adaptive,2,0.105,0.8895299421699586,2,64,False,0.04785,3.0
ton->bot,48,statico,3,0.158,0.9142179464692877,0,0,False,0.05765,3.0
ton->bot,48,ogni_batch,3,0.158,0.9084027839976402,3,96,False,0.05765,3.0
ton->bot,48,su_innesco,3,0.158,0.9142179464692877,0,0,False,0.05765,3.0
ton->bot,48,oracolo,3,0.158,0.9090920311711006,3,96,False,0.05765,3.0
ton->bot,48,stat_13x13,3,0.158,0.923915230680337,3,96,False,0.05765,3.0
ton->bot,48,martingala,3,0.158,0.9074999869848646,1,32,False,0.05765,3.0
ton->bot,48,stat_13x13_adaptive,3,0.158,0.9080582698474835,3,96,False,0.05765,3.0
ton->bot,48,statico,4,0.211,0.9014497013454325,0,0,False,0.0662,3.0
ton->bot,48,ogni_batch,4,0.211,0.8926177784433427,4,128,False,0.0662,3.0
ton->bot,48,su_innesco,4,0.211,0.9014497013454325,0,0,False,0.0662,3.0
ton->bot,48,oracolo,4,0.211,0.9405417734048744,4,128,False,0.0662,3.0
ton->bot,48,stat_13x13,4,0.211,0.9554908311348449,4,128,False,0.0662,3.0
ton->bot,48,martingala,4,0.211,0.8898448419424867,2,64,False,0.0662,3.0
ton->bot,48,stat_13x13_adaptive,4,0.211,0.9565159958621685,4,128,False,0.0662,3.0
ton->bot,48,statico,5,0.263,0.8878635171183733,0,0,False,0.0754,3.0
ton->bot,48,ogni_batch,5,0.263,0.9194414919279057,5,160,False,0.0754,3.0
ton->bot,48,su_innesco,5,0.263,0.8878635171183733,0,0,False,0.0754,3.0
ton->bot,48,oracolo,5,0.263,0.9458465446047862,5,160,False,0.0754,3.0
ton->bot,48,stat_13x13,5,0.263,0.953965186171176,5,160,False,0.0754,3.0
ton->bot,48,martingala,5,0.263,0.9194115371323681,3,96,False,0.0754,3.0
ton->bot,48,stat_13x13_adaptive,5,0.263,0.9508937328038127,5,160,False,0.0754,3.0
ton->bot,48,statico,6,0.316,0.868454980868012,0,0,False,0.0827,3.0
ton->bot,48,ogni_batch,6,0.316,0.963229666396037,6,192,False,0.0827,3.0
ton->bot,48,su_innesco,6,0.316,0.868454980868012,0,0,False,0.0827,3.0
ton->bot,48,oracolo,6,0.316,0.9582793980860385,6,192,False,0.0827,3.0
ton->bot,48,stat_13x13,6,0.316,0.9666582187726152,6,192,False,0.0827,3.0
ton->bot,48,martingala,6,0.316,0.9571061200234798,4,128,False,0.0827,3.0
ton->bot,48,stat_13x13_adaptive,6,0.316,0.9502862076525083,6,192,False,0.0827,3.0
ton->bot,48,statico,7,0.368,0.8585720032837065,0,0,False,0.08895,3.0
ton->bot,48,ogni_batch,7,0.368,0.9487908423119988,7,224,False,0.08895,3.0
ton->bot,48,su_innesco,7,0.368,0.8585720032837065,0,0,False,0.08895,3.0
ton->bot,48,oracolo,7,0.368,0.9614393203005465,7,224,False,0.08895,3.0
ton->bot,48,stat_13x13,7,0.368,0.9193713609810679,7,224,False,0.08895,3.0
ton->bot,48,martingala,7,0.368,0.9632311077681288,5,160,False,0.08895,3.0
ton->bot,48,stat_13x13_adaptive,7,0.368,0.8316860694286586,7,224,False,0.08895,3.0
ton->bot,48,statico,8,0.421,0.8439206611122649,0,0,False,0.09745,3.0
ton->bot,48,ogni_batch,8,0.421,0.9523735772412764,8,256,False,0.09745,3.0
ton->bot,48,su_innesco,8,0.421,0.8439206611122649,0,0,False,0.09745,3.0
ton->bot,48,oracolo,8,0.421,0.9627991294306053,8,256,False,0.09745,3.0
ton->bot,48,stat_13x13,8,0.421,0.9557242841531284,8,256,False,0.09745,3.0
ton->bot,48,martingala,8,0.421,0.9612317647466572,6,192,False,0.09745,3.0
ton->bot,48,stat_13x13_adaptive,8,0.421,0.9641273327810099,8,256,False,0.09745,3.0
ton->bot,48,statico,9,0.474,0.8272884012481705,0,0,False,0.10245,3.0
ton->bot,48,ogni_batch,9,0.474,0.9690492326186313,9,288,False,0.10245,3.0
ton->bot,48,su_innesco,9,0.474,0.8272884012481705,0,0,False,0.10245,3.0
ton->bot,48,oracolo,9,0.474,0.9583661089945215,9,288,False,0.10245,3.0
ton->bot,48,stat_13x13,9,0.474,0.959283598307364,9,288,False,0.10245,3.0
ton->bot,48,martingala,9,0.474,0.9486343963465819,7,224,False,0.10245,3.0
ton->bot,48,stat_13x13_adaptive,9,0.474,0.9525430887636415,9,288,False,0.10245,3.0
ton->bot,48,statico,10,0.526,0.8116473616473616,0,0,False,0.11095,3.0
ton->bot,48,ogni_batch,10,0.526,0.9685670045045045,10,320,False,0.11095,3.0
ton->bot,48,su_innesco,10,0.526,0.8116473616473616,0,0,False,0.11095,3.0
ton->bot,48,oracolo,10,0.526,0.9589024292149293,10,320,False,0.11095,3.0
ton->bot,48,stat_13x13,10,0.526,0.9668637387387388,10,320,False,0.11095,3.0
ton->bot,48,martingala,10,0.526,0.963497425997426,8,256,False,0.11095,3.0
ton->bot,48,stat_13x13_adaptive,10,0.526,0.9646778474903475,10,320,False,0.11095,3.0
ton->bot,48,statico,11,0.579,0.8016311895394453,0,0,False,0.12125,3.0
ton->bot,48,ogni_batch,11,0.579,0.9691244979664306,11,352,False,0.12125,3.0
ton->bot,48,su_innesco,11,0.579,0.8016311895394453,0,0,False,0.12125,3.0
ton->bot,48,oracolo,11,0.579,0.9588509082698453,11,352,False,0.12125,3.0
ton->bot,48,stat_13x13,11,0.579,0.9194615957270542,11,352,False,0.12125,3.0
ton->bot,48,martingala,11,0.579,0.9675912085812108,9,288,False,0.12125,3.0
ton->bot,48,stat_13x13_adaptive,11,0.579,0.9657983107335779,11,352,False,0.12125,3.0
ton->bot,48,statico,12,0.632,0.7853894997297107,0,0,False,0.1263,3.0
ton->bot,48,ogni_batch,12,0.632,0.9691209050164575,12,384,False,0.1263,3.0
ton->bot,48,su_innesco,12,0.632,0.7853894997297107,0,0,False,0.1263,3.0
ton->bot,48,oracolo,12,0.632,0.9579665422847206,12,384,False,0.1263,3.0
ton->bot,48,stat_13x13,12,0.632,0.969457439174801,12,384,False,0.1263,3.0
ton->bot,48,martingala,12,0.632,0.9695836078787932,10,320,False,0.1263,3.0
ton->bot,48,stat_13x13_adaptive,12,0.632,0.9646592989874645,12,384,False,0.1263,3.0
ton->bot,48,statico,13,0.684,0.774062454944509,0,0,True,0.1367,3.0
ton->bot,48,ogni_batch,13,0.684,0.9555197658162033,13,416,True,0.1367,3.0
ton->bot,48,su_innesco,13,0.684,0.774062454944509,0,0,True,0.1367,3.0
ton->bot,48,oracolo,13,0.684,0.9520770167019453,13,416,True,0.1367,3.0
ton->bot,48,stat_13x13,13,0.684,0.9624197278876114,13,416,True,0.1367,3.0
ton->bot,48,martingala,13,0.684,0.9677406318168171,11,352,True,0.1367,3.0
ton->bot,48,stat_13x13_adaptive,13,0.684,0.9431714372001034,13,416,True,0.1367,3.0
ton->bot,48,statico,14,0.737,0.7660934619992932,0,0,True,0.1471,3.0
ton->bot,48,ogni_batch,14,0.737,0.9726588488041857,14,448,True,0.1471,3.0
ton->bot,48,su_innesco,14,0.737,0.41290380746712724,1,32,True,0.1471,3.0
ton->bot,48,oracolo,14,0.737,0.9563263164776933,14,448,True,0.1471,3.0
ton->bot,48,stat_13x13,14,0.737,0.9706706781537305,14,448,True,0.1471,3.0
ton->bot,48,martingala,14,0.737,0.9711824020862785,12,384,True,0.1471,3.0
ton->bot,48,stat_13x13_adaptive,14,0.737,0.9689507475962388,14,448,True,0.1471,3.0
ton->bot,48,statico,15,0.789,0.7484289591583555,0,0,True,0.1504,3.0
ton->bot,48,ogni_batch,15,0.789,0.9679445368409078,15,480,True,0.1504,3.0
ton->bot,48,su_innesco,15,0.789,0.559798690076981,2,64,True,0.1504,3.0
ton->bot,48,oracolo,15,0.789,0.9533176048669763,15,480,True,0.1504,3.0
ton->bot,48,stat_13x13,15,0.789,0.9676444138663315,15,480,True,0.1504,3.0
ton->bot,48,martingala,15,0.789,0.9667296888797395,13,416,True,0.1504,3.0
ton->bot,48,stat_13x13_adaptive,15,0.789,0.9713528828599445,15,480,True,0.1504,3.0
ton->bot,48,statico,16,0.842,0.7406623929909119,0,0,True,0.16045,3.0
ton->bot,48,ogni_batch,16,0.842,0.9698626179292602,16,512,True,0.16045,3.0
ton->bot,48,su_innesco,16,0.842,0.6795935517673481,3,96,True,0.16045,3.0
ton->bot,48,oracolo,16,0.842,0.9571009207338814,16,512,True,0.16045,3.0
ton->bot,48,stat_13x13,16,0.842,0.9639033854253249,16,512,True,0.16045,3.0
ton->bot,48,martingala,16,0.842,0.9713768244712745,14,448,True,0.16045,3.0
ton->bot,48,stat_13x13_adaptive,16,0.842,0.9434770745174201,16,512,True,0.16045,3.0
ton->bot,48,statico,17,0.895,0.7260146159407547,0,0,True,0.1621,3.0
ton->bot,48,ogni_batch,17,0.895,0.9721664517263615,17,544,True,0.1621,3.0
ton->bot,48,su_innesco,17,0.895,0.7245491138597416,4,128,True,0.1621,3.0
ton->bot,48,oracolo,17,0.895,0.9599120047417133,17,544,True,0.1621,3.0
ton->bot,48,stat_13x13,17,0.895,0.9117100129615517,17,544,True,0.1621,3.0
ton->bot,48,martingala,17,0.895,0.9721920980127792,15,480,True,0.1621,3.0
ton->bot,48,stat_13x13_adaptive,17,0.895,0.9134352345780331,17,544,True,0.1621,3.0
ton->bot,48,statico,18,0.947,0.7251346943608679,0,0,True,0.17755,3.0
ton->bot,48,ogni_batch,18,0.947,0.9828150986861581,18,576,True,0.17755,3.0
ton->bot,48,su_innesco,18,0.947,0.7694538486794301,5,160,True,0.17755,3.0
ton->bot,48,oracolo,18,0.947,0.9714684780210021,18,576,True,0.17755,3.0
ton->bot,48,stat_13x13,18,0.947,0.9300762684952446,18,576,True,0.17755,3.0
ton->bot,48,martingala,18,0.947,0.9818258150287151,16,512,True,0.17755,3.0
ton->bot,48,stat_13x13_adaptive,18,0.947,0.9298738905544403,18,576,True,0.17755,3.0
ton->bot,48,statico,19,1.0,0.4745724572457246,0,0,True,0.1845,3.0
ton->bot,48,ogni_batch,19,1.0,0.9902240224022403,19,608,True,0.1845,3.0
ton->bot,48,su_innesco,19,1.0,0.7483748374837484,6,192,True,0.1845,3.0
ton->bot,48,oracolo,19,1.0,0.9898739873987399,19,608,True,0.1845,3.0
ton->bot,48,stat_13x13,19,1.0,0.7415491549154916,19,608,True,0.1845,3.0
ton->bot,48,martingala,19,1.0,0.7402240224022403,17,544,True,0.1845,3.0
ton->bot,48,stat_13x13_adaptive,19,1.0,0.7482998299829984,19,608,True,0.1845,3.0
ton->bot,49,statico,0,0.0,0.9697765277069522,0,0,False,0.032,3.0
ton->bot,49,ogni_batch,0,0.0,0.9697765277069522,0,0,False,0.032,3.0
ton->bot,49,su_innesco,0,0.0,0.9697765277069522,0,0,False,0.032,3.0
ton->bot,49,oracolo,0,0.0,0.9697765277069522,0,0,False,0.032,3.0
ton->bot,49,stat_13x13,0,0.0,0.9697765277069522,0,0,False,0.032,3.0
ton->bot,49,martingala,0,0.0,0.9697765277069522,0,0,False,0.032,3.0
ton->bot,49,stat_13x13_adaptive,0,0.0,0.9697765277069522,0,0,False,0.032,3.0
ton->bot,49,statico,1,0.053,0.952872492854706,0,0,False,0.0403,3.0
ton->bot,49,ogni_batch,1,0.053,0.9498135336250408,1,32,False,0.0403,3.0
ton->bot,49,su_innesco,1,0.053,0.952872492854706,0,0,False,0.0403,3.0
ton->bot,49,oracolo,1,0.053,0.9343372020467884,1,32,False,0.0403,3.0
ton->bot,49,stat_13x13,1,0.053,0.8669875575438997,1,32,False,0.0403,3.0
ton->bot,49,martingala,1,0.053,0.952872492854706,0,0,False,0.0403,3.0
ton->bot,49,stat_13x13_adaptive,1,0.053,0.8635460782512375,1,32,False,0.0403,3.0
ton->bot,49,statico,2,0.105,0.9358256454418334,0,0,False,0.04655,3.0
ton->bot,49,ogni_batch,2,0.105,0.9313473183800764,2,64,False,0.04655,3.0
ton->bot,49,su_innesco,2,0.105,0.9358256454418334,0,0,False,0.04655,3.0
ton->bot,49,oracolo,2,0.105,0.9229898745305791,2,64,False,0.04655,3.0
ton->bot,49,stat_13x13,2,0.105,0.884315706603913,2,64,False,0.04655,3.0
ton->bot,49,martingala,2,0.105,0.9254072024601252,1,32,False,0.04655,3.0
ton->bot,49,stat_13x13_adaptive,2,0.105,0.8682428975819378,2,64,False,0.04655,3.0
ton->bot,49,statico,3,0.158,0.91800874362418,0,0,False,0.0548,3.0
ton->bot,49,ogni_batch,3,0.158,0.9170616971073582,3,96,False,0.0548,3.0
ton->bot,49,su_innesco,3,0.158,0.91800874362418,0,0,False,0.0548,3.0
ton->bot,49,oracolo,3,0.158,0.9117893458080579,3,96,False,0.0548,3.0
ton->bot,49,stat_13x13,3,0.158,0.9167934194225533,3,96,False,0.0548,3.0
ton->bot,49,martingala,3,0.158,0.9151601553932452,2,64,False,0.0548,3.0
ton->bot,49,stat_13x13_adaptive,3,0.158,0.8655886861178629,3,96,False,0.0548,3.0
ton->bot,49,statico,4,0.211,0.9009192213654316,0,0,False,0.06285,3.0
ton->bot,49,ogni_batch,4,0.211,0.9519899110669281,4,128,False,0.06285,3.0
ton->bot,49,su_innesco,4,0.211,0.9009192213654316,0,0,False,0.06285,3.0
ton->bot,49,oracolo,4,0.211,0.9205546898089685,4,128,False,0.06285,3.0
ton->bot,49,stat_13x13,4,0.211,0.9600704613235176,4,128,False,0.06285,3.0
ton->bot,49,martingala,4,0.211,0.9603942206937317,3,96,False,0.06285,3.0
ton->bot,49,stat_13x13_adaptive,4,0.211,0.9528211397404551,4,128,False,0.06285,3.0
ton->bot,49,statico,5,0.263,0.8864845910651367,0,0,False,0.07075,3.0
ton->bot,49,ogni_batch,5,0.263,0.9528777924391933,5,160,False,0.07075,3.0
ton->bot,49,su_innesco,5,0.263,0.8864845910651367,0,0,False,0.07075,3.0
ton->bot,49,oracolo,5,0.263,0.9531812650047673,5,160,False,0.07075,3.0
ton->bot,49,stat_13x13,5,0.263,0.9573171172657461,5,160,False,0.07075,3.0
ton->bot,49,martingala,5,0.263,0.9529382190510731,4,128,False,0.07075,3.0
ton->bot,49,stat_13x13_adaptive,5,0.263,0.9281772723133231,5,160,False,0.07075,3.0
ton->bot,49,statico,6,0.316,0.87085854880284,0,0,False,0.0779,3.0
ton->bot,49,ogni_batch,6,0.316,0.9563591157626091,6,192,False,0.0779,3.0
ton->bot,49,su_innesco,6,0.316,0.87085854880284,0,0,False,0.0779,3.0
ton->bot,49,oracolo,6,0.316,0.9571531271801659,6,192,False,0.0779,3.0
ton->bot,49,stat_13x13,6,0.316,0.9611279074400066,6,192,False,0.0779,3.0
ton->bot,49,martingala,6,0.316,0.9553398533471102,5,160,False,0.0779,3.0
ton->bot,49,stat_13x13_adaptive,6,0.316,0.9540969143243552,6,192,False,0.0779,3.0
ton->bot,49,statico,7,0.368,0.8562570625980501,0,0,False,0.0885,3.0
ton->bot,49,ogni_batch,7,0.368,0.9677011246814624,7,224,False,0.0885,3.0
ton->bot,49,su_innesco,7,0.368,0.8562570625980501,0,0,False,0.0885,3.0
ton->bot,49,oracolo,7,0.368,0.9567775934620939,7,224,False,0.0885,3.0
ton->bot,49,stat_13x13,7,0.368,0.9311795518600476,7,224,False,0.0885,3.0
ton->bot,49,martingala,7,0.368,0.9673341687909118,6,192,False,0.0885,3.0
ton->bot,49,stat_13x13_adaptive,7,0.368,0.8807726051288303,7,224,False,0.0885,3.0
ton->bot,49,statico,8,0.421,0.8397228918086579,0,0,False,0.0965,3.0
ton->bot,49,ogni_batch,8,0.421,0.9653854313029755,8,256,False,0.0965,3.0
ton->bot,49,su_innesco,8,0.421,0.8397228918086579,0,0,False,0.0965,3.0
ton->bot,49,oracolo,8,0.421,0.9572646745383164,8,256,False,0.0965,3.0
ton->bot,49,stat_13x13,8,0.421,0.9347442968863111,8,256,False,0.0965,3.0
ton->bot,49,martingala,8,0.421,0.9610360293457445,7,224,False,0.0965,3.0
ton->bot,49,stat_13x13_adaptive,8,0.421,0.9148748760693105,8,256,False,0.0965,3.0
ton->bot,49,statico,9,0.474,0.8279798321360523,0,0,False,0.10155,3.0
ton->bot,49,ogni_batch,9,0.474,0.970611640292805,9,288,False,0.10155,3.0
ton->bot,49,su_innesco,9,0.474,0.8279798321360523,0,0,False,0.10155,3.0
ton->bot,49,oracolo,9,0.474,0.963105663721187,9,288,False,0.10155,3.0
ton->bot,49,stat_13x13,9,0.474,0.9443419207408699,9,288,False,0.10155,3.0
ton->bot,49,martingala,9,0.474,0.9633703826075221,8,256,False,0.10155,3.0
ton->bot,49,stat_13x13_adaptive,9,0.474,0.9084187427793464,9,288,False,0.10155,3.0
ton->bot,49,statico,10,0.526,0.8137409747292419,0,0,False,0.11255,3.0
ton->bot,49,ogni_batch,10,0.526,0.9579677410128642,10,320,False,0.11255,3.0
ton->bot,49,su_innesco,10,0.526,0.8137409747292419,0,0,False,0.11255,3.0
ton->bot,49,oracolo,10,0.526,0.9589072113184522,10,320,False,0.11255,3.0
ton->bot,49,stat_13x13,10,0.526,0.9416312859104083,10,320,False,0.11255,3.0
ton->bot,49,martingala,10,0.526,0.954666684674836,9,288,False,0.11255,3.0
ton->bot,49,stat_13x13_adaptive,10,0.526,0.9084737440890832,10,320,False,0.11255,3.0
ton->bot,49,statico,11,0.579,0.80135398517974,0,0,False,0.11825,3.0
ton->bot,49,ogni_batch,11,0.579,0.9696694547361344,11,352,False,0.11825,3.0
ton->bot,49,su_innesco,11,0.579,0.80135398517974,0,0,False,0.11825,3.0
ton->bot,49,oracolo,11,0.579,0.9638219027920212,11,352,False,0.11825,3.0
ton->bot,49,stat_13x13,11,0.579,0.9017527086667257,11,352,False,0.11825,3.0
ton->bot,49,martingala,11,0.579,0.9668247135075472,10,320,False,0.11825,3.0
ton->bot,49,stat_13x13_adaptive,11,0.579,0.8700303932748454,11,352,False,0.11825,3.0
ton->bot,49,statico,12,0.632,0.7888453740958332,0,0,False,0.12715,3.0
ton->bot,49,ogni_batch,12,0.632,0.9635079397039195,12,384,False,0.12715,3.0
ton->bot,49,su_innesco,12,0.632,0.7888453740958332,0,0,False,0.12715,3.0
ton->bot,49,oracolo,12,0.632,0.9622478021537881,12,384,False,0.12715,3.0
ton->bot,49,stat_13x13,12,0.632,0.9100378190906174,12,384,False,0.12715,3.0
ton->bot,49,martingala,12,0.632,0.9725847570572987,11,352,False,0.12715,3.0
ton->bot,49,stat_13x13_adaptive,12,0.632,0.9522463299397271,12,384,False,0.12715,3.0
ton->bot,49,statico,13,0.684,0.7727163003653358,0,0,True,0.1346,3.0
ton->bot,49,ogni_batch,13,0.684,0.9701493236050909,13,416,True,0.1346,3.0
ton->bot,49,su_innesco,13,0.684,0.7727163003653358,0,0,True,0.1346,3.0
ton->bot,49,oracolo,13,0.684,0.9690345316322954,13,416,True,0.1346,3.0
ton->bot,49,stat_13x13,13,0.684,0.9469561643899747,13,416,True,0.1346,3.0
ton->bot,49,martingala,13,0.684,0.9650545633614401,12,384,True,0.1346,3.0
ton->bot,49,stat_13x13_adaptive,13,0.684,0.9004457119716953,13,416,True,0.1346,3.0
ton->bot,49,statico,14,0.737,0.7614919620606753,0,0,True,0.14265,3.0
ton->bot,49,ogni_batch,14,0.737,0.9558280637470504,14,448,True,0.14265,3.0
ton->bot,49,su_innesco,14,0.737,0.5820525183484753,1,32,True,0.14265,3.0
ton->bot,49,oracolo,14,0.737,0.9680506396030509,14,448,True,0.14265,3.0
ton->bot,49,stat_13x13,14,0.737,0.9668365550859729,14,448,True,0.14265,3.0
ton->bot,49,martingala,14,0.737,0.9003198227322089,13,416,True,0.14265,3.0
ton->bot,49,stat_13x13_adaptive,14,0.737,0.9137478731784067,14,448,True,0.14265,3.0
ton->bot,49,statico,15,0.789,0.7525854988052569,0,0,True,0.15045,3.0
ton->bot,49,ogni_batch,15,0.789,0.9605123818833496,15,480,True,0.15045,3.0
ton->bot,49,su_innesco,15,0.789,0.8758960573476702,2,64,True,0.15045,3.0
ton->bot,49,oracolo,15,0.789,0.9622484929944608,15,480,True,0.15045,3.0
ton->bot,49,stat_13x13,15,0.789,0.9644877878244814,15,480,True,0.15045,3.0
ton->bot,49,martingala,15,0.789,0.9112708061800804,14,448,True,0.15045,3.0
ton->bot,49,stat_13x13_adaptive,15,0.789,0.9456018518518519,15,480,True,0.15045,3.0
ton->bot,49,statico,16,0.842,0.7447739884068105,0,0,True,0.15745,3.0
ton->bot,49,ogni_batch,16,0.842,0.9789769444763423,16,512,True,0.15745,3.0
ton->bot,49,su_innesco,16,0.842,0.9153993527353856,3,96,True,0.15745,3.0
ton->bot,49,oracolo,16,0.842,0.9703597369993631,16,512,True,0.15745,3.0
ton->bot,49,stat_13x13,16,0.842,0.9734689708974693,16,512,True,0.15745,3.0
ton->bot,49,martingala,16,0.842,0.918240952993508,15,480,True,0.15745,3.0
ton->bot,49,stat_13x13_adaptive,16,0.842,0.9664304834887129,16,512,True,0.15745,3.0
ton->bot,49,statico,17,0.895,0.7267545183575175,0,0,True,0.1645,3.0
ton->bot,49,ogni_batch,17,0.895,0.9707173179331241,17,544,True,0.1645,3.0
ton->bot,49,su_innesco,17,0.895,0.9577693725200922,4,128,True,0.1645,3.0
ton->bot,49,oracolo,17,0.895,0.9674524597679426,17,544,True,0.1645,3.0
ton->bot,49,stat_13x13,17,0.895,0.9700970114779148,17,544,True,0.1645,3.0
ton->bot,49,martingala,17,0.895,0.9125778897553176,16,512,True,0.1645,3.0
ton->bot,49,stat_13x13_adaptive,17,0.895,0.9735911897348946,17,544,True,0.1645,3.0
ton->bot,49,statico,18,0.947,0.7216870167901749,0,0,True,0.17315,3.0
ton->bot,49,ogni_batch,18,0.947,0.919116359553324,18,576,True,0.17315,3.0
ton->bot,49,su_innesco,18,0.947,0.9575921029005634,5,160,True,0.17315,3.0
ton->bot,49,oracolo,18,0.947,0.9668940748172259,18,576,True,0.17315,3.0
ton->bot,49,stat_13x13,18,0.947,0.9704491027804254,18,576,True,0.17315,3.0
ton->bot,49,martingala,18,0.947,0.8510091317918154,17,544,True,0.17315,3.0
ton->bot,49,stat_13x13_adaptive,18,0.947,0.9183691639969838,18,576,True,0.17315,3.0
ton->bot,49,statico,19,1.0,0.7232946589317863,0,0,True,0.1859,3.0
ton->bot,49,ogni_batch,19,1.0,0.9978995799159832,19,608,True,0.1859,3.0
ton->bot,49,su_innesco,19,1.0,0.9909231846369274,6,192,True,0.1859,3.0
ton->bot,49,oracolo,19,1.0,0.9977745549109822,19,608,True,0.1859,3.0
ton->bot,49,stat_13x13,19,1.0,0.9979245849169833,19,608,True,0.1859,3.0
ton->bot,49,martingala,19,1.0,0.874624924984997,18,576,True,0.1859,3.0
ton->bot,49,stat_13x13_adaptive,19,1.0,0.9979245849169833,19,608,True,0.1859,3.0
ton->bot,50,statico,0,0.0,0.9707453096230303,0,0,False,0.03555,3.0
ton->bot,50,ogni_batch,0,0.0,0.9707453096230303,0,0,False,0.03555,3.0
ton->bot,50,su_innesco,0,0.0,0.9707453096230303,0,0,False,0.03555,3.0
ton->bot,50,oracolo,0,0.0,0.9707453096230303,0,0,False,0.03555,3.0
ton->bot,50,stat_13x13,0,0.0,0.9707453096230303,0,0,False,0.03555,3.0
ton->bot,50,martingala,0,0.0,0.9707453096230303,0,0,False,0.03555,3.0
ton->bot,50,stat_13x13_adaptive,0,0.0,0.9707453096230303,0,0,False,0.03555,3.0
ton->bot,50,statico,1,0.053,0.9506598855493149,0,0,False,0.04505,3.0
ton->bot,50,ogni_batch,1,0.053,0.9483124677089393,1,32,False,0.04505,3.0
ton->bot,50,su_innesco,1,0.053,0.9506598855493149,0,0,False,0.04505,3.0
ton->bot,50,oracolo,1,0.053,0.934273157172931,1,32,False,0.04505,3.0
ton->bot,50,stat_13x13,1,0.053,0.924216430590153,1,32,False,0.04505,3.0
ton->bot,50,martingala,1,0.053,0.9506598855493149,0,0,False,0.04505,3.0
ton->bot,50,stat_13x13_adaptive,1,0.053,0.925960887585663,1,32,False,0.04505,3.0
ton->bot,50,statico,2,0.105,0.933856099123042,0,0,False,0.0543,3.0
ton->bot,50,ogni_batch,2,0.105,0.9386591978415633,2,64,False,0.0543,3.0
ton->bot,50,su_innesco,2,0.105,0.933856099123042,0,0,False,0.0543,3.0
ton->bot,50,oracolo,2,0.105,0.9261770408395225,2,64,False,0.0543,3.0
ton->bot,50,stat_13x13,2,0.105,0.8913024667948903,2,64,False,0.0543,3.0
ton->bot,50,martingala,2,0.105,0.933856099123042,0,0,False,0.0543,3.0
ton->bot,50,stat_13x13_adaptive,2,0.105,0.8592787396835259,2,64,False,0.0543,3.0
ton->bot,50,statico,3,0.158,0.9199920530325265,0,0,False,0.05875,3.0
ton->bot,50,ogni_batch,3,0.158,0.956805025503751,3,96,False,0.05875,3.0
ton->bot,50,su_innesco,3,0.158,0.9199920530325265,0,0,False,0.05875,3.0
ton->bot,50,oracolo,3,0.158,0.9465402702640673,3,96,False,0.05875,3.0
ton->bot,50,stat_13x13,3,0.158,0.8963050892872304,3,96,False,0.05875,3.0
ton->bot,50,martingala,3,0.158,0.9199920530325265,0,0,False,0.05875,3.0
ton->bot,50,stat_13x13_adaptive,3,0.158,0.868254710476805,3,96,False,0.05875,3.0
ton->bot,50,statico,4,0.211,0.904036277891018,0,0,False,0.0662,3.0
ton->bot,50,ogni_batch,4,0.211,0.9502304443613223,4,128,False,0.0662,3.0
ton->bot,50,su_innesco,4,0.211,0.904036277891018,0,0,False,0.0662,3.0
ton->bot,50,oracolo,4,0.211,0.9556614997256418,4,128,False,0.0662,3.0
ton->bot,50,stat_13x13,4,0.211,0.9357145093438308,4,128,False,0.0662,3.0
ton->bot,50,martingala,4,0.211,0.904036277891018,0,0,False,0.0662,3.0
ton->bot,50,stat_13x13_adaptive,4,0.211,0.9273505407244702,4,128,False,0.0662,3.0
ton->bot,50,statico,5,0.263,0.8881730195341861,0,0,False,0.07535,3.0
ton->bot,50,ogni_batch,5,0.263,0.9602748408558096,5,160,False,0.07535,3.0
ton->bot,50,su_innesco,5,0.263,0.8881730195341861,0,0,False,0.07535,3.0
ton->bot,50,oracolo,5,0.263,0.9610647567643806,5,160,False,0.07535,3.0
ton->bot,50,stat_13x13,5,0.263,0.9383741750388293,5,160,False,0.07535,3.0
ton->bot,50,martingala,5,0.263,0.8881730195341861,0,0,False,0.07535,3.0
ton->bot,50,stat_13x13_adaptive,5,0.263,0.945070271125628,5,160,False,0.07535,3.0
ton->bot,50,statico,6,0.316,0.8711223955688567,0,0,False,0.08095,3.0
ton->bot,50,ogni_batch,6,0.316,0.9460033783019899,6,192,False,0.08095,3.0
ton->bot,50,su_innesco,6,0.316,0.8711223955688567,0,0,False,0.08095,3.0
ton->bot,50,oracolo,6,0.316,0.9596021798002476,6,192,False,0.08095,3.0
ton->bot,50,stat_13x13,6,0.316,0.9551292397155977,6,192,False,0.08095,3.0
ton->bot,50,martingala,6,0.316,0.8711223955688567,0,0,False,0.08095,3.0
ton->bot,50,stat_13x13_adaptive,6,0.316,0.9403574323069888,6,192,False,0.08095,3.0
ton->bot,50,statico,7,0.368,0.8551469345682977,0,0,False,0.088,3.0
ton->bot,50,ogni_batch,7,0.368,0.9643543725784756,7,224,False,0.088,3.0
ton->bot,50,su_innesco,7,0.368,0.8551469345682977,0,0,False,0.088,3.0
ton->bot,50,oracolo,7,0.368,0.9611265401444533,7,224,False,0.088,3.0
ton->bot,50,stat_13x13,7,0.368,0.9658381330098592,7,224,False,0.088,3.0
ton->bot,50,martingala,7,0.368,0.7268183948956422,1,32,False,0.088,3.0
ton->bot,50,stat_13x13_adaptive,7,0.368,0.9482106888192707,7,224,False,0.088,3.0
ton->bot,50,statico,8,0.421,0.8420260374865587,0,0,False,0.097,3.0
ton->bot,50,ogni_batch,8,0.421,0.9288640263199055,8,256,False,0.097,3.0
ton->bot,50,su_innesco,8,0.421,0.8420260374865587,0,0,False,0.097,3.0
ton->bot,50,oracolo,8,0.421,0.962742123898727,8,256,False,0.097,3.0
ton->bot,50,stat_13x13,8,0.421,0.9679904433517529,8,256,False,0.097,3.0
ton->bot,50,martingala,8,0.421,0.7969878837947247,2,64,False,0.097,3.0
ton->bot,50,stat_13x13_adaptive,8,0.421,0.9571315533482381,8,256,False,0.097,3.0
ton->bot,50,statico,9,0.474,0.8283321395687858,0,0,False,0.1038,3.0
ton->bot,50,ogni_batch,9,0.474,0.9625622992881641,9,288,False,0.1038,3.0
ton->bot,50,su_innesco,9,0.474,0.8283321395687858,0,0,False,0.1038,3.0
ton->bot,50,oracolo,9,0.474,0.9578051810721595,9,288,False,0.1038,3.0
ton->bot,50,stat_13x13,9,0.474,0.9389608562020137,9,288,False,0.1038,3.0
ton->bot,50,martingala,9,0.474,0.9527879810981217,3,96,False,0.1038,3.0
ton->bot,50,stat_13x13_adaptive,9,0.474,0.9293158321898275,9,288,False,0.1038,3.0
ton->bot,50,statico,10,0.526,0.8137650365481649,0,0,False,0.1142,3.0
ton->bot,50,ogni_batch,10,0.526,0.9697132663763277,10,320,False,0.1142,3.0
ton->bot,50,su_innesco,10,0.526,0.8137650365481649,0,0,False,0.1142,3.0
ton->bot,50,oracolo,10,0.526,0.9610880353522757,10,320,False,0.1142,3.0
ton->bot,50,stat_13x13,10,0.526,0.9679446133824479,10,320,False,0.1142,3.0
ton->bot,50,martingala,10,0.526,0.9551717412019006,4,128,False,0.1142,3.0
ton->bot,50,stat_13x13_adaptive,10,0.526,0.9428185493927824,10,320,False,0.1142,3.0
ton->bot,50,statico,11,0.579,0.7977977564927377,0,0,False,0.1198,3.0
ton->bot,50,ogni_batch,11,0.579,0.9734819873978291,11,352,False,0.1198,3.0
ton->bot,50,su_innesco,11,0.579,0.7977977564927377,0,0,False,0.1198,3.0
ton->bot,50,oracolo,11,0.579,0.9609496801057706,11,352,False,0.1198,3.0
ton->bot,50,stat_13x13,11,0.579,0.9656763403048678,11,352,False,0.1198,3.0
ton->bot,50,martingala,11,0.579,0.9592703045033846,5,160,False,0.1198,3.0
ton->bot,50,stat_13x13_adaptive,11,0.579,0.9570672769001607,11,352,False,0.1198,3.0
ton->bot,50,statico,12,0.632,0.7880595049814241,0,0,False,0.1281,3.0
ton->bot,50,ogni_batch,12,0.632,0.9700203062788171,12,384,False,0.1281,3.0
ton->bot,50,su_innesco,12,0.632,0.7880595049814241,0,0,False,0.1281,3.0
ton->bot,50,oracolo,12,0.632,0.9526819131652685,12,384,False,0.1281,3.0
ton->bot,50,stat_13x13,12,0.632,0.9337846246882691,12,384,False,0.1281,3.0
ton->bot,50,martingala,12,0.632,0.9506112147910755,6,192,False,0.1281,3.0
ton->bot,50,stat_13x13_adaptive,12,0.632,0.9089737401968259,12,384,False,0.1281,3.0
ton->bot,50,statico,13,0.684,0.7736450398683998,0,0,True,0.13565,3.0
ton->bot,50,ogni_batch,13,0.684,0.9678543825852444,13,416,True,0.13565,3.0
ton->bot,50,su_innesco,13,0.684,0.7736450398683998,0,0,True,0.13565,3.0
ton->bot,50,oracolo,13,0.684,0.9527312269895056,13,416,True,0.13565,3.0
ton->bot,50,stat_13x13,13,0.684,0.9626062061493169,13,416,True,0.13565,3.0
ton->bot,50,martingala,13,0.684,0.9537260663047205,7,224,True,0.13565,3.0
ton->bot,50,stat_13x13_adaptive,13,0.684,0.9557921665096021,13,416,True,0.13565,3.0
ton->bot,50,statico,14,0.737,0.7611460362219356,0,0,True,0.1392,3.0
ton->bot,50,ogni_batch,14,0.737,0.9653296038468324,14,448,True,0.1392,3.0
ton->bot,50,su_innesco,14,0.737,0.8134088496166769,1,32,True,0.1392,3.0
ton->bot,50,oracolo,14,0.737,0.9505195588713741,14,448,True,0.1392,3.0
ton->bot,50,stat_13x13,14,0.737,0.9041858993195258,14,448,True,0.1392,3.0
ton->bot,50,martingala,14,0.737,0.954305631619984,8,256,True,0.1392,3.0
ton->bot,50,stat_13x13_adaptive,14,0.737,0.9453353224044663,14,448,True,0.1392,3.0
ton->bot,50,statico,15,0.789,0.7545300826680099,0,0,True,0.15285,3.0
ton->bot,50,ogni_batch,15,0.789,0.9573635078840665,15,480,True,0.15285,3.0
ton->bot,50,su_innesco,15,0.789,0.7807134858718745,2,64,True,0.15285,3.0
ton->bot,50,oracolo,15,0.789,0.9679999576942857,15,480,True,0.15285,3.0
ton->bot,50,stat_13x13,15,0.789,0.9750717544576342,15,480,True,0.15285,3.0
ton->bot,50,martingala,15,0.789,0.9664238054254435,9,288,True,0.15285,3.0
ton->bot,50,stat_13x13_adaptive,15,0.789,0.926433403534378,15,480,True,0.15285,3.0
ton->bot,50,statico,16,0.842,0.7362531154880247,0,0,True,0.15975,3.0
ton->bot,50,ogni_batch,16,0.842,0.9363681773861261,16,512,True,0.15975,3.0
ton->bot,50,su_innesco,16,0.842,0.9012725861306067,3,96,True,0.15975,3.0
ton->bot,50,oracolo,16,0.842,0.9584508641384081,16,512,True,0.15975,3.0
ton->bot,50,stat_13x13,16,0.842,0.95553140348328,16,512,True,0.15975,3.0
ton->bot,50,martingala,16,0.842,0.9581670009912671,10,320,True,0.15975,3.0
ton->bot,50,stat_13x13_adaptive,16,0.842,0.9035824906026027,16,512,True,0.15975,3.0
ton->bot,50,statico,17,0.895,0.7295322981317118,0,0,True,0.1723,3.0
ton->bot,50,ogni_batch,17,0.895,0.9441420610005724,17,544,True,0.1723,3.0
ton->bot,50,su_innesco,17,0.895,0.956883690493471,4,128,True,0.1723,3.0
ton->bot,50,oracolo,17,0.895,0.9667345198195274,17,544,True,0.1723,3.0
ton->bot,50,stat_13x13,17,0.895,0.9419620321529236,17,544,True,0.1723,3.0
ton->bot,50,martingala,17,0.895,0.96013604056787,11,352,True,0.1723,3.0
ton->bot,50,stat_13x13_adaptive,17,0.895,0.9647754753924769,17,544,True,0.1723,3.0
ton->bot,50,statico,18,0.947,0.7257317199822646,0,0,True,0.17125,3.0
ton->bot,50,ogni_batch,18,0.947,0.9527581993769116,18,576,True,0.17125,3.0
ton->bot,50,su_innesco,18,0.947,0.9559044451907022,5,160,True,0.17125,3.0
ton->bot,50,oracolo,18,0.947,0.9702345176991851,18,576,True,0.17125,3.0
ton->bot,50,stat_13x13,18,0.947,0.9032722794943554,18,576,True,0.17125,3.0
ton->bot,50,martingala,18,0.947,0.9704655012136902,12,384,True,0.17125,3.0
ton->bot,50,stat_13x13_adaptive,18,0.947,0.8030690492065296,18,576,True,0.17125,3.0
ton->bot,50,statico,19,1.0,0.7190688137627526,0,0,True,0.17975,3.0
ton->bot,50,ogni_batch,19,1.0,0.9784206841368274,19,608,True,0.17975,3.0
ton->bot,50,su_innesco,19,1.0,0.9908231646329266,6,192,True,0.17975,3.0
ton->bot,50,oracolo,19,1.0,0.9914482896579315,19,608,True,0.17975,3.0
ton->bot,50,stat_13x13,19,1.0,0.9994748949789958,19,608,True,0.17975,3.0
ton->bot,50,martingala,19,1.0,0.9986997399479896,13,416,True,0.17975,3.0
ton->bot,50,stat_13x13_adaptive,19,1.0,0.9982746549309862,19,608,True,0.17975,3.0
ton->bot,51,statico,0,0.0,0.9739070530856906,0,0,False,0.02415,3.0
ton->bot,51,ogni_batch,0,0.0,0.9739070530856906,0,0,False,0.02415,3.0
ton->bot,51,su_innesco,0,0.0,0.9739070530856906,0,0,False,0.02415,3.0
ton->bot,51,oracolo,0,0.0,0.9739070530856906,0,0,False,0.02415,3.0
ton->bot,51,stat_13x13,0,0.0,0.9739070530856906,0,0,False,0.02415,3.0
ton->bot,51,martingala,0,0.0,0.9739070530856906,0,0,False,0.02415,3.0
ton->bot,51,stat_13x13_adaptive,0,0.0,0.9739070530856906,0,0,False,0.02415,3.0
ton->bot,51,statico,1,0.053,0.9530239817357531,0,0,False,0.03275,3.0
ton->bot,51,ogni_batch,1,0.053,0.9397250749126661,1,32,False,0.03275,3.0
ton->bot,51,su_innesco,1,0.053,0.9530239817357531,0,0,False,0.03275,3.0
ton->bot,51,oracolo,1,0.053,0.9378029930232002,1,32,False,0.03275,3.0
ton->bot,51,stat_13x13,1,0.053,0.9546340719437749,1,32,False,0.03275,3.0
ton->bot,51,martingala,1,0.053,0.9530239817357531,0,0,False,0.03275,3.0
ton->bot,51,stat_13x13_adaptive,1,0.053,0.9567532147805049,1,32,False,0.03275,3.0
ton->bot,51,statico,2,0.105,0.9349349108702504,0,0,False,0.04475,3.0
ton->bot,51,ogni_batch,2,0.105,0.941521524191239,2,64,False,0.04475,3.0
ton->bot,51,su_innesco,2,0.105,0.9349349108702504,0,0,False,0.04475,3.0
ton->bot,51,oracolo,2,0.105,0.9283126572196033,2,64,False,0.04475,3.0
ton->bot,51,stat_13x13,2,0.105,0.7899525143891006,2,64,False,0.04475,3.0
ton->bot,51,martingala,2,0.105,0.47316461747315347,1,32,False,0.04475,3.0
ton->bot,51,stat_13x13_adaptive,2,0.105,0.7975867763072415,2,64,False,0.04475,3.0
ton->bot,51,statico,3,0.158,0.9193287268718826,0,0,False,0.0533,3.0
ton->bot,51,ogni_batch,3,0.158,0.9205834320161737,3,96,False,0.0533,3.0
ton->bot,51,su_innesco,3,0.158,0.9193287268718826,0,0,False,0.0533,3.0
ton->bot,51,oracolo,3,0.158,0.9182566453736323,3,96,False,0.0533,3.0
ton->bot,51,stat_13x13,3,0.158,0.9090591043293399,3,96,False,0.0533,3.0
ton->bot,51,martingala,3,0.158,0.5091515521638865,2,64,False,0.0533,3.0
ton->bot,51,stat_13x13_adaptive,3,0.158,0.8770865299979513,3,96,False,0.0533,3.0
ton->bot,51,statico,4,0.211,0.9010974057879872,0,0,False,0.05815,3.0
ton->bot,51,ogni_batch,4,0.211,0.8989695104302364,4,128,False,0.05815,3.0
ton->bot,51,su_innesco,4,0.211,0.9010974057879872,0,0,False,0.05815,3.0
ton->bot,51,oracolo,4,0.211,0.9026541971320708,4,128,False,0.05815,3.0
ton->bot,51,stat_13x13,4,0.211,0.8618501492776323,4,128,False,0.05815,3.0
ton->bot,51,martingala,4,0.211,0.6687925650029254,3,96,False,0.05815,3.0
ton->bot,51,stat_13x13_adaptive,4,0.211,0.8573584810857544,4,128,False,0.05815,3.0
ton->bot,51,statico,5,0.263,0.8849457534343156,0,0,False,0.06785,3.0
ton->bot,51,ogni_batch,5,0.263,0.8594145886564363,5,160,False,0.06785,3.0
ton->bot,51,su_innesco,5,0.263,0.8849457534343156,0,0,False,0.06785,3.0
ton->bot,51,oracolo,5,0.263,0.88126986714512,5,160,False,0.06785,3.0
ton->bot,51,stat_13x13,5,0.263,0.8693389636350448,5,160,False,0.06785,3.0
ton->bot,51,martingala,5,0.263,0.7111110572249741,4,128,False,0.06785,3.0
ton->bot,51,stat_13x13_adaptive,5,0.263,0.8634120882701508,5,160,False,0.06785,3.0
ton->bot,51,statico,6,0.316,0.870466282423853,0,0,False,0.07725,3.0
ton->bot,51,ogni_batch,6,0.316,0.8233902552351767,6,192,False,0.07725,3.0
ton->bot,51,su_innesco,6,0.316,0.870466282423853,0,0,False,0.07725,3.0
ton->bot,51,oracolo,6,0.316,0.8823380637848497,6,192,False,0.07725,3.0
ton->bot,51,stat_13x13,6,0.316,0.9413817670449584,6,192,False,0.07725,3.0
ton->bot,51,martingala,6,0.316,0.8341792701408474,5,160,False,0.07725,3.0
ton->bot,51,stat_13x13_adaptive,6,0.316,0.9313874922716463,6,192,False,0.07725,3.0
ton->bot,51,statico,7,0.368,0.8560202106125754,0,0,False,0.08325,3.0
ton->bot,51,ogni_batch,7,0.368,0.8220028366379808,7,224,False,0.08325,3.0
ton->bot,51,su_innesco,7,0.368,0.8560202106125754,0,0,False,0.08325,3.0
ton->bot,51,oracolo,7,0.368,0.8584256997763395,7,224,False,0.08325,3.0
ton->bot,51,stat_13x13,7,0.368,0.9440264355007748,7,224,False,0.08325,3.0
ton->bot,51,martingala,7,0.368,0.822053856439569,6,192,False,0.08325,3.0
ton->bot,51,stat_13x13_adaptive,7,0.368,0.9292107929555826,7,224,False,0.08325,3.0
ton->bot,51,statico,8,0.421,0.8411217610276542,0,0,False,0.09395,3.0
ton->bot,51,ogni_batch,8,0.421,0.7963692266961625,8,256,False,0.09395,3.0
ton->bot,51,su_innesco,8,0.421,0.8411217610276542,0,0,False,0.09395,3.0
ton->bot,51,oracolo,8,0.421,0.914553367842508,8,256,False,0.09395,3.0
ton->bot,51,stat_13x13,8,0.421,0.9467190713432488,8,256,False,0.09395,3.0
ton->bot,51,martingala,8,0.421,0.8438968310828833,7,224,False,0.09395,3.0
ton->bot,51,stat_13x13_adaptive,8,0.421,0.9487537028434061,8,256,False,0.09395,3.0
ton->bot,51,statico,9,0.474,0.8253947639414887,0,0,False,0.10685,3.0
ton->bot,51,ogni_batch,9,0.474,0.7951887278065035,9,288,False,0.10685,3.0
ton->bot,51,su_innesco,9,0.474,0.8253947639414887,0,0,False,0.10685,3.0
ton->bot,51,oracolo,9,0.474,0.9468014266562659,9,288,False,0.10685,3.0
ton->bot,51,stat_13x13,9,0.474,0.9530835282105363,9,288,False,0.10685,3.0
ton->bot,51,martingala,9,0.474,0.8985713510677859,8,256,False,0.10685,3.0
ton->bot,51,stat_13x13_adaptive,9,0.474,0.9470409182206909,9,288,False,0.10685,3.0
ton->bot,51,statico,10,0.526,0.8145072718759091,0,0,False,0.11435,3.0
ton->bot,51,ogni_batch,10,0.526,0.9118501864443957,10,320,False,0.11435,3.0
ton->bot,51,su_innesco,10,0.526,0.8145072718759091,0,0,False,0.11435,3.0
ton->bot,51,oracolo,10,0.526,0.9637634194073292,10,320,False,0.11435,3.0
ton->bot,51,stat_13x13,10,0.526,0.9502056566467388,10,320,False,0.11435,3.0
ton->bot,51,martingala,10,0.526,0.8967683749235789,9,288,False,0.11435,3.0
ton->bot,51,stat_13x13_adaptive,10,0.526,0.8405933474275029,10,320,False,0.11435,3.0
ton->bot,51,statico,11,0.579,0.8001668117137783,0,0,False,0.12175,3.0
ton->bot,51,ogni_batch,11,0.579,0.9275164084630791,11,352,False,0.12175,3.0
ton->bot,51,su_innesco,11,0.579,0.8001668117137783,0,0,False,0.12175,3.0
ton->bot,51,oracolo,11,0.579,0.9642555526519645,11,352,False,0.12175,3.0
ton->bot,51,stat_13x13,11,0.579,0.8917185154946676,11,352,False,0.12175,3.0
ton->bot,51,martingala,11,0.579,0.9365877373086243,10,320,False,0.12175,3.0
ton->bot,51,stat_13x13_adaptive,11,0.579,0.8523371080655647,11,352,False,0.12175,3.0
ton->bot,51,statico,12,0.632,0.7853506922826563,0,0,True,0.1304,3.0
ton->bot,51,ogni_batch,12,0.632,0.9482205018148535,12,384,True,0.1304,3.0
ton->bot,51,su_innesco,12,0.632,0.7853506922826563,0,0,True,0.1304,3.0
ton->bot,51,oracolo,12,0.632,0.9648255126432277,12,384,True,0.1304,3.0
ton->bot,51,stat_13x13,12,0.632,0.9338878546195619,12,384,True,0.1304,3.0
ton->bot,51,martingala,12,0.632,0.9691426604135205,11,352,True,0.1304,3.0
ton->bot,51,stat_13x13_adaptive,12,0.632,0.859114058408025,12,384,True,0.1304,3.0
ton->bot,51,statico,13,0.684,0.7718004956029119,0,0,True,0.13625,3.0
ton->bot,51,ogni_batch,13,0.684,0.9471154792241843,13,416,True,0.13625,3.0
ton->bot,51,su_innesco,13,0.684,0.7718004956029119,1,32,True,0.13625,3.0
ton->bot,51,oracolo,13,0.684,0.9675427117885446,13,416,True,0.13625,3.0
ton->bot,51,stat_13x13,13,0.684,0.909826205122714,13,416,True,0.13625,3.0
ton->bot,51,martingala,13,0.684,0.9758100097456721,12,384,True,0.13625,3.0
ton->bot,51,stat_13x13_adaptive,13,0.684,0.8768053616531895,13,416,True,0.13625,3.0
ton->bot,51,statico,14,0.737,0.7668066070862547,0,0,True,0.1456,3.0
ton->bot,51,ogni_batch,14,0.737,0.9067787364151977,14,448,True,0.1456,3.0
ton->bot,51,su_innesco,14,0.737,0.7668066070862547,2,64,True,0.1456,3.0
ton->bot,51,oracolo,14,0.737,0.9759541355600103,14,448,True,0.1456,3.0
ton->bot,51,stat_13x13,14,0.737,0.8968400478399527,14,448,True,0.1456,3.0
ton->bot,51,martingala,14,0.737,0.9782902587304007,13,416,True,0.1456,3.0
ton->bot,51,stat_13x13_adaptive,14,0.737,0.8135354992616013,14,448,True,0.1456,3.0
ton->bot,51,statico,15,0.789,0.746109901656393,0,0,True,0.15565,3.0
ton->bot,51,ogni_batch,15,0.789,0.8740586418443365,15,480,True,0.15565,3.0
ton->bot,51,su_innesco,15,0.789,0.5152243289527313,3,96,True,0.15565,3.0
ton->bot,51,oracolo,15,0.789,0.9653985090621473,15,480,True,0.15565,3.0
ton->bot,51,stat_13x13,15,0.789,0.9271864214655638,15,480,True,0.15565,3.0
ton->bot,51,martingala,15,0.789,0.9791837226001927,14,448,True,0.15565,3.0
ton->bot,51,stat_13x13_adaptive,15,0.789,0.8543952506759065,15,480,True,0.15565,3.0
ton->bot,51,statico,16,0.842,0.7406122135269186,0,0,True,0.1648,3.0
ton->bot,51,ogni_batch,16,0.842,0.8406070992081895,16,512,True,0.1648,3.0
ton->bot,51,su_innesco,16,0.842,0.41250659397264916,4,128,True,0.1648,3.0
ton->bot,51,oracolo,16,0.842,0.9571386187400901,16,512,True,0.1648,3.0
ton->bot,51,stat_13x13,16,0.842,0.9725794611123867,16,512,True,0.1648,3.0
ton->bot,51,martingala,16,0.842,0.8520871938685306,15,480,True,0.1648,3.0
ton->bot,51,stat_13x13_adaptive,16,0.842,0.8398789760311574,16,512,True,0.1648,3.0
ton->bot,51,statico,17,0.895,0.7250345519509354,0,0,True,0.1725,3.0
ton->bot,51,ogni_batch,17,0.895,0.6847338592882396,17,544,True,0.1725,3.0
ton->bot,51,su_innesco,17,0.895,0.6149498114222394,5,160,True,0.1725,3.0
ton->bot,51,oracolo,17,0.895,0.9601926790867001,17,544,True,0.1725,3.0
ton->bot,51,stat_13x13,17,0.895,0.8882688714694145,17,544,True,0.1725,3.0
ton->bot,51,martingala,17,0.895,0.8450288608600207,16,512,True,0.1725,3.0
ton->bot,51,stat_13x13_adaptive,17,0.895,0.733189007623986,17,544,True,0.1725,3.0
ton->bot,51,statico,18,0.947,0.7160425101214575,0,0,True,0.18045,3.0
ton->bot,51,ogni_batch,18,0.947,0.6727732793522267,18,576,True,0.18045,3.0
ton->bot,51,su_innesco,18,0.947,0.7131410256410257,6,192,True,0.18045,3.0
ton->bot,51,oracolo,18,0.947,0.9499493927125506,18,576,True,0.18045,3.0
ton->bot,51,stat_13x13,18,0.947,0.9366143724696356,18,576,True,0.18045,3.0
ton->bot,51,martingala,18,0.947,0.9334598515519568,17,544,True,0.18045,3.0
ton->bot,51,stat_13x13_adaptive,18,0.947,0.8936319163292847,18,576,True,0.18045,3.0
ton->bot,51,statico,19,1.0,0.3425935187037408,0,0,True,0.1903,3.0
ton->bot,51,ogni_batch,19,1.0,0.623249649929986,19,608,True,0.1903,3.0
ton->bot,51,su_innesco,19,1.0,0.5854920984196839,7,224,True,0.1903,3.0
ton->bot,51,oracolo,19,1.0,0.746624324864973,19,608,True,0.1903,3.0
ton->bot,51,stat_13x13,19,1.0,0.6227745549109822,19,608,True,0.1903,3.0
ton->bot,51,martingala,19,1.0,0.5854920984196839,18,576,True,0.1903,3.0
ton->bot,51,stat_13x13_adaptive,19,1.0,0.6227745549109822,19,608,True,0.1903,3.0
ton->unsw,42,statico,0,0.0,0.9700789995728405,0,0,False,0.0314,3.0
ton->unsw,42,ogni_batch,0,0.0,0.9700789995728405,0,0,False,0.0314,3.0
ton->unsw,42,su_innesco,0,0.0,0.9700789995728405,0,0,False,0.0314,3.0
ton->unsw,42,oracolo,0,0.0,0.9700789995728405,0,0,False,0.0314,3.0
ton->unsw,42,stat_13x13,0,0.0,0.9700789995728405,0,0,False,0.0314,3.0
ton->unsw,42,martingala,0,0.0,0.9700789995728405,0,0,False,0.0314,3.0
ton->unsw,42,stat_13x13_adaptive,0,0.0,0.9700789995728405,0,0,False,0.0314,3.0
ton->unsw,42,statico,1,0.053,0.9211723911421094,0,0,False,0.0322,3.0
ton->unsw,42,ogni_batch,1,0.053,0.7557774599424285,1,32,False,0.0322,3.0
ton->unsw,42,su_innesco,1,0.053,0.9211723911421094,0,0,False,0.0322,3.0
ton->unsw,42,oracolo,1,0.053,0.9129739802042172,1,32,False,0.0322,3.0
ton->unsw,42,stat_13x13,1,0.053,0.7551963500235582,1,32,False,0.0322,3.0
ton->unsw,42,martingala,1,0.053,0.9211723911421094,0,0,False,0.0322,3.0
ton->unsw,42,stat_13x13_adaptive,1,0.053,0.7575618446258026,1,32,False,0.0322,3.0
ton->unsw,42,statico,2,0.105,0.8776360630494834,0,0,False,0.0308,3.0
ton->unsw,42,ogni_batch,2,0.105,0.880097487368017,2,64,False,0.0308,3.0
ton->unsw,42,su_innesco,2,0.105,0.8776360630494834,0,0,False,0.0308,3.0
ton->unsw,42,oracolo,2,0.105,0.8682722269235171,2,64,False,0.0308,3.0
ton->unsw,42,stat_13x13,2,0.105,0.8583031447260933,2,64,False,0.0308,3.0
ton->unsw,42,martingala,2,0.105,0.8776360630494834,0,0,False,0.0308,3.0
ton->unsw,42,stat_13x13_adaptive,2,0.105,0.8630632174180313,2,64,False,0.0308,3.0
ton->unsw,42,statico,3,0.158,0.8315550358150847,0,0,False,0.0323,3.0
ton->unsw,42,ogni_batch,3,0.158,0.7869648113806531,3,96,False,0.0323,3.0
ton->unsw,42,su_innesco,3,0.158,0.8315550358150847,0,0,False,0.0323,3.0
ton->unsw,42,oracolo,3,0.158,0.826166863049349,3,96,False,0.0323,3.0
ton->unsw,42,stat_13x13,3,0.158,0.8176148077546388,3,96,False,0.0323,3.0
ton->unsw,42,martingala,3,0.158,0.8315550358150847,0,0,False,0.0323,3.0
ton->unsw,42,stat_13x13_adaptive,3,0.158,0.8010426799861556,3,96,False,0.0323,3.0
ton->unsw,42,statico,4,0.211,0.7885246641376258,0,0,False,0.03135,3.0
ton->unsw,42,ogni_batch,4,0.211,0.7830116169393662,4,128,False,0.03135,3.0
ton->unsw,42,su_innesco,4,0.211,0.7885246641376258,0,0,False,0.03135,3.0
ton->unsw,42,oracolo,4,0.211,0.7887734267010194,4,128,False,0.03135,3.0
ton->unsw,42,stat_13x13,4,0.211,0.7711814488309618,4,128,False,0.03135,3.0
ton->unsw,42,martingala,4,0.211,0.7885246641376258,0,0,False,0.03135,3.0
ton->unsw,42,stat_13x13_adaptive,4,0.211,0.7414701533197263,4,128,False,0.03135,3.0
ton->unsw,42,statico,5,0.263,0.7450666394978473,0,0,False,0.0336,3.0
ton->unsw,42,ogni_batch,5,0.263,0.7457197726015359,5,160,False,0.0336,3.0
ton->unsw,42,su_innesco,5,0.263,0.7450666394978473,0,0,False,0.0336,3.0
ton->unsw,42,oracolo,5,0.263,0.7270202186931274,5,160,False,0.0336,3.0
ton->unsw,42,stat_13x13,5,0.263,0.7198064935685857,5,160,False,0.0336,3.0
ton->unsw,42,martingala,5,0.263,0.7450666394978473,0,0,False,0.0336,3.0
ton->unsw,42,stat_13x13_adaptive,5,0.263,0.7260299762869606,5,160,False,0.0336,3.0
ton->unsw,42,statico,6,0.316,0.6996587682489623,0,0,False,0.0329,3.0
ton->unsw,42,ogni_batch,6,0.316,0.721917644074089,6,192,False,0.0329,3.0
ton->unsw,42,su_innesco,6,0.316,0.6996587682489623,0,0,False,0.0329,3.0
ton->unsw,42,oracolo,6,0.316,0.691446339362823,6,192,False,0.0329,3.0
ton->unsw,42,stat_13x13,6,0.316,0.6998583461767716,6,192,False,0.0329,3.0
ton->unsw,42,martingala,6,0.316,0.6996587682489623,0,0,False,0.0329,3.0
ton->unsw,42,stat_13x13_adaptive,6,0.316,0.622505820115872,6,192,False,0.0329,3.0
ton->unsw,42,statico,7,0.368,0.663139006136711,0,0,False,0.03515,3.0
ton->unsw,42,ogni_batch,7,0.368,0.6827923501644201,7,224,False,0.03515,3.0
ton->unsw,42,su_innesco,7,0.368,0.663139006136711,0,0,False,0.03515,3.0
ton->unsw,42,oracolo,7,0.368,0.66324149610776,7,224,False,0.03515,3.0
ton->unsw,42,stat_13x13,7,0.368,0.6266939589992538,7,224,False,0.03515,3.0
ton->unsw,42,martingala,7,0.368,0.663139006136711,0,0,False,0.03515,3.0
ton->unsw,42,stat_13x13_adaptive,7,0.368,0.659935748501902,7,224,False,0.03515,3.0
ton->unsw,42,statico,8,0.421,0.6238454007985258,0,0,False,0.0364,3.0
ton->unsw,42,ogni_batch,8,0.421,0.6502351428132678,8,256,False,0.0364,3.0
ton->unsw,42,su_innesco,8,0.421,0.6238454007985258,0,0,False,0.0364,3.0
ton->unsw,42,oracolo,8,0.421,0.6328422527641278,8,256,False,0.0364,3.0
ton->unsw,42,stat_13x13,8,0.421,0.6374433737714988,8,256,False,0.0364,3.0
ton->unsw,42,martingala,8,0.421,0.6238454007985258,0,0,False,0.0364,3.0
ton->unsw,42,stat_13x13_adaptive,8,0.421,0.6524128531941031,8,256,False,0.0364,3.0
ton->unsw,42,statico,9,0.474,0.5834703528475881,0,0,False,0.03565,3.0
ton->unsw,42,ogni_batch,9,0.474,0.6149735641931766,9,288,False,0.03565,3.0
ton->unsw,42,su_innesco,9,0.474,0.5834703528475881,0,0,False,0.03565,3.0
ton->unsw,42,oracolo,9,0.474,0.598341688776145,9,288,False,0.03565,3.0
ton->unsw,42,stat_13x13,9,0.474,0.6125328966293248,9,288,False,0.03565,3.0
ton->unsw,42,martingala,9,0.474,0.5834703528475881,0,0,False,0.03565,3.0
ton->unsw,42,stat_13x13_adaptive,9,0.474,0.6239831885776519,9,288,False,0.03565,3.0
ton->unsw,42,statico,10,0.526,0.5472300697128277,0,0,False,0.0383,3.0
ton->unsw,42,ogni_batch,10,0.526,0.5863961808431661,10,320,False,0.0383,3.0
ton->unsw,42,su_innesco,10,0.526,0.5472300697128277,0,0,False,0.0383,3.0
ton->unsw,42,oracolo,10,0.526,0.5594740384315303,10,320,False,0.0383,3.0
ton->unsw,42,stat_13x13,10,0.526,0.5847644821758475,10,320,False,0.0383,3.0
ton->unsw,42,martingala,10,0.526,0.5472300697128277,0,0,False,0.0383,3.0
ton->unsw,42,stat_13x13_adaptive,10,0.526,0.5975426324759754,10,320,False,0.0383,3.0
ton->unsw,42,statico,11,0.579,0.5071051204925772,0,0,False,0.0359,3.0
ton->unsw,42,ogni_batch,11,0.579,0.6097799096041435,11,352,False,0.0359,3.0
ton->unsw,42,su_innesco,11,0.579,0.5071051204925772,0,0,False,0.0359,3.0
ton->unsw,42,oracolo,11,0.579,0.6228798914770823,11,352,False,0.0359,3.0
ton->unsw,42,stat_13x13,11,0.579,0.6177230559194582,11,352,False,0.0359,3.0
ton->unsw,42,martingala,11,0.579,0.5071051204925772,0,0,False,0.0359,3.0
ton->unsw,42,stat_13x13_adaptive,11,0.579,0.6767171461982091,11,352,False,0.0359,3.0
ton->unsw,42,statico,12,0.632,0.47220461351247245,0,0,False,0.03665,3.0
ton->unsw,42,ogni_batch,12,0.632,0.6416480924862245,12,384,False,0.03665,3.0
ton->unsw,42,su_innesco,12,0.632,0.47220461351247245,0,0,False,0.03665,3.0
ton->unsw,42,oracolo,12,0.632,0.6067741147759826,12,384,False,0.03665,3.0
ton->unsw,42,stat_13x13,12,0.632,0.5993809889049078,12,384,False,0.03665,3.0
ton->unsw,42,martingala,12,0.632,0.47220461351247245,0,0,False,0.03665,3.0
ton->unsw,42,stat_13x13_adaptive,12,0.632,0.6409098883989277,12,384,False,0.03665,3.0
ton->unsw,42,statico,13,0.684,0.43458780834652655,0,0,False,0.03685,3.0
ton->unsw,42,ogni_batch,13,0.684,0.5791848648531341,13,416,False,0.03685,3.0
ton->unsw,42,su_innesco,13,0.684,0.43458780834652655,0,0,False,0.03685,3.0
ton->unsw,42,oracolo,13,0.684,0.6017244733378818,13,416,False,0.03685,3.0
ton->unsw,42,stat_13x13,13,0.684,0.5845596509773627,13,416,False,0.03685,3.0
ton->unsw,42,martingala,13,0.684,0.43458780834652655,0,0,False,0.03685,3.0
ton->unsw,42,stat_13x13_adaptive,13,0.684,0.6042939137368374,13,416,False,0.03685,3.0
ton->unsw,42,statico,14,0.737,0.39919001514681574,0,0,False,0.03725,3.0
ton->unsw,42,ogni_batch,14,0.737,0.5567479874842188,14,448,False,0.03725,3.0
ton->unsw,42,su_innesco,14,0.737,0.39919001514681574,0,0,False,0.03725,3.0
ton->unsw,42,oracolo,14,0.737,0.6131224368870668,14,448,False,0.03725,3.0
ton->unsw,42,stat_13x13,14,0.737,0.5644440204179861,14,448,False,0.03725,3.0
ton->unsw,42,martingala,14,0.737,0.39919001514681574,0,0,False,0.03725,3.0
ton->unsw,42,stat_13x13_adaptive,14,0.737,0.6097530644949349,14,448,False,0.03725,3.0
ton->unsw,42,statico,15,0.789,0.3631040997265722,0,0,False,0.0393,3.0
ton->unsw,42,ogni_batch,15,0.789,0.7070644306987959,15,480,False,0.0393,3.0
ton->unsw,42,su_innesco,15,0.789,0.3631040997265722,0,0,False,0.0393,3.0
ton->unsw,42,oracolo,15,0.789,0.5904048816459331,15,480,False,0.0393,3.0
ton->unsw,42,stat_13x13,15,0.789,0.5671433966356076,15,480,False,0.0393,3.0
ton->unsw,42,martingala,15,0.789,0.3631040997265722,0,0,False,0.0393,3.0
ton->unsw,42,stat_13x13_adaptive,15,0.789,0.6076070618116223,15,480,False,0.0393,3.0
ton->unsw,42,statico,16,0.842,0.3323198419059963,0,0,False,0.037,3.0
ton->unsw,42,ogni_batch,16,0.842,0.7033992911067148,16,512,False,0.037,3.0
ton->unsw,42,su_innesco,16,0.842,0.3323198419059963,0,0,False,0.037,3.0
ton->unsw,42,oracolo,16,0.842,0.707423944618778,16,512,False,0.037,3.0
ton->unsw,42,stat_13x13,16,0.842,0.559771478556973,16,512,False,0.037,3.0
ton->unsw,42,martingala,16,0.842,0.3323198419059963,0,0,False,0.037,3.0
ton->unsw,42,stat_13x13_adaptive,16,0.842,0.5752056828001001,16,512,False,0.037,3.0
ton->unsw,42,statico,17,0.895,0.29306746298271724,0,0,False,0.0383,3.0
ton->unsw,42,ogni_batch,17,0.895,0.6639371770727702,17,544,False,0.0383,3.0
ton->unsw,42,su_innesco,17,0.895,0.29306746298271724,0,0,False,0.0383,3.0
ton->unsw,42,oracolo,17,0.895,0.7160883059188143,17,544,False,0.0383,3.0
ton->unsw,42,stat_13x13,17,0.895,0.5483824555858454,17,544,False,0.0383,3.0
ton->unsw,42,martingala,17,0.895,0.29306746298271724,0,0,False,0.0383,3.0
ton->unsw,42,stat_13x13_adaptive,17,0.895,0.5442295620261722,17,544,False,0.0383,3.0
ton->unsw,42,statico,18,0.947,0.25897785438506604,0,0,False,0.0394,3.0
ton->unsw,42,ogni_batch,18,0.947,0.7153702653252628,18,576,False,0.0394,3.0
ton->unsw,42,su_innesco,18,0.947,0.25897785438506604,0,0,False,0.0394,3.0
ton->unsw,42,oracolo,18,0.947,0.7258317876088032,18,576,False,0.0394,3.0
ton->unsw,42,stat_13x13,18,0.947,0.5545480637696135,18,576,False,0.0394,3.0
ton->unsw,42,martingala,18,0.947,0.25897785438506604,0,0,False,0.0394,3.0
ton->unsw,42,stat_13x13_adaptive,18,0.947,0.6051330618952188,18,576,False,0.0394,3.0
ton->unsw,42,statico,19,1.0,0.2263780924884308,0,0,False,0.0403,3.0
ton->unsw,42,ogni_batch,19,1.0,0.7318117416536731,19,608,False,0.0403,3.0
ton->unsw,42,su_innesco,19,1.0,0.2263780924884308,0,0,False,0.0403,3.0
ton->unsw,42,oracolo,19,1.0,0.7241559358165528,19,608,False,0.0403,3.0
ton->unsw,42,stat_13x13,19,1.0,0.5395996745597906,19,608,False,0.0403,3.0
ton->unsw,42,martingala,19,1.0,0.2263780924884308,0,0,False,0.0403,3.0
ton->unsw,42,stat_13x13_adaptive,19,1.0,0.5882926696947476,19,608,False,0.0403,3.0
ton->unsw,43,statico,0,0.0,0.9697423204191434,0,0,False,0.03015,3.0
ton->unsw,43,ogni_batch,0,0.0,0.9697423204191434,0,0,False,0.03015,3.0
ton->unsw,43,su_innesco,0,0.0,0.9697423204191434,0,0,False,0.03015,3.0
ton->unsw,43,oracolo,0,0.0,0.9697423204191434,0,0,False,0.03015,3.0
ton->unsw,43,stat_13x13,0,0.0,0.9697423204191434,0,0,False,0.03015,3.0
ton->unsw,43,martingala,0,0.0,0.9697423204191434,0,0,False,0.03015,3.0
ton->unsw,43,stat_13x13_adaptive,0,0.0,0.9697423204191434,0,0,False,0.03015,3.0
ton->unsw,43,statico,1,0.053,0.9232948861896499,0,0,False,0.03225,3.0
ton->unsw,43,ogni_batch,1,0.053,0.9076370317444116,1,32,False,0.03225,3.0
ton->unsw,43,su_innesco,1,0.053,0.9232948861896499,0,0,False,0.03225,3.0
ton->unsw,43,oracolo,1,0.053,0.9094610595080126,1,32,False,0.03225,3.0
ton->unsw,43,stat_13x13,1,0.053,0.9059263039706033,1,32,False,0.03225,3.0
ton->unsw,43,martingala,1,0.053,0.9232948861896499,0,0,False,0.03225,3.0
ton->unsw,43,stat_13x13_adaptive,1,0.053,0.9064005988227688,1,32,False,0.03225,3.0
ton->unsw,43,statico,2,0.105,0.8754319899534269,0,0,False,0.0321,3.0
ton->unsw,43,ogni_batch,2,0.105,0.8751244350738518,2,64,False,0.0321,3.0
ton->unsw,43,su_innesco,2,0.105,0.8754319899534269,0,0,False,0.0321,3.0
ton->unsw,43,oracolo,2,0.105,0.869166130523167,2,64,False,0.0321,3.0
ton->unsw,43,stat_13x13,2,0.105,0.8629234763212639,2,64,False,0.0321,3.0
ton->unsw,43,martingala,2,0.105,0.8754319899534269,0,0,False,0.0321,3.0
ton->unsw,43,stat_13x13_adaptive,2,0.105,0.862406587103024,2,64,False,0.0321,3.0
ton->unsw,43,statico,3,0.158,0.8327393110747585,0,0,False,0.035,3.0
ton->unsw,43,ogni_batch,3,0.158,0.8357352601751369,3,96,False,0.035,3.0
ton->unsw,43,su_innesco,3,0.158,0.8327393110747585,0,0,False,0.035,3.0
ton->unsw,43,oracolo,3,0.158,0.8258513551064437,3,96,False,0.035,3.0
ton->unsw,43,stat_13x13,3,0.158,0.8464161151694041,3,96,False,0.035,3.0
ton->unsw,43,martingala,3,0.158,0.8327393110747585,0,0,False,0.035,3.0
ton->unsw,43,stat_13x13_adaptive,3,0.158,0.8262706695300945,3,96,False,0.035,3.0
ton->unsw,43,statico,4,0.211,0.7881272709721494,0,0,False,0.0296,3.0
ton->unsw,43,ogni_batch,4,0.211,0.7907195000808558,4,128,False,0.0296,3.0
ton->unsw,43,su_innesco,4,0.211,0.7881272709721494,0,0,False,0.0296,3.0
ton->unsw,43,oracolo,4,0.211,0.7854712030005709,4,128,False,0.0296,3.0
ton->unsw,43,stat_13x13,4,0.211,0.831467052133765,4,128,False,0.0296,3.0
ton->unsw,43,martingala,4,0.211,0.7881272709721494,0,0,False,0.0296,3.0
ton->unsw,43,stat_13x13_adaptive,4,0.211,0.8383196744981172,4,128,False,0.0296,3.0
ton->unsw,43,statico,5,0.263,0.7504737403894577,0,0,False,0.0334,3.0
ton->unsw,43,ogni_batch,5,0.263,0.7514069752196634,5,160,False,0.0334,3.0
ton->unsw,43,su_innesco,5,0.263,0.7504737403894577,0,0,False,0.0334,3.0
ton->unsw,43,oracolo,5,0.263,0.7522880027245393,5,160,False,0.0334,3.0
ton->unsw,43,stat_13x13,5,0.263,0.7586060135674075,5,160,False,0.0334,3.0
ton->unsw,43,martingala,5,0.263,0.7504737403894577,0,0,False,0.0334,3.0
ton->unsw,43,stat_13x13_adaptive,5,0.263,0.7843685181816119,5,160,False,0.0334,3.0
ton->unsw,43,statico,6,0.316,0.7120050350876034,0,0,False,0.0342,3.0
ton->unsw,43,ogni_batch,6,0.316,0.719578969787672,6,192,False,0.0342,3.0
ton->unsw,43,su_innesco,6,0.316,0.7120050350876034,0,0,False,0.0342,3.0
ton->unsw,43,oracolo,6,0.316,0.7398345732802308,6,192,False,0.0342,3.0
ton->unsw,43,stat_13x13,6,0.316,0.7068055291037556,6,192,False,0.0342,3.0
ton->unsw,43,martingala,6,0.316,0.7120050350876034,0,0,False,0.0342,3.0
ton->unsw,43,stat_13x13_adaptive,6,0.316,0.7106529142006413,6,192,False,0.0342,3.0
ton->unsw,43,statico,7,0.368,0.6732044679338075,0,0,False,0.0355,3.0
ton->unsw,43,ogni_batch,7,0.368,0.6787727593567257,7,224,False,0.0355,3.0
ton->unsw,43,su_innesco,7,0.368,0.6732044679338075,0,0,False,0.0355,3.0
ton->unsw,43,oracolo,7,0.368,0.702176444733116,7,224,False,0.0355,3.0
ton->unsw,43,stat_13x13,7,0.368,0.7448196075667814,7,224,False,0.0355,3.0
ton->unsw,43,martingala,7,0.368,0.6732044679338075,0,0,False,0.0355,3.0
ton->unsw,43,stat_13x13_adaptive,7,0.368,0.7408699361681943,7,224,False,0.0355,3.0
ton->unsw,43,statico,8,0.421,0.6262109537651679,0,0,False,0.03495,3.0
ton->unsw,43,ogni_batch,8,0.421,0.6590918773160983,8,256,False,0.03495,3.0
ton->unsw,43,su_innesco,8,0.421,0.6262109537651679,0,0,False,0.03495,3.0
ton->unsw,43,oracolo,8,0.421,0.6636592304644042,8,256,False,0.03495,3.0
ton->unsw,43,stat_13x13,8,0.421,0.7078779414782248,8,256,False,0.03495,3.0
ton->unsw,43,martingala,8,0.421,0.6262109537651679,0,0,False,0.03495,3.0
ton->unsw,43,stat_13x13_adaptive,8,0.421,0.7050999902340696,8,256,False,0.03495,3.0
ton->unsw,43,statico,9,0.474,0.5936650966834971,0,0,False,0.03625,3.0
ton->unsw,43,ogni_batch,9,0.474,0.6119326496157518,9,288,False,0.03625,3.0
ton->unsw,43,su_innesco,9,0.474,0.5936650966834971,0,0,False,0.03625,3.0
ton->unsw,43,oracolo,9,0.474,0.6378723129010373,9,288,False,0.03625,3.0
ton->unsw,43,stat_13x13,9,0.474,0.6396445244803703,9,288,False,0.03625,3.0
ton->unsw,43,martingala,9,0.474,0.5936650966834971,0,0,False,0.03625,3.0
ton->unsw,43,stat_13x13_adaptive,9,0.474,0.6456806334731593,9,288,False,0.03625,3.0
ton->unsw,43,statico,10,0.526,0.5585973106132334,0,0,False,0.03805,3.0
ton->unsw,43,ogni_batch,10,0.526,0.6187421418414525,10,320,False,0.03805,3.0
ton->unsw,43,su_innesco,10,0.526,0.5585973106132334,0,0,False,0.03805,3.0
ton->unsw,43,oracolo,10,0.526,0.6060107782473234,10,320,False,0.03805,3.0
ton->unsw,43,stat_13x13,10,0.526,0.6253871594895974,10,320,False,0.03805,3.0
ton->unsw,43,martingala,10,0.526,0.5585973106132334,0,0,False,0.03805,3.0
ton->unsw,43,stat_13x13_adaptive,10,0.526,0.6391736481026921,10,320,False,0.03805,3.0
ton->unsw,43,statico,11,0.579,0.5214015637363418,0,0,False,0.0391,3.0
ton->unsw,43,ogni_batch,11,0.579,0.6239959011200278,11,352,False,0.0391,3.0
ton->unsw,43,su_innesco,11,0.579,0.5214015637363418,0,0,False,0.0391,3.0
ton->unsw,43,oracolo,11,0.579,0.590709547779654,11,352,False,0.0391,3.0
ton->unsw,43,stat_13x13,11,0.579,0.6273908418306942,11,352,False,0.0391,3.0
ton->unsw,43,martingala,11,0.579,0.5214015637363418,0,0,False,0.0391,3.0
ton->unsw,43,stat_13x13_adaptive,11,0.579,0.6183123219978859,11,352,False,0.0391,3.0
ton->unsw,43,statico,12,0.632,0.4803999357775314,0,0,False,0.03655,3.0
ton->unsw,43,ogni_batch,12,0.632,0.7282494121618408,12,384,False,0.03655,3.0
ton->unsw,43,su_innesco,12,0.632,0.4803999357775314,0,0,False,0.03655,3.0
ton->unsw,43,oracolo,12,0.632,0.5627624709146835,12,384,False,0.03655,3.0
ton->unsw,43,stat_13x13,12,0.632,0.6185960860852415,12,384,False,0.03655,3.0
ton->unsw,43,martingala,12,0.632,0.4803999357775314,0,0,False,0.03655,3.0
ton->unsw,43,stat_13x13_adaptive,12,0.632,0.6157520753476302,12,384,False,0.03655,3.0
ton->unsw,43,statico,13,0.684,0.44581798285551255,0,0,False,0.03665,3.0
ton->unsw,43,ogni_batch,13,0.684,0.7429964731575047,13,416,False,0.03665,3.0
ton->unsw,43,su_innesco,13,0.684,0.44581798285551255,0,0,False,0.03665,3.0
ton->unsw,43,oracolo,13,0.684,0.5964558202506107,13,416,False,0.03665,3.0
ton->unsw,43,stat_13x13,13,0.684,0.6316999219132562,13,416,False,0.03665,3.0
ton->unsw,43,martingala,13,0.684,0.44581798285551255,0,0,False,0.03665,3.0
ton->unsw,43,stat_13x13_adaptive,13,0.684,0.6096682325130085,13,416,False,0.03665,3.0
ton->unsw,43,statico,14,0.737,0.4104914132045439,0,0,False,0.04045,3.0
ton->unsw,43,ogni_batch,14,0.737,0.7334840904760633,14,448,False,0.04045,3.0
ton->unsw,43,su_innesco,14,0.737,0.4104914132045439,0,0,False,0.04045,3.0
ton->unsw,43,oracolo,14,0.737,0.6042725367157964,14,448,False,0.04045,3.0
ton->unsw,43,stat_13x13,14,0.737,0.6303353330284682,14,448,False,0.04045,3.0
ton->unsw,43,martingala,14,0.737,0.4104914132045439,0,0,False,0.04045,3.0
ton->unsw,43,stat_13x13_adaptive,14,0.737,0.5968629702296471,14,448,False,0.04045,3.0
ton->unsw,43,statico,15,0.789,0.37648282860518706,0,0,False,0.0412,3.0
ton->unsw,43,ogni_batch,15,0.789,0.7083842285823223,15,480,False,0.0412,3.0
ton->unsw,43,su_innesco,15,0.789,0.37648282860518706,0,0,False,0.0412,3.0
ton->unsw,43,oracolo,15,0.789,0.7063322247437549,15,480,False,0.0412,3.0
ton->unsw,43,stat_13x13,15,0.789,0.6301387822173767,15,480,False,0.0412,3.0
ton->unsw,43,martingala,15,0.789,0.37648282860518706,0,0,False,0.0412,3.0
ton->unsw,43,stat_13x13_adaptive,15,0.789,0.5868803350669775,15,480,False,0.0412,3.0
ton->unsw,43,statico,16,0.842,0.339064492247265,0,0,False,0.04095,3.0
ton->unsw,43,ogni_batch,16,0.842,0.718089494951133,16,512,False,0.04095,3.0
ton->unsw,43,su_innesco,16,0.842,0.339064492247265,0,0,False,0.04095,3.0
ton->unsw,43,oracolo,16,0.842,0.7035926197629644,16,512,False,0.04095,3.0
ton->unsw,43,stat_13x13,16,0.842,0.6536776880357973,16,512,False,0.04095,3.0
ton->unsw,43,martingala,16,0.842,0.339064492247265,0,0,False,0.04095,3.0
ton->unsw,43,stat_13x13_adaptive,16,0.842,0.5622369045614131,16,512,False,0.04095,3.0
ton->unsw,43,statico,17,0.895,0.3024401537463761,0,0,False,0.04065,3.0
ton->unsw,43,ogni_batch,17,0.895,0.7342042089864368,17,544,False,0.04065,3.0
ton->unsw,43,su_innesco,17,0.895,0.3024401537463761,0,0,False,0.04065,3.0
ton->unsw,43,oracolo,17,0.895,0.7126497836918055,17,544,False,0.04065,3.0
ton->unsw,43,stat_13x13,17,0.895,0.6656562551863241,17,544,False,0.04065,3.0
ton->unsw,43,martingala,17,0.895,0.3024401537463761,0,0,False,0.04065,3.0
ton->unsw,43,stat_13x13_adaptive,17,0.895,0.6483677994302596,17,544,False,0.04065,3.0
ton->unsw,43,statico,18,0.947,0.27170395502082434,0,0,False,0.042,3.0
ton->unsw,43,ogni_batch,18,0.947,0.7561049176375423,18,576,False,0.042,3.0
ton->unsw,43,su_innesco,18,0.947,0.27170395502082434,0,0,False,0.042,3.0
ton->unsw,43,oracolo,18,0.947,0.7206676640924686,18,576,False,0.042,3.0
ton->unsw,43,stat_13x13,18,0.947,0.6670089855929658,18,576,False,0.042,3.0
ton->unsw,43,martingala,18,0.947,0.27170395502082434,0,0,False,0.042,3.0
ton->unsw,43,stat_13x13_adaptive,18,0.947,0.6135838476320277,18,576,False,0.042,3.0
ton->unsw,43,statico,19,1.0,0.23591538216683172,0,0,False,0.04235,3.0
ton->unsw,43,ogni_batch,19,1.0,0.7596828873715281,19,608,False,0.04235,3.0
ton->unsw,43,su_innesco,19,1.0,0.23591538216683172,0,0,False,0.04235,3.0
ton->unsw,43,oracolo,19,1.0,0.737585613838344,19,608,False,0.04235,3.0
ton->unsw,43,stat_13x13,19,1.0,0.6776965638710981,19,608,False,0.04235,3.0
ton->unsw,43,martingala,19,1.0,0.23591538216683172,0,0,False,0.04235,3.0
ton->unsw,43,stat_13x13_adaptive,19,1.0,0.6698106293204527,19,608,False,0.04235,3.0
ton->unsw,44,statico,0,0.0,0.9699993863309957,0,0,False,0.03155,3.0
ton->unsw,44,ogni_batch,0,0.0,0.9699993863309957,0,0,False,0.03155,3.0
ton->unsw,44,su_innesco,0,0.0,0.9699993863309957,0,0,False,0.03155,3.0
ton->unsw,44,oracolo,0,0.0,0.9699993863309957,0,0,False,0.03155,3.0
ton->unsw,44,stat_13x13,0,0.0,0.9699993863309957,0,0,False,0.03155,3.0
ton->unsw,44,martingala,0,0.0,0.9699993863309957,0,0,False,0.03155,3.0
ton->unsw,44,stat_13x13_adaptive,0,0.0,0.9699993863309957,0,0,False,0.03155,3.0
ton->unsw,44,statico,1,0.053,0.9199764490468967,0,0,False,0.03255,3.0
ton->unsw,44,ogni_batch,1,0.053,0.9164392614680203,1,32,False,0.03255,3.0
ton->unsw,44,su_innesco,1,0.053,0.9199764490468967,0,0,False,0.03255,3.0
ton->unsw,44,oracolo,1,0.053,0.9095398470811515,1,32,False,0.03255,3.0
ton->unsw,44,stat_13x13,1,0.053,0.8882122091887181,1,32,False,0.03255,3.0
ton->unsw,44,martingala,1,0.053,0.9199764490468967,0,0,False,0.03255,3.0
ton->unsw,44,stat_13x13_adaptive,1,0.053,0.8998241275687212,1,32,False,0.03255,3.0
ton->unsw,44,statico,2,0.105,0.876724869042304,0,0,False,0.03255,3.0
ton->unsw,44,ogni_batch,2,0.105,0.8693607893976059,2,64,False,0.03255,3.0
ton->unsw,44,su_innesco,2,0.105,0.876724869042304,0,0,False,0.03255,3.0
ton->unsw,44,oracolo,2,0.105,0.8658904539937868,2,64,False,0.03255,3.0
ton->unsw,44,stat_13x13,2,0.105,0.8526451560064994,2,64,False,0.03255,3.0
ton->unsw,44,martingala,2,0.105,0.876724869042304,0,0,False,0.03255,3.0
ton->unsw,44,stat_13x13_adaptive,2,0.105,0.8649868471830158,2,64,False,0.03255,3.0
ton->unsw,44,statico,3,0.158,0.8353775551143973,0,0,False,0.03225,3.0
ton->unsw,44,ogni_batch,3,0.158,0.8321422058264163,3,96,False,0.03225,3.0
ton->unsw,44,su_innesco,3,0.158,0.8353775551143973,0,0,False,0.03225,3.0
ton->unsw,44,oracolo,3,0.158,0.8352876734455682,3,96,False,0.03225,3.0
ton->unsw,44,stat_13x13,3,0.158,0.7947877750509329,3,96,False,0.03225,3.0
ton->unsw,44,martingala,3,0.158,0.8353775551143973,0,0,False,0.03225,3.0
ton->unsw,44,stat_13x13_adaptive,3,0.158,0.7787121129226393,3,96,False,0.03225,3.0
ton->unsw,44,statico,4,0.211,0.7891220562246112,0,0,False,0.0342,3.0
ton->unsw,44,ogni_batch,4,0.211,0.7892040377303728,4,128,False,0.0342,3.0
ton->unsw,44,su_innesco,4,0.211,0.7891220562246112,0,0,False,0.0342,3.0
ton->unsw,44,oracolo,4,0.211,0.7873874774172032,4,128,False,0.0342,3.0
ton->unsw,44,stat_13x13,4,0.211,0.7637631466217113,4,128,False,0.0342,3.0
ton->unsw,44,martingala,4,0.211,0.7891220562246112,0,0,False,0.0342,3.0
ton->unsw,44,stat_13x13_adaptive,4,0.211,0.7543866263545148,4,128,False,0.0342,3.0
ton->unsw,44,statico,5,0.263,0.7466153391404862,0,0,False,0.03585,3.0
ton->unsw,44,ogni_batch,5,0.263,0.7426932695764961,5,160,False,0.03585,3.0
ton->unsw,44,su_innesco,5,0.263,0.7466153391404862,0,0,False,0.03585,3.0
ton->unsw,44,oracolo,5,0.263,0.746530737001105,5,160,False,0.03585,3.0
ton->unsw,44,stat_13x13,5,0.263,0.7381097195259745,5,160,False,0.03585,3.0
ton->unsw,44,martingala,5,0.263,0.7466153391404862,0,0,False,0.03585,3.0
ton->unsw,44,stat_13x13_adaptive,5,0.263,0.7190369314627926,5,160,False,0.03585,3.0
ton->unsw,44,statico,6,0.316,0.7067292641722371,0,0,False,0.0353,3.0
ton->unsw,44,ogni_batch,6,0.316,0.7062926930792892,6,192,False,0.0353,3.0
ton->unsw,44,su_innesco,6,0.316,0.7067292641722371,0,0,False,0.0353,3.0
ton->unsw,44,oracolo,6,0.316,0.716094591509927,6,192,False,0.0353,3.0
ton->unsw,44,stat_13x13,6,0.316,0.6751748519037944,6,192,False,0.0353,3.0
ton->unsw,44,martingala,6,0.316,0.7067292641722371,0,0,False,0.0353,3.0
ton->unsw,44,stat_13x13_adaptive,6,0.316,0.6622754078153841,6,192,False,0.0353,3.0
ton->unsw,44,statico,7,0.368,0.6634217578372654,0,0,False,0.03625,3.0
ton->unsw,44,ogni_batch,7,0.368,0.659175039340012,7,224,False,0.03625,3.0
ton->unsw,44,su_innesco,7,0.368,0.6634217578372654,0,0,False,0.03625,3.0
ton->unsw,44,oracolo,7,0.368,0.669496993342513,7,224,False,0.03625,3.0
ton->unsw,44,stat_13x13,7,0.368,0.6640899163544209,7,224,False,0.03625,3.0
ton->unsw,44,martingala,7,0.368,0.6634217578372654,0,0,False,0.03625,3.0
ton->unsw,44,stat_13x13_adaptive,7,0.368,0.6380962357727342,7,224,False,0.03625,3.0
ton->unsw,44,statico,8,0.421,0.6269150666346118,0,0,False,0.034,3.0
ton->unsw,44,ogni_batch,8,0.421,0.6514125202045622,8,256,False,0.034,3.0
ton->unsw,44,su_innesco,8,0.421,0.6269150666346118,0,0,False,0.034,3.0
ton->unsw,44,oracolo,8,0.421,0.6379451779859473,8,256,False,0.034,3.0
ton->unsw,44,stat_13x13,8,0.421,0.7045350320403987,8,256,False,0.034,3.0
ton->unsw,44,martingala,8,0.421,0.6269150666346118,0,0,False,0.034,3.0
ton->unsw,44,stat_13x13_adaptive,8,0.421,0.6665551076405267,8,256,False,0.034,3.0
ton->unsw,44,statico,9,0.474,0.5885454511777606,0,0,False,0.03735,3.0
ton->unsw,44,ogni_batch,9,0.474,0.6202964861907908,9,288,False,0.03735,3.0
ton->unsw,44,su_innesco,9,0.474,0.5885454511777606,0,0,False,0.03735,3.0
ton->unsw,44,oracolo,9,0.474,0.607638260026147,9,288,False,0.03735,3.0
ton->unsw,44,stat_13x13,9,0.474,0.6808900688899605,9,288,False,0.03735,3.0
ton->unsw,44,martingala,9,0.474,0.5885454511777606,0,0,False,0.03735,3.0
ton->unsw,44,stat_13x13_adaptive,9,0.474,0.6758890675725546,9,288,False,0.03735,3.0
ton->unsw,44,statico,10,0.526,0.5487639908033745,0,0,False,0.03965,3.0
ton->unsw,44,ogni_batch,10,0.526,0.5966149800866565,10,320,False,0.03965,3.0
ton->unsw,44,su_innesco,10,0.526,0.5487639908033745,0,0,False,0.03965,3.0
ton->unsw,44,oracolo,10,0.526,0.6031605946116521,10,320,False,0.03965,3.0
ton->unsw,44,stat_13x13,10,0.526,0.6758223894521302,10,320,False,0.03965,3.0
ton->unsw,44,martingala,10,0.526,0.5487639908033745,0,0,False,0.03965,3.0
ton->unsw,44,stat_13x13_adaptive,10,0.526,0.6777524652044498,10,320,False,0.03965,3.0
ton->unsw,44,statico,11,0.579,0.5131544092388437,0,0,False,0.0359,3.0
ton->unsw,44,ogni_batch,11,0.579,0.5612681925443769,11,352,False,0.0359,3.0
ton->unsw,44,su_innesco,11,0.579,0.5131544092388437,0,0,False,0.0359,3.0
ton->unsw,44,oracolo,11,0.579,0.5882610943680876,11,352,False,0.0359,3.0
ton->unsw,44,stat_13x13,11,0.579,0.6253876373921492,11,352,False,0.0359,3.0
ton->unsw,44,martingala,11,0.579,0.5131544092388437,0,0,False,0.0359,3.0
ton->unsw,44,stat_13x13_adaptive,11,0.579,0.6563175303587807,11,352,False,0.0359,3.0
ton->unsw,44,statico,12,0.632,0.4724257988837328,0,0,False,0.0375,3.0
ton->unsw,44,ogni_batch,12,0.632,0.5832800269110965,12,384,False,0.0375,3.0
ton->unsw,44,su_innesco,12,0.632,0.4724257988837328,0,0,False,0.0375,3.0
ton->unsw,44,oracolo,12,0.632,0.5408972565346288,12,384,False,0.0375,3.0
ton->unsw,44,stat_13x13,12,0.632,0.6333096634410464,12,384,False,0.0375,3.0
ton->unsw,44,martingala,12,0.632,0.4724257988837328,0,0,False,0.0375,3.0
ton->unsw,44,stat_13x13_adaptive,12,0.632,0.6298546446572569,12,384,False,0.0375,3.0
ton->unsw,44,statico,13,0.684,0.44083657646567775,0,0,False,0.03535,3.0
ton->unsw,44,ogni_batch,13,0.684,0.691583413680658,13,416,False,0.03535,3.0
ton->unsw,44,su_innesco,13,0.684,0.44083657646567775,0,0,False,0.03535,3.0
ton->unsw,44,oracolo,13,0.684,0.6382277037087936,13,416,False,0.03535,3.0
ton->unsw,44,stat_13x13,13,0.684,0.6023675475267523,13,416,False,0.03535,3.0
ton->unsw,44,martingala,13,0.684,0.44083657646567775,0,0,False,0.03535,3.0
ton->unsw,44,stat_13x13_adaptive,13,0.684,0.6045604538387259,13,416,False,0.03535,3.0
ton->unsw,44,statico,14,0.737,0.4026416920215438,0,0,False,0.03745,3.0
ton->unsw,44,ogni_batch,14,0.737,0.6685058977886755,14,448,False,0.03745,3.0
ton->unsw,44,su_innesco,14,0.737,0.4026416920215438,0,0,False,0.03745,3.0
ton->unsw,44,oracolo,14,0.737,0.668289032475387,14,448,False,0.03745,3.0
ton->unsw,44,stat_13x13,14,0.737,0.5861515343072814,14,448,False,0.03745,3.0
ton->unsw,44,martingala,14,0.737,0.4026416920215438,0,0,False,0.03745,3.0
ton->unsw,44,stat_13x13_adaptive,14,0.737,0.6467026629365287,14,448,False,0.03745,3.0
ton->unsw,44,statico,15,0.789,0.37629571922133,0,0,False,0.0395,3.0
ton->unsw,44,ogni_batch,15,0.789,0.7274837449366336,15,480,False,0.0395,3.0
ton->unsw,44,su_innesco,15,0.789,0.37629571922133,0,0,False,0.0395,3.0
ton->unsw,44,oracolo,15,0.789,0.648174087846637,15,480,False,0.0395,3.0
ton->unsw,44,stat_13x13,15,0.789,0.5767151770496421,15,480,False,0.0395,3.0
ton->unsw,44,martingala,15,0.789,0.37629571922133,0,0,False,0.0395,3.0
ton->unsw,44,stat_13x13_adaptive,15,0.789,0.5637487259783468,15,480,False,0.0395,3.0
ton->unsw,44,statico,16,0.842,0.334543019911473,0,0,False,0.03905,3.0
ton->unsw,44,ogni_batch,16,0.842,0.7214896730350446,16,512,False,0.03905,3.0
ton->unsw,44,su_innesco,16,0.842,0.334543019911473,0,0,False,0.03905,3.0
ton->unsw,44,oracolo,16,0.842,0.7103646201545105,16,512,False,0.03905,3.0
ton->unsw,44,stat_13x13,16,0.842,0.5741480023224846,16,512,False,0.03905,3.0
ton->unsw,44,martingala,16,0.842,0.334543019911473,0,0,False,0.03905,3.0
ton->unsw,44,stat_13x13_adaptive,16,0.842,0.5878535542816907,16,512,False,0.03905,3.0
ton->unsw,44,statico,17,0.895,0.2970776037345775,0,0,False,0.03725,3.0
ton->unsw,44,ogni_batch,17,0.895,0.7200174045029737,17,544,False,0.03725,3.0
ton->unsw,44,su_innesco,17,0.895,0.2970776037345775,0,0,False,0.03725,3.0
ton->unsw,44,oracolo,17,0.895,0.7196211002008513,17,544,False,0.03725,3.0
ton->unsw,44,stat_13x13,17,0.895,0.5752580541544384,17,544,False,0.03725,3.0
ton->unsw,44,martingala,17,0.895,0.2970776037345775,0,0,False,0.03725,3.0
ton->unsw,44,stat_13x13_adaptive,17,0.895,0.613370598495126,17,544,False,0.03725,3.0
ton->unsw,44,statico,18,0.947,0.2632499365470598,0,0,False,0.0386,3.0
ton->unsw,44,ogni_batch,18,0.947,0.716822693167106,18,576,False,0.0386,3.0
ton->unsw,44,su_innesco,18,0.947,0.2632499365470598,0,0,False,0.0386,3.0
ton->unsw,44,oracolo,18,0.947,0.723084639187656,18,576,False,0.0386,3.0
ton->unsw,44,stat_13x13,18,0.947,0.5457139940009476,18,576,False,0.0386,3.0
ton->unsw,44,martingala,18,0.947,0.2632499365470598,0,0,False,0.0386,3.0
ton->unsw,44,stat_13x13_adaptive,18,0.947,0.6089080915250349,18,576,False,0.0386,3.0
ton->unsw,44,statico,19,1.0,0.23086367218154122,0,0,False,0.03875,3.0
ton->unsw,44,ogni_batch,19,1.0,0.7424531649825361,19,608,False,0.03875,3.0
ton->unsw,44,su_innesco,19,1.0,0.23086367218154122,0,0,False,0.03875,3.0
ton->unsw,44,oracolo,19,1.0,0.7420096307960254,19,608,False,0.03875,3.0
ton->unsw,44,stat_13x13,19,1.0,0.5603660178913327,19,608,False,0.03875,3.0
ton->unsw,44,martingala,19,1.0,0.23086367218154122,0,0,False,0.03875,3.0
ton->unsw,44,stat_13x13_adaptive,19,1.0,0.6384008027738685,19,608,False,0.03875,3.0
ton->unsw,45,statico,0,0.0,0.9705207222398609,0,0,False,0.03315,3.0
ton->unsw,45,ogni_batch,0,0.0,0.9705207222398609,0,0,False,0.03315,3.0
ton->unsw,45,su_innesco,0,0.0,0.9705207222398609,0,0,False,0.03315,3.0
ton->unsw,45,oracolo,0,0.0,0.9705207222398609,0,0,False,0.03315,3.0
ton->unsw,45,stat_13x13,0,0.0,0.9705207222398609,0,0,False,0.03315,3.0
ton->unsw,45,martingala,0,0.0,0.9705207222398609,0,0,False,0.03315,3.0
ton->unsw,45,stat_13x13_adaptive,0,0.0,0.9705207222398609,0,0,False,0.03315,3.0
ton->unsw,45,statico,1,0.053,0.9238992933234021,0,0,False,0.03275,3.0
ton->unsw,45,ogni_batch,1,0.053,0.9102074206792349,1,32,False,0.03275,3.0
ton->unsw,45,su_innesco,1,0.053,0.9238992933234021,0,0,False,0.03275,3.0
ton->unsw,45,oracolo,1,0.053,0.9150673003634814,1,32,False,0.03275,3.0
ton->unsw,45,stat_13x13,1,0.053,0.9204032554291686,1,32,False,0.03275,3.0
ton->unsw,45,martingala,1,0.053,0.9238992933234021,0,0,False,0.03275,3.0
ton->unsw,45,stat_13x13_adaptive,1,0.053,0.9276669984784247,1,32,False,0.03275,3.0
ton->unsw,45,statico,2,0.105,0.8734531787365406,0,0,False,0.0361,3.0
ton->unsw,45,ogni_batch,2,0.105,0.8773536921903413,2,64,False,0.0361,3.0
ton->unsw,45,su_innesco,2,0.105,0.8734531787365406,0,0,False,0.0361,3.0
ton->unsw,45,oracolo,2,0.105,0.8628589526984791,2,64,False,0.0361,3.0
ton->unsw,45,stat_13x13,2,0.105,0.8739164005056195,2,64,False,0.0361,3.0
ton->unsw,45,martingala,2,0.105,0.8734531787365406,0,0,False,0.0361,3.0
ton->unsw,45,stat_13x13_adaptive,2,0.105,0.8695495448666428,2,64,False,0.0361,3.0
ton->unsw,45,statico,3,0.158,0.8319935479140699,0,0,False,0.0334,3.0
ton->unsw,45,ogni_batch,3,0.158,0.8374110190548345,3,96,False,0.0334,3.0
ton->unsw,45,su_innesco,3,0.158,0.8319935479140699,0,0,False,0.0334,3.0
ton->unsw,45,oracolo,3,0.158,0.8339409047584134,3,96,False,0.0334,3.0
ton->unsw,45,stat_13x13,3,0.158,0.8316973385145539,3,96,False,0.0334,3.0
ton->unsw,45,martingala,3,0.158,0.8319935479140699,0,0,False,0.0334,3.0
ton->unsw,45,stat_13x13_adaptive,3,0.158,0.8338633493820824,3,96,False,0.0334,3.0
ton->unsw,45,statico,4,0.211,0.7857769736329051,0,0,False,0.03245,3.0
ton->unsw,45,ogni_batch,4,0.211,0.797345383983692,4,128,False,0.03245,3.0
ton->unsw,45,su_innesco,4,0.211,0.7857769736329051,0,0,False,0.03245,3.0
ton->unsw,45,oracolo,4,0.211,0.776357089637999,4,128,False,0.03245,3.0
ton->unsw,45,stat_13x13,4,0.211,0.7876806676764145,4,128,False,0.03245,3.0
ton->unsw,45,martingala,4,0.211,0.7857769736329051,0,0,False,0.03245,3.0
ton->unsw,45,stat_13x13_adaptive,4,0.211,0.800031672077892,4,128,False,0.03245,3.0
ton->unsw,45,statico,5,0.263,0.7436545078731214,0,0,False,0.0355,3.0
ton->unsw,45,ogni_batch,5,0.263,0.7682072316366939,5,160,False,0.0355,3.0
ton->unsw,45,su_innesco,5,0.263,0.7436545078731214,0,0,False,0.0355,3.0
ton->unsw,45,oracolo,5,0.263,0.7517936264884792,5,160,False,0.0355,3.0
ton->unsw,45,stat_13x13,5,0.263,0.7654986649270337,5,160,False,0.0355,3.0
ton->unsw,45,martingala,5,0.263,0.7436545078731214,0,0,False,0.0355,3.0
ton->unsw,45,stat_13x13_adaptive,5,0.263,0.7634687977930772,5,160,False,0.0355,3.0
ton->unsw,45,statico,6,0.316,0.7070372030345139,0,0,False,0.03295,3.0
ton->unsw,45,ogni_batch,6,0.316,0.7369488483775046,6,192,False,0.03295,3.0
ton->unsw,45,su_innesco,6,0.316,0.7070372030345139,0,0,False,0.03295,3.0
ton->unsw,45,oracolo,6,0.316,0.7178191391490849,6,192,False,0.03295,3.0
ton->unsw,45,stat_13x13,6,0.316,0.7433940504104337,6,192,False,0.03295,3.0
ton->unsw,45,martingala,6,0.316,0.7070372030345139,0,0,False,0.03295,3.0
ton->unsw,45,stat_13x13_adaptive,6,0.316,0.7435706977253946,6,192,False,0.03295,3.0
ton->unsw,45,statico,7,0.368,0.6581928355571853,0,0,False,0.0361,3.0
ton->unsw,45,ogni_batch,7,0.368,0.6798981520371532,7,224,False,0.0361,3.0
ton->unsw,45,su_innesco,7,0.368,0.6581928355571853,0,0,False,0.0361,3.0
ton->unsw,45,oracolo,7,0.368,0.6732391283894035,7,224,False,0.0361,3.0
ton->unsw,45,stat_13x13,7,0.368,0.682677229537062,7,224,False,0.0361,3.0
ton->unsw,45,martingala,7,0.368,0.6581928355571853,0,0,False,0.0361,3.0
ton->unsw,45,stat_13x13_adaptive,7,0.368,0.6771127375835706,7,224,False,0.0361,3.0
ton->unsw,45,statico,8,0.421,0.6258369296192177,0,0,False,0.03435,3.0
ton->unsw,45,ogni_batch,8,0.421,0.6475056366637575,8,256,False,0.03435,3.0
ton->unsw,45,su_innesco,8,0.421,0.6258369296192177,0,0,False,0.03435,3.0
ton->unsw,45,oracolo,8,0.421,0.6386389294388484,8,256,False,0.03435,3.0
ton->unsw,45,stat_13x13,8,0.421,0.661704136956756,8,256,False,0.03435,3.0
ton->unsw,45,martingala,8,0.421,0.6258369296192177,0,0,False,0.03435,3.0
ton->unsw,45,stat_13x13_adaptive,8,0.421,0.6510978234325051,8,256,False,0.03435,3.0
ton->unsw,45,statico,9,0.474,0.5870142876318563,0,0,False,0.0347,3.0
ton->unsw,45,ogni_batch,9,0.474,0.6335573217495328,9,288,False,0.0347,3.0
ton->unsw,45,su_innesco,9,0.474,0.5870142876318563,0,0,False,0.0347,3.0
ton->unsw,45,oracolo,9,0.474,0.6194913137527149,9,288,False,0.0347,3.0
ton->unsw,45,stat_13x13,9,0.474,0.6254024414391561,9,288,False,0.0347,3.0
ton->unsw,45,martingala,9,0.474,0.5870142876318563,0,0,False,0.0347,3.0
ton->unsw,45,stat_13x13_adaptive,9,0.474,0.6134207522023505,9,288,False,0.0347,3.0
ton->unsw,45,statico,10,0.526,0.5477808851273721,0,0,False,0.0351,3.0
ton->unsw,45,ogni_batch,10,0.526,0.6220688344134573,10,320,False,0.0351,3.0
ton->unsw,45,su_innesco,10,0.526,0.5477808851273721,0,0,False,0.0351,3.0
ton->unsw,45,oracolo,10,0.526,0.5839956078289682,10,320,False,0.0351,3.0
ton->unsw,45,stat_13x13,10,0.526,0.6235371363940577,10,320,False,0.0351,3.0
ton->unsw,45,martingala,10,0.526,0.5477808851273721,0,0,False,0.0351,3.0
ton->unsw,45,stat_13x13_adaptive,10,0.526,0.658105114515009,10,320,False,0.0351,3.0
ton->unsw,45,statico,11,0.579,0.5032664305447441,0,0,False,0.03495,3.0
ton->unsw,45,ogni_batch,11,0.579,0.5765047284001719,11,352,False,0.03495,3.0
ton->unsw,45,su_innesco,11,0.579,0.5032664305447441,0,0,False,0.03495,3.0
ton->unsw,45,oracolo,11,0.579,0.6026983449700409,11,352,False,0.03495,3.0
ton->unsw,45,stat_13x13,11,0.579,0.5969549148316401,11,352,False,0.03495,3.0
ton->unsw,45,martingala,11,0.579,0.5032664305447441,0,0,False,0.03495,3.0
ton->unsw,45,stat_13x13_adaptive,11,0.579,0.6414797052677559,11,352,False,0.03495,3.0
ton->unsw,45,statico,12,0.632,0.473759687571753,0,0,False,0.0377,3.0
ton->unsw,45,ogni_batch,12,0.632,0.5975809673017559,12,384,False,0.0377,3.0
ton->unsw,45,su_innesco,12,0.632,0.473759687571753,0,0,False,0.0377,3.0
ton->unsw,45,oracolo,12,0.632,0.5751196534466179,12,384,False,0.0377,3.0
ton->unsw,45,stat_13x13,12,0.632,0.5769351407713559,12,384,False,0.0377,3.0
ton->unsw,45,martingala,12,0.632,0.473759687571753,0,0,False,0.0377,3.0
ton->unsw,45,stat_13x13_adaptive,12,0.632,0.5841712472067068,12,384,False,0.0377,3.0
ton->unsw,45,statico,13,0.684,0.43560940102914986,0,0,False,0.0372,3.0
ton->unsw,45,ogni_batch,13,0.684,0.5801512032174791,13,416,False,0.0372,3.0
ton->unsw,45,su_innesco,13,0.684,0.43560940102914986,0,0,False,0.0372,3.0
ton->unsw,45,oracolo,13,0.684,0.6921187113498776,13,416,False,0.0372,3.0
ton->unsw,45,stat_13x13,13,0.684,0.5698387713339458,13,416,False,0.0372,3.0
ton->unsw,45,martingala,13,0.684,0.43560940102914986,0,0,False,0.0372,3.0
ton->unsw,45,stat_13x13_adaptive,13,0.684,0.5831409461490636,13,416,False,0.0372,3.0
ton->unsw,45,statico,14,0.737,0.39510274098096343,0,0,False,0.0377,3.0
ton->unsw,45,ogni_batch,14,0.737,0.559355475549204,14,448,False,0.0377,3.0
ton->unsw,45,su_innesco,14,0.737,0.39510274098096343,0,0,False,0.0377,3.0
ton->unsw,45,oracolo,14,0.737,0.712057293098078,14,448,False,0.0377,3.0
ton->unsw,45,stat_13x13,14,0.737,0.5559562743912494,14,448,False,0.0377,3.0
ton->unsw,45,martingala,14,0.737,0.39510274098096343,0,0,False,0.0377,3.0
ton->unsw,45,stat_13x13_adaptive,14,0.737,0.5733574268491545,14,448,False,0.0377,3.0
ton->unsw,45,statico,15,0.789,0.3646682138954601,0,0,False,0.03695,3.0
ton->unsw,45,ogni_batch,15,0.789,0.6746851701765851,15,480,False,0.03695,3.0
ton->unsw,45,su_innesco,15,0.789,0.3646682138954601,0,0,False,0.03695,3.0
ton->unsw,45,oracolo,15,0.789,0.7141649187894635,15,480,False,0.03695,3.0
ton->unsw,45,stat_13x13,15,0.789,0.5638859573745103,15,480,False,0.03695,3.0
ton->unsw,45,martingala,15,0.789,0.3646682138954601,0,0,False,0.03695,3.0
ton->unsw,45,stat_13x13_adaptive,15,0.789,0.5653299398988934,15,480,False,0.03695,3.0
ton->unsw,45,statico,16,0.842,0.33455058315486536,0,0,False,0.03955,3.0
ton->unsw,45,ogni_batch,16,0.842,0.6338794335456533,16,512,False,0.03955,3.0
ton->unsw,45,su_innesco,16,0.842,0.33455058315486536,0,0,False,0.03955,3.0
ton->unsw,45,oracolo,16,0.842,0.7193229936101061,16,512,False,0.03955,3.0
ton->unsw,45,stat_13x13,16,0.842,0.5524450841326121,16,512,False,0.03955,3.0
ton->unsw,45,martingala,16,0.842,0.33455058315486536,0,0,False,0.03955,3.0
ton->unsw,45,stat_13x13_adaptive,16,0.842,0.5619372659807578,16,512,False,0.03955,3.0
ton->unsw,45,statico,17,0.895,0.29250154053288524,0,0,False,0.03775,3.0
ton->unsw,45,ogni_batch,17,0.895,0.6766489944453771,17,544,False,0.03775,3.0
ton->unsw,45,su_innesco,17,0.895,0.29250154053288524,0,0,False,0.03775,3.0
ton->unsw,45,oracolo,17,0.895,0.7447877849733058,17,544,False,0.03775,3.0
ton->unsw,45,stat_13x13,17,0.895,0.5302948424097614,17,544,False,0.03775,3.0
ton->unsw,45,martingala,17,0.895,0.29250154053288524,0,0,False,0.03775,3.0
ton->unsw,45,stat_13x13_adaptive,17,0.895,0.5493468610958306,17,544,False,0.03775,3.0
ton->unsw,45,statico,18,0.947,0.2576772799006092,0,0,False,0.03815,3.0
ton->unsw,45,ogni_batch,18,0.947,0.7116426793705676,18,576,False,0.03815,3.0
ton->unsw,45,su_innesco,18,0.947,0.2576772799006092,0,0,False,0.03815,3.0
ton->unsw,45,oracolo,18,0.947,0.7305508965772457,18,576,False,0.03815,3.0
ton->unsw,45,stat_13x13,18,0.947,0.5308318696875677,18,576,False,0.03815,3.0
ton->unsw,45,martingala,18,0.947,0.2576772799006092,0,0,False,0.03815,3.0
ton->unsw,45,stat_13x13_adaptive,18,0.947,0.5468164279404318,18,576,False,0.03815,3.0
ton->unsw,45,statico,19,1.0,0.22443021731501012,0,0,False,0.03915,3.0
ton->unsw,45,ogni_batch,19,1.0,0.7560505385077169,19,608,False,0.03915,3.0
ton->unsw,45,su_innesco,19,1.0,0.22443021731501012,0,0,False,0.03915,3.0
ton->unsw,45,oracolo,19,1.0,0.7461275520313186,19,608,False,0.03915,3.0
ton->unsw,45,stat_13x13,19,1.0,0.6082231329182671,19,608,False,0.03915,3.0
ton->unsw,45,martingala,19,1.0,0.22443021731501012,0,0,False,0.03915,3.0
ton->unsw,45,stat_13x13_adaptive,19,1.0,0.613800162157497,19,608,False,0.03915,3.0
ton->unsw,46,statico,0,0.0,0.9705523539596548,0,0,False,0.0316,3.0
ton->unsw,46,ogni_batch,0,0.0,0.9705523539596548,0,0,False,0.0316,3.0
ton->unsw,46,su_innesco,0,0.0,0.9705523539596548,0,0,False,0.0316,3.0
ton->unsw,46,oracolo,0,0.0,0.9705523539596548,0,0,False,0.0316,3.0
ton->unsw,46,stat_13x13,0,0.0,0.9705523539596548,0,0,False,0.0316,3.0
ton->unsw,46,martingala,0,0.0,0.9705523539596548,0,0,False,0.0316,3.0
ton->unsw,46,stat_13x13_adaptive,0,0.0,0.9705523539596548,0,0,False,0.0316,3.0
ton->unsw,46,statico,1,0.053,0.9220572333588607,0,0,False,0.03155,3.0
ton->unsw,46,ogni_batch,1,0.053,0.9080816214036687,1,32,False,0.03155,3.0
ton->unsw,46,su_innesco,1,0.053,0.9220572333588607,0,0,False,0.03155,3.0
ton->unsw,46,oracolo,1,0.053,0.8331286838553209,1,32,False,0.03155,3.0
ton->unsw,46,stat_13x13,1,0.053,0.9175639923750223,1,32,False,0.03155,3.0
ton->unsw,46,martingala,1,0.053,0.9220572333588607,0,0,False,0.03155,3.0
ton->unsw,46,stat_13x13_adaptive,1,0.053,0.9218841619426252,1,32,False,0.03155,3.0
ton->unsw,46,statico,2,0.105,0.8767828313148298,0,0,False,0.03265,3.0
ton->unsw,46,ogni_batch,2,0.105,0.8702600036969862,2,64,False,0.03265,3.0
ton->unsw,46,su_innesco,2,0.105,0.8767828313148298,0,0,False,0.03265,3.0
ton->unsw,46,oracolo,2,0.105,0.8622729024478966,2,64,False,0.03265,3.0
ton->unsw,46,stat_13x13,2,0.105,0.8683474916881406,2,64,False,0.03265,3.0
ton->unsw,46,martingala,2,0.105,0.8767828313148298,0,0,False,0.03265,3.0
ton->unsw,46,stat_13x13_adaptive,2,0.105,0.8745499597655975,2,64,False,0.03265,3.0
ton->unsw,46,statico,3,0.158,0.8339267273992621,0,0,False,0.0299,3.0
ton->unsw,46,ogni_batch,3,0.158,0.83342677813483,3,96,False,0.0299,3.0
ton->unsw,46,su_innesco,3,0.158,0.8339267273992621,0,0,False,0.0299,3.0
ton->unsw,46,oracolo,3,0.158,0.833014596508675,3,96,False,0.0299,3.0
ton->unsw,46,stat_13x13,3,0.158,0.8178721992253608,3,96,False,0.0299,3.0
ton->unsw,46,martingala,3,0.158,0.8339267273992621,0,0,False,0.0299,3.0
ton->unsw,46,stat_13x13_adaptive,3,0.158,0.8232646559720658,3,96,False,0.0299,3.0
ton->unsw,46,statico,4,0.211,0.7885782324901232,0,0,False,0.0343,3.0
ton->unsw,46,ogni_batch,4,0.211,0.7922515036526866,4,128,False,0.0343,3.0
ton->unsw,46,su_innesco,4,0.211,0.7885782324901232,0,0,False,0.0343,3.0
ton->unsw,46,oracolo,4,0.211,0.7875340093369871,4,128,False,0.0343,3.0
ton->unsw,46,stat_13x13,4,0.211,0.7909019685483075,4,128,False,0.0343,3.0
ton->unsw,46,martingala,4,0.211,0.7885782324901232,0,0,False,0.0343,3.0
ton->unsw,46,stat_13x13_adaptive,4,0.211,0.7804940574673391,4,128,False,0.0343,3.0
ton->unsw,46,statico,5,0.263,0.748585436517311,0,0,False,0.0322,3.0
ton->unsw,46,ogni_batch,5,0.263,0.7476365839173689,5,160,False,0.0322,3.0
ton->unsw,46,su_innesco,5,0.263,0.748585436517311,0,0,False,0.0322,3.0
ton->unsw,46,oracolo,5,0.263,0.7498220004199806,5,160,False,0.0322,3.0
ton->unsw,46,stat_13x13,5,0.263,0.7431427097278,5,160,False,0.0322,3.0
ton->unsw,46,martingala,5,0.263,0.748585436517311,0,0,False,0.0322,3.0
ton->unsw,46,stat_13x13_adaptive,5,0.263,0.7399180053547523,5,160,False,0.0322,3.0
ton->unsw,46,statico,6,0.316,0.7048466734698444,0,0,False,0.03525,3.0
ton->unsw,46,ogni_batch,6,0.316,0.6970389658702691,6,192,False,0.03525,3.0
ton->unsw,46,su_innesco,6,0.316,0.7048466734698444,0,0,False,0.03525,3.0
ton->unsw,46,oracolo,6,0.316,0.7175572190476895,6,192,False,0.03525,3.0
ton->unsw,46,stat_13x13,6,0.316,0.7125139760552639,6,192,False,0.03525,3.0
ton->unsw,46,martingala,6,0.316,0.7048466734698444,0,0,False,0.03525,3.0
ton->unsw,46,stat_13x13_adaptive,6,0.316,0.690936015407811,6,192,False,0.03525,3.0
ton->unsw,46,statico,7,0.368,0.6635559395503569,0,0,False,0.0376,3.0
ton->unsw,46,ogni_batch,7,0.368,0.6649151826867574,7,224,False,0.0376,3.0
ton->unsw,46,su_innesco,7,0.368,0.6635559395503569,0,0,False,0.0376,3.0
ton->unsw,46,oracolo,7,0.368,0.6737303248817554,7,224,False,0.0376,3.0
ton->unsw,46,stat_13x13,7,0.368,0.6792709267936065,7,224,False,0.0376,3.0
ton->unsw,46,martingala,7,0.368,0.6635559395503569,0,0,False,0.0376,3.0
ton->unsw,46,stat_13x13_adaptive,7,0.368,0.6478775671960133,7,224,False,0.0376,3.0
ton->unsw,46,statico,8,0.421,0.6265482664358797,0,0,False,0.03605,3.0
ton->unsw,46,ogni_batch,8,0.421,0.6403078683040067,8,256,False,0.03605,3.0
ton->unsw,46,su_innesco,8,0.421,0.6265482664358797,0,0,False,0.03605,3.0
ton->unsw,46,oracolo,8,0.421,0.6421467431865735,8,256,False,0.03605,3.0
ton->unsw,46,stat_13x13,8,0.421,0.6386879212367743,8,256,False,0.03605,3.0
ton->unsw,46,martingala,8,0.421,0.6265482664358797,0,0,False,0.03605,3.0
ton->unsw,46,stat_13x13_adaptive,8,0.421,0.6277151325298426,8,256,False,0.03605,3.0
ton->unsw,46,statico,9,0.474,0.5854693136129404,0,0,False,0.03505,3.0
ton->unsw,46,ogni_batch,9,0.474,0.6104105875553785,9,288,False,0.03505,3.0
ton->unsw,46,su_innesco,9,0.474,0.5854693136129404,0,0,False,0.03505,3.0
ton->unsw,46,oracolo,9,0.474,0.6154575779729474,9,288,False,0.03505,3.0
ton->unsw,46,stat_13x13,9,0.474,0.5964632087064072,9,288,False,0.03505,3.0
ton->unsw,46,martingala,9,0.474,0.5854693136129404,0,0,False,0.03505,3.0
ton->unsw,46,stat_13x13_adaptive,9,0.474,0.5891150814411875,9,288,False,0.03505,3.0
ton->unsw,46,statico,10,0.526,0.5519819687686498,0,0,False,0.03455,3.0
ton->unsw,46,ogni_batch,10,0.526,0.5770950769254152,10,320,False,0.03455,3.0
ton->unsw,46,su_innesco,10,0.526,0.5519819687686498,0,0,False,0.03455,3.0
ton->unsw,46,oracolo,10,0.526,0.5907246512901104,10,320,False,0.03455,3.0
ton->unsw,46,stat_13x13,10,0.526,0.6037103338044714,10,320,False,0.03455,3.0
ton->unsw,46,martingala,10,0.526,0.5519819687686498,0,0,False,0.03455,3.0
ton->unsw,46,stat_13x13_adaptive,10,0.526,0.5936381805991325,10,320,False,0.03455,3.0
ton->unsw,46,statico,11,0.579,0.512809096854774,0,0,False,0.038,3.0
ton->unsw,46,ogni_batch,11,0.579,0.5864795740799188,11,352,False,0.038,3.0
ton->unsw,46,su_innesco,11,0.579,0.512809096854774,0,0,False,0.038,3.0
ton->unsw,46,oracolo,11,0.579,0.5358961280700476,11,352,False,0.038,3.0
ton->unsw,46,stat_13x13,11,0.579,0.5706603842274357,11,352,False,0.038,3.0
ton->unsw,46,martingala,11,0.579,0.512809096854774,0,0,False,0.038,3.0
ton->unsw,46,stat_13x13_adaptive,11,0.579,0.6242525685603499,11,352,False,0.038,3.0
ton->unsw,46,statico,12,0.632,0.47155259125143467,0,0,False,0.03655,3.0
ton->unsw,46,ogni_batch,12,0.632,0.5505448168322866,12,384,False,0.03655,3.0
ton->unsw,46,su_innesco,12,0.632,0.47155259125143467,0,0,False,0.03655,3.0
ton->unsw,46,oracolo,12,0.632,0.5239416846844481,12,384,False,0.03655,3.0
ton->unsw,46,stat_13x13,12,0.632,0.6099685201223439,12,384,False,0.03655,3.0
ton->unsw,46,martingala,12,0.632,0.47155259125143467,0,0,False,0.03655,3.0
ton->unsw,46,stat_13x13_adaptive,12,0.632,0.60268894164961,12,384,False,0.03655,3.0
ton->unsw,46,statico,13,0.684,0.4353701313537277,0,0,False,0.03485,3.0
ton->unsw,46,ogni_batch,13,0.684,0.528328413985485,13,416,False,0.03485,3.0
ton->unsw,46,su_innesco,13,0.684,0.4353701313537277,0,0,False,0.03485,3.0
ton->unsw,46,oracolo,13,0.684,0.48542866650819627,13,416,False,0.03485,3.0
ton->unsw,46,stat_13x13,13,0.684,0.6047203036677604,13,416,False,0.03485,3.0
ton->unsw,46,martingala,13,0.684,0.4353701313537277,0,0,False,0.03485,3.0
ton->unsw,46,stat_13x13_adaptive,13,0.684,0.5950979348221275,13,416,False,0.03485,3.0
ton->unsw,46,statico,14,0.737,0.40258056165621986,0,0,False,0.04015,3.0
ton->unsw,46,ogni_batch,14,0.737,0.5884799338556439,14,448,False,0.04015,3.0
ton->unsw,46,su_innesco,14,0.737,0.40258056165621986,0,0,False,0.04015,3.0
ton->unsw,46,oracolo,14,0.737,0.51893089277629,14,448,False,0.04015,3.0
ton->unsw,46,stat_13x13,14,0.737,0.6173416179467001,14,448,False,0.04015,3.0
ton->unsw,46,martingala,14,0.737,0.40258056165621986,0,0,False,0.04015,3.0
ton->unsw,46,stat_13x13_adaptive,14,0.737,0.6076696240720811,14,448,False,0.04015,3.0
ton->unsw,46,statico,15,0.789,0.36385739546494694,0,0,False,0.0379,3.0
ton->unsw,46,ogni_batch,15,0.789,0.6995642928137207,15,480,False,0.0379,3.0
ton->unsw,46,su_innesco,15,0.789,0.36385739546494694,0,0,False,0.0379,3.0
ton->unsw,46,oracolo,15,0.789,0.4922120590920648,15,480,False,0.0379,3.0
ton->unsw,46,stat_13x13,15,0.789,0.5777398195340129,15,480,False,0.0379,3.0
ton->unsw,46,martingala,15,0.789,0.36385739546494694,0,0,False,0.0379,3.0
ton->unsw,46,stat_13x13_adaptive,15,0.789,0.5745236619628782,15,480,False,0.0379,3.0
ton->unsw,46,statico,16,0.842,0.33056906465539376,0,0,False,0.0377,3.0
ton->unsw,46,ogni_batch,16,0.842,0.690475012573736,16,512,False,0.0377,3.0
ton->unsw,46,su_innesco,16,0.842,0.33056906465539376,0,0,False,0.0377,3.0
ton->unsw,46,oracolo,16,0.842,0.5348183119757253,16,512,False,0.0377,3.0
ton->unsw,46,stat_13x13,16,0.842,0.5637842677916798,16,512,False,0.0377,3.0
ton->unsw,46,martingala,16,0.842,0.33056906465539376,0,0,False,0.0377,3.0
ton->unsw,46,stat_13x13_adaptive,16,0.842,0.5575029016657806,16,512,False,0.0377,3.0
ton->unsw,46,statico,17,0.895,0.29548033830945175,0,0,False,0.0403,3.0
ton->unsw,46,ogni_batch,17,0.895,0.7127258595331036,17,544,False,0.0403,3.0
ton->unsw,46,su_innesco,17,0.895,0.29548033830945175,0,0,False,0.0403,3.0
ton->unsw,46,oracolo,17,0.895,0.6862696461521431,17,544,False,0.0403,3.0
ton->unsw,46,stat_13x13,17,0.895,0.5658226043858918,17,544,False,0.0403,3.0
ton->unsw,46,martingala,17,0.895,0.29548033830945175,0,0,False,0.0403,3.0
ton->unsw,46,stat_13x13_adaptive,17,0.895,0.5653046869689102,17,544,False,0.0403,3.0
ton->unsw,46,statico,18,0.947,0.265422608440069,0,0,False,0.0414,3.0
ton->unsw,46,ogni_batch,18,0.947,0.7379081830498988,18,576,False,0.0414,3.0
ton->unsw,46,su_innesco,18,0.947,0.265422608440069,0,0,False,0.0414,3.0
ton->unsw,46,oracolo,18,0.947,0.7130041905071749,18,576,False,0.0414,3.0
ton->unsw,46,stat_13x13,18,0.947,0.5852387522667473,18,576,False,0.0414,3.0
ton->unsw,46,martingala,18,0.947,0.265422608440069,0,0,False,0.0414,3.0
ton->unsw,46,stat_13x13_adaptive,18,0.947,0.5959753533407357,18,576,False,0.0414,3.0
ton->unsw,46,statico,19,1.0,0.22507251600211275,0,0,False,0.0417,3.0
ton->unsw,46,ogni_batch,19,1.0,0.7562701179502398,19,608,False,0.0417,3.0
ton->unsw,46,su_innesco,19,1.0,0.22507251600211275,0,0,False,0.0417,3.0
ton->unsw,46,oracolo,19,1.0,0.7255018996039684,19,608,False,0.0417,3.0
ton->unsw,46,stat_13x13,19,1.0,0.6270855713077774,19,608,False,0.0417,3.0
ton->unsw,46,martingala,19,1.0,0.22507251600211275,0,0,False,0.0417,3.0
ton->unsw,46,stat_13x13_adaptive,19,1.0,0.625576827897838,19,608,False,0.0417,3.0
ton->unsw,47,statico,0,0.0,0.9696219684049845,0,0,False,0.0317,3.0
ton->unsw,47,ogni_batch,0,0.0,0.9696219684049845,0,0,False,0.0317,3.0
ton->unsw,47,su_innesco,0,0.0,0.9696219684049845,0,0,False,0.0317,3.0
ton->unsw,47,oracolo,0,0.0,0.9696219684049845,0,0,False,0.0317,3.0
ton->unsw,47,stat_13x13,0,0.0,0.9696219684049845,0,0,False,0.0317,3.0
ton->unsw,47,martingala,0,0.0,0.9696219684049845,0,0,False,0.0317,3.0
ton->unsw,47,stat_13x13_adaptive,0,0.0,0.9696219684049845,0,0,False,0.0317,3.0
ton->unsw,47,statico,1,0.053,0.9207602614504247,0,0,False,0.0347,3.0
ton->unsw,47,ogni_batch,1,0.053,0.907903458437822,1,32,False,0.0347,3.0
ton->unsw,47,su_innesco,1,0.053,0.9207602614504247,0,0,False,0.0347,3.0
ton->unsw,47,oracolo,1,0.053,0.9083937332806339,1,32,False,0.0347,3.0
ton->unsw,47,stat_13x13,1,0.053,0.8405882815030863,1,32,False,0.0347,3.0
ton->unsw,47,martingala,1,0.053,0.9207602614504247,0,0,False,0.0347,3.0
ton->unsw,47,stat_13x13_adaptive,1,0.053,0.8429643164996726,1,32,False,0.0347,3.0
ton->unsw,47,statico,2,0.105,0.8751017307643849,0,0,False,0.03355,3.0
ton->unsw,47,ogni_batch,2,0.105,0.8684453098481684,2,64,False,0.03355,3.0
ton->unsw,47,su_innesco,2,0.105,0.8751017307643849,0,0,False,0.03355,3.0
ton->unsw,47,oracolo,2,0.105,0.8700575061865219,2,64,False,0.03355,3.0
ton->unsw,47,stat_13x13,2,0.105,0.8636410134401751,2,64,False,0.03355,3.0
ton->unsw,47,martingala,2,0.105,0.8751017307643849,0,0,False,0.03355,3.0
ton->unsw,47,stat_13x13_adaptive,2,0.105,0.8731283212319426,2,64,False,0.03355,3.0
ton->unsw,47,statico,3,0.158,0.8310375645414865,0,0,False,0.03325,3.0
ton->unsw,47,ogni_batch,3,0.158,0.8301972319835416,3,96,False,0.03325,3.0
ton->unsw,47,su_innesco,3,0.158,0.8310375645414865,0,0,False,0.03325,3.0
ton->unsw,47,oracolo,3,0.158,0.8339587355887537,3,96,False,0.03325,3.0
ton->unsw,47,stat_13x13,3,0.158,0.8219675241652752,3,96,False,0.03325,3.0
ton->unsw,47,martingala,3,0.158,0.8310375645414865,0,0,False,0.03325,3.0
ton->unsw,47,stat_13x13_adaptive,3,0.158,0.8335474754792662,3,96,False,0.03325,3.0
ton->unsw,47,statico,4,0.211,0.789277672263736,0,0,False,0.02945,3.0
ton->unsw,47,ogni_batch,4,0.211,0.7996277240965836,4,128,False,0.02945,3.0
ton->unsw,47,su_innesco,4,0.211,0.789277672263736,0,0,False,0.02945,3.0
ton->unsw,47,oracolo,4,0.211,0.8048394871787802,4,128,False,0.02945,3.0
ton->unsw,47,stat_13x13,4,0.211,0.7747986846716053,4,128,False,0.02945,3.0
ton->unsw,47,martingala,4,0.211,0.789277672263736,0,0,False,0.02945,3.0
ton->unsw,47,stat_13x13_adaptive,4,0.211,0.7743163274720832,4,128,False,0.02945,3.0
ton->unsw,47,statico,5,0.263,0.7413996119224648,0,0,False,0.0305,3.0
ton->unsw,47,ogni_batch,5,0.263,0.7586609817997045,5,160,False,0.0305,3.0
ton->unsw,47,su_innesco,5,0.263,0.7413996119224648,0,0,False,0.0305,3.0
ton->unsw,47,oracolo,5,0.263,0.7665526883019822,5,160,False,0.0305,3.0
ton->unsw,47,stat_13x13,5,0.263,0.7447538658546331,5,160,False,0.0305,3.0
ton->unsw,47,martingala,5,0.263,0.7413996119224648,0,0,False,0.0305,3.0
ton->unsw,47,stat_13x13_adaptive,5,0.263,0.7408253187259723,5,160,False,0.0305,3.0
ton->unsw,47,statico,6,0.316,0.6973836791612177,0,0,False,0.0298,3.0
ton->unsw,47,ogni_batch,6,0.316,0.726228246808978,6,192,False,0.0298,3.0
ton->unsw,47,su_innesco,6,0.316,0.6973836791612177,0,0,False,0.0298,3.0
ton->unsw,47,oracolo,6,0.316,0.7569787487452859,6,192,False,0.0298,3.0
ton->unsw,47,stat_13x13,6,0.316,0.6902209918103368,6,192,False,0.0298,3.0
ton->unsw,47,martingala,6,0.316,0.6973836791612177,0,0,False,0.0298,3.0
ton->unsw,47,stat_13x13_adaptive,6,0.316,0.6916725133861504,6,192,False,0.0298,3.0
ton->unsw,47,statico,7,0.368,0.6589296954913841,0,0,False,0.0275,3.0
ton->unsw,47,ogni_batch,7,0.368,0.7147420135337164,7,224,False,0.0275,3.0
ton->unsw,47,su_innesco,7,0.368,0.6589296954913841,0,0,False,0.0275,3.0
ton->unsw,47,oracolo,7,0.368,0.7116629947281454,7,224,False,0.0275,3.0
ton->unsw,47,stat_13x13,7,0.368,0.6795700881265245,7,224,False,0.0275,3.0
ton->unsw,47,martingala,7,0.368,0.6589296954913841,0,0,False,0.0275,3.0
ton->unsw,47,stat_13x13_adaptive,7,0.368,0.6698014202533638,7,224,False,0.0275,3.0
ton->unsw,47,statico,8,0.421,0.6179561634475855,0,0,False,0.0319,3.0
ton->unsw,47,ogni_batch,8,0.421,0.6936202451560272,8,256,False,0.0319,3.0
ton->unsw,47,su_innesco,8,0.421,0.6179561634475855,0,0,False,0.0319,3.0
ton->unsw,47,oracolo,8,0.421,0.7095532806733233,8,256,False,0.0319,3.0
ton->unsw,47,stat_13x13,8,0.421,0.6184354403291097,8,256,False,0.0319,3.0
ton->unsw,47,martingala,8,0.421,0.6179561634475855,0,0,False,0.0319,3.0
ton->unsw,47,stat_13x13_adaptive,8,0.421,0.6403318295324703,8,256,False,0.0319,3.0
ton->unsw,47,statico,9,0.474,0.5778234842676637,0,0,False,0.02885,3.0
ton->unsw,47,ogni_batch,9,0.474,0.651958466289581,9,288,False,0.02885,3.0
ton->unsw,47,su_innesco,9,0.474,0.5778234842676637,0,0,False,0.02885,3.0
ton->unsw,47,oracolo,9,0.474,0.6851679464595524,9,288,False,0.02885,3.0
ton->unsw,47,stat_13x13,9,0.474,0.5839012738861125,9,288,False,0.02885,3.0
ton->unsw,47,martingala,9,0.474,0.5778234842676637,0,0,False,0.02885,3.0
ton->unsw,47,stat_13x13_adaptive,9,0.474,0.5969610465538454,9,288,False,0.02885,3.0
ton->unsw,47,statico,10,0.526,0.5383684718202125,0,0,False,0.03025,3.0
ton->unsw,47,ogni_batch,10,0.526,0.6277420537501412,10,320,False,0.03025,3.0
ton->unsw,47,su_innesco,10,0.526,0.5383684718202125,0,0,False,0.03025,3.0
ton->unsw,47,oracolo,10,0.526,0.6499757044550589,10,320,False,0.03025,3.0
ton->unsw,47,stat_13x13,10,0.526,0.6020225902090767,10,320,False,0.03025,3.0
ton->unsw,47,martingala,10,0.526,0.5383684718202125,0,0,False,0.03025,3.0
ton->unsw,47,stat_13x13_adaptive,10,0.526,0.6204850330363064,10,320,False,0.03025,3.0
ton->unsw,47,statico,11,0.579,0.5042355759914143,0,0,False,0.02985,3.0
ton->unsw,47,ogni_batch,11,0.579,0.605612699359081,11,352,False,0.02985,3.0
ton->unsw,47,su_innesco,11,0.579,0.5042355759914143,0,0,False,0.02985,3.0
ton->unsw,47,oracolo,11,0.579,0.678196577189867,11,352,False,0.02985,3.0
ton->unsw,47,stat_13x13,11,0.579,0.6448163179306303,11,352,False,0.02985,3.0
ton->unsw,47,martingala,11,0.579,0.5042355759914143,0,0,False,0.02985,3.0
ton->unsw,47,stat_13x13_adaptive,11,0.579,0.6238849103285138,11,352,False,0.02985,3.0
ton->unsw,47,statico,12,0.632,0.4617716188855857,0,0,False,0.02585,3.0
ton->unsw,47,ogni_batch,12,0.632,0.5913136627861182,12,384,False,0.02585,3.0
ton->unsw,47,su_innesco,12,0.632,0.4617716188855857,0,0,False,0.02585,3.0
ton->unsw,47,oracolo,12,0.632,0.6554877259746192,12,384,False,0.02585,3.0
ton->unsw,47,stat_13x13,12,0.632,0.562510080199001,12,384,False,0.02585,3.0
ton->unsw,47,martingala,12,0.632,0.4617716188855857,0,0,False,0.02585,3.0
ton->unsw,47,stat_13x13_adaptive,12,0.632,0.5929998222134204,12,384,False,0.02585,3.0
ton->unsw,47,statico,13,0.684,0.42620809078856964,0,0,False,0.02815,3.0
ton->unsw,47,ogni_batch,13,0.684,0.6722646751077548,13,416,False,0.02815,3.0
ton->unsw,47,su_innesco,13,0.684,0.42620809078856964,0,0,False,0.02815,3.0
ton->unsw,47,oracolo,13,0.684,0.6461107992169426,13,416,False,0.02815,3.0
ton->unsw,47,stat_13x13,13,0.684,0.6323713311538456,13,416,False,0.02815,3.0
ton->unsw,47,martingala,13,0.684,0.42620809078856964,0,0,False,0.02815,3.0
ton->unsw,47,stat_13x13_adaptive,13,0.684,0.5624482073673829,13,416,False,0.02815,3.0
ton->unsw,47,statico,14,0.737,0.3934458168999194,0,0,False,0.02905,3.0
ton->unsw,47,ogni_batch,14,0.737,0.6770630319406237,14,448,False,0.02905,3.0
ton->unsw,47,su_innesco,14,0.737,0.3934458168999194,0,0,False,0.02905,3.0
ton->unsw,47,oracolo,14,0.737,0.639746787309307,14,448,False,0.02905,3.0
ton->unsw,47,stat_13x13,14,0.737,0.6313119851363292,14,448,False,0.02905,3.0
ton->unsw,47,martingala,14,0.737,0.3934458168999194,0,0,False,0.02905,3.0
ton->unsw,47,stat_13x13_adaptive,14,0.737,0.559935126718857,14,448,False,0.02905,3.0
ton->unsw,47,statico,15,0.789,0.3548073707295434,0,0,False,0.02815,3.0
ton->unsw,47,ogni_batch,15,0.789,0.7133849643302976,15,480,False,0.02815,3.0
ton->unsw,47,su_innesco,15,0.789,0.3548073707295434,0,0,False,0.02815,3.0
ton->unsw,47,oracolo,15,0.789,0.671985972534932,15,480,False,0.02815,3.0
ton->unsw,47,stat_13x13,15,0.789,0.7011776101545335,15,480,False,0.02815,3.0
ton->unsw,47,martingala,15,0.789,0.3548073707295434,0,0,False,0.02815,3.0
ton->unsw,47,stat_13x13_adaptive,15,0.789,0.6363199003342263,15,480,False,0.02815,3.0
ton->unsw,47,statico,16,0.842,0.31779807720704045,0,0,False,0.0285,3.0
ton->unsw,47,ogni_batch,16,0.842,0.7274018978972299,16,512,False,0.0285,3.0
ton->unsw,47,su_innesco,16,0.842,0.31779807720704045,0,0,False,0.0285,3.0
ton->unsw,47,oracolo,16,0.842,0.7368240593008526,16,512,False,0.0285,3.0
ton->unsw,47,stat_13x13,16,0.842,0.6161541135230344,16,512,False,0.0285,3.0
ton->unsw,47,martingala,16,0.842,0.31779807720704045,0,0,False,0.0285,3.0
ton->unsw,47,stat_13x13_adaptive,16,0.842,0.5485891107205938,16,512,False,0.0285,3.0
ton->unsw,47,statico,17,0.895,0.2876919784771649,0,0,False,0.0287,3.0
ton->unsw,47,ogni_batch,17,0.895,0.7043331431724683,17,544,False,0.0287,3.0
ton->unsw,47,su_innesco,17,0.895,0.2876919784771649,0,0,False,0.0287,3.0
ton->unsw,47,oracolo,17,0.895,0.7367362687121868,17,544,False,0.0287,3.0
ton->unsw,47,stat_13x13,17,0.895,0.6063836517192531,17,544,False,0.0287,3.0
ton->unsw,47,martingala,17,0.895,0.2876919784771649,0,0,False,0.0287,3.0
ton->unsw,47,stat_13x13_adaptive,17,0.895,0.5988084627605156,17,544,False,0.0287,3.0
ton->unsw,47,statico,18,0.947,0.24785803879199056,0,0,False,0.02675,3.0
ton->unsw,47,ogni_batch,18,0.947,0.7366050537482198,18,576,False,0.02675,3.0
ton->unsw,47,su_innesco,18,0.947,0.24785803879199056,0,0,False,0.02675,3.0
ton->unsw,47,oracolo,18,0.947,0.7406209206504879,18,576,False,0.02675,3.0
ton->unsw,47,stat_13x13,18,0.947,0.6856749466942968,18,576,False,0.02675,3.0
ton->unsw,47,martingala,18,0.947,0.24785803879199056,0,0,False,0.02675,3.0
ton->unsw,47,stat_13x13_adaptive,18,0.947,0.6367306934843724,18,576,False,0.02675,3.0
ton->unsw,47,statico,19,1.0,0.21138296900916478,0,0,False,0.0253,3.0
ton->unsw,47,ogni_batch,19,1.0,0.7411381695764245,19,608,False,0.0253,3.0
ton->unsw,47,su_innesco,19,1.0,0.21138296900916478,0,0,False,0.0253,3.0
ton->unsw,47,oracolo,19,1.0,0.7341531931878467,19,608,False,0.0253,3.0
ton->unsw,47,stat_13x13,19,1.0,0.7196146697678258,19,608,False,0.0253,3.0
ton->unsw,47,martingala,19,1.0,0.21138296900916478,0,0,False,0.0253,3.0
ton->unsw,47,stat_13x13_adaptive,19,1.0,0.6399065916503507,19,608,False,0.0253,3.0
ton->unsw,48,statico,0,0.0,0.9674616125789869,0,0,False,0.03425,3.0
ton->unsw,48,ogni_batch,0,0.0,0.9674616125789869,0,0,False,0.03425,3.0
ton->unsw,48,su_innesco,0,0.0,0.9674616125789869,0,0,False,0.03425,3.0
ton->unsw,48,oracolo,0,0.0,0.9674616125789869,0,0,False,0.03425,3.0
ton->unsw,48,stat_13x13,0,0.0,0.9674616125789869,0,0,False,0.03425,3.0
ton->unsw,48,martingala,0,0.0,0.9674616125789869,0,0,False,0.03425,3.0
ton->unsw,48,stat_13x13_adaptive,0,0.0,0.9674616125789869,0,0,False,0.03425,3.0
ton->unsw,48,statico,1,0.053,0.9238027124831028,0,0,False,0.0355,3.0
ton->unsw,48,ogni_batch,1,0.053,0.6646741092629096,1,32,False,0.0355,3.0
ton->unsw,48,su_innesco,1,0.053,0.9238027124831028,0,0,False,0.0355,3.0
ton->unsw,48,oracolo,1,0.053,0.9112501277123704,1,32,False,0.0355,3.0
ton->unsw,48,stat_13x13,1,0.053,0.6606802630301788,1,32,False,0.0355,3.0
ton->unsw,48,martingala,1,0.053,0.9238027124831028,0,0,False,0.0355,3.0
ton->unsw,48,stat_13x13_adaptive,1,0.053,0.6740825662036214,1,32,False,0.0355,3.0
ton->unsw,48,statico,2,0.105,0.8709758343510636,0,0,False,0.0366,3.0
ton->unsw,48,ogni_batch,2,0.105,0.8148172946121562,2,64,False,0.0366,3.0
ton->unsw,48,su_innesco,2,0.105,0.8709758343510636,0,0,False,0.0366,3.0
ton->unsw,48,oracolo,2,0.105,0.8642602629810774,2,64,False,0.0366,3.0
ton->unsw,48,stat_13x13,2,0.105,0.8258218453740966,2,64,False,0.0366,3.0
ton->unsw,48,martingala,2,0.105,0.8709758343510636,0,0,False,0.0366,3.0
ton->unsw,48,stat_13x13_adaptive,2,0.105,0.8160705192130526,2,64,False,0.0366,3.0
ton->unsw,48,statico,3,0.158,0.8337290649405283,0,0,False,0.03735,3.0
ton->unsw,48,ogni_batch,3,0.158,0.8192998520006824,3,96,False,0.03735,3.0
ton->unsw,48,su_innesco,3,0.158,0.8337290649405283,0,0,False,0.03735,3.0
ton->unsw,48,oracolo,3,0.158,0.8362757272655582,3,96,False,0.03735,3.0
ton->unsw,48,stat_13x13,3,0.158,0.7970235140734587,3,96,False,0.03735,3.0
ton->unsw,48,martingala,3,0.158,0.8337290649405283,0,0,False,0.03735,3.0
ton->unsw,48,stat_13x13_adaptive,3,0.158,0.8095456384306263,3,96,False,0.03735,3.0
ton->unsw,48,statico,4,0.211,0.7852574507004562,0,0,False,0.03305,3.0
ton->unsw,48,ogni_batch,4,0.211,0.7869893284419818,4,128,False,0.03305,3.0
ton->unsw,48,su_innesco,4,0.211,0.7852574507004562,0,0,False,0.03305,3.0
ton->unsw,48,oracolo,4,0.211,0.7744132541714821,4,128,False,0.03305,3.0
ton->unsw,48,stat_13x13,4,0.211,0.7933371928414743,4,128,False,0.03305,3.0
ton->unsw,48,martingala,4,0.211,0.7852574507004562,0,0,False,0.03305,3.0
ton->unsw,48,stat_13x13_adaptive,4,0.211,0.705764369129924,4,128,False,0.03305,3.0
ton->unsw,48,statico,5,0.263,0.7493681441701749,0,0,False,0.0375,3.0
ton->unsw,48,ogni_batch,5,0.263,0.7527948333681982,5,160,False,0.0375,3.0
ton->unsw,48,su_innesco,5,0.263,0.7493681441701749,0,0,False,0.0375,3.0
ton->unsw,48,oracolo,5,0.263,0.7420377585440473,5,160,False,0.0375,3.0
ton->unsw,48,stat_13x13,5,0.263,0.7332967798028398,5,160,False,0.0375,3.0
ton->unsw,48,martingala,5,0.263,0.7493681441701749,0,0,False,0.0375,3.0
ton->unsw,48,stat_13x13_adaptive,5,0.263,0.7490762198310803,5,160,False,0.0375,3.0
ton->unsw,48,statico,6,0.316,0.7043296300195613,0,0,False,0.0398,3.0
ton->unsw,48,ogni_batch,6,0.316,0.7190709786087326,6,192,False,0.0398,3.0
ton->unsw,48,su_innesco,6,0.316,0.7043296300195613,0,0,False,0.0398,3.0
ton->unsw,48,oracolo,6,0.316,0.693214576359659,6,192,False,0.0398,3.0
ton->unsw,48,stat_13x13,6,0.316,0.7010210873977694,6,192,False,0.0398,3.0
ton->unsw,48,martingala,6,0.316,0.7043296300195613,0,0,False,0.0398,3.0
ton->unsw,48,stat_13x13_adaptive,6,0.316,0.7380850376923909,6,192,False,0.0398,3.0
ton->unsw,48,statico,7,0.368,0.6714095034430465,0,0,False,0.03735,3.0
ton->unsw,48,ogni_batch,7,0.368,0.6862082726984692,7,224,False,0.03735,3.0
ton->unsw,48,su_innesco,7,0.368,0.6714095034430465,0,0,False,0.03735,3.0
ton->unsw,48,oracolo,7,0.368,0.6661329360881605,7,224,False,0.03735,3.0
ton->unsw,48,stat_13x13,7,0.368,0.7329737204002805,7,224,False,0.03735,3.0
ton->unsw,48,martingala,7,0.368,0.6714095034430465,0,0,False,0.03735,3.0
ton->unsw,48,stat_13x13_adaptive,7,0.368,0.7194842694410861,7,224,False,0.03735,3.0
ton->unsw,48,statico,8,0.421,0.6279617995748639,0,0,False,0.0364,3.0
ton->unsw,48,ogni_batch,8,0.421,0.6437265228775844,8,256,False,0.0364,3.0
ton->unsw,48,su_innesco,8,0.421,0.6279617995748639,0,0,False,0.0364,3.0
ton->unsw,48,oracolo,8,0.421,0.6512745973113343,8,256,False,0.0364,3.0
ton->unsw,48,stat_13x13,8,0.421,0.7018038488981018,8,256,False,0.0364,3.0
ton->unsw,48,martingala,8,0.421,0.6279617995748639,0,0,False,0.0364,3.0
ton->unsw,48,stat_13x13_adaptive,8,0.421,0.6438636253613798,8,256,False,0.0364,3.0
ton->unsw,48,statico,9,0.474,0.5880332024227256,0,0,False,0.03765,3.0
ton->unsw,48,ogni_batch,9,0.474,0.6065810723015017,9,288,False,0.03765,3.0
ton->unsw,48,su_innesco,9,0.474,0.5880332024227256,0,0,False,0.03765,3.0
ton->unsw,48,oracolo,9,0.474,0.6194712049138467,9,288,False,0.03765,3.0
ton->unsw,48,stat_13x13,9,0.474,0.6468960954498728,9,288,False,0.03765,3.0
ton->unsw,48,martingala,9,0.474,0.5880332024227256,0,0,False,0.03765,3.0
ton->unsw,48,stat_13x13_adaptive,9,0.474,0.6342807160101465,9,288,False,0.03765,3.0
ton->unsw,48,statico,10,0.526,0.5525769331222641,0,0,False,0.0387,3.0
ton->unsw,48,ogni_batch,10,0.526,0.5791770390550988,10,320,False,0.0387,3.0
ton->unsw,48,su_innesco,10,0.526,0.5525769331222641,0,0,False,0.0387,3.0
ton->unsw,48,oracolo,10,0.526,0.6019477649589465,10,320,False,0.0387,3.0
ton->unsw,48,stat_13x13,10,0.526,0.6311134424324519,10,320,False,0.0387,3.0
ton->unsw,48,martingala,10,0.526,0.5525769331222641,0,0,False,0.0387,3.0
ton->unsw,48,stat_13x13_adaptive,10,0.526,0.6196543982871332,10,320,False,0.0387,3.0
ton->unsw,48,statico,11,0.579,0.5135554329534111,0,0,False,0.03755,3.0
ton->unsw,48,ogni_batch,11,0.579,0.5742709983382724,11,352,False,0.03755,3.0
ton->unsw,48,su_innesco,11,0.579,0.5135554329534111,0,0,False,0.03755,3.0
ton->unsw,48,oracolo,11,0.579,0.5807567363168251,11,352,False,0.03755,3.0
ton->unsw,48,stat_13x13,11,0.579,0.615998676948856,11,352,False,0.03755,3.0
ton->unsw,48,martingala,11,0.579,0.5135554329534111,0,0,False,0.03755,3.0
ton->unsw,48,stat_13x13_adaptive,11,0.579,0.5974462614382828,11,352,False,0.03755,3.0
ton->unsw,48,statico,12,0.632,0.4746633631679481,0,0,False,0.0379,3.0
ton->unsw,48,ogni_batch,12,0.632,0.5756636595840784,12,384,False,0.0379,3.0
ton->unsw,48,su_innesco,12,0.632,0.4746633631679481,0,0,False,0.0379,3.0
ton->unsw,48,oracolo,12,0.632,0.5975685235452061,12,384,False,0.0379,3.0
ton->unsw,48,stat_13x13,12,0.632,0.6038002045818617,12,384,False,0.0379,3.0
ton->unsw,48,martingala,12,0.632,0.4746633631679481,0,0,False,0.0379,3.0
ton->unsw,48,stat_13x13_adaptive,12,0.632,0.6028055829934919,12,384,False,0.0379,3.0
ton->unsw,48,statico,13,0.684,0.43907849745997873,0,0,False,0.04055,3.0
ton->unsw,48,ogni_batch,13,0.684,0.7085098552587545,13,416,False,0.04055,3.0
ton->unsw,48,su_innesco,13,0.684,0.43907849745997873,0,0,False,0.04055,3.0
ton->unsw,48,oracolo,13,0.684,0.6177905957745942,13,416,False,0.04055,3.0
ton->unsw,48,stat_13x13,13,0.684,0.5923145589098545,13,416,False,0.04055,3.0
ton->unsw,48,martingala,13,0.684,0.43907849745997873,0,0,False,0.04055,3.0
ton->unsw,48,stat_13x13_adaptive,13,0.684,0.5905303037046745,13,416,False,0.04055,3.0
ton->unsw,48,statico,14,0.737,0.40349497390974637,0,0,False,0.03975,3.0
ton->unsw,48,ogni_batch,14,0.737,0.7252559456893163,14,448,False,0.03975,3.0
ton->unsw,48,su_innesco,14,0.737,0.40349497390974637,0,0,False,0.03975,3.0
ton->unsw,48,oracolo,14,0.737,0.7171355769604821,14,448,False,0.03975,3.0
ton->unsw,48,stat_13x13,14,0.737,0.5831777416020881,14,448,False,0.03975,3.0
ton->unsw,48,martingala,14,0.737,0.40349497390974637,0,0,False,0.03975,3.0
ton->unsw,48,stat_13x13_adaptive,14,0.737,0.5751858305682823,14,448,False,0.03975,3.0
ton->unsw,48,statico,15,0.789,0.3712257100174541,0,0,False,0.04065,3.0
ton->unsw,48,ogni_batch,15,0.789,0.7113071520592504,15,480,False,0.04065,3.0
ton->unsw,48,su_innesco,15,0.789,0.3712257100174541,0,0,False,0.04065,3.0
ton->unsw,48,oracolo,15,0.789,0.7211397933114025,15,480,False,0.04065,3.0
ton->unsw,48,stat_13x13,15,0.789,0.5857764319392321,15,480,False,0.04065,3.0
ton->unsw,48,martingala,15,0.789,0.3712257100174541,0,0,False,0.04065,3.0
ton->unsw,48,stat_13x13_adaptive,15,0.789,0.5825490206796694,15,480,False,0.04065,3.0
ton->unsw,48,statico,16,0.842,0.3390971986840615,0,0,False,0.041,3.0
ton->unsw,48,ogni_batch,16,0.842,0.7149164976400485,16,512,False,0.041,3.0
ton->unsw,48,su_innesco,16,0.842,0.3390971986840615,0,0,False,0.041,3.0
ton->unsw,48,oracolo,16,0.842,0.6844695752031391,16,512,False,0.041,3.0
ton->unsw,48,stat_13x13,16,0.842,0.5915572379539962,16,512,False,0.041,3.0
ton->unsw,48,martingala,16,0.842,0.3390971986840615,0,0,False,0.041,3.0
ton->unsw,48,stat_13x13_adaptive,16,0.842,0.5820898168920198,16,512,False,0.041,3.0
ton->unsw,48,statico,17,0.895,0.29709723970699026,0,0,False,0.04045,3.0
ton->unsw,48,ogni_batch,17,0.895,0.7212707640582079,17,544,False,0.04045,3.0
ton->unsw,48,su_innesco,17,0.895,0.29709723970699026,0,0,False,0.04045,3.0
ton->unsw,48,oracolo,17,0.895,0.6906108026855502,17,544,False,0.04045,3.0
ton->unsw,48,stat_13x13,17,0.895,0.5659823121217178,17,544,False,0.04045,3.0
ton->unsw,48,martingala,17,0.895,0.29709723970699026,0,0,False,0.04045,3.0
ton->unsw,48,stat_13x13_adaptive,17,0.895,0.5622107577444684,17,544,False,0.04045,3.0
ton->unsw,48,statico,18,0.947,0.26765064132334687,0,0,False,0.04245,3.0
ton->unsw,48,ogni_batch,18,0.947,0.7319291807048505,18,576,False,0.04245,3.0
ton->unsw,48,su_innesco,18,0.947,0.26765064132334687,0,0,False,0.04245,3.0
ton->unsw,48,oracolo,18,0.947,0.7380696547240071,18,576,False,0.04245,3.0
ton->unsw,48,stat_13x13,18,0.947,0.65754598120924,18,576,False,0.04245,3.0
ton->unsw,48,martingala,18,0.947,0.26765064132334687,0,0,False,0.04245,3.0
ton->unsw,48,stat_13x13_adaptive,18,0.947,0.6374310053169181,18,576,False,0.04245,3.0
ton->unsw,48,statico,19,1.0,0.22561400814843752,0,0,False,0.04095,3.0
ton->unsw,48,ogni_batch,19,1.0,0.730295512189395,19,608,False,0.04095,3.0
ton->unsw,48,su_innesco,19,1.0,0.22561400814843752,0,0,False,0.04095,3.0
ton->unsw,48,oracolo,19,1.0,0.7447114496596721,19,608,False,0.04095,3.0
ton->unsw,48,stat_13x13,19,1.0,0.6699587555251054,19,608,False,0.04095,3.0
ton->unsw,48,martingala,19,1.0,0.22561400814843752,0,0,False,0.04095,3.0
ton->unsw,48,stat_13x13_adaptive,19,1.0,0.6653753082972684,19,608,False,0.04095,3.0
ton->unsw,49,statico,0,0.0,0.9706434632166885,0,0,False,0.0313,3.0
ton->unsw,49,ogni_batch,0,0.0,0.9706434632166885,0,0,False,0.0313,3.0
ton->unsw,49,su_innesco,0,0.0,0.9706434632166885,0,0,False,0.0313,3.0
ton->unsw,49,oracolo,0,0.0,0.9706434632166885,0,0,False,0.0313,3.0
ton->unsw,49,stat_13x13,0,0.0,0.9706434632166885,0,0,False,0.0313,3.0
ton->unsw,49,martingala,0,0.0,0.9706434632166885,0,0,False,0.0313,3.0
ton->unsw,49,stat_13x13_adaptive,0,0.0,0.9706434632166885,0,0,False,0.0313,3.0
ton->unsw,49,statico,1,0.053,0.9230588516264117,0,0,False,0.0326,3.0
ton->unsw,49,ogni_batch,1,0.053,0.9069636819574043,1,32,False,0.0326,3.0
ton->unsw,49,su_innesco,1,0.053,0.9230588516264117,0,0,False,0.0326,3.0
ton->unsw,49,oracolo,1,0.053,0.905429394166525,1,32,False,0.0326,3.0
ton->unsw,49,stat_13x13,1,0.053,0.6724744647428436,1,32,False,0.0326,3.0
ton->unsw,49,martingala,1,0.053,0.9230588516264117,0,0,False,0.0326,3.0
ton->unsw,49,stat_13x13_adaptive,1,0.053,0.8000321769210155,1,32,False,0.0326,3.0
ton->unsw,49,statico,2,0.105,0.8741936353102854,0,0,False,0.02975,3.0
ton->unsw,49,ogni_batch,2,0.105,0.8680371631185855,2,64,False,0.02975,3.0
ton->unsw,49,su_innesco,2,0.105,0.8741936353102854,0,0,False,0.02975,3.0
ton->unsw,49,oracolo,2,0.105,0.8732400396408373,2,64,False,0.02975,3.0
ton->unsw,49,stat_13x13,2,0.105,0.6623194480622197,2,64,False,0.02975,3.0
ton->unsw,49,martingala,2,0.105,0.8741936353102854,0,0,False,0.02975,3.0
ton->unsw,49,stat_13x13_adaptive,2,0.105,0.8601894682984746,2,64,False,0.02975,3.0
ton->unsw,49,statico,3,0.158,0.8315399259192109,0,0,False,0.02865,3.0
ton->unsw,49,ogni_batch,3,0.158,0.7978453714321592,3,96,False,0.02865,3.0
ton->unsw,49,su_innesco,3,0.158,0.8315399259192109,0,0,False,0.02865,3.0
ton->unsw,49,oracolo,3,0.158,0.8373614617039251,3,96,False,0.02865,3.0
ton->unsw,49,stat_13x13,3,0.158,0.6870355522963112,3,96,False,0.02865,3.0
ton->unsw,49,martingala,3,0.158,0.8315399259192109,0,0,False,0.02865,3.0
ton->unsw,49,stat_13x13_adaptive,3,0.158,0.8115597836895412,3,96,False,0.02865,3.0
ton->unsw,49,statico,4,0.211,0.7855440779472999,0,0,False,0.02785,3.0
ton->unsw,49,ogni_batch,4,0.211,0.7549746887549991,4,128,False,0.02785,3.0
ton->unsw,49,su_innesco,4,0.211,0.7855440779472999,0,0,False,0.02785,3.0
ton->unsw,49,oracolo,4,0.211,0.8025553374593557,4,128,False,0.02785,3.0
ton->unsw,49,stat_13x13,4,0.211,0.7592806569947972,4,128,False,0.02785,3.0
ton->unsw,49,martingala,4,0.211,0.7855440779472999,0,0,False,0.02785,3.0
ton->unsw,49,stat_13x13_adaptive,4,0.211,0.772633644603498,4,128,False,0.02785,3.0
ton->unsw,49,statico,5,0.263,0.7461105014015048,0,0,False,0.0286,3.0
ton->unsw,49,ogni_batch,5,0.263,0.7208590502017282,5,160,False,0.0286,3.0
ton->unsw,49,su_innesco,5,0.263,0.7461105014015048,0,0,False,0.0286,3.0
ton->unsw,49,oracolo,5,0.263,0.786655306276941,5,160,False,0.0286,3.0
ton->unsw,49,stat_13x13,5,0.263,0.7489090199929782,5,160,False,0.0286,3.0
ton->unsw,49,martingala,5,0.263,0.7461105014015048,0,0,False,0.0286,3.0
ton->unsw,49,stat_13x13_adaptive,5,0.263,0.7694142160630024,5,160,False,0.0286,3.0
ton->unsw,49,statico,6,0.316,0.7024763321563102,0,0,False,0.0292,3.0
ton->unsw,49,ogni_batch,6,0.316,0.735378196102108,6,192,False,0.0292,3.0
ton->unsw,49,su_innesco,6,0.316,0.7024763321563102,0,0,False,0.0292,3.0
ton->unsw,49,oracolo,6,0.316,0.7507654186775362,6,192,False,0.0292,3.0
ton->unsw,49,stat_13x13,6,0.316,0.7793072607480125,6,192,False,0.0292,3.0
ton->unsw,49,martingala,6,0.316,0.7024763321563102,0,0,False,0.0292,3.0
ton->unsw,49,stat_13x13_adaptive,6,0.316,0.768313957290653,6,192,False,0.0292,3.0
ton->unsw,49,statico,7,0.368,0.6670537284556575,0,0,False,0.0284,3.0
ton->unsw,49,ogni_batch,7,0.368,0.7168147243153968,7,224,False,0.0284,3.0
ton->unsw,49,su_innesco,7,0.368,0.6670537284556575,0,0,False,0.0284,3.0
ton->unsw,49,oracolo,7,0.368,0.7441004150757209,7,224,False,0.0284,3.0
ton->unsw,49,stat_13x13,7,0.368,0.7687410837027877,7,224,False,0.0284,3.0
ton->unsw,49,martingala,7,0.368,0.6670537284556575,0,0,False,0.0284,3.0
ton->unsw,49,stat_13x13_adaptive,7,0.368,0.7683433969520808,7,224,False,0.0284,3.0
ton->unsw,49,statico,8,0.421,0.6215402367833395,0,0,False,0.0288,3.0
ton->unsw,49,ogni_batch,8,0.421,0.7029248003285453,8,256,False,0.0288,3.0
ton->unsw,49,su_innesco,8,0.421,0.6215402367833395,0,0,False,0.0288,3.0
ton->unsw,49,oracolo,8,0.421,0.7147059501665207,8,256,False,0.0288,3.0
ton->unsw,49,stat_13x13,8,0.421,0.757153273035817,8,256,False,0.0288,3.0
ton->unsw,49,martingala,8,0.421,0.6215402367833395,0,0,False,0.0288,3.0
ton->unsw,49,stat_13x13_adaptive,8,0.421,0.769414783197709,8,256,False,0.0288,3.0
ton->unsw,49,statico,9,0.474,0.586858306084209,0,0,False,0.02885,3.0
ton->unsw,49,ogni_batch,9,0.474,0.6655594796335758,9,288,False,0.02885,3.0
ton->unsw,49,su_innesco,9,0.474,0.586858306084209,0,0,False,0.02885,3.0
ton->unsw,49,oracolo,9,0.474,0.6870374920395816,9,288,False,0.02885,3.0
ton->unsw,49,stat_13x13,9,0.474,0.7389966351923972,9,288,False,0.02885,3.0
ton->unsw,49,martingala,9,0.474,0.586858306084209,0,0,False,0.02885,3.0
ton->unsw,49,stat_13x13_adaptive,9,0.474,0.7126126322654126,9,288,False,0.02885,3.0
ton->unsw,49,statico,10,0.526,0.5457544593245559,0,0,False,0.02825,3.0
ton->unsw,49,ogni_batch,10,0.526,0.6684195532199431,10,320,False,0.02825,3.0
ton->unsw,49,su_innesco,10,0.526,0.5457544593245559,0,0,False,0.02825,3.0
ton->unsw,49,oracolo,10,0.526,0.6855693526209715,10,320,False,0.02825,3.0
ton->unsw,49,stat_13x13,10,0.526,0.7018013881825544,10,320,False,0.02825,3.0
ton->unsw,49,martingala,10,0.526,0.5457544593245559,0,0,False,0.02825,3.0
ton->unsw,49,stat_13x13_adaptive,10,0.526,0.6649644007458891,10,320,False,0.02825,3.0
ton->unsw,49,statico,11,0.579,0.5127516911834775,0,0,False,0.0275,3.0
ton->unsw,49,ogni_batch,11,0.579,0.6752661760752472,11,352,False,0.0275,3.0
ton->unsw,49,su_innesco,11,0.579,0.5127516911834775,0,0,False,0.0275,3.0
ton->unsw,49,oracolo,11,0.579,0.6562242435359247,11,352,False,0.0275,3.0
ton->unsw,49,stat_13x13,11,0.579,0.7014390684772616,11,352,False,0.0275,3.0
ton->unsw,49,martingala,11,0.579,0.5127516911834775,0,0,False,0.0275,3.0
ton->unsw,49,stat_13x13_adaptive,11,0.579,0.6822899806974738,11,352,False,0.0275,3.0
ton->unsw,49,statico,12,0.632,0.47046007106315596,0,0,False,0.02895,3.0
ton->unsw,49,ogni_batch,12,0.632,0.711269087002653,12,384,False,0.02895,3.0
ton->unsw,49,su_innesco,12,0.632,0.47046007106315596,0,0,False,0.02895,3.0
ton->unsw,49,oracolo,12,0.632,0.6628060059211168,12,384,False,0.02895,3.0
ton->unsw,49,stat_13x13,12,0.632,0.6706379797035632,12,384,False,0.02895,3.0
ton->unsw,49,martingala,12,0.632,0.47046007106315596,0,0,False,0.02895,3.0
ton->unsw,49,stat_13x13_adaptive,12,0.632,0.6709487148023918,12,384,False,0.02895,3.0
ton->unsw,49,statico,13,0.684,0.4347807798539801,0,0,False,0.02625,3.0
ton->unsw,49,ogni_batch,13,0.684,0.7474281473048072,13,416,False,0.02625,3.0
ton->unsw,49,su_innesco,13,0.684,0.4347807798539801,0,0,False,0.02625,3.0
ton->unsw,49,oracolo,13,0.684,0.6756434208313657,13,416,False,0.02625,3.0
ton->unsw,49,stat_13x13,13,0.684,0.6875992991222893,13,416,False,0.02625,3.0
ton->unsw,49,martingala,13,0.684,0.4347807798539801,0,0,False,0.02625,3.0
ton->unsw,49,stat_13x13_adaptive,13,0.684,0.6739315644127486,13,416,False,0.02625,3.0
ton->unsw,49,statico,14,0.737,0.3934997265523904,0,0,False,0.0242,3.0
ton->unsw,49,ogni_batch,14,0.737,0.7380283008727588,14,448,False,0.0242,3.0
ton->unsw,49,su_innesco,14,0.737,0.3934997265523904,0,0,False,0.0242,3.0
ton->unsw,49,oracolo,14,0.737,0.6632484730310817,14,448,False,0.0242,3.0
ton->unsw,49,stat_13x13,14,0.737,0.6668472145355182,14,448,False,0.0242,3.0
ton->unsw,49,martingala,14,0.737,0.3934997265523904,0,0,False,0.0242,3.0
ton->unsw,49,stat_13x13_adaptive,14,0.737,0.697188259267255,14,448,False,0.0242,3.0
ton->unsw,49,statico,15,0.789,0.3609618103268827,0,0,False,0.0267,3.0
ton->unsw,49,ogni_batch,15,0.789,0.735390454932137,15,480,False,0.0267,3.0
ton->unsw,49,su_innesco,15,0.789,0.3609618103268827,0,0,False,0.0267,3.0
ton->unsw,49,oracolo,15,0.789,0.741903720725195,15,480,False,0.0267,3.0
ton->unsw,49,stat_13x13,15,0.789,0.6330576586714418,15,480,False,0.0267,3.0
ton->unsw,49,martingala,15,0.789,0.3609618103268827,0,0,False,0.0267,3.0
ton->unsw,49,stat_13x13_adaptive,15,0.789,0.6244281192313169,15,480,False,0.0267,3.0
ton->unsw,49,statico,16,0.842,0.32604145028327847,0,0,False,0.0271,3.0
ton->unsw,49,ogni_batch,16,0.842,0.7383290803623005,16,512,False,0.0271,3.0
ton->unsw,49,su_innesco,16,0.842,0.32604145028327847,0,0,False,0.0271,3.0
ton->unsw,49,oracolo,16,0.842,0.7103664479356668,16,512,False,0.0271,3.0
ton->unsw,49,stat_13x13,16,0.842,0.6572380421204196,16,512,False,0.0271,3.0
ton->unsw,49,martingala,16,0.842,0.32604145028327847,0,0,False,0.0271,3.0
ton->unsw,49,stat_13x13_adaptive,16,0.842,0.631858849499603,16,512,False,0.0271,3.0
ton->unsw,49,statico,17,0.895,0.2957935237460345,0,0,False,0.0269,3.0
ton->unsw,49,ogni_batch,17,0.895,0.7253142981283478,17,544,False,0.0269,3.0
ton->unsw,49,su_innesco,17,0.895,0.2957935237460345,0,0,False,0.0269,3.0
ton->unsw,49,oracolo,17,0.895,0.7311742619071886,17,544,False,0.0269,3.0
ton->unsw,49,stat_13x13,17,0.895,0.6846174102148029,17,544,False,0.0269,3.0
ton->unsw,49,martingala,17,0.895,0.2957935237460345,0,0,False,0.0269,3.0
ton->unsw,49,stat_13x13_adaptive,17,0.895,0.6213886793560708,17,544,False,0.0269,3.0
ton->unsw,49,statico,18,0.947,0.25476917165843377,0,0,False,0.0251,3.0
ton->unsw,49,ogni_batch,18,0.947,0.7389747012193368,18,576,False,0.0251,3.0
ton->unsw,49,su_innesco,18,0.947,0.25476917165843377,0,0,False,0.0251,3.0
ton->unsw,49,oracolo,18,0.947,0.7360635252661187,18,576,False,0.0251,3.0
ton->unsw,49,stat_13x13,18,0.947,0.721482250944044,18,576,False,0.0251,3.0
ton->unsw,49,martingala,18,0.947,0.25476917165843377,0,0,False,0.0251,3.0
ton->unsw,49,stat_13x13_adaptive,18,0.947,0.6331325448501042,18,576,False,0.0251,3.0
ton->unsw,49,statico,19,1.0,0.22138958218065724,0,0,False,0.0259,3.0
ton->unsw,49,ogni_batch,19,1.0,0.7513723276794919,19,608,False,0.0259,3.0
ton->unsw,49,su_innesco,19,1.0,0.22138958218065724,0,0,False,0.0259,3.0
ton->unsw,49,oracolo,19,1.0,0.7410753175964313,19,608,False,0.0259,3.0
ton->unsw,49,stat_13x13,19,1.0,0.6678455165560996,19,608,False,0.0259,3.0
ton->unsw,49,martingala,19,1.0,0.22138958218065724,0,0,False,0.0259,3.0
ton->unsw,49,stat_13x13_adaptive,19,1.0,0.6556365262766327,19,608,False,0.0259,3.0
ton->unsw,50,statico,0,0.0,0.9705218750012129,0,0,False,0.0364,3.0
ton->unsw,50,ogni_batch,0,0.0,0.9705218750012129,0,0,False,0.0364,3.0
ton->unsw,50,su_innesco,0,0.0,0.9705218750012129,0,0,False,0.0364,3.0
ton->unsw,50,oracolo,0,0.0,0.9705218750012129,0,0,False,0.0364,3.0
ton->unsw,50,stat_13x13,0,0.0,0.9705218750012129,0,0,False,0.0364,3.0
ton->unsw,50,martingala,0,0.0,0.9705218750012129,0,0,False,0.0364,3.0
ton->unsw,50,stat_13x13_adaptive,0,0.0,0.9705218750012129,0,0,False,0.0364,3.0
ton->unsw,50,statico,1,0.053,0.92558300259779,0,0,False,0.0373,3.0
ton->unsw,50,ogni_batch,1,0.053,0.9136980744036165,1,32,False,0.0373,3.0
ton->unsw,50,su_innesco,1,0.053,0.92558300259779,0,0,False,0.0373,3.0
ton->unsw,50,oracolo,1,0.053,0.9219155201492271,1,32,False,0.0373,3.0
ton->unsw,50,stat_13x13,1,0.053,0.9284837573965115,1,32,False,0.0373,3.0
ton->unsw,50,martingala,1,0.053,0.92558300259779,0,0,False,0.0373,3.0
ton->unsw,50,stat_13x13_adaptive,1,0.053,0.9289798941971295,1,32,False,0.0373,3.0
ton->unsw,50,statico,2,0.105,0.8793224017242252,0,0,False,0.03865,3.0
ton->unsw,50,ogni_batch,2,0.105,0.8601725946009089,2,64,False,0.03865,3.0
ton->unsw,50,su_innesco,2,0.105,0.8793224017242252,0,0,False,0.03865,3.0
ton->unsw,50,oracolo,2,0.105,0.8721148000962315,2,64,False,0.03865,3.0
ton->unsw,50,stat_13x13,2,0.105,0.8053057385818558,2,64,False,0.03865,3.0
ton->unsw,50,martingala,2,0.105,0.8793224017242252,0,0,False,0.03865,3.0
ton->unsw,50,stat_13x13_adaptive,2,0.105,0.6848416829396544,2,64,False,0.03865,3.0
ton->unsw,50,statico,3,0.158,0.8328674989063043,0,0,False,0.03605,3.0
ton->unsw,50,ogni_batch,3,0.158,0.7822972516836793,3,96,False,0.03605,3.0
ton->unsw,50,su_innesco,3,0.158,0.8328674989063043,0,0,False,0.03605,3.0
ton->unsw,50,oracolo,3,0.158,0.8395603553333606,3,96,False,0.03605,3.0
ton->unsw,50,stat_13x13,3,0.158,0.7895240060459959,3,96,False,0.03605,3.0
ton->unsw,50,martingala,3,0.158,0.8328674989063043,0,0,False,0.03605,3.0
ton->unsw,50,stat_13x13_adaptive,3,0.158,0.6831704022238172,3,96,False,0.03605,3.0
ton->unsw,50,statico,4,0.211,0.7929275864210443,0,0,False,0.04035,3.0
ton->unsw,50,ogni_batch,4,0.211,0.768372643359569,4,128,False,0.04035,3.0
ton->unsw,50,su_innesco,4,0.211,0.7929275864210443,0,0,False,0.04035,3.0
ton->unsw,50,oracolo,4,0.211,0.7990957904060874,4,128,False,0.04035,3.0
ton->unsw,50,stat_13x13,4,0.211,0.7718636825693591,4,128,False,0.04035,3.0
ton->unsw,50,martingala,4,0.211,0.7929275864210443,0,0,False,0.04035,3.0
ton->unsw,50,stat_13x13_adaptive,4,0.211,0.699378603600659,4,128,False,0.04035,3.0
ton->unsw,50,statico,5,0.263,0.7499554252318004,0,0,False,0.0387,3.0
ton->unsw,50,ogni_batch,5,0.263,0.7171264403381534,5,160,False,0.0387,3.0
ton->unsw,50,su_innesco,5,0.263,0.7499554252318004,0,0,False,0.0387,3.0
ton->unsw,50,oracolo,5,0.263,0.7569753768061397,5,160,False,0.0387,3.0
ton->unsw,50,stat_13x13,5,0.263,0.7233936884885432,5,160,False,0.0387,3.0
ton->unsw,50,martingala,5,0.263,0.7499554252318004,0,0,False,0.0387,3.0
ton->unsw,50,stat_13x13_adaptive,5,0.263,0.6831015828331692,5,160,False,0.0387,3.0
ton->unsw,50,statico,6,0.316,0.7112131869541968,0,0,False,0.0405,3.0
ton->unsw,50,ogni_batch,6,0.316,0.7257472503276063,6,192,False,0.0405,3.0
ton->unsw,50,su_innesco,6,0.316,0.7112131869541968,0,0,False,0.0405,3.0
ton->unsw,50,oracolo,6,0.316,0.722712465733871,6,192,False,0.0405,3.0
ton->unsw,50,stat_13x13,6,0.316,0.6843165819137724,6,192,False,0.0405,3.0
ton->unsw,50,martingala,6,0.316,0.7112131869541968,0,0,False,0.0405,3.0
ton->unsw,50,stat_13x13_adaptive,6,0.316,0.6615325679368343,6,192,False,0.0405,3.0
ton->unsw,50,statico,7,0.368,0.66886962684125,0,0,False,0.0426,3.0
ton->unsw,50,ogni_batch,7,0.368,0.6654413117752552,7,224,False,0.0426,3.0
ton->unsw,50,su_innesco,7,0.368,0.66886962684125,0,0,False,0.0426,3.0
ton->unsw,50,oracolo,7,0.368,0.6876607262851835,7,224,False,0.0426,3.0
ton->unsw,50,stat_13x13,7,0.368,0.733608676657335,7,224,False,0.0426,3.0
ton->unsw,50,martingala,7,0.368,0.66886962684125,0,0,False,0.0426,3.0
ton->unsw,50,stat_13x13_adaptive,7,0.368,0.652645252845281,7,224,False,0.0426,3.0
ton->unsw,50,statico,8,0.421,0.6278792546283712,0,0,False,0.045,3.0
ton->unsw,50,ogni_batch,8,0.421,0.6389643924979613,8,256,False,0.045,3.0
ton->unsw,50,su_innesco,8,0.421,0.6278792546283712,0,0,False,0.045,3.0
ton->unsw,50,oracolo,8,0.421,0.6500386578478452,8,256,False,0.045,3.0
ton->unsw,50,stat_13x13,8,0.421,0.6275053607562442,8,256,False,0.045,3.0
ton->unsw,50,martingala,8,0.421,0.6278792546283712,0,0,False,0.045,3.0
ton->unsw,50,stat_13x13_adaptive,8,0.421,0.6466989822113497,8,256,False,0.045,3.0
ton->unsw,50,statico,9,0.474,0.5931176886223098,0,0,False,0.0408,3.0
ton->unsw,50,ogni_batch,9,0.474,0.6068948607319493,9,288,False,0.0408,3.0
ton->unsw,50,su_innesco,9,0.474,0.5931176886223098,0,0,False,0.0408,3.0
ton->unsw,50,oracolo,9,0.474,0.6205347716364876,9,288,False,0.0408,3.0
ton->unsw,50,stat_13x13,9,0.474,0.6879721283759191,9,288,False,0.0408,3.0
ton->unsw,50,martingala,9,0.474,0.5931176886223098,0,0,False,0.0408,3.0
ton->unsw,50,stat_13x13_adaptive,9,0.474,0.6344826110978795,9,288,False,0.0408,3.0
ton->unsw,50,statico,10,0.526,0.553400428824637,0,0,False,0.0435,3.0
ton->unsw,50,ogni_batch,10,0.526,0.5967659377275116,10,320,False,0.0435,3.0
ton->unsw,50,su_innesco,10,0.526,0.553400428824637,0,0,False,0.0435,3.0
ton->unsw,50,oracolo,10,0.526,0.5913103615370412,10,320,False,0.0435,3.0
ton->unsw,50,stat_13x13,10,0.526,0.6387582903940223,10,320,False,0.0435,3.0
ton->unsw,50,martingala,10,0.526,0.553400428824637,0,0,False,0.0435,3.0
ton->unsw,50,stat_13x13_adaptive,10,0.526,0.6362653796438851,10,320,False,0.0435,3.0
ton->unsw,50,statico,11,0.579,0.5164512264882627,0,0,False,0.04265,3.0
ton->unsw,50,ogni_batch,11,0.579,0.5586770140342217,11,352,False,0.04265,3.0
ton->unsw,50,su_innesco,11,0.579,0.5164512264882627,0,0,False,0.04265,3.0
ton->unsw,50,oracolo,11,0.579,0.551457350448447,11,352,False,0.04265,3.0
ton->unsw,50,stat_13x13,11,0.579,0.621156381494059,11,352,False,0.04265,3.0
ton->unsw,50,martingala,11,0.579,0.5164512264882627,0,0,False,0.04265,3.0
ton->unsw,50,stat_13x13_adaptive,11,0.579,0.6174937619832507,11,352,False,0.04265,3.0
ton->unsw,50,statico,12,0.632,0.4770741795172726,0,0,False,0.04385,3.0
ton->unsw,50,ogni_batch,12,0.632,0.5133799336699414,12,384,False,0.04385,3.0
ton->unsw,50,su_innesco,12,0.632,0.4770741795172726,0,0,False,0.04385,3.0
ton->unsw,50,oracolo,12,0.632,0.5294446727927042,12,384,False,0.04385,3.0
ton->unsw,50,stat_13x13,12,0.632,0.6139293018734648,12,384,False,0.04385,3.0
ton->unsw,50,martingala,12,0.632,0.4770741795172726,0,0,False,0.04385,3.0
ton->unsw,50,stat_13x13_adaptive,12,0.632,0.6136876787039669,12,384,False,0.04385,3.0
ton->unsw,50,statico,13,0.684,0.44016675139326156,0,0,False,0.04555,3.0
ton->unsw,50,ogni_batch,13,0.684,0.564057169360827,13,416,False,0.04555,3.0
ton->unsw,50,su_innesco,13,0.684,0.44016675139326156,0,0,False,0.04555,3.0
ton->unsw,50,oracolo,13,0.684,0.5007120397582274,13,416,False,0.04555,3.0
ton->unsw,50,stat_13x13,13,0.684,0.6009756012860987,13,416,False,0.04555,3.0
ton->unsw,50,martingala,13,0.684,0.44016675139326156,0,0,False,0.04555,3.0
ton->unsw,50,stat_13x13_adaptive,13,0.684,0.6016083234970484,13,416,False,0.04555,3.0
ton->unsw,50,statico,14,0.737,0.4074683819179271,0,0,False,0.0454,3.0
ton->unsw,50,ogni_batch,14,0.737,0.6698828764064788,14,448,False,0.0454,3.0
ton->unsw,50,su_innesco,14,0.737,0.4074683819179271,0,0,False,0.0454,3.0
ton->unsw,50,oracolo,14,0.737,0.6089344343333136,14,448,False,0.0454,3.0
ton->unsw,50,stat_13x13,14,0.737,0.5995573951990595,14,448,False,0.0454,3.0
ton->unsw,50,martingala,14,0.737,0.4074683819179271,0,0,False,0.0454,3.0
ton->unsw,50,stat_13x13_adaptive,14,0.737,0.5783234126595227,14,448,False,0.0454,3.0
ton->unsw,50,statico,15,0.789,0.37001320879066124,0,0,False,0.0471,3.0
ton->unsw,50,ogni_batch,15,0.789,0.6983087657653669,15,480,False,0.0471,3.0
ton->unsw,50,su_innesco,15,0.789,0.37001320879066124,0,0,False,0.0471,3.0
ton->unsw,50,oracolo,15,0.789,0.7057348233334331,15,480,False,0.0471,3.0
ton->unsw,50,stat_13x13,15,0.789,0.5750669132474877,15,480,False,0.0471,3.0
ton->unsw,50,martingala,15,0.789,0.37001320879066124,0,0,False,0.0471,3.0
ton->unsw,50,stat_13x13_adaptive,15,0.789,0.577512228818303,15,480,False,0.0471,3.0
ton->unsw,50,statico,16,0.842,0.33627657943122224,0,0,False,0.0489,3.0
ton->unsw,50,ogni_batch,16,0.842,0.6983639930415002,16,512,False,0.0489,3.0
ton->unsw,50,su_innesco,16,0.842,0.33627657943122224,0,0,False,0.0489,3.0
ton->unsw,50,oracolo,16,0.842,0.6926391818466988,16,512,False,0.0489,3.0
ton->unsw,50,stat_13x13,16,0.842,0.6997131749579171,16,512,False,0.0489,3.0
ton->unsw,50,martingala,16,0.842,0.33627657943122224,0,0,False,0.0489,3.0
ton->unsw,50,stat_13x13_adaptive,16,0.842,0.6825129865844508,16,512,False,0.0489,3.0
ton->unsw,50,statico,17,0.895,0.30170395572738246,0,0,False,0.0448,3.0
ton->unsw,50,ogni_batch,17,0.895,0.7157682270112158,17,544,False,0.0448,3.0
ton->unsw,50,su_innesco,17,0.895,0.30170395572738246,0,0,False,0.0448,3.0
ton->unsw,50,oracolo,17,0.895,0.7171360614112269,17,544,False,0.0448,3.0
ton->unsw,50,stat_13x13,17,0.895,0.5721771721539234,17,544,False,0.0448,3.0
ton->unsw,50,martingala,17,0.895,0.30170395572738246,0,0,False,0.0448,3.0
ton->unsw,50,stat_13x13_adaptive,17,0.895,0.5719515994633952,17,544,False,0.0448,3.0
ton->unsw,50,statico,18,0.947,0.2648659183445698,0,0,False,0.04865,3.0
ton->unsw,50,ogni_batch,18,0.947,0.7278469411670323,18,576,False,0.04865,3.0
ton->unsw,50,su_innesco,18,0.947,0.2648659183445698,0,0,False,0.04865,3.0
ton->unsw,50,oracolo,18,0.947,0.7130425050331023,18,576,False,0.04865,3.0
ton->unsw,50,stat_13x13,18,0.947,0.6620257198649069,18,576,False,0.04865,3.0
ton->unsw,50,martingala,18,0.947,0.2648659183445698,0,0,False,0.04865,3.0
ton->unsw,50,stat_13x13_adaptive,18,0.947,0.6597031861602882,18,576,False,0.04865,3.0
ton->unsw,50,statico,19,1.0,0.23474375516289636,0,0,False,0.04895,3.0
ton->unsw,50,ogni_batch,19,1.0,0.752554585786309,19,608,False,0.04895,3.0
ton->unsw,50,su_innesco,19,1.0,0.23474375516289636,0,0,False,0.04895,3.0
ton->unsw,50,oracolo,19,1.0,0.7386210388904246,19,608,False,0.04895,3.0
ton->unsw,50,stat_13x13,19,1.0,0.6645968636754003,19,608,False,0.04895,3.0
ton->unsw,50,martingala,19,1.0,0.23474375516289636,0,0,False,0.04895,3.0
ton->unsw,50,stat_13x13_adaptive,19,1.0,0.6523760431509377,19,608,False,0.04895,3.0
ton->unsw,51,statico,0,0.0,0.9698497909593583,0,0,False,0.02605,3.0
ton->unsw,51,ogni_batch,0,0.0,0.9698497909593583,0,0,False,0.02605,3.0
ton->unsw,51,su_innesco,0,0.0,0.9698497909593583,0,0,False,0.02605,3.0
ton->unsw,51,oracolo,0,0.0,0.9698497909593583,0,0,False,0.02605,3.0
ton->unsw,51,stat_13x13,0,0.0,0.9698497909593583,0,0,False,0.02605,3.0
ton->unsw,51,martingala,0,0.0,0.9698497909593583,0,0,False,0.02605,3.0
ton->unsw,51,stat_13x13_adaptive,0,0.0,0.9698497909593583,0,0,False,0.02605,3.0
ton->unsw,51,statico,1,0.053,0.9242334361190373,0,0,False,0.02565,3.0
ton->unsw,51,ogni_batch,1,0.053,0.8468185249847451,1,32,False,0.02565,3.0
ton->unsw,51,su_innesco,1,0.053,0.9242334361190373,0,0,False,0.02565,3.0
ton->unsw,51,oracolo,1,0.053,0.9268781488418589,1,32,False,0.02565,3.0
ton->unsw,51,stat_13x13,1,0.053,0.6335946792955629,1,32,False,0.02565,3.0
ton->unsw,51,martingala,1,0.053,0.9242334361190373,0,0,False,0.02565,3.0
ton->unsw,51,stat_13x13_adaptive,1,0.053,0.8367532346890911,1,32,False,0.02565,3.0
ton->unsw,51,statico,2,0.105,0.8768125441680201,0,0,False,0.0233,3.0
ton->unsw,51,ogni_batch,2,0.105,0.8237932941188194,2,64,False,0.0233,3.0
ton->unsw,51,su_innesco,2,0.105,0.8768125441680201,0,0,False,0.0233,3.0
ton->unsw,51,oracolo,2,0.105,0.8815508091637241,2,64,False,0.0233,3.0
ton->unsw,51,stat_13x13,2,0.105,0.6696202518828813,2,64,False,0.0233,3.0
ton->unsw,51,martingala,2,0.105,0.8768125441680201,0,0,False,0.0233,3.0
ton->unsw,51,stat_13x13_adaptive,2,0.105,0.803853649596741,2,64,False,0.0233,3.0
ton->unsw,51,statico,3,0.158,0.8345222372012348,0,0,False,0.024,3.0
ton->unsw,51,ogni_batch,3,0.158,0.846213535522703,3,96,False,0.024,3.0
ton->unsw,51,su_innesco,3,0.158,0.8345222372012348,0,0,False,0.024,3.0
ton->unsw,51,oracolo,3,0.158,0.8410281352961197,3,96,False,0.024,3.0
ton->unsw,51,stat_13x13,3,0.158,0.6611596395669467,3,96,False,0.024,3.0
ton->unsw,51,martingala,3,0.158,0.8345222372012348,0,0,False,0.024,3.0
ton->unsw,51,stat_13x13_adaptive,3,0.158,0.7919679394417272,3,96,False,0.024,3.0
ton->unsw,51,statico,4,0.211,0.784799441745017,0,0,False,0.02275,3.0
ton->unsw,51,ogni_batch,4,0.211,0.7957885457795607,4,128,False,0.02275,3.0
ton->unsw,51,su_innesco,4,0.211,0.784799441745017,0,0,False,0.02275,3.0
ton->unsw,51,oracolo,4,0.211,0.7882499056550469,4,128,False,0.02275,3.0
ton->unsw,51,stat_13x13,4,0.211,0.6646725707363246,4,128,False,0.02275,3.0
ton->unsw,51,martingala,4,0.211,0.784799441745017,0,0,False,0.02275,3.0
ton->unsw,51,stat_13x13_adaptive,4,0.211,0.7946431201325908,4,128,False,0.02275,3.0
ton->unsw,51,statico,5,0.263,0.7449274804261328,0,0,False,0.0232,3.0
ton->unsw,51,ogni_batch,5,0.263,0.7793011166730843,5,160,False,0.0232,3.0
ton->unsw,51,su_innesco,5,0.263,0.7449274804261328,0,0,False,0.0232,3.0
ton->unsw,51,oracolo,5,0.263,0.8116583237068412,5,160,False,0.0232,3.0
ton->unsw,51,stat_13x13,5,0.263,0.6392523424464125,5,160,False,0.0232,3.0
ton->unsw,51,martingala,5,0.263,0.7449274804261328,0,0,False,0.0232,3.0
ton->unsw,51,stat_13x13_adaptive,5,0.263,0.7665177769220897,5,160,False,0.0232,3.0
ton->unsw,51,statico,6,0.316,0.7073488464363868,0,0,False,0.02275,3.0
ton->unsw,51,ogni_batch,6,0.316,0.7746412055409523,6,192,False,0.02275,3.0
ton->unsw,51,su_innesco,6,0.316,0.7073488464363868,0,0,False,0.02275,3.0
ton->unsw,51,oracolo,6,0.316,0.7741089478318482,6,192,False,0.02275,3.0
ton->unsw,51,stat_13x13,6,0.316,0.6073083406782054,6,192,False,0.02275,3.0
ton->unsw,51,martingala,6,0.316,0.7073488464363868,0,0,False,0.02275,3.0
ton->unsw,51,stat_13x13_adaptive,6,0.316,0.7854276765703314,6,192,False,0.02275,3.0
ton->unsw,51,statico,7,0.368,0.6646564838670102,0,0,False,0.02235,3.0
ton->unsw,51,ogni_batch,7,0.368,0.7241363022941971,7,224,False,0.02235,3.0
ton->unsw,51,su_innesco,7,0.368,0.6646564838670102,0,0,False,0.02235,3.0
ton->unsw,51,oracolo,7,0.368,0.76315666789351,7,224,False,0.02235,3.0
ton->unsw,51,stat_13x13,7,0.368,0.6005858176910809,7,224,False,0.02235,3.0
ton->unsw,51,martingala,7,0.368,0.6646564838670102,0,0,False,0.02235,3.0
ton->unsw,51,stat_13x13_adaptive,7,0.368,0.7456477732793523,7,224,False,0.02235,3.0
ton->unsw,51,statico,8,0.421,0.6241265953232132,0,0,False,0.0222,3.0
ton->unsw,51,ogni_batch,8,0.421,0.6956599658616205,8,256,False,0.0222,3.0
ton->unsw,51,su_innesco,8,0.421,0.6241265953232132,0,0,False,0.0222,3.0
ton->unsw,51,oracolo,8,0.421,0.7674593371114385,8,256,False,0.0222,3.0
ton->unsw,51,stat_13x13,8,0.421,0.6531036464864166,8,256,False,0.0222,3.0
ton->unsw,51,martingala,8,0.421,0.6241265953232132,0,0,False,0.0222,3.0
ton->unsw,51,stat_13x13_adaptive,8,0.421,0.7454690855413144,8,256,False,0.0222,3.0
ton->unsw,51,statico,9,0.474,0.5855981075157212,0,0,False,0.0232,3.0
ton->unsw,51,ogni_batch,9,0.474,0.6995538416116556,9,288,False,0.0232,3.0
ton->unsw,51,su_innesco,9,0.474,0.5855981075157212,0,0,False,0.0232,3.0
ton->unsw,51,oracolo,9,0.474,0.7438751978438152,9,288,False,0.0232,3.0
ton->unsw,51,stat_13x13,9,0.474,0.6217628275134548,9,288,False,0.0232,3.0
ton->unsw,51,martingala,9,0.474,0.5855981075157212,0,0,False,0.0232,3.0
ton->unsw,51,stat_13x13_adaptive,9,0.474,0.6128628934566697,9,288,False,0.0232,3.0
ton->unsw,51,statico,10,0.526,0.5452459874251528,0,0,False,0.022,3.0
ton->unsw,51,ogni_batch,10,0.526,0.6667821704577852,10,320,False,0.022,3.0
ton->unsw,51,su_innesco,10,0.526,0.5452459874251528,0,0,False,0.022,3.0
ton->unsw,51,oracolo,10,0.526,0.707733345514518,10,320,False,0.022,3.0
ton->unsw,51,stat_13x13,10,0.526,0.6687174149988927,10,320,False,0.022,3.0
ton->unsw,51,martingala,10,0.526,0.5452459874251528,0,0,False,0.022,3.0
ton->unsw,51,stat_13x13_adaptive,10,0.526,0.6292759669244232,10,320,False,0.022,3.0
ton->unsw,51,statico,11,0.579,0.5100966510187335,0,0,False,0.02255,3.0
ton->unsw,51,ogni_batch,11,0.579,0.7380355483156098,11,352,False,0.02255,3.0
ton->unsw,51,su_innesco,11,0.579,0.5100966510187335,0,0,False,0.02255,3.0
ton->unsw,51,oracolo,11,0.579,0.7226425118598712,11,352,False,0.02255,3.0
ton->unsw,51,stat_13x13,11,0.579,0.6080028951944954,11,352,False,0.02255,3.0
ton->unsw,51,martingala,11,0.579,0.5100966510187335,0,0,False,0.02255,3.0
ton->unsw,51,stat_13x13_adaptive,11,0.579,0.5964847244653058,11,352,False,0.02255,3.0
ton->unsw,51,statico,12,0.632,0.4711849333714121,0,0,False,0.0212,3.0
ton->unsw,51,ogni_batch,12,0.632,0.7286340086304699,12,384,False,0.0212,3.0
ton->unsw,51,su_innesco,12,0.632,0.4711849333714121,0,0,False,0.0212,3.0
ton->unsw,51,oracolo,12,0.632,0.6923088119637733,12,384,False,0.0212,3.0
ton->unsw,51,stat_13x13,12,0.632,0.6054988522631233,12,384,False,0.0212,3.0
ton->unsw,51,martingala,12,0.632,0.4711849333714121,0,0,False,0.0212,3.0
ton->unsw,51,stat_13x13_adaptive,12,0.632,0.6048924880977318,12,384,False,0.0212,3.0
ton->unsw,51,statico,13,0.684,0.43817952129600424,0,0,False,0.02335,3.0
ton->unsw,51,ogni_batch,13,0.684,0.705114414399287,13,416,False,0.02335,3.0
ton->unsw,51,su_innesco,13,0.684,0.43817952129600424,0,0,False,0.02335,3.0
ton->unsw,51,oracolo,13,0.684,0.6643062940032725,13,416,False,0.02335,3.0
ton->unsw,51,stat_13x13,13,0.684,0.6166986884570707,13,416,False,0.02335,3.0
ton->unsw,51,martingala,13,0.684,0.43817952129600424,0,0,False,0.02335,3.0
ton->unsw,51,stat_13x13_adaptive,13,0.684,0.6098249461223635,13,416,False,0.02335,3.0
ton->unsw,51,statico,14,0.737,0.3991112550774927,0,0,False,0.0213,3.0
ton->unsw,51,ogni_batch,14,0.737,0.7434139792553309,14,448,False,0.0213,3.0
ton->unsw,51,su_innesco,14,0.737,0.3991112550774927,0,0,False,0.0213,3.0
ton->unsw,51,oracolo,14,0.737,0.7613303236103385,14,448,False,0.0213,3.0
ton->unsw,51,stat_13x13,14,0.737,0.6467517922414798,14,448,False,0.0213,3.0
ton->unsw,51,martingala,14,0.737,0.3991112550774927,0,0,False,0.0213,3.0
ton->unsw,51,stat_13x13_adaptive,14,0.737,0.5889066245247025,14,448,False,0.0213,3.0
ton->unsw,51,statico,15,0.789,0.3638989869042124,0,0,False,0.0219,3.0
ton->unsw,51,ogni_batch,15,0.789,0.7079112100885069,15,480,False,0.0219,3.0
ton->unsw,51,su_innesco,15,0.789,0.3638989869042124,0,0,False,0.0219,3.0
ton->unsw,51,oracolo,15,0.789,0.6124507125137151,15,480,False,0.0219,3.0
ton->unsw,51,stat_13x13,15,0.789,0.5737095410241465,15,480,False,0.0219,3.0
ton->unsw,51,martingala,15,0.789,0.3638989869042124,0,0,False,0.0219,3.0
ton->unsw,51,stat_13x13_adaptive,15,0.789,0.5687834876953952,15,480,False,0.0219,3.0
ton->unsw,51,statico,16,0.842,0.32920988914630556,0,0,False,0.02045,3.0
ton->unsw,51,ogni_batch,16,0.842,0.7006547330087416,16,512,False,0.02045,3.0
ton->unsw,51,su_innesco,16,0.842,0.32920988914630556,0,0,False,0.02045,3.0
ton->unsw,51,oracolo,16,0.842,0.7027892391279129,16,512,False,0.02045,3.0
ton->unsw,51,stat_13x13,16,0.842,0.580357261456278,16,512,False,0.02045,3.0
ton->unsw,51,martingala,16,0.842,0.32920988914630556,0,0,False,0.02045,3.0
ton->unsw,51,stat_13x13_adaptive,16,0.842,0.5668961204660563,16,512,False,0.02045,3.0
ton->unsw,51,statico,17,0.895,0.29195877803404835,0,0,False,0.0198,3.0
ton->unsw,51,ogni_batch,17,0.895,0.7160854777861895,17,544,False,0.0198,3.0
ton->unsw,51,su_innesco,17,0.895,0.29195877803404835,0,0,False,0.0198,3.0
ton->unsw,51,oracolo,17,0.895,0.7432600369424676,17,544,False,0.0198,3.0
ton->unsw,51,stat_13x13,17,0.895,0.6600876272366738,17,544,False,0.0198,3.0
ton->unsw,51,martingala,17,0.895,0.29195877803404835,0,0,False,0.0198,3.0
ton->unsw,51,stat_13x13_adaptive,17,0.895,0.5737219095078876,17,544,False,0.0198,3.0
ton->unsw,51,statico,18,0.947,0.26049077169876655,0,0,False,0.02095,3.0
ton->unsw,51,ogni_batch,18,0.947,0.7224259494280524,18,576,False,0.02095,3.0
ton->unsw,51,su_innesco,18,0.947,0.26049077169876655,0,0,False,0.02095,3.0
ton->unsw,51,oracolo,18,0.947,0.7356940251732789,18,576,False,0.02095,3.0
ton->unsw,51,stat_13x13,18,0.947,0.6654024725773237,18,576,False,0.02095,3.0
ton->unsw,51,martingala,18,0.947,0.26049077169876655,0,0,False,0.02095,3.0
ton->unsw,51,stat_13x13_adaptive,18,0.947,0.5737483692652096,18,576,False,0.02095,3.0
ton->unsw,51,statico,19,1.0,0.22356682588099136,0,0,False,0.02035,3.0
ton->unsw,51,ogni_batch,19,1.0,0.7376659027430417,19,608,False,0.02035,3.0
ton->unsw,51,su_innesco,19,1.0,0.22356682588099136,0,0,False,0.02035,3.0
ton->unsw,51,oracolo,19,1.0,0.7251743892697609,19,608,False,0.02035,3.0
ton->unsw,51,stat_13x13,19,1.0,0.7141229971524501,19,608,False,0.02035,3.0
ton->unsw,51,martingala,19,1.0,0.22356682588099136,0,0,False,0.02035,3.0
ton->unsw,51,stat_13x13_adaptive,19,1.0,0.6251013751715013,19,608,False,0.02035,3.0
bot->ton,42,statico,0,0.0,0.98985,0,0,False,0.049,3.0
bot->ton,42,ogni_batch,0,0.0,0.98985,0,0,False,0.049,3.0
bot->ton,42,su_innesco,0,0.0,0.98985,0,0,False,0.049,3.0
bot->ton,42,oracolo,0,0.0,0.98985,0,0,False,0.049,3.0
bot->ton,42,stat_13x13,0,0.0,0.98985,0,0,False,0.049,3.0
bot->ton,42,martingala,0,0.0,0.98985,0,0,False,0.049,3.0
bot->ton,42,stat_13x13_adaptive,0,0.0,0.98985,0,0,False,0.049,3.0
bot->ton,42,statico,1,0.053,0.9676585256812211,0,0,False,0.06175,3.0
bot->ton,42,ogni_batch,1,0.053,0.9676585256812211,1,32,False,0.06175,3.0
bot->ton,42,su_innesco,1,0.053,0.9676585256812211,0,0,False,0.06175,3.0
bot->ton,42,oracolo,1,0.053,0.9676585256812211,1,32,False,0.06175,3.0
bot->ton,42,stat_13x13,1,0.053,0.5,1,32,False,0.06175,3.0
bot->ton,42,martingala,1,0.053,0.9676585256812211,0,0,False,0.06175,3.0
bot->ton,42,stat_13x13_adaptive,1,0.053,0.5,1,32,False,0.06175,3.0
bot->ton,42,statico,2,0.105,0.9451649656926056,0,0,False,0.07585,3.0
bot->ton,42,ogni_batch,2,0.105,0.9451649656926056,2,64,False,0.07585,3.0
bot->ton,42,su_innesco,2,0.105,0.9451649656926056,0,0,False,0.07585,3.0
bot->ton,42,oracolo,2,0.105,0.9148856413041568,2,64,False,0.07585,3.0
bot->ton,42,stat_13x13,2,0.105,0.54453970823176,2,64,False,0.07585,3.0
bot->ton,42,martingala,2,0.105,0.9451649656926056,0,0,False,0.07585,3.0
bot->ton,42,stat_13x13_adaptive,2,0.105,0.550687691046128,2,64,False,0.07585,3.0
bot->ton,42,statico,3,0.158,0.9234932122901123,0,0,False,0.08865,3.0
bot->ton,42,ogni_batch,3,0.158,0.8789175548399424,3,96,False,0.08865,3.0
bot->ton,42,su_innesco,3,0.158,0.9234932122901123,0,0,False,0.08865,3.0
bot->ton,42,oracolo,3,0.158,0.9107668387866473,3,96,False,0.08865,3.0
bot->ton,42,stat_13x13,3,0.158,0.8697868850167072,3,96,False,0.08865,3.0
bot->ton,42,martingala,3,0.158,0.9234932122901123,0,0,False,0.08865,3.0
bot->ton,42,stat_13x13_adaptive,3,0.158,0.8048693604686386,3,96,False,0.08865,3.0
bot->ton,42,statico,4,0.211,0.9145922207998964,0,0,False,0.1025,3.0
bot->ton,42,ogni_batch,4,0.211,0.8721328157747554,4,128,False,0.1025,3.0
bot->ton,42,su_innesco,4,0.211,0.9145922207998964,0,0,False,0.1025,3.0
bot->ton,42,oracolo,4,0.211,0.898490459376373,4,128,False,0.1025,3.0
bot->ton,42,stat_13x13,4,0.211,0.7645296435194255,4,128,False,0.1025,3.0
bot->ton,42,martingala,4,0.211,0.9145922207998964,0,0,False,0.1025,3.0
bot->ton,42,stat_13x13_adaptive,4,0.211,0.8236767154741744,4,128,False,0.1025,3.0
bot->ton,42,statico,5,0.263,0.8963803445764145,0,0,False,0.1149,3.0
bot->ton,42,ogni_batch,5,0.263,0.8904920345358658,5,160,False,0.1149,3.0
bot->ton,42,su_innesco,5,0.263,0.8963803445764145,0,0,False,0.1149,3.0
bot->ton,42,oracolo,5,0.263,0.8784251425620853,5,160,False,0.1149,3.0
bot->ton,42,stat_13x13,5,0.263,0.7874531859839542,5,160,False,0.1149,3.0
bot->ton,42,martingala,5,0.263,0.8963803445764145,0,0,False,0.1149,3.0
bot->ton,42,stat_13x13_adaptive,5,0.263,0.8661859729045658,5,160,False,0.1149,3.0
bot->ton,42,statico,6,0.316,0.8782002878142863,0,0,False,0.1305,3.0
bot->ton,42,ogni_batch,6,0.316,0.8907522179958381,6,192,False,0.1305,3.0
bot->ton,42,su_innesco,6,0.316,0.8782002878142863,0,0,False,0.1305,3.0
bot->ton,42,oracolo,6,0.316,0.8636869451046125,6,192,False,0.1305,3.0
bot->ton,42,stat_13x13,6,0.316,0.7843001218279907,6,192,False,0.1305,3.0
bot->ton,42,martingala,6,0.316,0.8782002878142863,0,0,False,0.1305,3.0
bot->ton,42,stat_13x13_adaptive,6,0.316,0.8771911331211298,6,192,False,0.1305,3.0
bot->ton,42,statico,7,0.368,0.8625256511941182,0,0,True,0.14275,3.0
bot->ton,42,ogni_batch,7,0.368,0.8887257493925546,7,224,True,0.14275,3.0
bot->ton,42,su_innesco,7,0.368,0.8625256511941182,0,0,True,0.14275,3.0
bot->ton,42,oracolo,7,0.368,0.8471040903425615,7,224,True,0.14275,3.0
bot->ton,42,stat_13x13,7,0.368,0.7831904420188591,7,224,True,0.14275,3.0
bot->ton,42,martingala,7,0.368,0.8625256511941182,0,0,True,0.14275,3.0
bot->ton,42,stat_13x13_adaptive,7,0.368,0.7712996185368433,7,224,True,0.14275,3.0
bot->ton,42,statico,8,0.421,0.8431844849297572,0,0,True,0.16005,3.0
bot->ton,42,ogni_batch,8,0.421,0.8807329308506487,8,256,True,0.16005,3.0
bot->ton,42,su_innesco,8,0.421,0.8557255309137272,1,32,True,0.16005,3.0
bot->ton,42,oracolo,8,0.421,0.8364306860261023,8,256,True,0.16005,3.0
bot->ton,42,stat_13x13,8,0.421,0.7740527388078551,8,256,True,0.16005,3.0
bot->ton,42,martingala,8,0.421,0.8431844849297572,0,0,True,0.16005,3.0
bot->ton,42,stat_13x13_adaptive,8,0.421,0.7592920003564899,8,256,True,0.16005,3.0
bot->ton,42,statico,9,0.474,0.8234447551029234,0,0,True,0.17285,3.0
bot->ton,42,ogni_batch,9,0.474,0.8782856539425776,9,288,True,0.17285,3.0
bot->ton,42,su_innesco,9,0.474,0.859699488222617,2,64,True,0.17285,3.0
bot->ton,42,oracolo,9,0.474,0.7613601499501699,9,288,True,0.17285,3.0
bot->ton,42,stat_13x13,9,0.474,0.7751565774020659,9,288,True,0.17285,3.0
bot->ton,42,martingala,9,0.474,0.8234447551029234,0,0,True,0.17285,3.0
bot->ton,42,stat_13x13_adaptive,9,0.474,0.7621767045321292,9,288,True,0.17285,3.0
bot->ton,42,statico,10,0.526,0.8119949151909125,0,0,True,0.18955,3.0
bot->ton,42,ogni_batch,10,0.526,0.8846067452615114,10,320,True,0.18955,3.0
bot->ton,42,su_innesco,10,0.526,0.8681291780187381,3,96,True,0.18955,3.0
bot->ton,42,oracolo,10,0.526,0.8295603225288093,10,320,True,0.18955,3.0
bot->ton,42,stat_13x13,10,0.526,0.7847571076874638,10,320,True,0.18955,3.0
bot->ton,42,martingala,10,0.526,0.8119949151909125,0,0,True,0.18955,3.0
bot->ton,42,stat_13x13_adaptive,10,0.526,0.857992568662878,10,320,True,0.18955,3.0
bot->ton,42,statico,11,0.579,0.7893182690292474,0,0,True,0.19845,3.0
bot->ton,42,ogni_batch,11,0.579,0.8774373268453823,11,352,True,0.19845,3.0
bot->ton,42,su_innesco,11,0.579,0.8591286675704709,4,128,True,0.19845,3.0
bot->ton,42,oracolo,11,0.579,0.780500355885578,11,352,True,0.19845,3.0
bot->ton,42,stat_13x13,11,0.579,0.7792656826742617,11,352,True,0.19845,3.0
bot->ton,42,martingala,11,0.579,0.7893182690292474,0,0,True,0.19845,3.0
bot->ton,42,stat_13x13_adaptive,11,0.579,0.7755411603861047,11,352,True,0.19845,3.0
bot->ton,42,statico,12,0.632,0.7684858620779735,0,0,True,0.21,3.0
bot->ton,42,ogni_batch,12,0.632,0.8697383329167152,12,384,True,0.21,3.0
bot->ton,42,su_innesco,12,0.632,0.8561041660659168,5,160,True,0.21,3.0
bot->ton,42,oracolo,12,0.632,0.7722891959630631,12,384,True,0.21,3.0
bot->ton,42,stat_13x13,12,0.632,0.7737969626440613,12,384,True,0.21,3.0
bot->ton,42,martingala,12,0.632,0.7684858620779735,0,0,True,0.21,3.0
bot->ton,42,stat_13x13_adaptive,12,0.632,0.7757225956978073,12,384,True,0.21,3.0
bot->ton,42,statico,13,0.684,0.74754310440557,0,0,True,0.22025,3.0
bot->ton,42,ogni_batch,13,0.684,0.8714350491194043,13,416,True,0.22025,3.0
bot->ton,42,su_innesco,13,0.684,0.8672180723872697,6,192,True,0.22025,3.0
bot->ton,42,oracolo,13,0.684,0.7839645688819135,13,416,True,0.22025,3.0
bot->ton,42,stat_13x13,13,0.684,0.770842803100408,13,416,True,0.22025,3.0
bot->ton,42,martingala,13,0.684,0.74754310440557,0,0,True,0.22025,3.0
bot->ton,42,stat_13x13_adaptive,13,0.684,0.771104316733171,13,416,True,0.22025,3.0
bot->ton,42,statico,14,0.737,0.7297453321988137,0,0,True,0.235,3.0
bot->ton,42,ogni_batch,14,0.737,0.8794556284052082,14,448,True,0.235,3.0
bot->ton,42,su_innesco,14,0.737,0.8681354409895826,7,224,True,0.235,3.0
bot->ton,42,oracolo,14,0.737,0.8172924389536034,14,448,True,0.235,3.0
bot->ton,42,stat_13x13,14,0.737,0.7679290122642464,14,448,True,0.235,3.0
bot->ton,42,martingala,14,0.737,0.7297453321988137,0,0,True,0.235,3.0
bot->ton,42,stat_13x13_adaptive,14,0.737,0.7695348743893162,14,448,True,0.235,3.0
bot->ton,42,statico,15,0.789,0.7033722651317516,0,0,True,0.2566,3.0
bot->ton,42,ogni_batch,15,0.789,0.8754869901190974,15,480,True,0.2566,3.0
bot->ton,42,su_innesco,15,0.789,0.8670004270116027,8,256,True,0.2566,3.0
bot->ton,42,oracolo,15,0.789,0.8350644786182981,15,480,True,0.2566,3.0
bot->ton,42,stat_13x13,15,0.789,0.7603460558990078,15,480,True,0.2566,3.0
bot->ton,42,martingala,15,0.789,0.7033722651317516,0,0,True,0.2566,3.0
bot->ton,42,stat_13x13_adaptive,15,0.789,0.7681969988311501,15,480,True,0.2566,3.0
bot->ton,42,statico,16,0.842,0.6865211799275655,0,0,True,0.26645,3.0
bot->ton,42,ogni_batch,16,0.842,0.7837985630129909,16,512,True,0.26645,3.0
bot->ton,42,su_innesco,16,0.842,0.8726094659846761,9,288,True,0.26645,3.0
bot->ton,42,oracolo,16,0.842,0.8479682313601531,16,512,True,0.26645,3.0
bot->ton,42,stat_13x13,16,0.842,0.7702188334970015,16,512,True,0.26645,3.0
bot->ton,42,martingala,16,0.842,0.7268837568499682,1,32,True,0.26645,3.0
bot->ton,42,stat_13x13_adaptive,16,0.842,0.7818731656974556,16,512,True,0.26645,3.0
bot->ton,42,statico,17,0.895,0.6608326475012061,0,0,True,0.27435,3.0
bot->ton,42,ogni_batch,17,0.895,0.7770283130421621,17,544,True,0.27435,3.0
bot->ton,42,su_innesco,17,0.895,0.8751371191266755,10,320,True,0.27435,3.0
bot->ton,42,oracolo,17,0.895,0.8394575777355242,17,544,True,0.27435,3.0
bot->ton,42,stat_13x13,17,0.895,0.7769861225416466,17,544,True,0.27435,3.0
bot->ton,42,martingala,17,0.895,0.7269576486836753,2,64,True,0.27435,3.0
bot->ton,42,stat_13x13_adaptive,17,0.895,0.7796320155896738,17,544,True,0.27435,3.0
bot->ton,42,statico,18,0.947,0.6363938329729615,0,0,True,0.2914,3.0
bot->ton,42,ogni_batch,18,0.947,0.8677105808272427,18,576,True,0.2914,3.0
bot->ton,42,su_innesco,18,0.947,0.8697788387634282,11,352,True,0.2914,3.0
bot->ton,42,oracolo,18,0.947,0.834320332509342,18,576,True,0.2914,3.0
bot->ton,42,stat_13x13,18,0.947,0.7750068952188222,18,576,True,0.2914,3.0
bot->ton,42,martingala,18,0.947,0.8079098088919133,3,96,True,0.2914,3.0
bot->ton,42,stat_13x13_adaptive,18,0.947,0.7785214996364938,18,576,True,0.2914,3.0
bot->ton,42,statico,19,1.0,0.6111337828751859,0,0,True,0.30945,3.0
bot->ton,42,ogni_batch,19,1.0,0.8670198682558707,19,608,True,0.30945,3.0
bot->ton,42,su_innesco,19,1.0,0.869056638947258,12,384,True,0.30945,3.0
bot->ton,42,oracolo,19,1.0,0.8648961998789869,19,608,True,0.30945,3.0
bot->ton,42,stat_13x13,19,1.0,0.773267376733057,19,608,True,0.30945,3.0
bot->ton,42,martingala,19,1.0,0.8563818290102184,4,128,True,0.30945,3.0
bot->ton,42,stat_13x13_adaptive,19,1.0,0.7772637309807888,19,608,True,0.30945,3.0
bot->ton,43,statico,0,0.0,0.99065,0,0,False,0.06195,3.0
bot->ton,43,ogni_batch,0,0.0,0.99065,0,0,False,0.06195,3.0
bot->ton,43,su_innesco,0,0.0,0.99065,0,0,False,0.06195,3.0
bot->ton,43,oracolo,0,0.0,0.99065,0,0,False,0.06195,3.0
bot->ton,43,stat_13x13,0,0.0,0.99065,0,0,False,0.06195,3.0
bot->ton,43,martingala,0,0.0,0.99065,0,0,False,0.06195,3.0
bot->ton,43,stat_13x13_adaptive,0,0.0,0.99065,0,0,False,0.06195,3.0
bot->ton,43,statico,1,0.053,0.960949403566085,0,0,False,0.07995,3.0
bot->ton,43,ogni_batch,1,0.053,0.960949403566085,1,32,False,0.07995,3.0
bot->ton,43,su_innesco,1,0.053,0.960949403566085,0,0,False,0.07995,3.0
bot->ton,43,oracolo,1,0.053,0.960949403566085,1,32,False,0.07995,3.0
bot->ton,43,stat_13x13,1,0.053,0.5,1,32,False,0.07995,3.0
bot->ton,43,martingala,1,0.053,0.960949403566085,0,0,False,0.07995,3.0
bot->ton,43,stat_13x13_adaptive,1,0.053,0.5,1,32,False,0.07995,3.0
bot->ton,43,statico,2,0.105,0.9468415196227664,0,0,False,0.10475,3.0
bot->ton,43,ogni_batch,2,0.105,0.785045370571013,2,64,False,0.10475,3.0
bot->ton,43,su_innesco,2,0.105,0.9468415196227664,0,0,False,0.10475,3.0
bot->ton,43,oracolo,2,0.105,0.9052715121913607,2,64,False,0.10475,3.0
bot->ton,43,stat_13x13,2,0.105,0.673010725242274,2,64,False,0.10475,3.0
bot->ton,43,martingala,2,0.105,0.9468415196227664,0,0,False,0.10475,3.0
bot->ton,43,stat_13x13_adaptive,2,0.105,0.5591291961186526,2,64,False,0.10475,3.0
bot->ton,43,statico,3,0.158,0.9302316562001223,0,0,False,0.11955,3.0
bot->ton,43,ogni_batch,3,0.158,0.7994112879567614,3,96,False,0.11955,3.0
bot->ton,43,su_innesco,3,0.158,0.9302316562001223,0,0,False,0.11955,3.0
bot->ton,43,oracolo,3,0.158,0.889255839469894,3,96,False,0.11955,3.0
bot->ton,43,stat_13x13,3,0.158,0.6589976647092655,3,96,False,0.11955,3.0
bot->ton,43,martingala,3,0.158,0.9302316562001223,0,0,False,0.11955,3.0
bot->ton,43,stat_13x13_adaptive,3,0.158,0.6107317299548687,3,96,False,0.11955,3.0
bot->ton,43,statico,4,0.211,0.917899215820493,0,0,False,0.1389,3.0
bot->ton,43,ogni_batch,4,0.211,0.7982069541060078,4,128,False,0.1389,3.0
bot->ton,43,su_innesco,4,0.211,0.917899215820493,0,0,False,0.1389,3.0
bot->ton,43,oracolo,4,0.211,0.8927805107937893,4,128,False,0.1389,3.0
bot->ton,43,stat_13x13,4,0.211,0.6742977630798482,4,128,False,0.1389,3.0
bot->ton,43,martingala,4,0.211,0.917899215820493,0,0,False,0.1389,3.0
bot->ton,43,stat_13x13_adaptive,4,0.211,0.6875945691471768,4,128,False,0.1389,3.0
bot->ton,43,statico,5,0.263,0.8959582403629414,0,0,True,0.1638,3.0
bot->ton,43,ogni_batch,5,0.263,0.8003118921616622,5,160,True,0.1638,3.0
bot->ton,43,su_innesco,5,0.263,0.8959582403629414,0,0,True,0.1638,3.0
bot->ton,43,oracolo,5,0.263,0.8809288990689093,5,160,True,0.1638,3.0
bot->ton,43,stat_13x13,5,0.263,0.68402871187746,5,160,True,0.1638,3.0
bot->ton,43,martingala,5,0.263,0.8959582403629414,0,0,True,0.1638,3.0
bot->ton,43,stat_13x13_adaptive,5,0.263,0.6839808122383493,5,160,True,0.1638,3.0
bot->ton,43,statico,6,0.316,0.8857599089395221,0,0,True,0.18265,3.0
bot->ton,43,ogni_batch,6,0.316,0.7987744856273923,6,192,True,0.18265,3.0
bot->ton,43,su_innesco,6,0.316,0.7185929782574163,1,32,True,0.18265,3.0
bot->ton,43,oracolo,6,0.316,0.8709079326308335,6,192,True,0.18265,3.0
bot->ton,43,stat_13x13,6,0.316,0.6850298025210924,6,192,True,0.18265,3.0
bot->ton,43,martingala,6,0.316,0.8857599089395221,0,0,True,0.18265,3.0
bot->ton,43,stat_13x13_adaptive,6,0.316,0.6877802648546048,6,192,True,0.18265,3.0
bot->ton,43,statico,7,0.368,0.8670580595102193,0,0,True,0.2052,3.0
bot->ton,43,ogni_batch,7,0.368,0.811408996293572,7,224,True,0.2052,3.0
bot->ton,43,su_innesco,7,0.368,0.7993053026950329,2,64,True,0.2052,3.0
bot->ton,43,oracolo,7,0.368,0.8460413288695734,7,224,True,0.2052,3.0
bot->ton,43,stat_13x13,7,0.368,0.7988756587563992,7,224,True,0.2052,3.0
bot->ton,43,martingala,7,0.368,0.8670580595102193,0,0,True,0.2052,3.0
bot->ton,43,stat_13x13_adaptive,7,0.368,0.7451955112221369,7,224,True,0.2052,3.0
bot->ton,43,statico,8,0.421,0.8505253120696341,0,0,True,0.2226,3.0
bot->ton,43,ogni_batch,8,0.421,0.797492251084229,8,256,True,0.2226,3.0
bot->ton,43,su_innesco,8,0.421,0.7941225117163472,3,96,True,0.2226,3.0
bot->ton,43,oracolo,8,0.421,0.8294900814074234,8,256,True,0.2226,3.0
bot->ton,43,stat_13x13,8,0.421,0.7890422272591898,8,256,True,0.2226,3.0
bot->ton,43,martingala,8,0.421,0.8505253120696341,0,0,True,0.2226,3.0
bot->ton,43,stat_13x13_adaptive,8,0.421,0.7918771533968056,8,256,True,0.2226,3.0
bot->ton,43,statico,9,0.474,0.8365656159077299,0,0,True,0.24615,3.0
bot->ton,43,ogni_batch,9,0.474,0.8003477269169704,9,288,True,0.24615,3.0
bot->ton,43,su_innesco,9,0.474,0.793290075558239,4,128,True,0.24615,3.0
bot->ton,43,oracolo,9,0.474,0.8616397206258339,9,288,True,0.24615,3.0
bot->ton,43,stat_13x13,9,0.474,0.7954573124523256,9,288,True,0.24615,3.0
bot->ton,43,martingala,9,0.474,0.8365656159077299,0,0,True,0.24615,3.0
bot->ton,43,stat_13x13_adaptive,9,0.474,0.784653055748116,9,288,True,0.24615,3.0
bot->ton,43,statico,10,0.526,0.815899411938942,0,0,True,0.26845,3.0
bot->ton,43,ogni_batch,10,0.526,0.800689732902419,10,320,True,0.26845,3.0
bot->ton,43,su_innesco,10,0.526,0.8059416761369136,5,160,True,0.26845,3.0
bot->ton,43,oracolo,10,0.526,0.8589819003086019,10,320,True,0.26845,3.0
bot->ton,43,stat_13x13,10,0.526,0.7936739669590269,10,320,True,0.26845,3.0
bot->ton,43,martingala,10,0.526,0.815899411938942,0,0,True,0.26845,3.0
bot->ton,43,stat_13x13_adaptive,10,0.526,0.7892925471344384,10,320,True,0.26845,3.0
bot->ton,43,statico,11,0.579,0.7944356426626452,0,0,True,0.2831,3.0
bot->ton,43,ogni_batch,11,0.579,0.8307298011406177,11,352,True,0.2831,3.0
bot->ton,43,su_innesco,11,0.579,0.881028481733171,6,192,True,0.2831,3.0
bot->ton,43,oracolo,11,0.579,0.8273681913836677,11,352,True,0.2831,3.0
bot->ton,43,stat_13x13,11,0.579,0.7838435069361541,11,352,True,0.2831,3.0
bot->ton,43,martingala,11,0.579,0.7944356426626452,0,0,True,0.2831,3.0
bot->ton,43,stat_13x13_adaptive,11,0.579,0.7594680504090032,11,352,True,0.2831,3.0
bot->ton,43,statico,12,0.632,0.7767914400936231,0,0,True,0.3064,3.0
bot->ton,43,ogni_batch,12,0.632,0.8265850888401678,12,384,True,0.3064,3.0
bot->ton,43,su_innesco,12,0.632,0.8716389139757943,7,224,True,0.3064,3.0
bot->ton,43,oracolo,12,0.632,0.8739686896893006,12,384,True,0.3064,3.0
bot->ton,43,stat_13x13,12,0.632,0.783404439015305,12,384,True,0.3064,3.0
bot->ton,43,martingala,12,0.632,0.7767914400936231,0,0,True,0.3064,3.0
bot->ton,43,stat_13x13_adaptive,12,0.632,0.7671677464334856,12,384,True,0.3064,3.0
bot->ton,43,statico,13,0.684,0.7603365065763746,0,0,True,0.32405,3.0
bot->ton,43,ogni_batch,13,0.684,0.8348820747170191,13,416,True,0.32405,3.0
bot->ton,43,su_innesco,13,0.684,0.8700758814059706,8,256,True,0.32405,3.0
bot->ton,43,oracolo,13,0.684,0.8744944629670728,13,416,True,0.32405,3.0
bot->ton,43,stat_13x13,13,0.684,0.7999151599491723,13,416,True,0.32405,3.0
bot->ton,43,martingala,13,0.684,0.7603365065763746,0,0,True,0.32405,3.0
bot->ton,43,stat_13x13_adaptive,13,0.684,0.7235375347358444,13,416,True,0.32405,3.0
bot->ton,43,statico,14,0.737,0.7397803992043099,0,0,True,0.3457,3.0
bot->ton,43,ogni_batch,14,0.737,0.8102735606602456,14,448,True,0.3457,3.0
bot->ton,43,su_innesco,14,0.737,0.8555393218295946,9,288,True,0.3457,3.0
bot->ton,43,oracolo,14,0.737,0.8733182030605696,14,448,True,0.3457,3.0
bot->ton,43,stat_13x13,14,0.737,0.7787551764759488,14,448,True,0.3457,3.0
bot->ton,43,martingala,14,0.737,0.7397803992043099,0,0,True,0.3457,3.0
bot->ton,43,stat_13x13_adaptive,14,0.737,0.7655875731961241,14,448,True,0.3457,3.0
bot->ton,43,statico,15,0.789,0.7196791981891244,0,0,True,0.36375,3.0
bot->ton,43,ogni_batch,15,0.789,0.812919861181587,15,480,True,0.36375,3.0
bot->ton,43,su_innesco,15,0.789,0.8434136551869578,10,320,True,0.36375,3.0
bot->ton,43,oracolo,15,0.789,0.8651785274859842,15,480,True,0.36375,3.0
bot->ton,43,stat_13x13,15,0.789,0.776435481333128,15,480,True,0.36375,3.0
bot->ton,43,martingala,15,0.789,0.7791672802245494,1,32,True,0.36375,3.0
bot->ton,43,stat_13x13_adaptive,15,0.789,0.7618009871843241,15,480,True,0.36375,3.0
bot->ton,43,statico,16,0.842,0.6961101578530244,0,0,True,0.3849,3.0
bot->ton,43,ogni_batch,16,0.842,0.843754596289493,16,512,True,0.3849,3.0
bot->ton,43,su_innesco,16,0.842,0.8460933011374869,11,352,True,0.3849,3.0
bot->ton,43,oracolo,16,0.842,0.8728160812690382,16,512,True,0.3849,3.0
bot->ton,43,stat_13x13,16,0.842,0.7436579661542709,16,512,True,0.3849,3.0
bot->ton,43,martingala,16,0.842,0.8664597026152152,2,64,True,0.3849,3.0
bot->ton,43,stat_13x13_adaptive,16,0.842,0.7097185886913802,16,512,True,0.3849,3.0
bot->ton,43,statico,17,0.895,0.6747356207012132,0,0,True,0.40475,3.0
bot->ton,43,ogni_batch,17,0.895,0.8350610951774025,17,544,True,0.40475,3.0
bot->ton,43,su_innesco,17,0.895,0.8408013672128041,12,384,True,0.40475,3.0
bot->ton,43,oracolo,17,0.895,0.8722266367044657,17,544,True,0.40475,3.0
bot->ton,43,stat_13x13,17,0.895,0.7811871721491299,17,544,True,0.40475,3.0
bot->ton,43,martingala,17,0.895,0.8560889041867961,3,96,True,0.40475,3.0
bot->ton,43,stat_13x13_adaptive,17,0.895,0.8571648283303239,17,544,True,0.40475,3.0
bot->ton,43,statico,18,0.947,0.6526064481431523,0,0,True,0.42465,3.0
bot->ton,43,ogni_batch,18,0.947,0.8168557908945275,18,576,True,0.42465,3.0
bot->ton,43,su_innesco,18,0.947,0.8652503917816183,13,416,True,0.42465,3.0
bot->ton,43,oracolo,18,0.947,0.8731782957109885,18,576,True,0.42465,3.0
bot->ton,43,stat_13x13,18,0.947,0.7814254592487513,18,576,True,0.42465,3.0
bot->ton,43,martingala,18,0.947,0.8648566615712896,4,128,True,0.42465,3.0
bot->ton,43,stat_13x13_adaptive,18,0.947,0.7662835811178224,18,576,True,0.42465,3.0
bot->ton,43,statico,19,1.0,0.6256574861088573,0,0,True,0.449,3.0
bot->ton,43,ogni_batch,19,1.0,0.8482771066134709,19,608,True,0.449,3.0
bot->ton,43,su_innesco,19,1.0,0.865303758582292,14,448,True,0.449,3.0
bot->ton,43,oracolo,19,1.0,0.8738787763484062,19,608,True,0.449,3.0
bot->ton,43,stat_13x13,19,1.0,0.7789198762247427,19,608,True,0.449,3.0
bot->ton,43,martingala,19,1.0,0.8636426968681279,5,160,True,0.449,3.0
bot->ton,43,stat_13x13_adaptive,19,1.0,0.8588178679544068,19,608,True,0.449,3.0
bot->ton,44,statico,0,0.0,0.9901,0,0,False,0.0474,3.0
bot->ton,44,ogni_batch,0,0.0,0.9901,0,0,False,0.0474,3.0
bot->ton,44,su_innesco,0,0.0,0.9901,0,0,False,0.0474,3.0
bot->ton,44,oracolo,0,0.0,0.9901,0,0,False,0.0474,3.0
bot->ton,44,stat_13x13,0,0.0,0.9901,0,0,False,0.0474,3.0
bot->ton,44,martingala,0,0.0,0.9901,0,0,False,0.0474,3.0
bot->ton,44,stat_13x13_adaptive,0,0.0,0.9901,0,0,False,0.0474,3.0
bot->ton,44,statico,1,0.053,0.9139016075494009,0,0,False,0.06335,3.0
bot->ton,44,ogni_batch,1,0.053,0.9139016075494009,1,32,False,0.06335,3.0
bot->ton,44,su_innesco,1,0.053,0.9139016075494009,0,0,False,0.06335,3.0
bot->ton,44,oracolo,1,0.053,0.9139016075494009,1,32,False,0.06335,3.0
bot->ton,44,stat_13x13,1,0.053,0.4948991426234972,1,32,False,0.06335,3.0
bot->ton,44,martingala,1,0.053,0.9139016075494009,0,0,False,0.06335,3.0
bot->ton,44,stat_13x13_adaptive,1,0.053,0.48714799008284165,1,32,False,0.06335,3.0
bot->ton,44,statico,2,0.105,0.8766825336813049,0,0,False,0.07925,3.0
bot->ton,44,ogni_batch,2,0.105,0.5819612697812575,2,64,False,0.07925,3.0
bot->ton,44,su_innesco,2,0.105,0.8766825336813049,0,0,False,0.07925,3.0
bot->ton,44,oracolo,2,0.105,0.9259225710689974,2,64,False,0.07925,3.0
bot->ton,44,stat_13x13,2,0.105,0.4999744009830023,2,64,False,0.07925,3.0
bot->ton,44,martingala,2,0.105,0.8766825336813049,0,0,False,0.07925,3.0
bot->ton,44,stat_13x13_adaptive,2,0.105,0.4999744009830023,2,64,False,0.07925,3.0
bot->ton,44,statico,3,0.158,0.8612183532109208,0,0,False,0.09465,3.0
bot->ton,44,ogni_batch,3,0.158,0.5586886572513053,3,96,False,0.09465,3.0
bot->ton,44,su_innesco,3,0.158,0.8612183532109208,0,0,False,0.09465,3.0
bot->ton,44,oracolo,3,0.158,0.9202779089034894,3,96,False,0.09465,3.0
bot->ton,44,stat_13x13,3,0.158,0.5036337209302325,3,96,False,0.09465,3.0
bot->ton,44,martingala,3,0.158,0.8612183532109208,0,0,False,0.09465,3.0
bot->ton,44,stat_13x13_adaptive,3,0.158,0.5036337209302325,3,96,False,0.09465,3.0
bot->ton,44,statico,4,0.211,0.8389465404051293,0,0,False,0.1122,3.0
bot->ton,44,ogni_batch,4,0.211,0.5986799762576269,4,128,False,0.1122,3.0
bot->ton,44,su_innesco,4,0.211,0.8389465404051293,0,0,False,0.1122,3.0
bot->ton,44,oracolo,4,0.211,0.9058143037325714,4,128,False,0.1122,3.0
bot->ton,44,stat_13x13,4,0.211,0.780872750772371,4,128,False,0.1122,3.0
bot->ton,44,martingala,4,0.211,0.8389465404051293,0,0,False,0.1122,3.0
bot->ton,44,stat_13x13_adaptive,4,0.211,0.5443092868862376,4,128,False,0.1122,3.0
bot->ton,44,statico,5,0.263,0.8283253009577578,0,0,False,0.1265,3.0
bot->ton,44,ogni_batch,5,0.263,0.8269569995208285,5,160,False,0.1265,3.0
bot->ton,44,su_innesco,5,0.263,0.8283253009577578,0,0,False,0.1265,3.0
bot->ton,44,oracolo,5,0.263,0.8809746996848486,5,160,False,0.1265,3.0
bot->ton,44,stat_13x13,5,0.263,0.7294801342728157,5,160,False,0.1265,3.0
bot->ton,44,martingala,5,0.263,0.8283253009577578,0,0,False,0.1265,3.0
bot->ton,44,stat_13x13_adaptive,5,0.263,0.5447135778356615,5,160,False,0.1265,3.0
bot->ton,44,statico,6,0.316,0.8063348349598063,0,0,True,0.1454,3.0
bot->ton,44,ogni_batch,6,0.316,0.824636991337037,6,192,True,0.1454,3.0
bot->ton,44,su_innesco,6,0.316,0.8063348349598063,0,0,True,0.1454,3.0
bot->ton,44,oracolo,6,0.316,0.8678954514242909,6,192,True,0.1454,3.0
bot->ton,44,stat_13x13,6,0.316,0.7958009079118029,6,192,True,0.1454,3.0
bot->ton,44,martingala,6,0.316,0.8063348349598063,0,0,True,0.1454,3.0
bot->ton,44,stat_13x13_adaptive,6,0.316,0.7720404722436081,6,192,True,0.1454,3.0
bot->ton,44,statico,7,0.368,0.7935225302995662,0,0,True,0.16395,3.0
bot->ton,44,ogni_batch,7,0.368,0.8201801865177798,7,224,True,0.16395,3.0
bot->ton,44,su_innesco,7,0.368,0.6250899766369449,1,32,True,0.16395,3.0
bot->ton,44,oracolo,7,0.368,0.8569763434567419,7,224,True,0.16395,3.0
bot->ton,44,stat_13x13,7,0.368,0.7935654683793005,7,224,True,0.16395,3.0
bot->ton,44,martingala,7,0.368,0.7935225302995662,0,0,True,0.16395,3.0
bot->ton,44,stat_13x13_adaptive,7,0.368,0.7890575001069554,7,224,True,0.16395,3.0
bot->ton,44,statico,8,0.421,0.7722066007020836,0,0,True,0.182,3.0
bot->ton,44,ogni_batch,8,0.421,0.8169301592415297,8,256,True,0.182,3.0
bot->ton,44,su_innesco,8,0.421,0.5787990766840825,2,64,True,0.182,3.0
bot->ton,44,oracolo,8,0.421,0.8409667235338254,8,256,True,0.182,3.0
bot->ton,44,stat_13x13,8,0.421,0.7942602451774583,8,256,True,0.182,3.0
bot->ton,44,martingala,8,0.421,0.7722066007020836,0,0,True,0.182,3.0
bot->ton,44,stat_13x13_adaptive,8,0.421,0.7950739797342873,8,256,True,0.182,3.0
bot->ton,44,statico,9,0.474,0.7530155341161916,0,0,True,0.19195,3.0
bot->ton,44,ogni_batch,9,0.474,0.7950878470732607,9,288,True,0.19195,3.0
bot->ton,44,su_innesco,9,0.474,0.674324809689617,3,96,True,0.19195,3.0
bot->ton,44,oracolo,9,0.474,0.8296220730113437,9,288,True,0.19195,3.0
bot->ton,44,stat_13x13,9,0.474,0.7717607327074458,9,288,True,0.19195,3.0
bot->ton,44,martingala,9,0.474,0.7530155341161916,0,0,True,0.19195,3.0
bot->ton,44,stat_13x13_adaptive,9,0.474,0.7767624287894963,9,288,True,0.19195,3.0
bot->ton,44,statico,10,0.526,0.7371776527481811,0,0,True,0.2102,3.0
bot->ton,44,ogni_batch,10,0.526,0.7803216495300094,10,320,True,0.2102,3.0
bot->ton,44,su_innesco,10,0.526,0.6697601092112817,4,128,True,0.2102,3.0
bot->ton,44,oracolo,10,0.526,0.8269053722472488,10,320,True,0.2102,3.0
bot->ton,44,stat_13x13,10,0.526,0.6961301385429417,10,320,True,0.2102,3.0
bot->ton,44,martingala,10,0.526,0.7371776527481811,0,0,True,0.2102,3.0
bot->ton,44,stat_13x13_adaptive,10,0.526,0.6637401125445674,10,320,True,0.2102,3.0
bot->ton,44,statico,11,0.579,0.7220489728951108,0,0,True,0.23005,3.0
bot->ton,44,ogni_batch,11,0.579,0.789349093656393,11,352,True,0.23005,3.0
bot->ton,44,su_innesco,11,0.579,0.7820575213681611,5,160,True,0.23005,3.0
bot->ton,44,oracolo,11,0.579,0.7983123211642411,11,352,True,0.23005,3.0
bot->ton,44,stat_13x13,11,0.579,0.795820327618385,11,352,True,0.23005,3.0
bot->ton,44,martingala,11,0.579,0.7220489728951108,0,0,True,0.23005,3.0
bot->ton,44,stat_13x13_adaptive,11,0.579,0.7789760126869212,11,352,True,0.23005,3.0
bot->ton,44,statico,12,0.632,0.6970959496996847,0,0,True,0.24595,3.0
bot->ton,44,ogni_batch,12,0.632,0.7592001685407674,12,384,True,0.24595,3.0
bot->ton,44,su_innesco,12,0.632,0.7456372186781457,6,192,True,0.24595,3.0
bot->ton,44,oracolo,12,0.632,0.8191229792212585,12,384,True,0.24595,3.0
bot->ton,44,stat_13x13,12,0.632,0.7875751343089239,12,384,True,0.24595,3.0
bot->ton,44,martingala,12,0.632,0.768367792705736,1,32,True,0.24595,3.0
bot->ton,44,stat_13x13_adaptive,12,0.632,0.7400867051369955,12,384,True,0.24595,3.0
bot->ton,44,statico,13,0.684,0.6763855549710887,0,0,True,0.2572,3.0
bot->ton,44,ogni_batch,13,0.684,0.8482781217478947,13,416,True,0.2572,3.0
bot->ton,44,su_innesco,13,0.684,0.7488489046086275,7,224,True,0.2572,3.0
bot->ton,44,oracolo,13,0.684,0.8425730431415014,13,416,True,0.2572,3.0
bot->ton,44,stat_13x13,13,0.684,0.672537551996101,13,416,True,0.2572,3.0
bot->ton,44,martingala,13,0.684,0.825529270679952,2,64,True,0.2572,3.0
bot->ton,44,stat_13x13_adaptive,13,0.684,0.7306344200823696,13,416,True,0.2572,3.0
bot->ton,44,statico,14,0.737,0.6510356601682934,0,0,True,0.28385,3.0
bot->ton,44,ogni_batch,14,0.737,0.8192773470682209,14,448,True,0.28385,3.0
bot->ton,44,su_innesco,14,0.737,0.7422553476642955,8,256,True,0.28385,3.0
bot->ton,44,oracolo,14,0.737,0.8377756847407061,14,448,True,0.28385,3.0
bot->ton,44,stat_13x13,14,0.737,0.7804402578379572,14,448,True,0.28385,3.0
bot->ton,44,martingala,14,0.737,0.8086070675691353,3,96,True,0.28385,3.0
bot->ton,44,stat_13x13_adaptive,14,0.737,0.7793274306702156,14,448,True,0.28385,3.0
bot->ton,44,statico,15,0.789,0.638488773638872,0,0,True,0.29115,3.0
bot->ton,44,ogni_batch,15,0.789,0.8547983860791439,15,480,True,0.29115,3.0
bot->ton,44,su_innesco,15,0.789,0.8598248010465037,9,288,True,0.29115,3.0
bot->ton,44,oracolo,15,0.789,0.8792853342250488,15,480,True,0.29115,3.0
bot->ton,44,stat_13x13,15,0.789,0.7857800827781143,15,480,True,0.29115,3.0
bot->ton,44,martingala,15,0.789,0.8529042793929604,4,128,True,0.29115,3.0
bot->ton,44,stat_13x13_adaptive,15,0.789,0.7813924851941585,15,480,True,0.29115,3.0
bot->ton,44,statico,16,0.842,0.6145268094341781,0,0,True,0.30965,3.0
bot->ton,44,ogni_batch,16,0.842,0.8545119152911238,16,512,True,0.30965,3.0
bot->ton,44,su_innesco,16,0.842,0.8676006930679878,10,320,True,0.30965,3.0
bot->ton,44,oracolo,16,0.842,0.9058442783483446,16,512,True,0.30965,3.0
bot->ton,44,stat_13x13,16,0.842,0.7774967709586784,16,512,True,0.30965,3.0
bot->ton,44,martingala,16,0.842,0.8621069581489411,5,160,True,0.30965,3.0
bot->ton,44,stat_13x13_adaptive,16,0.842,0.771075852159322,16,512,True,0.30965,3.0
bot->ton,44,statico,17,0.895,0.589957838973561,0,0,True,0.32785,3.0
bot->ton,44,ogni_batch,17,0.895,0.8659706201521501,17,544,True,0.32785,3.0
bot->ton,44,su_innesco,17,0.895,0.8709096822057583,11,352,True,0.32785,3.0
bot->ton,44,oracolo,17,0.895,0.9155373978203942,17,544,True,0.32785,3.0
bot->ton,44,stat_13x13,17,0.895,0.7819046726432115,17,544,True,0.32785,3.0
bot->ton,44,martingala,17,0.895,0.8681811663183047,6,192,True,0.32785,3.0
bot->ton,44,stat_13x13_adaptive,17,0.895,0.7757933752120567,17,544,True,0.32785,3.0
bot->ton,44,statico,18,0.947,0.5644897120008864,0,0,True,0.34125,3.0
bot->ton,44,ogni_batch,18,0.947,0.8684727888129625,18,576,True,0.34125,3.0
bot->ton,44,su_innesco,18,0.947,0.8702378537047408,12,384,True,0.34125,3.0
bot->ton,44,oracolo,18,0.947,0.915038001616931,18,576,True,0.34125,3.0
bot->ton,44,stat_13x13,18,0.947,0.7422647983232098,18,576,True,0.34125,3.0
bot->ton,44,martingala,18,0.947,0.8699196465780865,7,224,True,0.34125,3.0
bot->ton,44,stat_13x13_adaptive,18,0.947,0.7737497770383714,18,576,True,0.34125,3.0
bot->ton,44,statico,19,1.0,0.5417381107592848,0,0,True,0.3622,3.0
bot->ton,44,ogni_batch,19,1.0,0.8680674710658334,19,608,True,0.3622,3.0
bot->ton,44,su_innesco,19,1.0,0.87758070907154,13,416,True,0.3622,3.0
bot->ton,44,oracolo,19,1.0,0.9268851464130472,19,608,True,0.3622,3.0
bot->ton,44,stat_13x13,19,1.0,0.8361119910382724,19,608,True,0.3622,3.0
bot->ton,44,martingala,19,1.0,0.872442897507544,8,256,True,0.3622,3.0
bot->ton,44,stat_13x13_adaptive,19,1.0,0.7714678733871396,19,608,True,0.3622,3.0
bot->ton,45,statico,0,0.0,0.98975,0,0,False,0.04495,3.0
bot->ton,45,ogni_batch,0,0.0,0.98975,0,0,False,0.04495,3.0
bot->ton,45,su_innesco,0,0.0,0.98975,0,0,False,0.04495,3.0
bot->ton,45,oracolo,0,0.0,0.98975,0,0,False,0.04495,3.0
bot->ton,45,stat_13x13,0,0.0,0.98975,0,0,False,0.04495,3.0
bot->ton,45,martingala,0,0.0,0.98975,0,0,False,0.04495,3.0
bot->ton,45,stat_13x13_adaptive,0,0.0,0.98975,0,0,False,0.04495,3.0
bot->ton,45,statico,1,0.053,0.9560218708552743,0,0,False,0.0591,3.0
bot->ton,45,ogni_batch,1,0.053,0.9560218708552743,1,32,False,0.0591,3.0
bot->ton,45,su_innesco,1,0.053,0.9560218708552743,0,0,False,0.0591,3.0
bot->ton,45,oracolo,1,0.053,0.9560218708552743,1,32,False,0.0591,3.0
bot->ton,45,stat_13x13,1,0.053,0.5,1,32,False,0.0591,3.0
bot->ton,45,martingala,1,0.053,0.9560218708552743,0,0,False,0.0591,3.0
bot->ton,45,stat_13x13_adaptive,1,0.053,0.5,1,32,False,0.0591,3.0
bot->ton,45,statico,2,0.105,0.9280164201222578,0,0,False,0.06955,3.0
bot->ton,45,ogni_batch,2,0.105,0.782453227129588,2,64,False,0.06955,3.0
bot->ton,45,su_innesco,2,0.105,0.9280164201222578,0,0,False,0.06955,3.0
bot->ton,45,oracolo,2,0.105,0.9296546283309959,2,64,False,0.06955,3.0
bot->ton,45,stat_13x13,2,0.105,0.5178888036201011,2,64,False,0.06955,3.0
bot->ton,45,martingala,2,0.105,0.9280164201222578,0,0,False,0.06955,3.0
bot->ton,45,stat_13x13_adaptive,2,0.105,0.5070564516129032,2,64,False,0.06955,3.0
bot->ton,45,statico,3,0.158,0.9290956200141152,0,0,False,0.0885,3.0
bot->ton,45,ogni_batch,3,0.158,0.8079801349445346,3,96,False,0.0885,3.0
bot->ton,45,su_innesco,3,0.158,0.9290956200141152,0,0,False,0.0885,3.0
bot->ton,45,oracolo,3,0.158,0.9188729031036504,3,96,False,0.0885,3.0
bot->ton,45,stat_13x13,3,0.158,0.5862725503614,3,96,False,0.0885,3.0
bot->ton,45,martingala,3,0.158,0.9290956200141152,0,0,False,0.0885,3.0
bot->ton,45,stat_13x13_adaptive,3,0.158,0.5868527512312363,3,96,False,0.0885,3.0
bot->ton,45,statico,4,0.211,0.9106137929172444,0,0,False,0.0994,3.0
bot->ton,45,ogni_batch,4,0.211,0.7902639378089351,4,128,False,0.0994,3.0
bot->ton,45,su_innesco,4,0.211,0.9106137929172444,0,0,False,0.0994,3.0
bot->ton,45,oracolo,4,0.211,0.8985226085087612,4,128,False,0.0994,3.0
bot->ton,45,stat_13x13,4,0.211,0.6043579996867234,4,128,False,0.0994,3.0
bot->ton,45,martingala,4,0.211,0.9106137929172444,0,0,False,0.0994,3.0
bot->ton,45,stat_13x13_adaptive,4,0.211,0.588370457049491,4,128,False,0.0994,3.0
bot->ton,45,statico,5,0.263,0.8963177999984445,0,0,False,0.1122,3.0
bot->ton,45,ogni_batch,5,0.263,0.7923278721209503,5,160,False,0.1122,3.0
bot->ton,45,su_innesco,5,0.263,0.8963177999984445,0,0,False,0.1122,3.0
bot->ton,45,oracolo,5,0.263,0.8919906971088074,5,160,False,0.1122,3.0
bot->ton,45,stat_13x13,5,0.263,0.6365629500586468,5,160,False,0.1122,3.0
bot->ton,45,martingala,5,0.263,0.8963177999984445,0,0,False,0.1122,3.0
bot->ton,45,stat_13x13_adaptive,5,0.263,0.5878063757115213,5,160,False,0.1122,3.0
bot->ton,45,statico,6,0.316,0.8811545179672702,0,0,False,0.13085,3.0
bot->ton,45,ogni_batch,6,0.316,0.7865563146216974,6,192,False,0.13085,3.0
bot->ton,45,su_innesco,6,0.316,0.8811545179672702,0,0,False,0.13085,3.0
bot->ton,45,oracolo,6,0.316,0.8849367712999563,6,192,False,0.13085,3.0
bot->ton,45,stat_13x13,6,0.316,0.6960302149704631,6,192,False,0.13085,3.0
bot->ton,45,martingala,6,0.316,0.8811545179672702,0,0,False,0.13085,3.0
bot->ton,45,stat_13x13_adaptive,6,0.316,0.5974349730132176,6,192,False,0.13085,3.0
bot->ton,45,statico,7,0.368,0.8634167772043498,0,0,True,0.1373,3.0
bot->ton,45,ogni_batch,7,0.368,0.7896287163785658,7,224,True,0.1373,3.0
bot->ton,45,su_innesco,7,0.368,0.8634167772043498,0,0,True,0.1373,3.0
bot->ton,45,oracolo,7,0.368,0.8670947672220095,7,224,True,0.1373,3.0
bot->ton,45,stat_13x13,7,0.368,0.7217691526381388,7,224,True,0.1373,3.0
bot->ton,45,martingala,7,0.368,0.8634167772043498,0,0,True,0.1373,3.0
bot->ton,45,stat_13x13_adaptive,7,0.368,0.5996588988451244,7,224,True,0.1373,3.0
bot->ton,45,statico,8,0.421,0.8419790753569995,0,0,True,0.1541,3.0
bot->ton,45,ogni_batch,8,0.421,0.7906467222038471,8,256,True,0.1541,3.0
bot->ton,45,su_innesco,8,0.421,0.7829815850989323,1,32,True,0.1541,3.0
bot->ton,45,oracolo,8,0.421,0.8496217204507301,8,256,True,0.1541,3.0
bot->ton,45,stat_13x13,8,0.421,0.7189865159891856,8,256,True,0.1541,3.0
bot->ton,45,martingala,8,0.421,0.8419790753569995,0,0,True,0.1541,3.0
bot->ton,45,stat_13x13_adaptive,8,0.421,0.6067575364916775,8,256,True,0.1541,3.0
bot->ton,45,statico,9,0.474,0.8238835524965149,0,0,True,0.16585,3.0
bot->ton,45,ogni_batch,9,0.474,0.793741343086594,9,288,True,0.16585,3.0
bot->ton,45,su_innesco,9,0.474,0.7693007115620013,2,64,True,0.16585,3.0
bot->ton,45,oracolo,9,0.474,0.8456807611851237,9,288,True,0.16585,3.0
bot->ton,45,stat_13x13,9,0.474,0.7871637020759334,9,288,True,0.16585,3.0
bot->ton,45,martingala,9,0.474,0.8238835524965149,0,0,True,0.16585,3.0
bot->ton,45,stat_13x13_adaptive,9,0.474,0.5558454594331822,9,288,True,0.16585,3.0
bot->ton,45,statico,10,0.526,0.8106493336722727,0,0,True,0.17765,3.0
bot->ton,45,ogni_batch,10,0.526,0.7908592754359365,10,320,True,0.17765,3.0
bot->ton,45,su_innesco,10,0.526,0.851985432466335,3,96,True,0.17765,3.0
bot->ton,45,oracolo,10,0.526,0.7936615151890962,10,320,True,0.17765,3.0
bot->ton,45,stat_13x13,10,0.526,0.7269448049076929,10,320,True,0.17765,3.0
bot->ton,45,martingala,10,0.526,0.8057243123626432,1,32,True,0.17765,3.0
bot->ton,45,stat_13x13_adaptive,10,0.526,0.6054313871059953,10,320,True,0.17765,3.0
bot->ton,45,statico,11,0.579,0.7894954699010874,0,0,True,0.19035,3.0
bot->ton,45,ogni_batch,11,0.579,0.7899460917854977,11,352,True,0.19035,3.0
bot->ton,45,su_innesco,11,0.579,0.8559022584637161,4,128,True,0.19035,3.0
bot->ton,45,oracolo,11,0.579,0.8464639526206128,11,352,True,0.19035,3.0
bot->ton,45,stat_13x13,11,0.579,0.7231344445358784,11,352,True,0.19035,3.0
bot->ton,45,martingala,11,0.579,0.7771536139904252,2,64,True,0.19035,3.0
bot->ton,45,stat_13x13_adaptive,11,0.579,0.5964478314942492,11,352,True,0.19035,3.0
bot->ton,45,statico,12,0.632,0.7712659719101521,0,0,True,0.2059,3.0
bot->ton,45,ogni_batch,12,0.632,0.7138015897326557,12,384,True,0.2059,3.0
bot->ton,45,su_innesco,12,0.632,0.8699189257973188,5,160,True,0.2059,3.0
bot->ton,45,oracolo,12,0.632,0.8522807660144234,12,384,True,0.2059,3.0
bot->ton,45,stat_13x13,12,0.632,0.7371114277640953,12,384,True,0.2059,3.0
bot->ton,45,martingala,12,0.632,0.8254495819241867,3,96,True,0.2059,3.0
bot->ton,45,stat_13x13_adaptive,12,0.632,0.5995948362034018,12,384,True,0.2059,3.0
bot->ton,45,statico,13,0.684,0.7500504257310554,0,0,True,0.2152,3.0
bot->ton,45,ogni_batch,13,0.684,0.7608244332989551,13,416,True,0.2152,3.0
bot->ton,45,su_innesco,13,0.684,0.8684449171455857,6,192,True,0.2152,3.0
bot->ton,45,oracolo,13,0.684,0.8511252402255564,13,416,True,0.2152,3.0
bot->ton,45,stat_13x13,13,0.684,0.7726516314363209,13,416,True,0.2152,3.0
bot->ton,45,martingala,13,0.684,0.8242229052410824,4,128,True,0.2152,3.0
bot->ton,45,stat_13x13_adaptive,13,0.684,0.6135142801347753,13,416,True,0.2152,3.0
bot->ton,45,statico,14,0.737,0.7307520615827061,0,0,True,0.22575,3.0
bot->ton,45,ogni_batch,14,0.737,0.7782484813385782,14,448,True,0.22575,3.0
bot->ton,45,su_innesco,14,0.737,0.7731821329591662,7,224,True,0.22575,3.0
bot->ton,45,oracolo,14,0.737,0.8337626701364602,14,448,True,0.22575,3.0
bot->ton,45,stat_13x13,14,0.737,0.7223055128656187,14,448,True,0.22575,3.0
bot->ton,45,martingala,14,0.737,0.7674758185534225,5,160,True,0.22575,3.0
bot->ton,45,stat_13x13_adaptive,14,0.737,0.6063583910030506,14,448,True,0.22575,3.0
bot->ton,45,statico,15,0.789,0.710671488342929,0,0,True,0.24435,3.0
bot->ton,45,ogni_batch,15,0.789,0.856561679999396,15,480,True,0.24435,3.0
bot->ton,45,su_innesco,15,0.789,0.8697077752408027,8,256,True,0.24435,3.0
bot->ton,45,oracolo,15,0.789,0.8355712434888234,15,480,True,0.24435,3.0
bot->ton,45,stat_13x13,15,0.789,0.7808294322427846,15,480,True,0.24435,3.0
bot->ton,45,martingala,15,0.789,0.8585910754855285,6,192,True,0.24435,3.0
bot->ton,45,stat_13x13_adaptive,15,0.789,0.6046194845223294,15,480,True,0.24435,3.0
bot->ton,45,statico,16,0.842,0.6856106012405105,0,0,True,0.2504,3.0
bot->ton,45,ogni_batch,16,0.842,0.811041150603099,16,512,True,0.2504,3.0
bot->ton,45,su_innesco,16,0.842,0.8660513233293243,9,288,True,0.2504,3.0
bot->ton,45,oracolo,16,0.842,0.9082641421366605,16,512,True,0.2504,3.0
bot->ton,45,stat_13x13,16,0.842,0.7648839362611726,16,512,True,0.2504,3.0
bot->ton,45,martingala,16,0.842,0.8572388473728579,7,224,True,0.2504,3.0
bot->ton,45,stat_13x13_adaptive,16,0.842,0.6090493619388706,16,512,True,0.2504,3.0
bot->ton,45,statico,17,0.895,0.6631647955257977,0,0,True,0.2679,3.0
bot->ton,45,ogni_batch,17,0.895,0.9218439833334826,17,544,True,0.2679,3.0
bot->ton,45,su_innesco,17,0.895,0.9218439833334826,10,320,True,0.2679,3.0
bot->ton,45,oracolo,17,0.895,0.9072761865368365,17,544,True,0.2679,3.0
bot->ton,45,stat_13x13,17,0.895,0.8512057935073984,17,544,True,0.2679,3.0
bot->ton,45,martingala,17,0.895,0.9218439833334826,8,256,True,0.2679,3.0
bot->ton,45,stat_13x13_adaptive,17,0.895,0.7275919046005517,17,544,True,0.2679,3.0
bot->ton,45,statico,18,0.947,0.6385189662722275,0,0,True,0.2828,3.0
bot->ton,45,ogni_batch,18,0.947,0.8659422397812202,18,576,True,0.2828,3.0
bot->ton,45,su_innesco,18,0.947,0.8659422397812202,11,352,True,0.2828,3.0
bot->ton,45,oracolo,18,0.947,0.9162348052167172,18,576,True,0.2828,3.0
bot->ton,45,stat_13x13,18,0.947,0.7620933644036565,18,576,True,0.2828,3.0
bot->ton,45,martingala,18,0.947,0.8659422397812202,9,288,True,0.2828,3.0
bot->ton,45,stat_13x13_adaptive,18,0.947,0.5990720039263336,18,576,True,0.2828,3.0
bot->ton,45,statico,19,1.0,0.6143073076473893,0,0,True,0.2947,3.0
bot->ton,45,ogni_batch,19,1.0,0.8601764561085354,19,608,True,0.2947,3.0
bot->ton,45,su_innesco,19,1.0,0.8601764561085354,12,384,True,0.2947,3.0
bot->ton,45,oracolo,19,1.0,0.9189481884469772,19,608,True,0.2947,3.0
bot->ton,45,stat_13x13,19,1.0,0.8302784753781647,19,608,True,0.2947,3.0
bot->ton,45,martingala,19,1.0,0.8601764561085354,10,320,True,0.2947,3.0
bot->ton,45,stat_13x13_adaptive,19,1.0,0.6894064530599715,19,608,True,0.2947,3.0
bot->ton,46,statico,0,0.0,0.9916,0,0,False,0.07265,3.0
bot->ton,46,ogni_batch,0,0.0,0.9916,0,0,False,0.07265,3.0
bot->ton,46,su_innesco,0,0.0,0.9916,0,0,False,0.07265,3.0
bot->ton,46,oracolo,0,0.0,0.9916,0,0,False,0.07265,3.0
bot->ton,46,stat_13x13,0,0.0,0.9916,0,0,False,0.07265,3.0
bot->ton,46,martingala,0,0.0,0.9916,0,0,False,0.07265,3.0
bot->ton,46,stat_13x13_adaptive,0,0.0,0.9916,0,0,False,0.07265,3.0
bot->ton,46,statico,1,0.053,0.9650442255483331,0,0,False,0.09255,3.0
bot->ton,46,ogni_batch,1,0.053,0.9650442255483331,1,32,False,0.09255,3.0
bot->ton,46,su_innesco,1,0.053,0.9650442255483331,0,0,False,0.09255,3.0
bot->ton,46,oracolo,1,0.053,0.9650442255483331,1,32,False,0.09255,3.0
bot->ton,46,stat_13x13,1,0.053,0.5096899224806202,1,32,False,0.09255,3.0
bot->ton,46,martingala,1,0.053,0.9650442255483331,0,0,False,0.09255,3.0
bot->ton,46,stat_13x13_adaptive,1,0.053,0.5038759689922481,1,32,False,0.09255,3.0
bot->ton,46,statico,2,0.105,0.9492210662938563,0,0,False,0.11225,3.0
bot->ton,46,ogni_batch,2,0.105,0.9492210662938563,2,64,False,0.11225,3.0
bot->ton,46,su_innesco,2,0.105,0.9492210662938563,0,0,False,0.11225,3.0
bot->ton,46,oracolo,2,0.105,0.9057993076417277,2,64,False,0.11225,3.0
bot->ton,46,stat_13x13,2,0.105,0.5425384317688728,2,64,False,0.11225,3.0
bot->ton,46,martingala,2,0.105,0.9492210662938563,0,0,False,0.11225,3.0
bot->ton,46,stat_13x13_adaptive,2,0.105,0.5256102474909062,2,64,False,0.11225,3.0
bot->ton,46,statico,3,0.158,0.9365380907894163,0,0,False,0.1284,3.0
bot->ton,46,ogni_batch,3,0.158,0.9365380907894163,3,96,False,0.1284,3.0
bot->ton,46,su_innesco,3,0.158,0.9365380907894163,0,0,False,0.1284,3.0
bot->ton,46,oracolo,3,0.158,0.9036832233897832,3,96,False,0.1284,3.0
bot->ton,46,stat_13x13,3,0.158,0.5808400832551996,3,96,False,0.1284,3.0
bot->ton,46,martingala,3,0.158,0.9365380907894163,0,0,False,0.1284,3.0
bot->ton,46,stat_13x13_adaptive,3,0.158,0.5250758074108229,3,96,False,0.1284,3.0
bot->ton,46,statico,4,0.211,0.9258422927530634,0,0,True,0.1519,3.0
bot->ton,46,ogni_batch,4,0.211,0.7384788300178116,4,128,True,0.1519,3.0
bot->ton,46,su_innesco,4,0.211,0.9258422927530634,0,0,True,0.1519,3.0
bot->ton,46,oracolo,4,0.211,0.9050982853709307,4,128,True,0.1519,3.0
bot->ton,46,stat_13x13,4,0.211,0.5840892508422928,4,128,True,0.1519,3.0
bot->ton,46,martingala,4,0.211,0.9258422927530634,0,0,True,0.1519,3.0
bot->ton,46,stat_13x13_adaptive,4,0.211,0.564664477778493,4,128,True,0.1519,3.0
bot->ton,46,statico,5,0.263,0.9152293411171942,0,0,True,0.17265,3.0
bot->ton,46,ogni_batch,5,0.263,0.58514009867867,5,160,True,0.17265,3.0
bot->ton,46,su_innesco,5,0.263,0.9152293411171942,1,32,True,0.17265,3.0
bot->ton,46,oracolo,5,0.263,0.8900224900285164,5,160,True,0.17265,3.0
bot->ton,46,stat_13x13,5,0.263,0.5917423702762827,5,160,True,0.17265,3.0
bot->ton,46,martingala,5,0.263,0.9152293411171942,0,0,True,0.17265,3.0
bot->ton,46,stat_13x13_adaptive,5,0.263,0.6066910109764868,5,160,True,0.17265,3.0
bot->ton,46,statico,6,0.316,0.9067762144264555,0,0,True,0.1898,3.0
bot->ton,46,ogni_batch,6,0.316,0.7182788137275329,6,192,True,0.1898,3.0
bot->ton,46,su_innesco,6,0.316,0.9067762144264555,2,64,True,0.1898,3.0
bot->ton,46,oracolo,6,0.316,0.8789629603646558,6,192,True,0.1898,3.0
bot->ton,46,stat_13x13,6,0.316,0.6093420513425178,6,192,True,0.1898,3.0
bot->ton,46,martingala,6,0.316,0.9067762144264555,0,0,True,0.1898,3.0
bot->ton,46,stat_13x13_adaptive,6,0.316,0.6050076641451975,6,192,True,0.1898,3.0
bot->ton,46,statico,7,0.368,0.8935942285669309,0,0,True,0.2085,3.0
bot->ton,46,ogni_batch,7,0.368,0.7351187023710738,7,224,True,0.2085,3.0
bot->ton,46,su_innesco,7,0.368,0.7265311578565424,3,96,True,0.2085,3.0
bot->ton,46,oracolo,7,0.368,0.8549985613420131,7,224,True,0.2085,3.0
bot->ton,46,stat_13x13,7,0.368,0.741014489759323,7,224,True,0.2085,3.0
bot->ton,46,martingala,7,0.368,0.8935942285669309,0,0,True,0.2085,3.0
bot->ton,46,stat_13x13_adaptive,7,0.368,0.7193623695578297,7,224,True,0.2085,3.0
bot->ton,46,statico,8,0.421,0.8773645706731611,0,0,True,0.2298,3.0
bot->ton,46,ogni_batch,8,0.421,0.8720278590634123,8,256,True,0.2298,3.0
bot->ton,46,su_innesco,8,0.421,0.8700499741795307,4,128,True,0.2298,3.0
bot->ton,46,oracolo,8,0.421,0.850333347688065,8,256,True,0.2298,3.0
bot->ton,46,stat_13x13,8,0.421,0.7541754429746624,8,256,True,0.2298,3.0
bot->ton,46,martingala,8,0.421,0.8773645706731611,0,0,True,0.2298,3.0
bot->ton,46,stat_13x13_adaptive,8,0.421,0.7284373397500372,8,256,True,0.2298,3.0
bot->ton,46,statico,9,0.474,0.8576687816850892,0,0,True,0.24525,3.0
bot->ton,46,ogni_batch,9,0.474,0.8322218017855565,9,288,True,0.24525,3.0
bot->ton,46,su_innesco,9,0.474,0.8607030756931027,5,160,True,0.24525,3.0
bot->ton,46,oracolo,9,0.474,0.9134646853653592,9,288,True,0.24525,3.0
bot->ton,46,stat_13x13,9,0.474,0.7547717476837754,9,288,True,0.24525,3.0
bot->ton,46,martingala,9,0.474,0.8576687816850892,0,0,True,0.24525,3.0
bot->ton,46,stat_13x13_adaptive,9,0.474,0.7284625063855721,9,288,True,0.24525,3.0
bot->ton,46,statico,10,0.526,0.8446944192956486,0,0,True,0.26575,3.0
bot->ton,46,ogni_batch,10,0.526,0.8479790433782275,10,320,True,0.26575,3.0
bot->ton,46,su_innesco,10,0.526,0.850727104854132,6,192,True,0.26575,3.0
bot->ton,46,oracolo,10,0.526,0.9136195862572332,10,320,True,0.26575,3.0
bot->ton,46,stat_13x13,10,0.526,0.7716565298057578,10,320,True,0.26575,3.0
bot->ton,46,martingala,10,0.526,0.8446944192956486,0,0,True,0.26575,3.0
bot->ton,46,stat_13x13_adaptive,10,0.526,0.7234444993319742,10,320,True,0.26575,3.0
bot->ton,46,statico,11,0.579,0.8333814348753097,0,0,True,0.28245,3.0
bot->ton,46,ogni_batch,11,0.579,0.8507735721122494,11,352,True,0.28245,3.0
bot->ton,46,su_innesco,11,0.579,0.8646978532993028,7,224,True,0.28245,3.0
bot->ton,46,oracolo,11,0.579,0.9276453070570139,11,352,True,0.28245,3.0
bot->ton,46,stat_13x13,11,0.579,0.7452290256235189,11,352,True,0.28245,3.0
bot->ton,46,martingala,11,0.579,0.8333814348753097,0,0,True,0.28245,3.0
bot->ton,46,stat_13x13_adaptive,11,0.579,0.7373496732125164,11,352,True,0.28245,3.0
bot->ton,46,statico,12,0.632,0.8187620664977644,0,0,True,0.3094,3.0
bot->ton,46,ogni_batch,12,0.632,0.8491190558996788,12,384,True,0.3094,3.0
bot->ton,46,su_innesco,12,0.632,0.8663768406083241,8,256,True,0.3094,3.0
bot->ton,46,oracolo,12,0.632,0.928900392372692,12,384,True,0.3094,3.0
bot->ton,46,stat_13x13,12,0.632,0.7566882844984102,12,384,True,0.3094,3.0
bot->ton,46,martingala,12,0.632,0.8187620664977644,0,0,True,0.3094,3.0
bot->ton,46,stat_13x13_adaptive,12,0.632,0.7402270046900792,12,384,True,0.3094,3.0
bot->ton,46,statico,13,0.684,0.8038114108320091,0,0,True,0.3251,3.0
bot->ton,46,ogni_batch,13,0.684,0.8758943983802141,13,416,True,0.3251,3.0
bot->ton,46,su_innesco,13,0.684,0.8700787724449577,9,288,True,0.3251,3.0
bot->ton,46,oracolo,13,0.684,0.9297861461027396,13,416,True,0.3251,3.0
bot->ton,46,stat_13x13,13,0.684,0.7400773367149482,13,416,True,0.3251,3.0
bot->ton,46,martingala,13,0.684,0.8038114108320091,0,0,True,0.3251,3.0
bot->ton,46,stat_13x13_adaptive,13,0.684,0.7398925195745091,13,416,True,0.3251,3.0
bot->ton,46,statico,14,0.737,0.7892698688082986,0,0,True,0.33825,3.0
bot->ton,46,ogni_batch,14,0.737,0.8706159730783675,14,448,True,0.33825,3.0
bot->ton,46,su_innesco,14,0.737,0.8764149512140446,10,320,True,0.33825,3.0
bot->ton,46,oracolo,14,0.737,0.9319627587194041,14,448,True,0.33825,3.0
bot->ton,46,stat_13x13,14,0.737,0.7901180658753294,14,448,True,0.33825,3.0
bot->ton,46,martingala,14,0.737,0.7892698688082986,1,32,True,0.33825,3.0
bot->ton,46,stat_13x13_adaptive,14,0.737,0.7721072800405172,14,448,True,0.33825,3.0
bot->ton,46,statico,15,0.789,0.7714592475526962,0,0,True,0.3703,3.0
bot->ton,46,ogni_batch,15,0.789,0.860112517699313,15,480,True,0.3703,3.0
bot->ton,46,su_innesco,15,0.789,0.8690924123764769,11,352,True,0.3703,3.0
bot->ton,46,oracolo,15,0.789,0.9245605223112324,15,480,True,0.3703,3.0
bot->ton,46,stat_13x13,15,0.789,0.757945549446031,15,480,True,0.3703,3.0
bot->ton,46,martingala,15,0.789,0.9204836969827026,2,64,True,0.3703,3.0
bot->ton,46,stat_13x13_adaptive,15,0.789,0.7143328722752165,15,480,True,0.3703,3.0
bot->ton,46,statico,16,0.842,0.750585853432771,0,0,True,0.3813,3.0
bot->ton,46,ogni_batch,16,0.842,0.9263259605374978,16,512,True,0.3813,3.0
bot->ton,46,su_innesco,16,0.842,0.9339672196699513,12,384,True,0.3813,3.0
bot->ton,46,oracolo,16,0.842,0.9280511530041424,16,512,True,0.3813,3.0
bot->ton,46,stat_13x13,16,0.842,0.7789500973580072,16,512,True,0.3813,3.0
bot->ton,46,martingala,16,0.842,0.9140430105915275,3,96,True,0.3813,3.0
bot->ton,46,stat_13x13_adaptive,16,0.842,0.7657160178340193,16,512,True,0.3813,3.0
bot->ton,46,statico,17,0.895,0.7362504792381603,0,0,True,0.4052,3.0
bot->ton,46,ogni_batch,17,0.895,0.9262171684160518,17,544,True,0.4052,3.0
bot->ton,46,su_innesco,17,0.895,0.8712274999342517,13,416,True,0.4052,3.0
bot->ton,46,oracolo,17,0.895,0.9369718578323258,17,544,True,0.4052,3.0
bot->ton,46,stat_13x13,17,0.895,0.7597027179227713,17,544,True,0.4052,3.0
bot->ton,46,martingala,17,0.895,0.9076627799215317,4,128,True,0.4052,3.0
bot->ton,46,stat_13x13_adaptive,17,0.895,0.7093296299593761,17,544,True,0.4052,3.0
bot->ton,46,statico,18,0.947,0.7189058017177252,0,0,True,0.42465,3.0
bot->ton,46,ogni_batch,18,0.947,0.9202071655481514,18,576,True,0.42465,3.0
bot->ton,46,su_innesco,18,0.947,0.8627237841032771,14,448,True,0.42465,3.0
bot->ton,46,oracolo,18,0.947,0.9344135408903294,18,576,True,0.42465,3.0
bot->ton,46,stat_13x13,18,0.947,0.7612945512220779,18,576,True,0.42465,3.0
bot->ton,46,martingala,18,0.947,0.9230989869163255,5,160,True,0.42465,3.0
bot->ton,46,stat_13x13_adaptive,18,0.947,0.7979307498007684,18,576,True,0.42465,3.0
bot->ton,46,statico,19,1.0,0.6988673972138547,0,0,True,0.4431,3.0
bot->ton,46,ogni_batch,19,1.0,0.9233422120541894,19,608,True,0.4431,3.0
bot->ton,46,su_innesco,19,1.0,0.8668294783518489,15,480,True,0.4431,3.0
bot->ton,46,oracolo,19,1.0,0.9374103022565343,19,608,True,0.4431,3.0
bot->ton,46,stat_13x13,19,1.0,0.7882574589382738,19,608,True,0.4431,3.0
bot->ton,46,martingala,19,1.0,0.9308495827406188,6,192,True,0.4431,3.0
bot->ton,46,stat_13x13_adaptive,19,1.0,0.7751064361905183,19,608,True,0.4431,3.0
bot->ton,47,statico,0,0.0,0.9913,0,0,False,0.0486,3.0
bot->ton,47,ogni_batch,0,0.0,0.9913,0,0,False,0.0486,3.0
bot->ton,47,su_innesco,0,0.0,0.9913,0,0,False,0.0486,3.0
bot->ton,47,oracolo,0,0.0,0.9913,0,0,False,0.0486,3.0
bot->ton,47,stat_13x13,0,0.0,0.9913,0,0,False,0.0486,3.0
bot->ton,47,martingala,0,0.0,0.9913,0,0,False,0.0486,3.0
bot->ton,47,stat_13x13_adaptive,0,0.0,0.9913,0,0,False,0.0486,3.0
bot->ton,47,statico,1,0.053,0.9602163450478057,0,0,False,0.0772,3.0
bot->ton,47,ogni_batch,1,0.053,0.9602163450478057,1,32,False,0.0772,3.0
bot->ton,47,su_innesco,1,0.053,0.9602163450478057,0,0,False,0.0772,3.0
bot->ton,47,oracolo,1,0.053,0.9602163450478057,1,32,False,0.0772,3.0
bot->ton,47,stat_13x13,1,0.053,0.5,1,32,False,0.0772,3.0
bot->ton,47,martingala,1,0.053,0.9602163450478057,0,0,False,0.0772,3.0
bot->ton,47,stat_13x13_adaptive,1,0.053,0.5,1,32,False,0.0772,3.0
bot->ton,47,statico,2,0.105,0.9391204287374044,0,0,False,0.11145,3.0
bot->ton,47,ogni_batch,2,0.105,0.6670274487239267,2,64,False,0.11145,3.0
bot->ton,47,su_innesco,2,0.105,0.9391204287374044,0,0,False,0.11145,3.0
bot->ton,47,oracolo,2,0.105,0.9381318709161712,2,64,False,0.11145,3.0
bot->ton,47,stat_13x13,2,0.105,0.500996015936255,2,64,False,0.11145,3.0
bot->ton,47,martingala,2,0.105,0.9391204287374044,0,0,False,0.11145,3.0
bot->ton,47,stat_13x13_adaptive,2,0.105,0.5,2,64,False,0.11145,3.0
bot->ton,47,statico,3,0.158,0.9238500066242372,0,0,False,0.1372,3.0
bot->ton,47,ogni_batch,3,0.158,0.766703487101664,3,96,False,0.1372,3.0
bot->ton,47,su_innesco,3,0.158,0.9238500066242372,0,0,False,0.1372,3.0
bot->ton,47,oracolo,3,0.158,0.9184902245186244,3,96,False,0.1372,3.0
bot->ton,47,stat_13x13,3,0.158,0.5039475291595478,3,96,False,0.1372,3.0
bot->ton,47,martingala,3,0.158,0.9238500066242372,0,0,False,0.1372,3.0
bot->ton,47,stat_13x13_adaptive,3,0.158,0.5,3,96,False,0.1372,3.0
bot->ton,47,statico,4,0.211,0.9234255599472991,0,0,True,0.17105,3.0
bot->ton,47,ogni_batch,4,0.211,0.7210238118191459,4,128,True,0.17105,3.0
bot->ton,47,su_innesco,4,0.211,0.9234255599472991,0,0,True,0.17105,3.0
bot->ton,47,oracolo,4,0.211,0.9083852308878819,4,128,True,0.17105,3.0
bot->ton,47,stat_13x13,4,0.211,0.5594369999035959,4,128,True,0.17105,3.0
bot->ton,47,martingala,4,0.211,0.9234255599472991,0,0,True,0.17105,3.0
bot->ton,47,stat_13x13_adaptive,4,0.211,0.5411240721102863,4,128,True,0.17105,3.0
bot->ton,47,statico,5,0.263,0.9056577239844525,0,0,True,0.20165,3.0
bot->ton,47,ogni_batch,5,0.263,0.7323141489287339,5,160,True,0.20165,3.0
bot->ton,47,su_innesco,5,0.263,0.9056577239844525,1,32,True,0.20165,3.0
bot->ton,47,oracolo,5,0.263,0.8933292362037092,5,160,True,0.20165,3.0
bot->ton,47,stat_13x13,5,0.263,0.5223435405182049,5,160,True,0.20165,3.0
bot->ton,47,martingala,5,0.263,0.9056577239844525,0,0,True,0.20165,3.0
bot->ton,47,stat_13x13_adaptive,5,0.263,0.5379185959062965,5,160,True,0.20165,3.0
bot->ton,47,statico,6,0.316,0.8920820126187488,0,0,True,0.23285,3.0
bot->ton,47,ogni_batch,6,0.316,0.7735786567899179,6,192,True,0.23285,3.0
bot->ton,47,su_innesco,6,0.316,0.8551415967872823,2,64,True,0.23285,3.0
bot->ton,47,oracolo,6,0.316,0.8885026448971287,6,192,True,0.23285,3.0
bot->ton,47,stat_13x13,6,0.316,0.512042055945123,6,192,True,0.23285,3.0
bot->ton,47,martingala,6,0.316,0.8920820126187488,0,0,True,0.23285,3.0
bot->ton,47,stat_13x13_adaptive,6,0.316,0.5313903801114833,6,192,True,0.23285,3.0
bot->ton,47,statico,7,0.368,0.8778817210533434,0,0,True,0.25845,3.0
bot->ton,47,ogni_batch,7,0.368,0.7886972313993701,7,224,True,0.25845,3.0
bot->ton,47,su_innesco,7,0.368,0.7724024807279893,3,96,True,0.25845,3.0
bot->ton,47,oracolo,7,0.368,0.8786247802314573,7,224,True,0.25845,3.0
bot->ton,47,stat_13x13,7,0.368,0.5298448578991093,7,224,True,0.25845,3.0
bot->ton,47,martingala,7,0.368,0.8778817210533434,0,0,True,0.25845,3.0
bot->ton,47,stat_13x13_adaptive,7,0.368,0.541738441623679,7,224,True,0.25845,3.0
bot->ton,47,statico,8,0.421,0.8602498948030419,0,0,True,0.2913,3.0
bot->ton,47,ogni_batch,8,0.421,0.7906066287461104,8,256,True,0.2913,3.0
bot->ton,47,su_innesco,8,0.421,0.7874456839399633,4,128,True,0.2913,3.0
bot->ton,47,oracolo,8,0.421,0.8687615494286963,8,256,True,0.2913,3.0
bot->ton,47,stat_13x13,8,0.421,0.6212665790363451,8,256,True,0.2913,3.0
bot->ton,47,martingala,8,0.421,0.8602498948030419,0,0,True,0.2913,3.0
bot->ton,47,stat_13x13_adaptive,8,0.421,0.555684762472773,8,256,True,0.2913,3.0
bot->ton,47,statico,9,0.474,0.8396595354131933,0,0,True,0.3168,3.0
bot->ton,47,ogni_batch,9,0.474,0.7835621730152694,9,288,True,0.3168,3.0
bot->ton,47,su_innesco,9,0.474,0.8821808952049935,5,160,True,0.3168,3.0
bot->ton,47,oracolo,9,0.474,0.8710200957964103,9,288,True,0.3168,3.0
bot->ton,47,stat_13x13,9,0.474,0.6380445750643271,9,288,True,0.3168,3.0
bot->ton,47,martingala,9,0.474,0.8396595354131933,0,0,True,0.3168,3.0
bot->ton,47,stat_13x13_adaptive,9,0.474,0.5830528593882452,9,288,True,0.3168,3.0
bot->ton,47,statico,10,0.526,0.8256815451580805,0,0,True,0.35345,3.0
bot->ton,47,ogni_batch,10,0.526,0.7819481990054638,10,320,True,0.35345,3.0
bot->ton,47,su_innesco,10,0.526,0.8808380603487598,6,192,True,0.35345,3.0
bot->ton,47,oracolo,10,0.526,0.8740773679601033,10,320,True,0.35345,3.0
bot->ton,47,stat_13x13,10,0.526,0.5588434510831956,10,320,True,0.35345,3.0
bot->ton,47,martingala,10,0.526,0.8256815451580805,0,0,True,0.35345,3.0
bot->ton,47,stat_13x13_adaptive,10,0.526,0.6009081891814141,10,320,True,0.35345,3.0
bot->ton,47,statico,11,0.579,0.8107446445387243,0,0,True,0.38505,3.0
bot->ton,47,ogni_batch,11,0.579,0.7756638105772522,11,352,True,0.38505,3.0
bot->ton,47,su_innesco,11,0.579,0.8764029466310543,7,224,True,0.38505,3.0
bot->ton,47,oracolo,11,0.579,0.8804686356316199,11,352,True,0.38505,3.0
bot->ton,47,stat_13x13,11,0.579,0.5536473762373645,11,352,True,0.38505,3.0
bot->ton,47,martingala,11,0.579,0.8194990970295666,1,32,True,0.38505,3.0
bot->ton,47,stat_13x13_adaptive,11,0.579,0.593966313656851,11,352,True,0.38505,3.0
bot->ton,47,statico,12,0.632,0.7937561228669283,0,0,True,0.40815,3.0
bot->ton,47,ogni_batch,12,0.632,0.8664465451743191,12,384,True,0.40815,3.0
bot->ton,47,su_innesco,12,0.632,0.870783786000614,8,256,True,0.40815,3.0
bot->ton,47,oracolo,12,0.632,0.8732831215682453,12,384,True,0.40815,3.0
bot->ton,47,stat_13x13,12,0.632,0.5628336630662704,12,384,True,0.40815,3.0
bot->ton,47,martingala,12,0.632,0.8431185266954933,2,64,True,0.40815,3.0
bot->ton,47,stat_13x13_adaptive,12,0.632,0.5938111915213131,12,384,True,0.40815,3.0
bot->ton,47,statico,13,0.684,0.7730445581810308,0,0,True,0.4448,3.0
bot->ton,47,ogni_batch,13,0.684,0.8759497149768969,13,416,True,0.4448,3.0
bot->ton,47,su_innesco,13,0.684,0.8795925454221818,9,288,True,0.4448,3.0
bot->ton,47,oracolo,13,0.684,0.8719058253538874,13,416,True,0.4448,3.0
bot->ton,47,stat_13x13,13,0.684,0.5644469658569424,13,416,True,0.4448,3.0
bot->ton,47,martingala,13,0.684,0.8748897550756201,3,96,True,0.4448,3.0
bot->ton,47,stat_13x13_adaptive,13,0.684,0.5960967619532948,13,416,True,0.4448,3.0
bot->ton,47,statico,14,0.737,0.7573290666469752,0,0,True,0.4769,3.0
bot->ton,47,ogni_batch,14,0.737,0.8743592121119181,14,448,True,0.4769,3.0
bot->ton,47,su_innesco,14,0.737,0.8822066326218436,10,320,True,0.4769,3.0
bot->ton,47,oracolo,14,0.737,0.8336528138515424,14,448,True,0.4769,3.0
bot->ton,47,stat_13x13,14,0.737,0.5645689619545642,14,448,True,0.4769,3.0
bot->ton,47,martingala,14,0.737,0.8722778948711025,4,128,True,0.4769,3.0
bot->ton,47,stat_13x13_adaptive,14,0.737,0.600513378532965,14,448,True,0.4769,3.0
bot->ton,47,statico,15,0.789,0.7364270408536951,0,0,True,0.49975,3.0
bot->ton,47,ogni_batch,15,0.789,0.8513303224598681,15,480,True,0.49975,3.0
bot->ton,47,su_innesco,15,0.789,0.8584990609364089,11,352,True,0.49975,3.0
bot->ton,47,oracolo,15,0.789,0.8221134205844114,15,480,True,0.49975,3.0
bot->ton,47,stat_13x13,15,0.789,0.6381770003323675,15,480,True,0.49975,3.0
bot->ton,47,martingala,15,0.789,0.8597669554323566,5,160,True,0.49975,3.0
bot->ton,47,stat_13x13_adaptive,15,0.789,0.6252806746450715,15,480,True,0.49975,3.0
bot->ton,47,statico,16,0.842,0.7151027726322672,0,0,True,0.53755,3.0
bot->ton,47,ogni_batch,16,0.842,0.8574114174203327,16,512,True,0.53755,3.0
bot->ton,47,su_innesco,16,0.842,0.8668595655317927,12,384,True,0.53755,3.0
bot->ton,47,oracolo,16,0.842,0.8415593703876139,16,512,True,0.53755,3.0
bot->ton,47,stat_13x13,16,0.842,0.5636887202702301,16,512,True,0.53755,3.0
bot->ton,47,martingala,16,0.842,0.8666729403373914,6,192,True,0.53755,3.0
bot->ton,47,stat_13x13_adaptive,16,0.842,0.6254985091777199,16,512,True,0.53755,3.0
bot->ton,47,statico,17,0.895,0.6971189203412005,0,0,True,0.5693,3.0
bot->ton,47,ogni_batch,17,0.895,0.8545338375114371,17,544,True,0.5693,3.0
bot->ton,47,su_innesco,17,0.895,0.8635838170749663,13,416,True,0.5693,3.0
bot->ton,47,oracolo,17,0.895,0.8300895207558754,17,544,True,0.5693,3.0
bot->ton,47,stat_13x13,17,0.895,0.6652971284055154,17,544,True,0.5693,3.0
bot->ton,47,martingala,17,0.895,0.8632521434521303,7,224,True,0.5693,3.0
bot->ton,47,stat_13x13_adaptive,17,0.895,0.6318215879534448,17,544,True,0.5693,3.0
bot->ton,47,statico,18,0.947,0.6799409239930578,0,0,True,0.5958,3.0
bot->ton,47,ogni_batch,18,0.947,0.8609723451427411,18,576,True,0.5958,3.0
bot->ton,47,su_innesco,18,0.947,0.8609723451427411,14,448,True,0.5958,3.0
bot->ton,47,oracolo,18,0.947,0.8493124697140451,18,576,True,0.5958,3.0
bot->ton,47,stat_13x13,18,0.947,0.6851258331462007,18,576,True,0.5958,3.0
bot->ton,47,martingala,18,0.947,0.8609723451427411,8,256,True,0.5958,3.0
bot->ton,47,stat_13x13_adaptive,18,0.947,0.7273620379878284,18,576,True,0.5958,3.0
bot->ton,47,statico,19,1.0,0.6619683759091965,0,0,True,0.6253,3.0
bot->ton,47,ogni_batch,19,1.0,0.8582900895134173,19,608,True,0.6253,3.0
bot->ton,47,su_innesco,19,1.0,0.8582900895134173,15,480,True,0.6253,3.0
bot->ton,47,oracolo,19,1.0,0.8647000055866483,19,608,True,0.6253,3.0
bot->ton,47,stat_13x13,19,1.0,0.6791991914172661,19,608,True,0.6253,3.0
bot->ton,47,martingala,19,1.0,0.8582900895134173,9,288,True,0.6253,3.0
bot->ton,47,stat_13x13_adaptive,19,1.0,0.8380336351732269,19,608,True,0.6253,3.0
bot->ton,48,statico,0,0.0,0.99145,0,0,False,0.0183,3.0
bot->ton,48,ogni_batch,0,0.0,0.99145,0,0,False,0.0183,3.0
bot->ton,48,su_innesco,0,0.0,0.99145,0,0,False,0.0183,3.0
bot->ton,48,oracolo,0,0.0,0.99145,0,0,False,0.0183,3.0
bot->ton,48,stat_13x13,0,0.0,0.99145,0,0,False,0.0183,3.0
bot->ton,48,martingala,0,0.0,0.99145,0,0,False,0.0183,3.0
bot->ton,48,stat_13x13_adaptive,0,0.0,0.99145,0,0,False,0.0183,3.0
bot->ton,48,statico,1,0.053,0.954616128961316,0,0,False,0.03475,3.0
bot->ton,48,ogni_batch,1,0.053,0.954616128961316,1,32,False,0.03475,3.0
bot->ton,48,su_innesco,1,0.053,0.954616128961316,0,0,False,0.03475,3.0
bot->ton,48,oracolo,1,0.053,0.954616128961316,1,32,False,0.03475,3.0
bot->ton,48,stat_13x13,1,0.053,0.46439049064238747,1,32,False,0.03475,3.0
bot->ton,48,martingala,1,0.053,0.954616128961316,0,0,False,0.03475,3.0
bot->ton,48,stat_13x13_adaptive,1,0.053,0.4257460799190693,1,32,False,0.03475,3.0
bot->ton,48,statico,2,0.105,0.9457432619132726,0,0,False,0.05675,3.0
bot->ton,48,ogni_batch,2,0.105,0.9457432619132726,2,64,False,0.05675,3.0
bot->ton,48,su_innesco,2,0.105,0.9457432619132726,0,0,False,0.05675,3.0
bot->ton,48,oracolo,2,0.105,0.9153171260746704,2,64,False,0.05675,3.0
bot->ton,48,stat_13x13,2,0.105,0.5,2,64,False,0.05675,3.0
bot->ton,48,martingala,2,0.105,0.9457432619132726,0,0,False,0.05675,3.0
bot->ton,48,stat_13x13_adaptive,2,0.105,0.5054554465665767,2,64,False,0.05675,3.0
bot->ton,48,statico,3,0.158,0.9251268998261648,0,0,False,0.07725,3.0
bot->ton,48,ogni_batch,3,0.158,0.7501904428005997,3,96,False,0.07725,3.0
bot->ton,48,su_innesco,3,0.158,0.9251268998261648,0,0,False,0.07725,3.0
bot->ton,48,oracolo,3,0.158,0.8934488837726204,3,96,False,0.07725,3.0
bot->ton,48,stat_13x13,3,0.158,0.5769984165568202,3,96,False,0.07725,3.0
bot->ton,48,martingala,3,0.158,0.9251268998261648,0,0,False,0.07725,3.0
bot->ton,48,stat_13x13_adaptive,3,0.158,0.5769277582309095,3,96,False,0.07725,3.0
bot->ton,48,statico,4,0.211,0.914695409501584,0,0,False,0.09415,3.0
bot->ton,48,ogni_batch,4,0.211,0.8742038687845322,4,128,False,0.09415,3.0
bot->ton,48,su_innesco,4,0.211,0.914695409501584,0,0,False,0.09415,3.0
bot->ton,48,oracolo,4,0.211,0.8971120967942599,4,128,False,0.09415,3.0
bot->ton,48,stat_13x13,4,0.211,0.6084393772123851,4,128,False,0.09415,3.0
bot->ton,48,martingala,4,0.211,0.914695409501584,0,0,False,0.09415,3.0
bot->ton,48,stat_13x13_adaptive,4,0.211,0.6197374538206573,4,128,False,0.09415,3.0
bot->ton,48,statico,5,0.263,0.899674872742644,0,0,False,0.1126,3.0
bot->ton,48,ogni_batch,5,0.263,0.8886299593070786,5,160,False,0.1126,3.0
bot->ton,48,su_innesco,5,0.263,0.899674872742644,0,0,False,0.1126,3.0
bot->ton,48,oracolo,5,0.263,0.8922104018732581,5,160,False,0.1126,3.0
bot->ton,48,stat_13x13,5,0.263,0.6548339695989691,5,160,False,0.1126,3.0
bot->ton,48,martingala,5,0.263,0.899674872742644,0,0,False,0.1126,3.0
bot->ton,48,stat_13x13_adaptive,5,0.263,0.5408824986607382,5,160,False,0.1126,3.0
bot->ton,48,statico,6,0.316,0.8855045667312609,0,0,True,0.1274,3.0
bot->ton,48,ogni_batch,6,0.316,0.887966621176135,6,192,True,0.1274,3.0
bot->ton,48,su_innesco,6,0.316,0.8855045667312609,0,0,True,0.1274,3.0
bot->ton,48,oracolo,6,0.316,0.8735088347647952,6,192,True,0.1274,3.0
bot->ton,48,stat_13x13,6,0.316,0.6649565186787787,6,192,True,0.1274,3.0
bot->ton,48,martingala,6,0.316,0.8855045667312609,0,0,True,0.1274,3.0
bot->ton,48,stat_13x13_adaptive,6,0.316,0.5448057533681274,6,192,True,0.1274,3.0
bot->ton,48,statico,7,0.368,0.8661574001638244,0,0,True,0.15185,3.0
bot->ton,48,ogni_batch,7,0.368,0.8753136130617655,7,224,True,0.15185,3.0
bot->ton,48,su_innesco,7,0.368,0.7578066566654089,1,32,True,0.15185,3.0
bot->ton,48,oracolo,7,0.368,0.8573932611156618,7,224,True,0.15185,3.0
bot->ton,48,stat_13x13,7,0.368,0.7691703557809417,7,224,True,0.15185,3.0
bot->ton,48,martingala,7,0.368,0.8661574001638244,0,0,True,0.15185,3.0
bot->ton,48,stat_13x13_adaptive,7,0.368,0.5362912206749929,7,224,True,0.15185,3.0
bot->ton,48,statico,8,0.421,0.8498058162213499,0,0,True,0.17275,3.0
bot->ton,48,ogni_batch,8,0.421,0.8843397806650382,8,256,True,0.17275,3.0
bot->ton,48,su_innesco,8,0.421,0.7901010923722721,2,64,True,0.17275,3.0
bot->ton,48,oracolo,8,0.421,0.8512909264331497,8,256,True,0.17275,3.0
bot->ton,48,stat_13x13,8,0.421,0.6686958555629894,8,256,True,0.17275,3.0
bot->ton,48,martingala,8,0.421,0.8498058162213499,0,0,True,0.17275,3.0
bot->ton,48,stat_13x13_adaptive,8,0.421,0.5624901783005765,8,256,True,0.17275,3.0
bot->ton,48,statico,9,0.474,0.8289773636860083,0,0,True,0.19,3.0
bot->ton,48,ogni_batch,9,0.474,0.8820931521020614,9,288,True,0.19,3.0
bot->ton,48,su_innesco,9,0.474,0.8727122969012444,3,96,True,0.19,3.0
bot->ton,48,oracolo,9,0.474,0.8520692541446683,9,288,True,0.19,3.0
bot->ton,48,stat_13x13,9,0.474,0.6535249130499334,9,288,True,0.19,3.0
bot->ton,48,martingala,9,0.474,0.8289773636860083,0,0,True,0.19,3.0
bot->ton,48,stat_13x13_adaptive,9,0.474,0.5611760756297186,9,288,True,0.19,3.0
bot->ton,48,statico,10,0.526,0.8131007831159938,0,0,True,0.20495,3.0
bot->ton,48,ogni_batch,10,0.526,0.887088802321256,10,320,True,0.20495,3.0
bot->ton,48,su_innesco,10,0.526,0.8838657270066643,4,128,True,0.20495,3.0
bot->ton,48,oracolo,10,0.526,0.8964628058303376,10,320,True,0.20495,3.0
bot->ton,48,stat_13x13,10,0.526,0.6543379698058231,10,320,True,0.20495,3.0
bot->ton,48,martingala,10,0.526,0.8131007831159938,0,0,True,0.20495,3.0
bot->ton,48,stat_13x13_adaptive,10,0.526,0.5534479356627859,10,320,True,0.20495,3.0
bot->ton,48,statico,11,0.579,0.7931565915254775,0,0,True,0.22705,3.0
bot->ton,48,ogni_batch,11,0.579,0.8812061759523262,11,352,True,0.22705,3.0
bot->ton,48,su_innesco,11,0.579,0.8581808256106389,5,160,True,0.22705,3.0
bot->ton,48,oracolo,11,0.579,0.922462868304161,11,352,True,0.22705,3.0
bot->ton,48,stat_13x13,11,0.579,0.6551916954786271,11,352,True,0.22705,3.0
bot->ton,48,martingala,11,0.579,0.7931565915254775,0,0,True,0.22705,3.0
bot->ton,48,stat_13x13_adaptive,11,0.579,0.5586151351292034,11,352,True,0.22705,3.0
bot->ton,48,statico,12,0.632,0.7709600388806523,0,0,True,0.2525,3.0
bot->ton,48,ogni_batch,12,0.632,0.8724159244791936,12,384,True,0.2525,3.0
bot->ton,48,su_innesco,12,0.632,0.8622533144773079,6,192,True,0.2525,3.0
bot->ton,48,oracolo,12,0.632,0.9271034306040482,12,384,True,0.2525,3.0
bot->ton,48,stat_13x13,12,0.632,0.6606993688889531,12,384,True,0.2525,3.0
bot->ton,48,martingala,12,0.632,0.7709600388806523,0,0,True,0.2525,3.0
bot->ton,48,stat_13x13_adaptive,12,0.632,0.5627182697152875,12,384,True,0.2525,3.0
bot->ton,48,statico,13,0.684,0.7561713011936997,0,0,True,0.2573,3.0
bot->ton,48,ogni_batch,13,0.684,0.8654227675741512,13,416,True,0.2573,3.0
bot->ton,48,su_innesco,13,0.684,0.8618929491426577,7,224,True,0.2573,3.0
bot->ton,48,oracolo,13,0.684,0.9237030657283893,13,416,True,0.2573,3.0
bot->ton,48,stat_13x13,13,0.684,0.6546874189899455,13,416,True,0.2573,3.0
bot->ton,48,martingala,13,0.684,0.7561713011936997,0,0,True,0.2573,3.0
bot->ton,48,stat_13x13_adaptive,13,0.684,0.5734761373202956,13,416,True,0.2573,3.0
bot->ton,48,statico,14,0.737,0.7328855362713894,0,0,True,0.28555,3.0
bot->ton,48,ogni_batch,14,0.737,0.8770963818566903,14,448,True,0.28555,3.0
bot->ton,48,su_innesco,14,0.737,0.8757806463136668,8,256,True,0.28555,3.0
bot->ton,48,oracolo,14,0.737,0.9255937226436723,14,448,True,0.28555,3.0
bot->ton,48,stat_13x13,14,0.737,0.7781471668498152,14,448,True,0.28555,3.0
bot->ton,48,martingala,14,0.737,0.49198482520641423,1,32,True,0.28555,3.0
bot->ton,48,stat_13x13_adaptive,14,0.737,0.6009101338300131,14,448,True,0.28555,3.0
bot->ton,48,statico,15,0.789,0.7116069226761098,0,0,True,0.3081,3.0
bot->ton,48,ogni_batch,15,0.789,0.8688200467660536,15,480,True,0.3081,3.0
bot->ton,48,su_innesco,15,0.789,0.8749007740102319,9,288,True,0.3081,3.0
bot->ton,48,oracolo,15,0.789,0.9237901637939051,15,480,True,0.3081,3.0
bot->ton,48,stat_13x13,15,0.789,0.7818925093773599,15,480,True,0.3081,3.0
bot->ton,48,martingala,15,0.789,0.6451568018027494,2,64,True,0.3081,3.0
bot->ton,48,stat_13x13_adaptive,15,0.789,0.6074959800080725,15,480,True,0.3081,3.0
bot->ton,48,statico,16,0.842,0.6874130570710291,0,0,True,0.31855,3.0
bot->ton,48,ogni_batch,16,0.842,0.8624157035042574,16,512,True,0.31855,3.0
bot->ton,48,su_innesco,16,0.842,0.9270518911107954,10,320,True,0.31855,3.0
bot->ton,48,oracolo,16,0.842,0.9233251369877411,16,512,True,0.31855,3.0
bot->ton,48,stat_13x13,16,0.842,0.776138719698656,16,512,True,0.31855,3.0
bot->ton,48,martingala,16,0.842,0.829935768912944,3,96,True,0.31855,3.0
bot->ton,48,stat_13x13_adaptive,16,0.842,0.6099301139029927,16,512,True,0.31855,3.0
bot->ton,48,statico,17,0.895,0.6690855133733815,0,0,True,0.34215,3.0
bot->ton,48,ogni_batch,17,0.895,0.920797057932955,17,544,True,0.34215,3.0
bot->ton,48,su_innesco,17,0.895,0.9280507375578438,11,352,True,0.34215,3.0
bot->ton,48,oracolo,17,0.895,0.8632583597526887,17,544,True,0.34215,3.0
bot->ton,48,stat_13x13,17,0.895,0.7748975272269983,17,544,True,0.34215,3.0
bot->ton,48,martingala,17,0.895,0.8536031900719838,4,128,True,0.34215,3.0
bot->ton,48,stat_13x13_adaptive,17,0.895,0.6138685242484481,17,544,True,0.34215,3.0
bot->ton,48,statico,18,0.947,0.6426360732063583,0,0,True,0.35775,3.0
bot->ton,48,ogni_batch,18,0.947,0.8234522738441613,18,576,True,0.35775,3.0
bot->ton,48,su_innesco,18,0.947,0.8648149727175505,12,384,True,0.35775,3.0
bot->ton,48,oracolo,18,0.947,0.9343790181655731,18,576,True,0.35775,3.0
bot->ton,48,stat_13x13,18,0.947,0.8413074521774897,18,576,True,0.35775,3.0
bot->ton,48,martingala,18,0.947,0.8585735734028107,5,160,True,0.35775,3.0
bot->ton,48,stat_13x13_adaptive,18,0.947,0.6094423072647833,18,576,True,0.35775,3.0
bot->ton,48,statico,19,1.0,0.6259310720215072,0,0,True,0.37495,3.0
bot->ton,48,ogni_batch,19,1.0,0.7623497486874866,19,608,True,0.37495,3.0
bot->ton,48,su_innesco,19,1.0,0.9333050816139675,13,416,True,0.37495,3.0
bot->ton,48,oracolo,19,1.0,0.9407477173266966,19,608,True,0.37495,3.0
bot->ton,48,stat_13x13,19,1.0,0.7793957585811144,19,608,True,0.37495,3.0
bot->ton,48,martingala,19,1.0,0.8438881135207963,6,192,True,0.37495,3.0
bot->ton,48,stat_13x13_adaptive,19,1.0,0.7159459887911821,19,608,True,0.37495,3.0
bot->ton,49,statico,0,0.0,0.9921,0,0,False,0.0767,3.0
bot->ton,49,ogni_batch,0,0.0,0.9921,0,0,False,0.0767,3.0
bot->ton,49,su_innesco,0,0.0,0.9921,0,0,False,0.0767,3.0
bot->ton,49,oracolo,0,0.0,0.9921,0,0,False,0.0767,3.0
bot->ton,49,stat_13x13,0,0.0,0.9921,0,0,False,0.0767,3.0
bot->ton,49,martingala,0,0.0,0.9921,0,0,False,0.0767,3.0
bot->ton,49,stat_13x13_adaptive,0,0.0,0.9921,0,0,False,0.0767,3.0
bot->ton,49,statico,1,0.053,0.9448221844356164,0,0,False,0.10175,3.0
bot->ton,49,ogni_batch,1,0.053,0.9448221844356164,1,32,False,0.10175,3.0
bot->ton,49,su_innesco,1,0.053,0.9448221844356164,0,0,False,0.10175,3.0
bot->ton,49,oracolo,1,0.053,0.9448221844356164,1,32,False,0.10175,3.0
bot->ton,49,stat_13x13,1,0.053,0.4999746604500304,1,32,False,0.10175,3.0
bot->ton,49,martingala,1,0.053,0.9448221844356164,0,0,False,0.10175,3.0
bot->ton,49,stat_13x13_adaptive,1,0.053,0.4999746604500304,1,32,False,0.10175,3.0
bot->ton,49,statico,2,0.105,0.941813078551641,0,0,False,0.12775,3.0
bot->ton,49,ogni_batch,2,0.105,0.941813078551641,2,64,False,0.12775,3.0
bot->ton,49,su_innesco,2,0.105,0.941813078551641,0,0,False,0.12775,3.0
bot->ton,49,oracolo,2,0.105,0.9148424494753713,2,64,False,0.12775,3.0
bot->ton,49,stat_13x13,2,0.105,0.5237804435765397,2,64,False,0.12775,3.0
bot->ton,49,martingala,2,0.105,0.941813078551641,0,0,False,0.12775,3.0
bot->ton,49,stat_13x13_adaptive,2,0.105,0.5,2,64,False,0.12775,3.0
bot->ton,49,statico,3,0.158,0.9323958333333333,0,0,True,0.1559,3.0
bot->ton,49,ogni_batch,3,0.158,0.9323958333333333,3,96,True,0.1559,3.0
bot->ton,49,su_innesco,3,0.158,0.9323958333333333,0,0,True,0.1559,3.0
bot->ton,49,oracolo,3,0.158,0.90140625,3,96,True,0.1559,3.0
bot->ton,49,stat_13x13,3,0.158,0.605078125,3,96,True,0.1559,3.0
bot->ton,49,martingala,3,0.158,0.9323958333333333,0,0,True,0.1559,3.0
bot->ton,49,stat_13x13_adaptive,3,0.158,0.5025,3,96,True,0.1559,3.0
bot->ton,49,statico,4,0.211,0.9090640355679345,0,0,True,0.1838,3.0
bot->ton,49,ogni_batch,4,0.211,0.7458813026081064,4,128,True,0.1838,3.0
bot->ton,49,su_innesco,4,0.211,0.8197956438290024,1,32,True,0.1838,3.0
bot->ton,49,oracolo,4,0.211,0.90114482706755,4,128,True,0.1838,3.0
bot->ton,49,stat_13x13,4,0.211,0.6046307127069588,4,128,True,0.1838,3.0
bot->ton,49,martingala,4,0.211,0.9090640355679345,0,0,True,0.1838,3.0
bot->ton,49,stat_13x13_adaptive,4,0.211,0.49997369943716796,4,128,True,0.1838,3.0
bot->ton,49,statico,5,0.263,0.897367704444662,0,0,True,0.21365,3.0
bot->ton,49,ogni_batch,5,0.263,0.8579263814791216,5,160,True,0.21365,3.0
bot->ton,49,su_innesco,5,0.263,0.8647854235701506,2,64,True,0.21365,3.0
bot->ton,49,oracolo,5,0.263,0.8875741614784425,5,160,True,0.21365,3.0
bot->ton,49,stat_13x13,5,0.263,0.6327859149284367,5,160,True,0.21365,3.0
bot->ton,49,martingala,5,0.263,0.897367704444662,0,0,True,0.21365,3.0
bot->ton,49,stat_13x13_adaptive,5,0.263,0.5059910090754808,5,160,True,0.21365,3.0
bot->ton,49,statico,6,0.316,0.8738524767046139,0,0,True,0.2373,3.0
bot->ton,49,ogni_batch,6,0.316,0.8575695854588679,6,192,True,0.2373,3.0
bot->ton,49,su_innesco,6,0.316,0.8593376704849638,3,96,True,0.2373,3.0
bot->ton,49,oracolo,6,0.316,0.8531581433028861,6,192,True,0.2373,3.0
bot->ton,49,stat_13x13,6,0.316,0.6246018676402263,6,192,True,0.2373,3.0
bot->ton,49,martingala,6,0.316,0.8738524767046139,0,0,True,0.2373,3.0
bot->ton,49,stat_13x13_adaptive,6,0.316,0.5034405062604508,6,192,True,0.2373,3.0
bot->ton,49,statico,7,0.368,0.8595852352346748,0,0,True,0.26605,3.0
bot->ton,49,ogni_batch,7,0.368,0.8736044410755858,7,224,True,0.26605,3.0
bot->ton,49,su_innesco,7,0.368,0.8717529632076615,4,128,True,0.26605,3.0
bot->ton,49,oracolo,7,0.368,0.8502546723285116,7,224,True,0.26605,3.0
bot->ton,49,stat_13x13,7,0.368,0.7575534170253587,7,224,True,0.26605,3.0
bot->ton,49,martingala,7,0.368,0.8595852352346748,0,0,True,0.26605,3.0
bot->ton,49,stat_13x13_adaptive,7,0.368,0.5097510695761558,7,224,True,0.26605,3.0
bot->ton,49,statico,8,0.421,0.8438505362129032,0,0,True,0.295,3.0
bot->ton,49,ogni_batch,8,0.421,0.8809000494357815,8,256,True,0.295,3.0
bot->ton,49,su_innesco,8,0.421,0.8816868736038239,5,160,True,0.295,3.0
bot->ton,49,oracolo,8,0.421,0.8664787389545134,8,256,True,0.295,3.0
bot->ton,49,stat_13x13,8,0.421,0.7729516731317352,8,256,True,0.295,3.0
bot->ton,49,martingala,8,0.421,0.8438505362129032,0,0,True,0.295,3.0
bot->ton,49,stat_13x13_adaptive,8,0.421,0.5180548794742108,8,256,True,0.295,3.0
bot->ton,49,statico,9,0.474,0.8311173708920188,0,0,True,0.3237,3.0
bot->ton,49,ogni_batch,9,0.474,0.8814960876369327,9,288,True,0.3237,3.0
bot->ton,49,su_innesco,9,0.474,0.8844475743348983,6,192,True,0.3237,3.0
bot->ton,49,oracolo,9,0.474,0.8609796557120502,9,288,True,0.3237,3.0
bot->ton,49,stat_13x13,9,0.474,0.784150234741784,9,288,True,0.3237,3.0
bot->ton,49,martingala,9,0.474,0.8311173708920188,0,0,True,0.3237,3.0
bot->ton,49,stat_13x13_adaptive,9,0.474,0.525133020344288,9,288,True,0.3237,3.0
bot->ton,49,statico,10,0.526,0.8114650937502859,0,0,True,0.3507,3.0
bot->ton,49,ogni_batch,10,0.526,0.8810016344427729,10,320,True,0.3507,3.0
bot->ton,49,su_innesco,10,0.526,0.878737967172212,7,224,True,0.3507,3.0
bot->ton,49,oracolo,10,0.526,0.8834333846391156,10,320,True,0.3507,3.0
bot->ton,49,stat_13x13,10,0.526,0.7799484728759001,10,320,True,0.3507,3.0
bot->ton,49,martingala,10,0.526,0.8114650937502859,0,0,True,0.3507,3.0
bot->ton,49,stat_13x13_adaptive,10,0.526,0.5600551567984602,10,320,True,0.3507,3.0
bot->ton,49,statico,11,0.579,0.7930139818693224,0,0,True,0.37435,3.0
bot->ton,49,ogni_batch,11,0.579,0.8823434549659324,11,352,True,0.37435,3.0
bot->ton,49,su_innesco,11,0.579,0.8703258324987058,8,256,True,0.37435,3.0
bot->ton,49,oracolo,11,0.579,0.8531944269859741,11,352,True,0.37435,3.0
bot->ton,49,stat_13x13,11,0.579,0.7680727268058027,11,352,True,0.37435,3.0
bot->ton,49,martingala,11,0.579,0.7930139818693224,0,0,True,0.37435,3.0
bot->ton,49,stat_13x13_adaptive,11,0.579,0.6800631985359215,11,352,True,0.37435,3.0
bot->ton,49,statico,12,0.632,0.7702793303474892,0,0,True,0.40465,3.0
bot->ton,49,ogni_batch,12,0.632,0.7838439737474863,12,384,True,0.40465,3.0
bot->ton,49,su_innesco,12,0.632,0.868233691880147,9,288,True,0.40465,3.0
bot->ton,49,oracolo,12,0.632,0.8741574968263995,12,384,True,0.40465,3.0
bot->ton,49,stat_13x13,12,0.632,0.791799693483551,12,384,True,0.40465,3.0
bot->ton,49,martingala,12,0.632,0.7702793303474892,0,0,True,0.40465,3.0
bot->ton,49,stat_13x13_adaptive,12,0.632,0.6815803853394611,12,384,True,0.40465,3.0
bot->ton,49,statico,13,0.684,0.7533460223677615,0,0,True,0.433,3.0
bot->ton,49,ogni_batch,13,0.684,0.8764949797558493,13,416,True,0.433,3.0
bot->ton,49,su_innesco,13,0.684,0.8702366229540143,10,320,True,0.433,3.0
bot->ton,49,oracolo,13,0.684,0.8401362151362151,13,416,True,0.433,3.0
bot->ton,49,stat_13x13,13,0.684,0.7769664237055541,13,416,True,0.433,3.0
bot->ton,49,martingala,13,0.684,0.7533460223677615,0,0,True,0.433,3.0
bot->ton,49,stat_13x13_adaptive,13,0.684,0.7022290283159849,13,416,True,0.433,3.0
bot->ton,49,statico,14,0.737,0.7314166233229266,0,0,True,0.4597,3.0
bot->ton,49,ogni_batch,14,0.737,0.8740720156263508,14,448,True,0.4597,3.0
bot->ton,49,su_innesco,14,0.737,0.8638803240446442,11,352,True,0.4597,3.0
bot->ton,49,oracolo,14,0.737,0.8365097018717309,14,448,True,0.4597,3.0
bot->ton,49,stat_13x13,14,0.737,0.7743136343602177,14,448,True,0.4597,3.0
bot->ton,49,martingala,14,0.737,0.6052621658705294,1,32,True,0.4597,3.0
bot->ton,49,stat_13x13_adaptive,14,0.737,0.6987093744299048,14,448,True,0.4597,3.0
bot->ton,49,statico,15,0.789,0.7050184421042281,0,0,True,0.4948,3.0
bot->ton,49,ogni_batch,15,0.789,0.8766623944215055,15,480,True,0.4948,3.0
bot->ton,49,su_innesco,15,0.789,0.8695994461256714,12,384,True,0.4948,3.0
bot->ton,49,oracolo,15,0.789,0.8493103893262635,15,480,True,0.4948,3.0
bot->ton,49,stat_13x13,15,0.789,0.7774793828434943,15,480,True,0.4948,3.0
bot->ton,49,martingala,15,0.789,0.8663316311970324,2,64,True,0.4948,3.0
bot->ton,49,stat_13x13_adaptive,15,0.789,0.6947346588195851,15,480,True,0.4948,3.0
bot->ton,49,statico,16,0.842,0.689545304552186,0,0,True,0.5174,3.0
bot->ton,49,ogni_batch,16,0.842,0.8635367873124719,16,512,True,0.5174,3.0
bot->ton,49,su_innesco,16,0.842,0.8600100705846372,13,416,True,0.5174,3.0
bot->ton,49,oracolo,16,0.842,0.8445284330532483,16,512,True,0.5174,3.0
bot->ton,49,stat_13x13,16,0.842,0.7800610975629387,16,512,True,0.5174,3.0
bot->ton,49,martingala,16,0.842,0.8547059107591268,3,96,True,0.5174,3.0
bot->ton,49,stat_13x13_adaptive,16,0.842,0.6950846291288391,16,512,True,0.5174,3.0
bot->ton,49,statico,17,0.895,0.660786173170074,0,0,True,0.54505,3.0
bot->ton,49,ogni_batch,17,0.895,0.8683444435147222,17,544,True,0.54505,3.0
bot->ton,49,su_innesco,17,0.895,0.8417173830176927,14,448,True,0.54505,3.0
bot->ton,49,oracolo,17,0.895,0.8536591080244331,17,544,True,0.54505,3.0
bot->ton,49,stat_13x13,17,0.895,0.7946959343244173,17,544,True,0.54505,3.0
bot->ton,49,martingala,17,0.895,0.8590985412657239,4,128,True,0.54505,3.0
bot->ton,49,stat_13x13_adaptive,17,0.895,0.7627225987597506,17,544,True,0.54505,3.0
bot->ton,49,statico,18,0.947,0.6389598913428409,0,0,True,0.5673,3.0
bot->ton,49,ogni_batch,18,0.947,0.8667414177882831,18,576,True,0.5673,3.0
bot->ton,49,su_innesco,18,0.947,0.8489168284091496,15,480,True,0.5673,3.0
bot->ton,49,oracolo,18,0.947,0.8448752052173596,18,576,True,0.5673,3.0
bot->ton,49,stat_13x13,18,0.947,0.8477241071685035,18,576,True,0.5673,3.0
bot->ton,49,martingala,18,0.947,0.8619126203492744,5,160,True,0.5673,3.0
bot->ton,49,stat_13x13_adaptive,18,0.947,0.743953585486965,18,576,True,0.5673,3.0
bot->ton,49,statico,19,1.0,0.6194857494426822,0,0,True,0.6003,3.0
bot->ton,49,ogni_batch,19,1.0,0.870123560066826,19,608,True,0.6003,3.0
bot->ton,49,su_innesco,19,1.0,0.870123560066826,16,512,True,0.6003,3.0
bot->ton,49,oracolo,19,1.0,0.8559849005686604,19,608,True,0.6003,3.0
bot->ton,49,stat_13x13,19,1.0,0.7851446525105445,19,608,True,0.6003,3.0
bot->ton,49,martingala,19,1.0,0.8692654104419668,6,192,True,0.6003,3.0
bot->ton,49,stat_13x13_adaptive,19,1.0,0.7123854315361475,19,608,True,0.6003,3.0
bot->ton,50,statico,0,0.0,0.99025,0,0,False,0.04105,3.0
bot->ton,50,ogni_batch,0,0.0,0.99025,0,0,False,0.04105,3.0
bot->ton,50,su_innesco,0,0.0,0.99025,0,0,False,0.04105,3.0
bot->ton,50,oracolo,0,0.0,0.99025,0,0,False,0.04105,3.0
bot->ton,50,stat_13x13,0,0.0,0.99025,0,0,False,0.04105,3.0
bot->ton,50,martingala,0,0.0,0.99025,0,0,False,0.04105,3.0
bot->ton,50,stat_13x13_adaptive,0,0.0,0.99025,0,0,False,0.04105,3.0
bot->ton,50,statico,1,0.053,0.9449523267481551,0,0,False,0.05735,3.0
bot->ton,50,ogni_batch,1,0.053,0.9449523267481551,1,32,False,0.05735,3.0
bot->ton,50,su_innesco,1,0.053,0.9449523267481551,0,0,False,0.05735,3.0
bot->ton,50,oracolo,1,0.053,0.9449523267481551,1,32,False,0.05735,3.0
bot->ton,50,stat_13x13,1,0.053,0.5,1,32,False,0.05735,3.0
bot->ton,50,martingala,1,0.053,0.9449523267481551,0,0,False,0.05735,3.0
bot->ton,50,stat_13x13_adaptive,1,0.053,0.5,1,32,False,0.05735,3.0
bot->ton,50,statico,2,0.105,0.947865723507078,0,0,False,0.0729,3.0
bot->ton,50,ogni_batch,2,0.105,0.8406129909983364,2,64,False,0.0729,3.0
bot->ton,50,su_innesco,2,0.105,0.947865723507078,0,0,False,0.0729,3.0
bot->ton,50,oracolo,2,0.105,0.9174108522849096,2,64,False,0.0729,3.0
bot->ton,50,stat_13x13,2,0.105,0.572773860762843,2,64,False,0.0729,3.0
bot->ton,50,martingala,2,0.105,0.947865723507078,0,0,False,0.0729,3.0
bot->ton,50,stat_13x13_adaptive,2,0.105,0.5979018817355262,2,64,False,0.0729,3.0
bot->ton,50,statico,3,0.158,0.9223480578165648,0,0,False,0.08345,3.0
bot->ton,50,ogni_batch,3,0.158,0.852520256105042,3,96,False,0.08345,3.0
bot->ton,50,su_innesco,3,0.158,0.9223480578165648,0,0,False,0.08345,3.0
bot->ton,50,oracolo,3,0.158,0.9023431003721887,3,96,False,0.08345,3.0
bot->ton,50,stat_13x13,3,0.158,0.5630666097243815,3,96,False,0.08345,3.0
bot->ton,50,martingala,3,0.158,0.9223480578165648,0,0,False,0.08345,3.0
bot->ton,50,stat_13x13_adaptive,3,0.158,0.6132064965765951,3,96,False,0.08345,3.0
bot->ton,50,statico,4,0.211,0.9032423099899789,0,0,False,0.0998,3.0
bot->ton,50,ogni_batch,4,0.211,0.8005971949143087,4,128,False,0.0998,3.0
bot->ton,50,su_innesco,4,0.211,0.9032423099899789,0,0,False,0.0998,3.0
bot->ton,50,oracolo,4,0.211,0.8709600485312142,4,128,False,0.0998,3.0
bot->ton,50,stat_13x13,4,0.211,0.5483453032875191,4,128,False,0.0998,3.0
bot->ton,50,martingala,4,0.211,0.9032423099899789,0,0,False,0.0998,3.0
bot->ton,50,stat_13x13_adaptive,4,0.211,0.6214691892139502,4,128,False,0.0998,3.0
bot->ton,50,statico,5,0.263,0.8959426099283847,0,0,False,0.1163,3.0
bot->ton,50,ogni_batch,5,0.263,0.8615926265596456,5,160,False,0.1163,3.0
bot->ton,50,su_innesco,5,0.263,0.8959426099283847,0,0,False,0.1163,3.0
bot->ton,50,oracolo,5,0.263,0.877048009615313,5,160,False,0.1163,3.0
bot->ton,50,stat_13x13,5,0.263,0.5992179587863536,5,160,False,0.1163,3.0
bot->ton,50,martingala,5,0.263,0.8959426099283847,0,0,False,0.1163,3.0
bot->ton,50,stat_13x13_adaptive,5,0.263,0.6542094093617528,5,160,False,0.1163,3.0
bot->ton,50,statico,6,0.316,0.8793352607645597,0,0,False,0.12995,3.0
bot->ton,50,ogni_batch,6,0.316,0.8662334886235752,6,192,False,0.12995,3.0
bot->ton,50,su_innesco,6,0.316,0.8793352607645597,0,0,False,0.12995,3.0
bot->ton,50,oracolo,6,0.316,0.8750729073764212,6,192,False,0.12995,3.0
bot->ton,50,stat_13x13,6,0.316,0.7517017708835736,6,192,False,0.12995,3.0
bot->ton,50,martingala,6,0.316,0.8793352607645597,0,0,False,0.12995,3.0
bot->ton,50,stat_13x13_adaptive,6,0.316,0.6748302270794208,6,192,False,0.12995,3.0
bot->ton,50,statico,7,0.368,0.8649440758676299,0,0,True,0.15025,3.0
bot->ton,50,ogni_batch,7,0.368,0.8813736153386699,7,224,True,0.15025,3.0
bot->ton,50,su_innesco,7,0.368,0.8649440758676299,0,0,True,0.15025,3.0
bot->ton,50,oracolo,7,0.368,0.8760361204754542,7,224,True,0.15025,3.0
bot->ton,50,stat_13x13,7,0.368,0.6127972637504219,7,224,True,0.15025,3.0
bot->ton,50,martingala,7,0.368,0.8649440758676299,0,0,True,0.15025,3.0
bot->ton,50,stat_13x13_adaptive,7,0.368,0.6823539197832339,7,224,True,0.15025,3.0
bot->ton,50,statico,8,0.421,0.8477235474049791,0,0,True,0.1606,3.0
bot->ton,50,ogni_batch,8,0.421,0.8671815286711319,8,256,True,0.1606,3.0
bot->ton,50,su_innesco,8,0.421,0.5083289953149401,1,32,True,0.1606,3.0
bot->ton,50,oracolo,8,0.421,0.8506807375196586,8,256,True,0.1606,3.0
bot->ton,50,stat_13x13,8,0.421,0.7369075178437029,8,256,True,0.1606,3.0
bot->ton,50,martingala,8,0.421,0.8477235474049791,0,0,True,0.1606,3.0
bot->ton,50,stat_13x13_adaptive,8,0.421,0.7885974964582968,8,256,True,0.1606,3.0
bot->ton,50,statico,9,0.474,0.8319681577622142,0,0,True,0.17745,3.0
bot->ton,50,ogni_batch,9,0.474,0.8480474677666294,9,288,True,0.17745,3.0
bot->ton,50,su_innesco,9,0.474,0.8547768511456624,2,64,True,0.17745,3.0
bot->ton,50,oracolo,9,0.474,0.8448644850904661,9,288,True,0.17745,3.0
bot->ton,50,stat_13x13,9,0.474,0.7514159136673337,9,288,True,0.17745,3.0
bot->ton,50,martingala,9,0.474,0.8319681577622142,0,0,True,0.17745,3.0
bot->ton,50,stat_13x13_adaptive,9,0.474,0.8047699917061231,9,288,True,0.17745,3.0
bot->ton,50,statico,10,0.526,0.8117850228318377,0,0,True,0.19875,3.0
bot->ton,50,ogni_batch,10,0.526,0.8741572809631197,10,320,True,0.19875,3.0
bot->ton,50,su_innesco,10,0.526,0.7863187560277632,3,96,True,0.19875,3.0
bot->ton,50,oracolo,10,0.526,0.8561778375224043,10,320,True,0.19875,3.0
bot->ton,50,stat_13x13,10,0.526,0.7648061988763027,10,320,True,0.19875,3.0
bot->ton,50,martingala,10,0.526,0.8117850228318377,0,0,True,0.19875,3.0
bot->ton,50,stat_13x13_adaptive,10,0.526,0.7879857784312796,10,320,True,0.19875,3.0
bot->ton,50,statico,11,0.579,0.7906495860262972,0,0,True,0.20235,3.0
bot->ton,50,ogni_batch,11,0.579,0.8798354734028091,11,352,True,0.20235,3.0
bot->ton,50,su_innesco,11,0.579,0.7726977433341169,4,128,True,0.20235,3.0
bot->ton,50,oracolo,11,0.579,0.8466667662469317,11,352,True,0.20235,3.0
bot->ton,50,stat_13x13,11,0.579,0.771575548745071,11,352,True,0.20235,3.0
bot->ton,50,martingala,11,0.579,0.7906495860262972,0,0,True,0.20235,3.0
bot->ton,50,stat_13x13_adaptive,11,0.579,0.7956298284059122,11,352,True,0.20235,3.0
bot->ton,50,statico,12,0.632,0.7759072761832945,0,0,True,0.2308,3.0
bot->ton,50,ogni_batch,12,0.632,0.8584158895168288,12,384,True,0.2308,3.0
bot->ton,50,su_innesco,12,0.632,0.7888100836206517,5,160,True,0.2308,3.0
bot->ton,50,oracolo,12,0.632,0.8513890396637238,12,384,True,0.2308,3.0
bot->ton,50,stat_13x13,12,0.632,0.7727327740905829,12,384,True,0.2308,3.0
bot->ton,50,martingala,12,0.632,0.7759072761832945,0,0,True,0.2308,3.0
bot->ton,50,stat_13x13_adaptive,12,0.632,0.6461646586048906,12,384,True,0.2308,3.0
bot->ton,50,statico,13,0.684,0.7577679252919173,0,0,True,0.2366,3.0
bot->ton,50,ogni_batch,13,0.684,0.857095056168078,13,416,True,0.2366,3.0
bot->ton,50,su_innesco,13,0.684,0.873069784858433,6,192,True,0.2366,3.0
bot->ton,50,oracolo,13,0.684,0.8985524900350521,13,416,True,0.2366,3.0
bot->ton,50,stat_13x13,13,0.684,0.7671178290899247,13,416,True,0.2366,3.0
bot->ton,50,martingala,13,0.684,0.8031508738651364,1,32,True,0.2366,3.0
bot->ton,50,stat_13x13_adaptive,13,0.684,0.7962530662015339,13,416,True,0.2366,3.0
bot->ton,50,statico,14,0.737,0.7333477544958512,0,0,True,0.2487,3.0
bot->ton,50,ogni_batch,14,0.737,0.8569220503879723,14,448,True,0.2487,3.0
bot->ton,50,su_innesco,14,0.737,0.8711957726622112,7,224,True,0.2487,3.0
bot->ton,50,oracolo,14,0.737,0.8390085988872028,14,448,True,0.2487,3.0
bot->ton,50,stat_13x13,14,0.737,0.7633140692431042,14,448,True,0.2487,3.0
bot->ton,50,martingala,14,0.737,0.8622893057394074,2,64,True,0.2487,3.0
bot->ton,50,stat_13x13_adaptive,14,0.737,0.7898776353598296,14,448,True,0.2487,3.0
bot->ton,50,statico,15,0.789,0.7081510834847444,0,0,True,0.2685,3.0
bot->ton,50,ogni_batch,15,0.789,0.8571652499754384,15,480,True,0.2685,3.0
bot->ton,50,su_innesco,15,0.789,0.8630651938376935,8,256,True,0.2685,3.0
bot->ton,50,oracolo,15,0.789,0.9203606287044754,15,480,True,0.2685,3.0
bot->ton,50,stat_13x13,15,0.789,0.7769778136971135,15,480,True,0.2685,3.0
bot->ton,50,martingala,15,0.789,0.8503873724919926,3,96,True,0.2685,3.0
bot->ton,50,stat_13x13_adaptive,15,0.789,0.7875266944535613,15,480,True,0.2685,3.0
bot->ton,50,statico,16,0.842,0.6922688510321323,0,0,True,0.2804,3.0
bot->ton,50,ogni_batch,16,0.842,0.8493019410313993,16,512,True,0.2804,3.0
bot->ton,50,su_innesco,16,0.842,0.8596750899780523,9,288,True,0.2804,3.0
bot->ton,50,oracolo,16,0.842,0.8567376797590713,16,512,True,0.2804,3.0
bot->ton,50,stat_13x13,16,0.842,0.780362936330109,16,512,True,0.2804,3.0
bot->ton,50,martingala,16,0.842,0.8565507538672554,4,128,True,0.2804,3.0
bot->ton,50,stat_13x13_adaptive,16,0.842,0.7900458865532383,16,512,True,0.2804,3.0
bot->ton,50,statico,17,0.895,0.6672461264192083,0,0,True,0.2991,3.0
bot->ton,50,ogni_batch,17,0.895,0.8508985838715102,17,544,True,0.2991,3.0
bot->ton,50,su_innesco,17,0.895,0.8552442137339638,10,320,True,0.2991,3.0
bot->ton,50,oracolo,17,0.895,0.85112995587868,17,544,True,0.2991,3.0
bot->ton,50,stat_13x13,17,0.895,0.7695183201021796,17,544,True,0.2991,3.0
bot->ton,50,martingala,17,0.895,0.8509622027483804,5,160,True,0.2991,3.0
bot->ton,50,stat_13x13_adaptive,17,0.895,0.7299444205421197,17,544,True,0.2991,3.0
bot->ton,50,statico,18,0.947,0.6410650989494464,0,0,True,0.31435,3.0
bot->ton,50,ogni_batch,18,0.947,0.8580150606633056,18,576,True,0.31435,3.0
bot->ton,50,su_innesco,18,0.947,0.8571780128609694,11,352,True,0.31435,3.0
bot->ton,50,oracolo,18,0.947,0.8579675975479958,18,576,True,0.31435,3.0
bot->ton,50,stat_13x13,18,0.947,0.7521754555286247,18,576,True,0.31435,3.0
bot->ton,50,martingala,18,0.947,0.8613624120737825,6,192,True,0.31435,3.0
bot->ton,50,stat_13x13_adaptive,18,0.947,0.7793515785525562,18,576,True,0.31435,3.0
bot->ton,50,statico,19,1.0,0.6218282363165183,0,0,True,0.33635,3.0
bot->ton,50,ogni_batch,19,1.0,0.8676449714855783,19,608,True,0.33635,3.0
bot->ton,50,su_innesco,19,1.0,0.879468576710624,12,384,True,0.33635,3.0
bot->ton,50,oracolo,19,1.0,0.8588986686365985,19,608,True,0.33635,3.0
bot->ton,50,stat_13x13,19,1.0,0.7658200027814916,19,608,True,0.33635,3.0
bot->ton,50,martingala,19,1.0,0.8683735052873062,7,224,True,0.33635,3.0
bot->ton,50,stat_13x13_adaptive,19,1.0,0.7708114776979874,19,608,True,0.33635,3.0
bot->ton,51,statico,0,0.0,0.9925,0,0,False,0.0725,3.0
bot->ton,51,ogni_batch,0,0.0,0.9925,0,0,False,0.0725,3.0
bot->ton,51,su_innesco,0,0.0,0.9925,0,0,False,0.0725,3.0
bot->ton,51,oracolo,0,0.0,0.9925,0,0,False,0.0725,3.0
bot->ton,51,stat_13x13,0,0.0,0.9925,0,0,False,0.0725,3.0
bot->ton,51,martingala,0,0.0,0.9925,0,0,False,0.0725,3.0
bot->ton,51,stat_13x13_adaptive,0,0.0,0.9925,0,0,False,0.0725,3.0
bot->ton,51,statico,1,0.053,0.9612987154851812,0,0,False,0.1052,3.0
bot->ton,51,ogni_batch,1,0.053,0.9612987154851812,1,32,False,0.1052,3.0
bot->ton,51,su_innesco,1,0.053,0.9612987154851812,0,0,False,0.1052,3.0
bot->ton,51,oracolo,1,0.053,0.9612987154851812,1,32,False,0.1052,3.0
bot->ton,51,stat_13x13,1,0.053,0.49977209420106355,1,32,False,0.1052,3.0
bot->ton,51,martingala,1,0.053,0.9612987154851812,0,0,False,0.1052,3.0
bot->ton,51,stat_13x13_adaptive,1,0.053,0.49979741706761205,1,32,False,0.1052,3.0
bot->ton,51,statico,2,0.105,0.946754439086881,0,0,False,0.13905,3.0
bot->ton,51,ogni_batch,2,0.105,0.6550307424756697,2,64,False,0.13905,3.0
bot->ton,51,su_innesco,2,0.105,0.946754439086881,0,0,False,0.13905,3.0
bot->ton,51,oracolo,2,0.105,0.8762664552735028,2,64,False,0.13905,3.0
bot->ton,51,stat_13x13,2,0.105,0.5,2,64,False,0.13905,3.0
bot->ton,51,martingala,2,0.105,0.946754439086881,0,0,False,0.13905,3.0
bot->ton,51,stat_13x13_adaptive,2,0.105,0.5,2,64,False,0.13905,3.0
bot->ton,51,statico,3,0.158,0.9285086981457875,0,0,True,0.17505,3.0
bot->ton,51,ogni_batch,3,0.158,0.6662781654025007,3,96,True,0.17505,3.0
bot->ton,51,su_innesco,3,0.158,0.9285086981457875,0,0,True,0.17505,3.0
bot->ton,51,oracolo,3,0.158,0.9255825077169206,3,96,True,0.17505,3.0
bot->ton,51,stat_13x13,3,0.158,0.7074343009050208,3,96,True,0.17505,3.0
bot->ton,51,martingala,3,0.158,0.9285086981457875,0,0,True,0.17505,3.0
bot->ton,51,stat_13x13_adaptive,3,0.158,0.5974321282212632,3,96,True,0.17505,3.0
bot->ton,51,statico,4,0.211,0.9186797807468223,0,0,True,0.206,3.0
bot->ton,51,ogni_batch,4,0.211,0.7890413833600057,4,128,True,0.206,3.0
bot->ton,51,su_innesco,4,0.211,0.7891754440397181,1,32,True,0.206,3.0
bot->ton,51,oracolo,4,0.211,0.9212452097764745,4,128,True,0.206,3.0
bot->ton,51,stat_13x13,4,0.211,0.8211404768861972,4,128,True,0.206,3.0
bot->ton,51,martingala,4,0.211,0.9186797807468223,0,0,True,0.206,3.0
bot->ton,51,stat_13x13_adaptive,4,0.211,0.6570015582000736,4,128,True,0.206,3.0
bot->ton,51,statico,5,0.263,0.8958525728299355,0,0,True,0.23955,3.0
bot->ton,51,ogni_batch,5,0.263,0.7869088605373955,5,160,True,0.23955,3.0
bot->ton,51,su_innesco,5,0.263,0.7972002472477615,2,64,True,0.23955,3.0
bot->ton,51,oracolo,5,0.263,0.8986762166002897,5,160,True,0.23955,3.0
bot->ton,51,stat_13x13,5,0.263,0.9097048429621781,5,160,True,0.23955,3.0
bot->ton,51,martingala,5,0.263,0.8958525728299355,0,0,True,0.23955,3.0
bot->ton,51,stat_13x13_adaptive,5,0.263,0.792867802809865,5,160,True,0.23955,3.0
bot->ton,51,statico,6,0.316,0.8877184056735998,0,0,True,0.2741,3.0
bot->ton,51,ogni_batch,6,0.316,0.7829199195011021,6,192,True,0.2741,3.0
bot->ton,51,su_innesco,6,0.316,0.7863118437663508,3,96,True,0.2741,3.0
bot->ton,51,oracolo,6,0.316,0.8982939619500832,6,192,True,0.2741,3.0
bot->ton,51,stat_13x13,6,0.316,0.7883046162159915,6,192,True,0.2741,3.0
bot->ton,51,martingala,6,0.316,0.8877184056735998,0,0,True,0.2741,3.0
bot->ton,51,stat_13x13_adaptive,6,0.316,0.7873066937526602,6,192,True,0.2741,3.0
bot->ton,51,statico,7,0.368,0.8665055352692286,0,0,True,0.30155,3.0
bot->ton,51,ogni_batch,7,0.368,0.8889854904461061,7,224,True,0.30155,3.0
bot->ton,51,su_innesco,7,0.368,0.8719283602851677,4,128,True,0.30155,3.0
bot->ton,51,oracolo,7,0.368,0.8821565331633145,7,224,True,0.30155,3.0
bot->ton,51,stat_13x13,7,0.368,0.8685117564095133,7,224,True,0.30155,3.0
bot->ton,51,martingala,7,0.368,0.8665055352692286,0,0,True,0.30155,3.0
bot->ton,51,stat_13x13_adaptive,7,0.368,0.797374756081068,7,224,True,0.30155,3.0
bot->ton,51,statico,8,0.421,0.8509938774817971,0,0,True,0.33905,3.0
bot->ton,51,ogni_batch,8,0.421,0.8792715662711723,8,256,True,0.33905,3.0
bot->ton,51,su_innesco,8,0.421,0.8685298926092511,5,160,True,0.33905,3.0
bot->ton,51,oracolo,8,0.421,0.8571324214475708,8,256,True,0.33905,3.0
bot->ton,51,stat_13x13,8,0.421,0.8584935826158804,8,256,True,0.33905,3.0
bot->ton,51,martingala,8,0.421,0.8509938774817971,0,0,True,0.33905,3.0
bot->ton,51,stat_13x13_adaptive,8,0.421,0.7946786291768126,8,256,True,0.33905,3.0
bot->ton,51,statico,9,0.474,0.8346384976525822,0,0,True,0.37695,3.0
bot->ton,51,ogni_batch,9,0.474,0.8838435054773083,9,288,True,0.37695,3.0
bot->ton,51,su_innesco,9,0.474,0.8734616588419406,6,192,True,0.37695,3.0
bot->ton,51,oracolo,9,0.474,0.888641627543036,9,288,True,0.37695,3.0
bot->ton,51,stat_13x13,9,0.474,0.8603067292644757,9,288,True,0.37695,3.0
bot->ton,51,martingala,9,0.474,0.8346384976525822,0,0,True,0.37695,3.0
bot->ton,51,stat_13x13_adaptive,9,0.474,0.7947010954616589,9,288,True,0.37695,3.0
bot->ton,51,statico,10,0.526,0.8163937285411211,0,0,True,0.40285,3.0
bot->ton,51,ogni_batch,10,0.526,0.8763839695215951,10,320,True,0.40285,3.0
bot->ton,51,su_innesco,10,0.526,0.8732301535284996,7,224,True,0.40285,3.0
bot->ton,51,oracolo,10,0.526,0.8849577363083401,10,320,True,0.40285,3.0
bot->ton,51,stat_13x13,10,0.526,0.8647455555053716,10,320,True,0.40285,3.0
bot->ton,51,martingala,10,0.526,0.8163937285411211,0,0,True,0.40285,3.0
bot->ton,51,stat_13x13_adaptive,10,0.526,0.7877270939711465,10,320,True,0.40285,3.0
bot->ton,51,statico,11,0.579,0.801270729552267,0,0,True,0.43905,3.0
bot->ton,51,ogni_batch,11,0.579,0.8681069359008563,11,352,True,0.43905,3.0
bot->ton,51,su_innesco,11,0.579,0.8573579374298292,8,256,True,0.43905,3.0
bot->ton,51,oracolo,11,0.579,0.9143937274799063,11,352,True,0.43905,3.0
bot->ton,51,stat_13x13,11,0.579,0.8206703865030822,11,352,True,0.43905,3.0
bot->ton,51,martingala,11,0.579,0.801270729552267,0,0,True,0.43905,3.0
bot->ton,51,stat_13x13_adaptive,11,0.579,0.7834687564413146,11,352,True,0.43905,3.0
bot->ton,51,statico,12,0.632,0.7762365279474516,0,0,True,0.47005,3.0
bot->ton,51,ogni_batch,12,0.632,0.8663805820301592,12,384,True,0.47005,3.0
bot->ton,51,su_innesco,12,0.632,0.8568800515268572,9,288,True,0.47005,3.0
bot->ton,51,oracolo,12,0.632,0.934440516256228,12,384,True,0.47005,3.0
bot->ton,51,stat_13x13,12,0.632,0.8437421916485595,12,384,True,0.47005,3.0
bot->ton,51,martingala,12,0.632,0.8515070317930907,1,32,True,0.47005,3.0
bot->ton,51,stat_13x13_adaptive,12,0.632,0.7886127216602437,12,384,True,0.47005,3.0
bot->ton,51,statico,13,0.684,0.7583382165756026,0,0,True,0.5116,3.0
bot->ton,51,ogni_batch,13,0.684,0.8665307021378077,13,416,True,0.5116,3.0
bot->ton,51,su_innesco,13,0.684,0.931934407704428,10,320,True,0.5116,3.0
bot->ton,51,oracolo,13,0.684,0.9355663709949,13,416,True,0.5116,3.0
bot->ton,51,stat_13x13,13,0.684,0.8120656923001975,13,416,True,0.5116,3.0
bot->ton,51,martingala,13,0.684,0.8656776984781864,2,64,True,0.5116,3.0
bot->ton,51,stat_13x13_adaptive,13,0.684,0.7804207070054825,13,416,True,0.5116,3.0
bot->ton,51,statico,14,0.737,0.7384032311469312,0,0,True,0.5376,3.0
bot->ton,51,ogni_batch,14,0.737,0.9232681538855598,14,448,True,0.5376,3.0
bot->ton,51,su_innesco,14,0.737,0.9232681538855598,11,352,True,0.5376,3.0
bot->ton,51,oracolo,14,0.737,0.9298400143988571,14,448,True,0.5376,3.0
bot->ton,51,stat_13x13,14,0.737,0.8533245614639042,14,448,True,0.5376,3.0
bot->ton,51,martingala,14,0.737,0.8586173272135409,3,96,True,0.5376,3.0
bot->ton,51,stat_13x13_adaptive,14,0.737,0.7748464262160458,14,448,True,0.5376,3.0
bot->ton,51,statico,15,0.789,0.7189088097193025,0,0,True,0.56985,3.0
bot->ton,51,ogni_batch,15,0.789,0.9274309071378519,15,480,True,0.56985,3.0
bot->ton,51,su_innesco,15,0.789,0.9274309071378519,12,384,True,0.56985,3.0
bot->ton,51,oracolo,15,0.789,0.936387354900285,15,480,True,0.56985,3.0
bot->ton,51,stat_13x13,15,0.789,0.8306852752011187,15,480,True,0.56985,3.0
bot->ton,51,martingala,15,0.789,0.8661253703809269,4,128,True,0.56985,3.0
bot->ton,51,stat_13x13_adaptive,15,0.789,0.781849688212153,15,480,True,0.56985,3.0
bot->ton,51,statico,16,0.842,0.695938337472033,0,0,True,0.60545,3.0
bot->ton,51,ogni_batch,16,0.842,0.9316684482002997,16,512,True,0.60545,3.0
bot->ton,51,su_innesco,16,0.842,0.9316684482002997,13,416,True,0.60545,3.0
bot->ton,51,oracolo,16,0.842,0.9328217424374581,16,512,True,0.60545,3.0
bot->ton,51,stat_13x13,16,0.842,0.928237873961081,16,512,True,0.60545,3.0
bot->ton,51,martingala,16,0.842,0.9343249431489788,5,160,True,0.60545,3.0
bot->ton,51,stat_13x13_adaptive,16,0.842,0.7789172568362694,16,512,True,0.60545,3.0
bot->ton,51,statico,17,0.895,0.672261210714525,0,0,True,0.63965,3.0
bot->ton,51,ogni_batch,17,0.895,0.9292706105963411,17,544,True,0.63965,3.0
bot->ton,51,su_innesco,17,0.895,0.9292706105963411,14,448,True,0.63965,3.0
bot->ton,51,oracolo,17,0.895,0.9299579350719764,17,544,True,0.63965,3.0
bot->ton,51,stat_13x13,17,0.895,0.8280802431907207,17,544,True,0.63965,3.0
bot->ton,51,martingala,17,0.895,0.9340887353717005,6,192,True,0.63965,3.0
bot->ton,51,stat_13x13_adaptive,17,0.895,0.7736989113681915,17,544,True,0.63965,3.0
bot->ton,51,statico,18,0.947,0.6535766254482578,0,0,True,0.6735,3.0
bot->ton,51,ogni_batch,18,0.947,0.9320936294297075,18,576,True,0.6735,3.0
bot->ton,51,su_innesco,18,0.947,0.9320936294297075,15,480,True,0.6735,3.0
bot->ton,51,oracolo,18,0.947,0.9242250641877603,18,576,True,0.6735,3.0
bot->ton,51,stat_13x13,18,0.947,0.7619840849452348,18,576,True,0.6735,3.0
bot->ton,51,martingala,18,0.947,0.9359282415042767,7,224,True,0.6735,3.0
bot->ton,51,stat_13x13_adaptive,18,0.947,0.7769087733359978,18,576,True,0.6735,3.0
bot->ton,51,statico,19,1.0,0.6277515966338703,0,0,True,0.70175,3.0
bot->ton,51,ogni_batch,19,1.0,0.9389890622932769,19,608,True,0.70175,3.0
bot->ton,51,su_innesco,19,1.0,0.9389890622932769,16,512,True,0.70175,3.0
bot->ton,51,oracolo,19,1.0,0.927304754616292,19,608,True,0.70175,3.0
bot->ton,51,stat_13x13,19,1.0,0.8318207697096909,19,608,True,0.70175,3.0
bot->ton,51,martingala,19,1.0,0.9395655852083417,8,256,True,0.70175,3.0
bot->ton,51,stat_13x13_adaptive,19,1.0,0.775060642432999,19,608,True,0.70175,3.0
bot->unsw,42,statico,0,0.0,0.98985,0,0,False,0.049,3.0
bot->unsw,42,ogni_batch,0,0.0,0.98985,0,0,False,0.049,3.0
bot->unsw,42,su_innesco,0,0.0,0.98985,0,0,False,0.049,3.0
bot->unsw,42,oracolo,0,0.0,0.98985,0,0,False,0.049,3.0
bot->unsw,42,stat_13x13,0,0.0,0.98985,0,0,False,0.049,3.0
bot->unsw,42,martingala,0,0.0,0.98985,0,0,False,0.049,3.0
bot->unsw,42,stat_13x13_adaptive,0,0.0,0.98985,0,0,False,0.049,3.0
bot->unsw,42,statico,1,0.053,0.8522326113920428,0,0,False,0.06,3.0
bot->unsw,42,ogni_batch,1,0.053,0.8522326113920428,1,32,False,0.06,3.0
bot->unsw,42,su_innesco,1,0.053,0.8522326113920428,0,0,False,0.06,3.0
bot->unsw,42,oracolo,1,0.053,0.8522326113920428,1,32,False,0.06,3.0
bot->unsw,42,stat_13x13,1,0.053,0.4998980839788015,1,32,False,0.06,3.0
bot->unsw,42,martingala,1,0.053,0.8522326113920428,0,0,False,0.06,3.0
bot->unsw,42,stat_13x13_adaptive,1,0.053,0.4998980839788015,1,32,False,0.06,3.0
bot->unsw,42,statico,2,0.105,0.8324501590677204,0,0,False,0.074,3.0
bot->unsw,42,ogni_batch,2,0.105,0.7777126251077514,2,64,False,0.074,3.0
bot->unsw,42,su_innesco,2,0.105,0.8324501590677204,0,0,False,0.074,3.0
bot->unsw,42,oracolo,2,0.105,0.9449095748616223,2,64,False,0.074,3.0
bot->unsw,42,stat_13x13,2,0.105,0.5,2,64,False,0.074,3.0
bot->unsw,42,martingala,2,0.105,0.8324501590677204,0,0,False,0.074,3.0
bot->unsw,42,stat_13x13_adaptive,2,0.105,0.5,2,64,False,0.074,3.0
bot->unsw,42,statico,3,0.158,0.7948478624999653,0,0,False,0.0876,3.0
bot->unsw,42,ogni_batch,3,0.158,0.8678747275900263,3,96,False,0.0876,3.0
bot->unsw,42,su_innesco,3,0.158,0.7948478624999653,0,0,False,0.0876,3.0
bot->unsw,42,oracolo,3,0.158,0.9255507003309987,3,96,False,0.0876,3.0
bot->unsw,42,stat_13x13,3,0.158,0.5888303930005029,3,96,False,0.0876,3.0
bot->unsw,42,martingala,3,0.158,0.7948478624999653,0,0,False,0.0876,3.0
bot->unsw,42,stat_13x13_adaptive,3,0.158,0.5566024824504108,3,96,False,0.0876,3.0
bot->unsw,42,statico,4,0.211,0.7968403407320368,0,0,False,0.09975,3.0
bot->unsw,42,ogni_batch,4,0.211,0.8539298258369592,4,128,False,0.09975,3.0
bot->unsw,42,su_innesco,4,0.211,0.7968403407320368,0,0,False,0.09975,3.0
bot->unsw,42,oracolo,4,0.211,0.907024210788796,4,128,False,0.09975,3.0
bot->unsw,42,stat_13x13,4,0.211,0.5845965762264604,4,128,False,0.09975,3.0
bot->unsw,42,martingala,4,0.211,0.7968403407320368,0,0,False,0.09975,3.0
bot->unsw,42,stat_13x13_adaptive,4,0.211,0.5590127116209249,4,128,False,0.09975,3.0
bot->unsw,42,statico,5,0.263,0.7837912141293426,0,0,False,0.11095,3.0
bot->unsw,42,ogni_batch,5,0.263,0.854100085310495,5,160,False,0.11095,3.0
bot->unsw,42,su_innesco,5,0.263,0.7837912141293426,0,0,False,0.11095,3.0
bot->unsw,42,oracolo,5,0.263,0.885994366916553,5,160,False,0.11095,3.0
bot->unsw,42,stat_13x13,5,0.263,0.7589891770405586,5,160,False,0.11095,3.0
bot->unsw,42,martingala,5,0.263,0.7837912141293426,0,0,False,0.11095,3.0
bot->unsw,42,stat_13x13_adaptive,5,0.263,0.7724842194089704,5,160,False,0.11095,3.0
bot->unsw,42,statico,6,0.316,0.7573395718630535,0,0,False,0.12355,3.0
bot->unsw,42,ogni_batch,6,0.316,0.8296508246917905,6,192,False,0.12355,3.0
bot->unsw,42,su_innesco,6,0.316,0.7573395718630535,0,0,False,0.12355,3.0
bot->unsw,42,oracolo,6,0.316,0.8667303653075409,6,192,False,0.12355,3.0
bot->unsw,42,stat_13x13,6,0.316,0.7753413310824855,6,192,False,0.12355,3.0
bot->unsw,42,martingala,6,0.316,0.7573395718630535,0,0,False,0.12355,3.0
bot->unsw,42,stat_13x13_adaptive,6,0.316,0.7471732265614054,6,192,False,0.12355,3.0
bot->unsw,42,statico,7,0.368,0.7444710398173578,0,0,False,0.1345,3.0
bot->unsw,42,ogni_batch,7,0.368,0.8245463491996063,7,224,False,0.1345,3.0
bot->unsw,42,su_innesco,7,0.368,0.7444710398173578,0,0,False,0.1345,3.0
bot->unsw,42,oracolo,7,0.368,0.8464899281598162,7,224,False,0.1345,3.0
bot->unsw,42,stat_13x13,7,0.368,0.7633900441083806,7,224,False,0.1345,3.0
bot->unsw,42,martingala,7,0.368,0.7444710398173578,0,0,False,0.1345,3.0
bot->unsw,42,stat_13x13_adaptive,7,0.368,0.7499604337097169,7,224,False,0.1345,3.0
bot->unsw,42,statico,8,0.421,0.7203205022992809,0,0,True,0.1476,3.0
bot->unsw,42,ogni_batch,8,0.421,0.8009804986670095,8,256,True,0.1476,3.0
bot->unsw,42,su_innesco,8,0.421,0.7203205022992809,0,0,True,0.1476,3.0
bot->unsw,42,oracolo,8,0.421,0.8247335755419979,8,256,True,0.1476,3.0
bot->unsw,42,stat_13x13,8,0.421,0.7866459430516966,8,256,True,0.1476,3.0
bot->unsw,42,martingala,8,0.421,0.7203205022992809,0,0,True,0.1476,3.0
bot->unsw,42,stat_13x13_adaptive,8,0.421,0.7446674134129779,8,256,True,0.1476,3.0
bot->unsw,42,statico,9,0.474,0.7082757396001722,0,0,True,0.16535,3.0
bot->unsw,42,ogni_batch,9,0.474,0.8439770040452339,9,288,True,0.16535,3.0
bot->unsw,42,su_innesco,9,0.474,0.7879907787381049,1,32,True,0.16535,3.0
bot->unsw,42,oracolo,9,0.474,0.8318841665334997,9,288,True,0.16535,3.0
bot->unsw,42,stat_13x13,9,0.474,0.7792831508762799,9,288,True,0.16535,3.0
bot->unsw,42,martingala,9,0.474,0.7082757396001722,0,0,True,0.16535,3.0
bot->unsw,42,stat_13x13_adaptive,9,0.474,0.7711346465087132,9,288,True,0.16535,3.0
bot->unsw,42,statico,10,0.526,0.6879085066899245,0,0,True,0.1745,3.0
bot->unsw,42,ogni_batch,10,0.526,0.7701196793561,10,320,True,0.1745,3.0
bot->unsw,42,su_innesco,10,0.526,0.8126933938621222,2,64,True,0.1745,3.0
bot->unsw,42,oracolo,10,0.526,0.8140776932892362,10,320,True,0.1745,3.0
bot->unsw,42,stat_13x13,10,0.526,0.7799010484708105,10,320,True,0.1745,3.0
bot->unsw,42,martingala,10,0.526,0.6879085066899245,0,0,True,0.1745,3.0
bot->unsw,42,stat_13x13_adaptive,10,0.526,0.7536331501479321,10,320,True,0.1745,3.0
bot->unsw,42,statico,11,0.579,0.6618502333570682,0,0,True,0.18655,3.0
bot->unsw,42,ogni_batch,11,0.579,0.8325626009198356,11,352,True,0.18655,3.0
bot->unsw,42,su_innesco,11,0.579,0.8024450032454218,3,96,True,0.18655,3.0
bot->unsw,42,oracolo,11,0.579,0.7950808603033865,11,352,True,0.18655,3.0
bot->unsw,42,stat_13x13,11,0.579,0.7761760707633042,11,352,True,0.18655,3.0
bot->unsw,42,martingala,11,0.579,0.6618502333570682,0,0,True,0.18655,3.0
bot->unsw,42,stat_13x13_adaptive,11,0.579,0.7782489873536506,11,352,True,0.18655,3.0
bot->unsw,42,statico,12,0.632,0.6459717028201055,0,0,True,0.19705,3.0
bot->unsw,42,ogni_batch,12,0.632,0.8211258450933092,12,384,True,0.19705,3.0
bot->unsw,42,su_innesco,12,0.632,0.8192190617769767,4,128,True,0.19705,3.0
bot->unsw,42,oracolo,12,0.632,0.7761641170238349,12,384,True,0.19705,3.0
bot->unsw,42,stat_13x13,12,0.632,0.774206806801661,12,384,True,0.19705,3.0
bot->unsw,42,martingala,12,0.632,0.6459717028201055,0,0,True,0.19705,3.0
bot->unsw,42,stat_13x13_adaptive,12,0.632,0.7481611903364387,12,384,True,0.19705,3.0
bot->unsw,42,statico,13,0.684,0.6152494941263604,0,0,True,0.20795,3.0
bot->unsw,42,ogni_batch,13,0.684,0.8150535311398284,13,416,True,0.20795,3.0
bot->unsw,42,su_innesco,13,0.684,0.8104171449592994,5,160,True,0.20795,3.0
bot->unsw,42,oracolo,13,0.684,0.8313787169680449,13,416,True,0.20795,3.0
bot->unsw,42,stat_13x13,13,0.684,0.7593752281666162,13,416,True,0.20795,3.0
bot->unsw,42,martingala,13,0.684,0.6152494941263604,0,0,True,0.20795,3.0
bot->unsw,42,stat_13x13_adaptive,13,0.684,0.7067483021228091,13,416,True,0.20795,3.0
bot->unsw,42,statico,14,0.737,0.5922679855287338,0,0,True,0.22505,3.0
bot->unsw,42,ogni_batch,14,0.737,0.7985845148904136,14,448,True,0.22505,3.0
bot->unsw,42,su_innesco,14,0.737,0.8140030745687714,6,192,True,0.22505,3.0
bot->unsw,42,oracolo,14,0.737,0.8206878577134611,14,448,True,0.22505,3.0
bot->unsw,42,stat_13x13,14,0.737,0.800854177008373,14,448,True,0.22505,3.0
bot->unsw,42,martingala,14,0.737,0.8201162558475159,1,32,True,0.22505,3.0
bot->unsw,42,stat_13x13_adaptive,14,0.737,0.7603231461361193,14,448,True,0.22505,3.0
bot->unsw,42,statico,15,0.789,0.5683581023630115,0,0,True,0.23615,3.0
bot->unsw,42,ogni_batch,15,0.789,0.7876600326499068,15,480,True,0.23615,3.0
bot->unsw,42,su_innesco,15,0.789,0.8051136332525299,7,224,True,0.23615,3.0
bot->unsw,42,oracolo,15,0.789,0.8025779659280153,15,480,True,0.23615,3.0
bot->unsw,42,stat_13x13,15,0.789,0.7774485767879031,15,480,True,0.23615,3.0
bot->unsw,42,martingala,15,0.789,0.8249669902715168,2,64,True,0.23615,3.0
bot->unsw,42,stat_13x13_adaptive,15,0.789,0.7445670347798947,15,480,True,0.23615,3.0
bot->unsw,42,statico,16,0.842,0.5415983147259058,0,0,True,0.24985,3.0
bot->unsw,42,ogni_batch,16,0.842,0.7993417622806469,16,512,True,0.24985,3.0
bot->unsw,42,su_innesco,16,0.842,0.7993417622806469,8,256,True,0.24985,3.0
bot->unsw,42,oracolo,16,0.842,0.8076937264239787,16,512,True,0.24985,3.0
bot->unsw,42,stat_13x13,16,0.842,0.7908330521473235,16,512,True,0.24985,3.0
bot->unsw,42,martingala,16,0.842,0.7950291061520254,3,96,True,0.24985,3.0
bot->unsw,42,stat_13x13_adaptive,16,0.842,0.7790466579807986,16,512,True,0.24985,3.0
bot->unsw,42,statico,17,0.895,0.5096503393173519,0,0,True,0.2599,3.0
bot->unsw,42,ogni_batch,17,0.895,0.8068348161022652,17,544,True,0.2599,3.0
bot->unsw,42,su_innesco,17,0.895,0.8068348161022652,9,288,True,0.2599,3.0
bot->unsw,42,oracolo,17,0.895,0.7791948715760557,17,544,True,0.2599,3.0
bot->unsw,42,stat_13x13,17,0.895,0.7622662489817813,17,544,True,0.2599,3.0
bot->unsw,42,martingala,17,0.895,0.7534612539549255,4,128,True,0.2599,3.0
bot->unsw,42,stat_13x13_adaptive,17,0.895,0.7455257130644946,17,544,True,0.2599,3.0
bot->unsw,42,statico,18,0.947,0.48466279955120967,0,0,True,0.2706,3.0
bot->unsw,42,ogni_batch,18,0.947,0.7972283919360594,18,576,True,0.2706,3.0
bot->unsw,42,su_innesco,18,0.947,0.7972283919360594,10,320,True,0.2706,3.0
bot->unsw,42,oracolo,18,0.947,0.7794989683119686,18,576,True,0.2706,3.0
bot->unsw,42,stat_13x13,18,0.947,0.7803532955264457,18,576,True,0.2706,3.0
bot->unsw,42,martingala,18,0.947,0.7924299497204119,5,160,True,0.2706,3.0
bot->unsw,42,stat_13x13_adaptive,18,0.947,0.7616691444139376,18,576,True,0.2706,3.0
bot->unsw,42,statico,19,1.0,0.44131732979033916,0,0,True,0.2868,3.0
bot->unsw,42,ogni_batch,19,1.0,0.7925516302114519,19,608,True,0.2868,3.0
bot->unsw,42,su_innesco,19,1.0,0.7925516302114519,11,352,True,0.2868,3.0
bot->unsw,42,oracolo,19,1.0,0.7790742453321406,19,608,True,0.2868,3.0
bot->unsw,42,stat_13x13,19,1.0,0.7471788608629386,19,608,True,0.2868,3.0
bot->unsw,42,martingala,19,1.0,0.6957233690445084,6,192,True,0.2868,3.0
bot->unsw,42,stat_13x13_adaptive,19,1.0,0.7607469230204245,19,608,True,0.2868,3.0
bot->unsw,43,statico,0,0.0,0.99065,0,0,False,0.06195,3.0
bot->unsw,43,ogni_batch,0,0.0,0.99065,0,0,False,0.06195,3.0
bot->unsw,43,su_innesco,0,0.0,0.99065,0,0,False,0.06195,3.0
bot->unsw,43,oracolo,0,0.0,0.99065,0,0,False,0.06195,3.0
bot->unsw,43,stat_13x13,0,0.0,0.99065,0,0,False,0.06195,3.0
bot->unsw,43,martingala,0,0.0,0.99065,0,0,False,0.06195,3.0
bot->unsw,43,stat_13x13_adaptive,0,0.0,0.99065,0,0,False,0.06195,3.0
bot->unsw,43,statico,1,0.053,0.8423647883877712,0,0,False,0.07745,3.0
bot->unsw,43,ogni_batch,1,0.053,0.8423647883877712,1,32,False,0.07745,3.0
bot->unsw,43,su_innesco,1,0.053,0.8423647883877712,0,0,False,0.07745,3.0
bot->unsw,43,oracolo,1,0.053,0.8423647883877712,1,32,False,0.07745,3.0
bot->unsw,43,stat_13x13,1,0.053,0.5,1,32,False,0.07745,3.0
bot->unsw,43,martingala,1,0.053,0.8423647883877712,0,0,False,0.07745,3.0
bot->unsw,43,stat_13x13_adaptive,1,0.053,0.5,1,32,False,0.07745,3.0
bot->unsw,43,statico,2,0.105,0.8243544151438889,0,0,False,0.0937,3.0
bot->unsw,43,ogni_batch,2,0.105,0.6607875588138746,2,64,False,0.0937,3.0
bot->unsw,43,su_innesco,2,0.105,0.8243544151438889,0,0,False,0.0937,3.0
bot->unsw,43,oracolo,2,0.105,0.9311262173104278,2,64,False,0.0937,3.0
bot->unsw,43,stat_13x13,2,0.105,0.49997401247401246,2,64,False,0.0937,3.0
bot->unsw,43,martingala,2,0.105,0.8243544151438889,0,0,False,0.0937,3.0
bot->unsw,43,stat_13x13_adaptive,2,0.105,0.49997401247401246,2,64,False,0.0937,3.0
bot->unsw,43,statico,3,0.158,0.8192650101912495,0,0,False,0.1047,3.0
bot->unsw,43,ogni_batch,3,0.158,0.6787410054922591,3,96,False,0.1047,3.0
bot->unsw,43,su_innesco,3,0.158,0.8192650101912495,0,0,False,0.1047,3.0
bot->unsw,43,oracolo,3,0.158,0.9243370882376643,3,96,False,0.1047,3.0
bot->unsw,43,stat_13x13,3,0.158,0.5020255893883846,3,96,False,0.1047,3.0
bot->unsw,43,martingala,3,0.158,0.8192650101912495,0,0,False,0.1047,3.0
bot->unsw,43,stat_13x13_adaptive,3,0.158,0.5,3,96,False,0.1047,3.0
bot->unsw,43,statico,4,0.211,0.7991924280684815,0,0,False,0.11345,3.0
bot->unsw,43,ogni_batch,4,0.211,0.9014968746977401,4,128,False,0.11345,3.0
bot->unsw,43,su_innesco,4,0.211,0.7991924280684815,0,0,False,0.11345,3.0
bot->unsw,43,oracolo,4,0.211,0.9114310169734596,4,128,False,0.11345,3.0
bot->unsw,43,stat_13x13,4,0.211,0.6912474091301277,4,128,False,0.11345,3.0
bot->unsw,43,martingala,4,0.211,0.7991924280684815,0,0,False,0.11345,3.0
bot->unsw,43,stat_13x13_adaptive,4,0.211,0.5970111640984309,4,128,False,0.11345,3.0
bot->unsw,43,statico,5,0.263,0.7809177855078979,0,0,False,0.13225,3.0
bot->unsw,43,ogni_batch,5,0.263,0.8335511950879575,5,160,False,0.13225,3.0
bot->unsw,43,su_innesco,5,0.263,0.7809177855078979,0,0,False,0.13225,3.0
bot->unsw,43,oracolo,5,0.263,0.8935645811804749,5,160,False,0.13225,3.0
bot->unsw,43,stat_13x13,5,0.263,0.7369574166002797,5,160,False,0.13225,3.0
bot->unsw,43,martingala,5,0.263,0.7809177855078979,0,0,False,0.13225,3.0
bot->unsw,43,stat_13x13_adaptive,5,0.263,0.633350808415114,5,160,False,0.13225,3.0
bot->unsw,43,statico,6,0.316,0.7629209504761263,0,0,True,0.1513,3.0
bot->unsw,43,ogni_batch,6,0.316,0.8025218215803626,6,192,True,0.1513,3.0
bot->unsw,43,su_innesco,6,0.316,0.7629209504761263,0,0,True,0.1513,3.0
bot->unsw,43,oracolo,6,0.316,0.8749191446241829,6,192,True,0.1513,3.0
bot->unsw,43,stat_13x13,6,0.316,0.8026296651407713,6,192,True,0.1513,3.0
bot->unsw,43,martingala,6,0.316,0.7629209504761263,0,0,True,0.1513,3.0
bot->unsw,43,stat_13x13_adaptive,6,0.316,0.8905037279298882,6,192,True,0.1513,3.0
bot->unsw,43,statico,7,0.368,0.7516781658301218,0,0,True,0.16195,3.0
bot->unsw,43,ogni_batch,7,0.368,0.8027853102565468,7,224,True,0.16195,3.0
bot->unsw,43,su_innesco,7,0.368,0.8655569815337207,1,32,True,0.16195,3.0
bot->unsw,43,oracolo,7,0.368,0.8798863223191424,7,224,True,0.16195,3.0
bot->unsw,43,stat_13x13,7,0.368,0.7704813884601514,7,224,True,0.16195,3.0
bot->unsw,43,martingala,7,0.368,0.7516781658301218,0,0,True,0.16195,3.0
bot->unsw,43,stat_13x13_adaptive,7,0.368,0.6841125791621032,7,224,True,0.16195,3.0
bot->unsw,43,statico,8,0.421,0.7310797276362719,0,0,True,0.17755,3.0
bot->unsw,43,ogni_batch,8,0.421,0.7860984016044001,8,256,True,0.17755,3.0
bot->unsw,43,su_innesco,8,0.421,0.8688712757142343,2,64,True,0.17755,3.0
bot->unsw,43,oracolo,8,0.421,0.8665189561792221,8,256,True,0.17755,3.0
bot->unsw,43,stat_13x13,8,0.421,0.7087471028329191,8,256,True,0.17755,3.0
bot->unsw,43,martingala,8,0.421,0.7310797276362719,0,0,True,0.17755,3.0
bot->unsw,43,stat_13x13_adaptive,8,0.421,0.7143096636283941,8,256,True,0.17755,3.0
bot->unsw,43,statico,9,0.474,0.7142976355535336,0,0,True,0.19365,3.0
bot->unsw,43,ogni_batch,9,0.474,0.8196984751951155,9,288,True,0.19365,3.0
bot->unsw,43,su_innesco,9,0.474,0.8563407871267958,3,96,True,0.19365,3.0
bot->unsw,43,oracolo,9,0.474,0.8427914121891156,9,288,True,0.19365,3.0
bot->unsw,43,stat_13x13,9,0.474,0.7122038338939651,9,288,True,0.19365,3.0
bot->unsw,43,martingala,9,0.474,0.7142976355535336,0,0,True,0.19365,3.0
bot->unsw,43,stat_13x13_adaptive,9,0.474,0.729876419511621,9,288,True,0.19365,3.0
bot->unsw,43,statico,10,0.526,0.6913718263901383,0,0,True,0.21,3.0
bot->unsw,43,ogni_batch,10,0.526,0.7914973073101047,10,320,True,0.21,3.0
bot->unsw,43,su_innesco,10,0.526,0.8466028922986777,4,128,True,0.21,3.0
bot->unsw,43,oracolo,10,0.526,0.8309018804758774,10,320,True,0.21,3.0
bot->unsw,43,stat_13x13,10,0.526,0.7022771397944033,10,320,True,0.21,3.0
bot->unsw,43,martingala,10,0.526,0.6913718263901383,0,0,True,0.21,3.0
bot->unsw,43,stat_13x13_adaptive,10,0.526,0.7318682765164684,10,320,True,0.21,3.0
bot->unsw,43,statico,11,0.579,0.661304242076144,0,0,True,0.2176,3.0
bot->unsw,43,ogni_batch,11,0.579,0.76882868177982,11,352,True,0.2176,3.0
bot->unsw,43,su_innesco,11,0.579,0.8330688629188547,5,160,True,0.2176,3.0
bot->unsw,43,oracolo,11,0.579,0.8786517918542136,11,352,True,0.2176,3.0
bot->unsw,43,stat_13x13,11,0.579,0.7450187742248062,11,352,True,0.2176,3.0
bot->unsw,43,martingala,11,0.579,0.661304242076144,0,0,True,0.2176,3.0
bot->unsw,43,stat_13x13_adaptive,11,0.579,0.7540364094929982,11,352,True,0.2176,3.0
bot->unsw,43,statico,12,0.632,0.6465049236763336,0,0,True,0.23915,3.0
bot->unsw,43,ogni_batch,12,0.632,0.7601844059308714,12,384,True,0.23915,3.0
bot->unsw,43,su_innesco,12,0.632,0.8205885188764805,6,192,True,0.23915,3.0
bot->unsw,43,oracolo,12,0.632,0.8679190344228662,12,384,True,0.23915,3.0
bot->unsw,43,stat_13x13,12,0.632,0.7510265748024265,12,384,True,0.23915,3.0
bot->unsw,43,martingala,12,0.632,0.6465049236763336,0,0,True,0.23915,3.0
bot->unsw,43,stat_13x13_adaptive,12,0.632,0.7425398265414122,12,384,True,0.23915,3.0
bot->unsw,43,statico,13,0.684,0.6183563110378554,0,0,True,0.2511,3.0
bot->unsw,43,ogni_batch,13,0.684,0.8475900337591209,13,416,True,0.2511,3.0
bot->unsw,43,su_innesco,13,0.684,0.8237047465005265,7,224,True,0.2511,3.0
bot->unsw,43,oracolo,13,0.684,0.8571300544777206,13,416,True,0.2511,3.0
bot->unsw,43,stat_13x13,13,0.684,0.7522416075875432,13,416,True,0.2511,3.0
bot->unsw,43,martingala,13,0.684,0.6183563110378554,0,0,True,0.2511,3.0
bot->unsw,43,stat_13x13_adaptive,13,0.684,0.7631785307444505,13,416,True,0.2511,3.0
bot->unsw,43,statico,14,0.737,0.598233619015325,0,0,True,0.2667,3.0
bot->unsw,43,ogni_batch,14,0.737,0.8085358174610009,14,448,True,0.2667,3.0
bot->unsw,43,su_innesco,14,0.737,0.8085358174610009,8,256,True,0.2667,3.0
bot->unsw,43,oracolo,14,0.737,0.8400947271907457,14,448,True,0.2667,3.0
bot->unsw,43,stat_13x13,14,0.737,0.7595024863738353,14,448,True,0.2667,3.0
bot->unsw,43,martingala,14,0.737,0.7516233924178404,1,32,True,0.2667,3.0
bot->unsw,43,stat_13x13_adaptive,14,0.737,0.7696548213321142,14,448,True,0.2667,3.0
bot->unsw,43,statico,15,0.789,0.5708725220694696,0,0,True,0.2768,3.0
bot->unsw,43,ogni_batch,15,0.789,0.803251321502163,15,480,True,0.2768,3.0
bot->unsw,43,su_innesco,15,0.789,0.803251321502163,9,288,True,0.2768,3.0
bot->unsw,43,oracolo,15,0.789,0.8286048169527951,15,480,True,0.2768,3.0
bot->unsw,43,stat_13x13,15,0.789,0.7458151208609917,15,480,True,0.2768,3.0
bot->unsw,43,martingala,15,0.789,0.785127204526241,2,64,True,0.2768,3.0
bot->unsw,43,stat_13x13_adaptive,15,0.789,0.762834599283365,15,480,True,0.2768,3.0
bot->unsw,43,statico,16,0.842,0.543598374811968,0,0,True,0.2897,3.0
bot->unsw,43,ogni_batch,16,0.842,0.7997401052017159,16,512,True,0.2897,3.0
bot->unsw,43,su_innesco,16,0.842,0.7997401052017159,10,320,True,0.2897,3.0
bot->unsw,43,oracolo,16,0.842,0.8081593501859916,16,512,True,0.2897,3.0
bot->unsw,43,stat_13x13,16,0.842,0.7468858624803241,16,512,True,0.2897,3.0
bot->unsw,43,martingala,16,0.842,0.783065891250897,3,96,True,0.2897,3.0
bot->unsw,43,stat_13x13_adaptive,16,0.842,0.7666092943730771,16,512,True,0.2897,3.0
bot->unsw,43,statico,17,0.895,0.5165570718000385,0,0,True,0.3106,3.0
bot->unsw,43,ogni_batch,17,0.895,0.7888895986082687,17,544,True,0.3106,3.0
bot->unsw,43,su_innesco,17,0.895,0.7888895986082687,11,352,True,0.3106,3.0
bot->unsw,43,oracolo,17,0.895,0.7905730529771451,17,544,True,0.3106,3.0
bot->unsw,43,stat_13x13,17,0.895,0.7755478962640088,17,544,True,0.3106,3.0
bot->unsw,43,martingala,17,0.895,0.7815670547128348,4,128,True,0.3106,3.0
bot->unsw,43,stat_13x13_adaptive,17,0.895,0.774084284570218,17,544,True,0.3106,3.0
bot->unsw,43,statico,18,0.947,0.4909025237739907,0,0,True,0.32735,3.0
bot->unsw,43,ogni_batch,18,0.947,0.778205281439674,18,576,True,0.32735,3.0
bot->unsw,43,su_innesco,18,0.947,0.778205281439674,12,384,True,0.32735,3.0
bot->unsw,43,oracolo,18,0.947,0.7885310864657904,18,576,True,0.32735,3.0
bot->unsw,43,stat_13x13,18,0.947,0.7345192407311794,18,576,True,0.32735,3.0
bot->unsw,43,martingala,18,0.947,0.7747900104057028,5,160,True,0.32735,3.0
bot->unsw,43,stat_13x13_adaptive,18,0.947,0.7293993369216343,18,576,True,0.32735,3.0
bot->unsw,43,statico,19,1.0,0.45063758440852664,0,0,True,0.33375,3.0
bot->unsw,43,ogni_batch,19,1.0,0.7663523571336401,19,608,True,0.33375,3.0
bot->unsw,43,su_innesco,19,1.0,0.7663523571336401,13,416,True,0.33375,3.0
bot->unsw,43,oracolo,19,1.0,0.7780791632830704,19,608,True,0.33375,3.0
bot->unsw,43,stat_13x13,19,1.0,0.7244708418214743,19,608,True,0.33375,3.0
bot->unsw,43,martingala,19,1.0,0.7576753652945202,6,192,True,0.33375,3.0
bot->unsw,43,stat_13x13_adaptive,19,1.0,0.7179730846254051,19,608,True,0.33375,3.0
bot->unsw,44,statico,0,0.0,0.9901,0,0,False,0.0474,3.0
bot->unsw,44,ogni_batch,0,0.0,0.9901,0,0,False,0.0474,3.0
bot->unsw,44,su_innesco,0,0.0,0.9901,0,0,False,0.0474,3.0
bot->unsw,44,oracolo,0,0.0,0.9901,0,0,False,0.0474,3.0
bot->unsw,44,stat_13x13,0,0.0,0.9901,0,0,False,0.0474,3.0
bot->unsw,44,martingala,0,0.0,0.9901,0,0,False,0.0474,3.0
bot->unsw,44,stat_13x13_adaptive,0,0.0,0.9901,0,0,False,0.0474,3.0
bot->unsw,44,statico,1,0.053,0.8830948538119041,0,0,False,0.06475,3.0
bot->unsw,44,ogni_batch,1,0.053,0.8830948538119041,1,32,False,0.06475,3.0
bot->unsw,44,su_innesco,1,0.053,0.8830948538119041,0,0,False,0.06475,3.0
bot->unsw,44,oracolo,1,0.053,0.8830948538119041,1,32,False,0.06475,3.0
bot->unsw,44,stat_13x13,1,0.053,0.49973697111607074,1,32,False,0.06475,3.0
bot->unsw,44,martingala,1,0.053,0.8830948538119041,0,0,False,0.06475,3.0
bot->unsw,44,stat_13x13_adaptive,1,0.053,0.4925053557157856,1,32,False,0.06475,3.0
bot->unsw,44,statico,2,0.105,0.855118174855017,0,0,False,0.0837,3.0
bot->unsw,44,ogni_batch,2,0.105,0.6923829193566036,2,64,False,0.0837,3.0
bot->unsw,44,su_innesco,2,0.105,0.855118174855017,0,0,False,0.0837,3.0
bot->unsw,44,oracolo,2,0.105,0.9194619214356057,2,64,False,0.0837,3.0
bot->unsw,44,stat_13x13,2,0.105,0.593481234270708,2,64,False,0.0837,3.0
bot->unsw,44,martingala,2,0.105,0.855118174855017,0,0,False,0.0837,3.0
bot->unsw,44,stat_13x13_adaptive,2,0.105,0.5947970237443921,2,64,False,0.0837,3.0
bot->unsw,44,statico,3,0.158,0.8354470959220056,0,0,False,0.09645,3.0
bot->unsw,44,ogni_batch,3,0.158,0.7265002731710366,3,96,False,0.09645,3.0
bot->unsw,44,su_innesco,3,0.158,0.8354470959220056,0,0,False,0.09645,3.0
bot->unsw,44,oracolo,3,0.158,0.9298796936594128,3,96,False,0.09645,3.0
bot->unsw,44,stat_13x13,3,0.158,0.5758091456086667,3,96,False,0.09645,3.0
bot->unsw,44,martingala,3,0.158,0.8354470959220056,0,0,False,0.09645,3.0
bot->unsw,44,stat_13x13_adaptive,3,0.158,0.5255636972954246,3,96,False,0.09645,3.0
bot->unsw,44,statico,4,0.211,0.8238948455980827,0,0,False,0.1166,3.0
bot->unsw,44,ogni_batch,4,0.211,0.8768506535228241,4,128,False,0.1166,3.0
bot->unsw,44,su_innesco,4,0.211,0.8238948455980827,0,0,False,0.1166,3.0
bot->unsw,44,oracolo,4,0.211,0.909343280000947,4,128,False,0.1166,3.0
bot->unsw,44,stat_13x13,4,0.211,0.7354985795095594,4,128,False,0.1166,3.0
bot->unsw,44,martingala,4,0.211,0.8238948455980827,0,0,False,0.1166,3.0
bot->unsw,44,stat_13x13_adaptive,4,0.211,0.6510476481115609,4,128,False,0.1166,3.0
bot->unsw,44,statico,5,0.263,0.8081348128224943,0,0,False,0.1337,3.0
bot->unsw,44,ogni_batch,5,0.263,0.9130147184272817,5,160,False,0.1337,3.0
bot->unsw,44,su_innesco,5,0.263,0.8081348128224943,0,0,False,0.1337,3.0
bot->unsw,44,oracolo,5,0.263,0.8897739236570594,5,160,False,0.1337,3.0
bot->unsw,44,stat_13x13,5,0.263,0.6453420798966203,5,160,False,0.1337,3.0
bot->unsw,44,martingala,5,0.263,0.8081348128224943,0,0,False,0.1337,3.0
bot->unsw,44,stat_13x13_adaptive,5,0.263,0.5692659281168413,5,160,False,0.1337,3.0
bot->unsw,44,statico,6,0.316,0.7875999035621724,0,0,True,0.15195,3.0
bot->unsw,44,ogni_batch,6,0.316,0.902568862636369,6,192,True,0.15195,3.0
bot->unsw,44,su_innesco,6,0.316,0.7875999035621724,0,0,True,0.15195,3.0
bot->unsw,44,oracolo,6,0.316,0.8765421011391719,6,192,True,0.15195,3.0
bot->unsw,44,stat_13x13,6,0.316,0.7572183714061841,6,192,True,0.15195,3.0
bot->unsw,44,martingala,6,0.316,0.7875999035621724,0,0,True,0.15195,3.0
bot->unsw,44,stat_13x13_adaptive,6,0.316,0.6153848472063167,6,192,True,0.15195,3.0
bot->unsw,44,statico,7,0.368,0.7649300512456583,0,0,True,0.164,3.0
bot->unsw,44,ogni_batch,7,0.368,0.8850351757349388,7,224,True,0.164,3.0
bot->unsw,44,su_innesco,7,0.368,0.8444802541385932,1,32,True,0.164,3.0
bot->unsw,44,oracolo,7,0.368,0.8559720630236631,7,224,True,0.164,3.0
bot->unsw,44,stat_13x13,7,0.368,0.7976667631426236,7,224,True,0.164,3.0
bot->unsw,44,martingala,7,0.368,0.7649300512456583,0,0,True,0.164,3.0
bot->unsw,44,stat_13x13_adaptive,7,0.368,0.667207639364878,7,224,True,0.164,3.0
bot->unsw,44,statico,8,0.421,0.7429406731524915,0,0,True,0.186,3.0
bot->unsw,44,ogni_batch,8,0.421,0.8669406460354101,8,256,True,0.186,3.0
bot->unsw,44,su_innesco,8,0.421,0.8312126322986714,2,64,True,0.186,3.0
bot->unsw,44,oracolo,8,0.421,0.8635191482912123,8,256,True,0.186,3.0
bot->unsw,44,stat_13x13,8,0.421,0.8167176806760288,8,256,True,0.186,3.0
bot->unsw,44,martingala,8,0.421,0.7429406731524915,0,0,True,0.186,3.0
bot->unsw,44,stat_13x13_adaptive,8,0.421,0.7047886344564163,8,256,True,0.186,3.0
bot->unsw,44,statico,9,0.474,0.72891341991342,0,0,True,0.20205,3.0
bot->unsw,44,ogni_batch,9,0.474,0.8392034632034633,9,288,True,0.20205,3.0
bot->unsw,44,su_innesco,9,0.474,0.8058484848484848,3,96,True,0.20205,3.0
bot->unsw,44,oracolo,9,0.474,0.8338701298701299,9,288,True,0.20205,3.0
bot->unsw,44,stat_13x13,9,0.474,0.8069307359307359,9,288,True,0.20205,3.0
bot->unsw,44,martingala,9,0.474,0.72891341991342,0,0,True,0.20205,3.0
bot->unsw,44,stat_13x13_adaptive,9,0.474,0.7454545454545455,9,288,True,0.20205,3.0
bot->unsw,44,statico,10,0.526,0.709413099545684,0,0,True,0.2127,3.0
bot->unsw,44,ogni_batch,10,0.526,0.8189984136447981,10,320,True,0.2127,3.0
bot->unsw,44,su_innesco,10,0.526,0.8337890717404244,4,128,True,0.2127,3.0
bot->unsw,44,oracolo,10,0.526,0.819164655514695,10,320,True,0.2127,3.0
bot->unsw,44,stat_13x13,10,0.526,0.7713635505813108,10,320,True,0.2127,3.0
bot->unsw,44,martingala,10,0.526,0.7653793660381975,1,32,True,0.2127,3.0
bot->unsw,44,stat_13x13_adaptive,10,0.526,0.7124412958396926,10,320,True,0.2127,3.0
bot->unsw,44,statico,11,0.579,0.6872532642986805,0,0,True,0.23735,3.0
bot->unsw,44,ogni_batch,11,0.579,0.7738497788363801,11,352,True,0.23735,3.0
bot->unsw,44,su_innesco,11,0.579,0.8322096960199246,5,160,True,0.23735,3.0
bot->unsw,44,oracolo,11,0.579,0.7984168565167944,11,352,True,0.23735,3.0
bot->unsw,44,stat_13x13,11,0.579,0.7882641935773032,11,352,True,0.23735,3.0
bot->unsw,44,martingala,11,0.579,0.7732342005189439,2,64,True,0.23735,3.0
bot->unsw,44,stat_13x13_adaptive,11,0.579,0.7498285127226767,11,352,True,0.23735,3.0
bot->unsw,44,statico,12,0.632,0.6645222207672632,0,0,True,0.24875,3.0
bot->unsw,44,ogni_batch,12,0.632,0.838157208251949,12,384,True,0.24875,3.0
bot->unsw,44,su_innesco,12,0.632,0.8241652343699117,6,192,True,0.24875,3.0
bot->unsw,44,oracolo,12,0.632,0.8653146288060415,12,384,True,0.24875,3.0
bot->unsw,44,stat_13x13,12,0.632,0.8029542163228582,12,384,True,0.24875,3.0
bot->unsw,44,martingala,12,0.632,0.8125059560006664,3,96,True,0.24875,3.0
bot->unsw,44,stat_13x13_adaptive,12,0.632,0.7648373546193084,12,384,True,0.24875,3.0
bot->unsw,44,statico,13,0.684,0.6440586671094153,0,0,True,0.2711,3.0
bot->unsw,44,ogni_batch,13,0.684,0.8165739986041961,13,416,True,0.2711,3.0
bot->unsw,44,su_innesco,13,0.684,0.823330981771804,7,224,True,0.2711,3.0
bot->unsw,44,oracolo,13,0.684,0.828791214682867,13,416,True,0.2711,3.0
bot->unsw,44,stat_13x13,13,0.684,0.7938644052113977,13,416,True,0.2711,3.0
bot->unsw,44,martingala,13,0.684,0.8222461206666155,4,128,True,0.2711,3.0
bot->unsw,44,stat_13x13_adaptive,13,0.684,0.8001645741768494,13,416,True,0.2711,3.0
bot->unsw,44,statico,14,0.737,0.6170259802408016,0,0,True,0.2828,3.0
bot->unsw,44,ogni_batch,14,0.737,0.8097483242458562,14,448,True,0.2828,3.0
bot->unsw,44,su_innesco,14,0.737,0.8265990919234032,8,256,True,0.2828,3.0
bot->unsw,44,oracolo,14,0.737,0.8229211188952055,14,448,True,0.2828,3.0
bot->unsw,44,stat_13x13,14,0.737,0.7802913172059496,14,448,True,0.2828,3.0
bot->unsw,44,martingala,14,0.737,0.8290740378998284,5,160,True,0.2828,3.0
bot->unsw,44,stat_13x13_adaptive,14,0.737,0.7939461756595985,14,448,True,0.2828,3.0
bot->unsw,44,statico,15,0.789,0.5882930310890278,0,0,True,0.29935,3.0
bot->unsw,44,ogni_batch,15,0.789,0.7989550590796668,15,480,True,0.29935,3.0
bot->unsw,44,su_innesco,15,0.789,0.8167712178221846,9,288,True,0.29935,3.0
bot->unsw,44,oracolo,15,0.789,0.8137382204598709,15,480,True,0.29935,3.0
bot->unsw,44,stat_13x13,15,0.789,0.7771302819951817,15,480,True,0.29935,3.0
bot->unsw,44,martingala,15,0.789,0.8114341359544104,6,192,True,0.29935,3.0
bot->unsw,44,stat_13x13_adaptive,15,0.789,0.756174461069224,15,480,True,0.29935,3.0
bot->unsw,44,statico,16,0.842,0.5606518092261095,0,0,True,0.3185,3.0
bot->unsw,44,ogni_batch,16,0.842,0.7810568988429879,16,512,True,0.3185,3.0
bot->unsw,44,su_innesco,16,0.842,0.7988898207153365,10,320,True,0.3185,3.0
bot->unsw,44,oracolo,16,0.842,0.796341137459744,16,512,True,0.3185,3.0
bot->unsw,44,stat_13x13,16,0.842,0.7758991962437509,16,512,True,0.3185,3.0
bot->unsw,44,martingala,16,0.842,0.7956939910358793,7,224,True,0.3185,3.0
bot->unsw,44,stat_13x13_adaptive,16,0.842,0.766028169619027,16,512,True,0.3185,3.0
bot->unsw,44,statico,17,0.895,0.5345506655420583,0,0,True,0.3338,3.0
bot->unsw,44,ogni_batch,17,0.895,0.7784507160450487,17,544,True,0.3338,3.0
bot->unsw,44,su_innesco,17,0.895,0.792451114629976,11,352,True,0.3338,3.0
bot->unsw,44,oracolo,17,0.895,0.7860261760327028,17,544,True,0.3338,3.0
bot->unsw,44,stat_13x13,17,0.895,0.7739588639844273,17,544,True,0.3338,3.0
bot->unsw,44,martingala,17,0.895,0.7863940750483318,8,256,True,0.3338,3.0
bot->unsw,44,stat_13x13_adaptive,17,0.895,0.7710949104147642,17,544,True,0.3338,3.0
bot->unsw,44,statico,18,0.947,0.49671416027908954,0,0,True,0.3534,3.0
bot->unsw,44,ogni_batch,18,0.947,0.7717523027577089,18,576,True,0.3534,3.0
bot->unsw,44,su_innesco,18,0.947,0.7817009535411719,12,384,True,0.3534,3.0
bot->unsw,44,oracolo,18,0.947,0.7898951473451643,18,576,True,0.3534,3.0
bot->unsw,44,stat_13x13,18,0.947,0.7661527124202667,18,576,True,0.3534,3.0
bot->unsw,44,martingala,18,0.947,0.7813327396516261,9,288,True,0.3534,3.0
bot->unsw,44,stat_13x13_adaptive,18,0.947,0.7541711084205673,18,576,True,0.3534,3.0
bot->unsw,44,statico,19,1.0,0.4663310119138374,0,0,True,0.3642,3.0
bot->unsw,44,ogni_batch,19,1.0,0.7563451921260248,19,608,True,0.3642,3.0
bot->unsw,44,su_innesco,19,1.0,0.7666139270127947,13,416,True,0.3642,3.0
bot->unsw,44,oracolo,19,1.0,0.7779645703826341,19,608,True,0.3642,3.0
bot->unsw,44,stat_13x13,19,1.0,0.7625501378609734,19,608,True,0.3642,3.0
bot->unsw,44,martingala,19,1.0,0.759512045767983,10,320,True,0.3642,3.0
bot->unsw,44,stat_13x13_adaptive,19,1.0,0.7738251597993823,19,608,True,0.3642,3.0
bot->unsw,45,statico,0,0.0,0.98975,0,0,False,0.04495,3.0
bot->unsw,45,ogni_batch,0,0.0,0.98975,0,0,False,0.04495,3.0
bot->unsw,45,su_innesco,0,0.0,0.98975,0,0,False,0.04495,3.0
bot->unsw,45,oracolo,0,0.0,0.98975,0,0,False,0.04495,3.0
bot->unsw,45,stat_13x13,0,0.0,0.98975,0,0,False,0.04495,3.0
bot->unsw,45,martingala,0,0.0,0.98975,0,0,False,0.04495,3.0
bot->unsw,45,stat_13x13_adaptive,0,0.0,0.98975,0,0,False,0.04495,3.0
bot->unsw,45,statico,1,0.053,0.8539524743235734,0,0,False,0.0595,3.0
bot->unsw,45,ogni_batch,1,0.053,0.8539524743235734,1,32,False,0.0595,3.0
bot->unsw,45,su_innesco,1,0.053,0.8539524743235734,0,0,False,0.0595,3.0
bot->unsw,45,oracolo,1,0.053,0.8539524743235734,1,32,False,0.0595,3.0
bot->unsw,45,stat_13x13,1,0.053,0.49984722717319346,1,32,False,0.0595,3.0
bot->unsw,45,martingala,1,0.053,0.8539524743235734,0,0,False,0.0595,3.0
bot->unsw,45,stat_13x13_adaptive,1,0.053,0.49994907572439784,1,32,False,0.0595,3.0
bot->unsw,45,statico,2,0.105,0.8455111138185454,0,0,False,0.077,3.0
bot->unsw,45,ogni_batch,2,0.105,0.6861466408259831,2,64,False,0.077,3.0
bot->unsw,45,su_innesco,2,0.105,0.8455111138185454,0,0,False,0.077,3.0
bot->unsw,45,oracolo,2,0.105,0.9452288270448426,2,64,False,0.077,3.0
bot->unsw,45,stat_13x13,2,0.105,0.5006631299734748,2,64,False,0.077,3.0
bot->unsw,45,martingala,2,0.105,0.8455111138185454,0,0,False,0.077,3.0
bot->unsw,45,stat_13x13_adaptive,2,0.105,0.5890296953778125,2,64,False,0.077,3.0
bot->unsw,45,statico,3,0.158,0.8322024320613197,0,0,False,0.09765,3.0
bot->unsw,45,ogni_batch,3,0.158,0.7365017548647546,3,96,False,0.09765,3.0
bot->unsw,45,su_innesco,3,0.158,0.8322024320613197,0,0,False,0.09765,3.0
bot->unsw,45,oracolo,3,0.158,0.926821929114473,3,96,False,0.09765,3.0
bot->unsw,45,stat_13x13,3,0.158,0.506434235891328,3,96,False,0.09765,3.0
bot->unsw,45,martingala,3,0.158,0.8322024320613197,0,0,False,0.09765,3.0
bot->unsw,45,stat_13x13_adaptive,3,0.158,0.5859671213889883,3,96,False,0.09765,3.0
bot->unsw,45,statico,4,0.211,0.8181418964525402,0,0,False,0.1076,3.0
bot->unsw,45,ogni_batch,4,0.211,0.7274307595725634,4,128,False,0.1076,3.0
bot->unsw,45,su_innesco,4,0.211,0.8181418964525402,0,0,False,0.1076,3.0
bot->unsw,45,oracolo,4,0.211,0.9092562383837324,4,128,False,0.1076,3.0
bot->unsw,45,stat_13x13,4,0.211,0.5033349710447372,4,128,False,0.1076,3.0
bot->unsw,45,martingala,4,0.211,0.8181418964525402,0,0,False,0.1076,3.0
bot->unsw,45,stat_13x13_adaptive,4,0.211,0.5831565500668663,4,128,False,0.1076,3.0
bot->unsw,45,statico,5,0.263,0.8012062486150495,0,0,False,0.12285,3.0
bot->unsw,45,ogni_batch,5,0.263,0.8004738411586583,5,160,False,0.12285,3.0
bot->unsw,45,su_innesco,5,0.263,0.8012062486150495,0,0,False,0.12285,3.0
bot->unsw,45,oracolo,5,0.263,0.8973444505075662,5,160,False,0.12285,3.0
bot->unsw,45,stat_13x13,5,0.263,0.8032275752500477,5,160,False,0.12285,3.0
bot->unsw,45,martingala,5,0.263,0.8012062486150495,0,0,False,0.12285,3.0
bot->unsw,45,stat_13x13_adaptive,5,0.263,0.69354207923918,5,160,False,0.12285,3.0
bot->unsw,45,statico,6,0.316,0.7904278229763623,0,0,False,0.13485,3.0
bot->unsw,45,ogni_batch,6,0.316,0.8431653378838664,6,192,False,0.13485,3.0
bot->unsw,45,su_innesco,6,0.316,0.7904278229763623,0,0,False,0.13485,3.0
bot->unsw,45,oracolo,6,0.316,0.8729221672345568,6,192,False,0.13485,3.0
bot->unsw,45,stat_13x13,6,0.316,0.6099816508775278,6,192,False,0.13485,3.0
bot->unsw,45,martingala,6,0.316,0.7904278229763623,0,0,False,0.13485,3.0
bot->unsw,45,stat_13x13_adaptive,6,0.316,0.7105561494882194,6,192,False,0.13485,3.0
bot->unsw,45,statico,7,0.368,0.7653907742982532,0,0,True,0.15335,3.0
bot->unsw,45,ogni_batch,7,0.368,0.8664902782293522,7,224,True,0.15335,3.0
bot->unsw,45,su_innesco,7,0.368,0.7653907742982532,0,0,True,0.15335,3.0
bot->unsw,45,oracolo,7,0.368,0.8455101545962512,7,224,True,0.15335,3.0
bot->unsw,45,stat_13x13,7,0.368,0.6856470296914248,7,224,True,0.15335,3.0
bot->unsw,45,martingala,7,0.368,0.7653907742982532,0,0,True,0.15335,3.0
bot->unsw,45,stat_13x13_adaptive,7,0.368,0.721112234902892,7,224,True,0.15335,3.0
bot->unsw,45,statico,8,0.421,0.7507487724684707,0,0,True,0.16925,3.0
bot->unsw,45,ogni_batch,8,0.421,0.8674330471141135,8,256,True,0.16925,3.0
bot->unsw,45,su_innesco,8,0.421,0.7593446519009259,1,32,True,0.16925,3.0
bot->unsw,45,oracolo,8,0.421,0.8533053115695477,8,256,True,0.16925,3.0
bot->unsw,45,stat_13x13,8,0.421,0.7597489882634789,8,256,True,0.16925,3.0
bot->unsw,45,martingala,8,0.421,0.7507487724684707,0,0,True,0.16925,3.0
bot->unsw,45,stat_13x13_adaptive,8,0.421,0.7060315937451344,8,256,True,0.16925,3.0
bot->unsw,45,statico,9,0.474,0.7253786565863751,0,0,True,0.18275,3.0
bot->unsw,45,ogni_batch,9,0.474,0.8629805729654443,9,288,True,0.18275,3.0
bot->unsw,45,su_innesco,9,0.474,0.8348617788488768,2,64,True,0.18275,3.0
bot->unsw,45,oracolo,9,0.474,0.838364236169163,9,288,True,0.18275,3.0
bot->unsw,45,stat_13x13,9,0.474,0.7329016768316856,9,288,True,0.18275,3.0
bot->unsw,45,martingala,9,0.474,0.5433099132382665,1,32,True,0.18275,3.0
bot->unsw,45,stat_13x13_adaptive,9,0.474,0.7673198829765495,9,288,True,0.18275,3.0
bot->unsw,45,statico,10,0.526,0.7075943528582096,0,0,True,0.19805,3.0
bot->unsw,45,ogni_batch,10,0.526,0.85714675663852,10,320,True,0.19805,3.0
bot->unsw,45,su_innesco,10,0.526,0.8310910563214826,3,96,True,0.19805,3.0
bot->unsw,45,oracolo,10,0.526,0.8203912631711363,10,320,True,0.19805,3.0
bot->unsw,45,stat_13x13,10,0.526,0.7326529349374006,10,320,True,0.19805,3.0
bot->unsw,45,martingala,10,0.526,0.8397183511871711,2,64,True,0.19805,3.0
bot->unsw,45,stat_13x13_adaptive,10,0.526,0.7283775074422327,10,320,True,0.19805,3.0
bot->unsw,45,statico,11,0.579,0.6775570477820254,0,0,True,0.21555,3.0
bot->unsw,45,ogni_batch,11,0.579,0.8696840361320581,11,352,True,0.21555,3.0
bot->unsw,45,su_innesco,11,0.579,0.8541836465940088,4,128,True,0.21555,3.0
bot->unsw,45,oracolo,11,0.579,0.8715791682637404,11,352,True,0.21555,3.0
bot->unsw,45,stat_13x13,11,0.579,0.7274683375355638,11,352,True,0.21555,3.0
bot->unsw,45,martingala,11,0.579,0.8521667623395968,3,96,True,0.21555,3.0
bot->unsw,45,stat_13x13_adaptive,11,0.579,0.7152526201492186,11,352,True,0.21555,3.0
bot->unsw,45,statico,12,0.632,0.6599689286408159,0,0,True,0.2245,3.0
bot->unsw,45,ogni_batch,12,0.632,0.8659112729046686,12,384,True,0.2245,3.0
bot->unsw,45,su_innesco,12,0.632,0.8571338621089668,5,160,True,0.2245,3.0
bot->unsw,45,oracolo,12,0.632,0.8630859206042394,12,384,True,0.2245,3.0
bot->unsw,45,stat_13x13,12,0.632,0.7337722700527971,12,384,True,0.2245,3.0
bot->unsw,45,martingala,12,0.632,0.8533944502666804,4,128,True,0.2245,3.0
bot->unsw,45,stat_13x13_adaptive,12,0.632,0.7345494085663922,12,384,True,0.2245,3.0
bot->unsw,45,statico,13,0.684,0.6342729047890159,0,0,True,0.24245,3.0
bot->unsw,45,ogni_batch,13,0.684,0.8382340386029208,13,416,True,0.24245,3.0
bot->unsw,45,su_innesco,13,0.684,0.8498073871926821,6,192,True,0.24245,3.0
bot->unsw,45,oracolo,13,0.684,0.8534533260219306,13,416,True,0.24245,3.0
bot->unsw,45,stat_13x13,13,0.684,0.7272880678545288,13,416,True,0.24245,3.0
bot->unsw,45,martingala,13,0.684,0.8298797202179581,5,160,True,0.24245,3.0
bot->unsw,45,stat_13x13_adaptive,13,0.684,0.7198668166114714,13,416,True,0.24245,3.0
bot->unsw,45,statico,14,0.737,0.6188046937779477,0,0,True,0.26265,3.0
bot->unsw,45,ogni_batch,14,0.737,0.84101149054482,14,448,True,0.26265,3.0
bot->unsw,45,su_innesco,14,0.737,0.8351562476351981,7,224,True,0.26265,3.0
bot->unsw,45,oracolo,14,0.737,0.83442600965719,14,448,True,0.26265,3.0
bot->unsw,45,stat_13x13,14,0.737,0.7284489885920549,14,448,True,0.26265,3.0
bot->unsw,45,martingala,14,0.737,0.8160060407588072,6,192,True,0.26265,3.0
bot->unsw,45,stat_13x13_adaptive,14,0.737,0.7496579807158892,14,448,True,0.26265,3.0
bot->unsw,45,statico,15,0.789,0.5907017428010508,0,0,True,0.27195,3.0
bot->unsw,45,ogni_batch,15,0.789,0.8371664299579045,15,480,True,0.27195,3.0
bot->unsw,45,su_innesco,15,0.789,0.8315486445001343,8,256,True,0.27195,3.0
bot->unsw,45,oracolo,15,0.789,0.8288371528563685,15,480,True,0.27195,3.0
bot->unsw,45,stat_13x13,15,0.789,0.7290969880382758,15,480,True,0.27195,3.0
bot->unsw,45,martingala,15,0.789,0.8318622109783805,7,224,True,0.27195,3.0
bot->unsw,45,stat_13x13_adaptive,15,0.789,0.7412982158832244,15,480,True,0.27195,3.0
bot->unsw,45,statico,16,0.842,0.5593507829600678,0,0,True,0.2867,3.0
bot->unsw,45,ogni_batch,16,0.842,0.815114795638359,16,512,True,0.2867,3.0
bot->unsw,45,su_innesco,16,0.842,0.8246353483586296,9,288,True,0.2867,3.0
bot->unsw,45,oracolo,16,0.842,0.8156934226450165,16,512,True,0.2867,3.0
bot->unsw,45,stat_13x13,16,0.842,0.7377739423551217,16,512,True,0.2867,3.0
bot->unsw,45,martingala,16,0.842,0.8239611651740104,8,256,True,0.2867,3.0
bot->unsw,45,stat_13x13_adaptive,16,0.842,0.7319034593016895,16,512,True,0.2867,3.0
bot->unsw,45,statico,17,0.895,0.5320171815556736,0,0,True,0.2998,3.0
bot->unsw,45,ogni_batch,17,0.895,0.8124956864293958,17,544,True,0.2998,3.0
bot->unsw,45,su_innesco,17,0.895,0.8124956864293958,10,320,True,0.2998,3.0
bot->unsw,45,oracolo,17,0.895,0.8044255711625456,17,544,True,0.2998,3.0
bot->unsw,45,stat_13x13,17,0.895,0.7433808244767075,17,544,True,0.2998,3.0
bot->unsw,45,martingala,17,0.895,0.8124956864293958,9,288,True,0.2998,3.0
bot->unsw,45,stat_13x13_adaptive,17,0.895,0.7631973048604775,17,544,True,0.2998,3.0
bot->unsw,45,statico,18,0.947,0.5035028581473494,0,0,True,0.3182,3.0
bot->unsw,45,ogni_batch,18,0.947,0.7971866316716381,18,576,True,0.3182,3.0
bot->unsw,45,su_innesco,18,0.947,0.7971866316716381,11,352,True,0.3182,3.0
bot->unsw,45,oracolo,18,0.947,0.754100955811388,18,576,True,0.3182,3.0
bot->unsw,45,stat_13x13,18,0.947,0.7461969869882884,18,576,True,0.3182,3.0
bot->unsw,45,martingala,18,0.947,0.7971866316716381,10,320,True,0.3182,3.0
bot->unsw,45,stat_13x13_adaptive,18,0.947,0.7755526390460612,18,576,True,0.3182,3.0
bot->unsw,45,statico,19,1.0,0.46504517197334305,0,0,True,0.3372,3.0
bot->unsw,45,ogni_batch,19,1.0,0.7777994327079905,19,608,True,0.3372,3.0
bot->unsw,45,su_innesco,19,1.0,0.7777994327079905,12,384,True,0.3372,3.0
bot->unsw,45,oracolo,19,1.0,0.7619920484477877,19,608,True,0.3372,3.0
bot->unsw,45,stat_13x13,19,1.0,0.7430714057747453,19,608,True,0.3372,3.0
bot->unsw,45,martingala,19,1.0,0.7777994327079905,11,352,True,0.3372,3.0
bot->unsw,45,stat_13x13_adaptive,19,1.0,0.7676632415225697,19,608,True,0.3372,3.0
bot->unsw,46,statico,0,0.0,0.9916,0,0,False,0.07265,3.0
bot->unsw,46,ogni_batch,0,0.0,0.9916,0,0,False,0.07265,3.0
bot->unsw,46,su_innesco,0,0.0,0.9916,0,0,False,0.07265,3.0
bot->unsw,46,oracolo,0,0.0,0.9916,0,0,False,0.07265,3.0
bot->unsw,46,stat_13x13,0,0.0,0.9916,0,0,False,0.07265,3.0
bot->unsw,46,martingala,0,0.0,0.9916,0,0,False,0.07265,3.0
bot->unsw,46,stat_13x13_adaptive,0,0.0,0.9916,0,0,False,0.07265,3.0
bot->unsw,46,statico,1,0.053,0.8653102797462956,0,0,False,0.08815,3.0
bot->unsw,46,ogni_batch,1,0.053,0.8653102797462956,1,32,False,0.08815,3.0
bot->unsw,46,su_innesco,1,0.053,0.8653102797462956,0,0,False,0.08815,3.0
bot->unsw,46,oracolo,1,0.053,0.8653102797462956,1,32,False,0.08815,3.0
bot->unsw,46,stat_13x13,1,0.053,0.5,1,32,False,0.08815,3.0
bot->unsw,46,martingala,1,0.053,0.8653102797462956,0,0,False,0.08815,3.0
bot->unsw,46,stat_13x13_adaptive,1,0.053,0.5,1,32,False,0.08815,3.0
bot->unsw,46,statico,2,0.105,0.8538528138528139,0,0,False,0.10605,3.0
bot->unsw,46,ogni_batch,2,0.105,0.6282597402597403,2,64,False,0.10605,3.0
bot->unsw,46,su_innesco,2,0.105,0.8538528138528139,0,0,False,0.10605,3.0
bot->unsw,46,oracolo,2,0.105,0.9327012987012987,2,64,False,0.10605,3.0
bot->unsw,46,stat_13x13,2,0.105,0.5933333333333334,2,64,False,0.10605,3.0
bot->unsw,46,martingala,2,0.105,0.8538528138528139,0,0,False,0.10605,3.0
bot->unsw,46,stat_13x13_adaptive,2,0.105,0.49997402597402596,2,64,False,0.10605,3.0
bot->unsw,46,statico,3,0.158,0.8383895233911707,0,0,False,0.12055,3.0
bot->unsw,46,ogni_batch,3,0.158,0.6692025404495204,3,96,False,0.12055,3.0
bot->unsw,46,su_innesco,3,0.158,0.8383895233911707,0,0,False,0.12055,3.0
bot->unsw,46,oracolo,3,0.158,0.9350821802474558,3,96,False,0.12055,3.0
bot->unsw,46,stat_13x13,3,0.158,0.6275779705688557,3,96,False,0.12055,3.0
bot->unsw,46,martingala,3,0.158,0.8383895233911707,0,0,False,0.12055,3.0
bot->unsw,46,stat_13x13_adaptive,3,0.158,0.5,3,96,False,0.12055,3.0
bot->unsw,46,statico,4,0.211,0.819500174338238,0,0,False,0.1319,3.0
bot->unsw,46,ogni_batch,4,0.211,0.7727519878109119,4,128,False,0.1319,3.0
bot->unsw,46,su_innesco,4,0.211,0.819500174338238,0,0,False,0.1319,3.0
bot->unsw,46,oracolo,4,0.211,0.9221769718739137,4,128,False,0.1319,3.0
bot->unsw,46,stat_13x13,4,0.211,0.6257986646443361,4,128,False,0.1319,3.0
bot->unsw,46,martingala,4,0.211,0.819500174338238,0,0,False,0.1319,3.0
bot->unsw,46,stat_13x13_adaptive,4,0.211,0.5780234349730029,4,128,False,0.1319,3.0
bot->unsw,46,statico,5,0.263,0.8034739536305495,0,0,True,0.1507,3.0
bot->unsw,46,ogni_batch,5,0.263,0.7940909868514722,5,160,True,0.1507,3.0
bot->unsw,46,su_innesco,5,0.263,0.8034739536305495,0,0,True,0.1507,3.0
bot->unsw,46,oracolo,5,0.263,0.9056426604207521,5,160,True,0.1507,3.0
bot->unsw,46,stat_13x13,5,0.263,0.7280622533938481,5,160,True,0.1507,3.0
bot->unsw,46,martingala,5,0.263,0.8034739536305495,0,0,True,0.1507,3.0
bot->unsw,46,stat_13x13_adaptive,5,0.263,0.6127809331716249,5,160,True,0.1507,3.0
bot->unsw,46,statico,6,0.316,0.7837176630413347,0,0,True,0.1675,3.0
bot->unsw,46,ogni_batch,6,0.316,0.7945900890821787,6,192,True,0.1675,3.0
bot->unsw,46,su_innesco,6,0.316,0.7572575531241565,1,32,True,0.1675,3.0
bot->unsw,46,oracolo,6,0.316,0.8926351017472265,6,192,True,0.1675,3.0
bot->unsw,46,stat_13x13,6,0.316,0.7299909319276523,6,192,True,0.1675,3.0
bot->unsw,46,martingala,6,0.316,0.7837176630413347,0,0,True,0.1675,3.0
bot->unsw,46,stat_13x13_adaptive,6,0.316,0.6645987677526087,6,192,True,0.1675,3.0
bot->unsw,46,statico,7,0.368,0.7644556511289151,0,0,True,0.18395,3.0
bot->unsw,46,ogni_batch,7,0.368,0.8537634301117725,7,224,True,0.18395,3.0
bot->unsw,46,su_innesco,7,0.368,0.7447584315306566,2,64,True,0.18395,3.0
bot->unsw,46,oracolo,7,0.368,0.8686850916110358,7,224,True,0.18395,3.0
bot->unsw,46,stat_13x13,7,0.368,0.7299673851051057,7,224,True,0.18395,3.0
bot->unsw,46,martingala,7,0.368,0.7644556511289151,0,0,True,0.18395,3.0
bot->unsw,46,stat_13x13_adaptive,7,0.368,0.6558526604213557,7,224,True,0.18395,3.0
bot->unsw,46,statico,8,0.421,0.7503122828951005,0,0,True,0.1955,3.0
bot->unsw,46,ogni_batch,8,0.421,0.8486242173954859,8,256,True,0.1955,3.0
bot->unsw,46,su_innesco,8,0.421,0.7954808597181402,3,96,True,0.1955,3.0
bot->unsw,46,oracolo,8,0.421,0.8575174854069616,8,256,True,0.1955,3.0
bot->unsw,46,stat_13x13,8,0.421,0.7884681935986324,8,256,True,0.1955,3.0
bot->unsw,46,martingala,8,0.421,0.7503122828951005,0,0,True,0.1955,3.0
bot->unsw,46,stat_13x13_adaptive,8,0.421,0.6558999457789698,8,256,True,0.1955,3.0
bot->unsw,46,statico,9,0.474,0.7345640253090477,0,0,True,0.21295,3.0
bot->unsw,46,ogni_batch,9,0.474,0.8890293281804147,9,288,True,0.21295,3.0
bot->unsw,46,su_innesco,9,0.474,0.7855541977155558,4,128,True,0.21295,3.0
bot->unsw,46,oracolo,9,0.474,0.8919802581522313,9,288,True,0.21295,3.0
bot->unsw,46,stat_13x13,9,0.474,0.7345487250783165,9,288,True,0.21295,3.0
bot->unsw,46,martingala,9,0.474,0.7345640253090477,0,0,True,0.21295,3.0
bot->unsw,46,stat_13x13_adaptive,9,0.474,0.6701074268969824,9,288,True,0.21295,3.0
bot->unsw,46,statico,10,0.526,0.7077781078610165,0,0,True,0.228,3.0
bot->unsw,46,ogni_batch,10,0.526,0.8836872277412609,10,320,True,0.228,3.0
bot->unsw,46,su_innesco,10,0.526,0.8597905650618036,5,160,True,0.228,3.0
bot->unsw,46,oracolo,10,0.526,0.8849096970890686,10,320,True,0.228,3.0
bot->unsw,46,stat_13x13,10,0.526,0.7235319324208589,10,320,True,0.228,3.0
bot->unsw,46,martingala,10,0.526,0.7077781078610165,0,0,True,0.228,3.0
bot->unsw,46,stat_13x13_adaptive,10,0.526,0.6739024737639763,10,320,True,0.228,3.0
bot->unsw,46,statico,11,0.579,0.6906352813231331,0,0,True,0.24285,3.0
bot->unsw,46,ogni_batch,11,0.579,0.8745059399416666,11,352,True,0.24285,3.0
bot->unsw,46,su_innesco,11,0.579,0.858240323821494,6,192,True,0.24285,3.0
bot->unsw,46,oracolo,11,0.579,0.8751332789806514,11,352,True,0.24285,3.0
bot->unsw,46,stat_13x13,11,0.579,0.6916945825713428,11,352,True,0.24285,3.0
bot->unsw,46,martingala,11,0.579,0.6906352813231331,0,0,True,0.24285,3.0
bot->unsw,46,stat_13x13_adaptive,11,0.579,0.6250940205989344,11,352,True,0.24285,3.0
bot->unsw,46,statico,12,0.632,0.658904208488011,0,0,True,0.2566,3.0
bot->unsw,46,ogni_batch,12,0.632,0.8622368944899884,12,384,True,0.2566,3.0
bot->unsw,46,su_innesco,12,0.632,0.8449111276577055,7,224,True,0.2566,3.0
bot->unsw,46,oracolo,12,0.632,0.862998398499632,12,384,True,0.2566,3.0
bot->unsw,46,stat_13x13,12,0.632,0.6933206036839623,12,384,True,0.2566,3.0
bot->unsw,46,martingala,12,0.632,0.8039629890710498,1,32,True,0.2566,3.0
bot->unsw,46,stat_13x13_adaptive,12,0.632,0.6561295731176039,12,384,True,0.2566,3.0
bot->unsw,46,statico,13,0.684,0.6418511221566905,0,0,True,0.27265,3.0
bot->unsw,46,ogni_batch,13,0.684,0.8242572983074666,13,416,True,0.27265,3.0
bot->unsw,46,su_innesco,13,0.684,0.8327696313467061,8,256,True,0.27265,3.0
bot->unsw,46,oracolo,13,0.684,0.8509302152016803,13,416,True,0.27265,3.0
bot->unsw,46,stat_13x13,13,0.684,0.693672691124725,13,416,True,0.27265,3.0
bot->unsw,46,martingala,13,0.684,0.7370134027311211,2,64,True,0.27265,3.0
bot->unsw,46,stat_13x13_adaptive,13,0.684,0.6613940696562225,13,416,True,0.27265,3.0
bot->unsw,46,statico,14,0.737,0.6189762224940252,0,0,True,0.28815,3.0
bot->unsw,46,ogni_batch,14,0.737,0.8384671130324347,14,448,True,0.28815,3.0
bot->unsw,46,su_innesco,14,0.737,0.8276201207796391,9,288,True,0.28815,3.0
bot->unsw,46,oracolo,14,0.737,0.8377364291844334,14,448,True,0.28815,3.0
bot->unsw,46,stat_13x13,14,0.737,0.63770078319807,14,448,True,0.28815,3.0
bot->unsw,46,martingala,14,0.737,0.841202941205982,3,96,True,0.28815,3.0
bot->unsw,46,stat_13x13_adaptive,14,0.737,0.5910657428095242,14,448,True,0.28815,3.0
bot->unsw,46,statico,15,0.789,0.5856328757969709,0,0,True,0.3061,3.0
bot->unsw,46,ogni_batch,15,0.789,0.8274795408045337,15,480,True,0.3061,3.0
bot->unsw,46,su_innesco,15,0.789,0.8054103689952729,10,320,True,0.3061,3.0
bot->unsw,46,oracolo,15,0.789,0.8102454633436345,15,480,True,0.3061,3.0
bot->unsw,46,stat_13x13,15,0.789,0.6824270653164244,15,480,True,0.3061,3.0
bot->unsw,46,martingala,15,0.789,0.8238668034880744,4,128,True,0.3061,3.0
bot->unsw,46,stat_13x13_adaptive,15,0.789,0.6546349639081231,15,480,True,0.3061,3.0
bot->unsw,46,statico,16,0.842,0.5554830717575112,0,0,True,0.31285,3.0
bot->unsw,46,ogni_batch,16,0.842,0.7900209250207262,16,512,True,0.31285,3.0
bot->unsw,46,su_innesco,16,0.842,0.7724492824400879,11,352,True,0.31285,3.0
bot->unsw,46,oracolo,16,0.842,0.8113634985004392,16,512,True,0.31285,3.0
bot->unsw,46,stat_13x13,16,0.842,0.684583671130554,16,512,True,0.31285,3.0
bot->unsw,46,martingala,16,0.842,0.8065508411121104,5,160,True,0.31285,3.0
bot->unsw,46,stat_13x13_adaptive,16,0.842,0.665534722371655,16,512,True,0.31285,3.0
bot->unsw,46,statico,17,0.895,0.5302347937838643,0,0,True,0.33745,3.0
bot->unsw,46,ogni_batch,17,0.895,0.7628041640992707,17,544,True,0.33745,3.0
bot->unsw,46,su_innesco,17,0.895,0.777797937260075,12,384,True,0.33745,3.0
bot->unsw,46,oracolo,17,0.895,0.7862465683679462,17,544,True,0.33745,3.0
bot->unsw,46,stat_13x13,17,0.895,0.6813364416904603,17,544,True,0.33745,3.0
bot->unsw,46,martingala,17,0.895,0.7862396074704714,6,192,True,0.33745,3.0
bot->unsw,46,stat_13x13_adaptive,17,0.895,0.6688635078294729,17,544,True,0.33745,3.0
bot->unsw,46,statico,18,0.947,0.4990319098077683,0,0,True,0.3563,3.0
bot->unsw,46,ogni_batch,18,0.947,0.7779277042978389,18,576,True,0.3563,3.0
bot->unsw,46,su_innesco,18,0.947,0.7673138722496313,13,416,True,0.3563,3.0
bot->unsw,46,oracolo,18,0.947,0.7907481624708839,18,576,True,0.3563,3.0
bot->unsw,46,stat_13x13,18,0.947,0.6701904544135624,18,576,True,0.3563,3.0
bot->unsw,46,martingala,18,0.947,0.7578899702155965,7,224,True,0.3563,3.0
bot->unsw,46,stat_13x13_adaptive,18,0.947,0.6622163499865363,18,576,True,0.3563,3.0
bot->unsw,46,statico,19,1.0,0.467668590774476,0,0,True,0.3621,3.0
bot->unsw,46,ogni_batch,19,1.0,0.7678131428528052,19,608,True,0.3621,3.0
bot->unsw,46,su_innesco,19,1.0,0.750928527509898,14,448,True,0.3621,3.0
bot->unsw,46,oracolo,19,1.0,0.7929647164968298,19,608,True,0.3621,3.0
bot->unsw,46,stat_13x13,19,1.0,0.6499005052274066,19,608,True,0.3621,3.0
bot->unsw,46,martingala,19,1.0,0.7512226199603322,8,256,True,0.3621,3.0
bot->unsw,46,stat_13x13_adaptive,19,1.0,0.640752462427846,19,608,True,0.3621,3.0
bot->unsw,47,statico,0,0.0,0.9913,0,0,False,0.0486,3.0
bot->unsw,47,ogni_batch,0,0.0,0.9913,0,0,False,0.0486,3.0
bot->unsw,47,su_innesco,0,0.0,0.9913,0,0,False,0.0486,3.0
bot->unsw,47,oracolo,0,0.0,0.9913,0,0,False,0.0486,3.0
bot->unsw,47,stat_13x13,0,0.0,0.9913,0,0,False,0.0486,3.0
bot->unsw,47,martingala,0,0.0,0.9913,0,0,False,0.0486,3.0
bot->unsw,47,stat_13x13_adaptive,0,0.0,0.9913,0,0,False,0.0486,3.0
bot->unsw,47,statico,1,0.053,0.8516058266894115,0,0,False,0.06745,3.0
bot->unsw,47,ogni_batch,1,0.053,0.8516058266894115,1,32,False,0.06745,3.0
bot->unsw,47,su_innesco,1,0.053,0.8516058266894115,0,0,False,0.06745,3.0
bot->unsw,47,oracolo,1,0.053,0.8516058266894115,1,32,False,0.06745,3.0
bot->unsw,47,stat_13x13,1,0.053,0.5,1,32,False,0.06745,3.0
bot->unsw,47,martingala,1,0.053,0.8516058266894115,0,0,False,0.06745,3.0
bot->unsw,47,stat_13x13_adaptive,1,0.053,0.5,1,32,False,0.06745,3.0
bot->unsw,47,statico,2,0.105,0.8299412735137863,0,0,False,0.0869,3.0
bot->unsw,47,ogni_batch,2,0.105,0.8225830820976878,2,64,False,0.0869,3.0
bot->unsw,47,su_innesco,2,0.105,0.8299412735137863,0,0,False,0.0869,3.0
bot->unsw,47,oracolo,2,0.105,0.928269696244183,2,64,False,0.0869,3.0
bot->unsw,47,stat_13x13,2,0.105,0.6609818416518447,2,64,False,0.0869,3.0
bot->unsw,47,martingala,2,0.105,0.8299412735137863,0,0,False,0.0869,3.0
bot->unsw,47,stat_13x13_adaptive,2,0.105,0.6076361337258998,2,64,False,0.0869,3.0
bot->unsw,47,statico,3,0.158,0.7975626150883444,0,0,False,0.10575,3.0
bot->unsw,47,ogni_batch,3,0.158,0.839481647362887,3,96,False,0.10575,3.0
bot->unsw,47,su_innesco,3,0.158,0.7975626150883444,0,0,False,0.10575,3.0
bot->unsw,47,oracolo,3,0.158,0.9175798688578045,3,96,False,0.10575,3.0
bot->unsw,47,stat_13x13,3,0.158,0.6463717741916402,3,96,False,0.10575,3.0
bot->unsw,47,martingala,3,0.158,0.7975626150883444,0,0,False,0.10575,3.0
bot->unsw,47,stat_13x13_adaptive,3,0.158,0.6437461743542863,3,96,False,0.10575,3.0
bot->unsw,47,statico,4,0.211,0.7771744284199062,0,0,False,0.1279,3.0
bot->unsw,47,ogni_batch,4,0.211,0.8632990516050911,4,128,False,0.1279,3.0
bot->unsw,47,su_innesco,4,0.211,0.7771744284199062,0,0,False,0.1279,3.0
bot->unsw,47,oracolo,4,0.211,0.9169534557814363,4,128,False,0.1279,3.0
bot->unsw,47,stat_13x13,4,0.211,0.7232252352795834,4,128,False,0.1279,3.0
bot->unsw,47,martingala,4,0.211,0.7771744284199062,0,0,False,0.1279,3.0
bot->unsw,47,stat_13x13_adaptive,4,0.211,0.6786598652606219,4,128,False,0.1279,3.0
bot->unsw,47,statico,5,0.263,0.7704036004260453,0,0,True,0.14785,3.0
bot->unsw,47,ogni_batch,5,0.263,0.8488663778375833,5,160,True,0.14785,3.0
bot->unsw,47,su_innesco,5,0.263,0.7704036004260453,0,0,True,0.14785,3.0
bot->unsw,47,oracolo,5,0.263,0.9021993379462011,5,160,True,0.14785,3.0
bot->unsw,47,stat_13x13,5,0.263,0.7450027209301333,5,160,True,0.14785,3.0
bot->unsw,47,martingala,5,0.263,0.7704036004260453,0,0,True,0.14785,3.0
bot->unsw,47,stat_13x13_adaptive,5,0.263,0.6505364868150384,5,160,True,0.14785,3.0
bot->unsw,47,statico,6,0.316,0.7559864015844597,0,0,True,0.1661,3.0
bot->unsw,47,ogni_batch,6,0.316,0.8292303631272093,6,192,True,0.1661,3.0
bot->unsw,47,su_innesco,6,0.316,0.7506970130704809,1,32,True,0.1661,3.0
bot->unsw,47,oracolo,6,0.316,0.8853736285176513,6,192,True,0.1661,3.0
bot->unsw,47,stat_13x13,6,0.316,0.7295617978633403,6,192,True,0.1661,3.0
bot->unsw,47,martingala,6,0.316,0.7559864015844597,0,0,True,0.1661,3.0
bot->unsw,47,stat_13x13_adaptive,6,0.316,0.6576284504298896,6,192,True,0.1661,3.0
bot->unsw,47,statico,7,0.368,0.7350696286756702,0,0,True,0.18645,3.0
bot->unsw,47,ogni_batch,7,0.368,0.8598567241038986,7,224,True,0.18645,3.0
bot->unsw,47,su_innesco,7,0.368,0.8717716385408347,2,64,True,0.18645,3.0
bot->unsw,47,oracolo,7,0.368,0.872695364137045,7,224,True,0.18645,3.0
bot->unsw,47,stat_13x13,7,0.368,0.7311128175033017,7,224,True,0.18645,3.0
bot->unsw,47,martingala,7,0.368,0.7350696286756702,0,0,True,0.18645,3.0
bot->unsw,47,stat_13x13_adaptive,7,0.368,0.6562725307692505,7,224,True,0.18645,3.0
bot->unsw,47,statico,8,0.421,0.71731519043207,0,0,True,0.20825,3.0
bot->unsw,47,ogni_batch,8,0.421,0.84860625125937,8,256,True,0.20825,3.0
bot->unsw,47,su_innesco,8,0.421,0.7608363320522646,3,96,True,0.20825,3.0
bot->unsw,47,oracolo,8,0.421,0.8541822123139007,8,256,True,0.20825,3.0
bot->unsw,47,stat_13x13,8,0.421,0.7572163239493597,8,256,True,0.20825,3.0
bot->unsw,47,martingala,8,0.421,0.71731519043207,0,0,True,0.20825,3.0
bot->unsw,47,stat_13x13_adaptive,8,0.421,0.6781161604497878,8,256,True,0.20825,3.0
bot->unsw,47,statico,9,0.474,0.702279405959042,0,0,True,0.22585,3.0
bot->unsw,47,ogni_batch,9,0.474,0.8330865342943177,9,288,True,0.22585,3.0
bot->unsw,47,su_innesco,9,0.474,0.8613061462629452,4,128,True,0.22585,3.0
bot->unsw,47,oracolo,9,0.474,0.8385111189348098,9,288,True,0.22585,3.0
bot->unsw,47,stat_13x13,9,0.474,0.7897711817005498,9,288,True,0.22585,3.0
bot->unsw,47,martingala,9,0.474,0.702279405959042,0,0,True,0.22585,3.0
bot->unsw,47,stat_13x13_adaptive,9,0.474,0.6797802125943495,9,288,True,0.22585,3.0
bot->unsw,47,statico,10,0.526,0.6764112418750273,0,0,True,0.2455,3.0
bot->unsw,47,ogni_batch,10,0.526,0.843657235433764,10,320,True,0.2455,3.0
bot->unsw,47,su_innesco,10,0.526,0.8665486509394482,5,160,True,0.2455,3.0
bot->unsw,47,oracolo,10,0.526,0.8188419277140877,10,320,True,0.2455,3.0
bot->unsw,47,stat_13x13,10,0.526,0.7690748087138011,10,320,True,0.2455,3.0
bot->unsw,47,martingala,10,0.526,0.6345404232399818,1,32,True,0.2455,3.0
bot->unsw,47,stat_13x13_adaptive,10,0.526,0.6689454148646801,10,320,True,0.2455,3.0
bot->unsw,47,statico,11,0.579,0.6610786191244755,0,0,True,0.26635,3.0
bot->unsw,47,ogni_batch,11,0.579,0.846116139438456,11,352,True,0.26635,3.0
bot->unsw,47,su_innesco,11,0.579,0.8613719622774083,6,192,True,0.26635,3.0
bot->unsw,47,oracolo,11,0.579,0.8520801575634042,11,352,True,0.26635,3.0
bot->unsw,47,stat_13x13,11,0.579,0.7918145702044451,11,352,True,0.26635,3.0
bot->unsw,47,martingala,11,0.579,0.6334317021370337,2,64,True,0.26635,3.0
bot->unsw,47,stat_13x13_adaptive,11,0.579,0.6675631577895386,11,352,True,0.26635,3.0
bot->unsw,47,statico,12,0.632,0.6339118029346253,0,0,True,0.2917,3.0
bot->unsw,47,ogni_batch,12,0.632,0.8433026405046549,12,384,True,0.2917,3.0
bot->unsw,47,su_innesco,12,0.632,0.8531890569580971,7,224,True,0.2917,3.0
bot->unsw,47,oracolo,12,0.632,0.8386041225944012,12,384,True,0.2917,3.0
bot->unsw,47,stat_13x13,12,0.632,0.7851084541838754,12,384,True,0.2917,3.0
bot->unsw,47,martingala,12,0.632,0.8557830240694635,3,96,True,0.2917,3.0
bot->unsw,47,stat_13x13_adaptive,12,0.632,0.6655035135146051,12,384,True,0.2917,3.0
bot->unsw,47,statico,13,0.684,0.6152453165582679,0,0,True,0.2997,3.0
bot->unsw,47,ogni_batch,13,0.684,0.8361897993439822,13,416,True,0.2997,3.0
bot->unsw,47,su_innesco,13,0.684,0.8257509874382128,8,256,True,0.2997,3.0
bot->unsw,47,oracolo,13,0.684,0.8206381183358991,13,416,True,0.2997,3.0
bot->unsw,47,stat_13x13,13,0.684,0.7783338906928825,13,416,True,0.2997,3.0
bot->unsw,47,martingala,13,0.684,0.8212473732223899,4,128,True,0.2997,3.0
bot->unsw,47,stat_13x13_adaptive,13,0.684,0.6619613797437317,13,416,True,0.2997,3.0
bot->unsw,47,statico,14,0.737,0.5813252231335602,0,0,True,0.33115,3.0
bot->unsw,47,ogni_batch,14,0.737,0.8050273829962145,14,448,True,0.33115,3.0
bot->unsw,47,su_innesco,14,0.737,0.8116995009547414,9,288,True,0.33115,3.0
bot->unsw,47,oracolo,14,0.737,0.8000236134207499,14,448,True,0.33115,3.0
bot->unsw,47,stat_13x13,14,0.737,0.7773410553505113,14,448,True,0.33115,3.0
bot->unsw,47,martingala,14,0.737,0.810931350459084,5,160,True,0.33115,3.0
bot->unsw,47,stat_13x13_adaptive,14,0.737,0.6591913964695385,14,448,True,0.33115,3.0
bot->unsw,47,statico,15,0.789,0.5553410087432931,0,0,True,0.33865,3.0
bot->unsw,47,ogni_batch,15,0.789,0.7877367899808975,15,480,True,0.33865,3.0
bot->unsw,47,su_innesco,15,0.789,0.7922546117359057,10,320,True,0.33865,3.0
bot->unsw,47,oracolo,15,0.789,0.7784300794963368,15,480,True,0.33865,3.0
bot->unsw,47,stat_13x13,15,0.789,0.7685049395905345,15,480,True,0.33865,3.0
bot->unsw,47,martingala,15,0.789,0.7922339048049636,6,192,True,0.33865,3.0
bot->unsw,47,stat_13x13_adaptive,15,0.789,0.6757583812253692,15,480,True,0.33865,3.0
bot->unsw,47,statico,16,0.842,0.5268952439479693,0,0,True,0.3627,3.0
bot->unsw,47,ogni_batch,16,0.842,0.7839224481917761,16,512,True,0.3627,3.0
bot->unsw,47,su_innesco,16,0.842,0.7839224481917761,11,352,True,0.3627,3.0
bot->unsw,47,oracolo,16,0.842,0.7923244562695143,16,512,True,0.3627,3.0
bot->unsw,47,stat_13x13,16,0.842,0.7770682464029608,16,512,True,0.3627,3.0
bot->unsw,47,martingala,16,0.842,0.7818059861928257,7,224,True,0.3627,3.0
bot->unsw,47,stat_13x13_adaptive,16,0.842,0.6741565079173613,16,512,True,0.3627,3.0
bot->unsw,47,statico,17,0.895,0.4979188855143327,0,0,True,0.38125,3.0
bot->unsw,47,ogni_batch,17,0.895,0.7842286080782166,17,544,True,0.38125,3.0
bot->unsw,47,su_innesco,17,0.895,0.7842286080782166,12,384,True,0.38125,3.0
bot->unsw,47,oracolo,17,0.895,0.7922211886311474,17,544,True,0.38125,3.0
bot->unsw,47,stat_13x13,17,0.895,0.7639548176802953,17,544,True,0.38125,3.0
bot->unsw,47,martingala,17,0.895,0.7842286080782166,8,256,True,0.38125,3.0
bot->unsw,47,stat_13x13_adaptive,17,0.895,0.7508114864301216,17,544,True,0.38125,3.0
bot->unsw,47,statico,18,0.947,0.47122468202277246,0,0,True,0.4015,3.0
bot->unsw,47,ogni_batch,18,0.947,0.7779879633538564,18,576,True,0.4015,3.0
bot->unsw,47,su_innesco,18,0.947,0.7779879633538564,13,416,True,0.4015,3.0
bot->unsw,47,oracolo,18,0.947,0.7853407511081604,18,576,True,0.4015,3.0
bot->unsw,47,stat_13x13,18,0.947,0.7745182337642341,18,576,True,0.4015,3.0
bot->unsw,47,martingala,18,0.947,0.7779879633538564,9,288,True,0.4015,3.0
bot->unsw,47,stat_13x13_adaptive,18,0.947,0.7579336017537022,18,576,True,0.4015,3.0
bot->unsw,47,statico,19,1.0,0.4360040567951318,0,0,True,0.4161,3.0
bot->unsw,47,ogni_batch,19,1.0,0.7652143340094659,19,608,True,0.4161,3.0
bot->unsw,47,su_innesco,19,1.0,0.7652143340094659,14,448,True,0.4161,3.0
bot->unsw,47,oracolo,19,1.0,0.7594266396213658,19,608,True,0.4161,3.0
bot->unsw,47,stat_13x13,19,1.0,0.7694252873563219,19,608,True,0.4161,3.0
bot->unsw,47,martingala,19,1.0,0.7652143340094659,10,320,True,0.4161,3.0
bot->unsw,47,stat_13x13_adaptive,19,1.0,0.7475050709939148,19,608,True,0.4161,3.0
bot->unsw,48,statico,0,0.0,0.99145,0,0,False,0.0183,3.0
bot->unsw,48,ogni_batch,0,0.0,0.99145,0,0,False,0.0183,3.0
bot->unsw,48,su_innesco,0,0.0,0.99145,0,0,False,0.0183,3.0
bot->unsw,48,oracolo,0,0.0,0.99145,0,0,False,0.0183,3.0
bot->unsw,48,stat_13x13,0,0.0,0.99145,0,0,False,0.0183,3.0
bot->unsw,48,martingala,0,0.0,0.99145,0,0,False,0.0183,3.0
bot->unsw,48,stat_13x13_adaptive,0,0.0,0.99145,0,0,False,0.0183,3.0
bot->unsw,48,statico,1,0.053,0.8557881265705714,0,0,False,0.0334,3.0
bot->unsw,48,ogni_batch,1,0.053,0.8557881265705714,1,32,False,0.0334,3.0
bot->unsw,48,su_innesco,1,0.053,0.8557881265705714,0,0,False,0.0334,3.0
bot->unsw,48,oracolo,1,0.053,0.8557881265705714,1,32,False,0.0334,3.0
bot->unsw,48,stat_13x13,1,0.053,0.46370577755153985,1,32,False,0.0334,3.0
bot->unsw,48,martingala,1,0.053,0.8557881265705714,0,0,False,0.0334,3.0
bot->unsw,48,stat_13x13_adaptive,1,0.053,0.42476457113769406,1,32,False,0.0334,3.0
bot->unsw,48,statico,2,0.105,0.8489018711577712,0,0,False,0.04855,3.0
bot->unsw,48,ogni_batch,2,0.105,0.6241910000877747,2,64,False,0.04855,3.0
bot->unsw,48,su_innesco,2,0.105,0.8489018711577712,0,0,False,0.04855,3.0
bot->unsw,48,oracolo,2,0.105,0.946476843575388,2,64,False,0.04855,3.0
bot->unsw,48,stat_13x13,2,0.105,0.49997402867234575,2,64,False,0.04855,3.0
bot->unsw,48,martingala,2,0.105,0.8489018711577712,0,0,False,0.04855,3.0
bot->unsw,48,stat_13x13_adaptive,2,0.105,0.49979222937876583,2,64,False,0.04855,3.0
bot->unsw,48,statico,3,0.158,0.8395320575035877,0,0,False,0.0657,3.0
bot->unsw,48,ogni_batch,3,0.158,0.6874507461696073,3,96,False,0.0657,3.0
bot->unsw,48,su_innesco,3,0.158,0.8395320575035877,0,0,False,0.0657,3.0
bot->unsw,48,oracolo,3,0.158,0.9310096648741101,3,96,False,0.0657,3.0
bot->unsw,48,stat_13x13,3,0.158,0.5,3,96,False,0.0657,3.0
bot->unsw,48,martingala,3,0.158,0.8395320575035877,0,0,False,0.0657,3.0
bot->unsw,48,stat_13x13_adaptive,3,0.158,0.5,3,96,False,0.0657,3.0
bot->unsw,48,statico,4,0.211,0.8130944933352611,0,0,False,0.07905,3.0
bot->unsw,48,ogni_batch,4,0.211,0.89246353932786,4,128,False,0.07905,3.0
bot->unsw,48,su_innesco,4,0.211,0.8130944933352611,0,0,False,0.07905,3.0
bot->unsw,48,oracolo,4,0.211,0.912466565655181,4,128,False,0.07905,3.0
bot->unsw,48,stat_13x13,4,0.211,0.5380642062757106,4,128,False,0.07905,3.0
bot->unsw,48,martingala,4,0.211,0.8130944933352611,0,0,False,0.07905,3.0
bot->unsw,48,stat_13x13_adaptive,4,0.211,0.5010578402404344,4,128,False,0.07905,3.0
bot->unsw,48,statico,5,0.263,0.8027823834011345,0,0,False,0.0975,3.0
bot->unsw,48,ogni_batch,5,0.263,0.883942320088237,5,160,False,0.0975,3.0
bot->unsw,48,su_innesco,5,0.263,0.8027823834011345,0,0,False,0.0975,3.0
bot->unsw,48,oracolo,5,0.263,0.8938582371225577,5,160,False,0.0975,3.0
bot->unsw,48,stat_13x13,5,0.263,0.5988516479974789,5,160,False,0.0975,3.0
bot->unsw,48,martingala,5,0.263,0.8027823834011345,0,0,False,0.0975,3.0
bot->unsw,48,stat_13x13_adaptive,5,0.263,0.4999722468916519,5,160,False,0.0975,3.0
bot->unsw,48,statico,6,0.316,0.7850405305821666,0,0,False,0.11285,3.0
bot->unsw,48,ogni_batch,6,0.316,0.8367219356423483,6,192,False,0.11285,3.0
bot->unsw,48,su_innesco,6,0.316,0.7850405305821666,0,0,False,0.11285,3.0
bot->unsw,48,oracolo,6,0.316,0.8847776958978139,6,192,False,0.11285,3.0
bot->unsw,48,stat_13x13,6,0.316,0.6115315647261115,6,192,False,0.11285,3.0
bot->unsw,48,martingala,6,0.316,0.7850405305821666,0,0,False,0.11285,3.0
bot->unsw,48,stat_13x13_adaptive,6,0.316,0.5139535740604274,6,192,False,0.11285,3.0
bot->unsw,48,statico,7,0.368,0.7669628615465522,0,0,True,0.1327,3.0
bot->unsw,48,ogni_batch,7,0.368,0.8432213187549265,7,224,True,0.1327,3.0
bot->unsw,48,su_innesco,7,0.368,0.7669628615465522,0,0,True,0.1327,3.0
bot->unsw,48,oracolo,7,0.368,0.8730206764284794,7,224,True,0.1327,3.0
bot->unsw,48,stat_13x13,7,0.368,0.7560654495824807,7,224,True,0.1327,3.0
bot->unsw,48,martingala,7,0.368,0.7669628615465522,0,0,True,0.1327,3.0
bot->unsw,48,stat_13x13_adaptive,7,0.368,0.6361234941598589,7,224,True,0.1327,3.0
bot->unsw,48,statico,8,0.421,0.7464770520748134,0,0,True,0.1448,3.0
bot->unsw,48,ogni_batch,8,0.421,0.8228315686325878,8,256,True,0.1448,3.0
bot->unsw,48,su_innesco,8,0.421,0.5763227362574792,1,32,True,0.1448,3.0
bot->unsw,48,oracolo,8,0.421,0.8532306405565933,8,256,True,0.1448,3.0
bot->unsw,48,stat_13x13,8,0.421,0.7292887882134809,8,256,True,0.1448,3.0
bot->unsw,48,martingala,8,0.421,0.7464770520748134,0,0,True,0.1448,3.0
bot->unsw,48,stat_13x13_adaptive,8,0.421,0.7179981548189079,8,256,True,0.1448,3.0
bot->unsw,48,statico,9,0.474,0.7294581132667907,0,0,True,0.1626,3.0
bot->unsw,48,ogni_batch,9,0.474,0.810951035656414,9,288,True,0.1626,3.0
bot->unsw,48,su_innesco,9,0.474,0.5823210920930181,2,64,True,0.1626,3.0
bot->unsw,48,oracolo,9,0.474,0.8352149211341197,9,288,True,0.1626,3.0
bot->unsw,48,stat_13x13,9,0.474,0.816071348935484,9,288,True,0.1626,3.0
bot->unsw,48,martingala,9,0.474,0.7294581132667907,0,0,True,0.1626,3.0
bot->unsw,48,stat_13x13_adaptive,9,0.474,0.7283339272718846,9,288,True,0.1626,3.0
bot->unsw,48,statico,10,0.526,0.714362669352671,0,0,True,0.17845,3.0
bot->unsw,48,ogni_batch,10,0.526,0.7930482159787176,10,320,True,0.17845,3.0
bot->unsw,48,su_innesco,10,0.526,0.610665745399513,3,96,True,0.17845,3.0
bot->unsw,48,oracolo,10,0.526,0.8818428759436572,10,320,True,0.17845,3.0
bot->unsw,48,stat_13x13,10,0.526,0.8527771981085581,10,320,True,0.17845,3.0
bot->unsw,48,martingala,10,0.526,0.714362669352671,0,0,True,0.17845,3.0
bot->unsw,48,stat_13x13_adaptive,10,0.526,0.8442706845199415,10,320,True,0.17845,3.0
bot->unsw,48,statico,11,0.579,0.688199195857184,0,0,True,0.19005,3.0
bot->unsw,48,ogni_batch,11,0.579,0.7733213417716285,11,352,True,0.19005,3.0
bot->unsw,48,su_innesco,11,0.579,0.7113762277626754,4,128,True,0.19005,3.0
bot->unsw,48,oracolo,11,0.579,0.8649351740356785,11,352,True,0.19005,3.0
bot->unsw,48,stat_13x13,11,0.579,0.714418290434864,11,352,True,0.19005,3.0
bot->unsw,48,martingala,11,0.579,0.688199195857184,0,0,True,0.19005,3.0
bot->unsw,48,stat_13x13_adaptive,11,0.579,0.8124606846216895,11,352,True,0.19005,3.0
bot->unsw,48,statico,12,0.632,0.6651350285751929,0,0,True,0.21005,3.0
bot->unsw,48,ogni_batch,12,0.632,0.8366028295202796,12,384,True,0.21005,3.0
bot->unsw,48,su_innesco,12,0.632,0.7263250864283683,5,160,True,0.21005,3.0
bot->unsw,48,oracolo,12,0.632,0.8574294967193108,12,384,True,0.21005,3.0
bot->unsw,48,stat_13x13,12,0.632,0.692814221781891,12,384,True,0.21005,3.0
bot->unsw,48,martingala,12,0.632,0.7554124735657717,1,32,True,0.21005,3.0
bot->unsw,48,stat_13x13_adaptive,12,0.632,0.7203745591944104,12,384,True,0.21005,3.0
bot->unsw,48,statico,13,0.684,0.6406984363528898,0,0,True,0.2249,3.0
bot->unsw,48,ogni_batch,13,0.684,0.8316207884265321,13,416,True,0.2249,3.0
bot->unsw,48,su_innesco,13,0.684,0.7504217185067812,6,192,True,0.2249,3.0
bot->unsw,48,oracolo,13,0.684,0.8481877307324841,13,416,True,0.2249,3.0
bot->unsw,48,stat_13x13,13,0.684,0.7271905988775675,13,416,True,0.2249,3.0
bot->unsw,48,martingala,13,0.684,0.820853793553295,2,64,True,0.2249,3.0
bot->unsw,48,stat_13x13_adaptive,13,0.684,0.7165684646176798,13,416,True,0.2249,3.0
bot->unsw,48,statico,14,0.737,0.6181458807331899,0,0,True,0.23945,3.0
bot->unsw,48,ogni_batch,14,0.737,0.8347311445077612,14,448,True,0.23945,3.0
bot->unsw,48,su_innesco,14,0.737,0.8215460327677562,7,224,True,0.23945,3.0
bot->unsw,48,oracolo,14,0.737,0.8317000642253674,14,448,True,0.23945,3.0
bot->unsw,48,stat_13x13,14,0.737,0.7235908600276633,14,448,True,0.23945,3.0
bot->unsw,48,martingala,14,0.737,0.8166335332849206,3,96,True,0.23945,3.0
bot->unsw,48,stat_13x13_adaptive,14,0.737,0.7188406008242346,14,448,True,0.23945,3.0
bot->unsw,48,statico,15,0.789,0.5907709792361788,0,0,True,0.2577,3.0
bot->unsw,48,ogni_batch,15,0.789,0.8205041561622808,15,480,True,0.2577,3.0
bot->unsw,48,su_innesco,15,0.789,0.8120728572900685,8,256,True,0.2577,3.0
bot->unsw,48,oracolo,15,0.789,0.821968503143909,15,480,True,0.2577,3.0
bot->unsw,48,stat_13x13,15,0.789,0.8017695331830039,15,480,True,0.2577,3.0
bot->unsw,48,martingala,15,0.789,0.8153518822654622,4,128,True,0.2577,3.0
bot->unsw,48,stat_13x13_adaptive,15,0.789,0.8098780247671948,15,480,True,0.2577,3.0
bot->unsw,48,statico,16,0.842,0.5697438205876734,0,0,True,0.27225,3.0
bot->unsw,48,ogni_batch,16,0.842,0.8229715005491248,16,512,True,0.27225,3.0
bot->unsw,48,su_innesco,16,0.842,0.8037440589359122,9,288,True,0.27225,3.0
bot->unsw,48,oracolo,16,0.842,0.8185085528386928,16,512,True,0.27225,3.0
bot->unsw,48,stat_13x13,16,0.842,0.7820696657682573,16,512,True,0.27225,3.0
bot->unsw,48,martingala,16,0.842,0.8065175473397876,5,160,True,0.27225,3.0
bot->unsw,48,stat_13x13_adaptive,16,0.842,0.7744886853013866,16,512,True,0.27225,3.0
bot->unsw,48,statico,17,0.895,0.534794370580494,0,0,True,0.2835,3.0
bot->unsw,48,ogni_batch,17,0.895,0.7967884813846796,17,544,True,0.2835,3.0
bot->unsw,48,su_innesco,17,0.895,0.796889323227965,10,320,True,0.2835,3.0
bot->unsw,48,oracolo,17,0.895,0.8076793028113403,17,544,True,0.2835,3.0
bot->unsw,48,stat_13x13,17,0.895,0.7092754357322859,17,544,True,0.2835,3.0
bot->unsw,48,martingala,17,0.895,0.8016251734877764,6,192,True,0.2835,3.0
bot->unsw,48,stat_13x13_adaptive,17,0.895,0.7019778947740754,17,544,True,0.2835,3.0
bot->unsw,48,statico,18,0.947,0.49922532691014865,0,0,True,0.3081,3.0
bot->unsw,48,ogni_batch,18,0.947,0.7915260898212739,18,576,True,0.3081,3.0
bot->unsw,48,su_innesco,18,0.947,0.79232294898652,11,352,True,0.3081,3.0
bot->unsw,48,oracolo,18,0.947,0.7942948339890675,18,576,True,0.3081,3.0
bot->unsw,48,stat_13x13,18,0.947,0.707478881420444,18,576,True,0.3081,3.0
bot->unsw,48,martingala,18,0.947,0.7921158603681997,7,224,True,0.3081,3.0
bot->unsw,48,stat_13x13_adaptive,18,0.947,0.7580908937866726,18,576,True,0.3081,3.0
bot->unsw,48,statico,19,1.0,0.47126595033378155,0,0,True,0.3187,3.0
bot->unsw,48,ogni_batch,19,1.0,0.7852204064307783,19,608,True,0.3187,3.0
bot->unsw,48,su_innesco,19,1.0,0.7852204064307783,12,384,True,0.3187,3.0
bot->unsw,48,oracolo,19,1.0,0.7874617552653356,19,608,True,0.3187,3.0
bot->unsw,48,stat_13x13,19,1.0,0.7934639802262606,19,608,True,0.3187,3.0
bot->unsw,48,martingala,19,1.0,0.7852204064307783,8,256,True,0.3187,3.0
bot->unsw,48,stat_13x13_adaptive,19,1.0,0.797050850690793,19,608,True,0.3187,3.0
bot->unsw,49,statico,0,0.0,0.9921,0,0,False,0.0767,3.0
bot->unsw,49,ogni_batch,0,0.0,0.9921,0,0,False,0.0767,3.0
bot->unsw,49,su_innesco,0,0.0,0.9921,0,0,False,0.0767,3.0
bot->unsw,49,oracolo,0,0.0,0.9921,0,0,False,0.0767,3.0
bot->unsw,49,stat_13x13,0,0.0,0.9921,0,0,False,0.0767,3.0
bot->unsw,49,martingala,0,0.0,0.9921,0,0,False,0.0767,3.0
bot->unsw,49,stat_13x13_adaptive,0,0.0,0.9921,0,0,False,0.0767,3.0
bot->unsw,49,statico,1,0.053,0.8539924891245242,0,0,False,0.08985,3.0
bot->unsw,49,ogni_batch,1,0.053,0.8539924891245242,1,32,False,0.08985,3.0
bot->unsw,49,su_innesco,1,0.053,0.8539924891245242,0,0,False,0.08985,3.0
bot->unsw,49,oracolo,1,0.053,0.8539924891245242,1,32,False,0.08985,3.0
bot->unsw,49,stat_13x13,1,0.053,0.5,1,32,False,0.08985,3.0
bot->unsw,49,martingala,1,0.053,0.8539924891245242,0,0,False,0.08985,3.0
bot->unsw,49,stat_13x13_adaptive,1,0.053,0.5,1,32,False,0.08985,3.0
bot->unsw,49,statico,2,0.105,0.8254710031891292,0,0,False,0.1107,3.0
bot->unsw,49,ogni_batch,2,0.105,0.7262906007348864,2,64,False,0.1107,3.0
bot->unsw,49,su_innesco,2,0.105,0.8254710031891292,0,0,False,0.1107,3.0
bot->unsw,49,oracolo,2,0.105,0.9232009151414309,2,64,False,0.1107,3.0
bot->unsw,49,stat_13x13,2,0.105,0.6526178157931226,2,64,False,0.1107,3.0
bot->unsw,49,martingala,2,0.105,0.8254710031891292,0,0,False,0.1107,3.0
bot->unsw,49,stat_13x13_adaptive,2,0.105,0.628802256655574,2,64,False,0.1107,3.0
bot->unsw,49,statico,3,0.158,0.8109026393091141,0,0,False,0.12895,3.0
bot->unsw,49,ogni_batch,3,0.158,0.8373585707101368,3,96,False,0.12895,3.0
bot->unsw,49,su_innesco,3,0.158,0.8109026393091141,0,0,False,0.12895,3.0
bot->unsw,49,oracolo,3,0.158,0.9263438389497043,3,96,False,0.12895,3.0
bot->unsw,49,stat_13x13,3,0.158,0.8245948032744693,3,96,False,0.12895,3.0
bot->unsw,49,martingala,3,0.158,0.8109026393091141,0,0,False,0.12895,3.0
bot->unsw,49,stat_13x13_adaptive,3,0.158,0.6751447739399076,3,96,False,0.12895,3.0
bot->unsw,49,statico,4,0.211,0.8008490691650771,0,0,True,0.14525,3.0
bot->unsw,49,ogni_batch,4,0.211,0.8238074114880373,4,128,True,0.14525,3.0
bot->unsw,49,su_innesco,4,0.211,0.8008490691650771,0,0,True,0.14525,3.0
bot->unsw,49,oracolo,4,0.211,0.9047240195929553,4,128,True,0.14525,3.0
bot->unsw,49,stat_13x13,4,0.211,0.7635655440220934,4,128,True,0.14525,3.0
bot->unsw,49,martingala,4,0.211,0.8008490691650771,0,0,True,0.14525,3.0
bot->unsw,49,stat_13x13_adaptive,4,0.211,0.7247358380842175,4,128,True,0.14525,3.0
bot->unsw,49,statico,5,0.263,0.7849723415871102,0,0,True,0.1636,3.0
bot->unsw,49,ogni_batch,5,0.263,0.8322408809451103,5,160,True,0.1636,3.0
bot->unsw,49,su_innesco,5,0.263,0.665259713557528,1,32,True,0.1636,3.0
bot->unsw,49,oracolo,5,0.263,0.9072097568976529,5,160,True,0.1636,3.0
bot->unsw,49,stat_13x13,5,0.263,0.7488678776344796,5,160,True,0.1636,3.0
bot->unsw,49,martingala,5,0.263,0.7849723415871102,0,0,True,0.1636,3.0
bot->unsw,49,stat_13x13_adaptive,5,0.263,0.7546427147818928,5,160,True,0.1636,3.0
bot->unsw,49,statico,6,0.316,0.7624551578012959,0,0,True,0.18585,3.0
bot->unsw,49,ogni_batch,6,0.316,0.8357130569184681,6,192,True,0.18585,3.0
bot->unsw,49,su_innesco,6,0.316,0.8236122047888836,2,64,True,0.18585,3.0
bot->unsw,49,oracolo,6,0.316,0.8927580406557343,6,192,True,0.18585,3.0
bot->unsw,49,stat_13x13,6,0.316,0.7715875192840399,6,192,True,0.18585,3.0
bot->unsw,49,martingala,6,0.316,0.7624551578012959,0,0,True,0.18585,3.0
bot->unsw,49,stat_13x13_adaptive,6,0.316,0.7507664486578807,6,192,True,0.18585,3.0
bot->unsw,49,statico,7,0.368,0.7520244509763792,0,0,True,0.1999,3.0
bot->unsw,49,ogni_batch,7,0.368,0.8596793670381424,7,224,True,0.1999,3.0
bot->unsw,49,su_innesco,7,0.368,0.8498236790283595,3,96,True,0.1999,3.0
bot->unsw,49,oracolo,7,0.368,0.8736622748262592,7,224,True,0.1999,3.0
bot->unsw,49,stat_13x13,7,0.368,0.7530825085962185,7,224,True,0.1999,3.0
bot->unsw,49,martingala,7,0.368,0.7520244509763792,0,0,True,0.1999,3.0
bot->unsw,49,stat_13x13_adaptive,7,0.368,0.732311432983091,7,224,True,0.1999,3.0
bot->unsw,49,statico,8,0.421,0.7326445765542927,0,0,True,0.22265,3.0
bot->unsw,49,ogni_batch,8,0.421,0.8775097813104384,8,256,True,0.22265,3.0
bot->unsw,49,su_innesco,8,0.421,0.7424122428107542,4,128,True,0.22265,3.0
bot->unsw,49,oracolo,8,0.421,0.8559650346370038,8,256,True,0.22265,3.0
bot->unsw,49,stat_13x13,8,0.421,0.7585020799298174,8,256,True,0.22265,3.0
bot->unsw,49,martingala,8,0.421,0.7326445765542927,0,0,True,0.22265,3.0
bot->unsw,49,stat_13x13_adaptive,8,0.421,0.7234902196265831,8,256,True,0.22265,3.0
bot->unsw,49,statico,9,0.474,0.7091815174928578,0,0,True,0.2384,3.0
bot->unsw,49,ogni_batch,9,0.474,0.8718132140737871,9,288,True,0.2384,3.0
bot->unsw,49,su_innesco,9,0.474,0.8517871819634478,5,160,True,0.2384,3.0
bot->unsw,49,oracolo,9,0.474,0.8940114042177955,9,288,True,0.2384,3.0
bot->unsw,49,stat_13x13,9,0.474,0.7669177097587926,9,288,True,0.2384,3.0
bot->unsw,49,martingala,9,0.474,0.7091815174928578,0,0,True,0.2384,3.0
bot->unsw,49,stat_13x13_adaptive,9,0.474,0.7528100892837988,9,288,True,0.2384,3.0
bot->unsw,49,statico,10,0.526,0.6872946797729838,0,0,True,0.25485,3.0
bot->unsw,49,ogni_batch,10,0.526,0.8608338499993503,10,320,True,0.25485,3.0
bot->unsw,49,su_innesco,10,0.526,0.8265059141530304,6,192,True,0.25485,3.0
bot->unsw,49,oracolo,10,0.526,0.885389196407186,10,320,True,0.25485,3.0
bot->unsw,49,stat_13x13,10,0.526,0.7808403087493521,10,320,True,0.25485,3.0
bot->unsw,49,martingala,10,0.526,0.6872946797729838,0,0,True,0.25485,3.0
bot->unsw,49,stat_13x13_adaptive,10,0.526,0.7636817457733274,10,320,True,0.25485,3.0
bot->unsw,49,statico,11,0.579,0.6673216973886167,0,0,True,0.2713,3.0
bot->unsw,49,ogni_batch,11,0.579,0.8378464357907449,11,352,True,0.2713,3.0
bot->unsw,49,su_innesco,11,0.579,0.8241279068889167,7,224,True,0.2713,3.0
bot->unsw,49,oracolo,11,0.579,0.8754404326792029,11,352,True,0.2713,3.0
bot->unsw,49,stat_13x13,11,0.579,0.792652835751686,11,352,True,0.2713,3.0
bot->unsw,49,martingala,11,0.579,0.6673216973886167,0,0,True,0.2713,3.0
bot->unsw,49,stat_13x13_adaptive,11,0.579,0.7689568461023033,11,352,True,0.2713,3.0
bot->unsw,49,statico,12,0.632,0.6498269607786005,0,0,True,0.2995,3.0
bot->unsw,49,ogni_batch,12,0.632,0.8458084034301993,12,384,True,0.2995,3.0
bot->unsw,49,su_innesco,12,0.632,0.816719272426494,8,256,True,0.2995,3.0
bot->unsw,49,oracolo,12,0.632,0.8375998917864732,12,384,True,0.2995,3.0
bot->unsw,49,stat_13x13,12,0.632,0.7676216934216136,12,384,True,0.2995,3.0
bot->unsw,49,martingala,12,0.632,0.739663612742496,1,32,True,0.2995,3.0
bot->unsw,49,stat_13x13_adaptive,12,0.632,0.7597975093229979,12,384,True,0.2995,3.0
bot->unsw,49,statico,13,0.684,0.6280237893472402,0,0,True,0.3144,3.0
bot->unsw,49,ogni_batch,13,0.684,0.8357054358197029,13,416,True,0.3144,3.0
bot->unsw,49,su_innesco,13,0.684,0.8104944518845765,9,288,True,0.3144,3.0
bot->unsw,49,oracolo,13,0.684,0.8296712701278133,13,416,True,0.3144,3.0
bot->unsw,49,stat_13x13,13,0.684,0.7723400114647294,13,416,True,0.3144,3.0
bot->unsw,49,martingala,13,0.684,0.7806628082255072,2,64,True,0.3144,3.0
bot->unsw,49,stat_13x13_adaptive,13,0.684,0.7473043033483318,13,416,True,0.3144,3.0
bot->unsw,49,statico,14,0.737,0.5937400331894107,0,0,True,0.33045,3.0
bot->unsw,49,ogni_batch,14,0.737,0.8302166743747097,14,448,True,0.33045,3.0
bot->unsw,49,su_innesco,14,0.737,0.7994551972430244,10,320,True,0.33045,3.0
bot->unsw,49,oracolo,14,0.737,0.8264040921885307,14,448,True,0.33045,3.0
bot->unsw,49,stat_13x13,14,0.737,0.7623994847252848,14,448,True,0.33045,3.0
bot->unsw,49,martingala,14,0.737,0.8028869114177706,3,96,True,0.33045,3.0
bot->unsw,49,stat_13x13_adaptive,14,0.737,0.7571488374941093,14,448,True,0.33045,3.0
bot->unsw,49,statico,15,0.789,0.5754319016595856,0,0,True,0.3464,3.0
bot->unsw,49,ogni_batch,15,0.789,0.7952557634369568,15,480,True,0.3464,3.0
bot->unsw,49,su_innesco,15,0.789,0.8101426719994893,11,352,True,0.3464,3.0
bot->unsw,49,oracolo,15,0.789,0.8110924757975885,15,480,True,0.3464,3.0
bot->unsw,49,stat_13x13,15,0.789,0.7802726923490364,15,480,True,0.3464,3.0
bot->unsw,49,martingala,15,0.789,0.796473520232752,4,128,True,0.3464,3.0
bot->unsw,49,stat_13x13_adaptive,15,0.789,0.773083338179396,15,480,True,0.3464,3.0
bot->unsw,49,statico,16,0.842,0.5400170282210552,0,0,True,0.36385,3.0
bot->unsw,49,ogni_batch,16,0.842,0.778244865927447,16,512,True,0.36385,3.0
bot->unsw,49,su_innesco,16,0.842,0.7994333163577954,12,384,True,0.36385,3.0
bot->unsw,49,oracolo,16,0.842,0.7920053106938648,16,512,True,0.36385,3.0
bot->unsw,49,stat_13x13,16,0.842,0.7811823510017959,16,512,True,0.36385,3.0
bot->unsw,49,martingala,16,0.842,0.7722341304559754,5,160,True,0.36385,3.0
bot->unsw,49,stat_13x13_adaptive,16,0.842,0.7859749135545153,16,512,True,0.36385,3.0
bot->unsw,49,statico,17,0.895,0.514010896964115,0,0,True,0.37685,3.0
bot->unsw,49,ogni_batch,17,0.895,0.7983907654048858,17,544,True,0.37685,3.0
bot->unsw,49,su_innesco,17,0.895,0.7799622403557145,13,416,True,0.37685,3.0
bot->unsw,49,oracolo,17,0.895,0.7938182977942143,17,544,True,0.37685,3.0
bot->unsw,49,stat_13x13,17,0.895,0.7778506441073514,17,544,True,0.37685,3.0
bot->unsw,49,martingala,17,0.895,0.7705361890460558,6,192,True,0.37685,3.0
bot->unsw,49,stat_13x13_adaptive,17,0.895,0.7916332083356072,17,544,True,0.37685,3.0
bot->unsw,49,statico,18,0.947,0.4793152793342424,0,0,True,0.4037,3.0
bot->unsw,49,ogni_batch,18,0.947,0.7873313123195944,18,576,True,0.4037,3.0
bot->unsw,49,su_innesco,18,0.947,0.7873313123195944,14,448,True,0.4037,3.0
bot->unsw,49,oracolo,18,0.947,0.7808255322552509,18,576,True,0.4037,3.0
bot->unsw,49,stat_13x13,18,0.947,0.7736263205545681,18,576,True,0.4037,3.0
bot->unsw,49,martingala,18,0.947,0.7738030009250244,7,224,True,0.4037,3.0
bot->unsw,49,stat_13x13_adaptive,18,0.947,0.7739204836043432,18,576,True,0.4037,3.0
bot->unsw,49,statico,19,1.0,0.4495642637390697,0,0,True,0.42195,3.0
bot->unsw,49,ogni_batch,19,1.0,0.7841720545435422,19,608,True,0.42195,3.0
bot->unsw,49,su_innesco,19,1.0,0.7841720545435422,15,480,True,0.42195,3.0
bot->unsw,49,oracolo,19,1.0,0.7717388598870907,19,608,True,0.42195,3.0
bot->unsw,49,stat_13x13,19,1.0,0.7370392879538923,19,608,True,0.42195,3.0
bot->unsw,49,martingala,19,1.0,0.7841720545435422,8,256,True,0.42195,3.0
bot->unsw,49,stat_13x13_adaptive,19,1.0,0.752227080489378,19,608,True,0.42195,3.0
bot->unsw,50,statico,0,0.0,0.99025,0,0,False,0.04105,3.0
bot->unsw,50,ogni_batch,0,0.0,0.99025,0,0,False,0.04105,3.0
bot->unsw,50,su_innesco,0,0.0,0.99025,0,0,False,0.04105,3.0
bot->unsw,50,oracolo,0,0.0,0.99025,0,0,False,0.04105,3.0
bot->unsw,50,stat_13x13,0,0.0,0.99025,0,0,False,0.04105,3.0
bot->unsw,50,martingala,0,0.0,0.99025,0,0,False,0.04105,3.0
bot->unsw,50,stat_13x13_adaptive,0,0.0,0.99025,0,0,False,0.04105,3.0
bot->unsw,50,statico,1,0.053,0.8134352456149002,0,0,False,0.05465,3.0
bot->unsw,50,ogni_batch,1,0.053,0.8134352456149002,1,32,False,0.05465,3.0
bot->unsw,50,su_innesco,1,0.053,0.8134352456149002,0,0,False,0.05465,3.0
bot->unsw,50,oracolo,1,0.053,0.8134352456149002,1,32,False,0.05465,3.0
bot->unsw,50,stat_13x13,1,0.053,0.5,1,32,False,0.05465,3.0
bot->unsw,50,martingala,1,0.053,0.8134352456149002,0,0,False,0.05465,3.0
bot->unsw,50,stat_13x13_adaptive,1,0.053,0.5,1,32,False,0.05465,3.0
bot->unsw,50,statico,2,0.105,0.8230212284063954,0,0,False,0.06725,3.0
bot->unsw,50,ogni_batch,2,0.105,0.6836662556790007,2,64,False,0.06725,3.0
bot->unsw,50,su_innesco,2,0.105,0.8230212284063954,0,0,False,0.06725,3.0
bot->unsw,50,oracolo,2,0.105,0.9100302768359311,2,64,False,0.06725,3.0
bot->unsw,50,stat_13x13,2,0.105,0.5,2,64,False,0.06725,3.0
bot->unsw,50,martingala,2,0.105,0.8230212284063954,0,0,False,0.06725,3.0
bot->unsw,50,stat_13x13_adaptive,2,0.105,0.5,2,64,False,0.06725,3.0
bot->unsw,50,statico,3,0.158,0.8089240200182322,0,0,False,0.087,3.0
bot->unsw,50,ogni_batch,3,0.158,0.7975088835556547,3,96,False,0.087,3.0
bot->unsw,50,su_innesco,3,0.158,0.8089240200182322,0,0,False,0.087,3.0
bot->unsw,50,oracolo,3,0.158,0.8914927164145783,3,96,False,0.087,3.0
bot->unsw,50,stat_13x13,3,0.158,0.7557943108035199,3,96,False,0.087,3.0
bot->unsw,50,martingala,3,0.158,0.8089240200182322,0,0,False,0.087,3.0
bot->unsw,50,stat_13x13_adaptive,3,0.158,0.5,3,96,False,0.087,3.0
bot->unsw,50,statico,4,0.211,0.7794049264205951,0,0,False,0.0984,3.0
bot->unsw,50,ogni_batch,4,0.211,0.7768732896794637,4,128,False,0.0984,3.0
bot->unsw,50,su_innesco,4,0.211,0.7794049264205951,0,0,False,0.0984,3.0
bot->unsw,50,oracolo,4,0.211,0.8822129243337649,4,128,False,0.0984,3.0
bot->unsw,50,stat_13x13,4,0.211,0.747003931986796,4,128,False,0.0984,3.0
bot->unsw,50,martingala,4,0.211,0.7794049264205951,0,0,False,0.0984,3.0
bot->unsw,50,stat_13x13_adaptive,4,0.211,0.5516456910211698,4,128,False,0.0984,3.0
bot->unsw,50,statico,5,0.263,0.7764928064063232,0,0,False,0.114,3.0
bot->unsw,50,ogni_batch,5,0.263,0.8352560067837688,5,160,False,0.114,3.0
bot->unsw,50,su_innesco,5,0.263,0.7764928064063232,0,0,False,0.114,3.0
bot->unsw,50,oracolo,5,0.263,0.8986341003400573,5,160,False,0.114,3.0
bot->unsw,50,stat_13x13,5,0.263,0.7641231307983494,5,160,False,0.114,3.0
bot->unsw,50,martingala,5,0.263,0.7764928064063232,0,0,False,0.114,3.0
bot->unsw,50,stat_13x13_adaptive,5,0.263,0.5813564822450218,5,160,False,0.114,3.0
bot->unsw,50,statico,6,0.316,0.7699588091708167,0,0,False,0.12345,3.0
bot->unsw,50,ogni_batch,6,0.316,0.884934077804622,6,192,False,0.12345,3.0
bot->unsw,50,su_innesco,6,0.316,0.7699588091708167,0,0,False,0.12345,3.0
bot->unsw,50,oracolo,6,0.316,0.8862153481290442,6,192,False,0.12345,3.0
bot->unsw,50,stat_13x13,6,0.316,0.772624123843636,6,192,False,0.12345,3.0
bot->unsw,50,martingala,6,0.316,0.7699588091708167,0,0,False,0.12345,3.0
bot->unsw,50,stat_13x13_adaptive,6,0.316,0.5274404769714338,6,192,False,0.12345,3.0
bot->unsw,50,statico,7,0.368,0.742489323360241,0,0,False,0.14215,3.0
bot->unsw,50,ogni_batch,7,0.368,0.8921919175311142,7,224,False,0.14215,3.0
bot->unsw,50,su_innesco,7,0.368,0.742489323360241,0,0,False,0.14215,3.0
bot->unsw,50,oracolo,7,0.368,0.8704791868303425,7,224,False,0.14215,3.0
bot->unsw,50,stat_13x13,7,0.368,0.7734670046033805,7,224,False,0.14215,3.0
bot->unsw,50,martingala,7,0.368,0.742489323360241,0,0,False,0.14215,3.0
bot->unsw,50,stat_13x13_adaptive,7,0.368,0.5263735914510838,7,224,False,0.14215,3.0
bot->unsw,50,statico,8,0.421,0.7368551707169189,0,0,True,0.15625,3.0
bot->unsw,50,ogni_batch,8,0.421,0.8800135813914434,8,256,True,0.15625,3.0
bot->unsw,50,su_innesco,8,0.421,0.7368551707169189,0,0,True,0.15625,3.0
bot->unsw,50,oracolo,8,0.421,0.8526584524146025,8,256,True,0.15625,3.0
bot->unsw,50,stat_13x13,8,0.421,0.7589342073852111,8,256,True,0.15625,3.0
bot->unsw,50,martingala,8,0.421,0.7368551707169189,0,0,True,0.15625,3.0
bot->unsw,50,stat_13x13_adaptive,8,0.421,0.5415359665220165,8,256,True,0.15625,3.0
bot->unsw,50,statico,9,0.474,0.7125818519328789,0,0,True,0.1711,3.0
bot->unsw,50,ogni_batch,9,0.474,0.868686508622243,9,288,True,0.1711,3.0
bot->unsw,50,su_innesco,9,0.474,0.6905146743983527,1,32,True,0.1711,3.0
bot->unsw,50,oracolo,9,0.474,0.8337420077583587,9,288,True,0.1711,3.0
bot->unsw,50,stat_13x13,9,0.474,0.8285618590210144,9,288,True,0.1711,3.0
bot->unsw,50,martingala,9,0.474,0.7125818519328789,0,0,True,0.1711,3.0
bot->unsw,50,stat_13x13_adaptive,9,0.474,0.5410711767411545,9,288,True,0.1711,3.0
bot->unsw,50,statico,10,0.526,0.696827456513812,0,0,True,0.1818,3.0
bot->unsw,50,ogni_batch,10,0.526,0.8577089326924991,10,320,True,0.1818,3.0
bot->unsw,50,su_innesco,10,0.526,0.7263652177165183,2,64,True,0.1818,3.0
bot->unsw,50,oracolo,10,0.526,0.872464784409568,10,320,True,0.1818,3.0
bot->unsw,50,stat_13x13,10,0.526,0.806745913178442,10,320,True,0.1818,3.0
bot->unsw,50,martingala,10,0.526,0.696827456513812,0,0,True,0.1818,3.0
bot->unsw,50,stat_13x13_adaptive,10,0.526,0.6682477756381409,10,320,True,0.1818,3.0
bot->unsw,50,statico,11,0.579,0.673434601799412,0,0,True,0.2011,3.0
bot->unsw,50,ogni_batch,11,0.579,0.8524375099346129,11,352,True,0.2011,3.0
bot->unsw,50,su_innesco,11,0.579,0.7965484590664005,3,96,True,0.2011,3.0
bot->unsw,50,oracolo,11,0.579,0.8558544507460752,11,352,True,0.2011,3.0
bot->unsw,50,stat_13x13,11,0.579,0.8010598737774793,11,352,True,0.2011,3.0
bot->unsw,50,martingala,11,0.579,0.673434601799412,0,0,True,0.2011,3.0
bot->unsw,50,stat_13x13_adaptive,11,0.579,0.5481759108462043,11,352,True,0.2011,3.0
bot->unsw,50,statico,12,0.632,0.6425231002628862,0,0,True,0.21,3.0
bot->unsw,50,ogni_batch,12,0.632,0.8211659178869939,12,384,True,0.21,3.0
bot->unsw,50,su_innesco,12,0.632,0.7920185680803228,4,128,True,0.21,3.0
bot->unsw,50,oracolo,12,0.632,0.8400880455263957,12,384,True,0.21,3.0
bot->unsw,50,stat_13x13,12,0.632,0.7929498152845154,12,384,True,0.21,3.0
bot->unsw,50,martingala,12,0.632,0.762650739636384,1,32,True,0.21,3.0
bot->unsw,50,stat_13x13_adaptive,12,0.632,0.6156359142810235,12,384,True,0.21,3.0
bot->unsw,50,statico,13,0.684,0.6251258938768798,0,0,True,0.2251,3.0
bot->unsw,50,ogni_batch,13,0.684,0.801211233364749,13,416,True,0.2251,3.0
bot->unsw,50,su_innesco,13,0.684,0.7977554183798053,5,160,True,0.2251,3.0
bot->unsw,50,oracolo,13,0.684,0.8322978520555514,13,416,True,0.2251,3.0
bot->unsw,50,stat_13x13,13,0.684,0.770778785989953,13,416,True,0.2251,3.0
bot->unsw,50,martingala,13,0.684,0.7932607826280077,2,64,True,0.2251,3.0
bot->unsw,50,stat_13x13_adaptive,13,0.684,0.5507963216312436,13,416,True,0.2251,3.0
bot->unsw,50,statico,14,0.737,0.5914256750744322,0,0,True,0.24195,3.0
bot->unsw,50,ogni_batch,14,0.737,0.7997862546624771,14,448,True,0.24195,3.0
bot->unsw,50,su_innesco,14,0.737,0.8057811960432315,6,192,True,0.24195,3.0
bot->unsw,50,oracolo,14,0.737,0.8256074384112189,14,448,True,0.24195,3.0
bot->unsw,50,stat_13x13,14,0.737,0.7913596105601993,14,448,True,0.24195,3.0
bot->unsw,50,martingala,14,0.737,0.7983307740222166,3,96,True,0.24195,3.0
bot->unsw,50,stat_13x13_adaptive,14,0.737,0.698475750629215,14,448,True,0.24195,3.0
bot->unsw,50,statico,15,0.789,0.5689744169565555,0,0,True,0.25465,3.0
bot->unsw,50,ogni_batch,15,0.789,0.7964246232497713,15,480,True,0.25465,3.0
bot->unsw,50,su_innesco,15,0.789,0.7990128529612275,7,224,True,0.25465,3.0
bot->unsw,50,oracolo,15,0.789,0.8193285129543243,15,480,True,0.25465,3.0
bot->unsw,50,stat_13x13,15,0.789,0.7085235137710617,15,480,True,0.25465,3.0
bot->unsw,50,martingala,15,0.789,0.7985100248183901,4,128,True,0.25465,3.0
bot->unsw,50,stat_13x13_adaptive,15,0.789,0.5339441904907745,15,480,True,0.25465,3.0
bot->unsw,50,statico,16,0.842,0.5442002785445749,0,0,True,0.272,3.0
bot->unsw,50,ogni_batch,16,0.842,0.7975016621094935,16,512,True,0.272,3.0
bot->unsw,50,su_innesco,16,0.842,0.7846759451426559,8,256,True,0.272,3.0
bot->unsw,50,oracolo,16,0.842,0.8023831498372381,16,512,True,0.272,3.0
bot->unsw,50,stat_13x13,16,0.842,0.7816209938403829,16,512,True,0.272,3.0
bot->unsw,50,martingala,16,0.842,0.7725009187689329,5,160,True,0.272,3.0
bot->unsw,50,stat_13x13_adaptive,16,0.842,0.713756379348691,16,512,True,0.272,3.0
bot->unsw,50,statico,17,0.895,0.5126147827705456,0,0,True,0.2847,3.0
bot->unsw,50,ogni_batch,17,0.895,0.7997030328266589,17,544,True,0.2847,3.0
bot->unsw,50,su_innesco,17,0.895,0.7853443021697264,9,288,True,0.2847,3.0
bot->unsw,50,oracolo,17,0.895,0.7940192660153619,17,544,True,0.2847,3.0
bot->unsw,50,stat_13x13,17,0.895,0.7681005948076556,17,544,True,0.2847,3.0
bot->unsw,50,martingala,17,0.895,0.7834102587204539,6,192,True,0.2847,3.0
bot->unsw,50,stat_13x13_adaptive,17,0.895,0.7153677406662714,17,544,True,0.2847,3.0
bot->unsw,50,statico,18,0.947,0.48464073412661246,0,0,True,0.29975,3.0
bot->unsw,50,ogni_batch,18,0.947,0.786154415248969,18,576,True,0.29975,3.0
bot->unsw,50,su_innesco,18,0.947,0.7842449349243348,10,320,True,0.29975,3.0
bot->unsw,50,oracolo,18,0.947,0.7976392515074431,18,576,True,0.29975,3.0
bot->unsw,50,stat_13x13,18,0.947,0.7696929659463515,18,576,True,0.29975,3.0
bot->unsw,50,martingala,18,0.947,0.7863816281977396,7,224,True,0.29975,3.0
bot->unsw,50,stat_13x13_adaptive,18,0.947,0.7195321081720851,18,576,True,0.29975,3.0
bot->unsw,50,statico,19,1.0,0.4497496083500925,0,0,True,0.3179,3.0
bot->unsw,50,ogni_batch,19,1.0,0.7701186003275551,19,608,True,0.3179,3.0
bot->unsw,50,su_innesco,19,1.0,0.7660797358695841,11,352,True,0.3179,3.0
bot->unsw,50,oracolo,19,1.0,0.7807512831083786,19,608,True,0.3179,3.0
bot->unsw,50,stat_13x13,19,1.0,0.7572181074686213,19,608,True,0.3179,3.0
bot->unsw,50,martingala,19,1.0,0.7654920593011232,8,256,True,0.3179,3.0
bot->unsw,50,stat_13x13_adaptive,19,1.0,0.7317317522282318,19,608,True,0.3179,3.0
bot->unsw,51,statico,0,0.0,0.9925,0,0,False,0.0725,3.0
bot->unsw,51,ogni_batch,0,0.0,0.9925,0,0,False,0.0725,3.0
bot->unsw,51,su_innesco,0,0.0,0.9925,0,0,False,0.0725,3.0
bot->unsw,51,oracolo,0,0.0,0.9925,0,0,False,0.0725,3.0
bot->unsw,51,stat_13x13,0,0.0,0.9925,0,0,False,0.0725,3.0
bot->unsw,51,martingala,0,0.0,0.9925,0,0,False,0.0725,3.0
bot->unsw,51,stat_13x13_adaptive,0,0.0,0.9925,0,0,False,0.0725,3.0
bot->unsw,51,statico,1,0.053,0.8734669442064941,0,0,False,0.0935,3.0
bot->unsw,51,ogni_batch,1,0.053,0.8734669442064941,1,32,False,0.0935,3.0
bot->unsw,51,su_innesco,1,0.053,0.8734669442064941,0,0,False,0.0935,3.0
bot->unsw,51,oracolo,1,0.053,0.8734669442064941,1,32,False,0.0935,3.0
bot->unsw,51,stat_13x13,1,0.053,0.5501899151416836,1,32,False,0.0935,3.0
bot->unsw,51,martingala,1,0.053,0.8734669442064941,0,0,False,0.0935,3.0
bot->unsw,51,stat_13x13_adaptive,1,0.053,0.5403619053136738,1,32,False,0.0935,3.0
bot->unsw,51,statico,2,0.105,0.852529801751273,0,0,False,0.11925,3.0
bot->unsw,51,ogni_batch,2,0.105,0.7855786356247729,2,64,False,0.11925,3.0
bot->unsw,51,su_innesco,2,0.105,0.852529801751273,0,0,False,0.11925,3.0
bot->unsw,51,oracolo,2,0.105,0.9508647479920136,2,64,False,0.11925,3.0
bot->unsw,51,stat_13x13,2,0.105,0.6829113386094479,2,64,False,0.11925,3.0
bot->unsw,51,martingala,2,0.105,0.852529801751273,0,0,False,0.11925,3.0
bot->unsw,51,stat_13x13_adaptive,2,0.105,0.6576080435007239,2,64,False,0.11925,3.0
bot->unsw,51,statico,3,0.158,0.8433309873751005,0,0,False,0.1367,3.0
bot->unsw,51,ogni_batch,3,0.158,0.7811544581937336,3,96,False,0.1367,3.0
bot->unsw,51,su_innesco,3,0.158,0.8433309873751005,0,0,False,0.1367,3.0
bot->unsw,51,oracolo,3,0.158,0.9326706191128027,3,96,False,0.1367,3.0
bot->unsw,51,stat_13x13,3,0.158,0.69131175507285,3,96,False,0.1367,3.0
bot->unsw,51,martingala,3,0.158,0.8433309873751005,0,0,False,0.1367,3.0
bot->unsw,51,stat_13x13_adaptive,3,0.158,0.5687196838043092,3,96,False,0.1367,3.0
bot->unsw,51,statico,4,0.211,0.8247425244374496,0,0,True,0.15805,3.0
bot->unsw,51,ogni_batch,4,0.211,0.7771770842466289,4,128,True,0.15805,3.0
bot->unsw,51,su_innesco,4,0.211,0.8247425244374496,0,0,True,0.15805,3.0
bot->unsw,51,oracolo,4,0.211,0.9160351160430631,4,128,True,0.15805,3.0
bot->unsw,51,stat_13x13,4,0.211,0.6868760706703241,4,128,True,0.15805,3.0
bot->unsw,51,martingala,4,0.211,0.8247425244374496,0,0,True,0.15805,3.0
bot->unsw,51,stat_13x13_adaptive,4,0.211,0.676847743571515,4,128,True,0.15805,3.0
bot->unsw,51,statico,5,0.263,0.8028462899896518,0,0,True,0.18,3.0
bot->unsw,51,ogni_batch,5,0.263,0.7759780203520711,5,160,True,0.18,3.0
bot->unsw,51,su_innesco,5,0.263,0.7859709658510541,1,32,True,0.18,3.0
bot->unsw,51,oracolo,5,0.263,0.8968242352263711,5,160,True,0.18,3.0
bot->unsw,51,stat_13x13,5,0.263,0.5216426761557545,5,160,True,0.18,3.0
bot->unsw,51,martingala,5,0.263,0.8028462899896518,0,0,True,0.18,3.0
bot->unsw,51,stat_13x13_adaptive,5,0.263,0.5718857842858742,5,160,True,0.18,3.0
bot->unsw,51,statico,6,0.316,0.7836655228503998,0,0,True,0.2025,3.0
bot->unsw,51,ogni_batch,6,0.316,0.7799004894940473,6,192,True,0.2025,3.0
bot->unsw,51,su_innesco,6,0.316,0.7651178875325331,2,64,True,0.2025,3.0
bot->unsw,51,oracolo,6,0.316,0.8980878213270398,6,192,True,0.2025,3.0
bot->unsw,51,stat_13x13,6,0.316,0.6753035644199468,6,192,True,0.2025,3.0
bot->unsw,51,martingala,6,0.316,0.7836655228503998,0,0,True,0.2025,3.0
bot->unsw,51,stat_13x13_adaptive,6,0.316,0.6967243691453993,6,192,True,0.2025,3.0
bot->unsw,51,statico,7,0.368,0.7719346020291893,0,0,True,0.2239,3.0
bot->unsw,51,ogni_batch,7,0.368,0.7982311450358888,7,224,True,0.2239,3.0
bot->unsw,51,su_innesco,7,0.368,0.7636632067820499,3,96,True,0.2239,3.0
bot->unsw,51,oracolo,7,0.368,0.8739282075014472,7,224,True,0.2239,3.0
bot->unsw,51,stat_13x13,7,0.368,0.6644847095269558,7,224,True,0.2239,3.0
bot->unsw,51,martingala,7,0.368,0.7719346020291893,0,0,True,0.2239,3.0
bot->unsw,51,stat_13x13_adaptive,7,0.368,0.6886506870393788,7,224,True,0.2239,3.0
bot->unsw,51,statico,8,0.421,0.7478021846015372,0,0,True,0.25005,3.0
bot->unsw,51,ogni_batch,8,0.421,0.8075011063310295,8,256,True,0.25005,3.0
bot->unsw,51,su_innesco,8,0.421,0.8853513350496206,4,128,True,0.25005,3.0
bot->unsw,51,oracolo,8,0.421,0.8571576459653445,8,256,True,0.25005,3.0
bot->unsw,51,stat_13x13,8,0.421,0.6698619899791092,8,256,True,0.25005,3.0
bot->unsw,51,martingala,8,0.421,0.7478021846015372,0,0,True,0.25005,3.0
bot->unsw,51,stat_13x13_adaptive,8,0.421,0.706986890794177,8,256,True,0.25005,3.0
bot->unsw,51,statico,9,0.474,0.7344062879063699,0,0,True,0.2651,3.0
bot->unsw,51,ogni_batch,9,0.474,0.775160818525543,9,288,True,0.2651,3.0
bot->unsw,51,su_innesco,9,0.474,0.8521220428602894,5,160,True,0.2651,3.0
bot->unsw,51,oracolo,9,0.474,0.8347568034475057,9,288,True,0.2651,3.0
bot->unsw,51,stat_13x13,9,0.474,0.6737878414462324,9,288,True,0.2651,3.0
bot->unsw,51,martingala,9,0.474,0.7344062879063699,0,0,True,0.2651,3.0
bot->unsw,51,stat_13x13_adaptive,9,0.474,0.6872259525888496,9,288,True,0.2651,3.0
bot->unsw,51,statico,10,0.526,0.7082110444848669,0,0,True,0.2918,3.0
bot->unsw,51,ogni_batch,10,0.526,0.8774225286048857,10,320,True,0.2918,3.0
bot->unsw,51,su_innesco,10,0.526,0.8706388274652663,6,192,True,0.2918,3.0
bot->unsw,51,oracolo,10,0.526,0.8832287361224833,10,320,True,0.2918,3.0
bot->unsw,51,stat_13x13,10,0.526,0.6909608397848566,10,320,True,0.2918,3.0
bot->unsw,51,martingala,10,0.526,0.6285382866649997,1,32,True,0.2918,3.0
bot->unsw,51,stat_13x13_adaptive,10,0.526,0.7064149142548021,10,320,True,0.2918,3.0
bot->unsw,51,statico,11,0.579,0.687648881037965,0,0,True,0.3068,3.0
bot->unsw,51,ogni_batch,11,0.579,0.8557670283423348,11,352,True,0.3068,3.0
bot->unsw,51,su_innesco,11,0.579,0.8510920520026259,7,224,True,0.3068,3.0
bot->unsw,51,oracolo,11,0.579,0.8698284716478797,11,352,True,0.3068,3.0
bot->unsw,51,stat_13x13,11,0.579,0.6726976247411383,11,352,True,0.3068,3.0
bot->unsw,51,martingala,11,0.579,0.8417198404075006,2,64,True,0.3068,3.0
bot->unsw,51,stat_13x13_adaptive,11,0.579,0.6848584828274731,11,352,True,0.3068,3.0
bot->unsw,51,statico,12,0.632,0.666197839667286,0,0,True,0.3289,3.0
bot->unsw,51,ogni_batch,12,0.632,0.8523468145142605,12,384,True,0.3289,3.0
bot->unsw,51,su_innesco,12,0.632,0.840671747280899,8,256,True,0.3289,3.0
bot->unsw,51,oracolo,12,0.632,0.8588944202305699,12,384,True,0.3289,3.0
bot->unsw,51,stat_13x13,12,0.632,0.6737751223522306,12,384,True,0.3289,3.0
bot->unsw,51,martingala,12,0.632,0.8634155869373338,3,96,True,0.3289,3.0
bot->unsw,51,stat_13x13_adaptive,12,0.632,0.6863113679065728,12,384,True,0.3289,3.0
bot->unsw,51,statico,13,0.684,0.6397333256189097,0,0,True,0.35345,3.0
bot->unsw,51,ogni_batch,13,0.684,0.8444917936380185,13,416,True,0.35345,3.0
bot->unsw,51,su_innesco,13,0.684,0.8378325981602827,9,288,True,0.35345,3.0
bot->unsw,51,oracolo,13,0.684,0.849294993799676,13,416,True,0.35345,3.0
bot->unsw,51,stat_13x13,13,0.684,0.6839963419815476,13,416,True,0.35345,3.0
bot->unsw,51,martingala,13,0.684,0.8535465982846346,4,128,True,0.35345,3.0
bot->unsw,51,stat_13x13_adaptive,13,0.684,0.6833594702608972,13,416,True,0.35345,3.0
bot->unsw,51,statico,14,0.737,0.6174628521544284,0,0,True,0.37005,3.0
bot->unsw,51,ogni_batch,14,0.737,0.824103110842586,14,448,True,0.37005,3.0
bot->unsw,51,su_innesco,14,0.737,0.8342853466280338,10,320,True,0.37005,3.0
bot->unsw,51,oracolo,14,0.737,0.8307294532636114,14,448,True,0.37005,3.0
bot->unsw,51,stat_13x13,14,0.737,0.7648808643310915,14,448,True,0.37005,3.0
bot->unsw,51,martingala,14,0.737,0.743137894843249,5,160,True,0.37005,3.0
bot->unsw,51,stat_13x13_adaptive,14,0.737,0.6584758179198331,14,448,True,0.37005,3.0
bot->unsw,51,statico,15,0.789,0.5910648513579215,0,0,True,0.393,3.0
bot->unsw,51,ogni_batch,15,0.789,0.8154841215490447,15,480,True,0.393,3.0
bot->unsw,51,su_innesco,15,0.789,0.8230959564428578,11,352,True,0.393,3.0
bot->unsw,51,oracolo,15,0.789,0.8053904316446292,15,480,True,0.393,3.0
bot->unsw,51,stat_13x13,15,0.789,0.7072240450484065,15,480,True,0.393,3.0
bot->unsw,51,martingala,15,0.789,0.8306214935806877,6,192,True,0.393,3.0
bot->unsw,51,stat_13x13_adaptive,15,0.789,0.678075755617223,15,480,True,0.393,3.0
bot->unsw,51,statico,16,0.842,0.5618524044172464,0,0,True,0.40855,3.0
bot->unsw,51,ogni_batch,16,0.842,0.8072709817676653,16,512,True,0.40855,3.0
bot->unsw,51,su_innesco,16,0.842,0.8086061849756441,12,384,True,0.40855,3.0
bot->unsw,51,oracolo,16,0.842,0.8123029135654032,16,512,True,0.40855,3.0
bot->unsw,51,stat_13x13,16,0.842,0.7152894871050168,16,512,True,0.40855,3.0
bot->unsw,51,martingala,16,0.842,0.8145483317390263,7,224,True,0.40855,3.0
bot->unsw,51,stat_13x13_adaptive,16,0.842,0.7201292803534409,16,512,True,0.40855,3.0
bot->unsw,51,statico,17,0.895,0.533872189126829,0,0,True,0.4396,3.0
bot->unsw,51,ogni_batch,17,0.895,0.7786959937394995,17,544,True,0.4396,3.0
bot->unsw,51,su_innesco,17,0.895,0.7861992663583668,13,416,True,0.4396,3.0
bot->unsw,51,oracolo,17,0.895,0.8058519508808103,17,544,True,0.4396,3.0
bot->unsw,51,stat_13x13,17,0.895,0.7338480098164735,17,544,True,0.4396,3.0
bot->unsw,51,martingala,17,0.895,0.798678071483238,8,256,True,0.4396,3.0
bot->unsw,51,stat_13x13_adaptive,17,0.895,0.7088404265734611,17,544,True,0.4396,3.0
bot->unsw,51,statico,18,0.947,0.5017529798996071,0,0,True,0.4641,3.0
bot->unsw,51,ogni_batch,18,0.947,0.7830047141517993,18,576,True,0.4641,3.0
bot->unsw,51,su_innesco,18,0.947,0.7760290974938293,14,448,True,0.4641,3.0
bot->unsw,51,oracolo,18,0.947,0.7891891572026364,18,576,True,0.4641,3.0
bot->unsw,51,stat_13x13,18,0.947,0.7605437214175292,18,576,True,0.4641,3.0
bot->unsw,51,martingala,18,0.947,0.769828120869377,9,288,True,0.4641,3.0
bot->unsw,51,stat_13x13_adaptive,18,0.947,0.6959527230219508,18,576,True,0.4641,3.0
bot->unsw,51,statico,19,1.0,0.46420247024222316,0,0,True,0.4789,3.0
bot->unsw,51,ogni_batch,19,1.0,0.7864708156165443,19,608,True,0.4789,3.0
bot->unsw,51,su_innesco,19,1.0,0.7739868157817779,15,480,True,0.4789,3.0
bot->unsw,51,oracolo,19,1.0,0.7829982292101807,19,608,True,0.4789,3.0
bot->unsw,51,stat_13x13,19,1.0,0.7653072373681791,19,608,True,0.4789,3.0
bot->unsw,51,martingala,19,1.0,0.7669095381638991,10,320,True,0.4789,3.0
bot->unsw,51,stat_13x13_adaptive,19,1.0,0.7028260689368777,19,608,True,0.4789,3.0
