accuracy,balanced_accuracy,precision,recall,f1,mcc,roc_auc,pr_auc,tn,fp,fn,tp,fpr,fnr,model,seed,fit_seconds,n_train,n_test,features,unseen_proto_h,unseen_state_h,exp,fold,variant,ratio,train_pos_rate,test_pos_rate
0.9869484329532988,0.9934733625132736,1.0,0.9869467250265468,0.9934304856748092,0.0989747304655837,0.9987804087395328,0.99999983520681,96,0,9576,724033,0.0,0.0130532749734531,"KAN(cat,1L)",43,10.3,19431,733705,"bytes_src,byte_asymmetry,payload_mean_src,byte_rate,bytes_total,duration,flow_rate,pkt_asymmetry,pkts_total,bytes_dst",0.0,0.0,bot->bot,1,cat,50.0,0.9803921568627452,0.9998691572225896
0.9964863262482878,0.998242933224647,1.0,0.9964858664492938,0.9982398405068822,0.1891430930292268,0.9998981561817444,0.999999984220218,96,0,2578,731031,0.0,0.0035141335507061,"KAN(cat,ML)",43,47.7,19431,733705,"bytes_src,byte_asymmetry,payload_mean_src,byte_rate,bytes_total,duration,flow_rate,pkt_asymmetry,pkts_total,bytes_dst",0.0,0.0,bot->bot,1,cat,50.0,0.9803921568627452,0.9998691572225896
0.9946272684525798,0.9973132826887348,1.0,0.9946265653774696,0.9973060447926434,0.1537738495306154,0.999660362047994,0.9999999308635948,96,0,3942,729667,0.0,0.0053734346225305,DecisionTree(d=5),43,1.5,19431,733705,"bytes_src,byte_asymmetry,payload_mean_src,byte_rate,bytes_total,duration,flow_rate,pkt_asymmetry,pkts_total,bytes_dst",0.0,0.0,bot->bot,1,cat,50.0,0.9803921568627452,0.9998691572225896
0.9965817324401496,0.9878753390202863,0.9999972644148242,0.9965840113739064,0.9982877203331162,0.1878149904807914,0.9998049525814614,0.9999999694860936,94,2,2506,731103,0.0208333333333333,0.0034159886260937,LightGBM,43,8.6,19431,733705,"bytes_src,byte_asymmetry,payload_mean_src,byte_rate,bytes_total,duration,flow_rate,pkt_asymmetry,pkts_total,bytes_dst",0.0,0.0,bot->bot,1,cat,50.0,0.9803921568627452,0.9998691572225896
0.9998241800178546,0.9738738196482504,0.9999931832744824,0.999830972629834,0.9999120713735064,0.6333508016553073,0.999913058250376,0.9999999836355832,91,5,124,733485,0.0520833333333333,0.0001690273701658,XGBoost,43,3.2,19431,733705,"bytes_src,byte_asymmetry,payload_mean_src,byte_rate,bytes_total,duration,flow_rate,pkt_asymmetry,pkts_total,bytes_dst",0.0,0.0,bot->bot,1,cat,50.0,0.9803921568627452,0.9998691572225896
0.9996592636004934,0.9477530917923128,0.9999863644854844,0.999672850251292,0.9998295827914068,0.4860304690899934,0.998951509194044,0.9999998562043968,86,10,240,733369,0.1041666666666666,0.000327149748708,MLP(16),43,3.9,19431,733705,"bytes_src,byte_asymmetry,payload_mean_src,byte_rate,bytes_total,duration,flow_rate,pkt_asymmetry,pkts_total,bytes_dst",0.0,0.0,bot->bot,1,cat,50.0,0.9803921568627452,0.9998691572225896
0.9844515166177142,0.9922247409723708,1.0,0.9844494819447416,0.9921638125854336,0.0906374956694836,0.9992082663698691,0.9999998920415244,96,0,11408,722201,0.0,0.0155505180552583,"KAN(cat,1L)",43,10.1,19431,733705,"bytes_src,byte_asymmetry,payload_mean_src,bytes_total,byte_rate,duration,flow_rate,pkt_asymmetry,pkts_total,bytes_dst",0.0,0.0,bot->bot,2,cat,50.0,0.9803921568627452,0.9998691572225896
0.996603539569718,0.9983015475546236,1.0,0.9966030951092476,0.9982986579059838,0.1922713591587127,0.9999318296031446,0.99999998830904,96,0,2492,731117,0.0,0.0033969048907524,"KAN(cat,ML)",43,48.2,19431,733705,"bytes_src,byte_asymmetry,payload_mean_src,bytes_total,byte_rate,duration,flow_rate,pkt_asymmetry,pkts_total,bytes_dst",0.0,0.0,bot->bot,2,cat,50.0,0.9803921568627452,0.9998691572225896
0.994798999597931,0.9973991594977708,1.0,0.9947983189955412,0.9973923774875256,0.1562441316882242,0.9996607312273976,0.9999999337998504,96,0,3816,729793,0.0,0.0052016810044587,DecisionTree(d=5),43,1.4,19431,733705,"bytes_src,byte_asymmetry,payload_mean_src,bytes_total,byte_rate,duration,flow_rate,pkt_asymmetry,pkts_total,bytes_dst",0.0,0.0,bot->bot,2,cat,50.0,0.9803921568627452,0.9998691572225896
0.9967466488575109,0.9983731115621536,1.0,0.9967462231243074,0.9983704604831548,0.1963087040800714,0.9998992140227289,0.9999999826162984,96,0,2387,731222,0.0,0.0032537768756926,LightGBM,43,8.7,19431,733705,"bytes_src,byte_asymmetry,payload_mean_src,bytes_total,byte_rate,duration,flow_rate,pkt_asymmetry,pkts_total,bytes_dst",0.0,0.0,bot->bot,2,cat,50.0,0.9803921568627452,0.9998691572225896
0.9998773348961776,0.9739004005653328,0.9999931836369116,0.9998841344639992,0.9999386560773424,0.7000354530198846,0.9999179143794582,0.9999999850660116,91,5,85,733524,0.0520833333333333,0.0001158655360007,XGBoost,43,3.7,19431,733705,"bytes_src,byte_asymmetry,payload_mean_src,bytes_total,byte_rate,duration,flow_rate,pkt_asymmetry,pkts_total,bytes_dst",0.0,0.0,bot->bot,2,cat,50.0,0.9803921568627452,0.9998691572225896
0.9998691572225896,0.9634810076507604,0.9999904570656568,0.9998786819681874,0.9999345663932996,0.6807878977428357,0.9996340296170484,0.999999947778163,89,7,89,733520,0.0729166666666666,0.0001213180318125,MLP(16),43,4.1,19431,733705,"bytes_src,byte_asymmetry,payload_mean_src,bytes_total,byte_rate,duration,flow_rate,pkt_asymmetry,pkts_total,bytes_dst",0.0,0.0,bot->bot,2,cat,50.0,0.9803921568627452,0.9998691572225896
0.9843792592107988,0.9921886181876176,1.0,0.9843772363752352,0.9921271201168876,0.0899577981974261,0.9996327457097288,0.999999951007554,95,0,11461,722148,0.0,0.0156227636247646,"KAN(cat,1L)",43,9.5,19482,733704,"bytes_src,byte_asymmetry,payload_mean_src,bytes_total,byte_rate,duration,flow_rate,pkt_asymmetry,pkts_total,bytes_dst",0.0,0.0,bot->bot,3,cat,50.0,0.9803921568627452,0.9998705199917132
0.9965585576744844,0.9982790560094,1.0,0.9965581120188002,0.998276089255564,0.1900914009180103,0.9999345700502584,0.9999999907960764,95,0,2525,731084,0.0,0.0034418879811997,"KAN(cat,ML)",43,48.5,19482,733704,"bytes_src,byte_asymmetry,payload_mean_src,bytes_total,byte_rate,duration,flow_rate,pkt_asymmetry,pkts_total,bytes_dst",0.0,0.0,bot->bot,3,cat,50.0,0.9803921568627452,0.9998705199917132
0.994828977353265,0.9974141538612532,1.0,0.994828307722506,0.9974074499256538,0.1558895122984497,0.9990535973881396,0.999999767099153,95,0,3794,729815,0.0,0.0051716922774938,DecisionTree(d=5),43,1.6,19482,733704,"bytes_src,byte_asymmetry,payload_mean_src,bytes_total,byte_rate,duration,flow_rate,pkt_asymmetry,pkts_total,bytes_dst",0.0,0.0,bot->bot,3,cat,50.0,0.9803921568627452,0.9998705199917132
0.9966716823133036,0.9983356256534476,1.0,0.996671251306895,0.9983328508932424,0.1931868382255911,0.9999824802700364,0.9999999963391444,95,0,2442,731167,0.0,0.0033287486931049,LightGBM,43,13.8,19482,733704,"bytes_src,byte_asymmetry,payload_mean_src,bytes_total,byte_rate,duration,flow_rate,pkt_asymmetry,pkts_total,bytes_dst",0.0,0.0,bot->bot,3,cat,50.0,0.9803921568627452,0.9998705199917132
0.9998855124137256,0.9841553197956948,0.999995910193298,0.999889586959811,0.9999427457502352,0.7175902743846935,0.9999796105353984,0.9999999959599458,92,3,81,733528,0.031578947368421,0.0001104130401889,XGBoost,43,5.2,19482,733704,"bytes_src,byte_asymmetry,payload_mean_src,bytes_total,byte_rate,duration,flow_rate,pkt_asymmetry,pkts_total,bytes_dst",0.0,0.0,bot->bot,3,cat,50.0,0.9803921568627452,0.9998705199917132
0.9998691570442576,0.9578347593881754,0.9999890938190584,0.9998800450921403,0.9999345664824986,0.6746914660092016,0.998483818750143,0.9999997974660794,87,8,88,733521,0.0842105263157894,0.0001199549078596,MLP(16),43,5.9,19482,733704,"bytes_src,byte_asymmetry,payload_mean_src,bytes_total,byte_rate,duration,flow_rate,pkt_asymmetry,pkts_total,bytes_dst",0.0,0.0,bot->bot,3,cat,50.0,0.9803921568627452,0.9998705199917132
0.989110049829359,0.9945543198079632,1.0,0.9891086396159262,0.9945245019969464,0.1078062124318483,0.9987797170886455,0.9999998375774364,95,0,7990,725619,0.0,0.0108913603840738,"KAN(cat,1L)",43,10.5,19482,733704,"bytes_src,byte_asymmetry,payload_mean_src,bytes_total,byte_rate,duration,flow_rate,pkt_asymmetry,pkts_total,bytes_dst",0.0,0.0,bot->bot,4,cat,50.0,0.9803921568627452,0.9998705199917132
0.9965803648337748,0.9982899610010236,1.0,0.9965799220020474,0.9982870317585268,0.1906765912183002,0.9998239130826252,0.9999999751319038,95,0,2509,731100,0.0,0.0034200779979525,"KAN(cat,ML)",43,49.2,19482,733704,"bytes_src,byte_asymmetry,payload_mean_src,bytes_total,byte_rate,duration,flow_rate,pkt_asymmetry,pkts_total,bytes_dst",0.0,0.0,bot->bot,4,cat,50.0,0.9803921568627452,0.9998705199917132
0.9947526522957488,0.9815885573922892,0.999995889087583,0.9947560621529996,0.997369093615166,0.1499739318508409,0.9838271584655272,0.9999958275173932,92,3,3847,729762,0.031578947368421,0.0052439378470002,DecisionTree(d=5),43,1.5,19482,733704,"bytes_src,byte_asymmetry,payload_mean_src,bytes_total,byte_rate,duration,flow_rate,pkt_asymmetry,pkts_total,bytes_dst",0.0,0.0,bot->bot,4,cat,50.0,0.9803921568627452,0.9998705199917132
0.996848865482538,0.9878992760448686,0.9999972651480034,0.9968511836686844,0.998421746045832,0.1943252916999873,0.9998699938465716,0.9999999790143366,93,2,2310,731299,0.0210526315789473,0.0031488163313154,LightGBM,43,10.6,19482,733704,"bytes_src,byte_asymmetry,payload_mean_src,bytes_total,byte_rate,duration,flow_rate,pkt_asymmetry,pkts_total,bytes_dst",0.0,0.0,bot->bot,4,cat,50.0,0.9803921568627452,0.9998705199917132
0.9998623423069792,0.9683563042438138,0.9999918202639329,0.9998705032244696,0.999931158064492,0.6731093180160576,0.9998471722818644,0.9999999760472118,89,6,95,733514,0.0631578947368421,0.0001294967755302,XGBoost,43,3.3,19482,733704,"bytes_src,byte_asymmetry,payload_mean_src,bytes_total,byte_rate,duration,flow_rate,pkt_asymmetry,pkts_total,bytes_dst",0.0,0.0,bot->bot,4,cat,50.0,0.9803921568627452,0.9998705199917132
0.99972741050887,0.9261890189460598,0.999980911789288,0.9997464589447512,0.999863671623112,0.5084981075613079,0.9974800429685368,0.9999996564721628,81,14,186,733423,0.1473684210526315,0.0002535410552487,MLP(16),43,4.0,19482,733704,"bytes_src,byte_asymmetry,payload_mean_src,bytes_total,byte_rate,duration,flow_rate,pkt_asymmetry,pkts_total,bytes_dst",0.0,0.0,bot->bot,4,cat,50.0,0.9803921568627452,0.9998705199917132
0.9884353908388124,0.9942169466296078,1.0,0.9884338932592156,0.9941833083915974,0.1046145215485759,0.9992016828697864,0.999999892325844,95,0,8485,725124,0.0,0.0115661067407842,"KAN(cat,1L)",43,10.6,19482,733704,"bytes_src,byte_asymmetry,payload_mean_src,byte_rate,bytes_total,duration,flow_rate,pkt_asymmetry,pkts_total,bytes_dst",0.0,0.0,bot->bot,5,cat,50.0,0.9803921568627452,0.9998705199917132
0.9965735500964968,0.9982865531911412,1.0,0.9965731063822828,0.9982836122520318,0.1904931417831896,0.9999211899125096,0.9999999877274844,95,0,2514,731095,0.0,0.0034268936177173,"KAN(cat,ML)",43,49.6,19482,733704,"bytes_src,byte_asymmetry,payload_mean_src,byte_rate,bytes_total,duration,flow_rate,pkt_asymmetry,pkts_total,bytes_dst",0.0,0.0,bot->bot,5,cat,50.0,0.9803921568627452,0.9998705199917132
0.994833066195632,0.9974161985471826,1.0,0.994832397094365,0.9974095052230142,0.1559499947270572,0.9996937490937916,0.999999938203693,95,0,3791,729818,0.0,0.005167602905635,DecisionTree(d=5),43,1.4,19482,733704,"bytes_src,byte_asymmetry,payload_mean_src,byte_rate,bytes_total,duration,flow_rate,pkt_asymmetry,pkts_total,bytes_dst",0.0,0.0,bot->bot,5,cat,50.0,0.9803921568627452,0.9998705199917132
0.9967752663199329,0.9983874243636596,1.0,0.9967748487273194,0.9983848197633618,0.1961573254154396,0.9999245546763724,0.9999999861031128,95,0,2366,731243,0.0,0.0032251512726806,LightGBM,43,9.3,19482,733704,"bytes_src,byte_asymmetry,payload_mean_src,byte_rate,bytes_total,duration,flow_rate,pkt_asymmetry,pkts_total,bytes_dst",0.0,0.0,bot->bot,5,cat,50.0,0.9803921568627452,0.9998705199917132
0.9998350833578664,0.978867625669805,0.9999945466641944,0.9998405144975048,0.9999175246488834,0.6473051441238059,0.9999222588886624,0.9999999857867664,91,4,117,733492,0.0421052631578947,0.0001594855024951,XGBoost,43,3.2,19482,733704,"bytes_src,byte_asymmetry,payload_mean_src,byte_rate,bytes_total,duration,flow_rate,pkt_asymmetry,pkts_total,bytes_dst",0.0,0.0,bot->bot,5,cat,50.0,0.9803921568627452,0.9998705199917132
0.9997928319867412,0.9420091629192118,0.9999850029789538,0.999807799522634,0.9998963933997144,0.5744738903305995,0.9986120384937596,0.9999998130961658,84,11,141,733468,0.1157894736842105,0.000192200477366,MLP(16),43,3.9,19482,733704,"bytes_src,byte_asymmetry,payload_mean_src,byte_rate,bytes_total,duration,flow_rate,pkt_asymmetry,pkts_total,bytes_dst",0.0,0.0,bot->bot,5,cat,50.0,0.9803921568627452,0.9998705199917132
0.9891564048221017,0.9945774929151632,1.0,0.9891549858303263,0.994547929021656,0.1085965192993694,0.9992667174089558,0.9999998983187924,96,0,7956,725653,0.0,0.0108450141696734,"KAN(cat,1L)",44,10.4,19431,733705,"bytes_src,byte_asymmetry,payload_mean_src,bytes_total,byte_rate,duration,flow_rate,pkt_asymmetry,pkts_total,bytes_dst",0.0,0.0,bot->bot,1,cat,50.0,0.9803921568627452,0.9998691572225896
0.9965067704322582,0.998253156654294,1.0,0.996506313308588,0.9982500998528664,0.1896777874723549,0.9998721929302032,0.999999980460314,96,0,2563,731046,0.0,0.0034936866914119,"KAN(cat,ML)",44,49.6,19431,733705,"bytes_src,byte_asymmetry,payload_mean_src,bytes_total,byte_rate,duration,flow_rate,pkt_asymmetry,pkts_total,bytes_dst",0.0,0.0,bot->bot,1,cat,50.0,0.9803921568627452,0.9998691572225896
0.9948126290539112,0.9974059751175354,1.0,0.9948119502350709,0.9973992286519447,0.1564452857315245,0.9997155401696728,0.9999999390138794,96,0,3806,729803,0.0,0.0051880497649292,DecisionTree(d=5),44,1.5,19431,733705,"bytes_src,byte_asymmetry,payload_mean_src,bytes_total,byte_rate,duration,flow_rate,pkt_asymmetry,pkts_total,bytes_dst",0.0,0.0,bot->bot,1,cat,50.0,0.9803921568627452,0.9998691572225896
0.996709849326364,0.9983547093887888,1.0,0.9967094187775776,0.998351997946483,0.1952464008704068,0.9999062426306112,0.99999998209935,96,0,2414,731195,0.0,0.0032905812224222,LightGBM,44,9.0,19431,733705,"bytes_src,byte_asymmetry,payload_mean_src,bytes_total,byte_rate,duration,flow_rate,pkt_asymmetry,pkts_total,bytes_dst",0.0,0.0,bot->bot,1,cat,50.0,0.9803921568627452,0.9998691572225896
0.9998705201681874,0.9738969927554506,0.9999931835904484,0.9998773188442344,0.9999352478609642,0.6902961303911987,0.99990562496507,0.999999982003722,91,5,90,733519,0.0520833333333333,0.0001226811557655,XGBoost,44,3.3,19431,733705,"bytes_src,byte_asymmetry,payload_mean_src,bytes_total,byte_rate,duration,flow_rate,pkt_asymmetry,pkts_total,bytes_dst",0.0,0.0,bot->bot,1,cat,50.0,0.9803921568627452,0.9998691572225896
0.9997328626627868,0.9425822443676856,0.9999850020792572,0.9997478220687042,0.9998663980085124,0.5278727299027954,0.9992844948171756,0.9999999004155964,85,11,185,733424,0.1145833333333333,0.0002521779312958,MLP(16),44,3.6,19431,733705,"bytes_src,byte_asymmetry,payload_mean_src,bytes_total,byte_rate,duration,flow_rate,pkt_asymmetry,pkts_total,bytes_dst",0.0,0.0,bot->bot,1,cat,50.0,0.9803921568627452,0.9998691572225896
0.9879174872734956,0.9939579530785472,1.0,0.9879159061570946,0.993921224833768,0.1028767810116454,0.9994769508802828,0.9999999293633688,96,0,8865,724744,0.0,0.0120840938429054,"KAN(cat,1L)",44,10.4,19431,733705,"bytes_src,byte_asymmetry,payload_mean_src,byte_rate,bytes_total,duration,flow_rate,pkt_asymmetry,pkts_total,bytes_dst",0.0,0.0,bot->bot,2,cat,50.0,0.9803921568627452,0.9998691572225896
0.9965176739970424,0.9982586091501058,1.0,0.9965172183002116,0.9982555714181351,0.1899648093806465,0.999949450820078,0.9999999923635526,96,0,2555,731054,0.0,0.0034827816997883,"KAN(cat,ML)",44,48.7,19431,733705,"bytes_src,byte_asymmetry,payload_mean_src,byte_rate,bytes_total,duration,flow_rate,pkt_asymmetry,pkts_total,bytes_dst",0.0,0.0,bot->bot,2,cat,50.0,0.9803921568627452,0.9998691572225896
0.9947649259579804,0.992174468677002,0.9999986297052496,0.9947656040206704,0.9973752527540712,0.1541528815320506,0.994526716547916,0.9999985819974864,95,1,3840,729769,0.0104166666666666,0.0052343959793295,DecisionTree(d=5),44,1.5,19431,733705,"bytes_src,byte_asymmetry,payload_mean_src,byte_rate,bytes_total,duration,flow_rate,pkt_asymmetry,pkts_total,bytes_dst",0.0,0.0,bot->bot,2,cat,50.0,0.9803921568627452,0.9998691572225896
0.9967125752175602,0.9983560725127418,1.0,0.9967121450254836,0.9983533655651328,0.1953245019284755,0.9999551447024232,0.9999999920286082,96,0,2412,731197,0.0,0.0032878549745163,LightGBM,44,9.7,19431,733705,"bytes_src,byte_asymmetry,payload_mean_src,byte_rate,bytes_total,duration,flow_rate,pkt_asymmetry,pkts_total,bytes_dst",0.0,0.0,bot->bot,2,cat,50.0,0.9803921568627452,0.9998691572225896
0.9998514389298152,0.9895104062018504,0.9999972733618356,0.9998541457370343,0.9999257044276753,0.6766445593872086,0.999960490704176,0.9999999927398612,94,2,107,733502,0.0208333333333333,0.0001458542629656,XGBoost,44,3.3,19431,733705,"bytes_src,byte_asymmetry,payload_mean_src,byte_rate,bytes_total,duration,flow_rate,pkt_asymmetry,pkts_total,bytes_dst",0.0,0.0,bot->bot,2,cat,50.0,0.9803921568627452,0.9998691572225896
0.9997274108803949,0.9686177769765638,0.9999918191598004,0.9997355539531276,0.9998636701362617,0.5449803663651801,0.9991540040970964,0.99999988584194,90,6,194,733415,0.0625,0.0002644460468723,MLP(16),44,3.7,19431,733705,"bytes_src,byte_asymmetry,payload_mean_src,byte_rate,bytes_total,duration,flow_rate,pkt_asymmetry,pkts_total,bytes_dst",0.0,0.0,bot->bot,2,cat,50.0,0.9803921568627452,0.9998691572225896
0.9889533108719591,0.9944759401806684,1.0,0.9889518803613369,0.9944452554394348,0.1070391019471372,0.9992960684420232,0.9999999051812998,95,0,8105,725504,0.0,0.0110481196386631,"KAN(cat,1L)",44,10.5,19482,733704,"bytes_src,byte_asymmetry,payload_mean_src,bytes_total,byte_rate,duration,flow_rate,pkt_asymmetry,pkts_total,bytes_dst",0.0,0.0,bot->bot,3,cat,50.0,0.9803921568627452,0.9998705199917132
0.996658052838747,0.9930663337009225,0.9999986323084308,0.9966589831913184,0.998326014768209,0.1908445074491146,0.9998077134305948,0.999999973326374,94,1,2451,731158,0.0105263157894736,0.0033410168086814,"KAN(cat,ML)",44,49.6,19482,733704,"bytes_src,byte_asymmetry,payload_mean_src,bytes_total,byte_rate,duration,flow_rate,pkt_asymmetry,pkts_total,bytes_dst",0.0,0.0,bot->bot,3,cat,50.0,0.9803921568627452,0.9998705199917132
0.9948221626159868,0.9921482697186104,0.9999986297841088,0.9948228552266944,0.9974040279591452,0.1541800458203614,0.9944245432333056,0.9999985708902124,94,1,3798,729811,0.0105263157894736,0.0051771447733056,DecisionTree(d=5),44,1.4,19482,733704,"bytes_src,byte_asymmetry,payload_mean_src,bytes_total,byte_rate,duration,flow_rate,pkt_asymmetry,pkts_total,bytes_dst",0.0,0.0,bot->bot,3,cat,50.0,0.9803921568627452,0.9998705199917132
0.996723474316618,0.9930990486757932,0.9999986323982128,0.9967244131410602,0.998358838243165,0.1926765435987331,0.9999067551472816,0.999999984370684,94,1,2403,731206,0.0105263157894736,0.0032755868589398,LightGBM,44,9.9,19482,733704,"bytes_src,byte_asymmetry,payload_mean_src,bytes_total,byte_rate,duration,flow_rate,pkt_asymmetry,pkts_total,bytes_dst",0.0,0.0,bot->bot,3,cat,50.0,0.9803921568627452,0.9998705199917132
0.9998568905171568,0.9736160543286684,0.9999931834975202,0.999863687604705,0.999928431358516,0.6698376196993643,0.999898913597384,0.9999999833403546,90,5,100,733509,0.0526315789473684,0.000136312395295,XGBoost,44,3.2,19482,733704,"bytes_src,byte_asymmetry,payload_mean_src,bytes_total,byte_rate,duration,flow_rate,pkt_asymmetry,pkts_total,bytes_dst",0.0,0.0,bot->bot,3,cat,50.0,0.9803921568627452,0.9998705199917132
0.99975875830035,0.9419921238698,0.9999850024677758,0.9997737214238104,0.9998793507845266,0.544982063611514,0.9996577841444434,0.9999999520654028,84,11,166,733443,0.1157894736842105,0.0002262785761897,MLP(16),44,4.1,19482,733704,"bytes_src,byte_asymmetry,payload_mean_src,bytes_total,byte_rate,duration,flow_rate,pkt_asymmetry,pkts_total,bytes_dst",0.0,0.0,bot->bot,3,cat,50.0,0.9803921568627452,0.9998705199917132
0.9893649210035654,0.994681771897564,1.0,0.989363543795128,0.9946533371248067,0.1090890575128756,0.9990404540034986,0.9999998720973078,95,0,7803,725806,0.0,0.010636456204872,"KAN(cat,1L)",44,10.5,19482,733704,"bytes_src,byte_asymmetry,payload_mean_src,bytes_total,byte_rate,duration,flow_rate,pkt_asymmetry,pkts_total,bytes_dst",0.0,0.0,bot->bot,4,cat,50.0,0.9803921568627452,0.9998705199917132
0.9964740549322344,0.9982367991668586,1.0,0.9964735983337172,0.9982336847984236,0.1878734082827713,0.9999350076847908,0.9999999881147716,95,0,2587,731022,0.0,0.0035264016662827,"KAN(cat,ML)",44,48.8,19482,733704,"bytes_src,byte_asymmetry,payload_mean_src,bytes_total,byte_rate,duration,flow_rate,pkt_asymmetry,pkts_total,bytes_dst",0.0,0.0,bot->bot,4,cat,50.0,0.9803921568627452,0.9998705199917132
0.9946449794467525,0.9973221429944288,1.0,0.9946442859888578,0.9973149528220332,0.1532380838116094,0.9996646858562472,0.9999999337865624,95,0,3929,729680,0.0,0.0053557140111421,DecisionTree(d=5),44,1.4,19482,733704,"bytes_src,byte_asymmetry,payload_mean_src,bytes_total,byte_rate,duration,flow_rate,pkt_asymmetry,pkts_total,bytes_dst",0.0,0.0,bot->bot,4,cat,50.0,0.9803921568627452,0.9998705199917132
0.9966757711556704,0.9983376703393768,1.0,0.996675340678754,0.9983349023982456,0.193301557808458,0.9999076519393558,0.999999984558642,95,0,2439,731170,0.0,0.003324659321246,LightGBM,44,10.1,19482,733704,"bytes_src,byte_asymmetry,payload_mean_src,bytes_total,byte_rate,duration,flow_rate,pkt_asymmetry,pkts_total,bytes_dst",0.0,0.0,bot->bot,4,cat,50.0,0.9803921568627452,0.9998705199917132
0.9998350833578664,0.978867625669805,0.9999945466641944,0.9998405144975048,0.9999175246488834,0.6473051441238059,0.9999378056760626,0.999999988458216,91,4,117,733492,0.0421052631578947,0.0001594855024951,XGBoost,44,3.2,19482,733704,"bytes_src,byte_asymmetry,payload_mean_src,bytes_total,byte_rate,duration,flow_rate,pkt_asymmetry,pkts_total,bytes_dst",0.0,0.0,bot->bot,4,cat,50.0,0.9803921568627452,0.9998705199917132
0.999704240402124,0.9472273377235012,0.9999863650990166,0.9997178333417392,0.9998520811903852,0.5102547249958168,0.999689458840508,0.9999999562337528,85,10,207,733402,0.1052631578947368,0.0002821666582607,MLP(16),44,3.6,19482,733704,"bytes_src,byte_asymmetry,payload_mean_src,bytes_total,byte_rate,duration,flow_rate,pkt_asymmetry,pkts_total,bytes_dst",0.0,0.0,bot->bot,4,cat,50.0,0.9803921568627452,0.9998705199917132
0.9886875361181076,0.9943430355952558,1.0,0.9886860711905116,0.9943108522891624,0.1057744218702665,0.9991702305781562,0.999999888241928,95,0,8300,725309,0.0,0.0113139288094884,"KAN(cat,1L)",44,10.4,19482,733704,"bytes_src,byte_asymmetry,payload_mean_src,bytes_total,byte_rate,duration,flow_rate,pkt_asymmetry,pkts_total,bytes_dst",0.0,0.0,bot->bot,5,cat,50.0,0.9803921568627452,0.9998705199917132
0.9965571947270288,0.9982783744474236,1.0,0.9965567488948472,0.9982754053411912,0.1900550043326535,0.9999043015241662,0.9999999841754268,95,0,2526,731083,0.0,0.0034432511051527,"KAN(cat,ML)",44,48.9,19482,733704,"bytes_src,byte_asymmetry,payload_mean_src,bytes_total,byte_rate,duration,flow_rate,pkt_asymmetry,pkts_total,bytes_dst",0.0,0.0,bot->bot,5,cat,50.0,0.9803921568627452,0.9998705199917132
0.9947022232398895,0.9973507685974408,1.0,0.9947015371948816,0.99734373152759,0.1540485338681273,0.9996630716305136,0.9999999336233024,95,0,3887,729722,0.0,0.0052984628051182,DecisionTree(d=5),44,1.5,19482,733704,"bytes_src,byte_asymmetry,payload_mean_src,bytes_total,byte_rate,duration,flow_rate,pkt_asymmetry,pkts_total,bytes_dst",0.0,0.0,bot->bot,5,cat,50.0,0.9803921568627452,0.9998705199917132
0.996677134103126,0.9983383519013534,1.0,0.9966767038027068,0.9983355862313794,0.1933398428996219,0.999917064668968,0.9999999851211592,95,0,2438,731171,0.0,0.0033232961972931,LightGBM,44,9.8,19482,733704,"bytes_src,byte_asymmetry,payload_mean_src,bytes_total,byte_rate,duration,flow_rate,pkt_asymmetry,pkts_total,bytes_dst",0.0,0.0,bot->bot,5,cat,50.0,0.9803921568627452,0.9998705199917132
0.9998269056731324,0.978863536297946,0.999994546619586,0.999832335753787,0.9999134346080256,0.6381634203014227,0.999919719173508,0.9999999854719304,91,4,123,733486,0.0421052631578947,0.0001676642462129,XGBoost,44,3.2,19482,733704,"bytes_src,byte_asymmetry,payload_mean_src,bytes_total,byte_rate,duration,flow_rate,pkt_asymmetry,pkts_total,bytes_dst",0.0,0.0,bot->bot,5,cat,50.0,0.9803921568627452,0.9998705199917132
0.9997056033495796,0.9472280192854776,0.9999863651176076,0.9997191964656922,0.9998527629442504,0.5111311299054134,0.999677944030274,0.9999999540879884,85,10,206,733403,0.1052631578947368,0.0002808035343077,MLP(16),44,4.3,19482,733704,"bytes_src,byte_asymmetry,payload_mean_src,bytes_total,byte_rate,duration,flow_rate,pkt_asymmetry,pkts_total,bytes_dst",0.0,0.0,bot->bot,5,cat,50.0,0.9803921568627452,0.9998705199917132
0.9877103195425956,0.9938543556581232,1.0,0.9877087113162462,0.9938163531639328,0.1020045098797721,0.9992504380171636,0.9999998949415874,96,0,9017,724592,0.0,0.0122912886837538,"KAN(cat,1L)",45,10.5,19431,733705,"bytes_src,byte_asymmetry,payload_mean_src,bytes_total,byte_rate,duration,flow_rate,pkt_asymmetry,pkts_total,bytes_dst",0.0,0.0,bot->bot,1,cat,50.0,0.9803921568627452,0.9998691572225896
0.99670576048957,0.9983526647028594,1.0,0.9967053294057188,0.9983499465115055,0.1951294239480811,0.9998583203041402,0.9999999780790632,96,0,2417,731192,0.0,0.0032946705942811,"KAN(cat,ML)",45,48.8,19431,733705,"bytes_src,byte_asymmetry,payload_mean_src,bytes_total,byte_rate,duration,flow_rate,pkt_asymmetry,pkts_total,bytes_dst",0.0,0.0,bot->bot,1,cat,50.0,0.9803921568627452,0.9998691572225896
0.9947172228620494,0.997358265779182,1.0,0.994716531558364,0.9973512685346284,0.1550531752902008,0.9995787521009148,0.9999999164673734,96,0,3876,729733,0.0,0.0052834684416358,DecisionTree(d=5),45,1.5,19431,733705,"bytes_src,byte_asymmetry,payload_mean_src,bytes_total,byte_rate,duration,flow_rate,pkt_asymmetry,pkts_total,bytes_dst",0.0,0.0,bot->bot,1,cat,50.0,0.9803921568627452,0.9998691572225896
0.9966716868496194,0.9983356256534476,1.0,0.996671251306895,0.9983328508932424,0.1941626869035438,0.9998758705250343,0.9999999769563878,96,0,2442,731167,0.0,0.0033287486931049,LightGBM,45,8.0,19431,733705,"bytes_src,byte_asymmetry,payload_mean_src,bytes_total,byte_rate,duration,flow_rate,pkt_asymmetry,pkts_total,bytes_dst",0.0,0.0,bot->bot,1,cat,50.0,0.9803921568627452,0.9998691572225896
0.999794195214698,0.9686511735134112,0.9999918197063274,0.999802347026822,0.999897074390677,0.5991320296059008,0.9998767934735444,0.9999999770581216,90,6,145,733464,0.0625,0.0001976529731778,XGBoost,45,3.2,19431,733705,"bytes_src,byte_asymmetry,payload_mean_src,bytes_total,byte_rate,duration,flow_rate,pkt_asymmetry,pkts_total,bytes_dst",0.0,0.0,bot->bot,1,cat,50.0,0.9803921568627452,0.9998691572225896
0.9997682992483355,0.9478076167504306,0.9999863659727402,0.999781900167528,0.9998841226173564,0.5595436083538647,0.999629272882421,0.9999999445909408,86,10,160,733449,0.1041666666666666,0.000218099832472,MLP(16),45,4.2,19431,733705,"bytes_src,byte_asymmetry,payload_mean_src,bytes_total,byte_rate,duration,flow_rate,pkt_asymmetry,pkts_total,bytes_dst",0.0,0.0,bot->bot,1,cat,50.0,0.9803921568627452,0.9998691572225896
0.9863719069653336,0.9931850617972244,1.0,0.9863701235944488,0.9931382997339452,0.0968506209587517,0.99940273872049,0.9999999191015544,96,0,9999,723610,0.0,0.0136298764055511,"KAN(cat,1L)",45,10.4,19431,733705,"bytes_src,byte_asymmetry,payload_mean_src,bytes_total,byte_rate,duration,flow_rate,pkt_asymmetry,pkts_total,pkts_src",0.0,0.0,bot->bot,2,cat,50.0,0.9803921568627452,0.9998691572225896
0.9967248417279424,0.99836220657053,1.0,0.9967244131410602,0.998359519802842,0.1956771148548748,0.9999183758537132,0.9999999880454808,96,0,2403,731206,0.0,0.0032755868589398,"KAN(cat,ML)",45,49.6,19431,733705,"bytes_src,byte_asymmetry,payload_mean_src,bytes_total,byte_rate,duration,flow_rate,pkt_asymmetry,pkts_total,pkts_src",0.0,0.0,bot->bot,2,cat,50.0,0.9803921568627452,0.9998691572225896
0.9949434718313218,0.997471405067277,1.0,0.994942810134554,0.997464995066648,0.1584164524437574,0.9997418229033904,0.9999999426759764,96,0,3710,729899,0.0,0.005057189865446,DecisionTree(d=5),45,1.4,19431,733705,"bytes_src,byte_asymmetry,payload_mean_src,bytes_total,byte_rate,duration,flow_rate,pkt_asymmetry,pkts_total,pkts_src",0.0,0.0,bot->bot,2,cat,50.0,0.9803921568627452,0.9998691572225896
0.9967343823471286,0.9983669775043654,1.0,0.9967339550087309,0.9983643063798878,0.1959526874800991,0.9999525036497644,0.9999999910826642,96,0,2396,731213,0.0,0.0032660449912691,LightGBM,45,10.5,19431,733705,"bytes_src,byte_asymmetry,payload_mean_src,bytes_total,byte_rate,duration,flow_rate,pkt_asymmetry,pkts_total,pkts_src",0.0,0.0,bot->bot,2,cat,50.0,0.9803921568627452,0.9998691572225896
0.999845987147423,0.9790923764112308,0.9999945467236716,0.9998514194891284,0.9999229779846542,0.662243837588355,0.9999160471836268,0.99999998630497,92,4,109,733500,0.0416666666666666,0.0001485805108715,XGBoost,45,3.1,19431,733705,"bytes_src,byte_asymmetry,payload_mean_src,bytes_total,byte_rate,duration,flow_rate,pkt_asymmetry,pkts_total,pkts_src",0.0,0.0,bot->bot,2,cat,50.0,0.9803921568627452,0.9998691572225896
0.999790106377904,0.958233825284768,0.9999890929566404,0.9998009839028692,0.999895029582572,0.5870643108863652,0.9993087541637756,0.9999999062523904,88,8,146,733463,0.0833333333333333,0.0001990160971307,MLP(16),45,3.8,19431,733705,"bytes_src,byte_asymmetry,payload_mean_src,bytes_total,byte_rate,duration,flow_rate,pkt_asymmetry,pkts_total,pkts_src",0.0,0.0,bot->bot,2,cat,50.0,0.9803921568627452,0.9998691572225896
0.988086476290166,0.9940424667636304,1.0,0.9880849335272603,0.9940067618481472,0.1030697179548405,0.9992681961443536,0.9999999029170809,95,0,8741,724868,0.0,0.0119150664727395,"KAN(cat,1L)",45,10.3,19482,733704,"bytes_src,byte_asymmetry,bytes_total,payload_mean_src,byte_rate,duration,flow_rate,pkt_asymmetry,pkts_total,bytes_dst",0.0,0.0,bot->bot,3,cat,50.0,0.9803921568627452,0.9998705199917132
0.9966198903099888,0.9983097262983416,1.0,0.9966194525966828,0.998306864435824,0.1917511008023337,0.99990425130381,0.999999986531124,95,0,2480,731129,0.0,0.003380547403317,"KAN(cat,ML)",45,49.6,19482,733704,"bytes_src,byte_asymmetry,bytes_total,payload_mean_src,byte_rate,duration,flow_rate,pkt_asymmetry,pkts_total,bytes_dst",0.0,0.0,bot->bot,3,cat,50.0,0.9803921568627452,0.9998705199917132
0.9946136316552724,0.9920439907362096,0.9999986294967924,0.9946142972618928,0.9972991960461104,0.1512198563035272,0.9944452340200444,0.9999985775175018,94,1,3951,729658,0.0105263157894736,0.005385702738107,DecisionTree(d=5),45,1.5,19482,733704,"bytes_src,byte_asymmetry,bytes_total,payload_mean_src,byte_rate,duration,flow_rate,pkt_asymmetry,pkts_total,bytes_dst",0.0,0.0,bot->bot,3,cat,50.0,0.9803921568627452,0.9998705199917132
0.9966117126252548,0.9983056369264828,1.0,0.9966112738529652,0.998302761187712,0.191527305223755,0.9999499805252634,0.9999999913739374,95,0,2486,731123,0.0,0.0033887261470347,LightGBM,45,8.1,19482,733704,"bytes_src,byte_asymmetry,bytes_total,payload_mean_src,byte_rate,duration,flow_rate,pkt_asymmetry,pkts_total,bytes_dst",0.0,0.0,bot->bot,3,cat,50.0,0.9803921568627452,0.9998705199917132
0.9998160020934872,0.9841205601348948,0.9999959099089272,0.9998200676382104,0.9999079810427316,0.6306080398444379,0.99994402582589,0.9999999905968578,92,3,132,733477,0.031578947368421,0.0001799323617894,XGBoost,45,3.2,19482,733704,"bytes_src,byte_asymmetry,bytes_total,payload_mean_src,byte_rate,duration,flow_rate,pkt_asymmetry,pkts_total,bytes_dst",0.0,0.0,bot->bot,3,cat,50.0,0.9803921568627452,0.9998705199917132
0.9996974256648458,0.9419614535808584,0.9999850015475676,0.9997123808459276,0.999848672613424,0.5016772317960769,0.9994866259963092,0.9999999312318766,84,11,211,733398,0.1157894736842105,0.0002876191540725,MLP(16),45,4.0,19482,733704,"bytes_src,byte_asymmetry,bytes_total,payload_mean_src,byte_rate,duration,flow_rate,pkt_asymmetry,pkts_total,bytes_dst",0.0,0.0,bot->bot,3,cat,50.0,0.9803921568627452,0.9998705199917132
0.990179963582044,0.995089345959496,1.0,0.9901786919189922,0.9950651124339304,0.1135160212772497,0.9989668668330492,0.9999998645651144,95,0,7205,726404,0.0,0.0098213080810077,"KAN(cat,1L)",45,10.5,19482,733704,"bytes_src,byte_asymmetry,bytes_total,payload_mean_src,byte_rate,duration,flow_rate,pkt_asymmetry,pkts_total,bytes_dst",0.0,0.0,bot->bot,4,cat,50.0,0.9803921568627452,0.9998705199917132
0.9965067656711698,0.9929906803215336,0.9999986321007648,0.996507676432541,0.998250102242368,0.1867995608618081,0.9999288305809828,0.999999990045511,94,1,2562,731047,0.0105263157894736,0.0034923235674589,"KAN(cat,ML)",45,48.7,19482,733704,"bytes_src,byte_asymmetry,bytes_total,payload_mean_src,byte_rate,duration,flow_rate,pkt_asymmetry,pkts_total,bytes_dst",0.0,0.0,bot->bot,4,cat,50.0,0.9803921568627452,0.9998705199917132
0.9946313499721958,0.9973153273746642,1.0,0.9946306547493284,0.997308100505782,0.153046984047466,0.9997846694614534,0.9999999542682868,95,0,3939,729670,0.0,0.0053693452506716,DecisionTree(d=5),45,1.4,19482,733704,"bytes_src,byte_asymmetry,bytes_total,payload_mean_src,byte_rate,duration,flow_rate,pkt_asymmetry,pkts_total,bytes_dst",0.0,0.0,bot->bot,4,cat,50.0,0.9803921568627452,0.9998705199917132
0.9966975783149608,0.9983485753310006,1.0,0.9966971506620012,0.9983458436163424,0.1939168501261905,0.9999822506912652,0.9999999962389148,95,0,2423,731186,0.0,0.0033028493379988,LightGBM,45,9.8,19482,733704,"bytes_src,byte_asymmetry,bytes_total,payload_mean_src,byte_rate,duration,flow_rate,pkt_asymmetry,pkts_total,bytes_dst",0.0,0.0,bot->bot,4,cat,50.0,0.9803921568627452,0.9998705199917132
0.9998650682018908,0.9894075726988084,0.999997273399008,0.9998677769765638,0.9999325209951722,0.6921716452878484,0.9999784195955238,0.999999995742567,93,2,97,733512,0.0210526315789473,0.0001322230234361,XGBoost,45,3.2,19482,733704,"bytes_src,byte_asymmetry,bytes_total,payload_mean_src,byte_rate,duration,flow_rate,pkt_asymmetry,pkts_total,bytes_dst",0.0,0.0,bot->bot,4,cat,50.0,0.9803921568627452,0.9998705199917132
0.9997246846139588,0.984074895482471,0.9999959095352824,0.9997287383333628,0.9998623060867526,0.5532429490489095,0.9999010085036694,0.9999999857098114,92,3,199,733410,0.031578947368421,0.0002712616666371,MLP(16),45,4.5,19482,733704,"bytes_src,byte_asymmetry,bytes_total,payload_mean_src,byte_rate,duration,flow_rate,pkt_asymmetry,pkts_total,bytes_dst",0.0,0.0,bot->bot,4,cat,50.0,0.9803921568627452,0.9998705199917132
0.9891359458310164,0.994567269485516,1.0,0.9891345389710322,0.9945375937041502,0.1079345231823467,0.9991923705808868,0.9999998898322696,95,0,7971,725638,0.0,0.0108654610289677,"KAN(cat,1L)",45,10.4,19482,733704,"bytes_src,byte_asymmetry,payload_mean_src,bytes_total,byte_rate,duration,flow_rate,pkt_asymmetry,pkts_total,bytes_dst",0.0,0.0,bot->bot,5,cat,50.0,0.9803921568627452,0.9998705199917132
0.996572187149041,0.9982858716291648,1.0,0.9965717432583298,0.9982829283479312,0.1904565150935686,0.9999211396921536,0.9999999856956936,95,0,2515,731094,0.0,0.0034282567416702,"KAN(cat,ML)",45,49.1,19482,733704,"bytes_src,byte_asymmetry,payload_mean_src,bytes_total,byte_rate,duration,flow_rate,pkt_asymmetry,pkts_total,bytes_dst",0.0,0.0,bot->bot,5,cat,50.0,0.9803921568627452,0.9998705199917132
0.9947880889295956,0.9921312306691984,0.99999862973717,0.9947887771278706,0.9973869000598607,0.153684547487729,0.9943325897611744,0.9999985543898862,94,1,3823,729786,0.0105263157894736,0.0052112228721294,DecisionTree(d=5),45,1.5,19482,733704,"bytes_src,byte_asymmetry,payload_mean_src,bytes_total,byte_rate,duration,flow_rate,pkt_asymmetry,pkts_total,bytes_dst",0.0,0.0,bot->bot,5,cat,50.0,0.9803921568627452,0.9998705199917132
0.9967193854742512,0.998359480322624,1.0,0.9967189606452485,0.9983567845954188,0.1945380283362209,0.999911490209434,0.9999999830460362,95,0,2407,731202,0.0,0.0032810393547516,LightGBM,45,10.1,19482,733704,"bytes_src,byte_asymmetry,payload_mean_src,bytes_total,byte_rate,duration,flow_rate,pkt_asymmetry,pkts_total,bytes_dst",0.0,0.0,bot->bot,5,cat,50.0,0.9803921568627452,0.9998705199917132
0.999805098513842,0.968327678640802,0.9999918197955494,0.9998132520184458,0.999902527934608,0.6073320270300676,0.9999048826454304,0.999999981979837,89,6,137,733472,0.0631578947368421,0.0001867479815542,XGBoost,45,3.2,19482,733704,"bytes_src,byte_asymmetry,payload_mean_src,bytes_total,byte_rate,duration,flow_rate,pkt_asymmetry,pkts_total,bytes_dst",0.0,0.0,bot->bot,5,cat,50.0,0.9803921568627452,0.9998705199917132
0.9996688037682772,0.9472096171121128,0.9999863646156322,0.9996823921189626,0.9998343552636512,0.4889397998356741,0.9998036527560824,0.999999969089103,85,10,233,733376,0.1052631578947368,0.0003176078810374,MLP(16),45,4.7,19482,733704,"bytes_src,byte_asymmetry,payload_mean_src,bytes_total,byte_rate,duration,flow_rate,pkt_asymmetry,pkts_total,bytes_dst",0.0,0.0,bot->bot,5,cat,50.0,0.9803921568627452,0.9998705199917132
0.9851888701862466,0.992593466001644,1.0,0.985186932003288,0.9925381999257048,0.0928817160595854,0.9989786367806284,0.9999998619184808,96,0,10867,722742,0.0,0.0148130679967121,"KAN(cat,1L)",46,10.3,19431,733705,"bytes_src,byte_asymmetry,payload_mean_src,byte_rate,bytes_total,duration,flow_rate,pkt_asymmetry,pkts_total,pkts_src",0.0,0.0,bot->bot,1,cat,50.0,0.9803921568627452,0.9998691572225896
0.9967275676191384,0.998363569694483,1.0,0.996727139388966,0.9983608874009516,0.195755731768857,0.9999173464111446,0.9999999870810936,96,0,2401,731208,0.0,0.0032728606110339,"KAN(cat,ML)",46,48.3,19431,733705,"bytes_src,byte_asymmetry,payload_mean_src,byte_rate,bytes_total,duration,flow_rate,pkt_asymmetry,pkts_total,pkts_src",0.0,0.0,bot->bot,1,cat,50.0,0.9803921568627452,0.9998691572225896
0.9947567482843922,0.9921703793051432,0.9999986296939832,0.9947574252769528,0.997371141875653,0.1540348447002205,0.994374004067562,0.9999985539524796,95,1,3846,729763,0.0104166666666666,0.0052425747230472,DecisionTree(d=5),46,1.5,19431,733705,"bytes_src,byte_asymmetry,payload_mean_src,byte_rate,bytes_total,duration,flow_rate,pkt_asymmetry,pkts_total,pkts_src",0.0,0.0,bot->bot,1,cat,50.0,0.9803921568627452,0.9998691572225896
0.9967521006399028,0.9983758378100596,1.0,0.9967516756201192,0.9983731956158884,0.196467554942364,0.999929543530682,0.9999999866163054,96,0,2383,731226,0.0,0.0032483243798808,LightGBM,46,9.0,19431,733705,"bytes_src,byte_asymmetry,payload_mean_src,byte_rate,bytes_total,duration,flow_rate,pkt_asymmetry,pkts_total,pkts_src",0.0,0.0,bot->bot,1,cat,50.0,0.9803921568627452,0.9998691572225896
0.999850075984217,0.9738867693258034,0.9999931834510551,0.9998568719849402,0.9999250230724456,0.6633485161129445,0.9998877410627914,0.9999999811244358,91,5,105,733504,0.0520833333333333,0.0001431280150597,XGBoost,46,3.1,19431,733705,"bytes_src,byte_asymmetry,payload_mean_src,byte_rate,bytes_total,duration,flow_rate,pkt_asymmetry,pkts_total,pkts_src",0.0,0.0,bot->bot,1,cat,50.0,0.9803921568627452,0.9998691572225896
0.9997601215747474,0.9165576167504306,0.999978185734834,0.999781900167528,0.9998800333180194,0.5269600592426366,0.9992684710111244,0.999999899830608,80,16,160,733449,0.1666666666666666,0.000218099832472,MLP(16),46,3.6,19431,733705,"bytes_src,byte_asymmetry,payload_mean_src,byte_rate,bytes_total,duration,flow_rate,pkt_asymmetry,pkts_total,pkts_src",0.0,0.0,bot->bot,1,cat,50.0,0.9803921568627452,0.9998691572225896
0.9866267777921645,0.9933125138868252,1.0,0.9866250277736506,0.9932674903218458,0.0977729416005879,0.9992017063358456,0.9999998911659848,96,0,9812,723797,0.0,0.0133749722263494,"KAN(cat,1L)",46,10.5,19431,733705,"bytes_src,byte_asymmetry,payload_mean_src,bytes_total,byte_rate,flow_rate,duration,pkt_asymmetry,pkts_total,bytes_dst",0.0,0.0,bot->bot,2,cat,50.0,0.9803921568627452,0.9998691572225896
0.9965667400385714,0.998283145381259,1.0,0.996566290762518,0.9982801927221908,0.1912726462561055,0.9999269379760428,0.9999999883488436,96,0,2519,731090,0.0,0.003433709237482,"KAN(cat,ML)",46,48.8,19431,733705,"bytes_src,byte_asymmetry,payload_mean_src,bytes_total,byte_rate,flow_rate,duration,pkt_asymmetry,pkts_total,bytes_dst",0.0,0.0,bot->bot,2,cat,50.0,0.9803921568627452,0.9998691572225896
0.9947921848699408,0.9921880999165312,0.9999986297428028,0.9947928664997294,0.997388955438674,0.1545482918670537,0.9944530439580213,0.9999985675033952,95,1,3820,729789,0.0104166666666666,0.0052071335002705,DecisionTree(d=5),46,1.5,19431,733705,"bytes_src,byte_asymmetry,payload_mean_src,bytes_total,byte_rate,flow_rate,duration,pkt_asymmetry,pkts_total,bytes_dst",0.0,0.0,bot->bot,2,cat,50.0,0.9803921568627452,0.9998691572225896
0.9967480118031088,0.9931661413527731,0.999998632431878,0.9967489493722133,0.9983711464916843,0.19437474369145,0.999891844633858,0.9999999816682356,95,1,2385,731224,0.0104166666666666,0.0032510506277867,LightGBM,46,9.5,19431,733705,"bytes_src,byte_asymmetry,payload_mean_src,bytes_total,byte_rate,flow_rate,duration,pkt_asymmetry,pkts_total,bytes_dst",0.0,0.0,bot->bot,2,cat,50.0,0.9803921568627452,0.9998691572225896
0.9998650683857954,0.9791019182789016,0.9999945468277534,0.9998705032244696,0.999932521179148,0.6865934503016476,0.999926817282776,0.9999999862422286,92,4,95,733514,0.0416666666666666,0.0001294967755302,XGBoost,46,3.3,19431,733705,"bytes_src,byte_asymmetry,payload_mean_src,bytes_total,byte_rate,flow_rate,duration,pkt_asymmetry,pkts_total,bytes_dst",0.0,0.0,bot->bot,2,cat,50.0,0.9803921568627452,0.9998691572225896
0.99968924840365,0.9477680861557952,0.999986364894512,0.9997028389782568,0.9998445818365246,0.5033192417030128,0.99939694544369,0.9999999166859552,86,10,218,733391,0.1041666666666666,0.0002971610217431,MLP(16),46,3.9,19431,733705,"bytes_src,byte_asymmetry,payload_mean_src,bytes_total,byte_rate,flow_rate,duration,pkt_asymmetry,pkts_total,bytes_dst",0.0,0.0,bot->bot,2,cat,50.0,0.9803921568627452,0.9998691572225896
0.9838027324370592,0.9919003174715686,1.0,0.9838006349431372,0.9918341768968498,0.0883293570967138,0.99936131903335,0.9999999143552952,95,0,11884,721725,0.0,0.0161993650568627,"KAN(cat,1L)",46,10.5,19482,733704,"bytes_src,payload_mean_src,byte_asymmetry,bytes_total,byte_rate,duration,flow_rate,pkt_asymmetry,pkts_total,bytes_dst",0.0,0.0,bot->bot,3,cat,50.0,0.9803921568627452,0.9998705199917132
0.9965394764101054,0.9982695141417296,1.0,0.9965390282834587,0.99826651436936,0.189583734239327,0.9999410843478862,0.99999999093727,95,0,2539,731070,0.0,0.0034609717165411,"KAN(cat,ML)",46,49.7,19482,733704,"bytes_src,payload_mean_src,byte_asymmetry,bytes_total,byte_rate,duration,flow_rate,pkt_asymmetry,pkts_total,bytes_dst",0.0,0.0,bot->bot,3,cat,50.0,0.9803921568627452,0.9998705199917132
0.9946940455551556,0.9920842028928216,0.999998629607602,0.994694721575117,0.9973396240211518,0.1523411992962196,0.994434637524894,0.999998575348892,94,1,3892,729717,0.0105263157894736,0.005305278424883,DecisionTree(d=5),46,1.5,19482,733704,"bytes_src,payload_mean_src,byte_asymmetry,bytes_total,byte_rate,duration,flow_rate,pkt_asymmetry,pkts_total,bytes_dst",0.0,0.0,bot->bot,3,cat,50.0,0.9803921568627452,0.9998705199917132
0.9967112077895172,0.993092914618005,0.9999986323813796,0.9967121450254836,0.9983526840054696,0.1923290360729442,0.9999188941247994,0.999999986627348,94,1,2412,731197,0.0105263157894736,0.0032878549745163,LightGBM,46,9.2,19482,733704,"bytes_src,payload_mean_src,byte_asymmetry,bytes_total,byte_rate,duration,flow_rate,pkt_asymmetry,pkts_total,bytes_dst",0.0,0.0,bot->bot,3,cat,50.0,0.9803921568627452,0.9998705199917132
0.9998568905171568,0.9788785306614286,0.9999945467831474,0.999862324480752,0.9999284312609524,0.6737445492661629,0.9999334436794132,0.9999999883928417,91,4,101,733508,0.0421052631578947,0.0001376755192479,XGBoost,46,3.3,19482,733704,"bytes_src,payload_mean_src,byte_asymmetry,bytes_total,byte_rate,duration,flow_rate,pkt_asymmetry,pkts_total,bytes_dst",0.0,0.0,bot->bot,3,cat,50.0,0.9803921568627452,0.9998705199917132
0.9986793039154754,0.9572397557827126,0.9999890808237426,0.9986900378812148,0.9993391371955274,0.2755100281590859,0.9986086450325504,0.9999998148987362,87,8,961,732648,0.0842105263157894,0.0013099621187853,MLP(16),46,3.8,19482,733704,"bytes_src,payload_mean_src,byte_asymmetry,bytes_total,byte_rate,duration,flow_rate,pkt_asymmetry,pkts_total,bytes_dst",0.0,0.0,bot->bot,3,cat,50.0,0.9803921568627452,0.9998705199917132
0.985627719080174,0.9928129289580688,1.0,0.985625857916138,0.9927609010395608,0.0938095457522912,0.9988663400286876,0.9999998479003556,95,0,10545,723064,0.0,0.0143741420838621,"KAN(cat,1L)",46,10.3,19482,733704,"bytes_src,payload_mean_src,byte_asymmetry,bytes_total,byte_rate,duration,flow_rate,pkt_asymmetry,pkts_total,pkts_src",0.0,0.0,bot->bot,4,cat,50.0,0.9803921568627452,0.9998705199917132
0.996712570736973,0.9983560725127418,1.0,0.9967121450254836,0.9983533655651328,0.1943432722018132,0.9998359731424404,0.999999976352258,95,0,2412,731197,0.0,0.0032878549745163,"KAN(cat,ML)",46,49.8,19482,733704,"bytes_src,payload_mean_src,byte_asymmetry,bytes_total,byte_rate,duration,flow_rate,pkt_asymmetry,pkts_total,pkts_src",0.0,0.0,bot->bot,4,cat,50.0,0.9803921568627452,0.9998705199917132
0.99478672598214,0.9973930254399824,1.0,0.9947860508799646,0.9973862113594912,0.1552685912112744,0.9996727569849162,0.9999999352391378,95,0,3825,729784,0.0,0.0052139491200353,DecisionTree(d=5),46,1.4,19482,733704,"bytes_src,payload_mean_src,byte_asymmetry,bytes_total,byte_rate,duration,flow_rate,pkt_asymmetry,pkts_total,pkts_src",0.0,0.0,bot->bot,4,cat,50.0,0.9803921568627452,0.9998705199917132
0.9967575480030094,0.9983785640579654,1.0,0.996757128115931,0.9983759307336848,0.1956395386698488,0.999921892997496,0.9999999850420562,95,0,2379,731230,0.0,0.003242871884069,LightGBM,46,8.5,19482,733704,"bytes_src,payload_mean_src,byte_asymmetry,bytes_total,byte_rate,duration,flow_rate,pkt_asymmetry,pkts_total,pkts_src",0.0,0.0,bot->bot,4,cat,50.0,0.9803921568627452,0.9998705199917132
0.9998650682018908,0.9736201437005272,0.9999931835532774,0.9998718663484226,0.9999325212711356,0.6806743691421973,0.9999216347213784,0.9999999850078838,90,5,94,733515,0.0526315789473684,0.0001281336515773,XGBoost,46,3.3,19482,733704,"bytes_src,payload_mean_src,byte_asymmetry,bytes_total,byte_rate,duration,flow_rate,pkt_asymmetry,pkts_total,pkts_src",0.0,0.0,bot->bot,4,cat,50.0,0.9803921568627452,0.9998705199917132
0.999817365040943,0.9262340020365072,0.9999809135068296,0.999836425125646,0.999908664096538,0.5861020488051899,0.9996308516848678,0.999999947228689,81,14,120,733489,0.1473684210526315,0.000163574874354,MLP(16),46,4.5,19482,733704,"bytes_src,payload_mean_src,byte_asymmetry,bytes_total,byte_rate,duration,flow_rate,pkt_asymmetry,pkts_total,pkts_src",0.0,0.0,bot->bot,4,cat,50.0,0.9803921568627452,0.9998705199917132
0.9863855178655152,0.9931918774169892,1.0,0.9863837548339784,0.9931452091606742,0.0963980701689175,0.9992975391810252,0.9999999061548648,95,0,9989,723620,0.0,0.0136162451660216,"KAN(cat,1L)",46,10.6,19482,733704,"bytes_src,byte_asymmetry,payload_mean_src,byte_rate,bytes_total,duration,flow_rate,pkt_asymmetry,pkts_total,bytes_dst",0.0,0.0,bot->bot,5,cat,50.0,0.9803921568627452,0.9998705199917132
0.996658052838747,0.9930663337009225,0.9999986323084308,0.9966589831913184,0.998326014768209,0.1908445074491146,0.9998102316227396,0.999999974075146,94,1,2451,731158,0.0105263157894736,0.0033410168086814,"KAN(cat,ML)",46,49.3,19482,733704,"bytes_src,byte_asymmetry,payload_mean_src,byte_rate,bytes_total,duration,flow_rate,pkt_asymmetry,pkts_total,bytes_dst",0.0,0.0,bot->bot,5,cat,50.0,0.9803921568627452,0.9998705199917132
0.9946913196602444,0.997345316101629,1.0,0.9946906322032582,0.997338249996754,0.1538931781806905,0.9997011530091572,0.9999999401873793,95,0,3895,729714,0.0,0.0053093677967418,DecisionTree(d=5),46,1.4,19482,733704,"bytes_src,byte_asymmetry,payload_mean_src,byte_rate,bytes_total,duration,flow_rate,pkt_asymmetry,pkts_total,bytes_dst",0.0,0.0,bot->bot,5,cat,50.0,0.9803921568627452,0.9998705199917132
0.9968120659012354,0.9984058265370244,1.0,0.996811653074049,0.9984032810901106,0.1972459382729451,0.99995792969021,0.9999999918151784,95,0,2339,731270,0.0,0.003188346925951,LightGBM,46,11.5,19482,733704,"bytes_src,byte_asymmetry,payload_mean_src,byte_rate,bytes_total,duration,flow_rate,pkt_asymmetry,pkts_total,bytes_dst",0.0,0.0,bot->bot,5,cat,50.0,0.9803921568627452,0.9998705199917132
0.999863705254435,0.9841444148040714,0.9999959101040878,0.9998677769765638,0.9999318394355214,0.6865365258322753,0.999952534589091,0.9999999911068088,92,3,97,733512,0.031578947368421,0.0001322230234361,XGBoost,46,3.2,19482,733704,"bytes_src,byte_asymmetry,payload_mean_src,byte_rate,bytes_total,duration,flow_rate,pkt_asymmetry,pkts_total,bytes_dst",0.0,0.0,bot->bot,5,cat,50.0,0.9803921568627452,0.9998705199917132
0.9996851591377448,0.9735301775196324,0.9999931823264084,0.9996919339866333,0.9998425354653075,0.5193514444491498,0.9997490488802618,0.9999999646579406,90,5,226,733383,0.0526315789473684,0.0003080660133667,MLP(16),46,4.2,19482,733704,"bytes_src,byte_asymmetry,payload_mean_src,byte_rate,bytes_total,duration,flow_rate,pkt_asymmetry,pkts_total,bytes_dst",0.0,0.0,bot->bot,5,cat,50.0,0.9803921568627452,0.9998705199917132
0.9873191541559618,0.9936587473708748,1.0,0.9873174947417492,0.9936182792675012,0.1004153499196721,0.9990757167646528,0.9999998732566586,96,0,9304,724305,0.0,0.0126825052582506,"KAN(cat,1L)",47,10.5,19431,733705,"bytes_src,byte_asymmetry,payload_mean_src,byte_rate,bytes_total,duration,flow_rate,pkt_asymmetry,pkts_total,bytes_dst",0.0,0.0,bot->bot,1,cat,50.0,0.9803921568627452,0.9998691572225896
0.9965803694945516,0.9982899610010236,1.0,0.9965799220020474,0.9982870317585268,0.191640731240321,0.9998414516452224,0.999999976429522,96,0,2509,731100,0.0,0.0034200779979525,"KAN(cat,ML)",47,49.8,19431,733705,"bytes_src,byte_asymmetry,payload_mean_src,byte_rate,bytes_total,duration,flow_rate,pkt_asymmetry,pkts_total,bytes_dst",0.0,0.0,bot->bot,1,cat,50.0,0.9803921568627452,0.9998691572225896
0.994636809071766,0.9869027500798564,0.9999972590649574,0.994638833493046,0.997310848794529,0.1507591652259714,0.9892002103073072,0.9999971897155951,94,2,3933,729676,0.0208333333333333,0.0053611665069539,DecisionTree(d=5),47,1.5,19431,733705,"bytes_src,byte_asymmetry,payload_mean_src,byte_rate,bytes_total,duration,flow_rate,pkt_asymmetry,pkts_total,bytes_dst",0.0,0.0,bot->bot,1,cat,50.0,0.9803921568627452,0.9998691572225896
0.9966294355360806,0.9878991936894632,0.999997264545778,0.9966317207122596,0.9983116561267492,0.1890967570875164,0.9998383917159324,0.9999999732256306,94,2,2471,731138,0.0208333333333333,0.0033682792877404,LightGBM,47,8.8,19431,733705,"bytes_src,byte_asymmetry,payload_mean_src,byte_rate,bytes_total,duration,flow_rate,pkt_asymmetry,pkts_total,bytes_dst",0.0,0.0,bot->bot,1,cat,50.0,0.9803921568627452,0.9998691572225896
0.9998391724194328,0.958258361515921,0.9999890934919504,0.9998500563651754,0.9999195700953436,0.6382247016489665,0.9998217999415676,0.999999971025474,88,8,110,733499,0.0833333333333333,0.0001499436348245,XGBoost,47,3.2,19431,733705,"bytes_src,byte_asymmetry,payload_mean_src,byte_rate,bytes_total,duration,flow_rate,pkt_asymmetry,pkts_total,bytes_dst",0.0,0.0,bot->bot,1,cat,50.0,0.9803921568627452,0.9998691572225896
0.9988401332960796,0.9733817319012352,0.9999931765579284,0.998846797135804,0.9994196581097494,0.30321898425752,0.999626191654319,0.9999999453479972,91,5,846,732763,0.0520833333333333,0.001153202864196,MLP(16),47,4.5,19431,733705,"bytes_src,byte_asymmetry,payload_mean_src,byte_rate,bytes_total,duration,flow_rate,pkt_asymmetry,pkts_total,bytes_dst",0.0,0.0,bot->bot,1,cat,50.0,0.9803921568627452,0.9998691572225896
0.9855991168112525,0.992798616156563,1.0,0.985597232313126,0.9927463800550852,0.0942032779605292,0.9995454123608988,0.999999937642595,96,0,10566,723043,0.0,0.014402767686874,"KAN(cat,1L)",47,10.3,19431,733705,"bytes_src,byte_asymmetry,payload_mean_src,bytes_total,byte_rate,duration,flow_rate,pkt_asymmetry,pkts_total,bytes_dst",0.0,0.0,bot->bot,2,cat,50.0,0.9803921568627452,0.9998691572225896
0.9964154530771904,0.9982074920018702,1.0,0.9964149840037404,0.998204273147124,0.1873237380995735,0.9999370904096506,0.9999999903303723,96,0,2630,730979,0.0,0.0035850159962595,"KAN(cat,ML)",47,49.1,19431,733705,"bytes_src,byte_asymmetry,payload_mean_src,bytes_total,byte_rate,duration,flow_rate,pkt_asymmetry,pkts_total,bytes_dst",0.0,0.0,bot->bot,2,cat,50.0,0.9803921568627452,0.9998691572225896
0.9947090451884611,0.9921465246359664,0.9999986296282593,0.9947097159385996,0.9973471610796686,0.1533516204114264,0.9944399806868056,0.9999985645352352,95,1,3881,729728,0.0104166666666666,0.0052902840614005,DecisionTree(d=5),47,1.5,19431,733705,"bytes_src,byte_asymmetry,payload_mean_src,bytes_total,byte_rate,duration,flow_rate,pkt_asymmetry,pkts_total,bytes_dst",0.0,0.0,bot->bot,2,cat,50.0,0.9803921568627452,0.9998691572225896
0.9966798645232076,0.9983397150253064,1.0,0.9966794300506128,0.9983369538948458,0.1943933989527971,0.9999549317143056,0.9999999912611144,96,0,2436,731173,0.0,0.0033205699493872,LightGBM,47,8.3,19431,733705,"bytes_src,byte_asymmetry,payload_mean_src,bytes_total,byte_rate,duration,flow_rate,pkt_asymmetry,pkts_total,bytes_dst",0.0,0.0,bot->bot,2,cat,50.0,0.9803921568627452,0.9998691572225896
0.9998269059090508,0.9842904863149172,0.999995909953537,0.999830972629834,0.9999134344900168,0.6442842304339682,0.9999472215444468,0.9999999900837306,93,3,124,733485,0.03125,0.0001690273701658,XGBoost,47,3.2,19431,733705,"bytes_src,byte_asymmetry,payload_mean_src,bytes_total,byte_rate,duration,flow_rate,pkt_asymmetry,pkts_total,bytes_dst",0.0,0.0,bot->bot,2,cat,50.0,0.9803921568627452,0.9998691572225896
0.999745129173169,0.9425883784254736,0.9999850022632948,0.9997600901842808,0.999872533575815,0.5369009961327589,0.9995513618289852,0.9999999383264998,85,11,176,733433,0.1145833333333333,0.0002399098157192,MLP(16),47,3.8,19431,733705,"bytes_src,byte_asymmetry,payload_mean_src,bytes_total,byte_rate,duration,flow_rate,pkt_asymmetry,pkts_total,bytes_dst",0.0,0.0,bot->bot,2,cat,50.0,0.9803921568627452,0.9998691572225896
0.9903871315953028,0.9951929433799204,1.0,0.9903858867598408,0.9951697239695514,0.1147286153589186,0.99891508247151,0.999999858648834,95,0,7053,726556,0.0,0.0096141132401592,"KAN(cat,1L)",47,10.3,19482,733704,"bytes_src,byte_asymmetry,payload_mean_src,bytes_total,byte_rate,duration,flow_rate,pkt_asymmetry,pkts_total,bytes_dst",0.0,0.0,bot->bot,3,cat,50.0,0.9803921568627452,0.9998705199917132
0.9965176692508152,0.9982586091501058,1.0,0.9965172183002116,0.9982555714181351,0.1890084711474046,0.9998628482073234,0.9999999818608504,95,0,2555,731054,0.0,0.0034827816997883,"KAN(cat,ML)",47,49.2,19482,733704,"bytes_src,byte_asymmetry,payload_mean_src,bytes_total,byte_rate,duration,flow_rate,pkt_asymmetry,pkts_total,bytes_dst",0.0,0.0,bot->bot,3,cat,50.0,0.9803921568627452,0.9998705199917132
0.99475537819066,0.9973773495145234,1.0,0.9947546990290468,0.997370453132154,0.1548126389698967,0.9998058481030804,0.9999999600965204,95,0,3848,729761,0.0,0.0052453009709531,DecisionTree(d=5),47,1.5,19482,733704,"bytes_src,byte_asymmetry,payload_mean_src,bytes_total,byte_rate,duration,flow_rate,pkt_asymmetry,pkts_total,bytes_dst",0.0,0.0,bot->bot,3,cat,50.0,0.9803921568627452,0.9998705199917132
0.9967520962131868,0.9983758378100596,1.0,0.9967516756201192,0.9983731956158884,0.1954810390701896,0.9999750046113048,0.9999999960624868,95,0,2383,731226,0.0,0.0032483243798808,LightGBM,47,9.5,19482,733704,"bytes_src,byte_asymmetry,payload_mean_src,bytes_total,byte_rate,duration,flow_rate,pkt_asymmetry,pkts_total,bytes_dst",0.0,0.0,bot->bot,3,cat,50.0,0.9803921568627452,0.9998705199917132
0.999844623990056,0.9893973492691612,0.9999972733432492,0.9998473301172696,0.99992229610908,0.6663601891764223,0.999946056163146,0.9999999923068148,93,2,112,733497,0.0210526315789473,0.0001526698827304,XGBoost,47,3.2,19482,733704,"bytes_src,byte_asymmetry,payload_mean_src,bytes_total,byte_rate,duration,flow_rate,pkt_asymmetry,pkts_total,bytes_dst",0.0,0.0,bot->bot,3,cat,50.0,0.9803921568627452,0.9998705199917132
0.9997751136698176,0.9525252552790384,0.9999877294256552,0.9997873526633396,0.9998875310056567,0.5671141109083726,0.9996820764481524,0.9999999580484964,86,9,156,733453,0.0947368421052631,0.0002126473366602,MLP(16),47,3.8,19482,733704,"bytes_src,byte_asymmetry,payload_mean_src,bytes_total,byte_rate,duration,flow_rate,pkt_asymmetry,pkts_total,bytes_dst",0.0,0.0,bot->bot,3,cat,50.0,0.9803921568627452,0.9998705199917132
0.9888987929737332,0.9944486777016096,1.0,0.9888973554032188,0.9944176884912544,0.1067760386169635,0.9994990591216272,0.9999999283552304,95,0,8145,725464,0.0,0.0111026445967811,"KAN(cat,1L)",47,10.5,19482,733704,"bytes_src,byte_asymmetry,payload_mean_src,byte_rate,bytes_total,duration,flow_rate,pkt_asymmetry,pkts_total,pkts_src",0.0,0.0,bot->bot,4,cat,50.0,0.9803921568627452,0.9998705199917132
0.996568098306674,0.9982838269432356,1.0,0.9965676538864708,0.9982808766300266,0.1903467610567139,0.9998606098143058,0.9999999785769262,95,0,2518,731091,0.0,0.0034323461135291,"KAN(cat,ML)",47,49.4,19482,733704,"bytes_src,byte_asymmetry,payload_mean_src,byte_rate,bytes_total,duration,flow_rate,pkt_asymmetry,pkts_total,pkts_src",0.0,0.0,bot->bot,4,cat,50.0,0.9803921568627452,0.9998705199917132
0.9947744594550392,0.997386891382194,1.0,0.994773782764388,0.997380045155612,0.1550896992176296,0.9995497171123208,0.999999912529322,95,0,3834,729775,0.0,0.0052262172356118,DecisionTree(d=5),47,1.5,19482,733704,"bytes_src,byte_asymmetry,payload_mean_src,byte_rate,bytes_total,duration,flow_rate,pkt_asymmetry,pkts_total,pkts_src",0.0,0.0,bot->bot,4,cat,50.0,0.9803921568627452,0.9998705199917132
0.9967929846368564,0.9983962846693538,1.0,0.9967925693387076,0.9983937086352668,0.1966792265920997,0.999885203440152,0.99999997838582,95,0,2353,731256,0.0,0.0032074306612923,LightGBM,47,9.9,19482,733704,"bytes_src,byte_asymmetry,payload_mean_src,byte_rate,bytes_total,duration,flow_rate,pkt_asymmetry,pkts_total,pkts_src",0.0,0.0,bot->bot,4,cat,50.0,0.9803921568627452,0.9998705199917132
0.9998241797782212,0.9683372205084724,0.9999918199516832,0.999832335753787,0.9999120714933736,0.6270716642923082,0.9998748723954558,0.999999977042258,89,6,123,733486,0.0631578947368421,0.0001676642462129,XGBoost,47,3.2,19482,733704,"bytes_src,byte_asymmetry,payload_mean_src,byte_rate,bytes_total,duration,flow_rate,pkt_asymmetry,pkts_total,pkts_src",0.0,0.0,bot->bot,4,cat,50.0,0.9803921568627452,0.9998705199917132
0.999735588193604,0.9209306319851582,0.9999795485687408,0.999756000812422,0.9998677621955292,0.5099187680226613,0.999093522571288,0.9999998755110494,80,15,179,733430,0.1578947368421052,0.0002439991875781,MLP(16),47,3.9,19482,733704,"bytes_src,byte_asymmetry,payload_mean_src,byte_rate,bytes_total,duration,flow_rate,pkt_asymmetry,pkts_total,pkts_src",0.0,0.0,bot->bot,4,cat,50.0,0.9803921568627452,0.9998705199917132
0.9863378147045676,0.9931680227478126,1.0,0.986336045495625,0.9931210257522334,0.0962288857393961,0.998929223088938,0.9999998582232394,95,0,10024,723585,0.0,0.0136639545043749,"KAN(cat,1L)",47,10.5,19482,733704,"bytes_src,byte_asymmetry,payload_mean_src,bytes_total,byte_rate,duration,flow_rate,pkt_asymmetry,pkts_total,bytes_dst",0.0,0.0,bot->bot,5,cat,50.0,0.9803921568627452,0.9998705199917132
0.996561283569396,0.9982804191333532,1.0,0.9965608382667062,0.9982774570815084,0.1901642565649987,0.9999391688000154,0.9999999906656356,95,0,2523,731086,0.0,0.0034391617332938,"KAN(cat,ML)",47,49.8,19482,733704,"bytes_src,byte_asymmetry,payload_mean_src,bytes_total,byte_rate,duration,flow_rate,pkt_asymmetry,pkts_total,bytes_dst",0.0,0.0,bot->bot,5,cat,50.0,0.9803921568627452,0.9998705199917132
0.9947608299804824,0.9973800757624294,1.0,0.9947601515248586,0.9973731937290126,0.1548916485687975,0.9997228051569992,0.9999999460397008,95,0,3844,729765,0.0,0.0052398484751413,DecisionTree(d=5),47,1.5,19482,733704,"bytes_src,byte_asymmetry,payload_mean_src,bytes_total,byte_rate,duration,flow_rate,pkt_asymmetry,pkts_total,bytes_dst",0.0,0.0,bot->bot,5,cat,50.0,0.9803921568627452,0.9998705199917132
0.9967425555809972,0.9983710668762242,1.0,0.9967421337524484,0.9983684091238016,0.1952045851484305,0.9999504827288248,0.9999999908003449,95,0,2390,731219,0.0,0.0032578662475514,LightGBM,47,8.9,19482,733704,"bytes_src,byte_asymmetry,payload_mean_src,bytes_total,byte_rate,duration,flow_rate,pkt_asymmetry,pkts_total,bytes_dst",0.0,0.0,bot->bot,5,cat,50.0,0.9803921568627452,0.9998705199917132
0.9998732458866246,0.9841491857379068,0.9999959101431176,0.9998773188442344,0.9999366109774792,0.6996181431742194,0.9999507338306056,0.9999999908205276,92,3,90,733519,0.031578947368421,0.0001226811557655,XGBoost,47,3.3,19482,733704,"bytes_src,byte_asymmetry,payload_mean_src,bytes_total,byte_rate,duration,flow_rate,pkt_asymmetry,pkts_total,bytes_dst",0.0,0.0,bot->bot,5,cat,50.0,0.9803921568627452,0.9998705199917132
0.9986942963374876,0.9677722056299746,0.99999181069605,0.9987023059967912,0.9993466423692192,0.2828010658877991,0.999661191954326,0.9999999532568584,89,6,952,732657,0.0631578947368421,0.0012976940032087,MLP(16),47,3.9,19482,733704,"bytes_src,byte_asymmetry,payload_mean_src,bytes_total,byte_rate,duration,flow_rate,pkt_asymmetry,pkts_total,bytes_dst",0.0,0.0,bot->bot,5,cat,50.0,0.9803921568627452,0.9998705199917132
0.9867780647535452,0.993388167266214,1.0,0.986776334532428,0.9933441599652012,0.0983328044046315,0.9994742175327732,0.9999999282545332,96,0,9701,723908,0.0,0.0132236654675719,"KAN(cat,1L)",48,10.5,19431,733705,"bytes_src,byte_asymmetry,payload_mean_src,byte_rate,bytes_total,duration,flow_rate,pkt_asymmetry,pkts_total,bytes_dst",0.0,0.0,bot->bot,1,cat,50.0,0.9803921568627452,0.9998691572225896
0.996386831219632,0.9981931792003642,1.0,0.9963863584007284,0.9981899086897356,0.1866036667200591,0.9999231538871524,0.9999999884961284,96,0,2651,730958,0.0,0.0036136415992715,"KAN(cat,ML)",48,49.3,19431,733705,"bytes_src,byte_asymmetry,payload_mean_src,byte_rate,bytes_total,duration,flow_rate,pkt_asymmetry,pkts_total,bytes_dst",0.0,0.0,bot->bot,1,cat,50.0,0.9803921568627452,0.9998691572225896
0.9946627050381284,0.997331003300123,1.0,0.9946620066002462,0.9973238606931448,0.154274063595638,0.9997850097940456,0.9999999497739896,96,0,3916,729693,0.0,0.0053379933997538,DecisionTree(d=5),48,1.5,19431,733705,"bytes_src,byte_asymmetry,payload_mean_src,byte_rate,bytes_total,duration,flow_rate,pkt_asymmetry,pkts_total,bytes_dst",0.0,0.0,bot->bot,1,cat,50.0,0.9803921568627452,0.9998691572225896
0.9965081333778564,0.9930461864449136,0.999998632102636,0.996509039556494,0.9982507861903598,0.1878011565570134,0.9998990578314424,0.9999999838845968,95,1,2561,731048,0.0104166666666666,0.003490960443506,LightGBM,48,10.5,19431,733705,"bytes_src,byte_asymmetry,payload_mean_src,byte_rate,bytes_total,duration,flow_rate,pkt_asymmetry,pkts_total,bytes_dst",0.0,0.0,bot->bot,1,cat,50.0,0.9803921568627452,0.9998691572225896
0.9998187282354624,0.989494048714415,0.9999972732726182,0.9998214307621636,0.999909344286543,0.639528578236391,0.9999290678572192,0.9999999878152052,94,2,131,733478,0.0208333333333333,0.0001785692378365,XGBoost,48,3.2,19431,733705,"bytes_src,byte_asymmetry,payload_mean_src,byte_rate,bytes_total,duration,flow_rate,pkt_asymmetry,pkts_total,bytes_dst",0.0,0.0,bot->bot,1,cat,50.0,0.9803921568627452,0.9998691572225896
0.9997669363027376,0.958222238731168,0.999989092703837,0.9997778107956692,0.999883440588441,0.5668273521655708,0.9997580454983512,0.9999999654166006,88,8,163,733446,0.0833333333333333,0.0002221892043309,MLP(16),48,4.2,19431,733705,"bytes_src,byte_asymmetry,payload_mean_src,byte_rate,bytes_total,duration,flow_rate,pkt_asymmetry,pkts_total,bytes_dst",0.0,0.0,bot->bot,1,cat,50.0,0.9803921568627452,0.9998691572225896
0.984446064835322,0.9922220147244648,1.0,0.9844440294489298,0.9921610434357324,0.0906214912554595,0.999444945865804,0.9999999251836588,96,0,11412,722197,0.0,0.0155559705510701,"KAN(cat,1L)",48,10.6,19431,733705,"bytes_src,byte_asymmetry,payload_mean_src,bytes_total,byte_rate,duration,flow_rate,pkt_asymmetry,pkts_total,pkts_src",0.0,0.0,bot->bot,2,cat,50.0,0.9803921568627452,0.9998691572225896
0.9967330194015306,0.9983662959423888,1.0,0.9967325918847778,0.998363622585968,0.1959132489944051,0.999911340146227,0.9999999873928556,96,0,2397,731212,0.0,0.0032674081152221,"KAN(cat,ML)",48,48.6,19431,733705,"bytes_src,byte_asymmetry,payload_mean_src,bytes_total,byte_rate,duration,flow_rate,pkt_asymmetry,pkts_total,pkts_src",0.0,0.0,bot->bot,2,cat,50.0,0.9803921568627452,0.9998691572225896
0.994856243313048,0.9974277851007826,1.0,0.9948555702015652,0.9974211517488882,0.1570942003638129,0.9997275739983198,0.9999999471664582,96,0,3774,729835,0.0,0.0051444297984348,DecisionTree(d=5),48,1.4,19431,733705,"bytes_src,byte_asymmetry,payload_mean_src,bytes_total,byte_rate,duration,flow_rate,pkt_asymmetry,pkts_total,pkts_src",0.0,0.0,bot->bot,2,cat,50.0,0.9803921568627452,0.9998691572225896
0.9967480118031088,0.99837379312413,1.0,0.9967475862482604,0.9983711442677384,0.1963483808332917,0.9999243466206114,0.999999988020756,96,0,2386,731223,0.0,0.0032524137517396,LightGBM,48,8.8,19431,733705,"bytes_src,byte_asymmetry,payload_mean_src,bytes_total,byte_rate,duration,flow_rate,pkt_asymmetry,pkts_total,pkts_src",0.0,0.0,bot->bot,2,cat,50.0,0.9803921568627452,0.9998691572225896
0.999845987147423,0.9895076799539446,0.9999972733469666,0.9998486932412224,0.9999229777746576,0.670008724359381,0.9999599227358624,0.9999999926750596,94,2,111,733498,0.0208333333333333,0.0001513067587774,XGBoost,48,3.2,19431,733705,"bytes_src,byte_asymmetry,payload_mean_src,bytes_total,byte_rate,duration,flow_rate,pkt_asymmetry,pkts_total,pkts_src",0.0,0.0,bot->bot,2,cat,50.0,0.9803921568627452,0.9998691572225896
0.9996797077844638,0.937348011679246,0.9999836378064844,0.999696023358492,0.9998398098986576,0.4891995462736158,0.99929697592087,0.999999905680204,84,12,223,733386,0.125,0.0003039766415079,MLP(16),48,4.1,19431,733705,"bytes_src,byte_asymmetry,payload_mean_src,bytes_total,byte_rate,duration,flow_rate,pkt_asymmetry,pkts_total,pkts_src",0.0,0.0,bot->bot,2,cat,50.0,0.9803921568627452,0.9998691572225896
0.990448464230807,0.9952236136688616,1.0,0.9904472273377236,0.9952006903116676,0.115095028710316,0.9991834026601436,0.9999998863380816,95,0,7008,726601,0.0,0.0095527726622764,"KAN(cat,1L)",48,10.7,19482,733704,"bytes_src,byte_asymmetry,payload_mean_src,bytes_total,byte_rate,duration,flow_rate,pkt_asymmetry,pkts_total,bytes_dst",0.0,0.0,bot->bot,3,cat,50.0,0.9803921568627452,0.9998705199917132
0.9964999509338917,0.9982497488444116,1.0,0.9964994976888232,0.9982466800942204,0.1885448878129685,0.9998402060010312,0.9999999754548898,95,0,2568,731041,0.0,0.0035005023111766,"KAN(cat,ML)",48,49.8,19482,733704,"bytes_src,byte_asymmetry,payload_mean_src,bytes_total,byte_rate,duration,flow_rate,pkt_asymmetry,pkts_total,bytes_dst",0.0,0.0,bot->bot,3,cat,50.0,0.9803921568627452,0.9998705199917132
0.9947035861873452,0.9973514501594174,1.0,0.9947029003188348,0.9973444167147304,0.1540679861889609,0.9995780055215128,0.9999999167369636,95,0,3886,729723,0.0,0.0052970996811653,DecisionTree(d=5),48,1.5,19482,733704,"bytes_src,byte_asymmetry,payload_mean_src,bytes_total,byte_rate,duration,flow_rate,pkt_asymmetry,pkts_total,bytes_dst",0.0,0.0,bot->bot,3,cat,50.0,0.9803921568627452,0.9998705199917132
0.9967520962131868,0.9983758378100596,1.0,0.9967516756201192,0.9983731956158884,0.1954810390701896,0.9998906774589734,0.9999999781394576,95,0,2383,731226,0.0,0.0032483243798808,LightGBM,48,9.8,19482,733704,"bytes_src,byte_asymmetry,payload_mean_src,bytes_total,byte_rate,duration,flow_rate,pkt_asymmetry,pkts_total,bytes_dst",0.0,0.0,bot->bot,3,cat,50.0,0.9803921568627452,0.9998705199917132
0.9998582534646124,0.9578293068923636,0.9999890937001122,0.9998691401005168,0.999929113302843,0.6597750563820908,0.9998842851250676,0.999999977283866,87,8,96,733513,0.0842105263157894,0.0001308598994832,XGBoost,48,3.3,19482,733704,"bytes_src,byte_asymmetry,payload_mean_src,bytes_total,byte_rate,duration,flow_rate,pkt_asymmetry,pkts_total,bytes_dst",0.0,0.0,bot->bot,3,cat,50.0,0.9803921568627452,0.9998705199917132
0.9997151439817692,0.931445361221032,0.9999822749670724,0.9997328277052218,0.9998575357779468,0.5044863022117848,0.999578837744558,0.9999999376325082,82,13,196,733413,0.1368421052631579,0.0002671722947782,MLP(16),48,3.8,19482,733704,"bytes_src,byte_asymmetry,payload_mean_src,bytes_total,byte_rate,duration,flow_rate,pkt_asymmetry,pkts_total,bytes_dst",0.0,0.0,bot->bot,3,cat,50.0,0.9803921568627452,0.9998705199917132
0.9861470020607764,0.993072604071106,1.0,0.986145208142212,0.9930242805002424,0.0955607879556676,0.9993662478025904,0.9999999137207626,95,0,10164,723445,0.0,0.013854791857788,"KAN(cat,1L)",48,10.6,19482,733704,"bytes_src,byte_asymmetry,payload_mean_src,bytes_total,byte_rate,duration,flow_rate,pkt_asymmetry,pkts_total,bytes_dst",0.0,0.0,bot->bot,4,cat,50.0,0.9803921568627452,0.9998705199917132
0.996771177477566,0.9983853796777302,1.0,0.9967707593554604,0.9983827684628244,0.1960374729562481,0.9999015178815676,0.999999985128114,95,0,2369,731240,0.0,0.0032292406445395,"KAN(cat,ML)",48,49.7,19482,733704,"bytes_src,byte_asymmetry,payload_mean_src,bytes_total,byte_rate,duration,flow_rate,pkt_asymmetry,pkts_total,bytes_dst",0.0,0.0,bot->bot,4,cat,50.0,0.9803921568627452,0.9998705199917132
0.9948807693565798,0.9921775768835988,0.999998629864836,0.9948814695566712,0.9974334865770528,0.1550435479764107,0.9935836392410672,0.9999983665398072,94,1,3755,729854,0.0105263157894736,0.0051185304433288,DecisionTree(d=5),48,1.5,19482,733704,"bytes_src,byte_asymmetry,payload_mean_src,bytes_total,byte_rate,duration,flow_rate,pkt_asymmetry,pkts_total,bytes_dst",0.0,0.0,bot->bot,4,cat,50.0,0.9803921568627452,0.9998705199917132
0.9968475025350824,0.9984235471484127,1.0,0.9968470942968256,0.9984210580208271,0.1983114705492632,0.999944463460422,0.9999999886318904,95,0,2313,731296,0.0,0.0031529057031743,LightGBM,48,10.3,19482,733704,"bytes_src,byte_asymmetry,payload_mean_src,bytes_total,byte_rate,duration,flow_rate,pkt_asymmetry,pkts_total,bytes_dst",0.0,0.0,bot->bot,4,cat,50.0,0.9803921568627452,0.9998705199917132
0.9998609793595238,0.9736180990145976,0.9999931835253988,0.9998677769765638,0.9999304763190072,0.6751908044796694,0.999860839393077,0.9999999775088652,90,5,97,733512,0.0526315789473684,0.0001322230234361,XGBoost,48,3.2,19482,733704,"bytes_src,byte_asymmetry,payload_mean_src,bytes_total,byte_rate,duration,flow_rate,pkt_asymmetry,pkts_total,bytes_dst",0.0,0.0,bot->bot,4,cat,50.0,0.9803921568627452,0.9998705199917132
0.99982145388331,0.9367609993879572,0.9999836401264072,0.9998377882495988,0.9999107088693358,0.5990894046201685,0.9996658194014292,0.9999999524642368,83,12,119,733490,0.1263157894736842,0.000162211750401,MLP(16),48,3.7,19482,733704,"bytes_src,byte_asymmetry,payload_mean_src,bytes_total,byte_rate,duration,flow_rate,pkt_asymmetry,pkts_total,bytes_dst",0.0,0.0,bot->bot,4,cat,50.0,0.9803921568627452,0.9998705199917132
0.9900913719974268,0.9950450444310251,1.0,0.9900900888620504,0.9950203705885416,0.113008935381928,0.9984861647582094,0.9999998015133372,95,0,7270,726339,0.0,0.0099099111379495,"KAN(cat,1L)",48,10.7,19482,733704,"bytes_src,byte_asymmetry,payload_mean_src,byte_rate,bytes_total,duration,flow_rate,pkt_asymmetry,pkts_total,bytes_dst",0.0,0.0,bot->bot,5,cat,50.0,0.9803921568627452,0.9998705199917132
0.9965326616728272,0.9930036299990868,0.9999986321363158,0.9965335757876472,0.998263097094511,0.1874738013358004,0.9999192169699462,0.9999999885222044,94,1,2543,731066,0.0105263157894736,0.0034664242123529,"KAN(cat,ML)",48,49.1,19482,733704,"bytes_src,byte_asymmetry,payload_mean_src,byte_rate,bytes_total,duration,flow_rate,pkt_asymmetry,pkts_total,bytes_dst",0.0,0.0,bot->bot,5,cat,50.0,0.9803921568627452,0.9998705199917132
0.9947621929279382,0.9973807573244058,1.0,0.9947615146488116,0.9973738788758862,0.1549114197416972,0.9997691872430824,0.9999999501544096,95,0,3843,729766,0.0,0.0052384853511884,DecisionTree(d=5),48,1.5,19482,733704,"bytes_src,byte_asymmetry,payload_mean_src,byte_rate,bytes_total,duration,flow_rate,pkt_asymmetry,pkts_total,bytes_dst",0.0,0.0,bot->bot,5,cat,50.0,0.9803921568627452,0.9998705199917132
0.9966376086269122,0.9877936339385148,0.9999972645682258,0.9966398994559772,0.9983157592908029,0.1883249789417001,0.9998808773151852,0.9999999824877563,93,2,2465,731144,0.0210526315789473,0.0033601005440227,LightGBM,48,9.6,19482,733704,"bytes_src,byte_asymmetry,payload_mean_src,byte_rate,bytes_total,duration,flow_rate,pkt_asymmetry,pkts_total,bytes_dst",0.0,0.0,bot->bot,5,cat,50.0,0.9803921568627452,0.9998705199917132
0.9998146391460316,0.9841198785729184,0.999995909903351,0.9998187045142576,0.9999072993576392,0.6292046712185334,0.9999129968201188,0.9999999866205428,92,3,133,733476,0.031578947368421,0.0001812954857424,XGBoost,48,3.2,19482,733704,"bytes_src,byte_asymmetry,payload_mean_src,byte_rate,bytes_total,duration,flow_rate,pkt_asymmetry,pkts_total,bytes_dst",0.0,0.0,bot->bot,5,cat,50.0,0.9803921568627452,0.9998705199917132
0.9997192328241362,0.9735472165690442,0.999993182558804,0.999726012085457,0.9998595794746092,0.5412110007221963,0.9998076632102388,0.999999972969024,90,5,201,733408,0.0526315789473684,0.000273987914543,MLP(16),48,4.1,19482,733704,"bytes_src,byte_asymmetry,payload_mean_src,byte_rate,bytes_total,duration,flow_rate,pkt_asymmetry,pkts_total,bytes_dst",0.0,0.0,bot->bot,5,cat,50.0,0.9803921568627452,0.9998705199917132
0.9849844283465424,0.9924912317051726,1.0,0.9849824634103452,0.992434423544552,0.0922431677010688,0.9996292160855896,0.9999999486738896,96,0,11017,722592,0.0,0.0150175365896547,"KAN(cat,1L)",49,21.2,19431,733705,"bytes_src,byte_asymmetry,bytes_total,payload_mean_src,byte_rate,duration,flow_rate,pkt_asymmetry,pkts_total,bytes_dst",0.0,0.0,bot->bot,1,cat,50.0,0.9803921568627452,0.9998691572225896
0.996651242665649,0.9931177504524435,0.999998632299078,0.9966521675715538,0.9983225955325196,0.1916412142523757,0.9998824873558894,0.99999998322547,95,1,2456,731153,0.0104166666666666,0.0033478324284462,"KAN(cat,ML)",49,44.6,19431,733705,"bytes_src,byte_asymmetry,bytes_total,payload_mean_src,byte_rate,duration,flow_rate,pkt_asymmetry,pkts_total,bytes_dst",0.0,0.0,bot->bot,1,cat,50.0,0.9803921568627452,0.9998691572225896
0.994798999597931,0.9973991594977708,1.0,0.9947983189955412,0.9973923774875256,0.1562441316882242,0.9997331542870022,0.9999999486829612,96,0,3816,729793,0.0,0.0052016810044587,DecisionTree(d=5),49,0.8,19431,733705,"bytes_src,byte_asymmetry,bytes_total,payload_mean_src,byte_rate,duration,flow_rate,pkt_asymmetry,pkts_total,bytes_dst",0.0,0.0,bot->bot,1,cat,50.0,0.9803921568627452,0.9998691572225896
0.99680934435502,0.9984044634130717,1.0,0.9968089268261432,0.9984019136077636,0.1981590042424915,0.9999130795491876,0.9999999858498152,96,0,2341,731268,0.0,0.0031910731738569,LightGBM,49,8.1,19431,733705,"bytes_src,byte_asymmetry,bytes_total,payload_mean_src,byte_rate,duration,flow_rate,pkt_asymmetry,pkts_total,bytes_dst",0.0,0.0,bot->bot,1,cat,50.0,0.9803921568627452,0.9998691572225896
0.999890964352158,0.9895301714991682,0.9999972734696326,0.99989367633167,0.9999454722174131,0.7314815051889058,0.999947839209988,0.9999999904011604,94,2,78,733531,0.0208333333333333,0.0001063236683301,XGBoost,49,2.4,19431,733705,"bytes_src,byte_asymmetry,bytes_total,payload_mean_src,byte_rate,duration,flow_rate,pkt_asymmetry,pkts_total,bytes_dst",0.0,0.0,bot->bot,1,cat,50.0,0.9803921568627452,0.9998691572225896
0.9998160023442664,0.953039123190964,0.9999877299275248,0.9998282463819282,0.9999079817953912,0.6083396914325248,0.9994302567852902,0.999999922459118,87,9,126,733483,0.09375,0.0001717536180717,MLP(16),49,2.5,19431,733705,"bytes_src,byte_asymmetry,bytes_total,payload_mean_src,byte_rate,duration,flow_rate,pkt_asymmetry,pkts_total,bytes_dst",0.0,0.0,bot->bot,1,cat,50.0,0.9803921568627452,0.9998691572225896
0.9860557035865912,0.993026939418682,1.0,0.9860538788373644,0.9929779744088314,0.0957411965569421,0.9993575355423212,0.9999999136293104,96,0,10231,723378,0.0,0.0139461211626356,"KAN(cat,1L)",49,6.1,19431,733705,"bytes_src,byte_asymmetry,payload_mean_src,byte_rate,bytes_total,duration,flow_rate,pkt_asymmetry,pkts_total,bytes_dst",0.0,0.0,bot->bot,2,cat,50.0,0.9803921568627452,0.9998691572225896
0.9965367552354149,0.9982681510177764,1.0,0.996536302035553,0.9982651465135316,0.1904702332234198,0.9999580200420116,0.9999999933719166,96,0,2541,731068,0.0,0.003463697964447,"KAN(cat,ML)",49,26.8,19431,733705,"bytes_src,byte_asymmetry,payload_mean_src,byte_rate,bytes_total,duration,flow_rate,pkt_asymmetry,pkts_total,bytes_dst",0.0,0.0,bot->bot,2,cat,50.0,0.9803921568627452,0.9998691572225896
0.9947254005356376,0.9973623551510408,1.0,0.994724710302082,0.9973553795816168,0.1551710557022015,0.9997419080986376,0.9999999471791986,96,0,3870,729739,0.0,0.0052752896979181,DecisionTree(d=5),49,0.8,19431,733705,"bytes_src,byte_asymmetry,payload_mean_src,byte_rate,bytes_total,duration,flow_rate,pkt_asymmetry,pkts_total,bytes_dst",0.0,0.0,bot->bot,2,cat,50.0,0.9803921568627452,0.9998691572225896
0.9966798645232076,0.9983397150253064,1.0,0.9966794300506128,0.9983369538948458,0.1943933989527971,0.9999716725803528,0.999999994109148,96,0,2436,731173,0.0,0.0033205699493872,LightGBM,49,6.3,19431,733705,"bytes_src,byte_asymmetry,payload_mean_src,byte_rate,bytes_total,duration,flow_rate,pkt_asymmetry,pkts_total,bytes_dst",0.0,0.0,bot->bot,2,cat,50.0,0.9803921568627452,0.9998691572225896
0.9998691572225896,0.9843116147361878,0.9999959101263908,0.9998732294723756,0.9999345660365012,0.6959221602949601,0.9999644309843526,0.999999993170806,93,3,93,733516,0.03125,0.0001267705276243,XGBoost,49,2.2,19431,733705,"bytes_src,byte_asymmetry,payload_mean_src,byte_rate,bytes_total,duration,flow_rate,pkt_asymmetry,pkts_total,bytes_dst",0.0,0.0,bot->bot,2,cat,50.0,0.9803921568627452,0.9998691572225896
0.9997069666964244,0.9790228570896304,0.9999945459652414,0.9997123808459276,0.9998534434983788,0.5393389868969222,0.9997414537239864,0.9999999639539046,92,4,211,733398,0.0416666666666666,0.0002876191540725,MLP(16),49,2.3,19431,733705,"bytes_src,byte_asymmetry,payload_mean_src,byte_rate,bytes_total,duration,flow_rate,pkt_asymmetry,pkts_total,bytes_dst",0.0,0.0,bot->bot,2,cat,50.0,0.9803921568627452,0.9998691572225896
0.9855936453937828,0.9927958899086572,1.0,0.9855917798173142,0.99274361410581,0.093697911152795,0.9996091493166696,0.999999946618262,95,0,10570,723039,0.0,0.0144082201826858,"KAN(cat,1L)",49,6.0,19482,733704,"bytes_src,byte_asymmetry,bytes_total,payload_mean_src,byte_rate,duration,flow_rate,pkt_asymmetry,pkts_total,bytes_dst",0.0,0.0,bot->bot,3,cat,50.0,0.9803921568627452,0.9998705199917132
0.9966921265251382,0.9983458490830946,1.0,0.9966916981661892,0.9983431083342266,0.1937624788908498,0.999942555086888,0.9999999911734836,95,0,2427,731182,0.0,0.0033083018338106,"KAN(cat,ML)",49,26.7,19482,733704,"bytes_src,byte_asymmetry,bytes_total,payload_mean_src,byte_rate,duration,flow_rate,pkt_asymmetry,pkts_total,bytes_dst",0.0,0.0,bot->bot,3,cat,50.0,0.9803921568627452,0.9998705199917132
0.9947676447177608,0.9973834835723115,1.0,0.9947669671446232,0.997376619454017,0.1549905796690766,0.9995858685944204,0.9999999242828996,95,0,3839,729770,0.0,0.0052330328553766,DecisionTree(d=5),49,0.8,19482,733704,"bytes_src,byte_asymmetry,bytes_total,payload_mean_src,byte_rate,duration,flow_rate,pkt_asymmetry,pkts_total,bytes_dst",0.0,0.0,bot->bot,3,cat,50.0,0.9803921568627452,0.9998705199917132
0.9968597690621832,0.9984296812062012,1.0,0.9968593624124024,0.9984272114267458,0.1986843339044346,0.999958374499079,0.9999999918597992,95,0,2304,731305,0.0,0.0031406375875977,LightGBM,49,6.5,19482,733704,"bytes_src,byte_asymmetry,bytes_total,payload_mean_src,byte_rate,duration,flow_rate,pkt_asymmetry,pkts_total,bytes_dst",0.0,0.0,bot->bot,3,cat,50.0,0.9803921568627452,0.9998705199917132
0.9998650682018908,0.984145096366048,0.9999959101096636,0.9998691401005168,0.9999325210871602,0.6883604990614989,0.9999546079723668,0.9999999913615636,92,3,96,733513,0.031578947368421,0.0001308598994832,XGBoost,49,2.2,19482,733704,"bytes_src,byte_asymmetry,bytes_total,payload_mean_src,byte_rate,duration,flow_rate,pkt_asymmetry,pkts_total,bytes_dst",0.0,0.0,bot->bot,3,cat,50.0,0.9803921568627452,0.9998705199917132
0.998724281181512,0.9467372946624156,0.9999863517189328,0.998737747219568,0.9993616594671492,0.2740562649566538,0.999090516524255,0.9999998789593484,85,10,926,732683,0.1052631578947368,0.001262252780432,MLP(16),49,2.4,19482,733704,"bytes_src,byte_asymmetry,bytes_total,payload_mean_src,byte_rate,duration,flow_rate,pkt_asymmetry,pkts_total,bytes_dst",0.0,0.0,bot->bot,3,cat,50.0,0.9803921568627452,0.9998705199917132
0.9877607318482656,0.9938795734512528,1.0,0.9877591469025052,0.99384188314939,0.1016866677462021,0.9989924792146914,0.9999998627866428,95,0,8980,724629,0.0,0.0122408530974947,"KAN(cat,1L)",49,5.9,19482,733704,"bytes_src,byte_asymmetry,payload_mean_src,byte_rate,bytes_total,duration,flow_rate,pkt_asymmetry,pkts_total,bytes_dst",0.0,0.0,bot->bot,4,cat,50.0,0.9803921568627452,0.9998705199917132
0.9965163063033594,0.9877329749226088,0.99999726423521,0.9965185814241646,0.9982548922416442,0.1851201321541287,0.9997967366956052,0.9999999704255969,93,2,2554,731055,0.0210526315789473,0.0034814185758353,"KAN(cat,ML)",49,26.4,19482,733704,"bytes_src,byte_asymmetry,payload_mean_src,byte_rate,bytes_total,duration,flow_rate,pkt_asymmetry,pkts_total,bytes_dst",0.0,0.0,bot->bot,4,cat,50.0,0.9803921568627452,0.9998705199917132
0.994623172287462,0.9920487616700449,0.99999862950994,0.9946238391295636,0.9973039927559756,0.1513516132621507,0.9943319512452172,0.999998556971362,94,1,3944,729665,0.0105263157894736,0.0053761608704364,DecisionTree(d=5),49,0.8,19482,733704,"bytes_src,byte_asymmetry,payload_mean_src,byte_rate,bytes_total,duration,flow_rate,pkt_asymmetry,pkts_total,bytes_dst",0.0,0.0,bot->bot,4,cat,50.0,0.9803921568627452,0.9998705199917132
0.9966485122065574,0.9983240390998476,1.0,0.9966480781996948,0.9983212255394914,0.1925405787951224,0.9999023501046126,0.9999999808692898,95,0,2459,731150,0.0,0.003351921800305,LightGBM,49,7.2,19482,733704,"bytes_src,byte_asymmetry,payload_mean_src,byte_rate,bytes_total,duration,flow_rate,pkt_asymmetry,pkts_total,bytes_dst",0.0,0.0,bot->bot,4,cat,50.0,0.9803921568627452,0.9998705199917132
0.999895053045915,0.9631101853984888,0.999990457312834,0.9999045813232936,0.9999475174742954,0.7182344568295215,0.9998576683363022,0.9999999750779598,88,7,70,733539,0.0736842105263157,9.541867670652896e-05,XGBoost,49,2.2,19482,733704,"bytes_src,byte_asymmetry,payload_mean_src,byte_rate,bytes_total,duration,flow_rate,pkt_asymmetry,pkts_total,bytes_dst",0.0,0.0,bot->bot,4,cat,50.0,0.9803921568627452,0.9998705199917132
0.9997205957715918,0.9103981821378964,0.9999768214900236,0.9997437326968454,0.99986026350894,0.4905768271477764,0.9981379152855768,0.9999997509960392,78,17,188,733421,0.1789473684210526,0.0002562673031546,MLP(16),49,2.2,19482,733704,"bytes_src,byte_asymmetry,payload_mean_src,byte_rate,bytes_total,duration,flow_rate,pkt_asymmetry,pkts_total,bytes_dst",0.0,0.0,bot->bot,4,cat,50.0,0.9803921568627452,0.9998705199917132
0.9847840546051267,0.9923910420946308,1.0,0.9847820841892616,0.9923327019464936,0.0911553079512448,0.9992091298311716,0.9999998927989806,95,0,11164,722445,0.0,0.0152179158107384,"KAN(cat,1L)",49,6.0,19482,733704,"bytes_src,byte_asymmetry,payload_mean_src,bytes_total,byte_rate,duration,flow_rate,pkt_asymmetry,pkts_total,bytes_dst",0.0,0.0,bot->bot,5,cat,50.0,0.9803921568627452,0.9998705199917132
0.9965312987253716,0.9930029484371102,0.9999986321344448,0.9965322126636942,0.9982624131633298,0.1874381337142225,0.999798422664705,0.999999971515882,94,1,2544,731065,0.0105263157894736,0.0034677873363058,"KAN(cat,ML)",49,26.7,19482,733704,"bytes_src,byte_asymmetry,payload_mean_src,bytes_total,byte_rate,duration,flow_rate,pkt_asymmetry,pkts_total,bytes_dst",0.0,0.0,bot->bot,5,cat,50.0,0.9803921568627452,0.9998705199917132
0.9947840000872288,0.9973916623160294,1.0,0.9947833246320588,0.9973848410985172,0.1552287843214286,0.9989688469499493,0.9999997538989002,95,0,3827,729782,0.0,0.0052166753679412,DecisionTree(d=5),49,0.8,19482,733704,"bytes_src,byte_asymmetry,payload_mean_src,bytes_total,byte_rate,duration,flow_rate,pkt_asymmetry,pkts_total,bytes_dst",0.0,0.0,bot->bot,5,cat,50.0,0.9803921568627452,0.9998705199917132
0.996840687797804,0.9984201393385304,1.0,0.9968402786770608,0.9984176394293126,0.1981052252286052,0.999928012706611,0.9999999859549136,95,0,2318,731291,0.0,0.003159721322939,LightGBM,49,6.5,19482,733704,"bytes_src,byte_asymmetry,payload_mean_src,bytes_total,byte_rate,duration,flow_rate,pkt_asymmetry,pkts_total,bytes_dst",0.0,0.0,bot->bot,5,cat,50.0,0.9803921568627452,0.9998705199917132
0.9998650682018908,0.9736201437005272,0.9999931835532774,0.9998718663484226,0.9999325212711356,0.6806743691421973,0.9999200994133473,0.999999984922874,90,5,94,733515,0.0526315789473684,0.0001281336515773,XGBoost,49,2.2,19482,733704,"bytes_src,byte_asymmetry,payload_mean_src,bytes_total,byte_rate,duration,flow_rate,pkt_asymmetry,pkts_total,bytes_dst",0.0,0.0,bot->bot,5,cat,50.0,0.9803921568627452,0.9998705199917132
0.9998228168307656,0.8788744412895698,0.9999686445588084,0.9998541457370343,0.999911391870136,0.5520589525344968,0.9982595633368728,0.999999765174536,72,23,107,733502,0.2421052631578947,0.0001458542629656,MLP(16),49,2.2,19482,733704,"bytes_src,byte_asymmetry,payload_mean_src,bytes_total,byte_rate,duration,flow_rate,pkt_asymmetry,pkts_total,bytes_dst",0.0,0.0,bot->bot,5,cat,50.0,0.9803921568627452,0.9998705199917132
0.9870697351115232,0.9935340215291796,1.0,0.9870680430583594,0.993491940556934,0.099439382381442,0.9994544380362472,0.9999999245423804,96,0,9487,724122,0.0,0.0129319569416405,"KAN(cat,1L)",50,5.9,19431,733705,"bytes_src,byte_asymmetry,payload_mean_src,bytes_total,byte_rate,duration,flow_rate,pkt_asymmetry,pkts_total,pkts_src",0.0,0.0,bot->bot,1,cat,50.0,0.9803921568627452,0.9998691572225896
0.9966785015776096,0.9931313816919732,0.999998632336489,0.9966794300506128,0.9983362723352196,0.1923995871945832,0.9998101707903436,0.9999999731899722,95,1,2436,731173,0.0104166666666666,0.0033205699493872,"KAN(cat,ML)",50,41.5,19431,733705,"bytes_src,byte_asymmetry,payload_mean_src,bytes_total,byte_rate,duration,flow_rate,pkt_asymmetry,pkts_total,pkts_src",0.0,0.0,bot->bot,1,cat,50.0,0.9803921568627452,0.9998691572225896
0.9948208067274996,0.9922024127180372,0.9999986297822312,0.9948214921027414,0.9974033428544096,0.1549667409671503,0.9943931729981504,0.9999985547891416,95,1,3799,729810,0.0104166666666666,0.0051785078972586,DecisionTree(d=5),50,1.5,19431,733705,"bytes_src,byte_asymmetry,payload_mean_src,bytes_total,byte_rate,duration,flow_rate,pkt_asymmetry,pkts_total,pkts_src",0.0,0.0,bot->bot,1,cat,50.0,0.9803921568627452,0.9998691572225896
0.9967439229663148,0.9983717484382008,1.0,0.9967434968764016,0.9983690929111864,0.1962294223536247,0.9999014716967758,0.9999999830999348,96,0,2389,731220,0.0,0.0032565031235985,LightGBM,50,9.0,19431,733705,"bytes_src,byte_asymmetry,payload_mean_src,bytes_total,byte_rate,duration,flow_rate,pkt_asymmetry,pkts_total,pkts_src",0.0,0.0,bot->bot,1,cat,50.0,0.9803921568627452,0.9998691572225896
0.999844624201825,0.9686763913065406,0.9999918201189628,0.9998527826130812,0.9999222965327896,0.6527340800111926,0.9999330578346232,0.9999999872129156,90,6,108,733501,0.0625,0.0001472173869186,XGBoost,50,3.3,19431,733705,"bytes_src,byte_asymmetry,payload_mean_src,bytes_total,byte_rate,duration,flow_rate,pkt_asymmetry,pkts_total,pkts_src",0.0,0.0,bot->bot,1,cat,50.0,0.9803921568627452,0.9998691572225896
0.999642908253317,0.9685755201340224,0.9999918184681718,0.9996510402680449,0.9998214003304776,0.4937205123340051,0.9997907320748064,0.99999996858293,90,6,256,733353,0.0625,0.0003489597319553,MLP(16),50,4.5,19431,733705,"bytes_src,byte_asymmetry,payload_mean_src,bytes_total,byte_rate,duration,flow_rate,pkt_asymmetry,pkts_total,pkts_src",0.0,0.0,bot->bot,1,cat,50.0,0.9803921568627452,0.9998691572225896
0.9861034066825224,0.9930507940878588,1.0,0.9861015881757176,0.9930021646893458,0.0959061719950593,0.9995400024627106,0.9999999361874168,96,0,10196,723413,0.0,0.0138984118242824,"KAN(cat,1L)",50,10.3,19431,733705,"bytes_src,byte_asymmetry,payload_mean_src,byte_rate,bytes_total,duration,flow_rate,pkt_asymmetry,pkts_total,bytes_dst",0.0,0.0,bot->bot,2,cat,50.0,0.9803921568627452,0.9998691572225896
0.996487689193886,0.9982436147866234,1.0,0.9964872295732468,0.9982405244698188,0.1891785994140346,0.9999292524469212,0.9999999889634956,96,0,2577,731032,0.0,0.0035127704267532,"KAN(cat,ML)",50,48.4,19431,733705,"bytes_src,byte_asymmetry,payload_mean_src,byte_rate,bytes_total,duration,flow_rate,pkt_asymmetry,pkts_total,bytes_dst",0.0,0.0,bot->bot,2,cat,50.0,0.9803921568627452,0.9998691572225896
0.9946995045692753,0.9921417537021312,0.9999986296151137,0.9947001740709288,0.997342364782814,0.1532160553420285,0.9945153003848098,0.9999985781671644,95,1,3888,729721,0.0104166666666666,0.0052998259290712,DecisionTree(d=5),50,1.5,19431,733705,"bytes_src,byte_asymmetry,payload_mean_src,byte_rate,bytes_total,duration,flow_rate,pkt_asymmetry,pkts_total,bytes_dst",0.0,0.0,bot->bot,2,cat,50.0,0.9803921568627452,0.9998691572225896
0.996651242665649,0.9983254022238004,1.0,0.9966508044476008,0.998322593242174,0.1935894651402957,0.9999370123140074,0.999999988185888,96,0,2457,731152,0.0,0.0033491955523991,LightGBM,50,10.3,19431,733705,"bytes_src,byte_asymmetry,payload_mean_src,byte_rate,bytes_total,duration,flow_rate,pkt_asymmetry,pkts_total,bytes_dst",0.0,0.0,bot->bot,2,cat,50.0,0.9803921568627452,0.9998691572225896
0.9998637054401972,0.984308888488282,0.9999959101040878,0.9998677769765638,0.9999318394355214,0.6885556987946887,0.9999403420282468,0.9999999886182984,93,3,97,733512,0.03125,0.0001322230234361,XGBoost,50,3.3,19431,733705,"bytes_src,byte_asymmetry,payload_mean_src,byte_rate,bytes_total,duration,flow_rate,pkt_asymmetry,pkts_total,bytes_dst",0.0,0.0,bot->bot,2,cat,50.0,0.9803921568627452,0.9998691572225896
0.9997546697923552,0.9165548905025248,0.9999781856158678,0.999776447671716,0.999877306467994,0.5226208703197002,0.98149452739811,0.9999956584922348,80,16,164,733445,0.1666666666666666,0.0002235523282838,MLP(16),50,3.6,19431,733705,"bytes_src,byte_asymmetry,payload_mean_src,byte_rate,bytes_total,duration,flow_rate,pkt_asymmetry,pkts_total,bytes_dst",0.0,0.0,bot->bot,2,cat,50.0,0.9803921568627452,0.9998691572225896
0.9866621961990122,0.9933302344982136,1.0,0.9866604689964272,0.9932854500244264,0.097396918619478,0.999123016269028,0.9999998799061176,95,0,9786,723823,0.0,0.0133395310035727,"KAN(cat,1L)",50,10.3,19482,733704,"bytes_src,byte_asymmetry,payload_mean_src,bytes_total,byte_rate,duration,flow_rate,pkt_asymmetry,pkts_total,bytes_dst",0.0,0.0,bot->bot,3,cat,50.0,0.9803921568627452,0.9998705199917132
0.996544928199928,0.9982722403896354,1.0,0.9965444807792708,0.9982692500698104,0.1897283686443668,0.9998776703867276,0.9999999809462248,95,0,2535,731074,0.0,0.0034555192207292,"KAN(cat,ML)",50,47.2,19482,733704,"bytes_src,byte_asymmetry,payload_mean_src,bytes_total,byte_rate,duration,flow_rate,pkt_asymmetry,pkts_total,bytes_dst",0.0,0.0,bot->bot,3,cat,50.0,0.9803921568627452,0.9998705199917132
0.9945700173366916,0.9972846570857228,1.0,0.9945693141714456,0.9972772639236104,0.1521957334206859,0.9995239684182832,0.999999914254624,95,0,3984,729625,0.0,0.0054306858285544,DecisionTree(d=5),50,1.4,19482,733704,"bytes_src,byte_asymmetry,payload_mean_src,bytes_total,byte_rate,duration,flow_rate,pkt_asymmetry,pkts_total,bytes_dst",0.0,0.0,bot->bot,3,cat,50.0,0.9803921568627452,0.9998705199917132
0.996638971574368,0.998319268166012,1.0,0.9966385363320244,0.99831643855069,0.1922763420264235,0.999879607457608,0.9999999780095852,95,0,2466,731143,0.0,0.0033614636679757,LightGBM,50,8.2,19482,733704,"bytes_src,byte_asymmetry,payload_mean_src,bytes_total,byte_rate,duration,flow_rate,pkt_asymmetry,pkts_total,bytes_dst",0.0,0.0,bot->bot,3,cat,50.0,0.9803921568627452,0.9998705199917132
0.999840535147689,0.9683453992521902,0.9999918200855074,0.9998486932412224,0.9999202515416332,0.645615786117263,0.999883804444516,0.9999999785399916,89,6,111,733498,0.0631578947368421,0.0001513067587774,XGBoost,50,3.1,19482,733704,"bytes_src,byte_asymmetry,payload_mean_src,bytes_total,byte_rate,duration,flow_rate,pkt_asymmetry,pkts_total,bytes_dst",0.0,0.0,bot->bot,3,cat,50.0,0.9803921568627452,0.9998705199917132
0.9996824332428336,0.9261665274008362,0.9999809109304012,0.999701475854304,0.9998411738682615,0.479701630757544,0.999443178213893,0.9999999213230868,81,14,219,733390,0.1473684210526315,0.0002985241456961,MLP(16),50,3.9,19482,733704,"bytes_src,byte_asymmetry,payload_mean_src,bytes_total,byte_rate,duration,flow_rate,pkt_asymmetry,pkts_total,bytes_dst",0.0,0.0,bot->bot,3,cat,50.0,0.9803921568627452,0.9998705199917132
0.9837318591693652,0.991864876248792,1.0,0.983729752497584,0.9917981532101682,0.0881350880189643,0.9993029916768368,0.9999999063645546,95,0,11936,721673,0.0,0.0162702475024161,"KAN(cat,1L)",50,10.2,19482,733704,"bytes_src,byte_asymmetry,payload_mean_src,bytes_total,byte_rate,duration,flow_rate,pkt_asymmetry,pkts_total,bytes_dst",0.0,0.0,bot->bot,4,cat,50.0,0.9803921568627452,0.9998705199917132
0.996708481894606,0.9983540278268124,1.0,0.9967080556536247,0.9983513141357576,0.1942266976358801,0.9999143455953986,0.9999999856732276,95,0,2415,731194,0.0,0.0032919443463752,"KAN(cat,ML)",50,47.1,19482,733704,"bytes_src,byte_asymmetry,payload_mean_src,bytes_total,byte_rate,duration,flow_rate,pkt_asymmetry,pkts_total,bytes_dst",0.0,0.0,bot->bot,4,cat,50.0,0.9803921568627452,0.9998705199917132
0.9948548733549224,0.9921646272060456,0.9999986298291672,0.9948555702015652,0.9974204701919102,0.1546602283464843,0.9943732467266552,0.9999985630078426,94,1,3774,729835,0.0105263157894736,0.0051444297984348,DecisionTree(d=5),50,1.4,19482,733704,"bytes_src,byte_asymmetry,payload_mean_src,bytes_total,byte_rate,duration,flow_rate,pkt_asymmetry,pkts_total,bytes_dst",0.0,0.0,bot->bot,4,cat,50.0,0.9803921568627452,0.9998705199917132
0.996848865482538,0.9984242287103892,1.0,0.9968484574207788,0.9984217417363298,0.1983527966270637,0.9998893860783864,0.9999999824220616,95,0,2312,731297,0.0,0.0031515425792213,LightGBM,50,7.9,19482,733704,"bytes_src,byte_asymmetry,payload_mean_src,bytes_total,byte_rate,duration,flow_rate,pkt_asymmetry,pkts_total,bytes_dst",0.0,0.0,bot->bot,4,cat,50.0,0.9803921568627452,0.9998705199917132
0.9998528016747898,0.9736140096427388,0.9999931834696412,0.999859598232846,0.9999263863896614,0.6646097283705539,0.999910923436843,0.9999999852168268,90,5,103,733506,0.0526315789473684,0.0001404017671538,XGBoost,50,3.2,19482,733704,"bytes_src,byte_asymmetry,payload_mean_src,bytes_total,byte_rate,duration,flow_rate,pkt_asymmetry,pkts_total,bytes_dst",0.0,0.0,bot->bot,4,cat,50.0,0.9803921568627452,0.9998705199917132
0.9997410399834266,0.947245739896866,0.9999863656009566,0.999754637688469,0.9998704882185178,0.5356306242080414,0.9997065768076224,0.9999999586848276,85,10,180,733429,0.1052631578947368,0.000245362311531,MLP(16),50,3.8,19482,733704,"bytes_src,byte_asymmetry,payload_mean_src,bytes_total,byte_rate,duration,flow_rate,pkt_asymmetry,pkts_total,bytes_dst",0.0,0.0,bot->bot,4,cat,50.0,0.9803921568627452,0.9998705199917132
0.9859302934153282,0.9929642357168464,1.0,0.9859284714336928,0.9929143829857332,0.0948183361661419,0.9992232274025796,0.9999998978735284,95,0,10323,723286,0.0,0.0140715285663071,"KAN(cat,1L)",50,10.1,19482,733704,"bytes_src,byte_asymmetry,payload_mean_src,bytes_total,byte_rate,duration,flow_rate,pkt_asymmetry,pkts_total,bytes_dst",0.0,0.0,bot->bot,5,cat,50.0,0.9803921568627452,0.9998705199917132
0.9965312987253716,0.9982654247698706,1.0,0.9965308495397412,0.998262410790668,0.1893673985435849,0.9999147186609014,0.9999999882676264,95,0,2545,731064,0.0,0.0034691504602588,"KAN(cat,ML)",50,48.7,19482,733704,"bytes_src,byte_asymmetry,payload_mean_src,bytes_total,byte_rate,duration,flow_rate,pkt_asymmetry,pkts_total,bytes_dst",0.0,0.0,bot->bot,5,cat,50.0,0.9803921568627452,0.9998705199917132
0.9947035861873452,0.9973514501594174,1.0,0.9947029003188348,0.9973444167147304,0.1540679861889609,0.9997510002998156,0.999999950753294,95,0,3886,729723,0.0,0.0052970996811653,DecisionTree(d=5),50,1.4,19482,733704,"bytes_src,byte_asymmetry,payload_mean_src,bytes_total,byte_rate,duration,flow_rate,pkt_asymmetry,pkts_total,bytes_dst",0.0,0.0,bot->bot,5,cat,50.0,0.9803921568627452,0.9998705199917132
0.9966948524200496,0.9983472122070476,1.0,0.9966944244140952,0.9983444759771516,0.1938396186174783,0.9999623562558888,0.999999993712155,95,0,2425,731184,0.0,0.0033055755859047,LightGBM,50,9.1,19482,733704,"bytes_src,byte_asymmetry,payload_mean_src,bytes_total,byte_rate,duration,flow_rate,pkt_asymmetry,pkts_total,bytes_dst",0.0,0.0,bot->bot,5,cat,50.0,0.9803921568627452,0.9998705199917132
0.9998664311493464,0.994670730593545,0.9999986366976454,0.9998677769765638,0.999933202555752,0.6977819748910371,0.9999527785165352,0.999999992483794,94,1,97,733512,0.0105263157894736,0.0001322230234361,XGBoost,50,3.3,19482,733704,"bytes_src,byte_asymmetry,payload_mean_src,bytes_total,byte_rate,duration,flow_rate,pkt_asymmetry,pkts_total,bytes_dst",0.0,0.0,bot->bot,5,cat,50.0,0.9803921568627452,0.9998705199917132
0.9997560324054388,0.9683031424096488,0.9999918193940353,0.9997641795561396,0.9998779865185328,0.5640500759504848,0.99968829659798,0.999999958129838,89,6,173,733436,0.0631578947368421,0.0002358204438604,MLP(16),50,4.5,19482,733704,"bytes_src,byte_asymmetry,payload_mean_src,bytes_total,byte_rate,duration,flow_rate,pkt_asymmetry,pkts_total,bytes_dst",0.0,0.0,bot->bot,5,cat,50.0,0.9803921568627452,0.9998705199917132
0.985727233697467,0.9928626829823516,1.0,0.9857253659647032,0.9928113754903052,0.094627459479221,0.9991013392352056,0.9999998750847404,96,0,10472,723137,0.0,0.0142746340352967,"KAN(cat,1L)",51,10.1,19431,733705,"bytes_src,byte_asymmetry,payload_mean_src,bytes_total,byte_rate,duration,flow_rate,pkt_asymmetry,pkts_total,bytes_dst",0.0,0.0,bot->bot,1,cat,50.0,0.9803921568627452,0.9998691572225896
0.9963827423828376,0.9981911345144348,1.0,0.9963822690288696,0.9981878565907668,0.1865014724063461,0.9998799385980816,0.9999999806558084,96,0,2654,730955,0.0,0.0036177309711303,"KAN(cat,ML)",51,47.9,19431,733705,"bytes_src,byte_asymmetry,payload_mean_src,bytes_total,byte_rate,duration,flow_rate,pkt_asymmetry,pkts_total,bytes_dst",0.0,0.0,bot->bot,1,cat,50.0,0.9803921568627452,0.9998691572225896
0.994594557758227,0.9920892734299424,0.999998629470496,0.9945952135265516,0.9972896024886998,0.1517480132217527,0.994325542171193,0.999998535897646,95,1,3965,729644,0.0104166666666666,0.0054047864734483,DecisionTree(d=5),51,1.5,19431,733705,"bytes_src,byte_asymmetry,payload_mean_src,bytes_total,byte_rate,duration,flow_rate,pkt_asymmetry,pkts_total,bytes_dst",0.0,0.0,bot->bot,1,cat,50.0,0.9803921568627452,0.9998691572225896
0.9966103542977082,0.998304955364506,1.0,0.9966099107290124,0.9983020773097586,0.192458020350833,0.9998860229586424,0.9999999779067836,96,0,2487,731122,0.0,0.0033900892709876,LightGBM,51,9.3,19431,733705,"bytes_src,byte_asymmetry,payload_mean_src,bytes_total,byte_rate,duration,flow_rate,pkt_asymmetry,pkts_total,bytes_dst",0.0,0.0,bot->bot,1,cat,50.0,0.9803921568627452,0.9998691572225896
0.9998323576914429,0.9634626054773956,0.9999904567143832,0.9998418776214576,0.999916161648521,0.6343597900515076,0.9998782204939324,0.9999999768731366,89,7,116,733493,0.0729166666666666,0.0001581223785422,XGBoost,51,3.1,19431,733705,"bytes_src,byte_asymmetry,payload_mean_src,bytes_total,byte_rate,duration,flow_rate,pkt_asymmetry,pkts_total,bytes_dst",0.0,0.0,bot->bot,1,cat,50.0,0.9803921568627452,0.9998691572225896
0.9996756189476697,0.9373459669933166,0.9999836377395536,0.9996919339866333,0.9998377645868723,0.4868254166580718,0.9996143566145818,0.9999999422621408,84,12,226,733383,0.125,0.0003080660133667,MLP(16),51,4.6,19431,733705,"bytes_src,byte_asymmetry,payload_mean_src,bytes_total,byte_rate,duration,flow_rate,pkt_asymmetry,pkts_total,bytes_dst",0.0,0.0,bot->bot,1,cat,50.0,0.9803921568627452,0.9998691572225896
0.9906392896327544,0.9953190323455684,1.0,0.9906380646911366,0.9952970178381896,0.1168594239178312,0.998889820735569,0.9999998518174192,96,0,6868,726741,0.0,0.0093619353088634,"KAN(cat,1L)",51,10.3,19431,733705,"bytes_src,byte_asymmetry,payload_mean_src,bytes_total,byte_rate,duration,flow_rate,pkt_asymmetry,pkts_total,pkts_src",0.0,0.0,bot->bot,2,cat,50.0,0.9803921568627452,0.9998691572225896
0.996700308707178,0.9879346349122398,0.9999972647403144,0.9967026031578128,0.9983472157651448,0.1910502561303879,0.9998732436715836,0.9999999820756555,94,2,2419,731190,0.0208333333333333,0.003297396842187,"KAN(cat,ML)",51,47.6,19431,733705,"bytes_src,byte_asymmetry,payload_mean_src,bytes_total,byte_rate,duration,flow_rate,pkt_asymmetry,pkts_total,pkts_src",0.0,0.0,bot->bot,2,cat,50.0,0.9803921568627452,0.9998691572225896
0.994898494626587,0.9922412617506964,0.9999986298892404,0.9948991901680596,0.9974423923300468,0.1561197660074931,0.9939188626593548,0.999998421135276,95,1,3742,729867,0.0104166666666666,0.0051008098319404,DecisionTree(d=5),51,1.5,19431,733705,"bytes_src,byte_asymmetry,payload_mean_src,bytes_total,byte_rate,duration,flow_rate,pkt_asymmetry,pkts_total,pkts_src",0.0,0.0,bot->bot,2,cat,50.0,0.9803921568627452,0.9998691572225896
0.9968352403213826,0.9984174130906246,1.0,0.9968348261812492,0.9984149045392984,0.1989386055580704,0.9999656166182076,0.9999999929123844,96,0,2322,731287,0.0,0.0031651738187508,LightGBM,51,13.9,19431,733705,"bytes_src,byte_asymmetry,payload_mean_src,bytes_total,byte_rate,duration,flow_rate,pkt_asymmetry,pkts_total,pkts_src",0.0,0.0,bot->bot,2,cat,50.0,0.9803921568627452,0.9998691572225896
0.9998487130386192,0.979093739535184,0.9999945467385406,0.9998541457370343,0.9999243413093044,0.6655643626697819,0.9999565504239996,0.9999999917079132,92,4,107,733502,0.0416666666666666,0.0001458542629656,XGBoost,51,3.2,19431,733705,"bytes_src,byte_asymmetry,payload_mean_src,bytes_total,byte_rate,duration,flow_rate,pkt_asymmetry,pkts_total,pkts_src",0.0,0.0,bot->bot,2,cat,50.0,0.9803921568627452,0.9998691572225896
0.9997137814244144,0.9529880060427284,0.9999877286727742,0.999726012085457,0.9998568532527712,0.5231339561935471,0.9966223350358748,0.9999995258375296,87,9,201,733408,0.09375,0.000273987914543,MLP(16),51,4.1,19431,733705,"bytes_src,byte_asymmetry,payload_mean_src,bytes_total,byte_rate,duration,flow_rate,pkt_asymmetry,pkts_total,pkts_src",0.0,0.0,bot->bot,2,cat,50.0,0.9803921568627452,0.9998691572225896
0.98477996576276,0.9923889974087012,1.0,0.9847779948174028,0.992330625781652,0.0911429768128615,0.999193618915454,0.999999892021562,95,0,11167,722442,0.0,0.0152220051825972,"KAN(cat,1L)",51,10.3,19482,733704,"bytes_src,byte_asymmetry,bytes_total,byte_rate,payload_mean_src,duration,flow_rate,pkt_asymmetry,pkts_total,bytes_dst",0.0,0.0,bot->bot,3,cat,50.0,0.9803921568627452,0.9998705199917132
0.996549017042295,0.9982742850755648,1.0,0.9965485701511296,0.9982713018353422,0.1898370609057202,0.9998411530134615,0.9999999777108342,95,0,2532,731077,0.0,0.0034514298488704,"KAN(cat,ML)",51,48.4,19482,733704,"bytes_src,byte_asymmetry,bytes_total,byte_rate,payload_mean_src,duration,flow_rate,pkt_asymmetry,pkts_total,bytes_dst",0.0,0.0,bot->bot,3,cat,50.0,0.9803921568627452,0.9998705199917132
0.9948439697752772,0.9974216510429944,1.0,0.9948433020859886,0.9974149859747784,0.1561116235726347,0.9990338607881684,0.999999765593438,95,0,3783,729826,0.0,0.0051566979140114,DecisionTree(d=5),51,1.5,19482,733704,"bytes_src,byte_asymmetry,bytes_total,byte_rate,payload_mean_src,duration,flow_rate,pkt_asymmetry,pkts_total,bytes_dst",0.0,0.0,bot->bot,3,cat,50.0,0.9803921568627452,0.9998705199917132
0.9968120659012354,0.9984058265370244,1.0,0.996811653074049,0.9984032810901106,0.1972459382729451,0.999930559596102,0.999999987588312,95,0,2339,731270,0.0,0.003188346925951,LightGBM,51,9.8,19482,733704,"bytes_src,byte_asymmetry,bytes_total,byte_rate,payload_mean_src,duration,flow_rate,pkt_asymmetry,pkts_total,bytes_dst",0.0,0.0,bot->bot,3,cat,50.0,0.9803921568627452,0.9998705199917132
0.9998582534646124,0.9841416885561656,0.9999959100817848,0.999862324480752,0.999929112819674,0.6793829354137805,0.9999311550660396,0.9999999876508288,92,3,101,733508,0.031578947368421,0.0001376755192479,XGBoost,51,3.2,19482,733704,"bytes_src,byte_asymmetry,bytes_total,byte_rate,payload_mean_src,duration,flow_rate,pkt_asymmetry,pkts_total,bytes_dst",0.0,0.0,bot->bot,3,cat,50.0,0.9803921568627452,0.9998705199917132
0.9997233216665032,0.947236879591172,0.9999863653592864,0.9997369170770806,0.9998616256599197,0.5229512236709358,0.9992203791909514,0.9999998950818872,85,10,193,733416,0.1052631578947368,0.0002630829229194,MLP(16),51,4.4,19482,733704,"bytes_src,byte_asymmetry,bytes_total,byte_rate,payload_mean_src,duration,flow_rate,pkt_asymmetry,pkts_total,bytes_dst",0.0,0.0,bot->bot,3,cat,50.0,0.9803921568627452,0.9998705199917132
0.9854777948600526,0.9927379571406568,1.0,0.9854759142813132,0.9926848340923118,0.0933212565116042,0.999372446429408,0.9999999151650024,95,0,10655,722954,0.0,0.0145240857186866,"KAN(cat,1L)",51,10.2,19482,733704,"bytes_src,byte_asymmetry,payload_mean_src,byte_rate,bytes_total,duration,flow_rate,pkt_asymmetry,pkts_total,bytes_dst",0.0,0.0,bot->bot,4,cat,50.0,0.9803921568627452,0.9998705199917132
0.9966894006302268,0.9983444859591416,1.0,0.9966889719182834,0.9983417406875666,0.1936854307644916,0.9999383580999804,0.9999999903106088,95,0,2429,731180,0.0,0.0033110280817165,"KAN(cat,ML)",51,48.1,19482,733704,"bytes_src,byte_asymmetry,payload_mean_src,byte_rate,bytes_total,duration,flow_rate,pkt_asymmetry,pkts_total,bytes_dst",0.0,0.0,bot->bot,4,cat,50.0,0.9803921568627452,0.9998705199917132
0.9947308451364584,0.9973650813989468,1.0,0.9947301627978936,0.9973581202608806,0.1544585754134676,0.999704955407552,0.9999999393103728,95,0,3866,729743,0.0,0.0052698372021062,DecisionTree(d=5),51,1.4,19482,733704,"bytes_src,byte_asymmetry,payload_mean_src,byte_rate,bytes_total,duration,flow_rate,pkt_asymmetry,pkts_total,bytes_dst",0.0,0.0,bot->bot,4,cat,50.0,0.9803921568627452,0.9998705199917132
0.9966975783149608,0.9983485753310006,1.0,0.9966971506620012,0.9983458436163424,0.1939168501261905,0.9999326473280512,0.9999999878157032,95,0,2423,731186,0.0,0.0033028493379988,LightGBM,51,8.4,19482,733704,"bytes_src,byte_asymmetry,payload_mean_src,byte_rate,bytes_total,duration,flow_rate,pkt_asymmetry,pkts_total,bytes_dst",0.0,0.0,bot->bot,4,cat,50.0,0.9803921568627452,0.9998705199917132
0.9998296315680438,0.9788648994218992,0.9999945466344554,0.999835062001693,0.9999147979586954,0.6411675098674476,0.99989763656547,0.9999999832782044,91,4,121,733488,0.0421052631578947,0.000164937998307,XGBoost,51,3.2,19482,733704,"bytes_src,byte_asymmetry,payload_mean_src,byte_rate,bytes_total,duration,flow_rate,pkt_asymmetry,pkts_total,bytes_dst",0.0,0.0,bot->bot,4,cat,50.0,0.9803921568627452,0.9998705199917132
0.9996701667157328,0.9735226803378912,0.9999931822241492,0.9996769396231509,0.9998350359171798,0.5105371971575997,0.999866887358826,0.9999999793077244,90,5,237,733372,0.0526315789473684,0.0003230603768492,MLP(16),51,4.9,19482,733704,"bytes_src,byte_asymmetry,payload_mean_src,byte_rate,bytes_total,duration,flow_rate,pkt_asymmetry,pkts_total,bytes_dst",0.0,0.0,bot->bot,4,cat,50.0,0.9803921568627452,0.9998705199917132
0.98622741596066,0.993112816227718,1.0,0.986225632455436,0.9930650539800276,0.0958406741007436,0.9992830398467676,0.9999999048531498,95,0,10105,723504,0.0,0.0137743675445639,"KAN(cat,1L)",51,10.1,19482,733704,"bytes_src,byte_asymmetry,payload_mean_src,byte_rate,bytes_total,duration,flow_rate,pkt_asymmetry,pkts_total,bytes_dst",0.0,0.0,bot->bot,5,cat,50.0,0.9803921568627452,0.9998705199917132
0.9966103496777992,0.998304955364506,1.0,0.9966099107290124,0.9983020773097586,0.1914900817319943,0.9999589986663626,0.999999993623762,95,0,2487,731122,0.0,0.0033900892709876,"KAN(cat,ML)",51,48.3,19482,733704,"bytes_src,byte_asymmetry,payload_mean_src,byte_rate,bytes_total,duration,flow_rate,pkt_asymmetry,pkts_total,bytes_dst",0.0,0.0,bot->bot,5,cat,50.0,0.9803921568627452,0.9998705199917132
0.9964236258763752,0.9982115813737292,1.0,0.996423162747458,0.9982083772021462,0.1865860221940369,0.999792159468858,0.9999999625835212,95,0,2624,730985,0.0,0.0035768372525418,DecisionTree(d=5),51,1.5,19482,733704,"bytes_src,byte_asymmetry,payload_mean_src,byte_rate,bytes_total,duration,flow_rate,pkt_asymmetry,pkts_total,bytes_dst",0.0,0.0,bot->bot,5,cat,50.0,0.9803921568627452,0.9998705199917132
0.996599446098154,0.9982995028686944,1.0,0.9965990057373888,0.9982966062525132,0.1911930693977538,0.9999596730540024,0.9999999926489144,95,0,2495,731114,0.0,0.0034009942626112,LightGBM,51,10.6,19482,733704,"bytes_src,byte_asymmetry,payload_mean_src,byte_rate,bytes_total,duration,flow_rate,pkt_asymmetry,pkts_total,bytes_dst",0.0,0.0,bot->bot,5,cat,50.0,0.9803921568627452,0.9998705199917132
0.9998609793595238,0.9894055280128788,0.9999972733878564,0.999863687604705,0.9999304760346802,0.6867695389353937,0.9999602685239398,0.9999999927305894,93,2,100,733509,0.0210526315789473,0.000136312395295,XGBoost,51,3.4,19482,733704,"bytes_src,byte_asymmetry,payload_mean_src,byte_rate,bytes_total,duration,flow_rate,pkt_asymmetry,pkts_total,bytes_dst",0.0,0.0,bot->bot,5,cat,50.0,0.9803921568627452,0.9998705199917132
0.99990595662556,0.7368291555856048,0.9999318466822964,0.999974100644894,0.9999529732172248,0.5770690761571726,0.9168693978744308,0.9999541184770926,45,50,19,733590,0.5263157894736842,2.5899355106057858e-05,MLP(16),51,3.1,19482,733704,"bytes_src,byte_asymmetry,payload_mean_src,byte_rate,bytes_total,duration,flow_rate,pkt_asymmetry,pkts_total,bytes_dst",0.0,0.0,bot->bot,5,cat,50.0,0.9803921568627452,0.9998705199917132
0.4417179452651504,0.5562738430061795,0.9999031037055736,0.4416881472282919,0.6127192420145928,0.0025842062114737,0.5450986724993054,0.9999073644849648,320,157,2047913,1620132,0.3291404612159329,0.5583118527717081,"KAN(cat,1L)",42,63.0,211043,3668522,"bytes_total,bytes_src,payload_mean_src,byte_asymmetry,byte_rate,pkt_asymmetry,bytes_dst,payload_mean_dst,flow_rate,pkts_total",5.8061529956750974e-05,0.0,ton->bot,0,cat,50.0,0.7630814573333397,0.999869974883618
0.1966718476814368,0.3876192655229233,0.9997213828283108,0.1966221788445888,0.3286136237559702,-0.0064477279686793,0.3101069511340038,0.9996862287278876,276,201,2946826,721219,0.4213836477987421,0.8033778211554111,"KAN(cat,ML)",42,341.6,211043,3668522,"bytes_total,bytes_src,payload_mean_src,byte_asymmetry,byte_rate,pkt_asymmetry,bytes_dst,payload_mean_dst,flow_rate,pkts_total",5.8061529956750974e-05,0.0,ton->bot,0,cat,50.0,0.7630814573333397,0.999869974883618
0.4558487041920425,0.5465708337946023,0.9998965410008612,0.4558251057443406,0.6261883204858241,0.0021323670531371,0.4339282683539432,0.9998985163513936,304,173,1996058,1671987,0.3626834381551362,0.5441748942556593,DecisionTree(d=5),42,3.1,211043,3668522,"bytes_total,bytes_src,payload_mean_src,byte_asymmetry,byte_rate,pkt_asymmetry,bytes_dst,payload_mean_dst,flow_rate,pkts_total",5.8061529956750974e-05,0.0,ton->bot,0,cat,50.0,0.7630814573333397,0.999869974883618
0.2865587285560779,0.4797322277592203,0.9998515815131456,0.2865084806756733,0.4453900053971847,-0.0010222470384423,0.5414211286778924,0.999852092131278,321,156,2617119,1050926,0.3270440251572327,0.7134915193243268,LightGBM,42,26.6,211043,3668522,"bytes_total,bytes_src,payload_mean_src,byte_asymmetry,byte_rate,pkt_asymmetry,bytes_dst,payload_mean_dst,flow_rate,pkts_total",5.8061529956750974e-05,0.0,ton->bot,0,cat,50.0,0.7630814573333397,0.999869974883618
0.4465594045776473,0.5691757046285628,0.9999102580538818,0.4465275098860565,0.6173614206357807,0.0031732079755713,0.511987436352292,0.999873359895369,330,147,2030162,1637883,0.3081761006289308,0.5534724901139435,XGBoost,42,11.2,211043,3668522,"bytes_total,bytes_src,payload_mean_src,byte_asymmetry,byte_rate,pkt_asymmetry,bytes_dst,payload_mean_dst,flow_rate,pkts_total",5.8061529956750974e-05,0.0,ton->bot,0,cat,50.0,0.7630814573333397,0.999869974883618
0.3759015211030491,0.3860626465535069,0.9997911684559952,0.3758988780126743,0.546373624544718,-0.0053642833474969,0.3484262135274575,0.9996991882631268,189,288,2289231,1378814,0.6037735849056604,0.6241011219873257,MLP(16),42,14.5,211043,3668522,"bytes_total,bytes_src,payload_mean_src,byte_asymmetry,byte_rate,pkt_asymmetry,bytes_dst,payload_mean_dst,flow_rate,pkts_total",5.8061529956750974e-05,0.0,ton->bot,0,cat,50.0,0.7630814573333397,0.999869974883618
0.4415906460421935,0.5677390840040797,0.9999098654154834,0.4415578325783899,0.6125951119974204,0.0031108109533655,0.5148655508408326,0.9999013238030238,331,146,2048391,1619654,0.3060796645702306,0.5584421674216101,"KAN(cat,1L)",43,25.3,211043,3668522,"bytes_total,bytes_src,byte_asymmetry,payload_mean_src,byte_rate,pkt_asymmetry,bytes_dst,payload_mean_dst,flow_rate,pkts_total",5.8061529956750974e-05,0.0,ton->bot,0,cat,50.0,0.7630814573333397,0.999869974883618
0.2596375324994643,0.4411159180805712,0.9998109976280204,0.2595903267271803,0.412166095938589,-0.003062842612422,0.5055713690793757,0.9996438042415404,297,180,2715856,952189,0.3773584905660377,0.7404096732728197,"KAN(cat,ML)",43,177.2,211043,3668522,"bytes_total,bytes_src,byte_asymmetry,payload_mean_src,byte_rate,pkt_asymmetry,bytes_dst,payload_mean_dst,flow_rate,pkts_total",5.8061529956750974e-05,0.0,ton->bot,0,cat,50.0,0.7630814573333397,0.999869974883618
0.4558487041920425,0.5465708337946023,0.9998965410008612,0.4558251057443406,0.6261883204858241,0.0021323670531371,0.4339282683539432,0.9998985163513936,304,173,1996058,1671987,0.3626834381551362,0.5441748942556593,DecisionTree(d=5),43,3.1,211043,3668522,"bytes_total,bytes_src,byte_asymmetry,payload_mean_src,byte_rate,pkt_asymmetry,bytes_dst,payload_mean_dst,flow_rate,pkts_total",5.8061529956750974e-05,0.0,ton->bot,0,cat,50.0,0.7630814573333397,0.999869974883618
0.2958594769228588,0.4917197787053707,0.9998626966018792,0.2958085301570727,0.4565477854756962,-0.0004137192085191,0.6169061828339069,0.9998688421620862,328,149,2583006,1085039,0.3123689727463312,0.7041914698429272,LightGBM,43,30.5,211043,3668522,"bytes_total,bytes_src,byte_asymmetry,payload_mean_src,byte_rate,pkt_asymmetry,bytes_dst,payload_mean_dst,flow_rate,pkts_total",5.8061529956750974e-05,0.0,ton->bot,0,cat,50.0,0.7630814573333397,0.999869974883618
0.4151870971470254,0.5555836744879661,0.999904789170392,0.4151505774874626,0.5867064433485694,0.0025724087390623,0.4701023131404752,0.9998590206008036,332,145,2145254,1522791,0.3039832285115304,0.5848494225125374,XGBoost,43,12.1,211043,3668522,"bytes_total,bytes_src,byte_asymmetry,payload_mean_src,byte_rate,pkt_asymmetry,bytes_dst,payload_mean_dst,flow_rate,pkts_total",5.8061529956750974e-05,0.0,ton->bot,0,cat,50.0,0.7630814573333397,0.999869974883618
0.4553157920274159,0.5085734012514272,0.9998748710543222,0.4553019387711983,0.6256902449870952,0.0003925916377117,0.4782583644164888,0.9997958417870296,268,209,1997977,1670068,0.4381551362683438,0.5446980612288017,MLP(16),43,18.2,211043,3668522,"bytes_total,bytes_src,byte_asymmetry,payload_mean_src,byte_rate,pkt_asymmetry,bytes_dst,payload_mean_dst,flow_rate,pkts_total",5.8061529956750974e-05,0.0,ton->bot,0,cat,50.0,0.7630814573333397,0.999869974883618
0.4415901008635085,0.5656426479453794,0.999908630807963,0.4415578325783899,0.6125948802981629,0.0030145350331418,0.5411704561841195,0.9999065825262984,329,148,2048391,1619654,0.310272536687631,0.5584421674216101,"KAN(cat,1L)",44,25.2,211043,3668522,"bytes_total,bytes_src,payload_mean_src,byte_asymmetry,byte_rate,pkt_asymmetry,bytes_dst,payload_mean_dst,flow_rate,pkts_total",5.8061529956750974e-05,0.0,ton->bot,0,cat,50.0,0.7630814573333397,0.999869974883618
0.1436673952071161,0.378930982070825,0.9996508128090972,0.1436061989424884,0.2511352251010314,-0.007872006330706,0.3042536908788601,0.99973269366848,293,184,3141291,526754,0.3857442348008386,0.8563938010575116,"KAN(cat,ML)",44,179.1,211043,3668522,"bytes_total,bytes_src,payload_mean_src,byte_asymmetry,byte_rate,pkt_asymmetry,bytes_dst,payload_mean_dst,flow_rate,pkts_total",5.8061529956750974e-05,0.0,ton->bot,0,cat,50.0,0.7630814573333397,0.999869974883618
0.4558487041920425,0.5465708337946023,0.9998965410008612,0.4558251057443406,0.6261883204858241,0.0021323670531371,0.4339282683539432,0.9998985163513936,304,173,1996058,1671987,0.3626834381551362,0.5441748942556593,DecisionTree(d=5),44,3.3,211043,3668522,"bytes_total,bytes_src,payload_mean_src,byte_asymmetry,byte_rate,pkt_asymmetry,bytes_dst,payload_mean_dst,flow_rate,pkts_total",5.8061529956750974e-05,0.0,ton->bot,0,cat,50.0,0.7630814573333397,0.999869974883618
0.2876030183272718,0.472917868526912,0.9998454869389066,0.287554814621958,0.4466526585378867,-0.0013644543351791,0.5454432279406186,0.999857191272514,314,163,2613281,1054764,0.3417190775681342,0.712445185378042,LightGBM,44,27.8,211043,3668522,"bytes_total,bytes_src,payload_mean_src,byte_asymmetry,byte_rate,pkt_asymmetry,bytes_dst,payload_mean_dst,flow_rate,pkts_total",5.8061529956750974e-05,0.0,ton->bot,0,cat,50.0,0.7630814573333397,0.999869974883618
0.4519400456096488,0.5771067835840658,0.9999143421932862,0.4519074875035611,0.6224851684365403,0.0035331165192069,0.4693953118989493,0.9998579783528588,335,142,2010428,1657617,0.2976939203354298,0.5480925124964389,XGBoost,44,11.2,211043,3668522,"bytes_total,bytes_src,payload_mean_src,byte_asymmetry,byte_rate,pkt_asymmetry,bytes_dst,payload_mean_dst,flow_rate,pkts_total",5.8061529956750974e-05,0.0,ton->bot,0,cat,50.0,0.7630814573333397,0.999869974883618
0.5717613251331191,0.5385055328529691,0.9998874858522996,0.5717699755591875,0.7275193957775821,0.0017745490902539,0.4261003461611842,0.9997461548401988,241,236,1570767,2097278,0.4947589098532495,0.4282300244408125,MLP(16),44,14.1,211043,3668522,"bytes_total,bytes_src,payload_mean_src,byte_asymmetry,byte_rate,pkt_asymmetry,bytes_dst,payload_mean_dst,flow_rate,pkts_total",5.8061529956750974e-05,0.0,ton->bot,0,cat,50.0,0.7630814573333397,0.999869974883618
0.4363032305653339,0.5451814798504003,0.999896903415996,0.4362749093863352,0.6074898936810309,0.0020776067974714,0.4049055924783541,0.9998766156853652,312,165,2067769,1600276,0.3459119496855345,0.5637250906136648,"KAN(cat,1L)",45,25.0,211043,3668522,"bytes_total,bytes_src,byte_asymmetry,payload_mean_src,byte_rate,pkt_asymmetry,bytes_dst,payload_mean_dst,flow_rate,pkts_src",5.8061529956750974e-05,0.0,ton->bot,0,cat,50.0,0.7630814573333397,0.999869974883618
0.2940017805535853,0.4666849302414744,0.9998405072610924,0.2939568625793849,0.4543369548362739,-0.00166761178951,0.3796526890479104,0.9997926336417112,305,172,2589798,1078247,0.360587002096436,0.7060431374206151,"KAN(cat,ML)",45,178.1,211043,3668522,"bytes_total,bytes_src,byte_asymmetry,payload_mean_src,byte_rate,pkt_asymmetry,bytes_dst,payload_mean_dst,flow_rate,pkts_src",5.8061529956750974e-05,0.0,ton->bot,0,cat,50.0,0.7630814573333397,0.999869974883618
0.4558266244552983,0.5748579988483632,0.9999126807314483,0.4557956622669569,0.6261637019739441,0.0034275911393299,0.4327587631559643,0.9998968908661664,331,146,1996166,1671879,0.3060796645702306,0.5442043377330431,DecisionTree(d=5),45,3.1,211043,3668522,"bytes_total,bytes_src,byte_asymmetry,payload_mean_src,byte_rate,pkt_asymmetry,bytes_dst,payload_mean_dst,flow_rate,pkts_src",5.8061529956750974e-05,0.0,ton->bot,0,cat,50.0,0.7630814573333397,0.999869974883618
0.2790927790537987,0.4739026041305748,0.9998456574552822,0.2790421055357827,0.4363151255972728,-0.0013268428855025,0.5789493585248698,0.999874080025116,319,158,2644506,1023539,0.3312368972746331,0.7209578944642173,LightGBM,45,26.8,211043,3668522,"bytes_total,bytes_src,byte_asymmetry,payload_mean_src,byte_rate,pkt_asymmetry,bytes_dst,payload_mean_dst,flow_rate,pkts_src",5.8061529956750974e-05,0.0,ton->bot,0,cat,50.0,0.7630814573333397,0.999869974883618
0.4146533672143713,0.5511244479501591,0.999902037231112,0.4146178686466496,0.5861737962251526,0.0023664771175343,0.3890752493660238,0.999843333926642,328,149,2147208,1520837,0.3123689727463312,0.5853821313533504,XGBoost,45,11.1,211043,3668522,"bytes_total,bytes_src,byte_asymmetry,payload_mean_src,byte_rate,pkt_asymmetry,bytes_dst,payload_mean_dst,flow_rate,pkts_src",5.8061529956750974e-05,0.0,ton->bot,0,cat,50.0,0.7630814573333397,0.999869974883618
0.3148886663348346,0.3545041703348489,0.999749843544016,0.3148783616340584,0.4789180568910804,-0.0071432620228648,0.317938456885331,0.9996250065618788,188,289,2513057,1154988,0.6058700209643606,0.6851216383659415,MLP(16),45,15.2,211043,3668522,"bytes_total,bytes_src,byte_asymmetry,payload_mean_src,byte_rate,pkt_asymmetry,bytes_dst,payload_mean_dst,flow_rate,pkts_src",5.8061529956750974e-05,0.0,ton->bot,0,cat,50.0,0.7630814573333397,0.999869974883618
0.4417209437479181,0.5678042413290306,0.9999098920061866,0.4416881472282919,0.6127205165040033,0.003113707124277,0.5333167846656202,0.9999047637518946,331,146,2047913,1620132,0.3060796645702306,0.5583118527717081,"KAN(cat,1L)",46,25.0,211043,3668522,"bytes_total,bytes_src,payload_mean_src,byte_asymmetry,byte_rate,pkt_asymmetry,payload_mean_dst,bytes_dst,flow_rate,pkts_total",5.8061529956750974e-05,0.0,ton->bot,0,cat,50.0,0.7630814573333397,0.999869974883618
0.2731293420074897,0.5338054008759937,0.9999021663172608,0.273061535504608,0.4289750296857751,0.0017303212904572,0.4935723664631694,0.9998565681708238,379,98,2666443,1001602,0.2054507337526205,0.726938464495392,"KAN(cat,ML)",46,177.8,211043,3668522,"bytes_total,bytes_src,payload_mean_src,byte_asymmetry,byte_rate,pkt_asymmetry,payload_mean_dst,bytes_dst,flow_rate,pkts_total",5.8061529956750974e-05,0.0,ton->bot,0,cat,50.0,0.7630814573333397,0.999869974883618
0.4558487041920425,0.5465708337946023,0.9998965410008612,0.4558251057443406,0.6261883204858241,0.0021323670531371,0.4339282683539432,0.9998985163513936,304,173,1996058,1671987,0.3626834381551362,0.5441748942556593,DecisionTree(d=5),46,3.2,211043,3668522,"bytes_total,bytes_src,payload_mean_src,byte_asymmetry,byte_rate,pkt_asymmetry,payload_mean_dst,bytes_dst,flow_rate,pkts_total",5.8061529956750974e-05,0.0,ton->bot,0,cat,50.0,0.7630814573333397,0.999869974883618
0.2949253132460429,0.4744833286554176,0.9998474754412352,0.29487860699637,0.4554378486171528,-0.0012760949298913,0.5200030464248612,0.9998502621526608,312,165,2586417,1081628,0.3459119496855345,0.70512139300363,LightGBM,46,28.7,211043,3668522,"bytes_total,bytes_src,payload_mean_src,byte_asymmetry,byte_rate,pkt_asymmetry,payload_mean_dst,bytes_dst,flow_rate,pkts_total",5.8061529956750974e-05,0.0,ton->bot,0,cat,50.0,0.7630814573333397,0.999869974883618
0.3324142529334702,0.5089514618222716,0.9998769777871092,0.3323683324495746,0.4988982752775182,0.0004333430434148,0.4379862452105733,0.9998539423114348,327,150,2448903,1219142,0.3144654088050314,0.6676316675504254,XGBoost,46,11.4,211043,3668522,"bytes_total,bytes_src,payload_mean_src,byte_asymmetry,byte_rate,pkt_asymmetry,payload_mean_dst,bytes_dst,flow_rate,pkts_total",5.8061529956750974e-05,0.0,ton->bot,0,cat,50.0,0.7630814573333397,0.999869974883618
0.4116050005969706,0.3892435637394889,0.999800014436044,0.411610817206441,0.5831448813611955,-0.0051322058100241,0.3199215050358442,0.9997095088971352,175,302,2158238,1509807,0.6331236897274634,0.588389182793559,MLP(16),46,11.8,211043,3668522,"bytes_total,bytes_src,payload_mean_src,byte_asymmetry,byte_rate,pkt_asymmetry,payload_mean_dst,bytes_dst,flow_rate,pkts_total",5.8061529956750974e-05,0.0,ton->bot,0,cat,50.0,0.7630814573333397,0.999869974883618
0.4417124934783,0.5520787898904543,0.999900634274263,0.4416837852316425,0.6127145812981887,0.0023915629226541,0.5368322030392388,0.9999054023317584,316,161,2047929,1620116,0.3375262054507337,0.5583162147683576,"KAN(cat,1L)",47,25.1,211043,3668522,"bytes_total,bytes_src,payload_mean_src,byte_asymmetry,byte_rate,pkt_asymmetry,payload_mean_dst,bytes_dst,flow_rate,pkts_total",5.8061529956750974e-05,0.0,ton->bot,0,cat,50.0,0.7630814573333397,0.999869974883618
0.3737469749397714,0.4981780588122144,0.9998687072477976,0.3737146081904666,0.5440740841436253,-8.588027956671602e-05,0.4653693047284544,0.9997973375988716,297,180,2297243,1370802,0.3773584905660377,0.6262853918095335,"KAN(cat,ML)",47,176.4,211043,3668522,"bytes_total,bytes_src,payload_mean_src,byte_asymmetry,byte_rate,pkt_asymmetry,payload_mean_dst,bytes_dst,flow_rate,pkts_total",5.8061529956750974e-05,0.0,ton->bot,0,cat,50.0,0.7630814573333397,0.999869974883618
0.4558487041920425,0.5465708337946023,0.9998965410008612,0.4558251057443406,0.6261883204858241,0.0021323670531371,0.4339282683539432,0.9998985163513936,304,173,1996058,1671987,0.3626834381551362,0.5441748942556593,DecisionTree(d=5),47,3.1,211043,3668522,"bytes_total,bytes_src,payload_mean_src,byte_asymmetry,byte_rate,pkt_asymmetry,payload_mean_dst,bytes_dst,flow_rate,pkts_total",5.8061529956750974e-05,0.0,ton->bot,0,cat,50.0,0.7630814573333397,0.999869974883618
0.2790491647589956,0.4633999769777794,0.9998358664930238,0.2790012118171942,0.436264201439082,-0.0018608950906037,0.5748013374720748,0.999869522268104,309,168,2644656,1023389,0.3522012578616352,0.7209987881828058,LightGBM,47,27.5,211043,3668522,"bytes_total,bytes_src,payload_mean_src,byte_asymmetry,byte_rate,pkt_asymmetry,payload_mean_dst,bytes_dst,flow_rate,pkts_total",5.8061529956750974e-05,0.0,ton->bot,0,cat,50.0,0.7630814573333397,0.999869974883618
0.4554188307988885,0.578846402372821,0.9999149965789116,0.4553867250810718,0.6257781584043356,0.0036104769299986,0.4810588740008034,0.9998672646862684,335,142,1997666,1670379,0.2976939203354298,0.5446132749189282,XGBoost,47,11.0,211043,3668522,"bytes_total,bytes_src,payload_mean_src,byte_asymmetry,byte_rate,pkt_asymmetry,payload_mean_dst,bytes_dst,flow_rate,pkts_total",5.8061529956750974e-05,0.0,ton->bot,0,cat,50.0,0.7630814573333397,0.999869974883618
0.4557377603296368,0.4417071829542361,0.9998367178981706,0.4557414099336295,0.6260976127706415,-0.0026691154663297,0.3440582339926746,0.9998023844573722,204,273,1996365,1671680,0.5723270440251572,0.5442585900663705,MLP(16),47,16.0,211043,3668522,"bytes_total,bytes_src,payload_mean_src,byte_asymmetry,byte_rate,pkt_asymmetry,payload_mean_dst,bytes_dst,flow_rate,pkts_total",5.8061529956750974e-05,0.0,ton->bot,0,cat,50.0,0.7630814573333397,0.999869974883618
0.4373251680104412,0.5488367601712258,0.9998990140781856,0.4372961618518857,0.6084796392569443,0.0022451009006715,0.5093884033467088,0.999899990086328,315,162,2064023,1604022,0.3396226415094339,0.5627038381481143,"KAN(cat,1L)",48,25.0,211043,3668522,"bytes_total,bytes_src,byte_asymmetry,payload_mean_src,byte_rate,pkt_asymmetry,bytes_dst,payload_mean_dst,flow_rate,pkts_total",5.8061529956750974e-05,0.0,ton->bot,0,cat,50.0,0.7630814573333397,0.999869974883618
0.2874233819505512,0.535712941675701,0.9999022907599312,0.2873587973975237,0.4464218213868006,0.00179968909344,0.421852360399011,0.999814327446935,374,103,2614000,1054045,0.2159329140461215,0.7126412026024762,"KAN(cat,ML)",48,176.2,211043,3668522,"bytes_total,bytes_src,byte_asymmetry,payload_mean_src,byte_rate,pkt_asymmetry,bytes_dst,payload_mean_dst,flow_rate,pkts_total",5.8061529956750974e-05,0.0,ton->bot,0,cat,50.0,0.7630814573333397,0.999869974883618
0.4558487041920425,0.5465708337946023,0.9998965410008612,0.4558251057443406,0.6261883204858241,0.0021323670531371,0.4339282683539432,0.9998985163513936,304,173,1996058,1671987,0.3626834381551362,0.5441748942556593,DecisionTree(d=5),48,3.1,211043,3668522,"bytes_total,bytes_src,byte_asymmetry,payload_mean_src,byte_rate,pkt_asymmetry,bytes_dst,payload_mean_dst,flow_rate,pkts_total",5.8061529956750974e-05,0.0,ton->bot,0,cat,50.0,0.7630814573333397,0.999869974883618
0.2883302866931151,0.4837623671671072,0.9998553294092618,0.2882794513153464,0.4475273085859633,-0.0008174752513968,0.4991861055500941,0.999850350322922,324,153,2610623,1057422,0.320754716981132,0.7117205486846535,LightGBM,48,26.9,211043,3668522,"bytes_total,bytes_src,byte_asymmetry,payload_mean_src,byte_rate,pkt_asymmetry,bytes_dst,payload_mean_dst,flow_rate,pkts_total",5.8061529956750974e-05,0.0,ton->bot,0,cat,50.0,0.7630814573333397,0.999869974883618
0.4268370204676434,0.5582651484872212,0.999905472382607,0.4268028336620734,0.5982477107605004,0.0026863373289058,0.4403125536917593,0.9998489047870516,329,148,2102513,1565532,0.310272536687631,0.5731971663379266,XGBoost,48,11.2,211043,3668522,"bytes_total,bytes_src,byte_asymmetry,payload_mean_src,byte_rate,pkt_asymmetry,bytes_dst,payload_mean_dst,flow_rate,pkts_total",5.8061529956750974e-05,0.0,ton->bot,0,cat,50.0,0.7630814573333397,0.999869974883618
0.455234560403345,0.4047726901791031,0.9998155884076956,0.4552476864378708,0.6256274092759724,-0.0043606531597589,0.4255366015313174,0.9997971115390404,169,308,1998176,1669869,0.6457023060796646,0.5447523135621292,MLP(16),48,18.6,211043,3668522,"bytes_total,bytes_src,byte_asymmetry,payload_mean_src,byte_rate,pkt_asymmetry,bytes_dst,payload_mean_dst,flow_rate,pkts_total",5.8061529956750974e-05,0.0,ton->bot,0,cat,50.0,0.7630814573333397,0.999869974883618
0.4414434477972327,0.5508961678393434,0.999899956277188,0.4414149771881206,0.612455759865505,0.0023374033325134,0.5009065631597782,0.9998977650499318,315,162,2048915,1619130,0.3396226415094339,0.5585850228118794,"KAN(cat,1L)",49,24.7,211043,3668522,"bytes_total,bytes_src,payload_mean_src,byte_asymmetry,byte_rate,pkt_asymmetry,bytes_dst,payload_mean_dst,flow_rate,pkts_total",5.8061529956750974e-05,0.0,ton->bot,0,cat,50.0,0.7630814573333397,0.999869974883618
0.2560930532786774,0.4225741405332729,0.9997913557405912,0.2560497485717868,0.4076890370645931,-0.0040453499567878,0.375253641717809,0.9997341911370844,281,196,2728843,939202,0.4109014675052411,0.7439502514282131,"KAN(cat,ML)",49,164.7,211043,3668522,"bytes_total,bytes_src,payload_mean_src,byte_asymmetry,byte_rate,pkt_asymmetry,bytes_dst,payload_mean_dst,flow_rate,pkts_total",5.8061529956750974e-05,0.0,ton->bot,0,cat,50.0,0.7630814573333397,0.999869974883618
0.4558487041920425,0.5465708337946023,0.9998965410008612,0.4558251057443406,0.6261883204858241,0.0021323670531371,0.4339282683539432,0.9998985163513936,304,173,1996058,1671987,0.3626834381551362,0.5441748942556593,DecisionTree(d=5),49,3.2,211043,3668522,"bytes_total,bytes_src,payload_mean_src,byte_asymmetry,byte_rate,pkt_asymmetry,bytes_dst,payload_mean_dst,flow_rate,pkts_total",5.8061529956750974e-05,0.0,ton->bot,0,cat,50.0,0.7630814573333397,0.999869974883618
0.2915599252232915,0.4780408244078792,0.9998503885689386,0.2915114182077918,0.4514115304290338,-0.0011018810138804,0.5279796760104699,0.9998471988695418,317,160,2598768,1069277,0.3354297693920335,0.7084885817922081,LightGBM,49,27.3,211043,3668522,"bytes_total,bytes_src,payload_mean_src,byte_asymmetry,byte_rate,pkt_asymmetry,bytes_dst,payload_mean_dst,flow_rate,pkts_total",5.8061529956750974e-05,0.0,ton->bot,0,cat,50.0,0.7630814573333397,0.999869974883618
0.4404525855371727,0.5650738163198132,0.9999083948109374,0.4404201693272574,0.6114991197413012,0.0029892264255364,0.4643754513401284,0.999866465838756,329,148,2052564,1615481,0.310272536687631,0.5595798306727425,XGBoost,49,11.3,211043,3668522,"bytes_total,bytes_src,payload_mean_src,byte_asymmetry,byte_rate,pkt_asymmetry,bytes_dst,payload_mean_dst,flow_rate,pkts_total",5.8061529956750974e-05,0.0,ton->bot,0,cat,50.0,0.7630814573333397,0.999869974883618
0.3798096345067577,0.3848727122139875,0.9997911650621302,0.3798083175097361,0.5504916536434923,-0.0054093093706709,0.3336084937630921,0.999729381505414,186,291,2274891,1393154,0.610062893081761,0.6201916824902639,MLP(16),49,16.0,211043,3668522,"bytes_total,bytes_src,payload_mean_src,byte_asymmetry,byte_rate,pkt_asymmetry,bytes_dst,payload_mean_dst,flow_rate,pkts_total",5.8061529956750974e-05,0.0,ton->bot,0,cat,50.0,0.7630814573333397,0.999869974883618
0.4417160371397527,0.5489363168007287,0.9998987839259,0.4416881472282919,0.6127184309786378,0.0022472514762452,0.5416597468122138,0.999906643551707,313,164,2047913,1620132,0.3438155136268344,0.5583118527717081,"KAN(cat,1L)",50,25.1,211043,3668522,"bytes_total,bytes_src,payload_mean_src,byte_asymmetry,byte_rate,pkt_asymmetry,bytes_dst,payload_mean_dst,flow_rate,pkts_total",5.8061529956750974e-05,0.0,ton->bot,0,cat,50.0,0.7630814573333397,0.999869974883618
0.2910698095854406,0.4819880615889579,0.9998538820997144,0.2910201483351485,0.4508226491846148,-0.0009042641268864,0.5372230478266785,0.9998710327076702,321,156,2600570,1067475,0.3270440251572327,0.7089798516648514,"KAN(cat,ML)",50,177.2,211043,3668522,"bytes_total,bytes_src,payload_mean_src,byte_asymmetry,byte_rate,pkt_asymmetry,bytes_dst,payload_mean_dst,flow_rate,pkts_total",5.8061529956750974e-05,0.0,ton->bot,0,cat,50.0,0.7630814573333397,0.999869974883618
0.4558487041920425,0.5465708337946023,0.9998965410008612,0.4558251057443406,0.6261883204858241,0.0021323670531371,0.4339282683539432,0.9998985163513936,304,173,1996058,1671987,0.3626834381551362,0.5441748942556593,DecisionTree(d=5),50,3.1,211043,3668522,"bytes_total,bytes_src,payload_mean_src,byte_asymmetry,byte_rate,pkt_asymmetry,bytes_dst,payload_mean_dst,flow_rate,pkts_total",5.8061529956750974e-05,0.0,ton->bot,0,cat,50.0,0.7630814573333397,0.999869974883618
0.2924875467558869,0.4879374309416615,0.9998592497171012,0.2924367067470546,0.4525210262173564,-0.0006047212657983,0.5818597401863457,0.9998536574549942,326,151,2595374,1072671,0.3165618448637317,0.7075632932529454,LightGBM,50,26.6,211043,3668522,"bytes_total,bytes_src,payload_mean_src,byte_asymmetry,byte_rate,pkt_asymmetry,bytes_dst,payload_mean_dst,flow_rate,pkts_total",5.8061529956750974e-05,0.0,ton->bot,0,cat,50.0,0.7630814573333397,0.999869974883618
0.3026635795014995,0.5003626809891043,0.9998702865136708,0.3026121544310389,0.4646095671493605,1.8003620252186323e-05,0.4770292432639093,0.9998661444544537,333,144,2558050,1109995,0.3018867924528302,0.6973878455689612,XGBoost,50,11.0,211043,3668522,"bytes_total,bytes_src,payload_mean_src,byte_asymmetry,byte_rate,pkt_asymmetry,bytes_dst,payload_mean_dst,flow_rate,pkts_total",5.8061529956750974e-05,0.0,ton->bot,0,cat,50.0,0.7630814573333397,0.999869974883618
0.3910784779265328,0.4523446879358183,0.9998382900003971,0.3910625414900853,0.5622245582349151,-0.0022269721521478,0.3615376210222953,0.9997836794580122,245,232,2233610,1434435,0.4863731656184486,0.6089374585099147,MLP(16),50,18.6,211043,3668522,"bytes_total,bytes_src,payload_mean_src,byte_asymmetry,byte_rate,pkt_asymmetry,bytes_dst,payload_mean_dst,flow_rate,pkts_total",5.8061529956750974e-05,0.0,ton->bot,0,cat,50.0,0.7630814573333397,0.999869974883618
0.4417171274971228,0.5698984963894062,0.99991112537494,0.4416837852316425,0.6127165509553628,0.0032098832539792,0.5428361650776028,0.9999071832991576,333,144,2047929,1620116,0.3018867924528302,0.5583162147683576,"KAN(cat,1L)",51,25.5,211043,3668522,"bytes_total,bytes_src,payload_mean_src,byte_asymmetry,byte_rate,pkt_asymmetry,bytes_dst,payload_mean_dst,flow_rate,pkts_total",5.8061529956750974e-05,0.0,ton->bot,0,cat,50.0,0.7630814573333397,0.999869974883618
0.2296709683082178,0.4418519132829236,0.9998041324491992,0.2296157762513818,0.3734619886126686,-0.0031527259722338,0.3925114685233546,0.9997761371893162,312,165,2825804,842241,0.3459119496855345,0.7703842237486181,"KAN(cat,ML)",51,176.7,211043,3668522,"bytes_total,bytes_src,payload_mean_src,byte_asymmetry,byte_rate,pkt_asymmetry,bytes_dst,payload_mean_dst,flow_rate,pkts_total",5.8061529956750974e-05,0.0,ton->bot,0,cat,50.0,0.7630814573333397,0.999869974883618
0.4558487041920425,0.5465708337946023,0.9998965410008612,0.4558251057443406,0.6261883204858241,0.0021323670531371,0.4339282683539432,0.9998985163513936,304,173,1996058,1671987,0.3626834381551362,0.5441748942556593,DecisionTree(d=5),51,3.1,211043,3668522,"bytes_total,bytes_src,payload_mean_src,byte_asymmetry,byte_rate,pkt_asymmetry,bytes_dst,payload_mean_dst,flow_rate,pkts_total",5.8061529956750974e-05,0.0,ton->bot,0,cat,50.0,0.7630814573333397,0.999869974883618
0.2852358524768285,0.4727822134031245,0.9998451599583652,0.2851870683156831,0.4437910640126628,-0.0013746870314794,0.5293977998716453,0.9998454508136874,315,162,2621966,1046079,0.3396226415094339,0.7148129316843168,LightGBM,51,27.7,211043,3668522,"bytes_total,bytes_src,payload_mean_src,byte_asymmetry,byte_rate,pkt_asymmetry,bytes_dst,payload_mean_dst,flow_rate,pkts_total",5.8061529956750974e-05,0.0,ton->bot,0,cat,50.0,0.7630814573333397,0.999869974883618
0.4513507074511206,0.5631870138650252,0.9999063796528558,0.451321616828583,0.6219275882718457,0.0028956270618632,0.4402577255314371,0.9998430425053096,322,155,2012577,1655468,0.3249475890985325,0.5486783831714169,XGBoost,51,11.1,211043,3668522,"bytes_total,bytes_src,payload_mean_src,byte_asymmetry,byte_rate,pkt_asymmetry,bytes_dst,payload_mean_dst,flow_rate,pkts_total",5.8061529956750974e-05,0.0,ton->bot,0,cat,50.0,0.7630814573333397,0.999869974883618
0.4000984592705182,0.508211269226917,0.999875311635741,0.4000703371959722,0.5714799762603141,0.0003822149928416,0.4620520522855597,0.9998213735582951,294,183,2200569,1467476,0.3836477987421384,0.5999296628040277,MLP(16),51,17.5,211043,3668522,"bytes_total,bytes_src,payload_mean_src,byte_asymmetry,byte_rate,pkt_asymmetry,bytes_dst,payload_mean_dst,flow_rate,pkts_total",5.8061529956750974e-05,0.0,ton->bot,0,cat,50.0,0.7630814573333397,0.999869974883618
0.4659856048293476,0.590449634569649,0.868226619746203,0.3538992691392982,0.5028365227671757,0.166156114124623,0.8249252136385935,0.9061144314144344,41350,8650,104050,56993,0.173,0.6461007308607019,"KAN(cat,1L)",42,1.9,24327,211043,"bytes_src,byte_asymmetry,payload_mean_src,bytes_total,byte_rate,duration,flow_rate,pkt_asymmetry,pkts_total,pkts_src",0.0,0.212525409513701,bot->ton,0,cat,50.0,0.9803921568627452,0.7630814573333397
0.5275180887307326,0.6267136582155076,0.8842428419271976,0.4381873164310153,0.5859878429548927,0.2222104610538373,0.6613893927087796,0.8013676396897966,40762,9238,90476,70567,0.18476,0.5618126835689847,"KAN(cat,ML)",42,19.2,24327,211043,"bytes_src,byte_asymmetry,payload_mean_src,bytes_total,byte_rate,duration,flow_rate,pkt_asymmetry,pkts_total,pkts_src",0.0,0.212525409513701,bot->ton,0,cat,50.0,0.9803921568627452,0.7630814573333397
0.2531190326142066,0.4521573397167216,0.5839018404907975,0.0738746794334432,0.1311556736376765,-0.1377569536425792,0.6652050289053235,0.8247282749190525,41522,8478,149146,11897,0.16956,0.9261253205665568,DecisionTree(d=5),42,0.2,24327,211043,"bytes_src,byte_asymmetry,payload_mean_src,bytes_total,byte_rate,duration,flow_rate,pkt_asymmetry,pkts_total,pkts_src",0.0,0.212525409513701,bot->ton,0,cat,50.0,0.9803921568627452,0.7630814573333397
0.6163530654890236,0.6867144766304651,0.908418593738843,0.5529889532609303,0.6874816656116352,0.3183606124988538,0.7901410236396491,0.8765357341324087,41022,8978,71988,89055,0.17956,0.4470110467390696,LightGBM,42,1.8,24327,211043,"bytes_src,byte_asymmetry,payload_mean_src,bytes_total,byte_rate,duration,flow_rate,pkt_asymmetry,pkts_total,pkts_src",0.0,0.212525409513701,bot->ton,0,cat,50.0,0.9803921568627452,0.7630814573333397
0.7220945494520075,0.6327410243226964,0.8279703525281709,0.8025620486453928,0.8150682339883459,0.2572385267876517,0.6243305671156152,0.7959942005010989,23146,26854,31796,129247,0.53708,0.1974379513546071,XGBoost,42,0.8,24327,211043,"bytes_src,byte_asymmetry,payload_mean_src,bytes_total,byte_rate,duration,flow_rate,pkt_asymmetry,pkts_total,pkts_src",0.0,0.212525409513701,bot->ton,0,cat,50.0,0.9803921568627452,0.7630814573333397
0.837189577479471,0.7174780284768665,0.8564779640603983,0.9449960569537328,0.8985622767395861,0.5069749501520265,0.6002228461342621,0.7464533325265131,24498,25502,8858,152185,0.51004,0.0550039430462671,MLP(16),42,1.0,24327,211043,"bytes_src,byte_asymmetry,payload_mean_src,bytes_total,byte_rate,duration,flow_rate,pkt_asymmetry,pkts_total,pkts_src",0.0,0.212525409513701,bot->ton,0,cat,50.0,0.9803921568627452,0.7630814573333397
0.6485787256625427,0.7105053078991326,0.9174498837186952,0.5928106157982651,0.7202387014760412,0.3580550408337334,0.8666284890370894,0.9315229072286098,41410,8590,65575,95468,0.1718,0.4071893842017349,"KAN(cat,1L)",43,1.9,24327,211043,"bytes_src,byte_asymmetry,payload_mean_src,bytes_total,byte_rate,duration,flow_rate,pkt_asymmetry,pkts_total,bytes_dst",0.0,0.212525409513701,bot->ton,0,cat,50.0,0.9803921568627452,0.7630814573333397
0.4966476026212668,0.6037280456772415,0.8699149682818194,0.4002160913544829,0.5482173918590755,0.1848062042168744,0.7724045014064567,0.840186717093395,40362,9638,96591,64452,0.19276,0.599783908645517,"KAN(cat,ML)",43,19.0,24327,211043,"bytes_src,byte_asymmetry,payload_mean_src,bytes_total,byte_rate,duration,flow_rate,pkt_asymmetry,pkts_total,bytes_dst",0.0,0.212525409513701,bot->ton,0,cat,50.0,0.9803921568627452,0.7630814573333397
0.2958022772610321,0.4799457491477431,0.7110922371326652,0.1299714982954863,0.2197734121525845,-0.0492258086442291,0.7157786183193309,0.8413406174688244,41496,8504,140112,20931,0.17008,0.8700285017045137,DecisionTree(d=5),43,0.2,24327,211043,"bytes_src,byte_asymmetry,payload_mean_src,bytes_total,byte_rate,duration,flow_rate,pkt_asymmetry,pkts_total,bytes_dst",0.0,0.212525409513701,bot->ton,0,cat,50.0,0.9803921568627452,0.7630814573333397
0.7632757305383263,0.7678142698533932,0.9162320143884892,0.7591885397067863,0.8303501390572631,0.4723211199845973,0.7388721534000235,0.8306239684746344,38822,11178,38781,122262,0.22356,0.2408114602932136,LightGBM,43,1.7,24327,211043,"bytes_src,byte_asymmetry,payload_mean_src,bytes_total,byte_rate,duration,flow_rate,pkt_asymmetry,pkts_total,bytes_dst",0.0,0.212525409513701,bot->ton,0,cat,50.0,0.9803921568627452,0.7630814573333397
0.74794236245694,0.6487673231372988,0.8332344580397973,0.8372546462745974,0.8352397146777426,0.2991529807528799,0.6619388108145029,0.8161572976676562,23014,26986,26209,134834,0.53972,0.1627453537254025,XGBoost,43,0.7,24327,211043,"bytes_src,byte_asymmetry,payload_mean_src,bytes_total,byte_rate,duration,flow_rate,pkt_asymmetry,pkts_total,bytes_dst",0.0,0.212525409513701,bot->ton,0,cat,50.0,0.9803921568627452,0.7630814573333397
0.8366114962353643,0.7456800139714238,0.8738325210456358,0.9185000279428476,0.8956096852124317,0.5243695939043933,0.6174541803120905,0.7481679767019784,28643,21357,13125,147918,0.42714,0.0814999720571524,MLP(16),43,1.4,24327,211043,"bytes_src,byte_asymmetry,payload_mean_src,bytes_total,byte_rate,duration,flow_rate,pkt_asymmetry,pkts_total,bytes_dst",0.0,0.212525409513701,bot->ton,0,cat,50.0,0.9803921568627452,0.7630814573333397
0.3166937543533782,0.4956342590488254,0.7530663780663781,0.1555485180976509,0.2578393984776668,-0.010188644776647,0.768433929819986,0.8633365570007997,41786,8214,135993,25050,0.16428,0.8444514819023491,"KAN(cat,1L)",44,1.8,24327,211043,"bytes_src,byte_asymmetry,payload_mean_src,bytes_total,byte_rate,duration,flow_rate,pkt_asymmetry,pkts_total,bytes_dst",0.0,0.212525409513701,bot->ton,0,cat,50.0,0.9803921568627452,0.7630814573333397
0.7533441052297399,0.7438548408189117,0.8994985557820038,0.7618896816378234,0.8249952092627644,0.4337340135162766,0.8045940451308036,0.9032289711106852,36291,13709,38346,122697,0.27418,0.2381103183621765,"KAN(cat,ML)",44,19.2,24327,211043,"bytes_src,byte_asymmetry,payload_mean_src,bytes_total,byte_rate,duration,flow_rate,pkt_asymmetry,pkts_total,bytes_dst",0.0,0.212525409513701,bot->ton,0,cat,50.0,0.9803921568627452,0.7630814573333397
0.2736835621176727,0.4632807252100371,0.6527542623144466,0.1029414504200741,0.1778373739540871,-0.0959723240248126,0.684289846190148,0.8301059579274659,41181,8819,144465,16578,0.17638,0.8970585495799258,DecisionTree(d=5),44,0.2,24327,211043,"bytes_src,byte_asymmetry,payload_mean_src,bytes_total,byte_rate,duration,flow_rate,pkt_asymmetry,pkts_total,bytes_dst",0.0,0.212525409513701,bot->ton,0,cat,50.0,0.9803921568627452,0.7630814573333397
0.6578422406808091,0.6967237218010096,0.8973884102316343,0.6228274436020194,0.7353141700939101,0.3351696625295932,0.7688754478617512,0.8506847968290052,38531,11469,60741,100302,0.22938,0.3771725563979806,LightGBM,44,2.0,24327,211043,"bytes_src,byte_asymmetry,payload_mean_src,bytes_total,byte_rate,duration,flow_rate,pkt_asymmetry,pkts_total,bytes_dst",0.0,0.212525409513701,bot->ton,0,cat,50.0,0.9803921568627452,0.7630814573333397
0.7292400126988339,0.6614598073806375,0.8448721097738271,0.790279614761275,0.8166645277207393,0.3037697234914236,0.7334335450159275,0.8772492918658685,26632,23368,33774,127269,0.46736,0.209720385238725,XGBoost,44,0.8,24327,211043,"bytes_src,byte_asymmetry,payload_mean_src,bytes_total,byte_rate,duration,flow_rate,pkt_asymmetry,pkts_total,bytes_dst",0.0,0.212525409513701,bot->ton,0,cat,50.0,0.9803921568627452,0.7630814573333397
0.8307643466023512,0.7397801673466093,0.8715792719445449,0.9127003346932184,0.8916659589182369,0.5088905986067193,0.5981118362797514,0.7462732527976144,28343,21657,14059,146984,0.43314,0.0872996653067814,MLP(16),44,1.1,24327,211043,"bytes_src,byte_asymmetry,payload_mean_src,bytes_total,byte_rate,duration,flow_rate,pkt_asymmetry,pkts_total,bytes_dst",0.0,0.212525409513701,bot->ton,0,cat,50.0,0.9803921568627452,0.7630814573333397
0.4425970062972948,0.5778067830951982,0.8621535483655659,0.3208335661903964,0.4676429592889597,0.1467345949599727,0.7998400046571412,0.901844126442463,41739,8261,109375,51668,0.16522,0.6791664338096036,"KAN(cat,1L)",45,1.9,24327,211043,"bytes_src,byte_asymmetry,payload_mean_src,bytes_total,byte_rate,duration,flow_rate,pkt_asymmetry,pkts_total,bytes_dst",0.0,0.212525409513701,bot->ton,0,cat,50.0,0.9803921568627452,0.7630814573333397
0.8509213762124307,0.8818322588997969,0.9780775218966522,0.8230845177995939,0.8939123163140751,0.677362339328187,0.8876278606334955,0.9420780367624078,47029,2971,28491,132552,0.05942,0.1769154822004061,"KAN(cat,ML)",45,19.4,24327,211043,"bytes_src,byte_asymmetry,payload_mean_src,bytes_total,byte_rate,duration,flow_rate,pkt_asymmetry,pkts_total,bytes_dst",0.0,0.212525409513701,bot->ton,0,cat,50.0,0.9803921568627452,0.7630814573333397
0.2553223750610065,0.451684177021044,0.5907646289025986,0.0784883540420881,0.1385668634447678,-0.1361244137028832,0.6561068453767006,0.8206214741905289,41244,8756,148403,12640,0.17512,0.921511645957912,DecisionTree(d=5),45,0.2,24327,211043,"bytes_src,byte_asymmetry,payload_mean_src,bytes_total,byte_rate,duration,flow_rate,pkt_asymmetry,pkts_total,bytes_dst",0.0,0.212525409513701,bot->ton,0,cat,50.0,0.9803921568627452,0.7630814573333397
0.6175755651691835,0.6799238466123955,0.8997044570268576,0.5614276932247909,0.6914076838370243,0.3063566925379349,0.7756751847022223,0.852299828955252,39921,10079,70629,90414,0.20158,0.4385723067752091,LightGBM,45,1.8,24327,211043,"bytes_src,byte_asymmetry,payload_mean_src,bytes_total,byte_rate,duration,flow_rate,pkt_asymmetry,pkts_total,bytes_dst",0.0,0.212525409513701,bot->ton,0,cat,50.0,0.9803921568627452,0.7630814573333397
0.800017058135072,0.7100145156262614,0.8602417819597191,0.8810690312525227,0.8705308526465941,0.4322295311808322,0.7569531970343325,0.8575666110423947,26948,23052,19153,141890,0.46104,0.1189309687474773,XGBoost,45,0.7,24327,211043,"bytes_src,byte_asymmetry,payload_mean_src,bytes_total,byte_rate,duration,flow_rate,pkt_asymmetry,pkts_total,bytes_dst",0.0,0.212525409513701,bot->ton,0,cat,50.0,0.9803921568627452,0.7630814573333397
0.8137062115303516,0.7294097713033165,0.8693016680116743,0.889619542606633,0.8793432560994322,0.4716500463063923,0.5954294565426625,0.7496165378109966,28460,21540,17776,143267,0.4308,0.1103804573933669,MLP(16),45,1.1,24327,211043,"bytes_src,byte_asymmetry,payload_mean_src,bytes_total,byte_rate,duration,flow_rate,pkt_asymmetry,pkts_total,bytes_dst",0.0,0.212525409513701,bot->ton,0,cat,50.0,0.9803921568627452,0.7630814573333397
0.4222409651113754,0.6121975759890216,0.9679580750915312,0.2511751519780431,0.3988522521101207,0.2394246924068766,0.8563170332147314,0.9335576362195898,48661,1339,120593,40450,0.02678,0.7488248480219569,"KAN(cat,1L)",46,1.8,24327,211043,"bytes_src,byte_asymmetry,payload_mean_src,bytes_total,byte_rate,duration,flow_rate,pkt_asymmetry,pkts_total,bytes_dst",0.0,0.212525409513701,bot->ton,0,cat,50.0,0.9803921568627452,0.7630814573333397
0.4308600616935885,0.5627521750712543,0.8434416325434652,0.3120843501425085,0.4555932756502939,0.1185477990659487,0.6407780836795142,0.8303476302160756,40671,9329,110784,50259,0.18658,0.6879156498574914,"KAN(cat,ML)",46,19.2,24327,211043,"bytes_src,byte_asymmetry,payload_mean_src,bytes_total,byte_rate,duration,flow_rate,pkt_asymmetry,pkts_total,bytes_dst",0.0,0.212525409513701,bot->ton,0,cat,50.0,0.9803921568627452,0.7630814573333397
0.2829470771359391,0.4685920563451997,0.6761569708399826,0.1157641126903994,0.1976831110993293,-0.0792515159217606,0.6865102110616419,0.8301996878615198,41071,8929,142400,18643,0.17858,0.8842358873096006,DecisionTree(d=5),46,0.2,24327,211043,"bytes_src,byte_asymmetry,payload_mean_src,bytes_total,byte_rate,duration,flow_rate,pkt_asymmetry,pkts_total,bytes_dst",0.0,0.212525409513701,bot->ton,0,cat,50.0,0.9803921568627452,0.7630814573333397
0.5403164284055856,0.6365614079469458,0.8900367924758169,0.4536428158938917,0.6009748071979435,0.2382104166148116,0.7167262034984445,0.8517881485345314,40974,9026,87987,73056,0.18052,0.5463571841061083,LightGBM,46,1.9,24327,211043,"bytes_src,byte_asymmetry,payload_mean_src,bytes_total,byte_rate,duration,flow_rate,pkt_asymmetry,pkts_total,bytes_dst",0.0,0.212525409513701,bot->ton,0,cat,50.0,0.9803921568627452,0.7630814573333397
0.7210994915728074,0.663145181721652,0.8478380752027124,0.7732903634433039,0.808850178289589,0.301607565561037,0.6709261783498817,0.8247788110519028,27650,22350,36510,124533,0.447,0.226709636556696,XGBoost,46,0.8,24327,211043,"bytes_src,byte_asymmetry,payload_mean_src,bytes_total,byte_rate,duration,flow_rate,pkt_asymmetry,pkts_total,bytes_dst",0.0,0.212525409513701,bot->ton,0,cat,50.0,0.9803921568627452,0.7630814573333397
0.8347019327814711,0.7380231181734072,0.8694664089498038,0.9217662363468142,0.8948528059848149,0.5149055640199033,0.5947552938656135,0.7500800973377743,27714,22286,12599,148444,0.44572,0.0782337636531858,MLP(16),46,1.1,24327,211043,"bytes_src,byte_asymmetry,payload_mean_src,bytes_total,byte_rate,duration,flow_rate,pkt_asymmetry,pkts_total,bytes_dst",0.0,0.212525409513701,bot->ton,0,cat,50.0,0.9803921568627452,0.7630814573333397
0.4166686409878555,0.6087325486981737,0.9676520624275746,0.2437050973963475,0.389351296118094,0.2346713433284147,0.8305593773091657,0.9211835584145508,48688,1312,121796,39247,0.02624,0.7562949026036524,"KAN(cat,1L)",47,1.8,24327,211043,"bytes_src,byte_asymmetry,payload_mean_src,bytes_total,byte_rate,duration,flow_rate,pkt_asymmetry,pkts_total,bytes_dst",0.0,0.212525409513701,bot->ton,0,cat,50.0,0.9803921568627452,0.7630814573333397
0.5318205294655591,0.6278917141384599,0.8832846814223602,0.4453034282769198,0.5921017867168665,0.2235383649723288,0.6078559574151003,0.7877161602643915,40524,9476,89330,71713,0.18952,0.5546965717230802,"KAN(cat,ML)",47,19.3,24327,211043,"bytes_src,byte_asymmetry,payload_mean_src,bytes_total,byte_rate,duration,flow_rate,pkt_asymmetry,pkts_total,bytes_dst",0.0,0.212525409513701,bot->ton,0,cat,50.0,0.9803921568627452,0.7630814573333397
0.2491293243557,0.4471504831007867,0.5637019824986405,0.0708009662015734,0.1258012908920395,-0.1526700383322315,0.657311154536366,0.8309394101096929,41175,8825,149641,11402,0.1765,0.9291990337984264,DecisionTree(d=5),47,0.2,24327,211043,"bytes_src,byte_asymmetry,payload_mean_src,bytes_total,byte_rate,duration,flow_rate,pkt_asymmetry,pkts_total,bytes_dst",0.0,0.212525409513701,bot->ton,0,cat,50.0,0.9803921568627452,0.7630814573333397
0.8083044687575518,0.8105094046310612,0.933401381570908,0.8063188092621225,0.8652185501066099,0.5570929035157788,0.8050880775320877,0.8995767591788546,40735,9265,31191,129852,0.1853,0.1936811907378774,LightGBM,47,1.7,24327,211043,"bytes_src,byte_asymmetry,payload_mean_src,bytes_total,byte_rate,duration,flow_rate,pkt_asymmetry,pkts_total,bytes_dst",0.0,0.212525409513701,bot->ton,0,cat,50.0,0.9803921568627452,0.7630814573333397
0.5540197969134252,0.5543508384096173,0.8003033457782883,0.5537216768192346,0.6545600017616813,0.0925830982856408,0.6567558380680938,0.8164539980357737,27749,22251,71870,89173,0.44502,0.4462783231807654,XGBoost,47,0.7,24327,211043,"bytes_src,byte_asymmetry,payload_mean_src,bytes_total,byte_rate,duration,flow_rate,pkt_asymmetry,pkts_total,bytes_dst",0.0,0.212525409513701,bot->ton,0,cat,50.0,0.9803921568627452,0.7630814573333397
0.8360713219580844,0.7506905673019008,0.8772172667879836,0.9129611346038016,0.8947323580243909,0.527285126918899,0.6153200824003526,0.759362236591327,29421,20579,14017,147026,0.41158,0.0870388653961985,MLP(16),47,1.4,24327,211043,"bytes_src,byte_asymmetry,payload_mean_src,bytes_total,byte_rate,duration,flow_rate,pkt_asymmetry,pkts_total,bytes_dst",0.0,0.212525409513701,bot->ton,0,cat,50.0,0.9803921568627452,0.7630814573333397
0.4038276559753225,0.5512176487646157,0.8381102301741183,0.2710952975292313,0.4096765415184813,0.1010162438299518,0.7734945661717677,0.8709886637142759,41567,8433,117385,43658,0.16866,0.7289047024707687,"KAN(cat,1L)",48,1.8,24327,211043,"bytes_src,byte_asymmetry,payload_mean_src,bytes_total,byte_rate,duration,flow_rate,pkt_asymmetry,pkts_total,bytes_dst",0.0,0.212525409513701,bot->ton,0,cat,50.0,0.9803921568627452,0.7630814573333397
0.699904758745848,0.6417831472339686,0.8379144821480446,0.7522462944679371,0.7927727479459854,0.2595750375082743,0.8030560158466994,0.9103605147626432,26566,23434,39899,121144,0.46868,0.2477537055320628,"KAN(cat,ML)",48,19.5,24327,211043,"bytes_src,byte_asymmetry,payload_mean_src,bytes_total,byte_rate,duration,flow_rate,pkt_asymmetry,pkts_total,bytes_dst",0.0,0.212525409513701,bot->ton,0,cat,50.0,0.9803921568627452,0.7630814573333397
0.2751571954530593,0.4654943441192725,0.6591967174307582,0.1037486882385449,0.179280966151436,-0.0902649304231796,0.520326024602125,0.7612545197157214,41362,8638,144335,16708,0.17276,0.896251311761455,DecisionTree(d=5),48,0.2,24327,211043,"bytes_src,byte_asymmetry,payload_mean_src,bytes_total,byte_rate,duration,flow_rate,pkt_asymmetry,pkts_total,bytes_dst",0.0,0.212525409513701,bot->ton,0,cat,50.0,0.9803921568627452,0.7630814573333397
0.5970394658908375,0.6720529568500339,0.9019558065983352,0.5294859137000677,0.6672613877346605,0.2942199682528978,0.7382226522109002,0.8315012741377847,40731,9269,75773,85270,0.18538,0.4705140862999323,LightGBM,48,1.7,24327,211043,"bytes_src,byte_asymmetry,payload_mean_src,bytes_total,byte_rate,duration,flow_rate,pkt_asymmetry,pkts_total,bytes_dst",0.0,0.212525409513701,bot->ton,0,cat,50.0,0.9803921568627452,0.7630814573333397
0.7539695701823799,0.6506066357432487,0.8332844646435029,0.8470532714864974,0.8401124567740426,0.3070370932464261,0.6825090849648852,0.840911348618574,22708,27292,24631,136412,0.54584,0.1529467285135026,XGBoost,48,0.8,24327,211043,"bytes_src,byte_asymmetry,payload_mean_src,bytes_total,byte_rate,duration,flow_rate,pkt_asymmetry,pkts_total,bytes_dst",0.0,0.212525409513701,bot->ton,0,cat,50.0,0.9803921568627452,0.7630814573333397
0.8359765545410177,0.7423266041367833,0.8718594295059209,0.9203132082735668,0.8954313126064839,0.5206128944140073,0.6010583221872419,0.7482390317809242,28217,21783,12833,148210,0.43566,0.0796867917264333,MLP(16),48,1.4,24327,211043,"bytes_src,byte_asymmetry,payload_mean_src,bytes_total,byte_rate,duration,flow_rate,pkt_asymmetry,pkts_total,bytes_dst",0.0,0.212525409513701,bot->ton,0,cat,50.0,0.9803921568627452,0.7630814573333397
0.5538823841586785,0.6968267652117758,0.9775138129434776,0.4251535304235515,0.5925759241148317,0.3554497009329726,0.8598622271691411,0.9324602679854918,48425,1575,92575,68468,0.0315,0.5748464695764485,"KAN(cat,1L)",49,2.0,24327,211043,"bytes_src,byte_asymmetry,payload_mean_src,bytes_total,byte_rate,duration,flow_rate,pkt_asymmetry,pkts_total,bytes_dst",0.0,0.212525409513701,bot->ton,0,cat,50.0,0.9803921568627452,0.7630814573333397
0.6549044507517425,0.6929025793111157,0.8948621767038791,0.6206851586222313,0.7329730443199484,0.328646474980174,0.8142129792043119,0.9118508882591082,38256,11744,61086,99957,0.23488,0.3793148413777686,"KAN(cat,ML)",49,19.1,24327,211043,"bytes_src,byte_asymmetry,payload_mean_src,bytes_total,byte_rate,duration,flow_rate,pkt_asymmetry,pkts_total,bytes_dst",0.0,0.212525409513701,bot->ton,0,cat,50.0,0.9803921568627452,0.7630814573333397
0.2539008638050065,0.4509527107045944,0.5851791995436828,0.0764454214091888,0.1352255314942251,-0.139224668957762,0.6621552795216186,0.82330628224001,41273,8727,148732,12311,0.17454,0.9235545785908112,DecisionTree(d=5),49,0.2,24327,211043,"bytes_src,byte_asymmetry,payload_mean_src,bytes_total,byte_rate,duration,flow_rate,pkt_asymmetry,pkts_total,bytes_dst",0.0,0.212525409513701,bot->ton,0,cat,50.0,0.9803921568627452,0.7630814573333397
0.601754144889904,0.6783346896170588,0.9069211905969896,0.5327893792341176,0.6712432182936895,0.304941161110583,0.7710756894121445,0.8581911651826484,41194,8806,75241,85802,0.17612,0.4672106207658824,LightGBM,49,1.8,24327,211043,"bytes_src,byte_asymmetry,payload_mean_src,bytes_total,byte_rate,duration,flow_rate,pkt_asymmetry,pkts_total,bytes_dst",0.0,0.212525409513701,bot->ton,0,cat,50.0,0.9803921568627452,0.7630814573333397
0.6151116123254503,0.5950493581217439,0.8215157545338092,0.6331787162434878,0.715155383180323,0.1642287251523513,0.6533329199033799,0.7992085107688094,27846,22154,59074,101969,0.44308,0.3668212837565122,XGBoost,49,0.7,24327,211043,"bytes_src,byte_asymmetry,payload_mean_src,bytes_total,byte_rate,duration,flow_rate,pkt_asymmetry,pkts_total,bytes_dst",0.0,0.212525409513701,bot->ton,0,cat,50.0,0.9803921568627452,0.7630814573333397
0.8200319366195514,0.703546546201946,0.8519153998375714,0.924933092403892,0.886923954044342,0.4591827049316422,0.6000729866557379,0.748119096121015,24108,25892,12089,148954,0.51784,0.0750669075961078,MLP(16),49,1.4,24327,211043,"bytes_src,byte_asymmetry,payload_mean_src,bytes_total,byte_rate,duration,flow_rate,pkt_asymmetry,pkts_total,bytes_dst",0.0,0.212525409513701,bot->ton,0,cat,50.0,0.9803921568627452,0.7630814573333397
0.5479831124462787,0.6922856045279832,0.97575151462446,0.4180312090559664,0.5853058421036615,0.3485843967236169,0.854284454835044,0.931363447115001,48327,1673,93722,67321,0.03346,0.5819687909440335,"KAN(cat,1L)",50,1.7,24327,211043,"bytes_src,byte_asymmetry,payload_mean_src,bytes_total,byte_rate,duration,flow_rate,pkt_asymmetry,pkts_total,bytes_dst",0.0,0.212525409513701,bot->ton,0,cat,50.0,0.9803921568627452,0.7630814573333397
0.6006927498187573,0.6732814320398899,0.9013256942121112,0.5353228640797799,0.6717025528748574,0.2960100865715721,0.7733746147302274,0.8978856231278262,40562,9438,74833,86210,0.18876,0.4646771359202201,"KAN(cat,ML)",50,19.1,24327,211043,"bytes_src,byte_asymmetry,payload_mean_src,bytes_total,byte_rate,duration,flow_rate,pkt_asymmetry,pkts_total,bytes_dst",0.0,0.212525409513701,bot->ton,0,cat,50.0,0.9803921568627452,0.7630814573333397
0.2773652762707126,0.4675134675210968,0.6664197145753724,0.1061269350421937,0.1830959510201458,-0.0845528230236951,0.6931238475438238,0.8334002165288555,41445,8555,143952,17091,0.1711,0.8938730649578063,DecisionTree(d=5),50,0.2,24327,211043,"bytes_src,byte_asymmetry,payload_mean_src,bytes_total,byte_rate,duration,flow_rate,pkt_asymmetry,pkts_total,bytes_dst",0.0,0.212525409513701,bot->ton,0,cat,50.0,0.9803921568627452,0.7630814573333397
0.6622015418658757,0.6994215112733866,0.8980636348315105,0.6286830225467732,0.7396084447366499,0.3399653675787909,0.7620101374788099,0.8276729496879873,38508,11492,59798,101245,0.22984,0.3713169774532268,LightGBM,50,1.9,24327,211043,"bytes_src,byte_asymmetry,payload_mean_src,bytes_total,byte_rate,duration,flow_rate,pkt_asymmetry,pkts_total,bytes_dst",0.0,0.212525409513701,bot->ton,0,cat,50.0,0.9803921568627452,0.7630814573333397
0.7897821770918723,0.6750446468955497,0.8412036495496549,0.8931092937910993,0.8663797387530382,0.3795686786837376,0.7716781688120564,0.8535170815423707,22849,27151,17214,143829,0.54302,0.1068907062089007,XGBoost,50,0.8,24327,211043,"bytes_src,byte_asymmetry,payload_mean_src,bytes_total,byte_rate,duration,flow_rate,pkt_asymmetry,pkts_total,bytes_dst",0.0,0.212525409513701,bot->ton,0,cat,50.0,0.9803921568627452,0.7630814573333397
0.8135308918087784,0.7316944383798116,0.8708387678730329,0.8872288767596233,0.8789574214821126,0.4736701239216871,0.6191989387306496,0.7620614028637813,28808,21192,18161,142882,0.42384,0.1127711232403767,MLP(16),50,1.2,24327,211043,"bytes_src,byte_asymmetry,payload_mean_src,bytes_total,byte_rate,duration,flow_rate,pkt_asymmetry,pkts_total,bytes_dst",0.0,0.212525409513701,bot->ton,0,cat,50.0,0.9803921568627452,0.7630814573333397
0.3673090318086835,0.5764178359816944,0.956593880666357,0.1789956719633886,0.3015634725934605,0.1857471592544177,0.8304672280074266,0.9199630124068616,48692,1308,132217,28826,0.02616,0.8210043280366114,"KAN(cat,1L)",51,1.7,24327,211043,"bytes_src,byte_asymmetry,payload_mean_src,bytes_total,byte_rate,duration,flow_rate,pkt_asymmetry,pkts_total,bytes_dst",0.0,0.212525409513701,bot->ton,0,cat,50.0,0.9803921568627452,0.7630814573333397
0.7181948702397142,0.8006499086579361,0.9798552450063308,0.6439398173158721,0.7771520213431656,0.511337858808792,0.8697136791415956,0.9397600685370836,47868,2132,57341,103702,0.04264,0.3560601826841278,"KAN(cat,ML)",51,19.1,24327,211043,"bytes_src,byte_asymmetry,payload_mean_src,bytes_total,byte_rate,duration,flow_rate,pkt_asymmetry,pkts_total,bytes_dst",0.0,0.212525409513701,bot->ton,0,cat,50.0,0.9803921568627452,0.7630814573333397
0.2538392649839132,0.4505744820948442,0.584528712777541,0.0766689641896884,0.1355576781616767,-0.1400470620169039,0.6631518935936366,0.8322238805613059,41224,8776,148696,12347,0.17552,0.9233310358103116,DecisionTree(d=5),51,0.2,24327,211043,"bytes_src,byte_asymmetry,payload_mean_src,bytes_total,byte_rate,duration,flow_rate,pkt_asymmetry,pkts_total,bytes_dst",0.0,0.212525409513701,bot->ton,0,cat,50.0,0.9803921568627452,0.7630814573333397
0.538103609217079,0.6356355228106778,0.8901341713415907,0.4502710456213558,0.5980305641922262,0.2369246141808574,0.8132463427780159,0.8948799522756392,41050,8950,88530,72513,0.179,0.5497289543786442,LightGBM,51,1.8,24327,211043,"bytes_src,byte_asymmetry,payload_mean_src,bytes_total,byte_rate,duration,flow_rate,pkt_asymmetry,pkts_total,bytes_dst",0.0,0.212525409513701,bot->ton,0,cat,50.0,0.9803921568627452,0.7630814573333397
0.7713072691347261,0.6960501228243388,0.8580808626021578,0.8390802456486777,0.8484741931432878,0.383089164048685,0.7471560395049769,0.851503877282642,27651,22349,25915,135128,0.44698,0.1609197543513223,XGBoost,51,0.8,24327,211043,"bytes_src,byte_asymmetry,payload_mean_src,bytes_total,byte_rate,duration,flow_rate,pkt_asymmetry,pkts_total,bytes_dst",0.0,0.212525409513701,bot->ton,0,cat,50.0,0.9803921568627452,0.7630814573333397
0.8326170496060045,0.7443245293493043,0.8740137803005962,0.9121290586986084,0.8926647402532292,0.5159350286408112,0.6045168430170824,0.7586687787187891,28826,21174,14151,146892,0.42348,0.0878709413013915,MLP(16),51,1.2,24327,211043,"bytes_src,byte_asymmetry,payload_mean_src,bytes_total,byte_rate,duration,flow_rate,pkt_asymmetry,pkts_total,bytes_dst",0.0,0.212525409513701,bot->ton,0,cat,50.0,0.9803921568627452,0.7630814573333397
0.9847254686829175,0.9923617349296423,1.0,0.9847234698592847,0.9923029427662291,0.09145256635541861,0.9994587758942434,0.9999999264276545,96,0,11207,722402,0.0,0.015276530140715285,"KAN(cat,1L)",42,11.8,19431,733705,"bytes_src,byte_asymmetry,payload_mean_src,bytes_total,byte_rate,flow_rate,duration,pkt_asymmetry,pkts_total,pkts_src",0.0,0.0,bot->bot,1,cat,50.0,0.9803921568627451,0.9998691572225895
0.9964726967923075,0.9982361176048822,1.0,0.9964722352097644,0.9982330008261472,0.18878911994810887,0.9999178859810427,0.9999999879163093,96,0,2588,731021,0.0,0.0035277647902356704,"KAN(cat,ML)",42,49.1,19431,733705,"bytes_src,byte_asymmetry,payload_mean_src,bytes_total,byte_rate,flow_rate,duration,pkt_asymmetry,pkts_total,pkts_src",0.0,0.0,bot->bot,1,cat,50.0,0.9803921568627451,0.9998691572225895
0.9949298423753415,0.9974645894475123,1.0,0.9949291788950244,0.9974581448010178,0.15820766377727172,0.9997625395476338,0.9999999530121509,96,0,3720,729889,0.0,0.005070821104975538,DecisionTree(d=5),42,1.4,19431,733705,"bytes_src,byte_asymmetry,payload_mean_src,bytes_total,byte_rate,flow_rate,duration,pkt_asymmetry,pkts_total,pkts_src",0.0,0.0,bot->bot,1,cat,50.0,0.9803921568627451,0.9998691572225895
0.9968420550493727,0.998420820900507,1.0,0.9968416418010139,0.9984183231494824,0.19914529097596537,0.9999213292889446,0.9999999870137358,96,0,2317,731292,0.0,0.0031583581989861084,LightGBM,42,9.0,19431,733705,"bytes_src,byte_asymmetry,payload_mean_src,bytes_total,byte_rate,flow_rate,duration,pkt_asymmetry,pkts_total,pkts_src",0.0,0.0,bot->bot,1,cat,50.0,0.9803921568627451,0.9998691572225895
0.9998473500930211,0.9790930579732073,0.9999945467311061,0.9998527826130813,0.9999236596474439,0.6638978747434051,0.9999489609474075,0.9999999906199329,92,4,108,733501,0.041666666666666664,0.00014721738691864466,XGBoost,42,3.3,19431,733705,"bytes_src,byte_asymmetry,payload_mean_src,bytes_total,byte_rate,flow_rate,duration,pkt_asymmetry,pkts_total,pkts_src",0.0,0.0,bot->bot,1,cat,50.0,0.9803921568627451,0.9998691572225895
0.9998364465282368,0.963464650163325,0.9999904567534148,0.9998459669933166,0.9999182066536161,0.639054533900157,0.9997420358915081,0.9999999634714591,89,7,113,733496,0.07291666666666667,0.00015403300668339674,MLP(16),42,5.0,19431,733705,"bytes_src,byte_asymmetry,payload_mean_src,bytes_total,byte_rate,flow_rate,duration,pkt_asymmetry,pkts_total,pkts_src",0.0,0.0,bot->bot,1,cat,50.0,0.9803921568627451,0.9998691572225895
0.9846804914781826,0.9923392433844187,1.0,0.9846784867688374,0.9922801031334265,0.09131727068111421,0.9989554991714479,0.9999998602222394,96,0,11240,722369,0.0,0.01532151323116265,"KAN(cat,1L)",42,10.2,19431,733705,"bytes_src,byte_asymmetry,payload_mean_src,byte_rate,bytes_total,duration,flow_rate,pkt_asymmetry,pkts_total,bytes_dst",0.0,0.0,bot->bot,2,cat,50.0,0.9803921568627451,0.9998691572225895
0.9965585623649832,0.9982790560094001,1.0,0.9965581120188002,0.9982760892555641,0.1910528059164087,0.9998980567872894,0.999999985256707,96,0,2525,731084,0.0,0.0034418879811997944,"KAN(cat,ML)",42,49.1,19431,733705,"bytes_src,byte_asymmetry,payload_mean_src,byte_rate,bytes_total,duration,flow_rate,pkt_asymmetry,pkts_total,bytes_dst",0.0,0.0,bot->bot,2,cat,50.0,0.9803921568627451,0.9998691572225895
0.99474448177401,0.9973718970187115,1.0,0.9947437940374232,0.997364971893489,0.1554471513383525,0.9995541874713458,0.999999916884081,96,0,3856,729753,0.0,0.005256205962576795,DecisionTree(d=5),42,1.5,19431,733705,"bytes_src,byte_asymmetry,payload_mean_src,byte_rate,bytes_total,duration,flow_rate,pkt_asymmetry,pkts_total,bytes_dst",0.0,0.0,bot->bot,2,cat,50.0,0.9803921568627451,0.9998691572225895
0.9967711818782753,0.9983853796777302,1.0,0.9967707593554604,0.9983827684628245,0.1970265711409183,0.9999302534910741,0.9999999880725479,96,0,2369,731240,0.0,0.00322924064453953,LightGBM,42,9.0,19431,733705,"bytes_src,byte_asymmetry,payload_mean_src,byte_rate,bytes_total,duration,flow_rate,pkt_asymmetry,pkts_total,bytes_dst",0.0,0.0,bot->bot,2,cat,50.0,0.9803921568627451,0.9998691572225895
0.9998964161345499,0.9843252459757172,0.9999959102379015,0.9999004919514346,0.9999481988183878,0.7366639150249124,0.9999460004125722,0.9999999901295316,93,3,73,733536,0.03125,9.95080485653802e-05,XGBoost,42,3.3,19431,733705,"bytes_src,byte_asymmetry,payload_mean_src,byte_rate,bytes_total,duration,flow_rate,pkt_asymmetry,pkts_total,bytes_dst",0.0,0.0,bot->bot,2,cat,50.0,0.9803921568627451,0.9998691572225895
0.9998364465282368,0.9061804806783995,0.9999754609590675,0.999860961356799,0.9999182078801254,0.5932985325245043,0.9990387633262405,0.999999871041495,78,18,102,733507,0.1875,0.00013903864320094218,MLP(16),42,3.9,19431,733705,"bytes_src,byte_asymmetry,payload_mean_src,byte_rate,bytes_total,duration,flow_rate,pkt_asymmetry,pkts_total,bytes_dst",0.0,0.0,bot->bot,2,cat,50.0,0.9803921568627451,0.9998691572225895
0.984794958184772,0.9923964945904427,1.0,0.9847929891808852,0.9923382383442463,0.09118821497034928,0.9993554145543327,0.9999999106218667,95,0,11156,722453,0.0,0.015207010819114814,"KAN(cat,1L)",42,9.8,19482,733704,"bytes_src,byte_asymmetry,payload_mean_src,byte_rate,bytes_total,duration,flow_rate,pkt_asymmetry,pkts_total,pkts_src",0.0,0.0,bot->bot,3,cat,50.0,0.9803921568627451,0.9998705199917133
0.996572187149041,0.9982858716291649,1.0,0.9965717432583298,0.9982829283479313,0.1904565150935686,0.9999190447858678,0.9999999866210059,95,0,2515,731094,0.0,0.0034282567416702905,"KAN(cat,ML)",42,49.9,19482,733704,"bytes_src,byte_asymmetry,payload_mean_src,byte_rate,bytes_total,duration,flow_rate,pkt_asymmetry,pkts_total,pkts_src",0.0,0.0,bot->bot,3,cat,50.0,0.9803921568627451,0.9998705199917133
0.9945522990197682,0.9920133204472682,0.9999986294122646,0.9945529566840101,0.9972683589582723,0.15038092470116593,0.9943377194118392,0.9999985546445747,94,1,3996,729613,0.010526315789473684,0.005447043315989853,DecisionTree(d=5),42,1.5,19482,733704,"bytes_src,byte_asymmetry,payload_mean_src,byte_rate,bytes_total,duration,flow_rate,pkt_asymmetry,pkts_total,pkts_src",0.0,0.0,bot->bot,3,cat,50.0,0.9803921568627451,0.9998705199917133
0.9966675934709365,0.9983335809675181,1.0,0.9966671619350362,0.9983307993798356,0.1930723217112077,0.9999204437815038,0.9999999839120682,95,0,2445,731164,0.0,0.0033328380649637612,LightGBM,42,9.4,19482,733704,"bytes_src,byte_asymmetry,payload_mean_src,byte_rate,bytes_total,duration,flow_rate,pkt_asymmetry,pkts_total,pkts_src",0.0,0.0,bot->bot,3,cat,50.0,0.9803921568627451,0.9998705199917133
0.999871882939169,0.9683610751776491,0.9999918203419915,0.9998800450921403,0.9999359295934392,0.6862940484079514,0.9999149769370189,0.9999999832051857,89,6,88,733521,0.06315789473684211,0.0001199549078596364,XGBoost,42,3.3,19482,733704,"bytes_src,byte_asymmetry,payload_mean_src,byte_rate,bytes_total,duration,flow_rate,pkt_asymmetry,pkts_total,pkts_src",0.0,0.0,bot->bot,3,cat,50.0,0.9803921568627451,0.9998705199917133
0.9998705199917133,0.9315230592863502,0.999982277721733,0.9998882238358581,0.9999352485671189,0.6568925057746354,0.9936418159365118,0.9999989601840611,82,13,82,733527,0.1368421052631579,0.00011177616414193391,MLP(16),42,3.6,19482,733704,"bytes_src,byte_asymmetry,payload_mean_src,byte_rate,bytes_total,duration,flow_rate,pkt_asymmetry,pkts_total,pkts_src",0.0,0.0,bot->bot,3,cat,50.0,0.9803921568627451,0.9998705199917133
0.9845564423800334,0.9922772212445594,1.0,0.9845544424891188,0.9922171157514285,0.09047624352328776,0.999264953344213,0.9999999019814645,95,0,11331,722278,0.0,0.015445557510881136,"KAN(cat,1L)",42,10.5,19482,733704,"bytes_src,byte_asymmetry,payload_mean_src,bytes_total,byte_rate,duration,flow_rate,pkt_asymmetry,pkts_total,bytes_dst",0.0,0.0,bot->bot,4,cat,50.0,0.9803921568627451,0.9998705199917133
0.9966853117878599,0.9983424412732123,1.0,0.9966848825464246,0.9983396892105741,0.19357002992898384,0.9999012237337672,0.9999999858275839,95,0,2432,731177,0.0,0.0033151174535754058,"KAN(cat,ML)",42,49.3,19482,733704,"bytes_src,byte_asymmetry,payload_mean_src,bytes_total,byte_rate,duration,flow_rate,pkt_asymmetry,pkts_total,bytes_dst",0.0,0.0,bot->bot,4,cat,50.0,0.9803921568627451,0.9998705199917133
0.9946572459738532,0.9973282770522172,1.0,0.9946565541044344,0.9973211198265836,0.15341068254617407,0.9996303064352867,0.999999920717657,95,0,3920,729689,0.0,0.005343445895565621,DecisionTree(d=5),42,1.5,19482,733704,"bytes_src,byte_asymmetry,payload_mean_src,bytes_total,byte_rate,duration,flow_rate,pkt_asymmetry,pkts_total,bytes_dst",0.0,0.0,bot->bot,4,cat,50.0,0.9803921568627451,0.9998705199917133
0.9967030301047834,0.9983513015789065,1.0,0.9967026031578129,0.9983485788835191,0.19407158921964943,0.9999152136901265,0.9999999862872118,95,0,2419,731190,0.0,0.0032973968421870507,LightGBM,42,9.7,19482,733704,"bytes_src,byte_asymmetry,payload_mean_src,bytes_total,byte_rate,duration,flow_rate,pkt_asymmetry,pkts_total,bytes_dst",0.0,0.0,bot->bot,4,cat,50.0,0.9803921568627451,0.9998705199917133
0.9998677940968019,0.9788839831572405,0.9999945468426219,0.9998732294723756,0.9999338844777794,0.6882394202683371,0.9999037060542291,0.9999999847884155,91,4,93,733516,0.042105263157894736,0.00012677052762438847,XGBoost,42,3.2,19482,733704,"bytes_src,byte_asymmetry,payload_mean_src,bytes_total,byte_rate,duration,flow_rate,pkt_asymmetry,pkts_total,bytes_dst",0.0,0.0,bot->bot,4,cat,50.0,0.9803921568627451,0.9998705199917133
0.9987910656068387,0.9625581201975439,0.9999904467639095,0.9988004509214037,0.9993950946059761,0.2899873075596548,0.9994479563220648,0.9999999253514329,88,7,880,732729,0.07368421052631578,0.001199549078596364,MLP(16),42,4.3,19482,733704,"bytes_src,byte_asymmetry,payload_mean_src,bytes_total,byte_rate,duration,flow_rate,pkt_asymmetry,pkts_total,bytes_dst",0.0,0.0,bot->bot,4,cat,50.0,0.9803921568627451,0.9998705199917133
0.9881382682934807,0.9940683661187363,1.0,0.9881367322374726,0.9940329718926443,0.10329477302561031,0.9989298903022411,0.9999998563331793,95,0,8703,724906,0.0,0.01186326776252745,"KAN(cat,1L)",42,10.5,19482,733704,"bytes_src,byte_asymmetry,payload_mean_src,bytes_total,byte_rate,duration,flow_rate,pkt_asymmetry,pkts_total,bytes_dst",0.0,0.0,bot->bot,5,cat,50.0,0.9803921568627451,0.9998705199917133
0.9966430604167348,0.9983213128519416,1.0,0.9966426257038832,0.9983184901229216,0.19238945369441074,0.9998989566434033,0.9999999844287495,95,0,2463,731146,0.0,0.0033573742961168686,"KAN(cat,ML)",42,49.3,19482,733704,"bytes_src,byte_asymmetry,payload_mean_src,bytes_total,byte_rate,duration,flow_rate,pkt_asymmetry,pkts_total,bytes_dst",0.0,0.0,bot->bot,5,cat,50.0,0.9803921568627451,0.9998705199917133
0.9947472005059261,0.9973732601426646,1.0,0.9947465202853291,0.9973663422087737,0.15469434932674592,0.9990295920578947,0.9999997646305012,95,0,3854,729755,0.0,0.005253479714670894,DecisionTree(d=5),42,1.5,19482,733704,"bytes_src,byte_asymmetry,payload_mean_src,bytes_total,byte_rate,duration,flow_rate,pkt_asymmetry,pkts_total,bytes_dst",0.0,0.0,bot->bot,5,cat,50.0,0.9803921568627451,0.9998705199917133
0.9966198903099888,0.9983097262983415,1.0,0.9966194525966829,0.9983068644358241,0.1917511008023337,0.9999047463330353,0.9999999827679209,95,0,2480,731129,0.0,0.003380547403317026,LightGBM,42,8.9,19482,733704,"bytes_src,byte_asymmetry,payload_mean_src,bytes_total,byte_rate,duration,flow_rate,pkt_asymmetry,pkts_total,bytes_dst",0.0,0.0,bot->bot,5,cat,50.0,0.9803921568627451,0.9998705199917133
0.9998446239900559,0.9736099202708799,0.9999931834138827,0.9998514194891284,0.9999222964268626,0.6545108294378805,0.9999055929047533,0.9999999828674956,90,5,109,733500,0.05263157894736842,0.0001485805108715951,XGBoost,42,3.2,19482,733704,"bytes_src,byte_asymmetry,payload_mean_src,bytes_total,byte_rate,duration,flow_rate,pkt_asymmetry,pkts_total,bytes_dst",0.0,0.0,bot->bot,5,cat,50.0,0.9803921568627451,0.9998705199917133
0.9996728926106441,0.941949185465282,0.9999850011794527,0.9996878446147743,0.999836400817996,0.4870308870341947,0.9985078527777346,0.9999997999410781,84,11,229,733380,0.11578947368421053,0.00031215538522564473,MLP(16),42,4.0,19482,733704,"bytes_src,byte_asymmetry,payload_mean_src,bytes_total,byte_rate,duration,flow_rate,pkt_asymmetry,pkts_total,bytes_dst",0.0,0.0,bot->bot,5,cat,50.0,0.9803921568627451,0.9998705199917133
0.9696747139235709,0.9702350538669317,0.990889756531124,0.9691701077338633,0.9799095931692616,0.9190603725815485,0.9928059905616443,0.9972992481853626,9713,287,993,31216,0.0287,0.030829892266136794,"KAN(cat,1L)",42,22.2,168834,42209,"bytes_total,bytes_src,payload_mean_src,byte_asymmetry,byte_rate,pkt_asymmetry,bytes_dst,payload_mean_dst,flow_rate,pkts_total",0.0,0.0,ton->ton,1,cat,50.0,0.7630808960280512,0.7630837025278969
0.9936743348574949,0.9935108013288212,0.9978801670927115,0.9938216026576423,0.9958467497316721,0.9826197287969511,0.9996890263590922,0.9999006482598276,9932,68,199,32010,0.0068,0.006178397342357726,"KAN(cat,ML)",42,485.2,168834,42209,"bytes_total,bytes_src,payload_mean_src,byte_asymmetry,byte_rate,pkt_asymmetry,bytes_dst,payload_mean_dst,flow_rate,pkts_total",0.0,0.0,ton->ton,1,cat,50.0,0.7630808960280512,0.7630837025278969
0.9895046080219858,0.982849076345121,0.9907916692417033,0.9954981526902419,0.9931393349955863,0.970868421843882,0.9924020242789283,0.9953474152789312,9702,298,145,32064,0.0298,0.0045018473097581425,DecisionTree(d=5),42,1.5,168834,42209,"bytes_total,bytes_src,payload_mean_src,byte_asymmetry,byte_rate,pkt_asymmetry,bytes_dst,payload_mean_dst,flow_rate,pkts_total",0.0,0.0,ton->ton,1,cat,50.0,0.7630808960280512,0.7630837025278969
0.9964225639081712,0.9960700208016393,0.9985692068429238,0.9967400416032786,0.9976537857953045,0.9901333882636566,0.999901263621969,0.9999670580445985,9954,46,105,32104,0.0046,0.0032599583967214134,LightGBM,42,11.1,168834,42209,"bytes_total,bytes_src,payload_mean_src,byte_asymmetry,byte_rate,pkt_asymmetry,bytes_dst,payload_mean_dst,flow_rate,pkts_total",0.0,0.0,ton->ton,1,cat,50.0,0.7630808960280512,0.7630837025278969
0.9963277973891824,0.9949046819212022,0.9975783918037876,0.9976093638424043,0.9975938775827008,0.9898434921962239,0.9998990794498432,0.9999674145060936,9922,78,77,32132,0.0078,0.0023906361575957032,XGBoost,42,5.1,168834,42209,"bytes_total,bytes_src,payload_mean_src,byte_asymmetry,byte_rate,pkt_asymmetry,bytes_dst,payload_mean_dst,flow_rate,pkts_total",0.0,0.0,ton->ton,1,cat,50.0,0.7630808960280512,0.7630837025278969
0.9933189604112866,0.9894510680244653,0.9944556295493263,0.9968021360489304,0.9956275002325797,0.9814860328476203,0.9988059067341427,0.9995708829206651,9821,179,103,32106,0.0179,0.003197863951069577,MLP(16),42,87.6,168834,42209,"bytes_total,bytes_src,payload_mean_src,byte_asymmetry,byte_rate,pkt_asymmetry,bytes_dst,payload_mean_dst,flow_rate,pkts_total",0.0,0.0,ton->ton,1,cat,50.0,0.7630808960280512,0.7630837025278969
0.9675661588760691,0.9691292635598745,0.9911140836995987,0.9661585271197491,0.978477211627651,0.9139600537508933,0.9930603495917291,0.9974118955177365,9721,279,1090,31119,0.0279,0.03384147288025086,"KAN(cat,1L)",42,11.9,168834,42209,"bytes_total,bytes_src,byte_asymmetry,payload_mean_src,byte_rate,pkt_asymmetry,bytes_dst,payload_mean_dst,flow_rate,pkts_total",0.0,0.0,ton->ton,2,cat,50.0,0.7630808960280512,0.7630837025278969
0.9936032599682532,0.9931194666087118,0.9975697149088643,0.9940389332174236,0.995801194326947,0.9824050787453713,0.9996192818777361,0.9998750430599058,9922,78,192,32017,0.0078,0.005961066782576298,"KAN(cat,ML)",42,420.2,168834,42209,"bytes_total,bytes_src,byte_asymmetry,payload_mean_src,byte_rate,pkt_asymmetry,bytes_dst,payload_mean_dst,flow_rate,pkts_total",0.0,0.0,ton->ton,2,cat,50.0,0.7630808960280512,0.7630837025278969
0.9886043260915919,0.9820178443913192,0.9905683715752366,0.9945356887826384,0.9925480657505383,0.9683772504609943,0.9908473470148096,0.9944248640650867,9695,305,176,32033,0.0305,0.005464311217361607,DecisionTree(d=5),42,1.2,168834,42209,"bytes_total,bytes_src,byte_asymmetry,payload_mean_src,byte_rate,pkt_asymmetry,bytes_dst,payload_mean_dst,flow_rate,pkts_total",0.0,0.0,ton->ton,2,cat,50.0,0.7630808960280512,0.7630837025278969
0.9964936387974129,0.9958407805271818,0.9983213652895645,0.9970815610543637,0.9977010780080151,0.9903192525455494,0.9999219891955664,0.9999752708773008,9946,54,94,32115,0.0054,0.002918438945636313,LightGBM,42,8.0,168834,42209,"bytes_total,bytes_src,byte_asymmetry,payload_mean_src,byte_rate,pkt_asymmetry,bytes_dst,payload_mean_dst,flow_rate,pkts_total",0.0,0.0,ton->ton,2,cat,50.0,0.7630808960280512,0.7630837025278969
0.9963041057594352,0.9949581110869632,0.9976401179941002,0.9975162221739265,0.9975781662371535,0.989779760038466,0.9998992269241517,0.9999677523590094,9924,76,80,32129,0.0076,0.002483777826073458,XGBoost,42,4.7,168834,42209,"bytes_total,bytes_src,byte_asymmetry,payload_mean_src,byte_rate,pkt_asymmetry,bytes_dst,payload_mean_dst,flow_rate,pkts_total",0.0,0.0,ton->ton,2,cat,50.0,0.7630808960280512,0.7630837025278969
0.9931768106328034,0.9891855444130523,0.9943014648951656,0.9967710888261045,0.995534745263419,0.9810905618632012,0.9989107702815984,0.999635802642942,9816,184,104,32105,0.0184,0.003228911173895495,MLP(16),42,50.4,168834,42209,"bytes_total,bytes_src,byte_asymmetry,payload_mean_src,byte_rate,pkt_asymmetry,bytes_dst,payload_mean_dst,flow_rate,pkts_total",0.0,0.0,ton->ton,2,cat,50.0,0.7630808960280512,0.7630837025278969
0.9695088725153403,0.9707124871930206,0.9914182188036361,0.9684249743860411,0.9797867160873868,0.9188350386037059,0.9933801592722531,0.9976055581424743,9730,270,1017,31192,0.027,0.031575025613958835,"KAN(cat,1L)",42,26.3,168834,42209,"bytes_total,payload_mean_src,bytes_src,byte_asymmetry,byte_rate,pkt_asymmetry,bytes_dst,payload_mean_dst,flow_rate,pkts_total",0.0,0.0,ton->ton,3,cat,50.0,0.7630808960280512,0.7630837025278969
0.9933189604112866,0.9931400416032785,0.9977549811356053,0.9934800832065571,0.9956129433727442,0.9816495899024116,0.9996187230277253,0.9997573104869322,9928,72,210,31999,0.0072,0.006519916793442827,"KAN(cat,ML)",42,244.2,168834,42209,"bytes_total,payload_mean_src,bytes_src,byte_asymmetry,byte_rate,pkt_asymmetry,bytes_dst,payload_mean_dst,flow_rate,pkts_total",0.0,0.0,ton->ton,3,cat,50.0,0.7630808960280512,0.7630837025278969
0.9858324054111682,0.983580267937533,0.9935362997658079,0.987860535875066,0.9906902886321886,0.9611328552585255,0.9909754587227173,0.9945116969479405,9793,207,391,31818,0.0207,0.012139464124934024,DecisionTree(d=5),42,0.4,168834,42209,"bytes_total,payload_mean_src,bytes_src,byte_asymmetry,byte_rate,pkt_asymmetry,bytes_dst,payload_mean_dst,flow_rate,pkts_total",0.0,0.0,ton->ton,3,cat,50.0,0.7630808960280512,0.7630837025278969
0.9968963965031155,0.9966907805271819,0.998849216222941,0.9970815610543637,0.9979646058948742,0.9914401296671452,0.9998782855723556,0.9999578712301609,9963,37,94,32115,0.0037,0.002918438945636313,LightGBM,42,1.8,168834,42209,"bytes_total,payload_mean_src,bytes_src,byte_asymmetry,byte_rate,pkt_asymmetry,bytes_dst,payload_mean_dst,flow_rate,pkts_total",0.0,0.0,ton->ton,3,cat,50.0,0.7630808960280512,0.7630837025278969
0.9964699471676657,0.9951702055326151,0.997733341613364,0.9976404110652303,0.9976868741752697,0.9902380107033442,0.9998222934583502,0.9999352642862106,9927,73,76,32133,0.0073,0.0023595889347697847,XGBoost,42,1.3,168834,42209,"bytes_total,payload_mean_src,bytes_src,byte_asymmetry,byte_rate,pkt_asymmetry,bytes_dst,payload_mean_dst,flow_rate,pkts_total",0.0,0.0,ton->ton,3,cat,50.0,0.7630808960280512,0.7630837025278969
0.9926319031486176,0.9894490763451209,0.994849519081601,0.9954981526902419,0.9951737301944474,0.9796083212404981,0.9984760889813407,0.9994651444771125,9834,166,145,32064,0.0166,0.0045018473097581425,MLP(16),42,11.3,168834,42209,"bytes_total,payload_mean_src,bytes_src,byte_asymmetry,byte_rate,pkt_asymmetry,bytes_dst,payload_mean_dst,flow_rate,pkts_total",0.0,0.0,ton->ton,3,cat,50.0,0.7630808960280512,0.7630837025278969
0.9700056861258529,0.9707621957277695,0.991174042796368,0.969324391455539,0.9801274605217719,0.9199775500422104,0.9933774776453054,0.9975316007444647,9722,278,988,31220,0.0278,0.030675608544461004,"KAN(cat,1L)",42,8.6,168835,42208,"bytes_total,bytes_src,payload_mean_src,byte_asymmetry,byte_rate,pkt_asymmetry,bytes_dst,payload_mean_dst,flow_rate,pkts_total",0.0,0.0,ton->ton,4,cat,50.0,0.7630822992862855,0.7630780894617134
0.9934609552691432,0.9935088922006955,0.998003742981909,0.993417784401391,0.9957054832887284,0.9820528684212166,0.9996261223919524,0.999878212887183,9936,64,212,31996,0.0064,0.0065822155986090414,"KAN(cat,ML)",42,157.3,168835,42208,"bytes_total,bytes_src,payload_mean_src,byte_asymmetry,byte_rate,pkt_asymmetry,bytes_dst,payload_mean_dst,flow_rate,pkts_total",0.0,0.0,ton->ton,4,cat,50.0,0.7630822992862855,0.7630780894617134
0.9881775966641395,0.9822899403874814,0.9910490290209681,0.9934798807749627,0.9922629661214047,0.9672272115185988,0.9908405023596623,0.9943581043210483,9711,289,210,31998,0.0289,0.0065201192250372575,DecisionTree(d=5),42,0.5,168835,42208,"bytes_total,bytes_src,payload_mean_src,byte_asymmetry,byte_rate,pkt_asymmetry,bytes_dst,payload_mean_dst,flow_rate,pkts_total",0.0,0.0,ton->ton,4,cat,50.0,0.7630822992862855,0.7630780894617134
0.9965172479150872,0.9960975906607055,0.9985383299642357,0.9968951813214109,0.9977160791137766,0.9903914764618967,0.9999033128415299,0.9999695172390176,9953,47,100,32108,0.0047,0.0031048186785891706,LightGBM,42,10.2,168835,42208,"bytes_total,bytes_src,payload_mean_src,byte_asymmetry,byte_rate,pkt_asymmetry,bytes_dst,payload_mean_dst,flow_rate,pkts_total",0.0,0.0,ton->ton,4,cat,50.0,0.7630822992862855,0.7630780894617134
0.996256633813495,0.9949270243417785,0.9976398981429725,0.9974540486835569,0.9975469647570253,0.9896494107851983,0.9998862580725287,0.9999646194187776,9924,76,82,32126,0.0076,0.00254595131644312,XGBoost,42,7.9,168835,42208,"bytes_total,bytes_src,payload_mean_src,byte_asymmetry,byte_rate,pkt_asymmetry,bytes_dst,payload_mean_dst,flow_rate,pkts_total",0.0,0.0,ton->ton,4,cat,50.0,0.7630822992862855,0.7630780894617134
0.9927264973464746,0.9894076751117735,0.9947579019200348,0.995715350223547,0.9952363957980976,0.9798646071726135,0.9986487549677099,0.9995292872244542,9831,169,138,32070,0.0169,0.004284649776453055,MLP(16),42,10.8,168835,42208,"bytes_total,bytes_src,payload_mean_src,byte_asymmetry,byte_rate,pkt_asymmetry,bytes_dst,payload_mean_dst,flow_rate,pkts_total",0.0,0.0,ton->ton,4,cat,50.0,0.7630822992862855,0.7630780894617134
0.9682761561789234,0.9681464729259811,0.9898130811462664,0.9683929458519622,0.9789858597906433,0.9152327230075413,0.9925949981371088,0.9972845212948919,9679,321,1018,31190,0.0321,0.03160705414803775,"KAN(cat,1L)",42,7.8,168835,42208,"bytes_total,bytes_src,payload_mean_src,byte_asymmetry,byte_rate,pkt_asymmetry,bytes_dst,payload_mean_dst,flow_rate,pkts_total",0.0,0.0,ton->ton,5,cat,50.0,0.7630822992862855,0.7630780894617134
0.993224033358605,0.9929744162940884,0.9976615115989025,0.9934488325881768,0.9955507156191662,0.9813861696587904,0.999453449453552,0.9998169911857329,9925,75,211,31997,0.0075,0.0065511674118231495,"KAN(cat,ML)",42,184.7,168835,42208,"bytes_total,bytes_src,payload_mean_src,byte_asymmetry,byte_rate,pkt_asymmetry,bytes_dst,payload_mean_dst,flow_rate,pkts_total",0.0,0.0,ton->ton,5,cat,50.0,0.7630822992862855,0.7630780894617134
0.9884619029567855,0.9812006209637357,0.9899298798381367,0.9950012419274714,0.9924590823926542,0.9679644284267471,0.9904958768007949,0.9942025276308852,9674,326,161,32047,0.0326,0.004998758072528565,DecisionTree(d=5),42,0.4,168835,42208,"bytes_total,bytes_src,payload_mean_src,byte_asymmetry,byte_rate,pkt_asymmetry,bytes_dst,payload_mean_dst,flow_rate,pkts_total",0.0,0.0,ton->ton,5,cat,50.0,0.7630822992862855,0.7630780894617134
0.9966594010614102,0.9959838797814208,0.99835265595375,0.9972677595628415,0.9978099128624904,0.990774836752395,0.9998151965350223,0.9999380413421313,9947,53,88,32120,0.0053,0.00273224043715847,LightGBM,42,1.8,168835,42208,"bytes_total,bytes_src,payload_mean_src,byte_asymmetry,byte_rate,pkt_asymmetry,bytes_dst,payload_mean_dst,flow_rate,pkts_total",0.0,0.0,ton->ton,5,cat,50.0,0.7630822992862855,0.7630780894617134
0.9963514025777104,0.9943340784898163,0.997053715419923,0.9981681569796323,0.9976106249612114,0.989899511023932,0.9997881069920516,0.9999290601941471,9905,95,59,32149,0.0095,0.0018318430203676105,XGBoost,42,1.4,168835,42208,"bytes_total,bytes_src,payload_mean_src,byte_asymmetry,byte_rate,pkt_asymmetry,bytes_dst,payload_mean_dst,flow_rate,pkts_total",0.0,0.0,ton->ton,5,cat,50.0,0.7630822992862855,0.7630780894617134
0.9921105003790751,0.9875905365126676,0.9934974454249884,0.9961810730253353,0.9948374494209572,0.9781308234095517,0.9981612798062591,0.9993525681653692,9790,210,123,32085,0.021,0.0038189269746646795,MLP(16),42,8.4,168835,42208,"bytes_total,bytes_src,payload_mean_src,byte_asymmetry,byte_rate,pkt_asymmetry,bytes_dst,payload_mean_dst,flow_rate,pkts_total",0.0,0.0,ton->ton,5,cat,50.0,0.7630822992862855,0.7630780894617134
0.9689876566609017,0.969957251078891,0.9910373760488177,0.9681145021577819,0.9794418356289165,0.9174170234315737,0.9932572122698625,0.9975670668812449,9718,282,1027,31182,0.0282,0.031885497842218016,"KAN(cat,1L)",43,7.2,168834,42209,"bytes_total,bytes_src,payload_mean_src,byte_asymmetry,byte_rate,pkt_asymmetry,bytes_dst,payload_mean_dst,flow_rate,pkts_total",0.0,0.0,ton->ton,1,cat,50.0,0.7630808960280512,0.7630837025278969
0.9934611101897699,0.9928539429972989,0.9974142496650986,0.9940078859945978,0.9957081545064378,0.982009123279822,0.9996318497935359,0.9998814505938455,9917,83,193,32016,0.0083,0.005992114005402217,"KAN(cat,ML)",43,245.2,168834,42209,"bytes_total,bytes_src,payload_mean_src,byte_asymmetry,byte_rate,pkt_asymmetry,bytes_dst,payload_mean_dst,flow_rate,pkts_total",0.0,0.0,ton->ton,1,cat,50.0,0.7630808960280512,0.7630837025278969
0.9888886256485584,0.9825833680027322,0.99090571640683,0.9945667360054643,0.9927328509227265,0.9691725344244763,0.991422644291968,0.9947697019293652,9706,294,175,32034,0.0294,0.005433263994535689,DecisionTree(d=5),43,0.5,168834,42209,"bytes_total,bytes_src,payload_mean_src,byte_asymmetry,byte_rate,pkt_asymmetry,bytes_dst,payload_mean_dst,flow_rate,pkts_total",0.0,0.0,ton->ton,1,cat,50.0,0.7630808960280512,0.7630837025278969
0.9964462555379184,0.9960510680244652,0.9985382390445682,0.9968021360489304,0.9976694322737019,0.9901970377961123,0.9999068614362446,0.9999703104306741,9953,47,103,32106,0.0047,0.003197863951069577,LightGBM,43,12.0,168834,42209,"bytes_total,bytes_src,payload_mean_src,byte_asymmetry,byte_rate,pkt_asymmetry,bytes_dst,payload_mean_dst,flow_rate,pkts_total",0.0,0.0,ton->ton,1,cat,50.0,0.7630808960280512,0.7630837025278969
0.9963277973891824,0.9946288708125057,0.9973313473592751,0.9978577416250116,0.9975944750523784,0.989838499033839,0.9998705377378994,0.9999586490480111,9914,86,69,32140,0.0086,0.0021422583749883574,XGBoost,43,7.7,168834,42209,"bytes_total,bytes_src,payload_mean_src,byte_asymmetry,byte_rate,pkt_asymmetry,bytes_dst,payload_mean_dst,flow_rate,pkts_total",0.0,0.0,ton->ton,1,cat,50.0,0.7630808960280512,0.7630837025278969
0.9929398943353314,0.9897887888478376,0.9949744067007911,0.9957775776956751,0.9953758301781391,0.9804578705748338,0.9985984367723307,0.999511853533769,9838,162,136,32073,0.0162,0.004222422304324878,MLP(16),43,17.2,168834,42209,"bytes_total,bytes_src,payload_mean_src,byte_asymmetry,byte_rate,pkt_asymmetry,bytes_dst,payload_mean_dst,flow_rate,pkts_total",0.0,0.0,ton->ton,1,cat,50.0,0.7630808960280512,0.7630837025278969
0.9687033571039352,0.9685987705299761,0.98997461928934,0.9687975410599522,0.9792716031947779,0.9163431089041476,0.9923187928839765,0.9970929747791597,9684,316,1005,31204,0.0316,0.031202458940047813,"KAN(cat,1L)",43,7.0,168834,42209,"bytes_total,bytes_src,payload_mean_src,byte_asymmetry,byte_rate,pkt_asymmetry,bytes_dst,payload_mean_dst,flow_rate,pkts_total",0.0,0.0,ton->ton,2,cat,50.0,0.7630808960280512,0.7630837025278969
0.9933900353005283,0.9929797541059953,0.9975690332232127,0.9937595082119904,0.9956606267983513,0.9818277263633043,0.9995661072992023,0.9998590456465816,9922,78,201,32008,0.0078,0.006240491788009563,"KAN(cat,ML)",43,127.9,168834,42209,"bytes_total,bytes_src,payload_mean_src,byte_asymmetry,byte_rate,pkt_asymmetry,bytes_dst,payload_mean_dst,flow_rate,pkts_total",0.0,0.0,ton->ton,2,cat,50.0,0.7630808960280512,0.7630837025278969
0.9881068018669005,0.9805541277282747,0.9895624247290244,0.9949082554565494,0.9922281397077037,0.9669722445826763,0.9905966996802137,0.9942814279465725,9662,338,164,32045,0.0338,0.005091744543450588,DecisionTree(d=5),43,0.4,168834,42209,"bytes_total,bytes_src,payload_mean_src,byte_asymmetry,byte_rate,pkt_asymmetry,bytes_dst,payload_mean_dst,flow_rate,pkts_total",0.0,0.0,ton->ton,2,cat,50.0,0.7630808960280512,0.7630837025278969
0.9966594802056433,0.9961218277500077,0.9984766523658521,0.9971436555000155,0.9978097087378641,0.9907787679080645,0.9998676379272874,0.9999565057558943,9951,49,92,32117,0.0049,0.0028563444999844764,LightGBM,43,1.8,168834,42209,"bytes_total,bytes_src,payload_mean_src,byte_asymmetry,byte_rate,pkt_asymmetry,bytes_dst,payload_mean_dst,flow_rate,pkts_total",0.0,0.0,ton->ton,2,cat,50.0,0.7630808960280512,0.7630837025278969
0.9961619559809519,0.9945546819212021,0.9973616413694634,0.9976093638424043,0.9974854872256542,0.9893823824600196,0.9998565633829054,0.9999539536657436,9915,85,77,32132,0.0085,0.0023906361575957032,XGBoost,43,1.4,168834,42209,"bytes_total,bytes_src,payload_mean_src,byte_asymmetry,byte_rate,pkt_asymmetry,bytes_dst,payload_mean_dst,flow_rate,pkts_total",0.0,0.0,ton->ton,2,cat,50.0,0.7630808960280512,0.7630837025278969
0.992110687294179,0.9879353596820764,0.9938034452844219,0.9958707193641528,0.9948360083740405,0.9781395892652807,0.9988893042317365,0.9996545024109711,9800,200,133,32076,0.02,0.004129280635847123,MLP(16),43,11.2,168834,42209,"bytes_total,bytes_src,payload_mean_src,byte_asymmetry,byte_rate,pkt_asymmetry,bytes_dst,payload_mean_dst,flow_rate,pkts_total",0.0,0.0,ton->ton,2,cat,50.0,0.7630808960280512,0.7630837025278969
0.9699116302210429,0.9702868608153001,0.9907992004822488,0.9695737216306002,0.9800715541049461,0.9196157357163075,0.9929557934117793,0.9973930598636674,9710,290,980,31229,0.029,0.030426278369399856,"KAN(cat,1L)",43,7.2,168834,42209,"bytes_total,bytes_src,payload_mean_src,byte_asymmetry,byte_rate,pkt_asymmetry,bytes_dst,payload_mean_dst,flow_rate,pkts_total",0.0,0.0,ton->ton,3,cat,50.0,0.7630808960280512,0.7630837025278969
0.9935084934492644,0.9925747027228414,0.9971356517948877,0.9943494054456828,0.9957405795299092,0.9821190373141394,0.9997279549194324,0.9999150280786804,9908,92,182,32027,0.0092,0.005650594554317117,"KAN(cat,ML)",43,128.2,168834,42209,"bytes_total,bytes_src,payload_mean_src,byte_asymmetry,byte_rate,pkt_asymmetry,bytes_dst,payload_mean_dst,flow_rate,pkts_total",0.0,0.0,ton->ton,3,cat,50.0,0.7630808960280512,0.7630837025278969
0.9892676917245137,0.9825904110652302,0.9906978181593423,0.9952808221304604,0.9929840320906965,0.9702112582566291,0.9914014871619733,0.9947530818394347,9699,301,152,32057,0.0301,0.0047191778695395694,DecisionTree(d=5),43,0.4,168834,42209,"bytes_total,bytes_src,payload_mean_src,byte_asymmetry,byte_rate,pkt_asymmetry,bytes_dst,payload_mean_dst,flow_rate,pkts_total",0.0,0.0,ton->ton,3,cat,50.0,0.7630808960280512,0.7630837025278969
0.9970148546518515,0.9965270638641374,0.9986323086009139,0.9974541277282747,0.9980428704566635,0.991757893196612,0.9999265298519048,0.9999770247685308,9956,44,82,32127,0.0044,0.002545872271725294,LightGBM,43,2.0,168834,42209,"bytes_total,bytes_src,payload_mean_src,byte_asymmetry,byte_rate,pkt_asymmetry,bytes_dst,payload_mean_dst,flow_rate,pkts_total",0.0,0.0,ton->ton,3,cat,50.0,0.7630808960280512,0.7630837025278969
0.9965173304271601,0.9948220124809837,0.9973937325473161,0.9980440249619672,0.9977187727928739,0.9903619894003978,0.9998789779254246,0.9999610448147432,9916,84,63,32146,0.0084,0.001955975038032848,XGBoost,43,1.8,168834,42209,"bytes_total,bytes_src,payload_mean_src,byte_asymmetry,byte_rate,pkt_asymmetry,bytes_dst,payload_mean_dst,flow_rate,pkts_total",0.0,0.0,ton->ton,3,cat,50.0,0.7630808960280512,0.7630837025278969
0.9919448458859484,0.988033552733708,0.9939858015314506,0.9954671054674159,0.9947259020258741,0.9776898954867941,0.9986682402434103,0.9995666226925508,9806,194,146,32063,0.0194,0.00453289453258406,MLP(16),43,10.6,168834,42209,"bytes_total,bytes_src,payload_mean_src,byte_asymmetry,byte_rate,pkt_asymmetry,bytes_dst,payload_mean_dst,flow_rate,pkts_total",0.0,0.0,ton->ton,3,cat,50.0,0.7630808960280512,0.7630837025278969
0.9710244503411676,0.9716021112767015,0.9913418540483968,0.9705042225534029,0.9808123754687084,0.9225589395256713,0.9933918793467461,0.9975613759172766,9727,273,950,31258,0.0273,0.029495777446597118,"KAN(cat,1L)",43,8.0,168835,42208,"bytes_total,bytes_src,payload_mean_src,byte_asymmetry,byte_rate,pkt_asymmetry,bytes_dst,payload_mean_dst,flow_rate,pkts_total",0.0,0.0,ton->ton,4,cat,50.0,0.7630822992862855,0.7630780894617134
0.9936741849886277,0.9932004222553403,0.9976008724100327,0.9941008445106806,0.9958477831516415,0.982599684952406,0.9995820774341779,0.9998479251194873,9923,77,190,32018,0.0077,0.005899155489319424,"KAN(cat,ML)",43,131.2,168835,42208,"bytes_total,bytes_src,payload_mean_src,byte_asymmetry,byte_rate,pkt_asymmetry,bytes_dst,payload_mean_dst,flow_rate,pkts_total",0.0,0.0,ton->ton,4,cat,50.0,0.7630822992862855,0.7630780894617134
0.9858794541319181,0.9837490312965722,0.9936598163533013,0.9877980625931445,0.9907202690499175,0.961275316385167,0.9907619814952807,0.9943699589598102,9797,203,393,31815,0.0203,0.01220193740685544,DecisionTree(d=5),43,0.4,168835,42208,"bytes_total,bytes_src,payload_mean_src,byte_asymmetry,byte_rate,pkt_asymmetry,bytes_dst,payload_mean_dst,flow_rate,pkts_total",0.0,0.0,ton->ton,4,cat,50.0,0.7630822992862855,0.7630780894617134
0.9967541698256255,0.996287307501242,0.9985697851568572,0.9971746150024838,0.9978717124170823,0.9910413991866577,0.9998574701937407,0.9999494111293061,9954,46,91,32117,0.0046,0.002825384997516145,LightGBM,43,2.3,168835,42208,"bytes_total,bytes_src,payload_mean_src,byte_asymmetry,byte_rate,pkt_asymmetry,bytes_dst,payload_mean_dst,flow_rate,pkts_total",0.0,0.0,ton->ton,4,cat,50.0,0.7630822992862855,0.7630780894617134
0.9962803260045489,0.9947356929955291,0.9974546018935279,0.9976713859910581,0.9975629821647548,0.9897103382506339,0.9998255293715846,0.9999368946143546,9918,82,75,32133,0.0082,0.0023286140089418777,XGBoost,43,1.8,168835,42208,"bytes_total,bytes_src,payload_mean_src,byte_asymmetry,byte_rate,pkt_asymmetry,bytes_dst,payload_mean_dst,flow_rate,pkts_total",0.0,0.0,ton->ton,4,cat,50.0,0.7630822992862855,0.7630780894617134
0.9923237300985596,0.9886266269249876,0.9942949274463599,0.9956532538499752,0.9949736270555383,0.9787420205211494,0.9984280939518134,0.9994647555777447,9816,184,140,32068,0.0184,0.004346746150024838,MLP(16),43,13.2,168835,42208,"bytes_total,bytes_src,payload_mean_src,byte_asymmetry,byte_rate,pkt_asymmetry,bytes_dst,payload_mean_dst,flow_rate,pkts_total",0.0,0.0,ton->ton,4,cat,50.0,0.7630822992862855,0.7630780894617134
0.9698398407884761,0.9711361897665176,0.9916091917490385,0.9686723795330353,0.9800065964096685,0.9197188015114168,0.9934095752608048,0.9975855446896238,9736,264,1009,31199,0.0264,0.03132762046696473,"KAN(cat,1L)",43,7.9,168835,42208,"bytes_total,bytes_src,payload_mean_src,byte_asymmetry,byte_rate,pkt_asymmetry,payload_mean_dst,bytes_dst,flow_rate,pkts_total",0.0,0.0,ton->ton,5,cat,50.0,0.7630822992862855,0.7630780894617134
0.9941480288097043,0.994062518628912,0.9980986815447433,0.9942250372578242,0.996158093667854,0.9839177170788838,0.9997018504719325,0.99990047057841,9939,61,186,32022,0.0061,0.005774962742175857,"KAN(cat,ML)",43,131.7,168835,42208,"bytes_total,bytes_src,payload_mean_src,byte_asymmetry,byte_rate,pkt_asymmetry,payload_mean_dst,bytes_dst,flow_rate,pkts_total",0.0,0.0,ton->ton,5,cat,50.0,0.7630822992862855,0.7630780894617134
0.9862822213798332,0.9845300794833581,0.9941259178253398,0.9878601589667163,0.9909831342563032,0.9624091834208595,0.9920746538127173,0.9951781760344662,9812,188,391,31817,0.0188,0.012139841033283656,DecisionTree(d=5),43,0.4,168835,42208,"bytes_total,bytes_src,payload_mean_src,byte_asymmetry,byte_rate,pkt_asymmetry,payload_mean_dst,bytes_dst,flow_rate,pkts_total",0.0,0.0,ton->ton,5,cat,50.0,0.7630822992862855,0.7630780894617134
0.9966357088703564,0.9963131147540985,0.998662602637472,0.9969262295081968,0.9977936606587943,0.9907201516444324,0.9998744085320418,0.9999580928525638,9957,43,99,32109,0.0043,0.0030737704918032786,LightGBM,43,1.8,168835,42208,"bytes_total,bytes_src,payload_mean_src,byte_asymmetry,byte_rate,pkt_asymmetry,payload_mean_dst,bytes_dst,flow_rate,pkts_total",0.0,0.0,ton->ton,5,cat,50.0,0.7630822992862855,0.7630780894617134
0.9963040181956028,0.9948546448087432,0.9975473455448618,0.9976092896174863,0.9975783166195784,0.9897775450735191,0.9998182454669649,0.9999386264616918,9921,79,77,32131,0.0079,0.0023907103825136613,XGBoost,43,1.5,168835,42208,"bytes_total,bytes_src,payload_mean_src,byte_asymmetry,byte_rate,pkt_asymmetry,payload_mean_dst,bytes_dst,flow_rate,pkts_total",0.0,0.0,ton->ton,5,cat,50.0,0.7630822992862855,0.7630780894617134
0.9931055724033359,0.9897594883258818,0.9948525535675525,0.9961189766517635,0.9954853623345796,0.980909048263607,0.9988068368107303,0.9995635253413281,9834,166,125,32083,0.0166,0.003881023348236463,MLP(16),43,9.9,168835,42208,"bytes_total,bytes_src,payload_mean_src,byte_asymmetry,byte_rate,pkt_asymmetry,payload_mean_dst,bytes_dst,flow_rate,pkts_total",0.0,0.0,ton->ton,5,cat,50.0,0.7630822992862855,0.7630780894617134
0.9701959297780094,0.9708868608153001,0.9911765639381724,0.9695737216306002,0.9802561366061899,0.9204478529754804,0.9930087708404484,0.9974600733172214,9722,278,980,31229,0.0278,0.030426278369399856,"KAN(cat,1L)",44,7.0,168834,42209,"bytes_total,bytes_src,payload_mean_src,byte_asymmetry,byte_rate,pkt_asymmetry,bytes_dst,payload_mean_dst,flow_rate,pkts_total",0.0,0.0,ton->ton,1,cat,50.0,0.7630808960280512,0.7630837025278969
0.9937454097467365,0.9933849902201248,0.9977252189087283,0.9940699804402496,0.9958942457231726,0.9828009934089912,0.9996642041044429,0.9998967543725106,9927,73,191,32018,0.0073,0.0059300195597503805,"KAN(cat,ML)",44,131.1,168834,42209,"bytes_total,bytes_src,payload_mean_src,byte_asymmetry,byte_rate,pkt_asymmetry,bytes_dst,payload_mean_dst,flow_rate,pkts_total",0.0,0.0,ton->ton,1,cat,50.0,0.7630808960280512,0.7630837025278969
0.9876803525314506,0.984860062404918,0.9936135082089784,0.9902201248098358,0.9919139142874914,0.9660813544475644,0.9909326182123008,0.9944651158982752,9795,205,315,31894,0.0205,0.00977987519016424,DecisionTree(d=5),44,0.4,168834,42209,"bytes_total,bytes_src,payload_mean_src,byte_asymmetry,byte_rate,pkt_asymmetry,bytes_dst,payload_mean_dst,flow_rate,pkts_total",0.0,0.0,ton->ton,1,cat,50.0,0.7630808960280512,0.7630837025278969
0.9969200881328627,0.9964649694184855,0.9986321385270619,0.9973299388369711,0.9979806138933764,0.9914979906092924,0.999904702101897,0.9999695164994942,9956,44,86,32123,0.0044,0.002670061163028967,LightGBM,44,1.8,168834,42209,"bytes_total,bytes_src,payload_mean_src,byte_asymmetry,byte_rate,pkt_asymmetry,bytes_dst,payload_mean_dst,flow_rate,pkts_total",0.0,0.0,ton->ton,1,cat,50.0,0.7630808960280512,0.7630837025278969
0.9966831718353906,0.9952754416467446,0.997703076015768,0.9979508832934894,0.9978269642690839,0.990824299806082,0.9998847542612315,0.9999629139906009,9926,74,66,32143,0.0074,0.0020491167065106028,XGBoost,44,1.3,168834,42209,"bytes_total,bytes_src,payload_mean_src,byte_asymmetry,byte_rate,pkt_asymmetry,bytes_dst,payload_mean_dst,flow_rate,pkts_total",0.0,0.0,ton->ton,1,cat,50.0,0.7630808960280512,0.7630837025278969
0.9930820441138146,0.9897785013505542,0.9948832449530188,0.9960570027011084,0.9954697778329403,0.9808450549318407,0.9990373901704492,0.9996105888646254,9835,165,127,32082,0.0165,0.003942997298891614,MLP(16),44,15.9,168834,42209,"bytes_total,bytes_src,payload_mean_src,byte_asymmetry,byte_rate,pkt_asymmetry,bytes_dst,payload_mean_dst,flow_rate,pkts_total",0.0,0.0,ton->ton,1,cat,50.0,0.7630808960280512,0.7630837025278969
0.966097277831742,0.9679944177093359,0.9909398328335354,0.9643888354186718,0.9774840689166864,0.9103184286457442,0.9929135412462354,0.9973728326662874,9716,284,1147,31062,0.0284,0.0356111645813282,"KAN(cat,1L)",44,7.1,168834,42209,"bytes_total,bytes_src,payload_mean_src,byte_asymmetry,byte_rate,pkt_asymmetry,bytes_dst,payload_mean_dst,flow_rate,pkts_total",0.0,0.0,ton->ton,2,cat,50.0,0.7630808960280512,0.7630837025278969
0.9937927930062309,0.9939331832717564,0.9981910613479712,0.9936663665435127,0.99592357480707,0.9829633234483212,0.9993878015461516,0.9996830958165462,9942,58,204,32005,0.0058,0.0063336334564873175,"KAN(cat,ML)",44,130.1,168834,42209,"bytes_total,bytes_src,payload_mean_src,byte_asymmetry,byte_rate,pkt_asymmetry,bytes_dst,payload_mean_dst,flow_rate,pkts_total",0.0,0.0,ton->ton,2,cat,50.0,0.7630808960280512,0.7630837025278969
0.9847188988130493,0.9831954220869943,0.993835659302835,0.9860908441739886,0.9899481041656927,0.9582272439947124,0.9910942112453041,0.9945612705908331,9803,197,448,31761,0.0197,0.013909155826011363,DecisionTree(d=5),44,0.4,168834,42209,"bytes_total,bytes_src,payload_mean_src,byte_asymmetry,byte_rate,pkt_asymmetry,bytes_dst,payload_mean_dst,flow_rate,pkts_total",0.0,0.0,ton->ton,2,cat,50.0,0.7630808960280512,0.7630837025278969
0.9962567224999408,0.9959268791331615,0.9985378752527609,0.9965537582663231,0.9975448301581875,0.9896787260674191,0.9997099506349157,0.9998737218262272,9953,47,111,32098,0.0047,0.0034462417336769227,LightGBM,44,1.8,168834,42209,"bytes_total,bytes_src,payload_mean_src,byte_asymmetry,byte_rate,pkt_asymmetry,bytes_dst,payload_mean_dst,flow_rate,pkts_total",0.0,0.0,ton->ton,2,cat,50.0,0.7630808960280512,0.7630837025278969
0.9964225639081712,0.9951391583097893,0.9977332008446156,0.9975783166195784,0.997655752720724,0.9901076930584843,0.9997749231581233,0.9999181661760668,9927,73,78,32131,0.0073,0.0024216833804216213,XGBoost,44,1.5,168834,42209,"bytes_total,bytes_src,payload_mean_src,byte_asymmetry,byte_rate,pkt_asymmetry,bytes_dst,payload_mean_dst,flow_rate,pkts_total",0.0,0.0,ton->ton,2,cat,50.0,0.7630808960280512,0.7630837025278969
0.9923949868511455,0.9890869818994691,0.9946636882601142,0.9953739637989382,0.9950186992753061,0.9789513426271672,0.9983816805861715,0.9994376678112957,9828,172,149,32060,0.0172,0.004626036201061815,MLP(16),44,14.0,168834,42209,"bytes_total,bytes_src,payload_mean_src,byte_asymmetry,byte_rate,pkt_asymmetry,bytes_dst,payload_mean_dst,flow_rate,pkts_total",0.0,0.0,ton->ton,2,cat,50.0,0.7630808960280512,0.7630837025278969
0.970030088369779,0.9711229594212798,0.9914866581956798,0.9690459188425595,0.980137857400807,0.9201442176239545,0.9930205486044272,0.9974509196695517,9732,268,997,31212,0.0268,0.030954081157440468,"KAN(cat,1L)",44,6.8,168834,42209,"bytes_total,bytes_src,payload_mean_src,byte_asymmetry,byte_rate,pkt_asymmetry,bytes_dst,payload_mean_dst,flow_rate,pkts_total",0.0,0.0,ton->ton,3,cat,50.0,0.7630808960280512,0.7630837025278969
0.9945983084176361,0.9941851749511006,0.9979447575748139,0.9949703499022012,0.9964553341003078,0.9851292602080195,0.9996895929709089,0.9998975302006738,9934,66,162,32047,0.0066,0.005029650097798752,"KAN(cat,ML)",44,233.1,168834,42209,"bytes_total,bytes_src,payload_mean_src,byte_asymmetry,byte_rate,pkt_asymmetry,bytes_dst,payload_mean_dst,flow_rate,pkts_total",0.0,0.0,ton->ton,3,cat,50.0,0.7630808960280512,0.7630837025278969
0.9870643701580232,0.9843530193424198,0.9935160073568378,0.9895060386848397,0.991506968641115,0.9644184147720531,0.9910201869042814,0.9945133100834159,9792,208,338,31871,0.0208,0.01049396131516036,DecisionTree(d=5),44,0.5,168834,42209,"bytes_total,bytes_src,payload_mean_src,byte_asymmetry,byte_rate,pkt_asymmetry,bytes_dst,payload_mean_dst,flow_rate,pkts_total",0.0,0.0,ton->ton,3,cat,50.0,0.7630808960280512,0.7630837025278969
0.9970148546518515,0.9968028749728337,0.9988804229513295,0.9972057499456674,0.9980423839413337,0.9917655518726166,0.9999501536837528,0.9999841209481999,9964,36,90,32119,0.0036,0.00279425005433264,LightGBM,44,10.6,168834,42209,"bytes_total,bytes_src,payload_mean_src,byte_asymmetry,byte_rate,pkt_asymmetry,bytes_dst,payload_mean_dst,flow_rate,pkts_total",0.0,0.0,ton->ton,3,cat,50.0,0.7630808960280512,0.7630837025278969
0.9963514890189296,0.9945064888695706,0.9972080037226617,0.9980129777391412,0.9976103283470921,0.9899017496970982,0.9999124421745474,0.9999719767325087,9910,90,64,32145,0.009,0.001987022260858766,XGBoost,44,8.2,168834,42209,"bytes_total,bytes_src,payload_mean_src,byte_asymmetry,byte_rate,pkt_asymmetry,bytes_dst,payload_mean_dst,flow_rate,pkts_total",0.0,0.0,ton->ton,3,cat,50.0,0.7630808960280512,0.7630837025278969
0.989409841502997,0.9830972693967525,0.9910636982065554,0.995094538793505,0.9930750282730949,0.9706141466071276,0.997970928932907,0.9993298504407597,9711,289,158,32051,0.0289,0.004905461206495079,MLP(16),44,8.1,168834,42209,"bytes_total,bytes_src,payload_mean_src,byte_asymmetry,byte_rate,pkt_asymmetry,bytes_dst,payload_mean_dst,flow_rate,pkts_total",0.0,0.0,ton->ton,3,cat,50.0,0.7630808960280512,0.7630837025278969
0.9702426080363912,0.9707105812220567,0.9909898477157361,0.9698211624441133,0.9802912377604821,0.9205015168498698,0.9930831610158968,0.9974198990345673,9716,284,972,31236,0.0284,0.030178837555886736,"KAN(cat,1L)",44,10.3,168835,42208,"bytes_total,payload_mean_src,bytes_src,byte_asymmetry,byte_rate,pkt_asymmetry,bytes_dst,payload_mean_dst,flow_rate,pkts_total",0.0,0.0,ton->ton,4,cat,50.0,0.7630822992862855,0.7630780894617134
0.993366186504928,0.9934467958271237,0.9980034938857,0.9932935916542474,0.9956429727374579,0.9817970852328411,0.9996431088549428,0.9998864479846621,9936,64,216,31992,0.0064,0.0067064083457526085,"KAN(cat,ML)",44,210.1,168835,42208,"bytes_total,payload_mean_src,bytes_src,byte_asymmetry,byte_rate,pkt_asymmetry,bytes_dst,payload_mean_dst,flow_rate,pkts_total",0.0,0.0,ton->ton,4,cat,50.0,0.7630822992862855,0.7630780894617134
0.9885092873388931,0.982162518628912,0.9907490486061694,0.9942250372578242,0.9924839994421113,0.9681232716963196,0.9922592865126676,0.9953026858325937,9701,299,186,32022,0.0299,0.005774962742175857,DecisionTree(d=5),44,0.5,168835,42208,"bytes_total,payload_mean_src,bytes_src,byte_asymmetry,byte_rate,pkt_asymmetry,bytes_dst,payload_mean_dst,flow_rate,pkts_total",0.0,0.0,ton->ton,4,cat,50.0,0.7630822992862855,0.7630780894617134
0.9966357088703564,0.9964165424739195,0.9987556772226716,0.9968330849478391,0.9977934549522951,0.9907235651505875,0.9998989847242921,0.9999680562389766,9960,40,102,32106,0.004,0.0031669150521609537,LightGBM,44,17.6,168835,42208,"bytes_total,payload_mean_src,bytes_src,byte_asymmetry,byte_rate,pkt_asymmetry,bytes_dst,payload_mean_dst,flow_rate,pkts_total",0.0,0.0,ton->ton,4,cat,50.0,0.7630822992862855,0.7630780894617134
0.9963987869598181,0.9951235966219574,0.9977330600583815,0.9975471932439146,0.9976401179941002,0.9900424740686479,0.9998606914431198,0.9999554653912833,9927,73,79,32129,0.0073,0.0024528067560854448,XGBoost,44,8.9,168835,42208,"bytes_total,payload_mean_src,bytes_src,byte_asymmetry,byte_rate,pkt_asymmetry,bytes_dst,payload_mean_dst,flow_rate,pkts_total",0.0,0.0,ton->ton,4,cat,50.0,0.7630822992862855,0.7630780894617134
0.9915181956027294,0.9871334823646298,0.9934312449649872,0.9954669647292598,0.9944480630253404,0.976498050137569,0.9987755014282168,0.9995833670317853,9788,212,146,32062,0.0212,0.0045330352707401884,MLP(16),44,14.4,168835,42208,"bytes_total,payload_mean_src,bytes_src,byte_asymmetry,byte_rate,pkt_asymmetry,bytes_dst,payload_mean_dst,flow_rate,pkts_total",0.0,0.0,ton->ton,4,cat,50.0,0.7630822992862855,0.7630780894617134
0.9689395375284306,0.9693051415797318,0.99047528336032,0.9686102831594635,0.9794207676006593,0.9171018759648246,0.9920928418405366,0.9971063004416467,9700,300,1011,31197,0.03,0.03138971684053651,"KAN(cat,1L)",44,8.9,168835,42208,"bytes_total,bytes_src,payload_mean_src,byte_asymmetry,byte_rate,pkt_asymmetry,bytes_dst,payload_mean_dst,flow_rate,pkts_total",0.0,0.0,ton->ton,5,cat,50.0,0.7630822992862855,0.7630780894617134
0.9928686504927976,0.9922933681073025,0.9972571143596297,0.993386736214605,0.9953181627288423,0.9803944817053087,0.9995647214977647,0.9998520253735242,9912,88,213,31995,0.0088,0.0066132637853949326,"KAN(cat,ML)",44,185.4,168835,42208,"bytes_total,bytes_src,payload_mean_src,byte_asymmetry,byte_rate,pkt_asymmetry,bytes_dst,payload_mean_dst,flow_rate,pkts_total",0.0,0.0,ton->ton,5,cat,50.0,0.7630822992862855,0.7630780894617134
0.9877985216072782,0.9808348981619474,0.9899817569030024,0.9940697963238947,0.9920215650126261,0.9661366753959081,0.9910501971559861,0.9945579262256053,9676,324,191,32017,0.0324,0.005930203676105315,DecisionTree(d=5),44,0.4,168835,42208,"bytes_total,bytes_src,payload_mean_src,byte_asymmetry,byte_rate,pkt_asymmetry,bytes_dst,payload_mean_dst,flow_rate,pkts_total",0.0,0.0,ton->ton,5,cat,50.0,0.7630822992862855,0.7630780894617134
0.9965646322971948,0.9960252111276702,0.9984454186487579,0.9970504222553402,0.9977474328501965,0.9905180161525556,0.999877178030303,0.9999583201521514,9950,50,95,32113,0.005,0.002949577744659712,LightGBM,44,1.8,168835,42208,"bytes_total,bytes_src,payload_mean_src,byte_asymmetry,byte_rate,pkt_asymmetry,bytes_dst,payload_mean_dst,flow_rate,pkts_total",0.0,0.0,ton->ton,5,cat,50.0,0.7630822992862855,0.7630780894617134
0.9961144806671721,0.994385692995529,0.9972379119855999,0.9976713859910581,0.9974546018935279,0.9892492761417759,0.999817767324888,0.9999330481040352,9911,89,75,32133,0.0089,0.0023286140089418777,XGBoost,44,1.3,168835,42208,"bytes_total,bytes_src,payload_mean_src,byte_asymmetry,byte_rate,pkt_asymmetry,bytes_dst,payload_mean_dst,flow_rate,pkts_total",0.0,0.0,ton->ton,5,cat,50.0,0.7630822992862855,0.7630780894617134
0.9911391205458681,0.9868850968703428,0.9934279868559737,0.9949701937406855,0.9941984922284615,0.9754569259301747,0.9981052890586191,0.9993508263778895,9788,212,162,32046,0.0212,0.005029806259314456,MLP(16),44,8.1,168835,42208,"bytes_total,bytes_src,payload_mean_src,byte_asymmetry,byte_rate,pkt_asymmetry,bytes_dst,payload_mean_dst,flow_rate,pkts_total",0.0,0.0,ton->ton,5,cat,50.0,0.7630822992862855,0.7630780894617134
0.9686322822146936,0.9690003927473687,0.9903782032961799,0.9683007854947375,0.9792150706436421,0.9163085109546913,0.9922885078704708,0.9971617619342326,9697,303,1021,31188,0.0303,0.0316992145052625,"KAN(cat,1L)",45,7.0,168834,42209,"bytes_total,bytes_src,byte_asymmetry,payload_mean_src,byte_rate,pkt_asymmetry,payload_mean_dst,bytes_dst,flow_rate,pkts_total",0.0,0.0,ton->ton,1,cat,50.0,0.7630808960280512,0.7630837025278969
0.9939349427847142,0.9937505138315377,0.99794296400187,0.9941010276630755,0.9960182909758298,0.983329542232621,0.9995962758856219,0.9998620373374404,9934,66,190,32019,0.0066,0.005898972336924462,"KAN(cat,ML)",45,129.4,168834,42209,"bytes_total,bytes_src,byte_asymmetry,payload_mean_src,byte_rate,pkt_asymmetry,payload_mean_dst,bytes_dst,flow_rate,pkts_total",0.0,0.0,ton->ton,1,cat,50.0,0.7630808960280512,0.7630837025278969
0.986140396597882,0.9832304526685088,0.9930464608668538,0.9887609053370177,0.9908990494562765,0.9618910196503999,0.9904396022850757,0.9941802566489187,9777,223,362,31847,0.0223,0.011239094662982396,DecisionTree(d=5),45,0.4,168834,42209,"bytes_total,bytes_src,byte_asymmetry,payload_mean_src,byte_rate,pkt_asymmetry,payload_mean_dst,bytes_dst,flow_rate,pkts_total",0.0,0.0,ton->ton,1,cat,50.0,0.7630808960280512,0.7630837025278969
0.9968963965031155,0.9964149694184856,0.9986010942551604,0.9973299388369711,0.997965111763518,0.9914320905125795,0.9998423623831848,0.9999451344178742,9955,45,86,32123,0.0045,0.002670061163028967,LightGBM,45,1.8,168834,42209,"bytes_total,bytes_src,byte_asymmetry,payload_mean_src,byte_rate,pkt_asymmetry,payload_mean_dst,bytes_dst,flow_rate,pkts_total",0.0,0.0,ton->ton,1,cat,50.0,0.7630808960280512,0.7630837025278969
0.9964699471676657,0.9947909652581577,0.9973935708079931,0.9979819305163153,0.9976876639197977,0.9902313508139369,0.9997966313763232,0.9999279595363607,9916,84,65,32144,0.0084,0.0020180694836846843,XGBoost,45,1.4,168834,42209,"bytes_total,bytes_src,byte_asymmetry,payload_mean_src,byte_rate,pkt_asymmetry,payload_mean_dst,bytes_dst,flow_rate,pkts_total",0.0,0.0,ton->ton,1,cat,50.0,0.7630808960280512,0.7630837025278969
0.99244237011064,0.9888077416250116,0.9943879449336476,0.9957154832500232,0.9950512713113355,0.9790708326904077,0.9985563770995685,0.9994970796558973,9819,181,138,32071,0.0181,0.004284516749976715,MLP(16),45,10.8,168834,42209,"bytes_total,bytes_src,byte_asymmetry,payload_mean_src,byte_rate,pkt_asymmetry,payload_mean_dst,bytes_dst,flow_rate,pkts_total",0.0,0.0,ton->ton,1,cat,50.0,0.7630808960280512,0.7630837025278969
0.9710962117084034,0.9728213372038871,0.9924047414751962,0.9695426744077742,0.9808405050568503,0.9230929607616222,0.9944000915893074,0.9979510323231073,9761,239,981,31228,0.0239,0.030457325592225776,"KAN(cat,1L)",45,7.2,168834,42209,"bytes_total,bytes_src,payload_mean_src,byte_asymmetry,byte_rate,pkt_asymmetry,payload_mean_dst,bytes_dst,flow_rate,pkts_src",0.0,0.0,ton->ton,2,cat,50.0,0.7630808960280512,0.7630837025278969
0.9934611101897699,0.9935434707690397,0.9980348732025328,0.9933869415380794,0.9957054832887284,0.9820554731059139,0.9995273029277532,0.999832634240947,9937,63,213,31996,0.0063,0.006613058461920581,"KAN(cat,ML)",45,128.9,168834,42209,"bytes_total,bytes_src,payload_mean_src,byte_asymmetry,byte_rate,pkt_asymmetry,payload_mean_dst,bytes_dst,flow_rate,pkts_src",0.0,0.0,ton->ton,2,cat,50.0,0.7630808960280512,0.7630837025278969
0.985690255632685,0.9843490359837312,0.9943069848916137,0.9868980719674625,0.9905886752469694,0.9608653930223866,0.9940089074482287,0.9963303396944234,9818,182,422,31787,0.0182,0.013101928032537489,DecisionTree(d=5),45,0.4,168834,42209,"bytes_total,bytes_src,payload_mean_src,byte_asymmetry,byte_rate,pkt_asymmetry,payload_mean_dst,bytes_dst,flow_rate,pkts_src",0.0,0.0,ton->ton,2,cat,50.0,0.7630808960280512,0.7630837025278969
0.9965647136866546,0.9965424027445745,0.9989108109790253,0.996584805489149,0.997746452605567,0.9905354790017317,0.9998530814368656,0.9999480382259305,9965,35,110,32099,0.0035,0.003415194510851004,LightGBM,45,1.7,168834,42209,"bytes_total,bytes_src,payload_mean_src,byte_asymmetry,byte_rate,pkt_asymmetry,payload_mean_dst,bytes_dst,flow_rate,pkts_src",0.0,0.0,ton->ton,2,cat,50.0,0.7630808960280512,0.7630837025278969
0.9962330308701935,0.9951528749728337,0.9978563439791227,0.9972057499456674,0.9975309408823393,0.9895902186605234,0.9998147582973703,0.999932097222682,9931,69,90,32119,0.0069,0.00279425005433264,XGBoost,45,1.4,168834,42209,"bytes_total,bytes_src,payload_mean_src,byte_asymmetry,byte_rate,pkt_asymmetry,payload_mean_dst,bytes_dst,flow_rate,pkts_src",0.0,0.0,ton->ton,2,cat,50.0,0.7630808960280512,0.7630837025278969
0.99244237011064,0.9893248874538173,0.9948482403326919,0.9952497749076346,0.9950489671121044,0.9790889511330668,0.9986296004222422,0.9995271446358814,9834,166,153,32056,0.0166,0.004750225092365488,MLP(16),45,9.3,168834,42209,"bytes_total,bytes_src,payload_mean_src,byte_asymmetry,byte_rate,pkt_asymmetry,payload_mean_dst,bytes_dst,flow_rate,pkts_src",0.0,0.0,ton->ton,2,cat,50.0,0.7630808960280512,0.7630837025278969
0.9693904143666042,0.9696005774783445,0.9904813275375194,0.9692011549566891,0.9797257006559332,0.9182169971816977,0.992657030643609,0.9972909747568384,9700,300,992,31217,0.03,0.030798845043310877,"KAN(cat,1L)",45,7.3,168834,42209,"bytes_total,bytes_src,payload_mean_src,byte_asymmetry,byte_rate,pkt_asymmetry,bytes_dst,payload_mean_dst,flow_rate,pkts_total",0.0,0.0,ton->ton,3,cat,50.0,0.7630808960280512,0.7630837025278969
0.9938164846359782,0.9935694666087118,0.997849529389765,0.9940389332174236,0.995940586359748,0.9830022088464648,0.9994435670154305,0.9998013620391537,9931,69,192,32017,0.0069,0.005961066782576298,"KAN(cat,ML)",45,129.6,168834,42209,"bytes_total,bytes_src,payload_mean_src,byte_asymmetry,byte_rate,pkt_asymmetry,bytes_dst,payload_mean_dst,flow_rate,pkts_total",0.0,0.0,ton->ton,3,cat,50.0,0.7630808960280512,0.7630837025278969
0.9887464758700751,0.9819041277282747,0.9903881814810236,0.9949082554565494,0.9926430728722992,0.9687631436830628,0.9913153186997422,0.994723050966548,9689,311,164,32045,0.0311,0.005091744543450588,DecisionTree(d=5),45,0.4,168834,42209,"bytes_total,bytes_src,payload_mean_src,byte_asymmetry,byte_rate,pkt_asymmetry,bytes_dst,payload_mean_dst,flow_rate,pkts_total",0.0,0.0,ton->ton,3,cat,50.0,0.7630808960280512,0.7630837025278969
0.9967068634651378,0.9963597333043559,0.9986627690011195,0.9970194666087119,0.9978404412335897,0.9909147832999663,0.9998792635598748,0.9999598394304352,9957,43,96,32113,0.0043,0.002980533391288149,LightGBM,45,1.8,168834,42209,"bytes_total,bytes_src,payload_mean_src,byte_asymmetry,byte_rate,pkt_asymmetry,bytes_dst,payload_mean_dst,flow_rate,pkts_total",0.0,0.0,ton->ton,3,cat,50.0,0.7630808960280512,0.7630837025278969
0.9963514890189296,0.994782299978267,0.9974549179055837,0.9977645999565339,0.9976097348978705,0.9899060964026397,0.9998846890620634,0.9999629431207893,9918,82,72,32137,0.0082,0.002235400043466112,XGBoost,45,1.4,168834,42209,"bytes_total,bytes_src,payload_mean_src,byte_asymmetry,byte_rate,pkt_asymmetry,bytes_dst,payload_mean_dst,flow_rate,pkts_total",0.0,0.0,ton->ton,3,cat,50.0,0.7630808960280512,0.7630837025278969
0.9919211542562013,0.9871216430190319,0.9931905410424663,0.9962432860380639,0.9947145713532868,0.977600634755665,0.9987492750473471,0.9995758170048735,9780,220,121,32088,0.022,0.0037567139619361046,MLP(16),45,9.1,168834,42209,"bytes_total,bytes_src,payload_mean_src,byte_asymmetry,byte_rate,pkt_asymmetry,bytes_dst,payload_mean_dst,flow_rate,pkts_total",0.0,0.0,ton->ton,3,cat,50.0,0.7630808960280512,0.7630837025278969
0.9694607657316149,0.9700948584202682,0.9908868637474995,0.9688897168405365,0.9797648388565329,0.9185319585662609,0.9930908966716344,0.9974511517776925,9713,287,1002,31206,0.0287,0.031110283159463487,"KAN(cat,1L)",45,6.7,168835,42208,"bytes_total,bytes_src,payload_mean_src,byte_asymmetry,byte_rate,pkt_asymmetry,bytes_dst,payload_mean_dst,flow_rate,pkts_total",0.0,0.0,ton->ton,4,cat,50.0,0.7630822992862855,0.7630780894617134
0.9929634192570129,0.9922175608544461,0.9971335098925066,0.9936351217088922,0.9953812419327247,0.9806415371907836,0.9996270010556384,0.9998816994608867,9908,92,205,32003,0.0092,0.006364878291107799,"KAN(cat,ML)",45,137.3,168835,42208,"bytes_total,bytes_src,payload_mean_src,byte_asymmetry,byte_rate,pkt_asymmetry,bytes_dst,payload_mean_dst,flow_rate,pkts_total",0.0,0.0,ton->ton,4,cat,50.0,0.7630822992862855,0.7630780894617134
0.9870640636846095,0.9810086934923001,0.990549082796232,0.9925173869846001,0.9915322580645162,0.9641532471369239,0.9908176959140587,0.9944264174283634,9695,305,241,31967,0.0305,0.007482613015399901,DecisionTree(d=5),45,1.0,168835,42208,"bytes_total,bytes_src,payload_mean_src,byte_asymmetry,byte_rate,pkt_asymmetry,bytes_dst,payload_mean_dst,flow_rate,pkts_total",0.0,0.0,ton->ton,4,cat,50.0,0.7630822992862855,0.7630780894617134
0.9967304776345717,0.9965131147540984,0.9987868607689436,0.9969262295081968,0.9978556777922805,0.9909839679398897,0.9999132668902136,0.9999723933548532,9961,39,99,32109,0.0039,0.0030737704918032786,LightGBM,45,3.6,168835,42208,"bytes_total,bytes_src,payload_mean_src,byte_asymmetry,byte_rate,pkt_asymmetry,bytes_dst,payload_mean_dst,flow_rate,pkts_total",0.0,0.0,ton->ton,4,cat,50.0,0.7630822992862855,0.7630780894617134
0.9961618650492797,0.9944167411823149,0.9972380834160874,0.9977334823646299,0.9974857213806804,0.9893797826242907,0.9998664927968208,0.9999577910225993,9911,89,73,32135,0.0089,0.0022665176353700942,XGBoost,45,2.6,168835,42208,"bytes_total,bytes_src,payload_mean_src,byte_asymmetry,byte_rate,pkt_asymmetry,bytes_dst,payload_mean_dst,flow_rate,pkts_total",0.0,0.0,ton->ton,4,cat,50.0,0.7630822992862855,0.7630780894617134
0.9923711144806672,0.988381867858917,0.9940502014254726,0.995963735717834,0.9950060485747076,0.978864158788365,0.9984385556383507,0.9994690261612262,9808,192,130,32078,0.0192,0.004036264282165921,MLP(16),45,37.3,168835,42208,"bytes_total,bytes_src,payload_mean_src,byte_asymmetry,byte_rate,pkt_asymmetry,bytes_dst,payload_mean_dst,flow_rate,pkts_total",0.0,0.0,ton->ton,4,cat,50.0,0.7630822992862855,0.7630780894617134
0.9703847611827142,0.970631346249379,0.990835870116692,0.9701626924987581,0.9803903112449799,0.9208025483137261,0.9929464341157476,0.9974337601415961,9711,289,961,31247,0.0289,0.029837307501241927,"KAN(cat,1L)",45,18.4,168835,42208,"bytes_total,bytes_src,payload_mean_src,byte_asymmetry,byte_rate,pkt_asymmetry,bytes_dst,payload_mean_dst,flow_rate,pkts_total",0.0,0.0,ton->ton,5,cat,50.0,0.7630822992862855,0.7630780894617134
0.9934135708870356,0.9930296572280178,0.9976000498690937,0.9937593144560357,0.9956759783487836,0.9818939781427478,0.9996649217585692,0.9998908878154745,9923,77,201,32007,0.0077,0.006240685543964232,"KAN(cat,ML)",45,334.4,168835,42208,"bytes_total,bytes_src,payload_mean_src,byte_asymmetry,byte_rate,pkt_asymmetry,bytes_dst,payload_mean_dst,flow_rate,pkts_total",0.0,0.0,ton->ton,5,cat,50.0,0.7630822992862855,0.7630780894617134
0.988106520090978,0.9821744162940884,0.9909873637264618,0.9934488325881768,0.9922165715703299,0.967029292270903,0.9915573941256831,0.994839686238418,9709,291,211,31997,0.0291,0.0065511674118231495,DecisionTree(d=5),45,0.9,168835,42208,"bytes_total,bytes_src,payload_mean_src,byte_asymmetry,byte_rate,pkt_asymmetry,bytes_dst,payload_mean_dst,flow_rate,pkts_total",0.0,0.0,ton->ton,5,cat,50.0,0.7630822992862855,0.7630780894617134
0.9970621683093253,0.9966270243417785,0.9986943546381497,0.9974540486835569,0.9980738163290668,0.9918895991387336,0.99992415393691,0.9999757777703624,9958,42,82,32126,0.0042,0.00254595131644312,LightGBM,45,3.4,168835,42208,"bytes_total,bytes_src,payload_mean_src,byte_asymmetry,byte_rate,pkt_asymmetry,bytes_dst,payload_mean_dst,flow_rate,pkts_total",0.0,0.0,ton->ton,5,cat,50.0,0.7630822992862855,0.7630780894617134
0.9963040181956028,0.9946477893691008,0.997362050772764,0.9977955787382017,0.9975787676548192,0.9897737222402548,0.9998913856805761,0.999965672231432,9915,85,71,32137,0.0085,0.002204421261798311,XGBoost,45,2.6,168835,42208,"bytes_total,bytes_src,payload_mean_src,byte_asymmetry,byte_rate,pkt_asymmetry,bytes_dst,payload_mean_dst,flow_rate,pkts_total",0.0,0.0,ton->ton,5,cat,50.0,0.7630822992862855,0.7630780894617134
0.9921815769522365,0.9875336810730253,0.9934063893016345,0.9963673621460507,0.9948846726190477,0.978324730482246,0.9982812422379532,0.9994256125024761,9787,213,117,32091,0.0213,0.0036326378539493294,MLP(16),45,18.8,168835,42208,"bytes_total,bytes_src,payload_mean_src,byte_asymmetry,byte_rate,pkt_asymmetry,bytes_dst,payload_mean_dst,flow_rate,pkts_total",0.0,0.0,ton->ton,5,cat,50.0,0.7630822992862855,0.7630780894617134
0.9693667227368571,0.969929817752802,0.9907924815849631,0.968859635505604,0.9797033199905816,0.9182657066365328,0.9927855801173585,0.9973556052745874,9710,290,1003,31206,0.029,0.031140364494395976,"KAN(cat,1L)",46,18.0,168834,42209,"bytes_total,bytes_src,payload_mean_src,byte_asymmetry,byte_rate,pkt_asymmetry,bytes_dst,payload_mean_dst,flow_rate,pkts_total",0.0,0.0,ton->ton,1,cat,50.0,0.7630808960280512,0.7630837025278969
0.9932715771517923,0.9927987068831693,0.9974756131766759,0.9936974137663386,0.9955829289535897,0.9815003352804323,0.9995900835170294,0.9998720225281454,9919,81,203,32006,0.0081,0.006302586233661399,"KAN(cat,ML)",46,334.0,168834,42209,"bytes_total,bytes_src,payload_mean_src,byte_asymmetry,byte_rate,pkt_asymmetry,bytes_dst,payload_mean_dst,flow_rate,pkts_total",0.0,0.0,ton->ton,1,cat,50.0,0.7630808960280512,0.7630837025278969
0.9854059560757185,0.983507701263622,0.9937177684013127,0.987115402527244,0.990405582206716,0.9600260733883097,0.9908801204632245,0.994439782461519,9799,201,415,31794,0.0201,0.012884597472756063,DecisionTree(d=5),46,0.9,168834,42209,"bytes_total,bytes_src,payload_mean_src,byte_asymmetry,byte_rate,pkt_asymmetry,bytes_dst,payload_mean_dst,flow_rate,pkts_total",0.0,0.0,ton->ton,1,cat,50.0,0.7630808960280512,0.7630837025278969
0.996398872278424,0.9961579263559874,0.9986622281678748,0.996615852711975,0.9976379910492292,0.9900722382014508,0.9999285137694433,0.9999772319732454,9957,43,109,32100,0.0043,0.003384147288025086,LightGBM,46,3.4,168834,42209,"bytes_total,bytes_src,payload_mean_src,byte_asymmetry,byte_rate,pkt_asymmetry,bytes_dst,payload_mean_dst,flow_rate,pkts_total",0.0,0.0,ton->ton,1,cat,50.0,0.7630808960280512,0.7630837025278969
0.9962567224999408,0.9946857291440281,0.9974237203960642,0.9976714582880561,0.9975475739608233,0.9896445492502128,0.9998845151976155,0.9999628798803678,9917,83,75,32134,0.0083,0.0023285417119438667,XGBoost,46,2.6,168834,42209,"bytes_total,bytes_src,payload_mean_src,byte_asymmetry,byte_rate,pkt_asymmetry,bytes_dst,payload_mean_dst,flow_rate,pkts_total",0.0,0.0,ton->ton,1,cat,50.0,0.7630808960280512,0.7630837025278969
0.9927977445568481,0.9891785013505542,0.9945131591183856,0.9960570027011084,0.9952844822237389,0.9800517035894605,0.998445485733801,0.9994877006126903,9823,177,127,32082,0.0177,0.003942997298891614,MLP(16),46,25.4,168834,42209,"bytes_total,bytes_src,payload_mean_src,byte_asymmetry,byte_rate,pkt_asymmetry,bytes_dst,payload_mean_dst,flow_rate,pkts_total",0.0,0.0,ton->ton,1,cat,50.0,0.7630808960280512,0.7630837025278969
0.9707645288919424,0.9706388524946443,0.990623119080052,0.9708777049892887,0.9806510286001003,0.9216756426285729,0.9934276475519264,0.997594904497852,9704,296,938,31271,0.0296,0.029122295010711292,"KAN(cat,1L)",46,17.6,168834,42209,"bytes_total,bytes_src,payload_mean_src,byte_asymmetry,byte_rate,pkt_asymmetry,payload_mean_dst,bytes_dst,flow_rate,pkts_src",0.0,0.0,ton->ton,2,cat,50.0,0.7630808960280512,0.7630837025278969
0.9939586344144614,0.9936970846657767,0.9978809598005609,0.9941941693315532,0.9960341529417254,0.9833893996154083,0.999459391784905,0.9997978433844524,9932,68,187,32022,0.0068,0.005805830668446707,"KAN(cat,ML)",46,332.8,168834,42209,"bytes_total,bytes_src,payload_mean_src,byte_asymmetry,byte_rate,pkt_asymmetry,payload_mean_dst,bytes_dst,flow_rate,pkts_src",0.0,0.0,ton->ton,2,cat,50.0,0.7630808960280512,0.7630837025278969
0.9891492335757777,0.9820645999565338,0.9903023564656104,0.9955291999130678,0.9929088994859726,0.9698741452349342,0.9940605498463163,0.9964110498705919,9686,314,144,32065,0.0314,0.004470800086932224,DecisionTree(d=5),46,1.0,168834,42209,"bytes_total,bytes_src,payload_mean_src,byte_asymmetry,byte_rate,pkt_asymmetry,payload_mean_dst,bytes_dst,flow_rate,pkts_src",0.0,0.0,ton->ton,2,cat,50.0,0.7630808960280512,0.7630837025278969
0.9969200881328627,0.9964304930298985,0.9986011377413038,0.997360986059797,0.997980676628662,0.9914970573325743,0.9998588065447547,0.9999540065727744,9955,45,85,32124,0.0045,0.002639013940203049,LightGBM,46,3.6,168834,42209,"bytes_total,bytes_src,payload_mean_src,byte_asymmetry,byte_rate,pkt_asymmetry,payload_mean_dst,bytes_dst,flow_rate,pkts_src",0.0,0.0,ton->ton,2,cat,50.0,0.7630808960280512,0.7630837025278969
0.9965410220569073,0.9949754416467447,0.9975173013065202,0.9979508832934894,0.9977340451949342,0.990429350195697,0.99983879195256,0.9999477454456636,9920,80,66,32143,0.008,0.0020491167065106028,XGBoost,46,2.6,168834,42209,"bytes_total,bytes_src,payload_mean_src,byte_asymmetry,byte_rate,pkt_asymmetry,payload_mean_dst,bytes_dst,flow_rate,pkts_src",0.0,0.0,ton->ton,2,cat,50.0,0.7630808960280512,0.7630837025278969
0.991328863512521,0.9856992610760967,0.9922703521627555,0.9963985221521935,0.994330152435246,0.9759450219250233,0.9979331335961998,0.9993174853853011,9750,250,116,32093,0.025,0.003601477847806514,MLP(16),46,16.0,168834,42209,"bytes_total,bytes_src,payload_mean_src,byte_asymmetry,byte_rate,pkt_asymmetry,payload_mean_dst,bytes_dst,flow_rate,pkts_src",0.0,0.0,ton->ton,2,cat,50.0,0.7630808960280512,0.7630837025278969
0.9691771896988793,0.9699090580272595,0.9908836795629249,0.9685181160545189,0.9795732521078331,0.9178297601898695,0.993222931478779,0.9975539684458007,9713,287,1014,31195,0.0287,0.03148188394548108,"KAN(cat,1L)",46,18.9,168834,42209,"bytes_total,bytes_src,payload_mean_src,byte_asymmetry,byte_rate,pkt_asymmetry,payload_mean_dst,bytes_dst,flow_rate,pkts_total",0.0,0.0,ton->ton,3,cat,50.0,0.7630808960280512,0.7630837025278969
0.9934374185600228,0.9927349902201248,0.9973212060802392,0.9940699804402496,0.9956929392191315,0.9819384986910425,0.9995497966406905,0.9998319230599386,9914,86,191,32018,0.0086,0.0059300195597503805,"KAN(cat,ML)",46,332.3,168834,42209,"bytes_total,bytes_src,payload_mean_src,byte_asymmetry,byte_rate,pkt_asymmetry,payload_mean_dst,bytes_dst,flow_rate,pkts_total",0.0,0.0,ton->ton,3,cat,50.0,0.7630808960280512,0.7630837025278969
0.9889360089080528,0.9821317457853395,0.9904814883490946,0.995063491570679,0.9927672030603869,0.9692891466520095,0.9908001816262535,0.9944040827800068,9692,308,159,32050,0.0308,0.004936508429320997,DecisionTree(d=5),46,0.9,168834,42209,"bytes_total,bytes_src,payload_mean_src,byte_asymmetry,byte_rate,pkt_asymmetry,payload_mean_dst,bytes_dst,flow_rate,pkts_total",0.0,0.0,ton->ton,3,cat,50.0,0.7630808960280512,0.7630837025278969
0.9968253216138738,0.9963339221956595,0.9985699630055647,0.9972678443913192,0.9979184789362495,0.9912362741416452,0.9998931323543109,0.9999644116286404,9954,46,88,32121,0.0046,0.0027321556086808037,LightGBM,46,3.5,168834,42209,"bytes_total,bytes_src,payload_mean_src,byte_asymmetry,byte_rate,pkt_asymmetry,payload_mean_dst,bytes_dst,flow_rate,pkts_total",0.0,0.0,ton->ton,3,cat,50.0,0.7630808960280512,0.7630837025278969
0.9960198062024687,0.9940478235896799,0.9969908484566465,0.9977956471793598,0.997393085469555,0.9889835947824336,0.9998354714520785,0.9999402912219149,9903,97,71,32138,0.0097,0.0022043528206401935,XGBoost,46,2.6,168834,42209,"bytes_total,bytes_src,payload_mean_src,byte_asymmetry,byte_rate,pkt_asymmetry,payload_mean_dst,bytes_dst,flow_rate,pkts_total",0.0,0.0,ton->ton,3,cat,50.0,0.7630808960280512,0.7630837025278969
0.992560828259376,0.9882303082989227,0.9938070908809413,0.9964606165978454,0.9951320848319484,0.9793800442495065,0.9984824707379925,0.999462469717604,9800,200,114,32095,0.02,0.0035393834021546773,MLP(16),46,27.3,168834,42209,"bytes_total,bytes_src,payload_mean_src,byte_asymmetry,byte_rate,pkt_asymmetry,payload_mean_dst,bytes_dst,flow_rate,pkts_total",0.0,0.0,ton->ton,3,cat,50.0,0.7630808960280512,0.7630837025278969
0.9687026156178924,0.9687017138599106,0.9900675911528576,0.9687034277198212,0.979269000800364,0.9163748191876678,0.992672685357675,0.9972894055969215,9687,313,1008,31200,0.0313,0.03129657228017884,"KAN(cat,1L)",46,18.5,168835,42208,"bytes_total,bytes_src,payload_mean_src,byte_asymmetry,byte_rate,pkt_asymmetry,bytes_dst,payload_mean_dst,flow_rate,pkts_total",0.0,0.0,ton->ton,4,cat,50.0,0.7630822992862855,0.7630780894617134
0.9933898786959818,0.9936346994535519,0.9981589540362592,0.9931693989071039,0.9956579254532721,0.9818737259928902,0.9996323273720814,0.9998806357308635,9941,59,220,31988,0.0059,0.006830601092896175,"KAN(cat,ML)",46,294.2,168835,42208,"bytes_total,bytes_src,payload_mean_src,byte_asymmetry,byte_rate,pkt_asymmetry,bytes_dst,payload_mean_dst,flow_rate,pkts_total",0.0,0.0,ton->ton,4,cat,50.0,0.7630822992862855,0.7630780894617134
0.9873009855951478,0.9814052657724789,0.9907648444279162,0.9926105315449578,0.9916868292077672,0.9648137730098323,0.9906470488698461,0.9943039446818506,9702,298,238,31970,0.0298,0.007389468455042226,DecisionTree(d=5),46,0.6,168835,42208,"bytes_total,bytes_src,payload_mean_src,byte_asymmetry,byte_rate,pkt_asymmetry,bytes_dst,payload_mean_dst,flow_rate,pkts_total",0.0,0.0,ton->ton,4,cat,50.0,0.7630822992862855,0.7630780894617134
0.9963514025777104,0.996092349726776,0.998631074606434,0.9965846994535519,0.9976068376068377,0.9899414130343774,0.9998875372578242,0.9999631378946586,9956,44,110,32098,0.0044,0.0034153005464480873,LightGBM,46,2.6,168835,42208,"bytes_total,bytes_src,payload_mean_src,byte_asymmetry,byte_rate,pkt_asymmetry,bytes_dst,payload_mean_dst,flow_rate,pkts_total",0.0,0.0,ton->ton,4,cat,50.0,0.7630822992862855,0.7630780894617134
0.9963514025777104,0.9950235966219574,0.9976710967581667,0.9975471932439146,0.9976091411538223,0.9899107149625087,0.9998720302409341,0.9999573416588593,9925,75,79,32129,0.0075,0.0024528067560854448,XGBoost,46,2.0,168835,42208,"bytes_total,bytes_src,payload_mean_src,byte_asymmetry,byte_rate,pkt_asymmetry,bytes_dst,payload_mean_dst,flow_rate,pkts_total",0.0,0.0,ton->ton,4,cat,50.0,0.7630822992862855,0.7630780894617134
0.9917788097043214,0.9863733979135618,0.9926095426574724,0.9966467958271237,0.9946240723813655,0.9771963138016064,0.9986242067188275,0.9995356244631679,9761,239,108,32100,0.0239,0.0033532041728763042,MLP(16),46,13.2,168835,42208,"bytes_total,bytes_src,payload_mean_src,byte_asymmetry,byte_rate,pkt_asymmetry,bytes_dst,payload_mean_dst,flow_rate,pkts_total",0.0,0.0,ton->ton,4,cat,50.0,0.7630822992862855,0.7630780894617134
0.9702663002274451,0.9718293343268753,0.9919890644371682,0.9688586686537506,0.9802874420796356,0.9209026664350418,0.993668965784898,0.997678738486327,9748,252,1003,31205,0.0252,0.031141331346249378,"KAN(cat,1L)",46,9.9,168835,42208,"bytes_total,bytes_src,payload_mean_src,byte_asymmetry,byte_rate,pkt_asymmetry,bytes_dst,payload_mean_dst,flow_rate,pkts_total",0.0,0.0,ton->ton,5,cat,50.0,0.7630822992862855,0.7630780894617134
0.9930108036391205,0.992834699453552,0.9976608551913421,0.9931693989071039,0.9954100605249646,0.9808103706434868,0.9996038282414308,0.9998695319757291,9925,75,220,31988,0.0075,0.006830601092896175,"KAN(cat,ML)",46,201.6,168835,42208,"bytes_total,bytes_src,payload_mean_src,byte_asymmetry,byte_rate,pkt_asymmetry,bytes_dst,payload_mean_dst,flow_rate,pkts_total",0.0,0.0,ton->ton,5,cat,50.0,0.7630822992862855,0.7630780894617134
0.9868982183472328,0.9852784649776453,0.9944394114523133,0.9883569299552906,0.991388841308647,0.9640888570405317,0.9925493076254347,0.9954681209697781,9822,178,375,31833,0.0178,0.011643070044709389,DecisionTree(d=5),46,0.5,168835,42208,"bytes_total,bytes_src,payload_mean_src,byte_asymmetry,byte_rate,pkt_asymmetry,bytes_dst,payload_mean_dst,flow_rate,pkts_total",0.0,0.0,ton->ton,5,cat,50.0,0.7630822992862855,0.7630780894617134
0.9967067854435178,0.9965665424739195,0.9988488940049155,0.9968330849478391,0.9978399714068158,0.9909214628466647,0.9998845473174365,0.9999609435249337,9963,37,102,32106,0.0037,0.0031669150521609537,LightGBM,46,5.7,168835,42208,"bytes_total,bytes_src,payload_mean_src,byte_asymmetry,byte_rate,pkt_asymmetry,bytes_dst,payload_mean_dst,flow_rate,pkts_total",0.0,0.0,ton->ton,5,cat,50.0,0.7630822992862855,0.7630780894617134
0.996540940106141,0.995216741182315,0.9977334823646299,0.9977334823646299,0.9977334823646299,0.9904334823646299,0.9998430126055639,0.9999473551734606,9927,73,73,32135,0.0073,0.0022665176353700942,XGBoost,46,2.3,168835,42208,"bytes_total,bytes_src,payload_mean_src,byte_asymmetry,byte_rate,pkt_asymmetry,bytes_dst,payload_mean_dst,flow_rate,pkts_total",0.0,0.0,ton->ton,5,cat,50.0,0.7630822992862855,0.7630780894617134
0.9916603487490523,0.9868818678589171,0.9931269349845201,0.995963735717834,0.9945433124573696,0.97687999372738,0.9979499363512171,0.9992666255080676,9778,222,130,32078,0.0222,0.004036264282165921,MLP(16),46,6.3,168835,42208,"bytes_total,bytes_src,payload_mean_src,byte_asymmetry,byte_rate,pkt_asymmetry,bytes_dst,payload_mean_dst,flow_rate,pkts_total",0.0,0.0,ton->ton,5,cat,50.0,0.7630822992862855,0.7630780894617134
0.9665948020564334,0.9676653621658542,0.9903518548001911,0.9656307243317085,0.9778350677523816,0.9113016038770835,0.9926295848986308,0.9972791822297449,9697,303,1107,31102,0.0303,0.03436927566829147,"KAN(cat,1L)",47,7.1,168834,42209,"bytes_total,bytes_src,payload_mean_src,byte_asymmetry,byte_rate,pkt_asymmetry,payload_mean_dst,bytes_dst,flow_rate,pkts_total",0.0,0.0,ton->ton,1,cat,50.0,0.7630808960280512,0.7630837025278969
0.9934611101897699,0.9928194666087118,0.9973832590885019,0.9940389332174236,0.9957082879800964,0.9820069767197063,0.9994612980843862,0.9998159218045037,9916,84,192,32017,0.0084,0.005961066782576298,"KAN(cat,ML)",47,132.6,168834,42209,"bytes_total,bytes_src,payload_mean_src,byte_asymmetry,byte_rate,pkt_asymmetry,payload_mean_dst,bytes_dst,flow_rate,pkts_total",0.0,0.0,ton->ton,1,cat,50.0,0.7630808960280512,0.7630837025278969
0.9882963349048781,0.9811265096712098,0.9899582882743705,0.9947530193424198,0.9923498621736303,0.9675073990659521,0.9911726163494675,0.9946148660163457,9675,325,169,32040,0.0325,0.00524698065758018,DecisionTree(d=5),47,0.4,168834,42209,"bytes_total,bytes_src,payload_mean_src,byte_asymmetry,byte_rate,pkt_asymmetry,payload_mean_dst,bytes_dst,flow_rate,pkts_total",0.0,0.0,ton->ton,1,cat,50.0,0.7630808960280512,0.7630837025278969
0.9962093392404463,0.9958268791331615,0.9984757520141848,0.9965537582663231,0.9975138293243831,0.9895467146132879,0.999879521251824,0.9999578156999308,9951,49,111,32098,0.0049,0.0034462417336769227,LightGBM,47,2.5,168834,42209,"bytes_total,bytes_src,payload_mean_src,byte_asymmetry,byte_rate,pkt_asymmetry,payload_mean_dst,bytes_dst,flow_rate,pkts_total",0.0,0.0,ton->ton,1,cat,50.0,0.7630808960280512,0.7630837025278969
0.9959250396834798,0.9945718277500077,0.9975152964561915,0.9971436555000155,0.9973294413563953,0.9887349049066421,0.9998753919711881,0.9999590005441183,9920,80,92,32117,0.008,0.0028563444999844764,XGBoost,47,2.5,168834,42209,"bytes_total,bytes_src,payload_mean_src,byte_asymmetry,byte_rate,pkt_asymmetry,payload_mean_dst,bytes_dst,flow_rate,pkts_total",0.0,0.0,ton->ton,1,cat,50.0,0.7630808960280512,0.7630837025278969
0.9920396124049373,0.9878887888478376,0.9938028692715273,0.9957775776956751,0.9947892435098167,0.97794401817476,0.9984327082492471,0.9994587508432079,9800,200,136,32073,0.02,0.004222422304324878,MLP(16),47,12.5,168834,42209,"bytes_total,bytes_src,payload_mean_src,byte_asymmetry,byte_rate,pkt_asymmetry,payload_mean_dst,bytes_dst,flow_rate,pkts_total",0.0,0.0,ton->ton,1,cat,50.0,0.7630808960280512,0.7630837025278969
0.9696510222938236,0.9708745816386724,0.9914823290109331,0.9685491632773449,0.9798815824603835,0.919207770717046,0.9933024775683815,0.9975395957184183,9732,268,1013,31196,0.0268,0.03145083672265516,"KAN(cat,1L)",47,7.4,168834,42209,"bytes_total,bytes_src,payload_mean_src,byte_asymmetry,byte_rate,pkt_asymmetry,payload_mean_dst,bytes_dst,flow_rate,pkts_total",0.0,0.0,ton->ton,2,cat,50.0,0.7630808960280512,0.7630837025278969
0.9944087753796583,0.9948194666087118,0.9986276161067964,0.9940389332174236,0.996327991286759,0.9846607617206088,0.9996826321835511,0.9998865357429005,9956,44,192,32017,0.0044,0.005961066782576298,"KAN(cat,ML)",47,133.1,168834,42209,"bytes_total,bytes_src,payload_mean_src,byte_asymmetry,byte_rate,pkt_asymmetry,payload_mean_dst,bytes_dst,flow_rate,pkts_total",0.0,0.0,ton->ton,2,cat,50.0,0.7630808960280512,0.7630837025278969
0.9892913833542609,0.9833644152255581,0.9913662385888906,0.9946288304511162,0.9929948546277354,0.9702982724879069,0.9917265236424602,0.9949542743261662,9721,279,173,32036,0.0279,0.005371169548883853,DecisionTree(d=5),47,0.4,168834,42209,"bytes_total,bytes_src,payload_mean_src,byte_asymmetry,byte_rate,pkt_asymmetry,payload_mean_dst,bytes_dst,flow_rate,pkts_total",0.0,0.0,ton->ton,2,cat,50.0,0.7630808960280512,0.7630837025278969
0.9969437797626098,0.9967907805271818,0.9989113530326594,0.9970815610543637,0.9979956183284389,0.9915719921688516,0.9998819848489552,0.9999583191184558,9965,35,94,32115,0.0035,0.002918438945636313,LightGBM,47,2.6,168834,42209,"bytes_total,bytes_src,payload_mean_src,byte_asymmetry,byte_rate,pkt_asymmetry,payload_mean_dst,bytes_dst,flow_rate,pkts_total",0.0,0.0,ton->ton,2,cat,50.0,0.7630808960280512,0.7630837025278969
0.9965884053164017,0.9951099180353318,0.99761010583817,0.9979198360706635,0.9977649469174893,0.9905615586372312,0.9998542705454998,0.99994700749753,9923,77,67,32142,0.0077,0.002080163929336521,XGBoost,47,2.0,168834,42209,"bytes_total,bytes_src,payload_mean_src,byte_asymmetry,byte_rate,pkt_asymmetry,payload_mean_dst,bytes_dst,flow_rate,pkts_total",0.0,0.0,ton->ton,2,cat,50.0,0.7630808960280512,0.7630837025278969
0.9925134449998816,0.9893714582880562,0.9948487199379363,0.9953429165761123,0.9950957568985318,0.9792836496549251,0.9985460647645069,0.9995036572217365,9834,166,150,32059,0.0166,0.004657083423887733,MLP(16),47,11.8,168834,42209,"bytes_total,bytes_src,payload_mean_src,byte_asymmetry,byte_rate,pkt_asymmetry,payload_mean_dst,bytes_dst,flow_rate,pkts_total",0.0,0.0,ton->ton,2,cat,50.0,0.7630808960280512,0.7630837025278969
0.9696510222938236,0.9711159163587817,0.9917011128775834,0.9683318327175634,0.9798771579823748,0.9192848746656805,0.9929938060790462,0.9973852276582191,9739,261,1020,31189,0.0261,0.031668167282436585,"KAN(cat,1L)",47,7.9,168834,42209,"bytes_total,payload_mean_src,bytes_src,byte_asymmetry,byte_rate,pkt_asymmetry,bytes_dst,payload_mean_dst,flow_rate,pkts_total",0.0,0.0,ton->ton,3,cat,50.0,0.7630808960280512,0.7630837025278969
0.9940770925631974,0.9942918485516471,0.9983471074380166,0.9938836971032942,0.9961104023399819,0.9837433791513143,0.9997380654475457,0.999917531191541,9947,53,197,32012,0.0053,0.00611630289670589,"KAN(cat,ML)",47,133.5,168834,42209,"bytes_total,payload_mean_src,bytes_src,byte_asymmetry,byte_rate,pkt_asymmetry,bytes_dst,payload_mean_dst,flow_rate,pkts_total",0.0,0.0,ton->ton,3,cat,50.0,0.7630808960280512,0.7630837025278969
0.9865668459333318,0.9847165512744884,0.9941283028296584,0.988233102548977,0.9911719370358261,0.9631656040504931,0.9915680461982675,0.9948727389809204,9812,188,379,31830,0.0188,0.011766897451023006,DecisionTree(d=5),47,0.4,168834,42209,"bytes_total,payload_mean_src,bytes_src,byte_asymmetry,byte_rate,pkt_asymmetry,bytes_dst,payload_mean_dst,flow_rate,pkts_total",0.0,0.0,ton->ton,3,cat,50.0,0.7630808960280512,0.7630837025278969
0.9971096211708403,0.9969683985842466,0.9989736572015053,0.9972367971684932,0.9981044715826108,0.9920281758815375,0.99991490732404,0.9999729128976933,9967,33,89,32120,0.0033,0.0027632028315067217,LightGBM,47,2.4,168834,42209,"bytes_total,payload_mean_src,bytes_src,byte_asymmetry,byte_rate,pkt_asymmetry,bytes_dst,payload_mean_dst,flow_rate,pkts_total",0.0,0.0,ton->ton,3,cat,50.0,0.7630808960280512,0.7630837025278969
0.9964225639081712,0.9950702055326152,0.9976713859910581,0.9976404110652303,0.9976558982877191,0.9901062779018107,0.9998956099226926,0.999967263624458,9925,75,76,32133,0.0075,0.0023595889347697847,XGBoost,47,1.8,168834,42209,"bytes_total,payload_mean_src,bytes_src,byte_asymmetry,byte_rate,pkt_asymmetry,bytes_dst,payload_mean_dst,flow_rate,pkts_total",0.0,0.0,ton->ton,3,cat,50.0,0.7630808960280512,0.7630837025278969
0.99244237011064,0.9892559346766432,0.9947868180971886,0.9953118693532863,0.9950492744626368,0.9790863182495052,0.9988379645440716,0.9996297665391649,9832,168,151,32058,0.0168,0.004688130646713652,MLP(16),47,10.7,168834,42209,"bytes_total,payload_mean_src,bytes_src,byte_asymmetry,byte_rate,pkt_asymmetry,bytes_dst,payload_mean_dst,flow_rate,pkts_total",0.0,0.0,ton->ton,3,cat,50.0,0.7630808960280512,0.7630837025278969
0.9683235405610311,0.9689359910581221,0.9904985859099431,0.9677719821162444,0.9790034078238611,0.9155921243748858,0.9926805436537508,0.9973189626185401,9701,299,1038,31170,0.0299,0.03222801788375559,"KAN(cat,1L)",47,7.8,168835,42208,"bytes_total,bytes_src,payload_mean_src,byte_asymmetry,byte_rate,pkt_asymmetry,payload_mean_dst,bytes_dst,flow_rate,pkts_total",0.0,0.0,ton->ton,4,cat,50.0,0.7630822992862855,0.7630780894617134
0.9935794162244125,0.992793566815698,0.9972906480645262,0.994287133631396,0.9957866260358526,0.9823218645864549,0.9995969495156483,0.9998645316267978,9913,87,184,32024,0.0087,0.005712866368604074,"KAN(cat,ML)",47,134.6,168835,42208,"bytes_total,bytes_src,payload_mean_src,byte_asymmetry,byte_rate,pkt_asymmetry,payload_mean_dst,bytes_dst,flow_rate,pkts_total",0.0,0.0,ton->ton,4,cat,50.0,0.7630822992862855,0.7630780894617134
0.9888172858225929,0.9816748137108793,0.9901464137888429,0.9952496274217586,0.9926914620172803,0.9689525932011473,0.9908366120218579,0.9944044881240477,9681,319,153,32055,0.0319,0.0047503725782414305,DecisionTree(d=5),47,0.4,168835,42208,"bytes_total,bytes_src,payload_mean_src,byte_asymmetry,byte_rate,pkt_asymmetry,payload_mean_dst,bytes_dst,flow_rate,pkts_total",0.0,0.0,ton->ton,4,cat,50.0,0.7630822992862855,0.7630780894617134
0.9965172479150872,0.9955459761549925,0.998042688041756,0.9973919523099851,0.9977172140694154,0.9903758629962525,0.999895246522603,0.9999666829299124,9937,63,84,32124,0.0063,0.0026080476900149033,LightGBM,47,2.4,168835,42208,"bytes_total,bytes_src,payload_mean_src,byte_asymmetry,byte_rate,pkt_asymmetry,payload_mean_dst,bytes_dst,flow_rate,pkts_total",0.0,0.0,ton->ton,4,cat,50.0,0.7630822992862855,0.7630780894617134
0.9960670962850644,0.9938375062096374,0.9967751937984496,0.9980750124192748,0.9974246796363524,0.9891109843208432,0.9998499782662693,0.9999513985501332,9896,104,62,32146,0.0104,0.0019249875807252858,XGBoost,47,2.2,168835,42208,"bytes_total,bytes_src,payload_mean_src,byte_asymmetry,byte_rate,pkt_asymmetry,payload_mean_dst,bytes_dst,flow_rate,pkts_total",0.0,0.0,ton->ton,4,cat,50.0,0.7630822992862855,0.7630780894617134
0.9920394238059136,0.9880611028315947,0.9939557374000372,0.9956222056631893,0.9947882736156352,0.9779489854590677,0.9985775381892698,0.9995248595957635,9805,195,141,32067,0.0195,0.00437779433681073,MLP(16),47,11.1,168835,42208,"bytes_total,bytes_src,payload_mean_src,byte_asymmetry,byte_rate,pkt_asymmetry,payload_mean_dst,bytes_dst,flow_rate,pkts_total",0.0,0.0,ton->ton,4,cat,50.0,0.7630822992862855,0.7630780894617134
0.9702426080363912,0.9705726775956284,0.9908652626236996,0.9699453551912568,0.9802937115601857,0.9204596278199378,0.9929949981371088,0.9974198221489465,9712,288,968,31240,0.0288,0.030054644808743168,"KAN(cat,1L)",47,7.6,168835,42208,"bytes_total,payload_mean_src,bytes_src,byte_asymmetry,byte_rate,pkt_asymmetry,bytes_dst,payload_mean_dst,flow_rate,pkts_total",0.0,0.0,ton->ton,5,cat,50.0,0.7630822992862855,0.7630780894617134
0.9937926459438969,0.9935883258817685,0.9978804313945515,0.993976651763537,0.9959247161300357,0.9829401502253969,0.9995070386239443,0.9998306383812445,9932,68,194,32014,0.0068,0.00602334823646299,"KAN(cat,ML)",47,133.5,168835,42208,"bytes_total,payload_mean_src,bytes_src,byte_asymmetry,byte_rate,pkt_asymmetry,bytes_dst,payload_mean_dst,flow_rate,pkts_total",0.0,0.0,ton->ton,5,cat,50.0,0.7630822992862855,0.7630780894617134
0.9859742228961335,0.98374217585693,0.9935989508524324,0.9879843517138599,0.9907836971074508,0.9615191365025125,0.9907780458271237,0.994391946427816,9795,205,387,31821,0.0205,0.01201564828614009,DecisionTree(d=5),47,0.4,168835,42208,"bytes_total,payload_mean_src,bytes_src,byte_asymmetry,byte_rate,pkt_asymmetry,bytes_dst,payload_mean_dst,flow_rate,pkts_total",0.0,0.0,ton->ton,5,cat,50.0,0.7630822992862855,0.7630780894617134
0.9964461713419257,0.9962233979135618,0.9986932984879596,0.9966467958271237,0.9976689976689976,0.9902029168194567,0.9998698754967711,0.9999570510216204,9958,42,108,32100,0.0042,0.0033532041728763042,LightGBM,47,2.4,168835,42208,"bytes_total,payload_mean_src,bytes_src,byte_asymmetry,byte_rate,pkt_asymmetry,bytes_dst,payload_mean_dst,flow_rate,pkts_total",0.0,0.0,ton->ton,5,cat,50.0,0.7630822992862855,0.7630780894617134
0.9963277103866566,0.9950425484351715,0.9977019347225241,0.9974850968703428,0.9975935040134143,0.9898463200206532,0.999791668219076,0.9999296341785281,9926,74,81,32127,0.0074,0.002514903129657228,XGBoost,47,2.3,168835,42208,"bytes_total,payload_mean_src,bytes_src,byte_asymmetry,byte_rate,pkt_asymmetry,bytes_dst,payload_mean_dst,flow_rate,pkts_total",0.0,0.0,ton->ton,5,cat,50.0,0.7630822992862855,0.7630780894617134
0.9909495830174374,0.9865540486835569,0.9932428243754262,0.9949080973671137,0.994074763455871,0.9749292363609432,0.9979312717337308,0.9992750040723222,9782,218,164,32044,0.0218,0.00509190263288624,MLP(16),47,12.0,168835,42208,"bytes_total,payload_mean_src,bytes_src,byte_asymmetry,byte_rate,pkt_asymmetry,bytes_dst,payload_mean_dst,flow_rate,pkts_total",0.0,0.0,ton->ton,5,cat,50.0,0.7630822992862855,0.7630780894617134
0.9694851808855931,0.9704901052500854,0.9912305785911734,0.9685802105001707,0.9797745045695802,0.9187107293530808,0.9937677186500667,0.9977156910068209,9724,276,1012,31197,0.0276,0.03141978949982924,"KAN(cat,1L)",48,7.9,168834,42209,"bytes_total,bytes_src,payload_mean_src,byte_asymmetry,byte_rate,pkt_asymmetry,payload_mean_dst,bytes_dst,flow_rate,pkts_total",0.0,0.0,ton->ton,1,cat,50.0,0.7630808960280512,0.7630837025278969
0.9933663436707811,0.9933089943804527,0.997879307656323,0.9934179887609054,0.9956436506207798,0.9817872953388525,0.9996777919215126,0.999894246649842,9932,68,212,31997,0.0068,0.006582011239094663,"KAN(cat,ML)",48,131.9,168834,42209,"bytes_total,bytes_src,payload_mean_src,byte_asymmetry,byte_rate,pkt_asymmetry,payload_mean_dst,bytes_dst,flow_rate,pkts_total",0.0,0.0,ton->ton,1,cat,50.0,0.7630808960280512,0.7630837025278969
0.9871117534175176,0.9851425471141606,0.9941942129412866,0.9888850942283213,0.99153254677334,0.9646258235018234,0.9921388338663106,0.9952190769510352,9814,186,358,31851,0.0186,0.011114905771678724,DecisionTree(d=5),48,0.4,168834,42209,"bytes_total,bytes_src,payload_mean_src,byte_asymmetry,byte_rate,pkt_asymmetry,payload_mean_dst,bytes_dst,flow_rate,pkts_total",0.0,0.0,ton->ton,1,cat,50.0,0.7630808960280512,0.7630837025278969
0.9966120969461489,0.9963321152472912,0.9986936236391913,0.9968642304945823,0.9977780885346261,0.9906565169564547,0.9999117280884227,0.9999705159008251,9958,42,101,32108,0.0042,0.0031357695054177403,LightGBM,48,2.3,168834,42209,"bytes_total,bytes_src,payload_mean_src,byte_asymmetry,byte_rate,pkt_asymmetry,payload_mean_dst,bytes_dst,flow_rate,pkts_total",0.0,0.0,ton->ton,1,cat,50.0,0.7630808960280512,0.7630837025278969
0.9962093392404463,0.9949994458070726,0.9977325671688151,0.9972988916141451,0.9975156822557605,0.9895216958693019,0.9998902853239778,0.9999646361511152,9927,73,87,32122,0.0073,0.002701108385854885,XGBoost,48,2.0,168834,42209,"bytes_total,bytes_src,payload_mean_src,byte_asymmetry,byte_rate,pkt_asymmetry,payload_mean_dst,bytes_dst,flow_rate,pkts_total",0.0,0.0,ton->ton,1,cat,50.0,0.7630808960280512,0.7630837025278969
0.9926555947783648,0.9889474541277283,0.9943895105545395,0.9959949082554566,0.9951915619668062,0.9796569066762958,0.9988379288397653,0.9995978616796551,9819,181,129,32080,0.0181,0.004005091744543451,MLP(16),48,11.0,168834,42209,"bytes_total,bytes_src,payload_mean_src,byte_asymmetry,byte_rate,pkt_asymmetry,payload_mean_dst,bytes_dst,flow_rate,pkts_total",0.0,0.0,ton->ton,1,cat,50.0,0.7630808960280512,0.7630837025278969
0.9688691985121657,0.9695348691359558,0.990723974713301,0.9682697382719115,0.9793681698279111,0.9170143703362389,0.9926973066534198,0.9972833240055761,9708,292,1022,31187,0.0292,0.031730261728088426,"KAN(cat,1L)",48,7.8,168834,42209,"bytes_total,bytes_src,payload_mean_src,byte_asymmetry,byte_rate,pkt_asymmetry,payload_mean_dst,bytes_dst,flow_rate,pkts_total",0.0,0.0,ton->ton,2,cat,50.0,0.7630808960280512,0.7630837025278969
0.9930583524840674,0.992934805489149,0.9977231613748363,0.993169610978298,0.9954411787586936,0.9809434361128208,0.9997091356453164,0.9999081712234461,9927,73,220,31989,0.0073,0.006830389021702008,"KAN(cat,ML)",48,131.7,168834,42209,"bytes_total,bytes_src,payload_mean_src,byte_asymmetry,byte_rate,pkt_asymmetry,payload_mean_dst,bytes_dst,flow_rate,pkts_total",0.0,0.0,ton->ton,2,cat,50.0,0.7630808960280512,0.7630837025278969
0.9850505816295103,0.9834127526467757,0.9938383585637433,0.9865255052935515,0.9901684299091631,0.9591034775518824,0.9909049737650968,0.9944672510112855,9803,197,434,31775,0.0197,0.013474494706448507,DecisionTree(d=5),48,0.4,168834,42209,"bytes_total,bytes_src,payload_mean_src,byte_asymmetry,byte_rate,pkt_asymmetry,payload_mean_dst,bytes_dst,flow_rate,pkts_total",0.0,0.0,ton->ton,2,cat,50.0,0.7630808960280512,0.7630837025278969
0.9963041057594352,0.9958889735788133,0.9984759416503375,0.9966779471576267,0.9975761342448726,0.9898058347328375,0.9999029650097798,0.9999691310893277,9951,49,107,32102,0.0049,0.0033220528423732495,LightGBM,48,2.4,168834,42209,"bytes_total,bytes_src,payload_mean_src,byte_asymmetry,byte_rate,pkt_asymmetry,payload_mean_dst,bytes_dst,flow_rate,pkts_total",0.0,0.0,ton->ton,2,cat,50.0,0.7630808960280512,0.7630837025278969
0.9960198062024687,0.9947028749728337,0.9975774140447868,0.9972057499456674,0.9973915473713629,0.9889968910452147,0.9998627930081654,0.9999564244981163,9922,78,90,32119,0.0078,0.00279425005433264,XGBoost,48,2.2,168834,42209,"bytes_total,bytes_src,payload_mean_src,byte_asymmetry,byte_rate,pkt_asymmetry,payload_mean_dst,bytes_dst,flow_rate,pkts_total",0.0,0.0,ton->ton,2,cat,50.0,0.7630808960280512,0.7630837025278969
0.9914236300315099,0.9874506985625136,0.9937672485968557,0.9950013971250272,0.9943839399298768,0.9762510593015039,0.998629443633767,0.9995393531999699,9799,201,161,32048,0.0201,0.004998602874972833,MLP(16),48,8.3,168834,42209,"bytes_total,bytes_src,payload_mean_src,byte_asymmetry,byte_rate,pkt_asymmetry,payload_mean_dst,bytes_dst,flow_rate,pkts_total",0.0,0.0,ton->ton,2,cat,50.0,0.7630808960280512,0.7630837025278969
0.9706697623729537,0.9707491399919277,0.9907774221151713,0.9705982799838554,0.9805840469245005,0.9214901917726636,0.9928916250116429,0.9972228893343615,9709,291,947,31262,0.0291,0.029401720016144557,"KAN(cat,1L)",48,7.6,168834,42209,"bytes_total,bytes_src,byte_asymmetry,payload_mean_src,byte_rate,pkt_asymmetry,payload_mean_dst,bytes_dst,flow_rate,pkts_src",0.0,0.0,ton->ton,3,cat,50.0,0.7630808960280512,0.7630837025278969
0.9933663436707811,0.9917230805054489,0.996454893180334,0.9948461610108976,0.9956498772643942,0.9816918992069575,0.9994639603837436,0.9998160687647971,9886,114,166,32043,0.0114,0.005153838989102425,"KAN(cat,ML)",48,134.6,168834,42209,"bytes_total,bytes_src,byte_asymmetry,payload_mean_src,byte_rate,pkt_asymmetry,payload_mean_dst,bytes_dst,flow_rate,pkts_src",0.0,0.0,ton->ton,3,cat,50.0,0.7630808960280512,0.7630837025278969
0.9889597005378,0.9817335527337079,0.9901182719328042,0.9954671054674159,0.9927854842704978,0.9693454865943766,0.9932051802291285,0.9958415265636121,9680,320,146,32063,0.032,0.00453289453258406,DecisionTree(d=5),48,0.4,168834,42209,"bytes_total,bytes_src,byte_asymmetry,payload_mean_src,byte_rate,pkt_asymmetry,payload_mean_dst,bytes_dst,flow_rate,pkts_src",0.0,0.0,ton->ton,3,cat,50.0,0.7630808960280512,0.7630837025278969
0.9966594802056433,0.9956391583097892,0.9980431136236566,0.9975783166195784,0.997810660994053,0.9907664241900885,0.9997750582135428,0.9999184198536971,9937,63,78,32131,0.0063,0.0024216833804216213,LightGBM,48,2.3,168834,42209,"bytes_total,bytes_src,byte_asymmetry,payload_mean_src,byte_rate,pkt_asymmetry,payload_mean_dst,bytes_dst,flow_rate,pkts_src",0.0,0.0,ton->ton,3,cat,50.0,0.7630808960280512,0.7630837025278969
0.9961145727214575,0.9939375360923965,0.9968371112282551,0.9980750721847931,0.9974557075925409,0.9892426952325638,0.9997485857990004,0.9999108569370835,9898,102,62,32147,0.0102,0.0019249278152069298,XGBoost,48,2.5,168834,42209,"bytes_total,bytes_src,byte_asymmetry,payload_mean_src,byte_rate,pkt_asymmetry,payload_mean_dst,bytes_dst,flow_rate,pkts_src",0.0,0.0,ton->ton,3,cat,50.0,0.7630808960280512,0.7630837025278969
0.9909497974365656,0.9850026902418578,0.9918709238710475,0.9963053804837158,0.9940832068399368,0.9748889271141461,0.9980210298363811,0.9993191777813522,9737,263,119,32090,0.0263,0.0036946195162842685,MLP(16),48,9.3,168834,42209,"bytes_total,bytes_src,byte_asymmetry,payload_mean_src,byte_rate,pkt_asymmetry,payload_mean_dst,bytes_dst,flow_rate,pkts_src",0.0,0.0,ton->ton,3,cat,50.0,0.7630808960280512,0.7630837025278969
0.9673521607278242,0.9698853949329359,0.9919262190451876,0.9650707898658718,0.9783142389525368,0.913749852189481,0.9928074593268754,0.9973041141346104,9747,253,1125,31083,0.0253,0.03492921013412817,"KAN(cat,1L)",48,7.6,168835,42208,"bytes_total,bytes_src,payload_mean_src,byte_asymmetry,byte_rate,pkt_asymmetry,payload_mean_dst,bytes_dst,flow_rate,pkts_total",0.0,0.0,ton->ton,4,cat,50.0,0.7630822992862855,0.7630780894617134
0.9934135708870356,0.9933744162940884,0.9979104291417166,0.9934488325881768,0.9956746328105551,0.9819175669828246,0.9997087555886736,0.9999078897809718,9933,67,211,31997,0.0067,0.0065511674118231495,"KAN(cat,ML)",48,132.9,168835,42208,"bytes_total,bytes_src,payload_mean_src,byte_asymmetry,byte_rate,pkt_asymmetry,payload_mean_dst,bytes_dst,flow_rate,pkts_total",0.0,0.0,ton->ton,4,cat,50.0,0.7630822992862855,0.7630780894617134
0.9863769901440486,0.983971609538003,0.9935715400218443,0.988543219076006,0.9910510015096571,0.9625884797661054,0.9913692591902633,0.9947568646452692,9794,206,369,31839,0.0206,0.011456780923994039,DecisionTree(d=5),48,0.4,168835,42208,"bytes_total,bytes_src,payload_mean_src,byte_asymmetry,byte_rate,pkt_asymmetry,payload_mean_dst,bytes_dst,flow_rate,pkts_total",0.0,0.0,ton->ton,4,cat,50.0,0.7630822992862855,0.7630780894617134
0.9968726307808946,0.9967096870342771,0.9988801791713325,0.9970193740685543,0.997948909192616,0.9913763039576303,0.99994565325385,0.9999831221571533,9964,36,96,32112,0.0036,0.0029806259314456036,LightGBM,48,2.3,168835,42208,"bytes_total,bytes_src,payload_mean_src,byte_asymmetry,byte_rate,pkt_asymmetry,payload_mean_dst,bytes_dst,flow_rate,pkts_total",0.0,0.0,ton->ton,4,cat,50.0,0.7630822992862855,0.7630780894617134
0.9968963229719484,0.9958633134624938,0.9981055312276779,0.9978266269249876,0.9979660595897961,0.9914191785873616,0.9999286341902631,0.9999778716951182,9939,61,70,32138,0.0061,0.002173373075012419,XGBoost,48,2.6,168835,42208,"bytes_total,bytes_src,payload_mean_src,byte_asymmetry,byte_rate,pkt_asymmetry,payload_mean_dst,bytes_dst,flow_rate,pkts_total",0.0,0.0,ton->ton,4,cat,50.0,0.7630822992862855,0.7630780894617134
0.9925606520090978,0.9892645305514158,0.9947260656449711,0.9955290611028316,0.9951274013841904,0.9794083994738456,0.998683052347243,0.9995544058832813,9830,170,144,32064,0.017,0.004470938897168405,MLP(16),48,14.1,168835,42208,"bytes_total,bytes_src,payload_mean_src,byte_asymmetry,byte_rate,pkt_asymmetry,payload_mean_dst,bytes_dst,flow_rate,pkts_total",0.0,0.0,ton->ton,4,cat,50.0,0.7630822992862855,0.7630780894617134
0.9698872251705838,0.9698916294088424,0.9904562605028695,0.969883258817685,0.9800618068301253,0.9194407880534526,0.9931263117858916,0.9975151105863183,9699,301,970,31238,0.0301,0.030116741182314954,"KAN(cat,1L)",48,7.8,168835,42208,"bytes_total,bytes_src,byte_asymmetry,payload_mean_src,byte_rate,pkt_asymmetry,payload_mean_dst,bytes_dst,flow_rate,pkts_total",0.0,0.0,ton->ton,5,cat,50.0,0.7630822992862855,0.7630780894617134
0.9935320318423048,0.9929693740685543,0.99747639966352,0.9940387481371088,0.995754606951248,0.982205897619817,0.9994429970814704,0.999782357080436,9919,81,192,32016,0.0081,0.005961251862891207,"KAN(cat,ML)",48,133.2,168835,42208,"bytes_total,bytes_src,byte_asymmetry,payload_mean_src,byte_rate,pkt_asymmetry,payload_mean_dst,bytes_dst,flow_rate,pkts_total",0.0,0.0,ton->ton,5,cat,50.0,0.7630822992862855,0.7630780894617134
0.9886277482941622,0.9816540486835569,0.9902348578491965,0.9949080973671137,0.9925659769545285,0.9684312904160504,0.9910124518753104,0.9945331483810156,9684,316,164,32044,0.0316,0.00509190263288624,DecisionTree(d=5),48,0.4,168835,42208,"bytes_total,bytes_src,byte_asymmetry,payload_mean_src,byte_rate,pkt_asymmetry,payload_mean_dst,bytes_dst,flow_rate,pkts_total",0.0,0.0,ton->ton,5,cat,50.0,0.7630822992862855,0.7630780894617134
0.9968489385898408,0.9963149279682066,0.9985389660853616,0.9973298559364133,0.9979340447675412,0.991300225339931,0.9997831113387978,0.9999188663374576,9953,47,86,32122,0.0047,0.0026701440635866864,LightGBM,48,2.4,168835,42208,"bytes_total,bytes_src,byte_asymmetry,payload_mean_src,byte_rate,pkt_asymmetry,payload_mean_dst,bytes_dst,flow_rate,pkts_total",0.0,0.0,ton->ton,5,cat,50.0,0.7630822992862855,0.7630780894617134
0.9963750947687642,0.9946598857426726,0.997331430167251,0.9979197714853453,0.9976255140839606,0.989969010678792,0.9997641688400398,0.9999067566722867,9914,86,67,32141,0.0086,0.002080228514654744,XGBoost,48,2.7,168835,42208,"bytes_total,bytes_src,byte_asymmetry,payload_mean_src,byte_rate,pkt_asymmetry,payload_mean_dst,bytes_dst,flow_rate,pkts_total",0.0,0.0,ton->ton,5,cat,50.0,0.7630822992862855,0.7630780894617134
0.9920157316148598,0.9872871087928465,0.9932827735644637,0.996274217585693,0.9947762466479624,0.9778641724122846,0.9978249456656731,0.9992577575648984,9783,217,120,32088,0.0217,0.0037257824143070045,MLP(16),48,7.9,168835,42208,"bytes_total,bytes_src,byte_asymmetry,payload_mean_src,byte_rate,pkt_asymmetry,payload_mean_dst,bytes_dst,flow_rate,pkts_total",0.0,0.0,ton->ton,5,cat,50.0,0.7630822992862855,0.7630780894617134
0.970267004667251,0.9713126719239964,0.9915205792682927,0.9693253438479928,0.980297345243889,0.9207411358910941,0.9935551103728771,0.9976637634760229,9733,267,988,31221,0.0267,0.030674656152007203,"KAN(cat,1L)",49,7.7,168834,42209,"bytes_total,bytes_src,byte_asymmetry,payload_mean_src,byte_rate,pkt_asymmetry,payload_mean_dst,bytes_dst,flow_rate,pkts_total",0.0,0.0,ton->ton,1,cat,50.0,0.7630808960280512,0.7630837025278969
0.9927977445568481,0.9925571874320842,0.997536100801547,0.9930143748641684,0.9952701020662186,0.9802249906344453,0.9995458877953367,0.9998496025389513,9921,79,225,31984,0.0079,0.0069856251358316,"KAN(cat,ML)",49,133.3,168834,42209,"bytes_total,bytes_src,byte_asymmetry,payload_mean_src,byte_rate,pkt_asymmetry,payload_mean_dst,bytes_dst,flow_rate,pkts_total",0.0,0.0,ton->ton,1,cat,50.0,0.7630808960280512,0.7630837025278969
0.9869696036390343,0.98508388183427,0.9942239845140342,0.9886677636685398,0.991438089604284,0.9642505204305274,0.9920333648980099,0.9951656014933916,9815,185,365,31844,0.0185,0.011332236331460152,DecisionTree(d=5),49,0.4,168834,42209,"bytes_total,bytes_src,byte_asymmetry,payload_mean_src,byte_rate,pkt_asymmetry,payload_mean_dst,bytes_dst,flow_rate,pkts_total",0.0,0.0,ton->ton,1,cat,50.0,0.7630808960280512,0.7630837025278969
0.9960434978322159,0.995856119407619,0.9985995269513258,0.996212238815238,0.9974044543914455,0.9890990510687461,0.9999218556925084,0.9999751131739408,9955,45,122,32087,0.0045,0.003787761184762023,LightGBM,49,2.5,168834,42209,"bytes_total,bytes_src,byte_asymmetry,payload_mean_src,byte_rate,pkt_asymmetry,payload_mean_dst,bytes_dst,flow_rate,pkts_total",0.0,0.0,ton->ton,1,cat,50.0,0.7630808960280512,0.7630837025278969
0.9961619559809519,0.9948304930298985,0.9976087699139778,0.997360986059797,0.9974848625989753,0.9893882376846377,0.9998946257257287,0.9999661679834948,9923,77,85,32124,0.0077,0.002639013940203049,XGBoost,49,2.1,168834,42209,"bytes_total,bytes_src,byte_asymmetry,payload_mean_src,byte_rate,pkt_asymmetry,payload_mean_dst,bytes_dst,flow_rate,pkts_total",0.0,0.0,ton->ton,1,cat,50.0,0.7630808960280512,0.7630837025278969
0.991210405363785,0.986449076345121,0.9930009290802105,0.9954981526902419,0.9942479728367881,0.9756364826613051,0.9981775544102581,0.9993962915604687,9774,226,145,32064,0.0226,0.0045018473097581425,MLP(16),49,8.7,168834,42209,"bytes_total,bytes_src,byte_asymmetry,payload_mean_src,byte_rate,pkt_asymmetry,payload_mean_dst,bytes_dst,flow_rate,pkts_total",0.0,0.0,ton->ton,1,cat,50.0,0.7630808960280512,0.7630837025278969
0.9685848989551992,0.9696933496848708,0.9910325309250485,0.9675866993697414,0.9791692849063718,0.9164249896422785,0.9929923841162409,0.9973537564753111,9718,282,1044,31165,0.0282,0.03241330063025862,"KAN(cat,1L)",49,7.6,168834,42209,"bytes_total,bytes_src,payload_mean_src,byte_asymmetry,byte_rate,pkt_asymmetry,bytes_dst,payload_mean_dst,flow_rate,pkts_total",0.0,0.0,ton->ton,2,cat,50.0,0.7630808960280512,0.7630837025278969
0.9934137269302755,0.993615852711975,0.998127983526255,0.9932317054239498,0.9956738250855898,0.9819351777083372,0.9996393244124314,0.9998838866517611,9940,60,218,31991,0.006,0.006768294576050172,"KAN(cat,ML)",49,131.4,168834,42209,"bytes_total,bytes_src,payload_mean_src,byte_asymmetry,byte_rate,pkt_asymmetry,bytes_dst,payload_mean_dst,flow_rate,pkts_total",0.0,0.0,ton->ton,2,cat,50.0,0.7630808960280512,0.7630837025278969
0.9889597005378,0.9822162221739266,0.9905424200278165,0.9950324443478531,0.9927823554922248,0.9693563322430702,0.9914022291905988,0.9947661771048072,9694,306,160,32049,0.0306,0.004967555652146916,DecisionTree(d=5),49,0.4,168834,42209,"bytes_total,bytes_src,payload_mean_src,byte_asymmetry,byte_rate,pkt_asymmetry,bytes_dst,payload_mean_dst,flow_rate,pkts_total",0.0,0.0,ton->ton,2,cat,50.0,0.7630808960280512,0.7630837025278969
0.9973228458385652,0.9969702055326151,0.9988498601181225,0.9976404110652303,0.9982447692570559,0.9926090062954086,0.9999252584681299,0.9999757647149456,9963,37,76,32133,0.0037,0.0023595889347697847,LightGBM,49,2.3,168834,42209,"bytes_total,bytes_src,payload_mean_src,byte_asymmetry,byte_rate,pkt_asymmetry,bytes_dst,payload_mean_dst,flow_rate,pkts_total",0.0,0.0,ton->ton,2,cat,50.0,0.7630808960280512,0.7630837025278969
0.996067189461963,0.9936306777608743,0.9965905216501875,0.9982613555217486,0.9974252388633825,0.9891090075613788,0.9998987845012264,0.999967299736424,9890,110,56,32153,0.011,0.0017386444782514204,XGBoost,49,2.6,168834,42209,"bytes_total,bytes_src,payload_mean_src,byte_asymmetry,byte_rate,pkt_asymmetry,bytes_dst,payload_mean_dst,flow_rate,pkts_total",0.0,0.0,ton->ton,2,cat,50.0,0.7630808960280512,0.7630837025278969
0.993010969224573,0.9887321152472912,0.9939941799269395,0.9968642304945823,0.9954271364573484,0.9806266834921655,0.9989558166971965,0.9996395649730502,9806,194,101,32108,0.0194,0.0031357695054177403,MLP(16),49,11.8,168834,42209,"bytes_total,bytes_src,payload_mean_src,byte_asymmetry,byte_rate,pkt_asymmetry,bytes_dst,payload_mean_dst,flow_rate,pkts_total",0.0,0.0,ton->ton,2,cat,50.0,0.7630808960280512,0.7630837025278969
0.9691534980691322,0.9684455260951907,0.9895770632029146,0.9697910521903815,0.9795841565528272,0.9173232100787545,0.9922349343351238,0.997147757704972,9671,329,973,31236,0.0329,0.03020894780961843,"KAN(cat,1L)",49,7.7,168834,42209,"bytes_total,bytes_src,payload_mean_src,byte_asymmetry,byte_rate,pkt_asymmetry,bytes_dst,payload_mean_dst,flow_rate,pkts_total",0.0,0.0,ton->ton,3,cat,50.0,0.7630808960280512,0.7630837025278969
0.9937691013764837,0.9935728957744729,0.9978804313945515,0.9939457915489459,0.9959092252414802,0.9828761500053169,0.9996450433108758,0.9998830779845651,9932,68,195,32014,0.0068,0.006054208451054054,"KAN(cat,ML)",49,133.3,168834,42209,"bytes_total,bytes_src,payload_mean_src,byte_asymmetry,byte_rate,pkt_asymmetry,bytes_dst,payload_mean_dst,flow_rate,pkts_total",0.0,0.0,ton->ton,3,cat,50.0,0.7630808960280512,0.7630837025278969
0.986590537563079,0.9793537582663231,0.9893600569113234,0.9931075165326462,0.9912302448094206,0.9627880104027501,0.9897706091465119,0.9937490447710622,9656,344,222,31987,0.0344,0.006892483467353845,DecisionTree(d=5),49,0.4,168834,42209,"bytes_total,bytes_src,payload_mean_src,byte_asymmetry,byte_rate,pkt_asymmetry,bytes_dst,payload_mean_dst,flow_rate,pkts_total",0.0,0.0,ton->ton,3,cat,50.0,0.7630808960280512,0.7630837025278969
0.9968727048733682,0.996744209692943,0.9989112514387034,0.9969884193858859,0.997948909192616,0.9913774774860734,0.99990428451675,0.999970209587024,9965,35,97,32112,0.0035,0.0030115806141140676,LightGBM,49,1.8,168834,42209,"bytes_total,bytes_src,payload_mean_src,byte_asymmetry,byte_rate,pkt_asymmetry,bytes_dst,payload_mean_dst,flow_rate,pkts_total",0.0,0.0,ton->ton,3,cat,50.0,0.7630808960280512,0.7630837025278969
0.9963277973891824,0.9948357291440281,0.9975166076860992,0.9976714582880561,0.9975940269779426,0.9898421423305664,0.9998693734670434,0.999959330409776,9920,80,75,32134,0.008,0.0023285417119438667,XGBoost,49,1.4,168834,42209,"bytes_total,bytes_src,payload_mean_src,byte_asymmetry,byte_rate,pkt_asymmetry,bytes_dst,payload_mean_dst,flow_rate,pkts_total",0.0,0.0,ton->ton,3,cat,50.0,0.7630808960280512,0.7630837025278969
0.9899310573574356,0.9834387888478375,0.9910697731907793,0.9957775776956751,0.9934180979077295,0.9720541613946083,0.9981188456642555,0.9993698561243963,9711,289,136,32073,0.0289,0.004222422304324878,MLP(16),49,7.7,168834,42209,"bytes_total,bytes_src,payload_mean_src,byte_asymmetry,byte_rate,pkt_asymmetry,bytes_dst,payload_mean_dst,flow_rate,pkts_total",0.0,0.0,ton->ton,3,cat,50.0,0.7630808960280512,0.7630837025278969
0.9696976876421531,0.9708361897665176,0.9914201277447647,0.9686723795330353,0.9799142547544639,0.9193022404788521,0.9934172395057129,0.9976401551982728,9730,270,1009,31199,0.027,0.03132762046696473,"KAN(cat,1L)",49,7.4,168835,42208,"bytes_total,bytes_src,payload_mean_src,byte_asymmetry,byte_rate,pkt_asymmetry,bytes_dst,payload_mean_dst,flow_rate,pkts_total",0.0,0.0,ton->ton,4,cat,50.0,0.7630822992862855,0.7630780894617134
0.9926317285822593,0.9925518380526577,0.9976286311585385,0.9927036761053154,0.9951600603825265,0.9797857003476651,0.9995766703924489,0.9998583263910855,9924,76,235,31973,0.0076,0.007296323894684551,"KAN(cat,ML)",49,131.5,168835,42208,"bytes_total,bytes_src,payload_mean_src,byte_asymmetry,byte_rate,pkt_asymmetry,bytes_dst,payload_mean_dst,flow_rate,pkts_total",0.0,0.0,ton->ton,4,cat,50.0,0.7630822992862855,0.7630780894617134
0.9859979150871873,0.9843093144560358,0.9940928270042194,0.9875186289120715,0.9907948226718377,0.9616498604237795,0.9917450509190263,0.9949882610489873,9811,189,402,31806,0.0189,0.012481371087928465,DecisionTree(d=5),49,0.4,168835,42208,"bytes_total,bytes_src,payload_mean_src,byte_asymmetry,byte_rate,pkt_asymmetry,bytes_dst,payload_mean_dst,flow_rate,pkts_total",0.0,0.0,ton->ton,4,cat,50.0,0.7630822992862855,0.7630780894617134
0.9964698635329795,0.9960320665673125,0.9985072306017727,0.996864133134625,0.9976850053602225,0.9902606665067166,0.9999009624937902,0.9999669936929105,9952,48,101,32107,0.0048,0.003135866865375062,LightGBM,49,1.8,168835,42208,"bytes_total,bytes_src,payload_mean_src,byte_asymmetry,byte_rate,pkt_asymmetry,bytes_dst,payload_mean_dst,flow_rate,pkts_total",0.0,0.0,ton->ton,4,cat,50.0,0.7630822992862855,0.7630780894617134
0.9959249431387415,0.9941925484351715,0.9971754919610156,0.9974850968703428,0.9973302703877317,0.9887261815086886,0.9998522432314952,0.9999511487857211,9909,91,81,32127,0.0091,0.002514903129657228,XGBoost,49,1.4,168835,42208,"bytes_total,bytes_src,payload_mean_src,byte_asymmetry,byte_rate,pkt_asymmetry,bytes_dst,payload_mean_dst,flow_rate,pkts_total",0.0,0.0,ton->ton,4,cat,50.0,0.7630822992862855,0.7630780894617134
0.9919920394238059,0.9881679582712369,0.9940778866426888,0.9954359165424739,0.994756438101148,0.9778232857240986,0.9986672550298062,0.9995328610050895,9809,191,147,32061,0.0191,0.00456408345752608,MLP(16),49,12.5,168835,42208,"bytes_total,bytes_src,payload_mean_src,byte_asymmetry,byte_rate,pkt_asymmetry,bytes_dst,payload_mean_dst,flow_rate,pkts_total",0.0,0.0,ton->ton,4,cat,50.0,0.7630822992862855,0.7630780894617134
0.971521986353298,0.9722384003974168,0.9916280839728547,0.9708768007948336,0.9811427316369113,0.923889524073683,0.9932869411326378,0.9974647464526812,9736,264,938,31270,0.0264,0.029123199205166417,"KAN(cat,1L)",49,6.5,168835,42208,"bytes_total,byte_asymmetry,bytes_src,payload_mean_src,byte_rate,pkt_asymmetry,payload_mean_dst,bytes_dst,flow_rate,pkts_total",0.0,0.0,ton->ton,5,cat,50.0,0.7630822992862855,0.7630780894617134
0.9938874147081123,0.9933746150024838,0.9976325462588,0.9943492300049677,0.995988182242264,0.9831798807106611,0.9996109755340288,0.9998631686243206,9924,76,182,32026,0.0076,0.00565076999503229,"KAN(cat,ML)",49,128.7,168835,42208,"bytes_total,byte_asymmetry,bytes_src,payload_mean_src,byte_rate,pkt_asymmetry,payload_mean_dst,bytes_dst,flow_rate,pkts_total",0.0,0.0,ton->ton,5,cat,50.0,0.7630822992862855,0.7630780894617134
0.9892674374526156,0.9829350968703428,0.9910010205028296,0.9949701937406855,0.9929816407157797,0.9702199570802208,0.9913635866865376,0.9947329441119954,9709,291,162,32046,0.0291,0.005029806259314456,DecisionTree(d=5),49,0.4,168835,42208,"bytes_total,byte_asymmetry,bytes_src,payload_mean_src,byte_rate,pkt_asymmetry,payload_mean_dst,bytes_dst,flow_rate,pkts_total",0.0,0.0,ton->ton,5,cat,50.0,0.7630822992862855,0.7630780894617134
0.9967778620166793,0.9958891207153502,0.9981980862433205,0.9975782414307004,0.9978880675818373,0.9910957134149961,0.9998594013909587,0.9999509156898064,9942,58,78,32130,0.0058,0.002421758569299553,LightGBM,49,1.8,168835,42208,"bytes_total,byte_asymmetry,bytes_src,payload_mean_src,byte_rate,pkt_asymmetry,payload_mean_dst,bytes_dst,flow_rate,pkts_total",0.0,0.0,ton->ton,5,cat,50.0,0.7630822992862855,0.7630780894617134
0.9965883244882486,0.9948685543964233,0.9973938942665674,0.9981371087928465,0.9977653631284916,0.9905579438297902,0.999805947280179,0.999930151599826,9916,84,60,32148,0.0084,0.0018628912071535022,XGBoost,49,1.4,168835,42208,"bytes_total,byte_asymmetry,bytes_src,payload_mean_src,byte_rate,pkt_asymmetry,payload_mean_dst,bytes_dst,flow_rate,pkts_total",0.0,0.0,ton->ton,5,cat,50.0,0.7630822992862855,0.7630780894617134
0.9928686504927976,0.9892250124192747,0.9945134992715663,0.9961500248385494,0.9953310893607781,0.980247076708312,0.998685413561848,0.9995641597673178,9823,177,124,32084,0.0177,0.0038499751614505715,MLP(16),49,10.3,168835,42208,"bytes_total,byte_asymmetry,bytes_src,payload_mean_src,byte_rate,pkt_asymmetry,payload_mean_dst,bytes_dst,flow_rate,pkts_total",0.0,0.0,ton->ton,5,cat,50.0,0.7630822992862855,0.7630780894617134
0.9704565377052288,0.9710576205408425,0.9911796433783869,0.9699152410816853,0.9804321559150753,0.9210944383108537,0.9929893088888199,0.9973848955599021,9722,278,969,31240,0.0278,0.030084758918314757,"KAN(cat,1L)",50,6.6,168834,42209,"bytes_total,bytes_src,payload_mean_src,byte_asymmetry,byte_rate,pkt_asymmetry,bytes_dst,payload_mean_dst,flow_rate,pkts_total",0.0,0.0,ton->ton,1,cat,50.0,0.7630808960280512,0.7630837025278969
0.9934374185600228,0.9931142304945824,0.9976622405086965,0.9937284609891646,0.995691465368403,0.9819627871195111,0.9995562234158156,0.999854759907173,9925,75,202,32007,0.0075,0.0062715390108354805,"KAN(cat,ML)",50,129.9,168834,42209,"bytes_total,bytes_src,payload_mean_src,byte_asymmetry,byte_rate,pkt_asymmetry,bytes_dst,payload_mean_dst,flow_rate,pkts_total",0.0,0.0,ton->ton,1,cat,50.0,0.7630808960280512,0.7630837025278969
0.9879646520884172,0.982184805489149,0.9910772376614927,0.993169610978298,0.9921223211239649,0.966645426848497,0.9916896969791051,0.9949423064296222,9712,288,220,31989,0.0288,0.006830389021702008,DecisionTree(d=5),50,0.4,168834,42209,"bytes_total,bytes_src,payload_mean_src,byte_asymmetry,byte_rate,pkt_asymmetry,bytes_dst,payload_mean_dst,flow_rate,pkts_total",0.0,0.0,ton->ton,1,cat,50.0,0.7630808960280512,0.7630837025278969
0.9969674713923571,0.9965994458070726,0.9987252432919814,0.9972988916141451,0.9980115578201703,0.9916307478716587,0.9998747477413146,0.9999602935655829,9959,41,87,32122,0.0041,0.002701108385854885,LightGBM,50,1.8,168834,42209,"bytes_total,bytes_src,payload_mean_src,byte_asymmetry,byte_rate,pkt_asymmetry,bytes_dst,payload_mean_dst,flow_rate,pkts_total",0.0,0.0,ton->ton,1,cat,50.0,0.7630808960280512,0.7630837025278969
0.9957355066455021,0.9944131624701171,0.9974837687552421,0.9969263249402341,0.9972049689440994,0.9882137510950647,0.9998431773727842,0.999949111029934,9919,81,99,32110,0.0081,0.003073675059765904,XGBoost,50,1.4,168834,42209,"bytes_total,bytes_src,payload_mean_src,byte_asymmetry,byte_rate,pkt_asymmetry,bytes_dst,payload_mean_dst,flow_rate,pkts_total",0.0,0.0,ton->ton,1,cat,50.0,0.7630808960280512,0.7630837025278969
0.9911393304745434,0.9862645999565338,0.9928781545130825,0.9955291999130678,0.9942019099590723,0.975436873392175,0.9980168291471327,0.999366018030945,9770,230,144,32065,0.023,0.004470800086932224,MLP(16),50,9.6,168834,42209,"bytes_total,bytes_src,payload_mean_src,byte_asymmetry,byte_rate,pkt_asymmetry,bytes_dst,payload_mean_dst,flow_rate,pkts_total",0.0,0.0,ton->ton,1,cat,50.0,0.7630808960280512,0.7630837025278969
0.9699353218507901,0.9715435344158465,0.9919231747646909,0.968487068831693,0.9800650360525943,0.9200630287812989,0.9937023828743519,0.9976919282855323,9746,254,1015,31194,0.0254,0.031512931168306994,"KAN(cat,1L)",50,6.8,168834,42209,"bytes_total,bytes_src,payload_mean_src,byte_asymmetry,byte_rate,pkt_asymmetry,payload_mean_dst,bytes_dst,flow_rate,pkts_total",0.0,0.0,ton->ton,2,cat,50.0,0.7630808960280512,0.7630837025278969
0.9935558767087588,0.9936745179918656,0.9980972581802302,0.9934490359837312,0.9957677226613556,0.9823162315801592,0.9997103558011736,0.9999065618569458,9939,61,211,31998,0.0061,0.006550964016268744,"KAN(cat,ML)",50,130.2,168834,42209,"bytes_total,bytes_src,payload_mean_src,byte_asymmetry,byte_rate,pkt_asymmetry,payload_mean_dst,bytes_dst,flow_rate,pkts_total",0.0,0.0,ton->ton,2,cat,50.0,0.7630808960280512,0.7630837025278969
0.9859034803004099,0.9842818901549256,0.9941231634885902,0.9873637803098513,0.9907319428651536,0.9614031163401047,0.9915387531435313,0.9948264753694,9812,188,407,31802,0.0188,0.012636219690148717,DecisionTree(d=5),50,0.4,168834,42209,"bytes_total,bytes_src,payload_mean_src,byte_asymmetry,byte_rate,pkt_asymmetry,payload_mean_dst,bytes_dst,flow_rate,pkts_total",0.0,0.0,ton->ton,2,cat,50.0,0.7630808960280512,0.7630837025278969
0.9969911630221043,0.9968218277500078,0.9989114207514307,0.9971436555000155,0.9980267553331986,0.9917017118842606,0.999939695426744,0.9999809535193599,9965,35,92,32117,0.0035,0.0028563444999844764,LightGBM,50,2.0,168834,42209,"bytes_total,bytes_src,payload_mean_src,byte_asymmetry,byte_rate,pkt_asymmetry,payload_mean_dst,bytes_dst,flow_rate,pkts_total",0.0,0.0,ton->ton,2,cat,50.0,0.7630808960280512,0.7630837025278969
0.9966120969461489,0.9948841069266354,0.9973940559657505,0.9981682138532708,0.9977809847462098,0.9906233719981704,0.999923841162408,0.999975886121839,9916,84,59,32150,0.0084,0.001831786146729175,XGBoost,50,1.8,168834,42209,"bytes_total,bytes_src,payload_mean_src,byte_asymmetry,byte_rate,pkt_asymmetry,payload_mean_dst,bytes_dst,flow_rate,pkts_total",0.0,0.0,ton->ton,2,cat,50.0,0.7630808960280512,0.7630837025278969
0.9922528370726622,0.9875458319103356,0.9933766635716497,0.9964916638206712,0.9949317255382135,0.9785204878799763,0.9987636949299885,0.9995916338640103,9786,214,113,32096,0.0214,0.0035083361793287592,MLP(16),50,7.8,168834,42209,"bytes_total,bytes_src,payload_mean_src,byte_asymmetry,byte_rate,pkt_asymmetry,payload_mean_dst,bytes_dst,flow_rate,pkts_total",0.0,0.0,ton->ton,2,cat,50.0,0.7630808960280512,0.7630837025278969
0.9684427491767159,0.9683935344158465,0.9899400209450668,0.968487068831693,0.9790960451977401,0.9156871470082573,0.9924975488217579,0.9972631558332624,9683,317,1015,31194,0.0317,0.031512931168306994,"KAN(cat,1L)",50,6.6,168834,42209,"bytes_total,payload_mean_src,byte_asymmetry,bytes_src,byte_rate,pkt_asymmetry,bytes_dst,payload_mean_dst,flow_rate,pkts_total",0.0,0.0,ton->ton,3,cat,50.0,0.7630808960280512,0.7630837025278969
0.9927977445568481,0.9922813763233879,0.9972879453848312,0.9932627526467758,0.9952712792434046,0.9802049447738957,0.9995933776273712,0.9998689408597792,9913,87,217,31992,0.0087,0.006737247353224254,"KAN(cat,ML)",50,129.3,168834,42209,"bytes_total,payload_mean_src,byte_asymmetry,bytes_src,byte_rate,pkt_asymmetry,bytes_dst,payload_mean_dst,flow_rate,pkts_total",0.0,0.0,ton->ton,3,cat,50.0,0.7630808960280512,0.7630837025278969
0.9885332512023502,0.9814886041168618,0.990143064610821,0.9948772082337235,0.9925044911106982,0.9681671139131278,0.9904370238132199,0.9941803116293352,9681,319,165,32044,0.0319,0.0051227917662765065,DecisionTree(d=5),50,0.4,168834,42209,"bytes_total,payload_mean_src,byte_asymmetry,bytes_src,byte_rate,pkt_asymmetry,bytes_dst,payload_mean_dst,flow_rate,pkts_total",0.0,0.0,ton->ton,3,cat,50.0,0.7630808960280512,0.7630837025278969
0.9963041057594352,0.9958889735788133,0.9984759416503375,0.9966779471576267,0.9975761342448726,0.9898058347328375,0.999852977428669,0.9999499639635856,9951,49,107,32102,0.0049,0.0033220528423732495,LightGBM,50,1.8,168834,42209,"bytes_total,payload_mean_src,byte_asymmetry,bytes_src,byte_rate,pkt_asymmetry,bytes_dst,payload_mean_dst,flow_rate,pkts_total",0.0,0.0,ton->ton,3,cat,50.0,0.7630808960280512,0.7630837025278969
0.9959013480537326,0.9940736346983763,0.9970829195630586,0.9975472693967524,0.9973150404295935,0.9886590280598755,0.9998571889844454,0.999953240350949,9906,94,79,32130,0.0094,0.0024527306032475393,XGBoost,50,1.4,168834,42209,"bytes_total,payload_mean_src,byte_asymmetry,bytes_src,byte_rate,pkt_asymmetry,bytes_dst,payload_mean_dst,flow_rate,pkts_total",0.0,0.0,ton->ton,3,cat,50.0,0.7630808960280512,0.7630837025278969
0.9906654978795991,0.98612650967121,0.99302649930265,0.9947530193424198,0.9938890095232187,0.9741403410192203,0.998406152007203,0.999442410217894,9775,225,169,32040,0.0225,0.00524698065758018,MLP(16),50,11.6,168834,42209,"bytes_total,payload_mean_src,byte_asymmetry,bytes_src,byte_rate,pkt_asymmetry,bytes_dst,payload_mean_dst,flow_rate,pkts_total",0.0,0.0,ton->ton,3,cat,50.0,0.7630808960280512,0.7630837025278969
0.968205079605762,0.9684446597118728,0.9901232215447154,0.9679893194237457,0.9789311730720924,0.9151667560054447,0.992914494846001,0.9973537117927982,9689,311,1031,31177,0.0311,0.03201068057625435,"KAN(cat,1L)",50,7.1,168835,42208,"bytes_total,bytes_src,payload_mean_src,byte_asymmetry,byte_rate,pkt_asymmetry,bytes_dst,payload_mean_dst,flow_rate,pkts_total",0.0,0.0,ton->ton,4,cat,50.0,0.7630822992862855,0.7630780894617134
0.9936031084154663,0.9931193740685544,0.9975696391848944,0.9940387481371088,0.9958010637305216,0.9824049485552062,0.9995048947466468,0.9997809263393916,9922,78,192,32016,0.0078,0.005961251862891207,"KAN(cat,ML)",50,131.5,168835,42208,"bytes_total,bytes_src,payload_mean_src,byte_asymmetry,byte_rate,pkt_asymmetry,bytes_dst,payload_mean_dst,flow_rate,pkts_total",0.0,0.0,ton->ton,4,cat,50.0,0.7630822992862855,0.7630780894617134
0.9884619029567855,0.9814419523099851,0.9901418461633549,0.9947839046199702,0.9924574473028017,0.9679706545314157,0.9912773332712369,0.9946612641383572,9681,319,168,32040,0.0319,0.005216095380029807,DecisionTree(d=5),50,0.4,168835,42208,"bytes_total,bytes_src,payload_mean_src,byte_asymmetry,byte_rate,pkt_asymmetry,bytes_dst,payload_mean_dst,flow_rate,pkts_total",0.0,0.0,ton->ton,4,cat,50.0,0.7630822992862855,0.7630780894617134
0.9967778620166793,0.9960615002483855,0.9983529119274038,0.997423000496771,0.9978877395707141,0.9910998413907528,0.9998291123323396,0.9999361867531069,9947,53,83,32125,0.0053,0.0025769995032290114,LightGBM,50,1.8,168835,42208,"bytes_total,bytes_src,payload_mean_src,byte_asymmetry,byte_rate,pkt_asymmetry,bytes_dst,payload_mean_dst,flow_rate,pkts_total",0.0,0.0,ton->ton,4,cat,50.0,0.7630822992862855,0.7630780894617134
0.996256633813495,0.9943064580228516,0.9970841863639184,0.998012916045703,0.9975483350401887,0.9896383904629811,0.9997578256954793,0.9999080806427697,9906,94,64,32144,0.0094,0.001987083954297069,XGBoost,50,1.3,168835,42208,"bytes_total,bytes_src,payload_mean_src,byte_asymmetry,byte_rate,pkt_asymmetry,bytes_dst,payload_mean_dst,flow_rate,pkts_total",0.0,0.0,ton->ton,4,cat,50.0,0.7630822992862855,0.7630780894617134
0.9914708112206216,0.9865852955787382,0.9929725713578107,0.9958705911574764,0.9944194698496357,0.9763532737236748,0.9983815899776453,0.9994614812621755,9773,227,133,32075,0.0227,0.004129408842523596,MLP(16),50,7.7,168835,42208,"bytes_total,bytes_src,payload_mean_src,byte_asymmetry,byte_rate,pkt_asymmetry,bytes_dst,payload_mean_dst,flow_rate,pkts_total",0.0,0.0,ton->ton,4,cat,50.0,0.7630822992862855,0.7630780894617134
0.970550606520091,0.9712916294088425,0.9913363587318714,0.969883258817685,0.980492474772046,0.9213815467167166,0.9932820696721312,0.9975273408690863,9727,273,970,31238,0.0273,0.030116741182314954,"KAN(cat,1L)",50,6.6,168835,42208,"bytes_total,bytes_src,payload_mean_src,byte_asymmetry,byte_rate,pkt_asymmetry,bytes_dst,payload_mean_dst,flow_rate,pkts_total",0.0,0.0,ton->ton,5,cat,50.0,0.7630822992862855,0.7630780894617134
0.9936741849886277,0.9938554644808744,0.9981907227750569,0.9935109289617486,0.9958453279390026,0.982643273278513,0.9997672348484847,0.999927776601365,9942,58,209,31999,0.0058,0.006489071038251366,"KAN(cat,ML)",50,131.7,168835,42208,"bytes_total,bytes_src,payload_mean_src,byte_asymmetry,byte_rate,pkt_asymmetry,bytes_dst,payload_mean_dst,flow_rate,pkts_total",0.0,0.0,ton->ton,5,cat,50.0,0.7630822992862855,0.7630780894617134
0.987419446550417,0.9843788623944362,0.9933343715932098,0.9901577247888723,0.991743504423678,0.9653516510679816,0.9908233715226031,0.9944141331469992,9786,214,317,31891,0.0214,0.00984227521112767,DecisionTree(d=5),50,0.4,168835,42208,"bytes_total,bytes_src,payload_mean_src,byte_asymmetry,byte_rate,pkt_asymmetry,bytes_dst,payload_mean_dst,flow_rate,pkts_total",0.0,0.0,ton->ton,5,cat,50.0,0.7630822992862855,0.7630780894617134
0.9967778620166793,0.9965441629408842,0.9987869362363919,0.9969883258817686,0.997886820597284,0.9911136355755287,0.9999085522230502,0.9999704020326251,9961,39,97,32111,0.0039,0.003011674118231495,LightGBM,50,1.8,168835,42208,"bytes_total,bytes_src,payload_mean_src,byte_asymmetry,byte_rate,pkt_asymmetry,bytes_dst,payload_mean_dst,flow_rate,pkts_total",0.0,0.0,ton->ton,5,cat,50.0,0.7630822992862855,0.7630780894617134
0.9965883244882486,0.995316741182315,0.9977954418431348,0.9977334823646299,0.9977644611419878,0.9905651896039122,0.999881076130154,0.9999615538768192,9929,71,73,32135,0.0071,0.0022665176353700942,XGBoost,50,1.4,168835,42208,"bytes_total,bytes_src,payload_mean_src,byte_asymmetry,byte_rate,pkt_asymmetry,bytes_dst,payload_mean_dst,flow_rate,pkts_total",0.0,0.0,ton->ton,5,cat,50.0,0.7630822992862855,0.7630780894617134
0.9928686504927976,0.9895008196721311,0.9947588773453249,0.9959016393442623,0.9953299303368346,0.9802549454215889,0.999020072652757,0.9996817511409605,9831,169,132,32076,0.0169,0.004098360655737705,MLP(16),50,23.1,168835,42208,"bytes_total,bytes_src,payload_mean_src,byte_asymmetry,byte_rate,pkt_asymmetry,bytes_dst,payload_mean_dst,flow_rate,pkts_total",0.0,0.0,ton->ton,5,cat,50.0,0.7630822992862855,0.7630780894617134
0.9691771896988793,0.9698056288614983,0.9907901422764228,0.9686112577229967,0.97957517622494,0.9177970254865577,0.9931537272191002,0.9975382113104247,9710,290,1011,31198,0.029,0.03138874227700332,"KAN(cat,1L)",51,21.2,168834,42209,"bytes_total,bytes_src,payload_mean_src,byte_asymmetry,byte_rate,pkt_asymmetry,bytes_dst,payload_mean_dst,flow_rate,pkts_total",0.0,0.0,ton->ton,1,cat,50.0,0.7630808960280512,0.7630837025278969
0.994029709303703,0.9936057499456674,0.9977570792187159,0.9944114998913347,0.9960814803296533,0.983573748681622,0.9996740553882454,0.9998883653060312,9928,72,180,32029,0.0072,0.00558850010866528,"KAN(cat,ML)",51,131.9,168834,42209,"bytes_total,bytes_src,payload_mean_src,byte_asymmetry,byte_rate,pkt_asymmetry,bytes_dst,payload_mean_dst,flow_rate,pkts_total",0.0,0.0,ton->ton,1,cat,50.0,0.7630808960280512,0.7630837025278969
0.9886043260915919,0.9816386041168618,0.9902348578491965,0.9948772082337235,0.9925506047793833,0.9683661060482806,0.9905518861187866,0.9942403209352032,9684,316,165,32044,0.0316,0.0051227917662765065,DecisionTree(d=5),51,0.4,168834,42209,"bytes_total,bytes_src,payload_mean_src,byte_asymmetry,byte_rate,pkt_asymmetry,bytes_dst,payload_mean_dst,flow_rate,pkts_total",0.0,0.0,ton->ton,1,cat,50.0,0.7630808960280512,0.7630837025278969
0.9967068634651378,0.9960839221956597,0.9984147706079821,0.9972678443913192,0.9978409779282708,0.9909067259985296,0.9999176177465927,0.9999734134322903,9949,51,88,32121,0.0051,0.0027321556086808037,LightGBM,51,1.7,168834,42209,"bytes_total,bytes_src,payload_mean_src,byte_asymmetry,byte_rate,pkt_asymmetry,bytes_dst,payload_mean_dst,flow_rate,pkts_total",0.0,0.0,ton->ton,1,cat,50.0,0.7630808960280512,0.7630837025278969
0.996730555094885,0.9951685833152224,0.9975796692214602,0.9981371666304449,0.9978583400583525,0.990952816826747,0.9999012232605793,0.9999681452933268,9922,78,60,32149,0.0078,0.0018628333695550933,XGBoost,51,1.4,168834,42209,"bytes_total,bytes_src,payload_mean_src,byte_asymmetry,byte_rate,pkt_asymmetry,bytes_dst,payload_mean_dst,flow_rate,pkts_total",0.0,0.0,ton->ton,1,cat,50.0,0.7630808960280512,0.7630837025278969
0.9931531190030563,0.9883770638641374,0.9935980701428837,0.9974541277282747,0.9955223649350046,0.9810149070538504,0.9991219783290384,0.9997185887837198,9793,207,82,32127,0.0207,0.002545872271725294,MLP(16),51,12.6,168834,42209,"bytes_total,bytes_src,payload_mean_src,byte_asymmetry,byte_rate,pkt_asymmetry,bytes_dst,payload_mean_dst,flow_rate,pkts_total",0.0,0.0,ton->ton,1,cat,50.0,0.7630808960280512,0.7630837025278969
0.96789784169253,0.9687604955136764,0.9905870380970553,0.9671209910273526,0.9787133767967953,0.9145769376751104,0.992702977428669,0.9973201250638741,9704,296,1059,31150,0.0296,0.032879008972647394,"KAN(cat,1L)",51,7.4,168834,42209,"bytes_total,bytes_src,payload_mean_src,byte_asymmetry,byte_rate,pkt_asymmetry,bytes_dst,payload_mean_dst,flow_rate,pkts_total",0.0,0.0,ton->ton,2,cat,50.0,0.7630808960280512,0.7630837025278969
0.9935321850790115,0.9940727110434971,0.998470375226322,0.9930454220869943,0.995750509783167,0.9822831383206576,0.9996862600515384,0.9998992074983369,9951,49,224,31985,0.0049,0.0069545779130056815,"KAN(cat,ML)",51,130.4,168834,42209,"bytes_total,bytes_src,payload_mean_src,byte_asymmetry,byte_rate,pkt_asymmetry,bytes_dst,payload_mean_dst,flow_rate,pkts_total",0.0,0.0,ton->ton,2,cat,50.0,0.7630808960280512,0.7630837025278969
0.9860693217086404,0.9837699804402497,0.9935691318327974,0.9881399608804993,0.9908471093677034,0.9617676737036814,0.9911791828370953,0.9946266802845407,9794,206,382,31827,0.0206,0.011860039119500761,DecisionTree(d=5),51,0.4,168834,42209,"bytes_total,bytes_src,payload_mean_src,byte_asymmetry,byte_rate,pkt_asymmetry,bytes_dst,payload_mean_dst,flow_rate,pkts_total",0.0,0.0,ton->ton,2,cat,50.0,0.7630808960280512,0.7630837025278969
0.9965173304271601,0.9963734499674004,0.9987865588052272,0.9966468999348008,0.9977155822157299,0.9904009622216695,0.9999423251265174,0.9999816787172529,9961,39,108,32101,0.0039,0.003353100065199168,LightGBM,51,1.8,168834,42209,"bytes_total,bytes_src,payload_mean_src,byte_asymmetry,byte_rate,pkt_asymmetry,bytes_dst,payload_mean_dst,flow_rate,pkts_total",0.0,0.0,ton->ton,2,cat,50.0,0.7630808960280512,0.7630837025278969
0.9960434978322159,0.9953734499674004,0.9981654228855721,0.9966468999348008,0.997405583433019,0.9890810919721171,0.9999138470613803,0.9999726371163828,9941,59,108,32101,0.0059,0.003353100065199168,XGBoost,51,1.4,168834,42209,"bytes_total,bytes_src,payload_mean_src,byte_asymmetry,byte_rate,pkt_asymmetry,bytes_dst,payload_mean_dst,flow_rate,pkts_total",0.0,0.0,ton->ton,2,cat,50.0,0.7630808960280512,0.7630837025278969
0.9916842379587292,0.9878627930081654,0.993983749922471,0.9951255860163308,0.9945543402373749,0.976974715532397,0.9985676674221492,0.9995092943760989,9806,194,157,32052,0.0194,0.004874413983669161,MLP(16),51,13.9,168834,42209,"bytes_total,bytes_src,payload_mean_src,byte_asymmetry,byte_rate,pkt_asymmetry,bytes_dst,payload_mean_dst,flow_rate,pkts_total",0.0,0.0,ton->ton,2,cat,50.0,0.7630808960280512,0.7630837025278969
0.9704328460754815,0.971352384426713,0.9914600463506777,0.9696047688534261,0.98041062346958,0.921130592112007,0.9930782964388835,0.9974814580127342,9731,269,979,31230,0.0269,0.03039523114657394,"KAN(cat,1L)",51,6.7,168834,42209,"bytes_total,bytes_src,byte_asymmetry,payload_mean_src,byte_rate,pkt_asymmetry,bytes_dst,payload_mean_dst,flow_rate,pkts_total",0.0,0.0,ton->ton,3,cat,50.0,0.7630808960280512,0.7630837025278969
0.9943850837499112,0.9942867971684932,0.9981614210034279,0.9944735943369866,0.9963140950870154,0.9845640409937036,0.9995418066378963,0.999837106973795,9941,59,178,32031,0.0059,0.0055264056630134435,"KAN(cat,ML)",51,131.5,168834,42209,"bytes_total,bytes_src,byte_asymmetry,payload_mean_src,byte_rate,pkt_asymmetry,bytes_dst,payload_mean_dst,flow_rate,pkts_total",0.0,0.0,ton->ton,3,cat,50.0,0.7630808960280512,0.7630837025278969
0.988391101423867,0.9863945387935049,0.9945738609785761,0.9901890775870098,0.9923766258012322,0.9680913449780236,0.9926766447266292,0.9955567998631727,9826,174,316,31893,0.0174,0.009810922412990157,DecisionTree(d=5),51,0.4,168834,42209,"bytes_total,bytes_src,byte_asymmetry,payload_mean_src,byte_rate,pkt_asymmetry,bytes_dst,payload_mean_dst,flow_rate,pkts_total",0.0,0.0,ton->ton,3,cat,50.0,0.7630808960280512,0.7630837025278969
0.9972517709493236,0.9971304930298985,0.9990359197636448,0.997360986059797,0.9981977502951961,0.9924195744629369,0.9999385404700551,0.9999808997722264,9969,31,85,32124,0.0031,0.002639013940203049,LightGBM,51,1.8,168834,42209,"bytes_total,bytes_src,byte_asymmetry,payload_mean_src,byte_rate,pkt_asymmetry,bytes_dst,payload_mean_dst,flow_rate,pkts_total",0.0,0.0,ton->ton,3,cat,50.0,0.7630808960280512,0.7630837025278969
0.9964699471676657,0.9948254416467447,0.9974244398932539,0.9979508832934894,0.997687592147125,0.9902318715015586,0.9999152954143251,0.999973739255938,9917,83,66,32143,0.0083,0.0020491167065106028,XGBoost,51,1.4,168834,42209,"bytes_total,bytes_src,byte_asymmetry,payload_mean_src,byte_rate,pkt_asymmetry,bytes_dst,payload_mean_dst,flow_rate,pkts_total",0.0,0.0,ton->ton,3,cat,50.0,0.7630808960280512,0.7630837025278969
0.9934374185600228,0.9900458319103356,0.9949163050216987,0.9964916638206712,0.9957033613054336,0.981823491636325,0.9992374258747555,0.9997522236278636,9836,164,113,32096,0.0164,0.0035083361793287592,MLP(16),51,14.1,168834,42209,"bytes_total,bytes_src,byte_asymmetry,payload_mean_src,byte_rate,pkt_asymmetry,bytes_dst,payload_mean_dst,flow_rate,pkts_total",0.0,0.0,ton->ton,3,cat,50.0,0.7630808960280512,0.7630837025278969
0.9692475360121304,0.9698517138599105,0.9907907272149888,0.9687034277198212,0.9796225941159848,0.917972102669586,0.9927777834699453,0.9973114611008798,9710,290,1008,31200,0.029,0.03129657228017884,"KAN(cat,1L)",51,7.1,168835,42208,"bytes_total,bytes_src,byte_asymmetry,payload_mean_src,byte_rate,pkt_asymmetry,payload_mean_dst,bytes_dst,flow_rate,pkts_total",0.0,0.0,ton->ton,4,cat,50.0,0.7630822992862855,0.7630780894617134
0.9934846474601972,0.9929728017883755,0.9975072445704671,0.9939456035767511,0.9957232391409154,0.9820796951517777,0.9994922565822156,0.9998270261534256,9920,80,195,32013,0.008,0.006054396423248882,"KAN(cat,ML)",51,130.2,168835,42208,"bytes_total,bytes_src,byte_asymmetry,payload_mean_src,byte_rate,pkt_asymmetry,payload_mean_dst,bytes_dst,flow_rate,pkts_total",0.0,0.0,ton->ton,4,cat,50.0,0.7630822992862855,0.7630780894617134
0.9888409780136467,0.9820350968703427,0.9904496986555401,0.9949701937406855,0.992704799962827,0.9690263602337051,0.9908617191381023,0.9943748334981128,9691,309,162,32046,0.0309,0.005029806259314456,DecisionTree(d=5),51,0.4,168835,42208,"bytes_total,bytes_src,byte_asymmetry,payload_mean_src,byte_rate,pkt_asymmetry,payload_mean_dst,bytes_dst,flow_rate,pkts_total",0.0,0.0,ton->ton,4,cat,50.0,0.7630822992862855,0.7630780894617134
0.9966594010614102,0.9960183556880278,0.9983836374374436,0.9972367113760556,0.9978098448251759,0.9907757773520671,0.9997979523720814,0.9999283897917814,9948,52,89,32119,0.0052,0.0027632886239443615,LightGBM,51,1.8,168835,42208,"bytes_total,bytes_src,byte_asymmetry,payload_mean_src,byte_rate,pkt_asymmetry,payload_mean_dst,bytes_dst,flow_rate,pkts_total",0.0,0.0,ton->ton,4,cat,50.0,0.7630822992862855,0.7630780894617134
0.9960670962850644,0.9940443616492797,0.9969601091879149,0.9978887232985594,0.9974242001055147,0.9891136539779971,0.9998033563089915,0.9999357663432229,9902,98,68,32140,0.0098,0.002111276701440636,XGBoost,51,1.4,168835,42208,"bytes_total,bytes_src,byte_asymmetry,payload_mean_src,byte_rate,pkt_asymmetry,payload_mean_dst,bytes_dst,flow_rate,pkts_total",0.0,0.0,ton->ton,4,cat,50.0,0.7630822992862855,0.7630780894617134
0.9915892721758909,0.9871800546448087,0.993431855500821,0.9955601092896175,0.9944948437621152,0.9766935105993776,0.9987084652881273,0.9995817473116025,9788,212,143,32065,0.0212,0.004439890710382513,MLP(16),51,9.6,168835,42208,"bytes_total,bytes_src,byte_asymmetry,payload_mean_src,byte_rate,pkt_asymmetry,payload_mean_dst,bytes_dst,flow_rate,pkts_total",0.0,0.0,ton->ton,4,cat,50.0,0.7630822992862855,0.7630780894617134
0.9699819939347991,0.9706777198211625,0.9911113932891019,0.9693554396423248,0.9801126999325056,0.9198975106651219,0.9926699701937406,0.9972867109248982,9720,280,987,31221,0.028,0.030644560357675113,"KAN(cat,1L)",51,7.4,168835,42208,"bytes_total,bytes_src,payload_mean_src,byte_asymmetry,byte_rate,pkt_asymmetry,payload_mean_dst,bytes_dst,flow_rate,pkts_total",0.0,0.0,ton->ton,5,cat,50.0,0.7630822992862855,0.7630780894617134
0.9920631159969674,0.9912484103328365,0.9967891767199726,0.9927968206656731,0.9947889931090267,0.978181254973433,0.9994446892076504,0.9998053326569638,9897,103,232,31976,0.0103,0.007203179334326876,"KAN(cat,ML)",51,130.4,168835,42208,"bytes_total,bytes_src,payload_mean_src,byte_asymmetry,byte_rate,pkt_asymmetry,payload_mean_dst,bytes_dst,flow_rate,pkts_total",0.0,0.0,ton->ton,5,cat,50.0,0.7630822992862855,0.7630780894617134
0.9880117513267627,0.9814572776949826,0.9904090093434812,0.9939145553899652,0.9921586858825353,0.9667411706021066,0.9908842725409837,0.994466687153317,9690,310,196,32012,0.031,0.006085444610034774,DecisionTree(d=5),51,0.4,168835,42208,"bytes_total,bytes_src,payload_mean_src,byte_asymmetry,byte_rate,pkt_asymmetry,payload_mean_dst,bytes_dst,flow_rate,pkts_total",0.0,0.0,ton->ton,5,cat,50.0,0.7630822992862855,0.7630780894617134
0.9964224791508719,0.9958631147540984,0.998383134852772,0.9969262295081968,0.9976541502897357,0.9901265481818043,0.9997893396050672,0.9999241788468246,9948,52,99,32109,0.0052,0.0030737704918032786,LightGBM,51,1.8,168835,42208,"bytes_total,bytes_src,payload_mean_src,byte_asymmetry,byte_rate,pkt_asymmetry,payload_mean_dst,bytes_dst,flow_rate,pkts_total",0.0,0.0,ton->ton,5,cat,50.0,0.7630822992862855,0.7630780894617134
0.9961618650492797,0.9943822652757079,0.9972072239806368,0.9977645305514158,0.997485799422665,0.9893791945285266,0.9996997764530551,0.9998851091614044,9910,90,72,32136,0.009,0.0022354694485842027,XGBoost,51,1.4,168835,42208,"bytes_total,bytes_src,payload_mean_src,byte_asymmetry,byte_rate,pkt_asymmetry,payload_mean_dst,bytes_dst,flow_rate,pkts_total",0.0,0.0,ton->ton,5,cat,50.0,0.7630822992862855,0.7630780894617134
0.9910443517816527,0.9860990064580228,0.9927854842704978,0.9954980129160457,0.9941398983008806,0.9751728308624708,0.9980296541231992,0.9992944914388864,9767,233,145,32063,0.0233,0.004501987083954297,MLP(16),51,8.2,168835,42208,"bytes_total,bytes_src,payload_mean_src,byte_asymmetry,byte_rate,pkt_asymmetry,payload_mean_dst,bytes_dst,flow_rate,pkts_total",0.0,0.0,ton->ton,5,cat,50.0,0.7630822992862855,0.7630780894617134
