accuracy,balanced_accuracy,precision,recall,f1,mcc,roc_auc,pr_auc,tn,fp,fn,tp,fpr,fnr,model,seed,dst,fit_seconds,n_train,n_test,features,unseen_proto_h,unseen_state_h,ratio,variant,n_normal,n_attack,n_per_domain,n_joint,train_pool_ton_normal,train_pool_bot_normal,train_pool_ton_attack,train_pool_bot_attack,split
0.9383125536766665,0.943203855706912,0.9844542628047783,0.9339077114138239,0.9585150664197088,0.8430366747080463,0.9725770947335741,0.985439913250968,7620,380,1703,24064,0.0475,0.06609228858617612,"KAN(cat,1L)",42,ton,0.8,3672,33767,"bytes_src,payload_mean_src,bytes_total,byte_asymmetry,byte_rate,flow_rate,pkt_asymmetry,duration,pkts_total,pkts_src",0.0,0.0,5.0,cat,306,1530,1836,3672,32000,306,103067,2347547,validation
0.995595982036377,0.9583291333628436,0.9999897315660218,0.99560563514674,0.9977928676753731,0.1556063707250508,0.9965220993479253,0.9999995419227231,70,6,2579,584309,0.07894736842105263,0.004394364853259907,"KAN(cat,1L)",42,bot,11.1,3672,586964,"bytes_src,payload_mean_src,bytes_total,byte_asymmetry,byte_rate,flow_rate,pkt_asymmetry,duration,pkts_total,pkts_src",0.0,0.0,5.0,cat,306,1530,1836,3672,32000,306,103067,2347547,validation
0.9861106997956585,0.977194895602903,0.9877381044189095,0.9941397912058059,0.9909286087309723,0.9613994976874309,0.989216888364963,0.9927120284274012,7682,318,151,25616,0.03975,0.005860208794194124,"KAN(cat,ML)",42,ton,5.3,3672,33767,"bytes_src,payload_mean_src,bytes_total,byte_asymmetry,byte_rate,flow_rate,pkt_asymmetry,duration,pkts_total,pkts_src",0.0,0.0,5.0,cat,306,1530,1836,3672,32000,306,103067,2347547,validation
0.9965313034530227,0.9916873317171966,0.9999982901715642,0.9965325581712354,0.9982624161291479,0.18695559449379964,0.9996914815271846,0.9999999568994271,75,1,2035,584853,0.013157894736842105,0.0034674418287646024,"KAN(cat,ML)",42,bot,16.3,3672,586964,"bytes_src,payload_mean_src,bytes_total,byte_asymmetry,byte_rate,flow_rate,pkt_asymmetry,duration,pkts_total,pkts_src",0.0,0.0,5.0,cat,306,1530,1836,3672,32000,306,103067,2347547,validation
0.9646696478810673,0.9623702021966081,0.986690960944308,0.9667404043932162,0.9766138043243879,0.9052221749050636,0.9816849385842358,0.9902503797779112,7664,336,857,24910,0.042,0.03325959560678387,DecisionTree(d=5),42,ton,0.3,3672,33767,"bytes_src,payload_mean_src,bytes_total,byte_asymmetry,byte_rate,flow_rate,pkt_asymmetry,duration,pkts_total,pkts_src",0.0,0.0,5.0,cat,306,1530,1836,3672,32000,306,103067,2347547,validation
0.9923760230610396,0.9896094224738656,0.9999982830112548,0.9923767396845735,0.9961729337904718,0.12705446434380877,0.9923199616137642,0.9999980638258315,75,1,4474,582414,0.013157894736842105,0.007623260315426453,DecisionTree(d=5),42,bot,3.8,3672,586964,"bytes_src,payload_mean_src,bytes_total,byte_asymmetry,byte_rate,flow_rate,pkt_asymmetry,duration,pkts_total,pkts_src",0.0,0.0,5.0,cat,306,1530,1836,3672,32000,306,103067,2347547,validation
0.9875025912873515,0.9813821603213413,0.990630686437725,0.9930143206426825,0.9918210714008838,0.9653561463756508,0.9952372050490939,0.9979387688236875,7758,242,180,25587,0.03025,0.006985679357317499,LightGBM,42,ton,3.5,3672,33767,"bytes_src,payload_mean_src,bytes_total,byte_asymmetry,byte_rate,flow_rate,pkt_asymmetry,duration,pkts_total,pkts_src",0.0,0.0,5.0,cat,306,1530,1836,3672,32000,306,103067,2347547,validation
0.9964154530771904,0.9916293990281657,0.9999982899727422,0.9964166927931735,0.9982042786645432,0.18400296910214867,0.999810395994143,0.999999969294792,75,1,2103,584785,0.013157894736842105,0.0035833072068265155,LightGBM,42,bot,17.7,3672,586964,"bytes_src,payload_mean_src,bytes_total,byte_asymmetry,byte_rate,flow_rate,pkt_asymmetry,duration,pkts_total,pkts_src",0.0,0.0,5.0,cat,306,1530,1836,3672,32000,306,103067,2347547,validation
0.9832380726745047,0.9751402617689293,0.987541110466241,0.9905305235378585,0.9890335580872666,0.9535051942453991,0.9944126741568673,0.9974044620837869,7678,322,244,25523,0.04025,0.0094694764621415,XGBoost,42,ton,1.4,3672,33767,"bytes_src,payload_mean_src,bytes_total,byte_asymmetry,byte_rate,flow_rate,pkt_asymmetry,duration,pkts_total,pkts_src",0.0,0.0,5.0,cat,306,1530,1836,3672,32000,306,103067,2347547,validation
0.9941478523384739,0.9904954518355156,0.9999982860717622,0.9941487984078734,0.9970649630065715,0.14479515303458043,0.999664398443458,0.9999999503073549,75,1,3434,583454,0.013157894736842105,0.005851201592126607,XGBoost,42,bot,6.5,3672,586964,"bytes_src,payload_mean_src,bytes_total,byte_asymmetry,byte_rate,flow_rate,pkt_asymmetry,duration,pkts_total,pkts_src",0.0,0.0,5.0,cat,306,1530,1836,3672,32000,306,103067,2347547,validation
0.9521426244558296,0.9044731075600574,0.9451140845589591,0.9950712151201149,0.969449485783424,0.8654880040555957,0.9763999543990375,0.9890676519504348,6511,1489,127,25640,0.186125,0.004928784879885124,MLP(16),42,ton,0.8,3672,33767,"bytes_src,payload_mean_src,bytes_total,byte_asymmetry,byte_rate,flow_rate,pkt_asymmetry,duration,pkts_total,pkts_src",0.0,0.0,5.0,cat,306,1530,1836,3672,32000,306,103067,2347547,validation
0.9956504998602981,0.91888782330207,0.9999794646783912,0.9956703834462453,0.9978202718982417,0.1434063592400567,0.977209663513311,0.9999959091096106,64,12,2541,584347,0.15789473684210525,0.00432961655375472,MLP(16),42,bot,5.2,3672,586964,"bytes_src,payload_mean_src,bytes_total,byte_asymmetry,byte_rate,flow_rate,pkt_asymmetry,duration,pkts_total,pkts_src",0.0,0.0,5.0,cat,306,1530,1836,3672,32000,306,103067,2347547,validation
0.9377498741374715,0.9429644530795203,0.9845612023424383,0.9330539061590406,0.9581158091898139,0.841884483094715,0.9723389121744866,0.9840268170086078,7623,377,1725,24042,0.047125,0.06694609384095937,"KAN(cat,1L)",42,ton,1.1,6732,33767,"bytes_src,payload_mean_src,byte_asymmetry,bytes_total,byte_rate,flow_rate,duration,pkt_asymmetry,pkts_total,pkts_src",0.0,0.0,10.0,cat,306,3060,3366,6732,32000,306,103067,2347547,validation
0.9955925746723819,0.9583274294602251,0.9999897315308747,0.9956022273415029,0.997791156257551,0.15554735034948775,0.9976341200042472,0.999999686945813,70,6,2581,584307,0.07894736842105263,0.004397772658497022,"KAN(cat,1L)",42,bot,11.3,6732,586964,"bytes_src,payload_mean_src,byte_asymmetry,bytes_total,byte_rate,flow_rate,duration,pkt_asymmetry,pkts_total,pkts_src",0.0,0.0,10.0,cat,306,3060,3366,6732,32000,306,103067,2347547,validation
0.9853999466935174,0.9753070375868359,0.9864875269479519,0.9944890751736718,0.9904721411591906,0.9593971468584443,0.9944985422245507,0.9977457769981958,7649,351,142,25625,0.043875,0.005510924826328249,"KAN(cat,ML)",42,ton,9.8,6732,33767,"bytes_src,payload_mean_src,byte_asymmetry,bytes_total,byte_rate,flow_rate,duration,pkt_asymmetry,pkts_total,pkts_src",0.0,0.0,10.0,cat,306,3060,3366,6732,32000,306,103067,2347547,validation
0.9967630042046872,0.9918031970952585,0.9999982905690695,0.9967642889273592,0.9983786708172694,0.19331161941763508,0.9997506024640944,0.9999999645939734,75,1,1899,584989,0.013157894736842105,0.0032357110726407763,"KAN(cat,ML)",42,bot,20.8,6732,586964,"bytes_src,payload_mean_src,byte_asymmetry,bytes_total,byte_rate,flow_rate,duration,pkt_asymmetry,pkts_total,pkts_src",0.0,0.0,10.0,cat,306,3060,3366,6732,32000,306,103067,2347547,validation
0.9762193857908609,0.9604570477742849,0.9786777113054149,0.9904140955485699,0.9845109272225758,0.9336501057054503,0.9801435047735475,0.9892333262335831,7444,556,247,25520,0.0695,0.009585904451430123,DecisionTree(d=5),42,ton,0.3,6732,33767,"bytes_src,payload_mean_src,byte_asymmetry,bytes_total,byte_rate,flow_rate,duration,pkt_asymmetry,pkts_total,pkts_src",0.0,0.0,10.0,cat,306,3060,3366,6732,32000,306,103067,2347547,validation
0.9964631561731213,0.9719189674134902,0.9999931602886358,0.9964695137743488,0.9982282275106085,0.1780157141128586,0.989740073691098,0.9999973860442903,72,4,2072,584816,0.05263157894736842,0.0035304862256512314,DecisionTree(d=5),42,bot,3.8,6732,586964,"bytes_src,payload_mean_src,byte_asymmetry,bytes_total,byte_rate,flow_rate,duration,pkt_asymmetry,pkts_total,pkts_src",0.0,0.0,10.0,cat,306,3060,3366,6732,32000,306,103067,2347547,validation
0.9874729765747623,0.9771825081499592,0.9869725616785797,0.9967400162999185,0.9918322423680704,0.9651846049664362,0.9918764019870377,0.9937678730832855,7661,339,84,25683,0.042375,0.0032599837000814994,LightGBM,42,ton,3.8,6732,33767,"bytes_src,payload_mean_src,byte_asymmetry,bytes_total,byte_rate,flow_rate,duration,pkt_asymmetry,pkts_total,pkts_src",0.0,0.0,10.0,cat,306,3060,3366,6732,32000,306,103067,2347547,validation
0.9964989334950696,0.9916711446423203,0.9999982901160156,0.9965001840214828,0.9982461725168833,0.18611638958235882,0.9998165838510209,0.999999970079809,75,1,2054,584834,0.013157894736842105,0.003499815978517196,LightGBM,42,bot,18.1,6732,586964,"bytes_src,payload_mean_src,byte_asymmetry,bytes_total,byte_rate,flow_rate,duration,pkt_asymmetry,pkts_total,pkts_src",0.0,0.0,10.0,cat,306,3060,3366,6732,32000,306,103067,2347547,validation
0.98341576095004,0.9713781095975473,0.9841727171449426,0.9942562191950945,0.9891887717672497,0.9538337201625251,0.9940536611751466,0.9973894291932346,7588,412,148,25619,0.0515,0.0057437808049054994,XGBoost,42,ton,2.0,6732,33767,"bytes_src,payload_mean_src,byte_asymmetry,bytes_total,byte_rate,flow_rate,duration,pkt_asymmetry,pkts_total,pkts_src",0.0,0.0,10.0,cat,306,3060,3366,6732,32000,306,103067,2347547,validation
0.998558685030087,0.972966867523903,0.9999931746438018,0.9985653139951746,0.9992787342553485,0.2729635715901573,0.9997768896459397,0.9999999649514051,72,4,842,586046,0.05263157894736842,0.0014346860048254522,XGBoost,42,bot,7.9,6732,586964,"bytes_src,payload_mean_src,byte_asymmetry,bytes_total,byte_rate,flow_rate,duration,pkt_asymmetry,pkts_total,pkts_src",0.0,0.0,10.0,cat,306,3060,3366,6732,32000,306,103067,2347547,validation
0.9485000148073562,0.8999315670237125,0.9432229026783738,0.992238134047425,0.967109867039888,0.8546536837564734,0.9832665424768114,0.9920387506011652,6461,1539,200,25567,0.192375,0.007761865952574999,MLP(16),42,ton,1.7,6732,33767,"bytes_src,payload_mean_src,byte_asymmetry,bytes_total,byte_rate,flow_rate,duration,pkt_asymmetry,pkts_total,pkts_src",0.0,0.0,10.0,cat,306,3060,3366,6732,32000,306,103067,2347547,validation
0.9959486442098664,0.912458819364082,0.9999777601379556,0.9959702703071114,0.9979699920780178,0.14623961264959345,0.9684877895647981,0.9999927004118812,63,13,2365,584523,0.17105263157894737,0.004029729692888592,MLP(16),42,bot,6.7,6732,586964,"bytes_src,payload_mean_src,byte_asymmetry,bytes_total,byte_rate,flow_rate,duration,pkt_asymmetry,pkts_total,pkts_src",0.0,0.0,10.0,cat,306,3060,3366,6732,32000,306,103067,2347547,validation
0.935469541268102,0.9407807685217526,0.9838762615902191,0.9306865370435052,0.9565425500089747,0.8364962360083923,0.9789677106376372,0.9887410292508167,7607,393,1786,23981,0.049125,0.06931346295649474,"KAN(cat,1L)",42,ton,2.3,12852,33767,"bytes_src,payload_mean_src,byte_asymmetry,bytes_total,byte_rate,flow_rate,duration,pkt_asymmetry,pkts_total,bytes_dst",0.0,0.0,20.0,cat,306,6120,6426,12852,32000,306,103067,2347547,validation
0.9955602047144289,0.9583112423853488,0.9999897311969659,0.9955698531917504,0.997774897496717,0.15498996252372124,0.9973652396870846,0.999999652090593,70,6,2600,584288,0.07894736842105263,0.004430146808249615,"KAN(cat,1L)",42,bot,14.9,12852,586964,"bytes_src,payload_mean_src,byte_asymmetry,bytes_total,byte_rate,flow_rate,duration,pkt_asymmetry,pkts_total,bytes_dst",0.0,0.0,20.0,cat,306,6120,6426,12852,32000,306,103067,2347547,validation
0.9858441673823556,0.9755550122249388,0.9864578925095218,0.9951100244498777,0.9907650695517775,0.9606323544173712,0.9892272092210966,0.9937230414532776,7648,352,126,25641,0.044,0.004889975550122249,"KAN(cat,ML)",42,ton,25.8,12852,33767,"bytes_src,payload_mean_src,byte_asymmetry,bytes_total,byte_rate,flow_rate,duration,pkt_asymmetry,pkts_total,bytes_dst",0.0,0.0,20.0,cat,306,6120,6426,12852,32000,306,103067,2347547,validation
0.9965108592690523,0.9916771083014853,0.9999982901364813,0.9965121113398127,0.9982521570669011,0.186424260382621,0.9997525529841971,0.9999999648453727,75,1,2047,584841,0.013157894736842105,0.003487888660187293,"KAN(cat,ML)",42,bot,39.1,12852,586964,"bytes_src,payload_mean_src,byte_asymmetry,bytes_total,byte_rate,flow_rate,duration,pkt_asymmetry,pkts_total,bytes_dst",0.0,0.0,20.0,cat,306,6120,6426,12852,32000,306,103067,2347547,validation
0.9749163384369355,0.9580949057903521,0.9773580568538809,0.990064811580704,0.9836704004318572,0.9299710044233008,0.9772038945162417,0.9872402962433904,7409,591,256,25511,0.073875,0.009935188419295998,DecisionTree(d=5),42,ton,0.4,12852,33767,"bytes_src,payload_mean_src,byte_asymmetry,bytes_total,byte_rate,flow_rate,duration,pkt_asymmetry,pkts_total,bytes_dst",0.0,0.0,20.0,cat,306,6120,6426,12852,32000,306,103067,2347547,validation
0.9964989334950696,0.971936858390985,0.9999931605342307,0.9965052957293384,0.9982461814975988,0.17889755340551056,0.9897622804745674,0.9999973904866354,72,4,2051,584837,0.05263157894736842,0.003494704270661523,DecisionTree(d=5),42,bot,4.3,12852,586964,"bytes_src,payload_mean_src,byte_asymmetry,bytes_total,byte_rate,flow_rate,duration,pkt_asymmetry,pkts_total,bytes_dst",0.0,0.0,20.0,cat,306,6120,6426,12852,32000,306,103067,2347547,validation
0.9856960938194095,0.9727429827880623,0.9841081412269281,0.9973609655761245,0.9906902334187853,0.9602392467322576,0.9915055351806575,0.9951631310357453,7585,415,68,25699,0.051875,0.0026390344238754995,LightGBM,42,ton,4.5,12852,33767,"bytes_src,payload_mean_src,byte_asymmetry,bytes_total,byte_rate,flow_rate,duration,pkt_asymmetry,pkts_total,bytes_dst",0.0,0.0,20.0,cat,306,6120,6426,12852,32000,306,103067,2347547,validation
0.9965057482230597,0.9850964570304457,0.9999965802671154,0.9965087035345755,0.998249595256241,0.18388597496771794,0.9997458831022362,0.9999999609346204,74,2,2049,584839,0.02631578947368421,0.003491296465424408,LightGBM,42,bot,19.5,12852,586964,"bytes_src,payload_mean_src,byte_asymmetry,bytes_total,byte_rate,flow_rate,duration,pkt_asymmetry,pkts_total,bytes_dst",0.0,0.0,20.0,cat,306,6120,6426,12852,32000,306,103067,2347547,validation
0.9843634317528949,0.9694995294368767,0.9820466786355476,0.9977490588737532,0.989835598506141,0.9565372595237626,0.9929333789342958,0.9964485340230146,7530,470,58,25709,0.05875,0.00225094112624675,XGBoost,42,ton,1.7,12852,33767,"bytes_src,payload_mean_src,byte_asymmetry,bytes_total,byte_rate,flow_rate,duration,pkt_asymmetry,pkts_total,bytes_dst",0.0,0.0,20.0,cat,306,6120,6426,12852,32000,306,103067,2347547,validation
0.9985740181680648,0.959818344251463,0.9999897621928018,0.9985840569239787,0.9992864152040452,0.26727980912016375,0.9997791876724977,0.9999999652513677,70,6,831,586057,0.07894736842105263,0.0014159430760213193,XGBoost,42,bot,7.3,12852,586964,"bytes_src,payload_mean_src,byte_asymmetry,bytes_total,byte_rate,flow_rate,duration,pkt_asymmetry,pkts_total,bytes_dst",0.0,0.0,20.0,cat,306,6120,6426,12852,32000,306,103067,2347547,validation
0.9542156543370747,0.9089342982302946,0.9476252079098133,0.9949935964605892,0.9707318920146909,0.8713862689598563,0.9874409855629294,0.9950335279973972,6583,1417,129,25638,0.177125,0.005006403539410874,MLP(16),42,ton,2.4,12852,33767,"bytes_src,payload_mean_src,byte_asymmetry,bytes_total,byte_rate,flow_rate,duration,pkt_asymmetry,pkts_total,bytes_dst",0.0,0.0,20.0,cat,306,6120,6426,12852,32000,306,103067,2347547,validation
0.9959333110718885,0.9453416288878573,0.9999863134861775,0.9959464156704516,0.9979622760701892,0.15728675114708496,0.9909376706144596,0.9999984900514232,68,8,2379,584509,0.10526315789473684,0.004053584329548398,MLP(16),42,bot,5.2,12852,586964,"bytes_src,payload_mean_src,byte_asymmetry,bytes_total,byte_rate,flow_rate,duration,pkt_asymmetry,pkts_total,bytes_dst",0.0,0.0,20.0,cat,306,6120,6426,12852,32000,306,103067,2347547,validation
0.9338407320756952,0.9397997026235108,0.983919391322229,0.9284744052470214,0.9553931552254303,0.8330342464387962,0.9791543204486358,0.9883062211727003,7609,391,1843,23924,0.048875,0.07152559475297862,"KAN(cat,1L)",42,ton,2.6,31212,33767,"bytes_src,byte_asymmetry,payload_mean_src,bytes_total,byte_rate,flow_rate,pkt_asymmetry,duration,pkts_total,bytes_dst",0.0,0.0,50.0,cat,306,15300,15606,31212,32000,306,103067,2347547,validation
0.9939110405408168,0.9640646489350788,0.9999914284342836,0.9939187715543681,0.9969458525463762,0.13452013008737668,0.9973963807494158,0.9999996560503601,71,5,3569,583319,0.06578947368421052,0.006081228445631875,"KAN(cat,1L)",42,bot,12.4,31212,586964,"bytes_src,byte_asymmetry,payload_mean_src,bytes_total,byte_rate,flow_rate,pkt_asymmetry,duration,pkts_total,bytes_dst",0.0,0.0,50.0,cat,306,15300,15606,31212,32000,306,103067,2347547,validation
0.986466076346729,0.9757039381767377,0.9862445247060632,0.9961578763534754,0.9911764138010928,0.9623685418515541,0.9930040191912136,0.995240006944339,7642,358,99,25668,0.04475,0.0038421236465246244,"KAN(cat,ML)",42,ton,50.5,31212,33767,"bytes_src,byte_asymmetry,payload_mean_src,bytes_total,byte_rate,flow_rate,pkt_asymmetry,duration,pkts_total,bytes_dst",0.0,0.0,50.0,cat,306,15300,15606,31212,32000,306,103067,2347547,validation
0.9968090036186206,0.9852481043634973,0.9999965813076156,0.9968119982006788,0.9984017503095383,0.19214693696025753,0.9944210416907306,0.9999990714850551,74,2,1871,585017,0.02631578947368421,0.003188001799321165,"KAN(cat,ML)",42,bot,57.1,31212,586964,"bytes_src,byte_asymmetry,payload_mean_src,bytes_total,byte_rate,flow_rate,pkt_asymmetry,duration,pkts_total,bytes_dst",0.0,0.0,50.0,cat,306,15300,15606,31212,32000,306,103067,2347547,validation
0.9755678621138982,0.9588234757635736,0.97763309076982,0.9906469515271471,0.9840969986699308,0.9317937411373503,0.9784115923468002,0.9879918140222598,7416,584,241,25526,0.073,0.009353048472852874,DecisionTree(d=5),42,ton,0.4,31212,33767,"bytes_src,byte_asymmetry,payload_mean_src,bytes_total,byte_rate,flow_rate,pkt_asymmetry,duration,pkts_total,bytes_dst",0.0,0.0,50.0,cat,306,15300,15606,31212,32000,306,103067,2347547,validation
0.9965142666330473,0.9719445259527686,0.9999931606394802,0.9965206308529055,0.998253875866448,0.1792794953876134,0.9897615518320002,0.9999973896359126,72,4,2042,584846,0.05263157894736842,0.0034793691470945054,DecisionTree(d=5),42,bot,3.1,31212,586964,"bytes_src,byte_asymmetry,payload_mean_src,bytes_total,byte_rate,flow_rate,pkt_asymmetry,duration,pkts_total,bytes_dst",0.0,0.0,50.0,cat,306,15300,15606,31212,32000,306,103067,2347547,validation
0.9844818906032516,0.9684135740482012,0.9810572855128254,0.9989521480964024,0.9899238520113838,0.9569336224303674,0.9919316106842087,0.9962161558367062,7503,497,27,25740,0.062125,0.001047851903597625,LightGBM,42,ton,6.5,31212,33767,"bytes_src,byte_asymmetry,payload_mean_src,bytes_total,byte_rate,flow_rate,pkt_asymmetry,duration,pkts_total,bytes_dst",0.0,0.0,50.0,cat,306,15300,15606,31212,32000,306,103067,2347547,validation
0.9968209293926032,0.9852540680226622,0.9999965813485212,0.9968239255190088,0.9984077329906461,0.19249485285843518,0.999794130450067,0.999999967192151,74,2,1864,585024,0.02631578947368421,0.0031760744809912625,LightGBM,42,bot,30.3,31212,586964,"bytes_src,byte_asymmetry,payload_mean_src,bytes_total,byte_rate,flow_rate,pkt_asymmetry,duration,pkts_total,bytes_dst",0.0,0.0,50.0,cat,306,15300,15606,31212,32000,306,103067,2347547,validation
0.9820830988835253,0.9631786927077269,0.9778925776798603,0.9991073854154539,0.9883861555295337,0.9502708335559106,0.9924466298948268,0.9964136534780451,7418,582,23,25744,0.07275,0.0008926145845461248,XGBoost,42,ton,2.7,31212,33767,"bytes_src,byte_asymmetry,payload_mean_src,bytes_total,byte_rate,flow_rate,pkt_asymmetry,duration,pkts_total,bytes_dst",0.0,0.0,50.0,cat,306,15300,15606,31212,32000,306,103067,2347547,validation
0.9998858533061653,0.9473181559253842,0.9999863675944086,0.9998994697455051,0.9999429167820401,0.6921023563878078,0.9998229398561835,0.9999999709296776,68,8,59,586829,0.10526315789473684,0.0001005302544948951,XGBoost,42,bot,12.1,31212,586964,"bytes_src,byte_asymmetry,payload_mean_src,bytes_total,byte_rate,flow_rate,pkt_asymmetry,duration,pkts_total,bytes_dst",0.0,0.0,50.0,cat,306,15300,15606,31212,32000,306,103067,2347547,validation
0.9364172120709569,0.8684413154422324,0.9249424294761083,0.9976326308844646,0.9599133665677104,0.8210061053329435,0.9890838427057864,0.9953867538321832,5914,2086,61,25706,0.26075,0.002367369115535375,MLP(16),42,ton,2.5,31212,33767,"bytes_src,byte_asymmetry,payload_mean_src,bytes_total,byte_rate,flow_rate,pkt_asymmetry,duration,pkts_total,bytes_dst",0.0,0.0,50.0,cat,306,15300,15606,31212,32000,306,103067,2347547,validation
0.9969504092244158,0.939272148402385,0.9999846184346352,0.9969653494363491,0.9984727014583568,0.17843338084625826,0.9988602348766983,0.9999998456574641,67,9,1781,585107,0.11842105263157894,0.0030346505636509864,MLP(16),42,bot,5.5,31212,586964,"bytes_src,byte_asymmetry,payload_mean_src,bytes_total,byte_rate,flow_rate,pkt_asymmetry,duration,pkts_total,bytes_dst",0.0,0.0,50.0,cat,306,15300,15606,31212,32000,306,103067,2347547,validation
0.9388160037906832,0.9438354023557263,0.9847425041927435,0.9342958047114527,0.9588560959095073,0.8443220203774385,0.9745121376178832,0.9840125538372388,7627,373,1693,24074,0.046625,0.06570419528854737,"KAN(cat,1L)",42,ton,3.8,61812,33767,"bytes_src,byte_asymmetry,payload_mean_src,bytes_total,byte_rate,flow_rate,pkt_asymmetry,duration,pkts_total,pkts_src",0.0,0.0,100.0,cat,306,30600,30906,61812,32000,306,103067,2347547,validation
0.993946817862765,0.9706606353296854,0.9999931429707736,0.9939528496067392,0.9969638473087792,0.13678737820774023,0.9977458377246192,0.9999997013745792,72,4,3549,583339,0.05263157894736842,0.006047150393260725,"KAN(cat,1L)",42,bot,10.1,61812,586964,"bytes_src,byte_asymmetry,payload_mean_src,bytes_total,byte_rate,flow_rate,pkt_asymmetry,duration,pkts_total,pkts_src",0.0,0.0,100.0,cat,306,30600,30906,61812,32000,306,103067,2347547,validation
0.9870879853111025,0.9766716754957891,0.9867414780369701,0.9964683509915784,0.9915810612497103,0.9641076446804597,0.9941519846121006,0.9975201693942906,7655,345,91,25676,0.043125,0.0035316490084216245,"KAN(cat,ML)",42,ton,93.5,61812,33767,"bytes_src,byte_asymmetry,payload_mean_src,bytes_total,byte_rate,flow_rate,pkt_asymmetry,duration,pkts_total,pkts_src",0.0,0.0,100.0,cat,306,30600,30906,61812,32000,306,103067,2347547,validation
0.9968038925726279,0.9852455485095695,0.9999965812900844,0.9968068864928231,0.9983991862814702,0.19199840387364792,0.9997297072372457,0.9999999618704242,74,2,1874,585014,0.02631578947368421,0.003193113507176838,"KAN(cat,ML)",42,bot,101.5,61812,586964,"bytes_src,byte_asymmetry,payload_mean_src,bytes_total,byte_rate,flow_rate,pkt_asymmetry,duration,pkts_total,pkts_src",0.0,0.0,100.0,cat,306,30600,30906,61812,32000,306,103067,2347547,validation
0.9645808037432997,0.9617086535103039,0.9861501325630169,0.9671673070206077,0.9765664798777381,0.9048080722159919,0.9822577521636201,0.9902353825487039,7650,350,846,24921,0.04375,0.032832692979392245,DecisionTree(d=5),42,ton,0.5,61812,33767,"bytes_src,byte_asymmetry,payload_mean_src,bytes_total,byte_rate,flow_rate,pkt_asymmetry,duration,pkts_total,pkts_src",0.0,0.0,100.0,cat,306,30600,30906,61812,32000,306,103067,2347547,validation
0.9953608739207175,0.991102041167722,0.9999982881607485,0.9953619770722864,0.997674746275794,0.16228239286258894,0.9924753642585082,0.999998094269916,75,1,2722,584166,0.013157894736842105,0.004638022927713635,DecisionTree(d=5),42,bot,3.4,61812,586964,"bytes_src,byte_asymmetry,payload_mean_src,bytes_total,byte_rate,flow_rate,pkt_asymmetry,duration,pkts_total,pkts_src",0.0,0.0,100.0,cat,306,30600,30906,61812,32000,306,103067,2347547,validation
0.9840672846270027,0.9671507160321342,0.980204804141764,0.9993014320642682,0.9896610039203628,0.9558053309521549,0.9906997006830442,0.995123273174029,7480,520,18,25749,0.065,0.0006985679357317499,LightGBM,42,ton,7.2,61812,33767,"bytes_src,byte_asymmetry,payload_mean_src,bytes_total,byte_rate,flow_rate,pkt_asymmetry,duration,pkts_total,pkts_src",0.0,0.0,100.0,cat,306,30600,30906,61812,32000,306,103067,2347547,validation
0.9968618177605441,0.9852745148540849,0.9999965814887617,0.9968648191818541,0.9984282444975758,0.19370214596476207,0.9998038382110386,0.999999968453362,74,2,1840,585048,0.02631578947368421,0.0031351808181458813,LightGBM,42,bot,42.4,61812,586964,"bytes_src,byte_asymmetry,payload_mean_src,bytes_total,byte_rate,flow_rate,pkt_asymmetry,duration,pkts_total,pkts_src",0.0,0.0,100.0,cat,306,30600,30906,61812,32000,306,103067,2347547,validation
0.9812538869310273,0.9609115486863042,0.9764197437258322,0.9995730973726084,0.9878607728449516,0.9480052505068249,0.9916958003454031,0.9959961314737431,7378,622,11,25756,0.07775,0.0004269026273916249,XGBoost,42,ton,4.3,61812,33767,"bytes_src,byte_asymmetry,payload_mean_src,bytes_total,byte_rate,flow_rate,pkt_asymmetry,duration,pkts_total,pkts_src",0.0,0.0,100.0,cat,306,30600,30906,61812,32000,306,103067,2347547,validation
0.9999062974901357,0.9473283793410955,0.9999863678731666,0.9999199165769278,0.9999531411210518,0.7273253983921963,0.9997776519181639,0.9999999650582326,68,8,47,586841,0.10526315789473684,8.008342307220457e-05,XGBoost,42,bot,6.9,61812,586964,"bytes_src,byte_asymmetry,payload_mean_src,bytes_total,byte_rate,flow_rate,pkt_asymmetry,duration,pkts_total,pkts_src",0.0,0.0,100.0,cat,306,30600,30906,61812,32000,306,103067,2347547,validation
0.8928243551396333,0.7744589300267785,0.8772312304128628,0.9994178600535569,0.9343468243745805,0.6925758048723047,0.9895464353630614,0.9957298051606205,4396,3604,15,25752,0.4505,0.0005821399464431249,MLP(16),42,ton,1.8,61812,33767,"bytes_src,byte_asymmetry,payload_mean_src,bytes_total,byte_rate,flow_rate,pkt_asymmetry,duration,pkts_total,pkts_src",0.0,0.0,100.0,cat,306,30600,30906,61812,32000,306,103067,2347547,validation
0.9998926680341554,0.9341653728963977,0.9999829597253108,0.9999096931612165,0.9999463251011942,0.6939599462177309,0.9975256979902556,0.9999996625671606,66,10,53,586835,0.13157894736842105,9.030683878354985e-05,MLP(16),42,bot,3.5,61812,586964,"bytes_src,byte_asymmetry,payload_mean_src,bytes_total,byte_rate,flow_rate,pkt_asymmetry,duration,pkts_total,pkts_src",0.0,0.0,100.0,cat,306,30600,30906,61812,32000,306,103067,2347547,validation
0.9332188231113216,0.9430984034811969,0.9873559406351049,0.9243218069623937,0.9547996552346208,0.8341599424576613,0.9851705597275584,0.9944430820085931,7695,305,1950,23817,0.038125,0.07567819303760624,"KAN(cat,1L)",43,ton,0.3,3672,33767,"bytes_src,payload_mean_src,byte_asymmetry,bytes_total,byte_rate,flow_rate,duration,pkt_asymmetry,pkts_total,bytes_dst",0.0,0.0,5.0,cat,306,1530,1836,3672,32000,306,103067,2347547,validation
0.9952961340048112,0.977913476183746,0.9999948641833281,0.9953006365780183,0.9976422284485078,0.15697766973484006,0.9972543514982506,0.9999996400437126,73,3,2758,584130,0.039473684210526314,0.004699363421981707,"KAN(cat,1L)",43,bot,4.6,3672,586964,"bytes_src,payload_mean_src,byte_asymmetry,bytes_total,byte_rate,flow_rate,duration,pkt_asymmetry,pkts_total,bytes_dst",0.0,0.0,5.0,cat,306,1530,1836,3672,32000,306,103067,2347547,validation
0.9834453756626292,0.9783789585516358,0.9902754006534931,0.9880079171032716,0.9891403593977659,0.954342496865729,0.996799270869717,0.9989059659878762,7750,250,309,25458,0.03125,0.011992082896728373,"KAN(cat,ML)",43,ton,2.0,3672,33767,"bytes_src,payload_mean_src,byte_asymmetry,bytes_total,byte_rate,flow_rate,duration,pkt_asymmetry,pkts_total,bytes_dst",0.0,0.0,5.0,cat,306,1530,1836,3672,32000,306,103067,2347547,validation
0.9961939744175111,0.9849405499408477,0.999996579196727,0.9961968893553795,0.9980931179825632,0.17640963747560498,0.9995721074549146,0.9999999427761408,74,2,2232,584656,0.02631578947368421,0.003803110644620439,"KAN(cat,ML)",43,bot,9.9,3672,586964,"bytes_src,payload_mean_src,byte_asymmetry,bytes_total,byte_rate,flow_rate,duration,pkt_asymmetry,pkts_total,bytes_dst",0.0,0.0,5.0,cat,306,1530,1836,3672,32000,306,103067,2347547,validation
0.978173956821749,0.9700982506694609,0.9859439310398385,0.9854465013389219,0.9856951534325809,0.9396705932517292,0.9683003284239532,0.9822120871540233,7638,362,375,25392,0.04525,0.014553498661078123,DecisionTree(d=5),43,ton,0.2,3672,33767,"bytes_src,payload_mean_src,byte_asymmetry,bytes_total,byte_rate,flow_rate,duration,pkt_asymmetry,pkts_total,bytes_dst",0.0,0.0,5.0,cat,306,1530,1836,3672,32000,306,103067,2347547,validation
0.9963098247933434,0.9981546734641022,1.0,0.9963093469282044,0.9981512619386997,0.1837748573688906,0.9994760051052508,0.9999998873500464,76,0,2166,584722,0.0,0.003690653071795641,DecisionTree(d=5),43,bot,2.2,3672,586964,"bytes_src,payload_mean_src,byte_asymmetry,bytes_total,byte_rate,flow_rate,duration,pkt_asymmetry,pkts_total,bytes_dst",0.0,0.0,5.0,cat,306,1530,1836,3672,32000,306,103067,2347547,validation
0.9864364616341399,0.9811576410719137,0.9910364363043731,0.9911902821438274,0.9911133532539097,0.9624812476138538,0.9968071176310784,0.9990137311926794,7769,231,227,25540,0.028875,0.008809717856172624,LightGBM,43,ton,4.3,3672,33767,"bytes_src,payload_mean_src,byte_asymmetry,bytes_total,byte_rate,flow_rate,duration,pkt_asymmetry,pkts_total,bytes_dst",0.0,0.0,5.0,cat,306,1530,1836,3672,32000,306,103067,2347547,validation
0.9963541205252793,0.9915987287810316,0.9999982898674648,0.9963553522989054,0.9981734972747555,0.1824951109986881,0.9996869303136113,0.9999999559478996,75,1,2139,584749,0.013157894736842105,0.003644647701094587,LightGBM,43,bot,39.1,3672,586964,"bytes_src,payload_mean_src,byte_asymmetry,bytes_total,byte_rate,flow_rate,duration,pkt_asymmetry,pkts_total,bytes_dst",0.0,0.0,5.0,cat,306,1530,1836,3672,32000,306,103067,2347547,validation
0.9850445701424467,0.9794268104552335,0.990295784488782,0.9901036209104669,0.9901996933765452,0.9586471351824423,0.997519283385726,0.9989764584488714,7750,250,255,25512,0.03125,0.009896379089533124,XGBoost,43,ton,1.4,3672,33767,"bytes_src,payload_mean_src,byte_asymmetry,bytes_total,byte_rate,flow_rate,duration,pkt_asymmetry,pkts_total,bytes_dst",0.0,0.0,5.0,cat,306,1530,1836,3672,32000,306,103067,2347547,validation
0.9963762683912472,0.9916098041480523,0.9999982899054831,0.9963775030329467,0.9981846129948253,0.18303535168256116,0.9997226898488296,0.999999960591275,75,1,2126,584762,0.013157894736842105,0.003622496967053339,XGBoost,43,bot,10.8,3672,586964,"bytes_src,payload_mean_src,byte_asymmetry,bytes_total,byte_rate,flow_rate,duration,pkt_asymmetry,pkts_total,bytes_dst",0.0,0.0,5.0,cat,306,1530,1836,3672,32000,306,103067,2347547,validation
0.9557260046791246,0.9183706218224861,0.9542936288088643,0.9893662436449723,0.9715135001238544,0.8752088402856577,0.9786604498971553,0.9914249169918214,6779,1221,274,25493,0.152625,0.010633756355027748,MLP(16),43,ton,0.5,3672,33767,"bytes_src,payload_mean_src,byte_asymmetry,bytes_total,byte_rate,flow_rate,duration,pkt_asymmetry,pkts_total,bytes_dst",0.0,0.0,5.0,cat,306,1530,1836,3672,32000,306,103067,2347547,validation
0.9958038312400761,0.9715892622567992,0.999993155759514,0.995810103460967,0.9978972459300226,0.16378151226708848,0.9970468116753559,0.99999961346989,72,4,2459,584429,0.05263157894736842,0.004189896539033001,MLP(16),43,bot,3.4,3672,586964,"bytes_src,payload_mean_src,byte_asymmetry,bytes_total,byte_rate,flow_rate,duration,pkt_asymmetry,pkts_total,bytes_dst",0.0,0.0,5.0,cat,306,1530,1836,3672,32000,306,103067,2347547,validation
0.9325080700091806,0.9425465008538052,0.9872624678449922,0.9234680017076106,0.9543002666987507,0.8326037428238109,0.9855865278262896,0.9943249618780121,7693,307,1972,23795,0.038375,0.07653199829238949,"KAN(cat,1L)",43,ton,0.5,6732,33767,"bytes_src,byte_asymmetry,payload_mean_src,bytes_total,byte_rate,flow_rate,duration,pkt_asymmetry,pkts_total,bytes_dst",0.0,0.0,10.0,cat,306,3060,3366,6732,32000,306,103067,2347547,validation
0.9952756898208408,0.9779032527680347,0.9999948640778195,0.9952801897465956,0.9976319567142524,0.15664428446512646,0.9970231139770952,0.9999996097069084,73,3,2770,584118,0.039473684210526314,0.004719810253404398,"KAN(cat,1L)",43,bot,6.8,6732,586964,"bytes_src,byte_asymmetry,payload_mean_src,bytes_total,byte_rate,flow_rate,duration,pkt_asymmetry,pkts_total,bytes_dst",0.0,0.0,10.0,cat,306,3060,3366,6732,32000,306,103067,2347547,validation
0.9845707347410193,0.9775649037528622,0.9889224572004028,0.9908798075057244,0.9899001647765824,0.9572420631903031,0.995059065374316,0.9980628012783158,7714,286,235,25532,0.03575,0.009120192494275623,"KAN(cat,ML)",43,ton,4.4,6732,33767,"bytes_src,byte_asymmetry,payload_mean_src,bytes_total,byte_rate,flow_rate,duration,pkt_asymmetry,pkts_total,bytes_dst",0.0,0.0,10.0,cat,306,3060,3366,6732,32000,306,103067,2347547,validation
0.9967340416107291,0.9917887139230008,0.9999982905193915,0.9967353225828437,0.9983641404569313,0.19248169032145665,0.9996966044449259,0.9999999589507866,75,1,1916,584972,0.013157894736842105,0.0032646774171562545,"KAN(cat,ML)",43,bot,12.0,6732,586964,"bytes_src,byte_asymmetry,payload_mean_src,bytes_total,byte_rate,flow_rate,duration,pkt_asymmetry,pkts_total,bytes_dst",0.0,0.0,10.0,cat,306,3060,3366,6732,32000,306,103067,2347547,validation
0.9775224331447864,0.9678182486319711,0.9843132698117593,0.9862614972639423,0.9852864204710672,0.9377056437762955,0.9726000043660497,0.9844604147047192,7595,405,354,25413,0.050625,0.013738502736057749,DecisionTree(d=5),43,ton,0.3,6732,33767,"bytes_src,byte_asymmetry,payload_mean_src,bytes_total,byte_rate,flow_rate,duration,pkt_asymmetry,pkts_total,bytes_dst",0.0,0.0,10.0,cat,306,3060,3366,6732,32000,306,103067,2347547,validation
0.9966318206908771,0.9983156922615559,1.0,0.9966313845231117,0.9983128505827364,0.1920788739697899,0.9995419304427492,0.9999999242120069,76,0,1977,584911,0.0,0.0033686154768882647,DecisionTree(d=5),43,bot,3.2,6732,586964,"bytes_src,byte_asymmetry,payload_mean_src,bytes_total,byte_rate,flow_rate,duration,pkt_asymmetry,pkts_total,bytes_dst",0.0,0.0,10.0,cat,306,3060,3366,6732,32000,306,103067,2347547,validation
0.9877987384132437,0.9812314442892072,0.9903306903887062,0.9937128885784142,0.9920189066676998,0.9661521051640815,0.9973288605580781,0.9990786121648088,7750,250,162,25605,0.03125,0.0062871114215857496,LightGBM,43,ton,4.6,6732,33767,"bytes_src,byte_asymmetry,payload_mean_src,bytes_total,byte_rate,flow_rate,duration,pkt_asymmetry,pkts_total,bytes_dst",0.0,0.0,10.0,cat,306,3060,3366,6732,32000,306,103067,2347547,validation
0.9967425600207168,0.9917929736795472,0.999998290534003,0.9967438420959366,0.9983684141360872,0.1927246818914279,0.9998116066617929,0.9999999721113347,75,1,1911,584977,0.013157894736842105,0.003256157904063467,LightGBM,43,bot,41.3,6732,586964,"bytes_src,byte_asymmetry,payload_mean_src,bytes_total,byte_rate,flow_rate,duration,pkt_asymmetry,pkts_total,bytes_dst",0.0,0.0,10.0,cat,306,3060,3366,6732,32000,306,103067,2347547,validation
0.9859330115201232,0.9787160903481197,0.989169116509361,0.9924321806962394,0.9907979619907399,0.9609757083557492,0.9976495881359879,0.9991841778991425,7720,280,195,25572,0.035,0.007567819303760624,XGBoost,43,ton,1.4,6732,33767,"bytes_src,byte_asymmetry,payload_mean_src,bytes_total,byte_rate,flow_rate,duration,pkt_asymmetry,pkts_total,bytes_dst",0.0,0.0,10.0,cat,306,3060,3366,6732,32000,306,103067,2347547,validation
0.9988227557397047,0.979677015393953,0.9999948823189236,0.9988277149984324,0.9994109578881775,0.30335207421943944,0.9998460210107336,0.9999999765677539,73,3,688,586200,0.039473684210526314,0.0011722850015675904,XGBoost,43,bot,5.3,6732,586964,"bytes_src,byte_asymmetry,payload_mean_src,bytes_total,byte_rate,flow_rate,duration,pkt_asymmetry,pkts_total,bytes_dst",0.0,0.0,10.0,cat,306,3060,3366,6732,32000,306,103067,2347547,validation
0.9525276157194894,0.9109310964605891,0.9499143516794518,0.9899871929211782,0.9695368769122593,0.8660404043318505,0.9851778558815538,0.994389438897489,6655,1345,258,25509,0.168125,0.010012807078821748,MLP(16),43,ton,0.4,6732,33767,"bytes_src,byte_asymmetry,payload_mean_src,bytes_total,byte_rate,flow_rate,duration,pkt_asymmetry,pkts_total,bytes_dst",0.0,0.0,10.0,cat,306,3060,3366,6732,32000,306,103067,2347547,validation
0.9958021275580785,0.9650103148883782,0.999991444714031,0.995810103460967,0.9978963939890141,0.16152843890536214,0.9979285588606883,0.9999997278387962,71,5,2459,584429,0.06578947368421052,0.004189896539033001,MLP(16),43,bot,1.9,6732,586964,"bytes_src,byte_asymmetry,payload_mean_src,bytes_total,byte_rate,flow_rate,duration,pkt_asymmetry,pkts_total,bytes_dst",0.0,0.0,10.0,cat,306,3060,3366,6732,32000,306,103067,2347547,validation
0.9332188231113216,0.9427967361353669,0.9870732515744116,0.9245934722707339,0.9548123359317076,0.8339557144320718,0.9860226428183335,0.9943274476629185,7688,312,1943,23824,0.039,0.07540652772926612,"KAN(cat,1L)",43,ton,0.5,12852,33767,"bytes_src,byte_asymmetry,payload_mean_src,bytes_total,byte_rate,flow_rate,duration,pkt_asymmetry,pkts_total,bytes_dst",0.0,0.0,20.0,cat,306,6120,6426,12852,32000,306,103067,2347547,validation
0.9952722824568457,0.9779015488654161,0.9999948640602343,0.9952767819413585,0.9976302447380758,0.15658892506042532,0.9968110005208559,0.9999995822009095,73,3,2772,584116,0.039473684210526314,0.004723218058641512,"KAN(cat,1L)",43,bot,3.9,12852,586964,"bytes_src,byte_asymmetry,payload_mean_src,bytes_total,byte_rate,flow_rate,duration,pkt_asymmetry,pkts_total,bytes_dst",0.0,0.0,20.0,cat,306,6120,6426,12852,32000,306,103067,2347547,validation
0.9861699292208369,0.9777939442892072,0.9882284832111154,0.9937128885784142,0.99096309770304,0.9615801197202895,0.9952801475724765,0.9980799179179284,7695,305,162,25605,0.038125,0.0062871114215857496,"KAN(cat,ML)",43,ton,7.8,12852,33767,"bytes_src,byte_asymmetry,payload_mean_src,bytes_total,byte_rate,flow_rate,duration,pkt_asymmetry,pkts_total,bytes_dst",0.0,0.0,20.0,cat,306,6120,6426,12852,32000,306,103067,2347547,validation
0.9967851520706551,0.9852361770451674,0.9999965812258015,0.996788143564019,0.9983897847329065,0.19145670135849707,0.9996482898377813,0.9999999526785015,74,2,1885,585003,0.02631578947368421,0.003211856435980971,"KAN(cat,ML)",43,bot,14.1,12852,586964,"bytes_src,byte_asymmetry,payload_mean_src,bytes_total,byte_rate,flow_rate,duration,pkt_asymmetry,pkts_total,bytes_dst",0.0,0.0,20.0,cat,306,6120,6426,12852,32000,306,103067,2347547,validation
0.9801877572778156,0.9697370498117748,0.9845173745173745,0.9895990996235495,0.9870516964406681,0.9449466215416557,0.9711380714673808,0.9830266092075799,7599,401,268,25499,0.050125,0.010400900376450499,DecisionTree(d=5),43,ton,0.2,12852,33767,"bytes_src,byte_asymmetry,payload_mean_src,bytes_total,byte_rate,flow_rate,duration,pkt_asymmetry,pkts_total,bytes_dst",0.0,0.0,20.0,cat,306,6120,6426,12852,32000,306,103067,2347547,validation
0.9966727090588179,0.9851799482587551,0.9999965808400534,0.9966756859911943,0.9983333717349062,0.18829962171637032,0.9805695576991649,0.9999948247018773,74,2,1951,584937,0.02631578947368421,0.0033243140088057687,DecisionTree(d=5),43,bot,2.4,12852,586964,"bytes_src,byte_asymmetry,payload_mean_src,bytes_total,byte_rate,flow_rate,duration,pkt_asymmetry,pkts_total,bytes_dst",0.0,0.0,20.0,cat,306,6120,6426,12852,32000,306,103067,2347547,validation
0.9890425563419907,0.9795469107773509,0.9881597662707108,0.9975938215547018,0.9928543839320201,0.9695716239933921,0.9977661810649279,0.9992135937062792,7692,308,62,25705,0.0385,0.00240617844529825,LightGBM,43,ton,5.3,12852,33767,"bytes_src,byte_asymmetry,payload_mean_src,bytes_total,byte_rate,flow_rate,duration,pkt_asymmetry,pkts_total,bytes_dst",0.0,0.0,20.0,cat,306,6120,6426,12852,32000,306,103067,2347547,validation
0.996778337342665,0.991810864657042,0.9999982905953685,0.9967796240509262,0.9983863631903076,0.19375534234806976,0.9997566670122301,0.9999999649659164,75,1,1890,584998,0.013157894736842105,0.0032203759490737585,LightGBM,43,bot,44.8,12852,586964,"bytes_src,byte_asymmetry,payload_mean_src,bytes_total,byte_rate,flow_rate,duration,pkt_asymmetry,pkts_total,bytes_dst",0.0,0.0,20.0,cat,306,6120,6426,12852,32000,306,103067,2347547,validation
0.9866733793348536,0.9737280994100982,0.9844246297501053,0.9983311988201964,0.9913291456318163,0.9629973431561778,0.9983467516590987,0.9993938509448701,7593,407,43,25724,0.050875,0.0016688011798036248,XGBoost,43,ton,1.9,12852,33767,"bytes_src,byte_asymmetry,payload_mean_src,bytes_total,byte_rate,flow_rate,duration,pkt_asymmetry,pkts_total,bytes_dst",0.0,0.0,20.0,cat,306,6120,6426,12852,32000,306,103067,2347547,validation
0.9998637054401973,0.960463271392587,0.9999897753996114,0.9998739112062267,0.9999318399465625,0.6690763849211299,0.9998272780819293,0.9999999741416219,70,6,74,586814,0.07894736842105263,0.00012608879377325828,XGBoost,43,bot,11.6,12852,586964,"bytes_src,byte_asymmetry,payload_mean_src,bytes_total,byte_rate,flow_rate,duration,pkt_asymmetry,pkts_total,bytes_dst",0.0,0.0,20.0,cat,306,6120,6426,12852,32000,306,103067,2347547,validation
0.9535049012349335,0.9094166836457485,0.9483084448067588,0.9932083672914969,0.9702392235659855,0.8691211178845248,0.9874200066946094,0.9953843953312118,6605,1395,175,25592,0.174375,0.006791632708503124,MLP(16),43,ton,1.4,12852,33767,"bytes_src,byte_asymmetry,payload_mean_src,bytes_total,byte_rate,flow_rate,duration,pkt_asymmetry,pkts_total,bytes_dst",0.0,0.0,20.0,cat,306,6120,6426,12852,32000,306,103067,2347547,validation
0.9957987201940834,0.9650086109857596,0.9999914446847538,0.9958066956557299,0.9978946829218318,0.1614643161326873,0.9985331528332494,0.999999806225365,71,5,2461,584427,0.06578947368421052,0.004193304344270116,MLP(16),43,bot,4.6,12852,586964,"bytes_src,byte_asymmetry,payload_mean_src,bytes_total,byte_rate,flow_rate,duration,pkt_asymmetry,pkts_total,bytes_dst",0.0,0.0,20.0,cat,306,6120,6426,12852,32000,306,103067,2347547,validation
0.9349364764414961,0.943965302033609,0.9871445105820106,0.9268056040672178,0.956023939630497,0.8376270020151184,0.9857031401598944,0.9939785453386508,7689,311,1886,23881,0.038875,0.07319439593278224,"KAN(cat,1L)",43,ton,2.3,31212,33767,"bytes_src,byte_asymmetry,bytes_total,payload_mean_src,byte_rate,flow_rate,duration,pkt_asymmetry,pkts_total,bytes_dst",0.0,0.0,50.0,cat,306,15300,15606,31212,32000,306,103067,2347547,validation
0.9932057161938381,0.9834462273443727,0.9999965689032843,0.9932082441624296,0.9965908469197943,0.1327397659546962,0.9969336142500785,0.9999995984342864,74,2,3986,582902,0.02631578947368421,0.006791755837570372,"KAN(cat,1L)",43,bot,9.6,31212,586964,"bytes_src,byte_asymmetry,bytes_total,payload_mean_src,byte_rate,flow_rate,duration,pkt_asymmetry,pkts_total,bytes_dst",0.0,0.0,50.0,cat,306,15300,15606,31212,32000,306,103067,2347547,validation
0.9869695264607456,0.9785764422517174,0.988466730954677,0.9945278845034347,0.9914880445716939,0.9637966960825491,0.995036458939729,0.9978158966488906,7701,299,141,25626,0.037375,0.005472115496565374,"KAN(cat,ML)",43,ton,65.1,31212,33767,"bytes_src,byte_asymmetry,bytes_total,payload_mean_src,byte_rate,flow_rate,duration,pkt_asymmetry,pkts_total,bytes_dst",0.0,0.0,50.0,cat,306,15300,15606,31212,32000,306,103067,2347547,validation
0.9967766336606675,0.9918100127057328,0.9999982905924465,0.9967779201483077,0.998385508488027,0.19370588955259305,0.9996694316821142,0.9999999554268335,75,1,1891,584997,0.013157894736842105,0.003222079851692316,"KAN(cat,ML)",43,bot,72.2,31212,586964,"bytes_src,byte_asymmetry,bytes_total,payload_mean_src,byte_rate,flow_rate,duration,pkt_asymmetry,pkts_total,bytes_dst",0.0,0.0,50.0,cat,306,15300,15606,31212,32000,306,103067,2347547,validation
0.978173956821749,0.9684606279349555,0.9845141308555942,0.9869212558699111,0.985716223811462,0.9394845033119776,0.9676073684363722,0.9811054531557244,7600,400,337,25430,0.05,0.013078744130088873,DecisionTree(d=5),43,ton,0.2,31212,33767,"bytes_src,byte_asymmetry,bytes_total,payload_mean_src,byte_rate,flow_rate,duration,pkt_asymmetry,pkts_total,bytes_dst",0.0,0.0,50.0,cat,306,15300,15606,31212,32000,306,103067,2347547,validation
0.9966744127408155,0.9851808002100644,0.9999965808458987,0.9966773898938128,0.9983342265247118,0.18834630240688208,0.9777098486109428,0.9999935389242337,74,2,1950,584938,0.02631578947368421,0.003322610106187211,DecisionTree(d=5),43,bot,2.0,31212,586964,"bytes_src,byte_asymmetry,bytes_total,payload_mean_src,byte_rate,flow_rate,duration,pkt_asymmetry,pkts_total,bytes_dst",0.0,0.0,50.0,cat,306,15300,15606,31212,32000,306,103067,2347547,validation
0.9875025912873515,0.9763400061124694,0.986225683919733,0.9975550122249389,0.9918579972988617,0.9652807306875001,0.9982745129429116,0.9993884647998169,7641,359,63,25704,0.044875,0.0024449877750611247,LightGBM,43,ton,7.6,31212,33767,"bytes_src,byte_asymmetry,bytes_total,payload_mean_src,byte_rate,flow_rate,duration,pkt_asymmetry,pkts_total,bytes_dst",0.0,0.0,50.0,cat,306,15300,15606,31212,32000,306,103067,2347547,validation
0.9968055962546255,0.9918244958779905,0.9999982906421203,0.9968068864928231,0.9984000382284199,0.19455175002098046,0.9997942649686948,0.9999999698137388,75,1,1874,585014,0.013157894736842105,0.003193113507176838,LightGBM,43,bot,45.5,31212,586964,"bytes_src,byte_asymmetry,bytes_total,payload_mean_src,byte_rate,flow_rate,duration,pkt_asymmetry,pkts_total,bytes_dst",0.0,0.0,50.0,cat,306,15300,15606,31212,32000,306,103067,2347547,validation
0.9840672846270027,0.9679264320642682,0.9808637975069568,0.9986028641285365,0.9896538461538461,0.9557574863564944,0.9978584211394418,0.9992292353145751,7498,502,36,25731,0.06275,0.0013971358714634998,XGBoost,43,ton,2.6,31212,33767,"bytes_src,byte_asymmetry,bytes_total,payload_mean_src,byte_rate,flow_rate,duration,pkt_asymmetry,pkts_total,bytes_dst",0.0,0.0,50.0,cat,306,15300,15606,31212,32000,306,103067,2347547,validation
0.9998841496241677,0.9604734948082985,0.9999897756086921,0.9998943580376495,0.9999420645469107,0.698835862860328,0.9998271435633016,0.9999999741114025,70,6,62,586826,0.07894736842105263,0.00010564196235056774,XGBoost,43,bot,12.3,31212,586964,"bytes_src,byte_asymmetry,bytes_total,payload_mean_src,byte_rate,flow_rate,duration,pkt_asymmetry,pkts_total,bytes_dst",0.0,0.0,50.0,cat,306,15300,15606,31212,32000,306,103067,2347547,validation
0.941540557348891,0.8811500101874491,0.9321128909229596,0.9959250203748982,0.9629629629629629,0.8352929331215195,0.9920966861683549,0.9974268942948407,6131,1869,105,25662,0.233625,0.004074979625101874,MLP(16),43,ton,2.9,31212,33767,"bytes_src,byte_asymmetry,bytes_total,payload_mean_src,byte_rate,flow_rate,duration,pkt_asymmetry,pkts_total,bytes_dst",0.0,0.0,50.0,cat,306,15300,15606,31212,32000,306,103067,2347547,validation
0.999846668620222,0.9209861793768236,0.9999795508689177,0.9998670955957525,0.9999233200705455,0.6160059107807504,0.999504825721253,0.9999999322824383,64,12,78,586810,0.15789473684210525,0.00013290440424748844,MLP(16),43,bot,5.4,31212,586964,"bytes_src,byte_asymmetry,bytes_total,payload_mean_src,byte_rate,flow_rate,duration,pkt_asymmetry,pkts_total,bytes_dst",0.0,0.0,50.0,cat,306,15300,15606,31212,32000,306,103067,2347547,validation
0.9363875973583676,0.9462951813365934,0.9884601067129917,0.9274653626731867,0.9569918308505526,0.8416249599967198,0.9861741495905616,0.9941774743848204,7721,279,1869,23898,0.034875,0.07253463732681337,"KAN(cat,1L)",43,ton,4.1,61812,33767,"bytes_src,byte_asymmetry,bytes_total,payload_mean_src,byte_rate,flow_rate,duration,pkt_asymmetry,pkts_total,bytes_dst",0.0,0.0,100.0,cat,306,30600,30906,61812,32000,306,103067,2347547,validation
0.9932023088298431,0.9834445234417541,0.9999965688915118,0.9932048363571925,0.9965891313825559,0.1327068434454407,0.9974022098899529,0.9999996594714435,74,2,3988,582900,0.02631578947368421,0.006795163642807486,"KAN(cat,1L)",43,bot,10.5,61812,586964,"bytes_src,byte_asymmetry,bytes_total,payload_mean_src,byte_rate,flow_rate,duration,pkt_asymmetry,pkts_total,bytes_dst",0.0,0.0,100.0,cat,306,30600,30906,61812,32000,306,103067,2347547,validation
0.9868214528977997,0.9772296542088719,0.9873739317884364,0.9954593084177437,0.9914001352787709,0.9633644852592862,0.9951963630806846,0.9980456641785342,7672,328,117,25650,0.041,0.0045406915822563745,"KAN(cat,ML)",43,ton,79.3,61812,33767,"bytes_src,byte_asymmetry,bytes_total,payload_mean_src,byte_rate,flow_rate,duration,pkt_asymmetry,pkts_total,bytes_dst",0.0,0.0,100.0,cat,306,30600,30906,61812,32000,306,103067,2347547,validation
0.9968090036186206,0.9720919135292738,0.9999931626619808,0.996815406005916,0.9984017557647296,0.187129272895069,0.9997054042051601,0.999999959186325,72,4,1869,585019,0.05263157894736842,0.00318459399408405,"KAN(cat,ML)",43,bot,85.1,61812,586964,"bytes_src,byte_asymmetry,bytes_total,payload_mean_src,byte_rate,flow_rate,duration,pkt_asymmetry,pkts_total,bytes_dst",0.0,0.0,100.0,cat,306,30600,30906,61812,32000,306,103067,2347547,validation
0.979684307163799,0.9697088378546203,0.9847694151300784,0.9886676757092405,0.9867146951739096,0.9435985493606571,0.9683710002134512,0.9816945835280829,7606,394,292,25475,0.04925,0.0113323242907595,DecisionTree(d=5),43,ton,0.3,61812,33767,"bytes_src,byte_asymmetry,bytes_total,payload_mean_src,byte_rate,flow_rate,duration,pkt_asymmetry,pkts_total,bytes_dst",0.0,0.0,100.0,cat,306,30600,30906,61812,32000,306,103067,2347547,validation
0.9966556722388425,0.9851714287456622,0.9999965807815991,0.9966586469650086,0.9983248237566105,0.1878347066005451,0.9777108575006511,0.9999935394256294,74,2,1961,584927,0.02631578947368421,0.003341353034991344,DecisionTree(d=5),43,bot,2.4,61812,586964,"bytes_src,byte_asymmetry,bytes_total,payload_mean_src,byte_rate,flow_rate,duration,pkt_asymmetry,pkts_total,bytes_dst",0.0,0.0,100.0,cat,306,30600,30906,61812,32000,306,103067,2347547,validation
0.9873841324369947,0.9750126227345054,0.9851437760845426,0.9985252454690108,0.9917893763009791,0.9649830972852789,0.9980225312415105,0.9993327611392956,7612,388,38,25729,0.0485,0.0014747545309892497,LightGBM,43,ton,7.3,61812,33767,"bytes_src,byte_asymmetry,bytes_total,payload_mean_src,byte_rate,flow_rate,duration,pkt_asymmetry,pkts_total,bytes_dst",0.0,0.0,100.0,cat,306,30600,30906,61812,32000,306,103067,2347547,validation
0.9968277441205934,0.9918355712450111,0.9999982906801042,0.9968290372268644,0.9984111489219364,0.19520607949258575,0.9998989092512227,0.9999999834213109,75,1,1861,585027,0.013157894736842105,0.0031709627731355897,LightGBM,43,bot,43.6,61812,586964,"bytes_src,byte_asymmetry,bytes_total,payload_mean_src,byte_rate,flow_rate,duration,pkt_asymmetry,pkts_total,bytes_dst",0.0,0.0,100.0,cat,306,30600,30906,61812,32000,306,103067,2347547,validation
0.9820534841709361,0.9628576206970155,0.9776377235278484,0.9993402413940311,0.9883698614363029,0.9502081427427945,0.9979910350448247,0.9992667159805947,7411,589,17,25750,0.073625,0.0006597586059688749,XGBoost,43,ton,4.1,61812,33767,"bytes_src,byte_asymmetry,bytes_total,payload_mean_src,byte_rate,flow_rate,duration,pkt_asymmetry,pkts_total,bytes_dst",0.0,0.0,100.0,cat,306,30600,30906,61812,32000,306,103067,2347547,validation
0.9998892606701604,0.9604760506622263,0.9999897756609609,0.9998994697455051,0.9999446206643305,0.7069172753615345,0.9998456959240497,0.9999999765216515,70,6,59,586829,0.07894736842105263,0.0001005302544948951,XGBoost,43,bot,13.1,61812,586964,"bytes_src,byte_asymmetry,bytes_total,payload_mean_src,byte_rate,flow_rate,duration,pkt_asymmetry,pkts_total,bytes_dst",0.0,0.0,100.0,cat,306,30600,30906,61812,32000,306,103067,2347547,validation
0.8868421831966121,0.7631698854154538,0.8720165446162191,0.9982147708309077,0.9308578976892314,0.673281623853422,0.989579736193581,0.9963860957826931,4225,3775,46,25721,0.471875,0.0017852291690922497,MLP(16),43,ton,2.8,61812,33767,"bytes_src,byte_asymmetry,bytes_total,payload_mean_src,byte_rate,flow_rate,duration,pkt_asymmetry,pkts_total,bytes_dst",0.0,0.0,100.0,cat,306,30600,30906,61812,32000,306,103067,2347547,validation
0.9998585943942048,0.9144140476188768,0.9999778471144163,0.9998807268167009,0.9999292846073038,0.6265655759940558,0.999478617008607,0.9999999288661887,63,13,70,586818,0.17105263157894737,0.00011927318329902809,MLP(16),43,bot,4.9,61812,586964,"bytes_src,byte_asymmetry,bytes_total,payload_mean_src,byte_rate,flow_rate,duration,pkt_asymmetry,pkts_total,bytes_dst",0.0,0.0,100.0,cat,306,30600,30906,61812,32000,306,103067,2347547,validation
0.9369502768975627,0.9433455291652113,0.9853798767967146,0.9311910583304226,0.9575194045932518,0.8407047150968061,0.9737080446889431,0.9859270058693366,7644,356,1773,23994,0.0445,0.06880894166957736,"KAN(cat,1L)",44,ton,0.3,3672,33767,"bytes_src,payload_mean_src,bytes_total,byte_asymmetry,byte_rate,flow_rate,pkts_total,duration,pkt_asymmetry,pkts_src",0.0,0.0,5.0,cat,306,1530,1836,3672,32000,306,103067,2347547,validation
0.9955039832085102,0.9977517004948133,1.0,0.9955034009896266,0.997746634253721,0.16693340549249835,0.9977753085139889,0.99999970723973,76,0,2639,584249,0.0,0.004496599010373359,"KAN(cat,1L)",44,bot,5.6,3672,586964,"bytes_src,payload_mean_src,bytes_total,byte_asymmetry,byte_rate,flow_rate,pkts_total,duration,pkt_asymmetry,pkts_src",0.0,0.0,5.0,cat,306,1530,1836,3672,32000,306,103067,2347547,validation
0.9870879853111025,0.9798607302945628,0.9895257604452518,0.9935964605891257,0.9915569326103796,0.9641623604494015,0.9961934378274537,0.998414483145413,7729,271,165,25602,0.033875,0.006403539410874374,"KAN(cat,ML)",44,ton,2.3,3672,33767,"bytes_src,payload_mean_src,bytes_total,byte_asymmetry,byte_rate,flow_rate,pkts_total,duration,pkt_asymmetry,pkts_src",0.0,0.0,5.0,cat,306,1530,1836,3672,32000,306,103067,2347547,validation
0.9967698189326774,0.9983847003176074,1.0,0.9967694006352149,0.9983820869030959,0.19599757114480643,0.9998904906271007,0.9999999837059879,76,0,1896,584992,0.0,0.003230599364785104,"KAN(cat,ML)",44,bot,7.2,3672,586964,"bytes_src,payload_mean_src,bytes_total,byte_asymmetry,byte_rate,flow_rate,pkts_total,duration,pkt_asymmetry,pkts_src",0.0,0.0,5.0,cat,306,1530,1836,3672,32000,306,103067,2347547,validation
0.9743536588977404,0.9577693124927232,0.9773781680150301,0.9892886249854465,0.983297330658849,0.9284131512712648,0.9774302572088329,0.987491780472459,7410,590,276,25491,0.07375,0.0107113750145535,DecisionTree(d=5),44,ton,0.1,3672,33767,"bytes_src,payload_mean_src,bytes_total,byte_asymmetry,byte_rate,flow_rate,pkts_total,duration,pkt_asymmetry,pkts_src",0.0,0.0,5.0,cat,306,1530,1836,3672,32000,306,103067,2347547,validation
0.9937287465670808,0.9902858718134331,0.9999982853488201,0.9937296383637082,0.9968541069672001,0.13994155841835795,0.9984085773740385,0.9999996454488584,75,1,3680,583208,0.013157894736842105,0.006270361636291763,DecisionTree(d=5),44,bot,1.7,3672,586964,"bytes_src,payload_mean_src,bytes_total,byte_asymmetry,byte_rate,flow_rate,pkts_total,duration,pkt_asymmetry,pkts_src",0.0,0.0,5.0,cat,306,1530,1836,3672,32000,306,103067,2347547,validation
0.9861995439334261,0.9767359655761245,0.9872886252455606,0.994721931152249,0.9909913393133313,0.9616340944830029,0.9977040594558931,0.9991556381137607,7670,330,136,25631,0.04125,0.005278068847750999,LightGBM,44,ton,4.0,3672,33767,"bytes_src,payload_mean_src,bytes_total,byte_asymmetry,byte_rate,flow_rate,pkts_total,duration,pkt_asymmetry,pkts_src",0.0,0.0,5.0,cat,306,1530,1836,3672,32000,306,103067,2347547,validation
0.9967800410246626,0.9918117166083513,0.9999982905982906,0.9967813279535448,0.9983872178911295,0.1938048328647556,0.9998552019070797,0.9999999770107766,75,1,1889,584999,0.013157894736842105,0.003218672046455201,LightGBM,44,bot,20.4,3672,586964,"bytes_src,payload_mean_src,bytes_total,byte_asymmetry,byte_rate,flow_rate,pkts_total,duration,pkt_asymmetry,pkts_src",0.0,0.0,5.0,cat,306,1530,1836,3672,32000,306,103067,2347547,validation
0.9830899991115586,0.9717248976403927,0.9846503039162884,0.9933247952807855,0.9889685284287398,0.9529383952602841,0.9965573820196376,0.9987146698219367,7601,399,172,25595,0.049875,0.006675204719214499,XGBoost,44,ton,0.4,3672,33767,"bytes_src,payload_mean_src,bytes_total,byte_asymmetry,byte_rate,flow_rate,pkts_total,duration,pkt_asymmetry,pkts_src",0.0,0.0,5.0,cat,306,1530,1836,3672,32000,306,103067,2347547,validation
0.9938735595368711,0.9903582876747217,0.9999982855986861,0.9938744700862856,0.9969269737528008,0.14156345052671218,0.9998562220066736,0.9999999771447681,75,1,3595,583293,0.013157894736842105,0.006125529913714372,XGBoost,44,bot,3.5,3672,586964,"bytes_src,payload_mean_src,bytes_total,byte_asymmetry,byte_rate,flow_rate,pkts_total,duration,pkt_asymmetry,pkts_src",0.0,0.0,5.0,cat,306,1530,1836,3672,32000,306,103067,2347547,validation
0.9509876506648502,0.9156968287926417,0.9543604432049446,0.9827686575852835,0.9683562455784784,0.861634409748324,0.9809652244149494,0.9923067958078928,6789,1211,444,25323,0.151375,0.017231342414716497,MLP(16),44,ton,0.7,3672,33767,"bytes_src,payload_mean_src,bytes_total,byte_asymmetry,byte_rate,flow_rate,pkts_total,duration,pkt_asymmetry,pkts_src",0.0,0.0,5.0,cat,306,1530,1836,3672,32000,306,103067,2347547,validation
0.9958873116579552,0.9782091032880658,0.9999948672324117,0.9958918907866577,0.9979391617322652,0.1676376725829743,0.9901709256459944,0.9999984513568008,73,3,2411,584477,0.039473684210526314,0.004108109213342239,MLP(16),44,bot,3.2,3672,586964,"bytes_src,payload_mean_src,bytes_total,byte_asymmetry,byte_rate,flow_rate,pkts_total,duration,pkt_asymmetry,pkts_src",0.0,0.0,5.0,cat,306,1530,1836,3672,32000,306,103067,2347547,validation
0.9359137619569402,0.9420199358675825,0.9847607311562949,0.9304148717351651,0.956816730523627,0.8380546414939493,0.9788663624985446,0.9877830356484508,7629,371,1793,23974,0.046375,0.06958512826483487,"KAN(cat,1L)",44,ton,0.6,6732,33767,"bytes_src,payload_mean_src,bytes_total,byte_asymmetry,byte_rate,flow_rate,pkt_asymmetry,pkts_total,duration,bytes_dst",0.0,0.0,10.0,cat,306,3060,3366,6732,32000,306,103067,2347547,validation
0.9954767242965497,0.9911599738567531,0.9999982883599922,0.9954778424503483,0.9977329452158313,0.16430161068469668,0.9979742167249341,0.9999997330413739,75,1,2654,584234,0.013157894736842105,0.004522157549651722,"KAN(cat,1L)",44,bot,8.9,6732,586964,"bytes_src,payload_mean_src,bytes_total,byte_asymmetry,byte_rate,flow_rate,pkt_asymmetry,pkts_total,duration,bytes_dst",0.0,0.0,10.0,cat,306,3060,3366,6732,32000,306,103067,2347547,validation
0.986318002783783,0.9773738235921916,0.9877790200084814,0.9943726471843831,0.9910648667466058,0.961974358315985,0.996827735087515,0.9988181131111842,7683,317,145,25622,0.039625,0.005627352815616874,"KAN(cat,ML)",44,ton,5.4,6732,33767,"bytes_src,payload_mean_src,bytes_total,byte_asymmetry,byte_rate,flow_rate,pkt_asymmetry,pkts_total,duration,bytes_dst",0.0,0.0,10.0,cat,306,3060,3366,6732,32000,306,103067,2347547,validation
0.9967425600207168,0.9917929736795472,0.999998290534003,0.9967438420959366,0.9983684141360872,0.1927246818914279,0.9998008115419136,0.9999999720750048,75,1,1911,584977,0.013157894736842105,0.003256157904063467,"KAN(cat,ML)",44,bot,12.1,6732,586964,"bytes_src,payload_mean_src,bytes_total,byte_asymmetry,byte_rate,flow_rate,pkt_asymmetry,pkts_total,duration,bytes_dst",0.0,0.0,10.0,cat,306,3060,3366,6732,32000,306,103067,2347547,validation
0.9754494032635413,0.959219905790352,0.9780325103511731,0.990064811580704,0.9840118801951746,0.9314833805939974,0.9786104562036714,0.9883817421254036,7427,573,256,25511,0.071625,0.009935188419295998,DecisionTree(d=5),44,ton,0.2,6732,33767,"bytes_src,payload_mean_src,bytes_total,byte_asymmetry,byte_rate,flow_rate,pkt_asymmetry,pkts_total,duration,bytes_dst",0.0,0.0,10.0,cat,306,3060,3366,6732,32000,306,103067,2347547,validation
0.9967732262966724,0.9918083088031142,0.9999982905866023,0.9967745123430706,0.9983837990790897,0.19360709693360142,0.99883130216184,0.9999997135428074,75,1,1893,584995,0.013157894736842105,0.003225487656929431,DecisionTree(d=5),44,bot,2.0,6732,586964,"bytes_src,payload_mean_src,bytes_total,byte_asymmetry,byte_rate,flow_rate,pkt_asymmetry,pkts_total,duration,bytes_dst",0.0,0.0,10.0,cat,306,3060,3366,6732,32000,306,103067,2347547,validation
0.9852518731305713,0.9720640547987736,0.9837653635563043,0.9971281095975473,0.9904016652532572,0.9589931128448679,0.9980864356541311,0.9993311905385189,7576,424,74,25693,0.053,0.0028718904024527497,LightGBM,44,ton,4.2,6732,33767,"bytes_src,payload_mean_src,bytes_total,byte_asymmetry,byte_rate,flow_rate,pkt_asymmetry,pkts_total,duration,bytes_dst",0.0,0.0,10.0,cat,306,3060,3366,6732,32000,306,103067,2347547,validation
0.9967885594346502,0.9918159763648977,0.9999982906129008,0.9967898474666376,0.9983914913733591,0.19405285295013572,0.9998799533345911,0.9999999802289721,75,1,1884,585004,0.013157894736842105,0.0032101525333624132,LightGBM,44,bot,36.3,6732,586964,"bytes_src,payload_mean_src,bytes_total,byte_asymmetry,byte_rate,flow_rate,pkt_asymmetry,pkts_total,duration,bytes_dst",0.0,0.0,10.0,cat,306,3060,3366,6732,32000,306,103067,2347547,validation
0.9843930464654841,0.9713289381767377,0.9835990190067443,0.9961578763534754,0.9898386132695756,0.9565728704946211,0.9971420445725152,0.998877727991768,7572,428,99,25668,0.0535,0.0038421236465246244,XGBoost,44,ton,1.5,6732,33767,"bytes_src,payload_mean_src,bytes_total,byte_asymmetry,byte_rate,flow_rate,pkt_asymmetry,pkts_total,duration,bytes_dst",0.0,0.0,10.0,cat,306,3060,3366,6732,32000,306,103067,2347547,validation
0.9988568293796554,0.9928502452543622,0.9999982941528678,0.9988583852455665,0.9994280146653289,0.3150077960144463,0.9998927550240017,0.9999999818883611,75,1,670,586218,0.013157894736842105,0.0011416147544335547,XGBoost,44,bot,11.2,6732,586964,"bytes_src,payload_mean_src,bytes_total,byte_asymmetry,byte_rate,flow_rate,pkt_asymmetry,pkts_total,duration,bytes_dst",0.0,0.0,10.0,cat,306,3060,3366,6732,32000,306,103067,2347547,validation
0.9523795421565434,0.9055333469165987,0.9458202620409669,0.9945666938331975,0.9695811736218833,0.866085750576669,0.983000662184189,0.9937160983631947,6532,1468,140,25627,0.1835,0.0054333061668024995,MLP(16),44,ton,1.2,6732,33767,"bytes_src,payload_mean_src,bytes_total,byte_asymmetry,byte_rate,flow_rate,pkt_asymmetry,pkts_total,duration,bytes_dst",0.0,0.0,10.0,cat,306,3060,3366,6732,32000,306,103067,2347547,validation
0.9959128668879181,0.9716437871405932,0.99999315650893,0.9959191532285547,0.9979519969950101,0.16590245267759873,0.9915833263981507,0.9999986327067081,72,4,2395,584493,0.05263157894736842,0.004080846771445318,MLP(16),44,bot,5.2,6732,586964,"bytes_src,payload_mean_src,bytes_total,byte_asymmetry,byte_rate,flow_rate,pkt_asymmetry,pkts_total,duration,bytes_dst",0.0,0.0,10.0,cat,306,3060,3366,6732,32000,306,103067,2347547,validation
0.9343145674771226,0.9407566072883922,0.984527385704292,0.9285132145767843,0.9557002476631781,0.8344694207899174,0.9797474652656498,0.9879471662323782,7624,376,1842,23925,0.047,0.07148678542321574,"KAN(cat,1L)",44,ton,1.3,12852,33767,"bytes_src,bytes_total,payload_mean_src,byte_asymmetry,byte_rate,flow_rate,duration,pkts_total,pkt_asymmetry,bytes_dst",0.0,0.0,20.0,cat,306,6120,6426,12852,32000,306,103067,2347547,validation
0.9954665022045645,0.9911548621488975,0.9999982883424137,0.995467619034637,0.997727810287102,0.1641204252576883,0.9978533517378729,0.9999997173589934,75,1,2660,584228,0.013157894736842105,0.004532380965363067,"KAN(cat,1L)",44,bot,7.2,12852,586964,"bytes_src,bytes_total,payload_mean_src,byte_asymmetry,byte_rate,flow_rate,duration,pkts_total,pkt_asymmetry,bytes_dst",0.0,0.0,20.0,cat,306,6120,6426,12852,32000,306,103067,2347547,validation
0.9880356561139574,0.979964535549346,0.9890855798526746,0.9953040710986921,0.9921850820179511,0.966764185159817,0.9968970315713898,0.9989035012934784,7717,283,121,25646,0.035375,0.004695928901307874,"KAN(cat,ML)",44,ton,8.0,12852,33767,"bytes_src,bytes_total,payload_mean_src,byte_asymmetry,byte_rate,flow_rate,duration,pkts_total,pkt_asymmetry,bytes_dst",0.0,0.0,20.0,cat,306,6120,6426,12852,32000,306,103067,2347547,validation
0.996832855166586,0.9984162225160508,1.0,0.9968324450321016,0.9984137101859603,0.19786883372687566,0.9998844597086219,0.9999999829200896,76,0,1859,585029,0.0,0.003167554967898475,"KAN(cat,ML)",44,bot,13.7,12852,586964,"bytes_src,bytes_total,payload_mean_src,byte_asymmetry,byte_rate,flow_rate,duration,pkts_total,pkt_asymmetry,bytes_dst",0.0,0.0,20.0,cat,306,6120,6426,12852,32000,306,103067,2347547,validation
0.9757159356768442,0.9594376431094035,0.9780767314399601,0.990375286218807,0.9841875891858537,0.932224790416773,0.9787861339115924,0.9884625926943105,7428,572,248,25519,0.0715,0.009624713781193,DecisionTree(d=5),44,ton,0.3,12852,33767,"bytes_src,bytes_total,payload_mean_src,byte_asymmetry,byte_rate,flow_rate,duration,pkts_total,pkt_asymmetry,bytes_dst",0.0,0.0,20.0,cat,306,6120,6426,12852,32000,306,103067,2347547,validation
0.996778337342665,0.991810864657042,0.9999982905953685,0.9967796240509262,0.9983863631903076,0.19375534234806976,0.9988291162341385,0.9999997132878933,75,1,1890,584998,0.013157894736842105,0.0032203759490737585,DecisionTree(d=5),44,bot,2.8,12852,586964,"bytes_src,bytes_total,payload_mean_src,byte_asymmetry,byte_rate,flow_rate,duration,pkts_total,pkt_asymmetry,bytes_dst",0.0,0.0,20.0,cat,306,6120,6426,12852,32000,306,103067,2347547,validation
0.9853999466935174,0.9721179827880623,0.9837314346960649,0.9973609655761245,0.9904993158736582,0.9594132089099268,0.9974046964140179,0.9990121598968815,7575,425,68,25699,0.053125,0.0026390344238754995,LightGBM,44,ton,6.1,12852,33767,"bytes_src,bytes_total,payload_mean_src,byte_asymmetry,byte_rate,flow_rate,duration,pkts_total,pkt_asymmetry,bytes_dst",0.0,0.0,20.0,cat,306,6120,6426,12852,32000,306,103067,2347547,validation
0.996807299936623,0.9918253478292998,0.9999982906450422,0.9968085903954417,0.9984008929059035,0.1946018506668795,0.9998630488270335,0.9999999780233597,75,1,1873,585015,0.013157894736842105,0.0031914096045582803,LightGBM,44,bot,32.4,12852,586964,"bytes_src,bytes_total,payload_mean_src,byte_asymmetry,byte_rate,flow_rate,duration,pkts_total,pkt_asymmetry,bytes_dst",0.0,0.0,20.0,cat,306,6120,6426,12852,32000,306,103067,2347547,validation
0.9809873545177245,0.9616850040749796,0.9772079772079773,0.9983700081499592,0.9876756507717116,0.9471606865282731,0.9971332057476616,0.9987904852073403,7400,600,42,25725,0.075,0.0016299918500407497,XGBoost,44,ton,3.3,12852,33767,"bytes_src,bytes_total,payload_mean_src,byte_asymmetry,byte_rate,flow_rate,duration,pkts_total,pkt_asymmetry,bytes_dst",0.0,0.0,20.0,cat,306,6120,6426,12852,32000,306,103067,2347547,validation
0.9998807422601727,0.9604717909056799,0.9999897755738459,0.9998909502324124,0.9999403604613715,0.6935996789772431,0.9999012296975519,0.9999999829868783,70,6,64,586824,0.07894736842105263,0.00010904976758768283,XGBoost,44,bot,7.2,12852,586964,"bytes_src,bytes_total,payload_mean_src,byte_asymmetry,byte_rate,flow_rate,duration,pkts_total,pkt_asymmetry,bytes_dst",0.0,0.0,20.0,cat,306,6120,6426,12852,32000,306,103067,2347547,validation
0.9517872479047591,0.9035938215547018,0.9445979297896637,0.9951876431094036,0.9692330952110972,0.8644930594187308,0.989099262137618,0.9962631493570362,6496,1504,124,25643,0.188,0.0048123568905965,MLP(16),44,ton,2.3,12852,33767,"bytes_src,bytes_total,payload_mean_src,byte_asymmetry,byte_rate,flow_rate,duration,pkts_total,pkt_asymmetry,bytes_dst",0.0,0.0,20.0,cat,306,6120,6426,12852,32000,306,103067,2347547,validation
0.9958975337499404,0.958479928744586,0.9999897346755815,0.9959072259102247,0.9979443050077687,0.16110952444521592,0.9918665553689432,0.9999986780263754,70,6,2402,584486,0.07894736842105263,0.0040927740897752215,MLP(16),44,bot,6.3,12852,586964,"bytes_src,bytes_total,payload_mean_src,byte_asymmetry,byte_rate,flow_rate,duration,pkts_total,pkt_asymmetry,bytes_dst",0.0,0.0,20.0,cat,306,6120,6426,12852,32000,306,103067,2347547,validation
0.9339295762134628,0.9406336326502891,0.9846388271147352,0.9278922653005782,0.9554236847889068,0.8337266151802275,0.9809191189311911,0.9881517498653029,7627,373,1858,23909,0.046625,0.07210773469942174,"KAN(cat,1L)",44,ton,2.0,31212,33767,"bytes_src,bytes_total,payload_mean_src,byte_asymmetry,byte_rate,flow_rate,pkt_asymmetry,pkts_total,duration,bytes_dst",0.0,0.0,50.0,cat,306,15300,15606,31212,32000,306,103067,2347547,validation
0.9954596874765743,0.9977295497607721,1.0,0.9954590995215441,0.9977243830858048,0.16613609138994045,0.9976740159872698,0.9999996940782411,76,0,2665,584223,0.0,0.004540900478455855,"KAN(cat,1L)",44,bot,8.3,31212,586964,"bytes_src,bytes_total,payload_mean_src,byte_asymmetry,byte_rate,flow_rate,pkt_asymmetry,pkts_total,duration,bytes_dst",0.0,0.0,50.0,cat,306,15300,15606,31212,32000,306,103067,2347547,validation
0.9881837296769035,0.9793720335118562,0.9884849418470307,0.9961190670237124,0.9922873214389268,0.9671680610825585,0.997029014825164,0.998865641795558,7701,299,100,25667,0.037375,0.0038809329762874993,"KAN(cat,ML)",44,ton,36.8,31212,33767,"bytes_src,bytes_total,payload_mean_src,byte_asymmetry,byte_rate,flow_rate,pkt_asymmetry,pkts_total,duration,bytes_dst",0.0,0.0,50.0,cat,306,15300,15606,31212,32000,306,103067,2347547,validation
0.996829447802591,0.9918364231963204,0.9999982906830259,0.996830741129483,0.9984120035804583,0.19525668516762607,0.9998755366396458,0.9999999817541787,75,1,1860,585028,0.013157894736842105,0.003169258870517032,"KAN(cat,ML)",44,bot,42.4,31212,586964,"bytes_src,bytes_total,payload_mean_src,byte_asymmetry,byte_rate,flow_rate,pkt_asymmetry,pkts_total,duration,bytes_dst",0.0,0.0,50.0,cat,306,15300,15606,31212,32000,306,103067,2347547,validation
0.9755678621138982,0.959082047774285,0.9778527090198482,0.9904140955485699,0.9840933191940615,0.9318033034594004,0.9785948500019404,0.9881980041191217,7422,578,247,25520,0.07225,0.009585904451430123,DecisionTree(d=5),44,ton,0.3,31212,33767,"bytes_src,bytes_total,payload_mean_src,byte_asymmetry,byte_rate,flow_rate,pkt_asymmetry,pkts_total,duration,bytes_dst",0.0,0.0,50.0,cat,306,15300,15606,31212,32000,306,103067,2347547,validation
0.9967732262966724,0.9918083088031142,0.9999982905866023,0.9967745123430706,0.9983837990790897,0.19360709693360142,0.9988248676874778,0.9999997126820217,75,1,1893,584995,0.013157894736842105,0.003225487656929431,DecisionTree(d=5),44,bot,2.3,31212,586964,"bytes_src,bytes_total,payload_mean_src,byte_asymmetry,byte_rate,flow_rate,pkt_asymmetry,pkts_total,duration,bytes_dst",0.0,0.0,50.0,cat,306,15300,15606,31212,32000,306,103067,2347547,validation
0.9845707347410193,0.9698939341017581,0.9822724841445709,0.9977878682035162,0.9899693883444678,0.9571169504909305,0.9971549559514107,0.9989003676724381,7536,464,57,25710,0.058,0.0022121317964838745,LightGBM,44,ton,5.5,31212,33767,"bytes_src,bytes_total,payload_mean_src,byte_asymmetry,byte_rate,flow_rate,pkt_asymmetry,pkts_total,duration,bytes_dst",0.0,0.0,50.0,cat,306,15300,15606,31212,32000,306,103067,2347547,validation
0.9968379662125786,0.9918406829528668,0.9999982906976347,0.9968392606425758,0.9984162768511897,0.19551030255744625,0.9999070812578603,0.9999999837479527,75,1,1855,585033,0.013157894736842105,0.0031607393574242444,LightGBM,44,bot,28.7,31212,586964,"bytes_src,bytes_total,payload_mean_src,byte_asymmetry,byte_rate,flow_rate,pkt_asymmetry,pkts_total,duration,bytes_dst",0.0,0.0,50.0,cat,306,15300,15606,31212,32000,306,103067,2347547,validation
0.9803358308407617,0.9595342880428455,0.9757419550468105,0.999068576085691,0.9872674976030681,0.9454028492893976,0.997160949567276,0.9988676163715354,7360,640,24,25743,0.08,0.0009314239143089998,XGBoost,44,ton,2.1,31212,33767,"bytes_src,bytes_total,payload_mean_src,byte_asymmetry,byte_rate,flow_rate,pkt_asymmetry,pkts_total,duration,bytes_dst",0.0,0.0,50.0,cat,306,15300,15606,31212,32000,306,103067,2347547,validation
0.9998841496241677,0.9604734948082985,0.9999897756086921,0.9998943580376495,0.9999420645469107,0.698835862860328,0.9999006355736125,0.9999999829082846,70,6,62,586826,0.07894736842105263,0.00010564196235056774,XGBoost,44,bot,15.2,31212,586964,"bytes_src,bytes_total,payload_mean_src,byte_asymmetry,byte_rate,flow_rate,pkt_asymmetry,pkts_total,duration,bytes_dst",0.0,0.0,50.0,cat,306,15300,15606,31212,32000,306,103067,2347547,validation
0.9033375781088044,0.7993614361392478,0.8896623376623377,0.9969728722784957,0.9402657296585044,0.7232668344296603,0.9912170630069469,0.9970886802773093,4814,3186,78,25689,0.39825,0.0030271277215042497,MLP(16),44,ton,2.5,31212,33767,"bytes_src,bytes_total,payload_mean_src,byte_asymmetry,byte_rate,flow_rate,pkt_asymmetry,pkts_total,duration,bytes_dst",0.0,0.0,50.0,cat,306,15300,15606,31212,32000,306,103067,2347547,validation
0.9998330391642417,0.9275574591834612,0.999981254643736,0.9998517604721855,0.9999165033654256,0.6046967118224685,0.9995647425600438,0.9999999393209302,65,11,87,586801,0.14473684210526316,0.00014823952781450634,MLP(16),44,bot,5.8,31212,586964,"bytes_src,bytes_total,payload_mean_src,byte_asymmetry,byte_rate,flow_rate,pkt_asymmetry,pkts_total,duration,bytes_dst",0.0,0.0,50.0,cat,306,15300,15606,31212,32000,306,103067,2347547,validation
0.9341072644889982,0.9407500606395778,0.9846426218708827,0.9281251212791555,0.9555488962141644,0.8341077566631123,0.9814122302751581,0.9888787362881631,7627,373,1852,23915,0.046625,0.07187487872084448,"KAN(cat,1L)",44,ton,3.1,61812,33767,"bytes_src,byte_asymmetry,bytes_total,payload_mean_src,byte_rate,flow_rate,pkt_asymmetry,pkts_total,duration,bytes_dst",0.0,0.0,100.0,cat,306,30600,30906,61812,32000,306,103067,2347547,validation
0.9954494653845892,0.9977244380529164,1.0,0.9954488761058328,0.9977192480605923,0.16595370272062282,0.997714371575604,0.9999996993082537,76,0,2671,584217,0.0,0.0045511238941672,"KAN(cat,1L)",44,bot,10.1,61812,586964,"bytes_src,byte_asymmetry,bytes_total,payload_mean_src,byte_rate,flow_rate,pkt_asymmetry,pkts_total,duration,bytes_dst",0.0,0.0,100.0,cat,306,30600,30906,61812,32000,306,103067,2347547,validation
0.986732608760032,0.9760509615011448,0.9863987397702386,0.9963519230022897,0.9913503494613276,0.963114293348282,0.9955995046959288,0.9982533218633554,7646,354,94,25673,0.04425,0.0036480769977102496,"KAN(cat,ML)",44,ton,98.3,61812,33767,"bytes_src,byte_asymmetry,bytes_total,payload_mean_src,byte_rate,flow_rate,pkt_asymmetry,pkts_total,duration,bytes_dst",0.0,0.0,100.0,cat,306,30600,30906,61812,32000,306,103067,2347547,validation
0.9968209293926032,0.991832163439774,0.9999982906684171,0.9968222216163902,0.9984077302732628,0.19500404778177133,0.9998830921025728,0.9999999827447528,75,1,1865,585023,0.013157894736842105,0.0031777783836098197,"KAN(cat,ML)",44,bot,103.5,61812,586964,"bytes_src,byte_asymmetry,bytes_total,payload_mean_src,byte_rate,flow_rate,pkt_asymmetry,pkts_total,duration,bytes_dst",0.0,0.0,100.0,cat,306,30600,30906,61812,32000,306,103067,2347547,validation
0.9753901738383629,0.958707047774285,0.9776279497395035,0.9904140955485699,0.9839794875749456,0.9312995381816106,0.978211387142469,0.987918536954822,7416,584,247,25520,0.073,0.009585904451430123,DecisionTree(d=5),44,ton,0.3,61812,33767,"bytes_src,byte_asymmetry,bytes_total,payload_mean_src,byte_rate,flow_rate,pkt_asymmetry,pkts_total,duration,bytes_dst",0.0,0.0,100.0,cat,306,30600,30906,61812,32000,306,103067,2347547,validation
0.9967919667986452,0.9918176802675163,0.9999982906187447,0.9967932552718747,0.9983932007560404,0.19415232672017757,0.9987657355406823,0.9999997068295523,75,1,1882,585006,0.013157894736842105,0.003206744728125298,DecisionTree(d=5),44,bot,2.2,61812,586964,"bytes_src,byte_asymmetry,bytes_total,payload_mean_src,byte_rate,flow_rate,pkt_asymmetry,pkts_total,duration,bytes_dst",0.0,0.0,100.0,cat,306,30600,30906,61812,32000,306,103067,2347547,validation
0.9849557260046792,0.9692411927077269,0.9815090167371993,0.9991073854154539,0.9902300176936687,0.9582616652601281,0.9964313754026468,0.9986593997768086,7515,485,23,25744,0.060625,0.0008926145845461248,LightGBM,44,ton,7.4,61812,33767,"bytes_src,byte_asymmetry,bytes_total,payload_mean_src,byte_rate,flow_rate,pkt_asymmetry,pkts_total,duration,bytes_dst",0.0,0.0,100.0,cat,306,30600,30906,61812,32000,306,103067,2347547,validation
0.9968635214425416,0.9918534622225059,0.9999982907414593,0.9968648191818541,0.9984290964446041,0.1962770986220135,0.9998712432534425,0.9999999790827759,75,1,1840,585048,0.013157894736842105,0.0031351808181458813,LightGBM,44,bot,38.3,61812,586964,"bytes_src,byte_asymmetry,bytes_total,payload_mean_src,byte_rate,flow_rate,pkt_asymmetry,pkts_total,duration,bytes_dst",0.0,0.0,100.0,cat,306,30600,30906,61812,32000,306,103067,2347547,validation
0.9771078271685373,0.9523339300267785,0.9714070162202942,0.9994178600535569,0.9852133825582953,0.9364458262169483,0.9969032895758141,0.9987599273373597,7242,758,15,25752,0.09475,0.0005821399464431249,XGBoost,44,ton,3.6,61812,33767,"bytes_src,byte_asymmetry,bytes_total,payload_mean_src,byte_rate,flow_rate,pkt_asymmetry,pkts_total,duration,bytes_dst",0.0,0.0,100.0,cat,306,30600,30906,61812,32000,306,103067,2347547,validation
0.9999080011721332,0.9604854221266284,0.9999897758526087,0.9999182126743092,0.999953992983078,0.7391408663304775,0.9999028102914284,0.9999999831869523,70,6,48,586840,0.07894736842105263,8.178732569076213e-05,XGBoost,44,bot,11.4,61812,586964,"bytes_src,byte_asymmetry,bytes_total,payload_mean_src,byte_rate,flow_rate,pkt_asymmetry,pkts_total,duration,bytes_dst",0.0,0.0,100.0,cat,306,30600,30906,61812,32000,306,103067,2347547,validation
0.8907217105457992,0.7702800020374898,0.8752677205507394,0.9991850040749797,0.933130368598456,0.6859492122837144,0.9907394462878878,0.9968013351897186,4331,3669,21,25746,0.458625,0.0008149959250203749,MLP(16),44,ton,3.0,61812,33767,"bytes_src,byte_asymmetry,bytes_total,payload_mean_src,byte_rate,flow_rate,pkt_asymmetry,pkts_total,duration,bytes_dst",0.0,0.0,100.0,cat,306,30600,30906,61812,32000,306,103067,2347547,validation
0.9998858533061653,0.9210057742569371,0.9999795516703729,0.9999062853559794,0.9999429171711113,0.6729259464236796,0.9997594806935278,0.9999999646016107,64,12,55,586833,0.15789473684210525,9.371464402066493e-05,MLP(16),44,bot,5.1,61812,586964,"bytes_src,byte_asymmetry,bytes_total,payload_mean_src,byte_rate,flow_rate,pkt_asymmetry,pkts_total,duration,bytes_dst",0.0,0.0,100.0,cat,306,30600,30906,61812,32000,306,103067,2347547,validation
0.9383421683892558,0.9439558810688089,0.985129654663881,0.9332867621376179,0.9585077125433457,0.8435461340652293,0.9757739065471339,0.9880636654442343,7637,363,1719,24048,0.045375,0.06671323786238212,"KAN(cat,1L)",45,ton,0.3,3672,33767,"bytes_src,payload_mean_src,byte_asymmetry,bytes_total,byte_rate,flow_rate,duration,pkt_asymmetry,pkts_total,pkts_src",0.0,0.0,5.0,cat,306,1530,1836,3672,32000,306,103067,2347547,validation
0.995384725468683,0.9911139684860519,0.9999982882017731,0.9953858317089461,0.9976867289630243,0.16269206676747167,0.9975157996612283,0.9999996741701519,75,1,2708,584180,0.013157894736842105,0.0046141682910538296,"KAN(cat,1L)",45,bot,4.9,3672,586964,"bytes_src,payload_mean_src,byte_asymmetry,bytes_total,byte_rate,flow_rate,duration,pkt_asymmetry,pkts_total,pkts_src",0.0,0.0,5.0,cat,306,1530,1836,3672,32000,306,103067,2347547,validation
0.984659578878787,0.9801226471843831,0.9911301303248395,0.9887452943687662,0.9899362760335717,0.9576987240841272,0.996995660631816,0.9989074199574276,7772,228,290,25477,0.0285,0.011254705631233748,"KAN(cat,ML)",45,ton,2.2,3672,33767,"bytes_src,payload_mean_src,byte_asymmetry,bytes_total,byte_rate,flow_rate,duration,pkt_asymmetry,pkts_total,pkts_src",0.0,0.0,5.0,cat,306,1530,1836,3672,32000,306,103067,2347547,validation
0.9964307862151682,0.9850589711728375,0.9999965800098154,0.996433731819359,0.9982119767685,0.18200232009445177,0.9997318146957476,0.9999999634691619,74,2,2093,584795,0.02631578947368421,0.00356626818064094,"KAN(cat,ML)",45,bot,8.1,3672,586964,"bytes_src,payload_mean_src,byte_asymmetry,bytes_total,byte_rate,flow_rate,duration,pkt_asymmetry,pkts_total,pkts_src",0.0,0.0,5.0,cat,306,1530,1836,3672,32000,306,103067,2347547,validation
0.9755678621138982,0.9634777719563783,0.9816173630956978,0.9864555439127566,0.9840305065716886,0.932107775658383,0.9815902486707804,0.9900726512873149,7524,476,349,25418,0.0595,0.013544456087243374,DecisionTree(d=5),45,ton,0.2,3672,33767,"bytes_src,payload_mean_src,byte_asymmetry,bytes_total,byte_rate,flow_rate,duration,pkt_asymmetry,pkts_total,pkts_src",0.0,0.0,5.0,cat,306,1530,1836,3672,32000,306,103067,2347547,validation
0.993534526819362,0.9967668447812871,1.0,0.9935336895625742,0.9967563575818753,0.13966465391530622,0.9996313517005665,0.9999999279468913,76,0,3795,583093,0.0,0.0064663104374258805,DecisionTree(d=5),45,bot,2.7,3672,586964,"bytes_src,payload_mean_src,byte_asymmetry,bytes_total,byte_rate,flow_rate,duration,pkt_asymmetry,pkts_total,pkts_src",0.0,0.0,5.0,cat,306,1530,1836,3672,32000,306,103067,2347547,validation
0.9877691237006545,0.9822894230022898,0.9912804216400558,0.9927038460045795,0.9919916231990847,0.9661238002973063,0.997462022645244,0.9988409521152843,7775,225,188,25579,0.028125,0.007296153995420499,LightGBM,45,ton,3.6,3672,33767,"bytes_src,payload_mean_src,byte_asymmetry,bytes_total,byte_rate,flow_rate,duration,pkt_asymmetry,pkts_total,pkts_src",0.0,0.0,5.0,cat,306,1530,1836,3672,32000,306,103067,2347547,validation
0.9965176739970424,0.9916805161067224,0.9999982901481758,0.996518926950287,0.9982555767776645,0.18660087056296193,0.999870077425335,0.9999999795541601,75,1,2043,584845,0.013157894736842105,0.003481073049713063,LightGBM,45,bot,34.7,3672,586964,"bytes_src,payload_mean_src,byte_asymmetry,bytes_total,byte_rate,flow_rate,duration,pkt_asymmetry,pkts_total,pkts_src",0.0,0.0,5.0,cat,306,1530,1836,3672,32000,306,103067,2347547,validation
0.985636864394231,0.9782203763534754,0.9889000618811881,0.9923157527069507,0.9906049629041319,0.9601489979142132,0.9971491830636086,0.9984986463304024,7713,287,198,25569,0.035875,0.007684247293049249,XGBoost,45,ton,1.2,3672,33767,"bytes_src,payload_mean_src,byte_asymmetry,bytes_total,byte_rate,flow_rate,duration,pkt_asymmetry,pkts_total,pkts_src",0.0,0.0,5.0,cat,306,1530,1836,3672,32000,306,103067,2347547,validation
0.9965295997710252,0.9916864797658873,0.9999982901686406,0.9965308542686169,0.9982615612153197,0.18691114389132413,0.9998339928034328,0.9999999748601248,75,1,2036,584852,0.013157894736842105,0.00346914573138316,XGBoost,45,bot,9.3,3672,586964,"bytes_src,payload_mean_src,byte_asymmetry,bytes_total,byte_rate,flow_rate,duration,pkt_asymmetry,pkts_total,pkts_src",0.0,0.0,5.0,cat,306,1530,1836,3672,32000,306,103067,2347547,validation
0.9599016791542038,0.9230459696511042,0.9560620212964692,0.9930919393022083,0.9742252341429986,0.8873599076695788,0.9833502784569411,0.9932288731029764,6824,1176,178,25589,0.147,0.0069080606977917495,MLP(16),45,ton,0.6,3672,33767,"bytes_src,payload_mean_src,byte_asymmetry,bytes_total,byte_rate,flow_rate,duration,pkt_asymmetry,pkts_total,pkts_src",0.0,0.0,5.0,cat,306,1530,1836,3672,32000,306,103067,2347547,validation
0.9958208680600514,0.9584415909356685,0.9999897338851941,0.9958305502923896,0.9979058083298117,0.15965563189486034,0.9822571275143326,0.9999969090978439,70,6,2447,584441,0.07894736842105263,0.004169449707610311,MLP(16),45,bot,2.9,3672,586964,"bytes_src,payload_mean_src,byte_asymmetry,bytes_total,byte_rate,flow_rate,duration,pkt_asymmetry,pkts_total,pkts_src",0.0,0.0,5.0,cat,306,1530,1836,3672,32000,306,103067,2347547,validation
0.9342553380519442,0.9416658953312376,0.9854050711193568,0.9275817906624753,0.9556195274079405,0.834957216583807,0.9800702545892033,0.9893932061240164,7646,354,1866,23901,0.04425,0.07241820933752474,"KAN(cat,1L)",45,ton,0.5,6732,33767,"bytes_src,payload_mean_src,byte_asymmetry,bytes_total,byte_rate,flow_rate,duration,pkt_asymmetry,pkts_total,bytes_dst",0.0,0.0,10.0,cat,306,3060,3366,6732,32000,306,103067,2347547,validation
0.9931614204619023,0.996580267444555,1.0,0.99316053488911,0.9965685327442676,0.1358485067463957,0.9972508876435852,0.9999996398111983,76,0,4014,582874,0.0,0.006839465110889982,"KAN(cat,1L)",45,bot,5.2,6732,586964,"bytes_src,payload_mean_src,byte_asymmetry,bytes_total,byte_rate,flow_rate,duration,pkt_asymmetry,pkts_total,bytes_dst",0.0,0.0,10.0,cat,306,3060,3366,6732,32000,306,103067,2347547,validation
0.9875322059999407,0.981660136996934,0.9908590905569757,0.9928202739938681,0.9918387128041097,0.9654506427760207,0.9967294213528932,0.9982245048367544,7764,236,185,25582,0.0295,0.0071797260061318745,"KAN(cat,ML)",45,ton,4.4,6732,33767,"bytes_src,payload_mean_src,byte_asymmetry,bytes_total,byte_rate,flow_rate,duration,pkt_asymmetry,pkts_total,bytes_dst",0.0,0.0,10.0,cat,306,3060,3366,6732,32000,306,103067,2347547,validation
0.9965755991849585,0.9982875778683497,1.0,0.9965751557366993,0.9982846404486903,0.19054812171814026,0.999819924396944,0.9999999749048405,76,0,2010,584878,0.0,0.0034248442633006636,"KAN(cat,ML)",45,bot,10.7,6732,586964,"bytes_src,payload_mean_src,byte_asymmetry,bytes_total,byte_rate,flow_rate,duration,pkt_asymmetry,pkts_total,bytes_dst",0.0,0.0,10.0,cat,306,3060,3366,6732,32000,306,103067,2347547,validation
0.9772559007314834,0.9641528845034346,0.98128681991452,0.9890557690068692,0.985155978197843,0.9366723931012904,0.9820050743198665,0.9900906031406189,7514,486,282,25485,0.06075,0.010944230993130749,DecisionTree(d=5),45,ton,0.1,6732,33767,"bytes_src,payload_mean_src,byte_asymmetry,bytes_total,byte_rate,flow_rate,duration,pkt_asymmetry,pkts_total,bytes_dst",0.0,0.0,10.0,cat,306,3060,3366,6732,32000,306,103067,2347547,validation
0.9965619697289783,0.9982807622578754,1.0,0.9965615245157509,0.998277801389024,0.19018248395437196,0.9996211507046265,0.999999932746431,76,0,2018,584870,0.0,0.003438475484249124,DecisionTree(d=5),45,bot,1.9,6732,586964,"bytes_src,payload_mean_src,byte_asymmetry,bytes_total,byte_rate,flow_rate,duration,pkt_asymmetry,pkts_total,bytes_dst",0.0,0.0,10.0,cat,306,3060,3366,6732,32000,306,103067,2347547,validation
0.9890129416294015,0.9816822728683976,0.9900432232170423,0.9956145457367951,0.9928210685191277,0.969491529929775,0.99806923826988,0.9992812151331124,7742,258,113,25654,0.03225,0.004385454263204874,LightGBM,45,ton,4.3,6732,33767,"bytes_src,payload_mean_src,byte_asymmetry,bytes_total,byte_rate,flow_rate,duration,pkt_asymmetry,pkts_total,bytes_dst",0.0,0.0,10.0,cat,306,3060,3366,6732,32000,306,103067,2347547,validation
0.9963898978472274,0.9850385243414148,0.9999965798694537,0.9963928381565137,0.9981914564024919,0.18099884172238873,0.999799298207351,0.9999999703783924,74,2,2117,584771,0.02631578947368421,0.003607161843486321,LightGBM,45,bot,37.0,6732,586964,"bytes_src,payload_mean_src,byte_asymmetry,bytes_total,byte_rate,flow_rate,duration,pkt_asymmetry,pkts_total,bytes_dst",0.0,0.0,10.0,cat,306,3060,3366,6732,32000,306,103067,2347547,validation
0.9860810850830692,0.9748483428416191,0.985714834299758,0.9961966856832383,0.9909280420012353,0.9612927433929498,0.997239979916172,0.9985794562686104,7628,372,98,25669,0.0465,0.0038033143167617496,XGBoost,45,ton,4.7,6732,33767,"bytes_src,payload_mean_src,byte_asymmetry,bytes_total,byte_rate,flow_rate,duration,pkt_asymmetry,pkts_total,bytes_dst",0.0,0.0,10.0,cat,306,3060,3366,6732,32000,306,103067,2347547,validation
0.9987392753218255,0.9796352697797983,0.9999948818911071,0.9987442237701231,0.9993691615474979,0.2940201819109677,0.9998328157654397,0.9999999747239638,73,3,737,586151,0.039473684210526314,0.0012557762298769102,XGBoost,45,bot,9.1,6732,586964,"bytes_src,payload_mean_src,byte_asymmetry,bytes_total,byte_rate,flow_rate,duration,pkt_asymmetry,pkts_total,bytes_dst",0.0,0.0,10.0,cat,306,3060,3366,6732,32000,306,103067,2347547,validation
0.9537714336482365,0.9085139422517173,0.9474968572062412,0.9945278845034347,0.9704428833809857,0.8700522442287162,0.9880130253813016,0.9956927953189327,6580,1420,141,25626,0.1775,0.005472115496565374,MLP(16),45,ton,1.0,6732,33767,"bytes_src,payload_mean_src,byte_asymmetry,bytes_total,byte_rate,flow_rate,duration,pkt_asymmetry,pkts_total,bytes_dst",0.0,0.0,10.0,cat,306,3060,3366,6732,32000,306,103067,2347547,validation
0.9958106459680662,0.9584364792278128,0.9999897337797998,0.9958203268766783,0.99790067521593,0.15946471913859123,0.9873567959528189,0.999997858606483,70,6,2453,584435,0.07894736842105263,0.004179673123321656,MLP(16),45,bot,4.8,6732,586964,"bytes_src,payload_mean_src,byte_asymmetry,bytes_total,byte_rate,flow_rate,duration,pkt_asymmetry,pkts_total,bytes_dst",0.0,0.0,10.0,cat,306,3060,3366,6732,32000,306,103067,2347547,validation
0.9336926585127492,0.9413833973687274,0.9854737537140971,0.9267667947374549,0.9552191043820877,0.8338115989328082,0.9804900502580821,0.9890770112420758,7648,352,1887,23880,0.044,0.07323320526254512,"KAN(cat,1L)",45,ton,1.6,12852,33767,"bytes_src,payload_mean_src,byte_asymmetry,bytes_total,byte_rate,flow_rate,duration,pkt_asymmetry,pkts_total,bytes_dst",0.0,0.0,20.0,cat,306,6120,6426,12852,32000,306,103067,2347547,validation
0.9931563094159097,0.9965777115906271,1.0,0.9931554231812544,0.9965659593129866,0.13579836247488888,0.9972695408933043,0.9999996422201153,76,0,4017,582871,0.0,0.006844576818745655,"KAN(cat,1L)",45,bot,8.8,12852,586964,"bytes_src,payload_mean_src,byte_asymmetry,bytes_total,byte_rate,flow_rate,duration,pkt_asymmetry,pkts_total,bytes_dst",0.0,0.0,20.0,cat,306,6120,6426,12852,32000,306,103067,2347547,validation
0.987828353125833,0.9819834696511042,0.9909766865463558,0.9930919393022083,0.992033185368974,0.9662670549331615,0.9971730702060776,0.9987438006094784,7767,233,178,25589,0.029125,0.0069080606977917495,"KAN(cat,ML)",45,ton,8.6,12852,33767,"bytes_src,payload_mean_src,byte_asymmetry,bytes_total,byte_rate,flow_rate,duration,pkt_asymmetry,pkts_total,bytes_dst",0.0,0.0,20.0,cat,306,6120,6426,12852,32000,306,103067,2347547,validation
0.9965875249589413,0.9851373506932911,0.9999965805477621,0.9965904908602664,0.9982906303844503,0.18600873596664202,0.9997571938768556,0.9999999667590848,74,2,2001,584887,0.02631578947368421,0.003409509139733646,"KAN(cat,ML)",45,bot,14.2,12852,586964,"bytes_src,payload_mean_src,byte_asymmetry,bytes_total,byte_rate,flow_rate,duration,pkt_asymmetry,pkts_total,bytes_dst",0.0,0.0,20.0,cat,306,6120,6426,12852,32000,306,103067,2347547,validation
0.9780851126839814,0.9656874078278418,0.9821600585674103,0.9892498156556836,0.98569218870843,0.9390115319814122,0.9843140014359453,0.9914640778180108,7537,463,277,25490,0.057875,0.010750184344316373,DecisionTree(d=5),45,ton,0.2,12852,33767,"bytes_src,payload_mean_src,byte_asymmetry,bytes_total,byte_rate,flow_rate,duration,pkt_asymmetry,pkts_total,bytes_dst",0.0,0.0,20.0,cat,306,6120,6426,12852,32000,306,103067,2347547,validation
0.9965807102309512,0.9982901337222775,1.0,0.996580267444555,0.9982872050719894,0.1906857779880966,0.9996210610255414,0.9999999348264963,76,0,2007,584881,0.0,0.003419732555444991,DecisionTree(d=5),45,bot,1.9,12852,586964,"bytes_src,payload_mean_src,byte_asymmetry,bytes_total,byte_rate,flow_rate,duration,pkt_asymmetry,pkts_total,bytes_dst",0.0,0.0,20.0,cat,306,6120,6426,12852,32000,306,103067,2347547,validation
0.9886279503657417,0.9791890547987736,0.9880782986578471,0.9971281095975473,0.9925825767819201,0.9684101134303368,0.9978499121938913,0.9991654423545505,7690,310,74,25693,0.03875,0.0028718904024527497,LightGBM,45,ton,4.7,12852,33767,"bytes_src,payload_mean_src,byte_asymmetry,bytes_total,byte_rate,flow_rate,duration,pkt_asymmetry,pkts_total,bytes_dst",0.0,0.0,20.0,cat,306,6120,6426,12852,32000,306,103067,2347547,validation
0.9966198949168944,0.9851535377681674,0.9999965806588387,0.996622865010019,0.9983068725273,0.18686943538353282,0.9998405730063085,0.9999999757290754,74,2,1982,584906,0.02631578947368421,0.003377134989981053,LightGBM,45,bot,47.3,12852,586964,"bytes_src,payload_mean_src,byte_asymmetry,bytes_total,byte_rate,flow_rate,duration,pkt_asymmetry,pkts_total,bytes_dst",0.0,0.0,20.0,cat,306,6120,6426,12852,32000,306,103067,2347547,validation
0.9858737820949448,0.9723853620910468,0.9837043837502869,0.9980207241820934,0.9908108420505115,0.9607580240602206,0.9975075217332248,0.9987754486419742,7574,426,51,25716,0.05325,0.0019792758179066248,XGBoost,45,ton,2.0,12852,33767,"bytes_src,payload_mean_src,byte_asymmetry,bytes_total,byte_rate,flow_rate,duration,pkt_asymmetry,pkts_total,bytes_dst",0.0,0.0,20.0,cat,306,6120,6426,12852,32000,306,103067,2347547,validation
0.9987784600077688,0.9796548646599118,0.9999948820919279,0.9987834135303499,0.9993887806728528,0.2982919319546891,0.999825181833313,0.9999999737319543,73,3,714,586174,0.039473684210526314,0.0012165864696500866,XGBoost,45,bot,10.5,12852,586964,"bytes_src,payload_mean_src,byte_asymmetry,bytes_total,byte_rate,flow_rate,duration,pkt_asymmetry,pkts_total,bytes_dst",0.0,0.0,20.0,cat,306,6120,6426,12852,32000,306,103067,2347547,validation
0.9565256019190334,0.9138523935654131,0.950398517145505,0.9949547871308263,0.9721663949034924,0.8779561470878072,0.9902608811658323,0.9967021407452604,6662,1338,130,25637,0.16725,0.00504521286917375,MLP(16),45,ton,1.1,12852,33767,"bytes_src,payload_mean_src,byte_asymmetry,bytes_total,byte_rate,flow_rate,duration,pkt_asymmetry,pkts_total,bytes_dst",0.0,0.0,20.0,cat,306,6120,6426,12852,32000,306,103067,2347547,validation
0.9958055349220736,0.958433923373885,0.999989733727102,0.9958152151688227,0.9978981086392686,0.1593695175112466,0.9979698224497601,0.9999997325405254,70,6,2456,584432,0.07894736842105263,0.004184784831177329,MLP(16),45,bot,3.5,12852,586964,"bytes_src,payload_mean_src,byte_asymmetry,bytes_total,byte_rate,flow_rate,duration,pkt_asymmetry,pkts_total,bytes_dst",0.0,0.0,20.0,cat,306,6120,6426,12852,32000,306,103067,2347547,validation
0.9359137619569402,0.9425801752241239,0.9852789999588799,0.9299103504482478,0.9567943137802979,0.8384092779355358,0.9811337515038616,0.9887824754841817,7642,358,1806,23961,0.04475,0.07008964955175224,"KAN(cat,1L)",45,ton,2.0,31212,33767,"bytes_src,byte_asymmetry,payload_mean_src,bytes_total,byte_rate,flow_rate,pkt_asymmetry,duration,pkts_total,bytes_dst",0.0,0.0,50.0,cat,306,15300,15606,31212,32000,306,103067,2347547,validation
0.9931580130979072,0.9965785635419364,1.0,0.9931571270838729,0.9965668171248803,0.13581507111915905,0.9975780817858908,0.9999996822283993,76,0,4016,582872,0.0,0.006842872916127098,"KAN(cat,1L)",45,bot,7.8,31212,586964,"bytes_src,byte_asymmetry,payload_mean_src,bytes_total,byte_rate,flow_rate,pkt_asymmetry,duration,pkts_total,bytes_dst",0.0,0.0,50.0,cat,306,15300,15606,31212,32000,306,103067,2347547,validation
0.9869991411733349,0.9787251329219544,0.9885802469135803,0.9944502658439088,0.9915065683827655,0.9638818918529082,0.9964361829083711,0.9984409298797365,7704,296,143,25624,0.037,0.005549734156091124,"KAN(cat,ML)",45,ton,38.0,31212,33767,"bytes_src,byte_asymmetry,payload_mean_src,bytes_total,byte_rate,flow_rate,pkt_asymmetry,duration,pkts_total,bytes_dst",0.0,0.0,50.0,cat,306,15300,15606,31212,32000,306,103067,2347547,validation
0.9966130801889043,0.9851501299629303,0.9999965806354547,0.9966160493995447,0.9983034531725767,0.1866872476095766,0.9997552209369815,0.9999999665033417,74,2,1986,584902,0.02631578947368421,0.003383950600455283,"KAN(cat,ML)",45,bot,44.9,31212,586964,"bytes_src,byte_asymmetry,payload_mean_src,bytes_total,byte_rate,flow_rate,pkt_asymmetry,duration,pkts_total,bytes_dst",0.0,0.0,50.0,cat,306,15300,15606,31212,32000,306,103067,2347547,validation
0.9760416975153257,0.96292633989211,0.9808863198458574,0.9878526797842201,0.9843571746234314,0.9333189270055904,0.9813511516668607,0.9896169797122225,7504,496,313,25454,0.062,0.012147320215779873,DecisionTree(d=5),45,ton,0.4,31212,33767,"bytes_src,byte_asymmetry,payload_mean_src,bytes_total,byte_rate,flow_rate,pkt_asymmetry,duration,pkts_total,bytes_dst",0.0,0.0,50.0,cat,306,15300,15606,31212,32000,306,103067,2347547,validation
0.9966045617789165,0.9983020610406075,1.0,0.9966041220812148,0.9982991731404194,0.19133212298190255,0.9996308024161699,0.9999999359919869,76,0,1993,584895,0.0,0.003395877918785186,DecisionTree(d=5),45,bot,2.8,31212,586964,"bytes_src,byte_asymmetry,payload_mean_src,bytes_total,byte_rate,flow_rate,pkt_asymmetry,duration,pkts_total,bytes_dst",0.0,0.0,50.0,cat,306,15300,15606,31212,32000,306,103067,2347547,validation
0.9848076524417331,0.9701353620910467,0.9823515929406372,0.9980207241820934,0.9901241697949754,0.9577878609289404,0.9977683956223075,0.9991559743452298,7538,462,51,25716,0.05775,0.0019792758179066248,LightGBM,45,ton,5.9,31212,33767,"bytes_src,byte_asymmetry,payload_mean_src,bytes_total,byte_rate,flow_rate,pkt_asymmetry,duration,pkts_total,bytes_dst",0.0,0.0,50.0,cat,306,15300,15606,31212,32000,306,103067,2347547,validation
0.9966744127408155,0.9851808002100644,0.9999965808458987,0.9966773898938128,0.9983342265247118,0.18834630240688208,0.9997907450646012,0.9999999692391008,74,2,1950,584938,0.02631578947368421,0.003322610106187211,LightGBM,45,bot,27.1,31212,586964,"bytes_src,byte_asymmetry,payload_mean_src,bytes_total,byte_rate,flow_rate,pkt_asymmetry,duration,pkts_total,bytes_dst",0.0,0.0,50.0,cat,306,15300,15606,31212,32000,306,103067,2347547,validation
0.9790920129120146,0.9566076206970155,0.9739400128597905,0.9993402413940311,0.9864766501934643,0.9419651396002984,0.9979363429968563,0.9989807025527373,7311,689,17,25750,0.086125,0.0006597586059688749,XGBoost,45,ton,3.0,31212,33767,"bytes_src,byte_asymmetry,payload_mean_src,bytes_total,byte_rate,flow_rate,pkt_asymmetry,duration,pkts_total,bytes_dst",0.0,0.0,50.0,cat,306,15300,15606,31212,32000,306,103067,2347547,validation
0.99986881648619,0.9670439226636267,0.999991479514196,0.9998773190114638,0.9999343960044611,0.6810065508966655,0.9998335444080066,0.9999999748177659,71,5,72,586816,0.06578947368421052,0.00012268098853614317,XGBoost,45,bot,12.3,31212,586964,"bytes_src,byte_asymmetry,payload_mean_src,bytes_total,byte_rate,flow_rate,pkt_asymmetry,duration,pkts_total,bytes_dst",0.0,0.0,50.0,cat,306,15300,15606,31212,32000,306,103067,2347547,validation
0.9433766695294222,0.8850681055225676,0.9342483707721994,0.9958862110451353,0.9640831047826577,0.8405597260642164,0.9912770598051771,0.9969721215595013,6194,1806,106,25661,0.22575,0.004113788954864749,MLP(16),45,ton,5.3,31212,33767,"bytes_src,byte_asymmetry,payload_mean_src,bytes_total,byte_rate,flow_rate,pkt_asymmetry,duration,pkts_total,bytes_dst",0.0,0.0,50.0,cat,306,15300,15606,31212,32000,306,103067,2347547,validation
0.9998637054401973,0.9407289851412517,0.9999846632562293,0.9998790229140824,0.9999318402949952,0.6541717765646243,0.9994799734047706,0.9999999288975405,67,9,71,586817,0.11842105263157894,0.00012097708591758563,MLP(16),45,bot,9.0,31212,586964,"bytes_src,byte_asymmetry,payload_mean_src,bytes_total,byte_rate,flow_rate,pkt_asymmetry,duration,pkts_total,bytes_dst",0.0,0.0,50.0,cat,306,15300,15606,31212,32000,306,103067,2347547,validation
0.9357656883939941,0.9427848192455466,0.9855555555555555,0.9294446384910933,0.9566780514111091,0.8382823367320076,0.9812953050413319,0.9892432225590783,7649,351,1818,23949,0.043875,0.07055536150890675,"KAN(cat,1L)",45,ton,6.5,61812,33767,"bytes_src,byte_asymmetry,payload_mean_src,bytes_total,byte_rate,flow_rate,duration,pkt_asymmetry,pkts_total,bytes_dst",0.0,0.0,100.0,cat,306,30600,30906,61812,32000,306,103067,2347547,validation
0.9931563094159097,0.9965777115906271,1.0,0.9931554231812544,0.9965659593129866,0.13579836247488888,0.9975263817932805,0.9999996755176974,76,0,4017,582871,0.0,0.006844576818745655,"KAN(cat,1L)",45,bot,13.5,61812,586964,"bytes_src,byte_asymmetry,payload_mean_src,bytes_total,byte_rate,flow_rate,duration,pkt_asymmetry,pkts_total,bytes_dst",0.0,0.0,100.0,cat,306,30600,30906,61812,32000,306,103067,2347547,validation
0.9875025912873515,0.9798738235921916,0.9893046063554577,0.9943726471843831,0.9918321526729377,0.9652955517892967,0.9966861052897116,0.9987999420000575,7723,277,145,25622,0.034625,0.005627352815616874,"KAN(cat,ML)",45,ton,83.6,61812,33767,"bytes_src,byte_asymmetry,payload_mean_src,bytes_total,byte_rate,flow_rate,duration,pkt_asymmetry,pkts_total,bytes_dst",0.0,0.0,100.0,cat,306,30600,30906,61812,32000,306,103067,2347547,validation
0.9966215985988919,0.9785762943023648,0.9999948710145646,0.9966262728152561,0.9983077302506659,0.18447020060926309,0.9997072202066352,0.9999999593344328,73,3,1980,584908,0.039473684210526314,0.0033737271847439376,"KAN(cat,ML)",45,bot,89.8,61812,586964,"bytes_src,byte_asymmetry,payload_mean_src,bytes_total,byte_rate,flow_rate,duration,pkt_asymmetry,pkts_total,bytes_dst",0.0,0.0,100.0,cat,306,30600,30906,61812,32000,306,103067,2347547,validation
0.9750644119998816,0.9607345538867544,0.9795298010696833,0.9879691077735088,0.983731354818765,0.930526934203811,0.9782678183335273,0.9876412597105622,7468,532,310,25457,0.0665,0.012030892226491249,DecisionTree(d=5),45,ton,0.3,61812,33767,"bytes_src,byte_asymmetry,payload_mean_src,bytes_total,byte_rate,flow_rate,duration,pkt_asymmetry,pkts_total,bytes_dst",0.0,0.0,100.0,cat,306,30600,30906,61812,32000,306,103067,2347547,validation
0.9965960433689289,0.9982978012840611,1.0,0.9965956025681221,0.9982948988630952,0.19110053521355977,0.9996315086389658,0.9999999361250111,76,0,1998,584890,0.0,0.0034043974318779735,DecisionTree(d=5),45,bot,2.0,61812,586964,"bytes_src,byte_asymmetry,payload_mean_src,bytes_total,byte_rate,flow_rate,duration,pkt_asymmetry,pkts_total,bytes_dst",0.0,0.0,100.0,cat,306,30600,30906,61812,32000,306,103067,2347547,validation
0.9855776349690526,0.9713294087398611,0.9829588873605379,0.9984088174797221,0.9906236161651167,0.9599511020256749,0.9971577550743199,0.9983362631337314,7554,446,41,25726,0.05575,0.0015911825202778748,LightGBM,45,ton,7.1,61812,33767,"bytes_src,byte_asymmetry,payload_mean_src,bytes_total,byte_rate,flow_rate,duration,pkt_asymmetry,pkts_total,bytes_dst",0.0,0.0,100.0,cat,306,30600,30906,61812,32000,306,103067,2347547,validation
0.9966710053768204,0.978601000890334,0.9999948712688481,0.9966756859911943,0.9983325197895937,0.18579203630254743,0.9998033898156127,0.9999999709064937,73,3,1951,584937,0.039473684210526314,0.0033243140088057687,LightGBM,45,bot,39.1,61812,586964,"bytes_src,byte_asymmetry,payload_mean_src,bytes_total,byte_rate,flow_rate,duration,pkt_asymmetry,pkts_total,bytes_dst",0.0,0.0,100.0,cat,306,30600,30906,61812,32000,306,103067,2347547,validation
0.9757159356768442,0.9494826206970155,0.9697585960155162,0.9993402413940311,0.9843272171253823,0.9325560748423436,0.9976196903985718,0.9989776804427185,7197,803,17,25750,0.100375,0.0006597586059688749,XGBoost,45,ton,3.6,61812,33767,"bytes_src,byte_asymmetry,payload_mean_src,bytes_total,byte_rate,flow_rate,duration,pkt_asymmetry,pkts_total,bytes_dst",0.0,0.0,100.0,cat,306,30600,30906,61812,32000,306,103067,2347547,validation
0.9998892606701604,0.9604760506622263,0.9999897756609609,0.9998994697455051,0.9999446206643305,0.7069172753615345,0.9998388466839185,0.9999999755060243,70,6,59,586829,0.07894736842105263,0.0001005302544948951,XGBoost,45,bot,11.9,61812,586964,"bytes_src,byte_asymmetry,payload_mean_src,bytes_total,byte_rate,flow_rate,duration,pkt_asymmetry,pkts_total,bytes_dst",0.0,0.0,100.0,cat,306,30600,30906,61812,32000,306,103067,2347547,validation
0.8899517280184795,0.7685688113672526,0.8744438784173884,0.9992626227345054,0.9326957907701224,0.6836193300585762,0.9898388491093257,0.996312776129496,4303,3697,19,25748,0.462125,0.0007373772654946249,MLP(16),45,ton,3.6,61812,33767,"bytes_src,byte_asymmetry,payload_mean_src,bytes_total,byte_rate,flow_rate,duration,pkt_asymmetry,pkts_total,bytes_dst",0.0,0.0,100.0,cat,306,30600,30906,61812,32000,306,103067,2347547,validation
0.9998739275321825,0.9275779060148839,0.9999812554103702,0.9998926541350309,0.9999369528100303,0.6589710018290641,0.9994849281742271,0.999999929530703,65,11,63,586825,0.14473684210526316,0.00010734586496912528,MLP(16),45,bot,5.8,61812,586964,"bytes_src,byte_asymmetry,payload_mean_src,bytes_total,byte_rate,flow_rate,duration,pkt_asymmetry,pkts_total,bytes_dst",0.0,0.0,100.0,cat,306,30600,30906,61812,32000,306,103067,2347547,validation
0.9328634465602511,0.9410986387627586,0.9856977513227513,0.9254472775255171,0.9546227906883644,0.8322184834882191,0.9832397179531959,0.9924810077016688,7654,346,1921,23846,0.04325,0.07455272247448287,"KAN(cat,1L)",46,ton,0.4,3672,33767,"bytes_src,byte_asymmetry,payload_mean_src,bytes_total,byte_rate,flow_rate,duration,pkt_asymmetry,pkts_total,bytes_dst",0.0,0.0,5.0,cat,306,1530,1836,3672,32000,306,103067,2347547,validation
0.9932738634737395,0.9966364962309674,1.0,0.9932729924619348,0.9966251448930954,0.13696579530044378,0.9975707505206768,0.9999996806658735,76,0,3948,582940,0.0,0.0067270075380651845,"KAN(cat,1L)",46,bot,5.7,3672,586964,"bytes_src,byte_asymmetry,payload_mean_src,bytes_total,byte_rate,flow_rate,duration,pkt_asymmetry,pkts_total,bytes_dst",0.0,0.0,5.0,cat,306,1530,1836,3672,32000,306,103067,2347547,validation
0.9854887908312849,0.9799764524391663,0.9905297884727343,0.9904529048783327,0.9904913451835753,0.9598701859008961,0.9967620624248069,0.9988800047998043,7756,244,246,25521,0.0305,0.00954709512166725,"KAN(cat,ML)",46,ton,2.2,3672,33767,"bytes_src,byte_asymmetry,payload_mean_src,bytes_total,byte_rate,flow_rate,duration,pkt_asymmetry,pkts_total,bytes_dst",0.0,0.0,5.0,cat,306,1530,1836,3672,32000,306,103067,2347547,validation
0.9953012450508038,0.9910722228718973,0.9999982880581786,0.9953023404806368,0.9976447883042134,0.16127150995147813,0.9998208660273384,0.9999999746653994,75,1,2757,584131,0.013157894736842105,0.00469765951936315,"KAN(cat,ML)",46,bot,7.6,3672,586964,"bytes_src,byte_asymmetry,payload_mean_src,bytes_total,byte_rate,flow_rate,duration,pkt_asymmetry,pkts_total,bytes_dst",0.0,0.0,5.0,cat,306,1530,1836,3672,32000,306,103067,2347547,validation
0.9620339384606272,0.962625572437614,0.9884300817873529,0.961501144875228,0.9747796663519043,0.8994834136450017,0.9822815544106804,0.9900757611721475,7710,290,992,24775,0.03625,0.038498855124772,DecisionTree(d=5),46,ton,0.1,3672,33767,"bytes_src,byte_asymmetry,payload_mean_src,bytes_total,byte_rate,flow_rate,duration,pkt_asymmetry,pkts_total,bytes_dst",0.0,0.0,5.0,cat,306,1530,1836,3672,32000,306,103067,2347547,validation
0.993662302969177,0.996830741129483,1.0,0.9936614822589659,0.9968206649938123,0.1410466975071807,0.9990730097161907,0.9999998400906751,76,0,3720,583168,0.0,0.006338517741034064,DecisionTree(d=5),46,bot,1.8,3672,586964,"bytes_src,byte_asymmetry,payload_mean_src,bytes_total,byte_rate,flow_rate,duration,pkt_asymmetry,pkts_total,bytes_dst",0.0,0.0,5.0,cat,306,1530,1836,3672,32000,306,103067,2347547,validation
0.9891017857671691,0.9852312090076454,0.9931270143284278,0.9925874180152908,0.9928571428571429,0.9698778942685188,0.9978120561182908,0.9991589140278341,7823,177,191,25576,0.022125,0.007412581984709124,LightGBM,46,ton,3.9,3672,33767,"bytes_src,byte_asymmetry,payload_mean_src,bytes_total,byte_rate,flow_rate,duration,pkt_asymmetry,pkts_total,bytes_dst",0.0,0.0,5.0,cat,306,1530,1836,3672,32000,306,103067,2347547,validation
0.9960423467197307,0.9980209171085455,1.0,0.9960418342170908,0.998016992572472,0.17763578594151805,0.9998776553080333,0.9999999799077175,76,0,2323,584565,0.0,0.0039581657829091755,LightGBM,46,bot,35.5,3672,586964,"bytes_src,byte_asymmetry,payload_mean_src,bytes_total,byte_rate,flow_rate,duration,pkt_asymmetry,pkts_total,bytes_dst",0.0,0.0,5.0,cat,306,1530,1836,3672,32000,306,103067,2347547,validation
0.9885094915153848,0.9822573956029029,0.9908327853634008,0.9941397912058059,0.9924835335141418,0.9681269687540375,0.9977711219777236,0.999030504259089,7763,237,151,25616,0.029625,0.005860208794194124,XGBoost,46,ton,1.4,3672,33767,"bytes_src,byte_asymmetry,payload_mean_src,bytes_total,byte_rate,flow_rate,duration,pkt_asymmetry,pkts_total,bytes_dst",0.0,0.0,5.0,cat,306,1530,1836,3672,32000,306,103067,2347547,validation
0.9964103420311978,0.9982049385913496,1.0,0.9964098771826992,0.9982017105513588,0.18625114026390233,0.999893797543367,0.9999999819962135,76,0,2107,584781,0.0,0.0035901228173007456,XGBoost,46,bot,9.5,3672,586964,"bytes_src,byte_asymmetry,payload_mean_src,bytes_total,byte_rate,flow_rate,duration,pkt_asymmetry,pkts_total,bytes_dst",0.0,0.0,5.0,cat,306,1530,1836,3672,32000,306,103067,2347547,validation
0.9648177214440133,0.9392819352272286,0.9668021422873856,0.9878138704544572,0.9771950704495719,0.9012870008987997,0.9876983666123337,0.9955171663314748,7126,874,314,25453,0.10925,0.012186129545542749,MLP(16),46,ton,0.4,3672,33767,"bytes_src,byte_asymmetry,payload_mean_src,bytes_total,byte_rate,flow_rate,duration,pkt_asymmetry,pkts_total,bytes_dst",0.0,0.0,5.0,cat,306,1530,1836,3672,32000,306,103067,2347547,validation
0.9958600527459947,0.9847735674842291,0.9999965780495567,0.9958629244421423,0.9979254706108337,0.16932907880538706,0.9978925190783285,0.999999722251082,74,2,2428,584460,0.02631578947368421,0.004137075557857717,MLP(16),46,bot,2.5,3672,586964,"bytes_src,byte_asymmetry,payload_mean_src,bytes_total,byte_rate,flow_rate,duration,pkt_asymmetry,pkts_total,bytes_dst",0.0,0.0,5.0,cat,306,1530,1836,3672,32000,306,103067,2347547,validation
0.931886161044807,0.940759952167501,0.9859598260509422,0.9238949043350021,0.9539188972591761,0.8303530094168939,0.9843765305429426,0.9921843099247314,7661,339,1961,23806,0.042375,0.07610509566499786,"KAN(cat,1L)",46,ton,0.4,6732,33767,"bytes_src,byte_asymmetry,payload_mean_src,bytes_total,byte_rate,flow_rate,duration,pkt_asymmetry,pkts_total,bytes_dst",0.0,0.0,10.0,cat,306,3060,3366,6732,32000,306,103067,2347547,validation
0.9932534192897691,0.9966262728152561,1.0,0.9932525456305121,0.9966148522502685,0.1367606199259022,0.997418340915401,0.9999996608872945,76,0,3960,582928,0.0,0.006747454369487875,"KAN(cat,1L)",46,bot,5.3,6732,586964,"bytes_src,byte_asymmetry,payload_mean_src,bytes_total,byte_rate,flow_rate,duration,pkt_asymmetry,pkts_total,bytes_dst",0.0,0.0,10.0,cat,306,3060,3366,6732,32000,306,103067,2347547,validation
0.9872952882992271,0.9807291836457485,0.9901725605509557,0.9932083672914969,0.9916881405847364,0.9647631990263079,0.9976931879923934,0.9989036127325724,7746,254,175,25592,0.03175,0.006791632708503124,"KAN(cat,ML)",46,ton,5.4,6732,33767,"bytes_src,byte_asymmetry,payload_mean_src,bytes_total,byte_rate,flow_rate,duration,pkt_asymmetry,pkts_total,bytes_dst",0.0,0.0,10.0,cat,306,3060,3366,6732,32000,306,103067,2347547,validation
0.9956624256342808,0.9978309319665762,1.0,0.9956618639331525,0.9978262168831058,0.16988161811089342,0.9997834922685866,0.9999999698231681,76,0,2546,584342,0.0,0.004338136066847508,"KAN(cat,ML)",46,bot,10.8,6732,586964,"bytes_src,byte_asymmetry,payload_mean_src,bytes_total,byte_rate,flow_rate,duration,pkt_asymmetry,pkts_total,bytes_dst",0.0,0.0,10.0,cat,306,3060,3366,6732,32000,306,103067,2347547,validation
0.9828234666982557,0.9771095538867545,0.9895051891009445,0.9879691077735088,0.9887365518312813,0.9525821373542079,0.9764616030193658,0.986455211200539,7730,270,310,25457,0.03375,0.012030892226491249,DecisionTree(d=5),46,ton,0.2,6732,33767,"bytes_src,byte_asymmetry,payload_mean_src,bytes_total,byte_rate,flow_rate,duration,pkt_asymmetry,pkts_total,bytes_dst",0.0,0.0,10.0,cat,306,3060,3366,6732,32000,306,103067,2347547,validation
0.9956845735002487,0.9978420073335968,1.0,0.9956840146671937,0.9978373403298888,0.17030622557445205,0.9997178808078867,0.999999950833198,76,0,2533,584355,0.0,0.00431598533280626,DecisionTree(d=5),46,bot,1.9,6732,586964,"bytes_src,byte_asymmetry,payload_mean_src,bytes_total,byte_rate,flow_rate,duration,pkt_asymmetry,pkts_total,bytes_dst",0.0,0.0,10.0,cat,306,3060,3366,6732,32000,306,103067,2347547,validation
0.9895460064560073,0.9829796542088718,0.9908831028355095,0.9954593084177437,0.9931659342148569,0.970985214805234,0.9974867417627198,0.9988315178605918,7764,236,117,25650,0.0295,0.0045406915822563745,LightGBM,46,ton,4.1,6732,33767,"bytes_src,byte_asymmetry,payload_mean_src,bytes_total,byte_rate,flow_rate,duration,pkt_asymmetry,pkts_total,bytes_dst",0.0,0.0,10.0,cat,306,3060,3366,6732,32000,306,103067,2347547,validation
0.9964273788511732,0.9982134581044424,1.0,0.9964269162088848,0.9982102606601296,0.18668080210308086,0.9999232347030796,0.9999999858098727,76,0,2097,584791,0.0,0.0035730837911151702,LightGBM,46,bot,39.5,6732,586964,"bytes_src,byte_asymmetry,payload_mean_src,bytes_total,byte_rate,flow_rate,duration,pkt_asymmetry,pkts_total,bytes_dst",0.0,0.0,10.0,cat,306,3060,3366,6732,32000,306,103067,2347547,validation
0.9884798768027956,0.9804279868630419,0.9892427513880321,0.9957309737260838,0.9924762586310272,0.9679994399096303,0.9977025507431986,0.999056049681495,7721,279,110,25657,0.034875,0.0042690262739162495,XGBoost,46,ton,1.3,6732,33767,"bytes_src,byte_asymmetry,payload_mean_src,bytes_total,byte_rate,flow_rate,duration,pkt_asymmetry,pkts_total,bytes_dst",0.0,0.0,10.0,cat,306,3060,3366,6732,32000,306,103067,2347547,validation
0.99883979255968,0.9928417257412694,0.9999982941237682,0.9988413462193809,0.9994194853452016,0.31291195758010165,0.9999159482774084,0.9999999848668899,75,1,680,586208,0.013157894736842105,0.00115865378061913,XGBoost,46,bot,9.2,6732,586964,"bytes_src,byte_asymmetry,payload_mean_src,bytes_total,byte_rate,flow_rate,duration,pkt_asymmetry,pkts_total,bytes_dst",0.0,0.0,10.0,cat,306,3060,3366,6732,32000,306,103067,2347547,validation
0.956199840080552,0.9137251329219545,0.9504451038575668,0.9944502658439088,0.9719498549130426,0.8769624596649763,0.9896549632281602,0.9964010169174652,6664,1336,143,25624,0.167,0.005549734156091124,MLP(16),46,ton,1.1,6732,33767,"bytes_src,byte_asymmetry,payload_mean_src,bytes_total,byte_rate,flow_rate,duration,pkt_asymmetry,pkts_total,bytes_dst",0.0,0.0,10.0,cat,306,3060,3366,6732,32000,306,103067,2347547,validation
0.9958617564279921,0.9847744194355383,0.9999965780554115,0.9958646283447609,0.9979263260969599,0.16936308045107276,0.9980910237333904,0.9999997454320666,74,2,2427,584461,0.02631578947368421,0.0041353716552391595,MLP(16),46,bot,4.2,6732,586964,"bytes_src,byte_asymmetry,payload_mean_src,bytes_total,byte_rate,flow_rate,duration,pkt_asymmetry,pkts_total,bytes_dst",0.0,0.0,10.0,cat,306,3060,3366,6732,32000,306,103067,2347547,validation
0.9341368792015874,0.9423208973687275,0.9860841557583516,0.9267667947374549,0.95550576184379,0.8351846797469457,0.9841835560018628,0.9915457301262948,7663,337,1887,23880,0.042125,0.07323320526254512,"KAN(cat,1L)",46,ton,1.4,12852,33767,"bytes_src,byte_asymmetry,bytes_total,payload_mean_src,byte_rate,flow_rate,duration,pkt_asymmetry,pkts_total,bytes_dst",0.0,0.0,20.0,cat,306,6120,6426,12852,32000,306,103067,2347547,validation
0.9932449008797813,0.9966220130587097,1.0,0.9932440261174194,0.9966105635867675,0.13667539942125514,0.9973301415351193,0.999999649436149,76,0,3965,582923,0.0,0.006755973882580662,"KAN(cat,1L)",46,bot,4.6,12852,586964,"bytes_src,byte_asymmetry,bytes_total,payload_mean_src,byte_rate,flow_rate,duration,pkt_asymmetry,pkts_total,bytes_dst",0.0,0.0,20.0,cat,306,6120,6426,12852,32000,306,103067,2347547,validation
0.988124500251725,0.9807553702410059,0.9897289365974207,0.9947607404820119,0.9922384593051389,0.9670260561926658,0.9975836025730586,0.9991390759685947,7734,266,135,25632,0.03325,0.005239259517988124,"KAN(cat,ML)",46,ton,8.8,12852,33767,"bytes_src,byte_asymmetry,bytes_total,payload_mean_src,byte_rate,flow_rate,duration,pkt_asymmetry,pkts_total,bytes_dst",0.0,0.0,20.0,cat,306,6120,6426,12852,32000,306,103067,2347547,validation
0.9956556109062906,0.9978275241613391,1.0,0.9956550483226783,0.9978227942344177,0.16975160347445648,0.9998233770417236,0.9999999749936364,76,0,2550,584338,0.0,0.004344951677321737,"KAN(cat,ML)",46,bot,13.8,12852,586964,"bytes_src,byte_asymmetry,bytes_total,payload_mean_src,byte_rate,flow_rate,duration,pkt_asymmetry,pkts_total,bytes_dst",0.0,0.0,20.0,cat,306,6120,6426,12852,32000,306,103067,2347547,validation
0.9625966179998223,0.9624771170489386,0.9879719611279274,0.9627042340978771,0.9751744471744471,0.9006524550612653,0.9850253036830052,0.991732254056142,7698,302,961,24806,0.03775,0.03729576590212287,DecisionTree(d=5),46,ton,0.2,12852,33767,"bytes_src,byte_asymmetry,bytes_total,payload_mean_src,byte_rate,flow_rate,duration,pkt_asymmetry,pkts_total,bytes_dst",0.0,0.0,20.0,cat,306,6120,6426,12852,32000,306,103067,2347547,validation
0.9940285945986466,0.9904358152438661,0.999998285866109,0.9940295252245743,0.9970049723440599,0.1433633386578278,0.9940986677992538,0.9999985210804504,75,1,3504,583384,0.013157894736842105,0.005970474775425635,DecisionTree(d=5),46,bot,1.8,12852,586964,"bytes_src,byte_asymmetry,bytes_total,payload_mean_src,byte_rate,flow_rate,duration,pkt_asymmetry,pkts_total,bytes_dst",0.0,0.0,20.0,cat,306,6120,6426,12852,32000,306,103067,2347547,validation
0.9902863742707377,0.983637152171382,0.991043508473922,0.996274304342764,0.9936520224501645,0.9730379705346529,0.997392056700431,0.9989921768941509,7768,232,96,25671,0.029,0.0037256956572359994,LightGBM,46,ton,4.3,12852,33767,"bytes_src,byte_asymmetry,bytes_total,payload_mean_src,byte_rate,flow_rate,duration,pkt_asymmetry,pkts_total,bytes_dst",0.0,0.0,20.0,cat,306,6120,6426,12852,32000,306,103067,2347547,validation
0.9967595968406922,0.9983795886097517,1.0,0.9967591772195036,0.9983769586150046,0.19569907548050475,0.999932505278511,0.9999999870058096,76,0,1902,584986,0.0,0.003240822780496449,LightGBM,46,bot,37.6,12852,586964,"bytes_src,byte_asymmetry,bytes_total,payload_mean_src,byte_rate,flow_rate,duration,pkt_asymmetry,pkts_total,bytes_dst",0.0,0.0,20.0,cat,306,6120,6426,12852,32000,306,103067,2347547,validation
0.9854295614061066,0.9721373874529438,0.9837320574162679,0.9973997749058874,0.990518769752563,0.9594970508536189,0.9977933572980945,0.9990758639316972,7575,425,67,25700,0.053125,0.0026002250941126247,XGBoost,46,ton,1.6,12852,33767,"bytes_src,byte_asymmetry,bytes_total,payload_mean_src,byte_rate,flow_rate,duration,pkt_asymmetry,pkts_total,bytes_dst",0.0,0.0,20.0,cat,306,6120,6426,12852,32000,306,103067,2347547,validation
0.9988806809276207,0.992862172572692,0.9999982941936056,0.9988822398822262,0.9994399554692142,0.31801387906969636,0.9999259250756354,0.9999999861608222,75,1,656,586232,0.013157894736842105,0.001117760117773749,XGBoost,46,bot,9.4,12852,586964,"bytes_src,byte_asymmetry,bytes_total,payload_mean_src,byte_rate,flow_rate,duration,pkt_asymmetry,pkts_total,bytes_dst",0.0,0.0,20.0,cat,306,6120,6426,12852,32000,306,103067,2347547,validation
0.9554890869784108,0.9110184635386347,0.9486686390532545,0.9955369270772694,0.9715378642982938,0.8750929637114208,0.9900574644894632,0.9966657077348134,6612,1388,115,25652,0.1735,0.004463072922730625,MLP(16),46,ton,0.8,12852,33767,"bytes_src,byte_asymmetry,bytes_total,payload_mean_src,byte_rate,flow_rate,duration,pkt_asymmetry,pkts_total,bytes_dst",0.0,0.0,20.0,cat,306,6120,6426,12852,32000,306,103067,2347547,validation
0.9958600527459947,0.9847735674842291,0.9999965780495567,0.9958629244421423,0.9979254706108337,0.16932907880538706,0.9987205933311762,0.9999998297958034,74,2,2428,584460,0.02631578947368421,0.004137075557857717,MLP(16),46,bot,3.1,12852,586964,"bytes_src,byte_asymmetry,bytes_total,payload_mean_src,byte_rate,flow_rate,duration,pkt_asymmetry,pkts_total,bytes_dst",0.0,0.0,20.0,cat,306,6120,6426,12852,32000,306,103067,2347547,validation
0.9362691385080107,0.9432439845538867,0.985685492164041,0.9299879691077735,0.9570270378209993,0.8394495966769929,0.9841254875422052,0.9912981036244245,7652,348,1804,23963,0.0435,0.07001203089222649,"KAN(cat,1L)",46,ton,1.7,31212,33767,"bytes_src,byte_asymmetry,bytes_total,payload_mean_src,byte_rate,pkt_asymmetry,flow_rate,duration,pkts_total,bytes_dst",0.0,0.0,50.0,cat,306,15300,15606,31212,32000,306,103067,2347547,validation
0.9919518062436538,0.995975382014967,1.0,0.9919507640299342,0.9959591190126701,0.12532313073467571,0.997327316643936,0.9999996490707963,76,0,4724,582164,0.0,0.008049235970065838,"KAN(cat,1L)",46,bot,6.7,31212,586964,"bytes_src,byte_asymmetry,bytes_total,payload_mean_src,byte_rate,pkt_asymmetry,flow_rate,duration,pkts_total,bytes_dst",0.0,0.0,50.0,cat,306,15300,15606,31212,32000,306,103067,2347547,validation
0.9887464092160986,0.9811197728683976,0.989699471471008,0.9956145457367951,0.992648196873549,0.9687463867844375,0.9963371002639034,0.9984438001135806,7733,267,113,25654,0.033375,0.004385454263204874,"KAN(cat,ML)",46,ton,37.8,31212,33767,"bytes_src,byte_asymmetry,bytes_total,payload_mean_src,byte_rate,pkt_asymmetry,flow_rate,duration,pkts_total,bytes_dst",0.0,0.0,50.0,cat,306,15300,15606,31212,32000,306,103067,2347547,validation
0.9960525688117159,0.9914479333992893,0.9999982893496621,0.9960537615354207,0.9980221279240197,0.17558311740659752,0.9998322552711574,0.9999999761387847,75,1,2316,584572,0.013157894736842105,0.003946238464579272,"KAN(cat,ML)",46,bot,42.7,31212,586964,"bytes_src,byte_asymmetry,bytes_total,payload_mean_src,byte_rate,pkt_asymmetry,flow_rate,duration,pkts_total,bytes_dst",0.0,0.0,50.0,cat,306,15300,15606,31212,32000,306,103067,2347547,validation
0.9634554446649095,0.9637724730275158,0.9886467752858225,0.9631699460550316,0.9757420876744644,0.9030043673806514,0.9869122132960764,0.9928064824418418,7715,285,949,24818,0.035625,0.03683005394496837,DecisionTree(d=5),46,ton,0.2,31212,33767,"bytes_src,byte_asymmetry,bytes_total,payload_mean_src,byte_rate,pkt_asymmetry,flow_rate,duration,pkts_total,bytes_dst",0.0,0.0,50.0,cat,306,15300,15606,31212,32000,306,103067,2347547,validation
0.9940694829665874,0.9838781666581771,0.9999965718850005,0.9940721227900383,0.9970255464629124,0.14195984703989692,0.9886517843626939,0.9999971272820586,74,2,3479,583409,0.02631578947368421,0.005927877209961696,DecisionTree(d=5),46,bot,2.0,31212,586964,"bytes_src,byte_asymmetry,bytes_total,payload_mean_src,byte_rate,pkt_asymmetry,flow_rate,duration,pkts_total,bytes_dst",0.0,0.0,50.0,cat,306,15300,15606,31212,32000,306,103067,2347547,validation
0.9899013830070779,0.9811008387666396,0.9890367748884443,0.997826677533279,0.9934122829047776,0.9719665372160563,0.9973788663794777,0.9990327379581934,7715,285,56,25711,0.035625,0.0021733224667209996,LightGBM,46,ton,5.5,31212,33767,"bytes_src,byte_asymmetry,bytes_total,payload_mean_src,byte_rate,pkt_asymmetry,flow_rate,duration,pkts_total,bytes_dst",0.0,0.0,50.0,cat,306,15300,15606,31212,32000,306,103067,2347547,validation
0.9968260404385959,0.9984128147108137,1.0,0.9968256294216273,0.998410291548946,0.1976639589254796,0.9999292656215586,0.9999999865914329,76,0,1863,585025,0.0,0.003174370578372705,LightGBM,46,bot,34.8,31212,586964,"bytes_src,byte_asymmetry,bytes_total,payload_mean_src,byte_rate,pkt_asymmetry,flow_rate,duration,pkts_total,bytes_dst",0.0,0.0,50.0,cat,306,15300,15606,31212,32000,306,103067,2347547,validation
0.9830011549737909,0.9650300020374898,0.9789725845089167,0.9991850040749797,0.9889755310567356,0.9528315271855919,0.9970994464819344,0.9989065555991224,7447,553,21,25746,0.069125,0.0008149959250203749,XGBoost,46,ton,2.4,31212,33767,"bytes_src,byte_asymmetry,bytes_total,payload_mean_src,byte_rate,pkt_asymmetry,flow_rate,duration,pkts_total,bytes_dst",0.0,0.0,50.0,cat,306,15300,15606,31212,32000,306,103067,2347547,validation
0.9998994827621456,0.9670592577871937,0.9999914797755433,0.9999079892585979,0.9999497327743163,0.7284032934761004,0.9999278419660813,0.9999999864021317,71,5,54,586834,0.06578947368421052,9.201074140210739e-05,XGBoost,46,bot,11.1,31212,586964,"bytes_src,byte_asymmetry,bytes_total,payload_mean_src,byte_rate,pkt_asymmetry,flow_rate,duration,pkts_total,bytes_dst",0.0,0.0,50.0,cat,306,15300,15606,31212,32000,306,103067,2347547,validation
0.9019456866171114,0.7953465527612837,0.8875465967140688,0.9979431055225676,0.9395129615082483,0.7195405603959095,0.9899981444289206,0.9966460107438422,4742,3258,53,25714,0.40725,0.0020568944774323745,MLP(16),46,ton,2.5,31212,33767,"bytes_src,byte_asymmetry,bytes_total,payload_mean_src,byte_rate,pkt_asymmetry,flow_rate,duration,pkts_total,bytes_dst",0.0,0.0,50.0,cat,306,15300,15606,31212,32000,306,103067,2347547,validation
0.9998756312141801,0.9341568533833049,0.9999829594349349,0.9998926541350309,0.9999378047460943,0.6665123613527373,0.999596332017801,0.9999999433894551,66,10,63,586825,0.13157894736842105,0.00010734586496912528,MLP(16),46,bot,4.6,31212,586964,"bytes_src,byte_asymmetry,bytes_total,payload_mean_src,byte_rate,pkt_asymmetry,flow_rate,duration,pkts_total,bytes_dst",0.0,0.0,50.0,cat,306,15300,15606,31212,32000,306,103067,2347547,validation
0.9365949003464922,0.9435436265378196,0.9857718562381775,0.9303372530756394,0.9572526704602177,0.8402072204651118,0.9846461971707998,0.9919512429356386,7654,346,1795,23972,0.04325,0.06966274692436061,"KAN(cat,1L)",46,ton,2.8,61812,33767,"bytes_src,byte_asymmetry,bytes_total,payload_mean_src,byte_rate,flow_rate,pkt_asymmetry,duration,pkts_total,bytes_dst",0.0,0.0,100.0,cat,306,30600,30906,61812,32000,306,103067,2347547,validation
0.9917286239019769,0.9958637763934516,1.0,0.9917275527869032,0.9958465969898735,0.12363330654104286,0.9974618801112595,0.9999996665039399,76,0,4855,582033,0.0,0.008272447213096877,"KAN(cat,1L)",46,bot,7.1,61812,586964,"bytes_src,byte_asymmetry,bytes_total,payload_mean_src,byte_rate,flow_rate,pkt_asymmetry,duration,pkts_total,bytes_dst",0.0,0.0,100.0,cat,306,30600,30906,61812,32000,306,103067,2347547,validation
0.9889240974916338,0.9815809635386347,0.9900042453012234,0.9955369270772694,0.9927628778203491,0.9692446325439207,0.9965832775449218,0.9984724575758757,7741,259,115,25652,0.032375,0.004463072922730625,"KAN(cat,ML)",46,ton,62.4,61812,33767,"bytes_src,byte_asymmetry,bytes_total,payload_mean_src,byte_rate,flow_rate,pkt_asymmetry,duration,pkts_total,bytes_dst",0.0,0.0,100.0,cat,306,30600,30906,61812,32000,306,103067,2347547,validation
0.9960832350876715,0.9914632685228564,0.9999982894023343,0.9960844317825548,0.99803752350661,0.17625057385816326,0.9998729471560609,0.9999999814130333,75,1,2298,584590,0.013157894736842105,0.003915568217445237,"KAN(cat,ML)",46,bot,69.9,61812,586964,"bytes_src,byte_asymmetry,bytes_total,payload_mean_src,byte_rate,flow_rate,pkt_asymmetry,duration,pkts_total,bytes_dst",0.0,0.0,100.0,cat,306,30600,30906,61812,32000,306,103067,2347547,validation
0.9621820120235733,0.9614297357084642,0.987266215678472,0.9628594714169286,0.9749101125803092,0.8993625346795515,0.98092818818644,0.9890050111284705,7680,320,957,24810,0.04,0.03714052858307137,DecisionTree(d=5),46,ton,0.4,61812,33767,"bytes_src,byte_asymmetry,bytes_total,payload_mean_src,byte_rate,flow_rate,pkt_asymmetry,duration,pkts_total,bytes_dst",0.0,0.0,100.0,cat,306,30600,30906,61812,32000,306,103067,2347547,validation
0.9940762976945775,0.9970377652976377,1.0,0.9940755305952754,0.9970289643928603,0.14582060112778278,0.999307598993155,0.9999998863242527,76,0,3477,583411,0.0,0.005924469404724581,DecisionTree(d=5),46,bot,2.0,61812,586964,"bytes_src,byte_asymmetry,bytes_total,payload_mean_src,byte_rate,flow_rate,pkt_asymmetry,duration,pkts_total,bytes_dst",0.0,0.0,100.0,cat,306,30600,30906,61812,32000,306,103067,2347547,validation
0.990464062546273,0.9819435760856909,0.9894587004193437,0.998137152171382,0.9937789799072643,0.9735374042751933,0.997638166065122,0.9991442659233233,7726,274,48,25719,0.03425,0.0018628478286179997,LightGBM,46,ton,6.7,61812,33767,"bytes_src,byte_asymmetry,bytes_total,payload_mean_src,byte_rate,flow_rate,pkt_asymmetry,duration,pkts_total,bytes_dst",0.0,0.0,100.0,cat,306,30600,30906,61812,32000,306,103067,2347547,validation
0.9968754472165243,0.9984375212987827,1.0,0.9968750425975654,0.9984350761385803,0.1991638322122614,0.9999434573367895,0.9999999884295977,76,0,1834,585054,0.0,0.003124957402434536,LightGBM,46,bot,36.2,61812,586964,"bytes_src,byte_asymmetry,bytes_total,payload_mean_src,byte_rate,flow_rate,pkt_asymmetry,duration,pkts_total,bytes_dst",0.0,0.0,100.0,cat,306,30600,30906,61812,32000,306,103067,2347547,validation
0.9805727485414754,0.9594309533511856,0.9755330833617392,0.9996119067023712,0.9874257235959364,0.9461143765371638,0.9975537145379748,0.9990743673775977,7354,646,10,25757,0.08075,0.00038809329762874993,XGBoost,46,ton,3.5,61812,33767,"bytes_src,byte_asymmetry,bytes_total,payload_mean_src,byte_rate,flow_rate,pkt_asymmetry,duration,pkts_total,bytes_dst",0.0,0.0,100.0,cat,306,30600,30906,61812,32000,306,103067,2347547,validation
0.999923334310111,0.9670711851055236,0.9999914799788022,0.9999318438952577,0.9999616610478802,0.7729854656726199,0.9999378523939654,0.9999999877028938,71,5,40,586848,0.06578947368421052,6.815610474230176e-05,XGBoost,46,bot,12.2,61812,586964,"bytes_src,byte_asymmetry,bytes_total,payload_mean_src,byte_rate,flow_rate,pkt_asymmetry,duration,pkts_total,bytes_dst",0.0,0.0,100.0,cat,306,30600,30906,61812,32000,306,103067,2347547,validation
0.8941274024935588,0.7778122647184382,0.8789099849747303,0.9988745294368766,0.9350602168897931,0.6962396692623791,0.9903874408157721,0.9966536220180094,4454,3546,29,25738,0.44325,0.001125470563123375,MLP(16),46,ton,8.7,61812,33767,"bytes_src,byte_asymmetry,bytes_total,payload_mean_src,byte_rate,flow_rate,pkt_asymmetry,duration,pkts_total,bytes_dst",0.0,0.0,100.0,cat,306,30600,30906,61812,32000,306,103067,2347547,validation
0.9998790385781752,0.9407366527030352,0.9999846634914413,0.9998943580376495,0.9999395087256533,0.6766135898549366,0.9996874235485799,0.9999999552128082,67,9,62,586826,0.11842105263157894,0.00010564196235056774,MLP(16),46,bot,12.6,61812,586964,"bytes_src,byte_asymmetry,bytes_total,payload_mean_src,byte_rate,flow_rate,pkt_asymmetry,duration,pkts_total,bytes_dst",0.0,0.0,100.0,cat,306,30600,30906,61812,32000,306,103067,2347547,validation
0.9383421683892558,0.9427492116854892,0.9840192912903094,0.9343734233709784,0.9585539674324163,0.8428162087700094,0.9731379065277294,0.9856130567746367,7609,391,1691,24076,0.048875,0.06562657662902162,"KAN(cat,1L)",47,ton,0.5,3672,33767,"bytes_src,payload_mean_src,byte_asymmetry,bytes_total,byte_rate,flow_rate,pkt_asymmetry,pkts_total,duration,pkts_src",0.0,0.0,5.0,cat,306,1530,1836,3672,32000,306,103067,2347547,validation
0.9954818353425423,0.9977406251277927,1.0,0.9954812502555854,0.9977355087932619,0.16653332583647795,0.9975383315313816,0.9999996789965959,76,0,2652,584236,0.0,0.004518749744414607,"KAN(cat,1L)",47,bot,7.1,3672,586964,"bytes_src,payload_mean_src,byte_asymmetry,bytes_total,byte_rate,flow_rate,pkt_asymmetry,pkts_total,duration,pkts_src",0.0,0.0,5.0,cat,306,1530,1836,3672,32000,306,103067,2347547,validation
0.9801581425652264,0.9689419291147592,0.9838442259494891,0.9902588582295184,0.9870411202661405,0.9448144309745624,0.994320538382427,0.9977204114977386,7581,419,251,25516,0.052375,0.009741141770481623,"KAN(cat,ML)",47,ton,2.1,3672,33767,"bytes_src,payload_mean_src,byte_asymmetry,bytes_total,byte_rate,flow_rate,pkt_asymmetry,pkts_total,duration,pkts_src",0.0,0.0,5.0,cat,306,1530,1836,3672,32000,306,103067,2347547,validation
0.9963796757552422,0.9916115080506709,0.9999982899113319,0.9963809108381838,0.9981863230837117,0.18311889001919604,0.9996683443232064,0.9999999560842983,75,1,2124,584764,0.013157894736842105,0.003619089161816224,"KAN(cat,ML)",47,bot,6.8,3672,586964,"bytes_src,payload_mean_src,byte_asymmetry,bytes_total,byte_rate,flow_rate,pkt_asymmetry,pkts_total,duration,pkts_src",0.0,0.0,5.0,cat,306,1530,1836,3672,32000,306,103067,2347547,validation
0.9604347439808096,0.9546393715799278,0.9821971341728181,0.9656537431598556,0.9738551859099804,0.8931282998461475,0.9775710332013816,0.9884639312651315,7549,451,885,24882,0.056375,0.03434625684014437,DecisionTree(d=5),47,ton,0.2,3672,33767,"bytes_src,payload_mean_src,byte_asymmetry,bytes_total,byte_rate,flow_rate,pkt_asymmetry,pkts_total,duration,pkts_src",0.0,0.0,5.0,cat,306,1530,1836,3672,32000,306,103067,2347547,validation
0.9967067826987686,0.9917750827020524,0.999998290472633,0.9967080601409468,0.9983504644385562,0.19171022163679366,0.9994836166176063,0.9999999119795084,75,1,1932,584956,0.013157894736842105,0.003291939859053175,DecisionTree(d=5),47,bot,2.7,3672,586964,"bytes_src,payload_mean_src,byte_asymmetry,bytes_total,byte_rate,flow_rate,pkt_asymmetry,pkts_total,duration,pkts_src",0.0,0.0,5.0,cat,306,1530,1836,3672,32000,306,103067,2347547,validation
0.9861403145082477,0.9799293063802539,0.9901197256770894,0.9917336127605076,0.9909260120986505,0.961604821349412,0.9938119615205494,0.9960299750243604,7745,255,213,25554,0.031875,0.008266387239492374,LightGBM,47,ton,3.5,3672,33767,"bytes_src,payload_mean_src,byte_asymmetry,bytes_total,byte_rate,flow_rate,pkt_asymmetry,pkts_total,duration,pkts_src",0.0,0.0,5.0,cat,306,1530,1836,3672,32000,306,103067,2347547,validation
0.996730634246734,0.998365105437494,1.0,0.996730210874988,0.9983624281802301,0.19486065457141302,0.9998658737182169,0.9999999808744635,76,0,1919,584969,0.0,0.0032697891250119274,LightGBM,47,bot,33.7,3672,586964,"bytes_src,payload_mean_src,byte_asymmetry,bytes_total,byte_rate,flow_rate,pkt_asymmetry,pkts_total,duration,pkts_src",0.0,0.0,5.0,cat,306,1530,1836,3672,32000,306,103067,2347547,validation
0.9828826961234342,0.9733559737260837,0.9861802740783633,0.9914619474521675,0.9888140579037002,0.9524374467031553,0.9941849288819034,0.9966107116677239,7642,358,220,25547,0.04475,0.008538052547832499,XGBoost,47,ton,1.1,3672,33767,"bytes_src,payload_mean_src,byte_asymmetry,bytes_total,byte_rate,flow_rate,pkt_asymmetry,pkts_total,duration,pkts_src",0.0,0.0,5.0,cat,306,1530,1836,3672,32000,306,103067,2347547,validation
0.9964358972611608,0.9982177178609888,1.0,0.9964354357219776,0.9982145356597854,0.18689674556601824,0.9997600972372386,0.9999999671575415,76,0,2092,584796,0.0,0.0035645642780223826,XGBoost,47,bot,9.1,3672,586964,"bytes_src,payload_mean_src,byte_asymmetry,bytes_total,byte_rate,flow_rate,pkt_asymmetry,pkts_total,duration,pkts_src",0.0,0.0,5.0,cat,306,1530,1836,3672,32000,306,103067,2347547,validation
0.9511061095152071,0.908146573136182,0.9483861371411573,0.9897931462723639,0.9686473347386012,0.8619362972399636,0.9858353829510614,0.9947962126684413,6612,1388,263,25504,0.1735,0.010206853727636123,MLP(16),47,ton,0.4,3672,33767,"bytes_src,payload_mean_src,byte_asymmetry,bytes_total,byte_rate,flow_rate,pkt_asymmetry,pkts_total,duration,pkts_src",0.0,0.0,5.0,cat,306,1530,1836,3672,32000,306,103067,2347547,validation
0.9958787932479675,0.9716267481144075,0.999993156274755,0.9958850751761835,0.9979348879298937,0.165230885028945,0.9805391228596293,0.9999966118977996,72,4,2415,584473,0.05263157894736842,0.004114924823816469,MLP(16),47,bot,2.6,3672,586964,"bytes_src,payload_mean_src,byte_asymmetry,bytes_total,byte_rate,flow_rate,pkt_asymmetry,pkts_total,duration,pkts_src",0.0,0.0,5.0,cat,306,1530,1836,3672,32000,306,103067,2347547,validation
0.9356176148310481,0.9414380312027011,0.9843961729561039,0.9303760624054023,0.9566241021548284,0.8371693749201408,0.9764991437691621,0.9866791219313545,7620,380,1794,23973,0.0475,0.06962393759459774,"KAN(cat,1L)",47,ton,0.4,6732,33767,"bytes_src,payload_mean_src,byte_asymmetry,bytes_total,byte_rate,flow_rate,pkt_asymmetry,pkts_total,duration,bytes_dst",0.0,0.0,10.0,cat,306,3060,3366,6732,32000,306,103067,2347547,validation
0.9933846028035791,0.9835356822318471,0.9999965695212252,0.9933871539373782,0.9966809043873093,0.13450302793151114,0.9971227362308526,0.999999625037139,74,2,3881,583007,0.02631578947368421,0.006612846062621829,"KAN(cat,1L)",47,bot,5.0,6732,586964,"bytes_src,payload_mean_src,byte_asymmetry,bytes_total,byte_rate,flow_rate,pkt_asymmetry,pkts_total,duration,bytes_dst",0.0,0.0,10.0,cat,306,3060,3366,6732,32000,306,103067,2347547,validation
0.9839488257766459,0.9741838276671712,0.9863119336803547,0.9927426553343424,0.989516846543654,0.9553756989920604,0.9923696418869098,0.9960583622820111,7645,355,187,25580,0.044375,0.007257344665657624,"KAN(cat,ML)",47,ton,4.0,6732,33767,"bytes_src,payload_mean_src,byte_asymmetry,bytes_total,byte_rate,flow_rate,pkt_asymmetry,pkts_total,duration,bytes_dst",0.0,0.0,10.0,cat,306,3060,3366,6732,32000,306,103067,2347547,validation
0.9964904150850818,0.9785106940515504,0.9999948703392758,0.9964950723136271,0.998241903796293,0.18109228413647255,0.9996250517448322,0.9999999496327887,73,3,2057,584831,0.039473684210526314,0.0035049276863728684,"KAN(cat,ML)",47,bot,9.1,6732,586964,"bytes_src,payload_mean_src,byte_asymmetry,bytes_total,byte_rate,flow_rate,pkt_asymmetry,pkts_total,duration,bytes_dst",0.0,0.0,10.0,cat,306,3060,3366,6732,32000,306,103067,2347547,validation
0.9747386501614002,0.9641411107230178,0.9826423866718326,0.9842822214460356,0.9834616204897532,0.9300114035857714,0.9656517372026234,0.9816926046754554,7552,448,405,25362,0.056,0.015717778553964373,DecisionTree(d=5),47,ton,0.1,6732,33767,"bytes_src,payload_mean_src,byte_asymmetry,bytes_total,byte_rate,flow_rate,pkt_asymmetry,pkts_total,duration,bytes_dst",0.0,0.0,10.0,cat,306,3060,3366,6732,32000,306,103067,2347547,validation
0.9966863385147982,0.9917648592863411,0.9999982904375625,0.9966876133095242,0.998340207179692,0.19113764121105825,0.9995843822796998,0.9999999262001606,75,1,1944,584944,0.013157894736842105,0.0033123866904758658,DecisionTree(d=5),47,bot,1.8,6732,586964,"bytes_src,payload_mean_src,byte_asymmetry,bytes_total,byte_rate,flow_rate,pkt_asymmetry,pkts_total,duration,bytes_dst",0.0,0.0,10.0,cat,306,3060,3366,6732,32000,306,103067,2347547,validation
0.9883021885272604,0.9807856075600574,0.9896557048016057,0.9950712151201149,0.9923560716013546,0.9675151802263504,0.9934867926999651,0.9957267900943618,7732,268,127,25640,0.0335,0.004928784879885124,LightGBM,47,ton,3.7,6732,33767,"bytes_src,payload_mean_src,byte_asymmetry,bytes_total,byte_rate,flow_rate,pkt_asymmetry,pkts_total,duration,bytes_dst",0.0,0.0,10.0,cat,306,3060,3366,6732,32000,306,103067,2347547,validation
0.9967357452927267,0.9983676612914218,1.0,0.9967353225828437,0.9983649924052361,0.1950078318326017,0.9999073839247729,0.9999999862509402,76,0,1916,584972,0.0,0.0032646774171562545,LightGBM,47,bot,35.3,6732,586964,"bytes_src,payload_mean_src,byte_asymmetry,bytes_total,byte_rate,flow_rate,pkt_asymmetry,pkts_total,duration,bytes_dst",0.0,0.0,10.0,cat,306,3060,3366,6732,32000,306,103067,2347547,validation
0.9831196138241478,0.9700635842356502,0.9832010125417098,0.9948771684713005,0.9890046296296297,0.952997875199849,0.9944215736212983,0.9969663254042453,7562,438,132,25635,0.05475,0.0051228315286994995,XGBoost,47,ton,1.2,6732,33767,"bytes_src,payload_mean_src,byte_asymmetry,bytes_total,byte_rate,flow_rate,pkt_asymmetry,pkts_total,duration,bytes_dst",0.0,0.0,10.0,cat,306,3060,3366,6732,32000,306,103067,2347547,validation
0.9966233022808895,0.9983114325050095,1.0,0.996622865010019,0.9983085764221357,0.19184458013074038,0.999874796787193,0.9999999820309757,76,0,1982,584906,0.0,0.003377134989981053,XGBoost,47,bot,8.8,6732,586964,"bytes_src,payload_mean_src,byte_asymmetry,bytes_total,byte_rate,flow_rate,pkt_asymmetry,pkts_total,duration,bytes_dst",0.0,0.0,10.0,cat,306,3060,3366,6732,32000,306,103067,2347547,validation
0.9540083513489501,0.9111256136725269,0.9494060876020787,0.9926262273450538,0.9705352230254046,0.8704978554241947,0.9826479290371405,0.9934000112901131,6637,1363,190,25577,0.170375,0.007373772654946249,MLP(16),47,ton,0.4,6732,33767,"bytes_src,payload_mean_src,byte_asymmetry,bytes_total,byte_rate,flow_rate,pkt_asymmetry,pkts_total,duration,bytes_dst",0.0,0.0,10.0,cat,306,3060,3366,6732,32000,306,103067,2347547,validation
0.9958787932479675,0.9584705572801839,0.9999897344823869,0.9958884829814206,0.9979348949818546,0.16075048749801513,0.9798191119044322,0.9999967819297669,70,6,2413,584475,0.07894736842105263,0.0041115170185793545,MLP(16),47,bot,2.5,6732,586964,"bytes_src,payload_mean_src,byte_asymmetry,bytes_total,byte_rate,flow_rate,pkt_asymmetry,pkts_total,duration,bytes_dst",0.0,0.0,10.0,cat,306,3060,3366,6732,32000,306,103067,2347547,validation
0.9341664939141766,0.9405302979586293,0.9844045757550819,0.9284355959172585,0.9556012702470591,0.8340678541154662,0.9772410229169093,0.986559774449939,7621,379,1844,23923,0.047375,0.07156440408274149,"KAN(cat,1L)",47,ton,0.7,12852,33767,"bytes_src,byte_asymmetry,payload_mean_src,bytes_total,byte_rate,flow_rate,pkt_asymmetry,duration,pkts_total,bytes_dst",0.0,0.0,20.0,cat,306,6120,6426,12852,32000,306,103067,2347547,validation
0.993377788075589,0.9901103698437217,0.9999982847429602,0.9933786344242854,0.9966774682427679,0.13622928654324154,0.9970472712806675,0.9999996152497002,75,1,3886,583002,0.013157894736842105,0.006621365575714617,"KAN(cat,1L)",47,bot,5.3,12852,586964,"bytes_src,byte_asymmetry,payload_mean_src,bytes_total,byte_rate,flow_rate,pkt_asymmetry,duration,pkts_total,bytes_dst",0.0,0.0,20.0,cat,306,6120,6426,12852,32000,306,103067,2347547,validation
0.9863772322089615,0.9778004909380216,0.9881186591058134,0.994100981876043,0.9911007931901722,0.9621484556703855,0.9959613362052238,0.9977455658359977,7692,308,152,25615,0.0385,0.005899018123956999,"KAN(cat,ML)",47,ton,7.3,12852,33767,"bytes_src,byte_asymmetry,payload_mean_src,bytes_total,byte_rate,flow_rate,pkt_asymmetry,duration,pkts_total,bytes_dst",0.0,0.0,20.0,cat,306,6120,6426,12852,32000,306,103067,2347547,validation
0.9967374489747242,0.9852123224085076,0.9999965810621614,0.9967404342906995,0.9983658527219432,0.19009815387114049,0.9998347662855424,0.9999999777124754,74,2,1913,584975,0.02631578947368421,0.003259565709300582,"KAN(cat,ML)",47,bot,12.0,12852,586964,"bytes_src,byte_asymmetry,payload_mean_src,bytes_total,byte_rate,flow_rate,pkt_asymmetry,duration,pkts_total,bytes_dst",0.0,0.0,20.0,cat,306,6120,6426,12852,32000,306,103067,2347547,validation
0.9724287025794415,0.9590937293825436,0.9795335186901452,0.9844374587650871,0.9819793662776068,0.9233725918841679,0.9797073776535878,0.9885786170073867,7470,530,401,25366,0.06625,0.015562541234912873,DecisionTree(d=5),47,ton,0.2,12852,33767,"bytes_src,byte_asymmetry,payload_mean_src,bytes_total,byte_rate,flow_rate,pkt_asymmetry,duration,pkts_total,bytes_dst",0.0,0.0,20.0,cat,306,6120,6426,12852,32000,306,103067,2347547,validation
0.9967442637027143,0.9720595393795212,0.9999931622178346,0.9967506577064108,0.9983692772168998,0.1853172823519855,0.9681175718813739,0.9999917726687381,72,4,1907,584981,0.05263157894736842,0.003249342293589237,DecisionTree(d=5),47,bot,2.1,12852,586964,"bytes_src,byte_asymmetry,payload_mean_src,bytes_total,byte_rate,flow_rate,pkt_asymmetry,duration,pkts_total,bytes_dst",0.0,0.0,20.0,cat,306,6120,6426,12852,32000,306,103067,2347547,validation
0.9891017857671691,0.9794995294368767,0.9880856297321189,0.9977490588737532,0.9928938323098907,0.9697393006222609,0.9945694517211938,0.9970877809477,7690,310,58,25709,0.03875,0.00225094112624675,LightGBM,47,ton,4.4,12852,33767,"bytes_src,byte_asymmetry,payload_mean_src,bytes_total,byte_rate,flow_rate,pkt_asymmetry,duration,pkts_total,bytes_dst",0.0,0.0,20.0,cat,306,6120,6426,12852,32000,306,103067,2347547,validation
0.9966062654609141,0.9851467221576932,0.9999965806120704,0.9966092337890705,0.9983000337945089,0.18650558905332423,0.9998745613795944,0.999999981996734,74,2,1990,584898,0.02631578947368421,0.003390766210929513,LightGBM,47,bot,38.5,12852,586964,"bytes_src,byte_asymmetry,payload_mean_src,bytes_total,byte_rate,flow_rate,pkt_asymmetry,duration,pkts_total,bytes_dst",0.0,0.0,20.0,cat,306,6120,6426,12852,32000,306,103067,2347547,validation
0.9828530814108449,0.9659241714208096,0.9798079853703139,0.9980983428416191,0.9888685955974238,0.9523443472729227,0.9949021155935887,0.9971071723040648,7470,530,49,25718,0.06625,0.0019016571583808748,XGBoost,47,ton,1.5,12852,33767,"bytes_src,byte_asymmetry,payload_mean_src,bytes_total,byte_rate,flow_rate,pkt_asymmetry,duration,pkts_total,bytes_dst",0.0,0.0,20.0,cat,306,6120,6426,12852,32000,306,103067,2347547,validation
0.9988517183336627,0.973113403149099,0.99999317664639,0.9988583852455665,0.9994254588231283,0.3030028052117661,0.999842658045039,0.9999999778645683,72,4,670,586218,0.05263157894736842,0.0011416147544335547,XGBoost,47,bot,9.1,12852,586964,"bytes_src,byte_asymmetry,payload_mean_src,bytes_total,byte_rate,flow_rate,pkt_asymmetry,duration,pkts_total,bytes_dst",0.0,0.0,20.0,cat,306,6120,6426,12852,32000,306,103067,2347547,validation
0.9539195072111825,0.9088264422517174,0.9476720535483155,0.9945278845034347,0.9705347674594759,0.8704745733261539,0.9882879433965925,0.9961113923761826,6585,1415,141,25626,0.176875,0.005472115496565374,MLP(16),47,ton,1.0,12852,33767,"bytes_src,byte_asymmetry,payload_mean_src,bytes_total,byte_rate,flow_rate,pkt_asymmetry,duration,pkts_total,bytes_dst",0.0,0.0,20.0,cat,306,6120,6426,12852,32000,306,103067,2347547,validation
0.9958719785199773,0.9650452448920587,0.9999914453141708,0.9958799634683279,0.997931469578602,0.16285991229168684,0.9969057352644707,0.9999995857644453,71,5,2418,584470,0.06578947368421052,0.004120036531672142,MLP(16),47,bot,3.1,12852,586964,"bytes_src,byte_asymmetry,payload_mean_src,bytes_total,byte_rate,flow_rate,pkt_asymmetry,duration,pkts_total,bytes_dst",0.0,0.0,20.0,cat,306,6120,6426,12852,32000,306,103067,2347547,validation
0.9344922557526579,0.9411747026235107,0.9848104392211748,0.9284744052470214,0.9558130243707551,0.8350457196691171,0.9784414876586334,0.9872262380623997,7631,369,1843,23924,0.046125,0.07152559475297862,"KAN(cat,1L)",47,ton,1.6,31212,33767,"bytes_src,byte_asymmetry,bytes_total,payload_mean_src,byte_rate,flow_rate,pkt_asymmetry,duration,pkts_total,bytes_dst",0.0,0.0,50.0,cat,306,15300,15606,31212,32000,306,103067,2347547,validation
0.9933743807115939,0.9966867613582149,1.0,0.9933735227164298,0.9966757473157664,0.137988054133659,0.9969594530364979,0.9999996038559145,76,0,3889,582999,0.0,0.006626477283570289,"KAN(cat,1L)",47,bot,6.1,31212,586964,"bytes_src,byte_asymmetry,bytes_total,payload_mean_src,byte_rate,flow_rate,pkt_asymmetry,duration,pkts_total,bytes_dst",0.0,0.0,50.0,cat,306,15300,15606,31212,32000,306,103067,2347547,validation
0.9855184055438742,0.9752122749058874,0.9863398491611512,0.9947995498117748,0.9905516375229446,0.9597237741044092,0.9948318610043855,0.9971787915937107,7645,355,134,25633,0.044375,0.005200450188225249,"KAN(cat,ML)",47,ton,31.1,31212,33767,"bytes_src,byte_asymmetry,bytes_total,payload_mean_src,byte_rate,flow_rate,pkt_asymmetry,duration,pkts_total,bytes_dst",0.0,0.0,50.0,cat,306,15300,15606,31212,32000,306,103067,2347547,validation
0.9964853040390893,0.9785081381976226,0.9999948703129622,0.9964899606057714,0.9982393389541349,0.1809643864770957,0.9997137891996248,0.9999999620281541,73,3,2060,584828,0.039473684210526314,0.0035100393942285413,"KAN(cat,ML)",47,bot,35.8,31212,586964,"bytes_src,byte_asymmetry,bytes_total,payload_mean_src,byte_rate,flow_rate,pkt_asymmetry,duration,pkts_total,bytes_dst",0.0,0.0,50.0,cat,306,15300,15606,31212,32000,306,103067,2347547,validation
0.9722806290164954,0.9599878987658633,0.9803830528148578,0.9833507975317266,0.981864682631946,0.9230976325398801,0.9796505535180657,0.9884705828650999,7493,507,429,25338,0.063375,0.016649202468273373,DecisionTree(d=5),47,ton,0.2,31212,33767,"bytes_src,byte_asymmetry,bytes_total,payload_mean_src,byte_rate,flow_rate,pkt_asymmetry,duration,pkts_total,bytes_dst",0.0,0.0,50.0,cat,306,15300,15606,31212,32000,306,103067,2347547,validation
0.9967595968406922,0.9786453023584165,0.9999948717247416,0.9967642889273592,0.9983769669249412,0.1882347444500932,0.9807986765519324,0.9999950782017267,73,3,1899,584989,0.039473684210526314,0.0032357110726407763,DecisionTree(d=5),47,bot,1.8,31212,586964,"bytes_src,byte_asymmetry,bytes_total,payload_mean_src,byte_rate,flow_rate,pkt_asymmetry,duration,pkts_total,bytes_dst",0.0,0.0,50.0,cat,306,15300,15606,31212,32000,306,103067,2347547,validation
0.9890425563419907,0.9788573854154539,0.9875599923209829,0.9982147708309077,0.9928587971898402,0.9695853129727734,0.9947521272363876,0.9976841592998876,7676,324,46,25721,0.0405,0.0017852291690922497,LightGBM,47,ton,5.1,31212,33767,"bytes_src,byte_asymmetry,bytes_total,payload_mean_src,byte_rate,flow_rate,pkt_asymmetry,duration,pkts_total,bytes_dst",0.0,0.0,50.0,cat,306,15300,15606,31212,32000,306,103067,2347547,validation
0.9968090036186206,0.991826199780609,0.9999982906479641,0.9968102942980602,0.9984017475819286,0.1946519898621652,0.9998361675212486,0.9999999770204884,75,1,1872,585016,0.013157894736842105,0.0031897057019397226,LightGBM,47,bot,37.4,31212,586964,"bytes_src,byte_asymmetry,bytes_total,payload_mean_src,byte_rate,flow_rate,pkt_asymmetry,duration,pkts_total,bytes_dst",0.0,0.0,50.0,cat,306,15300,15606,31212,32000,306,103067,2347547,validation
0.9780851126839814,0.954741192707727,0.9729035183855486,0.9991073854154539,0.9858313548288274,0.9391354926198128,0.9951583275119338,0.9972993333139062,7283,717,23,25744,0.089625,0.0008926145845461248,XGBoost,47,ton,2.3,31212,33767,"bytes_src,byte_asymmetry,bytes_total,payload_mean_src,byte_rate,flow_rate,pkt_asymmetry,duration,pkts_total,bytes_dst",0.0,0.0,50.0,cat,306,15300,15606,31212,32000,306,103067,2347547,validation
0.9998960753981505,0.9539013630503517,0.9999880717264131,0.9999079892585979,0.9999480288891217,0.7136135924247168,0.9998727117484625,0.9999999817561396,69,7,54,586834,0.09210526315789473,9.201074140210739e-05,XGBoost,47,bot,10.8,31212,586964,"bytes_src,byte_asymmetry,bytes_total,payload_mean_src,byte_rate,flow_rate,pkt_asymmetry,duration,pkts_total,bytes_dst",0.0,0.0,50.0,cat,306,15300,15606,31212,32000,306,103067,2347547,validation
0.8946900820327539,0.7810252454690108,0.8807034383463028,0.9970504909380214,0.935272488987586,0.6969258686896068,0.9904839644700586,0.9968232476242038,4520,3480,76,25691,0.435,0.0029495090619784995,MLP(16),47,ton,3.4,31212,33767,"bytes_src,byte_asymmetry,bytes_total,payload_mean_src,byte_rate,flow_rate,pkt_asymmetry,duration,pkts_total,bytes_dst",0.0,0.0,50.0,cat,306,15300,15606,31212,32000,306,103067,2347547,validation
0.9998739275321825,0.9604683831004427,0.9999897755041528,0.999884134621938,0.9999369522728706,0.6834708639099724,0.999604111678441,0.9999999468766768,70,6,68,586820,0.07894736842105263,0.00011586537806191301,MLP(16),47,bot,5.5,31212,586964,"bytes_src,byte_asymmetry,bytes_total,payload_mean_src,byte_rate,flow_rate,pkt_asymmetry,duration,pkts_total,bytes_dst",0.0,0.0,50.0,cat,306,15300,15606,31212,32000,306,103067,2347547,validation
0.9348772470163177,0.9412976772616137,0.9846989141164857,0.9290953545232273,0.9560893787815252,0.8357905363832999,0.9797023736756315,0.9879665143669272,7628,372,1827,23940,0.0465,0.07090464547677261,"KAN(cat,1L)",47,ton,3.0,61812,33767,"bytes_src,byte_asymmetry,bytes_total,payload_mean_src,byte_rate,flow_rate,pkt_asymmetry,pkts_total,duration,bytes_dst",0.0,0.0,100.0,cat,306,30600,30906,61812,32000,306,103067,2347547,validation
0.9933846028035791,0.9966918730660705,1.0,0.9933837461321411,0.996680893038936,0.13809328795176215,0.9970724486838338,0.9999996185061644,76,0,3883,583005,0.0,0.006616253867858944,"KAN(cat,1L)",47,bot,7.7,61812,586964,"bytes_src,byte_asymmetry,bytes_total,payload_mean_src,byte_rate,flow_rate,pkt_asymmetry,pkts_total,duration,bytes_dst",0.0,0.0,100.0,cat,306,30600,30906,61812,32000,306,103067,2347547,validation
0.9856072496816418,0.9749257262195832,0.9860422194024686,0.9952264524391664,0.990613049020744,0.9599677073373157,0.9951886424496449,0.9980502639894967,7637,363,123,25644,0.045375,0.004773547560833625,"KAN(cat,ML)",47,ton,64.1,61812,33767,"bytes_src,byte_asymmetry,bytes_total,payload_mean_src,byte_rate,flow_rate,pkt_asymmetry,pkts_total,duration,bytes_dst",0.0,0.0,100.0,cat,306,30600,30906,61812,32000,306,103067,2347547,validation
0.9967732262966724,0.9852302133860025,0.999996581184893,0.9967762162456891,0.9983838018373801,0.1911143484139857,0.9997644130432132,0.9999999685929735,74,2,1892,584996,0.02631578947368421,0.0032237837543108738,"KAN(cat,ML)",47,bot,69.2,61812,586964,"bytes_src,byte_asymmetry,bytes_total,payload_mean_src,byte_rate,flow_rate,pkt_asymmetry,pkts_total,duration,bytes_dst",0.0,0.0,100.0,cat,306,30600,30906,61812,32000,306,103067,2347547,validation
0.973050611543815,0.960061466701595,0.9800316712371094,0.9847479334031901,0.9823841418560533,0.9251145498987884,0.9784320569915008,0.9876527094060437,7483,517,393,25374,0.064625,0.015252066596809872,DecisionTree(d=5),47,ton,0.3,61812,33767,"bytes_src,byte_asymmetry,bytes_total,payload_mean_src,byte_rate,flow_rate,pkt_asymmetry,pkts_total,duration,bytes_dst",0.0,0.0,100.0,cat,306,30600,30906,61812,32000,306,103067,2347547,validation
0.9967544857946995,0.9786427465044887,0.9999948716984421,0.9967591772195036,0.9983744027743526,0.1880912049485263,0.9809246196171924,0.9999950937492398,73,3,1902,584986,0.039473684210526314,0.003240822780496449,DecisionTree(d=5),47,bot,1.9,61812,586964,"bytes_src,byte_asymmetry,bytes_total,payload_mean_src,byte_rate,flow_rate,pkt_asymmetry,pkts_total,duration,bytes_dst",0.0,0.0,100.0,cat,306,30600,30906,61812,32000,306,103067,2347547,validation
0.9872656735866379,0.9746333367291498,0.9848815401691736,0.9986416734582994,0.9917138782903612,0.9646587420566252,0.9947877687546084,0.9976760470507053,7605,395,35,25732,0.049375,0.0013583265417006249,LightGBM,47,ton,6.3,61812,33767,"bytes_src,byte_asymmetry,bytes_total,payload_mean_src,byte_rate,flow_rate,pkt_asymmetry,pkts_total,duration,bytes_dst",0.0,0.0,100.0,cat,306,30600,30906,61812,32000,306,103067,2347547,validation
0.9968090036186206,0.991826199780609,0.9999982906479641,0.9968102942980602,0.9984017475819286,0.1946519898621652,0.9998806371376159,0.9999999827806578,75,1,1872,585016,0.013157894736842105,0.0031897057019397226,LightGBM,47,bot,40.2,61812,586964,"bytes_src,byte_asymmetry,bytes_total,payload_mean_src,byte_rate,flow_rate,pkt_asymmetry,pkts_total,duration,bytes_dst",0.0,0.0,100.0,cat,306,30600,30906,61812,32000,306,103067,2347547,validation
0.9762490005034501,0.9507800020374899,0.9705582990914917,0.9991850040749797,0.9846636325391058,0.9340243690464737,0.9945010599798193,0.9967933120179114,7219,781,21,25746,0.097625,0.0008149959250203749,XGBoost,47,ton,4.5,61812,33767,"bytes_src,byte_asymmetry,bytes_total,payload_mean_src,byte_rate,flow_rate,pkt_asymmetry,pkts_total,duration,bytes_dst",0.0,0.0,100.0,cat,306,30600,30906,61812,32000,306,103067,2347547,validation
0.9998960753981505,0.9539013630503517,0.9999880717264131,0.9999079892585979,0.9999480288891217,0.7136135924247168,0.9998455389856505,0.9999999782363405,69,7,54,586834,0.09210526315789473,9.201074140210739e-05,XGBoost,47,bot,12.3,61812,586964,"bytes_src,byte_asymmetry,bytes_total,payload_mean_src,byte_rate,flow_rate,pkt_asymmetry,pkts_total,duration,bytes_dst",0.0,0.0,100.0,cat,306,30600,30906,61812,32000,306,103067,2347547,validation
0.892765125714455,0.7748510740482012,0.8774800572714256,0.9989521480964024,0.9342843142592694,0.6921015897865093,0.9903023125509374,0.9967856052831419,4406,3594,27,25740,0.44925,0.001047851903597625,MLP(16),47,ton,5.0,61812,33767,"bytes_src,byte_asymmetry,bytes_total,payload_mean_src,byte_rate,flow_rate,pkt_asymmetry,pkts_total,duration,bytes_dst",0.0,0.0,100.0,cat,306,30600,30906,61812,32000,306,103067,2347547,validation
0.9998875569881628,0.9407409124595816,0.9999846636221117,0.9999028775507423,0.9999437689140925,0.6901239132893163,0.9981402799709297,0.999999751021175,67,9,57,586831,0.11842105263157894,9.712244925778002e-05,MLP(16),47,bot,7.3,61812,586964,"bytes_src,byte_asymmetry,bytes_total,payload_mean_src,byte_rate,flow_rate,pkt_asymmetry,pkts_total,duration,bytes_dst",0.0,0.0,100.0,cat,306,30600,30906,61812,32000,306,103067,2347547,validation
0.9415109426363018,0.947583612275391,0.9866235784995501,0.936042224550782,0.9606675562105431,0.8514240965363158,0.9841731162921566,0.9935844508066428,7673,327,1648,24119,0.040875,0.06395777544921799,"KAN(cat,1L)",48,ton,0.3,3672,33767,"bytes_src,byte_asymmetry,payload_mean_src,bytes_total,byte_rate,flow_rate,duration,pkt_asymmetry,pkts_total,bytes_dst",0.0,0.0,5.0,cat,306,1530,1836,3672,32000,306,103067,2347547,validation
0.993330084979658,0.9966646106241737,1.0,0.9933292212483472,0.9966534485720954,0.13753478028936678,0.9970730988572015,0.9999996185618539,76,0,3915,582973,0.0,0.006670778751652786,"KAN(cat,1L)",48,bot,4.8,3672,586964,"bytes_src,byte_asymmetry,payload_mean_src,bytes_total,byte_rate,flow_rate,duration,pkt_asymmetry,pkts_total,bytes_dst",0.0,0.0,5.0,cat,306,1530,1836,3672,32000,306,103067,2347547,validation
0.9854887908312849,0.9787266877207281,0.9894280292762266,0.9915783754414561,0.9905020352781547,0.9597797693077094,0.9938158157721116,0.9967176482143242,7727,273,217,25550,0.034125,0.008421624558543873,"KAN(cat,ML)",48,ton,2.2,3672,33767,"bytes_src,byte_asymmetry,payload_mean_src,bytes_total,byte_rate,flow_rate,duration,pkt_asymmetry,pkts_total,bytes_dst",0.0,0.0,5.0,cat,306,1530,1836,3672,32000,306,103067,2347547,validation
0.9967800410246626,0.9918117166083513,0.9999982905982906,0.9967813279535448,0.9983872178911295,0.1938048328647556,0.9997772595721662,0.9999999702255857,75,1,1889,584999,0.013157894736842105,0.003218672046455201,"KAN(cat,ML)",48,bot,8.1,3672,586964,"bytes_src,byte_asymmetry,payload_mean_src,bytes_total,byte_rate,flow_rate,duration,pkt_asymmetry,pkts_total,bytes_dst",0.0,0.0,5.0,cat,306,1530,1836,3672,32000,306,103067,2347547,validation
0.9734948322326532,0.9609127760313579,0.9805255023183925,0.9848255520627158,0.9826708230874979,0.9263766674018025,0.9763690743004618,0.9878921589630545,7496,504,391,25376,0.063,0.015174447937284122,DecisionTree(d=5),48,ton,0.1,3672,33767,"bytes_src,byte_asymmetry,payload_mean_src,bytes_total,byte_rate,flow_rate,duration,pkt_asymmetry,pkts_total,bytes_dst",0.0,0.0,5.0,cat,306,1530,1836,3672,32000,306,103067,2347547,validation
0.9944630335080176,0.9906530628277321,0.9999982866150366,0.9944640203923065,0.9972234752180212,0.14879416099582785,0.9993749816157875,0.9999998674687371,75,1,3249,583639,0.013157894736842105,0.005535979607693461,DecisionTree(d=5),48,bot,1.8,3672,586964,"bytes_src,byte_asymmetry,payload_mean_src,bytes_total,byte_rate,flow_rate,duration,pkt_asymmetry,pkts_total,bytes_dst",0.0,0.0,5.0,cat,306,1530,1836,3672,32000,306,103067,2347547,validation
0.9877098942754761,0.9814318023052742,0.9905572755417956,0.9933636046105484,0.991958455248319,0.9659196686716937,0.9964520001358326,0.9985855080758086,7756,244,171,25596,0.0305,0.006636395389451624,LightGBM,48,ton,3.4,3672,33767,"bytes_src,byte_asymmetry,payload_mean_src,bytes_total,byte_rate,flow_rate,duration,pkt_asymmetry,pkts_total,bytes_dst",0.0,0.0,5.0,cat,306,1530,1836,3672,32000,306,103067,2347547,validation
0.9967118937447612,0.998355733973092,1.0,0.9967114679461839,0.9983530259095479,0.19432382903381637,0.9999542300368975,0.9999999922621388,76,0,1930,584958,0.0,0.0032885320538160604,LightGBM,48,bot,30.4,3672,586964,"bytes_src,byte_asymmetry,payload_mean_src,bytes_total,byte_rate,flow_rate,duration,pkt_asymmetry,pkts_total,bytes_dst",0.0,0.0,5.0,cat,306,1530,1836,3672,32000,306,103067,2347547,validation
0.9857849379571771,0.9775847789808669,0.9882602819077042,0.993169557961734,0.9907088382176454,0.9605210667521153,0.9971152273256492,0.9989630887508733,7696,304,176,25591,0.038,0.006830442038265999,XGBoost,48,ton,1.1,3672,33767,"bytes_src,byte_asymmetry,payload_mean_src,bytes_total,byte_rate,flow_rate,duration,pkt_asymmetry,pkts_total,bytes_dst",0.0,0.0,5.0,cat,306,1530,1836,3672,32000,306,103067,2347547,validation
0.9967118937447612,0.998355733973092,1.0,0.9967114679461839,0.9983530259095479,0.19432382903381637,0.9998663669531853,0.9999999808628999,76,0,1930,584958,0.0,0.0032885320538160604,XGBoost,48,bot,8.7,3672,586964,"bytes_src,byte_asymmetry,payload_mean_src,bytes_total,byte_rate,flow_rate,duration,pkt_asymmetry,pkts_total,bytes_dst",0.0,0.0,5.0,cat,306,1530,1836,3672,32000,306,103067,2347547,validation
0.9561406106553736,0.9211418165677029,0.9562979107169698,0.9876586331354058,0.9717253097615457,0.8763784858490855,0.9846693178290061,0.9943751250709161,6837,1163,318,25449,0.145375,0.012341366864594248,MLP(16),48,ton,0.3,3672,33767,"bytes_src,byte_asymmetry,payload_mean_src,bytes_total,byte_rate,flow_rate,duration,pkt_asymmetry,pkts_total,bytes_dst",0.0,0.0,5.0,cat,306,1530,1836,3672,32000,306,103067,2347547,validation
0.9958362011980292,0.9847616401658992,0.9999965779675866,0.9958390698054824,0.9979134936516935,0.16885518309457706,0.9856166405640743,0.9999955021213555,74,2,2442,584446,0.02631578947368421,0.004160930194517523,MLP(16),48,bot,2.5,3672,586964,"bytes_src,byte_asymmetry,payload_mean_src,bytes_total,byte_rate,flow_rate,duration,pkt_asymmetry,pkts_total,bytes_dst",0.0,0.0,5.0,cat,306,1530,1836,3672,32000,306,103067,2347547,validation
0.939763674593538,0.9468265950634533,0.9869506340022159,0.9334031901269065,0.9594303494494973,0.8478311286852757,0.9838164003376412,0.9928925670661695,7682,318,1716,24051,0.03975,0.0665968098730935,"KAN(cat,1L)",48,ton,0.4,6732,33767,"bytes_src,byte_asymmetry,payload_mean_src,bytes_total,byte_rate,pkt_asymmetry,flow_rate,duration,pkts_total,bytes_dst",0.0,0.0,10.0,cat,306,3060,3366,6732,32000,306,103067,2347547,validation
0.9933147518416803,0.9966569430623902,1.0,0.9933138861247802,0.9966457295452759,0.13737890608230516,0.9970911467730955,0.9999996209025479,76,0,3924,582964,0.0,0.006686113875219803,"KAN(cat,1L)",48,bot,5.1,6732,586964,"bytes_src,byte_asymmetry,payload_mean_src,bytes_total,byte_rate,pkt_asymmetry,flow_rate,duration,pkts_total,bytes_dst",0.0,0.0,10.0,cat,306,3060,3366,6732,32000,306,103067,2347547,validation
0.9877098942754761,0.9799234655761245,0.9892319567734466,0.994721931152249,0.9919693480658707,0.9658658695890266,0.9949551849264564,0.9977687104479216,7721,279,136,25631,0.034875,0.005278068847750999,"KAN(cat,ML)",48,ton,3.7,6732,33767,"bytes_src,byte_asymmetry,payload_mean_src,bytes_total,byte_rate,pkt_asymmetry,flow_rate,duration,pkts_total,bytes_dst",0.0,0.0,10.0,cat,306,3060,3366,6732,32000,306,103067,2347547,validation
0.9967050790167711,0.9917742307507431,0.9999982904697106,0.9967063562383283,0.998349609675008,0.19166231087295035,0.9997339894135633,0.999999964610741,75,1,1933,584955,0.013157894736842105,0.003293643761671733,"KAN(cat,ML)",48,bot,8.4,6732,586964,"bytes_src,byte_asymmetry,payload_mean_src,bytes_total,byte_rate,pkt_asymmetry,flow_rate,duration,pkts_total,bytes_dst",0.0,0.0,10.0,cat,306,3060,3366,6732,32000,306,103067,2347547,validation
0.9750347972872924,0.9623527719563783,0.9809354739117011,0.9864555439127566,0.9836877648561311,0.9305866574287012,0.9766252789420578,0.9882241700942944,7506,494,349,25418,0.06175,0.013544456087243374,DecisionTree(d=5),48,ton,0.1,6732,33767,"bytes_src,byte_asymmetry,payload_mean_src,bytes_total,byte_rate,pkt_asymmetry,flow_rate,duration,pkts_total,bytes_dst",0.0,0.0,10.0,cat,306,3060,3366,6732,32000,306,103067,2347547,validation
0.9944459966880422,0.9906445433146394,0.9999982865856792,0.994446981366121,0.9972149082713807,0.14856953986762808,0.9992859639138535,0.9999998535128993,75,1,3259,583629,0.013157894736842105,0.005553018633879037,DecisionTree(d=5),48,bot,1.8,6732,586964,"bytes_src,byte_asymmetry,payload_mean_src,bytes_total,byte_rate,pkt_asymmetry,flow_rate,duration,pkts_total,bytes_dst",0.0,0.0,10.0,cat,306,3060,3366,6732,32000,306,103067,2347547,validation
0.9885983356531525,0.9800315568362634,0.9888298282104614,0.9963131136725268,0.9925573662742369,0.968325078751732,0.996942542787286,0.9983795758112601,7710,290,95,25672,0.03625,0.0036868863274731245,LightGBM,48,ton,3.6,6732,33767,"bytes_src,byte_asymmetry,payload_mean_src,bytes_total,byte_rate,pkt_asymmetry,flow_rate,duration,pkts_total,bytes_dst",0.0,0.0,10.0,cat,306,3060,3366,6732,32000,306,103067,2347547,validation
0.9967170047907538,0.9852020989927963,0.9999965809920252,0.9967199874592767,0.9983555957957184,0.18952466584634076,0.9998742699225674,0.999999981895946,74,2,1925,584963,0.02631578947368421,0.0032800125407232727,LightGBM,48,bot,29.9,6732,586964,"bytes_src,byte_asymmetry,payload_mean_src,bytes_total,byte_rate,pkt_asymmetry,flow_rate,duration,pkts_total,bytes_dst",0.0,0.0,10.0,cat,306,3060,3366,6732,32000,306,103067,2347547,validation
0.9847780377291439,0.9721414381767377,0.9840892535367864,0.9961578763534754,0.9900867888138862,0.9576495031872734,0.9966129642566073,0.9986934666172206,7585,415,99,25668,0.051875,0.0038421236465246244,XGBoost,48,ton,1.3,6732,33767,"bytes_src,byte_asymmetry,payload_mean_src,bytes_total,byte_rate,pkt_asymmetry,flow_rate,duration,pkts_total,bytes_dst",0.0,0.0,10.0,cat,306,3060,3366,6732,32000,306,103067,2347547,validation
0.9987409790038231,0.9862142171482194,0.9999965879215836,0.9987442237701231,0.9993700134948394,0.29786956909885376,0.9998619950977825,0.99999998030267,74,2,737,586151,0.02631578947368421,0.0012557762298769102,XGBoost,48,bot,8.6,6732,586964,"bytes_src,byte_asymmetry,payload_mean_src,bytes_total,byte_rate,pkt_asymmetry,flow_rate,duration,pkts_total,bytes_dst",0.0,0.0,10.0,cat,306,3060,3366,6732,32000,306,103067,2347547,validation
0.9522314685935973,0.9108663358171305,0.9499962739399359,0.9894826716342608,0.9693375154452999,0.8651613744380678,0.9865764713587147,0.9949158699423513,6658,1342,271,25496,0.16775,0.010517328365739124,MLP(16),48,ton,0.5,6732,33767,"bytes_src,byte_asymmetry,payload_mean_src,bytes_total,byte_rate,pkt_asymmetry,flow_rate,duration,pkts_total,bytes_dst",0.0,0.0,10.0,cat,306,3060,3366,6732,32000,306,103067,2347547,validation
0.9958344975160317,0.978182692797478,0.9999948669601625,0.9958390698054824,0.9979126417077238,0.16659653152894466,0.9872574763659738,0.9999968518773927,73,3,2442,584446,0.039473684210526314,0.004160930194517523,MLP(16),48,bot,2.5,6732,586964,"bytes_src,byte_asymmetry,payload_mean_src,bytes_total,byte_rate,pkt_asymmetry,flow_rate,duration,pkts_total,bytes_dst",0.0,0.0,10.0,cat,306,3060,3366,6732,32000,306,103067,2347547,validation
0.938371783101845,0.9458714804789071,0.9868853806939648,0.9316179609578142,0.9584556107883652,0.8447809656347157,0.9833782430046183,0.9924059142135534,7681,319,1762,24005,0.039875,0.06838203904218575,"KAN(cat,1L)",48,ton,0.6,12852,33767,"bytes_src,byte_asymmetry,payload_mean_src,bytes_total,byte_rate,pkt_asymmetry,flow_rate,duration,pkts_total,bytes_dst",0.0,0.0,20.0,cat,306,6120,6426,12852,32000,306,103067,2347547,validation
0.9933181592056753,0.9966586469650087,1.0,0.9933172939300173,0.996647444894833,0.1374134994081008,0.9970291336856885,0.9999996128535115,76,0,3922,582966,0.0,0.006682706069982688,"KAN(cat,1L)",48,bot,4.8,12852,586964,"bytes_src,byte_asymmetry,payload_mean_src,bytes_total,byte_rate,pkt_asymmetry,flow_rate,duration,pkts_total,bytes_dst",0.0,0.0,20.0,cat,306,6120,6426,12852,32000,306,103067,2347547,validation
0.9875322059999407,0.979203702895176,0.9887012185716489,0.995032405790352,0.9918567090272539,0.965360614756237,0.9947517173128421,0.9963816411843301,7707,293,128,25639,0.036625,0.004967594209647999,"KAN(cat,ML)",48,ton,7.4,12852,33767,"bytes_src,byte_asymmetry,payload_mean_src,bytes_total,byte_rate,pkt_asymmetry,flow_rate,duration,pkts_total,bytes_dst",0.0,0.0,20.0,cat,306,6120,6426,12852,32000,306,103067,2347547,validation
0.9967476710667094,0.9983736249505868,1.0,0.9967472499011737,0.9983709755458597,0.19535254057617563,0.9998303720103684,0.9999999762071199,76,0,1909,584979,0.0,0.003252750098826352,"KAN(cat,ML)",48,bot,11.7,12852,586964,"bytes_src,byte_asymmetry,payload_mean_src,bytes_total,byte_rate,pkt_asymmetry,flow_rate,duration,pkts_total,bytes_dst",0.0,0.0,20.0,cat,306,6120,6426,12852,32000,306,103067,2347547,validation
0.9736429057955992,0.9607943226801723,0.9803436956941495,0.9852136453603446,0.9827726375285509,0.9267520110640065,0.9758091235883106,0.9875359157993966,7491,509,381,25386,0.063625,0.014786354639655374,DecisionTree(d=5),48,ton,0.2,12852,33767,"bytes_src,byte_asymmetry,payload_mean_src,bytes_total,byte_rate,pkt_asymmetry,flow_rate,duration,pkts_total,bytes_dst",0.0,0.0,20.0,cat,306,6120,6426,12852,32000,306,103067,2347547,validation
0.994483477691988,0.9906632862434435,0.9999982866502642,0.9944844672237292,0.9972337553607736,0.14906504542554788,0.999393018321796,0.9999998671161516,75,1,3237,583651,0.013157894736842105,0.005515532776270771,DecisionTree(d=5),48,bot,1.8,12852,586964,"bytes_src,byte_asymmetry,payload_mean_src,bytes_total,byte_rate,pkt_asymmetry,flow_rate,duration,pkts_total,bytes_dst",0.0,0.0,20.0,cat,306,6120,6426,12852,32000,306,103067,2347547,validation
0.9886279503657417,0.9784995294368766,0.9874783944689841,0.9977490588737532,0.9925871587969577,0.9684199313888825,0.9965328739278921,0.9984201950336589,7674,326,58,25709,0.04075,0.00225094112624675,LightGBM,48,ton,3.8,12852,33767,"bytes_src,byte_asymmetry,payload_mean_src,bytes_total,byte_rate,pkt_asymmetry,flow_rate,duration,pkts_total,bytes_dst",0.0,0.0,20.0,cat,306,6120,6426,12852,32000,306,103067,2347547,validation
0.9967459673847119,0.9983727729992775,1.0,0.9967455459985551,0.9983701208158612,0.19530318503944308,0.9999347920951832,0.9999999897386358,76,0,1910,584978,0.0,0.0032544540014449092,LightGBM,48,bot,33.0,12852,586964,"bytes_src,byte_asymmetry,payload_mean_src,bytes_total,byte_rate,pkt_asymmetry,flow_rate,duration,pkts_total,bytes_dst",0.0,0.0,20.0,cat,306,6120,6426,12852,32000,306,103067,2347547,validation
0.9847780377291439,0.9703314341017582,0.9825352543279704,0.9977878682035162,0.9901028228135711,0.957694867343296,0.9970902389684482,0.9988332658950797,7543,457,57,25710,0.057125,0.0022121317964838745,XGBoost,48,ton,1.6,12852,33767,"bytes_src,byte_asymmetry,payload_mean_src,bytes_total,byte_rate,pkt_asymmetry,flow_rate,duration,pkts_total,bytes_dst",0.0,0.0,20.0,cat,306,6120,6426,12852,32000,306,103067,2347547,validation
0.9987409790038231,0.9862142171482194,0.9999965879215836,0.9987442237701231,0.9993700134948394,0.29786956909885376,0.9998639456178853,0.9999999805484492,74,2,737,586151,0.02631578947368421,0.0012557762298769102,XGBoost,48,bot,9.3,12852,586964,"bytes_src,byte_asymmetry,payload_mean_src,bytes_total,byte_rate,pkt_asymmetry,flow_rate,duration,pkts_total,bytes_dst",0.0,0.0,20.0,cat,306,6120,6426,12852,32000,306,103067,2347547,validation
0.9250155477241093,0.8449390547987736,0.9126851621612021,0.9971281095975473,0.953039801179569,0.7877507474406806,0.9810678217293437,0.9923321544935573,5542,2458,74,25693,0.30725,0.0028718904024527497,MLP(16),48,ton,0.6,12852,33767,"bytes_src,byte_asymmetry,payload_mean_src,bytes_total,byte_rate,pkt_asymmetry,flow_rate,duration,pkts_total,bytes_dst",0.0,0.0,20.0,cat,306,6120,6426,12852,32000,306,103067,2347547,validation
0.9968771508985219,0.7879393199025153,0.9999453102702185,0.9969312713839779,0.998436016167139,0.11705638167901784,0.9800028419302095,0.9999922143580853,44,32,1801,585087,0.42105263157894735,0.003068728616022137,MLP(16),48,bot,2.6,12852,586964,"bytes_src,byte_asymmetry,payload_mean_src,bytes_total,byte_rate,pkt_asymmetry,flow_rate,duration,pkts_total,bytes_dst",0.0,0.0,20.0,cat,306,6120,6426,12852,32000,306,103067,2347547,validation
0.9362987532206,0.9442976772616136,0.9866468842729971,0.9290953545232273,0.9570066558733585,0.8401743088838306,0.9850490186090737,0.9926637196923305,7676,324,1827,23940,0.0405,0.07090464547677261,"KAN(cat,1L)",48,ton,1.6,31212,33767,"bytes_src,byte_asymmetry,payload_mean_src,bytes_total,byte_rate,flow_rate,pkt_asymmetry,duration,pkts_total,bytes_dst",0.0,0.0,50.0,cat,306,15300,15606,31212,32000,306,103067,2347547,validation
0.9931086063199788,0.9965538569539674,1.0,0.9931077139079347,0.9965419399844921,0.13533298670757324,0.9970506566661334,0.9999996156445479,76,0,4045,582843,0.0,0.006892286092065266,"KAN(cat,1L)",48,bot,6.3,31212,586964,"bytes_src,byte_asymmetry,payload_mean_src,bytes_total,byte_rate,flow_rate,pkt_asymmetry,duration,pkts_total,bytes_dst",0.0,0.0,50.0,cat,306,15300,15606,31212,32000,306,103067,2347547,validation
0.9870879853111025,0.976887152171382,0.9869286071277537,0.996274304342764,0.9915794352813937,0.9641067320168833,0.9958461088795746,0.9982967625086328,7660,340,96,25671,0.0425,0.0037256956572359994,"KAN(cat,ML)",48,ton,31.9,31212,33767,"bytes_src,byte_asymmetry,payload_mean_src,bytes_total,byte_rate,flow_rate,pkt_asymmetry,duration,pkts_total,bytes_dst",0.0,0.0,50.0,cat,306,15300,15606,31212,32000,306,103067,2347547,validation
0.9967578931586946,0.9983787366584425,1.0,0.996757473316885,0.9983761038952174,0.19564945807673914,0.999727846396228,0.9999999638261039,76,0,1903,584985,0.0,0.0032425266831150068,"KAN(cat,ML)",48,bot,36.5,31212,586964,"bytes_src,byte_asymmetry,payload_mean_src,bytes_total,byte_rate,flow_rate,pkt_asymmetry,duration,pkts_total,bytes_dst",0.0,0.0,50.0,cat,306,15300,15606,31212,32000,306,103067,2347547,validation
0.9734059880948855,0.9594755113129196,0.9793377279210517,0.9859510226258392,0.9826332482401176,0.925989386650041,0.974203438506617,0.986290293450803,7464,536,362,25405,0.067,0.014048977374160748,DecisionTree(d=5),48,ton,0.2,31212,33767,"bytes_src,byte_asymmetry,payload_mean_src,bytes_total,byte_rate,flow_rate,pkt_asymmetry,duration,pkts_total,bytes_dst",0.0,0.0,50.0,cat,306,15300,15606,31212,32000,306,103067,2347547,validation
0.996004865715785,0.9914240787626295,0.999998289267721,0.9960060522621011,0.9979981782995698,0.17455967699235075,0.9992814575398229,0.9999998550543073,75,1,2344,584544,0.013157894736842105,0.003993947737898884,DecisionTree(d=5),48,bot,1.8,31212,586964,"bytes_src,byte_asymmetry,payload_mean_src,bytes_total,byte_rate,flow_rate,pkt_asymmetry,duration,pkts_total,bytes_dst",0.0,0.0,50.0,cat,306,15300,15606,31212,32000,306,103067,2347547,validation
0.9871768294488702,0.9737132160321341,0.9841385109310503,0.9993014320642682,0.9916620130557856,0.9644458609809488,0.99637652084061,0.9985080418595839,7585,415,18,25749,0.051875,0.0006985679357317499,LightGBM,48,ton,5.1,31212,33767,"bytes_src,byte_asymmetry,payload_mean_src,bytes_total,byte_rate,flow_rate,pkt_asymmetry,duration,pkts_total,bytes_dst",0.0,0.0,50.0,cat,306,15300,15606,31212,32000,306,103067,2347547,validation
0.9967919667986452,0.9852395848504045,0.9999965812491773,0.9967949591744932,0.9983932034982597,0.1916531556621462,0.9998488683216883,0.9999999786040279,74,2,1881,585007,0.02631578947368421,0.003205040825506741,LightGBM,48,bot,32.8,31212,586964,"bytes_src,byte_asymmetry,payload_mean_src,bytes_total,byte_rate,flow_rate,pkt_asymmetry,duration,pkts_total,bytes_dst",0.0,0.0,50.0,cat,306,15300,15606,31212,32000,306,103067,2347547,validation
0.9803950602659401,0.9596161927077269,0.9757798582420498,0.9991073854154539,0.9873058485139022,0.9455713522837634,0.9957518968059922,0.9981817518068024,7361,639,23,25744,0.079875,0.0008926145845461248,XGBoost,48,ton,2.3,31212,33767,"bytes_src,byte_asymmetry,payload_mean_src,bytes_total,byte_rate,flow_rate,pkt_asymmetry,duration,pkts_total,bytes_dst",0.0,0.0,50.0,cat,306,15300,15606,31212,32000,306,103067,2347547,validation
0.9987937931457466,0.9862406276388072,0.9999965881020294,0.9987970447512984,0.9993964564834895,0.3037395663402153,0.9998770387643225,0.9999999822475326,74,2,706,586182,0.02631578947368421,0.0012029552487016263,XGBoost,48,bot,10.1,31212,586964,"bytes_src,byte_asymmetry,payload_mean_src,bytes_total,byte_rate,flow_rate,pkt_asymmetry,duration,pkts_total,bytes_dst",0.0,0.0,50.0,cat,306,15300,15606,31212,32000,306,103067,2347547,validation
0.9560221518050167,0.9116694148523306,0.9489350687768081,0.995963829704661,0.9718808581545512,0.8766747551733625,0.991691681705282,0.9970646586784296,6619,1381,104,25663,0.172625,0.004036170295338999,MLP(16),48,ton,2.3,31212,33767,"bytes_src,byte_asymmetry,payload_mean_src,bytes_total,byte_rate,flow_rate,pkt_asymmetry,duration,pkts_total,bytes_dst",0.0,0.0,50.0,cat,306,15300,15606,31212,32000,306,103067,2347547,validation
0.9987818673717639,0.9862346639796422,0.9999965880612852,0.9987851174329685,0.9993904856082144,0.3023838346863504,0.9998192518038049,0.9999999747567685,74,2,713,586175,0.02631578947368421,0.001214882567031529,MLP(16),48,bot,4.3,31212,586964,"bytes_src,byte_asymmetry,payload_mean_src,bytes_total,byte_rate,flow_rate,pkt_asymmetry,duration,pkts_total,bytes_dst",0.0,0.0,50.0,cat,306,15300,15606,31212,32000,306,103067,2347547,validation
0.9368022033346166,0.9445844612294796,0.9866161512169007,0.9297939224589591,0.9573626373626374,0.841229036699976,0.9855079389335197,0.993471886904925,7675,325,1809,23958,0.040625,0.07020607754104087,"KAN(cat,1L)",48,ton,2.7,61812,33767,"bytes_src,byte_asymmetry,bytes_total,payload_mean_src,byte_rate,pkt_asymmetry,flow_rate,duration,pkts_total,bytes_dst",0.0,0.0,100.0,cat,306,30600,30906,61812,32000,306,103067,2347547,validation
0.9920744713474762,0.9960367225092351,1.0,0.9920734450184703,0.9960209524396043,0.12628157059606487,0.9971239468985027,0.9999996251380958,76,0,4652,582236,0.0,0.007926554981529695,"KAN(cat,1L)",48,bot,7.4,61812,586964,"bytes_src,byte_asymmetry,bytes_total,payload_mean_src,byte_rate,pkt_asymmetry,flow_rate,duration,pkts_total,bytes_dst",0.0,0.0,100.0,cat,306,30600,30906,61812,32000,306,103067,2347547,validation
0.9884206473776171,0.9792256034850778,0.9882253347698938,0.9967012069701556,0.992445174379287,0.9678289663608688,0.9934518230682656,0.9945067742826954,7694,306,85,25682,0.03825,0.0032987930298443748,"KAN(cat,ML)",48,ton,61.6,61812,33767,"bytes_src,byte_asymmetry,bytes_total,payload_mean_src,byte_rate,pkt_asymmetry,flow_rate,duration,pkts_total,bytes_dst",0.0,0.0,100.0,cat,306,30600,30906,61812,32000,306,103067,2347547,validation
0.996807299936623,0.9984034432464115,1.0,0.9968068864928231,0.9984008901768237,0.19710380367279673,0.9996473594172726,0.9999999533867248,76,0,1874,585014,0.0,0.003193113507176838,"KAN(cat,ML)",48,bot,66.1,61812,586964,"bytes_src,byte_asymmetry,bytes_total,payload_mean_src,byte_rate,pkt_asymmetry,flow_rate,duration,pkts_total,bytes_dst",0.0,0.0,100.0,cat,306,30600,30906,61812,32000,306,103067,2347547,validation
0.9765155329167531,0.961469905790352,0.9793842137592138,0.990064811580704,0.9846955514812313,0.9345070672746095,0.9741728519035977,0.986326607264163,7463,537,256,25511,0.067125,0.009935188419295998,DecisionTree(d=5),48,ton,0.3,61812,33767,"bytes_src,byte_asymmetry,bytes_total,payload_mean_src,byte_rate,pkt_asymmetry,flow_rate,duration,pkts_total,bytes_dst",0.0,0.0,100.0,cat,306,30600,30906,61812,32000,306,103067,2347547,validation
0.9960815314056739,0.9914624165715471,0.9999982893994082,0.9960827278799362,0.998036668208878,0.1762132941835191,0.9993925475065986,0.9999998692447634,75,1,2299,584589,0.013157894736842105,0.003917272120063794,DecisionTree(d=5),48,bot,1.9,61812,586964,"bytes_src,byte_asymmetry,bytes_total,payload_mean_src,byte_rate,pkt_asymmetry,flow_rate,duration,pkts_total,bytes_dst",0.0,0.0,100.0,cat,306,30600,30906,61812,32000,306,103067,2347547,validation
0.98492611129209,0.9687046440214228,0.9810681090964498,0.9995342880428455,0.9902151137084527,0.9582095264247023,0.9972529349555632,0.9989015463270419,7503,497,12,25755,0.062125,0.0004657119571544999,LightGBM,48,ton,6.4,61812,33767,"bytes_src,byte_asymmetry,bytes_total,payload_mean_src,byte_rate,pkt_asymmetry,flow_rate,duration,pkts_total,bytes_dst",0.0,0.0,100.0,cat,306,30600,30906,61812,32000,306,103067,2347547,validation
0.9967987815266354,0.9786648972385299,0.9999948719263608,0.996803478687586,0.9983966249766406,0.18934618794276323,0.9998345308779439,0.9999999767484724,73,3,1876,585012,0.039473684210526314,0.003196521312413953,LightGBM,48,bot,40.3,61812,586964,"bytes_src,byte_asymmetry,bytes_total,payload_mean_src,byte_rate,pkt_asymmetry,flow_rate,duration,pkts_total,bytes_dst",0.0,0.0,100.0,cat,306,30600,30906,61812,32000,306,103067,2347547,validation
0.9746498060236325,0.9468878580160671,0.9681638789701184,0.9996507160321342,0.9836553883754678,0.9296226206346906,0.996842155179105,0.9987119138256538,7153,847,9,25758,0.105875,0.00034928396786587494,XGBoost,48,ton,3.4,61812,33767,"bytes_src,byte_asymmetry,bytes_total,payload_mean_src,byte_rate,pkt_asymmetry,flow_rate,duration,pkts_total,bytes_dst",0.0,0.0,100.0,cat,306,30600,30906,61812,32000,306,103067,2347547,validation
0.9998841496241677,0.973629685642522,0.9999931836926663,0.9998909502324124,0.9999420643494679,0.7081552079701176,0.9998814554592681,0.9999999828205256,72,4,64,586824,0.05263157894736842,0.00010904976758768283,XGBoost,48,bot,11.3,61812,586964,"bytes_src,byte_asymmetry,bytes_total,payload_mean_src,byte_rate,pkt_asymmetry,flow_rate,duration,pkts_total,bytes_dst",0.0,0.0,100.0,cat,306,30600,30906,61812,32000,306,103067,2347547,validation
0.8958450558237332,0.7813079787130827,0.8805760810071155,0.9989909574261653,0.936053382788778,0.7015700768897258,0.9924752711801917,0.9974751547000413,4509,3491,26,25741,0.436375,0.0010090425738347498,MLP(16),48,ton,4.0,61812,33767,"bytes_src,byte_asymmetry,bytes_total,payload_mean_src,byte_rate,pkt_asymmetry,flow_rate,duration,pkts_total,bytes_dst",0.0,0.0,100.0,cat,306,30600,30906,61812,32000,306,103067,2347547,validation
0.9998654091221949,0.9604641233438963,0.9999897754170352,0.9998756151088453,0.9999326920045769,0.671412407342101,0.9998169425673616,0.9999999744578508,70,6,73,586815,0.07894736842105263,0.00012438489115470074,MLP(16),48,bot,6.2,61812,586964,"bytes_src,byte_asymmetry,bytes_total,payload_mean_src,byte_rate,pkt_asymmetry,flow_rate,duration,pkts_total,bytes_dst",0.0,0.0,100.0,cat,306,30600,30906,61812,32000,306,103067,2347547,validation
0.9368022033346166,0.9434208871812784,0.9855364260179973,0.9308417743625568,0.9574085901325243,0.8404922185662783,0.9773494076726046,0.9884483359488293,7648,352,1782,23985,0.044,0.06915822563744324,"KAN(cat,1L)",49,ton,0.3,3672,33767,"bytes_src,byte_asymmetry,payload_mean_src,bytes_total,byte_rate,flow_rate,duration,pkt_asymmetry,pkts_total,pkts_src",0.0,0.0,5.0,cat,306,1530,1836,3672,32000,306,103067,2347547,validation
0.9954784279785472,0.9911608258080624,0.9999982883629218,0.9954795463529669,0.9977338010321708,0.1643318662634926,0.9978244078131289,0.9999997150715292,75,1,2653,584235,0.013157894736842105,0.004520453647033165,"KAN(cat,1L)",49,bot,4.5,3672,586964,"bytes_src,byte_asymmetry,payload_mean_src,bytes_total,byte_rate,flow_rate,duration,pkt_asymmetry,pkts_total,pkts_src",0.0,0.0,5.0,cat,306,1530,1836,3672,32000,306,103067,2347547,validation
0.9861106997956585,0.9804270457367952,0.9905755507291344,0.9912290914735903,0.9909022133421272,0.9615594826331655,0.9958757398028487,0.9983041191688156,7757,243,226,25541,0.030375,0.008770908526409748,"KAN(cat,ML)",49,ton,2.4,3672,33767,"bytes_src,byte_asymmetry,payload_mean_src,bytes_total,byte_rate,flow_rate,duration,pkt_asymmetry,pkts_total,pkts_src",0.0,0.0,5.0,cat,306,1530,1836,3672,32000,306,103067,2347547,validation
0.9968243367565983,0.9786776765081691,0.9999948720578432,0.9968290372268644,0.9984094450294304,0.19008168691924415,0.9983175531025735,0.9999997703557938,73,3,1861,585027,0.039473684210526314,0.0031709627731355897,"KAN(cat,ML)",49,bot,7.0,3672,586964,"bytes_src,byte_asymmetry,payload_mean_src,bytes_total,byte_rate,flow_rate,duration,pkt_asymmetry,pkts_total,pkts_src",0.0,0.0,5.0,cat,306,1530,1836,3672,32000,306,103067,2347547,validation
0.9747386501614002,0.9645720640742035,0.9830166731291198,0.9838941281484069,0.9834552049188277,0.9300676563453627,0.9819545882330112,0.9901945504943066,7562,438,415,25352,0.05475,0.016105871851593123,DecisionTree(d=5),49,ton,0.1,3672,33767,"bytes_src,byte_asymmetry,payload_mean_src,bytes_total,byte_rate,flow_rate,duration,pkt_asymmetry,pkts_total,pkts_src",0.0,0.0,5.0,cat,306,1530,1836,3672,32000,306,103067,2347547,validation
0.9967084863807661,0.9917759346533617,0.9999982904755556,0.9967097640435654,0.9983513192006458,0.19175816817969016,0.9934961252357664,0.999998337412891,75,1,1931,584957,0.013157894736842105,0.003290235956434618,DecisionTree(d=5),49,bot,1.7,3672,586964,"bytes_src,byte_asymmetry,payload_mean_src,bytes_total,byte_rate,flow_rate,duration,pkt_asymmetry,pkts_total,pkts_src",0.0,0.0,5.0,cat,306,1530,1836,3672,32000,306,103067,2347547,validation
0.9859626262327124,0.9791233530290682,0.9895103541706987,0.9921217060581363,0.9908143095228867,0.9610780788445156,0.9957811008266388,0.9980102964997523,7729,271,203,25564,0.033875,0.007878293941863623,LightGBM,49,ton,3.3,3672,33767,"bytes_src,byte_asymmetry,payload_mean_src,bytes_total,byte_rate,flow_rate,duration,pkt_asymmetry,pkts_total,pkts_src",0.0,0.0,5.0,cat,306,1530,1836,3672,32000,306,103067,2347547,validation
0.9968141146646131,0.9918287556345369,0.9999982906567297,0.996815406005916,0.998404311601252,0.194802639239851,0.9998638895684572,0.9999999797974335,75,1,1869,585019,0.013157894736842105,0.00318459399408405,LightGBM,49,bot,27.9,3672,586964,"bytes_src,byte_asymmetry,payload_mean_src,bytes_total,byte_rate,flow_rate,duration,pkt_asymmetry,pkts_total,pkts_src",0.0,0.0,5.0,cat,306,1530,1836,3672,32000,306,103067,2347547,validation
0.9844818906032516,0.9764293063802538,0.9879760293833365,0.9917336127605076,0.9898512550356369,0.9569310179749362,0.9960401118678932,0.9984040934622699,7689,311,213,25554,0.038875,0.008266387239492374,XGBoost,49,ton,1.1,3672,33767,"bytes_src,byte_asymmetry,payload_mean_src,bytes_total,byte_rate,flow_rate,duration,pkt_asymmetry,pkts_total,pkts_src",0.0,0.0,5.0,cat,306,1530,1836,3672,32000,306,103067,2347547,validation
0.9967987815266354,0.9983991834898651,1.0,0.9967983669797303,0.9983966167675146,0.19685075018089812,0.9999136726706217,0.9999999862478324,76,0,1879,585009,0.0,0.0032016330202696256,XGBoost,49,bot,8.6,3672,586964,"bytes_src,byte_asymmetry,payload_mean_src,bytes_total,byte_rate,flow_rate,duration,pkt_asymmetry,pkts_total,pkts_src",0.0,0.0,5.0,cat,306,1530,1836,3672,32000,306,103067,2347547,validation
0.9568513637575148,0.9150570375868359,0.9511878247958426,0.9944890751736718,0.9723566129736089,0.8788220657685673,0.981907539197423,0.9930430950179063,6685,1315,142,25625,0.164375,0.005510924826328249,MLP(16),49,ton,0.3,3672,33767,"bytes_src,byte_asymmetry,payload_mean_src,bytes_total,byte_rate,flow_rate,duration,pkt_asymmetry,pkts_total,pkts_src",0.0,0.0,5.0,cat,306,1530,1836,3672,32000,306,103067,2347547,validation
0.9959435331638737,0.9585029314299366,0.9999897351497556,0.9959532312809258,0.9979674015948342,0.16200102980255948,0.9846031099630593,0.9999960674302709,70,6,2375,584513,0.07894736842105263,0.0040467687190741675,MLP(16),49,bot,2.4,3672,586964,"bytes_src,byte_asymmetry,payload_mean_src,bytes_total,byte_rate,flow_rate,duration,pkt_asymmetry,pkts_total,pkts_src",0.0,0.0,5.0,cat,306,1530,1836,3672,32000,306,103067,2347547,validation
0.9380164065507745,0.9447336224628401,0.9860392543319373,0.9319672449256802,0.9582410566429241,0.8434468131319149,0.9820497511351729,0.9901956191309205,7660,340,1753,24014,0.0425,0.06803275507431987,"KAN(cat,1L)",49,ton,0.4,6732,33767,"bytes_src,byte_asymmetry,payload_mean_src,bytes_total,byte_rate,flow_rate,duration,pkt_asymmetry,pkts_total,bytes_dst",0.0,0.0,10.0,cat,306,3060,3366,6732,32000,306,103067,2347547,validation
0.9931086063199788,0.976819570702632,0.999994852869268,0.9931128256157904,0.9965419577221204,0.1300485551188159,0.9973374055410196,0.9999996518229921,73,3,4042,582846,0.039473684210526314,0.006887174384209594,"KAN(cat,1L)",49,bot,5.3,6732,586964,"bytes_src,byte_asymmetry,payload_mean_src,bytes_total,byte_rate,flow_rate,duration,pkt_asymmetry,pkts_total,bytes_dst",0.0,0.0,10.0,cat,306,3060,3366,6732,32000,306,103067,2347547,validation
0.9852814878431605,0.977211804342764,0.9882148377125193,0.992548608685528,0.9903769822061301,0.9591356628434492,0.9941357720145924,0.9963330069732959,7695,305,192,25575,0.038125,0.007451391314471999,"KAN(cat,ML)",49,ton,6.7,6732,33767,"bytes_src,byte_asymmetry,payload_mean_src,bytes_total,byte_rate,flow_rate,duration,pkt_asymmetry,pkts_total,bytes_dst",0.0,0.0,10.0,cat,306,3060,3366,6732,32000,306,103067,2347547,validation
0.9968515956685589,0.9721132123120058,0.9999931629541507,0.9968580035713799,0.9984231220817519,0.18835062223681118,0.9996905847363328,0.9999999586312694,72,4,1844,585044,0.05263157894736842,0.0031419964286201114,"KAN(cat,ML)",49,bot,14.0,6732,586964,"bytes_src,byte_asymmetry,payload_mean_src,bytes_total,byte_rate,flow_rate,duration,pkt_asymmetry,pkts_total,bytes_dst",0.0,0.0,10.0,cat,306,3060,3366,6732,32000,306,103067,2347547,validation
0.9749459531495247,0.9635874180152908,0.9820495957290417,0.9851748360305818,0.983609733415995,0.9304840572408203,0.9813630564287654,0.9894542660926602,7536,464,382,25385,0.058,0.014825163969418248,DecisionTree(d=5),49,ton,0.2,6732,33767,"bytes_src,byte_asymmetry,payload_mean_src,bytes_total,byte_rate,flow_rate,duration,pkt_asymmetry,pkts_total,bytes_dst",0.0,0.0,10.0,cat,306,3060,3366,6732,32000,306,103067,2347547,validation
0.9967987815266354,0.9918210880727534,0.9999982906304326,0.9968000708823489,0.9983966195038992,0.1943517319442301,0.9935527127385195,0.9999983454515969,75,1,1878,585010,0.013157894736842105,0.003199929117651068,DecisionTree(d=5),49,bot,2.6,6732,586964,"bytes_src,byte_asymmetry,payload_mean_src,bytes_total,byte_rate,flow_rate,duration,pkt_asymmetry,pkts_total,bytes_dst",0.0,0.0,10.0,cat,306,3060,3366,6732,32000,306,103067,2347547,validation
0.9875914354251192,0.9798889422517174,0.9892680667078444,0.9945278845034347,0.991891002690097,0.9655396375892359,0.9957876523266194,0.9979619942436514,7722,278,141,25626,0.03475,0.005472115496565374,LightGBM,49,ton,3.7,6732,33767,"bytes_src,byte_asymmetry,payload_mean_src,bytes_total,byte_rate,flow_rate,duration,pkt_asymmetry,pkts_total,bytes_dst",0.0,0.0,10.0,cat,306,3060,3366,6732,32000,306,103067,2347547,validation
0.9968311514845885,0.9918372751476296,0.9999982906859477,0.9968324450321016,0.9984128582375217,0.1953073300426418,0.9998620511472107,0.9999999795596582,75,1,1859,585029,0.013157894736842105,0.003167554967898475,LightGBM,49,bot,34.2,6732,586964,"bytes_src,byte_asymmetry,payload_mean_src,bytes_total,byte_rate,flow_rate,duration,pkt_asymmetry,pkts_total,bytes_dst",0.0,0.0,10.0,cat,306,3060,3366,6732,32000,306,103067,2347547,validation
0.9853703319809282,0.9762788256296814,0.9873500713486829,0.9935576512593628,0.9904441349427422,0.9593402775931011,0.9966646364536034,0.9986552742264347,7672,328,166,25601,0.041,0.006442348740637249,XGBoost,49,ton,1.3,6732,33767,"bytes_src,byte_asymmetry,payload_mean_src,bytes_total,byte_rate,flow_rate,duration,pkt_asymmetry,pkts_total,bytes_dst",0.0,0.0,10.0,cat,306,3060,3366,6732,32000,306,103067,2347547,validation
0.9968209293926032,0.9852540680226622,0.9999965813485212,0.9968239255190088,0.9984077329906461,0.19249485285843518,0.9998562220066735,0.9999999788047029,74,2,1864,585024,0.02631578947368421,0.0031760744809912625,XGBoost,49,bot,8.9,6732,586964,"bytes_src,byte_asymmetry,payload_mean_src,bytes_total,byte_rate,flow_rate,duration,pkt_asymmetry,pkts_total,bytes_dst",0.0,0.0,10.0,cat,306,3060,3366,6732,32000,306,103067,2347547,validation
0.9482927118192318,0.8959171542088719,0.9402837347410096,0.9954593084177437,0.9670851713607058,0.8545580971076384,0.984569917433151,0.9941843691703447,6371,1629,117,25650,0.203625,0.0045406915822563745,MLP(16),49,ton,1.1,6732,33767,"bytes_src,byte_asymmetry,payload_mean_src,bytes_total,byte_rate,flow_rate,duration,pkt_asymmetry,pkts_total,bytes_dst",0.0,0.0,10.0,cat,306,3060,3366,6732,32000,306,103067,2347547,validation
0.9959503478918639,0.978240625486509,0.9999948675573166,0.9959549351835444,0.9979708128273312,0.16890609224466724,0.9864561713200547,0.9999958764798846,73,3,2374,584514,0.039473684210526314,0.00404506481645561,MLP(16),49,bot,3.3,6732,586964,"bytes_src,byte_asymmetry,payload_mean_src,bytes_total,byte_rate,flow_rate,duration,pkt_asymmetry,pkts_total,bytes_dst",0.0,0.0,10.0,cat,306,3060,3366,6732,32000,306,103067,2347547,validation
0.9377202594248822,0.9441948131330772,0.9857142857142858,0.9318896262661543,0.9580465617331977,0.8425897794795189,0.9816899304342764,0.9895905936833953,7652,348,1755,24012,0.0435,0.06811037373384561,"KAN(cat,1L)",49,ton,0.9,12852,33767,"bytes_src,byte_asymmetry,payload_mean_src,bytes_total,byte_rate,flow_rate,duration,pkt_asymmetry,pkts_total,bytes_dst",0.0,0.0,20.0,cat,306,6120,6426,12852,32000,306,103067,2347547,validation
0.9931375689139368,0.9834121492920016,0.9999965686678196,0.9931400880576873,0.9965565350604231,0.1320858888757238,0.9977344148511434,0.9999997035390877,74,2,4026,582862,0.02631578947368421,0.006859911942312673,"KAN(cat,1L)",49,bot,6.8,12852,586964,"bytes_src,byte_asymmetry,payload_mean_src,bytes_total,byte_rate,flow_rate,duration,pkt_asymmetry,pkts_total,bytes_dst",0.0,0.0,20.0,cat,306,6120,6426,12852,32000,306,103067,2347547,validation
0.9866733793348536,0.9785547769433771,0.9886131161462153,0.9939845538867543,0.9912915586174865,0.9629832608840722,0.9951601248690185,0.997379922024635,7705,295,155,25612,0.036875,0.0060154461132456245,"KAN(cat,ML)",49,ton,8.8,12852,33767,"bytes_src,byte_asymmetry,payload_mean_src,bytes_total,byte_rate,flow_rate,duration,pkt_asymmetry,pkts_total,bytes_dst",0.0,0.0,20.0,cat,306,6120,6426,12852,32000,306,103067,2347547,validation
0.9968260404385959,0.9655223376252549,0.9999914535027818,0.9968341489347201,0.9984103051139025,0.18509636647863872,0.9996450950203715,0.9999999527287249,71,5,1858,585030,0.06578947368421052,0.0031658510652799172,"KAN(cat,ML)",49,bot,13.4,12852,586964,"bytes_src,byte_asymmetry,payload_mean_src,bytes_total,byte_rate,flow_rate,duration,pkt_asymmetry,pkts_total,bytes_dst",0.0,0.0,20.0,cat,306,6120,6426,12852,32000,306,103067,2347547,validation
0.9755678621138982,0.9631761046105485,0.981357109773043,0.9867272092210968,0.9840348330914369,0.9320784675794094,0.9806613352349905,0.988711684632952,7517,483,342,25425,0.060375,0.013272790778903249,DecisionTree(d=5),49,ton,0.2,12852,33767,"bytes_src,byte_asymmetry,payload_mean_src,bytes_total,byte_rate,flow_rate,duration,pkt_asymmetry,pkts_total,bytes_dst",0.0,0.0,20.0,cat,306,6120,6426,12852,32000,306,103067,2347547,validation
0.9967868557526526,0.9918151244135884,0.9999982906099787,0.996788143564019,0.9983906366798305,0.19400317310534027,0.9933997762686183,0.9999983255695625,75,1,1885,585003,0.013157894736842105,0.003211856435980971,DecisionTree(d=5),49,bot,1.7,12852,586964,"bytes_src,byte_asymmetry,payload_mean_src,bytes_total,byte_rate,flow_rate,duration,pkt_asymmetry,pkts_total,bytes_dst",0.0,0.0,20.0,cat,306,6120,6426,12852,32000,306,103067,2347547,validation
0.9890721710545799,0.9796525061124695,0.9882352941176471,0.9975550122249389,0.9928732835042586,0.9696534879602972,0.9966980391586138,0.9985762744416777,7694,306,63,25704,0.03825,0.0024449877750611247,LightGBM,49,ton,4.2,12852,33767,"bytes_src,byte_asymmetry,payload_mean_src,bytes_total,byte_rate,flow_rate,duration,pkt_asymmetry,pkts_total,bytes_dst",0.0,0.0,20.0,cat,306,6120,6426,12852,32000,306,103067,2347547,validation
0.9968464846225663,0.9918449427094131,0.9999982907122431,0.9968477801556686,0.9984205500854575,0.19576490630934118,0.9998509197307619,0.9999999781142721,75,1,1850,585038,0.013157894736842105,0.0031522198443314567,LightGBM,49,bot,36.7,12852,586964,"bytes_src,byte_asymmetry,payload_mean_src,bytes_total,byte_rate,flow_rate,duration,pkt_asymmetry,pkts_total,bytes_dst",0.0,0.0,20.0,cat,306,6120,6426,12852,32000,306,103067,2347547,validation
0.9869102970355673,0.9752192921178251,0.9855811634773939,0.9974385842356502,0.9914744232698094,0.9636270831856961,0.9963105449800131,0.9983883973774971,7624,376,66,25701,0.047,0.0025614157643497498,XGBoost,49,ton,1.5,12852,33767,"bytes_src,byte_asymmetry,payload_mean_src,bytes_total,byte_rate,flow_rate,duration,pkt_asymmetry,pkts_total,bytes_dst",0.0,0.0,20.0,cat,306,6120,6426,12852,32000,306,103067,2347547,validation
0.9988636441076455,0.9862755576424875,0.9999965883406542,0.9988669047586592,0.9994314273220056,0.31206313012687326,0.9998882934895137,0.9999999829573452,74,2,665,586223,0.02631578947368421,0.0011330952413407668,XGBoost,49,bot,9.9,12852,586964,"bytes_src,byte_asymmetry,payload_mean_src,bytes_total,byte_rate,flow_rate,duration,pkt_asymmetry,pkts_total,bytes_dst",0.0,0.0,20.0,cat,306,6120,6426,12852,32000,306,103067,2347547,validation
0.9422809251636213,0.8831434635386347,0.93327512188023,0.9955369270772694,0.9634011229414305,0.8373329296358105,0.985986462820662,0.9947219897211979,6166,1834,115,25652,0.22925,0.004463072922730625,MLP(16),49,ton,1.3,12852,33767,"bytes_src,byte_asymmetry,payload_mean_src,bytes_total,byte_rate,flow_rate,duration,pkt_asymmetry,pkts_total,bytes_dst",0.0,0.0,20.0,cat,306,6120,6426,12852,32000,306,103067,2347547,validation
0.9959486442098664,0.9650835827009763,0.999991445972764,0.9959566390861629,0.9979699643505935,0.16435961957090792,0.9877402413013082,0.9999968377969919,71,5,2373,584515,0.06578947368421052,0.004043360913837052,MLP(16),49,bot,3.5,12852,586964,"bytes_src,byte_asymmetry,payload_mean_src,bytes_total,byte_rate,flow_rate,duration,pkt_asymmetry,pkts_total,bytes_dst",0.0,0.0,20.0,cat,306,6120,6426,12852,32000,306,103067,2347547,validation
0.93478840287855,0.9418858932937477,0.9852959347584332,0.9283967865874956,0.9560004795588058,0.8360154812770474,0.9823697680172313,0.9889543749845303,7643,357,1845,23922,0.044625,0.07160321341250436,"KAN(cat,1L)",49,ton,1.7,31212,33767,"bytes_src,byte_asymmetry,bytes_total,payload_mean_src,byte_rate,flow_rate,duration,pkt_asymmetry,pkts_total,bytes_dst",0.0,0.0,50.0,cat,306,15300,15606,31212,32000,306,103067,2347547,validation
0.9934357132635051,0.9835612407711254,0.9999965696977389,0.9934382710159348,0.9967066321232009,0.13501973656961988,0.9974861607235739,0.9999996713312042,74,2,3851,583037,0.02631578947368421,0.006561728984065103,"KAN(cat,1L)",49,bot,6.0,31212,586964,"bytes_src,byte_asymmetry,bytes_total,payload_mean_src,byte_rate,flow_rate,duration,pkt_asymmetry,pkts_total,bytes_dst",0.0,0.0,50.0,cat,306,15300,15606,31212,32000,306,103067,2347547,validation
0.9862587733586046,0.9766454889005316,0.9871770187531287,0.9949159778010633,0.9910313901345291,0.9617964646591982,0.9950002086001475,0.9969870716917081,7667,333,131,25636,0.041625,0.005084022198936625,"KAN(cat,ML)",49,ton,34.2,31212,33767,"bytes_src,byte_asymmetry,bytes_total,payload_mean_src,byte_rate,flow_rate,duration,pkt_asymmetry,pkts_total,bytes_dst",0.0,0.0,50.0,cat,306,15300,15606,31212,32000,306,103067,2347547,validation
0.9968686324885342,0.9918560180764338,0.999998290750224,0.9968699308897098,0.9984316603239074,0.19643153844852834,0.9998435099963483,0.9999999784579381,75,1,1837,585051,0.013157894736842105,0.003130069110290209,"KAN(cat,ML)",49,bot,38.9,31212,586964,"bytes_src,byte_asymmetry,bytes_total,payload_mean_src,byte_rate,flow_rate,duration,pkt_asymmetry,pkts_total,bytes_dst",0.0,0.0,50.0,cat,306,15300,15606,31212,32000,306,103067,2347547,validation
0.9745609618858649,0.9612665812861412,0.9802560542958507,0.9865331625722824,0.9833845915781737,0.9292261052797044,0.97702996322816,0.9866748516304373,7488,512,347,25420,0.064,0.013466837427717624,DecisionTree(d=5),49,ton,0.2,31212,33767,"bytes_src,byte_asymmetry,bytes_total,payload_mean_src,byte_rate,flow_rate,duration,pkt_asymmetry,pkts_total,bytes_dst",0.0,0.0,50.0,cat,306,15300,15606,31212,32000,306,103067,2347547,validation
0.9968192257106058,0.985253216071353,0.9999965813426777,0.9968222216163902,0.9984068783262922,0.19244503539829183,0.9806341378503851,0.9999950105524166,74,2,1865,585023,0.02631578947368421,0.0031777783836098197,DecisionTree(d=5),49,bot,1.9,31212,586964,"bytes_src,byte_asymmetry,bytes_total,payload_mean_src,byte_rate,flow_rate,duration,pkt_asymmetry,pkts_total,bytes_dst",0.0,0.0,50.0,cat,306,15300,15606,31212,32000,306,103067,2347547,validation
0.9872360588740486,0.9749155994100982,0.985140931372549,0.9983311988201964,0.9916922068659766,0.9645631957522289,0.9965009095936662,0.9985038207827,7612,388,43,25724,0.0485,0.0016688011798036248,LightGBM,49,ton,5.4,31212,33767,"bytes_src,byte_asymmetry,bytes_total,payload_mean_src,byte_rate,flow_rate,duration,pkt_asymmetry,pkts_total,bytes_dst",0.0,0.0,50.0,cat,306,15300,15606,31212,32000,306,103067,2347547,validation
0.9968379662125786,0.985262587535755,0.9999965814069561,0.9968409645451943,0.9984162795539643,0.1929951547586275,0.9998578922796352,0.999999979015641,74,2,1854,585034,0.02631578947368421,0.0031590354548056867,LightGBM,49,bot,39.5,31212,586964,"bytes_src,byte_asymmetry,bytes_total,payload_mean_src,byte_rate,flow_rate,duration,pkt_asymmetry,pkts_total,bytes_dst",0.0,0.0,50.0,cat,306,15300,15606,31212,32000,306,103067,2347547,validation
0.9820238694583469,0.9630967880428455,0.9778545924181418,0.999068576085691,0.9883477626552511,0.9501027955710154,0.9970268706096946,0.9988253610611032,7417,583,24,25743,0.072875,0.0009314239143089998,XGBoost,49,ton,2.3,31212,33767,"bytes_src,byte_asymmetry,bytes_total,payload_mean_src,byte_rate,flow_rate,duration,pkt_asymmetry,pkts_total,bytes_dst",0.0,0.0,50.0,cat,306,15300,15606,31212,32000,306,103067,2347547,validation
0.9998875569881628,0.9736313895451405,0.9999931837158973,0.9998943580376495,0.9999437684350074,0.713421725782427,0.9998604032940205,0.9999999793412829,72,4,62,586826,0.05263157894736842,0.00010564196235056774,XGBoost,49,bot,10.0,31212,586964,"bytes_src,byte_asymmetry,bytes_total,payload_mean_src,byte_rate,flow_rate,duration,pkt_asymmetry,pkts_total,bytes_dst",0.0,0.0,50.0,cat,306,15300,15606,31212,32000,306,103067,2347547,validation
0.887108715609915,0.7637323854154539,0.8722827008512226,0.9982147708309077,0.9310095196727839,0.6741137745307891,0.9875912674156867,0.9954233031237256,4234,3766,46,25721,0.47075,0.0017852291690922497,MLP(16),49,ton,1.3,31212,33767,"bytes_src,byte_asymmetry,bytes_total,payload_mean_src,byte_rate,flow_rate,duration,pkt_asymmetry,pkts_total,bytes_dst",0.0,0.0,50.0,cat,306,15300,15606,31212,32000,306,103067,2347547,validation
0.9998790385781752,0.947314748120147,0.9999863675014868,0.9998926541350309,0.9999395086225773,0.6814511237603091,0.993841782059735,0.9999989971872342,68,8,63,586825,0.10526315789473684,0.00010734586496912528,MLP(16),49,bot,3.4,31212,586964,"bytes_src,byte_asymmetry,bytes_total,payload_mean_src,byte_rate,flow_rate,duration,pkt_asymmetry,pkts_total,bytes_dst",0.0,0.0,50.0,cat,306,15300,15606,31212,32000,306,103067,2347547,validation
0.9356472295436373,0.9422762472348353,0.9851538081921368,0.9296774944696705,0.9566120240400935,0.8377522151423251,0.9837554308805838,0.9906746818613608,7639,361,1812,23955,0.045125,0.0703225055303295,"KAN(cat,1L)",49,ton,3.0,61812,33767,"byte_asymmetry,bytes_src,payload_mean_src,bytes_total,byte_rate,flow_rate,pkt_asymmetry,pkts_total,duration,bytes_dst",0.0,0.0,100.0,cat,306,30600,30906,61812,32000,306,103067,2347547,validation
0.9929961633081416,0.9767633419162196,0.999994852286357,0.9930003680429657,0.9964853364749575,0.1290101086012586,0.9980503766880294,0.9999997444888499,73,3,4108,582780,0.039473684210526314,0.006999631957034392,"KAN(cat,1L)",49,bot,7.7,61812,586964,"byte_asymmetry,bytes_src,payload_mean_src,bytes_total,byte_rate,flow_rate,pkt_asymmetry,pkts_total,duration,bytes_dst",0.0,0.0,100.0,cat,306,30600,30906,61812,32000,306,103067,2347547,validation
0.9861403145082477,0.9758783448791088,0.9865753740816248,0.9953816897582178,0.9909589676222857,0.9614589218608327,0.9960303440447084,0.998262571777132,7651,349,119,25648,0.043625,0.004618310241782124,"KAN(cat,ML)",49,ton,65.7,61812,33767,"byte_asymmetry,bytes_src,payload_mean_src,bytes_total,byte_rate,flow_rate,pkt_asymmetry,pkts_total,duration,bytes_dst",0.0,0.0,100.0,cat,306,30600,30906,61812,32000,306,103067,2347547,validation
0.9968992987644898,0.9787151623657773,0.9999948724434857,0.996904008942081,0.9984470486244434,0.19228937514471145,0.9997876847658193,0.9999999712168972,73,3,1817,585071,0.039473684210526314,0.0030959910579190578,"KAN(cat,ML)",49,bot,70.5,61812,586964,"byte_asymmetry,bytes_src,payload_mean_src,bytes_total,byte_rate,flow_rate,pkt_asymmetry,pkts_total,duration,bytes_dst",0.0,0.0,100.0,cat,306,30600,30906,61812,32000,306,103067,2347547,validation
0.9753901738383629,0.9629303906159041,0.9812413154238073,0.9866107812318081,0.9839187227866473,0.9315840018215451,0.9805012443241354,0.9886391049081542,7514,486,345,25422,0.06075,0.013389218768191873,DecisionTree(d=5),49,ton,0.3,61812,33767,"byte_asymmetry,bytes_src,payload_mean_src,bytes_total,byte_rate,flow_rate,pkt_asymmetry,pkts_total,duration,bytes_dst",0.0,0.0,100.0,cat,306,30600,30906,61812,32000,306,103067,2347547,validation
0.9968004852086328,0.9918219400240627,0.9999982906333545,0.9968017747849675,0.9983974741872174,0.19440167888587168,0.9934107059071254,0.9999983271906802,75,1,1877,585011,0.013157894736842105,0.0031982252150325103,DecisionTree(d=5),49,bot,2.1,61812,586964,"byte_asymmetry,bytes_src,payload_mean_src,bytes_total,byte_rate,flow_rate,pkt_asymmetry,pkts_total,duration,bytes_dst",0.0,0.0,100.0,cat,306,30600,30906,61812,32000,306,103067,2347547,validation
0.9872952882992271,0.9745234553886755,0.9847707966633504,0.9987969107773509,0.9917342633089922,0.964748312310243,0.9968174166569642,0.9987772665263415,7602,398,31,25736,0.04975,0.001203089222649125,LightGBM,49,ton,6.6,61812,33767,"byte_asymmetry,bytes_src,payload_mean_src,bytes_total,byte_rate,flow_rate,pkt_asymmetry,pkts_total,duration,bytes_dst",0.0,0.0,100.0,cat,306,30600,30906,61812,32000,306,103067,2347547,validation
0.9968856693085095,0.9852864421724148,0.9999965815705633,0.9968886738185139,0.9984402091553237,0.19441692794389948,0.9998672189044946,0.9999999802250099,74,2,1826,585062,0.02631578947368421,0.0031113261814860755,LightGBM,49,bot,20.3,61812,586964,"byte_asymmetry,bytes_src,payload_mean_src,bytes_total,byte_rate,flow_rate,pkt_asymmetry,pkts_total,duration,bytes_dst",0.0,0.0,100.0,cat,306,30600,30906,61812,32000,306,103067,2347547,validation
0.9803062161281725,0.9590408346916599,0.9753446447507953,0.9994566693833198,0.98725345498457,0.9453572870683188,0.9960664197423058,0.9982711877963364,7349,651,14,25753,0.081375,0.0005433306166802499,XGBoost,49,ton,1.5,61812,33767,"byte_asymmetry,bytes_src,payload_mean_src,bytes_total,byte_rate,flow_rate,pkt_asymmetry,pkts_total,duration,bytes_dst",0.0,0.0,100.0,cat,306,30600,30906,61812,32000,306,103067,2347547,validation
0.9998960753981505,0.9736356493016869,0.999993183773974,0.9999028775507423,0.9999480286234487,0.7271197323659331,0.9998589684286575,0.9999999791529494,72,4,57,586831,0.05263157894736842,9.712244925778002e-05,XGBoost,49,bot,10.6,61812,586964,"byte_asymmetry,bytes_src,payload_mean_src,bytes_total,byte_rate,flow_rate,pkt_asymmetry,pkts_total,duration,bytes_dst",0.0,0.0,100.0,cat,306,30600,30906,61812,32000,306,103067,2347547,validation
0.8947493114579324,0.7787800020374898,0.8793333105638854,0.9991850040749797,0.9354358173164262,0.6983352922908038,0.9918823325377419,0.99724189655952,4467,3533,21,25746,0.441625,0.0008149959250203749,MLP(16),49,ton,3.7,61812,33767,"byte_asymmetry,bytes_src,payload_mean_src,bytes_total,byte_rate,flow_rate,pkt_asymmetry,pkts_total,duration,bytes_dst",0.0,0.0,100.0,cat,306,30600,30906,61812,32000,306,103067,2347547,validation
0.9998926680341554,0.9473215637306213,0.9999863676873293,0.9999062853559794,0.9999463249182733,0.7032689787878865,0.9996975797049773,0.9999999581812207,68,8,55,586833,0.10526315789473684,9.371464402066493e-05,MLP(16),49,bot,5.8,61812,586964,"byte_asymmetry,bytes_src,payload_mean_src,bytes_total,byte_rate,flow_rate,pkt_asymmetry,pkts_total,duration,bytes_dst",0.0,0.0,100.0,cat,306,30600,30906,61812,32000,306,103067,2347547,validation
0.939200995054343,0.9462855250902317,0.986780523852533,0.9328210501804634,0.9590423940149626,0.8465004077410602,0.9794334832343695,0.9899710929829244,7678,322,1731,24036,0.04025,0.06717894981953662,"KAN(cat,1L)",50,ton,0.3,3672,33767,"bytes_src,payload_mean_src,byte_asymmetry,bytes_total,byte_rate,flow_rate,duration,pkt_asymmetry,pkts_total,pkts_src",0.0,0.0,5.0,cat,306,1530,1836,3672,32000,306,103067,2347547,validation
0.9954494653845892,0.977990151801581,0.9999948649745046,0.9954539878136884,0.9977192597456603,0.15954731958624352,0.9977795906903066,0.9999997057089257,73,3,2668,584220,0.039473684210526314,0.004546012186311528,"KAN(cat,1L)",50,bot,5.0,3672,586964,"bytes_src,payload_mean_src,byte_asymmetry,bytes_total,byte_rate,flow_rate,duration,pkt_asymmetry,pkts_total,pkts_src",0.0,0.0,5.0,cat,306,1530,1836,3672,32000,306,103067,2347547,validation
0.9852518731305713,0.9802952638064191,0.9909461822420828,0.9897155276128381,0.9903304726030057,0.9592709346003049,0.996363815636279,0.9985533527835441,7767,233,265,25502,0.029125,0.010284472387161873,"KAN(cat,ML)",50,ton,2.2,3672,33767,"bytes_src,payload_mean_src,byte_asymmetry,bytes_total,byte_rate,flow_rate,duration,pkt_asymmetry,pkts_total,pkts_src",0.0,0.0,5.0,cat,306,1530,1836,3672,32000,306,103067,2347547,validation
0.9964410083071534,0.9916421782978049,0.9999982900166039,0.9964422513324519,0.9982171036853636,0.18464231127909847,0.9997889626927832,0.999999970913124,75,1,2088,584800,0.013157894736842105,0.003557748667548152,"KAN(cat,ML)",50,bot,7.3,3672,586964,"bytes_src,payload_mean_src,byte_asymmetry,bytes_total,byte_rate,flow_rate,duration,pkt_asymmetry,pkts_total,pkts_src",0.0,0.0,5.0,cat,306,1530,1836,3672,32000,306,103067,2347547,validation
0.9776705067077324,0.9720524241277604,0.9879442862159105,0.9827298482555207,0.9853301684890463,0.9386612828958192,0.9708565146311173,0.9840444038581196,7691,309,445,25322,0.038625,0.01727015174447937,DecisionTree(d=5),50,ton,0.1,3672,33767,"bytes_src,payload_mean_src,byte_asymmetry,bytes_total,byte_rate,flow_rate,duration,pkt_asymmetry,pkts_total,pkts_src",0.0,0.0,5.0,cat,306,1530,1836,3672,32000,306,103067,2347547,validation
0.9963200468853286,0.9784254989206225,0.9999948694620118,0.9963246820517714,0.998156401979478,0.17696896869521045,0.9764272134950522,0.9999938695835985,73,3,2157,584731,0.039473684210526314,0.003675317948228623,DecisionTree(d=5),50,bot,1.8,3672,586964,"bytes_src,payload_mean_src,byte_asymmetry,bytes_total,byte_rate,flow_rate,duration,pkt_asymmetry,pkts_total,pkts_src",0.0,0.0,5.0,cat,306,1530,1836,3672,32000,306,103067,2347547,validation
0.988805638641277,0.9850371623588311,0.9931243444819952,0.9921993247176621,0.9926616191030868,0.9690738935064682,0.9978381311367253,0.9991908260481376,7823,177,201,25566,0.022125,0.007800675282337874,LightGBM,50,ton,3.9,3672,33767,"bytes_src,payload_mean_src,byte_asymmetry,bytes_total,byte_rate,flow_rate,duration,pkt_asymmetry,pkts_total,pkts_src",0.0,0.0,5.0,cat,306,1530,1836,3672,32000,306,103067,2347547,validation
0.996446119353146,0.9916447341517327,0.999998290025376,0.9964473630403076,0.998219668650123,0.18477097723172015,0.9997666886499997,0.9999999662641998,75,1,2085,584803,0.013157894736842105,0.0035526369596924796,LightGBM,50,bot,38.7,3672,586964,"bytes_src,payload_mean_src,byte_asymmetry,bytes_total,byte_rate,flow_rate,duration,pkt_asymmetry,pkts_total,pkts_src",0.0,0.0,5.0,cat,306,1530,1836,3672,32000,306,103067,2347547,validation
0.9865845351970859,0.9808668063802538,0.9906955105838567,0.9917336127605076,0.9912142898702507,0.9628563245160013,0.9976934499553693,0.9991034788747409,7760,240,213,25554,0.03,0.008266387239492374,XGBoost,50,ton,1.1,3672,33767,"bytes_src,payload_mean_src,byte_asymmetry,bytes_total,byte_rate,flow_rate,duration,pkt_asymmetry,pkts_total,pkts_src",0.0,0.0,5.0,cat,306,1530,1836,3672,32000,306,103067,2347547,validation
0.996417156759188,0.9850521555623633,0.9999965799630294,0.9964201005984106,0.9982051367399035,0.18166598480222684,0.9997767327075407,0.9999999675709867,74,2,2101,584787,0.02631578947368421,0.0035798994015894003,XGBoost,50,bot,8.7,3672,586964,"bytes_src,payload_mean_src,byte_asymmetry,bytes_total,byte_rate,flow_rate,duration,pkt_asymmetry,pkts_total,pkts_src",0.0,0.0,5.0,cat,306,1530,1836,3672,32000,306,103067,2347547,validation
0.9648473361566026,0.9379653845034346,0.9657067070860175,0.9890557690068692,0.9772417892133367,0.9013368303888761,0.9905086860131177,0.9967225542422976,7095,905,282,25485,0.113125,0.010944230993130749,MLP(16),50,ton,0.4,3672,33767,"bytes_src,payload_mean_src,byte_asymmetry,bytes_total,byte_rate,flow_rate,duration,pkt_asymmetry,pkts_total,pkts_src",0.0,0.0,5.0,cat,306,1530,1836,3672,32000,306,103067,2347547,validation
0.9958413122440217,0.9584518143513798,0.9999897340959759,0.9958509971238124,0.9979160743998149,0.16003950963449087,0.9945909162978465,0.9999992249467723,70,6,2435,584453,0.07894736842105263,0.0041490028761876204,MLP(16),50,bot,2.5,3672,586964,"bytes_src,payload_mean_src,byte_asymmetry,bytes_total,byte_rate,flow_rate,duration,pkt_asymmetry,pkts_total,pkts_src",0.0,0.0,5.0,cat,306,1530,1836,3672,32000,306,103067,2347547,validation
0.936565285633903,0.9445154145806651,0.9866919368794034,0.9294058291613304,0.9571925336744075,0.8407745466142638,0.9791659365661505,0.9891185719010384,7677,323,1819,23948,0.040375,0.07059417083866962,"KAN(cat,1L)",50,ton,0.5,6732,33767,"bytes_src,payload_mean_src,byte_asymmetry,bytes_total,byte_rate,flow_rate,duration,pkt_asymmetry,pkts_total,pkts_src",0.0,0.0,10.0,cat,306,3060,3366,6732,32000,306,103067,2347547,validation
0.9954477617025916,0.9779892998502717,0.9999948649657151,0.9954522839110699,0.9977184039074041,0.15951807589722736,0.9980032951683062,0.9999997362428208,73,3,2669,584219,0.039473684210526314,0.004547716088930086,"KAN(cat,1L)",50,bot,5.5,6732,586964,"bytes_src,payload_mean_src,byte_asymmetry,bytes_total,byte_rate,flow_rate,duration,pkt_asymmetry,pkts_total,pkts_src",0.0,0.0,10.0,cat,306,3060,3366,6732,32000,306,103067,2347547,validation
0.9857849379571771,0.9805583571040478,0.9908762666459603,0.9904917142080957,0.9906839531092306,0.9607030181219498,0.9967772611285753,0.9988019526304206,7765,235,245,25522,0.029375,0.009508285791904374,"KAN(cat,ML)",50,ton,3.6,6732,33767,"bytes_src,payload_mean_src,byte_asymmetry,bytes_total,byte_rate,flow_rate,duration,pkt_asymmetry,pkts_total,pkts_src",0.0,0.0,10.0,cat,306,3060,3366,6732,32000,306,103067,2347547,validation
0.9967578931586946,0.985222545824219,0.9999965811322948,0.9967608811221221,0.9983761094381065,0.19067685445727942,0.9996626945408396,0.999999954544347,74,2,1901,584987,0.02631578947368421,0.0032391188778778915,"KAN(cat,ML)",50,bot,9.3,6732,586964,"bytes_src,payload_mean_src,byte_asymmetry,bytes_total,byte_rate,flow_rate,duration,pkt_asymmetry,pkts_total,pkts_src",0.0,0.0,10.0,cat,306,3060,3366,6732,32000,306,103067,2347547,validation
0.9807504368170107,0.9734240792486514,0.9874248010867456,0.9873481584973027,0.9873864783047427,0.9467665687536178,0.9783650405557497,0.9872823975223066,7676,324,326,25441,0.0405,0.012651841502697249,DecisionTree(d=5),50,ton,0.1,6732,33767,"bytes_src,payload_mean_src,byte_asymmetry,bytes_total,byte_rate,flow_rate,duration,pkt_asymmetry,pkts_total,pkts_src",0.0,0.0,10.0,cat,306,3060,3366,6732,32000,306,103067,2347547,validation
0.996701671652776,0.978616336013901,0.9999948714266665,0.9967063562383283,0.9983479057828418,0.18662684647143774,0.9864725265432157,0.999996466811484,73,3,1933,584955,0.039473684210526314,0.003293643761671733,DecisionTree(d=5),50,bot,1.8,6732,586964,"bytes_src,payload_mean_src,byte_asymmetry,bytes_total,byte_rate,flow_rate,duration,pkt_asymmetry,pkts_total,pkts_src",0.0,0.0,10.0,cat,306,3060,3366,6732,32000,306,103067,2347547,validation
0.9901086859952024,0.9856323956029029,0.9929067018101477,0.9941397912058059,0.9935228639025715,0.9726094141508018,0.9973146490666356,0.9988451049339993,7817,183,151,25616,0.022875,0.005860208794194124,LightGBM,50,ton,4.2,6732,33767,"bytes_src,payload_mean_src,byte_asymmetry,bytes_total,byte_rate,flow_rate,duration,pkt_asymmetry,pkts_total,pkts_src",0.0,0.0,10.0,cat,306,3060,3366,6732,32000,306,103067,2347547,validation
0.9967630042046872,0.9852251016781468,0.9999965811498277,0.9967659928299778,0.9983786735843261,0.19082235334833092,0.9997498738215271,0.9999999640850055,74,2,1898,584990,0.02631578947368421,0.003234007170022219,LightGBM,50,bot,38.6,6732,586964,"bytes_src,payload_mean_src,byte_asymmetry,bytes_total,byte_rate,flow_rate,duration,pkt_asymmetry,pkts_total,pkts_src",0.0,0.0,10.0,cat,306,3060,3366,6732,32000,306,103067,2347547,validation
0.988391032665028,0.9808438215547017,0.9896569024738529,0.9951876431094036,0.9924145671272108,0.9677610379555884,0.9975427897116467,0.9989321553614554,7732,268,124,25643,0.0335,0.0048123568905965,XGBoost,50,ton,1.3,6732,33767,"bytes_src,payload_mean_src,byte_asymmetry,bytes_total,byte_rate,flow_rate,duration,pkt_asymmetry,pkts_total,pkts_src",0.0,0.0,10.0,cat,306,3060,3366,6732,32000,306,103067,2347547,validation
0.9984990561601733,0.9597808583938547,0.9999897614241177,0.9985090852087621,0.9992488748042258,0.2609717757202868,0.999722712268601,0.9999999605612733,70,6,875,586013,0.07894736842105263,0.0014909147912378511,XGBoost,50,bot,9.3,6732,586964,"bytes_src,payload_mean_src,byte_asymmetry,bytes_total,byte_rate,flow_rate,duration,pkt_asymmetry,pkts_total,pkts_src",0.0,0.0,10.0,cat,306,3060,3366,6732,32000,306,103067,2347547,validation
0.9544525720377883,0.9137007364070322,0.951208611121457,0.9911514728140645,0.9707693477269271,0.8716434591970653,0.9879034836224628,0.9956068066821424,6690,1310,228,25539,0.16375,0.008848527185935498,MLP(16),50,ton,0.7,6732,33767,"bytes_src,payload_mean_src,byte_asymmetry,bytes_total,byte_rate,flow_rate,duration,pkt_asymmetry,pkts_total,pkts_src",0.0,0.0,10.0,cat,306,3060,3366,6732,32000,306,103067,2347547,validation
0.9959145705699157,0.9453322574234553,0.9999863132286068,0.9959276727416475,0.9979528664138625,0.15693258724762035,0.9895132192352311,0.9999984565564739,68,8,2390,584498,0.10526315789473684,0.004072327258352531,MLP(16),50,bot,2.9,6732,586964,"bytes_src,payload_mean_src,byte_asymmetry,bytes_total,byte_rate,flow_rate,duration,pkt_asymmetry,pkts_total,pkts_src",0.0,0.0,10.0,cat,306,3060,3366,6732,32000,306,103067,2347547,validation
0.9344626410400687,0.9429222066984904,0.9864518793886824,0.9268444133969806,0.9557196310302739,0.836134580415517,0.984567365719719,0.9917794152224328,7672,328,1885,23882,0.041,0.07315558660301937,"KAN(cat,1L)",50,ton,0.8,12852,33767,"bytes_src,payload_mean_src,byte_asymmetry,bytes_total,byte_rate,flow_rate,pkt_asymmetry,duration,pkts_total,bytes_dst",0.0,0.0,20.0,cat,306,6120,6426,12852,32000,306,103067,2347547,validation
0.9933590475736161,0.9901009983793195,0.9999982847105964,0.9933598914954812,0.9966680343283072,0.13603920218138502,0.9973889934347735,0.9999996563534665,75,1,3897,582991,0.013157894736842105,0.00664010850451875,"KAN(cat,1L)",50,bot,4.9,12852,586964,"bytes_src,payload_mean_src,byte_asymmetry,bytes_total,byte_rate,flow_rate,pkt_asymmetry,duration,pkts_total,bytes_dst",0.0,0.0,20.0,cat,306,6120,6426,12852,32000,306,103067,2347547,validation
0.98492611129209,0.9787889524391664,0.9897998758920261,0.9904529048783327,0.9901262827103257,0.9582808908932747,0.9969305337253076,0.9989105658394388,7737,263,246,25521,0.032875,0.00954709512166725,"KAN(cat,ML)",50,ton,7.2,12852,33767,"bytes_src,payload_mean_src,byte_asymmetry,bytes_total,byte_rate,flow_rate,pkt_asymmetry,duration,pkts_total,bytes_dst",0.0,0.0,20.0,cat,306,6120,6426,12852,32000,306,103067,2347547,validation
0.9964376009431584,0.9784842835609628,0.999994870067356,0.9964422513324519,0.998215399793973,0.17978353050318022,0.9996930733309467,0.9999999584695722,73,3,2088,584800,0.039473684210526314,0.003557748667548152,"KAN(cat,ML)",50,bot,11.8,12852,586964,"bytes_src,payload_mean_src,byte_asymmetry,bytes_total,byte_rate,flow_rate,pkt_asymmetry,duration,pkts_total,bytes_dst",0.0,0.0,20.0,cat,306,6120,6426,12852,32000,306,103067,2347547,validation
0.9809873545177245,0.9731914585516358,0.9870885192509015,0.9880079171032716,0.9875480041894565,0.947364597194709,0.977513498370008,0.9867865235522604,7667,333,309,25458,0.041625,0.011992082896728373,DecisionTree(d=5),50,ton,0.2,12852,33767,"bytes_src,payload_mean_src,byte_asymmetry,bytes_total,byte_rate,flow_rate,pkt_asymmetry,duration,pkts_total,bytes_dst",0.0,0.0,20.0,cat,306,6120,6426,12852,32000,306,103067,2347547,validation
0.9967135974267587,0.9786222996730659,0.9999948714880378,0.9967182835566581,0.9983538890970113,0.18695453214329924,0.9865359632860999,0.9999964777988254,73,3,1926,584962,0.039473684210526314,0.0032817164433418303,DecisionTree(d=5),50,bot,2.0,12852,586964,"bytes_src,payload_mean_src,byte_asymmetry,bytes_total,byte_rate,flow_rate,pkt_asymmetry,duration,pkts_total,bytes_dst",0.0,0.0,20.0,cat,306,6120,6426,12852,32000,306,103067,2347547,validation
0.9907009802469867,0.9833054827880623,0.990518404316824,0.9973609655761245,0.9939279084158416,0.9741882711366254,0.9974183694260099,0.9990233496618938,7754,246,68,25699,0.03075,0.0026390344238754995,LightGBM,50,ton,4.9,12852,33767,"bytes_src,payload_mean_src,byte_asymmetry,bytes_total,byte_rate,flow_rate,pkt_asymmetry,duration,pkts_total,bytes_dst",0.0,0.0,20.0,cat,306,6120,6426,12852,32000,306,103067,2347547,validation
0.996468267219114,0.971921523267418,0.9999931603237219,0.9964746254822044,0.9982307924052944,0.17814089741812092,0.9996875356474364,0.999999955983391,72,4,2069,584819,0.05263157894736842,0.003525374517795559,LightGBM,50,bot,41.6,12852,586964,"bytes_src,payload_mean_src,byte_asymmetry,bytes_total,byte_rate,flow_rate,pkt_asymmetry,duration,pkts_total,bytes_dst",0.0,0.0,20.0,cat,306,6120,6426,12852,32000,306,103067,2347547,validation
0.9872360588740486,0.9749586947452168,0.9851780926847951,0.9982923894904335,0.9916918865778669,0.9645616722767824,0.9978851219583186,0.999116000742769,7613,387,44,25723,0.048375,0.0017076105095664997,XGBoost,50,ton,1.5,12852,33767,"bytes_src,payload_mean_src,byte_asymmetry,bytes_total,byte_rate,flow_rate,pkt_asymmetry,duration,pkts_total,bytes_dst",0.0,0.0,20.0,cat,306,6120,6426,12852,32000,306,103067,2347547,validation
0.9985177966621462,0.9663683252753685,0.9999914679844649,0.9985261242349477,0.9992582589034509,0.2659783853627004,0.9997529453301948,0.9999999644803074,71,5,865,586023,0.06578947368421052,0.0014738757650522758,XGBoost,50,bot,9.2,12852,586964,"bytes_src,payload_mean_src,byte_asymmetry,bytes_total,byte_rate,flow_rate,pkt_asymmetry,duration,pkts_total,bytes_dst",0.0,0.0,20.0,cat,306,6120,6426,12852,32000,306,103067,2347547,validation
0.9494476856102112,0.898139177533279,0.9414678899082569,0.995653355066558,0.9678027802403003,0.8578961504125638,0.9868878192067373,0.9951651608073385,6405,1595,112,25655,0.199375,0.004346644933441999,MLP(16),50,ton,0.8,12852,33767,"bytes_src,payload_mean_src,byte_asymmetry,bytes_total,byte_rate,flow_rate,pkt_asymmetry,duration,pkts_total,bytes_dst",0.0,0.0,20.0,cat,306,6120,6426,12852,32000,306,103067,2347547,validation
0.9959043484779305,0.879546191544482,0.9999692055019503,0.9959344883521217,0.9979477688388674,0.1341308744754087,0.9706598954772327,0.9999938266838977,58,18,2386,584502,0.23684210526315788,0.0040655116478783004,MLP(16),50,bot,2.8,12852,586964,"bytes_src,payload_mean_src,byte_asymmetry,bytes_total,byte_rate,flow_rate,pkt_asymmetry,duration,pkts_total,bytes_dst",0.0,0.0,20.0,cat,306,6120,6426,12852,32000,306,103067,2347547,validation
0.9363283679331892,0.9439723192455467,0.9863267575470532,0.9294446384910933,0.9570412404092071,0.8400167903026674,0.9853572277525517,0.9921965800143205,7668,332,1818,23949,0.0415,0.07055536150890675,"KAN(cat,1L)",50,ton,1.5,31212,33767,"bytes_src,byte_asymmetry,bytes_total,payload_mean_src,byte_rate,flow_rate,pkt_asymmetry,duration,pkts_total,bytes_dst",0.0,0.0,50.0,cat,306,15300,15606,31212,32000,306,103067,2347547,validation
0.9933420107536408,0.9900924788662268,0.9999982846811737,0.9933428524692957,0.9966594578884833,0.13586708055988153,0.9974239682779966,0.9999996620372191,75,1,3907,582981,0.013157894736842105,0.0066571475307043255,"KAN(cat,1L)",50,bot,6.0,31212,586964,"bytes_src,byte_asymmetry,bytes_total,payload_mean_src,byte_rate,flow_rate,pkt_asymmetry,duration,pkts_total,bytes_dst",0.0,0.0,50.0,cat,306,15300,15606,31212,32000,306,103067,2347547,validation
0.9861699292208369,0.9796901390344239,0.9898923398652312,0.9920052780688478,0.9909476826455252,0.9616694494954235,0.9949844301820158,0.9934050456192143,7739,261,206,25561,0.032625,0.007994721931152249,"KAN(cat,ML)",50,ton,32.0,31212,33767,"bytes_src,byte_asymmetry,bytes_total,payload_mean_src,byte_rate,flow_rate,pkt_asymmetry,duration,pkts_total,bytes_dst",0.0,0.0,50.0,cat,306,15300,15606,31212,32000,306,103067,2347547,validation
0.9968038925726279,0.9852455485095695,0.9999965812900844,0.9968068864928231,0.9983991862814702,0.19199840387364792,0.9997394822575312,0.9999999644936323,74,2,1874,585014,0.02631578947368421,0.003193113507176838,"KAN(cat,ML)",50,bot,36.4,31212,586964,"bytes_src,byte_asymmetry,bytes_total,payload_mean_src,byte_rate,flow_rate,pkt_asymmetry,duration,pkts_total,bytes_dst",0.0,0.0,50.0,cat,306,15300,15606,31212,32000,306,103067,2347547,validation
0.9806912073918322,0.9729543165677029,0.9870457278051429,0.9876586331354058,0.9873520853540252,0.9465621250747166,0.9777717914386619,0.9868059643397679,7666,334,318,25449,0.04175,0.012341366864594248,DecisionTree(d=5),50,ton,0.2,31212,33767,"bytes_src,byte_asymmetry,bytes_total,payload_mean_src,byte_rate,flow_rate,pkt_asymmetry,duration,pkts_total,bytes_dst",0.0,0.0,50.0,cat,306,15300,15606,31212,32000,306,103067,2347547,validation
0.9967476710667094,0.9786393386992516,0.999994871663376,0.9967523616090294,0.9983709838864792,0.1879003262831739,0.9865485968272256,0.9999964810216945,73,3,1906,584982,0.039473684210526314,0.003247638390970679,DecisionTree(d=5),50,bot,1.7,31212,586964,"bytes_src,byte_asymmetry,bytes_total,payload_mean_src,byte_rate,flow_rate,pkt_asymmetry,duration,pkts_total,bytes_dst",0.0,0.0,50.0,cat,306,15300,15606,31212,32000,306,103067,2347547,validation
0.9893683181804721,0.9790708367291496,0.9875652440896531,0.9986416734582994,0.9930725739536499,0.970504218960546,0.9975662693561532,0.9991224585724163,7676,324,35,25732,0.0405,0.0013583265417006249,LightGBM,50,ton,5.3,31212,33767,"bytes_src,byte_asymmetry,bytes_total,payload_mean_src,byte_rate,flow_rate,pkt_asymmetry,duration,pkts_total,bytes_dst",0.0,0.0,50.0,cat,306,15300,15606,31212,32000,306,103067,2347547,validation
0.9968209293926032,0.9720978771884388,0.9999931627437909,0.9968273333242459,0.9984077384253847,0.18746886535754534,0.9997571266175417,0.9999999650240905,72,4,1862,585026,0.05263157894736842,0.0031726666757541473,LightGBM,50,bot,36.7,31212,586964,"bytes_src,byte_asymmetry,bytes_total,payload_mean_src,byte_rate,flow_rate,pkt_asymmetry,duration,pkts_total,bytes_dst",0.0,0.0,50.0,cat,306,15300,15606,31212,32000,306,103067,2347547,validation
0.9753605591257737,0.9489480973726083,0.9694972698173602,0.9991461947452167,0.9840984671839762,0.9315411438524209,0.9973330180075289,0.9987691522309836,7190,810,22,25745,0.10125,0.0008538052547832499,XGBoost,50,ton,2.3,31212,33767,"bytes_src,byte_asymmetry,bytes_total,payload_mean_src,byte_rate,flow_rate,pkt_asymmetry,duration,pkts_total,bytes_dst",0.0,0.0,50.0,cat,306,15300,15606,31212,32000,306,103067,2347547,validation
0.9998534833482121,0.9604581596847314,0.9999897752950679,0.9998636877905154,0.9999267275679857,0.6555543706981519,0.9998038942604669,0.9999999710662361,70,6,80,586808,0.07894736842105263,0.00013631220948460352,XGBoost,50,bot,10.2,31212,586964,"bytes_src,byte_asymmetry,bytes_total,payload_mean_src,byte_rate,flow_rate,pkt_asymmetry,duration,pkts_total,bytes_dst",0.0,0.0,50.0,cat,306,15300,15606,31212,32000,306,103067,2347547,validation
0.9267924304794622,0.8486028641285365,0.9145755472504005,0.997205728257073,0.9541049348334633,0.7929672289490389,0.9867010493072536,0.9950984143070513,5600,2400,72,25695,0.3,0.0027942717429269995,MLP(16),50,ton,1.4,31212,33767,"bytes_src,byte_asymmetry,bytes_total,payload_mean_src,byte_rate,flow_rate,pkt_asymmetry,duration,pkts_total,bytes_dst",0.0,0.0,50.0,cat,306,15300,15606,31212,32000,306,103067,2347547,validation
0.9969061134924799,0.8800471389143378,0.9999692364486557,0.9969363830918335,0.9984505066570193,0.15404402936434627,0.9739684932263594,0.9999952098964711,58,18,1798,585090,0.23684210526315788,0.0030636169081664647,MLP(16),50,bot,3.5,31212,586964,"bytes_src,byte_asymmetry,bytes_total,payload_mean_src,byte_rate,flow_rate,pkt_asymmetry,duration,pkts_total,bytes_dst",0.0,0.0,50.0,cat,306,15300,15606,31212,32000,306,103067,2347547,validation
0.9367725886220274,0.9443495798890054,0.9864152807508645,0.9299491597780106,0.9573503266145947,0.841027983381909,0.9856407299064696,0.9929770435346922,7670,330,1805,23962,0.04125,0.07005084022198936,"KAN(cat,1L)",50,ton,3.2,61812,33767,"bytes_src,byte_asymmetry,payload_mean_src,bytes_total,byte_rate,flow_rate,pkt_asymmetry,pkts_total,duration,bytes_dst",0.0,0.0,100.0,cat,306,30600,30906,61812,32000,306,103067,2347547,validation
0.9917882527718906,0.9893154992721644,0.9999982819935747,0.9917888932811711,0.99587666964938,0.12245704870419306,0.9977268145486738,0.9999997016130042,75,1,4819,582069,0.013157894736842105,0.008211106718828805,"KAN(cat,1L)",50,bot,8.0,61812,586964,"bytes_src,byte_asymmetry,payload_mean_src,bytes_total,byte_rate,flow_rate,pkt_asymmetry,pkts_total,duration,bytes_dst",0.0,0.0,100.0,cat,306,30600,30906,61812,32000,306,103067,2347547,validation
0.9883614179524388,0.9815139422517174,0.990261998608857,0.9945278845034347,0.9923903572465873,0.9676971282822472,0.9963685212675126,0.9987072162453252,7748,252,141,25626,0.0315,0.005472115496565374,"KAN(cat,ML)",50,ton,69.4,61812,33767,"bytes_src,byte_asymmetry,payload_mean_src,bytes_total,byte_rate,flow_rate,pkt_asymmetry,pkts_total,duration,bytes_dst",0.0,0.0,100.0,cat,306,30600,30906,61812,32000,306,103067,2347547,validation
0.9968004852086328,0.9786657491898392,0.9999948719351266,0.9968051825902046,0.9983974796570367,0.18939495708041634,0.999657605252755,0.9999999537992699,73,3,1875,585013,0.039473684210526314,0.0031948174097953955,"KAN(cat,ML)",50,bot,73.9,61812,586964,"bytes_src,byte_asymmetry,payload_mean_src,bytes_total,byte_rate,flow_rate,pkt_asymmetry,pkts_total,duration,bytes_dst",0.0,0.0,100.0,cat,306,30600,30906,61812,32000,306,103067,2347547,validation
0.9814611899191519,0.9735019331897388,0.9870965241988607,0.9886288663794777,0.987862101058673,0.9486442519507415,0.9786570977412969,0.9871733549811552,7667,333,293,25474,0.041625,0.011371133620522373,DecisionTree(d=5),50,ton,0.3,61812,33767,"bytes_src,byte_asymmetry,payload_mean_src,bytes_total,byte_rate,flow_rate,pkt_asymmetry,pkts_total,duration,bytes_dst",0.0,0.0,100.0,cat,306,30600,30906,61812,32000,306,103067,2347547,validation
0.9967170047907538,0.9786240035756845,0.9999948715055721,0.9967216913618953,0.9983555986022161,0.18704847254237722,0.986528149995803,0.9999964771878469,73,3,1924,584964,0.039473684210526314,0.003278308638104715,DecisionTree(d=5),50,bot,1.9,61812,586964,"bytes_src,byte_asymmetry,payload_mean_src,bytes_total,byte_rate,flow_rate,pkt_asymmetry,pkts_total,duration,bytes_dst",0.0,0.0,100.0,cat,306,30600,30906,61812,32000,306,103067,2347547,validation
0.9891017857671691,0.9780342880428454,0.9868133553110745,0.999068576085691,0.9929031511551665,0.9697801426995369,0.9973301364147942,0.9989157009065757,7656,344,24,25743,0.043,0.0009314239143089998,LightGBM,50,ton,6.7,61812,33767,"bytes_src,byte_asymmetry,payload_mean_src,bytes_total,byte_rate,flow_rate,pkt_asymmetry,pkts_total,duration,bytes_dst",0.0,0.0,100.0,cat,306,30600,30906,61812,32000,306,103067,2347547,validation
0.9968311514845885,0.9721029888962944,0.9999931628139123,0.9968375567399572,0.9984128663633478,0.18776141360235712,0.9997642112652715,0.9999999659435491,72,4,1856,585032,0.05263157894736842,0.003162443260042802,LightGBM,50,bot,37.1,61812,586964,"bytes_src,byte_asymmetry,payload_mean_src,bytes_total,byte_rate,flow_rate,pkt_asymmetry,pkts_total,duration,bytes_dst",0.0,0.0,100.0,cat,306,30600,30906,61812,32000,306,103067,2347547,validation
0.9805727485414754,0.9593016673458299,0.9754250444924079,0.9997283346916599,0.9874271695798835,0.9461262016704421,0.9973419126207941,0.9987943366374218,7351,649,7,25760,0.081125,0.00027166530834012495,XGBoost,50,ton,3.4,61812,33767,"bytes_src,byte_asymmetry,payload_mean_src,bytes_total,byte_rate,flow_rate,pkt_asymmetry,pkts_total,duration,bytes_dst",0.0,0.0,100.0,cat,306,30600,30906,61812,32000,306,103067,2347547,validation
0.9998909643521579,0.9604769026135356,0.9999897756783838,0.9999011736481237,0.9999454727005668,0.7096740069254728,0.9997822703910509,0.9999999682886139,70,6,58,586830,0.07894736842105263,9.882635187633756e-05,XGBoost,50,bot,11.3,61812,586964,"bytes_src,byte_asymmetry,payload_mean_src,bytes_total,byte_rate,flow_rate,pkt_asymmetry,pkts_total,duration,bytes_dst",0.0,0.0,100.0,cat,306,30600,30906,61812,32000,306,103067,2347547,validation
0.8875529362987532,0.7632477393565413,0.8718938316744532,0.9994954787130826,0.9313443630774795,0.6763354984547632,0.9912797837350099,0.9971271710210844,4216,3784,13,25754,0.473,0.0005045212869173749,MLP(16),50,ton,2.7,61812,33767,"bytes_src,byte_asymmetry,payload_mean_src,bytes_total,byte_rate,flow_rate,pkt_asymmetry,pkts_total,duration,bytes_dst",0.0,0.0,100.0,cat,306,30600,30906,61812,32000,306,103067,2347547,validation
0.9998756312141801,0.8420635175437401,0.99995910459511,0.9999165087716907,0.999937806229771,0.5934609021603219,0.997671303194943,0.9999996763162705,52,24,49,586839,0.3157894736842105,8.349122830931967e-05,MLP(16),50,bot,4.9,61812,586964,"bytes_src,byte_asymmetry,payload_mean_src,bytes_total,byte_rate,flow_rate,pkt_asymmetry,pkts_total,duration,bytes_dst",0.0,0.0,100.0,cat,306,30600,30906,61812,32000,306,103067,2347547,validation
0.9348476323037285,0.9433899440175417,0.9866600586461818,0.9271548880350836,0.9559823929571829,0.8370971004070978,0.9755900667520473,0.9889651242701105,7677,323,1877,23890,0.040375,0.07284511196491636,"KAN(cat,1L)",51,ton,0.3,3672,33767,"bytes_src,payload_mean_src,byte_asymmetry,bytes_total,byte_rate,flow_rate,duration,pkt_asymmetry,pkts_total,pkts_src",0.0,0.0,5.0,cat,306,1530,1836,3672,32000,306,103067,2347547,validation
0.9955908709903845,0.9714827683431394,0.9999931542953374,0.9955971156336473,0.9977902929996345,0.1598620139433403,0.9972624114060317,0.9999996360602861,72,4,2584,584304,0.05263157894736842,0.004402884366352694,"KAN(cat,1L)",51,bot,5.2,3672,586964,"bytes_src,payload_mean_src,byte_asymmetry,bytes_total,byte_rate,flow_rate,duration,pkt_asymmetry,pkts_total,pkts_src",0.0,0.0,5.0,cat,306,1530,1836,3672,32000,306,103067,2347547,validation
0.98492611129209,0.9771082343695425,0.988322635527028,0.9919664687390849,0.9901411997133394,0.9581683894971531,0.9944852136453605,0.997586326290356,7698,302,207,25560,0.03775,0.008033531260915125,"KAN(cat,ML)",51,ton,2.2,3672,33767,"bytes_src,payload_mean_src,byte_asymmetry,bytes_total,byte_rate,flow_rate,duration,pkt_asymmetry,pkts_total,pkts_src",0.0,0.0,5.0,cat,306,1530,1836,3672,32000,306,103067,2347547,validation
0.996752782112702,0.9852199899702911,0.9999965811147618,0.9967557694142665,0.9983735452787587,0.1905316863131014,0.9995448113833609,0.9999999366203446,74,2,1904,584984,0.02631578947368421,0.003244230585733564,"KAN(cat,ML)",51,bot,7.4,3672,586964,"bytes_src,payload_mean_src,byte_asymmetry,bytes_total,byte_rate,flow_rate,duration,pkt_asymmetry,pkts_total,pkts_src",0.0,0.0,5.0,cat,306,1530,1836,3672,32000,306,103067,2347547,validation
0.9621820120235733,0.9606109243412115,0.9865305149396059,0.9635968486824232,0.9749288308628644,0.8990685886920387,0.97443778864439,0.9853130008463762,7661,339,938,24829,0.042375,0.036403151317576744,DecisionTree(d=5),51,ton,0.1,3672,33767,"bytes_src,payload_mean_src,byte_asymmetry,bytes_total,byte_rate,flow_rate,duration,pkt_asymmetry,pkts_total,pkts_src",0.0,0.0,5.0,cat,306,1530,1836,3672,32000,306,103067,2347547,validation
0.9931273468219516,0.9899851330012577,0.9999982843103614,0.9931281607393574,0.9965513821827682,0.13375236083218947,0.9919495757820556,0.9999980268403674,75,1,4033,582855,0.013157894736842105,0.0068718392606425755,DecisionTree(d=5),51,bot,1.7,3672,586964,"bytes_src,payload_mean_src,byte_asymmetry,bytes_total,byte_rate,flow_rate,duration,pkt_asymmetry,pkts_total,pkts_src",0.0,0.0,5.0,cat,306,1530,1836,3672,32000,306,103067,2347547,validation
0.9845707347410193,0.9749791836457484,0.9866604981108797,0.9932083672914969,0.9899236050672082,0.9571061462049689,0.9935017609733379,0.9970186589364226,7654,346,175,25592,0.04325,0.006791632708503124,LightGBM,51,ton,3.5,3672,33767,"bytes_src,payload_mean_src,byte_asymmetry,bytes_total,byte_rate,flow_rate,duration,pkt_asymmetry,pkts_total,pkts_src",0.0,0.0,5.0,cat,306,1530,1836,3672,32000,306,103067,2347547,validation
0.9967357452927267,0.9852114704571984,0.9999965810563168,0.9967387303880808,0.9983649979861144,0.1900501651962552,0.9997304358798128,0.9999999563044657,74,2,1914,584974,0.02631578947368421,0.0032612696119191397,LightGBM,51,bot,29.5,3672,586964,"bytes_src,payload_mean_src,byte_asymmetry,bytes_total,byte_rate,flow_rate,duration,pkt_asymmetry,pkts_total,pkts_src",0.0,0.0,5.0,cat,306,1530,1836,3672,32000,306,103067,2347547,validation
0.98341576095004,0.9727571603213412,0.9853660415142296,0.9930143206426825,0.9891753972242626,0.9538648447663305,0.9950405800054334,0.9982066211633351,7620,380,180,25587,0.0475,0.006985679357317499,XGBoost,51,ton,1.3,3672,33767,"bytes_src,payload_mean_src,byte_asymmetry,bytes_total,byte_rate,flow_rate,duration,pkt_asymmetry,pkts_total,pkts_src",0.0,0.0,5.0,cat,306,1530,1836,3672,32000,306,103067,2347547,validation
0.9967170047907538,0.9852020989927963,0.9999965809920252,0.9967199874592767,0.9983555957957184,0.18952466584634076,0.9997053369458461,0.9999999530383945,74,2,1925,584963,0.02631578947368421,0.0032800125407232727,XGBoost,51,bot,8.4,3672,586964,"bytes_src,payload_mean_src,byte_asymmetry,bytes_total,byte_rate,flow_rate,duration,pkt_asymmetry,pkts_total,pkts_src",0.0,0.0,5.0,cat,306,1530,1836,3672,32000,306,103067,2347547,validation
0.9627446915627684,0.9276238235921915,0.9583691789788666,0.9943726471843831,0.9760390080377891,0.8955488593656981,0.9872735378585012,0.995300283913001,6887,1113,145,25622,0.139125,0.005627352815616874,MLP(16),51,ton,0.4,3672,33767,"bytes_src,payload_mean_src,byte_asymmetry,bytes_total,byte_rate,flow_rate,duration,pkt_asymmetry,pkts_total,pkts_src",0.0,0.0,5.0,cat,306,1530,1836,3672,32000,306,103067,2347547,validation
0.9960321246277455,0.9453910420637955,0.9999863148441175,0.9960452420223279,0.9980118876993981,0.15919436487612063,0.9822074901406814,0.9999965406078168,68,8,2321,584567,0.10526315789473684,0.00395475797767206,MLP(16),51,bot,2.3,3672,586964,"bytes_src,payload_mean_src,byte_asymmetry,bytes_total,byte_rate,flow_rate,duration,pkt_asymmetry,pkts_total,pkts_src",0.0,0.0,5.0,cat,306,1530,1836,3672,32000,306,103067,2347547,validation
0.9337815026505167,0.9427344714169286,0.9866804550155119,0.9257189428338573,0.9552280645548836,0.834857646107878,0.9760428940117204,0.9886198781351424,7678,322,1914,23853,0.04025,0.07428105716614274,"KAN(cat,1L)",51,ton,0.4,6732,33767,"bytes_src,payload_mean_src,byte_asymmetry,bytes_total,byte_rate,flow_rate,duration,pkt_asymmetry,pkts_total,pkts_src",0.0,0.0,10.0,cat,306,3060,3366,6732,32000,306,103067,2347547,validation
0.9955874636263894,0.9714810644405208,0.9999931542719055,0.9955937078284102,0.997788581567187,0.1598015548801539,0.9972095007457712,0.9999996292578428,72,4,2586,584302,0.05263157894736842,0.004406292171589809,"KAN(cat,1L)",51,bot,5.7,6732,586964,"bytes_src,payload_mean_src,byte_asymmetry,bytes_total,byte_rate,flow_rate,duration,pkt_asymmetry,pkts_total,pkts_src",0.0,0.0,10.0,cat,306,3060,3366,6732,32000,306,103067,2347547,validation
0.9844226611780733,0.9740633489540885,0.9859458626930038,0.9937516979081771,0.9898333913177935,0.956671963854083,0.9926812201653277,0.9962808449672431,7635,365,161,25606,0.045625,0.006248302091822874,"KAN(cat,ML)",51,ton,3.6,6732,33767,"bytes_src,payload_mean_src,byte_asymmetry,bytes_total,byte_rate,flow_rate,duration,pkt_asymmetry,pkts_total,pkts_src",0.0,0.0,10.0,cat,306,3060,3366,6732,32000,306,103067,2347547,validation
0.9968038925726279,0.9720893576753459,0.9999931626269187,0.9968102942980602,0.9983991917454271,0.18698429438830788,0.9993652962745873,0.999999913315506,72,4,1872,585016,0.05263157894736842,0.0031897057019397226,"KAN(cat,ML)",51,bot,8.7,6732,586964,"bytes_src,payload_mean_src,byte_asymmetry,bytes_total,byte_rate,flow_rate,duration,pkt_asymmetry,pkts_total,pkts_src",0.0,0.0,10.0,cat,306,3060,3366,6732,32000,306,103067,2347547,validation
0.9591613113394735,0.9587178391935421,0.9865533476977096,0.9595606783870843,0.9728698184107498,0.8917852752212188,0.9747101234136686,0.9853596707621124,7663,337,1042,24725,0.042125,0.040439321612915746,DecisionTree(d=5),51,ton,0.1,6732,33767,"bytes_src,payload_mean_src,byte_asymmetry,bytes_total,byte_rate,flow_rate,duration,pkt_asymmetry,pkts_total,pkts_src",0.0,0.0,10.0,cat,306,3060,3366,6732,32000,306,103067,2347547,validation
0.9936929692451326,0.9902679808359383,0.9999982852870772,0.9936938564087185,0.9968361029539962,0.13954929759892412,0.9926284800865798,0.9999981167983256,75,1,3701,583187,0.013157894736842105,0.006306143591281471,DecisionTree(d=5),51,bot,1.7,6732,586964,"bytes_src,payload_mean_src,byte_asymmetry,bytes_total,byte_rate,flow_rate,duration,pkt_asymmetry,pkts_total,pkts_src",0.0,0.0,10.0,cat,306,3060,3366,6732,32000,306,103067,2347547,validation
0.9854591761186958,0.9731910801606707,0.9846230539151776,0.9965071603213412,0.9905294628218729,0.9595583662778499,0.9918834895408857,0.9957548469775315,7599,401,90,25677,0.050125,0.0034928396786587496,LightGBM,51,ton,3.9,6732,33767,"bytes_src,payload_mean_src,byte_asymmetry,bytes_total,byte_rate,flow_rate,duration,pkt_asymmetry,pkts_total,pkts_src",0.0,0.0,10.0,cat,306,3060,3366,6732,32000,306,103067,2347547,validation
0.9967578931586946,0.985222545824219,0.9999965811322948,0.9967608811221221,0.9983761094381065,0.19067685445727942,0.9997565661232594,0.9999999596783369,74,2,1901,584987,0.02631578947368421,0.0032391188778778915,LightGBM,51,bot,39.4,6732,586964,"bytes_src,payload_mean_src,byte_asymmetry,bytes_total,byte_rate,flow_rate,duration,pkt_asymmetry,pkts_total,pkts_src",0.0,0.0,10.0,cat,306,3060,3366,6732,32000,306,103067,2347547,validation
0.9853111025557497,0.9726631034850779,0.984248649062967,0.9967012069701556,0.9904357886617817,0.9591481987172781,0.9941474948577639,0.9975523862920501,7589,411,85,25682,0.051375,0.0032987930298443748,XGBoost,51,ton,1.4,6732,33767,"bytes_src,payload_mean_src,byte_asymmetry,bytes_total,byte_rate,flow_rate,duration,pkt_asymmetry,pkts_total,pkts_src",0.0,0.0,10.0,cat,306,3060,3366,6732,32000,306,103067,2347547,validation
0.9988346815136874,0.9599486928017826,0.9999897648648279,0.998844754024618,0.9994169314911551,0.2933892268964011,0.9997421502103154,0.9999999578121285,70,6,678,586210,0.07894736842105263,0.001155245975382015,XGBoost,51,bot,9.8,6732,586964,"bytes_src,payload_mean_src,byte_asymmetry,bytes_total,byte_rate,flow_rate,duration,pkt_asymmetry,pkts_total,pkts_src",0.0,0.0,10.0,cat,306,3060,3366,6732,32000,306,103067,2347547,validation
0.9625966179998223,0.92765608627314,0.9584643017512349,0.9940621725462802,0.9759387323541179,0.8951009113589877,0.9911458988240773,0.9970552138129728,6890,1110,153,25614,0.13875,0.005937827453719874,MLP(16),51,ton,1.0,6732,33767,"bytes_src,payload_mean_src,byte_asymmetry,bytes_total,byte_rate,flow_rate,duration,pkt_asymmetry,pkts_total,pkts_src",0.0,0.0,10.0,cat,306,3060,3366,6732,32000,306,103067,2347547,validation
0.9960219025357603,0.9585421211901635,0.9999897359575068,0.9960316108013795,0.9980067488836514,0.16355435542309243,0.9981639104098764,0.9999997496766776,70,6,2329,584559,0.07894736842105263,0.00396838919862052,MLP(16),51,bot,3.2,6732,586964,"bytes_src,payload_mean_src,byte_asymmetry,bytes_total,byte_rate,flow_rate,duration,pkt_asymmetry,pkts_total,pkts_src",0.0,0.0,10.0,cat,306,3060,3366,6732,32000,306,103067,2347547,validation
0.9323599964462345,0.9413289988163154,0.9862106091349538,0.9242829976326309,0.9542431284558057,0.8315290396017124,0.9801408875693718,0.9904558563234624,7667,333,1951,23816,0.041625,0.07571700236736911,"KAN(cat,1L)",51,ton,0.8,12852,33767,"bytes_src,payload_mean_src,bytes_total,byte_asymmetry,byte_rate,flow_rate,duration,pkt_asymmetry,pkts_total,payload_mean_dst",0.0,0.0,20.0,cat,306,6120,6426,12852,32000,306,103067,2347547,validation
0.9955874636263894,0.9714810644405208,0.9999931542719055,0.9955937078284102,0.997788581567187,0.1598015548801539,0.9971360984145456,0.9999996197352312,72,4,2586,584302,0.05263157894736842,0.004406292171589809,"KAN(cat,1L)",51,bot,5.7,12852,586964,"bytes_src,payload_mean_src,bytes_total,byte_asymmetry,byte_rate,flow_rate,duration,pkt_asymmetry,pkts_total,payload_mean_dst",0.0,0.0,20.0,cat,306,6120,6426,12852,32000,306,103067,2347547,validation
0.9848076524417331,0.9735398935654132,0.9852805534204458,0.9949547871308263,0.9900940390445478,0.9577299437463016,0.9909347979004153,0.994841165717767,7617,383,130,25637,0.047875,0.00504521286917375,"KAN(cat,ML)",51,ton,7.3,12852,33767,"bytes_src,payload_mean_src,bytes_total,byte_asymmetry,byte_rate,flow_rate,duration,pkt_asymmetry,pkts_total,payload_mean_dst",0.0,0.0,20.0,cat,306,6120,6426,12852,32000,306,103067,2347547,validation
0.9967885594346502,0.9918159763648977,0.9999982906129008,0.9967898474666376,0.9983914913733591,0.19405285295013572,0.9996941270601977,0.9999999559759706,75,1,1884,585004,0.013157894736842105,0.0032101525333624132,"KAN(cat,ML)",51,bot,11.9,12852,586964,"bytes_src,payload_mean_src,bytes_total,byte_asymmetry,byte_rate,flow_rate,duration,pkt_asymmetry,pkts_total,payload_mean_dst",0.0,0.0,20.0,cat,306,6120,6426,12852,32000,306,103067,2347547,validation
0.9766339917671099,0.9616337151201149,0.979460995085995,0.9901424302402297,0.9847727492038985,0.9348387919969112,0.9765972828618,0.9862671126518902,7465,535,254,25513,0.066875,0.009857569759770249,DecisionTree(d=5),51,ton,0.2,12852,33767,"bytes_src,payload_mean_src,bytes_total,byte_asymmetry,byte_rate,flow_rate,duration,pkt_asymmetry,pkts_total,payload_mean_dst",0.0,0.0,20.0,cat,306,6120,6426,12852,32000,306,103067,2347547,validation
0.9938820779468588,0.9837844520141563,0.99999657123852,0.9938846935019969,0.9969312649495081,0.13979817231651928,0.9805330583114934,0.9999949735252776,74,2,3589,583299,0.02631578947368421,0.006115306498003026,DecisionTree(d=5),51,bot,1.8,12852,586964,"bytes_src,payload_mean_src,bytes_total,byte_asymmetry,byte_rate,flow_rate,duration,pkt_asymmetry,pkts_total,payload_mean_dst",0.0,0.0,20.0,cat,306,6120,6426,12852,32000,306,103067,2347547,validation
0.9855480202564634,0.9716978620910467,0.9832906358735135,0.9980207241820934,0.9906009244992295,0.9598505821312143,0.9909040196763301,0.992998263647165,7563,437,51,25716,0.054625,0.0019792758179066248,LightGBM,51,ton,4.2,12852,33767,"bytes_src,payload_mean_src,bytes_total,byte_asymmetry,byte_rate,flow_rate,duration,pkt_asymmetry,pkts_total,payload_mean_dst",0.0,0.0,20.0,cat,306,6120,6426,12852,32000,306,103067,2347547,validation
0.996807299936623,0.9918253478292998,0.9999982906450422,0.9968085903954417,0.9984008929059035,0.1946018506668795,0.9997538757507036,0.9999999593344537,75,1,1873,585015,0.013157894736842105,0.0031914096045582803,LightGBM,51,bot,38.9,12852,586964,"bytes_src,payload_mean_src,bytes_total,byte_asymmetry,byte_rate,flow_rate,duration,pkt_asymmetry,pkts_total,payload_mean_dst",0.0,0.0,20.0,cat,306,6120,6426,12852,32000,306,103067,2347547,validation
0.9849853407172683,0.970079408739861,0.9822083078802688,0.9984088174797221,0.9902423064339191,0.9583022241810949,0.9925714649551753,0.996205191470527,7534,466,41,25726,0.05825,0.0015911825202778748,XGBoost,51,ton,1.6,12852,33767,"bytes_src,payload_mean_src,bytes_total,byte_asymmetry,byte_rate,flow_rate,duration,pkt_asymmetry,pkts_total,payload_mean_dst",0.0,0.0,20.0,cat,306,6120,6426,12852,32000,306,103067,2347547,validation
0.9988738661996306,0.959968287681896,0.9999897652663845,0.9988839437848448,0.9994365486430711,0.29801350161213486,0.9997450199410414,0.9999999581774666,70,6,655,586233,0.07894736842105263,0.0011160562151551914,XGBoost,51,bot,10.1,12852,586964,"bytes_src,payload_mean_src,bytes_total,byte_asymmetry,byte_rate,flow_rate,duration,pkt_asymmetry,pkts_total,payload_mean_dst",0.0,0.0,20.0,cat,306,6120,6426,12852,32000,306,103067,2347547,validation
0.9570882814582284,0.9154708469165987,0.9514033264033264,0.9945666938331975,0.9725063089387701,0.8795059437857821,0.9910547357084644,0.9970798737228601,6691,1309,140,25627,0.163625,0.0054333061668024995,MLP(16),51,ton,1.8,12852,33767,"bytes_src,payload_mean_src,bytes_total,byte_asymmetry,byte_rate,flow_rate,duration,pkt_asymmetry,pkts_total,payload_mean_dst",0.0,0.0,20.0,cat,306,6120,6426,12852,32000,306,103067,2347547,validation
0.9960219025357603,0.9453859303559399,0.9999863147036535,0.9960350186066166,0.9980067556897095,0.15899382261900527,0.989942176719453,0.9999983511234996,68,8,2327,584561,0.10526315789473684,0.003964981393383405,MLP(16),51,bot,5.2,12852,586964,"bytes_src,payload_mean_src,bytes_total,byte_asymmetry,byte_rate,flow_rate,duration,pkt_asymmetry,pkts_total,payload_mean_dst",0.0,0.0,20.0,cat,306,6120,6426,12852,32000,306,103067,2347547,validation
0.9312346373678444,0.940677812221058,0.9862695482639897,0.9227306244421158,0.9534426755423667,0.8292165385443077,0.9822426262273452,0.991385530277357,7669,331,1991,23776,0.041375,0.07726937555788412,"KAN(cat,1L)",51,ton,2.9,31212,33767,"bytes_src,byte_asymmetry,bytes_total,payload_mean_src,byte_rate,flow_rate,duration,pkt_asymmetry,pkts_total,bytes_dst",0.0,0.0,50.0,cat,306,15300,15606,31212,32000,306,103067,2347547,validation
0.9935021568614089,0.9967506577064107,1.0,0.9935013154128215,0.9967400650619422,0.13932088312931315,0.9974532036597675,0.9999996608620905,76,0,3814,583074,0.0,0.006498684587178474,"KAN(cat,1L)",51,bot,8.7,31212,586964,"bytes_src,byte_asymmetry,bytes_total,payload_mean_src,byte_rate,flow_rate,duration,pkt_asymmetry,pkts_total,bytes_dst",0.0,0.0,50.0,cat,306,15300,15606,31212,32000,306,103067,2347547,validation
0.9861995439334261,0.9751414381767377,0.9859035913193778,0.9961578763534754,0.9910042083317246,0.9616235976253602,0.9926310736601078,0.995750613223115,7633,367,99,25668,0.045875,0.0038421236465246244,"KAN(cat,ML)",51,ton,30.1,31212,33767,"bytes_src,byte_asymmetry,bytes_total,payload_mean_src,byte_rate,flow_rate,duration,pkt_asymmetry,pkts_total,bytes_dst",0.0,0.0,50.0,cat,306,15300,15606,31212,32000,306,103067,2347547,validation
0.9968090036186206,0.991826199780609,0.9999982906479641,0.9968102942980602,0.9984017475819286,0.1946519898621652,0.9996691738547442,0.9999999527373136,75,1,1872,585016,0.013157894736842105,0.0031897057019397226,"KAN(cat,ML)",51,bot,34.7,31212,586964,"bytes_src,byte_asymmetry,bytes_total,payload_mean_src,byte_rate,flow_rate,duration,pkt_asymmetry,pkts_total,bytes_dst",0.0,0.0,50.0,cat,306,15300,15606,31212,32000,306,103067,2347547,validation
0.9585394023750999,0.9549489050917841,0.9835297852918998,0.9617728101835681,0.9725296287575543,0.8890060430381026,0.969727633698141,0.98218528144867,7585,415,985,24782,0.051875,0.03822718981643187,DecisionTree(d=5),51,ton,0.2,31212,33767,"bytes_src,byte_asymmetry,bytes_total,payload_mean_src,byte_rate,flow_rate,duration,pkt_asymmetry,pkts_total,bytes_dst",0.0,0.0,50.0,cat,306,15300,15606,31212,32000,306,103067,2347547,validation
0.9967323379287316,0.9917878619716916,0.9999982905164692,0.9967336186802251,0.9983632857167238,0.1924332016972729,0.9926497676594261,0.9999981292953074,75,1,1917,584971,0.013157894736842105,0.003266381319774812,DecisionTree(d=5),51,bot,2.0,31212,586964,"bytes_src,byte_asymmetry,bytes_total,payload_mean_src,byte_rate,flow_rate,duration,pkt_asymmetry,pkts_total,bytes_dst",0.0,0.0,50.0,cat,306,15300,15606,31212,32000,306,103067,2347547,validation
0.9843930464654841,0.9683122647184383,0.9810184479341363,0.9988745294368766,0.9898659692710036,0.9566813654717177,0.9906597804362167,0.9929294536916494,7502,498,29,25738,0.06225,0.001125470563123375,LightGBM,51,ton,5.1,31212,33767,"bytes_src,byte_asymmetry,bytes_total,payload_mean_src,byte_rate,flow_rate,duration,pkt_asymmetry,pkts_total,bytes_dst",0.0,0.0,50.0,cat,306,15300,15606,31212,32000,306,103067,2347547,validation
0.9968124109826156,0.9852498082661159,0.999996581319303,0.996815406005916,0.9984034596542906,0.19224614985029836,0.9996836121874594,0.9999999501766469,74,2,1869,585019,0.02631578947368421,0.00318459399408405,LightGBM,51,bot,37.4,31212,586964,"bytes_src,byte_asymmetry,bytes_total,payload_mean_src,byte_rate,flow_rate,duration,pkt_asymmetry,pkts_total,bytes_dst",0.0,0.0,50.0,cat,306,15300,15606,31212,32000,306,103067,2347547,validation
0.9810169692303137,0.9607994067023713,0.9764487257281553,0.9992238134047425,0.9877049966433298,0.9473134870446689,0.9929243751697909,0.9967781111978596,7379,621,20,25747,0.077625,0.0007761865952574999,XGBoost,51,ton,2.3,31212,33767,"bytes_src,byte_asymmetry,bytes_total,payload_mean_src,byte_rate,flow_rate,duration,pkt_asymmetry,pkts_total,bytes_dst",0.0,0.0,50.0,cat,306,15300,15606,31212,32000,306,103067,2347547,validation
0.9988891993376084,0.9599759552436795,0.9999897654235068,0.9988992789084118,0.9994442247105195,0.2998833394361019,0.9997585502730191,0.9999999599354629,70,6,646,586242,0.07894736842105263,0.0011007210915881735,XGBoost,51,bot,10.0,31212,586964,"bytes_src,byte_asymmetry,bytes_total,payload_mean_src,byte_rate,flow_rate,duration,pkt_asymmetry,pkts_total,bytes_dst",0.0,0.0,50.0,cat,306,15300,15606,31212,32000,306,103067,2347547,validation
0.9439393490686173,0.8852213174797221,0.9341358743089904,0.9968176349594442,0.9644593808084412,0.8423916825820359,0.9921283521558584,0.9973716715316993,6189,1811,82,25685,0.226375,0.0031823650405557497,MLP(16),51,ton,2.9,31212,33767,"bytes_src,byte_asymmetry,bytes_total,payload_mean_src,byte_rate,flow_rate,duration,pkt_asymmetry,pkts_total,bytes_dst",0.0,0.0,50.0,cat,306,15300,15606,31212,32000,306,103067,2347547,validation
0.9998790385781752,0.9275804618688117,0.9999812555061951,0.9998977658428866,0.9999395089318044,0.6668340504090406,0.9994971021100412,0.9999999259457895,65,11,60,586828,0.14473684210526316,0.00010223415711345266,MLP(16),51,bot,5.0,31212,586964,"bytes_src,byte_asymmetry,bytes_total,payload_mean_src,byte_rate,flow_rate,duration,pkt_asymmetry,pkts_total,bytes_dst",0.0,0.0,50.0,cat,306,15300,15606,31212,32000,306,103067,2347547,validation
0.9323599964462345,0.9415444754919082,0.9864120303243713,0.9240889509838165,0.9542339598445077,0.8316750922944882,0.9828715265649863,0.9916970607783429,7672,328,1956,23811,0.041,0.0759110490161835,"KAN(cat,1L)",51,ton,3.4,61812,33767,"bytes_src,byte_asymmetry,bytes_total,payload_mean_src,byte_rate,flow_rate,pkt_asymmetry,duration,pkts_total,bytes_dst",0.0,0.0,100.0,cat,306,30600,30906,61812,32000,306,103067,2347547,validation
0.9955755378524066,0.9714751007813559,0.9999931541898925,0.9955817805100803,0.9977825915075902,0.15959048348890167,0.9970853176325584,0.9999996131543429,72,4,2593,584295,0.05263157894736842,0.004418219489919712,"KAN(cat,1L)",51,bot,8.4,61812,586964,"bytes_src,byte_asymmetry,bytes_total,payload_mean_src,byte_rate,flow_rate,pkt_asymmetry,duration,pkts_total,bytes_dst",0.0,0.0,100.0,cat,306,30600,30906,61812,32000,306,103067,2347547,validation
0.9868806823229781,0.9768806055225676,0.98703746442034,0.9958862110451353,0.991442094079011,0.9635273521916755,0.9928077143245236,0.9932219972062549,7663,337,106,25661,0.042125,0.004113788954864749,"KAN(cat,ML)",51,ton,64.1,61812,33767,"bytes_src,byte_asymmetry,bytes_total,payload_mean_src,byte_rate,flow_rate,pkt_asymmetry,duration,pkts_total,bytes_dst",0.0,0.0,100.0,cat,306,30600,30906,61812,32000,306,103067,2347547,validation
0.996807299936623,0.985247252412188,0.9999965813017719,0.9968102942980602,0.9984008956349741,0.19209738781395014,0.9996383690889823,0.9999999487262095,74,2,1872,585016,0.02631578947368421,0.0031897057019397226,"KAN(cat,ML)",51,bot,68.6,61812,586964,"bytes_src,byte_asymmetry,bytes_total,payload_mean_src,byte_rate,flow_rate,pkt_asymmetry,duration,pkts_total,bytes_dst",0.0,0.0,100.0,cat,306,30600,30906,61812,32000,306,103067,2347547,validation
0.9757159356768442,0.9596962151201149,0.9782967138310518,0.9901424302402297,0.9841839293291671,0.9322356166675964,0.9731342584507316,0.9843446960161322,7434,566,254,25513,0.07075,0.009857569759770249,DecisionTree(d=5),51,ton,0.3,61812,33767,"bytes_src,byte_asymmetry,bytes_total,payload_mean_src,byte_rate,flow_rate,pkt_asymmetry,duration,pkts_total,bytes_dst",0.0,0.0,100.0,cat,306,30600,30906,61812,32000,306,103067,2347547,validation
0.9967323379287316,0.9852097665545798,0.9999965810446276,0.9967353225828437,0.9983632885100805,0.18995429625675778,0.9806101038555549,0.999994999411071,74,2,1916,584972,0.02631578947368421,0.0032646774171562545,DecisionTree(d=5),51,bot,1.9,61812,586964,"bytes_src,byte_asymmetry,bytes_total,payload_mean_src,byte_rate,flow_rate,pkt_asymmetry,duration,pkts_total,bytes_dst",0.0,0.0,100.0,cat,306,30600,30906,61812,32000,306,103067,2347547,validation
0.9836822933633429,0.966553692707727,0.9799025578562729,0.9991073854154539,0.9894117873133611,0.9547203126827557,0.9913269564753366,0.9959081829270947,7472,528,23,25744,0.066,0.0008926145845461248,LightGBM,51,ton,1.7,61812,33767,"bytes_src,byte_asymmetry,bytes_total,payload_mean_src,byte_rate,flow_rate,pkt_asymmetry,duration,pkts_total,bytes_dst",0.0,0.0,100.0,cat,306,30600,30906,61812,32000,306,103067,2347547,validation
0.9968413735765737,0.9852642914383736,0.9999965814186429,0.9968443723504314,0.9984179888491252,0.19309568188512916,0.9996220699152497,0.9999999421461816,74,2,1852,585036,0.02631578947368421,0.003155627649568572,LightGBM,51,bot,8.7,61812,586964,"bytes_src,byte_asymmetry,bytes_total,payload_mean_src,byte_rate,flow_rate,pkt_asymmetry,duration,pkts_total,bytes_dst",0.0,0.0,100.0,cat,306,30600,30906,61812,32000,306,103067,2347547,validation
0.9751532561376491,0.9478641673458299,0.9687123947051745,0.9997283346916599,0.9839760117649305,0.9310366581409658,0.9920879661970737,0.99610709247604,7168,832,7,25760,0.104,0.00027166530834012495,XGBoost,51,ton,1.1,61812,33767,"bytes_src,byte_asymmetry,bytes_total,payload_mean_src,byte_rate,flow_rate,pkt_asymmetry,duration,pkts_total,bytes_dst",0.0,0.0,100.0,cat,306,30600,30906,61812,32000,306,103067,2347547,validation
0.9998858533061653,0.9407400605082723,0.9999846635959778,0.9999011736481237,0.9999429168793084,0.6873571314313939,0.9997560168388625,0.9999999595849205,67,9,58,586830,0.11842105263157894,9.882635187633756e-05,XGBoost,51,bot,3.9,61812,586964,"bytes_src,byte_asymmetry,bytes_total,payload_mean_src,byte_rate,flow_rate,pkt_asymmetry,duration,pkts_total,bytes_dst",0.0,0.0,100.0,cat,306,30600,30906,61812,32000,306,103067,2347547,validation
0.9435247430923683,0.8836998874529437,0.9331880900508351,0.9973997749058874,0.9642260866302736,0.8413509489091474,0.992064040245275,0.9973083860114937,6160,1840,67,25700,0.23,0.0026002250941126247,MLP(16),51,ton,4.3,61812,33767,"bytes_src,byte_asymmetry,bytes_total,payload_mean_src,byte_rate,flow_rate,pkt_asymmetry,duration,pkts_total,bytes_dst",0.0,0.0,100.0,cat,306,30600,30906,61812,32000,306,103067,2347547,validation
0.9998790385781752,0.9275804618688117,0.9999812555061951,0.9998977658428866,0.9999395089318044,0.6668340504090406,0.998665821829898,0.9999998138584949,65,11,60,586828,0.14473684210526316,0.00010223415711345266,MLP(16),51,bot,6.2,61812,586964,"bytes_src,byte_asymmetry,bytes_total,payload_mean_src,byte_rate,flow_rate,pkt_asymmetry,duration,pkts_total,bytes_dst",0.0,0.0,100.0,cat,306,30600,30906,61812,32000,306,103067,2347547,validation
